v -0.14749998 -0.06109649 0.05699997
v -0.14749998 -0.06109649 0.05699997
v -0.14749998 -0.06109649 0.05699997
v -0.14749998 -0.06109649 0.06199997
v -0.14749998 -0.06109649 0.06199997
v -0.14749998 -0.06109649 0.06199997
v -0.14749998 -0.05972499 0.05699997
v -0.14749998 -0.05972499 0.05699997
v -0.14749998 -0.05829996 0.06199997
v -0.14749998 -0.05829996 0.06199997
v -0.14749998 -0.05501116 0.06199997
v -0.14749998 -0.05501116 0.06199997
v -0.14749998 -0.0509612 0.06199997
v -0.14749998 -0.0509612 0.06199997
v -0.14749998 -0.04973364 0.06199997
v -0.14749998 -0.04973364 0.06199997
v -0.14749998 -0.04772503 0.05699997
v -0.14749998 -0.04772503 0.05699997
v -0.14749998 -0.04382247 0.05699997
v -0.14749998 -0.04382247 0.05699997
v -0.14749998 -0.04382247 0.06199997
v -0.14749998 -0.04382247 0.06199997
v -0.14749998 -0.04250002 0.05699997
v -0.14749998 -0.04250002 0.05699997
v -0.14749998 -0.04250002 0.06199997
v -0.14749998 -0.04250002 0.06199997
v -0.14749998 -0.03499997 0.05699997
v -0.14749998 -0.03499997 0.05699997
v -0.14749998 -0.03499997 0.06199997
v -0.14749998 -0.03499997 0.06199997
v -0.14749998 -0.031025 0.05699997
v -0.14749998 -0.031025 0.05699997
v -0.14749998 -0.031025 0.06199997
v -0.14749998 -0.031025 0.06199997
v -0.14749998 -0.02781988 0.05699997
v -0.14749998 -0.02781988 0.05699997
v -0.14749998 -0.02781988 0.06199997
v -0.14749998 -0.02781988 0.06199997
v -0.14749998 -0.0232358 0.05699997
v -0.14749998 -0.0232358 0.05699997
v -0.14749998 -0.0232358 0.06199997
v -0.14749998 -0.0232358 0.06199997
v -0.14749998 0.01759487 0.05699997
v -0.14749998 0.01759487 0.05699997
v -0.14749998 0.01759487 0.06199997
v -0.14749998 0.01759487 0.06199997
v -0.14749998 0.02781987 0.05699997
v -0.14749998 0.02781987 0.05699997
v -0.14749998 0.02781987 0.06199997
v -0.14749998 0.02781987 0.06199997
v -0.14749998 0.03500002 0.05699997
v -0.14749998 0.03500002 0.05699997
v -0.14749998 0.03500002 0.06199997
v -0.14749998 0.03500002 0.06199997
v -0.14749998 0.04250001 0.05699997
v -0.14749998 0.04250001 0.05699997
v -0.14749998 0.04250001 0.06199997
v -0.14749998 0.04250001 0.06199997
v -0.14749998 0.04601377 0.05699997
v -0.14749998 0.04601377 0.05699997
v -0.14749998 0.04601377 0.06199997
v -0.14749998 0.04601377 0.06199997
v -0.14749998 0.04772502 0.05699997
v -0.14749998 0.04772502 0.05699997
v -0.14749998 0.04914999 0.06199997
v -0.14749998 0.04914999 0.06199997
v -0.14749998 0.06109648 0.05699997
v -0.14749998 0.06109648 0.05699997
v -0.14749998 0.06109648 0.05699997
v -0.14749998 0.06109648 0.06199997
v -0.14749998 0.06109648 0.06199997
v -0.14749998 0.06109648 0.06199997
v -0.14662153 0.06197494 0.05699997
v -0.14662153 0.06197494 0.05699997
v -0.14662153 0.06197494 0.06199997
v -0.14662153 0.06197494 0.06199997
v -0.14459998 -0.05400002 0.05699997
v -0.14459998 0.05400002 0.05699997
v -0.14440924 -0.05544937 0.05699997
v -0.14440924 -0.05255062 0.05699997
v -0.14440924 0.05255061 0.05699997
v -0.14440924 0.05544936 0.05699997
v -0.14434999 -0.06424648 0.05699997
v -0.14434999 -0.06424648 0.05699997
v -0.14434999 -0.05972499 0.05699997
v -0.14434999 -0.04772503 0.05699997
v -0.14434999 -0.04382247 0.05699997
v -0.14434999 -0.04250002 0.05699997
v -0.14434999 -0.03499997 0.05699997
v -0.14434999 -0.031025 0.05699997
v -0.14434999 -0.02781988 0.05699997
v -0.14434999 -0.0232358 0.05699997
v -0.14434999 0.01759487 0.05699997
v -0.14434999 0.02781987 0.05699997
v -0.14434999 0.03500002 0.05699997
v -0.14434999 0.04250001 0.05699997
v -0.14434999 0.04601377 0.05699997
v -0.14434999 0.04772502 0.05699997
v -0.14434999 0.06197494 0.05699997
v -0.14434999 0.06424647 0.05699997
v -0.14434999 0.06424647 0.05699997
v -0.14416403 -0.06443251 0.05699997
v -0.14416403 -0.06443251 0.05699997
v -0.14416403 -0.06443251 0.06199997
v -0.14416403 -0.06443251 0.06199997
v -0.14410001 -0.01 0.05699997
v -0.14410001 -0.01 0.05699997
v -0.14410001 -0.01 0.06199997
v -0.14410001 -0.01 0.06199997
v -0.14410001 0.00999999 0.05699997
v -0.14410001 0.00999999 0.05699997
v -0.14410001 0.00999999 0.06199997
v -0.14410001 0.00999999 0.06199997
v -0.14404553 -0.01041413 0.05699997
v -0.14404553 -0.01041413 0.05699997
v -0.14404553 -0.01041413 0.06199997
v -0.14404553 -0.01041413 0.06199997
v -0.14404553 -0.00958586 0.05699997
v -0.14404553 -0.00958586 0.05699997
v -0.14404553 -0.00958586 0.06199997
v -0.14404553 -0.00958586 0.06199997
v -0.14404553 0.00958591 0.05699997
v -0.14404553 0.00958591 0.05699997
v -0.14404553 0.00958591 0.06199997
v -0.14404553 0.00958591 0.06199997
v -0.14404553 0.01041412 0.05699997
v -0.14404553 0.01041412 0.05699997
v -0.14404553 0.01041412 0.06199997
v -0.14404553 0.01041412 0.06199997
v -0.14388567 -0.01080001 0.05699997
v -0.14388567 -0.01080001 0.05699997
v -0.14388567 -0.01080001 0.06199997
v -0.14388567 -0.01080001 0.06199997
v -0.14388567 -0.00919998 0.05699997
v -0.14388567 -0.00919998 0.05699997
v -0.14388567 -0.00919998 0.06199997
v -0.14388567 -0.00919998 0.06199997
v -0.14388567 0.00919997 0.05699997
v -0.14388567 0.00919997 0.05699997
v -0.14388567 0.00919997 0.06199997
v -0.14388567 0.00919997 0.06199997
v -0.14388567 0.0108 0.05699997
v -0.14388567 0.0108 0.05699997
v -0.14388567 0.0108 0.06199997
v -0.14388567 0.0108 0.06199997
v -0.14384979 -0.05680001 0.05699997
v -0.14384979 -0.05119998 0.05699997
v -0.14384979 0.05120003 0.05699997
v -0.14384979 0.0568 0.05699997
v -0.1436314 -0.01113135 0.05699997
v -0.1436314 -0.01113135 0.05699997
v -0.1436314 -0.01113135 0.06199997
v -0.1436314 -0.01113135 0.06199997
v -0.1436314 -0.00886864 0.05699997
v -0.1436314 -0.00886864 0.05699997
v -0.1436314 -0.00886864 0.06199997
v -0.1436314 -0.00886864 0.06199997
v -0.1436314 0.00886863 0.05699997
v -0.1436314 0.00886863 0.05699997
v -0.1436314 0.00886863 0.06199997
v -0.1436314 0.00886863 0.06199997
v -0.1436314 0.01113134 0.05699997
v -0.1436314 0.01113134 0.05699997
v -0.1436314 0.01113134 0.06199997
v -0.1436314 0.01113134 0.06199997
v -0.14346069 -0.06513578 0.06199997
v -0.14346069 -0.06513578 0.06199997
v -0.14346069 -0.06443251 0.06199997
v -0.14346069 -0.05829996 0.06199997
v -0.14346069 -0.05501116 0.06199997
v -0.14346069 -0.0509612 0.06199997
v -0.14346069 -0.04973364 0.06199997
v -0.14346069 -0.04382247 0.06199997
v -0.14346069 -0.04250002 0.06199997
v -0.14346069 -0.03499997 0.06199997
v -0.14346069 -0.031025 0.06199997
v -0.14346069 -0.02781988 0.06199997
v -0.14346069 -0.0232358 0.06199997
v -0.14346069 0.01759487 0.06199997
v -0.14346069 0.02781987 0.06199997
v -0.14346069 0.03500002 0.06199997
v -0.14346069 0.04250001 0.06199997
v -0.14346069 0.04601377 0.06199997
v -0.14346069 0.04914999 0.06199997
v -0.14346069 0.06197494 0.06199997
v -0.14346069 0.06513577 0.06199997
v -0.14346069 0.06513577 0.06199997
v -0.1433 -0.01138562 0.05699997
v -0.1433 -0.01138562 0.05699997
v -0.1433 -0.01138562 0.06199997
v -0.1433 -0.01138562 0.06199997
v -0.1433 -0.00861437 0.05699997
v -0.1433 -0.00861437 0.05699997
v -0.1433 -0.00861437 0.06199997
v -0.1433 -0.00861437 0.06199997
v -0.1433 0.00861436 0.05699997
v -0.1433 0.00861436 0.05699997
v -0.1433 0.00861436 0.06199997
v -0.1433 0.00861436 0.06199997
v -0.1433 0.01138561 0.05699997
v -0.1433 0.01138561 0.05699997
v -0.1433 0.01138561 0.06199997
v -0.1433 0.01138561 0.06199997
v -0.14295978 -0.0579598 0.05699997
v -0.14295978 -0.05004019 0.05699997
v -0.14295978 0.05004018 0.05699997
v -0.14295978 0.05795979 0.05699997
v -0.14291412 -0.01154548 0.05699997
v -0.14291412 -0.01154548 0.05699997
v -0.14291412 -0.01154548 0.06199997
v -0.14291412 -0.01154548 0.06199997
v -0.14291412 -0.00845451 0.05699997
v -0.14291412 -0.00845451 0.05699997
v -0.14291412 -0.00845451 0.06199997
v -0.14291412 -0.00845451 0.06199997
v -0.14291412 0.0084545 0.05699997
v -0.14291412 0.0084545 0.05699997
v -0.14291412 0.0084545 0.06199997
v -0.14291412 0.0084545 0.06199997
v -0.14291412 0.01154547 0.05699997
v -0.14291412 0.01154547 0.05699997
v -0.14291412 0.01154547 0.06199997
v -0.14291412 0.01154547 0.06199997
v -0.14282149 -0.04674495 0.05699997
v -0.14282149 -0.04674495 0.05699997
v -0.14282149 -0.04674495 0.06199997
v -0.14282149 -0.04674495 0.06199997
v -0.14275164 -0.04727549 0.05699997
v -0.14275164 -0.04727549 0.05699997
v -0.14275164 -0.04727549 0.06199997
v -0.14275164 -0.04727549 0.06199997
v -0.14275164 -0.04621435 0.05699997
v -0.14275164 -0.04621435 0.05699997
v -0.14275164 -0.04621435 0.06199997
v -0.14275164 -0.04621435 0.06199997
v -0.14254683 -0.04776991 0.05699997
v -0.14254683 -0.04776991 0.05699997
v -0.14254683 -0.04776991 0.06199997
v -0.14254683 -0.04776991 0.06199997
v -0.14254683 -0.04571993 0.05699997
v -0.14254683 -0.04571993 0.05699997
v -0.14254683 -0.04571993 0.06199997
v -0.14254683 -0.04571993 0.06199997
v -0.14249998 -0.01160002 0.05699997
v -0.14249998 -0.01160002 0.05699997
v -0.14249998 -0.01160002 0.06199997
v -0.14249998 -0.01160002 0.06199997
v -0.14249998 -0.00840003 0.05699997
v -0.14249998 -0.00840003 0.05699997
v -0.14249998 -0.00840003 0.06199997
v -0.14249998 -0.00840003 0.06199997
v -0.14249998 0.00840002 0.05699997
v -0.14249998 0.00840002 0.05699997
v -0.14249998 0.00840002 0.06199997
v -0.14249998 0.00840002 0.06199997
v -0.14249998 0.01160001 0.05699997
v -0.14249998 0.01160001 0.05699997
v -0.14249998 0.01160001 0.06199997
v -0.14249998 0.01160001 0.06199997
v -0.14222104 -0.04819447 0.05699997
v -0.14222104 -0.04819447 0.05699997
v -0.14222104 -0.04819447 0.06199997
v -0.14222104 -0.04819447 0.06199997
v -0.14222104 -0.04529536 0.05699997
v -0.14222104 -0.04529536 0.05699997
v -0.14222104 -0.04529536 0.06199997
v -0.14222104 -0.04529536 0.06199997
v -0.14208585 -0.01154548 0.05699997
v -0.14208585 -0.01154548 0.05699997
v -0.14208585 -0.01154548 0.06199997
v -0.14208585 -0.01154548 0.06199997
v -0.14208585 -0.00845451 0.05699997
v -0.14208585 -0.00845451 0.05699997
v -0.14208585 -0.00845451 0.06199997
v -0.14208585 -0.00845451 0.06199997
v -0.14208585 0.0084545 0.05699997
v -0.14208585 0.0084545 0.05699997
v -0.14208585 0.0084545 0.06199997
v -0.14208585 0.0084545 0.06199997
v -0.14208585 0.01154547 0.05699997
v -0.14208585 0.01154547 0.05699997
v -0.14208585 0.01154547 0.06199997
v -0.14208585 0.01154547 0.06199997
v -0.14179999 -0.05884976 0.05699997
v -0.14179999 -0.04915023 0.05699997
v -0.14179999 0.04915028 0.05699997
v -0.14179999 0.05884975 0.05699997
v -0.14179641 -0.04852027 0.05699997
v -0.14179641 -0.04852027 0.05699997
v -0.14179641 -0.04852027 0.06199997
v -0.14179641 -0.04852027 0.06199997
v -0.14179641 -0.04496956 0.05699997
v -0.14179641 -0.04496956 0.05699997
v -0.14179641 -0.04496956 0.06199997
v -0.14179641 -0.04496956 0.06199997
v -0.14175004 -0.05400002 0.05984991
v -0.14175004 -0.05400002 0.05984991
v -0.14175004 -0.05400002 0.06199997
v -0.14175004 -0.05400002 0.06199997
v -0.14175004 0.05400002 0.05984991
v -0.14175004 0.05400002 0.05984991
v -0.14175004 0.05400002 0.06199997
v -0.14175004 0.05400002 0.06199997
v -0.14169997 -0.01138562 0.05699997
v -0.14169997 -0.01138562 0.05699997
v -0.14169997 -0.01138562 0.06199997
v -0.14169997 -0.01138562 0.06199997
v -0.14169997 -0.00861437 0.05699997
v -0.14169997 -0.00861437 0.05699997
v -0.14169997 -0.00861437 0.06199997
v -0.14169997 -0.00861437 0.06199997
v -0.14169997 0.00861436 0.05699997
v -0.14169997 0.00861436 0.05699997
v -0.14169997 0.00861436 0.06199997
v -0.14169997 0.00861436 0.06199997
v -0.14169997 0.01138561 0.05699997
v -0.14169997 0.01138561 0.05699997
v -0.14169997 0.01138561 0.06199997
v -0.14169997 0.01138561 0.06199997
v -0.14165634 -0.05471176 0.05984991
v -0.14165634 -0.05471176 0.05984991
v -0.14165634 -0.05471176 0.06199997
v -0.14165634 -0.05471176 0.06199997
v -0.14165634 -0.05328823 0.05984991
v -0.14165634 -0.05328823 0.05984991
v -0.14165634 -0.05328823 0.06199997
v -0.14165634 -0.05328823 0.06199997
v -0.14165634 0.05328828 0.05984991
v -0.14165634 0.05328828 0.05984991
v -0.14165634 0.05328828 0.06199997
v -0.14165634 0.05328828 0.06199997
v -0.14165634 0.05471175 0.05984991
v -0.14165634 0.05471175 0.05984991
v -0.14165634 0.05471175 0.06199997
v -0.14165634 0.05471175 0.06199997
v -0.14138156 -0.05537498 0.05984991
v -0.14138156 -0.05537498 0.05984991
v -0.14138156 -0.05537498 0.06199997
v -0.14138156 -0.05537498 0.06199997
v -0.14138156 -0.05262501 0.05984991
v -0.14138156 -0.05262501 0.05984991
v -0.14138156 -0.05262501 0.06199997
v -0.14138156 -0.05262501 0.06199997
v -0.14138156 0.052625 0.05984991
v -0.14138156 0.052625 0.05984991
v -0.14138156 0.052625 0.06199997
v -0.14138156 0.052625 0.06199997
v -0.14138156 0.05537498 0.05984991
v -0.14138156 0.05537498 0.05984991
v -0.14138156 0.05537498 0.06199997
v -0.14138156 0.05537498 0.06199997
v -0.14136869 -0.01113135 0.05699997
v -0.14136869 -0.01113135 0.05699997
v -0.14136869 -0.01113135 0.06199997
v -0.14136869 -0.01113135 0.06199997
v -0.14136869 -0.00886864 0.05699997
v -0.14136869 -0.00886864 0.05699997
v -0.14136869 -0.00886864 0.06199997
v -0.14136869 -0.00886864 0.06199997
v -0.14136869 0.00886863 0.05699997
v -0.14136869 0.00886863 0.05699997
v -0.14136869 0.00886863 0.06199997
v -0.14136869 0.00886863 0.06199997
v -0.14136869 0.01113134 0.05699997
v -0.14136869 0.01113134 0.05699997
v -0.14136869 0.01113134 0.06199997
v -0.14136869 0.01113134 0.06199997
v -0.14130205 -0.04872507 0.05699997
v -0.14130205 -0.04872507 0.05699997
v -0.14130205 -0.04872507 0.06199997
v -0.14130205 -0.04872507 0.06199997
v -0.14130205 -0.04476476 0.05699997
v -0.14130205 -0.04476476 0.05699997
v -0.14130205 -0.04476476 0.06199997
v -0.14130205 -0.04476476 0.06199997
v -0.14111442 -0.01080001 0.05699997
v -0.14111442 -0.01080001 0.05699997
v -0.14111442 -0.01080001 0.06199997
v -0.14111442 -0.01080001 0.06199997
v -0.14111442 -0.00919998 0.05699997
v -0.14111442 -0.00919998 0.05699997
v -0.14111442 -0.00919998 0.06199997
v -0.14111442 -0.00919998 0.06199997
v -0.14111442 0.00919997 0.05699997
v -0.14111442 0.00919997 0.05699997
v -0.14111442 0.00919997 0.06199997
v -0.14111442 0.00919997 0.06199997
v -0.14111442 0.0108 0.05699997
v -0.14111442 0.0108 0.05699997
v -0.14111442 0.0108 0.06199997
v -0.14111442 0.0108 0.06199997
v -0.14102549 -0.04877913 0.05699997
v -0.14102549 -0.04877913 0.05699997
v -0.14095456 -0.01041413 0.05699997
v -0.14095456 -0.01041413 0.05699997
v -0.14095456 -0.01041413 0.06199997
v -0.14095456 -0.01041413 0.06199997
v -0.14095456 -0.00958586 0.05699997
v -0.14095456 -0.00958586 0.05699997
v -0.14095456 -0.00958586 0.06199997
v -0.14095456 -0.00958586 0.06199997
v -0.14095456 0.00958591 0.05699997
v -0.14095456 0.00958591 0.05699997
v -0.14095456 0.00958591 0.06199997
v -0.14095456 0.00958591 0.06199997
v -0.14095456 0.01041412 0.05699997
v -0.14095456 0.01041412 0.05699997
v -0.14095456 0.01041412 0.06199997
v -0.14095456 0.01041412 0.06199997
v -0.14094454 -0.05594457 0.05984991
v -0.14094454 -0.05594457 0.05984991
v -0.14094454 -0.05594457 0.06199997
v -0.14094454 -0.05594457 0.06199997
v -0.14094454 -0.05205548 0.05984991
v -0.14094454 -0.05205548 0.05984991
v -0.14094454 -0.05205548 0.06199997
v -0.14094454 -0.05205548 0.06199997
v -0.14094454 0.05205547 0.05984991
v -0.14094454 0.05205547 0.05984991
v -0.14094454 0.05205547 0.06199997
v -0.14094454 0.05205547 0.06199997
v -0.14094454 0.05594456 0.05984991
v -0.14094454 0.05594456 0.05984991
v -0.14094454 0.05594456 0.06199997
v -0.14094454 0.05594456 0.06199997
v -0.14089996 -0.01 0.05699997
v -0.14089996 -0.01 0.05699997
v -0.14089996 -0.01 0.06199997
v -0.14089996 -0.01 0.06199997
v -0.14089996 0.00999999 0.05699997
v -0.14089996 0.00999999 0.05699997
v -0.14089996 0.00999999 0.06199997
v -0.14089996 0.00999999 0.06199997
v -0.14077145 -0.04879493 0.05710166
v -0.14077145 -0.04879493 0.05710166
v -0.14077145 -0.04879493 0.06199997
v -0.14077145 -0.04879493 0.06199997
v -0.14077145 -0.04469491 0.05699997
v -0.14077145 -0.04469491 0.05699997
v -0.14077145 -0.04469491 0.06199997
v -0.14077145 -0.04469491 0.06199997
v -0.14058858 -0.04878676 0.05715006
v -0.14058858 -0.04878676 0.05715006
v -0.14044935 -0.05940921 0.05699997
v -0.14044935 0.04859083 0.05699997
v -0.14044935 0.0594092 0.05699997
v -0.14040357 -0.04876167 0.05717676
v -0.14040357 -0.04876167 0.05717676
v -0.14037496 -0.05638159 0.05984991
v -0.14037496 -0.05638159 0.05984991
v -0.14037496 -0.05638159 0.06199997
v -0.14037496 -0.05638159 0.06199997
v -0.14037496 -0.0516184 0.05984991
v -0.14037496 -0.0516184 0.05984991
v -0.14037496 -0.0516184 0.06199997
v -0.14037496 -0.0516184 0.06199997
v -0.14037496 0.05161845 0.05984991
v -0.14037496 0.05161845 0.05984991
v -0.14037496 0.05161845 0.06199997
v -0.14037496 0.05161845 0.06199997
v -0.14037496 0.05638158 0.05984991
v -0.14037496 0.05638158 0.05984991
v -0.14037496 0.05638158 0.06199997
v -0.14037496 0.05638158 0.06199997
v -0.14024085 -0.04872507 0.05718105
v -0.14024085 -0.04872507 0.05718105
v -0.14024085 -0.04872507 0.06199997
v -0.14024085 -0.04872507 0.06199997
v -0.14024085 -0.04476476 0.05699997
v -0.14024085 -0.04476476 0.05699997
v -0.14024085 -0.04476476 0.06199997
v -0.14024085 -0.04476476 0.06199997
v -0.13998264 -0.0486371 0.05714767
v -0.13998264 -0.0486371 0.05714767
v -0.13974649 -0.04852027 0.05706959
v -0.13974649 -0.04852027 0.05706959
v -0.13974649 -0.04852027 0.06199997
v -0.13974649 -0.04852027 0.06199997
v -0.13974649 -0.04496956 0.05699997
v -0.13974649 -0.04496956 0.05699997
v -0.13974649 -0.04496956 0.06199997
v -0.13974649 -0.04496956 0.06199997
v -0.1397118 -0.05665631 0.05984991
v -0.1397118 -0.05665631 0.05984991
v -0.1397118 -0.05665631 0.06199997
v -0.1397118 -0.05665631 0.06199997
v -0.1397118 -0.05134368 0.05984991
v -0.1397118 -0.05134368 0.05984991
v -0.1397118 -0.05134368 0.06199997
v -0.1397118 -0.05134368 0.06199997
v -0.1397118 0.05134367 0.05984991
v -0.1397118 0.05134367 0.05984991
v -0.1397118 0.05134367 0.06199997
v -0.1397118 0.05134367 0.06199997
v -0.1397118 0.0566563 0.05984991
v -0.1397118 0.0566563 0.05984991
v -0.1397118 0.0566563 0.06199997
v -0.1397118 0.0566563 0.06199997
v -0.13960856 -0.04843319 0.05699997
v -0.13960856 -0.04843319 0.05699997
v -0.13932187 -0.04819447 0.05699997
v -0.13932187 -0.04819447 0.05699997
v -0.13932187 -0.04819447 0.06199997
v -0.13932187 -0.04819447 0.06199997
v -0.13932187 -0.04529536 0.05699997
v -0.13932187 -0.04529536 0.05699997
v -0.13932187 -0.04529536 0.06199997
v -0.13932187 -0.04529536 0.06199997
v -0.139 -0.0596 0.05699997
v -0.139 -0.05675 0.05984991
v -0.139 -0.05675 0.05984991
v -0.139 -0.05675 0.06199997
v -0.139 -0.05675 0.06199997
v -0.139 -0.05124999 0.05984991
v -0.139 -0.05124999 0.05984991
v -0.139 -0.05124999 0.06199997
v -0.139 -0.05124999 0.06199997
v -0.139 -0.04839999 0.05699997
v -0.139 0.04839998 0.05699997
v -0.139 0.05124998 0.05984991
v -0.139 0.05124998 0.05984991
v -0.139 0.05124998 0.06199997
v -0.139 0.05124998 0.06199997
v -0.139 0.05674999 0.05984991
v -0.139 0.05674999 0.05984991
v -0.139 0.05674999 0.06199997
v -0.139 0.05674999 0.06199997
v -0.139 0.05959999 0.05699997
v -0.13899607 -0.04776991 0.05699997
v -0.13899607 -0.04776991 0.05699997
v -0.13899607 -0.04776991 0.06199997
v -0.13899607 -0.04776991 0.06199997
v -0.13899607 -0.04571993 0.05699997
v -0.13899607 -0.04571993 0.05699997
v -0.13899607 -0.04571993 0.06199997
v -0.13899607 -0.04571993 0.06199997
v -0.13879126 -0.04727549 0.05699997
v -0.13879126 -0.04727549 0.05699997
v -0.13879126 -0.04727549 0.06199997
v -0.13879126 -0.04727549 0.06199997
v -0.13879126 -0.04621435 0.05699997
v -0.13879126 -0.04621435 0.05699997
v -0.13879126 -0.04621435 0.06199997
v -0.13879126 -0.04621435 0.06199997
v -0.13872141 -0.04674495 0.05699997
v -0.13872141 -0.04674495 0.05699997
v -0.13872141 -0.04674495 0.06199997
v -0.13872141 -0.04674495 0.06199997
v -0.1382882 -0.05665631 0.05984991
v -0.1382882 -0.05665631 0.05984991
v -0.1382882 -0.05665631 0.06199997
v -0.1382882 -0.05665631 0.06199997
v -0.1382882 -0.05134368 0.05984991
v -0.1382882 -0.05134368 0.05984991
v -0.1382882 -0.05134368 0.06199997
v -0.1382882 -0.05134368 0.06199997
v -0.1382882 0.05134367 0.05984991
v -0.1382882 0.05134367 0.05984991
v -0.1382882 0.05134367 0.06199997
v -0.1382882 0.05134367 0.06199997
v -0.1382882 0.0566563 0.05984991
v -0.1382882 0.0566563 0.05984991
v -0.1382882 0.0566563 0.06199997
v -0.1382882 0.0566563 0.06199997
v -0.13788146 0.07071501 0.05699997
v -0.13788146 0.07071501 0.05699997
v -0.13788146 0.07071501 0.06199997
v -0.13788146 0.07071501 0.06199997
v -0.13762504 -0.05638159 0.05984991
v -0.13762504 -0.05638159 0.05984991
v -0.13762504 -0.05638159 0.06199997
v -0.13762504 -0.05638159 0.06199997
v -0.13762504 -0.0516184 0.05984991
v -0.13762504 -0.0516184 0.05984991
v -0.13762504 -0.0516184 0.06199997
v -0.13762504 -0.0516184 0.06199997
v -0.13762504 0.05161845 0.05984991
v -0.13762504 0.05161845 0.05984991
v -0.13762504 0.05161845 0.06199997
v -0.13762504 0.05161845 0.06199997
v -0.13762504 0.05638158 0.05984991
v -0.13762504 0.05638158 0.05984991
v -0.13762504 0.05638158 0.06199997
v -0.13762504 0.05638158 0.06199997
v -0.13755065 -0.05940921 0.05699997
v -0.13755065 -0.04859084 0.05699997
v -0.13755065 0.04859083 0.05699997
v -0.13755065 0.0594092 0.05699997
v -0.13748568 -0.07111079 0.06199997
v -0.13748568 -0.07111079 0.06199997
v -0.13748568 -0.06443251 0.06199997
v -0.13748568 -0.05829996 0.06199997
v -0.13748568 -0.0509612 0.06199997
v -0.13748568 -0.04973364 0.06199997
v -0.13748568 -0.04382247 0.06199997
v -0.13748568 -0.04250002 0.06199997
v -0.13748568 -0.03499997 0.06199997
v -0.13748568 -0.031025 0.06199997
v -0.13748568 -0.02781988 0.06199997
v -0.13748568 -0.0232358 0.06199997
v -0.13748568 0.01759487 0.06199997
v -0.13748568 0.02781987 0.06199997
v -0.13748568 0.03500002 0.06199997
v -0.13748568 0.04250001 0.06199997
v -0.13748568 0.04601377 0.06199997
v -0.13748568 0.04914999 0.06199997
v -0.13748568 0.06197494 0.06199997
v -0.13748568 0.07071501 0.06199997
v -0.13748568 0.07111078 0.06199997
v -0.13748568 0.07111078 0.06199997
v -0.13714999 -0.07144648 0.05699997
v -0.13714999 -0.07144648 0.05699997
v -0.13714999 -0.06443251 0.05699997
v -0.13714999 -0.05972499 0.05699997
v -0.13714999 -0.04772503 0.05699997
v -0.13714999 -0.04382247 0.05699997
v -0.13714999 -0.04250002 0.05699997
v -0.13714999 -0.03499997 0.05699997
v -0.13714999 -0.031025 0.05699997
v -0.13714999 -0.02781988 0.05699997
v -0.13714999 -0.0232358 0.05699997
v -0.13714999 0.01759487 0.05699997
v -0.13714999 0.02781987 0.05699997
v -0.13714999 0.03500002 0.05699997
v -0.13714999 0.04250001 0.05699997
v -0.13714999 0.04601377 0.05699997
v -0.13714999 0.04772502 0.05699997
v -0.13714999 0.06197494 0.05699997
v -0.13714999 0.07071501 0.05699997
v -0.13714999 0.07144647 0.05699997
v -0.13714999 0.07144647 0.05699997
v -0.13705546 -0.05594457 0.05984991
v -0.13705546 -0.05594457 0.05984991
v -0.13705546 -0.05594457 0.06199997
v -0.13705546 -0.05594457 0.06199997
v -0.13705546 -0.05205548 0.05984991
v -0.13705546 -0.05205548 0.05984991
v -0.13705546 -0.05205548 0.06199997
v -0.13705546 -0.05205548 0.06199997
v -0.13705546 0.05205547 0.05984991
v -0.13705546 0.05205547 0.05984991
v -0.13705546 0.05205547 0.06199997
v -0.13705546 0.05205547 0.06199997
v -0.13705546 0.05594456 0.05984991
v -0.13705546 0.05594456 0.05984991
v -0.13705546 0.05594456 0.06199997
v -0.13705546 0.05594456 0.06199997
v -0.13661844 -0.05537498 0.05984991
v -0.13661844 -0.05537498 0.05984991
v -0.13661844 -0.05537498 0.06199997
v -0.13661844 -0.05537498 0.06199997
v -0.13661844 -0.05262501 0.05984991
v -0.13661844 -0.05262501 0.05984991
v -0.13661844 -0.05262501 0.06199997
v -0.13661844 -0.05262501 0.06199997
v -0.13661844 0.052625 0.05984991
v -0.13661844 0.052625 0.05984991
v -0.13661844 0.052625 0.06199997
v -0.13661844 0.052625 0.06199997
v -0.13661844 0.05537498 0.05984991
v -0.13661844 0.05537498 0.05984991
v -0.13661844 0.05537498 0.06199997
v -0.13661844 0.05537498 0.06199997
v -0.13634366 -0.05471176 0.05984991
v -0.13634366 -0.05471176 0.05984991
v -0.13634366 -0.05471176 0.06199997
v -0.13634366 -0.05471176 0.06199997
v -0.13634366 -0.05328823 0.05984991
v -0.13634366 -0.05328823 0.05984991
v -0.13634366 -0.05328823 0.06199997
v -0.13634366 -0.05328823 0.06199997
v -0.13634366 0.05328828 0.05984991
v -0.13634366 0.05328828 0.05984991
v -0.13634366 0.05328828 0.06199997
v -0.13634366 0.05328828 0.06199997
v -0.13634366 0.05471175 0.05984991
v -0.13634366 0.05471175 0.05984991
v -0.13634366 0.05471175 0.06199997
v -0.13634366 0.05471175 0.06199997
v -0.13624996 -0.05400002 0.05984991
v -0.13624996 -0.05400002 0.05984991
v -0.13624996 -0.05400002 0.06199997
v -0.13624996 -0.05400002 0.06199997
v -0.13624996 0.05400002 0.05984991
v -0.13624996 0.05400002 0.05984991
v -0.13624996 0.05400002 0.06199997
v -0.13624996 0.05400002 0.06199997
v -0.13620001 -0.05884976 0.05699997
v -0.13620001 -0.04915023 0.05699997
v -0.13620001 0.04915028 0.05699997
v -0.13620001 0.05884975 0.05699997
v -0.13602489 -0.07257164 0.05699997
v -0.13602489 -0.07257164 0.05699997
v -0.13602489 -0.07257164 0.06199997
v -0.13602489 -0.07257164 0.06199997
v -0.13504023 -0.0579598 0.05699997
v -0.13504023 -0.05004019 0.05699997
v -0.13504023 0.05004018 0.05699997
v -0.13504023 0.05795979 0.05699997
v -0.13415021 -0.05680001 0.05699997
v -0.13415021 -0.05119998 0.05699997
v -0.13415021 0.05120003 0.05699997
v -0.13415021 0.0568 0.05699997
v -0.13359076 -0.05544937 0.05699997
v -0.13359076 -0.05255062 0.05699997
v -0.13359076 0.05255061 0.05699997
v -0.13359076 0.05544936 0.05699997
v -0.13340002 -0.05400002 0.05699997
v -0.13340002 0.05400002 0.05699997
v -0.12800068 -0.08059586 0.05699997
v -0.12800068 -0.08059586 0.05699997
v -0.12800068 -0.07257164 0.05699997
v -0.12800068 -0.06443251 0.05699997
v -0.12800068 -0.05972499 0.05699997
v -0.12800068 -0.04772503 0.05699997
v -0.12800068 -0.04382247 0.05699997
v -0.12800068 -0.04250002 0.05699997
v -0.12800068 -0.03499997 0.05699997
v -0.12800068 -0.031025 0.05699997
v -0.12800068 -0.02781988 0.05699997
v -0.12800068 -0.0232358 0.05699997
v -0.12800068 0.01759487 0.05699997
v -0.12800068 0.02781987 0.05699997
v -0.12800068 0.03500002 0.05699997
v -0.12800068 0.04250001 0.05699997
v -0.12800068 0.04601377 0.05699997
v -0.12800068 0.04772502 0.05699997
v -0.12800068 0.06197494 0.05699997
v -0.12800068 0.07071501 0.05699997
v -0.12800068 0.08059591 0.05699997
v -0.12800068 0.08059591 0.05699997
v -0.12415809 -0.08443845 0.05699997
v -0.12415809 -0.08443845 0.05699997
v -0.12415809 -0.08443845 0.06199997
v -0.12415809 -0.08443845 0.06199997
v -0.12381059 0.08478587 0.05699997
v -0.12381059 0.08478587 0.05699997
v -0.12381059 0.08478587 0.06199997
v -0.12381059 0.08478587 0.06199997
v -0.12260133 0.0429275 0.05699997
v -0.12260133 0.0429275 0.05699997
v -0.12260133 0.0429275 0.06199997
v -0.12260133 0.0429275 0.06199997
v -0.12253148 0.04239696 0.05699997
v -0.12253148 0.04239696 0.05699997
v -0.12253148 0.04239696 0.06199997
v -0.12253148 0.04239696 0.06199997
v -0.12253148 0.0434581 0.05699997
v -0.12253148 0.0434581 0.05699997
v -0.12253148 0.0434581 0.06199997
v -0.12253148 0.0434581 0.06199997
v -0.12232667 0.04190254 0.05699997
v -0.12232667 0.04190254 0.05699997
v -0.12232667 0.04190254 0.06199997
v -0.12232667 0.04190254 0.06199997
v -0.12232667 0.04395252 0.05699997
v -0.12232667 0.04395252 0.05699997
v -0.12232667 0.04395252 0.06199997
v -0.12232667 0.04395252 0.06199997
v -0.12205058 -0.08654589 0.06199997
v -0.12205058 -0.08654589 0.06199997
v -0.12205058 -0.08443845 0.06199997
v -0.12205058 -0.07257164 0.06199997
v -0.12205058 -0.06443251 0.06199997
v -0.12205058 -0.05829996 0.06199997
v -0.12205058 -0.05501116 0.06199997
v -0.12205058 -0.0509612 0.06199997
v -0.12205058 -0.04973364 0.06199997
v -0.12205058 -0.04382247 0.06199997
v -0.12205058 -0.04250002 0.06199997
v -0.12205058 -0.03499997 0.06199997
v -0.12205058 -0.031025 0.06199997
v -0.12205058 -0.02781988 0.06199997
v -0.12205058 -0.0232358 0.06199997
v -0.12205058 0.01759487 0.06199997
v -0.12205058 0.02781987 0.06199997
v -0.12205058 0.03500002 0.06199997
v -0.12205058 0.04601377 0.06199997
v -0.12205058 0.04914999 0.06199997
v -0.12205058 0.06197494 0.06199997
v -0.12205058 0.07071501 0.06199997
v -0.12205058 0.08478587 0.06199997
v -0.12205058 0.08654588 0.06199997
v -0.12205058 0.08654588 0.06199997
v -0.12200087 0.04147791 0.05699997
v -0.12200087 0.04147791 0.05699997
v -0.12200087 0.04147791 0.06199997
v -0.12200087 0.04147791 0.06199997
v -0.12200087 0.04437708 0.05699997
v -0.12200087 0.04437708 0.05699997
v -0.12200087 0.04437708 0.06199997
v -0.12200087 0.04437708 0.06199997
v -0.12157625 0.04115217 0.05699997
v -0.12157625 0.04115217 0.05699997
v -0.12157625 0.04115217 0.06199997
v -0.12157625 0.04115217 0.06199997
v -0.12157625 0.04470288 0.05699997
v -0.12157625 0.04470288 0.05699997
v -0.12157625 0.04470288 0.06199997
v -0.12157625 0.04470288 0.06199997
v -0.12149996 -0.02499998 0.05699997
v -0.12149996 -0.02499998 0.05699997
v -0.12149996 -0.02499998 0.06199997
v -0.12149996 -0.02499998 0.06199997
v -0.12149996 -0.0232358 0.05699997
v -0.12149996 -0.0232358 0.05699997
v -0.12149996 -0.0232358 0.06199997
v -0.12149996 -0.0232358 0.06199997
v -0.12149996 0.01759487 0.05699997
v -0.12149996 0.01759487 0.05699997
v -0.12149996 0.01759487 0.06199997
v -0.12149996 0.01759487 0.06199997
v -0.12149996 0.02499997 0.05699997
v -0.12149996 0.02499997 0.05699997
v -0.12149996 0.02499997 0.05699997
v -0.12149996 0.02499997 0.06199997
v -0.12149996 0.02499997 0.06199997
v -0.12149996 0.02499997 0.06199997
v -0.12137467 -0.02611262 0.05699997
v -0.12137467 -0.02611262 0.05699997
v -0.12137467 -0.02611262 0.06199997
v -0.12137467 -0.02611262 0.06199997
v -0.12137467 0.02611261 0.05699997
v -0.12137467 0.02611261 0.05699997
v -0.12137467 0.02611261 0.06199997
v -0.12137467 0.02611261 0.06199997
v -0.12108189 0.04094737 0.05699997
v -0.12108189 0.04094737 0.05699997
v -0.12108189 0.04094737 0.06199997
v -0.12108189 0.04094737 0.06199997
v -0.12108189 0.04490768 0.05699997
v -0.12108189 0.04490768 0.05699997
v -0.12108189 0.04490768 0.06199997
v -0.12108189 0.04490768 0.06199997
v -0.12100488 -0.02716941 0.05699997
v -0.12100488 -0.02716941 0.05699997
v -0.12100488 -0.02716941 0.06199997
v -0.12100488 -0.02716941 0.06199997
v -0.12100488 0.0271694 0.05699997
v -0.12100488 0.0271694 0.05699997
v -0.12100488 0.0271694 0.06199997
v -0.12100488 0.0271694 0.06199997
v -0.12055129 0.04087752 0.05699997
v -0.12055129 0.04087752 0.05699997
v -0.12055129 0.04087752 0.06199997
v -0.12055129 0.04087752 0.06199997
v -0.12055129 0.04497754 0.05699997
v -0.12055129 0.04497754 0.05699997
v -0.12055129 0.04497754 0.06199997
v -0.12055129 0.04497754 0.06199997
v -0.12040919 -0.02811742 0.05699997
v -0.12040919 -0.02811742 0.05699997
v -0.12040919 -0.02811742 0.06199997
v -0.12040919 -0.02811742 0.06199997
v -0.12040919 0.02811747 0.05699997
v -0.12040919 0.02811747 0.05699997
v -0.12040919 0.02811747 0.06199997
v -0.12040919 0.02811747 0.06199997
v -0.12002069 0.04094737 0.05699997
v -0.12002069 0.04094737 0.05699997
v -0.12002069 0.04094737 0.06199997
v -0.12002069 0.04094737 0.06199997
v -0.12002069 0.04490768 0.05699997
v -0.12002069 0.04490768 0.05699997
v -0.12002069 0.04490768 0.06199997
v -0.12002069 0.04490768 0.06199997
v -0.1196174 -0.02890915 0.05699997
v -0.1196174 -0.02890915 0.05699997
v -0.1196174 -0.02890915 0.06199997
v -0.1196174 -0.02890915 0.06199997
v -0.1196174 0.02890914 0.05699997
v -0.1196174 0.02890914 0.05699997
v -0.1196174 0.02890914 0.06199997
v -0.1196174 0.02890914 0.06199997
v -0.11952633 0.04115217 0.05699997
v -0.11952633 0.04115217 0.05699997
v -0.11952633 0.04115217 0.06199997
v -0.11952633 0.04115217 0.06199997
v -0.11952633 0.04470288 0.05699997
v -0.11952633 0.04470288 0.05699997
v -0.11952633 0.04470288 0.06199997
v -0.11952633 0.04470288 0.06199997
v -0.1191017 0.04147791 0.05699997
v -0.1191017 0.04147791 0.05699997
v -0.1191017 0.04147791 0.06199997
v -0.1191017 0.04147791 0.06199997
v -0.1191017 0.04437708 0.05699997
v -0.1191017 0.04437708 0.05699997
v -0.1191017 0.04437708 0.06199997
v -0.1191017 0.04437708 0.06199997
v -0.11877591 0.04190254 0.05699997
v -0.11877591 0.04190254 0.05699997
v -0.11877591 0.04190254 0.06199997
v -0.11877591 0.04190254 0.06199997
v -0.11877591 0.04395252 0.05699997
v -0.11877591 0.04395252 0.05699997
v -0.11877591 0.04395252 0.06199997
v -0.11877591 0.04395252 0.06199997
v -0.11866945 -0.02950484 0.05699997
v -0.11866945 -0.02950484 0.05699997
v -0.11866945 -0.02950484 0.06199997
v -0.11866945 -0.02950484 0.06199997
v -0.11866945 0.02950483 0.05699997
v -0.11866945 0.02950483 0.05699997
v -0.11866945 0.02950483 0.06199997
v -0.11866945 0.02950483 0.06199997
v -0.1185711 0.04239696 0.05699997
v -0.1185711 0.04239696 0.05699997
v -0.1185711 0.04239696 0.06199997
v -0.1185711 0.04239696 0.06199997
v -0.1185711 0.0434581 0.05699997
v -0.1185711 0.0434581 0.05699997
v -0.1185711 0.0434581 0.06199997
v -0.1185711 0.0434581 0.06199997
v -0.11850125 0.0429275 0.05699997
v -0.11850125 0.0429275 0.05699997
v -0.11850125 0.0429275 0.06199997
v -0.11850125 0.0429275 0.06199997
v -0.11761266 -0.02987463 0.05699997
v -0.11761266 -0.02987463 0.05699997
v -0.11761266 -0.02987463 0.06199997
v -0.11761266 -0.02987463 0.06199997
v -0.11761266 0.02987462 0.05699997
v -0.11761266 0.02987462 0.05699997
v -0.11761266 0.02987462 0.06199997
v -0.11761266 0.02987462 0.06199997
v -0.11649996 -0.02999998 0.05699997
v -0.11649996 -0.02999998 0.05699997
v -0.11649996 -0.02999998 0.05699997
v -0.11649996 -0.02999998 0.06199997
v -0.11649996 -0.02999998 0.06199997
v -0.11649996 -0.02999998 0.06199997
v -0.11649996 0.03000003 0.05699997
v -0.11649996 0.03000003 0.05699997
v -0.11649996 0.03000003 0.06199997
v -0.11649996 0.03000003 0.06199997
v -0.11396748 -0.09462899 0.05699997
v -0.11396748 -0.09462899 0.05699997
v -0.11396748 -0.09462899 0.06199997
v -0.11396748 -0.09462899 0.06199997
v -0.11396748 -0.08443845 0.05699997
v -0.11396748 -0.08443845 0.06199997
v -0.11396748 -0.07257164 0.05699997
v -0.11396748 -0.07257164 0.06199997
v -0.11396748 -0.06443251 0.05699997
v -0.11396748 -0.06443251 0.06199997
v -0.11396748 -0.05972499 0.05699997
v -0.11396748 -0.05829996 0.06199997
v -0.11396748 -0.05501116 0.06199997
v -0.11396748 -0.0509612 0.06199997
v -0.11396748 -0.04973364 0.06199997
v -0.11396748 -0.04772503 0.05699997
v -0.11396748 -0.04382247 0.05699997
v -0.11396748 -0.04382247 0.06199997
v -0.11396748 -0.04250002 0.05699997
v -0.11396748 -0.04250002 0.06199997
v -0.11396748 -0.03499997 0.05699997
v -0.11396748 -0.03499997 0.06199997
v -0.11396748 -0.031025 0.05699997
v -0.11396748 -0.031025 0.06199997
v -0.11396748 -0.02999998 0.05699997
v -0.11396748 -0.02999998 0.05699997
v -0.11396748 -0.02999998 0.06199997
v -0.11396748 -0.02999998 0.06199997
v -0.11396748 0.03000003 0.05699997
v -0.11396748 0.03000003 0.05699997
v -0.11396748 0.03000003 0.06199997
v -0.11396748 0.03000003 0.06199997
v -0.11396748 0.03500002 0.05699997
v -0.11396748 0.03500002 0.06199997
v -0.11396748 0.04250001 0.05699997
v -0.11396748 0.04250001 0.06199997
v -0.11396748 0.04601377 0.05699997
v -0.11396748 0.04601377 0.06199997
v -0.11396748 0.04772502 0.05699997
v -0.11396748 0.04914999 0.06199997
v -0.11396748 0.06197494 0.05699997
v -0.11396748 0.06197494 0.06199997
v -0.11396748 0.07071501 0.05699997
v -0.11396748 0.07071501 0.06199997
v -0.11396748 0.08478587 0.05699997
v -0.11396748 0.08478587 0.06199997
v -0.11396748 0.09462898 0.05699997
v -0.11396748 0.09462898 0.05699997
v -0.11396748 0.09462898 0.06199997
v -0.11396748 0.09462898 0.06199997
v -0.11015862 -0.09843785 0.05699997
v -0.11015862 -0.09843785 0.05699997
v -0.11015862 -0.09843785 0.06199997
v -0.11015862 -0.09843785 0.06199997
v -0.10943383 -0.09369165 0.05699997
v -0.10943383 -0.09369165 0.05699997
v -0.10943383 -0.09369165 0.06199997
v -0.10943383 -0.09369165 0.06199997
v -0.10943383 0.09369164 0.05699997
v -0.10943383 0.09369164 0.05699997
v -0.10943383 0.09369164 0.06199997
v -0.10943383 0.09369164 0.06199997
v -0.10937923 -0.09410578 0.05699997
v -0.10937923 -0.09410578 0.05699997
v -0.10937923 -0.09410578 0.06199997
v -0.10937923 -0.09410578 0.06199997
v -0.10937923 -0.09327752 0.05699997
v -0.10937923 -0.09327752 0.05699997
v -0.10937923 -0.09327752 0.06199997
v -0.10937923 -0.09327752 0.06199997
v -0.10937923 0.09327751 0.05699997
v -0.10937923 0.09327751 0.05699997
v -0.10937923 0.09327751 0.06199997
v -0.10937923 0.09327751 0.06199997
v -0.10937923 0.09410578 0.05699997
v -0.10937923 0.09410578 0.05699997
v -0.10937923 0.09410578 0.06199997
v -0.10937923 0.09410578 0.06199997
v -0.10921937 -0.09449167 0.05699997
v -0.10921937 -0.09449167 0.05699997
v -0.10921937 -0.09449167 0.06199997
v -0.10921937 -0.09449167 0.06199997
v -0.10921937 -0.09289164 0.05699997
v -0.10921937 -0.09289164 0.05699997
v -0.10921937 -0.09289164 0.06199997
v -0.10921937 -0.09289164 0.06199997
v -0.10921937 0.09289163 0.05699997
v -0.10921937 0.09289163 0.05699997
v -0.10921937 0.09289163 0.06199997
v -0.10921937 0.09289163 0.06199997
v -0.10921937 0.09449166 0.05699997
v -0.10921937 0.09449166 0.05699997
v -0.10921937 0.09449166 0.06199997
v -0.10921937 0.09449166 0.06199997
v -0.1089651 -0.09482301 0.05699997
v -0.1089651 -0.09482301 0.05699997
v -0.1089651 -0.09482301 0.06199997
v -0.1089651 -0.09482301 0.06199997
v -0.1089651 -0.0925603 0.05699997
v -0.1089651 -0.0925603 0.05699997
v -0.1089651 -0.0925603 0.06199997
v -0.1089651 -0.0925603 0.06199997
v -0.1089651 0.09256023 0.05699997
v -0.1089651 0.09256023 0.05699997
v -0.1089651 0.09256023 0.06199997
v -0.1089651 0.09256023 0.06199997
v -0.1089651 0.09482306 0.05699997
v -0.1089651 0.09482306 0.05699997
v -0.1089651 0.09482306 0.06199997
v -0.1089651 0.09482306 0.06199997
v -0.10863382 -0.09507728 0.05699997
v -0.10863382 -0.09507728 0.05699997
v -0.10863382 -0.09507728 0.06199997
v -0.10863382 -0.09507728 0.06199997
v -0.10863382 -0.09230602 0.05699997
v -0.10863382 -0.09230602 0.05699997
v -0.10863382 -0.09230602 0.06199997
v -0.10863382 -0.09230602 0.06199997
v -0.10863382 0.09230595 0.05699997
v -0.10863382 0.09230595 0.05699997
v -0.10863382 0.09230595 0.06199997
v -0.10863382 0.09230595 0.06199997
v -0.10863382 0.09507733 0.05699997
v -0.10863382 0.09507733 0.05699997
v -0.10863382 0.09507733 0.06199997
v -0.10863382 0.09507733 0.06199997
v -0.10824794 -0.09523714 0.05699997
v -0.10824794 -0.09523714 0.05699997
v -0.10824794 -0.09523714 0.06199997
v -0.10824794 -0.09523714 0.06199997
v -0.10824794 -0.09214616 0.05699997
v -0.10824794 -0.09214616 0.05699997
v -0.10824794 -0.09214616 0.06199997
v -0.10824794 -0.09214616 0.06199997
v -0.10824794 0.09214621 0.05699997
v -0.10824794 0.09214621 0.05699997
v -0.10824794 0.09214621 0.06199997
v -0.10824794 0.09214621 0.06199997
v -0.10824794 0.09523707 0.05699997
v -0.10824794 0.09523707 0.05699997
v -0.10824794 0.09523707 0.06199997
v -0.10824794 0.09523707 0.06199997
v -0.1078338 -0.09529162 0.05699997
v -0.1078338 -0.09529162 0.05699997
v -0.1078338 -0.09529162 0.06199997
v -0.1078338 -0.09529162 0.06199997
v -0.1078338 -0.09209162 0.05699997
v -0.1078338 -0.09209162 0.05699997
v -0.1078338 -0.09209162 0.06199997
v -0.1078338 -0.09209162 0.06199997
v -0.1078338 0.09209162 0.05699997
v -0.1078338 0.09209162 0.05699997
v -0.1078338 0.09209162 0.06199997
v -0.1078338 0.09209162 0.06199997
v -0.1078338 0.09529167 0.05699997
v -0.1078338 0.09529167 0.05699997
v -0.1078338 0.09529167 0.06199997
v -0.1078338 0.09529167 0.06199997
v -0.1078338 0.10076266 0.05699997
v -0.1078338 0.10076266 0.05699997
v -0.1078338 0.10076266 0.06199997
v -0.1078338 0.10076266 0.06199997
v -0.10741967 -0.09523714 0.05699997
v -0.10741967 -0.09523714 0.05699997
v -0.10741967 -0.09523714 0.06199997
v -0.10741967 -0.09523714 0.06199997
v -0.10741967 -0.09214616 0.05699997
v -0.10741967 -0.09214616 0.05699997
v -0.10741967 -0.09214616 0.06199997
v -0.10741967 -0.09214616 0.06199997
v -0.10741967 0.09214621 0.05699997
v -0.10741967 0.09214621 0.05699997
v -0.10741967 0.09214621 0.06199997
v -0.10741967 0.09214621 0.06199997
v -0.10741967 0.09523707 0.05699997
v -0.10741967 0.09523707 0.05699997
v -0.10741967 0.09523707 0.06199997
v -0.10741967 0.09523707 0.06199997
v -0.10703379 -0.09507728 0.05699997
v -0.10703379 -0.09507728 0.05699997
v -0.10703379 -0.09507728 0.06199997
v -0.10703379 -0.09507728 0.06199997
v -0.10703379 -0.09230602 0.05699997
v -0.10703379 -0.09230602 0.05699997
v -0.10703379 -0.09230602 0.06199997
v -0.10703379 -0.09230602 0.06199997
v -0.10703379 0.09230595 0.05699997
v -0.10703379 0.09230595 0.05699997
v -0.10703379 0.09230595 0.06199997
v -0.10703379 0.09230595 0.06199997
v -0.10703379 0.09507733 0.05699997
v -0.10703379 0.09507733 0.05699997
v -0.10703379 0.09507733 0.06199997
v -0.10703379 0.09507733 0.06199997
v -0.10701245 -0.07742817 0.05699997
v -0.10701245 -0.07742817 0.05699997
v -0.10701245 -0.07742817 0.06199997
v -0.10701245 -0.07742817 0.06199997
v -0.10696823 -0.07776464 0.05699997
v -0.10696823 -0.07776464 0.05699997
v -0.10696823 -0.07776464 0.06199997
v -0.10696823 -0.07776464 0.06199997
v -0.10696823 -0.0770917 0.05699997
v -0.10696823 -0.0770917 0.05699997
v -0.10696823 -0.0770917 0.06199997
v -0.10696823 -0.0770917 0.06199997
v -0.10683829 -0.07807822 0.05699997
v -0.10683829 -0.07807822 0.05699997
v -0.10683829 -0.07807822 0.06199997
v -0.10683829 -0.07807822 0.06199997
v -0.10683829 -0.07677818 0.05699997
v -0.10683829 -0.07677818 0.05699997
v -0.10683829 -0.07677818 0.06199997
v -0.10683829 -0.07677818 0.06199997
v -0.10670239 -0.09482301 0.05699997
v -0.10670239 -0.09482301 0.05699997
v -0.10670239 -0.09482301 0.06199997
v -0.10670239 -0.09482301 0.06199997
v -0.10670239 -0.0925603 0.05699997
v -0.10670239 -0.0925603 0.05699997
v -0.10670239 -0.0925603 0.06199997
v -0.10670239 -0.0925603 0.06199997
v -0.10670239 0.09256023 0.05699997
v -0.10670239 0.09256023 0.05699997
v -0.10670239 0.09256023 0.06199997
v -0.10670239 0.09256023 0.06199997
v -0.10670239 0.09482306 0.05699997
v -0.10670239 0.09482306 0.05699997
v -0.10670239 0.09482306 0.06199997
v -0.10670239 0.09482306 0.06199997
v -0.1066317 -0.07834745 0.05699997
v -0.1066317 -0.07834745 0.05699997
v -0.1066317 -0.07834745 0.06199997
v -0.1066317 -0.07834745 0.06199997
v -0.1066317 -0.07650894 0.05699997
v -0.1066317 -0.07650894 0.05699997
v -0.1066317 -0.07650894 0.06199997
v -0.1066317 -0.07650894 0.06199997
v -0.10644812 -0.09449167 0.05699997
v -0.10644812 -0.09449167 0.05699997
v -0.10644812 -0.09449167 0.06199997
v -0.10644812 -0.09449167 0.06199997
v -0.10644812 -0.09289164 0.05699997
v -0.10644812 -0.09289164 0.05699997
v -0.10644812 -0.09289164 0.06199997
v -0.10644812 -0.09289164 0.06199997
v -0.10644812 0.09289163 0.05699997
v -0.10644812 0.09289163 0.05699997
v -0.10644812 0.09289163 0.06199997
v -0.10644812 0.09289163 0.06199997
v -0.10644812 0.09449166 0.05699997
v -0.10644812 0.09449166 0.05699997
v -0.10644812 0.09449166 0.06199997
v -0.10644812 0.09449166 0.06199997
v -0.10636252 -0.07855404 0.05699997
v -0.10636252 -0.07855404 0.05699997
v -0.10636252 -0.07855404 0.06199997
v -0.10636252 -0.07855404 0.06199997
v -0.10636252 -0.07630235 0.05699997
v -0.10636252 -0.07630235 0.05699997
v -0.10636252 -0.07630235 0.06199997
v -0.10636252 -0.07630235 0.06199997
v -0.10628826 -0.09410578 0.05699997
v -0.10628826 -0.09410578 0.05699997
v -0.10628826 -0.09410578 0.06199997
v -0.10628826 -0.09410578 0.06199997
v -0.10628826 -0.09327752 0.05699997
v -0.10628826 -0.09327752 0.05699997
v -0.10628826 -0.09327752 0.06199997
v -0.10628826 -0.09327752 0.06199997
v -0.10628826 0.09327751 0.05699997
v -0.10628826 0.09327751 0.05699997
v -0.10628826 0.09327751 0.06199997
v -0.10628826 0.09327751 0.06199997
v -0.10628826 0.09410578 0.05699997
v -0.10628826 0.09410578 0.05699997
v -0.10628826 0.09410578 0.06199997
v -0.10628826 0.09410578 0.06199997
v -0.10623378 -0.09369165 0.05699997
v -0.10623378 -0.09369165 0.05699997
v -0.10623378 -0.09369165 0.06199997
v -0.10623378 -0.09369165 0.06199997
v -0.10623378 0.09369164 0.05699997
v -0.10623378 0.09369164 0.05699997
v -0.10623378 0.09369164 0.06199997
v -0.10623378 0.09369164 0.06199997
v -0.10604888 -0.07868392 0.05699997
v -0.10604888 -0.07868392 0.05699997
v -0.10604888 -0.07868392 0.06199997
v -0.10604888 -0.07868392 0.06199997
v -0.10604888 -0.07617248 0.05699997
v -0.10604888 -0.07617248 0.05699997
v -0.10604888 -0.07617248 0.06199997
v -0.10604888 -0.07617248 0.06199997
v -0.10571247 -0.0787282 0.05699997
v -0.10571247 -0.0787282 0.05699997
v -0.10571247 -0.0787282 0.06199997
v -0.10571247 -0.0787282 0.06199997
v -0.10571247 -0.07612819 0.05699997
v -0.10571247 -0.07612819 0.05699997
v -0.10571247 -0.07612819 0.06199997
v -0.10571247 -0.07612819 0.06199997
v -0.10537595 -0.07868392 0.05699997
v -0.10537595 -0.07868392 0.05699997
v -0.10537595 -0.07868392 0.06199997
v -0.10537595 -0.07868392 0.06199997
v -0.10537595 -0.07617248 0.05699997
v -0.10537595 -0.07617248 0.05699997
v -0.10537595 -0.07617248 0.06199997
v -0.10537595 -0.07617248 0.06199997
v -0.10532314 -0.1032734 0.05699997
v -0.10532314 -0.1032734 0.05699997
v -0.10532314 -0.09843785 0.05699997
v -0.10532314 -0.08443845 0.05699997
v -0.10532314 -0.07257164 0.05699997
v -0.10532314 -0.06443251 0.05699997
v -0.10532314 -0.05972499 0.05699997
v -0.10532314 -0.04772503 0.05699997
v -0.10532314 -0.04382247 0.05699997
v -0.10532314 -0.04250002 0.05699997
v -0.10532314 -0.03499997 0.05699997
v -0.10532314 -0.031025 0.05699997
v -0.10532314 -0.02999998 0.05699997
v -0.10532314 -0.02999998 0.05699997
v -0.10532314 0.03000003 0.05699997
v -0.10532314 0.03000003 0.05699997
v -0.10532314 0.03500002 0.05699997
v -0.10532314 0.04250001 0.05699997
v -0.10532314 0.04601377 0.05699997
v -0.10532314 0.04772502 0.05699997
v -0.10532314 0.06197494 0.05699997
v -0.10532314 0.07071501 0.05699997
v -0.10532314 0.08478587 0.05699997
v -0.10532314 0.10076266 0.05699997
v -0.10532314 0.10327333 0.05699997
v -0.10532314 0.10327333 0.05699997
v -0.10506243 -0.07855404 0.05699997
v -0.10506243 -0.07855404 0.05699997
v -0.10506243 -0.07855404 0.06199997
v -0.10506243 -0.07855404 0.06199997
v -0.10506243 -0.07630235 0.05699997
v -0.10506243 -0.07630235 0.05699997
v -0.10506243 -0.07630235 0.06199997
v -0.10506243 -0.07630235 0.06199997
v -0.10479325 -0.07834745 0.05699997
v -0.10479325 -0.07834745 0.05699997
v -0.10479325 -0.07834745 0.06199997
v -0.10479325 -0.07834745 0.06199997
v -0.10479325 -0.07650894 0.05699997
v -0.10479325 -0.07650894 0.05699997
v -0.10479325 -0.07650894 0.06199997
v -0.10479325 -0.07650894 0.06199997
v -0.10458666 -0.07807822 0.05699997
v -0.10458666 -0.07807822 0.05699997
v -0.10458666 -0.07807822 0.06199997
v -0.10458666 -0.07807822 0.06199997
v -0.10458666 -0.07677818 0.05699997
v -0.10458666 -0.07677818 0.05699997
v -0.10458666 -0.07677818 0.06199997
v -0.10458666 -0.07677818 0.06199997
v -0.10445672 -0.07776464 0.05699997
v -0.10445672 -0.07776464 0.05699997
v -0.10445672 -0.07776464 0.06199997
v -0.10445672 -0.07776464 0.06199997
v -0.10445672 -0.0770917 0.05699997
v -0.10445672 -0.0770917 0.05699997
v -0.10445672 -0.0770917 0.06199997
v -0.10445672 -0.0770917 0.06199997
v -0.1044125 -0.07742817 0.05699997
v -0.1044125 -0.07742817 0.05699997
v -0.1044125 -0.07742817 0.06199997
v -0.1044125 -0.07742817 0.06199997
v -0.10338754 -0.10520894 0.05699997
v -0.10338754 -0.10520894 0.05699997
v -0.10338754 -0.10520894 0.06199997
v -0.10338754 -0.10520894 0.06199997
v -0.09985203 -0.10874445 0.05699997
v -0.09985203 -0.10874445 0.05699997
v -0.09985203 -0.10874445 0.06199997
v -0.09985203 -0.10874445 0.06199997
v -0.09985203 -0.10520894 0.05699997
v -0.09985203 -0.10520894 0.06199997
v -0.09985203 -0.09843785 0.05699997
v -0.09985203 -0.09843785 0.06199997
v -0.09985203 -0.08443845 0.05699997
v -0.09985203 -0.08443845 0.06199997
v -0.09985203 -0.07257164 0.05699997
v -0.09985203 -0.07257164 0.06199997
v -0.09985203 -0.06443251 0.05699997
v -0.09985203 -0.06443251 0.06199997
v -0.09985203 -0.05972499 0.05699997
v -0.09985203 -0.05829996 0.06199997
v -0.09985203 -0.05501116 0.06199997
v -0.09985203 -0.0509612 0.06199997
v -0.09985203 -0.04973364 0.06199997
v -0.09985203 -0.04772503 0.05699997
v -0.09985203 -0.04382247 0.05699997
v -0.09985203 -0.04382247 0.06199997
v -0.09985203 -0.04250002 0.05699997
v -0.09985203 -0.04250002 0.06199997
v -0.09985203 -0.03499997 0.05699997
v -0.09985203 -0.03499997 0.06199997
v -0.09985203 -0.031025 0.05699997
v -0.09985203 -0.031025 0.06199997
v -0.09985203 -0.02999998 0.05699997
v -0.09985203 -0.02999998 0.05699997
v -0.09985203 -0.02999998 0.06199997
v -0.09985203 -0.02999998 0.06199997
v -0.09985203 0.03000003 0.05699997
v -0.09985203 0.03000003 0.05699997
v -0.09985203 0.03000003 0.06199997
v -0.09985203 0.03000003 0.06199997
v -0.09985203 0.03500002 0.05699997
v -0.09985203 0.03500002 0.06199997
v -0.09985203 0.04250001 0.05699997
v -0.09985203 0.04250001 0.06199997
v -0.09985203 0.04601377 0.05699997
v -0.09985203 0.04601377 0.06199997
v -0.09985203 0.04772502 0.05699997
v -0.09985203 0.04914999 0.06199997
v -0.09985203 0.06197494 0.05699997
v -0.09985203 0.06197494 0.06199997
v -0.09985203 0.07071501 0.05699997
v -0.09985203 0.07071501 0.06199997
v -0.09985203 0.08478587 0.05699997
v -0.09985203 0.08478587 0.06199997
v -0.09985203 0.10076266 0.05699997
v -0.09985203 0.10076266 0.06199997
v -0.09985203 0.10874444 0.05699997
v -0.09985203 0.10874444 0.05699997
v -0.09985203 0.10874444 0.06199997
v -0.09985203 0.10874444 0.06199997
v -0.09529168 -0.10783381 0.05699997
v -0.09529168 -0.10783381 0.05699997
v -0.09529168 -0.10783381 0.06199997
v -0.09529168 -0.10783381 0.06199997
v -0.09529168 0.1078338 0.05699997
v -0.09529168 0.1078338 0.05699997
v -0.09529168 0.1078338 0.06199997
v -0.09529168 0.1078338 0.06199997
v -0.09523708 -0.10824788 0.05699997
v -0.09523708 -0.10824788 0.05699997
v -0.09523708 -0.10824788 0.06199997
v -0.09523708 -0.10824788 0.06199997
v -0.09523708 -0.10741967 0.05699997
v -0.09523708 -0.10741967 0.05699997
v -0.09523708 -0.10741967 0.06199997
v -0.09523708 -0.10741967 0.06199997
v -0.09523708 0.10741966 0.05699997
v -0.09523708 0.10741966 0.05699997
v -0.09523708 0.10741966 0.06199997
v -0.09523708 0.10741966 0.06199997
v -0.09523708 0.10824793 0.05699997
v -0.09523708 0.10824793 0.05699997
v -0.09523708 0.10824793 0.06199997
v -0.09523708 0.10824793 0.06199997
v -0.09507734 -0.10863376 0.05699997
v -0.09507734 -0.10863376 0.05699997
v -0.09507734 -0.10863376 0.06199997
v -0.09507734 -0.10863376 0.06199997
v -0.09507734 -0.10703379 0.05699997
v -0.09507734 -0.10703379 0.05699997
v -0.09507734 -0.10703379 0.06199997
v -0.09507734 -0.10703379 0.06199997
v -0.09507734 0.10703378 0.05699997
v -0.09507734 0.10703378 0.05699997
v -0.09507734 0.10703378 0.06199997
v -0.09507734 0.10703378 0.06199997
v -0.09507734 0.10863381 0.05699997
v -0.09507734 0.10863381 0.05699997
v -0.09507734 0.10863381 0.06199997
v -0.09507734 0.10863381 0.06199997
v -0.09482306 -0.10896516 0.05699997
v -0.09482306 -0.10896516 0.05699997
v -0.09482306 -0.10896516 0.06199997
v -0.09482306 -0.10896516 0.06199997
v -0.09482306 -0.10670239 0.05699997
v -0.09482306 -0.10670239 0.05699997
v -0.09482306 -0.10670239 0.06199997
v -0.09482306 -0.10670239 0.06199997
v -0.09482306 0.10670238 0.05699997
v -0.09482306 0.10670238 0.05699997
v -0.09482306 0.10670238 0.06199997
v -0.09482306 0.10670238 0.06199997
v -0.09482306 0.10896521 0.05699997
v -0.09482306 0.10896521 0.05699997
v -0.09482306 0.10896521 0.06199997
v -0.09482306 0.10896521 0.06199997
v -0.09449166 -0.10921944 0.05699997
v -0.09449166 -0.10921944 0.05699997
v -0.09449166 -0.10921944 0.06199997
v -0.09449166 -0.10921944 0.06199997
v -0.09449166 -0.10644812 0.05699997
v -0.09449166 -0.10644812 0.05699997
v -0.09449166 -0.10644812 0.06199997
v -0.09449166 -0.10644812 0.06199997
v -0.09449166 0.10644811 0.05699997
v -0.09449166 0.10644811 0.05699997
v -0.09449166 0.10644811 0.06199997
v -0.09449166 0.10644811 0.06199997
v -0.09449166 0.10921937 0.05699997
v -0.09449166 0.10921937 0.05699997
v -0.09449166 0.10921937 0.06199997
v -0.09449166 0.10921937 0.06199997
v -0.09410578 -0.10937924 0.05699997
v -0.09410578 -0.10937924 0.05699997
v -0.09410578 -0.10937924 0.06199997
v -0.09410578 -0.10937924 0.06199997
v -0.09410578 -0.10628832 0.05699997
v -0.09410578 -0.10628832 0.05699997
v -0.09410578 -0.10628832 0.06199997
v -0.09410578 -0.10628832 0.06199997
v -0.09410578 0.10628825 0.05699997
v -0.09410578 0.10628825 0.05699997
v -0.09410578 0.10628825 0.06199997
v -0.09410578 0.10628825 0.06199997
v -0.09410578 0.10937923 0.05699997
v -0.09410578 0.10937923 0.05699997
v -0.09410578 0.10937923 0.06199997
v -0.09410578 0.10937923 0.06199997
v -0.09369165 -0.10943377 0.05699997
v -0.09369165 -0.10943377 0.05699997
v -0.09369165 -0.10943377 0.06199997
v -0.09369165 -0.10943377 0.06199997
v -0.09369165 -0.10623378 0.05699997
v -0.09369165 -0.10623378 0.05699997
v -0.09369165 -0.10623378 0.06199997
v -0.09369165 -0.10623378 0.06199997
v -0.09369165 0.10623377 0.05699997
v -0.09369165 0.10623377 0.05699997
v -0.09369165 0.10623377 0.06199997
v -0.09369165 0.10623377 0.06199997
v -0.09369165 0.10943383 0.05699997
v -0.09369165 0.10943383 0.05699997
v -0.09369165 0.10943383 0.06199997
v -0.09369165 0.10943383 0.06199997
v -0.09327752 -0.10937924 0.05699997
v -0.09327752 -0.10937924 0.05699997
v -0.09327752 -0.10937924 0.06199997
v -0.09327752 -0.10937924 0.06199997
v -0.09327752 -0.10628832 0.05699997
v -0.09327752 -0.10628832 0.05699997
v -0.09327752 -0.10628832 0.06199997
v -0.09327752 -0.10628832 0.06199997
v -0.09327752 0.10628825 0.05699997
v -0.09327752 0.10628825 0.05699997
v -0.09327752 0.10628825 0.06199997
v -0.09327752 0.10628825 0.06199997
v -0.09327752 0.10937923 0.05699997
v -0.09327752 0.10937923 0.05699997
v -0.09327752 0.10937923 0.06199997
v -0.09327752 0.10937923 0.06199997
v -0.09289164 -0.10921944 0.05699997
v -0.09289164 -0.10921944 0.05699997
v -0.09289164 -0.10921944 0.06199997
v -0.09289164 -0.10921944 0.06199997
v -0.09289164 -0.10644812 0.05699997
v -0.09289164 -0.10644812 0.05699997
v -0.09289164 -0.10644812 0.06199997
v -0.09289164 -0.10644812 0.06199997
v -0.09289164 0.10644811 0.05699997
v -0.09289164 0.10644811 0.05699997
v -0.09289164 0.10644811 0.06199997
v -0.09289164 0.10644811 0.06199997
v -0.09289164 0.10921937 0.05699997
v -0.09289164 0.10921937 0.05699997
v -0.09289164 0.10921937 0.06199997
v -0.09289164 0.10921937 0.06199997
v -0.09256023 -0.10896516 0.05699997
v -0.09256023 -0.10896516 0.05699997
v -0.09256023 -0.10896516 0.06199997
v -0.09256023 -0.10896516 0.06199997
v -0.09256023 -0.10670239 0.05699997
v -0.09256023 -0.10670239 0.05699997
v -0.09256023 -0.10670239 0.06199997
v -0.09256023 -0.10670239 0.06199997
v -0.09256023 0.10670238 0.05699997
v -0.09256023 0.10670238 0.05699997
v -0.09256023 0.10670238 0.06199997
v -0.09256023 0.10670238 0.06199997
v -0.09256023 0.10896521 0.05699997
v -0.09256023 0.10896521 0.05699997
v -0.09256023 0.10896521 0.06199997
v -0.09256023 0.10896521 0.06199997
v -0.09230596 -0.10863376 0.05699997
v -0.09230596 -0.10863376 0.05699997
v -0.09230596 -0.10863376 0.06199997
v -0.09230596 -0.10863376 0.06199997
v -0.09230596 -0.10703379 0.05699997
v -0.09230596 -0.10703379 0.05699997
v -0.09230596 -0.10703379 0.06199997
v -0.09230596 -0.10703379 0.06199997
v -0.09230596 0.10703378 0.05699997
v -0.09230596 0.10703378 0.05699997
v -0.09230596 0.10703378 0.06199997
v -0.09230596 0.10703378 0.06199997
v -0.09230596 0.10863381 0.05699997
v -0.09230596 0.10863381 0.05699997
v -0.09230596 0.10863381 0.06199997
v -0.09230596 0.10863381 0.06199997
v -0.09214622 -0.10824788 0.05699997
v -0.09214622 -0.10824788 0.05699997
v -0.09214622 -0.10824788 0.06199997
v -0.09214622 -0.10824788 0.06199997
v -0.09214622 -0.10741967 0.05699997
v -0.09214622 -0.10741967 0.05699997
v -0.09214622 -0.10741967 0.06199997
v -0.09214622 -0.10741967 0.06199997
v -0.09214622 0.10741966 0.05699997
v -0.09214622 0.10741966 0.05699997
v -0.09214622 0.10741966 0.06199997
v -0.09214622 0.10741966 0.06199997
v -0.09214622 0.10824793 0.05699997
v -0.09214622 0.10824793 0.05699997
v -0.09214622 0.10824793 0.06199997
v -0.09214622 0.10824793 0.06199997
v -0.09209162 -0.10783381 0.05699997
v -0.09209162 -0.10783381 0.05699997
v -0.09209162 -0.10783381 0.06199997
v -0.09209162 -0.10783381 0.06199997
v -0.09209162 0.1078338 0.05699997
v -0.09209162 0.1078338 0.05699997
v -0.09209162 0.1078338 0.06199997
v -0.09209162 0.1078338 0.06199997
v -0.08682412 -0.12177235 0.06199997
v -0.08682412 -0.12177235 0.06199997
v -0.08682412 -0.10520894 0.06199997
v -0.08682412 -0.09843785 0.06199997
v -0.08682412 -0.08443845 0.06199997
v -0.08682412 -0.07257164 0.06199997
v -0.08682412 -0.06443251 0.06199997
v -0.08682412 -0.05829996 0.06199997
v -0.08682412 -0.05501116 0.06199997
v -0.08682412 -0.0509612 0.06199997
v -0.08682412 -0.04973364 0.06199997
v -0.08682412 -0.04382247 0.06199997
v -0.08682412 -0.04250002 0.06199997
v -0.08682412 -0.03499997 0.06199997
v -0.08682412 -0.031025 0.06199997
v -0.08682412 -0.02999998 0.06199997
v -0.08682412 -0.02999998 0.06199997
v -0.08682412 0.03000003 0.06199997
v -0.08682412 0.03000003 0.06199997
v -0.08682412 0.03500002 0.06199997
v -0.08682412 0.04250001 0.06199997
v -0.08682412 0.04601377 0.06199997
v -0.08682412 0.04914999 0.06199997
v -0.08682412 0.06197494 0.06199997
v -0.08682412 0.07071501 0.06199997
v -0.08682412 0.08478587 0.06199997
v -0.08682412 0.10076266 0.06199997
v -0.08682412 0.12177234 0.06199997
v -0.08682412 0.12177234 0.06199997
v -0.08649999 -0.02999998 0.05699997
v -0.08649999 -0.02999998 0.05699997
v -0.08649999 -0.02999998 0.06199997
v -0.08649999 -0.02999998 0.06199997
v -0.08649999 0.03000003 0.05699997
v -0.08649999 0.03000003 0.05699997
v -0.08649999 0.03000003 0.05699997
v -0.08649999 0.03000003 0.06199997
v -0.08649999 0.03000003 0.06199997
v -0.08649999 0.03000003 0.06199997
v -0.08538741 0.02987462 0.05699997
v -0.08538741 0.02987462 0.05699997
v -0.08538741 0.02987462 0.06199997
v -0.08538741 0.02987462 0.06199997
v -0.08520585 -0.02982963 0.05699997
v -0.08520585 -0.02982963 0.05699997
v -0.08520585 -0.02982963 0.06199997
v -0.08520585 -0.02982963 0.06199997
v -0.08433062 0.02950483 0.05699997
v -0.08433062 0.02950483 0.05699997
v -0.08433062 0.02950483 0.06199997
v -0.08433062 0.02950483 0.06199997
v -0.08400005 -0.02933014 0.05699997
v -0.08400005 -0.02933014 0.05699997
v -0.08400005 -0.02933014 0.06199997
v -0.08400005 -0.02933014 0.06199997
v -0.08338255 0.02890914 0.05699997
v -0.08338255 0.02890914 0.05699997
v -0.08338255 0.02890914 0.06199997
v -0.08338255 0.02890914 0.06199997
v -0.08296448 -0.02853555 0.05699997
v -0.08296448 -0.02853555 0.05699997
v -0.08296448 -0.02853555 0.06199997
v -0.08296448 -0.02853555 0.06199997
v -0.08259088 0.02811747 0.05699997
v -0.08259088 0.02811747 0.05699997
v -0.08259088 0.02811747 0.06199997
v -0.08259088 0.02811747 0.06199997
v -0.08216983 -0.02749998 0.05699997
v -0.08216983 -0.02749998 0.05699997
v -0.08216983 -0.02749998 0.06199997
v -0.08216983 -0.02749998 0.06199997
v -0.08199519 0.0271694 0.05699997
v -0.08199519 0.0271694 0.05699997
v -0.08199519 0.0271694 0.06199997
v -0.08199519 0.0271694 0.06199997
v -0.0818221 -0.12677438 0.05699997
v -0.0818221 -0.12677438 0.05699997
v -0.08167035 -0.02629412 0.05699997
v -0.08167035 -0.02629412 0.05699997
v -0.08167035 -0.02629412 0.06199997
v -0.08167035 -0.02629412 0.06199997
v -0.0816254 0.02611261 0.05699997
v -0.0816254 0.02611261 0.05699997
v -0.0816254 0.02611261 0.06199997
v -0.0816254 0.02611261 0.06199997
v -0.08155662 -0.10288406 0.05699997
v -0.08155662 -0.10288406 0.05699997
v -0.08155662 -0.10288406 0.06199997
v -0.08155662 -0.10288406 0.06199997
v -0.08155662 -0.05197233 0.05699997
v -0.08155662 -0.05197233 0.05699997
v -0.08155662 -0.05197233 0.06199997
v -0.08155662 -0.05197233 0.06199997
v -0.08151227 -0.10322053 0.05699997
v -0.08151227 -0.10322053 0.05699997
v -0.08151227 -0.10322053 0.06199997
v -0.08151227 -0.10322053 0.06199997
v -0.08151227 -0.10254759 0.05699997
v -0.08151227 -0.10254759 0.05699997
v -0.08151227 -0.10254759 0.06199997
v -0.08151227 -0.10254759 0.06199997
v -0.08151227 -0.0523088 0.05699997
v -0.08151227 -0.0523088 0.05699997
v -0.08151227 -0.0523088 0.06199997
v -0.08151227 -0.0523088 0.06199997
v -0.08151227 -0.05163587 0.05699997
v -0.08151227 -0.05163587 0.05699997
v -0.08151227 -0.05163587 0.06199997
v -0.08151227 -0.05163587 0.06199997
v -0.0815 -0.02499998 0.05699997
v -0.0815 -0.02499998 0.05699997
v -0.0815 -0.02499998 0.05699997
v -0.0815 -0.02499998 0.06199997
v -0.0815 -0.02499998 0.06199997
v -0.0815 -0.02499998 0.06199997
v -0.0815 -0.0232358 0.05699997
v -0.0815 -0.0232358 0.05699997
v -0.0815 -0.0232358 0.06199997
v -0.0815 -0.0232358 0.06199997
v -0.0815 0.01759487 0.05699997
v -0.0815 0.01759487 0.05699997
v -0.0815 0.01759487 0.06199997
v -0.0815 0.01759487 0.06199997
v -0.0815 0.02499997 0.05699997
v -0.0815 0.02499997 0.05699997
v -0.0815 0.02499997 0.06199997
v -0.0815 0.02499997 0.06199997
v -0.08138245 -0.10353405 0.05699997
v -0.08138245 -0.10353405 0.05699997
v -0.08138245 -0.10353405 0.06199997
v -0.08138245 -0.10353405 0.06199997
v -0.08138245 -0.10223401 0.05699997
v -0.08138245 -0.10223401 0.05699997
v -0.08138245 -0.10223401 0.06199997
v -0.08138245 -0.10223401 0.06199997
v -0.08138245 -0.05262232 0.05699997
v -0.08138245 -0.05262232 0.05699997
v -0.08138245 -0.05262232 0.06199997
v -0.08138245 -0.05262232 0.06199997
v -0.08138245 -0.05132235 0.05699997
v -0.08138245 -0.05132235 0.05699997
v -0.08138245 -0.05132235 0.06199997
v -0.08138245 -0.05132235 0.06199997
v -0.08117587 -0.10380328 0.05699997
v -0.08117587 -0.10380328 0.05699997
v -0.08117587 -0.10380328 0.06199997
v -0.08117587 -0.10380328 0.06199997
v -0.08117587 -0.10196478 0.05699997
v -0.08117587 -0.10196478 0.05699997
v -0.08117587 -0.10196478 0.06199997
v -0.08117587 -0.10196478 0.06199997
v -0.08117587 -0.05289162 0.05699997
v -0.08117587 -0.05289162 0.05699997
v -0.08117587 -0.05289162 0.06199997
v -0.08117587 -0.05289162 0.06199997
v -0.08117587 -0.05105311 0.05699997
v -0.08117587 -0.05105311 0.05699997
v -0.08117587 -0.05105311 0.06199997
v -0.08117587 -0.05105311 0.06199997
v -0.08090657 -0.10400987 0.05699997
v -0.08090657 -0.10400987 0.05699997
v -0.08090657 -0.10400987 0.06199997
v -0.08090657 -0.10400987 0.06199997
v -0.08090657 -0.10175819 0.05699997
v -0.08090657 -0.10175819 0.05699997
v -0.08090657 -0.10175819 0.06199997
v -0.08090657 -0.10175819 0.06199997
v -0.08090657 -0.05309821 0.05699997
v -0.08090657 -0.05309821 0.05699997
v -0.08090657 -0.05309821 0.06199997
v -0.08090657 -0.05309821 0.06199997
v -0.08090657 -0.05084652 0.05699997
v -0.08090657 -0.05084652 0.05699997
v -0.08090657 -0.05084652 0.06199997
v -0.08090657 -0.05084652 0.06199997
v -0.08059305 -0.10413975 0.05699997
v -0.08059305 -0.10413975 0.05699997
v -0.08059305 -0.10413975 0.06199997
v -0.08059305 -0.10413975 0.06199997
v -0.08059305 -0.10162831 0.05699997
v -0.08059305 -0.10162831 0.05699997
v -0.08059305 -0.10162831 0.06199997
v -0.08059305 -0.10162831 0.06199997
v -0.08059305 -0.05322803 0.05699997
v -0.08059305 -0.05322803 0.05699997
v -0.08059305 -0.05322803 0.06199997
v -0.08059305 -0.05322803 0.06199997
v -0.08059305 -0.05071664 0.05699997
v -0.08059305 -0.05071664 0.05699997
v -0.08059305 -0.05071664 0.06199997
v -0.08059305 -0.05071664 0.06199997
v -0.08039719 -0.12819934 0.06199997
v -0.08039719 -0.12819934 0.06199997
v -0.08025664 -0.10418404 0.05699997
v -0.08025664 -0.10418404 0.05699997
v -0.08025664 -0.10418404 0.06199997
v -0.08025664 -0.10418404 0.06199997
v -0.08025664 -0.10158402 0.05699997
v -0.08025664 -0.10158402 0.05699997
v -0.08025664 -0.10158402 0.06199997
v -0.08025664 -0.10158402 0.06199997
v -0.08025664 -0.05327237 0.05699997
v -0.08025664 -0.05327237 0.05699997
v -0.08025664 -0.05327237 0.06199997
v -0.08025664 -0.05327237 0.06199997
v -0.08025664 -0.05067236 0.05699997
v -0.08025664 -0.05067236 0.05699997
v -0.08025664 -0.05067236 0.06199997
v -0.08025664 -0.05067236 0.06199997
v -0.08022827 -0.1283682 0.05699997
v -0.08022827 -0.1283682 0.05699997
v -0.08022827 -0.12677438 0.05699997
v -0.08022827 -0.10520894 0.05699997
v -0.08022827 -0.09843785 0.05699997
v -0.08022827 -0.08443845 0.05699997
v -0.08022827 -0.07257164 0.05699997
v -0.08022827 -0.06443251 0.05699997
v -0.08022827 -0.05972499 0.05699997
v -0.08022827 -0.04772503 0.05699997
v -0.08022827 -0.04382247 0.05699997
v -0.08022827 -0.04250002 0.05699997
v -0.08022827 -0.03499997 0.05699997
v -0.08022827 -0.031025 0.05699997
v -0.08022827 -0.02781988 0.05699997
v -0.08022827 -0.0232358 0.05699997
v -0.08022827 0.01759487 0.05699997
v -0.08022827 0.02781987 0.05699997
v -0.08022827 0.03500002 0.05699997
v -0.08022827 0.04250001 0.05699997
v -0.08022827 0.04601377 0.05699997
v -0.08022827 0.04772502 0.05699997
v -0.08022827 0.06197494 0.05699997
v -0.08022827 0.07071501 0.05699997
v -0.08022827 0.08478587 0.05699997
v -0.08022827 0.10076266 0.05699997
v -0.08022827 0.12836819 0.05699997
v -0.08022827 0.12836819 0.05699997
v -0.08014649 0.12844997 0.05699997
v -0.08014649 0.12844997 0.05699997
v -0.07992011 -0.10413975 0.05699997
v -0.07992011 -0.10413975 0.05699997
v -0.07992011 -0.10413975 0.06199997
v -0.07992011 -0.10413975 0.06199997
v -0.07992011 -0.10162831 0.05699997
v -0.07992011 -0.10162831 0.05699997
v -0.07992011 -0.10162831 0.06199997
v -0.07992011 -0.10162831 0.06199997
v -0.07992011 -0.05322803 0.05699997
v -0.07992011 -0.05322803 0.05699997
v -0.07992011 -0.05322803 0.06199997
v -0.07992011 -0.05322803 0.06199997
v -0.07992011 -0.05071664 0.05699997
v -0.07992011 -0.05071664 0.05699997
v -0.07992011 -0.05071664 0.06199997
v -0.07992011 -0.05071664 0.06199997
v -0.07960659 -0.10400987 0.05699997
v -0.07960659 -0.10400987 0.05699997
v -0.07960659 -0.10400987 0.06199997
v -0.07960659 -0.10400987 0.06199997
v -0.07960659 -0.10175819 0.05699997
v -0.07960659 -0.10175819 0.05699997
v -0.07960659 -0.10175819 0.06199997
v -0.07960659 -0.10175819 0.06199997
v -0.07960659 -0.05309821 0.05699997
v -0.07960659 -0.05309821 0.05699997
v -0.07960659 -0.05309821 0.06199997
v -0.07960659 -0.05309821 0.06199997
v -0.07960659 -0.05084652 0.05699997
v -0.07960659 -0.05084652 0.05699997
v -0.07960659 -0.05084652 0.06199997
v -0.07960659 -0.05084652 0.06199997
v -0.07933742 -0.10380328 0.05699997
v -0.07933742 -0.10380328 0.05699997
v -0.07933742 -0.10380328 0.06199997
v -0.07933742 -0.10380328 0.06199997
v -0.07933742 -0.10196478 0.05699997
v -0.07933742 -0.10196478 0.05699997
v -0.07933742 -0.10196478 0.06199997
v -0.07933742 -0.10196478 0.06199997
v -0.07933742 -0.05289162 0.05699997
v -0.07933742 -0.05289162 0.05699997
v -0.07933742 -0.05289162 0.06199997
v -0.07933742 -0.05289162 0.06199997
v -0.07933742 -0.05105311 0.05699997
v -0.07933742 -0.05105311 0.05699997
v -0.07933742 -0.05105311 0.06199997
v -0.07933742 -0.05105311 0.06199997
v -0.07913083 -0.10353405 0.05699997
v -0.07913083 -0.10353405 0.05699997
v -0.07913083 -0.10353405 0.06199997
v -0.07913083 -0.10353405 0.06199997
v -0.07913083 -0.10223401 0.05699997
v -0.07913083 -0.10223401 0.05699997
v -0.07913083 -0.10223401 0.06199997
v -0.07913083 -0.10223401 0.06199997
v -0.07913083 -0.05262232 0.05699997
v -0.07913083 -0.05262232 0.05699997
v -0.07913083 -0.05262232 0.06199997
v -0.07913083 -0.05262232 0.06199997
v -0.07913083 -0.05132235 0.05699997
v -0.07913083 -0.05132235 0.05699997
v -0.07913083 -0.05132235 0.06199997
v -0.07913083 -0.05132235 0.06199997
v -0.07900089 -0.10322053 0.05699997
v -0.07900089 -0.10322053 0.05699997
v -0.07900089 -0.10322053 0.06199997
v -0.07900089 -0.10322053 0.06199997
v -0.07900089 -0.10254759 0.05699997
v -0.07900089 -0.10254759 0.05699997
v -0.07900089 -0.10254759 0.06199997
v -0.07900089 -0.10254759 0.06199997
v -0.07900089 -0.0523088 0.05699997
v -0.07900089 -0.0523088 0.05699997
v -0.07900089 -0.0523088 0.06199997
v -0.07900089 -0.0523088 0.06199997
v -0.07900089 -0.05163587 0.05699997
v -0.07900089 -0.05163587 0.05699997
v -0.07900089 -0.05163587 0.06199997
v -0.07900089 -0.05163587 0.06199997
v -0.07895667 -0.10288406 0.05699997
v -0.07895667 -0.10288406 0.05699997
v -0.07895667 -0.10288406 0.06199997
v -0.07895667 -0.10288406 0.06199997
v -0.07895667 -0.05197233 0.05699997
v -0.07895667 -0.05197233 0.05699997
v -0.07895667 -0.05197233 0.06199997
v -0.07895667 -0.05197233 0.06199997
v -0.07872147 0.129875 0.06199997
v -0.07872147 0.129875 0.06199997
v -0.07145327 -0.1371432 0.06199997
v -0.07145327 -0.1371432 0.06199997
v -0.07145327 -0.12819934 0.06199997
v -0.07145327 -0.10520894 0.06199997
v -0.07145327 -0.09843785 0.06199997
v -0.07145327 -0.08443845 0.06199997
v -0.07145327 -0.07257164 0.06199997
v -0.07145327 -0.06443251 0.06199997
v -0.07145327 -0.05829996 0.06199997
v -0.07145327 -0.05501116 0.06199997
v -0.07145327 -0.0509612 0.06199997
v -0.07145327 -0.04973364 0.06199997
v -0.07145327 -0.04382247 0.06199997
v -0.07145327 -0.04250002 0.06199997
v -0.07145327 -0.03499997 0.06199997
v -0.07145327 -0.031025 0.06199997
v -0.07145327 -0.02781988 0.06199997
v -0.07145327 -0.0232358 0.06199997
v -0.07145327 0.01759487 0.06199997
v -0.07145327 0.02781987 0.06199997
v -0.07145327 0.03500002 0.06199997
v -0.07145327 0.04250001 0.06199997
v -0.07145327 0.04601377 0.06199997
v -0.07145327 0.04914999 0.06199997
v -0.07145327 0.06197494 0.06199997
v -0.07145327 0.07071501 0.06199997
v -0.07145327 0.08478587 0.06199997
v -0.07145327 0.10076266 0.06199997
v -0.07145327 0.129875 0.06199997
v -0.07145327 0.13714319 0.06199997
v -0.07145327 0.13714319 0.06199997
v -0.06567151 0.14292496 0.06199997
v -0.06567151 0.14292496 0.06199997
v -0.06424648 0.14434999 0.05699997
v -0.06424648 0.14434999 0.05699997
v -0.06394988 -0.02563978 0.05699997
v -0.06394988 -0.02563978 0.05699997
v -0.06394988 -0.02563978 0.06199997
v -0.06394988 -0.02563978 0.06199997
v -0.06394988 0.02563977 0.05699997
v -0.06394988 0.02563977 0.05699997
v -0.06394988 0.02563977 0.06199997
v -0.06394988 0.02563977 0.06199997
v -0.06388003 -0.02617038 0.05699997
v -0.06388003 -0.02617038 0.05699997
v -0.06388003 -0.02617038 0.06199997
v -0.06388003 -0.02617038 0.06199997
v -0.06388003 -0.02510924 0.05699997
v -0.06388003 -0.02510924 0.05699997
v -0.06388003 -0.02510924 0.06199997
v -0.06388003 -0.02510924 0.06199997
v -0.06388003 0.02510923 0.05699997
v -0.06388003 0.02510923 0.05699997
v -0.06388003 0.02510923 0.06199997
v -0.06388003 0.02510923 0.06199997
v -0.06388003 0.02617037 0.05699997
v -0.06388003 0.02617037 0.05699997
v -0.06388003 0.02617037 0.06199997
v -0.06388003 0.02617037 0.06199997
v -0.06367523 -0.0266648 0.05699997
v -0.06367523 -0.0266648 0.05699997
v -0.06367523 -0.0266648 0.06199997
v -0.06367523 -0.0266648 0.06199997
v -0.06367523 -0.02461482 0.05699997
v -0.06367523 -0.02461482 0.05699997
v -0.06367523 -0.02461482 0.06199997
v -0.06367523 -0.02461482 0.06199997
v -0.06367523 0.02461481 0.05699997
v -0.06367523 0.02461481 0.05699997
v -0.06367523 0.02461481 0.06199997
v -0.06367523 0.02461481 0.06199997
v -0.06367523 0.02666479 0.05699997
v -0.06367523 0.02666479 0.05699997
v -0.06367523 0.02666479 0.06199997
v -0.06367523 0.02666479 0.06199997
v -0.06334955 -0.02708936 0.05699997
v -0.06334955 -0.02708936 0.05699997
v -0.06334955 -0.02708936 0.06199997
v -0.06334955 -0.02708936 0.06199997
v -0.06334955 -0.02419019 0.05699997
v -0.06334955 -0.02419019 0.05699997
v -0.06334955 -0.02419019 0.06199997
v -0.06334955 -0.02419019 0.06199997
v -0.06334955 0.02419024 0.05699997
v -0.06334955 0.02419024 0.05699997
v -0.06334955 0.02419024 0.06199997
v -0.06334955 0.02419024 0.06199997
v -0.06334955 0.02708935 0.05699997
v -0.06334955 0.02708935 0.05699997
v -0.06334955 0.02708935 0.06199997
v -0.06334955 0.02708935 0.06199997
v -0.06292492 -0.02741516 0.05699997
v -0.06292492 -0.02741516 0.05699997
v -0.06292492 -0.02741516 0.06199997
v -0.06292492 -0.02741516 0.06199997
v -0.06292492 -0.02386445 0.05699997
v -0.06292492 -0.02386445 0.05699997
v -0.06292492 -0.02386445 0.06199997
v -0.06292492 -0.02386445 0.06199997
v -0.06292492 0.02386444 0.05699997
v -0.06292492 0.02386444 0.05699997
v -0.06292492 0.02386444 0.06199997
v -0.06292492 0.02386444 0.06199997
v -0.06292492 0.02741515 0.05699997
v -0.06292492 0.02741515 0.05699997
v -0.06292492 0.02741515 0.06199997
v -0.06292492 0.02741515 0.06199997
v -0.06243056 -0.02761996 0.05699997
v -0.06243056 -0.02761996 0.05699997
v -0.06243056 -0.02761996 0.06199997
v -0.06243056 -0.02761996 0.06199997
v -0.06243056 -0.02365965 0.05699997
v -0.06243056 -0.02365965 0.05699997
v -0.06243056 -0.02365965 0.06199997
v -0.06243056 -0.02365965 0.06199997
v -0.06243056 0.02365964 0.05699997
v -0.06243056 0.02365964 0.05699997
v -0.06243056 0.02365964 0.06199997
v -0.06243056 0.02365964 0.06199997
v -0.06243056 0.02761995 0.05699997
v -0.06243056 0.02761995 0.05699997
v -0.06243056 0.02761995 0.06199997
v -0.06243056 0.02761995 0.06199997
v -0.06197494 -0.14662153 0.06199997
v -0.06197494 -0.14662153 0.06199997
v -0.06197494 -0.12819934 0.06199997
v -0.06197494 -0.10520894 0.06199997
v -0.06197494 -0.09843785 0.06199997
v -0.06197494 -0.08443845 0.06199997
v -0.06197494 -0.07257164 0.06199997
v -0.06197494 -0.06443251 0.06199997
v -0.06197494 -0.05829996 0.06199997
v -0.06197494 -0.05501116 0.06199997
v -0.06197494 -0.0509612 0.06199997
v -0.06197494 -0.04973364 0.06199997
v -0.06197494 -0.04382247 0.06199997
v -0.06197494 -0.04250002 0.06199997
v -0.06197494 -0.03499997 0.06199997
v -0.06197494 -0.031025 0.06199997
v -0.06197494 -0.02781988 0.06199997
v -0.06197494 -0.0232358 0.06199997
v -0.06197494 0.01759487 0.06199997
v -0.06197494 0.02781987 0.06199997
v -0.06197494 0.03500002 0.06199997
v -0.06197494 0.04250001 0.06199997
v -0.06197494 0.04601377 0.06199997
v -0.06197494 0.04914999 0.06199997
v -0.06197494 0.06197494 0.06199997
v -0.06197494 0.07071501 0.06199997
v -0.06197494 0.08478587 0.06199997
v -0.06197494 0.10076266 0.06199997
v -0.06197494 0.129875 0.06199997
v -0.06197494 0.14292496 0.06199997
v -0.06197494 0.14662152 0.06199997
v -0.06197494 0.14662152 0.06199997
v -0.06189996 -0.02768982 0.05699997
v -0.06189996 -0.02768982 0.05699997
v -0.06189996 -0.02768982 0.06199997
v -0.06189996 -0.02768982 0.06199997
v -0.06189996 -0.02358979 0.05699997
v -0.06189996 -0.02358979 0.05699997
v -0.06189996 -0.02358979 0.06199997
v -0.06189996 -0.02358979 0.06199997
v -0.06189996 0.02358979 0.05699997
v -0.06189996 0.02358979 0.05699997
v -0.06189996 0.02358979 0.06199997
v -0.06189996 0.02358979 0.06199997
v -0.06189996 0.02768981 0.05699997
v -0.06189996 0.02768981 0.05699997
v -0.06189996 0.02768981 0.06199997
v -0.06189996 0.02768981 0.06199997
v -0.06136936 -0.02761996 0.05699997
v -0.06136936 -0.02761996 0.05699997
v -0.06136936 -0.02761996 0.06199997
v -0.06136936 -0.02761996 0.06199997
v -0.06136936 -0.02365965 0.05699997
v -0.06136936 -0.02365965 0.05699997
v -0.06136936 -0.02365965 0.06199997
v -0.06136936 -0.02365965 0.06199997
v -0.06136936 0.02365964 0.05699997
v -0.06136936 0.02365964 0.05699997
v -0.06136936 0.02365964 0.06199997
v -0.06136936 0.02365964 0.06199997
v -0.06136936 0.02761995 0.05699997
v -0.06136936 0.02761995 0.05699997
v -0.06136936 0.02761995 0.06199997
v -0.06136936 0.02761995 0.06199997
v -0.06109649 -0.14749998 0.05699997
v -0.06109649 -0.14749998 0.05699997
v -0.06109649 -0.14749998 0.06199997
v -0.06109649 -0.14749998 0.06199997
v -0.06109649 0.14749997 0.05699997
v -0.06109649 0.14749997 0.05699997
v -0.06109649 0.14749997 0.06199997
v -0.06109649 0.14749997 0.06199997
v -0.06087488 -0.02741516 0.05699997
v -0.06087488 -0.02741516 0.05699997
v -0.06087488 -0.02741516 0.06199997
v -0.06087488 -0.02741516 0.06199997
v -0.06087488 -0.02386445 0.05699997
v -0.06087488 -0.02386445 0.05699997
v -0.06087488 -0.02386445 0.06199997
v -0.06087488 -0.02386445 0.06199997
v -0.06087488 0.02386444 0.05699997
v -0.06087488 0.02386444 0.05699997
v -0.06087488 0.02386444 0.06199997
v -0.06087488 0.02386444 0.06199997
v -0.06087488 0.02741515 0.05699997
v -0.06087488 0.02741515 0.05699997
v -0.06087488 0.02741515 0.06199997
v -0.06087488 0.02741515 0.06199997
v -0.06045038 -0.02708936 0.05699997
v -0.06045038 -0.02708936 0.05699997
v -0.06045038 -0.02708936 0.06199997
v -0.06045038 -0.02708936 0.06199997
v -0.06045038 -0.02419019 0.05699997
v -0.06045038 -0.02419019 0.05699997
v -0.06045038 -0.02419019 0.06199997
v -0.06045038 -0.02419019 0.06199997
v -0.06045038 0.02419024 0.05699997
v -0.06045038 0.02419024 0.05699997
v -0.06045038 0.02419024 0.06199997
v -0.06045038 0.02419024 0.06199997
v -0.06045038 0.02708935 0.05699997
v -0.06045038 0.02708935 0.05699997
v -0.06045038 0.02708935 0.06199997
v -0.06045038 0.02708935 0.06199997
v -0.06012458 -0.0266648 0.05699997
v -0.06012458 -0.0266648 0.05699997
v -0.06012458 -0.0266648 0.06199997
v -0.06012458 -0.0266648 0.06199997
v -0.06012458 -0.02461482 0.05699997
v -0.06012458 -0.02461482 0.05699997
v -0.06012458 -0.02461482 0.06199997
v -0.06012458 -0.02461482 0.06199997
v -0.06012458 0.02461481 0.05699997
v -0.06012458 0.02461481 0.05699997
v -0.06012458 0.02461481 0.06199997
v -0.06012458 0.02461481 0.06199997
v -0.06012458 0.02666479 0.05699997
v -0.06012458 0.02666479 0.05699997
v -0.06012458 0.02666479 0.06199997
v -0.06012458 0.02666479 0.06199997
v -0.05991978 -0.02617038 0.05699997
v -0.05991978 -0.02617038 0.05699997
v -0.05991978 -0.02617038 0.06199997
v -0.05991978 -0.02617038 0.06199997
v -0.05991978 -0.02510924 0.05699997
v -0.05991978 -0.02510924 0.05699997
v -0.05991978 -0.02510924 0.06199997
v -0.05991978 -0.02510924 0.06199997
v -0.05991978 0.02510923 0.05699997
v -0.05991978 0.02510923 0.05699997
v -0.05991978 0.02510923 0.06199997
v -0.05991978 0.02510923 0.06199997
v -0.05991978 0.02617037 0.05699997
v -0.05991978 0.02617037 0.05699997
v -0.05991978 0.02617037 0.06199997
v -0.05991978 0.02617037 0.06199997
v -0.05984992 -0.02563978 0.05699997
v -0.05984992 -0.02563978 0.05699997
v -0.05984992 -0.02563978 0.06199997
v -0.05984992 -0.02563978 0.06199997
v -0.05984992 0.02563977 0.05699997
v -0.05984992 0.02563977 0.05699997
v -0.05984992 0.02563977 0.06199997
v -0.05984992 0.02563977 0.06199997
v -0.05974406 -0.00553608 0.05699997
v -0.05974406 -0.00553608 0.05699997
v -0.05974406 -0.00553608 0.06199997
v -0.05974406 -0.00553608 0.06199997
v -0.05974406 0.00553607 0.05699997
v -0.05974406 0.00553607 0.05699997
v -0.05974406 0.00553607 0.06199997
v -0.05974406 0.00553607 0.06199997
v -0.05972499 -0.14749998 0.05699997
v -0.05972499 -0.14749998 0.05699997
v -0.05972499 -0.12677438 0.05699997
v -0.05972499 -0.10520894 0.05699997
v -0.05972499 -0.09843785 0.05699997
v -0.05972499 -0.08443845 0.05699997
v -0.05972499 -0.07257164 0.05699997
v -0.05972499 -0.06443251 0.05699997
v -0.05972499 -0.05972499 0.05699997
v -0.05972499 -0.04772503 0.05699997
v -0.05972499 -0.04382247 0.05699997
v -0.05972499 -0.04250002 0.05699997
v -0.05972499 -0.03499997 0.05699997
v -0.05972499 -0.031025 0.05699997
v -0.05972499 -0.02781988 0.05699997
v -0.05972499 -0.0232358 0.05699997
v -0.05972499 0.01759487 0.05699997
v -0.05972499 0.02781987 0.05699997
v -0.05972499 0.03500002 0.05699997
v -0.05972499 0.04250001 0.05699997
v -0.05972499 0.04601377 0.05699997
v -0.05972499 0.04772502 0.05699997
v -0.05972499 0.06197494 0.05699997
v -0.05972499 0.07071501 0.05699997
v -0.05972499 0.08478587 0.05699997
v -0.05972499 0.10076266 0.05699997
v -0.05972499 0.12844997 0.05699997
v -0.05972499 0.14434999 0.05699997
v -0.05972499 0.14749997 0.05699997
v -0.05972499 0.14749997 0.05699997
v -0.05960006 -0.139 0.05699997
v -0.05960006 0.13899999 0.05699997
v -0.0594092 -0.14044941 0.05699997
v -0.0594092 -0.1375506 0.05699997
v -0.0594092 0.13755065 0.05699997
v -0.0594092 0.14044934 0.05699997
v -0.05884975 -0.14179999 0.05699997
v -0.05884975 -0.13620002 0.05699997
v -0.05884975 0.13620001 0.05699997
v -0.05884975 0.14179998 0.05699997
v -0.05795986 -0.14295978 0.05699997
v -0.05795986 -0.13504023 0.05699997
v -0.05795986 0.13504022 0.05699997
v -0.05795986 0.14295977 0.05699997
v -0.05791539 0.01567846 0.05699997
v -0.05791539 0.01567846 0.05699997
v -0.05785042 -0.14749998 0.05699997
v -0.05785042 -0.14749998 0.05699997
v -0.05785042 -0.12677438 0.05699997
v -0.05785042 -0.10520894 0.05699997
v -0.05785042 -0.09843785 0.05699997
v -0.05785042 -0.08443845 0.05699997
v -0.05785042 -0.07257164 0.05699997
v -0.05785042 -0.06443251 0.05699997
v -0.05785042 -0.05972499 0.05699997
v -0.05785042 -0.04772503 0.05699997
v -0.05785042 -0.04382247 0.05699997
v -0.05785042 -0.04250002 0.05699997
v -0.05785042 -0.03499997 0.05699997
v -0.05785042 -0.031025 0.05699997
v -0.05785042 -0.02781988 0.05699997
v -0.05785042 -0.0232358 0.05699997
v -0.05785042 0.01759487 0.05699997
v -0.05785042 0.02781987 0.05699997
v -0.05785042 0.03500002 0.05699997
v -0.05785042 0.04250001 0.05699997
v -0.05785042 0.04601377 0.05699997
v -0.05785042 0.04772502 0.05699997
v -0.05785042 0.06197494 0.05699997
v -0.05785042 0.07071501 0.05699997
v -0.05785042 0.08478587 0.05699997
v -0.05785042 0.10076266 0.05699997
v -0.05785042 0.12844997 0.05699997
v -0.05785042 0.14434999 0.05699997
v -0.05785042 0.14749997 0.05699997
v -0.05785042 0.14749997 0.05699997
v -0.05770952 -0.01641977 0.05699997
v -0.05770952 -0.01641977 0.05699997
v -0.05770952 -0.01641977 0.06199997
v -0.05770952 -0.01641977 0.06199997
v -0.05770952 0.01641976 0.05699997
v -0.05770952 0.01641976 0.05699997
v -0.05770952 0.01641976 0.06199997
v -0.05770952 0.01641976 0.06199997
v -0.05679995 -0.14384974 0.05699997
v -0.05679995 -0.13415027 0.05699997
v -0.05679995 0.1341502 0.05699997
v -0.05679995 0.14384979 0.05699997
v -0.05675 -0.139 0.05984991
v -0.05675 -0.139 0.05984991
v -0.05675 -0.139 0.06199997
v -0.05675 -0.139 0.06199997
v -0.05675 0.13899999 0.05984991
v -0.05675 0.13899999 0.05984991
v -0.05675 0.13899999 0.06199997
v -0.05675 0.13899999 0.06199997
v -0.0566563 -0.13971174 0.05984991
v -0.0566563 -0.13971174 0.05984991
v -0.0566563 -0.13971174 0.06199997
v -0.0566563 -0.13971174 0.06199997
v -0.0566563 -0.13828826 0.05984991
v -0.0566563 -0.13828826 0.05984991
v -0.0566563 -0.13828826 0.06199997
v -0.0566563 -0.13828826 0.06199997
v -0.0566563 0.1382882 0.05984991
v -0.0566563 0.1382882 0.05984991
v -0.0566563 0.1382882 0.06199997
v -0.0566563 0.1382882 0.06199997
v -0.0566563 0.13971179 0.05984991
v -0.0566563 0.13971179 0.05984991
v -0.0566563 0.13971179 0.06199997
v -0.0566563 0.13971179 0.06199997
v -0.05642539 -0.14749998 0.06199997
v -0.05642539 -0.14749998 0.06199997
v -0.05642539 -0.12819934 0.06199997
v -0.05642539 -0.10520894 0.06199997
v -0.05642539 -0.09843785 0.06199997
v -0.05642539 -0.08443845 0.06199997
v -0.05642539 -0.07257164 0.06199997
v -0.05642539 -0.06443251 0.06199997
v -0.05642539 -0.05829996 0.06199997
v -0.05642539 -0.05501116 0.06199997
v -0.05642539 -0.0509612 0.06199997
v -0.05642539 -0.04973364 0.06199997
v -0.05642539 -0.04382247 0.06199997
v -0.05642539 -0.04250002 0.06199997
v -0.05642539 -0.03499997 0.06199997
v -0.05642539 -0.031025 0.06199997
v -0.05642539 -0.02781988 0.06199997
v -0.05642539 -0.0232358 0.06199997
v -0.05642539 0.02781987 0.06199997
v -0.05642539 0.03500002 0.06199997
v -0.05642539 0.04250001 0.06199997
v -0.05642539 0.04601377 0.06199997
v -0.05642539 0.04914999 0.06199997
v -0.05642539 0.06197494 0.06199997
v -0.05642539 0.07071501 0.06199997
v -0.05642539 0.08478587 0.06199997
v -0.05642539 0.10076266 0.06199997
v -0.05642539 0.129875 0.06199997
v -0.05642539 0.14292496 0.06199997
v -0.05642539 0.14749997 0.06199997
v -0.05642539 0.14749997 0.06199997
v -0.05638153 -0.14037502 0.05984991
v -0.05638153 -0.14037502 0.05984991
v -0.05638153 -0.14037502 0.06199997
v -0.05638153 -0.14037502 0.06199997
v -0.05638153 -0.13762498 0.05984991
v -0.05638153 -0.13762498 0.05984991
v -0.05638153 -0.13762498 0.06199997
v -0.05638153 -0.13762498 0.06199997
v -0.05638153 0.13762503 0.05984991
v -0.05638153 0.13762503 0.05984991
v -0.05638153 0.13762503 0.06199997
v -0.05638153 0.13762503 0.06199997
v -0.05638153 0.14037495 0.05984991
v -0.05638153 0.14037495 0.05984991
v -0.05638153 0.14037495 0.06199997
v -0.05638153 0.14037495 0.06199997
v -0.05610079 -0.07742817 0.05699997
v -0.05610079 -0.07742817 0.05699997
v -0.05610079 -0.07742817 0.06199997
v -0.05610079 -0.07742817 0.06199997
v -0.05605644 -0.07776464 0.05699997
v -0.05605644 -0.07776464 0.05699997
v -0.05605644 -0.07776464 0.06199997
v -0.05605644 -0.07776464 0.06199997
v -0.05605644 -0.0770917 0.05699997
v -0.05605644 -0.0770917 0.05699997
v -0.05605644 -0.0770917 0.06199997
v -0.05605644 -0.0770917 0.06199997
v -0.0559445 -0.14094455 0.05984991
v -0.0559445 -0.14094455 0.05984991
v -0.0559445 -0.14094455 0.06199997
v -0.0559445 -0.14094455 0.06199997
v -0.0559445 -0.13705546 0.05984991
v -0.0559445 -0.13705546 0.05984991
v -0.0559445 -0.13705546 0.06199997
v -0.0559445 -0.13705546 0.06199997
v -0.0559445 0.13705545 0.05984991
v -0.0559445 0.13705545 0.05984991
v -0.0559445 0.13705545 0.06199997
v -0.0559445 0.13705545 0.06199997
v -0.0559445 0.14094454 0.05984991
v -0.0559445 0.14094454 0.05984991
v -0.0559445 0.14094454 0.06199997
v -0.0559445 0.14094454 0.06199997
v -0.05592662 -0.07807822 0.05699997
v -0.05592662 -0.07807822 0.05699997
v -0.05592662 -0.07807822 0.06199997
v -0.05592662 -0.07807822 0.06199997
v -0.05592662 -0.07677818 0.05699997
v -0.05592662 -0.07677818 0.05699997
v -0.05592662 -0.07677818 0.06199997
v -0.05592662 -0.07677818 0.06199997
v -0.05572003 -0.07834745 0.05699997
v -0.05572003 -0.07834745 0.05699997
v -0.05572003 -0.07834745 0.06199997
v -0.05572003 -0.07834745 0.06199997
v -0.05572003 -0.07650894 0.05699997
v -0.05572003 -0.07650894 0.05699997
v -0.05572003 -0.07650894 0.06199997
v -0.05572003 -0.07650894 0.06199997
v -0.05545074 -0.07855404 0.05699997
v -0.05545074 -0.07855404 0.05699997
v -0.05545074 -0.07855404 0.06199997
v -0.05545074 -0.07855404 0.06199997
v -0.05545074 -0.07630235 0.05699997
v -0.05545074 -0.07630235 0.05699997
v -0.05545074 -0.07630235 0.06199997
v -0.05545074 -0.07630235 0.06199997
v -0.05544943 -0.14440918 0.05699997
v -0.05544943 -0.13359082 0.05699997
v -0.05544943 0.13359087 0.05699997
v -0.05544943 0.14440923 0.05699997
v -0.05537504 -0.14138157 0.05984991
v -0.05537504 -0.14138157 0.05984991
v -0.05537504 -0.14138157 0.06199997
v -0.05537504 -0.14138157 0.06199997
v -0.05537504 -0.13661844 0.05984991
v -0.05537504 -0.13661844 0.05984991
v -0.05537504 -0.13661844 0.06199997
v -0.05537504 -0.13661844 0.06199997
v -0.05537504 0.13661843 0.05984991
v -0.05537504 0.13661843 0.05984991
v -0.05537504 0.13661843 0.06199997
v -0.05537504 0.13661843 0.06199997
v -0.05537504 0.14138156 0.05984991
v -0.05537504 0.14138156 0.05984991
v -0.05537504 0.14138156 0.06199997
v -0.05537504 0.14138156 0.06199997
v -0.05513722 -0.07868392 0.05699997
v -0.05513722 -0.07868392 0.05699997
v -0.05513722 -0.07868392 0.06199997
v -0.05513722 -0.07868392 0.06199997
v -0.05513722 -0.07617248 0.05699997
v -0.05513722 -0.07617248 0.05699997
v -0.05513722 -0.07617248 0.06199997
v -0.05513722 -0.07617248 0.06199997
v -0.05500001 -0.10514868 0.05699997
v -0.05500001 -0.10514868 0.05699997
v -0.05500001 -0.10514868 0.06199997
v -0.05500001 -0.10514868 0.06199997
v -0.05480081 -0.0787282 0.05699997
v -0.05480081 -0.0787282 0.05699997
v -0.05480081 -0.0787282 0.06199997
v -0.05480081 -0.0787282 0.06199997
v -0.05480081 -0.07612819 0.05699997
v -0.05480081 -0.07612819 0.05699997
v -0.05480081 -0.07612819 0.06199997
v -0.05480081 -0.07612819 0.06199997
v -0.05471176 -0.14165628 0.05984991
v -0.05471176 -0.14165628 0.05984991
v -0.05471176 -0.14165628 0.06199997
v -0.05471176 -0.14165628 0.06199997
v -0.05471176 -0.13634372 0.05984991
v -0.05471176 -0.13634372 0.05984991
v -0.05471176 -0.13634372 0.06199997
v -0.05471176 -0.13634372 0.06199997
v -0.05471176 0.13634365 0.05984991
v -0.05471176 0.13634365 0.05984991
v -0.05471176 0.13634365 0.06199997
v -0.05471176 0.13634365 0.06199997
v -0.05471176 0.14165633 0.05984991
v -0.05471176 0.14165633 0.05984991
v -0.05471176 0.14165633 0.06199997
v -0.05471176 0.14165633 0.06199997
v -0.05448884 -0.10903097 0.05699997
v -0.05448884 -0.10903097 0.05699997
v -0.05448884 -0.10903097 0.06199997
v -0.05448884 -0.10903097 0.06199997
v -0.05448884 -0.10126639 0.05699997
v -0.05448884 -0.10126639 0.05699997
v -0.05448884 -0.10126639 0.06199997
v -0.05448884 -0.10126639 0.06199997
v -0.05446428 -0.07868392 0.05699997
v -0.05446428 -0.07868392 0.05699997
v -0.05446428 -0.07868392 0.06199997
v -0.05446428 -0.07868392 0.06199997
v -0.05446428 -0.07617248 0.05699997
v -0.05446428 -0.07617248 0.05699997
v -0.05446428 -0.07617248 0.06199997
v -0.05446428 -0.07617248 0.06199997
v -0.05415076 -0.07855404 0.05699997
v -0.05415076 -0.07855404 0.05699997
v -0.05415076 -0.07855404 0.06199997
v -0.05415076 -0.07855404 0.06199997
v -0.05415076 -0.07630235 0.05699997
v -0.05415076 -0.07630235 0.05699997
v -0.05415076 -0.07630235 0.06199997
v -0.05415076 -0.07630235 0.06199997
v -0.05399996 -0.14459998 0.05699997
v -0.05399996 -0.14174998 0.05984991
v -0.05399996 -0.14174998 0.05984991
v -0.05399996 -0.14174998 0.06199997
v -0.05399996 -0.14174998 0.06199997
v -0.05399996 -0.13625002 0.05984991
v -0.05399996 -0.13625002 0.05984991
v -0.05399996 -0.13625002 0.06199997
v -0.05399996 -0.13625002 0.06199997
v -0.05399996 -0.13340003 0.05699997
v -0.05399996 0.13340002 0.05699997
v -0.05399996 0.13624995 0.05984991
v -0.05399996 0.13624995 0.05984991
v -0.05399996 0.13624995 0.06199997
v -0.05399996 0.13624995 0.06199997
v -0.05399996 0.14175003 0.05984991
v -0.05399996 0.14175003 0.05984991
v -0.05399996 0.14175003 0.06199997
v -0.05399996 0.14175003 0.06199997
v -0.05399996 0.14459997 0.05699997
v -0.05388159 -0.07834745 0.05699997
v -0.05388159 -0.07834745 0.05699997
v -0.05388159 -0.07834745 0.06199997
v -0.05388159 -0.07834745 0.06199997
v -0.05388159 -0.07650894 0.05699997
v -0.05388159 -0.07650894 0.05699997
v -0.05388159 -0.07650894 0.06199997
v -0.05388159 -0.07650894 0.06199997
v -0.05370981 -0.02674431 0.05699997
v -0.05370981 -0.02674431 0.05699997
v -0.05370981 -0.02674431 0.06199997
v -0.05370981 -0.02674431 0.06199997
v -0.05370981 0.0267443 0.05699997
v -0.05370981 0.0267443 0.05699997
v -0.05370981 0.0267443 0.06199997
v -0.05370981 0.0267443 0.06199997
v -0.053675 -0.07807822 0.05699997
v -0.053675 -0.07807822 0.05699997
v -0.053675 -0.07807822 0.06199997
v -0.053675 -0.07807822 0.06199997
v -0.053675 -0.07677818 0.05699997
v -0.053675 -0.07677818 0.05699997
v -0.053675 -0.07677818 0.06199997
v -0.053675 -0.07677818 0.06199997
v -0.05354506 -0.07776464 0.05699997
v -0.05354506 -0.07776464 0.05699997
v -0.05354506 -0.07776464 0.06199997
v -0.05354506 -0.07776464 0.06199997
v -0.05354506 -0.0770917 0.05699997
v -0.05354506 -0.0770917 0.05699997
v -0.05354506 -0.0770917 0.06199997
v -0.05354506 -0.0770917 0.06199997
v -0.05350083 -0.07742817 0.05699997
v -0.05350083 -0.07742817 0.05699997
v -0.05350083 -0.07742817 0.06199997
v -0.05350083 -0.07742817 0.06199997
v -0.05328828 -0.14165628 0.05984991
v -0.05328828 -0.14165628 0.05984991
v -0.05328828 -0.14165628 0.06199997
v -0.05328828 -0.14165628 0.06199997
v -0.05328828 -0.13634372 0.05984991
v -0.05328828 -0.13634372 0.05984991
v -0.05328828 -0.13634372 0.06199997
v -0.05328828 -0.13634372 0.06199997
v -0.05328828 0.13634365 0.05984991
v -0.05328828 0.13634365 0.05984991
v -0.05328828 0.13634365 0.06199997
v -0.05328828 0.13634365 0.06199997
v -0.05328828 0.14165633 0.05984991
v -0.05328828 0.14165633 0.05984991
v -0.05328828 0.14165633 0.06199997
v -0.05328828 0.14165633 0.06199997
v -0.05314905 -0.06696511 0.05699997
v -0.05314905 -0.06696511 0.05699997
v -0.05314905 -0.06696511 0.06199997
v -0.05314905 -0.06696511 0.06199997
v -0.053132 -0.02787453 0.05699997
v -0.053132 -0.02787453 0.05699997
v -0.053132 -0.02787453 0.06199997
v -0.053132 -0.02787453 0.06199997
v -0.053132 0.02787452 0.06199997
v -0.053132 0.02787452 0.06199997
v -0.05307919 -0.06749565 0.05699997
v -0.05307919 -0.06749565 0.05699997
v -0.05307919 -0.06749565 0.06199997
v -0.05307919 -0.06749565 0.06199997
v -0.05307919 -0.06643451 0.05699997
v -0.05307919 -0.06643451 0.05699997
v -0.05307919 -0.06643451 0.06199997
v -0.05307919 -0.06643451 0.06199997
v -0.05299038 -0.11264873 0.05699997
v -0.05299038 -0.11264873 0.05699997
v -0.05299038 -0.11264873 0.06199997
v -0.05299038 -0.11264873 0.06199997
v -0.05299038 -0.09764868 0.05699997
v -0.05299038 -0.09764868 0.05699997
v -0.05299038 -0.09764868 0.06199997
v -0.05299038 -0.09764868 0.06199997
v -0.05287439 -0.06799007 0.05699997
v -0.05287439 -0.06799007 0.05699997
v -0.05287439 -0.06799007 0.06199997
v -0.05287439 -0.06799007 0.06199997
v -0.05287439 -0.06594009 0.05699997
v -0.05287439 -0.06594009 0.05699997
v -0.05287439 -0.06594009 0.06199997
v -0.05287439 -0.06594009 0.06199997
v -0.052625 -0.14138157 0.05984991
v -0.052625 -0.14138157 0.05984991
v -0.052625 -0.14138157 0.06199997
v -0.052625 -0.14138157 0.06199997
v -0.052625 -0.13661844 0.05984991
v -0.052625 -0.13661844 0.05984991
v -0.052625 -0.13661844 0.06199997
v -0.052625 -0.13661844 0.06199997
v -0.052625 0.13661843 0.05984991
v -0.052625 0.13661843 0.05984991
v -0.052625 0.13661843 0.06199997
v -0.052625 0.13661843 0.06199997
v -0.052625 0.14138156 0.05984991
v -0.052625 0.14138156 0.05984991
v -0.052625 0.14138156 0.06199997
v -0.052625 0.14138156 0.06199997
v -0.05255062 -0.14440918 0.05699997
v -0.05255062 -0.13359082 0.05699997
v -0.05255062 0.13359087 0.05699997
v -0.05255062 0.14440923 0.05699997
v -0.05254859 -0.06841463 0.05699997
v -0.05254859 -0.06841463 0.05699997
v -0.05254859 -0.06841463 0.06199997
v -0.05254859 -0.06841463 0.06199997
v -0.05254859 -0.06551552 0.05699997
v -0.05254859 -0.06551552 0.05699997
v -0.05254859 -0.06551552 0.06199997
v -0.05254859 -0.06551552 0.06199997
v -0.05212408 -0.06874043 0.05699997
v -0.05212408 -0.06874043 0.05699997
v -0.05212408 -0.06874043 0.06199997
v -0.05212408 -0.06874043 0.06199997
v -0.05212408 -0.06518972 0.05699997
v -0.05212408 -0.06518972 0.05699997
v -0.05212408 -0.06518972 0.06199997
v -0.05212408 -0.06518972 0.06199997
v -0.05205542 -0.14094455 0.05984991
v -0.05205542 -0.14094455 0.05984991
v -0.05205542 -0.14094455 0.06199997
v -0.05205542 -0.14094455 0.06199997
v -0.05205542 -0.13705546 0.05984991
v -0.05205542 -0.13705546 0.05984991
v -0.05205542 -0.13705546 0.06199997
v -0.05205542 -0.13705546 0.06199997
v -0.05205542 0.13705545 0.05984991
v -0.05205542 0.13705545 0.05984991
v -0.05205542 0.13705545 0.06199997
v -0.05205542 0.13705545 0.06199997
v -0.05205542 0.14094454 0.05984991
v -0.05205542 0.14094454 0.05984991
v -0.05205542 0.14094454 0.06199997
v -0.05205542 0.14094454 0.06199997
v -0.0516296 -0.06894523 0.05699997
v -0.0516296 -0.06894523 0.05699997
v -0.0516296 -0.06894523 0.06199997
v -0.0516296 -0.06894523 0.06199997
v -0.0516296 -0.06498492 0.05699997
v -0.0516296 -0.06498492 0.05699997
v -0.0516296 -0.06498492 0.06199997
v -0.0516296 -0.06498492 0.06199997
v -0.0516184 -0.14037502 0.05984991
v -0.0516184 -0.14037502 0.05984991
v -0.0516184 -0.14037502 0.06199997
v -0.0516184 -0.14037502 0.06199997
v -0.0516184 -0.13762498 0.05984991
v -0.0516184 -0.13762498 0.05984991
v -0.0516184 -0.13762498 0.06199997
v -0.0516184 -0.13762498 0.06199997
v -0.0516184 0.13762503 0.05984991
v -0.0516184 0.13762503 0.05984991
v -0.0516184 0.13762503 0.06199997
v -0.0516184 0.13762503 0.06199997
v -0.0516184 0.14037495 0.05984991
v -0.0516184 0.14037495 0.05984991
v -0.0516184 0.14037495 0.06199997
v -0.0516184 0.14037495 0.06199997
v -0.05134374 -0.13971174 0.05984991
v -0.05134374 -0.13971174 0.05984991
v -0.05134374 -0.13971174 0.06199997
v -0.05134374 -0.13971174 0.06199997
v -0.05134374 -0.13828826 0.05984991
v -0.05134374 -0.13828826 0.05984991
v -0.05134374 -0.13828826 0.06199997
v -0.05134374 -0.13828826 0.06199997
v -0.05134374 0.1382882 0.05984991
v -0.05134374 0.1382882 0.05984991
v -0.05134374 0.1382882 0.06199997
v -0.05134374 0.1382882 0.06199997
v -0.05134374 0.13971179 0.05984991
v -0.05134374 0.13971179 0.05984991
v -0.05134374 0.13971179 0.06199997
v -0.05134374 0.13971179 0.06199997
v -0.05127508 -0.03115863 0.05699997
v -0.05127508 -0.03115863 0.05699997
v -0.05127508 -0.03115863 0.06199997
v -0.05127508 -0.03115863 0.06199997
v -0.05125004 -0.139 0.05984991
v -0.05125004 -0.139 0.05984991
v -0.05125004 -0.139 0.06199997
v -0.05125004 -0.139 0.06199997
v -0.05125004 0.13899999 0.05984991
v -0.05125004 0.13899999 0.05984991
v -0.05125004 0.13899999 0.06199997
v -0.05125004 0.13899999 0.06199997
v -0.05119997 -0.14384974 0.05699997
v -0.05119997 -0.13415027 0.05699997
v -0.05119997 0.1341502 0.05699997
v -0.05119997 0.14384979 0.05699997
v -0.051099 -0.06901509 0.05699997
v -0.051099 -0.06901509 0.05699997
v -0.051099 -0.06901509 0.06199997
v -0.051099 -0.06901509 0.06199997
v -0.051099 -0.06491507 0.05699997
v -0.051099 -0.06491507 0.05699997
v -0.051099 -0.06491507 0.06199997
v -0.051099 -0.06491507 0.06199997
v -0.05060655 -0.11575532 0.05699997
v -0.05060655 -0.11575532 0.05699997
v -0.05060655 -0.11575532 0.06199997
v -0.05060655 -0.11575532 0.06199997
v -0.05060655 -0.09454209 0.05699997
v -0.05060655 -0.09454209 0.05699997
v -0.05060655 -0.09454209 0.06199997
v -0.05060655 -0.09454209 0.06199997
v -0.0505684 -0.06894523 0.05699997
v -0.0505684 -0.06894523 0.05699997
v -0.0505684 -0.06894523 0.06199997
v -0.0505684 -0.06894523 0.06199997
v -0.0505684 -0.06498492 0.05699997
v -0.0505684 -0.06498492 0.05699997
v -0.0505684 -0.06498492 0.06199997
v -0.0505684 -0.06498492 0.06199997
v -0.05035645 -0.03262252 0.06199997
v -0.05035645 -0.03262252 0.06199997
v -0.05035645 0.03262251 0.06199997
v -0.05035645 0.03262251 0.06199997
v -0.0501495 -0.14749998 0.06199997
v -0.0501495 -0.14749998 0.06199997
v -0.0501495 -0.12819934 0.06199997
v -0.0501495 -0.08443845 0.06199997
v -0.0501495 -0.07257164 0.06199997
v -0.0501495 -0.06443251 0.06199997
v -0.0501495 -0.05829996 0.06199997
v -0.0501495 -0.05501116 0.06199997
v -0.0501495 -0.0509612 0.06199997
v -0.0501495 -0.04973364 0.06199997
v -0.0501495 -0.04382247 0.06199997
v -0.0501495 -0.04250002 0.06199997
v -0.0501495 -0.03499997 0.06199997
v -0.0501495 0.03500002 0.06199997
v -0.0501495 0.04250001 0.06199997
v -0.0501495 0.04601377 0.06199997
v -0.0501495 0.04914999 0.06199997
v -0.0501495 0.06197494 0.06199997
v -0.0501495 0.07071501 0.06199997
v -0.0501495 0.08478587 0.06199997
v -0.0501495 0.10076266 0.06199997
v -0.0501495 0.129875 0.06199997
v -0.0501495 0.14292496 0.06199997
v -0.0501495 0.14749997 0.06199997
v -0.0501495 0.14749997 0.06199997
v -0.05007404 -0.06874043 0.05699997
v -0.05007404 -0.06874043 0.05699997
v -0.05007404 -0.06874043 0.06199997
v -0.05007404 -0.06874043 0.06199997
v -0.05007404 -0.06518972 0.05699997
v -0.05007404 -0.06518972 0.05699997
v -0.05007404 -0.06518972 0.06199997
v -0.05007404 -0.06518972 0.06199997
v -0.05004019 -0.14295978 0.05699997
v -0.05004019 -0.13504023 0.05699997
v -0.05004019 0.13504022 0.05699997
v -0.05004019 0.14295977 0.05699997
v -0.04964942 -0.06841463 0.05699997
v -0.04964942 -0.06841463 0.05699997
v -0.04964942 -0.06841463 0.06199997
v -0.04964942 -0.06841463 0.06199997
v -0.04964942 -0.06551552 0.05699997
v -0.04964942 -0.06551552 0.05699997
v -0.04964942 -0.06551552 0.06199997
v -0.04964942 -0.06551552 0.06199997
v -0.04932362 -0.06799007 0.05699997
v -0.04932362 -0.06799007 0.05699997
v -0.04932362 -0.06799007 0.06199997
v -0.04932362 -0.06799007 0.06199997
v -0.04932362 -0.06594009 0.05699997
v -0.04932362 -0.06594009 0.05699997
v -0.04932362 -0.06594009 0.06199997
v -0.04932362 -0.06594009 0.06199997
v -0.04915029 -0.14179999 0.05699997
v -0.04915029 -0.13620002 0.05699997
v -0.04915029 0.13620001 0.05699997
v -0.04915029 0.14179998 0.05699997
v -0.04911882 -0.06749565 0.05699997
v -0.04911882 -0.06749565 0.05699997
v -0.04911882 -0.06749565 0.06199997
v -0.04911882 -0.06749565 0.06199997
v -0.04911882 -0.06643451 0.05699997
v -0.04911882 -0.06643451 0.05699997
v -0.04911882 -0.06643451 0.06199997
v -0.04911882 -0.06643451 0.06199997
v -0.04904908 -0.06696511 0.05699997
v -0.04904908 -0.06696511 0.05699997
v -0.04904908 -0.06696511 0.06199997
v -0.04904908 -0.06696511 0.06199997
v -0.04869205 -0.03505821 0.05699997
v -0.04869205 -0.03505821 0.05699997
v -0.04869205 -0.03505821 0.06199997
v -0.04869205 -0.03505821 0.06199997
v -0.04869205 0.0350582 0.06199997
v -0.04869205 0.0350582 0.06199997
v -0.04859084 -0.14044941 0.05699997
v -0.04859084 -0.1375506 0.05699997
v -0.04859084 0.13755065 0.05699997
v -0.04859084 0.14044934 0.05699997
v -0.04839999 -0.139 0.05699997
v -0.04839999 0.13899999 0.05699997
v -0.04788107 -0.03615809 0.05699997
v -0.04788107 -0.03615809 0.05699997
v -0.04788107 -0.03615809 0.06199997
v -0.04788107 -0.03615809 0.06199997
v -0.04788107 0.03615808 0.05699997
v -0.04788107 0.03615808 0.05699997
v -0.04788107 0.03615808 0.06199997
v -0.04788107 0.03615808 0.06199997
v -0.04771286 -0.0363797 0.06199997
v -0.04771286 -0.0363797 0.06199997
v -0.04769439 -0.14749998 0.06199997
v -0.04769439 -0.14749998 0.06199997
v -0.04769439 -0.12819934 0.06199997
v -0.04769439 -0.08443845 0.06199997
v -0.04769439 -0.07257164 0.06199997
v -0.04769439 -0.06443251 0.06199997
v -0.04769439 -0.05829996 0.06199997
v -0.04769439 -0.05501116 0.06199997
v -0.04769439 -0.0509612 0.06199997
v -0.04769439 -0.04973364 0.06199997
v -0.04769439 -0.04382247 0.06199997
v -0.04769439 -0.04250002 0.06199997
v -0.04769439 0.04250001 0.06199997
v -0.04769439 0.04601377 0.06199997
v -0.04769439 0.04914999 0.06199997
v -0.04769439 0.06197494 0.06199997
v -0.04769439 0.07071501 0.06199997
v -0.04769439 0.08478587 0.06199997
v -0.04769439 0.10076266 0.06199997
v -0.04769439 0.129875 0.06199997
v -0.04769439 0.14292496 0.06199997
v -0.04769439 0.14749997 0.06199997
v -0.04769439 0.14749997 0.06199997
v -0.04749996 -0.11813909 0.05699997
v -0.04749996 -0.11813909 0.05699997
v -0.04749996 -0.11813909 0.06199997
v -0.04749996 -0.11813909 0.06199997
v -0.04749996 -0.09215832 0.05699997
v -0.04749996 -0.09215832 0.05699997
v -0.04749996 -0.09215832 0.06199997
v -0.04749996 -0.09215832 0.06199997
v -0.0474183 -0.0367629 0.05699997
v -0.0474183 -0.0367629 0.05699997
v -0.0473699 -0.14749998 0.05699997
v -0.0473699 -0.14749998 0.05699997
v -0.0473699 -0.12677438 0.05699997
v -0.0473699 -0.08443845 0.05699997
v -0.0473699 -0.07257164 0.05699997
v -0.0473699 -0.06443251 0.05699997
v -0.0473699 -0.05972499 0.05699997
v -0.0473699 -0.04772503 0.05699997
v -0.0473699 -0.04382247 0.05699997
v -0.0473699 -0.04250002 0.05699997
v -0.0473699 0.04250001 0.05699997
v -0.0473699 0.04601377 0.05699997
v -0.0473699 0.04772502 0.05699997
v -0.0473699 0.06197494 0.05699997
v -0.0473699 0.07071501 0.05699997
v -0.0473699 0.08478587 0.05699997
v -0.0473699 0.10076266 0.05699997
v -0.0473699 0.12844997 0.05699997
v -0.0473699 0.14434999 0.05699997
v -0.0473699 0.14749997 0.05699997
v -0.0473699 0.14749997 0.05699997
v -0.04633123 0.1182093 0.05699997
v -0.04633123 0.1182093 0.05699997
v -0.04633123 0.1182093 0.06199997
v -0.04633123 0.1182093 0.06199997
v -0.04626376 0.11936825 0.05699997
v -0.04626376 0.11936825 0.05699997
v -0.04626376 0.11936825 0.06199997
v -0.04626376 0.11936825 0.06199997
v -0.04612965 0.11706596 0.05699997
v -0.04612965 0.11706596 0.05699997
v -0.04612965 0.11706596 0.06199997
v -0.04612965 0.11706596 0.06199997
v -0.0459308 0.12048035 0.05699997
v -0.0459308 0.12048035 0.05699997
v -0.0459308 0.12048035 0.06199997
v -0.0459308 0.12048035 0.06199997
v -0.04566986 0.11599999 0.05699997
v -0.04566986 0.11599999 0.05699997
v -0.04566986 0.11599999 0.05699997
v -0.04566986 0.11599999 0.06199997
v -0.04566986 0.11599999 0.06199997
v -0.04566986 0.11599999 0.06199997
v -0.04535037 0.12148577 0.05699997
v -0.04535037 0.12148577 0.05699997
v -0.04535037 0.12148577 0.06199997
v -0.04535037 0.12148577 0.06199997
v -0.0445537 0.12233024 0.05699997
v -0.0445537 0.12233024 0.05699997
v -0.0445537 0.12233024 0.06199997
v -0.0445537 0.12233024 0.06199997
v -0.04388231 -0.11963761 0.05699997
v -0.04388231 -0.11963761 0.05699997
v -0.04388231 -0.11963761 0.06199997
v -0.04388231 -0.11963761 0.06199997
v -0.04388231 -0.0906598 0.05699997
v -0.04388231 -0.0906598 0.05699997
v -0.04388231 -0.0906598 0.06199997
v -0.04388231 -0.0906598 0.06199997
v -0.04358369 0.12296813 0.05699997
v -0.04358369 0.12296813 0.05699997
v -0.04358369 0.12296813 0.06199997
v -0.04358369 0.12296813 0.06199997
v -0.04249281 0.12336522 0.05699997
v -0.04249281 0.12336522 0.05699997
v -0.04249281 0.12336522 0.06199997
v -0.04249281 0.12336522 0.06199997
v -0.04223162 -0.04262031 0.05699997
v -0.04223162 -0.04262031 0.05699997
v -0.04223162 -0.04262031 0.06199997
v -0.04223162 -0.04262031 0.06199997
v -0.0413397 0.12350004 0.05699997
v -0.0413397 0.12350004 0.05699997
v -0.0413397 0.12350004 0.06199997
v -0.0413397 0.12350004 0.06199997
v -0.04093892 -0.04386342 0.05699997
v -0.04093892 -0.04386342 0.05699997
v -0.04093892 -0.04386342 0.06199997
v -0.04093892 -0.04386342 0.06199997
v -0.04042179 -0.04434056 0.05699997
v -0.04042179 -0.04434056 0.05699997
v -0.04042179 -0.04434056 0.06199997
v -0.04042179 -0.04434056 0.06199997
v -0.04042179 0.04434055 0.05699997
v -0.04042179 0.04434055 0.05699997
v -0.04042179 0.04434055 0.06199997
v -0.04042179 0.04434055 0.06199997
v -0.04000002 -0.12014872 0.05699997
v -0.04000002 -0.12014872 0.05699997
v -0.04000002 -0.12014872 0.06199997
v -0.04000002 -0.12014872 0.06199997
v -0.04000002 -0.09014869 0.05699997
v -0.04000002 -0.09014869 0.05699997
v -0.04000002 -0.09014869 0.06199997
v -0.04000002 -0.09014869 0.06199997
v -0.03611773 -0.11963761 0.05699997
v -0.03611773 -0.11963761 0.05699997
v -0.03611773 -0.11963761 0.06199997
v -0.03611773 -0.11963761 0.06199997
v -0.03611773 -0.0906598 0.05699997
v -0.03611773 -0.0906598 0.05699997
v -0.03611773 -0.0906598 0.06199997
v -0.03611773 -0.0906598 0.06199997
v -0.03249997 -0.11813909 0.05699997
v -0.03249997 -0.11813909 0.05699997
v -0.03249997 -0.11813909 0.06199997
v -0.03249997 -0.11813909 0.06199997
v -0.03249997 -0.09215832 0.05699997
v -0.03249997 -0.09215832 0.05699997
v -0.03249997 -0.09215832 0.06199997
v -0.03249997 -0.09215832 0.06199997
v -0.03158587 -0.05101306 0.05699997
v -0.03158587 -0.05101306 0.05699997
v -0.03158587 -0.05101306 0.06199997
v -0.03158587 -0.05101306 0.06199997
v -0.03158587 0.05101305 0.05699997
v -0.03158587 0.05101305 0.05699997
v -0.03158587 0.05101305 0.06199997
v -0.03158587 0.05101305 0.06199997
v -0.02939338 -0.11575532 0.05699997
v -0.02939338 -0.11575532 0.05699997
v -0.02939338 -0.11575532 0.06199997
v -0.02939338 -0.11575532 0.06199997
v -0.02939338 -0.09454209 0.05699997
v -0.02939338 -0.09454209 0.05699997
v -0.02939338 -0.09454209 0.06199997
v -0.02939338 -0.09454209 0.06199997
v -0.02768976 -0.06189991 0.05699997
v -0.02768976 -0.06189991 0.05699997
v -0.02768976 -0.06189991 0.06199997
v -0.02768976 -0.06189991 0.06199997
v -0.02768976 0.06189996 0.05699997
v -0.02768976 0.06189996 0.05699997
v -0.02768976 0.06189996 0.06199997
v -0.02768976 0.06189996 0.06199997
v -0.0276199 -0.06243051 0.05699997
v -0.0276199 -0.06243051 0.05699997
v -0.0276199 -0.06243051 0.06199997
v -0.0276199 -0.06243051 0.06199997
v -0.0276199 -0.06136936 0.05699997
v -0.0276199 -0.06136936 0.05699997
v -0.0276199 -0.06136936 0.06199997
v -0.0276199 -0.06136936 0.06199997
v -0.0276199 0.06136935 0.05699997
v -0.0276199 0.06136935 0.05699997
v -0.0276199 0.06136935 0.06199997
v -0.0276199 0.06136935 0.06199997
v -0.0276199 0.0624305 0.05699997
v -0.0276199 0.0624305 0.05699997
v -0.0276199 0.0624305 0.06199997
v -0.0276199 0.0624305 0.06199997
v -0.0274151 -0.06292493 0.05699997
v -0.0274151 -0.06292493 0.05699997
v -0.0274151 -0.06292493 0.06199997
v -0.0274151 -0.06292493 0.06199997
v -0.0274151 -0.06087494 0.05699997
v -0.0274151 -0.06087494 0.05699997
v -0.0274151 -0.06087494 0.06199997
v -0.0274151 -0.06087494 0.06199997
v -0.0274151 0.06087493 0.05699997
v -0.0274151 0.06087493 0.05699997
v -0.0274151 0.06087493 0.06199997
v -0.0274151 0.06087493 0.06199997
v -0.0274151 0.06292492 0.05699997
v -0.0274151 0.06292492 0.05699997
v -0.0274151 0.06292492 0.06199997
v -0.0274151 0.06292492 0.06199997
v -0.0270893 -0.06334949 0.05699997
v -0.0270893 -0.06334949 0.05699997
v -0.0270893 -0.06334949 0.06199997
v -0.0270893 -0.06334949 0.06199997
v -0.0270893 -0.06045038 0.05699997
v -0.0270893 -0.06045038 0.05699997
v -0.0270893 -0.06045038 0.06199997
v -0.0270893 -0.06045038 0.06199997
v -0.0270893 0.06045037 0.05699997
v -0.0270893 0.06045037 0.05699997
v -0.0270893 0.06045037 0.06199997
v -0.0270893 0.06045037 0.06199997
v -0.0270893 0.06334948 0.05699997
v -0.0270893 0.06334948 0.05699997
v -0.0270893 0.06334948 0.06199997
v -0.0270893 0.06334948 0.06199997
v -0.02700967 -0.11264873 0.05699997
v -0.02700967 -0.11264873 0.05699997
v -0.02700967 -0.11264873 0.06199997
v -0.02700967 -0.11264873 0.06199997
v -0.02700967 -0.09764868 0.05699997
v -0.02700967 -0.09764868 0.05699997
v -0.02700967 -0.09764868 0.06199997
v -0.02700967 -0.09764868 0.06199997
v -0.0266648 -0.06367529 0.05699997
v -0.0266648 -0.06367529 0.05699997
v -0.0266648 -0.06367529 0.06199997
v -0.0266648 -0.06367529 0.06199997
v -0.0266648 -0.06012458 0.05699997
v -0.0266648 -0.06012458 0.05699997
v -0.0266648 -0.06012458 0.06199997
v -0.0266648 -0.06012458 0.06199997
v -0.0266648 0.06012457 0.05699997
v -0.0266648 0.06012457 0.05699997
v -0.0266648 0.06012457 0.06199997
v -0.0266648 0.06012457 0.06199997
v -0.0266648 0.06367528 0.05699997
v -0.0266648 0.06367528 0.05699997
v -0.0266648 0.06367528 0.06199997
v -0.0266648 0.06367528 0.06199997
v -0.02617031 -0.06388009 0.05699997
v -0.02617031 -0.06388009 0.05699997
v -0.02617031 -0.06388009 0.06199997
v -0.02617031 -0.06388009 0.06199997
v -0.02617031 -0.05991978 0.05699997
v -0.02617031 -0.05991978 0.05699997
v -0.02617031 -0.05991978 0.06199997
v -0.02617031 -0.05991978 0.06199997
v -0.02617031 0.05991977 0.05699997
v -0.02617031 0.05991977 0.05699997
v -0.02617031 0.05991977 0.06199997
v -0.02617031 0.05991977 0.06199997
v -0.02617031 0.06388008 0.05699997
v -0.02617031 0.06388008 0.05699997
v -0.02617031 0.06388008 0.06199997
v -0.02617031 0.06388008 0.06199997
v -0.02563983 -0.06394995 0.05699997
v -0.02563983 -0.06394995 0.05699997
v -0.02563983 -0.06394995 0.06199997
v -0.02563983 -0.06394995 0.06199997
v -0.02563983 -0.05984992 0.05699997
v -0.02563983 -0.05984992 0.05699997
v -0.02563983 -0.05984992 0.06199997
v -0.02563983 -0.05984992 0.06199997
v -0.02563983 0.05984991 0.05699997
v -0.02563983 0.05984991 0.05699997
v -0.02563983 0.05984991 0.06199997
v -0.02563983 0.05984991 0.06199997
v -0.02563983 0.06394994 0.05699997
v -0.02563983 0.06394994 0.05699997
v -0.02563983 0.06394994 0.06199997
v -0.02563983 0.06394994 0.06199997
v -0.02551109 -0.10903097 0.05699997
v -0.02551109 -0.10903097 0.05699997
v -0.02551109 -0.10903097 0.06199997
v -0.02551109 -0.10903097 0.06199997
v -0.02551109 -0.10126639 0.05699997
v -0.02551109 -0.10126639 0.05699997
v -0.02551109 -0.10126639 0.06199997
v -0.02551109 -0.10126639 0.06199997
v -0.02510923 -0.06388009 0.05699997
v -0.02510923 -0.06388009 0.05699997
v -0.02510923 -0.06388009 0.06199997
v -0.02510923 -0.06388009 0.06199997
v -0.02510923 -0.05991978 0.05699997
v -0.02510923 -0.05991978 0.05699997
v -0.02510923 -0.05991978 0.06199997
v -0.02510923 -0.05991978 0.06199997
v -0.02510923 0.05991977 0.05699997
v -0.02510923 0.05991977 0.05699997
v -0.02510923 0.05991977 0.06199997
v -0.02510923 0.05991977 0.06199997
v -0.02510923 0.06388008 0.05699997
v -0.02510923 0.06388008 0.05699997
v -0.02510923 0.06388008 0.06199997
v -0.02510923 0.06388008 0.06199997
v -0.02500004 -0.10514868 0.05699997
v -0.02500004 -0.10514868 0.05699997
v -0.02500004 -0.10514868 0.06199997
v -0.02500004 -0.10514868 0.06199997
v -0.02487379 0.07998007 0.05699997
v -0.02487379 0.07998007 0.05699997
v -0.02487379 0.07998007 0.06199997
v -0.02487379 0.07998007 0.06199997
v -0.02461475 -0.06367529 0.05699997
v -0.02461475 -0.06367529 0.05699997
v -0.02461475 -0.06367529 0.06199997
v -0.02461475 -0.06367529 0.06199997
v -0.02461475 -0.06012458 0.05699997
v -0.02461475 -0.06012458 0.05699997
v -0.02461475 -0.06012458 0.06199997
v -0.02461475 -0.06012458 0.06199997
v -0.02461475 0.06012457 0.05699997
v -0.02461475 0.06012457 0.05699997
v -0.02461475 0.06012457 0.06199997
v -0.02461475 0.06012457 0.06199997
v -0.02461475 0.06367528 0.05699997
v -0.02461475 0.06367528 0.05699997
v -0.02461475 0.06367528 0.06199997
v -0.02461475 0.06367528 0.06199997
v -0.02419025 -0.06334949 0.05699997
v -0.02419025 -0.06334949 0.05699997
v -0.02419025 -0.06334949 0.06199997
v -0.02419025 -0.06334949 0.06199997
v -0.02419025 -0.06045038 0.05699997
v -0.02419025 -0.06045038 0.05699997
v -0.02419025 -0.06045038 0.06199997
v -0.02419025 -0.06045038 0.06199997
v -0.02419025 0.06045037 0.05699997
v -0.02419025 0.06045037 0.05699997
v -0.02419025 0.06045037 0.06199997
v -0.02419025 0.06045037 0.06199997
v -0.02419025 0.06334948 0.05699997
v -0.02419025 0.06334948 0.05699997
v -0.02419025 0.06334948 0.06199997
v -0.02419025 0.06334948 0.06199997
v -0.02409166 0.07895702 0.05699997
v -0.02409166 0.07895702 0.05699997
v -0.02409166 0.07895702 0.06199997
v -0.02409166 0.07895702 0.06199997
v -0.02386445 -0.06292493 0.05699997
v -0.02386445 -0.06292493 0.05699997
v -0.02386445 -0.06292493 0.06199997
v -0.02386445 -0.06292493 0.06199997
v -0.02386445 -0.06087494 0.05699997
v -0.02386445 -0.06087494 0.05699997
v -0.02386445 -0.06087494 0.06199997
v -0.02386445 -0.06087494 0.06199997
v -0.02386445 0.06087493 0.05699997
v -0.02386445 0.06087493 0.05699997
v -0.02386445 0.06087493 0.06199997
v -0.02386445 0.06087493 0.06199997
v -0.02386445 0.06292492 0.05699997
v -0.02386445 0.06292492 0.05699997
v -0.02386445 0.06292492 0.06199997
v -0.02386445 0.06292492 0.06199997
v -0.02365965 -0.06243051 0.05699997
v -0.02365965 -0.06243051 0.05699997
v -0.02365965 -0.06243051 0.06199997
v -0.02365965 -0.06243051 0.06199997
v -0.02365965 -0.06136936 0.05699997
v -0.02365965 -0.06136936 0.05699997
v -0.02365965 -0.06136936 0.06199997
v -0.02365965 -0.06136936 0.06199997
v -0.02365965 0.06136935 0.05699997
v -0.02365965 0.06136935 0.05699997
v -0.02365965 0.06136935 0.06199997
v -0.02365965 0.06136935 0.06199997
v -0.02365965 0.0624305 0.05699997
v -0.02365965 0.0624305 0.05699997
v -0.02365965 0.0624305 0.06199997
v -0.02365965 0.0624305 0.06199997
v -0.02358979 -0.06189991 0.05699997
v -0.02358979 -0.06189991 0.05699997
v -0.02358979 -0.06189991 0.06199997
v -0.02358979 -0.06189991 0.06199997
v -0.02358979 0.06189996 0.05699997
v -0.02358979 0.06189996 0.05699997
v -0.02358979 0.06189996 0.06199997
v -0.02358979 0.06189996 0.06199997
v -0.02307421 0.07816773 0.05699997
v -0.02307421 0.07816773 0.05699997
v -0.02307421 0.07816773 0.06199997
v -0.02307421 0.07816773 0.06199997
v -0.02188891 0.07766443 0.05699997
v -0.02188891 0.07766443 0.05699997
v -0.02188891 0.07766443 0.06199997
v -0.02188891 0.07766443 0.06199997
v -0.02167446 -0.05594832 0.05699997
v -0.02167446 -0.05594832 0.05699997
v -0.02167446 -0.05594832 0.06199997
v -0.02167446 -0.05594832 0.06199997
v -0.02167446 0.05594831 0.05699997
v -0.02167446 0.05594831 0.05699997
v -0.02167446 0.05594831 0.06199997
v -0.02167446 0.05594831 0.06199997
v -0.02061445 0.07748061 0.05699997
v -0.02061445 0.07748061 0.05699997
v -0.02061445 0.07748061 0.06199997
v -0.02061445 0.07748061 0.06199997
v -0.01933521 0.07762831 0.05699997
v -0.01933521 0.07762831 0.05699997
v -0.01933521 0.07762831 0.05699997
v -0.01933521 0.07762831 0.06199997
v -0.01933521 0.07762831 0.06199997
v -0.01933521 0.07762831 0.06199997
v -0.01759488 -0.14749998 0.05699997
v -0.01759488 -0.14749998 0.05699997
v -0.01759488 -0.14749998 0.06199997
v -0.01759488 -0.14749998 0.06199997
v -0.01759488 -0.12819934 0.06199997
v -0.01759488 -0.12677438 0.05699997
v -0.01759488 -0.10520894 0.05699997
v -0.01759488 -0.10520894 0.06199997
v -0.01759488 -0.09843785 0.05699997
v -0.01759488 -0.09843785 0.06199997
v -0.01759488 -0.08443845 0.05699997
v -0.01759488 -0.08443845 0.06199997
v -0.01759488 -0.07257164 0.05699997
v -0.01759488 -0.07257164 0.06199997
v -0.01759488 -0.06443251 0.05699997
v -0.01759488 -0.06443251 0.06199997
v -0.01759488 -0.05972499 0.05699997
v -0.01759488 -0.05829996 0.06199997
v -0.01759488 0.06197494 0.05699997
v -0.01759488 0.06197494 0.06199997
v -0.01759488 0.07071501 0.05699997
v -0.01759488 0.07071501 0.06199997
v -0.01759488 0.12350004 0.05699997
v -0.01759488 0.12350004 0.05699997
v -0.01759488 0.12350004 0.06199997
v -0.01759488 0.12350004 0.06199997
v -0.01759488 0.12844997 0.05699997
v -0.01759488 0.129875 0.06199997
v -0.01759488 0.14292496 0.06199997
v -0.01759488 0.14434999 0.05699997
v -0.01759488 0.14749997 0.05699997
v -0.01759488 0.14749997 0.05699997
v -0.01759488 0.14749997 0.06199997
v -0.01759488 0.14749997 0.06199997
v -0.01159996 -0.14249999 0.05699997
v -0.01159996 -0.14249999 0.05699997
v -0.01159996 -0.14249999 0.06199997
v -0.01159996 -0.14249999 0.06199997
v -0.01159996 0.14249998 0.05699997
v -0.01159996 0.14249998 0.05699997
v -0.01159996 0.14249998 0.06199997
v -0.01159996 0.14249998 0.06199997
v -0.01154548 -0.14291412 0.05699997
v -0.01154548 -0.14291412 0.05699997
v -0.01154548 -0.14291412 0.06199997
v -0.01154548 -0.14291412 0.06199997
v -0.01154548 -0.14208591 0.05699997
v -0.01154548 -0.14208591 0.05699997
v -0.01154548 -0.14208591 0.06199997
v -0.01154548 -0.14208591 0.06199997
v -0.01154548 0.14208585 0.05699997
v -0.01154548 0.14208585 0.05699997
v -0.01154548 0.14208585 0.06199997
v -0.01154548 0.14208585 0.06199997
v -0.01154548 0.14291411 0.05699997
v -0.01154548 0.14291411 0.05699997
v -0.01154548 0.14291411 0.06199997
v -0.01154548 0.14291411 0.06199997
v -0.01138562 -0.1433 0.05699997
v -0.01138562 -0.1433 0.05699997
v -0.01138562 -0.1433 0.06199997
v -0.01138562 -0.1433 0.06199997
v -0.01138562 -0.14169997 0.05699997
v -0.01138562 -0.14169997 0.05699997
v -0.01138562 -0.14169997 0.06199997
v -0.01138562 -0.14169997 0.06199997
v -0.01138562 0.14169997 0.05699997
v -0.01138562 0.14169997 0.05699997
v -0.01138562 0.14169997 0.06199997
v -0.01138562 0.14169997 0.06199997
v -0.01138562 0.14329999 0.05699997
v -0.01138562 0.14329999 0.05699997
v -0.01138562 0.14329999 0.06199997
v -0.01138562 0.14329999 0.06199997
v -0.01113135 -0.14363134 0.05699997
v -0.01113135 -0.14363134 0.05699997
v -0.01113135 -0.14363134 0.06199997
v -0.01113135 -0.14363134 0.06199997
v -0.01113135 -0.14136863 0.05699997
v -0.01113135 -0.14136863 0.05699997
v -0.01113135 -0.14136863 0.06199997
v -0.01113135 -0.14136863 0.06199997
v -0.01113135 0.14136868 0.05699997
v -0.01113135 0.14136868 0.05699997
v -0.01113135 0.14136868 0.06199997
v -0.01113135 0.14136868 0.06199997
v -0.01113135 0.14363139 0.05699997
v -0.01113135 0.14363139 0.05699997
v -0.01113135 0.14363139 0.06199997
v -0.01113135 0.14363139 0.06199997
v -0.01102501 -0.05897838 0.05699997
v -0.01102501 -0.05897838 0.05699997
v -0.01102501 -0.05897838 0.06199997
v -0.01102501 -0.05897838 0.06199997
v -0.01102501 0.05897837 0.05699997
v -0.01102501 0.05897837 0.05699997
v -0.01102501 0.05897837 0.06199997
v -0.01102501 0.05897837 0.06199997
v -0.01079995 -0.14388562 0.05699997
v -0.01079995 -0.14388562 0.05699997
v -0.01079995 -0.14388562 0.06199997
v -0.01079995 -0.14388562 0.06199997
v -0.01079995 -0.14111436 0.05699997
v -0.01079995 -0.14111436 0.05699997
v -0.01079995 -0.14111436 0.06199997
v -0.01079995 -0.14111436 0.06199997
v -0.01079995 0.14111441 0.05699997
v -0.01079995 0.14111441 0.05699997
v -0.01079995 0.14111441 0.06199997
v -0.01079995 0.14111441 0.06199997
v -0.01079995 0.14388567 0.05699997
v -0.01079995 0.14388567 0.05699997
v -0.01079995 0.14388567 0.06199997
v -0.01079995 0.14388567 0.06199997
v -0.01041407 -0.14404548 0.05699997
v -0.01041407 -0.14404548 0.05699997
v -0.01041407 -0.14404548 0.06199997
v -0.01041407 -0.14404548 0.06199997
v -0.01041407 -0.1409545 0.05699997
v -0.01041407 -0.1409545 0.05699997
v -0.01041407 -0.1409545 0.06199997
v -0.01041407 -0.1409545 0.06199997
v -0.01041407 0.14095455 0.05699997
v -0.01041407 0.14095455 0.05699997
v -0.01041407 0.14095455 0.06199997
v -0.01041407 0.14095455 0.06199997
v -0.01041407 0.14404553 0.05699997
v -0.01041407 0.14404553 0.05699997
v -0.01041407 0.14404553 0.06199997
v -0.01041407 0.14404553 0.06199997
v -0.01000005 -0.14410002 0.05699997
v -0.01000005 -0.14410002 0.05699997
v -0.01000005 -0.14410002 0.06199997
v -0.01000005 -0.14410002 0.06199997
v -0.01000005 -0.14090002 0.05699997
v -0.01000005 -0.14090002 0.05699997
v -0.01000005 -0.14090002 0.06199997
v -0.01000005 -0.14090002 0.06199997
v -0.01000005 0.14089995 0.05699997
v -0.01000005 0.14089995 0.05699997
v -0.01000005 0.14089995 0.06199997
v -0.01000005 0.14089995 0.06199997
v -0.01000005 0.14410001 0.05699997
v -0.01000005 0.14410001 0.05699997
v -0.01000005 0.14410001 0.06199997
v -0.01000005 0.14410001 0.06199997
v -0.00974006 0.07940489 0.05699997
v -0.00974006 0.07940489 0.05699997
v -0.00974006 0.07940489 0.06199997
v -0.00974006 0.07940489 0.06199997
v -0.00958592 -0.14404548 0.05699997
v -0.00958592 -0.14404548 0.05699997
v -0.00958592 -0.14404548 0.06199997
v -0.00958592 -0.14404548 0.06199997
v -0.00958592 -0.1409545 0.05699997
v -0.00958592 -0.1409545 0.05699997
v -0.00958592 -0.1409545 0.06199997
v -0.00958592 -0.1409545 0.06199997
v -0.00958592 0.14095455 0.05699997
v -0.00958592 0.14095455 0.05699997
v -0.00958592 0.14095455 0.06199997
v -0.00958592 0.14095455 0.06199997
v -0.00958592 0.14404553 0.05699997
v -0.00958592 0.14404553 0.05699997
v -0.00958592 0.14404553 0.06199997
v -0.00958592 0.14404553 0.06199997
v -0.00920004 -0.14388562 0.05699997
v -0.00920004 -0.14388562 0.05699997
v -0.00920004 -0.14388562 0.06199997
v -0.00920004 -0.14388562 0.06199997
v -0.00920004 -0.14111436 0.05699997
v -0.00920004 -0.14111436 0.05699997
v -0.00920004 -0.14111436 0.06199997
v -0.00920004 -0.14111436 0.06199997
v -0.00920004 0.14111441 0.05699997
v -0.00920004 0.14111441 0.05699997
v -0.00920004 0.14111441 0.06199997
v -0.00920004 0.14111441 0.06199997
v -0.00920004 0.14388567 0.05699997
v -0.00920004 0.14388567 0.05699997
v -0.00920004 0.14388567 0.06199997
v -0.00920004 0.14388567 0.06199997
v -0.00886864 -0.14363134 0.05699997
v -0.00886864 -0.14363134 0.05699997
v -0.00886864 -0.14363134 0.06199997
v -0.00886864 -0.14363134 0.06199997
v -0.00886864 -0.14136863 0.05699997
v -0.00886864 -0.14136863 0.05699997
v -0.00886864 -0.14136863 0.06199997
v -0.00886864 -0.14136863 0.06199997
v -0.00886864 0.14136868 0.05699997
v -0.00886864 0.14136868 0.05699997
v -0.00886864 0.14136868 0.06199997
v -0.00886864 0.14136868 0.06199997
v -0.00886864 0.14363139 0.05699997
v -0.00886864 0.14363139 0.05699997
v -0.00886864 0.14363139 0.06199997
v -0.00886864 0.14363139 0.06199997
v -0.00861436 -0.1433 0.05699997
v -0.00861436 -0.1433 0.05699997
v -0.00861436 -0.1433 0.06199997
v -0.00861436 -0.1433 0.06199997
v -0.00861436 -0.14169997 0.05699997
v -0.00861436 -0.14169997 0.05699997
v -0.00861436 -0.14169997 0.06199997
v -0.00861436 -0.14169997 0.06199997
v -0.00861436 0.14169997 0.05699997
v -0.00861436 0.14169997 0.05699997
v -0.00861436 0.14169997 0.06199997
v -0.00861436 0.14169997 0.06199997
v -0.00861436 0.14329999 0.05699997
v -0.00861436 0.14329999 0.05699997
v -0.00861436 0.14329999 0.06199997
v -0.00861436 0.14329999 0.06199997
v -0.0084545 -0.14291412 0.05699997
v -0.0084545 -0.14291412 0.05699997
v -0.0084545 -0.14291412 0.06199997
v -0.0084545 -0.14291412 0.06199997
v -0.0084545 -0.14208591 0.05699997
v -0.0084545 -0.14208591 0.05699997
v -0.0084545 -0.14208591 0.06199997
v -0.0084545 -0.14208591 0.06199997
v -0.0084545 0.14208585 0.05699997
v -0.0084545 0.14208585 0.05699997
v -0.0084545 0.14208585 0.06199997
v -0.0084545 0.14208585 0.06199997
v -0.0084545 0.14291411 0.05699997
v -0.0084545 0.14291411 0.05699997
v -0.0084545 0.14291411 0.06199997
v -0.0084545 0.14291411 0.06199997
v -0.00840002 -0.14249999 0.05699997
v -0.00840002 -0.14249999 0.05699997
v -0.00840002 -0.14249999 0.06199997
v -0.00840002 -0.14249999 0.06199997
v -0.00840002 0.14249998 0.05699997
v -0.00840002 0.14249998 0.05699997
v -0.00840002 0.14249998 0.06199997
v -0.00840002 0.14249998 0.06199997
v 6e-08 -0.14749998 0.05699997
v 6e-08 -0.14749998 0.05699997
v 6e-08 -0.14749998 0.06199997
v 6e-08 -0.14749998 0.06199997
v 6e-08 -0.12819934 0.06199997
v 6e-08 -0.12677438 0.05699997
v 6e-08 -0.10520894 0.05699997
v 6e-08 -0.10520894 0.06199997
v 6e-08 -0.09843785 0.05699997
v 6e-08 -0.09843785 0.06199997
v 6e-08 -0.08443845 0.05699997
v 6e-08 -0.08443845 0.06199997
v 6e-08 -0.07257164 0.05699997
v 6e-08 -0.07257164 0.06199997
v 6e-08 -0.06443251 0.05699997
v 6e-08 -0.06443251 0.06199997
v 6e-08 -0.06000001 0.05699997
v 6e-08 -0.06000001 0.05699997
v 6e-08 -0.06000001 0.06199997
v 6e-08 -0.06000001 0.06199997
v 6e-08 0.06 0.05699997
v 6e-08 0.06 0.05699997
v 6e-08 0.06 0.06199997
v 6e-08 0.06 0.06199997
v 6e-08 0.06197494 0.05699997
v 6e-08 0.06197494 0.06199997
v 6e-08 0.07071501 0.05699997
v 6e-08 0.07071501 0.06199997
v 6e-08 0.07999998 0.05699997
v 6e-08 0.07999998 0.05699997
v 6e-08 0.07999998 0.06199997
v 6e-08 0.07999998 0.06199997
v 6e-08 0.12350004 0.05699997
v 6e-08 0.12350004 0.05699997
v 6e-08 0.12350004 0.06199997
v 6e-08 0.12350004 0.06199997
v 6e-08 0.12844997 0.05699997
v 6e-08 0.129875 0.06199997
v 6e-08 0.14292496 0.06199997
v 6e-08 0.14434999 0.05699997
v 6e-08 0.14749997 0.05699997
v 6e-08 0.14749997 0.05699997
v 6e-08 0.14749997 0.06199997
v 6e-08 0.14749997 0.06199997
v 0.00840002 -0.14249999 0.05699997
v 0.00840002 -0.14249999 0.05699997
v 0.00840002 -0.14249999 0.06199997
v 0.00840002 -0.14249999 0.06199997
v 0.00840002 0.14249998 0.05699997
v 0.00840002 0.14249998 0.05699997
v 0.00840002 0.14249998 0.06199997
v 0.00840002 0.14249998 0.06199997
v 0.0084545 -0.14291412 0.05699997
v 0.0084545 -0.14291412 0.05699997
v 0.0084545 -0.14291412 0.06199997
v 0.0084545 -0.14291412 0.06199997
v 0.0084545 -0.14208591 0.05699997
v 0.0084545 -0.14208591 0.05699997
v 0.0084545 -0.14208591 0.06199997
v 0.0084545 -0.14208591 0.06199997
v 0.0084545 0.14208585 0.05699997
v 0.0084545 0.14208585 0.05699997
v 0.0084545 0.14208585 0.06199997
v 0.0084545 0.14208585 0.06199997
v 0.0084545 0.14291411 0.05699997
v 0.0084545 0.14291411 0.05699997
v 0.0084545 0.14291411 0.06199997
v 0.0084545 0.14291411 0.06199997
v 0.00861436 -0.1433 0.05699997
v 0.00861436 -0.1433 0.05699997
v 0.00861436 -0.1433 0.06199997
v 0.00861436 -0.1433 0.06199997
v 0.00861436 -0.14169997 0.05699997
v 0.00861436 -0.14169997 0.05699997
v 0.00861436 -0.14169997 0.06199997
v 0.00861436 -0.14169997 0.06199997
v 0.00861436 0.14169997 0.05699997
v 0.00861436 0.14169997 0.05699997
v 0.00861436 0.14169997 0.06199997
v 0.00861436 0.14169997 0.06199997
v 0.00861436 0.14329999 0.05699997
v 0.00861436 0.14329999 0.05699997
v 0.00861436 0.14329999 0.06199997
v 0.00861436 0.14329999 0.06199997
v 0.00886863 -0.14363134 0.05699997
v 0.00886863 -0.14363134 0.05699997
v 0.00886863 -0.14363134 0.06199997
v 0.00886863 -0.14363134 0.06199997
v 0.00886863 -0.14136863 0.05699997
v 0.00886863 -0.14136863 0.05699997
v 0.00886863 -0.14136863 0.06199997
v 0.00886863 -0.14136863 0.06199997
v 0.00886863 0.14136868 0.05699997
v 0.00886863 0.14136868 0.05699997
v 0.00886863 0.14136868 0.06199997
v 0.00886863 0.14136868 0.06199997
v 0.00886863 0.14363139 0.05699997
v 0.00886863 0.14363139 0.05699997
v 0.00886863 0.14363139 0.06199997
v 0.00886863 0.14363139 0.06199997
v 0.00920003 -0.14388562 0.05699997
v 0.00920003 -0.14388562 0.05699997
v 0.00920003 -0.14388562 0.06199997
v 0.00920003 -0.14388562 0.06199997
v 0.00920003 -0.14111436 0.05699997
v 0.00920003 -0.14111436 0.05699997
v 0.00920003 -0.14111436 0.06199997
v 0.00920003 -0.14111436 0.06199997
v 0.00920003 0.14111441 0.05699997
v 0.00920003 0.14111441 0.05699997
v 0.00920003 0.14111441 0.06199997
v 0.00920003 0.14111441 0.06199997
v 0.00920003 0.14388567 0.05699997
v 0.00920003 0.14388567 0.05699997
v 0.00920003 0.14388567 0.06199997
v 0.00920003 0.14388567 0.06199997
v 0.00958592 -0.14404548 0.05699997
v 0.00958592 -0.14404548 0.05699997
v 0.00958592 -0.14404548 0.06199997
v 0.00958592 -0.14404548 0.06199997
v 0.00958592 -0.1409545 0.05699997
v 0.00958592 -0.1409545 0.05699997
v 0.00958592 -0.1409545 0.06199997
v 0.00958592 -0.1409545 0.06199997
v 0.00958592 0.14095455 0.05699997
v 0.00958592 0.14095455 0.05699997
v 0.00958592 0.14095455 0.06199997
v 0.00958592 0.14095455 0.06199997
v 0.00958592 0.14404553 0.05699997
v 0.00958592 0.14404553 0.05699997
v 0.00958592 0.14404553 0.06199997
v 0.00958592 0.14404553 0.06199997
v 0.00974005 0.07940489 0.05699997
v 0.00974005 0.07940489 0.05699997
v 0.00974005 0.07940489 0.06199997
v 0.00974005 0.07940489 0.06199997
v 0.01000005 -0.14410002 0.05699997
v 0.01000005 -0.14410002 0.05699997
v 0.01000005 -0.14410002 0.06199997
v 0.01000005 -0.14410002 0.06199997
v 0.01000005 -0.14090002 0.05699997
v 0.01000005 -0.14090002 0.05699997
v 0.01000005 -0.14090002 0.06199997
v 0.01000005 -0.14090002 0.06199997
v 0.01000005 0.14089995 0.05699997
v 0.01000005 0.14089995 0.05699997
v 0.01000005 0.14089995 0.06199997
v 0.01000005 0.14089995 0.06199997
v 0.01000005 0.14410001 0.05699997
v 0.01000005 0.14410001 0.05699997
v 0.01000005 0.14410001 0.06199997
v 0.01000005 0.14410001 0.06199997
v 0.01041406 -0.14404548 0.05699997
v 0.01041406 -0.14404548 0.05699997
v 0.01041406 -0.14404548 0.06199997
v 0.01041406 -0.14404548 0.06199997
v 0.01041406 -0.1409545 0.05699997
v 0.01041406 -0.1409545 0.05699997
v 0.01041406 -0.1409545 0.06199997
v 0.01041406 -0.1409545 0.06199997
v 0.01041406 0.14095455 0.05699997
v 0.01041406 0.14095455 0.05699997
v 0.01041406 0.14095455 0.06199997
v 0.01041406 0.14095455 0.06199997
v 0.01041406 0.14404553 0.05699997
v 0.01041406 0.14404553 0.05699997
v 0.01041406 0.14404553 0.06199997
v 0.01041406 0.14404553 0.06199997
v 0.01079994 -0.14388562 0.05699997
v 0.01079994 -0.14388562 0.05699997
v 0.01079994 -0.14388562 0.06199997
v 0.01079994 -0.14388562 0.06199997
v 0.01079994 -0.14111436 0.05699997
v 0.01079994 -0.14111436 0.05699997
v 0.01079994 -0.14111436 0.06199997
v 0.01079994 -0.14111436 0.06199997
v 0.01079994 0.14111441 0.05699997
v 0.01079994 0.14111441 0.05699997
v 0.01079994 0.14111441 0.06199997
v 0.01079994 0.14111441 0.06199997
v 0.01079994 0.14388567 0.05699997
v 0.01079994 0.14388567 0.05699997
v 0.01079994 0.14388567 0.06199997
v 0.01079994 0.14388567 0.06199997
v 0.01102501 -0.05897838 0.05699997
v 0.01102501 -0.05897838 0.05699997
v 0.01102501 -0.05897838 0.06199997
v 0.01102501 -0.05897838 0.06199997
v 0.01102501 0.05897837 0.05699997
v 0.01102501 0.05897837 0.05699997
v 0.01102501 0.05897837 0.06199997
v 0.01102501 0.05897837 0.06199997
v 0.01113134 -0.14363134 0.05699997
v 0.01113134 -0.14363134 0.05699997
v 0.01113134 -0.14363134 0.06199997
v 0.01113134 -0.14363134 0.06199997
v 0.01113134 -0.14136863 0.05699997
v 0.01113134 -0.14136863 0.05699997
v 0.01113134 -0.14136863 0.06199997
v 0.01113134 -0.14136863 0.06199997
v 0.01113134 0.14136868 0.05699997
v 0.01113134 0.14136868 0.05699997
v 0.01113134 0.14136868 0.06199997
v 0.01113134 0.14136868 0.06199997
v 0.01113134 0.14363139 0.05699997
v 0.01113134 0.14363139 0.05699997
v 0.01113134 0.14363139 0.06199997
v 0.01113134 0.14363139 0.06199997
v 0.01138562 -0.1433 0.05699997
v 0.01138562 -0.1433 0.05699997
v 0.01138562 -0.1433 0.06199997
v 0.01138562 -0.1433 0.06199997
v 0.01138562 -0.14169997 0.05699997
v 0.01138562 -0.14169997 0.05699997
v 0.01138562 -0.14169997 0.06199997
v 0.01138562 -0.14169997 0.06199997
v 0.01138562 0.14169997 0.05699997
v 0.01138562 0.14169997 0.05699997
v 0.01138562 0.14169997 0.06199997
v 0.01138562 0.14169997 0.06199997
v 0.01138562 0.14329999 0.05699997
v 0.01138562 0.14329999 0.05699997
v 0.01138562 0.14329999 0.06199997
v 0.01138562 0.14329999 0.06199997
v 0.01154548 -0.14291412 0.05699997
v 0.01154548 -0.14291412 0.05699997
v 0.01154548 -0.14291412 0.06199997
v 0.01154548 -0.14291412 0.06199997
v 0.01154548 -0.14208591 0.05699997
v 0.01154548 -0.14208591 0.05699997
v 0.01154548 -0.14208591 0.06199997
v 0.01154548 -0.14208591 0.06199997
v 0.01154548 0.14208585 0.05699997
v 0.01154548 0.14208585 0.05699997
v 0.01154548 0.14208585 0.06199997
v 0.01154548 0.14208585 0.06199997
v 0.01154548 0.14291411 0.05699997
v 0.01154548 0.14291411 0.05699997
v 0.01154548 0.14291411 0.06199997
v 0.01154548 0.14291411 0.06199997
v 0.01159996 -0.14249999 0.05699997
v 0.01159996 -0.14249999 0.05699997
v 0.01159996 -0.14249999 0.06199997
v 0.01159996 -0.14249999 0.06199997
v 0.01159996 0.14249998 0.05699997
v 0.01159996 0.14249998 0.05699997
v 0.01159996 0.14249998 0.06199997
v 0.01159996 0.14249998 0.06199997
v 0.01759487 -0.14749998 0.05699997
v 0.01759487 -0.14749998 0.05699997
v 0.01759487 -0.14749998 0.06199997
v 0.01759487 -0.14749998 0.06199997
v 0.01759487 -0.12819934 0.06199997
v 0.01759487 -0.12677438 0.05699997
v 0.01759487 -0.10520894 0.05699997
v 0.01759487 -0.10520894 0.06199997
v 0.01759487 -0.09843785 0.05699997
v 0.01759487 -0.09843785 0.06199997
v 0.01759487 -0.08443845 0.05699997
v 0.01759487 -0.08443845 0.06199997
v 0.01759487 -0.07257164 0.05699997
v 0.01759487 -0.07257164 0.06199997
v 0.01759487 -0.06443251 0.05699997
v 0.01759487 -0.06443251 0.06199997
v 0.01759487 -0.05972499 0.05699997
v 0.01759487 -0.05829996 0.06199997
v 0.01759487 0.06197494 0.05699997
v 0.01759487 0.06197494 0.06199997
v 0.01759487 0.07071501 0.05699997
v 0.01759487 0.07071501 0.06199997
v 0.01759487 0.12350004 0.05699997
v 0.01759487 0.12350004 0.05699997
v 0.01759487 0.12350004 0.06199997
v 0.01759487 0.12350004 0.06199997
v 0.01759487 0.12844997 0.05699997
v 0.01759487 0.129875 0.06199997
v 0.01759487 0.14292496 0.06199997
v 0.01759487 0.14434999 0.05699997
v 0.01759487 0.14749997 0.05699997
v 0.01759487 0.14749997 0.05699997
v 0.01759487 0.14749997 0.06199997
v 0.01759487 0.14749997 0.06199997
v 0.01933521 0.07762831 0.05699997
v 0.01933521 0.07762831 0.05699997
v 0.01933521 0.07762831 0.06199997
v 0.01933521 0.07762831 0.06199997
v 0.02061444 0.07748061 0.05699997
v 0.02061444 0.07748061 0.05699997
v 0.02061444 0.07748061 0.06199997
v 0.02061444 0.07748061 0.06199997
v 0.02167445 -0.05594832 0.05699997
v 0.02167445 -0.05594832 0.05699997
v 0.02167445 -0.05594832 0.06199997
v 0.02167445 -0.05594832 0.06199997
v 0.02167445 0.05594831 0.05699997
v 0.02167445 0.05594831 0.05699997
v 0.02167445 0.05594831 0.06199997
v 0.02167445 0.05594831 0.06199997
v 0.02188891 0.07766443 0.05699997
v 0.02188891 0.07766443 0.05699997
v 0.02188891 0.07766443 0.06199997
v 0.02188891 0.07766443 0.06199997
v 0.02307421 0.07816773 0.05699997
v 0.02307421 0.07816773 0.05699997
v 0.02307421 0.07816773 0.06199997
v 0.02307421 0.07816773 0.06199997
v 0.02358979 -0.06189991 0.05699997
v 0.02358979 -0.06189991 0.05699997
v 0.02358979 -0.06189991 0.06199997
v 0.02358979 -0.06189991 0.06199997
v 0.02358979 0.06189996 0.05699997
v 0.02358979 0.06189996 0.05699997
v 0.02358979 0.06189996 0.06199997
v 0.02358979 0.06189996 0.06199997
v 0.02365964 -0.06243051 0.05699997
v 0.02365964 -0.06243051 0.05699997
v 0.02365964 -0.06243051 0.06199997
v 0.02365964 -0.06243051 0.06199997
v 0.02365964 -0.06136936 0.05699997
v 0.02365964 -0.06136936 0.05699997
v 0.02365964 -0.06136936 0.06199997
v 0.02365964 -0.06136936 0.06199997
v 0.02365964 0.06136935 0.05699997
v 0.02365964 0.06136935 0.05699997
v 0.02365964 0.06136935 0.06199997
v 0.02365964 0.06136935 0.06199997
v 0.02365964 0.0624305 0.05699997
v 0.02365964 0.0624305 0.05699997
v 0.02365964 0.0624305 0.06199997
v 0.02365964 0.0624305 0.06199997
v 0.02386445 -0.06292493 0.05699997
v 0.02386445 -0.06292493 0.05699997
v 0.02386445 -0.06292493 0.06199997
v 0.02386445 -0.06292493 0.06199997
v 0.02386445 -0.06087494 0.05699997
v 0.02386445 -0.06087494 0.05699997
v 0.02386445 -0.06087494 0.06199997
v 0.02386445 -0.06087494 0.06199997
v 0.02386445 0.06087493 0.05699997
v 0.02386445 0.06087493 0.05699997
v 0.02386445 0.06087493 0.06199997
v 0.02386445 0.06087493 0.06199997
v 0.02386445 0.06292492 0.05699997
v 0.02386445 0.06292492 0.05699997
v 0.02386445 0.06292492 0.06199997
v 0.02386445 0.06292492 0.06199997
v 0.02409166 0.07895702 0.05699997
v 0.02409166 0.07895702 0.05699997
v 0.02409166 0.07895702 0.06199997
v 0.02409166 0.07895702 0.06199997
v 0.02419025 -0.06334949 0.05699997
v 0.02419025 -0.06334949 0.05699997
v 0.02419025 -0.06334949 0.06199997
v 0.02419025 -0.06334949 0.06199997
v 0.02419025 -0.06045038 0.05699997
v 0.02419025 -0.06045038 0.05699997
v 0.02419025 -0.06045038 0.06199997
v 0.02419025 -0.06045038 0.06199997
v 0.02419025 0.06045037 0.05699997
v 0.02419025 0.06045037 0.05699997
v 0.02419025 0.06045037 0.06199997
v 0.02419025 0.06045037 0.06199997
v 0.02419025 0.06334948 0.05699997
v 0.02419025 0.06334948 0.05699997
v 0.02419025 0.06334948 0.06199997
v 0.02419025 0.06334948 0.06199997
v 0.02461475 -0.06367529 0.05699997
v 0.02461475 -0.06367529 0.05699997
v 0.02461475 -0.06367529 0.06199997
v 0.02461475 -0.06367529 0.06199997
v 0.02461475 -0.06012458 0.05699997
v 0.02461475 -0.06012458 0.05699997
v 0.02461475 -0.06012458 0.06199997
v 0.02461475 -0.06012458 0.06199997
v 0.02461475 0.06012457 0.05699997
v 0.02461475 0.06012457 0.05699997
v 0.02461475 0.06012457 0.06199997
v 0.02461475 0.06012457 0.06199997
v 0.02461475 0.06367528 0.05699997
v 0.02461475 0.06367528 0.05699997
v 0.02461475 0.06367528 0.06199997
v 0.02461475 0.06367528 0.06199997
v 0.02487379 0.07998007 0.05699997
v 0.02487379 0.07998007 0.05699997
v 0.02487379 0.07998007 0.05699997
v 0.02487379 0.07998007 0.06199997
v 0.02487379 0.07998007 0.06199997
v 0.02487379 0.07998007 0.06199997
v 0.02510923 -0.06388009 0.05699997
v 0.02510923 -0.06388009 0.05699997
v 0.02510923 -0.06388009 0.06199997
v 0.02510923 -0.06388009 0.06199997
v 0.02510923 -0.05991978 0.05699997
v 0.02510923 -0.05991978 0.05699997
v 0.02510923 -0.05991978 0.06199997
v 0.02510923 -0.05991978 0.06199997
v 0.02510923 0.05991977 0.05699997
v 0.02510923 0.05991977 0.05699997
v 0.02510923 0.05991977 0.06199997
v 0.02510923 0.05991977 0.06199997
v 0.02510923 0.06388008 0.05699997
v 0.02510923 0.06388008 0.05699997
v 0.02510923 0.06388008 0.06199997
v 0.02510923 0.06388008 0.06199997
v 0.02563983 -0.06394995 0.05699997
v 0.02563983 -0.06394995 0.05699997
v 0.02563983 -0.06394995 0.06199997
v 0.02563983 -0.06394995 0.06199997
v 0.02563983 -0.05984992 0.05699997
v 0.02563983 -0.05984992 0.05699997
v 0.02563983 -0.05984992 0.06199997
v 0.02563983 -0.05984992 0.06199997
v 0.02563983 0.05984991 0.05699997
v 0.02563983 0.05984991 0.05699997
v 0.02563983 0.05984991 0.06199997
v 0.02563983 0.05984991 0.06199997
v 0.02563983 0.06394994 0.05699997
v 0.02563983 0.06394994 0.05699997
v 0.02563983 0.06394994 0.06199997
v 0.02563983 0.06394994 0.06199997
v 0.02617031 -0.06388009 0.05699997
v 0.02617031 -0.06388009 0.05699997
v 0.02617031 -0.06388009 0.06199997
v 0.02617031 -0.06388009 0.06199997
v 0.02617031 -0.05991978 0.05699997
v 0.02617031 -0.05991978 0.05699997
v 0.02617031 -0.05991978 0.06199997
v 0.02617031 -0.05991978 0.06199997
v 0.02617031 0.05991977 0.05699997
v 0.02617031 0.05991977 0.05699997
v 0.02617031 0.05991977 0.06199997
v 0.02617031 0.05991977 0.06199997
v 0.02617031 0.06388008 0.05699997
v 0.02617031 0.06388008 0.05699997
v 0.02617031 0.06388008 0.06199997
v 0.02617031 0.06388008 0.06199997
v 0.02666479 -0.06367529 0.05699997
v 0.02666479 -0.06367529 0.05699997
v 0.02666479 -0.06367529 0.06199997
v 0.02666479 -0.06367529 0.06199997
v 0.02666479 -0.06012458 0.05699997
v 0.02666479 -0.06012458 0.05699997
v 0.02666479 -0.06012458 0.06199997
v 0.02666479 -0.06012458 0.06199997
v 0.02666479 0.06012457 0.05699997
v 0.02666479 0.06012457 0.05699997
v 0.02666479 0.06012457 0.06199997
v 0.02666479 0.06012457 0.06199997
v 0.02666479 0.06367528 0.05699997
v 0.02666479 0.06367528 0.05699997
v 0.02666479 0.06367528 0.06199997
v 0.02666479 0.06367528 0.06199997
v 0.02708942 -0.06334949 0.05699997
v 0.02708942 -0.06334949 0.05699997
v 0.02708942 -0.06334949 0.06199997
v 0.02708942 -0.06334949 0.06199997
v 0.02708942 -0.06045038 0.05699997
v 0.02708942 -0.06045038 0.05699997
v 0.02708942 -0.06045038 0.06199997
v 0.02708942 -0.06045038 0.06199997
v 0.02708942 0.06045037 0.05699997
v 0.02708942 0.06045037 0.05699997
v 0.02708942 0.06045037 0.06199997
v 0.02708942 0.06045037 0.06199997
v 0.02708942 0.06334948 0.05699997
v 0.02708942 0.06334948 0.05699997
v 0.02708942 0.06334948 0.06199997
v 0.02708942 0.06334948 0.06199997
v 0.0274151 -0.06292493 0.05699997
v 0.0274151 -0.06292493 0.05699997
v 0.0274151 -0.06292493 0.06199997
v 0.0274151 -0.06292493 0.06199997
v 0.0274151 -0.06087494 0.05699997
v 0.0274151 -0.06087494 0.05699997
v 0.0274151 -0.06087494 0.06199997
v 0.0274151 -0.06087494 0.06199997
v 0.0274151 0.06087493 0.05699997
v 0.0274151 0.06087493 0.05699997
v 0.0274151 0.06087493 0.06199997
v 0.0274151 0.06087493 0.06199997
v 0.0274151 0.06292492 0.05699997
v 0.0274151 0.06292492 0.05699997
v 0.0274151 0.06292492 0.06199997
v 0.0274151 0.06292492 0.06199997
v 0.0276199 -0.06243051 0.05699997
v 0.0276199 -0.06243051 0.05699997
v 0.0276199 -0.06243051 0.06199997
v 0.0276199 -0.06243051 0.06199997
v 0.0276199 -0.06136936 0.05699997
v 0.0276199 -0.06136936 0.05699997
v 0.0276199 -0.06136936 0.06199997
v 0.0276199 -0.06136936 0.06199997
v 0.0276199 0.06136935 0.05699997
v 0.0276199 0.06136935 0.05699997
v 0.0276199 0.06136935 0.06199997
v 0.0276199 0.06136935 0.06199997
v 0.0276199 0.0624305 0.05699997
v 0.0276199 0.0624305 0.05699997
v 0.0276199 0.0624305 0.06199997
v 0.0276199 0.0624305 0.06199997
v 0.02768975 -0.06189991 0.05699997
v 0.02768975 -0.06189991 0.05699997
v 0.02768975 -0.06189991 0.06199997
v 0.02768975 -0.06189991 0.06199997
v 0.02768975 0.06189996 0.05699997
v 0.02768975 0.06189996 0.05699997
v 0.02768975 0.06189996 0.06199997
v 0.02768975 0.06189996 0.06199997
v 0.03158587 -0.05101306 0.05699997
v 0.03158587 -0.05101306 0.05699997
v 0.03158587 -0.05101306 0.06199997
v 0.03158587 -0.05101306 0.06199997
v 0.03158587 0.05101305 0.05699997
v 0.03158587 0.05101305 0.05699997
v 0.03158587 0.05101305 0.06199997
v 0.03158587 0.05101305 0.06199997
v 0.04042178 -0.04434056 0.05699997
v 0.04042178 -0.04434056 0.05699997
v 0.04042178 -0.04434056 0.06199997
v 0.04042178 -0.04434056 0.06199997
v 0.04042178 0.04434055 0.05699997
v 0.04042178 0.04434055 0.05699997
v 0.04042178 0.04434055 0.06199997
v 0.04042178 0.04434055 0.06199997
v 0.04093891 -0.04386342 0.05699997
v 0.04093891 -0.04386342 0.05699997
v 0.04133969 0.12350004 0.05699997
v 0.04133969 0.12350004 0.05699997
v 0.04133969 0.12350004 0.05699997
v 0.04133969 0.12350004 0.06199997
v 0.04133969 0.12350004 0.06199997
v 0.04133969 0.12350004 0.06199997
v 0.04223162 -0.04262031 0.05699997
v 0.04223162 -0.04262031 0.05699997
v 0.04263383 0.12332958 0.05699997
v 0.04263383 0.12332958 0.05699997
v 0.04263383 0.12332958 0.06199997
v 0.04263383 0.12332958 0.06199997
v 0.04383975 0.12283009 0.05699997
v 0.04383975 0.12283009 0.05699997
v 0.04383975 0.12283009 0.06199997
v 0.04383975 0.12283009 0.06199997
v 0.04487532 0.12203556 0.05699997
v 0.04487532 0.12203556 0.05699997
v 0.04487532 0.12203556 0.06199997
v 0.04487532 0.12203556 0.06199997
v 0.04566985 0.11599999 0.05699997
v 0.04566985 0.11599999 0.05699997
v 0.04566985 0.11599999 0.06199997
v 0.04566985 0.11599999 0.06199997
v 0.04566985 0.12099999 0.05699997
v 0.04566985 0.12099999 0.05699997
v 0.04566985 0.12099999 0.06199997
v 0.04566985 0.12099999 0.06199997
v 0.04616934 0.11720591 0.05699997
v 0.04616934 0.11720591 0.05699997
v 0.04616934 0.11720591 0.06199997
v 0.04616934 0.11720591 0.06199997
v 0.04616934 0.11979407 0.05699997
v 0.04616934 0.11979407 0.05699997
v 0.04616934 0.11979407 0.06199997
v 0.04616934 0.11979407 0.06199997
v 0.04633969 0.11850005 0.05699997
v 0.04633969 0.11850005 0.05699997
v 0.04633969 0.11850005 0.06199997
v 0.04633969 0.11850005 0.06199997
v 0.0473699 -0.14749998 0.05699997
v 0.0473699 -0.14749998 0.05699997
v 0.0473699 -0.12677438 0.05699997
v 0.0473699 -0.10520894 0.05699997
v 0.0473699 -0.09843785 0.05699997
v 0.0473699 -0.08443845 0.05699997
v 0.0473699 -0.07257164 0.05699997
v 0.0473699 -0.06443251 0.05699997
v 0.0473699 -0.05972499 0.05699997
v 0.0473699 -0.04772503 0.05699997
v 0.0473699 -0.04382247 0.05699997
v 0.0473699 -0.04250002 0.05699997
v 0.0473699 0.04250001 0.05699997
v 0.0473699 0.04601377 0.05699997
v 0.0473699 0.04772502 0.05699997
v 0.0473699 0.06197494 0.05699997
v 0.0473699 0.07071501 0.05699997
v 0.0473699 0.08478587 0.05699997
v 0.0473699 0.10076266 0.05699997
v 0.0473699 0.12844997 0.05699997
v 0.0473699 0.14434999 0.05699997
v 0.0473699 0.14749997 0.05699997
v 0.0473699 0.14749997 0.05699997
v 0.04741829 -0.0367629 0.05699997
v 0.04741829 -0.0367629 0.05699997
v 0.04788107 -0.03615809 0.05699997
v 0.04788107 -0.03615809 0.05699997
v 0.04788107 -0.03615809 0.06199997
v 0.04788107 -0.03615809 0.06199997
v 0.04788107 0.03615808 0.05699997
v 0.04788107 0.03615808 0.05699997
v 0.04788107 0.03615808 0.06199997
v 0.04788107 0.03615808 0.06199997
v 0.04839998 -0.139 0.05699997
v 0.04839998 0.13899999 0.05699997
v 0.04859084 -0.14044941 0.05699997
v 0.04859084 -0.1375506 0.05699997
v 0.04859084 0.13755065 0.05699997
v 0.04859084 0.14044934 0.05699997
v 0.04869217 -0.03505821 0.05699997
v 0.04869217 -0.03505821 0.05699997
v 0.04869217 -0.03505821 0.06199997
v 0.04869217 -0.03505821 0.06199997
v 0.04869217 0.0350582 0.06199997
v 0.04869217 0.0350582 0.06199997
v 0.04879492 -0.14749998 0.06199997
v 0.04879492 -0.14749998 0.06199997
v 0.04879492 -0.12819934 0.06199997
v 0.04879492 -0.10520894 0.06199997
v 0.04879492 -0.09843785 0.06199997
v 0.04879492 -0.08443845 0.06199997
v 0.04879492 -0.07257164 0.06199997
v 0.04879492 -0.06443251 0.06199997
v 0.04879492 -0.05829996 0.06199997
v 0.04879492 -0.05501116 0.06199997
v 0.04879492 -0.0509612 0.06199997
v 0.04879492 -0.04973364 0.06199997
v 0.04879492 -0.04382247 0.06199997
v 0.04879492 -0.04250002 0.06199997
v 0.04879492 -0.03499997 0.06199997
v 0.04879492 0.03500002 0.06199997
v 0.04879492 0.04250001 0.06199997
v 0.04879492 0.04601377 0.06199997
v 0.04879492 0.04914999 0.06199997
v 0.04879492 0.06197494 0.06199997
v 0.04879492 0.07071501 0.06199997
v 0.04879492 0.08478587 0.06199997
v 0.04879492 0.10076266 0.06199997
v 0.04879492 0.129875 0.06199997
v 0.04879492 0.14292496 0.06199997
v 0.04879492 0.14749997 0.06199997
v 0.04879492 0.14749997 0.06199997
v 0.04891008 -0.03475351 0.06199997
v 0.04891008 -0.03475351 0.06199997
v 0.04891008 0.0347535 0.06199997
v 0.04891008 0.0347535 0.06199997
v 0.04915029 -0.14179999 0.05699997
v 0.04915029 -0.13620002 0.05699997
v 0.04915029 0.13620001 0.05699997
v 0.04915029 0.14179998 0.05699997
v 0.05004018 -0.14295978 0.05699997
v 0.05004018 -0.13504023 0.05699997
v 0.05004018 0.13504022 0.05699997
v 0.05004018 0.14295977 0.05699997
v 0.05119997 -0.14384974 0.05699997
v 0.05119997 -0.13415027 0.05699997
v 0.05119997 0.1341502 0.05699997
v 0.05119997 0.14384979 0.05699997
v 0.05125004 -0.139 0.05984991
v 0.05125004 -0.139 0.05984991
v 0.05125004 -0.139 0.06199997
v 0.05125004 -0.139 0.06199997
v 0.05125004 0.13899999 0.05984991
v 0.05125004 0.13899999 0.05984991
v 0.05125004 0.13899999 0.06199997
v 0.05125004 0.13899999 0.06199997
v 0.05127519 -0.03115863 0.05699997
v 0.05127519 -0.03115863 0.05699997
v 0.05127519 -0.03115863 0.06199997
v 0.05127519 -0.03115863 0.06199997
v 0.05134374 -0.13971174 0.05984991
v 0.05134374 -0.13971174 0.05984991
v 0.05134374 -0.13971174 0.06199997
v 0.05134374 -0.13971174 0.06199997
v 0.05134374 -0.13828826 0.05984991
v 0.05134374 -0.13828826 0.05984991
v 0.05134374 -0.13828826 0.06199997
v 0.05134374 -0.13828826 0.06199997
v 0.05134374 0.1382882 0.05984991
v 0.05134374 0.1382882 0.05984991
v 0.05134374 0.1382882 0.06199997
v 0.05134374 0.1382882 0.06199997
v 0.05134374 0.13971179 0.05984991
v 0.05134374 0.13971179 0.05984991
v 0.05134374 0.13971179 0.06199997
v 0.05134374 0.13971179 0.06199997
v 0.0516184 -0.14037502 0.05984991
v 0.0516184 -0.14037502 0.05984991
v 0.0516184 -0.14037502 0.06199997
v 0.0516184 -0.14037502 0.06199997
v 0.0516184 -0.13762498 0.05984991
v 0.0516184 -0.13762498 0.05984991
v 0.0516184 -0.13762498 0.06199997
v 0.0516184 -0.13762498 0.06199997
v 0.0516184 0.13762503 0.05984991
v 0.0516184 0.13762503 0.05984991
v 0.0516184 0.13762503 0.06199997
v 0.0516184 0.13762503 0.06199997
v 0.0516184 0.14037495 0.05984991
v 0.0516184 0.14037495 0.05984991
v 0.0516184 0.14037495 0.06199997
v 0.0516184 0.14037495 0.06199997
v 0.05205542 -0.14094455 0.05984991
v 0.05205542 -0.14094455 0.05984991
v 0.05205542 -0.14094455 0.06199997
v 0.05205542 -0.14094455 0.06199997
v 0.05205542 -0.13705546 0.05984991
v 0.05205542 -0.13705546 0.05984991
v 0.05205542 -0.13705546 0.06199997
v 0.05205542 -0.13705546 0.06199997
v 0.05205542 0.13705545 0.05984991
v 0.05205542 0.13705545 0.05984991
v 0.05205542 0.13705545 0.06199997
v 0.05205542 0.13705545 0.06199997
v 0.05205542 0.14094454 0.05984991
v 0.05205542 0.14094454 0.05984991
v 0.05205542 0.14094454 0.06199997
v 0.05205542 0.14094454 0.06199997
v 0.05255061 -0.14440918 0.05699997
v 0.05255061 -0.13359082 0.05699997
v 0.05255061 0.13359087 0.05699997
v 0.05255061 0.14440923 0.05699997
v 0.052625 -0.14138157 0.05984991
v 0.052625 -0.14138157 0.05984991
v 0.052625 -0.14138157 0.06199997
v 0.052625 -0.14138157 0.06199997
v 0.052625 -0.13661844 0.05984991
v 0.052625 -0.13661844 0.05984991
v 0.052625 -0.13661844 0.06199997
v 0.052625 -0.13661844 0.06199997
v 0.052625 0.13661843 0.05984991
v 0.052625 0.13661843 0.05984991
v 0.052625 0.13661843 0.06199997
v 0.052625 0.13661843 0.06199997
v 0.052625 0.14138156 0.05984991
v 0.052625 0.14138156 0.05984991
v 0.052625 0.14138156 0.06199997
v 0.052625 0.14138156 0.06199997
v 0.053132 -0.02787453 0.05699997
v 0.053132 -0.02787453 0.05699997
v 0.053132 -0.02787453 0.06199997
v 0.053132 -0.02787453 0.06199997
v 0.053132 0.02787452 0.06199997
v 0.053132 0.02787452 0.06199997
v 0.05328828 -0.14165628 0.05984991
v 0.05328828 -0.14165628 0.05984991
v 0.05328828 -0.14165628 0.06199997
v 0.05328828 -0.14165628 0.06199997
v 0.05328828 -0.13634372 0.05984991
v 0.05328828 -0.13634372 0.05984991
v 0.05328828 -0.13634372 0.06199997
v 0.05328828 -0.13634372 0.06199997
v 0.05328828 0.13634365 0.05984991
v 0.05328828 0.13634365 0.05984991
v 0.05328828 0.13634365 0.06199997
v 0.05328828 0.13634365 0.06199997
v 0.05328828 0.14165633 0.05984991
v 0.05328828 0.14165633 0.05984991
v 0.05328828 0.14165633 0.06199997
v 0.05328828 0.14165633 0.06199997
v 0.0537098 -0.02674431 0.05699997
v 0.0537098 -0.02674431 0.05699997
v 0.0537098 -0.02674431 0.06199997
v 0.0537098 -0.02674431 0.06199997
v 0.0537098 0.0267443 0.05699997
v 0.0537098 0.0267443 0.05699997
v 0.0537098 0.0267443 0.06199997
v 0.0537098 0.0267443 0.06199997
v 0.05399996 -0.14459998 0.05699997
v 0.05399996 -0.14174998 0.05984991
v 0.05399996 -0.14174998 0.05984991
v 0.05399996 -0.14174998 0.06199997
v 0.05399996 -0.14174998 0.06199997
v 0.05399996 -0.13625002 0.05984991
v 0.05399996 -0.13625002 0.05984991
v 0.05399996 -0.13625002 0.06199997
v 0.05399996 -0.13625002 0.06199997
v 0.05399996 -0.13340003 0.05699997
v 0.05399996 0.13340002 0.05699997
v 0.05399996 0.13624995 0.05984991
v 0.05399996 0.13624995 0.05984991
v 0.05399996 0.13624995 0.06199997
v 0.05399996 0.13624995 0.06199997
v 0.05399996 0.14175003 0.05984991
v 0.05399996 0.14175003 0.05984991
v 0.05399996 0.14175003 0.06199997
v 0.05399996 0.14175003 0.06199997
v 0.05399996 0.14459997 0.05699997
v 0.05471176 -0.14165628 0.05984991
v 0.05471176 -0.14165628 0.05984991
v 0.05471176 -0.14165628 0.06199997
v 0.05471176 -0.14165628 0.06199997
v 0.05471176 -0.13634372 0.05984991
v 0.05471176 -0.13634372 0.05984991
v 0.05471176 -0.13634372 0.06199997
v 0.05471176 -0.13634372 0.06199997
v 0.05471176 0.13634365 0.05984991
v 0.05471176 0.13634365 0.05984991
v 0.05471176 0.13634365 0.06199997
v 0.05471176 0.13634365 0.06199997
v 0.05471176 0.14165633 0.05984991
v 0.05471176 0.14165633 0.05984991
v 0.05471176 0.14165633 0.06199997
v 0.05471176 0.14165633 0.06199997
v 0.05537504 -0.14138157 0.05984991
v 0.05537504 -0.14138157 0.05984991
v 0.05537504 -0.14138157 0.06199997
v 0.05537504 -0.14138157 0.06199997
v 0.05537504 -0.13661844 0.05984991
v 0.05537504 -0.13661844 0.05984991
v 0.05537504 -0.13661844 0.06199997
v 0.05537504 -0.13661844 0.06199997
v 0.05537504 0.13661843 0.05984991
v 0.05537504 0.13661843 0.05984991
v 0.05537504 0.13661843 0.06199997
v 0.05537504 0.13661843 0.06199997
v 0.05537504 0.14138156 0.05984991
v 0.05537504 0.14138156 0.05984991
v 0.05537504 0.14138156 0.06199997
v 0.05537504 0.14138156 0.06199997
v 0.05544942 -0.14440918 0.05699997
v 0.05544942 -0.13359082 0.05699997
v 0.05544942 0.13359087 0.05699997
v 0.05544942 0.14440923 0.05699997
v 0.0559445 -0.14094455 0.05984991
v 0.0559445 -0.14094455 0.05984991
v 0.0559445 -0.14094455 0.06199997
v 0.0559445 -0.14094455 0.06199997
v 0.0559445 -0.13705546 0.05984991
v 0.0559445 -0.13705546 0.05984991
v 0.0559445 -0.13705546 0.06199997
v 0.0559445 -0.13705546 0.06199997
v 0.0559445 0.13705545 0.05984991
v 0.0559445 0.13705545 0.05984991
v 0.0559445 0.13705545 0.06199997
v 0.0559445 0.13705545 0.06199997
v 0.0559445 0.14094454 0.05984991
v 0.0559445 0.14094454 0.05984991
v 0.0559445 0.14094454 0.06199997
v 0.0559445 0.14094454 0.06199997
v 0.05638152 -0.14037502 0.05984991
v 0.05638152 -0.14037502 0.05984991
v 0.05638152 -0.14037502 0.06199997
v 0.05638152 -0.14037502 0.06199997
v 0.05638152 -0.13762498 0.05984991
v 0.05638152 -0.13762498 0.05984991
v 0.05638152 -0.13762498 0.06199997
v 0.05638152 -0.13762498 0.06199997
v 0.05638152 0.13762503 0.05984991
v 0.05638152 0.13762503 0.05984991
v 0.05638152 0.13762503 0.06199997
v 0.05638152 0.13762503 0.06199997
v 0.05638152 0.14037495 0.05984991
v 0.05638152 0.14037495 0.05984991
v 0.05638152 0.14037495 0.06199997
v 0.05638152 0.14037495 0.06199997
v 0.0566563 -0.13971174 0.05984991
v 0.0566563 -0.13971174 0.05984991
v 0.0566563 -0.13971174 0.06199997
v 0.0566563 -0.13971174 0.06199997
v 0.0566563 -0.13828826 0.05984991
v 0.0566563 -0.13828826 0.05984991
v 0.0566563 -0.13828826 0.06199997
v 0.0566563 -0.13828826 0.06199997
v 0.0566563 0.1382882 0.05984991
v 0.0566563 0.1382882 0.05984991
v 0.0566563 0.1382882 0.06199997
v 0.0566563 0.1382882 0.06199997
v 0.0566563 0.13971179 0.05984991
v 0.0566563 0.13971179 0.05984991
v 0.0566563 0.13971179 0.06199997
v 0.0566563 0.13971179 0.06199997
v 0.05675 -0.139 0.05984991
v 0.05675 -0.139 0.05984991
v 0.05675 -0.139 0.06199997
v 0.05675 -0.139 0.06199997
v 0.05675 0.13899999 0.05984991
v 0.05675 0.13899999 0.05984991
v 0.05675 0.13899999 0.06199997
v 0.05675 0.13899999 0.06199997
v 0.05679995 -0.14384974 0.05699997
v 0.05679995 -0.13415027 0.05699997
v 0.05679995 0.1341502 0.05699997
v 0.05679995 0.14384979 0.05699997
v 0.05770951 -0.01641977 0.05699997
v 0.05770951 -0.01641977 0.05699997
v 0.05770951 -0.01641977 0.06199997
v 0.05770951 -0.01641977 0.06199997
v 0.05770951 0.01641976 0.05699997
v 0.05770951 0.01641976 0.05699997
v 0.05770951 0.01641976 0.06199997
v 0.05770951 0.01641976 0.06199997
v 0.05795985 -0.14295978 0.05699997
v 0.05795985 -0.13504023 0.05699997
v 0.05795985 0.13504022 0.05699997
v 0.05795985 0.14295977 0.05699997
v 0.05829996 -0.14749998 0.06199997
v 0.05829996 -0.14749998 0.06199997
v 0.05829996 -0.12819934 0.06199997
v 0.05829996 -0.10520894 0.06199997
v 0.05829996 -0.09843785 0.06199997
v 0.05829996 -0.08443845 0.06199997
v 0.05829996 -0.07257164 0.06199997
v 0.05829996 -0.06443251 0.06199997
v 0.05829996 -0.05829996 0.06199997
v 0.05829996 -0.05501116 0.06199997
v 0.05829996 -0.0509612 0.06199997
v 0.05829996 -0.04973364 0.06199997
v 0.05829996 -0.04382247 0.06199997
v 0.05829996 -0.04250002 0.06199997
v 0.05829996 -0.03499997 0.06199997
v 0.05829996 -0.031025 0.06199997
v 0.05829996 -0.02781988 0.06199997
v 0.05829996 -0.0232358 0.06199997
v 0.05829996 0.01759487 0.06199997
v 0.05829996 0.02781987 0.06199997
v 0.05829996 0.03500002 0.06199997
v 0.05829996 0.04250001 0.06199997
v 0.05829996 0.04601377 0.06199997
v 0.05829996 0.04914999 0.06199997
v 0.05829996 0.06197494 0.06199997
v 0.05829996 0.07071501 0.06199997
v 0.05829996 0.08478587 0.06199997
v 0.05829996 0.10076266 0.06199997
v 0.05829996 0.129875 0.06199997
v 0.05829996 0.14292496 0.06199997
v 0.05829996 0.14749997 0.06199997
v 0.05829996 0.14749997 0.06199997
v 0.05884975 -0.14179999 0.05699997
v 0.05884975 -0.13620002 0.05699997
v 0.05884975 0.13620001 0.05699997
v 0.05884975 0.14179998 0.05699997
v 0.0594092 -0.14044941 0.05699997
v 0.0594092 -0.1375506 0.05699997
v 0.0594092 0.13755065 0.05699997
v 0.0594092 0.14044934 0.05699997
v 0.05960005 -0.139 0.05699997
v 0.05960005 0.13899999 0.05699997
v 0.05972499 -0.14749998 0.05699997
v 0.05972499 -0.14749998 0.05699997
v 0.05972499 -0.12677438 0.05699997
v 0.05972499 -0.10520894 0.05699997
v 0.05972499 -0.09843785 0.05699997
v 0.05972499 -0.08443845 0.05699997
v 0.05972499 -0.07257164 0.05699997
v 0.05972499 -0.06443251 0.05699997
v 0.05972499 -0.05972499 0.05699997
v 0.05972499 -0.04772503 0.05699997
v 0.05972499 -0.04382247 0.05699997
v 0.05972499 -0.04250002 0.05699997
v 0.05972499 -0.03499997 0.05699997
v 0.05972499 -0.031025 0.05699997
v 0.05972499 -0.02781988 0.05699997
v 0.05972499 -0.0232358 0.05699997
v 0.05972499 0.01759487 0.05699997
v 0.05972499 0.02781987 0.05699997
v 0.05972499 0.03500002 0.05699997
v 0.05972499 0.04250001 0.05699997
v 0.05972499 0.04601377 0.05699997
v 0.05972499 0.04772502 0.05699997
v 0.05972499 0.06197494 0.05699997
v 0.05972499 0.07071501 0.05699997
v 0.05972499 0.08478587 0.05699997
v 0.05972499 0.10076266 0.05699997
v 0.05972499 0.12844997 0.05699997
v 0.05972499 0.14434999 0.05699997
v 0.05972499 0.14749997 0.05699997
v 0.05972499 0.14749997 0.05699997
v 0.05974406 -0.00553608 0.05699997
v 0.05974406 -0.00553608 0.05699997
v 0.05974406 -0.00553608 0.06199997
v 0.05974406 -0.00553608 0.06199997
v 0.05974406 0.00553607 0.05699997
v 0.05974406 0.00553607 0.05699997
v 0.05974406 0.00553607 0.06199997
v 0.05974406 0.00553607 0.06199997
v 0.05984992 -0.02563978 0.05699997
v 0.05984992 -0.02563978 0.05699997
v 0.05984992 -0.02563978 0.06199997
v 0.05984992 -0.02563978 0.06199997
v 0.05984992 0.02563977 0.05699997
v 0.05984992 0.02563977 0.05699997
v 0.05984992 0.02563977 0.06199997
v 0.05984992 0.02563977 0.06199997
v 0.05991977 -0.02617038 0.05699997
v 0.05991977 -0.02617038 0.05699997
v 0.05991977 -0.02617038 0.06199997
v 0.05991977 -0.02617038 0.06199997
v 0.05991977 -0.02510924 0.05699997
v 0.05991977 -0.02510924 0.05699997
v 0.05991977 -0.02510924 0.06199997
v 0.05991977 -0.02510924 0.06199997
v 0.05991977 0.02510923 0.05699997
v 0.05991977 0.02510923 0.05699997
v 0.05991977 0.02510923 0.06199997
v 0.05991977 0.02510923 0.06199997
v 0.05991977 0.02617037 0.05699997
v 0.05991977 0.02617037 0.05699997
v 0.05991977 0.02617037 0.06199997
v 0.05991977 0.02617037 0.06199997
v 0.06002503 -0.14749998 0.05699997
v 0.06002503 -0.14749998 0.05699997
v 0.06002503 -0.14749998 0.06199997
v 0.06002503 -0.14749998 0.06199997
v 0.06002503 -0.12819934 0.06199997
v 0.06002503 -0.12677438 0.05699997
v 0.06002503 -0.10520894 0.05699997
v 0.06002503 -0.10520894 0.06199997
v 0.06002503 -0.09843785 0.05699997
v 0.06002503 -0.09843785 0.06199997
v 0.06002503 -0.08443845 0.05699997
v 0.06002503 -0.08443845 0.06199997
v 0.06002503 -0.07257164 0.05699997
v 0.06002503 -0.07257164 0.06199997
v 0.06002503 -0.06443251 0.05699997
v 0.06002503 -0.06443251 0.06199997
v 0.06002503 -0.05972499 0.05699997
v 0.06002503 -0.05829996 0.06199997
v 0.06002503 -0.05501116 0.06199997
v 0.06002503 -0.0509612 0.06199997
v 0.06002503 -0.04973364 0.06199997
v 0.06002503 -0.04772503 0.05699997
v 0.06002503 -0.04382247 0.05699997
v 0.06002503 -0.04382247 0.06199997
v 0.06002503 -0.04250002 0.05699997
v 0.06002503 -0.04250002 0.06199997
v 0.06002503 -0.03499997 0.05699997
v 0.06002503 -0.03499997 0.06199997
v 0.06002503 -0.031025 0.05699997
v 0.06002503 -0.031025 0.06199997
v 0.06002503 -0.02781988 0.05699997
v 0.06002503 -0.02781988 0.06199997
v 0.06002503 -0.0232358 0.05699997
v 0.06002503 -0.0232358 0.06199997
v 0.06002503 0.01759487 0.05699997
v 0.06002503 0.01759487 0.06199997
v 0.06002503 0.02781987 0.05699997
v 0.06002503 0.02781987 0.06199997
v 0.06002503 0.03500002 0.05699997
v 0.06002503 0.03500002 0.06199997
v 0.06002503 0.04250001 0.05699997
v 0.06002503 0.04250001 0.06199997
v 0.06002503 0.04601377 0.05699997
v 0.06002503 0.04601377 0.06199997
v 0.06002503 0.04772502 0.05699997
v 0.06002503 0.04914999 0.06199997
v 0.06002503 0.06197494 0.05699997
v 0.06002503 0.06197494 0.06199997
v 0.06002503 0.07071501 0.05699997
v 0.06002503 0.07071501 0.06199997
v 0.06002503 0.08478587 0.05699997
v 0.06002503 0.08478587 0.06199997
v 0.06002503 0.10076266 0.05699997
v 0.06002503 0.10076266 0.06199997
v 0.06002503 0.12844997 0.05699997
v 0.06002503 0.129875 0.06199997
v 0.06002503 0.14292496 0.06199997
v 0.06002503 0.14434999 0.05699997
v 0.06002503 0.14749997 0.05699997
v 0.06002503 0.14749997 0.05699997
v 0.06002503 0.14749997 0.06199997
v 0.06002503 0.14749997 0.06199997
v 0.06004995 -0.04000003 0.05699997
v 0.06004995 -0.04000003 0.05699997
v 0.06004995 -0.04000003 0.06199997
v 0.06004995 -0.04000003 0.06199997
v 0.06004995 0.04000002 0.05699997
v 0.06004995 0.04000002 0.05699997
v 0.06004995 0.04000002 0.06199997
v 0.06004995 0.04000002 0.06199997
v 0.06011981 -0.04053057 0.05699997
v 0.06011981 -0.04053057 0.05699997
v 0.06011981 -0.04053057 0.06199997
v 0.06011981 -0.04053057 0.06199997
v 0.06011981 -0.03946943 0.05699997
v 0.06011981 -0.03946943 0.05699997
v 0.06011981 -0.03946943 0.06199997
v 0.06011981 -0.03946943 0.06199997
v 0.06011981 0.03946942 0.05699997
v 0.06011981 0.03946942 0.05699997
v 0.06011981 0.03946942 0.06199997
v 0.06011981 0.03946942 0.06199997
v 0.06011981 0.04053056 0.05699997
v 0.06011981 0.04053056 0.05699997
v 0.06011981 0.04053056 0.06199997
v 0.06011981 0.04053056 0.06199997
v 0.06012457 -0.0266648 0.05699997
v 0.06012457 -0.0266648 0.05699997
v 0.06012457 -0.0266648 0.06199997
v 0.06012457 -0.0266648 0.06199997
v 0.06012457 -0.02461482 0.05699997
v 0.06012457 -0.02461482 0.05699997
v 0.06012457 -0.02461482 0.06199997
v 0.06012457 -0.02461482 0.06199997
v 0.06012457 0.02461481 0.05699997
v 0.06012457 0.02461481 0.05699997
v 0.06012457 0.02461481 0.06199997
v 0.06012457 0.02461481 0.06199997
v 0.06012457 0.02666479 0.05699997
v 0.06012457 0.02666479 0.05699997
v 0.06012457 0.02666479 0.06199997
v 0.06012457 0.02666479 0.06199997
v 0.06032461 -0.04102499 0.05699997
v 0.06032461 -0.04102499 0.05699997
v 0.06032461 -0.04102499 0.06199997
v 0.06032461 -0.04102499 0.06199997
v 0.06032461 -0.03897501 0.05699997
v 0.06032461 -0.03897501 0.05699997
v 0.06032461 -0.03897501 0.06199997
v 0.06032461 -0.03897501 0.06199997
v 0.06032461 0.038975 0.05699997
v 0.06032461 0.038975 0.05699997
v 0.06032461 0.038975 0.06199997
v 0.06032461 0.038975 0.06199997
v 0.06032461 0.04102498 0.05699997
v 0.06032461 0.04102498 0.05699997
v 0.06032461 0.04102498 0.06199997
v 0.06032461 0.04102498 0.06199997
v 0.06045037 -0.02708936 0.05699997
v 0.06045037 -0.02708936 0.05699997
v 0.06045037 -0.02708936 0.06199997
v 0.06045037 -0.02708936 0.06199997
v 0.06045037 -0.02419019 0.05699997
v 0.06045037 -0.02419019 0.05699997
v 0.06045037 -0.02419019 0.06199997
v 0.06045037 -0.02419019 0.06199997
v 0.06045037 0.02419024 0.05699997
v 0.06045037 0.02419024 0.05699997
v 0.06045037 0.02419024 0.06199997
v 0.06045037 0.02419024 0.06199997
v 0.06045037 0.02708935 0.05699997
v 0.06045037 0.02708935 0.05699997
v 0.06045037 0.02708935 0.06199997
v 0.06045037 0.02708935 0.06199997
v 0.06065041 -0.04144955 0.05699997
v 0.06065041 -0.04144955 0.05699997
v 0.06065041 -0.04144955 0.06199997
v 0.06065041 -0.04144955 0.06199997
v 0.06065041 -0.03855044 0.05699997
v 0.06065041 -0.03855044 0.05699997
v 0.06065041 -0.03855044 0.06199997
v 0.06065041 -0.03855044 0.06199997
v 0.06065041 0.03855043 0.05699997
v 0.06065041 0.03855043 0.05699997
v 0.06065041 0.03855043 0.06199997
v 0.06065041 0.03855043 0.06199997
v 0.06065041 0.04144954 0.05699997
v 0.06065041 0.04144954 0.05699997
v 0.06065041 0.04144954 0.06199997
v 0.06065041 0.04144954 0.06199997
v 0.06087488 -0.02741516 0.05699997
v 0.06087488 -0.02741516 0.05699997
v 0.06087488 -0.02741516 0.06199997
v 0.06087488 -0.02741516 0.06199997
v 0.06087488 -0.02386445 0.05699997
v 0.06087488 -0.02386445 0.05699997
v 0.06087488 -0.02386445 0.06199997
v 0.06087488 -0.02386445 0.06199997
v 0.06087488 0.02386444 0.05699997
v 0.06087488 0.02386444 0.05699997
v 0.06087488 0.02386444 0.06199997
v 0.06087488 0.02386444 0.06199997
v 0.06087488 0.02741515 0.05699997
v 0.06087488 0.02741515 0.05699997
v 0.06087488 0.02741515 0.06199997
v 0.06087488 0.02741515 0.06199997
v 0.06107503 -0.04177535 0.05699997
v 0.06107503 -0.04177535 0.05699997
v 0.06107503 -0.04177535 0.06199997
v 0.06107503 -0.04177535 0.06199997
v 0.06107503 -0.03822464 0.05699997
v 0.06107503 -0.03822464 0.05699997
v 0.06107503 -0.03822464 0.06199997
v 0.06107503 -0.03822464 0.06199997
v 0.06107503 0.03822463 0.05699997
v 0.06107503 0.03822463 0.05699997
v 0.06107503 0.03822463 0.06199997
v 0.06107503 0.03822463 0.06199997
v 0.06107503 0.04177534 0.05699997
v 0.06107503 0.04177534 0.05699997
v 0.06107503 0.04177534 0.06199997
v 0.06107503 0.04177534 0.06199997
v 0.06109649 -0.14749998 0.05699997
v 0.06109649 -0.14749998 0.05699997
v 0.06109649 -0.14749998 0.05699997
v 0.06109649 -0.14749998 0.06199997
v 0.06109649 -0.14749998 0.06199997
v 0.06109649 -0.14749998 0.06199997
v 0.06109649 0.14749997 0.05699997
v 0.06109649 0.14749997 0.05699997
v 0.06109649 0.14749997 0.06199997
v 0.06109649 0.14749997 0.06199997
v 0.06136936 -0.02761996 0.05699997
v 0.06136936 -0.02761996 0.05699997
v 0.06136936 -0.02761996 0.06199997
v 0.06136936 -0.02761996 0.06199997
v 0.06136936 -0.02365965 0.05699997
v 0.06136936 -0.02365965 0.05699997
v 0.06136936 -0.02365965 0.06199997
v 0.06136936 -0.02365965 0.06199997
v 0.06136936 0.02365964 0.05699997
v 0.06136936 0.02365964 0.05699997
v 0.06136936 0.02365964 0.06199997
v 0.06136936 0.02365964 0.06199997
v 0.06136936 0.02761995 0.05699997
v 0.06136936 0.02761995 0.05699997
v 0.06136936 0.02761995 0.06199997
v 0.06136936 0.02761995 0.06199997
v 0.06156939 -0.04198015 0.05699997
v 0.06156939 -0.04198015 0.05699997
v 0.06156939 -0.04198015 0.06199997
v 0.06156939 -0.04198015 0.06199997
v 0.06156939 -0.03801984 0.05699997
v 0.06156939 -0.03801984 0.05699997
v 0.06156939 -0.03801984 0.06199997
v 0.06156939 -0.03801984 0.06199997
v 0.06156939 0.03801983 0.05699997
v 0.06156939 0.03801983 0.05699997
v 0.06156939 0.03801983 0.06199997
v 0.06156939 0.03801983 0.06199997
v 0.06156939 0.04198014 0.05699997
v 0.06156939 0.04198014 0.05699997
v 0.06156939 0.04198014 0.06199997
v 0.06156939 0.04198014 0.06199997
v 0.06189996 -0.02768982 0.05699997
v 0.06189996 -0.02768982 0.05699997
v 0.06189996 -0.02768982 0.06199997
v 0.06189996 -0.02768982 0.06199997
v 0.06189996 -0.02358979 0.05699997
v 0.06189996 -0.02358979 0.05699997
v 0.06189996 -0.02358979 0.06199997
v 0.06189996 -0.02358979 0.06199997
v 0.06189996 0.02358979 0.05699997
v 0.06189996 0.02358979 0.05699997
v 0.06189996 0.02358979 0.06199997
v 0.06189996 0.02358979 0.06199997
v 0.06189996 0.02768981 0.05699997
v 0.06189996 0.02768981 0.05699997
v 0.06189996 0.02768981 0.06199997
v 0.06189996 0.02768981 0.06199997
v 0.06209999 -0.04205001 0.05699997
v 0.06209999 -0.04205001 0.05699997
v 0.06209999 -0.04205001 0.06199997
v 0.06209999 -0.04205001 0.06199997
v 0.06209999 -0.03794998 0.05699997
v 0.06209999 -0.03794998 0.05699997
v 0.06209999 -0.03794998 0.06199997
v 0.06209999 -0.03794998 0.06199997
v 0.06209999 0.03794997 0.05699997
v 0.06209999 0.03794997 0.05699997
v 0.06209999 0.03794997 0.06199997
v 0.06209999 0.03794997 0.06199997
v 0.06209999 0.04205 0.05699997
v 0.06209999 0.04205 0.05699997
v 0.06209999 0.04205 0.06199997
v 0.06209999 0.04205 0.06199997
v 0.06239062 0.00211817 0.05699997
v 0.06239062 0.00211817 0.05699997
v 0.06239062 0.00211817 0.06199997
v 0.06239062 0.00211817 0.06199997
v 0.06243056 -0.02761996 0.05699997
v 0.06243056 -0.02761996 0.05699997
v 0.06243056 -0.02761996 0.06199997
v 0.06243056 -0.02761996 0.06199997
v 0.06243056 -0.02365965 0.05699997
v 0.06243056 -0.02365965 0.05699997
v 0.06243056 -0.02365965 0.06199997
v 0.06243056 -0.02365965 0.06199997
v 0.06243056 0.02365964 0.05699997
v 0.06243056 0.02365964 0.05699997
v 0.06243056 0.02365964 0.06199997
v 0.06243056 0.02365964 0.06199997
v 0.06243056 0.02761995 0.05699997
v 0.06243056 0.02761995 0.05699997
v 0.06243056 0.02761995 0.06199997
v 0.06243056 0.02761995 0.06199997
v 0.06263059 -0.04198015 0.05699997
v 0.06263059 -0.04198015 0.05699997
v 0.06263059 -0.04198015 0.06199997
v 0.06263059 -0.04198015 0.06199997
v 0.06263059 -0.03801984 0.05699997
v 0.06263059 -0.03801984 0.05699997
v 0.06263059 -0.03801984 0.06199997
v 0.06263059 -0.03801984 0.06199997
v 0.06263059 0.03801983 0.05699997
v 0.06263059 0.03801983 0.05699997
v 0.06263059 0.03801983 0.06199997
v 0.06263059 0.03801983 0.06199997
v 0.06263059 0.04198014 0.05699997
v 0.06263059 0.04198014 0.05699997
v 0.06263059 0.04198014 0.06199997
v 0.06263059 0.04198014 0.06199997
v 0.06292492 -0.02741516 0.05699997
v 0.06292492 -0.02741516 0.05699997
v 0.06292492 -0.02741516 0.06199997
v 0.06292492 -0.02741516 0.06199997
v 0.06292492 -0.02386445 0.05699997
v 0.06292492 -0.02386445 0.05699997
v 0.06292492 -0.02386445 0.06199997
v 0.06292492 -0.02386445 0.06199997
v 0.06292492 0.02386444 0.05699997
v 0.06292492 0.02386444 0.05699997
v 0.06292492 0.02386444 0.06199997
v 0.06292492 0.02386444 0.06199997
v 0.06292492 0.02741515 0.05699997
v 0.06292492 0.02741515 0.05699997
v 0.06292492 0.02741515 0.06199997
v 0.06292492 0.02741515 0.06199997
v 0.06312495 -0.04177535 0.05699997
v 0.06312495 -0.04177535 0.05699997
v 0.06312495 -0.04177535 0.06199997
v 0.06312495 -0.04177535 0.06199997
v 0.06312495 -0.03822464 0.05699997
v 0.06312495 -0.03822464 0.05699997
v 0.06312495 -0.03822464 0.06199997
v 0.06312495 -0.03822464 0.06199997
v 0.06312495 0.03822463 0.05699997
v 0.06312495 0.03822463 0.05699997
v 0.06312495 0.03822463 0.06199997
v 0.06312495 0.03822463 0.06199997
v 0.06312495 0.04177534 0.05699997
v 0.06312495 0.04177534 0.05699997
v 0.06312495 0.04177534 0.06199997
v 0.06312495 0.04177534 0.06199997
v 0.06324249 -0.00435234 0.05699997
v 0.06324249 -0.00435234 0.05699997
v 0.06324249 -0.00435234 0.06199997
v 0.06324249 -0.00435234 0.06199997
v 0.06324249 0.00858867 0.05699997
v 0.06324249 0.00858867 0.05699997
v 0.06324249 0.00858867 0.06199997
v 0.06324249 0.00858867 0.06199997
v 0.06334954 -0.02708936 0.05699997
v 0.06334954 -0.02708936 0.05699997
v 0.06334954 -0.02708936 0.06199997
v 0.06334954 -0.02708936 0.06199997
v 0.06334954 -0.02419019 0.05699997
v 0.06334954 -0.02419019 0.05699997
v 0.06334954 -0.02419019 0.06199997
v 0.06334954 -0.02419019 0.06199997
v 0.06334954 0.02419024 0.05699997
v 0.06334954 0.02419024 0.05699997
v 0.06334954 0.02419024 0.06199997
v 0.06334954 0.02419024 0.06199997
v 0.06334954 0.02708935 0.05699997
v 0.06334954 0.02708935 0.05699997
v 0.06334954 0.02708935 0.06199997
v 0.06334954 0.02708935 0.06199997
v 0.06354958 -0.04144955 0.05699997
v 0.06354958 -0.04144955 0.05699997
v 0.06354958 -0.04144955 0.06199997
v 0.06354958 -0.04144955 0.06199997
v 0.06354958 -0.03855044 0.05699997
v 0.06354958 -0.03855044 0.05699997
v 0.06354958 -0.03855044 0.06199997
v 0.06354958 -0.03855044 0.06199997
v 0.06354958 0.03855043 0.05699997
v 0.06354958 0.03855043 0.05699997
v 0.06354958 0.03855043 0.06199997
v 0.06354958 0.03855043 0.06199997
v 0.06354958 0.04144954 0.05699997
v 0.06354958 0.04144954 0.05699997
v 0.06354958 0.04144954 0.06199997
v 0.06354958 0.04144954 0.06199997
v 0.06367522 -0.0266648 0.05699997
v 0.06367522 -0.0266648 0.05699997
v 0.06367522 -0.0266648 0.06199997
v 0.06367522 -0.0266648 0.06199997
v 0.06367522 -0.02461482 0.05699997
v 0.06367522 -0.02461482 0.05699997
v 0.06367522 -0.02461482 0.06199997
v 0.06367522 -0.02461482 0.06199997
v 0.06367522 0.02461481 0.05699997
v 0.06367522 0.02461481 0.05699997
v 0.06367522 0.02461481 0.06199997
v 0.06367522 0.02461481 0.06199997
v 0.06367522 0.02666479 0.05699997
v 0.06367522 0.02666479 0.05699997
v 0.06367522 0.02666479 0.06199997
v 0.06367522 0.02666479 0.06199997
v 0.06387538 -0.04102499 0.05699997
v 0.06387538 -0.04102499 0.05699997
v 0.06387538 -0.04102499 0.06199997
v 0.06387538 -0.04102499 0.06199997
v 0.06387538 -0.03897501 0.05699997
v 0.06387538 -0.03897501 0.05699997
v 0.06387538 -0.03897501 0.06199997
v 0.06387538 -0.03897501 0.06199997
v 0.06387538 0.038975 0.05699997
v 0.06387538 0.038975 0.05699997
v 0.06387538 0.038975 0.06199997
v 0.06387538 0.038975 0.06199997
v 0.06387538 0.04102498 0.05699997
v 0.06387538 0.04102498 0.05699997
v 0.06387538 0.04102498 0.06199997
v 0.06387538 0.04102498 0.06199997
v 0.06388002 -0.02617038 0.05699997
v 0.06388002 -0.02617038 0.05699997
v 0.06388002 -0.02617038 0.06199997
v 0.06388002 -0.02617038 0.06199997
v 0.06388002 -0.02510924 0.05699997
v 0.06388002 -0.02510924 0.05699997
v 0.06388002 -0.02510924 0.06199997
v 0.06388002 -0.02510924 0.06199997
v 0.06388002 0.02510923 0.05699997
v 0.06388002 0.02510923 0.05699997
v 0.06388002 0.02510923 0.06199997
v 0.06388002 0.02510923 0.06199997
v 0.06388002 0.02617037 0.05699997
v 0.06388002 0.02617037 0.05699997
v 0.06388002 0.02617037 0.06199997
v 0.06388002 0.02617037 0.06199997
v 0.06394988 -0.02563978 0.05699997
v 0.06394988 -0.02563978 0.05699997
v 0.06394988 -0.02563978 0.06199997
v 0.06394988 -0.02563978 0.06199997
v 0.06394988 0.02563977 0.05699997
v 0.06394988 0.02563977 0.05699997
v 0.06394988 0.02563977 0.06199997
v 0.06394988 0.02563977 0.06199997
v 0.06408018 -0.04053057 0.05699997
v 0.06408018 -0.04053057 0.05699997
v 0.06408018 -0.04053057 0.06199997
v 0.06408018 -0.04053057 0.06199997
v 0.06408018 -0.03946943 0.05699997
v 0.06408018 -0.03946943 0.05699997
v 0.06408018 -0.03946943 0.06199997
v 0.06408018 -0.03946943 0.06199997
v 0.06408018 0.03946942 0.05699997
v 0.06408018 0.03946942 0.05699997
v 0.06408018 0.03946942 0.06199997
v 0.06408018 0.03946942 0.06199997
v 0.06408018 0.04053056 0.05699997
v 0.06408018 0.04053056 0.05699997
v 0.06408018 0.04053056 0.06199997
v 0.06408018 0.04053056 0.06199997
v 0.06415003 -0.04000003 0.05699997
v 0.06415003 -0.04000003 0.05699997
v 0.06415003 -0.04000003 0.06199997
v 0.06415003 -0.04000003 0.06199997
v 0.06415003 0.04000002 0.05699997
v 0.06415003 0.04000002 0.05699997
v 0.06415003 0.04000002 0.06199997
v 0.06415003 0.04000002 0.06199997
v 0.06424647 0.14434999 0.05699997
v 0.06424647 0.14434999 0.05699997
v 0.0656715 0.14292496 0.06199997
v 0.0656715 0.14292496 0.06199997
v 0.06574005 -0.01038182 0.05699997
v 0.06574005 -0.01038182 0.05699997
v 0.06574005 -0.01038182 0.06199997
v 0.06574005 -0.01038182 0.06199997
v 0.06574005 0.01461815 0.05699997
v 0.06574005 0.01461815 0.05699997
v 0.06574005 0.01461815 0.06199997
v 0.06574005 0.01461815 0.06199997
v 0.06971294 -0.0155595 0.05699997
v 0.06971294 -0.0155595 0.05699997
v 0.06971294 -0.0155595 0.06199997
v 0.06971294 -0.0155595 0.06199997
v 0.06971294 0.01979583 0.05699997
v 0.06971294 0.01979583 0.05699997
v 0.06971294 0.01979583 0.06199997
v 0.06971294 0.01979583 0.06199997
v 0.07230002 -0.13629652 0.05699997
v 0.07230002 -0.13629652 0.05699997
v 0.07230002 -0.13629652 0.06199997
v 0.07230002 -0.13629652 0.06199997
v 0.07230002 -0.12819934 0.06199997
v 0.07230002 -0.12677438 0.05699997
v 0.07230002 -0.10520894 0.05699997
v 0.07230002 -0.10520894 0.06199997
v 0.07230002 -0.09843785 0.05699997
v 0.07230002 -0.09843785 0.06199997
v 0.07230002 -0.08443845 0.05699997
v 0.07230002 -0.08443845 0.06199997
v 0.07230002 -0.07257164 0.05699997
v 0.07230002 -0.07257164 0.06199997
v 0.07230002 -0.06443251 0.05699997
v 0.07230002 -0.06443251 0.06199997
v 0.07230002 -0.05972499 0.05699997
v 0.07230002 -0.05829996 0.06199997
v 0.07230002 -0.05501116 0.06199997
v 0.07230002 -0.0509612 0.06199997
v 0.07230002 -0.04973364 0.06199997
v 0.07230002 -0.04772503 0.05699997
v 0.07230002 -0.04382247 0.05699997
v 0.07230002 -0.04382247 0.06199997
v 0.07230002 -0.04250002 0.05699997
v 0.07230002 -0.04250002 0.06199997
v 0.07230002 -0.03499997 0.05699997
v 0.07230002 -0.03499997 0.06199997
v 0.07230002 -0.031025 0.05699997
v 0.07230002 -0.031025 0.06199997
v 0.07230002 -0.02781988 0.05699997
v 0.07230002 -0.02781988 0.06199997
v 0.07230002 -0.0232358 0.05699997
v 0.07230002 -0.0232358 0.06199997
v 0.07230002 0.02781987 0.05699997
v 0.07230002 0.02781987 0.06199997
v 0.07230002 0.03500002 0.05699997
v 0.07230002 0.03500002 0.06199997
v 0.07230002 0.04250001 0.05699997
v 0.07230002 0.04250001 0.06199997
v 0.07230002 0.04601377 0.05699997
v 0.07230002 0.04601377 0.06199997
v 0.07230002 0.04772502 0.05699997
v 0.07230002 0.04914999 0.06199997
v 0.07230002 0.06197494 0.05699997
v 0.07230002 0.06197494 0.06199997
v 0.07230002 0.07071501 0.05699997
v 0.07230002 0.07071501 0.06199997
v 0.07230002 0.08478587 0.05699997
v 0.07230002 0.08478587 0.06199997
v 0.07230002 0.10076266 0.05699997
v 0.07230002 0.10076266 0.06199997
v 0.07230002 0.12844997 0.05699997
v 0.07230002 0.129875 0.06199997
v 0.07230002 0.13629645 0.05699997
v 0.07230002 0.13629645 0.05699997
v 0.07230002 0.13629645 0.06199997
v 0.07230002 0.13629645 0.06199997
v 0.07489067 -0.01953245 0.05699997
v 0.07489067 -0.01953245 0.05699997
v 0.07489067 -0.01953245 0.06199997
v 0.07489067 -0.01953245 0.06199997
v 0.07489067 0.02376878 0.05699997
v 0.07489067 0.02376878 0.05699997
v 0.07489067 0.02376878 0.06199997
v 0.07489067 0.02376878 0.06199997
v 0.07872146 0.129875 0.06199997
v 0.07872146 0.129875 0.06199997
v 0.08014649 0.12844997 0.05699997
v 0.08014649 0.12844997 0.05699997
v 0.08039719 -0.12819934 0.06199997
v 0.08039719 -0.12819934 0.06199997
v 0.08045 -0.04500002 0.05699997
v 0.08045 -0.04500002 0.05699997
v 0.08045 -0.04500002 0.06199997
v 0.08045 -0.04500002 0.06199997
v 0.08045 0.04500001 0.05699997
v 0.08045 0.04500001 0.05699997
v 0.08045 0.04500001 0.06199997
v 0.08045 0.04500001 0.06199997
v 0.08051985 -0.04553056 0.05699997
v 0.08051985 -0.04553056 0.05699997
v 0.08051985 -0.04553056 0.06199997
v 0.08051985 -0.04553056 0.06199997
v 0.08051985 -0.04446942 0.05699997
v 0.08051985 -0.04446942 0.05699997
v 0.08051985 -0.04446942 0.06199997
v 0.08051985 -0.04446942 0.06199997
v 0.08051985 0.04446941 0.05699997
v 0.08051985 0.04446941 0.05699997
v 0.08051985 0.04446941 0.06199997
v 0.08051985 0.04446941 0.06199997
v 0.08051985 0.04553055 0.05699997
v 0.08051985 0.04553055 0.05699997
v 0.08051985 0.04553055 0.06199997
v 0.08051985 0.04553055 0.06199997
v 0.08072466 -0.04602498 0.05699997
v 0.08072466 -0.04602498 0.05699997
v 0.08072466 -0.04602498 0.06199997
v 0.08072466 -0.04602498 0.06199997
v 0.08072466 -0.043975 0.05699997
v 0.08072466 -0.043975 0.05699997
v 0.08072466 -0.043975 0.06199997
v 0.08072466 -0.043975 0.06199997
v 0.08072466 0.04397499 0.05699997
v 0.08072466 0.04397499 0.05699997
v 0.08072466 0.04397499 0.06199997
v 0.08072466 0.04397499 0.06199997
v 0.08072466 0.04602497 0.05699997
v 0.08072466 0.04602497 0.05699997
v 0.08072466 0.04602497 0.06199997
v 0.08072466 0.04602497 0.06199997
v 0.08092016 -0.02203 0.05699997
v 0.08092016 -0.02203 0.05699997
v 0.08092016 -0.02203 0.06199997
v 0.08092016 -0.02203 0.06199997
v 0.08092016 0.02626633 0.05699997
v 0.08092016 0.02626633 0.05699997
v 0.08092016 0.02626633 0.06199997
v 0.08092016 0.02626633 0.06199997
v 0.08105045 -0.04644955 0.05699997
v 0.08105045 -0.04644955 0.05699997
v 0.08105045 -0.04644955 0.06199997
v 0.08105045 -0.04644955 0.06199997
v 0.08105045 -0.04355044 0.05699997
v 0.08105045 -0.04355044 0.05699997
v 0.08105045 -0.04355044 0.06199997
v 0.08105045 -0.04355044 0.06199997
v 0.08105045 0.04355043 0.05699997
v 0.08105045 0.04355043 0.05699997
v 0.08105045 0.04355043 0.06199997
v 0.08105045 0.04355043 0.06199997
v 0.08105045 0.0464496 0.05699997
v 0.08105045 0.0464496 0.05699997
v 0.08105045 0.0464496 0.06199997
v 0.08105045 0.0464496 0.06199997
v 0.08147496 -0.04677535 0.05699997
v 0.08147496 -0.04677535 0.05699997
v 0.08147496 -0.04677535 0.06199997
v 0.08147496 -0.04677535 0.06199997
v 0.08147496 -0.04322464 0.05699997
v 0.08147496 -0.04322464 0.05699997
v 0.08147496 -0.04322464 0.06199997
v 0.08147496 -0.04322464 0.06199997
v 0.08147496 0.04322463 0.05699997
v 0.08147496 0.04322463 0.05699997
v 0.08147496 0.04322463 0.06199997
v 0.08147496 0.04322463 0.06199997
v 0.08147496 0.04677534 0.05699997
v 0.08147496 0.04677534 0.05699997
v 0.08147496 0.04677534 0.06199997
v 0.08147496 0.04677534 0.06199997
v 0.0818221 -0.12677438 0.05699997
v 0.0818221 -0.12677438 0.05699997
v 0.08196944 -0.04698015 0.05699997
v 0.08196944 -0.04698015 0.05699997
v 0.08196944 -0.04698015 0.06199997
v 0.08196944 -0.04698015 0.06199997
v 0.08196944 -0.04301984 0.05699997
v 0.08196944 -0.04301984 0.05699997
v 0.08196944 -0.04301984 0.06199997
v 0.08196944 -0.04301984 0.06199997
v 0.08196944 0.04301983 0.05699997
v 0.08196944 0.04301983 0.05699997
v 0.08196944 0.04301983 0.06199997
v 0.08196944 0.04301983 0.06199997
v 0.08196944 0.04698014 0.05699997
v 0.08196944 0.04698014 0.05699997
v 0.08196944 0.04698014 0.06199997
v 0.08196944 0.04698014 0.06199997
v 0.08250004 -0.04705 0.05699997
v 0.08250004 -0.04705 0.05699997
v 0.08250004 -0.04705 0.06199997
v 0.08250004 -0.04705 0.06199997
v 0.08250004 -0.04294998 0.05699997
v 0.08250004 -0.04294998 0.05699997
v 0.08250004 -0.04294998 0.06199997
v 0.08250004 -0.04294998 0.06199997
v 0.08250004 0.04295003 0.05699997
v 0.08250004 0.04295003 0.05699997
v 0.08250004 0.04295003 0.06199997
v 0.08250004 0.04295003 0.06199997
v 0.08250004 0.04704999 0.05699997
v 0.08250004 0.04704999 0.05699997
v 0.08250004 0.04704999 0.06199997
v 0.08250004 0.04704999 0.06199997
v 0.08303052 -0.04698015 0.05699997
v 0.08303052 -0.04698015 0.05699997
v 0.08303052 -0.04698015 0.06199997
v 0.08303052 -0.04698015 0.06199997
v 0.08303052 -0.04301984 0.05699997
v 0.08303052 -0.04301984 0.05699997
v 0.08303052 -0.04301984 0.06199997
v 0.08303052 -0.04301984 0.06199997
v 0.08303052 0.04301983 0.05699997
v 0.08303052 0.04301983 0.05699997
v 0.08303052 0.04301983 0.06199997
v 0.08303052 0.04301983 0.06199997
v 0.08303052 0.04698014 0.05699997
v 0.08303052 0.04698014 0.05699997
v 0.08303052 0.04698014 0.06199997
v 0.08303052 0.04698014 0.06199997
v 0.083525 -0.04677535 0.05699997
v 0.083525 -0.04677535 0.05699997
v 0.083525 -0.04677535 0.06199997
v 0.083525 -0.04677535 0.06199997
v 0.083525 -0.04322464 0.05699997
v 0.083525 -0.04322464 0.05699997
v 0.083525 -0.04322464 0.06199997
v 0.083525 -0.04322464 0.06199997
v 0.083525 0.04322463 0.05699997
v 0.083525 0.04322463 0.05699997
v 0.083525 0.04322463 0.06199997
v 0.083525 0.04322463 0.06199997
v 0.083525 0.04677534 0.05699997
v 0.083525 0.04677534 0.05699997
v 0.083525 0.04677534 0.06199997
v 0.083525 0.04677534 0.06199997
v 0.08394962 -0.04644955 0.05699997
v 0.08394962 -0.04644955 0.05699997
v 0.08394962 -0.04644955 0.06199997
v 0.08394962 -0.04644955 0.06199997
v 0.08394962 -0.04355044 0.05699997
v 0.08394962 -0.04355044 0.05699997
v 0.08394962 -0.04355044 0.06199997
v 0.08394962 -0.04355044 0.06199997
v 0.08394962 0.04355043 0.05699997
v 0.08394962 0.04355043 0.05699997
v 0.08394962 0.04355043 0.06199997
v 0.08394962 0.04355043 0.06199997
v 0.08394962 0.0464496 0.05699997
v 0.08394962 0.0464496 0.05699997
v 0.08394962 0.0464496 0.06199997
v 0.08394962 0.0464496 0.06199997
v 0.0842753 -0.04602498 0.05699997
v 0.0842753 -0.04602498 0.05699997
v 0.0842753 -0.04602498 0.06199997
v 0.0842753 -0.04602498 0.06199997
v 0.0842753 -0.043975 0.05699997
v 0.0842753 -0.043975 0.05699997
v 0.0842753 -0.043975 0.06199997
v 0.0842753 -0.043975 0.06199997
v 0.0842753 0.04397499 0.05699997
v 0.0842753 0.04397499 0.05699997
v 0.0842753 0.04397499 0.06199997
v 0.0842753 0.04397499 0.06199997
v 0.0842753 0.04602497 0.05699997
v 0.0842753 0.04602497 0.05699997
v 0.0842753 0.04602497 0.06199997
v 0.0842753 0.04602497 0.06199997
v 0.08448011 -0.04553056 0.05699997
v 0.08448011 -0.04553056 0.05699997
v 0.08448011 -0.04553056 0.06199997
v 0.08448011 -0.04553056 0.06199997
v 0.08448011 -0.04446942 0.05699997
v 0.08448011 -0.04446942 0.05699997
v 0.08448011 -0.04446942 0.06199997
v 0.08448011 -0.04446942 0.06199997
v 0.08448011 0.04446941 0.05699997
v 0.08448011 0.04446941 0.05699997
v 0.08448011 0.04446941 0.06199997
v 0.08448011 0.04446941 0.06199997
v 0.08448011 0.04553055 0.05699997
v 0.08448011 0.04553055 0.05699997
v 0.08448011 0.04553055 0.06199997
v 0.08448011 0.04553055 0.06199997
v 0.08454996 -0.04500002 0.05699997
v 0.08454996 -0.04500002 0.05699997
v 0.08454996 -0.04500002 0.06199997
v 0.08454996 -0.04500002 0.06199997
v 0.08454996 0.04500001 0.05699997
v 0.08454996 0.04500001 0.05699997
v 0.08454996 0.04500001 0.06199997
v 0.08454996 0.04500001 0.06199997
v 0.08739072 -0.02288181 0.05699997
v 0.08739072 -0.02288181 0.05699997
v 0.08739072 -0.02288181 0.06199997
v 0.08739072 -0.02288181 0.06199997
v 0.08739072 0.02711814 0.05699997
v 0.08739072 0.02711814 0.05699997
v 0.08739072 0.02711814 0.06199997
v 0.08739072 0.02711814 0.06199997
v 0.08832079 -0.12027568 0.05699997
v 0.08832079 -0.12027568 0.05699997
v 0.08832079 -0.12027568 0.06199997
v 0.08832079 -0.12027568 0.06199997
v 0.08832079 -0.10520894 0.05699997
v 0.08832079 -0.10520894 0.06199997
v 0.08832079 -0.09843785 0.05699997
v 0.08832079 -0.09843785 0.06199997
v 0.08832079 -0.08443845 0.05699997
v 0.08832079 -0.08443845 0.06199997
v 0.08832079 -0.07257164 0.05699997
v 0.08832079 -0.07257164 0.06199997
v 0.08832079 -0.06443251 0.05699997
v 0.08832079 -0.06443251 0.06199997
v 0.08832079 -0.05972499 0.05699997
v 0.08832079 -0.05829996 0.06199997
v 0.08832079 -0.05501116 0.06199997
v 0.08832079 -0.0509612 0.06199997
v 0.08832079 -0.04973364 0.06199997
v 0.08832079 -0.04772503 0.05699997
v 0.08832079 -0.04382247 0.05699997
v 0.08832079 -0.04382247 0.06199997
v 0.08832079 -0.04250002 0.05699997
v 0.08832079 -0.04250002 0.06199997
v 0.08832079 -0.03499997 0.05699997
v 0.08832079 -0.03499997 0.06199997
v 0.08832079 -0.031025 0.05699997
v 0.08832079 -0.031025 0.06199997
v 0.08832079 -0.02781988 0.05699997
v 0.08832079 -0.02781988 0.06199997
v 0.08832079 -0.0232358 0.05699997
v 0.08832079 -0.0232358 0.06199997
v 0.08832079 0.02781987 0.05699997
v 0.08832079 0.02781987 0.06199997
v 0.08832079 0.03500002 0.05699997
v 0.08832079 0.03500002 0.06199997
v 0.08832079 0.04250001 0.05699997
v 0.08832079 0.04250001 0.06199997
v 0.08832079 0.04601377 0.05699997
v 0.08832079 0.04601377 0.06199997
v 0.08832079 0.04772502 0.05699997
v 0.08832079 0.04914999 0.06199997
v 0.08832079 0.06197494 0.05699997
v 0.08832079 0.06197494 0.06199997
v 0.08832079 0.07071501 0.05699997
v 0.08832079 0.07071501 0.06199997
v 0.08832079 0.08478587 0.05699997
v 0.08832079 0.08478587 0.06199997
v 0.08832079 0.10076266 0.05699997
v 0.08832079 0.10076266 0.06199997
v 0.08832079 0.12027567 0.05699997
v 0.08832079 0.12027567 0.05699997
v 0.08832079 0.12027567 0.06199997
v 0.08832079 0.12027567 0.06199997
v 0.09209162 -0.10783381 0.05699997
v 0.09209162 -0.10783381 0.05699997
v 0.09209162 -0.10783381 0.06199997
v 0.09209162 -0.10783381 0.06199997
v 0.09209162 0.1078338 0.05699997
v 0.09209162 0.1078338 0.05699997
v 0.09209162 0.1078338 0.06199997
v 0.09209162 0.1078338 0.06199997
v 0.09214622 -0.10824788 0.05699997
v 0.09214622 -0.10824788 0.05699997
v 0.09214622 -0.10824788 0.06199997
v 0.09214622 -0.10824788 0.06199997
v 0.09214622 -0.10741967 0.05699997
v 0.09214622 -0.10741967 0.05699997
v 0.09214622 -0.10741967 0.06199997
v 0.09214622 -0.10741967 0.06199997
v 0.09214622 0.10741966 0.05699997
v 0.09214622 0.10741966 0.05699997
v 0.09214622 0.10741966 0.06199997
v 0.09214622 0.10741966 0.06199997
v 0.09214622 0.10824793 0.05699997
v 0.09214622 0.10824793 0.05699997
v 0.09214622 0.10824793 0.06199997
v 0.09214622 0.10824793 0.06199997
v 0.09230596 -0.10863376 0.05699997
v 0.09230596 -0.10863376 0.05699997
v 0.09230596 -0.10863376 0.06199997
v 0.09230596 -0.10863376 0.06199997
v 0.09230596 -0.10703379 0.05699997
v 0.09230596 -0.10703379 0.05699997
v 0.09230596 -0.10703379 0.06199997
v 0.09230596 -0.10703379 0.06199997
v 0.09230596 0.10703378 0.05699997
v 0.09230596 0.10703378 0.05699997
v 0.09230596 0.10703378 0.06199997
v 0.09230596 0.10703378 0.06199997
v 0.09230596 0.10863381 0.05699997
v 0.09230596 0.10863381 0.05699997
v 0.09230596 0.10863381 0.06199997
v 0.09230596 0.10863381 0.06199997
v 0.09256023 -0.10896516 0.05699997
v 0.09256023 -0.10896516 0.05699997
v 0.09256023 -0.10896516 0.06199997
v 0.09256023 -0.10896516 0.06199997
v 0.09256023 -0.10670239 0.05699997
v 0.09256023 -0.10670239 0.05699997
v 0.09256023 -0.10670239 0.06199997
v 0.09256023 -0.10670239 0.06199997
v 0.09256023 0.10670238 0.05699997
v 0.09256023 0.10670238 0.05699997
v 0.09256023 0.10670238 0.06199997
v 0.09256023 0.10670238 0.06199997
v 0.09256023 0.10896521 0.05699997
v 0.09256023 0.10896521 0.05699997
v 0.09256023 0.10896521 0.06199997
v 0.09256023 0.10896521 0.06199997
v 0.09289163 -0.10921944 0.05699997
v 0.09289163 -0.10921944 0.05699997
v 0.09289163 -0.10921944 0.06199997
v 0.09289163 -0.10921944 0.06199997
v 0.09289163 -0.10644812 0.05699997
v 0.09289163 -0.10644812 0.05699997
v 0.09289163 -0.10644812 0.06199997
v 0.09289163 -0.10644812 0.06199997
v 0.09289163 0.10644811 0.05699997
v 0.09289163 0.10644811 0.05699997
v 0.09289163 0.10644811 0.06199997
v 0.09289163 0.10644811 0.06199997
v 0.09289163 0.10921937 0.05699997
v 0.09289163 0.10921937 0.05699997
v 0.09289163 0.10921937 0.06199997
v 0.09289163 0.10921937 0.06199997
v 0.09327751 -0.10937924 0.05699997
v 0.09327751 -0.10937924 0.05699997
v 0.09327751 -0.10937924 0.06199997
v 0.09327751 -0.10937924 0.06199997
v 0.09327751 -0.10628832 0.05699997
v 0.09327751 -0.10628832 0.05699997
v 0.09327751 -0.10628832 0.06199997
v 0.09327751 -0.10628832 0.06199997
v 0.09327751 0.10628825 0.05699997
v 0.09327751 0.10628825 0.05699997
v 0.09327751 0.10628825 0.06199997
v 0.09327751 0.10628825 0.06199997
v 0.09327751 0.10937923 0.05699997
v 0.09327751 0.10937923 0.05699997
v 0.09327751 0.10937923 0.06199997
v 0.09327751 0.10937923 0.06199997
v 0.09369165 -0.10943377 0.05699997
v 0.09369165 -0.10943377 0.05699997
v 0.09369165 -0.10943377 0.06199997
v 0.09369165 -0.10943377 0.06199997
v 0.09369165 -0.10623378 0.05699997
v 0.09369165 -0.10623378 0.05699997
v 0.09369165 -0.10623378 0.06199997
v 0.09369165 -0.10623378 0.06199997
v 0.09369165 0.10623377 0.05699997
v 0.09369165 0.10623377 0.05699997
v 0.09369165 0.10623377 0.06199997
v 0.09369165 0.10623377 0.06199997
v 0.09369165 0.10943383 0.05699997
v 0.09369165 0.10943383 0.05699997
v 0.09369165 0.10943383 0.06199997
v 0.09369165 0.10943383 0.06199997
v 0.09386116 -0.02203 0.05699997
v 0.09386116 -0.02203 0.05699997
v 0.09386116 -0.02203 0.06199997
v 0.09386116 -0.02203 0.06199997
v 0.09386116 0.02626633 0.05699997
v 0.09386116 0.02626633 0.05699997
v 0.09386116 0.02626633 0.06199997
v 0.09386116 0.02626633 0.06199997
v 0.09410578 -0.10937924 0.05699997
v 0.09410578 -0.10937924 0.05699997
v 0.09410578 -0.10937924 0.06199997
v 0.09410578 -0.10937924 0.06199997
v 0.09410578 -0.10628832 0.05699997
v 0.09410578 -0.10628832 0.05699997
v 0.09410578 -0.10628832 0.06199997
v 0.09410578 -0.10628832 0.06199997
v 0.09410578 0.10628825 0.05699997
v 0.09410578 0.10628825 0.05699997
v 0.09410578 0.10628825 0.06199997
v 0.09410578 0.10628825 0.06199997
v 0.09410578 0.10937923 0.05699997
v 0.09410578 0.10937923 0.05699997
v 0.09410578 0.10937923 0.06199997
v 0.09410578 0.10937923 0.06199997
v 0.09449166 -0.10921944 0.05699997
v 0.09449166 -0.10921944 0.05699997
v 0.09449166 -0.10921944 0.06199997
v 0.09449166 -0.10921944 0.06199997
v 0.09449166 -0.10644812 0.05699997
v 0.09449166 -0.10644812 0.05699997
v 0.09449166 -0.10644812 0.06199997
v 0.09449166 -0.10644812 0.06199997
v 0.09449166 0.10644811 0.05699997
v 0.09449166 0.10644811 0.05699997
v 0.09449166 0.10644811 0.06199997
v 0.09449166 0.10644811 0.06199997
v 0.09449166 0.10921937 0.05699997
v 0.09449166 0.10921937 0.05699997
v 0.09449166 0.10921937 0.06199997
v 0.09449166 0.10921937 0.06199997
v 0.09482306 -0.10896516 0.05699997
v 0.09482306 -0.10896516 0.05699997
v 0.09482306 -0.10896516 0.06199997
v 0.09482306 -0.10896516 0.06199997
v 0.09482306 -0.10670239 0.05699997
v 0.09482306 -0.10670239 0.05699997
v 0.09482306 -0.10670239 0.06199997
v 0.09482306 -0.10670239 0.06199997
v 0.09482306 0.10670238 0.05699997
v 0.09482306 0.10670238 0.05699997
v 0.09482306 0.10670238 0.06199997
v 0.09482306 0.10670238 0.06199997
v 0.09482306 0.10896521 0.05699997
v 0.09482306 0.10896521 0.05699997
v 0.09482306 0.10896521 0.06199997
v 0.09482306 0.10896521 0.06199997
v 0.09507733 -0.10863376 0.05699997
v 0.09507733 -0.10863376 0.05699997
v 0.09507733 -0.10863376 0.06199997
v 0.09507733 -0.10863376 0.06199997
v 0.09507733 -0.10703379 0.05699997
v 0.09507733 -0.10703379 0.05699997
v 0.09507733 -0.10703379 0.06199997
v 0.09507733 -0.10703379 0.06199997
v 0.09507733 0.10703378 0.05699997
v 0.09507733 0.10703378 0.05699997
v 0.09507733 0.10703378 0.06199997
v 0.09507733 0.10703378 0.06199997
v 0.09507733 0.10863381 0.05699997
v 0.09507733 0.10863381 0.05699997
v 0.09507733 0.10863381 0.06199997
v 0.09507733 0.10863381 0.06199997
v 0.09523707 -0.10824788 0.05699997
v 0.09523707 -0.10824788 0.05699997
v 0.09523707 -0.10824788 0.06199997
v 0.09523707 -0.10824788 0.06199997
v 0.09523707 -0.10741967 0.05699997
v 0.09523707 -0.10741967 0.05699997
v 0.09523707 -0.10741967 0.06199997
v 0.09523707 -0.10741967 0.06199997
v 0.09523707 0.10741966 0.05699997
v 0.09523707 0.10741966 0.05699997
v 0.09523707 0.10741966 0.06199997
v 0.09523707 0.10741966 0.06199997
v 0.09523707 0.10824793 0.05699997
v 0.09523707 0.10824793 0.05699997
v 0.09523707 0.10824793 0.06199997
v 0.09523707 0.10824793 0.06199997
v 0.09529167 -0.10783381 0.05699997
v 0.09529167 -0.10783381 0.05699997
v 0.09529167 -0.10783381 0.06199997
v 0.09529167 -0.10783381 0.06199997
v 0.09529167 0.1078338 0.05699997
v 0.09529167 0.1078338 0.05699997
v 0.09529167 0.1078338 0.06199997
v 0.09529167 0.1078338 0.06199997
v 0.09989065 -0.01953245 0.05699997
v 0.09989065 -0.01953245 0.05699997
v 0.09989065 -0.01953245 0.06199997
v 0.09989065 -0.01953245 0.06199997
v 0.09989065 0.02376878 0.05699997
v 0.09989065 0.02376878 0.05699997
v 0.09989065 0.02376878 0.06199997
v 0.09989065 0.02376878 0.06199997
v 0.10076266 -0.10783381 0.05699997
v 0.10076266 -0.10783381 0.05699997
v 0.10076266 -0.10783381 0.06199997
v 0.10076266 -0.10783381 0.06199997
v 0.10076266 -0.10520894 0.05699997
v 0.10076266 -0.10520894 0.06199997
v 0.10076266 -0.09843785 0.05699997
v 0.10076266 -0.09843785 0.06199997
v 0.10076266 -0.08443845 0.05699997
v 0.10076266 -0.08443845 0.06199997
v 0.10076266 -0.07257164 0.05699997
v 0.10076266 -0.07257164 0.06199997
v 0.10076266 -0.06443251 0.05699997
v 0.10076266 -0.06443251 0.06199997
v 0.10076266 -0.05972499 0.05699997
v 0.10076266 -0.05829996 0.06199997
v 0.10076266 -0.05501116 0.06199997
v 0.10076266 -0.0509612 0.06199997
v 0.10076266 -0.04973364 0.06199997
v 0.10076266 -0.04772503 0.05699997
v 0.10076266 -0.04382247 0.05699997
v 0.10076266 -0.04382247 0.06199997
v 0.10076266 -0.04250002 0.05699997
v 0.10076266 -0.04250002 0.06199997
v 0.10076266 -0.03499997 0.05699997
v 0.10076266 -0.03499997 0.06199997
v 0.10076266 -0.031025 0.05699997
v 0.10076266 -0.031025 0.06199997
v 0.10076266 -0.02781988 0.05699997
v 0.10076266 -0.02781988 0.06199997
v 0.10076266 -0.0232358 0.05699997
v 0.10076266 -0.0232358 0.06199997
v 0.10076266 0.02781987 0.05699997
v 0.10076266 0.02781987 0.06199997
v 0.10076266 0.03500002 0.05699997
v 0.10076266 0.03500002 0.06199997
v 0.10076266 0.04250001 0.05699997
v 0.10076266 0.04250001 0.06199997
v 0.10076266 0.04601377 0.05699997
v 0.10076266 0.04601377 0.06199997
v 0.10076266 0.04772502 0.05699997
v 0.10076266 0.04914999 0.06199997
v 0.10076266 0.06197494 0.05699997
v 0.10076266 0.06197494 0.06199997
v 0.10076266 0.07071501 0.05699997
v 0.10076266 0.07071501 0.06199997
v 0.10076266 0.08478587 0.05699997
v 0.10076266 0.08478587 0.06199997
v 0.10076266 0.10076266 0.05699997
v 0.10076266 0.10076266 0.06199997
v 0.10076266 0.1078338 0.05699997
v 0.10076266 0.1078338 0.05699997
v 0.10076266 0.1078338 0.06199997
v 0.10076266 0.1078338 0.06199997
v 0.10338753 -0.10520894 0.05699997
v 0.10338753 -0.10520894 0.05699997
v 0.10338753 -0.10520894 0.06199997
v 0.10338753 -0.10520894 0.06199997
v 0.10506838 -0.0155595 0.05699997
v 0.10506838 -0.0155595 0.05699997
v 0.10506838 -0.0155595 0.06199997
v 0.10506838 -0.0155595 0.06199997
v 0.10506838 0.01979583 0.05699997
v 0.10506838 0.01979583 0.05699997
v 0.10506838 0.01979583 0.06199997
v 0.10506838 0.01979583 0.06199997
v 0.10623377 -0.09369165 0.05699997
v 0.10623377 -0.09369165 0.05699997
v 0.10623377 -0.09369165 0.06199997
v 0.10623377 -0.09369165 0.06199997
v 0.10623377 0.09369164 0.05699997
v 0.10623377 0.09369164 0.05699997
v 0.10623377 0.09369164 0.06199997
v 0.10623377 0.09369164 0.06199997
v 0.10628825 -0.09410578 0.05699997
v 0.10628825 -0.09410578 0.05699997
v 0.10628825 -0.09410578 0.06199997
v 0.10628825 -0.09410578 0.06199997
v 0.10628825 -0.09327752 0.05699997
v 0.10628825 -0.09327752 0.05699997
v 0.10628825 -0.09327752 0.06199997
v 0.10628825 -0.09327752 0.06199997
v 0.10628825 0.09327751 0.05699997
v 0.10628825 0.09327751 0.05699997
v 0.10628825 0.09327751 0.06199997
v 0.10628825 0.09327751 0.06199997
v 0.10628825 0.09410578 0.05699997
v 0.10628825 0.09410578 0.05699997
v 0.10628825 0.09410578 0.06199997
v 0.10628825 0.09410578 0.06199997
v 0.10644811 -0.09449167 0.05699997
v 0.10644811 -0.09449167 0.05699997
v 0.10644811 -0.09449167 0.06199997
v 0.10644811 -0.09449167 0.06199997
v 0.10644811 -0.09289164 0.05699997
v 0.10644811 -0.09289164 0.05699997
v 0.10644811 -0.09289164 0.06199997
v 0.10644811 -0.09289164 0.06199997
v 0.10644811 0.09289163 0.05699997
v 0.10644811 0.09289163 0.05699997
v 0.10644811 0.09289163 0.06199997
v 0.10644811 0.09289163 0.06199997
v 0.10644811 0.09449166 0.05699997
v 0.10644811 0.09449166 0.05699997
v 0.10644811 0.09449166 0.06199997
v 0.10644811 0.09449166 0.06199997
v 0.10670239 -0.09482301 0.05699997
v 0.10670239 -0.09482301 0.05699997
v 0.10670239 -0.09482301 0.06199997
v 0.10670239 -0.09482301 0.06199997
v 0.10670239 -0.0925603 0.05699997
v 0.10670239 -0.0925603 0.05699997
v 0.10670239 -0.0925603 0.06199997
v 0.10670239 -0.0925603 0.06199997
v 0.10670239 0.09256023 0.05699997
v 0.10670239 0.09256023 0.05699997
v 0.10670239 0.09256023 0.06199997
v 0.10670239 0.09256023 0.06199997
v 0.10670239 0.09482306 0.05699997
v 0.10670239 0.09482306 0.05699997
v 0.10670239 0.09482306 0.06199997
v 0.10670239 0.09482306 0.06199997
v 0.10703379 -0.09507728 0.05699997
v 0.10703379 -0.09507728 0.05699997
v 0.10703379 -0.09507728 0.06199997
v 0.10703379 -0.09507728 0.06199997
v 0.10703379 -0.09230602 0.05699997
v 0.10703379 -0.09230602 0.05699997
v 0.10703379 -0.09230602 0.06199997
v 0.10703379 -0.09230602 0.06199997
v 0.10703379 0.09230595 0.05699997
v 0.10703379 0.09230595 0.05699997
v 0.10703379 0.09230595 0.06199997
v 0.10703379 0.09230595 0.06199997
v 0.10703379 0.09507733 0.05699997
v 0.10703379 0.09507733 0.05699997
v 0.10703379 0.09507733 0.06199997
v 0.10703379 0.09507733 0.06199997
v 0.10741967 -0.09523714 0.05699997
v 0.10741967 -0.09523714 0.05699997
v 0.10741967 -0.09523714 0.06199997
v 0.10741967 -0.09523714 0.06199997
v 0.10741967 -0.09214616 0.05699997
v 0.10741967 -0.09214616 0.05699997
v 0.10741967 -0.09214616 0.06199997
v 0.10741967 -0.09214616 0.06199997
v 0.10741967 0.09214621 0.05699997
v 0.10741967 0.09214621 0.05699997
v 0.10741967 0.09214621 0.06199997
v 0.10741967 0.09214621 0.06199997
v 0.10741967 0.09523707 0.05699997
v 0.10741967 0.09523707 0.05699997
v 0.10741967 0.09523707 0.06199997
v 0.10741967 0.09523707 0.06199997
v 0.1078338 -0.09529162 0.05699997
v 0.1078338 -0.09529162 0.05699997
v 0.1078338 -0.09529162 0.06199997
v 0.1078338 -0.09529162 0.06199997
v 0.1078338 -0.09209162 0.05699997
v 0.1078338 -0.09209162 0.05699997
v 0.1078338 -0.09209162 0.06199997
v 0.1078338 -0.09209162 0.06199997
v 0.1078338 0.09209162 0.05699997
v 0.1078338 0.09209162 0.05699997
v 0.1078338 0.09209162 0.06199997
v 0.1078338 0.09209162 0.06199997
v 0.1078338 0.09529167 0.05699997
v 0.1078338 0.09529167 0.05699997
v 0.1078338 0.09529167 0.06199997
v 0.1078338 0.09529167 0.06199997
v 0.1078338 0.10076266 0.05699997
v 0.1078338 0.10076266 0.05699997
v 0.1078338 0.10076266 0.06199997
v 0.1078338 0.10076266 0.06199997
v 0.10824793 -0.09523714 0.05699997
v 0.10824793 -0.09523714 0.05699997
v 0.10824793 -0.09523714 0.06199997
v 0.10824793 -0.09523714 0.06199997
v 0.10824793 -0.09214616 0.05699997
v 0.10824793 -0.09214616 0.05699997
v 0.10824793 -0.09214616 0.06199997
v 0.10824793 -0.09214616 0.06199997
v 0.10824793 0.09214621 0.05699997
v 0.10824793 0.09214621 0.05699997
v 0.10824793 0.09214621 0.06199997
v 0.10824793 0.09214621 0.06199997
v 0.10824793 0.09523707 0.05699997
v 0.10824793 0.09523707 0.05699997
v 0.10824793 0.09523707 0.06199997
v 0.10824793 0.09523707 0.06199997
v 0.10863381 -0.09507728 0.05699997
v 0.10863381 -0.09507728 0.05699997
v 0.10863381 -0.09507728 0.06199997
v 0.10863381 -0.09507728 0.06199997
v 0.10863381 -0.09230602 0.05699997
v 0.10863381 -0.09230602 0.05699997
v 0.10863381 -0.09230602 0.06199997
v 0.10863381 -0.09230602 0.06199997
v 0.10863381 0.09230595 0.05699997
v 0.10863381 0.09230595 0.05699997
v 0.10863381 0.09230595 0.06199997
v 0.10863381 0.09230595 0.06199997
v 0.10863381 0.09507733 0.05699997
v 0.10863381 0.09507733 0.05699997
v 0.10863381 0.09507733 0.06199997
v 0.10863381 0.09507733 0.06199997
v 0.1089651 -0.09482301 0.05699997
v 0.1089651 -0.09482301 0.05699997
v 0.1089651 -0.09482301 0.06199997
v 0.1089651 -0.09482301 0.06199997
v 0.1089651 -0.0925603 0.05699997
v 0.1089651 -0.0925603 0.05699997
v 0.1089651 -0.0925603 0.06199997
v 0.1089651 -0.0925603 0.06199997
v 0.1089651 0.09256023 0.05699997
v 0.1089651 0.09256023 0.05699997
v 0.1089651 0.09256023 0.06199997
v 0.1089651 0.09256023 0.06199997
v 0.1089651 0.09482306 0.05699997
v 0.1089651 0.09482306 0.05699997
v 0.1089651 0.09482306 0.06199997
v 0.1089651 0.09482306 0.06199997
v 0.10904127 -0.01038182 0.05699997
v 0.10904127 -0.01038182 0.05699997
v 0.10904127 -0.01038182 0.06199997
v 0.10904127 -0.01038182 0.06199997
v 0.10904127 0.01461815 0.05699997
v 0.10904127 0.01461815 0.05699997
v 0.10904127 0.01461815 0.06199997
v 0.10904127 0.01461815 0.06199997
v 0.10921937 -0.09449167 0.05699997
v 0.10921937 -0.09449167 0.05699997
v 0.10921937 -0.09449167 0.06199997
v 0.10921937 -0.09449167 0.06199997
v 0.10921937 -0.09289164 0.05699997
v 0.10921937 -0.09289164 0.05699997
v 0.10921937 -0.09289164 0.06199997
v 0.10921937 -0.09289164 0.06199997
v 0.10921937 0.09289163 0.05699997
v 0.10921937 0.09289163 0.05699997
v 0.10921937 0.09289163 0.06199997
v 0.10921937 0.09289163 0.06199997
v 0.10921937 0.09449166 0.05699997
v 0.10921937 0.09449166 0.05699997
v 0.10921937 0.09449166 0.06199997
v 0.10921937 0.09449166 0.06199997
v 0.10937923 -0.09410578 0.05699997
v 0.10937923 -0.09410578 0.05699997
v 0.10937923 -0.09410578 0.06199997
v 0.10937923 -0.09410578 0.06199997
v 0.10937923 -0.09327752 0.05699997
v 0.10937923 -0.09327752 0.05699997
v 0.10937923 -0.09327752 0.06199997
v 0.10937923 -0.09327752 0.06199997
v 0.10937923 0.09327751 0.05699997
v 0.10937923 0.09327751 0.05699997
v 0.10937923 0.09327751 0.06199997
v 0.10937923 0.09327751 0.06199997
v 0.10937923 0.09410578 0.05699997
v 0.10937923 0.09410578 0.05699997
v 0.10937923 0.09410578 0.06199997
v 0.10937923 0.09410578 0.06199997
v 0.10943383 -0.09369165 0.05699997
v 0.10943383 -0.09369165 0.05699997
v 0.10943383 -0.09369165 0.06199997
v 0.10943383 -0.09369165 0.06199997
v 0.10943383 0.09369164 0.05699997
v 0.10943383 0.09369164 0.05699997
v 0.10943383 0.09369164 0.06199997
v 0.10943383 0.09369164 0.06199997
v 0.11015862 -0.09843785 0.05699997
v 0.11015862 -0.09843785 0.05699997
v 0.11015862 -0.09843785 0.06199997
v 0.11015862 -0.09843785 0.06199997
v 0.11153883 -0.00435234 0.05699997
v 0.11153883 -0.00435234 0.05699997
v 0.11153883 -0.00435234 0.06199997
v 0.11153883 -0.00435234 0.06199997
v 0.11153883 0.00858867 0.05699997
v 0.11153883 0.00858867 0.05699997
v 0.11153883 0.00858867 0.06199997
v 0.11153883 0.00858867 0.06199997
v 0.1123907 0.00211817 0.05699997
v 0.1123907 0.00211817 0.05699997
v 0.1123907 0.00211817 0.06199997
v 0.1123907 0.00211817 0.06199997
v 0.12142032 -0.08717615 0.05699997
v 0.12142032 -0.08717615 0.05699997
v 0.12142032 -0.08717615 0.06199997
v 0.12142032 -0.08717615 0.06199997
v 0.12142032 -0.08443845 0.05699997
v 0.12142032 -0.08443845 0.06199997
v 0.12142032 -0.07257164 0.05699997
v 0.12142032 -0.07257164 0.06199997
v 0.12142032 -0.06443251 0.05699997
v 0.12142032 -0.06443251 0.06199997
v 0.12142032 -0.05972499 0.05699997
v 0.12142032 -0.05829996 0.06199997
v 0.12142032 -0.05501116 0.06199997
v 0.12142032 -0.0509612 0.06199997
v 0.12142032 -0.04973364 0.06199997
v 0.12142032 -0.04772503 0.05699997
v 0.12142032 -0.04382247 0.05699997
v 0.12142032 -0.04382247 0.06199997
v 0.12142032 -0.04250002 0.05699997
v 0.12142032 -0.04250002 0.06199997
v 0.12142032 -0.03499997 0.05699997
v 0.12142032 -0.03499997 0.06199997
v 0.12142032 -0.031025 0.05699997
v 0.12142032 -0.031025 0.06199997
v 0.12142032 -0.02781988 0.05699997
v 0.12142032 -0.02781988 0.06199997
v 0.12142032 -0.0232358 0.05699997
v 0.12142032 -0.0232358 0.06199997
v 0.12142032 0.01759487 0.05699997
v 0.12142032 0.01759487 0.06199997
v 0.12142032 0.02781987 0.05699997
v 0.12142032 0.02781987 0.06199997
v 0.12142032 0.03500002 0.05699997
v 0.12142032 0.03500002 0.06199997
v 0.12142032 0.04250001 0.05699997
v 0.12142032 0.04250001 0.06199997
v 0.12142032 0.04601377 0.05699997
v 0.12142032 0.04601377 0.06199997
v 0.12142032 0.04772502 0.05699997
v 0.12142032 0.04914999 0.06199997
v 0.12142032 0.06197494 0.05699997
v 0.12142032 0.06197494 0.06199997
v 0.12142032 0.07071501 0.05699997
v 0.12142032 0.07071501 0.06199997
v 0.12142032 0.08478587 0.05699997
v 0.12142032 0.08478587 0.06199997
v 0.12142032 0.08717614 0.05699997
v 0.12142032 0.08717614 0.05699997
v 0.12142032 0.08717614 0.06199997
v 0.12142032 0.08717614 0.06199997
v 0.12381071 0.08478587 0.05699997
v 0.12381071 0.08478587 0.05699997
v 0.12381071 0.08478587 0.06199997
v 0.12381071 0.08478587 0.06199997
v 0.12415808 -0.08443845 0.05699997
v 0.12415808 -0.08443845 0.05699997
v 0.12415808 -0.08443845 0.06199997
v 0.12415808 -0.08443845 0.06199997
v 0.13044995 -0.02999998 0.05699997
v 0.13044995 -0.02999998 0.05699997
v 0.13044995 -0.02999998 0.06199997
v 0.13044995 -0.02999998 0.06199997
v 0.13044995 0.03000003 0.05699997
v 0.13044995 0.03000003 0.05699997
v 0.13044995 0.03000003 0.06199997
v 0.13044995 0.03000003 0.06199997
v 0.13051981 -0.03053058 0.05699997
v 0.13051981 -0.03053058 0.05699997
v 0.13051981 -0.03053058 0.06199997
v 0.13051981 -0.03053058 0.06199997
v 0.13051981 -0.02946944 0.05699997
v 0.13051981 -0.02946944 0.05699997
v 0.13051981 -0.02946944 0.06199997
v 0.13051981 -0.02946944 0.06199997
v 0.13051981 0.02946943 0.05699997
v 0.13051981 0.02946943 0.05699997
v 0.13051981 0.02946943 0.06199997
v 0.13051981 0.02946943 0.06199997
v 0.13051981 0.03053057 0.05699997
v 0.13051981 0.03053057 0.05699997
v 0.13051981 0.03053057 0.06199997
v 0.13051981 0.03053057 0.06199997
v 0.13072461 -0.031025 0.05699997
v 0.13072461 -0.031025 0.05699997
v 0.13072461 -0.031025 0.06199997
v 0.13072461 -0.031025 0.06199997
v 0.13072461 -0.02897501 0.05699997
v 0.13072461 -0.02897501 0.05699997
v 0.13072461 -0.02897501 0.06199997
v 0.13072461 -0.02897501 0.06199997
v 0.13072461 0.02897501 0.05699997
v 0.13072461 0.02897501 0.05699997
v 0.13072461 0.02897501 0.06199997
v 0.13072461 0.02897501 0.06199997
v 0.13072461 0.03102499 0.05699997
v 0.13072461 0.03102499 0.05699997
v 0.13072461 0.03102499 0.06199997
v 0.13072461 0.03102499 0.06199997
v 0.13105041 -0.03144956 0.05699997
v 0.13105041 -0.03144956 0.05699997
v 0.13105041 -0.03144956 0.06199997
v 0.13105041 -0.03144956 0.06199997
v 0.13105041 -0.02855045 0.05699997
v 0.13105041 -0.02855045 0.05699997
v 0.13105041 -0.02855045 0.06199997
v 0.13105041 -0.02855045 0.06199997
v 0.13105041 0.02855044 0.05699997
v 0.13105041 0.02855044 0.05699997
v 0.13105041 0.02855044 0.06199997
v 0.13105041 0.02855044 0.06199997
v 0.13105041 0.03144955 0.05699997
v 0.13105041 0.03144955 0.05699997
v 0.13105041 0.03144955 0.06199997
v 0.13105041 0.03144955 0.06199997
v 0.13147503 -0.03177536 0.05699997
v 0.13147503 -0.03177536 0.05699997
v 0.13147503 -0.03177536 0.06199997
v 0.13147503 -0.03177536 0.06199997
v 0.13147503 -0.02822465 0.05699997
v 0.13147503 -0.02822465 0.05699997
v 0.13147503 -0.02822465 0.06199997
v 0.13147503 -0.02822465 0.06199997
v 0.13147503 0.02822464 0.05699997
v 0.13147503 0.02822464 0.05699997
v 0.13147503 0.02822464 0.06199997
v 0.13147503 0.02822464 0.06199997
v 0.13147503 0.03177535 0.05699997
v 0.13147503 0.03177535 0.05699997
v 0.13147503 0.03177535 0.06199997
v 0.13147503 0.03177535 0.06199997
v 0.13192504 -0.07667149 0.05699997
v 0.13192504 -0.07667149 0.05699997
v 0.13192504 -0.07257164 0.05699997
v 0.13192504 -0.06443251 0.05699997
v 0.13192504 -0.05972499 0.05699997
v 0.13192504 -0.04772503 0.05699997
v 0.13192504 -0.04382247 0.05699997
v 0.13192504 -0.04250002 0.05699997
v 0.13192504 -0.03499997 0.05699997
v 0.13192504 -0.02781988 0.05699997
v 0.13192504 -0.0232358 0.05699997
v 0.13192504 0.01759487 0.05699997
v 0.13192504 0.02781987 0.05699997
v 0.13192504 0.03500002 0.05699997
v 0.13192504 0.04250001 0.05699997
v 0.13192504 0.04601377 0.05699997
v 0.13192504 0.04772502 0.05699997
v 0.13192504 0.06197494 0.05699997
v 0.13192504 0.07071501 0.05699997
v 0.13192504 0.07667154 0.05699997
v 0.13192504 0.07667154 0.05699997
v 0.13196939 -0.03198016 0.05699997
v 0.13196939 -0.03198016 0.05699997
v 0.13196939 -0.03198016 0.06199997
v 0.13196939 -0.03198016 0.06199997
v 0.13196939 -0.02801985 0.05699997
v 0.13196939 -0.02801985 0.05699997
v 0.13196939 -0.02801985 0.06199997
v 0.13196939 -0.02801985 0.06199997
v 0.13196939 0.02801984 0.05699997
v 0.13196939 0.02801984 0.05699997
v 0.13196939 0.02801984 0.06199997
v 0.13196939 0.02801984 0.06199997
v 0.13196939 0.03198015 0.05699997
v 0.13196939 0.03198015 0.05699997
v 0.13196939 0.03198015 0.06199997
v 0.13196939 0.03198015 0.06199997
v 0.13249999 -0.03205002 0.05699997
v 0.13249999 -0.03205002 0.05699997
v 0.13249999 -0.03205002 0.06199997
v 0.13249999 -0.03205002 0.06199997
v 0.13249999 -0.02794999 0.05699997
v 0.13249999 -0.02794999 0.05699997
v 0.13249999 -0.02794999 0.06199997
v 0.13249999 -0.02794999 0.06199997
v 0.13249999 0.02794998 0.05699997
v 0.13249999 0.02794998 0.05699997
v 0.13249999 0.02794998 0.06199997
v 0.13249999 0.02794998 0.06199997
v 0.13249999 0.03205001 0.05699997
v 0.13249999 0.03205001 0.05699997
v 0.13249999 0.03205001 0.06199997
v 0.13249999 0.03205001 0.06199997
v 0.13303059 -0.03198016 0.05699997
v 0.13303059 -0.03198016 0.05699997
v 0.13303059 -0.03198016 0.06199997
v 0.13303059 -0.03198016 0.06199997
v 0.13303059 -0.02801985 0.05699997
v 0.13303059 -0.02801985 0.05699997
v 0.13303059 -0.02801985 0.06199997
v 0.13303059 -0.02801985 0.06199997
v 0.13303059 0.02801984 0.05699997
v 0.13303059 0.02801984 0.05699997
v 0.13303059 0.02801984 0.06199997
v 0.13303059 0.02801984 0.06199997
v 0.13303059 0.03198015 0.05699997
v 0.13303059 0.03198015 0.05699997
v 0.13303059 0.03198015 0.06199997
v 0.13303059 0.03198015 0.06199997
v 0.13340002 -0.05400002 0.05699997
v 0.13340002 0.05400002 0.05699997
v 0.13352495 -0.03177536 0.05699997
v 0.13352495 -0.03177536 0.05699997
v 0.13352495 -0.03177536 0.06199997
v 0.13352495 -0.03177536 0.06199997
v 0.13352495 -0.02822465 0.05699997
v 0.13352495 -0.02822465 0.05699997
v 0.13352495 -0.02822465 0.06199997
v 0.13352495 -0.02822465 0.06199997
v 0.13352495 0.02822464 0.05699997
v 0.13352495 0.02822464 0.05699997
v 0.13352495 0.02822464 0.06199997
v 0.13352495 0.02822464 0.06199997
v 0.13352495 0.03177535 0.05699997
v 0.13352495 0.03177535 0.05699997
v 0.13352495 0.03177535 0.06199997
v 0.13352495 0.03177535 0.06199997
v 0.13359076 -0.05544937 0.05699997
v 0.13359076 -0.05255062 0.05699997
v 0.13359076 0.05255061 0.05699997
v 0.13359076 0.05544936 0.05699997
v 0.13394958 -0.03144956 0.05699997
v 0.13394958 -0.03144956 0.05699997
v 0.13394958 -0.03144956 0.06199997
v 0.13394958 -0.03144956 0.06199997
v 0.13394958 -0.02855045 0.05699997
v 0.13394958 -0.02855045 0.05699997
v 0.13394958 -0.02855045 0.06199997
v 0.13394958 -0.02855045 0.06199997
v 0.13394958 0.02855044 0.05699997
v 0.13394958 0.02855044 0.05699997
v 0.13394958 0.02855044 0.06199997
v 0.13394958 0.02855044 0.06199997
v 0.13394958 0.03144955 0.05699997
v 0.13394958 0.03144955 0.05699997
v 0.13394958 0.03144955 0.06199997
v 0.13394958 0.03144955 0.06199997
v 0.13415021 -0.05680001 0.05699997
v 0.13415021 -0.05119998 0.05699997
v 0.13415021 0.05120003 0.05699997
v 0.13415021 0.0568 0.05699997
v 0.13427538 -0.031025 0.05699997
v 0.13427538 -0.031025 0.05699997
v 0.13427538 -0.031025 0.06199997
v 0.13427538 -0.031025 0.06199997
v 0.13427538 -0.02897501 0.05699997
v 0.13427538 -0.02897501 0.05699997
v 0.13427538 -0.02897501 0.06199997
v 0.13427538 -0.02897501 0.06199997
v 0.13427538 0.02897501 0.05699997
v 0.13427538 0.02897501 0.05699997
v 0.13427538 0.02897501 0.06199997
v 0.13427538 0.02897501 0.06199997
v 0.13427538 0.03102499 0.05699997
v 0.13427538 0.03102499 0.05699997
v 0.13427538 0.03102499 0.06199997
v 0.13427538 0.03102499 0.06199997
v 0.13448018 -0.03053058 0.05699997
v 0.13448018 -0.03053058 0.05699997
v 0.13448018 -0.03053058 0.06199997
v 0.13448018 -0.03053058 0.06199997
v 0.13448018 -0.02946944 0.05699997
v 0.13448018 -0.02946944 0.05699997
v 0.13448018 -0.02946944 0.06199997
v 0.13448018 -0.02946944 0.06199997
v 0.13448018 0.02946943 0.05699997
v 0.13448018 0.02946943 0.05699997
v 0.13448018 0.02946943 0.06199997
v 0.13448018 0.02946943 0.06199997
v 0.13448018 0.03053057 0.05699997
v 0.13448018 0.03053057 0.05699997
v 0.13448018 0.03053057 0.06199997
v 0.13448018 0.03053057 0.06199997
v 0.13455003 -0.02999998 0.05699997
v 0.13455003 -0.02999998 0.05699997
v 0.13455003 -0.02999998 0.06199997
v 0.13455003 -0.02999998 0.06199997
v 0.13455003 0.03000003 0.05699997
v 0.13455003 0.03000003 0.05699997
v 0.13455003 0.03000003 0.06199997
v 0.13455003 0.03000003 0.06199997
v 0.13504022 -0.0579598 0.05699997
v 0.13504022 -0.05004019 0.05699997
v 0.13504022 0.05004018 0.05699997
v 0.13504022 0.05795979 0.05699997
v 0.1354 -0.07319648 0.06199997
v 0.1354 -0.07319648 0.06199997
v 0.1354 -0.07257164 0.06199997
v 0.1354 -0.06443251 0.06199997
v 0.1354 -0.05829996 0.06199997
v 0.1354 -0.05501116 0.06199997
v 0.1354 -0.0509612 0.06199997
v 0.1354 -0.04973364 0.06199997
v 0.1354 -0.04382247 0.06199997
v 0.1354 -0.04250002 0.06199997
v 0.1354 -0.03499997 0.06199997
v 0.1354 -0.031025 0.06199997
v 0.1354 -0.02781988 0.06199997
v 0.1354 -0.0232358 0.06199997
v 0.1354 0.01759487 0.06199997
v 0.1354 0.02781987 0.06199997
v 0.1354 0.03500002 0.06199997
v 0.1354 0.04250001 0.06199997
v 0.1354 0.04601377 0.06199997
v 0.1354 0.04914999 0.06199997
v 0.1354 0.06197494 0.06199997
v 0.1354 0.07071501 0.06199997
v 0.1354 0.07319647 0.06199997
v 0.1354 0.07319647 0.06199997
v 0.13602489 -0.07257164 0.05699997
v 0.13602489 -0.07257164 0.05699997
v 0.13602489 -0.07257164 0.06199997
v 0.13602489 -0.07257164 0.06199997
v 0.13620001 -0.05884976 0.05699997
v 0.13620001 -0.04915023 0.05699997
v 0.13620001 0.04915028 0.05699997
v 0.13620001 0.05884975 0.05699997
v 0.13624996 -0.05400002 0.05984991
v 0.13624996 -0.05400002 0.05984991
v 0.13624996 -0.05400002 0.06199997
v 0.13624996 -0.05400002 0.06199997
v 0.13624996 0.05400002 0.05984991
v 0.13624996 0.05400002 0.05984991
v 0.13624996 0.05400002 0.06199997
v 0.13624996 0.05400002 0.06199997
v 0.13634366 -0.05471176 0.05984991
v 0.13634366 -0.05471176 0.05984991
v 0.13634366 -0.05471176 0.06199997
v 0.13634366 -0.05471176 0.06199997
v 0.13634366 -0.05328823 0.05984991
v 0.13634366 -0.05328823 0.05984991
v 0.13634366 -0.05328823 0.06199997
v 0.13634366 -0.05328823 0.06199997
v 0.13634366 0.05328828 0.05984991
v 0.13634366 0.05328828 0.05984991
v 0.13634366 0.05328828 0.06199997
v 0.13634366 0.05328828 0.06199997
v 0.13634366 0.05471175 0.05984991
v 0.13634366 0.05471175 0.05984991
v 0.13634366 0.05471175 0.06199997
v 0.13634366 0.05471175 0.06199997
v 0.13661843 -0.05537498 0.05984991
v 0.13661843 -0.05537498 0.05984991
v 0.13661843 -0.05537498 0.06199997
v 0.13661843 -0.05537498 0.06199997
v 0.13661843 -0.05262501 0.05984991
v 0.13661843 -0.05262501 0.05984991
v 0.13661843 -0.05262501 0.06199997
v 0.13661843 -0.05262501 0.06199997
v 0.13661843 0.052625 0.05984991
v 0.13661843 0.052625 0.05984991
v 0.13661843 0.052625 0.06199997
v 0.13661843 0.052625 0.06199997
v 0.13661843 0.05537498 0.05984991
v 0.13661843 0.05537498 0.05984991
v 0.13661843 0.05537498 0.06199997
v 0.13661843 0.05537498 0.06199997
v 0.13705546 -0.05594457 0.05984991
v 0.13705546 -0.05594457 0.05984991
v 0.13705546 -0.05594457 0.06199997
v 0.13705546 -0.05594457 0.06199997
v 0.13705546 -0.05205548 0.05984991
v 0.13705546 -0.05205548 0.05984991
v 0.13705546 -0.05205548 0.06199997
v 0.13705546 -0.05205548 0.06199997
v 0.13705546 0.05205547 0.05984991
v 0.13705546 0.05205547 0.05984991
v 0.13705546 0.05205547 0.06199997
v 0.13705546 0.05205547 0.06199997
v 0.13705546 0.05594456 0.05984991
v 0.13705546 0.05594456 0.05984991
v 0.13705546 0.05594456 0.06199997
v 0.13705546 0.05594456 0.06199997
v 0.13755065 -0.05940921 0.05699997
v 0.13755065 -0.04859084 0.05699997
v 0.13755065 0.04859083 0.05699997
v 0.13755065 0.0594092 0.05699997
v 0.13762504 -0.05638159 0.05984991
v 0.13762504 -0.05638159 0.05984991
v 0.13762504 -0.05638159 0.06199997
v 0.13762504 -0.05638159 0.06199997
v 0.13762504 -0.0516184 0.05984991
v 0.13762504 -0.0516184 0.05984991
v 0.13762504 -0.0516184 0.06199997
v 0.13762504 -0.0516184 0.06199997
v 0.13762504 0.05161845 0.05984991
v 0.13762504 0.05161845 0.05984991
v 0.13762504 0.05161845 0.06199997
v 0.13762504 0.05161845 0.06199997
v 0.13762504 0.05638158 0.05984991
v 0.13762504 0.05638158 0.05984991
v 0.13762504 0.05638158 0.06199997
v 0.13762504 0.05638158 0.06199997
v 0.13772505 -0.07087148 0.05699997
v 0.13772505 -0.07087148 0.05699997
v 0.13772505 -0.06443251 0.05699997
v 0.13772505 -0.05972499 0.05699997
v 0.13772505 -0.04772503 0.05699997
v 0.13772505 -0.04382247 0.05699997
v 0.13772505 -0.04250002 0.05699997
v 0.13772505 -0.03499997 0.05699997
v 0.13772505 -0.031025 0.05699997
v 0.13772505 -0.02781988 0.05699997
v 0.13772505 -0.0232358 0.05699997
v 0.13772505 0.01759487 0.05699997
v 0.13772505 0.02781987 0.05699997
v 0.13772505 0.03500002 0.05699997
v 0.13772505 0.04250001 0.05699997
v 0.13772505 0.04601377 0.05699997
v 0.13772505 0.04772502 0.05699997
v 0.13772505 0.06197494 0.05699997
v 0.13772505 0.07071501 0.05699997
v 0.13772505 0.07087153 0.05699997
v 0.13772505 0.07087153 0.05699997
v 0.13788146 0.07071501 0.05699997
v 0.13788146 0.07071501 0.05699997
v 0.13788146 0.07071501 0.06199997
v 0.13788146 0.07071501 0.06199997
v 0.1382882 -0.05665631 0.05984991
v 0.1382882 -0.05665631 0.05984991
v 0.1382882 -0.05665631 0.06199997
v 0.1382882 -0.05665631 0.06199997
v 0.1382882 -0.05134368 0.05984991
v 0.1382882 -0.05134368 0.05984991
v 0.1382882 -0.05134368 0.06199997
v 0.1382882 -0.05134368 0.06199997
v 0.1382882 0.05134367 0.05984991
v 0.1382882 0.05134367 0.05984991
v 0.1382882 0.05134367 0.06199997
v 0.1382882 0.05134367 0.06199997
v 0.1382882 0.0566563 0.05984991
v 0.1382882 0.0566563 0.05984991
v 0.1382882 0.0566563 0.06199997
v 0.1382882 0.0566563 0.06199997
v 0.13857502 -0.07002151 0.06199997
v 0.13857502 -0.07002151 0.06199997
v 0.13857502 -0.06443251 0.06199997
v 0.13857502 -0.05829996 0.06199997
v 0.13857502 -0.0509612 0.06199997
v 0.13857502 -0.04973364 0.06199997
v 0.13857502 -0.04382247 0.06199997
v 0.13857502 -0.04250002 0.06199997
v 0.13857502 -0.03499997 0.06199997
v 0.13857502 -0.031025 0.06199997
v 0.13857502 -0.02781988 0.06199997
v 0.13857502 -0.0232358 0.06199997
v 0.13857502 0.01759487 0.06199997
v 0.13857502 0.02781987 0.06199997
v 0.13857502 0.03500002 0.06199997
v 0.13857502 0.04250001 0.06199997
v 0.13857502 0.04601377 0.06199997
v 0.13857502 0.04914999 0.06199997
v 0.13857502 0.06197494 0.06199997
v 0.13857502 0.07002145 0.06199997
v 0.13857502 0.07002145 0.06199997
v 0.139 -0.0596 0.05699997
v 0.139 -0.05675 0.05984991
v 0.139 -0.05675 0.05984991
v 0.139 -0.05675 0.06199997
v 0.139 -0.05675 0.06199997
v 0.139 -0.05124999 0.05984991
v 0.139 -0.05124999 0.05984991
v 0.139 -0.05124999 0.06199997
v 0.139 -0.05124999 0.06199997
v 0.139 -0.04839999 0.05699997
v 0.139 0.04839998 0.05699997
v 0.139 0.05124998 0.05984991
v 0.139 0.05124998 0.05984991
v 0.139 0.05124998 0.06199997
v 0.139 0.05124998 0.06199997
v 0.139 0.05674999 0.05984991
v 0.139 0.05674999 0.05984991
v 0.139 0.05674999 0.06199997
v 0.139 0.05674999 0.06199997
v 0.139 0.05959999 0.05699997
v 0.1397118 -0.05665631 0.05984991
v 0.1397118 -0.05665631 0.05984991
v 0.1397118 -0.05665631 0.06199997
v 0.1397118 -0.05665631 0.06199997
v 0.1397118 -0.05134368 0.05984991
v 0.1397118 -0.05134368 0.05984991
v 0.1397118 -0.05134368 0.06199997
v 0.1397118 -0.05134368 0.06199997
v 0.1397118 0.05134367 0.05984991
v 0.1397118 0.05134367 0.05984991
v 0.1397118 0.05134367 0.06199997
v 0.1397118 0.05134367 0.06199997
v 0.1397118 0.0566563 0.05984991
v 0.1397118 0.0566563 0.05984991
v 0.1397118 0.0566563 0.06199997
v 0.1397118 0.0566563 0.06199997
v 0.14037496 -0.05638159 0.05984991
v 0.14037496 -0.05638159 0.05984991
v 0.14037496 -0.05638159 0.06199997
v 0.14037496 -0.05638159 0.06199997
v 0.14037496 -0.0516184 0.05984991
v 0.14037496 -0.0516184 0.05984991
v 0.14037496 -0.0516184 0.06199997
v 0.14037496 -0.0516184 0.06199997
v 0.14037496 0.05161845 0.05984991
v 0.14037496 0.05161845 0.05984991
v 0.14037496 0.05161845 0.06199997
v 0.14037496 0.05161845 0.06199997
v 0.14037496 0.05638158 0.05984991
v 0.14037496 0.05638158 0.05984991
v 0.14037496 0.05638158 0.06199997
v 0.14037496 0.05638158 0.06199997
v 0.14044934 -0.05940921 0.05699997
v 0.14044934 -0.04859084 0.05699997
v 0.14044934 0.04859083 0.05699997
v 0.14044934 0.0594092 0.05699997
v 0.14089995 -0.01 0.05699997
v 0.14089995 -0.01 0.05699997
v 0.14089995 -0.01 0.06199997
v 0.14089995 -0.01 0.06199997
v 0.14089995 0.00999999 0.05699997
v 0.14089995 0.00999999 0.05699997
v 0.14089995 0.00999999 0.06199997
v 0.14089995 0.00999999 0.06199997
v 0.14094454 -0.05594457 0.05984991
v 0.14094454 -0.05594457 0.05984991
v 0.14094454 -0.05594457 0.06199997
v 0.14094454 -0.05594457 0.06199997
v 0.14094454 -0.05205548 0.05984991
v 0.14094454 -0.05205548 0.05984991
v 0.14094454 -0.05205548 0.06199997
v 0.14094454 -0.05205548 0.06199997
v 0.14094454 0.05205547 0.05984991
v 0.14094454 0.05205547 0.05984991
v 0.14094454 0.05205547 0.06199997
v 0.14094454 0.05205547 0.06199997
v 0.14094454 0.05594456 0.05984991
v 0.14094454 0.05594456 0.05984991
v 0.14094454 0.05594456 0.06199997
v 0.14094454 0.05594456 0.06199997
v 0.14095455 -0.01041413 0.05699997
v 0.14095455 -0.01041413 0.05699997
v 0.14095455 -0.01041413 0.06199997
v 0.14095455 -0.01041413 0.06199997
v 0.14095455 -0.00958586 0.05699997
v 0.14095455 -0.00958586 0.05699997
v 0.14095455 -0.00958586 0.06199997
v 0.14095455 -0.00958586 0.06199997
v 0.14095455 0.00958591 0.05699997
v 0.14095455 0.00958591 0.05699997
v 0.14095455 0.00958591 0.06199997
v 0.14095455 0.00958591 0.06199997
v 0.14095455 0.01041412 0.05699997
v 0.14095455 0.01041412 0.05699997
v 0.14095455 0.01041412 0.06199997
v 0.14095455 0.01041412 0.06199997
v 0.14111441 -0.01080001 0.05699997
v 0.14111441 -0.01080001 0.05699997
v 0.14111441 -0.01080001 0.06199997
v 0.14111441 -0.01080001 0.06199997
v 0.14111441 -0.00919998 0.05699997
v 0.14111441 -0.00919998 0.05699997
v 0.14111441 -0.00919998 0.06199997
v 0.14111441 -0.00919998 0.06199997
v 0.14111441 0.00919997 0.05699997
v 0.14111441 0.00919997 0.05699997
v 0.14111441 0.00919997 0.06199997
v 0.14111441 0.00919997 0.06199997
v 0.14111441 0.0108 0.05699997
v 0.14111441 0.0108 0.05699997
v 0.14111441 0.0108 0.06199997
v 0.14111441 0.0108 0.06199997
v 0.14136869 -0.01113135 0.05699997
v 0.14136869 -0.01113135 0.05699997
v 0.14136869 -0.01113135 0.06199997
v 0.14136869 -0.01113135 0.06199997
v 0.14136869 -0.00886864 0.05699997
v 0.14136869 -0.00886864 0.05699997
v 0.14136869 -0.00886864 0.06199997
v 0.14136869 -0.00886864 0.06199997
v 0.14136869 0.00886863 0.05699997
v 0.14136869 0.00886863 0.05699997
v 0.14136869 0.00886863 0.06199997
v 0.14136869 0.00886863 0.06199997
v 0.14136869 0.01113134 0.05699997
v 0.14136869 0.01113134 0.05699997
v 0.14136869 0.01113134 0.06199997
v 0.14136869 0.01113134 0.06199997
v 0.14138156 -0.05537498 0.05984991
v 0.14138156 -0.05537498 0.05984991
v 0.14138156 -0.05537498 0.06199997
v 0.14138156 -0.05537498 0.06199997
v 0.14138156 -0.05262501 0.05984991
v 0.14138156 -0.05262501 0.05984991
v 0.14138156 -0.05262501 0.06199997
v 0.14138156 -0.05262501 0.06199997
v 0.14138156 0.052625 0.05984991
v 0.14138156 0.052625 0.05984991
v 0.14138156 0.052625 0.06199997
v 0.14138156 0.052625 0.06199997
v 0.14138156 0.05537498 0.05984991
v 0.14138156 0.05537498 0.05984991
v 0.14138156 0.05537498 0.06199997
v 0.14138156 0.05537498 0.06199997
v 0.14165634 -0.05471176 0.05984991
v 0.14165634 -0.05471176 0.05984991
v 0.14165634 -0.05471176 0.06199997
v 0.14165634 -0.05471176 0.06199997
v 0.14165634 -0.05328823 0.05984991
v 0.14165634 -0.05328823 0.05984991
v 0.14165634 -0.05328823 0.06199997
v 0.14165634 -0.05328823 0.06199997
v 0.14165634 0.05328828 0.05984991
v 0.14165634 0.05328828 0.05984991
v 0.14165634 0.05328828 0.06199997
v 0.14165634 0.05328828 0.06199997
v 0.14165634 0.05471175 0.05984991
v 0.14165634 0.05471175 0.05984991
v 0.14165634 0.05471175 0.06199997
v 0.14165634 0.05471175 0.06199997
v 0.14169997 -0.01138562 0.05699997
v 0.14169997 -0.01138562 0.05699997
v 0.14169997 -0.01138562 0.06199997
v 0.14169997 -0.01138562 0.06199997
v 0.14169997 -0.00861437 0.05699997
v 0.14169997 -0.00861437 0.05699997
v 0.14169997 -0.00861437 0.06199997
v 0.14169997 -0.00861437 0.06199997
v 0.14169997 0.00861436 0.05699997
v 0.14169997 0.00861436 0.05699997
v 0.14169997 0.00861436 0.06199997
v 0.14169997 0.00861436 0.06199997
v 0.14169997 0.01138561 0.05699997
v 0.14169997 0.01138561 0.05699997
v 0.14169997 0.01138561 0.06199997
v 0.14169997 0.01138561 0.06199997
v 0.14175004 -0.05400002 0.05984991
v 0.14175004 -0.05400002 0.05984991
v 0.14175004 -0.05400002 0.06199997
v 0.14175004 -0.05400002 0.06199997
v 0.14175004 0.05400002 0.05984991
v 0.14175004 0.05400002 0.05984991
v 0.14175004 0.05400002 0.06199997
v 0.14175004 0.05400002 0.06199997
v 0.14179998 -0.05884976 0.05699997
v 0.14179998 -0.04915023 0.05699997
v 0.14179998 0.04915028 0.05699997
v 0.14179998 0.05884975 0.05699997
v 0.14208585 -0.01154548 0.05699997
v 0.14208585 -0.01154548 0.05699997
v 0.14208585 -0.01154548 0.06199997
v 0.14208585 -0.01154548 0.06199997
v 0.14208585 -0.00845451 0.05699997
v 0.14208585 -0.00845451 0.05699997
v 0.14208585 -0.00845451 0.06199997
v 0.14208585 -0.00845451 0.06199997
v 0.14208585 0.0084545 0.05699997
v 0.14208585 0.0084545 0.05699997
v 0.14208585 0.0084545 0.06199997
v 0.14208585 0.0084545 0.06199997
v 0.14208585 0.01154547 0.05699997
v 0.14208585 0.01154547 0.05699997
v 0.14208585 0.01154547 0.06199997
v 0.14208585 0.01154547 0.06199997
v 0.14249998 -0.01160002 0.05699997
v 0.14249998 -0.01160002 0.05699997
v 0.14249998 -0.01160002 0.06199997
v 0.14249998 -0.01160002 0.06199997
v 0.14249998 -0.00840003 0.05699997
v 0.14249998 -0.00840003 0.05699997
v 0.14249998 -0.00840003 0.06199997
v 0.14249998 -0.00840003 0.06199997
v 0.14249998 0.00840002 0.05699997
v 0.14249998 0.00840002 0.05699997
v 0.14249998 0.00840002 0.06199997
v 0.14249998 0.00840002 0.06199997
v 0.14249998 0.01160001 0.05699997
v 0.14249998 0.01160001 0.05699997
v 0.14249998 0.01160001 0.06199997
v 0.14249998 0.01160001 0.06199997
v 0.14291411 -0.01154548 0.05699997
v 0.14291411 -0.01154548 0.05699997
v 0.14291411 -0.01154548 0.06199997
v 0.14291411 -0.01154548 0.06199997
v 0.14291411 -0.00845451 0.05699997
v 0.14291411 -0.00845451 0.05699997
v 0.14291411 -0.00845451 0.06199997
v 0.14291411 -0.00845451 0.06199997
v 0.14291411 0.0084545 0.05699997
v 0.14291411 0.0084545 0.05699997
v 0.14291411 0.0084545 0.06199997
v 0.14291411 0.0084545 0.06199997
v 0.14291411 0.01154547 0.05699997
v 0.14291411 0.01154547 0.05699997
v 0.14291411 0.01154547 0.06199997
v 0.14291411 0.01154547 0.06199997
v 0.14295977 -0.0579598 0.05699997
v 0.14295977 -0.05004019 0.05699997
v 0.14295977 0.05004018 0.05699997
v 0.14295977 0.05795979 0.05699997
v 0.1433 -0.01138562 0.05699997
v 0.1433 -0.01138562 0.05699997
v 0.1433 -0.01138562 0.06199997
v 0.1433 -0.01138562 0.06199997
v 0.1433 -0.00861437 0.05699997
v 0.1433 -0.00861437 0.05699997
v 0.1433 -0.00861437 0.06199997
v 0.1433 -0.00861437 0.06199997
v 0.1433 0.00861436 0.05699997
v 0.1433 0.00861436 0.05699997
v 0.1433 0.00861436 0.06199997
v 0.1433 0.00861436 0.06199997
v 0.1433 0.01138561 0.05699997
v 0.1433 0.01138561 0.05699997
v 0.1433 0.01138561 0.06199997
v 0.1433 0.01138561 0.06199997
v 0.1436314 -0.01113135 0.05699997
v 0.1436314 -0.01113135 0.05699997
v 0.1436314 -0.01113135 0.06199997
v 0.1436314 -0.01113135 0.06199997
v 0.1436314 -0.00886864 0.05699997
v 0.1436314 -0.00886864 0.05699997
v 0.1436314 -0.00886864 0.06199997
v 0.1436314 -0.00886864 0.06199997
v 0.1436314 0.00886863 0.05699997
v 0.1436314 0.00886863 0.05699997
v 0.1436314 0.00886863 0.06199997
v 0.1436314 0.00886863 0.06199997
v 0.1436314 0.01113134 0.05699997
v 0.1436314 0.01113134 0.05699997
v 0.1436314 0.01113134 0.06199997
v 0.1436314 0.01113134 0.06199997
v 0.14384979 -0.05680001 0.05699997
v 0.14384979 -0.05119998 0.05699997
v 0.14384979 0.05120003 0.05699997
v 0.14384979 0.0568 0.05699997
v 0.14388567 -0.01080001 0.05699997
v 0.14388567 -0.01080001 0.05699997
v 0.14388567 -0.01080001 0.06199997
v 0.14388567 -0.01080001 0.06199997
v 0.14388567 -0.00919998 0.05699997
v 0.14388567 -0.00919998 0.05699997
v 0.14388567 -0.00919998 0.06199997
v 0.14388567 -0.00919998 0.06199997
v 0.14388567 0.00919997 0.05699997
v 0.14388567 0.00919997 0.05699997
v 0.14388567 0.00919997 0.06199997
v 0.14388567 0.00919997 0.06199997
v 0.14388567 0.0108 0.05699997
v 0.14388567 0.0108 0.05699997
v 0.14388567 0.0108 0.06199997
v 0.14388567 0.0108 0.06199997
v 0.14404553 -0.01041413 0.05699997
v 0.14404553 -0.01041413 0.05699997
v 0.14404553 -0.01041413 0.06199997
v 0.14404553 -0.01041413 0.06199997
v 0.14404553 -0.00958586 0.05699997
v 0.14404553 -0.00958586 0.05699997
v 0.14404553 -0.00958586 0.06199997
v 0.14404553 -0.00958586 0.06199997
v 0.14404553 0.00958591 0.05699997
v 0.14404553 0.00958591 0.05699997
v 0.14404553 0.00958591 0.06199997
v 0.14404553 0.00958591 0.06199997
v 0.14404553 0.01041412 0.05699997
v 0.14404553 0.01041412 0.05699997
v 0.14404553 0.01041412 0.06199997
v 0.14404553 0.01041412 0.06199997
v 0.14410001 -0.01 0.05699997
v 0.14410001 -0.01 0.05699997
v 0.14410001 -0.01 0.06199997
v 0.14410001 -0.01 0.06199997
v 0.14410001 0.00999999 0.05699997
v 0.14410001 0.00999999 0.05699997
v 0.14410001 0.00999999 0.06199997
v 0.14410001 0.00999999 0.06199997
v 0.14416402 -0.06443251 0.05699997
v 0.14416402 -0.06443251 0.05699997
v 0.14416402 -0.06443251 0.06199997
v 0.14416402 -0.06443251 0.06199997
v 0.14440924 -0.05544937 0.05699997
v 0.14440924 -0.05255062 0.05699997
v 0.14440924 0.05255061 0.05699997
v 0.14440924 0.05544936 0.05699997
v 0.14459997 -0.05400002 0.05699997
v 0.14459997 0.05400002 0.05699997
v 0.14662152 0.06197494 0.05699997
v 0.14662152 0.06197494 0.05699997
v 0.14662152 0.06197494 0.06199997
v 0.14662152 0.06197494 0.06199997
v 0.14749998 -0.06109649 0.05699997
v 0.14749998 -0.06109649 0.05699997
v 0.14749998 -0.06109649 0.06199997
v 0.14749998 -0.06109649 0.06199997
v 0.14749998 -0.05972499 0.05699997
v 0.14749998 -0.05972499 0.05699997
v 0.14749998 -0.05829996 0.06199997
v 0.14749998 -0.05829996 0.06199997
v 0.14749998 -0.05501116 0.06199997
v 0.14749998 -0.05501116 0.06199997
v 0.14749998 -0.0509612 0.06199997
v 0.14749998 -0.0509612 0.06199997
v 0.14749998 -0.04973364 0.06199997
v 0.14749998 -0.04973364 0.06199997
v 0.14749998 -0.04772503 0.05699997
v 0.14749998 -0.04772503 0.05699997
v 0.14749998 -0.04382247 0.05699997
v 0.14749998 -0.04382247 0.05699997
v 0.14749998 -0.04382247 0.06199997
v 0.14749998 -0.04382247 0.06199997
v 0.14749998 -0.04250002 0.05699997
v 0.14749998 -0.04250002 0.05699997
v 0.14749998 -0.04250002 0.06199997
v 0.14749998 -0.04250002 0.06199997
v 0.14749998 -0.03499997 0.05699997
v 0.14749998 -0.03499997 0.05699997
v 0.14749998 -0.03499997 0.06199997
v 0.14749998 -0.03499997 0.06199997
v 0.14749998 -0.031025 0.05699997
v 0.14749998 -0.031025 0.05699997
v 0.14749998 -0.031025 0.06199997
v 0.14749998 -0.031025 0.06199997
v 0.14749998 -0.02781988 0.05699997
v 0.14749998 -0.02781988 0.05699997
v 0.14749998 -0.02781988 0.06199997
v 0.14749998 -0.02781988 0.06199997
v 0.14749998 -0.0232358 0.05699997
v 0.14749998 -0.0232358 0.05699997
v 0.14749998 -0.0232358 0.06199997
v 0.14749998 -0.0232358 0.06199997
v 0.14749998 0.01759487 0.05699997
v 0.14749998 0.01759487 0.05699997
v 0.14749998 0.01759487 0.06199997
v 0.14749998 0.01759487 0.06199997
v 0.14749998 0.02781987 0.05699997
v 0.14749998 0.02781987 0.05699997
v 0.14749998 0.02781987 0.06199997
v 0.14749998 0.02781987 0.06199997
v 0.14749998 0.03500002 0.05699997
v 0.14749998 0.03500002 0.05699997
v 0.14749998 0.03500002 0.06199997
v 0.14749998 0.03500002 0.06199997
v 0.14749998 0.04250001 0.05699997
v 0.14749998 0.04250001 0.05699997
v 0.14749998 0.04250001 0.06199997
v 0.14749998 0.04250001 0.06199997
v 0.14749998 0.04601377 0.05699997
v 0.14749998 0.04601377 0.05699997
v 0.14749998 0.04601377 0.06199997
v 0.14749998 0.04601377 0.06199997
v 0.14749998 0.04772502 0.05699997
v 0.14749998 0.04772502 0.05699997
v 0.14749998 0.04914999 0.06199997
v 0.14749998 0.04914999 0.06199997
v 0.14749998 0.06109648 0.05699997
v 0.14749998 0.06109648 0.05699997
v 0.14749998 0.06109648 0.05699997
v 0.14749998 0.06109648 0.06199997
v 0.14749998 0.06109648 0.06199997
v 0.14749998 0.06109648 0.06199997
vt -0.51200011 -1.23607758
vt -0.51200011 0.47767049
vt 0.47767049 -1.23607758
vt -0.51200011 -1.23607758
vt -0.51200011 0.51957139
vt 0.51957139 -1.23607758
vt -0.50050666 -1.23607758
vt -0.50050666 0.47767049
vt -0.48856466 -1.23607758
vt -0.48856466 0.51957139
vt -0.46100385 -1.23607758
vt -0.46100385 0.51957139
vt -0.42706445 -1.23607758
vt -0.42706445 0.51957139
vt -0.41677729 -1.23607758
vt -0.41677729 0.51957139
vt -0.3999447 -1.23607758
vt -0.3999447 0.47767049
vt -0.36724056 -1.23607758
vt -0.36724056 0.47767049
vt -0.36724056 -1.23607758
vt -0.36724056 0.51957139
vt -0.35615819 -1.23607758
vt -0.35615819 0.47767049
vt -0.35615819 -1.23607758
vt -0.35615819 0.51957139
vt -0.29330634 -1.23607758
vt -0.29330634 0.47767049
vt -0.29330634 -1.23607758
vt -0.29330634 0.51957139
vt -0.25999531 -1.23607758
vt -0.25999531 0.47767049
vt -0.25999531 -1.23607758
vt -0.25999531 0.51957139
vt -0.2331358 -1.23607758
vt -0.2331358 0.47767049
vt -0.2331358 -1.23607758
vt -0.2331358 0.51957139
vt -0.1947204 -1.23607758
vt -0.1947204 0.47767049
vt -0.1947204 -1.23607758
vt -0.1947204 0.51957139
vt 0.14744831 -1.23607758
vt 0.14744831 0.47767049
vt 0.14744831 -1.23607758
vt 0.14744831 0.51957139
vt 0.23313572 -1.23607758
vt 0.23313572 0.47767049
vt 0.23313572 -1.23607758
vt 0.23313572 0.51957139
vt 0.29330676 -1.23607758
vt 0.29330676 0.47767049
vt 0.29330676 -1.23607758
vt 0.29330676 0.51957139
vt 0.35615811 -1.23607758
vt 0.35615811 0.47767049
vt 0.35615811 -1.23607758
vt 0.35615811 0.51957139
vt 0.38560403 -1.23607758
vt 0.38560403 0.47767049
vt 0.38560403 -1.23607758
vt 0.38560403 0.51957139
vt 0.39994462 -1.23607758
vt 0.39994462 0.47767049
vt 0.41188612 -1.23607758
vt 0.41188612 0.51957139
vt 0.47767049 -1.23607758
vt 0.51200003 -1.23607758
vt 0.51200003 0.47767049
vt 0.51200003 -1.23607758
vt 0.51200003 0.51957139
vt 0.51957139 -1.23607758
vt 0.47767049 -1.22871597
vt 0.51936164 -1.22871597
vt 0.51936164 -1.22871597
vt 0.51957139 -1.22871597
vt -0.45253036 -1.21177499
vt 0.45253029 -1.21177499
vt -0.46467616 -1.2101766
vt -0.44038407 -1.2101766
vt 0.44038399 -1.2101766
vt 0.46467608 -1.2101766
vt -0.53839759 -1.2096801
vt 0.47767049 -1.2096801
vt -0.50050666 -1.2096801
vt -0.3999447 -1.2096801
vt -0.36724056 -1.2096801
vt -0.35615819 -1.2096801
vt -0.29330634 -1.2096801
vt -0.25999531 -1.2096801
vt -0.2331358 -1.2096801
vt -0.1947204 -1.2096801
vt 0.14744831 -1.2096801
vt 0.23313572 -1.2096801
vt 0.29330676 -1.2096801
vt 0.35615811 -1.2096801
vt 0.38560403 -1.2096801
vt 0.39994462 -1.2096801
vt 0.51936164 -1.2096801
vt 0.47767049 -1.2096801
vt 0.53839751 -1.2096801
vt -0.53995652 -1.20812167
vt 0.47767049 -1.20812167
vt -0.53995652 -1.20812167
vt 0.51957139 -1.20812167
vt -0.08380184 -1.2075852
vt 0.47767049 -1.2075852
vt -0.08380184 -1.2075852
vt 0.51957139 -1.2075852
vt 0.08380176 -1.2075852
vt 0.47767049 -1.2075852
vt 0.08380176 -1.2075852
vt 0.51957139 -1.2075852
vt -0.08727235 -1.20712866
vt 0.47767049 -1.20712866
vt -0.08727235 -1.20712866
vt 0.51957139 -1.20712866
vt -0.08033133 -1.20712866
vt 0.47767049 -1.20712866
vt -0.08033133 -1.20712866
vt 0.51957139 -1.20712866
vt 0.08033175 -1.20712866
vt 0.47767049 -1.20712866
vt 0.08033175 -1.20712866
vt 0.51957139 -1.20712866
vt 0.08727227 -1.20712866
vt 0.47767049 -1.20712866
vt 0.08727227 -1.20712866
vt 0.51957139 -1.20712866
vt -0.0905061 -1.20578901
vt 0.47767049 -1.20578901
vt -0.0905061 -1.20578901
vt 0.51957139 -1.20578901
vt -0.07709758 -1.20578901
vt 0.47767049 -1.20578901
vt -0.07709758 -1.20578901
vt 0.51957139 -1.20578901
vt 0.0770975 -1.20578901
vt 0.47767049 -1.20578901
vt 0.0770975 -1.20578901
vt 0.51957139 -1.20578901
vt 0.09050603 -1.20578901
vt 0.47767049 -1.20578901
vt 0.09050603 -1.20578901
vt 0.51957139 -1.20578901
vt -0.47599479 -1.20548831
vt -0.42906544 -1.20548831
vt 0.42906586 -1.20548831
vt 0.47599471 -1.20548831
vt -0.09328281 -1.20365815
vt 0.47767049 -1.20365815
vt -0.09328281 -1.20365815
vt 0.51957139 -1.20365815
vt -0.07432087 -1.20365815
vt 0.47767049 -1.20365815
vt -0.07432087 -1.20365815
vt 0.51957139 -1.20365815
vt 0.07432079 -1.20365815
vt 0.47767049 -1.20365815
vt 0.07432079 -1.20365815
vt 0.51957139 -1.20365815
vt 0.09328274 -1.20365815
vt 0.47767049 -1.20365815
vt 0.09328274 -1.20365815
vt 0.51957139 -1.20365815
vt -0.5458501 -1.20222759
vt 0.51957139 -1.20222759
vt -0.53995652 -1.20222759
vt -0.48856466 -1.20222759
vt -0.46100385 -1.20222759
vt -0.42706445 -1.20222759
vt -0.41677729 -1.20222759
vt -0.36724056 -1.20222759
vt -0.35615819 -1.20222759
vt -0.29330634 -1.20222759
vt -0.25999531 -1.20222759
vt -0.2331358 -1.20222759
vt -0.1947204 -1.20222759
vt 0.14744831 -1.20222759
vt 0.23313572 -1.20222759
vt 0.29330676 -1.20222759
vt 0.35615811 -1.20222759
vt 0.38560403 -1.20222759
vt 0.41188612 -1.20222759
vt 0.51936164 -1.20222759
vt 0.51957139 -1.20222759
vt 0.54585002 -1.20222759
vt -0.09541367 -1.20088094
vt 0.47767049 -1.20088094
vt -0.09541367 -1.20088094
vt 0.51957139 -1.20088094
vt -0.07219001 -1.20088094
vt 0.47767049 -1.20088094
vt -0.07219001 -1.20088094
vt 0.51957139 -1.20088094
vt 0.07218993 -1.20088094
vt 0.47767049 -1.20088094
vt 0.07218993 -1.20088094
vt 0.51957139 -1.20088094
vt 0.09541359 -1.20088094
vt 0.47767049 -1.20088094
vt 0.09541359 -1.20088094
vt 0.51957139 -1.20088094
vt -0.48571402 -1.19802981
vt -0.41934621 -1.19802981
vt 0.41934613 -1.19802981
vt 0.48571394 -1.19802981
vt -0.09675333 -1.19764719
vt 0.47767049 -1.19764719
vt -0.09675333 -1.19764719
vt 0.51957139 -1.19764719
vt -0.07085035 -1.19764719
vt 0.47767049 -1.19764719
vt -0.07085035 -1.19764719
vt 0.51957139 -1.19764719
vt 0.07085027 -1.19764719
vt 0.47767049 -1.19764719
vt 0.07085027 -1.19764719
vt 0.51957139 -1.19764719
vt 0.09675325 -1.19764719
vt 0.47767049 -1.19764719
vt 0.09675325 -1.19764719
vt 0.51957139 -1.19764719
vt -0.39173145 -1.19687097
vt 0.47767049 -1.19687097
vt -0.39173145 -1.19687097
vt 0.51957139 -1.19687097
vt -0.39617748 -1.19628556
vt 0.47767049 -1.19628556
vt -0.39617748 -1.19628556
vt 0.51957139 -1.19628556
vt -0.38728492 -1.19628556
vt 0.47767049 -1.19628556
vt -0.38728492 -1.19628556
vt 0.51957139 -1.19628556
vt -0.40032082 -1.19456928
vt 0.47767049 -1.19456928
vt -0.40032082 -1.19456928
vt 0.51957139 -1.19456928
vt -0.38314158 -1.19456928
vt 0.47767049 -1.19456928
vt -0.38314158 -1.19456928
vt 0.51957139 -1.19456928
vt -0.09721037 -1.19417668
vt 0.47767049 -1.19417668
vt -0.09721037 -1.19417668
vt 0.51957139 -1.19417668
vt -0.07039381 -1.19417668
vt 0.47767049 -1.19417668
vt -0.07039381 -1.19417668
vt 0.51957139 -1.19417668
vt 0.07039373 -1.19417668
vt 0.47767049 -1.19417668
vt 0.07039373 -1.19417668
vt 0.51957139 -1.19417668
vt 0.09721029 -1.19417668
vt 0.47767049 -1.19417668
vt 0.09721029 -1.19417668
vt 0.51957139 -1.19417668
vt -0.40387875 -1.19183903
vt 0.47767049 -1.19183903
vt -0.40387875 -1.19183903
vt 0.51957139 -1.19183903
vt -0.37958366 -1.19183903
vt 0.47767049 -1.19183903
vt -0.37958366 -1.19183903
vt 0.51957139 -1.19183903
vt -0.09675333 -1.19070616
vt 0.47767049 -1.19070616
vt -0.09675333 -1.19070616
vt 0.51957139 -1.19070616
vt -0.07085035 -1.19070616
vt 0.47767049 -1.19070616
vt -0.07085035 -1.19070616
vt 0.51957139 -1.19070616
vt 0.07085027 -1.19070616
vt 0.47767049 -1.19070616
vt 0.07085027 -1.19070616
vt 0.51957139 -1.19070616
vt 0.09675325 -1.19070616
vt 0.47767049 -1.19070616
vt 0.09675325 -1.19070616
vt 0.51957139 -1.19070616
vt -0.49317203 -1.18831057
vt -0.4118882 -1.18831057
vt 0.41188862 -1.18831057
vt 0.49317195 -1.18831057
vt -0.406609 -1.1882806
vt 0.47767049 -1.1882806
vt -0.406609 -1.1882806
vt 0.51957139 -1.1882806
vt -0.3768534 -1.1882806
vt 0.47767049 -1.1882806
vt -0.3768534 -1.1882806
vt 0.51957139 -1.1882806
vt -0.45253036 -1.18789199
vt 0.5015535 -1.18789199
vt -0.45253036 -1.18789199
vt 0.51957139 -1.18789199
vt 0.45253029 -1.18789199
vt 0.5015535 -1.18789199
vt 0.45253029 -1.18789199
vt 0.51957139 -1.18789199
vt -0.09541367 -1.18747241
vt 0.47767049 -1.18747241
vt -0.09541367 -1.18747241
vt 0.51957139 -1.18747241
vt -0.07219001 -1.18747241
vt 0.47767049 -1.18747241
vt -0.07219001 -1.18747241
vt 0.51957139 -1.18747241
vt 0.07218993 -1.18747241
vt 0.47767049 -1.18747241
vt 0.07218993 -1.18747241
vt 0.51957139 -1.18747241
vt 0.09541359 -1.18747241
vt 0.47767049 -1.18747241
vt 0.09541359 -1.18747241
vt 0.51957139 -1.18747241
vt -0.45849487 -1.18710678
vt 0.5015535 -1.18710678
vt -0.45849487 -1.18710678
vt 0.51957139 -1.18710678
vt -0.44656536 -1.18710678
vt 0.5015535 -1.18710678
vt -0.44656536 -1.18710678
vt 0.51957139 -1.18710678
vt 0.44656578 -1.18710678
vt 0.5015535 -1.18710678
vt 0.44656578 -1.18710678
vt 0.51957139 -1.18710678
vt 0.45849479 -1.18710678
vt 0.5015535 -1.18710678
vt 0.45849479 -1.18710678
vt 0.51957139 -1.18710678
vt -0.46405279 -1.18480409
vt 0.5015535 -1.18480409
vt -0.46405279 -1.18480409
vt 0.51957139 -1.18480409
vt -0.44100744 -1.18480409
vt 0.5015535 -1.18480409
vt -0.44100744 -1.18480409
vt 0.51957139 -1.18480409
vt 0.44100736 -1.18480409
vt 0.5015535 -1.18480409
vt 0.44100736 -1.18480409
vt 0.51957139 -1.18480409
vt 0.46405271 -1.18480409
vt 0.5015535 -1.18480409
vt 0.46405271 -1.18480409
vt 0.51957139 -1.18480409
vt -0.09328281 -1.1846962
vt 0.47767049 -1.1846962
vt -0.09328281 -1.1846962
vt 0.51957139 -1.1846962
vt -0.07432087 -1.1846962
vt 0.47767049 -1.1846962
vt -0.07432087 -1.1846962
vt 0.51957139 -1.1846962
vt 0.07432079 -1.1846962
vt 0.47767049 -1.1846962
vt 0.07432079 -1.1846962
vt 0.51957139 -1.1846962
vt 0.09328274 -1.1846962
vt 0.47767049 -1.1846962
vt 0.09328274 -1.1846962
vt 0.51957139 -1.1846962
vt -0.40832528 -1.18413776
vt 0.47767049 -1.18413776
vt -0.40832528 -1.18413776
vt 0.51957139 -1.18413776
vt -0.37513712 -1.18413776
vt 0.47767049 -1.18413776
vt -0.37513712 -1.18413776
vt 0.51957139 -1.18413776
vt -0.0905061 -1.18256534
vt 0.47767049 -1.18256534
vt -0.0905061 -1.18256534
vt 0.51957139 -1.18256534
vt -0.07709758 -1.18256534
vt 0.47767049 -1.18256534
vt -0.07709758 -1.18256534
vt 0.51957139 -1.18256534
vt 0.0770975 -1.18256534
vt 0.47767049 -1.18256534
vt 0.0770975 -1.18256534
vt 0.51957139 -1.18256534
vt 0.09050603 -1.18256534
vt 0.47767049 -1.18256534
vt 0.09050603 -1.18256534
vt 0.51957139 -1.18256534
vt -0.40877832 -1.18182009
vt 0.47767049 -1.18182009
vt -0.08727235 -1.18122569
vt 0.47767049 -1.18122569
vt -0.08727235 -1.18122569
vt 0.51957139 -1.18122569
vt -0.08033133 -1.18122569
vt 0.47767049 -1.18122569
vt -0.08033133 -1.18122569
vt 0.51957139 -1.18122569
vt 0.08033175 -1.18122569
vt 0.47767049 -1.18122569
vt 0.08033175 -1.18122569
vt 0.51957139 -1.18122569
vt 0.08727227 -1.18122569
vt 0.47767049 -1.18122569
vt 0.08727227 -1.18122569
vt 0.51957139 -1.18122569
vt -0.46882599 -1.18114177
vt 0.5015535 -1.18114177
vt -0.46882599 -1.18114177
vt 0.51957139 -1.18114177
vt -0.43623474 -1.18114177
vt 0.5015535 -1.18114177
vt -0.43623474 -1.18114177
vt 0.51957139 -1.18114177
vt 0.43623466 -1.18114177
vt 0.5015535 -1.18114177
vt 0.43623466 -1.18114177
vt 0.51957139 -1.18114177
vt 0.46882591 -1.18114177
vt 0.5015535 -1.18114177
vt 0.46882591 -1.18114177
vt 0.51957139 -1.18114177
vt -0.08380184 -1.18076815
vt 0.47767049 -1.18076815
vt -0.08380184 -1.18076815
vt 0.51957139 -1.18076815
vt 0.08380176 -1.18076815
vt 0.47767049 -1.18076815
vt 0.08380176 -1.18076815
vt 0.51957139 -1.18076815
vt -0.40891069 -1.17969123
vt 0.47852264 -1.17969123
vt -0.40891069 -1.17969123
vt 0.51957139 -1.17969123
vt -0.37455171 -1.17969123
vt 0.47767049 -1.17969123
vt -0.37455171 -1.17969123
vt 0.51957139 -1.17969123
vt -0.40884226 -1.17815877
vt 0.47892823 -1.17815877
vt -0.49786032 -1.17699194
vt 0.40720033 -1.17699194
vt 0.49786024 -1.17699194
vt -0.40863197 -1.17660833
vt 0.47915201 -1.17660833
vt -0.47248831 -1.17636857
vt 0.5015535 -1.17636857
vt -0.47248831 -1.17636857
vt 0.51957139 -1.17636857
vt -0.43257192 -1.17636857
vt 0.5015535 -1.17636857
vt -0.43257192 -1.17636857
vt 0.51957139 -1.17636857
vt 0.43257234 -1.17636857
vt 0.5015535 -1.17636857
vt 0.43257234 -1.17636857
vt 0.51957139 -1.17636857
vt 0.47248823 -1.17636857
vt 0.5015535 -1.17636857
vt 0.47248823 -1.17636857
vt 0.51957139 -1.17636857
vt -0.40832528 -1.1752447
vt 0.47918797 -1.1752447
vt -0.40832528 -1.1752447
vt 0.51957139 -1.1752447
vt -0.37513712 -1.1752447
vt 0.47767049 -1.1752447
vt -0.37513712 -1.1752447
vt 0.51957139 -1.1752447
vt -0.40758802 -1.17308087
vt 0.47890825 -1.17308087
vt -0.406609 -1.17110186
vt 0.47825391 -1.17110186
vt -0.406609 -1.17110186
vt 0.51957139 -1.17110186
vt -0.3768534 -1.17110186
vt 0.47767049 -1.17110186
vt -0.3768534 -1.17110186
vt 0.51957139 -1.17110186
vt -0.4747905 -1.17081115
vt 0.5015535 -1.17081115
vt -0.4747905 -1.17081115
vt 0.51957139 -1.17081115
vt -0.43026973 -1.17081115
vt 0.5015535 -1.17081115
vt -0.43026973 -1.17081115
vt 0.51957139 -1.17081115
vt 0.43026965 -1.17081115
vt 0.5015535 -1.17081115
vt 0.43026965 -1.17081115
vt 0.51957139 -1.17081115
vt 0.47479042 -1.17081115
vt 0.5015535 -1.17081115
vt 0.47479042 -1.17081115
vt 0.51957139 -1.17081115
vt -0.40587924 -1.16994602
vt 0.47767049 -1.16994602
vt -0.40387875 -1.16754344
vt 0.47767049 -1.16754344
vt -0.40387875 -1.16754344
vt 0.51957139 -1.16754344
vt -0.37958366 -1.16754344
vt 0.47767049 -1.16754344
vt -0.37958366 -1.16754344
vt 0.51957139 -1.16754344
vt -0.49945921 -1.16484615
vt -0.47557571 -1.16484615
vt 0.5015535 -1.16484615
vt -0.47557571 -1.16484615
vt 0.51957139 -1.16484615
vt -0.42948452 -1.16484615
vt 0.5015535 -1.16484615
vt -0.42948452 -1.16484615
vt 0.51957139 -1.16484615
vt -0.40560102 -1.16484615
vt 0.40560094 -1.16484615
vt 0.42948444 -1.16484615
vt 0.5015535 -1.16484615
vt 0.42948444 -1.16484615
vt 0.51957139 -1.16484615
vt 0.47557563 -1.16484615
vt 0.5015535 -1.16484615
vt 0.47557563 -1.16484615
vt 0.51957139 -1.16484615
vt 0.49945913 -1.16484615
vt -0.40032082 -1.16481318
vt 0.47767049 -1.16481318
vt -0.40032082 -1.16481318
vt 0.51957139 -1.16481318
vt -0.38314158 -1.16481318
vt 0.47767049 -1.16481318
vt -0.38314158 -1.16481318
vt 0.51957139 -1.16481318
vt -0.39617748 -1.1630969
vt 0.47767049 -1.1630969
vt -0.39617748 -1.1630969
vt 0.51957139 -1.1630969
vt -0.38728492 -1.1630969
vt 0.47767049 -1.1630969
vt -0.38728492 -1.1630969
vt 0.51957139 -1.1630969
vt -0.39173145 -1.16251149
vt 0.47767049 -1.16251149
vt -0.39173145 -1.16251149
vt 0.51957139 -1.16251149
vt -0.4747905 -1.15888114
vt 0.5015535 -1.15888114
vt -0.4747905 -1.15888114
vt 0.51957139 -1.15888114
vt -0.43026973 -1.15888114
vt 0.5015535 -1.15888114
vt -0.43026973 -1.15888114
vt 0.51957139 -1.15888114
vt 0.43026965 -1.15888114
vt 0.5015535 -1.15888114
vt 0.43026965 -1.15888114
vt 0.51957139 -1.15888114
vt 0.47479042 -1.15888114
vt 0.5015535 -1.15888114
vt 0.47479042 -1.15888114
vt 0.51957139 -1.15888114
vt 0.47767049 -1.15547256
vt 0.59260505 -1.15547256
vt 0.51957139 -1.15547256
vt 0.59260505 -1.15547256
vt -0.47248831 -1.15332372
vt 0.5015535 -1.15332372
vt -0.47248831 -1.15332372
vt 0.51957139 -1.15332372
vt -0.43257192 -1.15332372
vt 0.5015535 -1.15332372
vt -0.43257192 -1.15332372
vt 0.51957139 -1.15332372
vt 0.43257234 -1.15332372
vt 0.5015535 -1.15332372
vt 0.43257234 -1.15332372
vt 0.51957139 -1.15332372
vt 0.47248823 -1.15332372
vt 0.5015535 -1.15332372
vt 0.47248823 -1.15332372
vt 0.51957139 -1.15332372
vt -0.49786032 -1.15270035
vt -0.40720041 -1.15270035
vt 0.40720033 -1.15270035
vt 0.49786024 -1.15270035
vt -0.59592179 -1.1521559
vt 0.51957139 -1.1521559
vt -0.53995652 -1.1521559
vt -0.48856466 -1.1521559
vt -0.42706445 -1.1521559
vt -0.41677729 -1.1521559
vt -0.36724056 -1.1521559
vt -0.35615819 -1.1521559
vt -0.29330634 -1.1521559
vt -0.25999531 -1.1521559
vt -0.2331358 -1.1521559
vt -0.1947204 -1.1521559
vt 0.14744831 -1.1521559
vt 0.23313572 -1.1521559
vt 0.29330676 -1.1521559
vt 0.35615811 -1.1521559
vt 0.38560403 -1.1521559
vt 0.41188612 -1.1521559
vt 0.51936164 -1.1521559
vt 0.59260505 -1.1521559
vt 0.51957139 -1.1521559
vt 0.59592171 -1.1521559
vt -0.59873497 -1.14934272
vt 0.47767049 -1.14934272
vt -0.53995652 -1.14934272
vt -0.50050666 -1.14934272
vt -0.3999447 -1.14934272
vt -0.36724056 -1.14934272
vt -0.35615819 -1.14934272
vt -0.29330634 -1.14934272
vt -0.25999531 -1.14934272
vt -0.2331358 -1.14934272
vt -0.1947204 -1.14934272
vt 0.14744831 -1.14934272
vt 0.23313572 -1.14934272
vt 0.29330676 -1.14934272
vt 0.35615811 -1.14934272
vt 0.38560403 -1.14934272
vt 0.39994462 -1.14934272
vt 0.51936164 -1.14934272
vt 0.59260505 -1.14934272
vt 0.47767049 -1.14934272
vt 0.59873489 -1.14934272
vt -0.46882599 -1.14855052
vt 0.5015535 -1.14855052
vt -0.46882599 -1.14855052
vt 0.51957139 -1.14855052
vt -0.43623474 -1.14855052
vt 0.5015535 -1.14855052
vt -0.43623474 -1.14855052
vt 0.51957139 -1.14855052
vt 0.43623466 -1.14855052
vt 0.5015535 -1.14855052
vt 0.43623466 -1.14855052
vt 0.51957139 -1.14855052
vt 0.46882591 -1.14855052
vt 0.5015535 -1.14855052
vt 0.46882591 -1.14855052
vt 0.51957139 -1.14855052
vt -0.46405279 -1.1448882
vt 0.5015535 -1.1448882
vt -0.46405279 -1.1448882
vt 0.51957139 -1.1448882
vt -0.44100744 -1.1448882
vt 0.5015535 -1.1448882
vt -0.44100744 -1.1448882
vt 0.51957139 -1.1448882
vt 0.44100736 -1.1448882
vt 0.5015535 -1.1448882
vt 0.44100736 -1.1448882
vt 0.51957139 -1.1448882
vt 0.46405271 -1.1448882
vt 0.5015535 -1.1448882
vt 0.46405271 -1.1448882
vt 0.51957139 -1.1448882
vt -0.45849487 -1.14258551
vt 0.5015535 -1.14258551
vt -0.45849487 -1.14258551
vt 0.51957139 -1.14258551
vt -0.44656536 -1.14258551
vt 0.5015535 -1.14258551
vt -0.44656536 -1.14258551
vt 0.51957139 -1.14258551
vt 0.44656578 -1.14258551
vt 0.5015535 -1.14258551
vt 0.44656578 -1.14258551
vt 0.51957139 -1.14258551
vt 0.45849479 -1.14258551
vt 0.5015535 -1.14258551
vt 0.45849479 -1.14258551
vt 0.51957139 -1.14258551
vt -0.45253036 -1.1418003
vt 0.5015535 -1.1418003
vt -0.45253036 -1.1418003
vt 0.51957139 -1.1418003
vt 0.45253029 -1.1418003
vt 0.5015535 -1.1418003
vt 0.45253029 -1.1418003
vt 0.51957139 -1.1418003
vt -0.49317203 -1.14138172
vt -0.4118882 -1.14138172
vt 0.41188862 -1.14138172
vt 0.49317195 -1.14138172
vt -0.60816399 -1.1399142
vt 0.47767049 -1.1399142
vt -0.60816399 -1.1399142
vt 0.51957139 -1.1399142
vt -0.48571402 -1.13166249
vt -0.41934621 -1.13166249
vt 0.41934613 -1.13166249
vt 0.48571394 -1.13166249
vt -0.47599479 -1.12420398
vt -0.42906544 -1.12420398
vt 0.42906586 -1.12420398
vt 0.47599471 -1.12420398
vt -0.46467616 -1.11951569
vt -0.44038407 -1.11951569
vt 0.44038399 -1.11951569
vt 0.46467608 -1.11951569
vt -0.45253036 -1.1179173
vt 0.45253029 -1.1179173
vt -0.67540843 -1.07266976
vt 0.47767049 -1.07266976
vt -0.60816399 -1.07266976
vt -0.53995652 -1.07266976
vt -0.50050666 -1.07266976
vt -0.3999447 -1.07266976
vt -0.36724056 -1.07266976
vt -0.35615819 -1.07266976
vt -0.29330634 -1.07266976
vt -0.25999531 -1.07266976
vt -0.2331358 -1.07266976
vt -0.1947204 -1.07266976
vt 0.14744831 -1.07266976
vt 0.23313572 -1.07266976
vt 0.29330676 -1.07266976
vt 0.35615811 -1.07266976
vt 0.38560403 -1.07266976
vt 0.39994462 -1.07266976
vt 0.51936164 -1.07266976
vt 0.59260505 -1.07266976
vt 0.47767049 -1.07266976
vt 0.67540885 -1.07266976
vt -0.70761008 -1.04046811
vt 0.47767049 -1.04046811
vt -0.70761008 -1.04046811
vt 0.51957139 -1.04046811
vt 0.47767049 -1.03755604
vt 0.71052157 -1.03755604
vt 0.51957139 -1.03755604
vt 0.71052157 -1.03755604
vt 0.35974051 -1.02742222
vt 0.47767049 -1.02742222
vt 0.35974051 -1.02742222
vt 0.51957139 -1.02742222
vt 0.35529448 -1.02683681
vt 0.47767049 -1.02683681
vt 0.35529448 -1.02683681
vt 0.51957139 -1.02683681
vt 0.36418705 -1.02683681
vt 0.47767049 -1.02683681
vt 0.36418705 -1.02683681
vt 0.51957139 -1.02683681
vt 0.35115114 -1.02512053
vt 0.47767049 -1.02512053
vt 0.35115114 -1.02512053
vt 0.51957139 -1.02512053
vt 0.36833038 -1.02512053
vt 0.47767049 -1.02512053
vt 0.36833038 -1.02512053
vt 0.51957139 -1.02512053
vt -0.72527083 -1.02280686
vt 0.51957139 -1.02280686
vt -0.70761008 -1.02280686
vt -0.60816399 -1.02280686
vt -0.53995652 -1.02280686
vt -0.48856466 -1.02280686
vt -0.46100385 -1.02280686
vt -0.42706445 -1.02280686
vt -0.41677729 -1.02280686
vt -0.36724056 -1.02280686
vt -0.35615819 -1.02280686
vt -0.29330634 -1.02280686
vt -0.25999531 -1.02280686
vt -0.2331358 -1.02280686
vt -0.1947204 -1.02280686
vt 0.14744831 -1.02280686
vt 0.23313572 -1.02280686
vt 0.29330676 -1.02280686
vt 0.38560403 -1.02280686
vt 0.41188612 -1.02280686
vt 0.51936164 -1.02280686
vt 0.59260505 -1.02280686
vt 0.71052157 -1.02280686
vt 0.51957139 -1.02280686
vt 0.72527075 -1.02280686
vt 0.34759272 -1.02239028
vt 0.47767049 -1.02239028
vt 0.34759272 -1.02239028
vt 0.51957139 -1.02239028
vt 0.37188831 -1.02239028
vt 0.47767049 -1.02239028
vt 0.37188831 -1.02239028
vt 0.51957139 -1.02239028
vt 0.34486296 -1.01883185
vt 0.47767049 -1.01883185
vt 0.34486296 -1.01883185
vt 0.51957139 -1.01883185
vt 0.37461857 -1.01883185
vt 0.47767049 -1.01883185
vt 0.37461857 -1.01883185
vt 0.51957139 -1.01883185
vt -0.20950454 -1.01819249
vt -0.20950454 0.47767049
vt -0.20950454 -1.01819249
vt -0.20950454 0.51957139
vt -0.1947204 -1.01819249
vt -0.1947204 0.47767049
vt -0.1947204 -1.01819249
vt -0.1947204 0.51957139
vt 0.14744831 -1.01819249
vt 0.14744831 0.47767049
vt 0.14744831 -1.01819249
vt 0.14744831 0.51957139
vt 0.20950446 -1.01819249
vt 0.20950446 0.47767049
vt 0.47767049 -1.01819249
vt 0.20950446 -1.01819249
vt 0.20950446 0.51957139
vt 0.51957139 -1.01819249
vt -0.21882867 -1.01714255
vt -0.21882867 0.47767049
vt -0.21882867 -1.01714255
vt -0.21882867 0.51957139
vt 0.21882859 -1.01714255
vt 0.47767049 -1.01714255
vt 0.21882859 -1.01714255
vt 0.51957139 -1.01714255
vt 0.34314669 -1.01468901
vt 0.47767049 -1.01468901
vt 0.34314669 -1.01468901
vt 0.51957139 -1.01468901
vt 0.37633484 -1.01468901
vt 0.47767049 -1.01468901
vt 0.37633484 -1.01468901
vt 0.51957139 -1.01468901
vt -0.22768478 -1.01404366
vt -0.22768478 0.47767049
vt -0.22768478 -1.01404366
vt -0.22768478 0.51957139
vt 0.2276847 -1.01404366
vt 0.47767049 -1.01404366
vt 0.2276847 -1.01404366
vt 0.51957139 -1.01404366
vt 0.34256128 -1.01024248
vt 0.47767049 -1.01024248
vt 0.34256128 -1.01024248
vt 0.51957139 -1.01024248
vt 0.37692025 -1.01024248
vt 0.47767049 -1.01024248
vt 0.37692025 -1.01024248
vt 0.51957139 -1.01024248
vt -0.23562929 -1.00905168
vt -0.23562929 0.47767049
vt -0.23562929 -1.00905168
vt -0.23562929 0.51957139
vt 0.23562971 -1.00905168
vt 0.47767049 -1.00905168
vt 0.23562971 -1.00905168
vt 0.51957139 -1.00905168
vt 0.34314669 -1.00579595
vt 0.47767049 -1.00579595
vt 0.34314669 -1.00579595
vt 0.51957139 -1.00579595
vt 0.37633484 -1.00579595
vt 0.47767049 -1.00579595
vt 0.37633484 -1.00579595
vt 0.51957139 -1.00579595
vt -0.24226413 -1.00241635
vt -0.24226413 0.47767049
vt -0.24226413 -1.00241635
vt -0.24226413 0.51957139
vt 0.24226405 -1.00241635
vt 0.47767049 -1.00241635
vt 0.24226405 -1.00241635
vt 0.51957139 -1.00241635
vt 0.34486296 -1.00165311
vt 0.47767049 -1.00165311
vt 0.34486296 -1.00165311
vt 0.51957139 -1.00165311
vt 0.37461857 -1.00165311
vt 0.47767049 -1.00165311
vt 0.37461857 -1.00165311
vt 0.51957139 -1.00165311
vt 0.34759272 -0.99809469
vt 0.47767049 -0.99809469
vt 0.34759272 -0.99809469
vt 0.51957139 -0.99809469
vt 0.37188831 -0.99809469
vt 0.47767049 -0.99809469
vt 0.37188831 -0.99809469
vt 0.51957139 -0.99809469
vt 0.35115114 -0.99536443
vt 0.47767049 -0.99536443
vt 0.35115114 -0.99536443
vt 0.51957139 -0.99536443
vt 0.36833038 -0.99536443
vt 0.47767049 -0.99536443
vt 0.36833038 -0.99536443
vt 0.51957139 -0.99536443
vt -0.24725611 -0.99447233
vt -0.24725611 0.47767049
vt -0.24725611 -0.99447233
vt -0.24725611 0.51957139
vt 0.24725603 -0.99447233
vt 0.47767049 -0.99447233
vt 0.24725603 -0.99447233
vt 0.51957139 -0.99447233
vt 0.35529448 -0.99364816
vt 0.47767049 -0.99364816
vt 0.35529448 -0.99364816
vt 0.51957139 -0.99364816
vt 0.36418705 -0.99364816
vt 0.47767049 -0.99364816
vt 0.36418705 -0.99364816
vt 0.51957139 -0.99364816
vt 0.35974051 -0.99306274
vt 0.47767049 -0.99306274
vt 0.35974051 -0.99306274
vt 0.51957139 -0.99306274
vt -0.250355 -0.98561623
vt -0.250355 0.47767049
vt -0.250355 -0.98561623
vt -0.250355 0.51957139
vt 0.25035492 -0.98561623
vt 0.47767049 -0.98561623
vt 0.25035492 -0.98561623
vt 0.51957139 -0.98561623
vt -0.25140544 -0.97629159
vt -0.25140544 0.47767049
vt 0.47767049 -0.97629159
vt -0.25140544 -0.97629159
vt -0.25140544 0.51957139
vt 0.51957139 -0.97629159
vt 0.25140586 -0.97629159
vt 0.47767049 -0.97629159
vt 0.25140586 -0.97629159
vt 0.51957139 -0.97629159
vt -0.79300877 -0.95506892
vt 0.47767049 -0.95506892
vt -0.79300877 -0.95506892
vt 0.51957139 -0.95506892
vt -0.70761008 -0.95506892
vt -0.70761008 -0.95506892
vt -0.60816399 -0.95506892
vt -0.60816399 -0.95506892
vt -0.53995652 -0.95506892
vt -0.53995652 -0.95506892
vt -0.50050666 -0.95506892
vt -0.48856466 -0.95506892
vt -0.46100385 -0.95506892
vt -0.42706445 -0.95506892
vt -0.41677729 -0.95506892
vt -0.3999447 -0.95506892
vt -0.36724056 -0.95506892
vt -0.36724056 -0.95506892
vt -0.35615819 -0.95506892
vt -0.35615819 -0.95506892
vt -0.29330634 -0.95506892
vt -0.29330634 -0.95506892
vt -0.25999531 -0.95506892
vt -0.25999531 -0.95506892
vt -0.25140544 -0.95506892
vt 0.47767049 -0.95506892
vt -0.25140544 -0.95506892
vt 0.51957139 -0.95506892
vt 0.25140586 -0.95506892
vt 0.47767049 -0.95506892
vt 0.25140586 -0.95506892
vt 0.51957139 -0.95506892
vt 0.29330676 -0.95506892
vt 0.29330676 -0.95506892
vt 0.35615811 -0.95506892
vt 0.35615811 -0.95506892
vt 0.38560403 -0.95506892
vt 0.38560403 -0.95506892
vt 0.39994462 -0.95506892
vt 0.41188612 -0.95506892
vt 0.51936164 -0.95506892
vt 0.51936164 -0.95506892
vt 0.59260505 -0.95506892
vt 0.59260505 -0.95506892
vt 0.71052157 -0.95506892
vt 0.71052157 -0.95506892
vt 0.47767049 -0.95506892
vt 0.79300869 -0.95506892
vt 0.51957139 -0.95506892
vt 0.79300869 -0.95506892
vt -0.8249277 -0.92314999
vt 0.47767049 -0.92314999
vt -0.8249277 -0.92314999
vt 0.51957139 -0.92314999
vt -0.78515366 -0.91707609
vt 0.47767049 -0.91707609
vt -0.78515366 -0.91707609
vt 0.51957139 -0.91707609
vt 0.47767049 -0.91707609
vt 0.78515359 -0.91707609
vt 0.51957139 -0.91707609
vt 0.78515359 -0.91707609
vt -0.78862418 -0.91661855
vt 0.47767049 -0.91661855
vt -0.78862418 -0.91661855
vt 0.51957139 -0.91661855
vt -0.78168315 -0.91661855
vt 0.47767049 -0.91661855
vt -0.78168315 -0.91661855
vt 0.51957139 -0.91661855
vt 0.47767049 -0.91661855
vt 0.78168307 -0.91661855
vt 0.51957139 -0.91661855
vt 0.78168307 -0.91661855
vt 0.47767049 -0.91661855
vt 0.7886241 -0.91661855
vt 0.51957139 -0.91661855
vt 0.7886241 -0.91661855
vt -0.79185793 -0.9152789
vt 0.47767049 -0.9152789
vt -0.79185793 -0.9152789
vt 0.51957139 -0.9152789
vt -0.7784494 -0.9152789
vt 0.47767049 -0.9152789
vt -0.7784494 -0.9152789
vt 0.51957139 -0.9152789
vt 0.47767049 -0.9152789
vt 0.77844932 -0.9152789
vt 0.51957139 -0.9152789
vt 0.77844932 -0.9152789
vt 0.47767049 -0.9152789
vt 0.79185785 -0.9152789
vt 0.51957139 -0.9152789
vt 0.79185785 -0.9152789
vt -0.79463464 -0.91314804
vt 0.47767049 -0.91314804
vt -0.79463464 -0.91314804
vt 0.51957139 -0.91314804
vt -0.77567269 -0.91314804
vt 0.47767049 -0.91314804
vt -0.77567269 -0.91314804
vt 0.51957139 -0.91314804
vt 0.47767049 -0.91314804
vt 0.77567211 -0.91314804
vt 0.51957139 -0.91314804
vt 0.77567211 -0.91314804
vt 0.47767049 -0.91314804
vt 0.79463506 -0.91314804
vt 0.51957139 -0.91314804
vt 0.79463506 -0.91314804
vt -0.7967655 -0.91037183
vt 0.47767049 -0.91037183
vt -0.7967655 -0.91037183
vt 0.51957139 -0.91037183
vt -0.77354183 -0.91037183
vt 0.47767049 -0.91037183
vt -0.77354183 -0.91037183
vt 0.51957139 -0.91037183
vt 0.47767049 -0.91037183
vt 0.77354125 -0.91037183
vt 0.51957139 -0.91037183
vt 0.77354125 -0.91037183
vt 0.47767049 -0.91037183
vt 0.79676592 -0.91037183
vt 0.51957139 -0.91037183
vt 0.79676592 -0.91037183
vt -0.79810515 -0.90713808
vt 0.47767049 -0.90713808
vt -0.79810515 -0.90713808
vt 0.51957139 -0.90713808
vt -0.77220218 -0.90713808
vt 0.47767049 -0.90713808
vt -0.77220218 -0.90713808
vt 0.51957139 -0.90713808
vt 0.47767049 -0.90713808
vt 0.7722026 -0.90713808
vt 0.51957139 -0.90713808
vt 0.7722026 -0.90713808
vt 0.47767049 -0.90713808
vt 0.79810457 -0.90713808
vt 0.51957139 -0.90713808
vt 0.79810457 -0.90713808
vt -0.79856169 -0.90366756
vt 0.47767049 -0.90366756
vt -0.79856169 -0.90366756
vt 0.51957139 -0.90366756
vt -0.77174514 -0.90366756
vt 0.47767049 -0.90366756
vt -0.77174514 -0.90366756
vt 0.51957139 -0.90366756
vt 0.47767049 -0.90366756
vt 0.77174506 -0.90366756
vt 0.51957139 -0.90366756
vt 0.77174506 -0.90366756
vt 0.47767049 -0.90366756
vt 0.79856211 -0.90366756
vt 0.51957139 -0.90366756
vt 0.79856211 -0.90366756
vt 0.47767049 -0.90366756
vt 0.84441005 -0.90366756
vt 0.51957139 -0.90366756
vt 0.84441005 -0.90366756
vt -0.79810515 -0.90019705
vt 0.47767049 -0.90019705
vt -0.79810515 -0.90019705
vt 0.51957139 -0.90019705
vt -0.77220218 -0.90019705
vt 0.47767049 -0.90019705
vt -0.77220218 -0.90019705
vt 0.51957139 -0.90019705
vt 0.47767049 -0.90019705
vt 0.7722026 -0.90019705
vt 0.51957139 -0.90019705
vt 0.7722026 -0.90019705
vt 0.47767049 -0.90019705
vt 0.79810457 -0.90019705
vt 0.51957139 -0.90019705
vt 0.79810457 -0.90019705
vt -0.7967655 -0.8969633
vt 0.47767049 -0.8969633
vt -0.7967655 -0.8969633
vt 0.51957139 -0.8969633
vt -0.77354183 -0.8969633
vt 0.47767049 -0.8969633
vt -0.77354183 -0.8969633
vt 0.51957139 -0.8969633
vt 0.47767049 -0.8969633
vt 0.77354125 -0.8969633
vt 0.51957139 -0.8969633
vt 0.77354125 -0.8969633
vt 0.47767049 -0.8969633
vt 0.79676592 -0.8969633
vt 0.51957139 -0.8969633
vt 0.79676592 -0.8969633
vt -0.6488626 -0.89678448
vt 0.47767049 -0.89678448
vt -0.6488626 -0.89678448
vt 0.51957139 -0.89678448
vt -0.65168227 -0.89641385
vt 0.47767049 -0.89641385
vt -0.65168227 -0.89641385
vt 0.51957139 -0.89641385
vt -0.64604293 -0.89641385
vt 0.47767049 -0.89641385
vt -0.64604293 -0.89641385
vt 0.51957139 -0.89641385
vt -0.65431013 -0.89532494
vt 0.47767049 -0.89532494
vt -0.65431013 -0.89532494
vt 0.51957139 -0.89532494
vt -0.64341557 -0.89532494
vt 0.47767049 -0.89532494
vt -0.64341557 -0.89532494
vt 0.51957139 -0.89532494
vt -0.79463464 -0.89418609
vt 0.47767049 -0.89418609
vt -0.79463464 -0.89418609
vt 0.51957139 -0.89418609
vt -0.77567269 -0.89418609
vt 0.47767049 -0.89418609
vt -0.77567269 -0.89418609
vt 0.51957139 -0.89418609
vt 0.47767049 -0.89418609
vt 0.77567211 -0.89418609
vt 0.51957139 -0.89418609
vt 0.77567211 -0.89418609
vt 0.47767049 -0.89418609
vt 0.79463506 -0.89418609
vt 0.51957139 -0.89418609
vt 0.79463506 -0.89418609
vt -0.65656636 -0.89359368
vt 0.47767049 -0.89359368
vt -0.65656636 -0.89359368
vt 0.51957139 -0.89359368
vt -0.64115934 -0.89359368
vt 0.47767049 -0.89359368
vt -0.64115934 -0.89359368
vt 0.51957139 -0.89359368
vt -0.79185793 -0.89205523
vt 0.47767049 -0.89205523
vt -0.79185793 -0.89205523
vt 0.51957139 -0.89205523
vt -0.7784494 -0.89205523
vt 0.47767049 -0.89205523
vt -0.7784494 -0.89205523
vt 0.51957139 -0.89205523
vt 0.47767049 -0.89205523
vt 0.77844932 -0.89205523
vt 0.51957139 -0.89205523
vt 0.77844932 -0.89205523
vt 0.47767049 -0.89205523
vt 0.79185785 -0.89205523
vt 0.51957139 -0.89205523
vt 0.79185785 -0.89205523
vt -0.65829762 -0.89133795
vt 0.47767049 -0.89133795
vt -0.65829762 -0.89133795
vt 0.51957139 -0.89133795
vt -0.63942808 -0.89133795
vt 0.47767049 -0.89133795
vt -0.63942808 -0.89133795
vt 0.51957139 -0.89133795
vt -0.78862418 -0.89071558
vt 0.47767049 -0.89071558
vt -0.78862418 -0.89071558
vt 0.51957139 -0.89071558
vt -0.78168315 -0.89071558
vt 0.47767049 -0.89071558
vt -0.78168315 -0.89071558
vt 0.51957139 -0.89071558
vt 0.47767049 -0.89071558
vt 0.78168307 -0.89071558
vt 0.51957139 -0.89071558
vt 0.78168307 -0.89071558
vt 0.47767049 -0.89071558
vt 0.7886241 -0.89071558
vt 0.51957139 -0.89071558
vt 0.7886241 -0.89071558
vt -0.78515366 -0.89025903
vt 0.47767049 -0.89025903
vt -0.78515366 -0.89025903
vt 0.51957139 -0.89025903
vt 0.47767049 -0.89025903
vt 0.78515359 -0.89025903
vt 0.51957139 -0.89025903
vt 0.78515359 -0.89025903
vt -0.65938603 -0.88870959
vt 0.47767049 -0.88870959
vt -0.65938603 -0.88870959
vt 0.51957139 -0.88870959
vt -0.63833967 -0.88870959
vt 0.47767049 -0.88870959
vt -0.63833967 -0.88870959
vt 0.51957139 -0.88870959
vt -0.65975716 -0.88589042
vt 0.47767049 -0.88589042
vt -0.65975716 -0.88589042
vt 0.51957139 -0.88589042
vt -0.63796855 -0.88589042
vt 0.47767049 -0.88589042
vt -0.63796855 -0.88589042
vt 0.51957139 -0.88589042
vt -0.65938603 -0.88307026
vt 0.47767049 -0.88307026
vt -0.65938603 -0.88307026
vt 0.51957139 -0.88307026
vt -0.63833967 -0.88307026
vt 0.47767049 -0.88307026
vt -0.63833967 -0.88307026
vt 0.51957139 -0.88307026
vt -0.86545049 -0.8826277
vt 0.47767049 -0.8826277
vt -0.8249277 -0.8826277
vt -0.70761008 -0.8826277
vt -0.60816399 -0.8826277
vt -0.53995652 -0.8826277
vt -0.50050666 -0.8826277
vt -0.3999447 -0.8826277
vt -0.36724056 -0.8826277
vt -0.35615819 -0.8826277
vt -0.29330634 -0.8826277
vt -0.25999531 -0.8826277
vt -0.25140544 -0.8826277
vt 0.47767049 -0.8826277
vt 0.25140586 -0.8826277
vt 0.47767049 -0.8826277
vt 0.29330676 -0.8826277
vt 0.35615811 -0.8826277
vt 0.38560403 -0.8826277
vt 0.39994462 -0.8826277
vt 0.51936164 -0.8826277
vt 0.59260505 -0.8826277
vt 0.71052157 -0.8826277
vt 0.84441005 -0.8826277
vt 0.47767049 -0.8826277
vt 0.86544991 -0.8826277
vt -0.65829762 -0.8804429
vt 0.47767049 -0.8804429
vt -0.65829762 -0.8804429
vt 0.51957139 -0.8804429
vt -0.63942808 -0.8804429
vt 0.47767049 -0.8804429
vt -0.63942808 -0.8804429
vt 0.51957139 -0.8804429
vt -0.65656636 -0.87818716
vt 0.47767049 -0.87818716
vt -0.65656636 -0.87818716
vt 0.51957139 -0.87818716
vt -0.64115934 -0.87818716
vt 0.47767049 -0.87818716
vt -0.64115934 -0.87818716
vt 0.51957139 -0.87818716
vt -0.65431013 -0.8764559
vt 0.47767049 -0.8764559
vt -0.65431013 -0.8764559
vt 0.51957139 -0.8764559
vt -0.64341557 -0.8764559
vt 0.47767049 -0.8764559
vt -0.64341557 -0.8764559
vt 0.51957139 -0.8764559
vt -0.65168227 -0.875367
vt 0.47767049 -0.875367
vt -0.65168227 -0.875367
vt 0.51957139 -0.875367
vt -0.64604293 -0.875367
vt 0.47767049 -0.875367
vt -0.64604293 -0.875367
vt 0.51957139 -0.875367
vt -0.6488626 -0.87499637
vt 0.47767049 -0.87499637
vt -0.6488626 -0.87499637
vt 0.51957139 -0.87499637
vt -0.88167069 -0.866407
vt 0.47767049 -0.866407
vt -0.88167069 -0.866407
vt 0.51957139 -0.866407
vt -0.91129892 -0.83677877
vt 0.47767049 -0.83677877
vt -0.91129892 -0.83677877
vt 0.51957139 -0.83677877
vt -0.88167069 -0.83677877
vt -0.88167069 -0.83677877
vt -0.8249277 -0.83677877
vt -0.8249277 -0.83677877
vt -0.70761008 -0.83677877
vt -0.70761008 -0.83677877
vt -0.60816399 -0.83677877
vt -0.60816399 -0.83677877
vt -0.53995652 -0.83677877
vt -0.53995652 -0.83677877
vt -0.50050666 -0.83677877
vt -0.48856466 -0.83677877
vt -0.46100385 -0.83677877
vt -0.42706445 -0.83677877
vt -0.41677729 -0.83677877
vt -0.3999447 -0.83677877
vt -0.36724056 -0.83677877
vt -0.36724056 -0.83677877
vt -0.35615819 -0.83677877
vt -0.35615819 -0.83677877
vt -0.29330634 -0.83677877
vt -0.29330634 -0.83677877
vt -0.25999531 -0.83677877
vt -0.25999531 -0.83677877
vt -0.25140544 -0.83677877
vt 0.47767049 -0.83677877
vt -0.25140544 -0.83677877
vt 0.51957139 -0.83677877
vt 0.25140586 -0.83677877
vt 0.47767049 -0.83677877
vt 0.25140586 -0.83677877
vt 0.51957139 -0.83677877
vt 0.29330676 -0.83677877
vt 0.29330676 -0.83677877
vt 0.35615811 -0.83677877
vt 0.35615811 -0.83677877
vt 0.38560403 -0.83677877
vt 0.38560403 -0.83677877
vt 0.39994462 -0.83677877
vt 0.41188612 -0.83677877
vt 0.51936164 -0.83677877
vt 0.51936164 -0.83677877
vt 0.59260505 -0.83677877
vt 0.59260505 -0.83677877
vt 0.71052157 -0.83677877
vt 0.71052157 -0.83677877
vt 0.84441005 -0.83677877
vt 0.84441005 -0.83677877
vt 0.47767049 -0.83677877
vt 0.91129884 -0.83677877
vt 0.51957139 -0.83677877
vt 0.91129884 -0.83677877
vt -0.90366759 -0.79856217
vt 0.47767049 -0.79856217
vt -0.90366759 -0.79856217
vt 0.51957139 -0.79856217
vt 0.47767049 -0.79856217
vt 0.90366751 -0.79856217
vt 0.51957139 -0.79856217
vt 0.90366751 -0.79856217
vt -0.9071376 -0.79810463
vt 0.47767049 -0.79810463
vt -0.9071376 -0.79810463
vt 0.51957139 -0.79810463
vt -0.90019708 -0.79810463
vt 0.47767049 -0.79810463
vt -0.90019708 -0.79810463
vt 0.51957139 -0.79810463
vt 0.47767049 -0.79810463
vt 0.900197 -0.79810463
vt 0.51957139 -0.79810463
vt 0.900197 -0.79810463
vt 0.47767049 -0.79810463
vt 0.90713802 -0.79810463
vt 0.51957139 -0.79810463
vt 0.90713802 -0.79810463
vt -0.91037135 -0.79676597
vt 0.47767049 -0.79676597
vt -0.91037135 -0.79676597
vt 0.51957139 -0.79676597
vt -0.89696333 -0.79676597
vt 0.47767049 -0.79676597
vt -0.89696333 -0.79676597
vt 0.51957139 -0.79676597
vt 0.47767049 -0.79676597
vt 0.89696325 -0.79676597
vt 0.51957139 -0.79676597
vt 0.89696325 -0.79676597
vt 0.47767049 -0.79676597
vt 0.91037177 -0.79676597
vt 0.51957139 -0.79676597
vt 0.91037177 -0.79676597
vt -0.91314856 -0.79463511
vt 0.47767049 -0.79463511
vt -0.91314856 -0.79463511
vt 0.51957139 -0.79463511
vt -0.89418612 -0.79463511
vt 0.47767049 -0.79463511
vt -0.89418612 -0.79463511
vt 0.51957139 -0.79463511
vt 0.47767049 -0.79463511
vt 0.89418604 -0.79463511
vt 0.51957139 -0.79463511
vt 0.89418604 -0.79463511
vt 0.47767049 -0.79463511
vt 0.91314898 -0.79463511
vt 0.51957139 -0.79463511
vt 0.91314898 -0.79463511
vt -0.91527942 -0.7918579
vt 0.47767049 -0.7918579
vt -0.91527942 -0.7918579
vt 0.51957139 -0.7918579
vt -0.89205526 -0.7918579
vt 0.47767049 -0.7918579
vt -0.89205526 -0.7918579
vt 0.51957139 -0.7918579
vt 0.47767049 -0.7918579
vt 0.89205518 -0.7918579
vt 0.51957139 -0.7918579
vt 0.89205518 -0.7918579
vt 0.47767049 -0.7918579
vt 0.91527884 -0.7918579
vt 0.51957139 -0.7918579
vt 0.91527884 -0.7918579
vt -0.91661858 -0.78862415
vt 0.47767049 -0.78862415
vt -0.91661858 -0.78862415
vt 0.51957139 -0.78862415
vt -0.8907161 -0.78862415
vt 0.47767049 -0.78862415
vt -0.8907161 -0.78862415
vt 0.51957139 -0.78862415
vt 0.47767049 -0.78862415
vt 0.89071552 -0.78862415
vt 0.51957139 -0.78862415
vt 0.89071552 -0.78862415
vt 0.47767049 -0.78862415
vt 0.9166185 -0.78862415
vt 0.51957139 -0.78862415
vt 0.9166185 -0.78862415
vt -0.91707562 -0.78515364
vt 0.47767049 -0.78515364
vt -0.91707562 -0.78515364
vt 0.51957139 -0.78515364
vt -0.89025906 -0.78515364
vt 0.47767049 -0.78515364
vt -0.89025906 -0.78515364
vt 0.51957139 -0.78515364
vt 0.47767049 -0.78515364
vt 0.89025898 -0.78515364
vt 0.51957139 -0.78515364
vt 0.89025898 -0.78515364
vt 0.47767049 -0.78515364
vt 0.91707604 -0.78515364
vt 0.51957139 -0.78515364
vt 0.91707604 -0.78515364
vt -0.91661858 -0.78168313
vt 0.47767049 -0.78168313
vt -0.91661858 -0.78168313
vt 0.51957139 -0.78168313
vt -0.8907161 -0.78168313
vt 0.47767049 -0.78168313
vt -0.8907161 -0.78168313
vt 0.51957139 -0.78168313
vt 0.47767049 -0.78168313
vt 0.89071552 -0.78168313
vt 0.51957139 -0.78168313
vt 0.89071552 -0.78168313
vt 0.47767049 -0.78168313
vt 0.9166185 -0.78168313
vt 0.51957139 -0.78168313
vt 0.9166185 -0.78168313
vt -0.91527942 -0.77844937
vt 0.47767049 -0.77844937
vt -0.91527942 -0.77844937
vt 0.51957139 -0.77844937
vt -0.89205526 -0.77844937
vt 0.47767049 -0.77844937
vt -0.89205526 -0.77844937
vt 0.51957139 -0.77844937
vt 0.47767049 -0.77844937
vt 0.89205518 -0.77844937
vt 0.51957139 -0.77844937
vt 0.89205518 -0.77844937
vt 0.47767049 -0.77844937
vt 0.91527884 -0.77844937
vt 0.51957139 -0.77844937
vt 0.91527884 -0.77844937
vt -0.91314856 -0.77567216
vt 0.47767049 -0.77567216
vt -0.91314856 -0.77567216
vt 0.51957139 -0.77567216
vt -0.89418612 -0.77567216
vt 0.47767049 -0.77567216
vt -0.89418612 -0.77567216
vt 0.51957139 -0.77567216
vt 0.47767049 -0.77567216
vt 0.89418604 -0.77567216
vt 0.51957139 -0.77567216
vt 0.89418604 -0.77567216
vt 0.47767049 -0.77567216
vt 0.91314898 -0.77567216
vt 0.51957139 -0.77567216
vt 0.91314898 -0.77567216
vt -0.91037135 -0.77354131
vt 0.47767049 -0.77354131
vt -0.91037135 -0.77354131
vt 0.51957139 -0.77354131
vt -0.89696333 -0.77354131
vt 0.47767049 -0.77354131
vt -0.89696333 -0.77354131
vt 0.51957139 -0.77354131
vt 0.47767049 -0.77354131
vt 0.89696325 -0.77354131
vt 0.51957139 -0.77354131
vt 0.89696325 -0.77354131
vt 0.47767049 -0.77354131
vt 0.91037177 -0.77354131
vt 0.51957139 -0.77354131
vt 0.91037177 -0.77354131
vt -0.9071376 -0.77220265
vt 0.47767049 -0.77220265
vt -0.9071376 -0.77220265
vt 0.51957139 -0.77220265
vt -0.90019708 -0.77220265
vt 0.47767049 -0.77220265
vt -0.90019708 -0.77220265
vt 0.51957139 -0.77220265
vt 0.47767049 -0.77220265
vt 0.900197 -0.77220265
vt 0.51957139 -0.77220265
vt 0.900197 -0.77220265
vt 0.47767049 -0.77220265
vt 0.90713802 -0.77220265
vt 0.51957139 -0.77220265
vt 0.90713802 -0.77220265
vt -0.90366759 -0.77174511
vt 0.47767049 -0.77174511
vt -0.90366759 -0.77174511
vt 0.51957139 -0.77174511
vt 0.47767049 -0.77174511
vt 0.90366751 -0.77174511
vt 0.51957139 -0.77174511
vt 0.90366751 -0.77174511
vt -1.02047523 -0.72760246
vt 0.51957139 -0.72760246
vt -0.88167069 -0.72760246
vt -0.8249277 -0.72760246
vt -0.70761008 -0.72760246
vt -0.60816399 -0.72760246
vt -0.53995652 -0.72760246
vt -0.48856466 -0.72760246
vt -0.46100385 -0.72760246
vt -0.42706445 -0.72760246
vt -0.41677729 -0.72760246
vt -0.36724056 -0.72760246
vt -0.35615819 -0.72760246
vt -0.29330634 -0.72760246
vt -0.25999531 -0.72760246
vt -0.25140544 -0.72760246
vt 0.51957139 -0.72760246
vt 0.25140586 -0.72760246
vt 0.51957139 -0.72760246
vt 0.29330676 -0.72760246
vt 0.35615811 -0.72760246
vt 0.38560403 -0.72760246
vt 0.41188612 -0.72760246
vt 0.51936164 -0.72760246
vt 0.59260505 -0.72760246
vt 0.71052157 -0.72760246
vt 0.84441005 -0.72760246
vt 0.51957139 -0.72760246
vt 1.02047515 -0.72760246
vt -0.25140544 -0.72488619
vt 0.47767049 -0.72488619
vt -0.25140544 -0.72488619
vt 0.51957139 -0.72488619
vt 0.25140586 -0.72488619
vt 0.25140586 0.47767049
vt 0.47767049 -0.72488619
vt 0.25140586 -0.72488619
vt 0.25140586 0.51957139
vt 0.51957139 -0.72488619
vt 0.25035492 -0.71556256
vt 0.25035492 0.47767049
vt 0.25035492 -0.71556256
vt 0.25035492 0.51957139
vt -0.24997788 -0.71404109
vt 0.47767049 -0.71404109
vt -0.24997788 -0.71404109
vt 0.51957139 -0.71404109
vt 0.24725603 -0.70670646
vt 0.24725603 0.47767049
vt 0.24725603 -0.70670646
vt 0.24725603 0.51957139
vt -0.24579208 -0.70393624
vt 0.47767049 -0.70393624
vt -0.24579208 -0.70393624
vt 0.51957139 -0.70393624
vt 0.24226405 -0.69876144
vt 0.24226405 0.47767049
vt 0.24226405 -0.69876144
vt 0.24226405 0.51957139
vt -0.23913327 -0.69525796
vt 0.47767049 -0.69525796
vt -0.23913327 -0.69525796
vt 0.51957139 -0.69525796
vt 0.23562971 -0.69212711
vt 0.23562971 0.47767049
vt 0.23562971 -0.69212711
vt 0.23562971 0.51957139
vt -0.23045499 -0.68859865
vt 0.47767049 -0.68859865
vt -0.23045499 -0.68859865
vt 0.51957139 -0.68859865
vt 0.2276847 -0.68713512
vt 0.2276847 0.47767049
vt 0.2276847 -0.68713512
vt 0.2276847 0.51957139
vt -1.06239311 -0.68568458
vt 0.47767049 -0.68568458
vt -0.22034965 -0.68441286
vt 0.47767049 -0.68441286
vt -0.22034965 -0.68441286
vt 0.51957139 -0.68441286
vt 0.21882859 -0.68403623
vt 0.21882859 0.47767049
vt 0.21882859 -0.68403623
vt 0.21882859 0.51957139
vt -0.86218777 -0.68345981
vt 0.47767049 -0.68345981
vt -0.86218777 -0.68345981
vt 0.51957139 -0.68345981
vt -0.43553794 -0.68345981
vt 0.47767049 -0.68345981
vt -0.43553794 -0.68345981
vt 0.51957139 -0.68345981
vt -0.86500743 -0.68308819
vt 0.47767049 -0.68308819
vt -0.86500743 -0.68308819
vt 0.51957139 -0.68308819
vt -0.8593681 -0.68308819
vt 0.47767049 -0.68308819
vt -0.8593681 -0.68308819
vt 0.51957139 -0.68308819
vt -0.4383576 -0.68308819
vt 0.47767049 -0.68308819
vt -0.4383576 -0.68308819
vt 0.51957139 -0.68308819
vt -0.43271827 -0.68308819
vt 0.47767049 -0.68308819
vt -0.43271827 -0.68308819
vt 0.51957139 -0.68308819
vt -0.20950454 -0.68298529
vt -0.20950454 0.47767049
vt 0.47767049 -0.68298529
vt -0.20950454 -0.68298529
vt -0.20950454 0.51957139
vt 0.51957139 -0.68298529
vt -0.1947204 -0.68298529
vt -0.1947204 0.47767049
vt -0.1947204 -0.68298529
vt -0.1947204 0.51957139
vt 0.14744831 -0.68298529
vt 0.14744831 0.47767049
vt 0.14744831 -0.68298529
vt 0.14744831 0.51957139
vt 0.20950446 -0.68298529
vt 0.20950446 0.47767049
vt 0.20950446 -0.68298529
vt 0.20950446 0.51957139
vt -0.86763479 -0.68200028
vt 0.47767049 -0.68200028
vt -0.86763479 -0.68200028
vt 0.51957139 -0.68200028
vt -0.85674024 -0.68200028
vt 0.47767049 -0.68200028
vt -0.85674024 -0.68200028
vt 0.51957139 -0.68200028
vt -0.44098496 -0.68200028
vt 0.47767049 -0.68200028
vt -0.44098496 -0.68200028
vt 0.51957139 -0.68200028
vt -0.43009091 -0.68200028
vt 0.47767049 -0.68200028
vt -0.43009091 -0.68200028
vt 0.51957139 -0.68200028
vt -0.86989103 -0.68026902
vt 0.47767049 -0.68026902
vt -0.86989103 -0.68026902
vt 0.51957139 -0.68026902
vt -0.85448401 -0.68026902
vt 0.47767049 -0.68026902
vt -0.85448401 -0.68026902
vt 0.51957139 -0.68026902
vt -0.4432417 -0.68026902
vt 0.47767049 -0.68026902
vt -0.4432417 -0.68026902
vt 0.51957139 -0.68026902
vt -0.42783468 -0.68026902
vt 0.47767049 -0.68026902
vt -0.42783468 -0.68026902
vt 0.51957139 -0.68026902
vt -0.87162229 -0.67801229
vt 0.47767049 -0.67801229
vt -0.87162229 -0.67801229
vt 0.51957139 -0.67801229
vt -0.85275275 -0.67801229
vt 0.47767049 -0.67801229
vt -0.85275275 -0.67801229
vt 0.51957139 -0.67801229
vt -0.44497296 -0.67801229
vt 0.47767049 -0.67801229
vt -0.44497296 -0.67801229
vt 0.51957139 -0.67801229
vt -0.42610342 -0.67801229
vt 0.47767049 -0.67801229
vt -0.42610342 -0.67801229
vt 0.51957139 -0.67801229
vt -0.87271069 -0.67538493
vt 0.47767049 -0.67538493
vt -0.87271069 -0.67538493
vt 0.51957139 -0.67538493
vt -0.85166434 -0.67538493
vt 0.47767049 -0.67538493
vt -0.85166434 -0.67538493
vt 0.51957139 -0.67538493
vt -0.44606086 -0.67538493
vt 0.47767049 -0.67538493
vt -0.44606086 -0.67538493
vt 0.51957139 -0.67538493
vt -0.42501501 -0.67538493
vt 0.47767049 -0.67538493
vt -0.42501501 -0.67538493
vt 0.51957139 -0.67538493
vt -1.07433461 -0.67374358
vt 0.51957139 -0.67374358
vt -0.87308182 -0.67256576
vt 0.47767049 -0.67256576
vt -0.87308182 -0.67256576
vt 0.51957139 -0.67256576
vt -0.85129321 -0.67256576
vt 0.47767049 -0.67256576
vt -0.85129321 -0.67256576
vt 0.51957139 -0.67256576
vt -0.44643249 -0.67256576
vt 0.47767049 -0.67256576
vt -0.44643249 -0.67256576
vt 0.51957139 -0.67256576
vt -0.42464388 -0.67256576
vt 0.47767049 -0.67256576
vt -0.42464388 -0.67256576
vt 0.51957139 -0.67256576
vt -1.07574969 -0.672328
vt 0.47767049 -0.672328
vt -1.06239311 -0.672328
vt -0.88167069 -0.672328
vt -0.8249277 -0.672328
vt -0.70761008 -0.672328
vt -0.60816399 -0.672328
vt -0.53995652 -0.672328
vt -0.50050666 -0.672328
vt -0.3999447 -0.672328
vt -0.36724056 -0.672328
vt -0.35615819 -0.672328
vt -0.29330634 -0.672328
vt -0.25999531 -0.672328
vt -0.2331358 -0.672328
vt -0.1947204 -0.672328
vt 0.14744831 -0.672328
vt 0.23313572 -0.672328
vt 0.29330676 -0.672328
vt 0.35615811 -0.672328
vt 0.38560403 -0.672328
vt 0.39994462 -0.672328
vt 0.51936164 -0.672328
vt 0.59260505 -0.672328
vt 0.71052157 -0.672328
vt 0.84441005 -0.672328
vt 0.47767049 -0.672328
vt 1.07574961 -0.672328
vt 0.47767049 -0.67164269
vt 1.07643492 -0.67164269
vt -0.87271069 -0.66974559
vt 0.47767049 -0.66974559
vt -0.87271069 -0.66974559
vt 0.51957139 -0.66974559
vt -0.85166434 -0.66974559
vt 0.47767049 -0.66974559
vt -0.85166434 -0.66974559
vt 0.51957139 -0.66974559
vt -0.44606086 -0.66974559
vt 0.47767049 -0.66974559
vt -0.44606086 -0.66974559
vt 0.51957139 -0.66974559
vt -0.42501501 -0.66974559
vt 0.47767049 -0.66974559
vt -0.42501501 -0.66974559
vt 0.51957139 -0.66974559
vt -0.87162229 -0.66711823
vt 0.47767049 -0.66711823
vt -0.87162229 -0.66711823
vt 0.51957139 -0.66711823
vt -0.85275275 -0.66711823
vt 0.47767049 -0.66711823
vt -0.85275275 -0.66711823
vt 0.51957139 -0.66711823
vt -0.44497296 -0.66711823
vt 0.47767049 -0.66711823
vt -0.44497296 -0.66711823
vt 0.51957139 -0.66711823
vt -0.42610342 -0.66711823
vt 0.47767049 -0.66711823
vt -0.42610342 -0.66711823
vt 0.51957139 -0.66711823
vt -0.86989103 -0.6648625
vt 0.47767049 -0.6648625
vt -0.86989103 -0.6648625
vt 0.51957139 -0.6648625
vt -0.85448401 -0.6648625
vt 0.47767049 -0.6648625
vt -0.85448401 -0.6648625
vt 0.51957139 -0.6648625
vt -0.4432417 -0.6648625
vt 0.47767049 -0.6648625
vt -0.4432417 -0.6648625
vt 0.51957139 -0.6648625
vt -0.42783468 -0.6648625
vt 0.47767049 -0.6648625
vt -0.42783468 -0.6648625
vt 0.51957139 -0.6648625
vt -0.86763479 -0.66313124
vt 0.47767049 -0.66313124
vt -0.86763479 -0.66313124
vt 0.51957139 -0.66313124
vt -0.85674024 -0.66313124
vt 0.47767049 -0.66313124
vt -0.85674024 -0.66313124
vt 0.51957139 -0.66313124
vt -0.44098496 -0.66313124
vt 0.47767049 -0.66313124
vt -0.44098496 -0.66313124
vt 0.51957139 -0.66313124
vt -0.43009091 -0.66313124
vt 0.47767049 -0.66313124
vt -0.43009091 -0.66313124
vt 0.51957139 -0.66313124
vt -0.86500743 -0.66204233
vt 0.47767049 -0.66204233
vt -0.86500743 -0.66204233
vt 0.51957139 -0.66204233
vt -0.8593681 -0.66204233
vt 0.47767049 -0.66204233
vt -0.8593681 -0.66204233
vt 0.51957139 -0.66204233
vt -0.4383576 -0.66204233
vt 0.47767049 -0.66204233
vt -0.4383576 -0.66204233
vt 0.51957139 -0.66204233
vt -0.43271827 -0.66204233
vt 0.47767049 -0.66204233
vt -0.43271827 -0.66204233
vt 0.51957139 -0.66204233
vt -0.86218777 -0.66167171
vt 0.47767049 -0.66167171
vt -0.86218777 -0.66167171
vt 0.51957139 -0.66167171
vt -0.43553794 -0.66167171
vt 0.47767049 -0.66167171
vt -0.43553794 -0.66167171
vt 0.51957139 -0.66167171
vt 0.51957139 -0.65970069
vt 1.08837693 -0.65970069
vt -1.14928581 -0.59879188
vt 0.51957139 -0.59879188
vt -1.07433461 -0.59879188
vt -0.88167069 -0.59879188
vt -0.8249277 -0.59879188
vt -0.70761008 -0.59879188
vt -0.60816399 -0.59879188
vt -0.53995652 -0.59879188
vt -0.48856466 -0.59879188
vt -0.46100385 -0.59879188
vt -0.42706445 -0.59879188
vt -0.41677729 -0.59879188
vt -0.36724056 -0.59879188
vt -0.35615819 -0.59879188
vt -0.29330634 -0.59879188
vt -0.25999531 -0.59879188
vt -0.2331358 -0.59879188
vt -0.1947204 -0.59879188
vt 0.14744831 -0.59879188
vt 0.23313572 -0.59879188
vt 0.29330676 -0.59879188
vt 0.35615811 -0.59879188
vt 0.38560403 -0.59879188
vt 0.41188612 -0.59879188
vt 0.51936164 -0.59879188
vt 0.59260505 -0.59879188
vt 0.71052157 -0.59879188
vt 0.84441005 -0.59879188
vt 1.08837693 -0.59879188
vt 0.51957139 -0.59879188
vt 1.14928573 -0.59879188
vt 0.51957139 -0.55033957
vt 1.19773805 -0.55033957
vt 0.47767049 -0.53839756
vt 1.20968005 -0.53839756
vt -0.21486616 -0.53591206
vt 0.47767049 -0.53591206
vt -0.21486616 -0.53591206
vt 0.51957139 -0.53591206
vt 0.21486608 -0.53591206
vt 0.47767049 -0.53591206
vt 0.21486608 -0.53591206
vt 0.51957139 -0.53591206
vt -0.21931269 -0.53532665
vt 0.47767049 -0.53532665
vt -0.21931269 -0.53532665
vt 0.51957139 -0.53532665
vt -0.21042012 -0.53532665
vt 0.47767049 -0.53532665
vt -0.21042012 -0.53532665
vt 0.51957139 -0.53532665
vt 0.21042004 -0.53532665
vt 0.47767049 -0.53532665
vt 0.21042004 -0.53532665
vt 0.51957139 -0.53532665
vt 0.21931261 -0.53532665
vt 0.47767049 -0.53532665
vt 0.21931261 -0.53532665
vt 0.51957139 -0.53532665
vt -0.22345602 -0.53361037
vt 0.47767049 -0.53361037
vt -0.22345602 -0.53361037
vt 0.51957139 -0.53361037
vt -0.20627679 -0.53361037
vt 0.47767049 -0.53361037
vt -0.20627679 -0.53361037
vt 0.51957139 -0.53361037
vt 0.20627671 -0.53361037
vt 0.47767049 -0.53361037
vt 0.20627671 -0.53361037
vt 0.51957139 -0.53361037
vt 0.22345595 -0.53361037
vt 0.47767049 -0.53361037
vt 0.22345595 -0.53361037
vt 0.51957139 -0.53361037
vt -0.22701395 -0.53088112
vt 0.47767049 -0.53088112
vt -0.22701395 -0.53088112
vt 0.51957139 -0.53088112
vt -0.20271836 -0.53088112
vt 0.47767049 -0.53088112
vt -0.20271836 -0.53088112
vt 0.51957139 -0.53088112
vt 0.20271878 -0.53088112
vt 0.47767049 -0.53088112
vt 0.20271878 -0.53088112
vt 0.51957139 -0.53088112
vt 0.22701387 -0.53088112
vt 0.47767049 -0.53088112
vt 0.22701387 -0.53088112
vt 0.51957139 -0.53088112
vt -0.22974421 -0.52732269
vt 0.47767049 -0.52732269
vt -0.22974421 -0.52732269
vt 0.51957139 -0.52732269
vt -0.1999886 -0.52732269
vt 0.47767049 -0.52732269
vt -0.1999886 -0.52732269
vt 0.51957139 -0.52732269
vt 0.19998852 -0.52732269
vt 0.47767049 -0.52732269
vt 0.19998852 -0.52732269
vt 0.51957139 -0.52732269
vt 0.22974413 -0.52732269
vt 0.47767049 -0.52732269
vt 0.22974413 -0.52732269
vt 0.51957139 -0.52732269
vt -0.23146048 -0.52317985
vt 0.47767049 -0.52317985
vt -0.23146048 -0.52317985
vt 0.51957139 -0.52317985
vt -0.19827233 -0.52317985
vt 0.47767049 -0.52317985
vt -0.19827233 -0.52317985
vt 0.51957139 -0.52317985
vt 0.19827225 -0.52317985
vt 0.47767049 -0.52317985
vt 0.19827225 -0.52317985
vt 0.51957139 -0.52317985
vt 0.2314604 -0.52317985
vt 0.47767049 -0.52317985
vt 0.2314604 -0.52317985
vt 0.51957139 -0.52317985
vt -1.228716 -0.51936169
vt 0.51957139 -0.51936169
vt -1.07433461 -0.51936169
vt -0.88167069 -0.51936169
vt -0.8249277 -0.51936169
vt -0.70761008 -0.51936169
vt -0.60816399 -0.51936169
vt -0.53995652 -0.51936169
vt -0.48856466 -0.51936169
vt -0.46100385 -0.51936169
vt -0.42706445 -0.51936169
vt -0.41677729 -0.51936169
vt -0.36724056 -0.51936169
vt -0.35615819 -0.51936169
vt -0.29330634 -0.51936169
vt -0.25999531 -0.51936169
vt -0.2331358 -0.51936169
vt -0.1947204 -0.51936169
vt 0.14744831 -0.51936169
vt 0.23313572 -0.51936169
vt 0.29330676 -0.51936169
vt 0.35615811 -0.51936169
vt 0.38560403 -0.51936169
vt 0.41188612 -0.51936169
vt 0.51936164 -0.51936169
vt 0.59260505 -0.51936169
vt 0.71052157 -0.51936169
vt 0.84441005 -0.51936169
vt 1.08837693 -0.51936169
vt 1.19773805 -0.51936169
vt 0.51957139 -0.51936169
vt 1.22871592 -0.51936169
vt -0.23204589 -0.51873332
vt 0.47767049 -0.51873332
vt -0.23204589 -0.51873332
vt 0.51957139 -0.51873332
vt -0.19768692 -0.51873332
vt 0.47767049 -0.51873332
vt -0.19768692 -0.51873332
vt 0.51957139 -0.51873332
vt 0.19768684 -0.51873332
vt 0.47767049 -0.51873332
vt 0.19768684 -0.51873332
vt 0.51957139 -0.51873332
vt 0.23204581 -0.51873332
vt 0.47767049 -0.51873332
vt 0.23204581 -0.51873332
vt 0.51957139 -0.51873332
vt -0.23146048 -0.51428679
vt 0.47767049 -0.51428679
vt -0.23146048 -0.51428679
vt 0.51957139 -0.51428679
vt -0.19827233 -0.51428679
vt 0.47767049 -0.51428679
vt -0.19827233 -0.51428679
vt 0.51957139 -0.51428679
vt 0.19827225 -0.51428679
vt 0.47767049 -0.51428679
vt 0.19827225 -0.51428679
vt 0.51957139 -0.51428679
vt 0.2314604 -0.51428679
vt 0.47767049 -0.51428679
vt 0.2314604 -0.51428679
vt 0.51957139 -0.51428679
vt -1.2360776 -0.51200009
vt 0.47767049 -0.51200009
vt -1.2360776 -0.51200009
vt 0.51957139 -0.51200009
vt 0.47767049 -0.51200009
vt 1.23607752 -0.51200009
vt 0.51957139 -0.51200009
vt 1.23607752 -0.51200009
vt -0.22974421 -0.51014295
vt 0.47767049 -0.51014295
vt -0.22974421 -0.51014295
vt 0.51957139 -0.51014295
vt -0.1999886 -0.51014295
vt 0.47767049 -0.51014295
vt -0.1999886 -0.51014295
vt 0.51957139 -0.51014295
vt 0.19998852 -0.51014295
vt 0.47767049 -0.51014295
vt 0.19998852 -0.51014295
vt 0.51957139 -0.51014295
vt 0.22974413 -0.51014295
vt 0.47767049 -0.51014295
vt 0.22974413 -0.51014295
vt 0.51957139 -0.51014295
vt -0.22701395 -0.50658553
vt 0.47767049 -0.50658553
vt -0.22701395 -0.50658553
vt 0.51957139 -0.50658553
vt -0.20271836 -0.50658553
vt 0.47767049 -0.50658553
vt -0.20271836 -0.50658553
vt 0.51957139 -0.50658553
vt 0.20271878 -0.50658553
vt 0.47767049 -0.50658553
vt 0.20271878 -0.50658553
vt 0.51957139 -0.50658553
vt 0.22701387 -0.50658553
vt 0.47767049 -0.50658553
vt 0.22701387 -0.50658553
vt 0.51957139 -0.50658553
vt -0.22345602 -0.50385527
vt 0.47767049 -0.50385527
vt -0.22345602 -0.50385527
vt 0.51957139 -0.50385527
vt -0.20627679 -0.50385527
vt 0.47767049 -0.50385527
vt -0.20627679 -0.50385527
vt 0.51957139 -0.50385527
vt 0.20627671 -0.50385527
vt 0.47767049 -0.50385527
vt 0.20627671 -0.50385527
vt 0.51957139 -0.50385527
vt 0.22345595 -0.50385527
vt 0.47767049 -0.50385527
vt 0.22345595 -0.50385527
vt 0.51957139 -0.50385527
vt -0.21931269 -0.50213899
vt 0.47767049 -0.50213899
vt -0.21931269 -0.50213899
vt 0.51957139 -0.50213899
vt -0.21042012 -0.50213899
vt 0.47767049 -0.50213899
vt -0.21042012 -0.50213899
vt 0.51957139 -0.50213899
vt 0.21042004 -0.50213899
vt 0.47767049 -0.50213899
vt 0.21042004 -0.50213899
vt 0.51957139 -0.50213899
vt 0.21931261 -0.50213899
vt 0.47767049 -0.50213899
vt 0.21931261 -0.50213899
vt 0.51957139 -0.50213899
vt -0.21486616 -0.50155358
vt 0.47767049 -0.50155358
vt -0.21486616 -0.50155358
vt 0.51957139 -0.50155358
vt 0.21486608 -0.50155358
vt 0.47767049 -0.50155358
vt 0.21486608 -0.50155358
vt 0.51957139 -0.50155358
vt -0.04639343 -0.50066647
vt -0.04639343 0.47767049
vt -0.04639343 -0.50066647
vt -0.04639343 0.51957139
vt 0.04639335 -0.50066647
vt 0.04639335 0.47767049
vt 0.04639335 -0.50066647
vt 0.04639335 0.51957139
vt -1.2360776 -0.50050663
vt 0.47767049 -0.50050663
vt -1.06239311 -0.50050663
vt -0.88167069 -0.50050663
vt -0.8249277 -0.50050663
vt -0.70761008 -0.50050663
vt -0.60816399 -0.50050663
vt -0.53995652 -0.50050663
vt -0.50050666 -0.50050663
vt -0.3999447 -0.50050663
vt -0.36724056 -0.50050663
vt -0.35615819 -0.50050663
vt -0.29330634 -0.50050663
vt -0.25999531 -0.50050663
vt -0.2331358 -0.50050663
vt -0.1947204 -0.50050663
vt 0.14744831 -0.50050663
vt 0.23313572 -0.50050663
vt 0.29330676 -0.50050663
vt 0.35615811 -0.50050663
vt 0.38560403 -0.50050663
vt 0.39994462 -0.50050663
vt 0.51936164 -0.50050663
vt 0.59260505 -0.50050663
vt 0.71052157 -0.50050663
vt 0.84441005 -0.50050663
vt 1.07643492 -0.50050663
vt 1.20968005 -0.50050663
vt 0.47767049 -0.50050663
vt 1.23607752 -0.50050663
vt -1.16484617 -0.49945969
vt 1.16484609 -0.49945969
vt -1.17699247 -0.49786029
vt -1.15269988 -0.49786029
vt 1.1527003 -0.49786029
vt 1.17699189 -0.49786029
vt -1.1883106 -0.493172
vt -1.14138175 -0.493172
vt 1.14138167 -0.493172
vt 1.18831052 -0.493172
vt -1.19802983 -0.4857145
vt -1.13166251 -0.4857145
vt 1.13166243 -0.4857145
vt 1.19802975 -0.4857145
vt 0.13138845 -0.48534187
vt 0.13138845 0.47767049
vt -1.2360776 -0.48479742
vt 0.47767049 -0.48479742
vt -1.06239311 -0.48479742
vt -0.88167069 -0.48479742
vt -0.8249277 -0.48479742
vt -0.70761008 -0.48479742
vt -0.60816399 -0.48479742
vt -0.53995652 -0.48479742
vt -0.50050666 -0.48479742
vt -0.3999447 -0.48479742
vt -0.36724056 -0.48479742
vt -0.35615819 -0.48479742
vt -0.29330634 -0.48479742
vt -0.25999531 -0.48479742
vt -0.2331358 -0.48479742
vt -0.1947204 -0.48479742
vt 0.14744831 -0.48479742
vt 0.23313572 -0.48479742
vt 0.29330676 -0.48479742
vt 0.35615811 -0.48479742
vt 0.38560403 -0.48479742
vt 0.39994462 -0.48479742
vt 0.51936164 -0.48479742
vt 0.59260505 -0.48479742
vt 0.71052157 -0.48479742
vt 0.84441005 -0.48479742
vt 1.07643492 -0.48479742
vt 1.20968005 -0.48479742
vt 0.47767049 -0.48479742
vt 1.23607752 -0.48479742
vt -0.13760079 -0.4836166
vt -0.13760079 0.47767049
vt -0.13760079 -0.4836166
vt -0.13760079 0.51957139
vt 0.13760071 -0.4836166
vt 0.13760071 0.47767049
vt 0.13760071 -0.4836166
vt 0.13760071 0.51957139
vt -1.20548784 -0.47599426
vt -1.12420451 -0.47599426
vt 1.12420393 -0.47599426
vt 1.20548826 -0.47599426
vt -1.16484617 -0.47557568
vt 0.5015535 -0.47557568
vt -1.16484617 -0.47557568
vt 0.51957139 -0.47557568
vt 0.5015535 -0.47557568
vt 1.16484609 -0.47557568
vt 0.51957139 -0.47557568
vt 1.16484609 -0.47557568
vt -1.17081068 -0.47479047
vt 0.5015535 -0.47479047
vt -1.17081068 -0.47479047
vt 0.51957139 -0.47479047
vt -1.15888167 -0.47479047
vt 0.5015535 -0.47479047
vt -1.15888167 -0.47479047
vt 0.51957139 -0.47479047
vt 0.5015535 -0.47479047
vt 1.15888109 -0.47479047
vt 0.51957139 -0.47479047
vt 1.15888109 -0.47479047
vt 0.5015535 -0.47479047
vt 1.1708111 -0.47479047
vt 0.51957139 -0.47479047
vt 1.1708111 -0.47479047
vt -1.2360776 -0.47285542
vt 0.51957139 -0.47285542
vt -1.07433461 -0.47285542
vt -0.88167069 -0.47285542
vt -0.8249277 -0.47285542
vt -0.70761008 -0.47285542
vt -0.60816399 -0.47285542
vt -0.53995652 -0.47285542
vt -0.48856466 -0.47285542
vt -0.46100385 -0.47285542
vt -0.42706445 -0.47285542
vt -0.41677729 -0.47285542
vt -0.36724056 -0.47285542
vt -0.35615819 -0.47285542
vt -0.29330634 -0.47285542
vt -0.25999531 -0.47285542
vt -0.2331358 -0.47285542
vt -0.1947204 -0.47285542
vt 0.23313572 -0.47285542
vt 0.29330676 -0.47285542
vt 0.35615811 -0.47285542
vt 0.38560403 -0.47285542
vt 0.41188612 -0.47285542
vt 0.51936164 -0.47285542
vt 0.59260505 -0.47285542
vt 0.71052157 -0.47285542
vt 0.84441005 -0.47285542
vt 1.08837693 -0.47285542
vt 1.19773805 -0.47285542
vt 0.51957139 -0.47285542
vt 1.23607752 -0.47285542
vt -1.1763691 -0.47248779
vt 0.5015535 -0.47248779
vt -1.1763691 -0.47248779
vt 0.51957139 -0.47248779
vt -1.15332325 -0.47248779
vt 0.5015535 -0.47248779
vt -1.15332325 -0.47248779
vt 0.51957139 -0.47248779
vt 0.5015535 -0.47248779
vt 1.15332367 -0.47248779
vt 0.51957139 -0.47248779
vt 1.15332367 -0.47248779
vt 0.5015535 -0.47248779
vt 1.17636852 -0.47248779
vt 0.51957139 -0.47248779
vt 1.17636852 -0.47248779
vt -0.6488626 -0.47013515
vt 0.47767049 -0.47013515
vt -0.6488626 -0.47013515
vt 0.51957139 -0.47013515
vt -0.65168227 -0.46976352
vt 0.47767049 -0.46976352
vt -0.65168227 -0.46976352
vt 0.51957139 -0.46976352
vt -0.64604293 -0.46976352
vt 0.47767049 -0.46976352
vt -0.64604293 -0.46976352
vt 0.51957139 -0.46976352
vt -1.1811418 -0.46882547
vt 0.5015535 -0.46882547
vt -1.1811418 -0.46882547
vt 0.51957139 -0.46882547
vt -1.14855055 -0.46882547
vt 0.5015535 -0.46882547
vt -1.14855055 -0.46882547
vt 0.51957139 -0.46882547
vt 0.5015535 -0.46882547
vt 1.14855047 -0.46882547
vt 0.51957139 -0.46882547
vt 1.14855047 -0.46882547
vt 0.5015535 -0.46882547
vt 1.18114172 -0.46882547
vt 0.51957139 -0.46882547
vt 1.18114172 -0.46882547
vt -0.65431013 -0.46867562
vt 0.47767049 -0.46867562
vt -0.65431013 -0.46867562
vt 0.51957139 -0.46867562
vt -0.64341557 -0.46867562
vt 0.47767049 -0.46867562
vt -0.64341557 -0.46867562
vt 0.51957139 -0.46867562
vt -0.65656636 -0.46694436
vt 0.47767049 -0.46694436
vt -0.65656636 -0.46694436
vt 0.51957139 -0.46694436
vt -0.64115934 -0.46694436
vt 0.47767049 -0.46694436
vt -0.64115934 -0.46694436
vt 0.51957139 -0.46694436
vt -0.65829762 -0.46468762
vt 0.47767049 -0.46468762
vt -0.65829762 -0.46468762
vt 0.51957139 -0.46468762
vt -0.63942808 -0.46468762
vt 0.47767049 -0.46468762
vt -0.63942808 -0.46468762
vt 0.51957139 -0.46468762
vt -1.21017613 -0.46467663
vt -1.11951622 -0.46467663
vt 1.11951664 -0.46467663
vt 1.21017655 -0.46467663
vt -1.18480412 -0.46405326
vt 0.5015535 -0.46405326
vt -1.18480412 -0.46405326
vt 0.51957139 -0.46405326
vt -1.14488823 -0.46405326
vt 0.5015535 -0.46405326
vt -1.14488823 -0.46405326
vt 0.51957139 -0.46405326
vt 0.5015535 -0.46405326
vt 1.14488815 -0.46405326
vt 0.51957139 -0.46405326
vt 1.14488815 -0.46405326
vt 0.5015535 -0.46405326
vt 1.18480404 -0.46405326
vt 0.51957139 -0.46405326
vt 1.18480404 -0.46405326
vt -0.65938603 -0.46206026
vt 0.47767049 -0.46206026
vt -0.65938603 -0.46206026
vt 0.51957139 -0.46206026
vt -0.63833967 -0.46206026
vt 0.47767049 -0.46206026
vt -0.63833967 -0.46206026
vt 0.51957139 -0.46206026
vt -0.8811657 -0.46091042
vt 0.47767049 -0.46091042
vt -0.8811657 -0.46091042
vt 0.51957139 -0.46091042
vt -0.65975716 -0.4592411
vt 0.47767049 -0.4592411
vt -0.65975716 -0.4592411
vt 0.51957139 -0.4592411
vt -0.63796855 -0.4592411
vt 0.47767049 -0.4592411
vt -0.63796855 -0.4592411
vt 0.51957139 -0.4592411
vt -1.18710631 -0.45849485
vt 0.5015535 -0.45849485
vt -1.18710631 -0.45849485
vt 0.51957139 -0.45849485
vt -1.14258604 -0.45849485
vt 0.5015535 -0.45849485
vt -1.14258604 -0.45849485
vt 0.51957139 -0.45849485
vt 0.5015535 -0.45849485
vt 1.14258546 -0.45849485
vt 0.51957139 -0.45849485
vt 1.14258546 -0.45849485
vt 0.5015535 -0.45849485
vt 1.18710673 -0.45849485
vt 0.51957139 -0.45849485
vt 1.18710673 -0.45849485
vt -0.91370001 -0.45662672
vt 0.47767049 -0.45662672
vt -0.91370001 -0.45662672
vt 0.51957139 -0.45662672
vt -0.84863139 -0.45662672
vt 0.47767049 -0.45662672
vt -0.84863139 -0.45662672
vt 0.51957139 -0.45662672
vt -0.65938603 -0.45642093
vt 0.47767049 -0.45642093
vt -0.65938603 -0.45642093
vt 0.51957139 -0.45642093
vt -0.63833967 -0.45642093
vt 0.47767049 -0.45642093
vt -0.63833967 -0.45642093
vt 0.51957139 -0.45642093
vt -0.65829762 -0.45379357
vt 0.47767049 -0.45379357
vt -0.65829762 -0.45379357
vt 0.51957139 -0.45379357
vt -0.63942808 -0.45379357
vt 0.47767049 -0.45379357
vt -0.63942808 -0.45379357
vt 0.51957139 -0.45379357
vt -1.21177502 -0.45252984
vt -1.18789152 -0.45252984
vt 0.5015535 -0.45252984
vt -1.18789152 -0.45252984
vt 0.51957139 -0.45252984
vt -1.14180083 -0.45252984
vt 0.5015535 -0.45252984
vt -1.14180083 -0.45252984
vt 0.51957139 -0.45252984
vt -1.11791732 -0.45252984
vt 1.11791724 -0.45252984
vt 0.5015535 -0.45252984
vt 1.14180025 -0.45252984
vt 0.51957139 -0.45252984
vt 1.14180025 -0.45252984
vt 0.5015535 -0.45252984
vt 1.18789194 -0.45252984
vt 0.51957139 -0.45252984
vt 1.18789194 -0.45252984
vt 1.21177494 -0.45252984
vt -0.65656636 -0.45153784
vt 0.47767049 -0.45153784
vt -0.65656636 -0.45153784
vt 0.51957139 -0.45153784
vt -0.64115934 -0.45153784
vt 0.47767049 -0.45153784
vt -0.64115934 -0.45153784
vt 0.51957139 -0.45153784
vt -0.22412236 -0.45009828
vt -0.22412236 0.47767049
vt -0.22412236 -0.45009828
vt -0.22412236 0.51957139
vt 0.22412228 -0.45009828
vt 0.22412228 0.47767049
vt 0.22412228 -0.45009828
vt 0.22412228 0.51957139
vt -0.65431013 -0.44980657
vt 0.47767049 -0.44980657
vt -0.65431013 -0.44980657
vt 0.51957139 -0.44980657
vt -0.64341557 -0.44980657
vt 0.47767049 -0.44980657
vt -0.64341557 -0.44980657
vt 0.51957139 -0.44980657
vt -0.65168227 -0.44871767
vt 0.47767049 -0.44871767
vt -0.65168227 -0.44871767
vt 0.51957139 -0.44871767
vt -0.64604293 -0.44871767
vt 0.47767049 -0.44871767
vt -0.64604293 -0.44871767
vt 0.51957139 -0.44871767
vt -0.6488626 -0.44834704
vt 0.47767049 -0.44834704
vt -0.6488626 -0.44834704
vt 0.51957139 -0.44834704
vt -1.18710631 -0.44656583
vt 0.5015535 -0.44656583
vt -1.18710631 -0.44656583
vt 0.51957139 -0.44656583
vt -1.14258604 -0.44656583
vt 0.5015535 -0.44656583
vt -1.14258604 -0.44656583
vt 0.51957139 -0.44656583
vt 0.5015535 -0.44656583
vt 1.14258546 -0.44656583
vt 0.51957139 -0.44656583
vt 1.14258546 -0.44656583
vt 0.5015535 -0.44656583
vt 1.18710673 -0.44656583
vt 0.51957139 -0.44656583
vt 1.18710673 -0.44656583
vt -0.5611802 -0.445399
vt 0.47767049 -0.445399
vt -0.5611802 -0.445399
vt 0.51957139 -0.445399
vt -0.23359384 -0.44525615
vt -0.23359384 0.47767049
vt -0.23359384 -0.44525615
vt -0.23359384 0.51957139
vt 0.23359376 -0.44525615
vt 0.23359376 0.51957139
vt -0.56562623 -0.44481359
vt 0.47767049 -0.44481359
vt -0.56562623 -0.44481359
vt 0.51957139 -0.44481359
vt -0.55673367 -0.44481359
vt 0.47767049 -0.44481359
vt -0.55673367 -0.44481359
vt 0.51957139 -0.44481359
vt -0.94401755 -0.44406934
vt 0.47767049 -0.44406934
vt -0.94401755 -0.44406934
vt 0.51957139 -0.44406934
vt -0.81831435 -0.44406934
vt 0.47767049 -0.44406934
vt -0.81831435 -0.44406934
vt 0.51957139 -0.44406934
vt -0.56976957 -0.44309732
vt 0.47767049 -0.44309732
vt -0.56976957 -0.44309732
vt 0.51957139 -0.44309732
vt -0.55259033 -0.44309732
vt 0.47767049 -0.44309732
vt -0.55259033 -0.44309732
vt 0.51957139 -0.44309732
vt -1.18480412 -0.44100742
vt 0.5015535 -0.44100742
vt -1.18480412 -0.44100742
vt 0.51957139 -0.44100742
vt -1.14488823 -0.44100742
vt 0.5015535 -0.44100742
vt -1.14488823 -0.44100742
vt 0.51957139 -0.44100742
vt 0.5015535 -0.44100742
vt 1.14488815 -0.44100742
vt 0.51957139 -0.44100742
vt 1.14488815 -0.44100742
vt 0.5015535 -0.44100742
vt 1.18480404 -0.44100742
vt 0.51957139 -0.44100742
vt 1.18480404 -0.44100742
vt -1.21017613 -0.44038404
vt -1.11951622 -0.44038404
vt 1.11951664 -0.44038404
vt 1.21017655 -0.44038404
vt -0.5733275 -0.44036706
vt 0.47767049 -0.44036706
vt -0.5733275 -0.44036706
vt 0.51957139 -0.44036706
vt -0.54903241 -0.44036706
vt 0.47767049 -0.44036706
vt -0.54903241 -0.44036706
vt 0.51957139 -0.44036706
vt -0.57605775 -0.43680963
vt 0.47767049 -0.43680963
vt -0.57605775 -0.43680963
vt 0.51957139 -0.43680963
vt -0.54630215 -0.43680963
vt 0.47767049 -0.43680963
vt -0.54630215 -0.43680963
vt 0.51957139 -0.43680963
vt -1.1811418 -0.43623421
vt 0.5015535 -0.43623421
vt -1.1811418 -0.43623421
vt 0.51957139 -0.43623421
vt -1.14855055 -0.43623421
vt 0.5015535 -0.43623421
vt -1.14855055 -0.43623421
vt 0.51957139 -0.43623421
vt 0.5015535 -0.43623421
vt 1.14855047 -0.43623421
vt 0.51957139 -0.43623421
vt 1.14855047 -0.43623421
vt 0.5015535 -0.43623421
vt 1.18114172 -0.43623421
vt 0.51957139 -0.43623421
vt 1.18114172 -0.43623421
vt -0.57777403 -0.4326658
vt 0.47767049 -0.4326658
vt -0.57777403 -0.4326658
vt 0.51957139 -0.4326658
vt -0.54458587 -0.4326658
vt 0.47767049 -0.4326658
vt -0.54458587 -0.4326658
vt 0.51957139 -0.4326658
vt -1.1763691 -0.43257189
vt 0.5015535 -0.43257189
vt -1.1763691 -0.43257189
vt 0.51957139 -0.43257189
vt -1.15332325 -0.43257189
vt 0.5015535 -0.43257189
vt -1.15332325 -0.43257189
vt 0.51957139 -0.43257189
vt 0.5015535 -0.43257189
vt 1.15332367 -0.43257189
vt 0.51957139 -0.43257189
vt 1.15332367 -0.43257189
vt 0.5015535 -0.43257189
vt 1.17636852 -0.43257189
vt 0.51957139 -0.43257189
vt 1.17636852 -0.43257189
vt -1.17081068 -0.4302702
vt 0.5015535 -0.4302702
vt -1.17081068 -0.4302702
vt 0.51957139 -0.4302702
vt -1.15888167 -0.4302702
vt 0.5015535 -0.4302702
vt -1.15888167 -0.4302702
vt 0.51957139 -0.4302702
vt 0.5015535 -0.4302702
vt 1.15888109 -0.4302702
vt 0.51957139 -0.4302702
vt 1.15888109 -0.4302702
vt 0.5015535 -0.4302702
vt 1.1708111 -0.4302702
vt 0.51957139 -0.4302702
vt 1.1708111 -0.4302702
vt -0.26111519 -0.42969478
vt -0.26111519 0.47767049
vt -0.26111519 -0.42969478
vt -0.26111519 0.51957139
vt -1.16484617 -0.42948499
vt 0.5015535 -0.42948499
vt -1.16484617 -0.42948499
vt 0.51957139 -0.42948499
vt 0.5015535 -0.42948499
vt 1.16484609 -0.42948499
vt 0.51957139 -0.42948499
vt 1.16484609 -0.42948499
vt -1.20548784 -0.42906541
vt -1.12420451 -0.42906541
vt 1.12420393 -0.42906541
vt 1.20548826 -0.42906541
vt -0.57835944 -0.42821926
vt 0.47767049 -0.42821926
vt -0.57835944 -0.42821926
vt 0.51957139 -0.42821926
vt -0.54400046 -0.42821926
vt 0.47767049 -0.42821926
vt -0.54400046 -0.42821926
vt 0.51957139 -0.42821926
vt -0.97005139 -0.42409241
vt 0.47767049 -0.42409241
vt -0.97005139 -0.42409241
vt 0.51957139 -0.42409241
vt -0.7922805 -0.42409241
vt 0.47767049 -0.42409241
vt -0.7922805 -0.42409241
vt 0.51957139 -0.42409241
vt -0.57777403 -0.42377273
vt 0.47767049 -0.42377273
vt -0.57777403 -0.42377273
vt 0.51957139 -0.42377273
vt -0.54458587 -0.42377273
vt 0.47767049 -0.42377273
vt -0.54458587 -0.42377273
vt 0.51957139 -0.42377273
vt -0.27338286 -0.42199652
vt -0.27338286 0.51957139
vt 0.27338278 -0.42199652
vt 0.27338278 0.51957139
vt -1.2360776 -0.42026226
vt 0.51957139 -0.42026226
vt -1.07433461 -0.42026226
vt -0.70761008 -0.42026226
vt -0.60816399 -0.42026226
vt -0.53995652 -0.42026226
vt -0.48856466 -0.42026226
vt -0.46100385 -0.42026226
vt -0.42706445 -0.42026226
vt -0.41677729 -0.42026226
vt -0.36724056 -0.42026226
vt -0.35615819 -0.42026226
vt -0.29330634 -0.42026226
vt 0.29330676 -0.42026226
vt 0.35615811 -0.42026226
vt 0.38560403 -0.42026226
vt 0.41188612 -0.42026226
vt 0.51936164 -0.42026226
vt 0.59260505 -0.42026226
vt 0.71052157 -0.42026226
vt 0.84441005 -0.42026226
vt 1.08837693 -0.42026226
vt 1.19773805 -0.42026226
vt 0.51957139 -0.42026226
vt 1.23607752 -0.42026226
vt -0.57605775 -0.41962989
vt 0.47767049 -0.41962989
vt -0.57605775 -0.41962989
vt 0.51957139 -0.41962989
vt -0.54630215 -0.41962989
vt 0.47767049 -0.41962989
vt -0.54630215 -0.41962989
vt 0.51957139 -0.41962989
vt -1.19802983 -0.41934618
vt -1.13166251 -0.41934618
vt 1.13166243 -0.41934618
vt 1.19802975 -0.41934618
vt -0.5733275 -0.41607147
vt 0.47767049 -0.41607147
vt -0.5733275 -0.41607147
vt 0.51957139 -0.41607147
vt -0.54903241 -0.41607147
vt 0.47767049 -0.41607147
vt -0.54903241 -0.41607147
vt 0.51957139 -0.41607147
vt -0.56976957 -0.41334121
vt 0.47767049 -0.41334121
vt -0.56976957 -0.41334121
vt 0.51957139 -0.41334121
vt -0.55259033 -0.41334121
vt 0.47767049 -0.41334121
vt -0.55259033 -0.41334121
vt 0.51957139 -0.41334121
vt -1.1883106 -0.41188867
vt -1.14138175 -0.41188867
vt 1.14138167 -0.41188867
vt 1.18831052 -0.41188867
vt -0.56562623 -0.41162494
vt 0.47767049 -0.41162494
vt -0.56562623 -0.41162494
vt 0.51957139 -0.41162494
vt -0.55673367 -0.41162494
vt 0.47767049 -0.41162494
vt -0.55673367 -0.41162494
vt 0.51957139 -0.41162494
vt -0.5611802 -0.41104052
vt 0.47767049 -0.41104052
vt -0.5611802 -0.41104052
vt 0.51957139 -0.41104052
vt -0.29379435 -0.40804853
vt -0.29379435 0.47767049
vt -0.29379435 -0.40804853
vt -0.29379435 0.51957139
vt 0.29379427 -0.40804853
vt 0.29379427 0.51957139
vt -1.17699247 -0.40720038
vt -1.15269988 -0.40720038
vt 1.1527003 -0.40720038
vt 1.17699189 -0.40720038
vt -1.16484617 -0.40560099
vt 1.16484609 -0.40560099
vt -0.30301159 -0.40125236
vt -0.30301159 0.47767049
vt -0.30301159 -0.40125236
vt -0.30301159 0.51957139
vt 0.30301151 -0.40125236
vt 0.30301151 0.47767049
vt 0.30301151 -0.40125236
vt 0.30301151 0.51957139
vt -0.30486873 -0.39984278
vt -0.30486873 0.51957139
vt -1.2360776 -0.39968793
vt 0.51957139 -0.39968793
vt -1.07433461 -0.39968793
vt -0.70761008 -0.39968793
vt -0.60816399 -0.39968793
vt -0.53995652 -0.39968793
vt -0.48856466 -0.39968793
vt -0.46100385 -0.39968793
vt -0.42706445 -0.39968793
vt -0.41677729 -0.39968793
vt -0.36724056 -0.39968793
vt -0.35615819 -0.39968793
vt 0.35615811 -0.39968793
vt 0.38560403 -0.39968793
vt 0.41188612 -0.39968793
vt 0.51936164 -0.39968793
vt 0.59260505 -0.39968793
vt 0.71052157 -0.39968793
vt 0.84441005 -0.39968793
vt 1.08837693 -0.39968793
vt 1.19773805 -0.39968793
vt 0.51957139 -0.39968793
vt 1.23607752 -0.39968793
vt -0.99002782 -0.39805857
vt 0.47767049 -0.39805857
vt -0.99002782 -0.39805857
vt 0.51957139 -0.39805857
vt -0.77230408 -0.39805857
vt 0.47767049 -0.39805857
vt -0.77230408 -0.39805857
vt 0.51957139 -0.39805857
vt -0.30808 -0.39737426
vt -0.30808 0.47767049
vt -1.2360776 -0.39696866
vt 0.47767049 -0.39696866
vt -1.06239311 -0.39696866
vt -0.70761008 -0.39696866
vt -0.60816399 -0.39696866
vt -0.53995652 -0.39696866
vt -0.50050666 -0.39696866
vt -0.3999447 -0.39696866
vt -0.36724056 -0.39696866
vt -0.35615819 -0.39696866
vt 0.35615811 -0.39696866
vt 0.38560403 -0.39696866
vt 0.39994462 -0.39696866
vt 0.51936164 -0.39696866
vt 0.59260505 -0.39696866
vt 0.71052157 -0.39696866
vt 0.84441005 -0.39696866
vt 1.07643492 -0.39696866
vt 1.20968005 -0.39696866
vt 0.47767049 -0.39696866
vt 1.23607752 -0.39696866
vt 0.47767049 -0.38826441
vt 0.99061615 -0.38826441
vt 0.51957139 -0.38826441
vt 0.99061615 -0.38826441
vt 0.47767049 -0.38769898
vt 1.00032839 -0.38769898
vt 0.51957139 -0.38769898
vt 1.00032839 -0.38769898
vt 0.47767049 -0.38657511
vt 0.98103478 -0.38657511
vt 0.51957139 -0.38657511
vt 0.98103478 -0.38657511
vt 0.47767049 -0.38490878
vt 1.00964803 -0.38490878
vt 0.51957139 -0.38490878
vt 1.00964803 -0.38490878
vt 0.47767049 -0.38272198
vt 0.97210175 -0.38272198
vt 0.97210175 0.47767049
vt 0.51957139 -0.38272198
vt 0.97210175 -0.38272198
vt 0.97210175 0.51957139
vt 0.47767049 -0.38004467
vt 1.01807356 -0.38004467
vt 0.51957139 -0.38004467
vt 1.01807356 -0.38004467
vt 0.47767049 -0.37336838
vt 1.02515045 -0.37336838
vt 0.51957139 -0.37336838
vt 1.02515045 -0.37336838
vt -1.0025857 -0.36774203
vt 0.47767049 -0.36774203
vt -1.0025857 -0.36774203
vt 0.51957139 -0.36774203
vt -0.75974619 -0.36774203
vt 0.47767049 -0.36774203
vt -0.75974619 -0.36774203
vt 0.51957139 -0.36774203
vt 0.47767049 -0.36523954
vt 1.03049608 -0.36523954
vt 0.51957139 -0.36523954
vt 1.03049608 -0.36523954
vt 0.47767049 -0.35609773
vt 1.03382374 -0.35609773
vt 0.51957139 -0.35609773
vt 1.03382374 -0.35609773
vt -0.35716618 -0.35390893
vt -0.35716618 0.47767049
vt -0.35716618 -0.35390893
vt -0.35716618 0.51957139
vt 0.47767049 -0.34643444
vt 1.0349536 -0.34643444
vt 0.51957139 -0.34643444
vt 1.0349536 -0.34643444
vt -0.36758371 -0.34307581
vt -0.36758371 0.47767049
vt -0.36758371 -0.34307581
vt -0.36758371 0.51957139
vt -0.3715822 -0.33874217
vt -0.3715822 0.47767049
vt -0.3715822 -0.33874217
vt -0.3715822 0.51957139
vt 0.37158212 -0.33874217
vt 0.37158212 0.47767049
vt 0.37158212 -0.33874217
vt 0.37158212 0.51957139
vt -1.0068689 -0.33520772
vt 0.47767049 -0.33520772
vt -1.0068689 -0.33520772
vt 0.51957139 -0.33520772
vt -0.755463 -0.33520772
vt 0.47767049 -0.33520772
vt -0.755463 -0.33520772
vt 0.51957139 -0.33520772
vt -1.0025857 -0.30267341
vt 0.47767049 -0.30267341
vt -1.0025857 -0.30267341
vt 0.51957139 -0.30267341
vt -0.75974619 -0.30267341
vt 0.47767049 -0.30267341
vt -0.75974619 -0.30267341
vt 0.51957139 -0.30267341
vt -0.99002782 -0.27235587
vt 0.47767049 -0.27235587
vt -0.99002782 -0.27235587
vt 0.51957139 -0.27235587
vt -0.77230408 -0.27235587
vt 0.47767049 -0.27235587
vt -0.77230408 -0.27235587
vt 0.51957139 -0.27235587
vt -0.42749901 -0.26469556
vt -0.42749901 0.47767049
vt -0.42749901 -0.26469556
vt -0.42749901 0.51957139
vt 0.42749894 -0.26469556
vt 0.42749894 0.47767049
vt 0.42749894 -0.26469556
vt 0.42749894 0.51957139
vt -0.97005139 -0.24632202
vt 0.47767049 -0.24632202
vt -0.97005139 -0.24632202
vt 0.51957139 -0.24632202
vt -0.7922805 -0.24632202
vt 0.47767049 -0.24632202
vt -0.7922805 -0.24632202
vt 0.51957139 -0.24632202
vt -0.51873285 -0.23204537
vt 0.47767049 -0.23204537
vt -0.51873285 -0.23204537
vt 0.51957139 -0.23204537
vt 0.47767049 -0.23204537
vt 0.51873327 -0.23204537
vt 0.51873327 -0.23204537
vt 0.51957139 -0.23204537
vt -0.52317938 -0.23145996
vt 0.47767049 -0.23145996
vt -0.52317938 -0.23145996
vt 0.51957139 -0.23145996
vt -0.51428682 -0.23145996
vt 0.47767049 -0.23145996
vt -0.51428682 -0.23145996
vt 0.51957139 -0.23145996
vt 0.47767049 -0.23145996
vt 0.51428674 -0.23145996
vt 0.51428674 -0.23145996
vt 0.51957139 -0.23145996
vt 0.47767049 -0.23145996
vt 0.5231793 -0.23145996
vt 0.51957139 -0.23145996
vt 0.5231793 -0.23145996
vt -0.52732272 -0.22974368
vt 0.47767049 -0.22974368
vt -0.52732272 -0.22974368
vt 0.51957139 -0.22974368
vt -0.51014348 -0.22974368
vt 0.47767049 -0.22974368
vt -0.51014348 -0.22974368
vt 0.51957139 -0.22974368
vt 0.47767049 -0.22974368
vt 0.5101434 -0.22974368
vt 0.5101434 -0.22974368
vt 0.51957139 -0.22974368
vt 0.47767049 -0.22974368
vt 0.52732264 -0.22974368
vt 0.51957139 -0.22974368
vt 0.52732264 -0.22974368
vt -0.53088064 -0.22701342
vt 0.47767049 -0.22701342
vt -0.53088064 -0.22701342
vt 0.51957139 -0.22701342
vt -0.50658555 -0.22701342
vt 0.47767049 -0.22701342
vt -0.50658555 -0.22701342
vt 0.51957139 -0.22701342
vt 0.47767049 -0.22701342
vt 0.50658547 -0.22701342
vt 0.50658547 -0.22701342
vt 0.51957139 -0.22701342
vt 0.47767049 -0.22701342
vt 0.53088056 -0.22701342
vt 0.51957139 -0.22701342
vt 0.53088056 -0.22701342
vt -0.94401755 -0.22634609
vt 0.47767049 -0.22634609
vt -0.94401755 -0.22634609
vt 0.51957139 -0.22634609
vt -0.81831435 -0.22634609
vt 0.47767049 -0.22634609
vt -0.81831435 -0.22634609
vt 0.51957139 -0.22634609
vt -0.5336109 -0.223456
vt 0.47767049 -0.223456
vt -0.5336109 -0.223456
vt 0.51957139 -0.223456
vt -0.5038553 -0.223456
vt 0.47767049 -0.223456
vt -0.5038553 -0.223456
vt 0.51957139 -0.223456
vt 0.47767049 -0.223456
vt 0.50385522 -0.223456
vt 0.50385522 -0.223456
vt 0.51957139 -0.223456
vt 0.47767049 -0.223456
vt 0.53361082 -0.223456
vt 0.51957139 -0.223456
vt 0.53361082 -0.223456
vt -0.53532718 -0.21931216
vt 0.47767049 -0.21931216
vt -0.53532718 -0.21931216
vt 0.51957139 -0.21931216
vt -0.50213902 -0.21931216
vt 0.47767049 -0.21931216
vt -0.50213902 -0.21931216
vt 0.51957139 -0.21931216
vt 0.47767049 -0.21931216
vt 0.50213894 -0.21931216
vt 0.50213894 -0.21931216
vt 0.51957139 -0.21931216
vt 0.47767049 -0.21931216
vt 0.5353271 -0.21931216
vt 0.51957139 -0.21931216
vt 0.5353271 -0.21931216
vt -0.53591259 -0.21486663
vt 0.47767049 -0.21486663
vt -0.53591259 -0.21486663
vt 0.51957139 -0.21486663
vt -0.50155361 -0.21486663
vt 0.47767049 -0.21486663
vt -0.50155361 -0.21486663
vt 0.51957139 -0.21486663
vt 0.47767049 -0.21486663
vt 0.50155353 -0.21486663
vt 0.50155353 -0.21486663
vt 0.51957139 -0.21486663
vt 0.47767049 -0.21486663
vt 0.53591251 -0.21486663
vt 0.51957139 -0.21486663
vt 0.53591251 -0.21486663
vt -0.91370001 -0.21378771
vt 0.47767049 -0.21378771
vt -0.91370001 -0.21378771
vt 0.51957139 -0.21378771
vt -0.84863139 -0.21378771
vt 0.47767049 -0.21378771
vt -0.84863139 -0.21378771
vt 0.51957139 -0.21378771
vt -0.53532718 -0.2104201
vt 0.47767049 -0.2104201
vt -0.53532718 -0.2104201
vt 0.51957139 -0.2104201
vt -0.50213902 -0.2104201
vt 0.47767049 -0.2104201
vt -0.50213902 -0.2104201
vt 0.51957139 -0.2104201
vt 0.47767049 -0.2104201
vt 0.50213894 -0.2104201
vt 0.50213894 -0.2104201
vt 0.51957139 -0.2104201
vt 0.47767049 -0.2104201
vt 0.5353271 -0.2104201
vt 0.51957139 -0.2104201
vt 0.5353271 -0.2104201
vt -0.8811657 -0.20950501
vt 0.47767049 -0.20950501
vt -0.8811657 -0.20950501
vt 0.51957139 -0.20950501
vt 0.67024804 -0.20844708
vt 0.67024804 0.47767049
vt 0.67024804 -0.20844708
vt 0.67024804 0.51957139
vt -0.5336109 -0.20627626
vt 0.47767049 -0.20627626
vt -0.5336109 -0.20627626
vt 0.51957139 -0.20627626
vt -0.5038553 -0.20627626
vt 0.47767049 -0.20627626
vt -0.5038553 -0.20627626
vt 0.51957139 -0.20627626
vt 0.47767049 -0.20627626
vt 0.50385522 -0.20627626
vt 0.50385522 -0.20627626
vt 0.51957139 -0.20627626
vt 0.47767049 -0.20627626
vt 0.53361082 -0.20627626
vt 0.51957139 -0.20627626
vt 0.53361082 -0.20627626
vt -0.53088064 -0.20271883
vt 0.47767049 -0.20271883
vt -0.53088064 -0.20271883
vt 0.51957139 -0.20271883
vt -0.50658555 -0.20271883
vt 0.47767049 -0.20271883
vt -0.50658555 -0.20271883
vt 0.51957139 -0.20271883
vt 0.47767049 -0.20271883
vt 0.50658547 -0.20271883
vt 0.50658547 -0.20271883
vt 0.51957139 -0.20271883
vt 0.47767049 -0.20271883
vt 0.53088056 -0.20271883
vt 0.51957139 -0.20271883
vt 0.53088056 -0.20271883
vt 0.66167465 -0.20189266
vt 0.66167465 0.47767049
vt 0.66167465 -0.20189266
vt 0.66167465 0.51957139
vt -0.52732272 -0.19998858
vt 0.47767049 -0.19998858
vt -0.52732272 -0.19998858
vt 0.51957139 -0.19998858
vt -0.51014348 -0.19998858
vt 0.47767049 -0.19998858
vt -0.51014348 -0.19998858
vt 0.51957139 -0.19998858
vt 0.47767049 -0.19998858
vt 0.5101434 -0.19998858
vt 0.5101434 -0.19998858
vt 0.51957139 -0.19998858
vt 0.47767049 -0.19998858
vt 0.52732264 -0.19998858
vt 0.51957139 -0.19998858
vt 0.52732264 -0.19998858
vt -0.52317938 -0.1982723
vt 0.47767049 -0.1982723
vt -0.52317938 -0.1982723
vt 0.51957139 -0.1982723
vt -0.51428682 -0.1982723
vt 0.47767049 -0.1982723
vt -0.51428682 -0.1982723
vt 0.51957139 -0.1982723
vt 0.47767049 -0.1982723
vt 0.51428674 -0.1982723
vt 0.51428674 -0.1982723
vt 0.51957139 -0.1982723
vt 0.47767049 -0.1982723
vt 0.5231793 -0.1982723
vt 0.51957139 -0.1982723
vt 0.5231793 -0.1982723
vt -0.51873285 -0.19768689
vt 0.47767049 -0.19768689
vt -0.51873285 -0.19768689
vt 0.51957139 -0.19768689
vt 0.47767049 -0.19768689
vt 0.51873327 -0.19768689
vt 0.51873327 -0.19768689
vt 0.51957139 -0.19768689
vt 0.6550603 -0.19336623
vt 0.6550603 0.47767049
vt 0.6550603 -0.19336623
vt 0.6550603 0.51957139
vt 0.65084253 -0.18343321
vt 0.65084253 0.47767049
vt 0.65084253 -0.18343321
vt 0.65084253 0.51957139
vt -0.46885746 -0.18163602
vt -0.46885746 0.47767049
vt -0.46885746 -0.18163602
vt -0.46885746 0.51957139
vt 0.46885738 -0.18163602
vt 0.46885738 0.47767049
vt 0.46885738 -0.18163602
vt 0.46885738 0.51957139
vt 0.64930208 -0.17275294
vt 0.64930208 0.47767049
vt 0.64930208 -0.17275294
vt 0.64930208 0.51957139
vt 0.47767049 -0.16203271
vt 0.65053984 -0.16203271
vt 0.65053984 0.47767049
vt 0.51957139 -0.16203271
vt 0.65053984 -0.16203271
vt 0.65053984 0.51957139
vt -1.2360776 -0.14744837
vt 0.47767049 -0.14744837
vt -1.2360776 -0.14744837
vt 0.51957139 -0.14744837
vt -1.07433461 -0.14744837
vt -1.06239311 -0.14744837
vt -0.88167069 -0.14744837
vt -0.88167069 -0.14744837
vt -0.8249277 -0.14744837
vt -0.8249277 -0.14744837
vt -0.70761008 -0.14744837
vt -0.70761008 -0.14744837
vt -0.60816399 -0.14744837
vt -0.60816399 -0.14744837
vt -0.53995652 -0.14744837
vt -0.53995652 -0.14744837
vt -0.50050666 -0.14744837
vt -0.48856466 -0.14744837
vt 0.51936164 -0.14744837
vt 0.51936164 -0.14744837
vt 0.59260505 -0.14744837
vt 0.59260505 -0.14744837
vt 0.47767049 -0.14744837
vt 1.0349536 -0.14744837
vt 0.51957139 -0.14744837
vt 1.0349536 -0.14744837
vt 1.07643492 -0.14744837
vt 1.08837693 -0.14744837
vt 1.19773805 -0.14744837
vt 1.20968005 -0.14744837
vt 0.47767049 -0.14744837
vt 1.23607752 -0.14744837
vt 0.51957139 -0.14744837
vt 1.23607752 -0.14744837
vt -1.1941767 -0.09720984
vt 0.47767049 -0.09720984
vt -1.1941767 -0.09720984
vt 0.51957139 -0.09720984
vt 0.47767049 -0.09720984
vt 1.19417662 -0.09720984
vt 0.51957139 -0.09720984
vt 1.19417662 -0.09720984
vt -1.19764722 -0.0967533
vt 0.47767049 -0.0967533
vt -1.19764722 -0.0967533
vt 0.51957139 -0.0967533
vt -1.19070669 -0.0967533
vt 0.47767049 -0.0967533
vt -1.19070669 -0.0967533
vt 0.51957139 -0.0967533
vt 0.47767049 -0.0967533
vt 1.19070611 -0.0967533
vt 0.51957139 -0.0967533
vt 1.19070611 -0.0967533
vt 0.47767049 -0.0967533
vt 1.19764714 -0.0967533
vt 0.51957139 -0.0967533
vt 1.19764714 -0.0967533
vt -1.20088097 -0.09541365
vt 0.47767049 -0.09541365
vt -1.20088097 -0.09541365
vt 0.51957139 -0.09541365
vt -1.18747244 -0.09541365
vt 0.47767049 -0.09541365
vt -1.18747244 -0.09541365
vt 0.51957139 -0.09541365
vt 0.47767049 -0.09541365
vt 1.18747236 -0.09541365
vt 0.51957139 -0.09541365
vt 1.18747236 -0.09541365
vt 0.47767049 -0.09541365
vt 1.20088089 -0.09541365
vt 0.51957139 -0.09541365
vt 1.20088089 -0.09541365
vt -1.20365768 -0.09328279
vt 0.47767049 -0.09328279
vt -1.20365768 -0.09328279
vt 0.51957139 -0.09328279
vt -1.18469573 -0.09328279
vt 0.47767049 -0.09328279
vt -1.18469573 -0.09328279
vt 0.51957139 -0.09328279
vt 0.47767049 -0.09328279
vt 1.18469615 -0.09328279
vt 0.51957139 -0.09328279
vt 1.18469615 -0.09328279
vt 0.47767049 -0.09328279
vt 1.2036581 -0.09328279
vt 0.51957139 -0.09328279
vt 1.2036581 -0.09328279
vt -0.49424995 -0.09239168
vt -0.49424995 0.47767049
vt -0.49424995 -0.09239168
vt -0.49424995 0.51957139
vt 0.49424987 -0.09239168
vt 0.49424987 0.47767049
vt 0.49424987 -0.09239168
vt 0.49424987 0.51957139
vt -1.20578854 -0.09050558
vt 0.47767049 -0.09050558
vt -1.20578854 -0.09050558
vt 0.51957139 -0.09050558
vt -1.18256487 -0.09050558
vt 0.47767049 -0.09050558
vt -1.18256487 -0.09050558
vt 0.51957139 -0.09050558
vt 0.47767049 -0.09050558
vt 1.18256529 -0.09050558
vt 0.51957139 -0.09050558
vt 1.18256529 -0.09050558
vt 0.47767049 -0.09050558
vt 1.20578896 -0.09050558
vt 0.51957139 -0.09050558
vt 1.20578896 -0.09050558
vt -1.20712819 -0.08727183
vt 0.47767049 -0.08727183
vt -1.20712819 -0.08727183
vt 0.51957139 -0.08727183
vt -1.18122522 -0.08727183
vt 0.47767049 -0.08727183
vt -1.18122522 -0.08727183
vt 0.51957139 -0.08727183
vt 0.47767049 -0.08727183
vt 1.18122564 -0.08727183
vt 0.51957139 -0.08727183
vt 1.18122564 -0.08727183
vt 0.47767049 -0.08727183
vt 1.20712861 -0.08727183
vt 0.51957139 -0.08727183
vt 1.20712861 -0.08727183
vt -1.20758523 -0.08380231
vt 0.47767049 -0.08380231
vt -1.20758523 -0.08380231
vt 0.51957139 -0.08380231
vt -1.18076867 -0.08380231
vt 0.47767049 -0.08380231
vt -1.18076867 -0.08380231
vt 0.51957139 -0.08380231
vt 0.47767049 -0.08380231
vt 1.1807681 -0.08380231
vt 0.51957139 -0.08380231
vt 1.1807681 -0.08380231
vt 0.47767049 -0.08380231
vt 1.20758515 -0.08380231
vt 0.51957139 -0.08380231
vt 1.20758515 -0.08380231
vt 0.47767049 -0.0816235
vt 0.66542788 -0.0816235
vt 0.51957139 -0.0816235
vt 0.66542788 -0.0816235
vt -1.20712819 -0.0803318
vt 0.47767049 -0.0803318
vt -1.20712819 -0.0803318
vt 0.51957139 -0.0803318
vt -1.18122522 -0.0803318
vt 0.47767049 -0.0803318
vt -1.18122522 -0.0803318
vt 0.51957139 -0.0803318
vt 0.47767049 -0.0803318
vt 1.18122564 -0.0803318
vt 0.51957139 -0.0803318
vt 1.18122564 -0.0803318
vt 0.47767049 -0.0803318
vt 1.20712861 -0.0803318
vt 0.51957139 -0.0803318
vt 1.20712861 -0.0803318
vt -1.20578854 -0.07709805
vt 0.47767049 -0.07709805
vt -1.20578854 -0.07709805
vt 0.51957139 -0.07709805
vt -1.18256487 -0.07709805
vt 0.47767049 -0.07709805
vt -1.18256487 -0.07709805
vt 0.51957139 -0.07709805
vt 0.47767049 -0.07709805
vt 1.18256529 -0.07709805
vt 0.51957139 -0.07709805
vt 1.18256529 -0.07709805
vt 0.47767049 -0.07709805
vt 1.20578896 -0.07709805
vt 0.51957139 -0.07709805
vt 1.20578896 -0.07709805
vt -1.20365768 -0.07432084
vt 0.47767049 -0.07432084
vt -1.20365768 -0.07432084
vt 0.51957139 -0.07432084
vt -1.18469573 -0.07432084
vt 0.47767049 -0.07432084
vt -1.18469573 -0.07432084
vt 0.51957139 -0.07432084
vt 0.47767049 -0.07432084
vt 1.18469615 -0.07432084
vt 0.51957139 -0.07432084
vt 1.18469615 -0.07432084
vt 0.47767049 -0.07432084
vt 1.2036581 -0.07432084
vt 0.51957139 -0.07432084
vt 1.2036581 -0.07432084
vt -1.20088097 -0.07218998
vt 0.47767049 -0.07218998
vt -1.20088097 -0.07218998
vt 0.51957139 -0.07218998
vt -1.18747244 -0.07218998
vt 0.47767049 -0.07218998
vt -1.18747244 -0.07218998
vt 0.51957139 -0.07218998
vt 0.47767049 -0.07218998
vt 1.18747236 -0.07218998
vt 0.51957139 -0.07218998
vt 1.18747236 -0.07218998
vt 0.47767049 -0.07218998
vt 1.20088089 -0.07218998
vt 0.51957139 -0.07218998
vt 1.20088089 -0.07218998
vt -1.19764722 -0.07085033
vt 0.47767049 -0.07085033
vt -1.19764722 -0.07085033
vt 0.51957139 -0.07085033
vt -1.19070669 -0.07085033
vt 0.47767049 -0.07085033
vt -1.19070669 -0.07085033
vt 0.51957139 -0.07085033
vt 0.47767049 -0.07085033
vt 1.19070611 -0.07085033
vt 0.51957139 -0.07085033
vt 1.19070611 -0.07085033
vt 0.47767049 -0.07085033
vt 1.19764714 -0.07085033
vt 0.51957139 -0.07085033
vt 1.19764714 -0.07085033
vt -1.1941767 -0.07039379
vt 0.47767049 -0.07039379
vt -1.1941767 -0.07039379
vt 0.51957139 -0.07039379
vt 0.47767049 -0.07039379
vt 1.19417662 -0.07039379
vt 0.51957139 -0.07039379
vt 1.19417662 -0.07039379
vt -1.2360776 4.9e-07
vt 0.47767049 4.9e-07
vt -1.2360776 4.9e-07
vt 0.51957139 4.9e-07
vt -1.07433461 4.9e-07
vt -1.06239311 4.9e-07
vt -0.88167069 4.9e-07
vt -0.88167069 4.9e-07
vt -0.8249277 4.9e-07
vt -0.8249277 4.9e-07
vt -0.70761008 4.9e-07
vt -0.70761008 4.9e-07
vt -0.60816399 4.9e-07
vt -0.60816399 4.9e-07
vt -0.53995652 4.9e-07
vt -0.53995652 4.9e-07
vt -0.50281135 4.9e-07
vt -0.50281135 0.47767049
vt -0.50281135 4.9e-07
vt -0.50281135 0.51957139
vt 0.50281127 4.9e-07
vt 0.50281127 0.47767049
vt 0.50281127 4.9e-07
vt 0.50281127 0.51957139
vt 0.51936164 4.9e-07
vt 0.51936164 4.9e-07
vt 0.59260505 4.9e-07
vt 0.59260505 4.9e-07
vt 0.47767049 4.9e-07
vt 0.67041487 4.9e-07
vt 0.51957139 4.9e-07
vt 0.67041487 4.9e-07
vt 0.47767049 4.9e-07
vt 1.0349536 4.9e-07
vt 0.51957139 4.9e-07
vt 1.0349536 4.9e-07
vt 1.07643492 4.9e-07
vt 1.08837693 4.9e-07
vt 1.19773805 4.9e-07
vt 1.20968005 4.9e-07
vt 0.47767049 4.9e-07
vt 1.23607752 4.9e-07
vt 0.51957139 4.9e-07
vt 1.23607752 4.9e-07
vt -1.1941767 0.07039376
vt 0.47767049 0.07039376
vt -1.1941767 0.07039376
vt 0.51957139 0.07039376
vt 0.47767049 0.07039376
vt 1.19417662 0.07039376
vt 0.51957139 0.07039376
vt 1.19417662 0.07039376
vt -1.19764722 0.0708503
vt 0.47767049 0.0708503
vt -1.19764722 0.0708503
vt 0.51957139 0.0708503
vt -1.19070669 0.0708503
vt 0.47767049 0.0708503
vt -1.19070669 0.0708503
vt 0.51957139 0.0708503
vt 0.47767049 0.0708503
vt 1.19070611 0.0708503
vt 0.51957139 0.0708503
vt 1.19070611 0.0708503
vt 0.47767049 0.0708503
vt 1.19764714 0.0708503
vt 0.51957139 0.0708503
vt 1.19764714 0.0708503
vt -1.20088097 0.07218995
vt 0.47767049 0.07218995
vt -1.20088097 0.07218995
vt 0.51957139 0.07218995
vt -1.18747244 0.07218995
vt 0.47767049 0.07218995
vt -1.18747244 0.07218995
vt 0.51957139 0.07218995
vt 0.47767049 0.07218995
vt 1.18747236 0.07218995
vt 0.51957139 0.07218995
vt 1.18747236 0.07218995
vt 0.47767049 0.07218995
vt 1.20088089 0.07218995
vt 0.51957139 0.07218995
vt 1.20088089 0.07218995
vt -1.20365768 0.07432081
vt 0.47767049 0.07432081
vt -1.20365768 0.07432081
vt 0.51957139 0.07432081
vt -1.18469573 0.07432081
vt 0.47767049 0.07432081
vt -1.18469573 0.07432081
vt 0.51957139 0.07432081
vt 0.47767049 0.07432081
vt 1.18469615 0.07432081
vt 0.51957139 0.07432081
vt 1.18469615 0.07432081
vt 0.47767049 0.07432081
vt 1.2036581 0.07432081
vt 0.51957139 0.07432081
vt 1.2036581 0.07432081
vt -1.20578854 0.07709802
vt 0.47767049 0.07709802
vt -1.20578854 0.07709802
vt 0.51957139 0.07709802
vt -1.18256487 0.07709802
vt 0.47767049 0.07709802
vt -1.18256487 0.07709802
vt 0.51957139 0.07709802
vt 0.47767049 0.07709802
vt 1.18256529 0.07709802
vt 0.51957139 0.07709802
vt 1.18256529 0.07709802
vt 0.47767049 0.07709802
vt 1.20578896 0.07709802
vt 0.51957139 0.07709802
vt 1.20578896 0.07709802
vt -1.20712819 0.08033177
vt 0.47767049 0.08033177
vt -1.20712819 0.08033177
vt 0.51957139 0.08033177
vt -1.18122522 0.08033177
vt 0.47767049 0.08033177
vt -1.18122522 0.08033177
vt 0.51957139 0.08033177
vt 0.47767049 0.08033177
vt 1.18122564 0.08033177
vt 0.51957139 0.08033177
vt 1.18122564 0.08033177
vt 0.47767049 0.08033177
vt 1.20712861 0.08033177
vt 0.51957139 0.08033177
vt 1.20712861 0.08033177
vt 0.47767049 0.08162348
vt 0.66542788 0.08162348
vt 0.51957139 0.08162348
vt 0.66542788 0.08162348
vt -1.20758523 0.08380229
vt 0.47767049 0.08380229
vt -1.20758523 0.08380229
vt 0.51957139 0.08380229
vt -1.18076867 0.08380229
vt 0.47767049 0.08380229
vt -1.18076867 0.08380229
vt 0.51957139 0.08380229
vt 0.47767049 0.08380229
vt 1.1807681 0.08380229
vt 0.51957139 0.08380229
vt 1.1807681 0.08380229
vt 0.47767049 0.08380229
vt 1.20758515 0.08380229
vt 0.51957139 0.08380229
vt 1.20758515 0.08380229
vt -1.20712819 0.0872718
vt 0.47767049 0.0872718
vt -1.20712819 0.0872718
vt 0.51957139 0.0872718
vt -1.18122522 0.0872718
vt 0.47767049 0.0872718
vt -1.18122522 0.0872718
vt 0.51957139 0.0872718
vt 0.47767049 0.0872718
vt 1.18122564 0.0872718
vt 0.51957139 0.0872718
vt 1.18122564 0.0872718
vt 0.47767049 0.0872718
vt 1.20712861 0.0872718
vt 0.51957139 0.0872718
vt 1.20712861 0.0872718
vt -1.20578854 0.09050555
vt 0.47767049 0.09050555
vt -1.20578854 0.09050555
vt 0.51957139 0.09050555
vt -1.18256487 0.09050555
vt 0.47767049 0.09050555
vt -1.18256487 0.09050555
vt 0.51957139 0.09050555
vt 0.47767049 0.09050555
vt 1.18256529 0.09050555
vt 0.51957139 0.09050555
vt 1.18256529 0.09050555
vt 0.47767049 0.09050555
vt 1.20578896 0.09050555
vt 0.51957139 0.09050555
vt 1.20578896 0.09050555
vt -0.49424995 0.09239166
vt -0.49424995 0.47767049
vt -0.49424995 0.09239166
vt -0.49424995 0.51957139
vt 0.49424987 0.09239166
vt 0.49424987 0.47767049
vt 0.49424987 0.09239166
vt 0.49424987 0.51957139
vt -1.20365768 0.09328276
vt 0.47767049 0.09328276
vt -1.20365768 0.09328276
vt 0.51957139 0.09328276
vt -1.18469573 0.09328276
vt 0.47767049 0.09328276
vt -1.18469573 0.09328276
vt 0.51957139 0.09328276
vt 0.47767049 0.09328276
vt 1.18469615 0.09328276
vt 0.51957139 0.09328276
vt 1.18469615 0.09328276
vt 0.47767049 0.09328276
vt 1.2036581 0.09328276
vt 0.51957139 0.09328276
vt 1.2036581 0.09328276
vt -1.20088097 0.09541362
vt 0.47767049 0.09541362
vt -1.20088097 0.09541362
vt 0.51957139 0.09541362
vt -1.18747244 0.09541362
vt 0.47767049 0.09541362
vt -1.18747244 0.09541362
vt 0.51957139 0.09541362
vt 0.47767049 0.09541362
vt 1.18747236 0.09541362
vt 0.51957139 0.09541362
vt 1.18747236 0.09541362
vt 0.47767049 0.09541362
vt 1.20088089 0.09541362
vt 0.51957139 0.09541362
vt 1.20088089 0.09541362
vt -1.19764722 0.09675328
vt 0.47767049 0.09675328
vt -1.19764722 0.09675328
vt 0.51957139 0.09675328
vt -1.19070669 0.09675328
vt 0.47767049 0.09675328
vt -1.19070669 0.09675328
vt 0.51957139 0.09675328
vt 0.47767049 0.09675328
vt 1.19070611 0.09675328
vt 0.51957139 0.09675328
vt 1.19070611 0.09675328
vt 0.47767049 0.09675328
vt 1.19764714 0.09675328
vt 0.51957139 0.09675328
vt 1.19764714 0.09675328
vt -1.1941767 0.09720982
vt 0.47767049 0.09720982
vt -1.1941767 0.09720982
vt 0.51957139 0.09720982
vt 0.47767049 0.09720982
vt 1.19417662 0.09720982
vt 0.51957139 0.09720982
vt 1.19417662 0.09720982
vt -1.2360776 0.14744834
vt 0.47767049 0.14744834
vt -1.2360776 0.14744834
vt 0.51957139 0.14744834
vt -1.07433461 0.14744834
vt -1.06239311 0.14744834
vt -0.88167069 0.14744834
vt -0.88167069 0.14744834
vt -0.8249277 0.14744834
vt -0.8249277 0.14744834
vt -0.70761008 0.14744834
vt -0.70761008 0.14744834
vt -0.60816399 0.14744834
vt -0.60816399 0.14744834
vt -0.53995652 0.14744834
vt -0.53995652 0.14744834
vt -0.50050666 0.14744834
vt -0.48856466 0.14744834
vt 0.51936164 0.14744834
vt 0.51936164 0.14744834
vt 0.59260505 0.14744834
vt 0.59260505 0.14744834
vt 0.47767049 0.14744834
vt 1.0349536 0.14744834
vt 0.51957139 0.14744834
vt 1.0349536 0.14744834
vt 1.07643492 0.14744834
vt 1.08837693 0.14744834
vt 1.19773805 0.14744834
vt 1.20968005 0.14744834
vt 0.47767049 0.14744834
vt 1.23607752 0.14744834
vt 0.51957139 0.14744834
vt 1.23607752 0.14744834
vt 0.47767049 0.16203269
vt 0.65053984 0.16203269
vt 0.51957139 0.16203269
vt 0.65053984 0.16203269
vt 0.47767049 0.17275292
vt 0.64930208 0.17275292
vt 0.51957139 0.17275292
vt 0.64930208 0.17275292
vt -0.46885746 0.18163599
vt -0.46885746 0.47767049
vt -0.46885746 0.18163599
vt -0.46885746 0.51957139
vt 0.46885738 0.18163599
vt 0.46885738 0.47767049
vt 0.46885738 0.18163599
vt 0.46885738 0.51957139
vt 0.47767049 0.18343318
vt 0.65084253 0.18343318
vt 0.51957139 0.18343318
vt 0.65084253 0.18343318
vt 0.47767049 0.1933662
vt 0.6550603 0.1933662
vt 0.51957139 0.1933662
vt 0.6550603 0.1933662
vt -0.51873285 0.19768686
vt 0.47767049 0.19768686
vt -0.51873285 0.19768686
vt 0.51957139 0.19768686
vt 0.47767049 0.19768686
vt 0.51873327 0.19768686
vt 0.51873327 0.19768686
vt 0.51957139 0.19768686
vt -0.52317938 0.19827228
vt 0.47767049 0.19827228
vt -0.52317938 0.19827228
vt 0.51957139 0.19827228
vt -0.51428682 0.19827228
vt 0.47767049 0.19827228
vt -0.51428682 0.19827228
vt 0.51957139 0.19827228
vt 0.47767049 0.19827228
vt 0.51428674 0.19827228
vt 0.51428674 0.19827228
vt 0.51957139 0.19827228
vt 0.47767049 0.19827228
vt 0.5231793 0.19827228
vt 0.51957139 0.19827228
vt 0.5231793 0.19827228
vt -0.52732272 0.19998855
vt 0.47767049 0.19998855
vt -0.52732272 0.19998855
vt 0.51957139 0.19998855
vt -0.51014348 0.19998855
vt 0.47767049 0.19998855
vt -0.51014348 0.19998855
vt 0.51957139 0.19998855
vt 0.47767049 0.19998855
vt 0.5101434 0.19998855
vt 0.5101434 0.19998855
vt 0.51957139 0.19998855
vt 0.47767049 0.19998855
vt 0.52732264 0.19998855
vt 0.51957139 0.19998855
vt 0.52732264 0.19998855
vt 0.47767049 0.20189264
vt 0.66167465 0.20189264
vt 0.51957139 0.20189264
vt 0.66167465 0.20189264
vt -0.53088064 0.20271881
vt 0.47767049 0.20271881
vt -0.53088064 0.20271881
vt 0.51957139 0.20271881
vt -0.50658555 0.20271881
vt 0.47767049 0.20271881
vt -0.50658555 0.20271881
vt 0.51957139 0.20271881
vt 0.47767049 0.20271881
vt 0.50658547 0.20271881
vt 0.50658547 0.20271881
vt 0.51957139 0.20271881
vt 0.47767049 0.20271881
vt 0.53088056 0.20271881
vt 0.51957139 0.20271881
vt 0.53088056 0.20271881
vt -0.5336109 0.20627623
vt 0.47767049 0.20627623
vt -0.5336109 0.20627623
vt 0.51957139 0.20627623
vt -0.5038553 0.20627623
vt 0.47767049 0.20627623
vt -0.5038553 0.20627623
vt 0.51957139 0.20627623
vt 0.47767049 0.20627623
vt 0.50385522 0.20627623
vt 0.50385522 0.20627623
vt 0.51957139 0.20627623
vt 0.47767049 0.20627623
vt 0.53361082 0.20627623
vt 0.51957139 0.20627623
vt 0.53361082 0.20627623
vt 0.47767049 0.20844705
vt 0.67024804 0.20844705
vt 0.67024804 0.47767049
vt 0.51957139 0.20844705
vt 0.67024804 0.20844705
vt 0.67024804 0.51957139
vt -0.53532718 0.21042007
vt 0.47767049 0.21042007
vt -0.53532718 0.21042007
vt 0.51957139 0.21042007
vt -0.50213902 0.21042007
vt 0.47767049 0.21042007
vt -0.50213902 0.21042007
vt 0.51957139 0.21042007
vt 0.47767049 0.21042007
vt 0.50213894 0.21042007
vt 0.50213894 0.21042007
vt 0.51957139 0.21042007
vt 0.47767049 0.21042007
vt 0.5353271 0.21042007
vt 0.51957139 0.21042007
vt 0.5353271 0.21042007
vt -0.53591259 0.2148666
vt 0.47767049 0.2148666
vt -0.53591259 0.2148666
vt 0.51957139 0.2148666
vt -0.50155361 0.2148666
vt 0.47767049 0.2148666
vt -0.50155361 0.2148666
vt 0.51957139 0.2148666
vt 0.47767049 0.2148666
vt 0.50155353 0.2148666
vt 0.50155353 0.2148666
vt 0.51957139 0.2148666
vt 0.47767049 0.2148666
vt 0.53591251 0.2148666
vt 0.51957139 0.2148666
vt 0.53591251 0.2148666
vt -0.53532718 0.21931214
vt 0.47767049 0.21931214
vt -0.53532718 0.21931214
vt 0.51957139 0.21931214
vt -0.50213902 0.21931214
vt 0.47767049 0.21931214
vt -0.50213902 0.21931214
vt 0.51957139 0.21931214
vt 0.47767049 0.21931214
vt 0.50213894 0.21931214
vt 0.50213894 0.21931214
vt 0.51957139 0.21931214
vt 0.47767049 0.21931214
vt 0.5353271 0.21931214
vt 0.51957139 0.21931214
vt 0.5353271 0.21931214
vt -0.5336109 0.22345597
vt 0.47767049 0.22345597
vt -0.5336109 0.22345597
vt 0.51957139 0.22345597
vt -0.5038553 0.22345597
vt 0.47767049 0.22345597
vt -0.5038553 0.22345597
vt 0.51957139 0.22345597
vt 0.47767049 0.22345597
vt 0.50385522 0.22345597
vt 0.50385522 0.22345597
vt 0.51957139 0.22345597
vt 0.47767049 0.22345597
vt 0.53361082 0.22345597
vt 0.51957139 0.22345597
vt 0.53361082 0.22345597
vt -0.53088064 0.2270144
vt 0.47767049 0.2270144
vt -0.53088064 0.2270144
vt 0.51957139 0.2270144
vt -0.50658555 0.2270144
vt 0.47767049 0.2270144
vt -0.50658555 0.2270144
vt 0.51957139 0.2270144
vt 0.47767049 0.2270144
vt 0.50658547 0.2270144
vt 0.50658547 0.2270144
vt 0.51957139 0.2270144
vt 0.47767049 0.2270144
vt 0.53088056 0.2270144
vt 0.51957139 0.2270144
vt 0.53088056 0.2270144
vt -0.52732272 0.22974365
vt 0.47767049 0.22974365
vt -0.52732272 0.22974365
vt 0.51957139 0.22974365
vt -0.51014348 0.22974365
vt 0.47767049 0.22974365
vt -0.51014348 0.22974365
vt 0.51957139 0.22974365
vt 0.47767049 0.22974365
vt 0.5101434 0.22974365
vt 0.5101434 0.22974365
vt 0.51957139 0.22974365
vt 0.47767049 0.22974365
vt 0.52732264 0.22974365
vt 0.51957139 0.22974365
vt 0.52732264 0.22974365
vt -0.52317938 0.23145993
vt 0.47767049 0.23145993
vt -0.52317938 0.23145993
vt 0.51957139 0.23145993
vt -0.51428682 0.23145993
vt 0.47767049 0.23145993
vt -0.51428682 0.23145993
vt 0.51957139 0.23145993
vt 0.47767049 0.23145993
vt 0.51428674 0.23145993
vt 0.51428674 0.23145993
vt 0.51957139 0.23145993
vt 0.47767049 0.23145993
vt 0.5231793 0.23145993
vt 0.51957139 0.23145993
vt 0.5231793 0.23145993
vt -0.51873285 0.23204534
vt 0.47767049 0.23204534
vt -0.51873285 0.23204534
vt 0.51957139 0.23204534
vt 0.47767049 0.23204534
vt 0.51873327 0.23204534
vt 0.51873327 0.23204534
vt 0.51957139 0.23204534
vt -0.42749901 0.26469554
vt -0.42749901 0.47767049
vt -0.42749901 0.26469554
vt -0.42749901 0.51957139
vt 0.42749894 0.26469554
vt 0.42749894 0.47767049
vt 0.42749894 0.26469554
vt 0.42749894 0.51957139
vt -0.3715822 0.33874214
vt -0.3715822 0.47767049
vt -0.3715822 0.33874214
vt -0.3715822 0.51957139
vt 0.37158212 0.33874214
vt 0.37158212 0.47767049
vt 0.37158212 0.33874214
vt 0.37158212 0.51957139
vt -0.36758371 0.34307579
vt -0.36758371 0.47767049
vt 0.47767049 0.34643441
vt 1.0349536 0.34643441
vt 1.0349536 0.47767049
vt 0.51957139 0.34643441
vt 1.0349536 0.34643441
vt 1.0349536 0.51957139
vt -0.35716618 0.3539089
vt -0.35716618 0.47767049
vt 1.03352504 0.35727951
vt 1.03352504 0.47767049
vt 1.03352504 0.35727951
vt 1.03352504 0.51957139
vt 1.02933924 0.36738536
vt 1.02933924 0.47767049
vt 1.02933924 0.36738536
vt 1.02933924 0.51957139
vt 1.02268093 0.37606364
vt 1.02268093 0.47767049
vt 1.02268093 0.37606364
vt 1.02268093 0.51957139
vt 0.97210175 0.38272195
vt 0.97210175 0.47767049
vt 0.97210175 0.38272195
vt 0.97210175 0.51957139
vt 1.01400265 0.38272195
vt 1.01400265 0.47767049
vt 1.01400265 0.38272195
vt 1.01400265 0.51957139
vt 0.9822076 0.38690775
vt 0.9822076 0.47767049
vt 0.9822076 0.38690775
vt 0.9822076 0.51957139
vt 1.00389681 0.38690775
vt 1.00389681 0.47767049
vt 1.00389681 0.38690775
vt 1.00389681 0.51957139
vt 0.9930527 0.38833531
vt 0.9930527 0.47767049
vt 0.9930527 0.38833531
vt 0.9930527 0.51957139
vt -1.2360776 0.39696864
vt 0.47767049 0.39696864
vt -1.06239311 0.39696864
vt -0.88167069 0.39696864
vt -0.8249277 0.39696864
vt -0.70761008 0.39696864
vt -0.60816399 0.39696864
vt -0.53995652 0.39696864
vt -0.50050666 0.39696864
vt -0.3999447 0.39696864
vt -0.36724056 0.39696864
vt -0.35615819 0.39696864
vt 0.35615811 0.39696864
vt 0.38560403 0.39696864
vt 0.39994462 0.39696864
vt 0.51936164 0.39696864
vt 0.59260505 0.39696864
vt 0.71052157 0.39696864
vt 0.84441005 0.39696864
vt 1.07643492 0.39696864
vt 1.20968005 0.39696864
vt 0.47767049 0.39696864
vt 1.23607752 0.39696864
vt -0.30808 0.39737423
vt -0.30808 0.47767049
vt -0.30301159 0.40125233
vt -0.30301159 0.47767049
vt -0.30301159 0.40125233
vt -0.30301159 0.51957139
vt 0.30301151 0.40125233
vt 0.30301151 0.47767049
vt 0.30301151 0.40125233
vt 0.30301151 0.51957139
vt -1.16484617 0.40560096
vt 1.16484609 0.40560096
vt -1.17699247 0.40720036
vt -1.15269988 0.40720036
vt 1.1527003 0.40720036
vt 1.17699189 0.40720036
vt -0.29379435 0.4080495
vt -0.29379435 0.47767049
vt -0.29379435 0.4080495
vt -0.29379435 0.51957139
vt 0.29379427 0.4080495
vt 0.29379427 0.51957139
vt -1.2360776 0.40891064
vt 0.51957139 0.40891064
vt -1.07433461 0.40891064
vt -0.88167069 0.40891064
vt -0.8249277 0.40891064
vt -0.70761008 0.40891064
vt -0.60816399 0.40891064
vt -0.53995652 0.40891064
vt -0.48856466 0.40891064
vt -0.46100385 0.40891064
vt -0.42706445 0.40891064
vt -0.41677729 0.40891064
vt -0.36724056 0.40891064
vt -0.35615819 0.40891064
vt -0.29330634 0.40891064
vt 0.29330676 0.40891064
vt 0.35615811 0.40891064
vt 0.38560403 0.40891064
vt 0.41188612 0.40891064
vt 0.51936164 0.40891064
vt 0.59260505 0.40891064
vt 0.71052157 0.40891064
vt 0.84441005 0.40891064
vt 1.08837693 0.40891064
vt 1.19773805 0.40891064
vt 0.51957139 0.40891064
vt 1.23607752 0.40891064
vt -0.29124092 0.40987567
vt -0.29124092 0.51957139
vt 0.29124084 0.40987567
vt 0.29124084 0.51957139
vt -1.1883106 0.41188865
vt -1.14138175 0.41188865
vt 1.14138167 0.41188865
vt 1.18831052 0.41188865
vt -1.19802983 0.41934615
vt -1.13166251 0.41934615
vt 1.13166243 0.41934615
vt 1.19802975 0.41934615
vt -1.20548784 0.42906539
vt -1.12420451 0.42906539
vt 1.12420393 0.42906539
vt 1.20548826 0.42906539
vt -1.16484617 0.42948497
vt 0.5015535 0.42948497
vt -1.16484617 0.42948497
vt 0.51957139 0.42948497
vt 0.5015535 0.42948497
vt 1.16484609 0.42948497
vt 0.51957139 0.42948497
vt 1.16484609 0.42948497
vt -0.26111519 0.42969575
vt -0.26111519 0.47767049
vt -0.26111519 0.42969575
vt -0.26111519 0.51957139
vt -1.17081068 0.43027018
vt 0.5015535 0.43027018
vt -1.17081068 0.43027018
vt 0.51957139 0.43027018
vt -1.15888167 0.43027018
vt 0.5015535 0.43027018
vt -1.15888167 0.43027018
vt 0.51957139 0.43027018
vt 0.5015535 0.43027018
vt 1.15888109 0.43027018
vt 0.51957139 0.43027018
vt 1.15888109 0.43027018
vt 0.5015535 0.43027018
vt 1.1708111 0.43027018
vt 0.51957139 0.43027018
vt 1.1708111 0.43027018
vt -1.1763691 0.43257187
vt 0.5015535 0.43257187
vt -1.1763691 0.43257187
vt 0.51957139 0.43257187
vt -1.15332325 0.43257187
vt 0.5015535 0.43257187
vt -1.15332325 0.43257187
vt 0.51957139 0.43257187
vt 0.5015535 0.43257187
vt 1.15332367 0.43257187
vt 0.51957139 0.43257187
vt 1.15332367 0.43257187
vt 0.5015535 0.43257187
vt 1.17636852 0.43257187
vt 0.51957139 0.43257187
vt 1.17636852 0.43257187
vt -1.1811418 0.43623419
vt 0.5015535 0.43623419
vt -1.1811418 0.43623419
vt 0.51957139 0.43623419
vt -1.14855055 0.43623419
vt 0.5015535 0.43623419
vt -1.14855055 0.43623419
vt 0.51957139 0.43623419
vt 0.5015535 0.43623419
vt 1.14855047 0.43623419
vt 0.51957139 0.43623419
vt 1.14855047 0.43623419
vt 0.5015535 0.43623419
vt 1.18114172 0.43623419
vt 0.51957139 0.43623419
vt 1.18114172 0.43623419
vt -1.21017613 0.44038402
vt -1.11951622 0.44038402
vt 1.11951664 0.44038402
vt 1.21017655 0.44038402
vt -1.18480412 0.44100739
vt 0.5015535 0.44100739
vt -1.18480412 0.44100739
vt 0.51957139 0.44100739
vt -1.14488823 0.44100739
vt 0.5015535 0.44100739
vt -1.14488823 0.44100739
vt 0.51957139 0.44100739
vt 0.5015535 0.44100739
vt 1.14488815 0.44100739
vt 0.51957139 0.44100739
vt 1.14488815 0.44100739
vt 0.5015535 0.44100739
vt 1.18480404 0.44100739
vt 0.51957139 0.44100739
vt 1.18480404 0.44100739
vt -0.23359384 0.44525612
vt -0.23359384 0.47767049
vt -0.23359384 0.44525612
vt -0.23359384 0.51957139
vt 0.23359376 0.44525612
vt 0.23359376 0.51957139
vt -1.18710631 0.4465658
vt 0.5015535 0.4465658
vt -1.18710631 0.4465658
vt 0.51957139 0.4465658
vt -1.14258604 0.4465658
vt 0.5015535 0.4465658
vt -1.14258604 0.4465658
vt 0.51957139 0.4465658
vt 0.5015535 0.4465658
vt 1.14258546 0.4465658
vt 0.51957139 0.4465658
vt 1.14258546 0.4465658
vt 0.5015535 0.4465658
vt 1.18710673 0.4465658
vt 0.51957139 0.4465658
vt 1.18710673 0.4465658
vt -0.22412236 0.45009826
vt -0.22412236 0.47767049
vt -0.22412236 0.45009826
vt -0.22412236 0.51957139
vt 0.22412228 0.45009826
vt 0.22412228 0.47767049
vt 0.22412228 0.45009826
vt 0.22412228 0.51957139
vt -1.21177502 0.45252981
vt -1.18789152 0.45252981
vt 0.5015535 0.45252981
vt -1.18789152 0.45252981
vt 0.51957139 0.45252981
vt -1.14180083 0.45252981
vt 0.5015535 0.45252981
vt -1.14180083 0.45252981
vt 0.51957139 0.45252981
vt -1.11791732 0.45252981
vt 1.11791724 0.45252981
vt 0.5015535 0.45252981
vt 1.14180025 0.45252981
vt 0.51957139 0.45252981
vt 1.14180025 0.45252981
vt 0.5015535 0.45252981
vt 1.18789194 0.45252981
vt 0.51957139 0.45252981
vt 1.18789194 0.45252981
vt 1.21177494 0.45252981
vt -1.18710631 0.45849482
vt 0.5015535 0.45849482
vt -1.18710631 0.45849482
vt 0.51957139 0.45849482
vt -1.14258604 0.45849482
vt 0.5015535 0.45849482
vt -1.14258604 0.45849482
vt 0.51957139 0.45849482
vt 0.5015535 0.45849482
vt 1.14258546 0.45849482
vt 0.51957139 0.45849482
vt 1.14258546 0.45849482
vt 0.5015535 0.45849482
vt 1.18710673 0.45849482
vt 0.51957139 0.45849482
vt 1.18710673 0.45849482
vt -1.18480412 0.46405323
vt 0.5015535 0.46405323
vt -1.18480412 0.46405323
vt 0.51957139 0.46405323
vt -1.14488823 0.46405323
vt 0.5015535 0.46405323
vt -1.14488823 0.46405323
vt 0.51957139 0.46405323
vt 0.5015535 0.46405323
vt 1.14488815 0.46405323
vt 0.51957139 0.46405323
vt 1.14488815 0.46405323
vt 0.5015535 0.46405323
vt 1.18480404 0.46405323
vt 0.51957139 0.46405323
vt 1.18480404 0.46405323
vt -1.21017613 0.46467661
vt -1.11951622 0.46467661
vt 1.11951664 0.46467661
vt 1.21017655 0.46467661
vt -1.1811418 0.46882544
vt 0.5015535 0.46882544
vt -1.1811418 0.46882544
vt 0.51957139 0.46882544
vt -1.14855055 0.46882544
vt 0.5015535 0.46882544
vt -1.14855055 0.46882544
vt 0.51957139 0.46882544
vt 0.5015535 0.46882544
vt 1.14855047 0.46882544
vt 0.51957139 0.46882544
vt 1.14855047 0.46882544
vt 0.5015535 0.46882544
vt 1.18114172 0.46882544
vt 0.51957139 0.46882544
vt 1.18114172 0.46882544
vt -1.1763691 0.47248776
vt 0.5015535 0.47248776
vt -1.1763691 0.47248776
vt 0.51957139 0.47248776
vt -1.15332325 0.47248776
vt 0.5015535 0.47248776
vt -1.15332325 0.47248776
vt 0.51957139 0.47248776
vt 0.5015535 0.47248776
vt 1.15332367 0.47248776
vt 0.51957139 0.47248776
vt 1.15332367 0.47248776
vt 0.5015535 0.47248776
vt 1.17636852 0.47248776
vt 0.51957139 0.47248776
vt 1.17636852 0.47248776
vt -1.17081068 0.47479045
vt 0.5015535 0.47479045
vt -1.17081068 0.47479045
vt 0.51957139 0.47479045
vt -1.15888167 0.47479045
vt 0.5015535 0.47479045
vt -1.15888167 0.47479045
vt 0.51957139 0.47479045
vt 0.5015535 0.47479045
vt 1.15888109 0.47479045
vt 0.51957139 0.47479045
vt 1.15888109 0.47479045
vt 0.5015535 0.47479045
vt 1.1708111 0.47479045
vt 0.51957139 0.47479045
vt 1.1708111 0.47479045
vt -1.16484617 0.47557566
vt 0.5015535 0.47557566
vt -1.16484617 0.47557566
vt 0.51957139 0.47557566
vt 0.5015535 0.47557566
vt 1.16484609 0.47557566
vt 0.51957139 0.47557566
vt 1.16484609 0.47557566
vt -1.20548784 0.47599424
vt -1.12420451 0.47599424
vt 1.12420393 0.47599424
vt 1.20548826 0.47599424
vt -0.13760079 0.47767049
vt -0.13760079 0.48361658
vt -0.13760079 0.48361658
vt -0.13760079 0.51957139
vt 0.13760071 0.47767049
vt 0.13760071 0.48361658
vt 0.13760071 0.48361658
vt 0.13760071 0.51957139
vt -1.19802983 0.48571447
vt -1.13166251 0.48571447
vt 1.13166243 0.48571447
vt 1.19802975 0.48571447
vt -1.2360776 0.48856461
vt 0.51957139 0.48856461
vt -1.07433461 0.48856461
vt -0.88167069 0.48856461
vt -0.8249277 0.48856461
vt -0.70761008 0.48856461
vt -0.60816399 0.48856461
vt -0.53995652 0.48856461
vt -0.48856466 0.48856461
vt -0.46100385 0.48856461
vt -0.42706445 0.48856461
vt -0.41677729 0.48856461
vt -0.36724056 0.48856461
vt -0.35615819 0.48856461
vt -0.29330634 0.48856461
vt -0.25999531 0.48856461
vt -0.2331358 0.48856461
vt -0.1947204 0.48856461
vt 0.14744831 0.48856461
vt 0.23313572 0.48856461
vt 0.29330676 0.48856461
vt 0.35615811 0.48856461
vt 0.38560403 0.48856461
vt 0.41188612 0.48856461
vt 0.51936164 0.48856461
vt 0.59260505 0.48856461
vt 0.71052157 0.48856461
vt 0.84441005 0.48856461
vt 1.08837693 0.48856461
vt 1.19773805 0.48856461
vt 0.51957139 0.48856461
vt 1.23607752 0.48856461
vt -1.1883106 0.49317198
vt -1.14138175 0.49317198
vt 1.14138167 0.49317198
vt 1.18831052 0.49317198
vt -1.17699247 0.49786027
vt -1.15269988 0.49786027
vt 1.1527003 0.49786027
vt 1.17699189 0.49786027
vt -1.16484617 0.49945966
vt 1.16484609 0.49945966
vt -1.2360776 0.50050661
vt 0.47767049 0.50050661
vt -1.06239311 0.50050661
vt -0.88167069 0.50050661
vt -0.8249277 0.50050661
vt -0.70761008 0.50050661
vt -0.60816399 0.50050661
vt -0.53995652 0.50050661
vt -0.50050666 0.50050661
vt -0.3999447 0.50050661
vt -0.36724056 0.50050661
vt -0.35615819 0.50050661
vt -0.29330634 0.50050661
vt -0.25999531 0.50050661
vt -0.2331358 0.50050661
vt -0.1947204 0.50050661
vt 0.14744831 0.50050661
vt 0.23313572 0.50050661
vt 0.29330676 0.50050661
vt 0.35615811 0.50050661
vt 0.38560403 0.50050661
vt 0.39994462 0.50050661
vt 0.51936164 0.50050661
vt 0.59260505 0.50050661
vt 0.71052157 0.50050661
vt 0.84441005 0.50050661
vt 1.07643492 0.50050661
vt 1.20968005 0.50050661
vt 0.47767049 0.50050661
vt 1.23607752 0.50050661
vt -0.04639343 0.47767049
vt -0.04639343 0.50066645
vt -0.04639343 0.50066645
vt -0.04639343 0.51957139
vt 0.04639335 0.47767049
vt 0.04639335 0.50066645
vt 0.04639335 0.50066645
vt 0.04639335 0.51957139
vt -0.21486616 0.50155356
vt 0.47767049 0.50155356
vt -0.21486616 0.50155356
vt 0.51957139 0.50155356
vt 0.21486608 0.50155356
vt 0.47767049 0.50155356
vt 0.21486608 0.50155356
vt 0.51957139 0.50155356
vt -0.21931269 0.50213897
vt 0.47767049 0.50213897
vt -0.21931269 0.50213897
vt 0.51957139 0.50213897
vt -0.21042012 0.50213897
vt 0.47767049 0.50213897
vt -0.21042012 0.50213897
vt 0.51957139 0.50213897
vt 0.21042004 0.50213897
vt 0.47767049 0.50213897
vt 0.21042004 0.50213897
vt 0.51957139 0.50213897
vt 0.21931261 0.50213897
vt 0.47767049 0.50213897
vt 0.21931261 0.50213897
vt 0.51957139 0.50213897
vt -1.2360776 0.50302108
vt 0.47767049 0.50302108
vt -1.2360776 0.50302108
vt 0.51957139 0.50302108
vt -1.07433461 0.50302108
vt -1.06239311 0.50302108
vt -0.88167069 0.50302108
vt -0.88167069 0.50302108
vt -0.8249277 0.50302108
vt -0.8249277 0.50302108
vt -0.70761008 0.50302108
vt -0.70761008 0.50302108
vt -0.60816399 0.50302108
vt -0.60816399 0.50302108
vt -0.53995652 0.50302108
vt -0.53995652 0.50302108
vt -0.50050666 0.50302108
vt -0.48856466 0.50302108
vt -0.46100385 0.50302108
vt -0.42706445 0.50302108
vt -0.41677729 0.50302108
vt -0.3999447 0.50302108
vt -0.36724056 0.50302108
vt -0.36724056 0.50302108
vt -0.35615819 0.50302108
vt -0.35615819 0.50302108
vt -0.29330634 0.50302108
vt -0.29330634 0.50302108
vt -0.25999531 0.50302108
vt -0.25999531 0.50302108
vt -0.2331358 0.50302108
vt -0.2331358 0.50302108
vt -0.1947204 0.50302108
vt -0.1947204 0.50302108
vt 0.14744831 0.50302108
vt 0.14744831 0.50302108
vt 0.23313572 0.50302108
vt 0.23313572 0.50302108
vt 0.29330676 0.50302108
vt 0.29330676 0.50302108
vt 0.35615811 0.50302108
vt 0.35615811 0.50302108
vt 0.38560403 0.50302108
vt 0.38560403 0.50302108
vt 0.39994462 0.50302108
vt 0.41188612 0.50302108
vt 0.51936164 0.50302108
vt 0.51936164 0.50302108
vt 0.59260505 0.50302108
vt 0.59260505 0.50302108
vt 0.71052157 0.50302108
vt 0.71052157 0.50302108
vt 0.84441005 0.50302108
vt 0.84441005 0.50302108
vt 1.07643492 0.50302108
vt 1.08837693 0.50302108
vt 1.19773805 0.50302108
vt 1.20968005 0.50302108
vt 0.47767049 0.50302108
vt 1.23607752 0.50302108
vt 0.51957139 0.50302108
vt 1.23607752 0.50302108
vt -0.33520774 0.50322987
vt 0.47767049 0.50322987
vt -0.33520774 0.50322987
vt 0.51957139 0.50322987
vt 0.33520766 0.50322987
vt 0.47767049 0.50322987
vt 0.33520766 0.50322987
vt 0.51957139 0.50322987
vt -0.33965378 0.50381528
vt 0.47767049 0.50381528
vt -0.33965378 0.50381528
vt 0.51957139 0.50381528
vt -0.33076121 0.50381528
vt 0.47767049 0.50381528
vt -0.33076121 0.50381528
vt 0.51957139 0.50381528
vt 0.33076113 0.50381528
vt 0.47767049 0.50381528
vt 0.33076113 0.50381528
vt 0.51957139 0.50381528
vt 0.3396537 0.50381528
vt 0.47767049 0.50381528
vt 0.3396537 0.50381528
vt 0.51957139 0.50381528
vt -0.22345602 0.50385524
vt 0.47767049 0.50385524
vt -0.22345602 0.50385524
vt 0.51957139 0.50385524
vt -0.20627679 0.50385524
vt 0.47767049 0.50385524
vt -0.20627679 0.50385524
vt 0.51957139 0.50385524
vt 0.20627671 0.50385524
vt 0.47767049 0.50385524
vt 0.20627671 0.50385524
vt 0.51957139 0.50385524
vt 0.22345595 0.50385524
vt 0.47767049 0.50385524
vt 0.22345595 0.50385524
vt 0.51957139 0.50385524
vt -0.34379711 0.50553156
vt 0.47767049 0.50553156
vt -0.34379711 0.50553156
vt 0.51957139 0.50553156
vt -0.32661787 0.50553156
vt 0.47767049 0.50553156
vt -0.32661787 0.50553156
vt 0.51957139 0.50553156
vt 0.32661779 0.50553156
vt 0.47767049 0.50553156
vt 0.32661779 0.50553156
vt 0.51957139 0.50553156
vt 0.34379703 0.50553156
vt 0.47767049 0.50553156
vt 0.34379703 0.50553156
vt 0.51957139 0.50553156
vt -0.22701395 0.5065855
vt 0.47767049 0.5065855
vt -0.22701395 0.5065855
vt 0.51957139 0.5065855
vt -0.20271836 0.5065855
vt 0.47767049 0.5065855
vt -0.20271836 0.5065855
vt 0.51957139 0.5065855
vt 0.20271878 0.5065855
vt 0.47767049 0.5065855
vt 0.20271878 0.5065855
vt 0.51957139 0.5065855
vt 0.22701387 0.5065855
vt 0.47767049 0.5065855
vt 0.22701387 0.5065855
vt 0.51957139 0.5065855
vt -0.34735504 0.50826182
vt 0.47767049 0.50826182
vt -0.34735504 0.50826182
vt 0.51957139 0.50826182
vt -0.32305995 0.50826182
vt 0.47767049 0.50826182
vt -0.32305995 0.50826182
vt 0.51957139 0.50826182
vt 0.32305987 0.50826182
vt 0.47767049 0.50826182
vt 0.32305987 0.50826182
vt 0.51957139 0.50826182
vt 0.34735496 0.50826182
vt 0.47767049 0.50826182
vt 0.34735496 0.50826182
vt 0.51957139 0.50826182
vt -0.22974421 0.51014293
vt 0.47767049 0.51014293
vt -0.22974421 0.51014293
vt 0.51957139 0.51014293
vt -0.1999886 0.51014293
vt 0.47767049 0.51014293
vt -0.1999886 0.51014293
vt 0.51957139 0.51014293
vt 0.19998852 0.51014293
vt 0.47767049 0.51014293
vt 0.19998852 0.51014293
vt 0.51957139 0.51014293
vt 0.22974413 0.51014293
vt 0.47767049 0.51014293
vt 0.22974413 0.51014293
vt 0.51957139 0.51014293
vt -0.3500853 0.51182024
vt 0.47767049 0.51182024
vt -0.3500853 0.51182024
vt 0.51957139 0.51182024
vt -0.32032969 0.51182024
vt 0.47767049 0.51182024
vt -0.32032969 0.51182024
vt 0.51957139 0.51182024
vt 0.32032961 0.51182024
vt 0.47767049 0.51182024
vt 0.32032961 0.51182024
vt 0.51957139 0.51182024
vt 0.35008522 0.51182024
vt 0.47767049 0.51182024
vt 0.35008522 0.51182024
vt 0.51957139 0.51182024
vt -1.2360776 0.47767049
vt -1.2360776 0.51200006
vt 0.47767049 0.51200006
vt -1.2360776 0.51200006
vt -1.2360776 0.51957139
vt 0.51957139 0.51200006
vt 0.47767049 0.51200006
vt 1.23607752 0.51200006
vt 0.51957139 0.51200006
vt 1.23607752 0.51200006
vt -0.23146048 0.51428676
vt 0.47767049 0.51428676
vt -0.23146048 0.51428676
vt 0.51957139 0.51428676
vt -0.19827233 0.51428676
vt 0.47767049 0.51428676
vt -0.19827233 0.51428676
vt 0.51957139 0.51428676
vt 0.19827225 0.51428676
vt 0.47767049 0.51428676
vt 0.19827225 0.51428676
vt 0.51957139 0.51428676
vt 0.2314604 0.51428676
vt 0.47767049 0.51428676
vt 0.2314604 0.51428676
vt 0.51957139 0.51428676
vt -0.35180157 0.51596308
vt 0.47767049 0.51596308
vt -0.35180157 0.51596308
vt 0.51957139 0.51596308
vt -0.31861342 0.51596308
vt 0.47767049 0.51596308
vt -0.31861342 0.51596308
vt 0.51957139 0.51596308
vt 0.31861334 0.51596308
vt 0.47767049 0.51596308
vt 0.31861334 0.51596308
vt 0.51957139 0.51596308
vt 0.35180149 0.51596308
vt 0.47767049 0.51596308
vt 0.35180149 0.51596308
vt 0.51957139 0.51596308
vt -0.23204589 0.5187333
vt 0.47767049 0.5187333
vt -0.23204589 0.5187333
vt 0.51957139 0.5187333
vt -0.19768692 0.5187333
vt 0.47767049 0.5187333
vt -0.19768692 0.5187333
vt 0.51957139 0.5187333
vt 0.19768684 0.5187333
vt 0.47767049 0.5187333
vt 0.19768684 0.5187333
vt 0.51957139 0.5187333
vt 0.23204581 0.5187333
vt 0.47767049 0.5187333
vt 0.23204581 0.5187333
vt 0.51957139 0.5187333
vt -0.35238698 0.52040961
vt 0.47767049 0.52040961
vt -0.35238698 0.52040961
vt 0.51957139 0.52040961
vt -0.318028 0.52040961
vt 0.47767049 0.52040961
vt -0.318028 0.52040961
vt 0.51957139 0.52040961
vt 0.31802793 0.52040961
vt 0.47767049 0.52040961
vt 0.31802793 0.52040961
vt 0.51957139 0.52040961
vt 0.3523869 0.52040961
vt 0.47767049 0.52040961
vt 0.3523869 0.52040961
vt 0.51957139 0.52040961
vt 0.01775063 0.52284516
vt 0.47767049 0.52284516
vt 0.01775063 0.52284516
vt 0.51957139 0.52284516
vt -0.23146048 0.52317983
vt 0.47767049 0.52317983
vt -0.23146048 0.52317983
vt 0.51957139 0.52317983
vt -0.19827233 0.52317983
vt 0.47767049 0.52317983
vt -0.19827233 0.52317983
vt 0.51957139 0.52317983
vt 0.19827225 0.52317983
vt 0.47767049 0.52317983
vt 0.19827225 0.52317983
vt 0.51957139 0.52317983
vt 0.2314604 0.52317983
vt 0.47767049 0.52317983
vt 0.2314604 0.52317983
vt 0.51957139 0.52317983
vt -0.35180157 0.52485614
vt 0.47767049 0.52485614
vt -0.35180157 0.52485614
vt 0.51957139 0.52485614
vt -0.31861342 0.52485614
vt 0.47767049 0.52485614
vt -0.31861342 0.52485614
vt 0.51957139 0.52485614
vt 0.31861334 0.52485614
vt 0.47767049 0.52485614
vt 0.31861334 0.52485614
vt 0.51957139 0.52485614
vt 0.35180149 0.52485614
vt 0.47767049 0.52485614
vt 0.35180149 0.52485614
vt 0.51957139 0.52485614
vt -0.22974421 0.52732267
vt 0.47767049 0.52732267
vt -0.22974421 0.52732267
vt 0.51957139 0.52732267
vt -0.1999886 0.52732267
vt 0.47767049 0.52732267
vt -0.1999886 0.52732267
vt 0.51957139 0.52732267
vt 0.19998852 0.52732267
vt 0.47767049 0.52732267
vt 0.19998852 0.52732267
vt 0.51957139 0.52732267
vt 0.22974413 0.52732267
vt 0.47767049 0.52732267
vt 0.22974413 0.52732267
vt 0.51957139 0.52732267
vt -0.3500853 0.52899898
vt 0.47767049 0.52899898
vt -0.3500853 0.52899898
vt 0.51957139 0.52899898
vt -0.32032969 0.52899898
vt 0.47767049 0.52899898
vt -0.32032969 0.52899898
vt 0.51957139 0.52899898
vt 0.32032961 0.52899898
vt 0.47767049 0.52899898
vt 0.32032961 0.52899898
vt 0.51957139 0.52899898
vt 0.35008522 0.52899898
vt 0.47767049 0.52899898
vt 0.35008522 0.52899898
vt 0.51957139 0.52899898
vt -0.03647339 0.52998399
vt 0.47767049 0.52998399
vt -0.03647339 0.52998399
vt 0.51957139 0.52998399
vt 0.07197464 0.52998399
vt 0.47767049 0.52998399
vt 0.07197464 0.52998399
vt 0.51957139 0.52998399
vt -0.22701395 0.53088109
vt 0.47767049 0.53088109
vt -0.22701395 0.53088109
vt 0.51957139 0.53088109
vt -0.20271836 0.53088109
vt 0.47767049 0.53088109
vt -0.20271836 0.53088109
vt 0.51957139 0.53088109
vt 0.20271878 0.53088109
vt 0.47767049 0.53088109
vt 0.20271878 0.53088109
vt 0.51957139 0.53088109
vt 0.22701387 0.53088109
vt 0.47767049 0.53088109
vt 0.22701387 0.53088109
vt 0.51957139 0.53088109
vt -0.34735504 0.53255741
vt 0.47767049 0.53255741
vt -0.34735504 0.53255741
vt 0.51957139 0.53255741
vt -0.32305995 0.53255741
vt 0.47767049 0.53255741
vt -0.32305995 0.53255741
vt 0.51957139 0.53255741
vt 0.32305987 0.53255741
vt 0.47767049 0.53255741
vt 0.32305987 0.53255741
vt 0.51957139 0.53255741
vt 0.34735496 0.53255741
vt 0.47767049 0.53255741
vt 0.34735496 0.53255741
vt 0.51957139 0.53255741
vt -0.22345602 0.53361035
vt 0.47767049 0.53361035
vt -0.22345602 0.53361035
vt 0.51957139 0.53361035
vt -0.20627679 0.53361035
vt 0.47767049 0.53361035
vt -0.20627679 0.53361035
vt 0.51957139 0.53361035
vt 0.20627671 0.53361035
vt 0.47767049 0.53361035
vt 0.20627671 0.53361035
vt 0.51957139 0.53361035
vt 0.22345595 0.53361035
vt 0.47767049 0.53361035
vt 0.22345595 0.53361035
vt 0.51957139 0.53361035
vt -0.34379711 0.53528766
vt 0.47767049 0.53528766
vt -0.34379711 0.53528766
vt 0.51957139 0.53528766
vt -0.32661787 0.53528766
vt 0.47767049 0.53528766
vt -0.32661787 0.53528766
vt 0.51957139 0.53528766
vt 0.32661779 0.53528766
vt 0.47767049 0.53528766
vt 0.32661779 0.53528766
vt 0.51957139 0.53528766
vt 0.34379703 0.53528766
vt 0.47767049 0.53528766
vt 0.34379703 0.53528766
vt 0.51957139 0.53528766
vt -0.21931269 0.53532662
vt 0.47767049 0.53532662
vt -0.21931269 0.53532662
vt 0.51957139 0.53532662
vt -0.21042012 0.53532662
vt 0.47767049 0.53532662
vt -0.21042012 0.53532662
vt 0.51957139 0.53532662
vt 0.21042004 0.53532662
vt 0.47767049 0.53532662
vt 0.21042004 0.53532662
vt 0.51957139 0.53532662
vt 0.21931261 0.53532662
vt 0.47767049 0.53532662
vt 0.21931261 0.53532662
vt 0.51957139 0.53532662
vt -0.21486616 0.53591204
vt 0.47767049 0.53591204
vt -0.21486616 0.53591204
vt 0.51957139 0.53591204
vt 0.21486608 0.53591204
vt 0.47767049 0.53591204
vt 0.21486608 0.53591204
vt 0.51957139 0.53591204
vt -0.33965378 0.53700394
vt 0.47767049 0.53700394
vt -0.33965378 0.53700394
vt 0.51957139 0.53700394
vt -0.33076121 0.53700394
vt 0.47767049 0.53700394
vt -0.33076121 0.53700394
vt 0.51957139 0.53700394
vt 0.33076113 0.53700394
vt 0.47767049 0.53700394
vt 0.33076113 0.53700394
vt 0.51957139 0.53700394
vt 0.3396537 0.53700394
vt 0.47767049 0.53700394
vt 0.3396537 0.53700394
vt 0.51957139 0.53700394
vt -0.33520774 0.53758935
vt 0.47767049 0.53758935
vt -0.33520774 0.53758935
vt 0.51957139 0.53758935
vt 0.33520766 0.53758935
vt 0.47767049 0.53758935
vt 0.33520766 0.53758935
vt 0.51957139 0.53758935
vt 0.47767049 0.53839754
vt 1.20968005 0.53839754
vt 0.51957139 0.55033954
vt 1.19773805 0.55033954
vt -0.08700163 0.55091396
vt 0.47767049 0.55091396
vt -0.08700163 0.55091396
vt 0.51957139 0.55091396
vt 0.12250288 0.55091396
vt 0.47767049 0.55091396
vt 0.12250288 0.55091396
vt 0.51957139 0.55091396
vt -0.13039153 0.58420751
vt 0.47767049 0.58420751
vt -0.13039153 0.58420751
vt 0.51957139 0.58420751
vt 0.16589278 0.58420751
vt 0.47767049 0.58420751
vt 0.16589278 0.58420751
vt 0.51957139 0.58420751
vt -1.14219044 0.47767049
vt -1.14219044 0.60588773
vt -1.14219044 0.51957139
vt -1.14219044 0.60588773
vt -1.07433461 0.60588773
vt -1.06239311 0.60588773
vt -0.88167069 0.60588773
vt -0.88167069 0.60588773
vt -0.8249277 0.60588773
vt -0.8249277 0.60588773
vt -0.70761008 0.60588773
vt -0.70761008 0.60588773
vt -0.60816399 0.60588773
vt -0.60816399 0.60588773
vt -0.53995652 0.60588773
vt -0.53995652 0.60588773
vt -0.50050666 0.60588773
vt -0.48856466 0.60588773
vt -0.46100385 0.60588773
vt -0.42706445 0.60588773
vt -0.41677729 0.60588773
vt -0.3999447 0.60588773
vt -0.36724056 0.60588773
vt -0.36724056 0.60588773
vt -0.35615819 0.60588773
vt -0.35615819 0.60588773
vt -0.29330634 0.60588773
vt -0.29330634 0.60588773
vt -0.25999531 0.60588773
vt -0.25999531 0.60588773
vt -0.2331358 0.60588773
vt -0.2331358 0.60588773
vt -0.1947204 0.60588773
vt -0.1947204 0.60588773
vt 0.23313572 0.60588773
vt 0.23313572 0.60588773
vt 0.29330676 0.60588773
vt 0.29330676 0.60588773
vt 0.35615811 0.60588773
vt 0.35615811 0.60588773
vt 0.38560403 0.60588773
vt 0.38560403 0.60588773
vt 0.39994462 0.60588773
vt 0.41188612 0.60588773
vt 0.51936164 0.60588773
vt 0.51936164 0.60588773
vt 0.59260505 0.60588773
vt 0.59260505 0.60588773
vt 0.71052157 0.60588773
vt 0.71052157 0.60588773
vt 0.84441005 0.60588773
vt 0.84441005 0.60588773
vt 1.07643492 0.60588773
vt 1.08837693 0.60588773
vt 0.47767049 0.60588773
vt 1.14218986 0.60588773
vt 0.51957139 0.60588773
vt 1.14218986 0.60588773
vt -0.16368558 0.62759791
vt 0.47767049 0.62759791
vt -0.16368558 0.62759791
vt 0.51957139 0.62759791
vt 0.19918683 0.62759791
vt 0.47767049 0.62759791
vt 0.19918683 0.62759791
vt 0.51957139 0.62759791
vt 0.51957139 0.65970066
vt 1.08837693 0.65970066
vt 0.47767049 0.67164266
vt 1.07643492 0.67164266
vt -1.07433461 0.51957139
vt -1.07433461 0.67374355
vt -0.37710864 0.67418611
vt 0.47767049 0.67418611
vt -0.37710864 0.67418611
vt 0.51957139 0.67418611
vt 0.37710856 0.67418611
vt 0.47767049 0.67418611
vt 0.37710856 0.67418611
vt 0.51957139 0.67418611
vt -0.38155468 0.67477152
vt 0.47767049 0.67477152
vt -0.38155468 0.67477152
vt 0.51957139 0.67477152
vt -0.37266211 0.67477152
vt 0.47767049 0.67477152
vt -0.37266211 0.67477152
vt 0.51957139 0.67477152
vt 0.37266203 0.67477152
vt 0.47767049 0.67477152
vt 0.37266203 0.67477152
vt 0.51957139 0.67477152
vt 0.3815546 0.67477152
vt 0.47767049 0.67477152
vt 0.3815546 0.67477152
vt 0.51957139 0.67477152
vt -0.38569801 0.67648779
vt 0.47767049 0.67648779
vt -0.38569801 0.67648779
vt 0.51957139 0.67648779
vt -0.36851877 0.67648779
vt 0.47767049 0.67648779
vt -0.36851877 0.67648779
vt 0.51957139 0.67648779
vt 0.36851869 0.67648779
vt 0.47767049 0.67648779
vt 0.36851869 0.67648779
vt 0.51957139 0.67648779
vt 0.38569793 0.67648779
vt 0.47767049 0.67648779
vt 0.38569793 0.67648779
vt 0.51957139 0.67648779
vt -0.18461555 0.67812615
vt 0.47767049 0.67812615
vt -0.18461555 0.67812615
vt 0.51957139 0.67812615
vt 0.2201168 0.67812615
vt 0.47767049 0.67812615
vt 0.2201168 0.67812615
vt 0.51957139 0.67812615
vt -0.38925594 0.67921805
vt 0.47767049 0.67921805
vt -0.38925594 0.67921805
vt 0.51957139 0.67921805
vt -0.36496085 0.67921805
vt 0.47767049 0.67921805
vt -0.36496085 0.67921805
vt 0.51957139 0.67921805
vt 0.36496077 0.67921805
vt 0.47767049 0.67921805
vt 0.36496077 0.67921805
vt 0.51957139 0.67921805
vt 0.38925636 0.67921805
vt 0.47767049 0.67921805
vt 0.38925636 0.67921805
vt 0.51957139 0.67921805
vt -0.3919862 0.68277548
vt 0.47767049 0.68277548
vt -0.3919862 0.68277548
vt 0.51957139 0.68277548
vt -0.36223059 0.68277548
vt 0.47767049 0.68277548
vt -0.36223059 0.68277548
vt 0.51957139 0.68277548
vt 0.36223051 0.68277548
vt 0.47767049 0.68277548
vt 0.36223051 0.68277548
vt 0.51957139 0.68277548
vt 0.39198612 0.68277548
vt 0.47767049 0.68277548
vt 0.39198612 0.68277548
vt 0.51957139 0.68277548
vt -1.06239311 0.47767049
vt -1.06239311 0.68568455
vt -0.39370247 0.68691931
vt 0.47767049 0.68691931
vt -0.39370247 0.68691931
vt 0.51957139 0.68691931
vt -0.36051432 0.68691931
vt 0.47767049 0.68691931
vt -0.36051432 0.68691931
vt 0.51957139 0.68691931
vt 0.36051424 0.68691931
vt 0.47767049 0.68691931
vt 0.36051424 0.68691931
vt 0.51957139 0.68691931
vt 0.39370239 0.68691931
vt 0.47767049 0.68691931
vt 0.39370239 0.68691931
vt 0.51957139 0.68691931
vt -0.39428788 0.69136584
vt 0.47767049 0.69136584
vt -0.39428788 0.69136584
vt 0.51957139 0.69136584
vt -0.35992891 0.69136584
vt 0.47767049 0.69136584
vt -0.35992891 0.69136584
vt 0.51957139 0.69136584
vt 0.35992933 0.69136584
vt 0.47767049 0.69136584
vt 0.35992933 0.69136584
vt 0.51957139 0.69136584
vt 0.3942878 0.69136584
vt 0.47767049 0.69136584
vt 0.3942878 0.69136584
vt 0.51957139 0.69136584
vt -0.39370247 0.69581138
vt 0.47767049 0.69581138
vt -0.39370247 0.69581138
vt 0.51957139 0.69581138
vt -0.36051432 0.69581138
vt 0.47767049 0.69581138
vt -0.36051432 0.69581138
vt 0.51957139 0.69581138
vt 0.36051424 0.69581138
vt 0.47767049 0.69581138
vt 0.36051424 0.69581138
vt 0.51957139 0.69581138
vt 0.39370239 0.69581138
vt 0.47767049 0.69581138
vt 0.39370239 0.69581138
vt 0.51957139 0.69581138
vt -0.3919862 0.69995521
vt 0.47767049 0.69995521
vt -0.3919862 0.69995521
vt 0.51957139 0.69995521
vt -0.36223059 0.69995521
vt 0.47767049 0.69995521
vt -0.36223059 0.69995521
vt 0.51957139 0.69995521
vt 0.36223051 0.69995521
vt 0.47767049 0.69995521
vt 0.36223051 0.69995521
vt 0.51957139 0.69995521
vt 0.39198612 0.69995521
vt 0.47767049 0.69995521
vt 0.39198612 0.69995521
vt 0.51957139 0.69995521
vt -0.38925594 0.70351364
vt 0.47767049 0.70351364
vt -0.38925594 0.70351364
vt 0.51957139 0.70351364
vt -0.36496085 0.70351364
vt 0.47767049 0.70351364
vt -0.36496085 0.70351364
vt 0.51957139 0.70351364
vt 0.36496077 0.70351364
vt 0.47767049 0.70351364
vt 0.36496077 0.70351364
vt 0.51957139 0.70351364
vt 0.38925636 0.70351364
vt 0.47767049 0.70351364
vt 0.38925636 0.70351364
vt 0.51957139 0.70351364
vt -0.38569801 0.7062429
vt 0.47767049 0.7062429
vt -0.38569801 0.7062429
vt 0.51957139 0.7062429
vt -0.36851877 0.7062429
vt 0.47767049 0.7062429
vt -0.36851877 0.7062429
vt 0.51957139 0.7062429
vt 0.36851869 0.7062429
vt 0.47767049 0.7062429
vt 0.36851869 0.7062429
vt 0.51957139 0.7062429
vt 0.38569793 0.7062429
vt 0.47767049 0.7062429
vt 0.38569793 0.7062429
vt 0.51957139 0.7062429
vt -0.38155468 0.70795917
vt 0.47767049 0.70795917
vt -0.38155468 0.70795917
vt 0.51957139 0.70795917
vt -0.37266211 0.70795917
vt 0.47767049 0.70795917
vt -0.37266211 0.70795917
vt 0.51957139 0.70795917
vt 0.37266203 0.70795917
vt 0.47767049 0.70795917
vt 0.37266203 0.70795917
vt 0.51957139 0.70795917
vt 0.3815546 0.70795917
vt 0.47767049 0.70795917
vt 0.3815546 0.70795917
vt 0.51957139 0.70795917
vt -0.37710864 0.70854458
vt 0.47767049 0.70854458
vt -0.37710864 0.70854458
vt 0.51957139 0.70854458
vt 0.37710856 0.70854458
vt 0.47767049 0.70854458
vt 0.37710856 0.70854458
vt 0.51957139 0.70854458
vt -0.19175388 0.73235067
vt 0.47767049 0.73235067
vt -0.19175388 0.73235067
vt 0.51957139 0.73235067
vt 0.22725513 0.73235067
vt 0.47767049 0.73235067
vt 0.22725513 0.73235067
vt 0.51957139 0.73235067
vt -1.00793283 0.47767049
vt -1.00793283 0.74014483
vt -1.00793283 0.51957139
vt -1.00793283 0.74014483
vt -0.88167069 0.74014483
vt -0.88167069 0.74014483
vt -0.8249277 0.74014483
vt -0.8249277 0.74014483
vt -0.70761008 0.74014483
vt -0.70761008 0.74014483
vt -0.60816399 0.74014483
vt -0.60816399 0.74014483
vt -0.53995652 0.74014483
vt -0.53995652 0.74014483
vt -0.50050666 0.74014483
vt -0.48856466 0.74014483
vt -0.46100385 0.74014483
vt -0.42706445 0.74014483
vt -0.41677729 0.74014483
vt -0.3999447 0.74014483
vt -0.36724056 0.74014483
vt -0.36724056 0.74014483
vt -0.35615819 0.74014483
vt -0.35615819 0.74014483
vt -0.29330634 0.74014483
vt -0.29330634 0.74014483
vt -0.25999531 0.74014483
vt -0.25999531 0.74014483
vt -0.2331358 0.74014483
vt -0.2331358 0.74014483
vt -0.1947204 0.74014483
vt -0.1947204 0.74014483
vt 0.23313572 0.74014483
vt 0.23313572 0.74014483
vt 0.29330676 0.74014483
vt 0.29330676 0.74014483
vt 0.35615811 0.74014483
vt 0.35615811 0.74014483
vt 0.38560403 0.74014483
vt 0.38560403 0.74014483
vt 0.39994462 0.74014483
vt 0.41188612 0.74014483
vt 0.51936164 0.74014483
vt 0.51936164 0.74014483
vt 0.59260505 0.74014483
vt 0.59260505 0.74014483
vt 0.71052157 0.74014483
vt 0.71052157 0.74014483
vt 0.84441005 0.74014483
vt 0.84441005 0.74014483
vt 0.47767049 0.74014483
vt 1.00793275 0.74014483
vt 0.51957139 0.74014483
vt 1.00793275 0.74014483
vt -0.90366759 0.77174508
vt 0.47767049 0.77174508
vt -0.90366759 0.77174508
vt 0.51957139 0.77174508
vt 0.47767049 0.77174508
vt 0.90366751 0.77174508
vt 0.51957139 0.77174508
vt 0.90366751 0.77174508
vt -0.9071376 0.77220262
vt 0.47767049 0.77220262
vt -0.9071376 0.77220262
vt 0.51957139 0.77220262
vt -0.90019708 0.77220262
vt 0.47767049 0.77220262
vt -0.90019708 0.77220262
vt 0.51957139 0.77220262
vt 0.47767049 0.77220262
vt 0.900197 0.77220262
vt 0.51957139 0.77220262
vt 0.900197 0.77220262
vt 0.47767049 0.77220262
vt 0.90713802 0.77220262
vt 0.51957139 0.77220262
vt 0.90713802 0.77220262
vt -0.91037135 0.77354128
vt 0.47767049 0.77354128
vt -0.91037135 0.77354128
vt 0.51957139 0.77354128
vt -0.89696333 0.77354128
vt 0.47767049 0.77354128
vt -0.89696333 0.77354128
vt 0.51957139 0.77354128
vt 0.47767049 0.77354128
vt 0.89696325 0.77354128
vt 0.51957139 0.77354128
vt 0.89696325 0.77354128
vt 0.47767049 0.77354128
vt 0.91037177 0.77354128
vt 0.51957139 0.77354128
vt 0.91037177 0.77354128
vt -0.91314856 0.77567214
vt 0.47767049 0.77567214
vt -0.91314856 0.77567214
vt 0.51957139 0.77567214
vt -0.89418612 0.77567214
vt 0.47767049 0.77567214
vt -0.89418612 0.77567214
vt 0.51957139 0.77567214
vt 0.47767049 0.77567214
vt 0.89418604 0.77567214
vt 0.51957139 0.77567214
vt 0.89418604 0.77567214
vt 0.47767049 0.77567214
vt 0.91314898 0.77567214
vt 0.51957139 0.77567214
vt 0.91314898 0.77567214
vt -0.91527942 0.77844935
vt 0.47767049 0.77844935
vt -0.91527942 0.77844935
vt 0.51957139 0.77844935
vt -0.89205526 0.77844935
vt 0.47767049 0.77844935
vt -0.89205526 0.77844935
vt 0.51957139 0.77844935
vt 0.47767049 0.77844935
vt 0.89205518 0.77844935
vt 0.51957139 0.77844935
vt 0.89205518 0.77844935
vt 0.47767049 0.77844935
vt 0.91527884 0.77844935
vt 0.51957139 0.77844935
vt 0.91527884 0.77844935
vt -0.91661858 0.7816831
vt 0.47767049 0.7816831
vt -0.91661858 0.7816831
vt 0.51957139 0.7816831
vt -0.8907161 0.7816831
vt 0.47767049 0.7816831
vt -0.8907161 0.7816831
vt 0.51957139 0.7816831
vt 0.47767049 0.7816831
vt 0.89071552 0.7816831
vt 0.51957139 0.7816831
vt 0.89071552 0.7816831
vt 0.47767049 0.7816831
vt 0.9166185 0.7816831
vt 0.51957139 0.7816831
vt 0.9166185 0.7816831
vt -0.91707562 0.78515361
vt 0.47767049 0.78515361
vt -0.91707562 0.78515361
vt 0.51957139 0.78515361
vt -0.89025906 0.78515361
vt 0.47767049 0.78515361
vt -0.89025906 0.78515361
vt 0.51957139 0.78515361
vt 0.47767049 0.78515361
vt 0.89025898 0.78515361
vt 0.51957139 0.78515361
vt 0.89025898 0.78515361
vt 0.47767049 0.78515361
vt 0.91707604 0.78515361
vt 0.51957139 0.78515361
vt 0.91707604 0.78515361
vt -0.18461555 0.78657418
vt 0.47767049 0.78657418
vt -0.18461555 0.78657418
vt 0.51957139 0.78657418
vt 0.2201168 0.78657418
vt 0.47767049 0.78657418
vt 0.2201168 0.78657418
vt 0.51957139 0.78657418
vt -0.91661858 0.78862413
vt 0.47767049 0.78862413
vt -0.91661858 0.78862413
vt 0.51957139 0.78862413
vt -0.8907161 0.78862413
vt 0.47767049 0.78862413
vt -0.8907161 0.78862413
vt 0.51957139 0.78862413
vt 0.47767049 0.78862413
vt 0.89071552 0.78862413
vt 0.51957139 0.78862413
vt 0.89071552 0.78862413
vt 0.47767049 0.78862413
vt 0.9166185 0.78862413
vt 0.51957139 0.78862413
vt 0.9166185 0.78862413
vt -0.91527942 0.79185788
vt 0.47767049 0.79185788
vt -0.91527942 0.79185788
vt 0.51957139 0.79185788
vt -0.89205526 0.79185788
vt 0.47767049 0.79185788
vt -0.89205526 0.79185788
vt 0.51957139 0.79185788
vt 0.47767049 0.79185788
vt 0.89205518 0.79185788
vt 0.51957139 0.79185788
vt 0.89205518 0.79185788
vt 0.47767049 0.79185788
vt 0.91527884 0.79185788
vt 0.51957139 0.79185788
vt 0.91527884 0.79185788
vt -0.91314856 0.79463509
vt 0.47767049 0.79463509
vt -0.91314856 0.79463509
vt 0.51957139 0.79463509
vt -0.89418612 0.79463509
vt 0.47767049 0.79463509
vt -0.89418612 0.79463509
vt 0.51957139 0.79463509
vt 0.47767049 0.79463509
vt 0.89418604 0.79463509
vt 0.51957139 0.79463509
vt 0.89418604 0.79463509
vt 0.47767049 0.79463509
vt 0.91314898 0.79463509
vt 0.51957139 0.79463509
vt 0.91314898 0.79463509
vt -0.91037135 0.79676594
vt 0.47767049 0.79676594
vt -0.91037135 0.79676594
vt 0.51957139 0.79676594
vt -0.89696333 0.79676594
vt 0.47767049 0.79676594
vt -0.89696333 0.79676594
vt 0.51957139 0.79676594
vt 0.47767049 0.79676594
vt 0.89696325 0.79676594
vt 0.51957139 0.79676594
vt 0.89696325 0.79676594
vt 0.47767049 0.79676594
vt 0.91037177 0.79676594
vt 0.51957139 0.79676594
vt 0.91037177 0.79676594
vt -0.9071376 0.7981046
vt 0.47767049 0.7981046
vt -0.9071376 0.7981046
vt 0.51957139 0.7981046
vt -0.90019708 0.7981046
vt 0.47767049 0.7981046
vt -0.90019708 0.7981046
vt 0.51957139 0.7981046
vt 0.47767049 0.7981046
vt 0.900197 0.7981046
vt 0.51957139 0.7981046
vt 0.900197 0.7981046
vt 0.47767049 0.7981046
vt 0.90713802 0.7981046
vt 0.51957139 0.7981046
vt 0.90713802 0.7981046
vt -0.90366759 0.79856214
vt 0.47767049 0.79856214
vt -0.90366759 0.79856214
vt 0.51957139 0.79856214
vt 0.47767049 0.79856214
vt 0.90366751 0.79856214
vt 0.51957139 0.79856214
vt 0.90366751 0.79856214
vt -0.16368558 0.83710242
vt 0.47767049 0.83710242
vt -0.16368558 0.83710242
vt 0.51957139 0.83710242
vt 0.19918683 0.83710242
vt 0.47767049 0.83710242
vt 0.19918683 0.83710242
vt 0.51957139 0.83710242
vt -0.90366759 0.47767049
vt -0.90366759 0.84441007
vt -0.90366759 0.51957139
vt -0.90366759 0.84441007
vt -0.88167069 0.84441007
vt -0.88167069 0.84441007
vt -0.8249277 0.84441007
vt -0.8249277 0.84441007
vt -0.70761008 0.84441007
vt -0.70761008 0.84441007
vt -0.60816399 0.84441007
vt -0.60816399 0.84441007
vt -0.53995652 0.84441007
vt -0.53995652 0.84441007
vt -0.50050666 0.84441007
vt -0.48856466 0.84441007
vt -0.46100385 0.84441007
vt -0.42706445 0.84441007
vt -0.41677729 0.84441007
vt -0.3999447 0.84441007
vt -0.36724056 0.84441007
vt -0.36724056 0.84441007
vt -0.35615819 0.84441007
vt -0.35615819 0.84441007
vt -0.29330634 0.84441007
vt -0.29330634 0.84441007
vt -0.25999531 0.84441007
vt -0.25999531 0.84441007
vt -0.2331358 0.84441007
vt -0.2331358 0.84441007
vt -0.1947204 0.84441007
vt -0.1947204 0.84441007
vt 0.23313572 0.84441007
vt 0.23313572 0.84441007
vt 0.29330676 0.84441007
vt 0.29330676 0.84441007
vt 0.35615811 0.84441007
vt 0.35615811 0.84441007
vt 0.38560403 0.84441007
vt 0.38560403 0.84441007
vt 0.39994462 0.84441007
vt 0.41188612 0.84441007
vt 0.51936164 0.84441007
vt 0.51936164 0.84441007
vt 0.59260505 0.84441007
vt 0.59260505 0.84441007
vt 0.71052157 0.84441007
vt 0.71052157 0.84441007
vt 0.84441005 0.84441007
vt 0.84441005 0.84441007
vt 0.47767049 0.84441007
vt 0.90366751 0.84441007
vt 0.51957139 0.84441007
vt 0.90366751 0.84441007
vt -0.88167069 0.47767049
vt -0.88167069 0.86640697
vt -0.88167069 0.51957139
vt -0.88167069 0.86640697
vt -0.13039153 0.88049282
vt 0.47767049 0.88049282
vt -0.13039153 0.88049282
vt 0.51957139 0.88049282
vt 0.16589278 0.88049282
vt 0.47767049 0.88049282
vt 0.16589278 0.88049282
vt 0.51957139 0.88049282
vt -0.78515366 0.89025901
vt 0.47767049 0.89025901
vt -0.78515366 0.89025901
vt 0.51957139 0.89025901
vt 0.47767049 0.89025901
vt 0.78515359 0.89025901
vt 0.51957139 0.89025901
vt 0.78515359 0.89025901
vt -0.78862418 0.89071555
vt 0.47767049 0.89071555
vt -0.78862418 0.89071555
vt 0.51957139 0.89071555
vt -0.78168315 0.89071555
vt 0.47767049 0.89071555
vt -0.78168315 0.89071555
vt 0.51957139 0.89071555
vt 0.47767049 0.89071555
vt 0.78168307 0.89071555
vt 0.51957139 0.89071555
vt 0.78168307 0.89071555
vt 0.47767049 0.89071555
vt 0.7886241 0.89071555
vt 0.51957139 0.89071555
vt 0.7886241 0.89071555
vt -0.79185793 0.8920552
vt 0.47767049 0.8920552
vt -0.79185793 0.8920552
vt 0.51957139 0.8920552
vt -0.7784494 0.8920552
vt 0.47767049 0.8920552
vt -0.7784494 0.8920552
vt 0.51957139 0.8920552
vt 0.47767049 0.8920552
vt 0.77844932 0.8920552
vt 0.51957139 0.8920552
vt 0.77844932 0.8920552
vt 0.47767049 0.8920552
vt 0.79185785 0.8920552
vt 0.51957139 0.8920552
vt 0.79185785 0.8920552
vt -0.79463464 0.89418606
vt 0.47767049 0.89418606
vt -0.79463464 0.89418606
vt 0.51957139 0.89418606
vt -0.77567269 0.89418606
vt 0.47767049 0.89418606
vt -0.77567269 0.89418606
vt 0.51957139 0.89418606
vt 0.47767049 0.89418606
vt 0.77567211 0.89418606
vt 0.51957139 0.89418606
vt 0.77567211 0.89418606
vt 0.47767049 0.89418606
vt 0.79463506 0.89418606
vt 0.51957139 0.89418606
vt 0.79463506 0.89418606
vt -0.7967655 0.89696327
vt 0.47767049 0.89696327
vt -0.7967655 0.89696327
vt 0.51957139 0.89696327
vt -0.77354183 0.89696327
vt 0.47767049 0.89696327
vt -0.77354183 0.89696327
vt 0.51957139 0.89696327
vt 0.47767049 0.89696327
vt 0.77354125 0.89696327
vt 0.51957139 0.89696327
vt 0.77354125 0.89696327
vt 0.47767049 0.89696327
vt 0.79676592 0.89696327
vt 0.51957139 0.89696327
vt 0.79676592 0.89696327
vt -0.79810515 0.90019702
vt 0.47767049 0.90019702
vt -0.79810515 0.90019702
vt 0.51957139 0.90019702
vt -0.77220218 0.90019702
vt 0.47767049 0.90019702
vt -0.77220218 0.90019702
vt 0.51957139 0.90019702
vt 0.47767049 0.90019702
vt 0.7722026 0.90019702
vt 0.51957139 0.90019702
vt 0.7722026 0.90019702
vt 0.47767049 0.90019702
vt 0.79810457 0.90019702
vt 0.51957139 0.90019702
vt 0.79810457 0.90019702
vt -0.79856169 0.90366754
vt 0.47767049 0.90366754
vt -0.79856169 0.90366754
vt 0.51957139 0.90366754
vt -0.77174514 0.90366754
vt 0.47767049 0.90366754
vt -0.77174514 0.90366754
vt 0.51957139 0.90366754
vt 0.47767049 0.90366754
vt 0.77174506 0.90366754
vt 0.51957139 0.90366754
vt 0.77174506 0.90366754
vt 0.47767049 0.90366754
vt 0.79856211 0.90366754
vt 0.51957139 0.90366754
vt 0.79856211 0.90366754
vt 0.47767049 0.90366754
vt 0.84441005 0.90366754
vt 0.51957139 0.90366754
vt 0.84441005 0.90366754
vt -0.79810515 0.90713805
vt 0.47767049 0.90713805
vt -0.79810515 0.90713805
vt 0.51957139 0.90713805
vt -0.77220218 0.90713805
vt 0.47767049 0.90713805
vt -0.77220218 0.90713805
vt 0.51957139 0.90713805
vt 0.47767049 0.90713805
vt 0.7722026 0.90713805
vt 0.51957139 0.90713805
vt 0.7722026 0.90713805
vt 0.47767049 0.90713805
vt 0.79810457 0.90713805
vt 0.51957139 0.90713805
vt 0.79810457 0.90713805
vt -0.7967655 0.9103718
vt 0.47767049 0.9103718
vt -0.7967655 0.9103718
vt 0.51957139 0.9103718
vt -0.77354183 0.9103718
vt 0.47767049 0.9103718
vt -0.77354183 0.9103718
vt 0.51957139 0.9103718
vt 0.47767049 0.9103718
vt 0.77354125 0.9103718
vt 0.51957139 0.9103718
vt 0.77354125 0.9103718
vt 0.47767049 0.9103718
vt 0.79676592 0.9103718
vt 0.51957139 0.9103718
vt 0.79676592 0.9103718
vt -0.79463464 0.91314801
vt 0.47767049 0.91314801
vt -0.79463464 0.91314801
vt 0.51957139 0.91314801
vt -0.77567269 0.91314801
vt 0.47767049 0.91314801
vt -0.77567269 0.91314801
vt 0.51957139 0.91314801
vt 0.47767049 0.91314801
vt 0.77567211 0.91314801
vt 0.51957139 0.91314801
vt 0.77567211 0.91314801
vt 0.47767049 0.91314801
vt 0.79463506 0.91314801
vt 0.51957139 0.91314801
vt 0.79463506 0.91314801
vt -0.08700163 0.91378637
vt 0.47767049 0.91378637
vt -0.08700163 0.91378637
vt 0.51957139 0.91378637
vt 0.12250288 0.91378637
vt 0.47767049 0.91378637
vt 0.12250288 0.91378637
vt 0.51957139 0.91378637
vt -0.79185793 0.91527887
vt 0.47767049 0.91527887
vt -0.79185793 0.91527887
vt 0.51957139 0.91527887
vt -0.7784494 0.91527887
vt 0.47767049 0.91527887
vt -0.7784494 0.91527887
vt 0.51957139 0.91527887
vt 0.47767049 0.91527887
vt 0.77844932 0.91527887
vt 0.51957139 0.91527887
vt 0.77844932 0.91527887
vt 0.47767049 0.91527887
vt 0.79185785 0.91527887
vt 0.51957139 0.91527887
vt 0.79185785 0.91527887
vt -0.78862418 0.91661852
vt 0.47767049 0.91661852
vt -0.78862418 0.91661852
vt 0.51957139 0.91661852
vt -0.78168315 0.91661852
vt 0.47767049 0.91661852
vt -0.78168315 0.91661852
vt 0.51957139 0.91661852
vt 0.47767049 0.91661852
vt 0.78168307 0.91661852
vt 0.51957139 0.91661852
vt 0.78168307 0.91661852
vt 0.47767049 0.91661852
vt 0.7886241 0.91661852
vt 0.51957139 0.91661852
vt 0.7886241 0.91661852
vt -0.78515366 0.91707606
vt 0.47767049 0.91707606
vt -0.78515366 0.91707606
vt 0.51957139 0.91707606
vt 0.47767049 0.91707606
vt 0.78515359 0.91707606
vt 0.51957139 0.91707606
vt 0.78515359 0.91707606
vt -0.8249277 0.47767049
vt -0.8249277 0.92314996
vt -0.8249277 0.51957139
vt -0.8249277 0.92314996
vt -0.03647339 0.93471634
vt 0.47767049 0.93471634
vt -0.03647339 0.93471634
vt 0.51957139 0.93471634
vt 0.07197464 0.93471634
vt 0.47767049 0.93471634
vt 0.07197464 0.93471634
vt 0.51957139 0.93471634
vt 0.01775063 0.94185517
vt 0.47767049 0.94185517
vt 0.01775063 0.94185517
vt 0.51957139 0.94185517
vt -0.73055252 0.47767049
vt -0.73055252 1.01752514
vt -0.73055252 0.51957139
vt -0.73055252 1.01752514
vt -0.70761008 1.01752514
vt -0.70761008 1.01752514
vt -0.60816399 1.01752514
vt -0.60816399 1.01752514
vt -0.53995652 1.01752514
vt -0.53995652 1.01752514
vt -0.50050666 1.01752514
vt -0.48856466 1.01752514
vt -0.46100385 1.01752514
vt -0.42706445 1.01752514
vt -0.41677729 1.01752514
vt -0.3999447 1.01752514
vt -0.36724056 1.01752514
vt -0.36724056 1.01752514
vt -0.35615819 1.01752514
vt -0.35615819 1.01752514
vt -0.29330634 1.01752514
vt -0.29330634 1.01752514
vt -0.25999531 1.01752514
vt -0.25999531 1.01752514
vt -0.2331358 1.01752514
vt -0.2331358 1.01752514
vt -0.1947204 1.01752514
vt -0.1947204 1.01752514
vt 0.14744831 1.01752514
vt 0.14744831 1.01752514
vt 0.23313572 1.01752514
vt 0.23313572 1.01752514
vt 0.29330676 1.01752514
vt 0.29330676 1.01752514
vt 0.35615811 1.01752514
vt 0.35615811 1.01752514
vt 0.38560403 1.01752514
vt 0.38560403 1.01752514
vt 0.39994462 1.01752514
vt 0.41188612 1.01752514
vt 0.51936164 1.01752514
vt 0.51936164 1.01752514
vt 0.59260505 1.01752514
vt 0.59260505 1.01752514
vt 0.71052157 1.01752514
vt 0.71052157 1.01752514
vt 0.47767049 1.01752514
vt 0.73055245 1.01752514
vt 0.51957139 1.01752514
vt 0.73055245 1.01752514
vt 0.47767049 1.03755701
vt 0.71052157 1.03755701
vt 0.51957139 1.03755701
vt 0.71052157 1.03755701
vt -0.70761008 0.47767049
vt -0.70761008 1.04046809
vt -0.70761008 0.51957139
vt -0.70761008 1.04046809
vt -0.25140544 1.09319511
vt 0.47767049 1.09319511
vt -0.25140544 1.09319511
vt 0.51957139 1.09319511
vt 0.25140586 1.09319511
vt 0.47767049 1.09319511
vt 0.25140586 1.09319511
vt 0.51957139 1.09319511
vt -0.25585198 1.09378052
vt 0.47767049 1.09378052
vt -0.25585198 1.09378052
vt 0.51957139 1.09378052
vt -0.24695941 1.09378052
vt 0.47767049 1.09378052
vt -0.24695941 1.09378052
vt 0.51957139 1.09378052
vt 0.24695933 1.09378052
vt 0.47767049 1.09378052
vt 0.24695933 1.09378052
vt 0.51957139 1.09378052
vt 0.2558519 1.09378052
vt 0.47767049 1.09378052
vt 0.2558519 1.09378052
vt 0.51957139 1.09378052
vt -0.25999531 1.0954968
vt 0.47767049 1.0954968
vt -0.25999531 1.0954968
vt 0.51957139 1.0954968
vt -0.24281607 1.0954968
vt 0.47767049 1.0954968
vt -0.24281607 1.0954968
vt 0.51957139 1.0954968
vt 0.24281599 1.0954968
vt 0.47767049 1.0954968
vt 0.24281599 1.0954968
vt 0.51957139 1.0954968
vt 0.25999523 1.0954968
vt 0.47767049 1.0954968
vt 0.25999523 1.0954968
vt 0.51957139 1.0954968
vt -0.26355324 1.09822706
vt 0.47767049 1.09822706
vt -0.26355324 1.09822706
vt 0.51957139 1.09822706
vt -0.23925815 1.09822706
vt 0.47767049 1.09822706
vt -0.23925815 1.09822706
vt 0.51957139 1.09822706
vt 0.23925807 1.09822706
vt 0.47767049 1.09822706
vt 0.23925807 1.09822706
vt 0.51957139 1.09822706
vt 0.26355316 1.09822706
vt 0.47767049 1.09822706
vt 0.26355316 1.09822706
vt 0.51957139 1.09822706
vt -0.26628349 1.10178548
vt 0.47767049 1.10178548
vt -0.26628349 1.10178548
vt 0.51957139 1.10178548
vt -0.23652789 1.10178548
vt 0.47767049 1.10178548
vt -0.23652789 1.10178548
vt 0.51957139 1.10178548
vt 0.23652781 1.10178548
vt 0.47767049 1.10178548
vt 0.23652781 1.10178548
vt 0.51957139 1.10178548
vt 0.26628341 1.10178548
vt 0.47767049 1.10178548
vt 0.26628341 1.10178548
vt 0.51957139 1.10178548
vt -0.64252147 0.47767049
vt -0.64252147 1.10555669
vt -0.60816399 1.10555669
vt -0.53995652 1.10555669
vt -0.50050666 1.10555669
vt -0.3999447 1.10555669
vt -0.36724056 1.10555669
vt -0.35615819 1.10555669
vt -0.29330634 1.10555669
vt -0.2331358 1.10555669
vt -0.1947204 1.10555669
vt 0.14744831 1.10555669
vt 0.23313572 1.10555669
vt 0.29330676 1.10555669
vt 0.35615811 1.10555669
vt 0.38560403 1.10555669
vt 0.39994462 1.10555669
vt 0.51936164 1.10555669
vt 0.59260505 1.10555669
vt 0.47767049 1.10555669
vt 0.64252189 1.10555669
vt -0.26799977 1.10592832
vt 0.47767049 1.10592832
vt -0.26799977 1.10592832
vt 0.51957139 1.10592832
vt -0.23481162 1.10592832
vt 0.47767049 1.10592832
vt -0.23481162 1.10592832
vt 0.51957139 1.10592832
vt 0.23481154 1.10592832
vt 0.47767049 1.10592832
vt 0.23481154 1.10592832
vt 0.51957139 1.10592832
vt 0.26799969 1.10592832
vt 0.47767049 1.10592832
vt 0.26799969 1.10592832
vt 0.51957139 1.10592832
vt -0.26858518 1.11037485
vt 0.47767049 1.11037485
vt -0.26858518 1.11037485
vt 0.51957139 1.11037485
vt -0.2342262 1.11037485
vt 0.47767049 1.11037485
vt -0.2342262 1.11037485
vt 0.51957139 1.11037485
vt 0.23422612 1.11037485
vt 0.47767049 1.11037485
vt 0.23422612 1.11037485
vt 0.51957139 1.11037485
vt 0.2685851 1.11037485
vt 0.47767049 1.11037485
vt 0.2685851 1.11037485
vt 0.51957139 1.11037485
vt -0.26799977 1.11482138
vt 0.47767049 1.11482138
vt -0.26799977 1.11482138
vt 0.51957139 1.11482138
vt -0.23481162 1.11482138
vt 0.47767049 1.11482138
vt -0.23481162 1.11482138
vt 0.51957139 1.11482138
vt 0.23481154 1.11482138
vt 0.47767049 1.11482138
vt 0.23481154 1.11482138
vt 0.51957139 1.11482138
vt 0.26799969 1.11482138
vt 0.47767049 1.11482138
vt 0.26799969 1.11482138
vt 0.51957139 1.11482138
vt -0.45253036 1.11791727
vt 0.45253029 1.11791727
vt -0.26628349 1.11896422
vt 0.47767049 1.11896422
vt -0.26628349 1.11896422
vt 0.51957139 1.11896422
vt -0.23652789 1.11896422
vt 0.47767049 1.11896422
vt -0.23652789 1.11896422
vt 0.51957139 1.11896422
vt 0.23652781 1.11896422
vt 0.47767049 1.11896422
vt 0.23652781 1.11896422
vt 0.51957139 1.11896422
vt 0.26628341 1.11896422
vt 0.47767049 1.11896422
vt 0.26628341 1.11896422
vt 0.51957139 1.11896422
vt -0.46467616 1.11951567
vt -0.44038407 1.11951567
vt 0.44038399 1.11951567
vt 0.46467608 1.11951567
vt -0.26355324 1.12252264
vt 0.47767049 1.12252264
vt -0.26355324 1.12252264
vt 0.51957139 1.12252264
vt -0.23925815 1.12252264
vt 0.47767049 1.12252264
vt -0.23925815 1.12252264
vt 0.51957139 1.12252264
vt 0.23925807 1.12252264
vt 0.47767049 1.12252264
vt 0.23925807 1.12252264
vt 0.51957139 1.12252264
vt 0.26355316 1.12252264
vt 0.47767049 1.12252264
vt 0.26355316 1.12252264
vt 0.51957139 1.12252264
vt -0.47599479 1.12420396
vt -0.42906544 1.12420396
vt 0.42906586 1.12420396
vt 0.47599471 1.12420396
vt -0.25999531 1.1252529
vt 0.47767049 1.1252529
vt -0.25999531 1.1252529
vt 0.51957139 1.1252529
vt -0.24281607 1.1252529
vt 0.47767049 1.1252529
vt -0.24281607 1.1252529
vt 0.51957139 1.1252529
vt 0.24281599 1.1252529
vt 0.47767049 1.1252529
vt 0.24281599 1.1252529
vt 0.51957139 1.1252529
vt 0.25999523 1.1252529
vt 0.47767049 1.1252529
vt 0.25999523 1.1252529
vt 0.51957139 1.1252529
vt -0.25585198 1.12696918
vt 0.47767049 1.12696918
vt -0.25585198 1.12696918
vt 0.51957139 1.12696918
vt -0.24695941 1.12696918
vt 0.47767049 1.12696918
vt -0.24695941 1.12696918
vt 0.51957139 1.12696918
vt 0.24695933 1.12696918
vt 0.47767049 1.12696918
vt 0.24695933 1.12696918
vt 0.51957139 1.12696918
vt 0.2558519 1.12696918
vt 0.47767049 1.12696918
vt 0.2558519 1.12696918
vt 0.51957139 1.12696918
vt -0.25140544 1.12755459
vt 0.47767049 1.12755459
vt -0.25140544 1.12755459
vt 0.51957139 1.12755459
vt 0.25140586 1.12755459
vt 0.47767049 1.12755459
vt 0.25140586 1.12755459
vt 0.51957139 1.12755459
vt -0.48571402 1.13166246
vt -0.41934621 1.13166246
vt 0.41934613 1.13166246
vt 0.48571394 1.13166246
vt -0.61340023 0.51957139
vt -0.61340023 1.13467743
vt -0.60816399 1.13467743
vt -0.53995652 1.13467743
vt -0.48856466 1.13467743
vt -0.46100385 1.13467743
vt -0.42706445 1.13467743
vt -0.41677729 1.13467743
vt -0.36724056 1.13467743
vt -0.35615819 1.13467743
vt -0.29330634 1.13467743
vt -0.25999531 1.13467743
vt -0.2331358 1.13467743
vt -0.1947204 1.13467743
vt 0.14744831 1.13467743
vt 0.23313572 1.13467743
vt 0.29330676 1.13467743
vt 0.35615811 1.13467743
vt 0.38560403 1.13467743
vt 0.41188612 1.13467743
vt 0.51936164 1.13467743
vt 0.59260505 1.13467743
vt 0.51957139 1.13467743
vt 0.61340015 1.13467743
vt -0.60816399 0.47767049
vt -0.60816399 1.13991417
vt -0.60816399 0.51957139
vt -0.60816399 1.13991417
vt -0.49317203 1.1413817
vt -0.4118882 1.1413817
vt 0.41188862 1.1413817
vt 0.49317195 1.1413817
vt -0.45253036 1.14180028
vt 0.5015535 1.14180028
vt -0.45253036 1.14180028
vt 0.51957139 1.14180028
vt 0.45253029 1.14180028
vt 0.5015535 1.14180028
vt 0.45253029 1.14180028
vt 0.51957139 1.14180028
vt -0.45849487 1.14258549
vt 0.5015535 1.14258549
vt -0.45849487 1.14258549
vt 0.51957139 1.14258549
vt -0.44656536 1.14258549
vt 0.5015535 1.14258549
vt -0.44656536 1.14258549
vt 0.51957139 1.14258549
vt 0.44656578 1.14258549
vt 0.5015535 1.14258549
vt 0.44656578 1.14258549
vt 0.51957139 1.14258549
vt 0.45849479 1.14258549
vt 0.5015535 1.14258549
vt 0.45849479 1.14258549
vt 0.51957139 1.14258549
vt -0.46405279 1.14488817
vt 0.5015535 1.14488817
vt -0.46405279 1.14488817
vt 0.51957139 1.14488817
vt -0.44100744 1.14488817
vt 0.5015535 1.14488817
vt -0.44100744 1.14488817
vt 0.51957139 1.14488817
vt 0.44100736 1.14488817
vt 0.5015535 1.14488817
vt 0.44100736 1.14488817
vt 0.51957139 1.14488817
vt 0.46405271 1.14488817
vt 0.5015535 1.14488817
vt 0.46405271 1.14488817
vt 0.51957139 1.14488817
vt -0.46882599 1.14855049
vt 0.5015535 1.14855049
vt -0.46882599 1.14855049
vt 0.51957139 1.14855049
vt -0.43623474 1.14855049
vt 0.5015535 1.14855049
vt -0.43623474 1.14855049
vt 0.51957139 1.14855049
vt 0.43623466 1.14855049
vt 0.5015535 1.14855049
vt 0.43623466 1.14855049
vt 0.51957139 1.14855049
vt 0.46882591 1.14855049
vt 0.5015535 1.14855049
vt 0.46882591 1.14855049
vt 0.51957139 1.14855049
vt -0.49786032 1.15270032
vt -0.40720041 1.15270032
vt 0.40720033 1.15270032
vt 0.49786024 1.15270032
vt -0.47248831 1.1533237
vt 0.5015535 1.1533237
vt -0.47248831 1.1533237
vt 0.51957139 1.1533237
vt -0.43257192 1.1533237
vt 0.5015535 1.1533237
vt -0.43257192 1.1533237
vt 0.51957139 1.1533237
vt 0.43257234 1.1533237
vt 0.5015535 1.1533237
vt 0.43257234 1.1533237
vt 0.51957139 1.1533237
vt 0.47248823 1.1533237
vt 0.5015535 1.1533237
vt 0.47248823 1.1533237
vt 0.51957139 1.1533237
vt -0.59391631 0.47767049
vt -0.59391631 1.15416186
vt -0.53995652 1.15416186
vt -0.50050666 1.15416186
vt -0.3999447 1.15416186
vt -0.36724056 1.15416186
vt -0.35615819 1.15416186
vt -0.29330634 1.15416186
vt -0.25999531 1.15416186
vt -0.2331358 1.15416186
vt -0.1947204 1.15416186
vt 0.14744831 1.15416186
vt 0.23313572 1.15416186
vt 0.29330676 1.15416186
vt 0.35615811 1.15416186
vt 0.38560403 1.15416186
vt 0.39994462 1.15416186
vt 0.51936164 1.15416186
vt 0.59260505 1.15416186
vt 0.47767049 1.15416186
vt 0.59391673 1.15416186
vt 0.47767049 1.15547254
vt 0.59260505 1.15547254
vt 0.51957139 1.15547254
vt 0.59260505 1.15547254
vt -0.4747905 1.15888111
vt 0.5015535 1.15888111
vt -0.4747905 1.15888111
vt 0.51957139 1.15888111
vt -0.43026973 1.15888111
vt 0.5015535 1.15888111
vt -0.43026973 1.15888111
vt 0.51957139 1.15888111
vt 0.43026965 1.15888111
vt 0.5015535 1.15888111
vt 0.43026965 1.15888111
vt 0.51957139 1.15888111
vt 0.47479042 1.15888111
vt 0.5015535 1.15888111
vt 0.47479042 1.15888111
vt 0.51957139 1.15888111
vt -0.58679347 0.51957139
vt -0.58679347 1.1612847
vt -0.53995652 1.1612847
vt -0.48856466 1.1612847
vt -0.42706445 1.1612847
vt -0.41677729 1.1612847
vt -0.36724056 1.1612847
vt -0.35615819 1.1612847
vt -0.29330634 1.1612847
vt -0.25999531 1.1612847
vt -0.2331358 1.1612847
vt -0.1947204 1.1612847
vt 0.14744831 1.1612847
vt 0.23313572 1.1612847
vt 0.29330676 1.1612847
vt 0.35615811 1.1612847
vt 0.38560403 1.1612847
vt 0.41188612 1.1612847
vt 0.51936164 1.1612847
vt 0.51957139 1.1612847
vt 0.58679289 1.1612847
vt -0.49945921 1.16484612
vt -0.47557571 1.16484612
vt 0.5015535 1.16484612
vt -0.47557571 1.16484612
vt 0.51957139 1.16484612
vt -0.42948452 1.16484612
vt 0.5015535 1.16484612
vt -0.42948452 1.16484612
vt 0.51957139 1.16484612
vt -0.40560102 1.16484612
vt 0.40560094 1.16484612
vt 0.42948444 1.16484612
vt 0.5015535 1.16484612
vt 0.42948444 1.16484612
vt 0.51957139 1.16484612
vt 0.47557563 1.16484612
vt 0.5015535 1.16484612
vt 0.47557563 1.16484612
vt 0.51957139 1.16484612
vt 0.49945913 1.16484612
vt -0.4747905 1.17081113
vt 0.5015535 1.17081113
vt -0.4747905 1.17081113
vt 0.51957139 1.17081113
vt -0.43026973 1.17081113
vt 0.5015535 1.17081113
vt -0.43026973 1.17081113
vt 0.51957139 1.17081113
vt 0.43026965 1.17081113
vt 0.5015535 1.17081113
vt 0.43026965 1.17081113
vt 0.51957139 1.17081113
vt 0.47479042 1.17081113
vt 0.5015535 1.17081113
vt 0.47479042 1.17081113
vt 0.51957139 1.17081113
vt -0.47248831 1.17636854
vt 0.5015535 1.17636854
vt -0.47248831 1.17636854
vt 0.51957139 1.17636854
vt -0.43257192 1.17636854
vt 0.5015535 1.17636854
vt -0.43257192 1.17636854
vt 0.51957139 1.17636854
vt 0.43257234 1.17636854
vt 0.5015535 1.17636854
vt 0.43257234 1.17636854
vt 0.51957139 1.17636854
vt 0.47248823 1.17636854
vt 0.5015535 1.17636854
vt 0.47248823 1.17636854
vt 0.51957139 1.17636854
vt -0.49786032 1.17699192
vt -0.40720041 1.17699192
vt 0.40720033 1.17699192
vt 0.49786024 1.17699192
vt -0.08380184 1.18076812
vt 0.47767049 1.18076812
vt -0.08380184 1.18076812
vt 0.51957139 1.18076812
vt 0.08380176 1.18076812
vt 0.47767049 1.18076812
vt 0.08380176 1.18076812
vt 0.51957139 1.18076812
vt -0.46882599 1.18114175
vt 0.5015535 1.18114175
vt -0.46882599 1.18114175
vt 0.51957139 1.18114175
vt -0.43623474 1.18114175
vt 0.5015535 1.18114175
vt -0.43623474 1.18114175
vt 0.51957139 1.18114175
vt 0.43623466 1.18114175
vt 0.5015535 1.18114175
vt 0.43623466 1.18114175
vt 0.51957139 1.18114175
vt 0.46882591 1.18114175
vt 0.5015535 1.18114175
vt 0.46882591 1.18114175
vt 0.51957139 1.18114175
vt -0.08727235 1.18122566
vt 0.47767049 1.18122566
vt -0.08727235 1.18122566
vt 0.51957139 1.18122566
vt -0.08033133 1.18122566
vt 0.47767049 1.18122566
vt -0.08033133 1.18122566
vt 0.51957139 1.18122566
vt 0.08033175 1.18122566
vt 0.47767049 1.18122566
vt 0.08033175 1.18122566
vt 0.51957139 1.18122566
vt 0.08727227 1.18122566
vt 0.47767049 1.18122566
vt 0.08727227 1.18122566
vt 0.51957139 1.18122566
vt -0.0905061 1.18256532
vt 0.47767049 1.18256532
vt -0.0905061 1.18256532
vt 0.51957139 1.18256532
vt -0.07709758 1.18256532
vt 0.47767049 1.18256532
vt -0.07709758 1.18256532
vt 0.51957139 1.18256532
vt 0.0770975 1.18256532
vt 0.47767049 1.18256532
vt 0.0770975 1.18256532
vt 0.51957139 1.18256532
vt 0.09050603 1.18256532
vt 0.47767049 1.18256532
vt 0.09050603 1.18256532
vt 0.51957139 1.18256532
vt -0.09328281 1.18469618
vt 0.47767049 1.18469618
vt -0.09328281 1.18469618
vt 0.51957139 1.18469618
vt -0.07432087 1.18469618
vt 0.47767049 1.18469618
vt -0.07432087 1.18469618
vt 0.51957139 1.18469618
vt 0.07432079 1.18469618
vt 0.47767049 1.18469618
vt 0.07432079 1.18469618
vt 0.51957139 1.18469618
vt 0.09328274 1.18469618
vt 0.47767049 1.18469618
vt 0.09328274 1.18469618
vt 0.51957139 1.18469618
vt -0.46405279 1.18480407
vt 0.5015535 1.18480407
vt -0.46405279 1.18480407
vt 0.51957139 1.18480407
vt -0.44100744 1.18480407
vt 0.5015535 1.18480407
vt -0.44100744 1.18480407
vt 0.51957139 1.18480407
vt 0.44100736 1.18480407
vt 0.5015535 1.18480407
vt 0.44100736 1.18480407
vt 0.51957139 1.18480407
vt 0.46405271 1.18480407
vt 0.5015535 1.18480407
vt 0.46405271 1.18480407
vt 0.51957139 1.18480407
vt -0.45849487 1.18710675
vt 0.5015535 1.18710675
vt -0.45849487 1.18710675
vt 0.51957139 1.18710675
vt -0.44656536 1.18710675
vt 0.5015535 1.18710675
vt -0.44656536 1.18710675
vt 0.51957139 1.18710675
vt 0.44656578 1.18710675
vt 0.5015535 1.18710675
vt 0.44656578 1.18710675
vt 0.51957139 1.18710675
vt 0.45849479 1.18710675
vt 0.5015535 1.18710675
vt 0.45849479 1.18710675
vt 0.51957139 1.18710675
vt -0.09541367 1.18747239
vt 0.47767049 1.18747239
vt -0.09541367 1.18747239
vt 0.51957139 1.18747239
vt -0.07219001 1.18747239
vt 0.47767049 1.18747239
vt -0.07219001 1.18747239
vt 0.51957139 1.18747239
vt 0.07218993 1.18747239
vt 0.47767049 1.18747239
vt 0.07218993 1.18747239
vt 0.51957139 1.18747239
vt 0.09541359 1.18747239
vt 0.47767049 1.18747239
vt 0.09541359 1.18747239
vt 0.51957139 1.18747239
vt -0.45253036 1.18789197
vt 0.5015535 1.18789197
vt -0.45253036 1.18789197
vt 0.51957139 1.18789197
vt 0.45253029 1.18789197
vt 0.5015535 1.18789197
vt 0.45253029 1.18789197
vt 0.51957139 1.18789197
vt -0.49317203 1.18831054
vt -0.4118882 1.18831054
vt 0.41188862 1.18831054
vt 0.49317195 1.18831054
vt -0.09675333 1.19070614
vt 0.47767049 1.19070614
vt -0.09675333 1.19070614
vt 0.51957139 1.19070614
vt -0.07085035 1.19070614
vt 0.47767049 1.19070614
vt -0.07085035 1.19070614
vt 0.51957139 1.19070614
vt 0.07085027 1.19070614
vt 0.47767049 1.19070614
vt 0.07085027 1.19070614
vt 0.51957139 1.19070614
vt 0.09675325 1.19070614
vt 0.47767049 1.19070614
vt 0.09675325 1.19070614
vt 0.51957139 1.19070614
vt -0.09721037 1.19417665
vt 0.47767049 1.19417665
vt -0.09721037 1.19417665
vt 0.51957139 1.19417665
vt -0.07039381 1.19417665
vt 0.47767049 1.19417665
vt -0.07039381 1.19417665
vt 0.51957139 1.19417665
vt 0.07039373 1.19417665
vt 0.47767049 1.19417665
vt 0.07039373 1.19417665
vt 0.51957139 1.19417665
vt 0.09721029 1.19417665
vt 0.47767049 1.19417665
vt 0.09721029 1.19417665
vt 0.51957139 1.19417665
vt -0.09675333 1.19764716
vt 0.47767049 1.19764716
vt -0.09675333 1.19764716
vt 0.51957139 1.19764716
vt -0.07085035 1.19764716
vt 0.47767049 1.19764716
vt -0.07085035 1.19764716
vt 0.51957139 1.19764716
vt 0.07085027 1.19764716
vt 0.47767049 1.19764716
vt 0.07085027 1.19764716
vt 0.51957139 1.19764716
vt 0.09675325 1.19764716
vt 0.47767049 1.19764716
vt 0.09675325 1.19764716
vt 0.51957139 1.19764716
vt -0.48571402 1.19802978
vt -0.41934621 1.19802978
vt 0.41934613 1.19802978
vt 0.48571394 1.19802978
vt -0.09541367 1.20088091
vt 0.47767049 1.20088091
vt -0.09541367 1.20088091
vt 0.51957139 1.20088091
vt -0.07219001 1.20088091
vt 0.47767049 1.20088091
vt -0.07219001 1.20088091
vt 0.51957139 1.20088091
vt 0.07218993 1.20088091
vt 0.47767049 1.20088091
vt 0.07218993 1.20088091
vt 0.51957139 1.20088091
vt 0.09541359 1.20088091
vt 0.47767049 1.20088091
vt 0.09541359 1.20088091
vt 0.51957139 1.20088091
vt -0.09328281 1.20365812
vt 0.47767049 1.20365812
vt -0.09328281 1.20365812
vt 0.51957139 1.20365812
vt -0.07432087 1.20365812
vt 0.47767049 1.20365812
vt -0.07432087 1.20365812
vt 0.51957139 1.20365812
vt 0.07432079 1.20365812
vt 0.47767049 1.20365812
vt 0.07432079 1.20365812
vt 0.51957139 1.20365812
vt 0.09328274 1.20365812
vt 0.47767049 1.20365812
vt 0.09328274 1.20365812
vt 0.51957139 1.20365812
vt -0.47599479 1.20548829
vt -0.42906544 1.20548829
vt 0.42906586 1.20548829
vt 0.47599471 1.20548829
vt -0.0905061 1.20578898
vt 0.47767049 1.20578898
vt -0.0905061 1.20578898
vt 0.51957139 1.20578898
vt -0.07709758 1.20578898
vt 0.47767049 1.20578898
vt -0.07709758 1.20578898
vt 0.51957139 1.20578898
vt 0.0770975 1.20578898
vt 0.47767049 1.20578898
vt 0.0770975 1.20578898
vt 0.51957139 1.20578898
vt 0.09050603 1.20578898
vt 0.47767049 1.20578898
vt 0.09050603 1.20578898
vt 0.51957139 1.20578898
vt -0.08727235 1.20712864
vt 0.47767049 1.20712864
vt -0.08727235 1.20712864
vt 0.51957139 1.20712864
vt -0.08033133 1.20712864
vt 0.47767049 1.20712864
vt -0.08033133 1.20712864
vt 0.51957139 1.20712864
vt 0.08033175 1.20712864
vt 0.47767049 1.20712864
vt 0.08033175 1.20712864
vt 0.51957139 1.20712864
vt 0.08727227 1.20712864
vt 0.47767049 1.20712864
vt 0.08727227 1.20712864
vt 0.51957139 1.20712864
vt -0.08380184 1.20758518
vt 0.47767049 1.20758518
vt -0.08380184 1.20758518
vt 0.51957139 1.20758518
vt 0.08380176 1.20758518
vt 0.47767049 1.20758518
vt 0.08380176 1.20758518
vt 0.51957139 1.20758518
vt -0.53995652 0.47767049
vt -0.53995652 1.20812164
vt -0.53995652 0.51957139
vt -0.53995652 1.20812164
vt -0.46467616 1.21017657
vt -0.44038407 1.21017657
vt 0.44038399 1.21017657
vt 0.46467608 1.21017657
vt -0.45253036 1.21177497
vt 0.45253029 1.21177497
vt 0.47767049 1.22871595
vt 0.51936164 1.22871595
vt 0.51936164 1.22871595
vt 0.51957139 1.22871595
vt -0.51200011 0.47767049
vt -0.51200011 1.23607755
vt -0.51200011 0.51957139
vt -0.51200011 1.23607755
vt -0.50050666 0.47767049
vt -0.50050666 1.23607755
vt -0.48856466 0.51957139
vt -0.48856466 1.23607755
vt -0.46100385 0.51957139
vt -0.46100385 1.23607755
vt -0.42706445 0.51957139
vt -0.42706445 1.23607755
vt -0.41677729 0.51957139
vt -0.41677729 1.23607755
vt -0.3999447 0.47767049
vt -0.3999447 1.23607755
vt -0.36724056 0.47767049
vt -0.36724056 1.23607755
vt -0.36724056 0.51957139
vt -0.36724056 1.23607755
vt -0.35615819 0.47767049
vt -0.35615819 1.23607755
vt -0.35615819 0.51957139
vt -0.35615819 1.23607755
vt -0.29330634 0.47767049
vt -0.29330634 1.23607755
vt -0.29330634 0.51957139
vt -0.29330634 1.23607755
vt -0.25999531 0.47767049
vt -0.25999531 1.23607755
vt -0.25999531 0.51957139
vt -0.25999531 1.23607755
vt -0.2331358 0.47767049
vt -0.2331358 1.23607755
vt -0.2331358 0.51957139
vt -0.2331358 1.23607755
vt -0.1947204 0.47767049
vt -0.1947204 1.23607755
vt -0.1947204 0.51957139
vt -0.1947204 1.23607755
vt 0.14744831 0.47767049
vt 0.14744831 1.23607755
vt 0.14744831 0.51957139
vt 0.14744831 1.23607755
vt 0.23313572 0.47767049
vt 0.23313572 1.23607755
vt 0.23313572 0.51957139
vt 0.23313572 1.23607755
vt 0.29330676 0.47767049
vt 0.29330676 1.23607755
vt 0.29330676 0.51957139
vt 0.29330676 1.23607755
vt 0.35615811 0.47767049
vt 0.35615811 1.23607755
vt 0.35615811 0.51957139
vt 0.35615811 1.23607755
vt 0.38560403 0.47767049
vt 0.38560403 1.23607755
vt 0.38560403 0.51957139
vt 0.38560403 1.23607755
vt 0.39994462 0.47767049
vt 0.39994462 1.23607755
vt 0.41188612 0.51957139
vt 0.41188612 1.23607755
vt 0.47767049 1.23607755
vt 0.51200003 0.47767049
vt 0.51200003 1.23607755
vt 0.51200003 0.51957139
vt 0.51200003 1.23607755
vt 0.51957139 1.23607755
f 6410/6410 6394/6394 6127/6127
f 5749/5749 5751/5751 5864/5864
f 5211/5211 5213/5213 5475/5475
f 4929/4929 4931/4931 5211/5211
f 4384/4384 4385/4385 4467/4467
f 4380/4380 4381/4381 4459/4459
f 4009/4009 4010/4010 4378/4378
f 2826/2826 2827/2827 3209/3209
f 2168/2168 2169/2169 2215/2215
f 1772/1772 1773/1773 2168/2168
f 280/280 256/256 93/93
f 27/27 31/31 90/90
f 23/23 27/27 89/89
f 17/17 19/19 87/87
f 4312/4312 4252/4252 4394/4394
f 5724/5724 5727/5727 5778/5778
f 5438/5438 5441/5441 5492/5492
f 1636/1636 1772/1772 1770/1770
f 1309/1309 1317/1317 1313/1313
f 987/987 1249/1249 1247/1247
f 1103/1103 1083/1083 1250/1250
f 732/732 941/941 937/937
f 692/692 712/712 710/710
f 102/102 613/613 611/611
f 101/101 99/99 74/74
f 1272/1272 1270/1270 1096/1096
f 1486/1486 1470/1470 1797/1797
f 5608/5608 5485/5485 5488/5488
f 5774/5774 5767/5767 5770/5770
f 4024/4024 4038/4038 4379/4379
f 4314/4314 4398/4398 4382/4382
f 4402/4402 4383/4383 4463/4463
f 4028/4028 4011/4011 4386/4386
f 4011/4011 4028/4028 3953/3953
f 3289/3289 3181/3181 3213/3213
f 2901/2901 2933/2933 2829/2829
f 3285/3285 3449/3449 3211/3211
f 3926/3926 3938/3938 4014/4014
f 5663/5663 5499/5499 5751/5751
f 4955/4955 4889/4889 4927/4927
f 4559/4559 4527/4527 4465/4465
f 4877/4877 4885/4885 4925/4925
f 5894/5894 5878/5878 5862/5862
f 5155/5155 5139/5139 5213/5213
f 1676/1676 1680/1680 1786/1786
f 1594/1594 1345/1345 1349/1349
f 1804/1804 1758/1758 1774/1774
f 1812/1812 1766/1766 1779/1779
f 1744/1744 1762/1762 1778/1778
f 2682/2682 2550/2550 2215/2215
f 2436/2436 2404/2404 2214/2214
f 2203/2203 2207/2207 2237/2237
f 2237/2237 2207/2207 2251/2251
f 2237/2237 2251/2251 2378/2378
f 2778/2778 2776/2776 2840/2840
f 2840/2840 2776/2776 2754/2754
f 2754/2754 2734/2734 2840/2840
f 2840/2840 2734/2734 2669/2669
f 2840/2840 2669/2669 2581/2581
f 2466/2466 2580/2580 2839/2839
f 2839/2839 2580/2580 2668/2668
f 2839/2839 2668/2668 2733/2733
f 2733/2733 2753/2753 2839/2839
f 2839/2839 2753/2753 2775/2775
f 2839/2839 2775/2775 2778/2778
f 2204/2204 2192/2192 2208/2208
f 2208/2208 2192/2192 2238/2238
f 2208/2208 2238/2238 2252/2252
f 2199/2199 2191/2191 2196/2196
f 2196/2196 2191/2191 2192/2192
f 2196/2196 2192/2192 2200/2200
f 2200/2200 2192/2192 2204/2204
f 3005/3005 3061/3061 3201/3201
f 2917/2917 2925/2925 3200/3200
f 3200/3200 2925/2925 2941/2941
f 2917/2917 3200/3200 2909/2909
f 2909/2909 3200/3200 2824/2824
f 2909/2909 2824/2824 2873/2873
f 2432/2432 2546/2546 2213/2213
f 2213/2213 2546/2546 2678/2678
f 2213/2213 2678/2678 2824/2824
f 2824/2824 2678/2678 2812/2812
f 2824/2824 2812/2812 2873/2873
f 2921/2921 2913/2913 2825/2825
f 2682/2682 2216/2216 2816/2816
f 2816/2816 2216/2216 2825/2825
f 2816/2816 2825/2825 2877/2877
f 2877/2877 2825/2825 2913/2913
f 3009/3009 2945/2945 3205/3205
f 3205/3205 2945/2945 2929/2929
f 3205/3205 2929/2929 2921/2921
f 3085/3085 3065/3065 3203/3203
f 1700/1700 1666/1666 1332/1332
f 1332/1332 1666/1666 1650/1650
f 1766/1766 1748/1748 1779/1779
f 1779/1779 1748/1748 1732/1732
f 1779/1779 1732/1732 1332/1332
f 1332/1332 1732/1732 1716/1716
f 1332/1332 1716/1716 1700/1700
f 1327/1327 1712/1712 1778/1778
f 1778/1778 1712/1712 1728/1728
f 1778/1778 1728/1728 1744/1744
f 1650/1650 1662/1662 1327/1327
f 1327/1327 1662/1662 1696/1696
f 1327/1327 1696/1696 1712/1712
f 2174/2174 1884/1884 1876/1876
f 1876/1876 1860/1860 2174/2174
f 2174/2174 1860/1860 1844/1844
f 2174/2174 1844/1844 1779/1779
f 1779/1779 1844/1844 1828/1828
f 1779/1779 1828/1828 1812/1812
f 1856/1856 1872/1872 2173/2173
f 1762/1762 1808/1808 1778/1778
f 1778/1778 1808/1808 1824/1824
f 1778/1778 1824/1824 2173/2173
f 2173/2173 1824/1824 1840/1840
f 2173/2173 1840/1840 1856/1856
f 1251/1251 1235/1235 1227/1227
f 1171/1171 1147/1147 943/943
f 943/943 1147/1147 1139/1139
f 943/943 1139/1139 1131/1131
f 1135/1135 1143/1143 941/941
f 1251/1251 1227/1227 943/943
f 943/943 1227/1227 1195/1195
f 943/943 1195/1195 1171/1171
f 1143/1143 1167/1167 941/941
f 941/941 1167/1167 1191/1191
f 941/941 1191/1191 1250/1250
f 1250/1250 1191/1191 1223/1223
f 1281/1281 1289/1289 1321/1321
f 1321/1321 1289/1289 1297/1297
f 1297/1297 1305/1305 1323/1323
f 1323/1323 1305/1305 1301/1301
f 1323/1323 1301/1301 1293/1293
f 1293/1293 1285/1285 1323/1323
f 1323/1323 1285/1285 1277/1277
f 1323/1323 1277/1277 1251/1251
f 1251/1251 1277/1277 1243/1243
f 1251/1251 1243/1243 1235/1235
f 1223/1223 1231/1231 1250/1250
f 1250/1250 1231/1231 1239/1239
f 1250/1250 1239/1239 1321/1321
f 1321/1321 1239/1239 1273/1273
f 1321/1321 1273/1273 1281/1281
f 1688/1688 1317/1317 1654/1654
f 1654/1654 1317/1317 1646/1646
f 1692/1692 1658/1658 1319/1319
f 1758/1758 1740/1740 1774/1774
f 1774/1774 1740/1740 1724/1724
f 1774/1774 1724/1724 1319/1319
f 1319/1319 1724/1724 1708/1708
f 1319/1319 1708/1708 1692/1692
f 1736/1736 1773/1773 1720/1720
f 1720/1720 1773/1773 1317/1317
f 1720/1720 1317/1317 1704/1704
f 1704/1704 1317/1317 1688/1688
f 1832/1832 1848/1848 2168/2168
f 1736/1736 1754/1754 1773/1773
f 1773/1773 1754/1754 1800/1800
f 1773/1773 1800/1800 2168/2168
f 2168/2168 1800/1800 1816/1816
f 2168/2168 1816/1816 1832/1832
f 1848/1848 1864/1864 2168/2168
f 2168/2168 1864/1864 1880/1880
f 2168/2168 1880/1880 2169/2169
f 2169/2169 1880/1880 1868/1868
f 1868/1868 1852/1852 2169/2169
f 2169/2169 1852/1852 1836/1836
f 2169/2169 1836/1836 1774/1774
f 1774/1774 1836/1836 1820/1820
f 1774/1774 1820/1820 1804/1804
f 867/867 719/719 851/851
f 851/851 719/719 720/720
f 851/851 720/720 835/835
f 927/927 959/959 919/919
f 919/919 959/959 719/719
f 919/919 719/719 899/899
f 899/899 719/719 867/867
f 721/721 801/801 720/720
f 720/720 801/801 819/819
f 720/720 819/819 835/835
f 839/839 823/823 723/723
f 723/723 823/823 813/813
f 723/723 813/813 722/722
f 722/722 813/813 809/809
f 722/722 809/809 721/721
f 721/721 809/809 805/805
f 721/721 805/805 801/801
f 965/965 933/933 969/969
f 969/969 933/933 923/923
f 969/969 923/923 724/724
f 923/923 903/903 724/724
f 724/724 903/903 871/871
f 724/724 871/871 723/723
f 723/723 871/871 855/855
f 723/723 855/855 839/839
f 1608/1608 1600/1600 1788/1788
f 1642/1642 1632/1632 1787/1787
f 1787/1787 1632/1632 1624/1624
f 1787/1787 1624/1624 1788/1788
f 1788/1788 1624/1624 1616/1616
f 1788/1788 1616/1616 1608/1608
f 1786/1786 1680/1680 1787/1787
f 1787/1787 1680/1680 1684/1684
f 1787/1787 1684/1684 1642/1642
f 1670/1670 1785/1785 1638/1638
f 1638/1638 1785/1785 1784/1784
f 1638/1638 1784/1784 1628/1628
f 1628/1628 1784/1784 1620/1620
f 1620/1620 1784/1784 1783/1783
f 1620/1620 1783/1783 1612/1612
f 927/927 961/961 959/959
f 959/959 961/961 1259/1259
f 959/959 1259/1259 1258/1258
f 1258/1258 1259/1259 1341/1341
f 1258/1258 1341/1341 1339/1339
f 1339/1339 1341/1341 1590/1590
f 1339/1339 1590/1590 1783/1783
f 1783/1783 1590/1590 1604/1604
f 1783/1783 1604/1604 1612/1612
f 5025/5025 5001/5001 4933/4933
f 4933/4933 5001/5001 4985/4985
f 5211/5211 5103/5103 5119/5119
f 5119/5119 5135/5135 5211/5211
f 5211/5211 5135/5135 5151/5151
f 5211/5211 5151/5151 5213/5213
f 5213/5213 5151/5151 5163/5163
f 5213/5213 5163/5163 5155/5155
f 4969/4969 4981/4981 4931/4931
f 4981/4981 4997/4997 4931/4931
f 4931/4931 4997/4997 5021/5021
f 4931/4931 5021/5021 5037/5037
f 5037/5037 5055/5055 4931/4931
f 4931/4931 5055/5055 5071/5071
f 4931/4931 5071/5071 5211/5211
f 5211/5211 5071/5071 5087/5087
f 5211/5211 5087/5087 5103/5103
f 5215/5215 5123/5123 5107/5107
f 5107/5107 5091/5091 5215/5215
f 5215/5215 5091/5091 5075/5075
f 5215/5215 5075/5075 4935/4935
f 4935/4935 5075/5075 5059/5059
f 4935/4935 5059/5059 5041/5041
f 5976/5976 5956/5956 6129/6129
f 5936/5936 5918/5918 5866/5866
f 5866/5866 5918/5918 5902/5902
f 5866/5866 5902/5902 5886/5886
f 6128/6128 5865/5865 5898/5898
f 5898/5898 5914/5914 6128/6128
f 6128/6128 5914/5914 5932/5932
f 6128/6128 5932/5932 5952/5952
f 6128/6128 6000/6000 6129/6129
f 6129/6129 6000/6000 5992/5992
f 6129/6129 5992/5992 5976/5976
f 5952/5952 5972/5972 6128/6128
f 6128/6128 5972/5972 5988/5988
f 6128/6128 5988/5988 6000/6000
f 5753/5753 5785/5785 5797/5797
f 5753/5753 5845/5845 5865/5865
f 5865/5865 5845/5845 5882/5882
f 5865/5865 5882/5882 5898/5898
f 5797/5797 5813/5813 5753/5753
f 5753/5753 5813/5813 5829/5829
f 5753/5753 5829/5829 5845/5845
f 5849/5849 5833/5833 5755/5755
f 5755/5755 5833/5833 5817/5817
f 5755/5755 5817/5817 5801/5801
f 5837/5837 5874/5874 5861/5861
f 5861/5861 5874/5874 5890/5890
f 5861/5861 5890/5890 5906/5906
f 5964/5964 6124/6124 5944/5944
f 5944/5944 6124/6124 6123/6123
f 5944/5944 6123/6123 5924/5924
f 5805/5805 5821/5821 5743/5743
f 5781/5781 5789/5789 5745/5745
f 5841/5841 5825/5825 5747/5747
f 5747/5747 5825/5825 5809/5809
f 5781/5781 5745/5745 5793/5793
f 5968/5968 5948/5948 6125/6125
f 6125/6125 5948/5948 5928/5928
f 6125/6125 5928/5928 5910/5910
f 5964/5964 5980/5980 6124/6124
f 6124/6124 5980/5980 5996/5996
f 6124/6124 5996/5996 6125/6125
f 6125/6125 5996/5996 5984/5984
f 6125/6125 5984/5984 5968/5968
f 5017/5017 4993/4993 4915/4915
f 4915/4915 4993/4993 4977/4977
f 5159/5159 5147/5147 5195/5195
f 5159/5159 5195/5195 5143/5143
f 5079/5079 5095/5095 5194/5194
f 5194/5194 5095/5095 5111/5111
f 5194/5194 5111/5111 5127/5127
f 5013/5013 5029/5029 4914/4914
f 4914/4914 5029/5029 5047/5047
f 4914/4914 5047/5047 5063/5063
f 4965/4965 4973/4973 4914/4914
f 4914/4914 4973/4973 4989/4989
f 4914/4914 4989/4989 5013/5013
f 5051/5051 5033/5033 4917/4917
f 5131/5131 5115/5115 5197/5197
f 5115/5115 5099/5099 5197/5197
f 5197/5197 5099/5099 5083/5083
f 5197/5197 5083/5083 5067/5067
f 4885/4885 4951/4951 4925/4925
f 4925/4925 4951/4951 5005/5005
f 4925/4925 5005/5005 5167/5167
f 4463/4463 4889/4889 4881/4881
f 4753/4753 4461/4461 4685/4685
f 4685/4685 4461/4461 4463/4463
f 4685/4685 4463/4463 4757/4757
f 4757/4757 4463/4463 4881/4881
f 4629/4629 4463/4463 4587/4587
f 4587/4587 4463/4463 4555/4555
f 4837/4837 4805/4805 4927/4927
f 4927/4927 4805/4805 4773/4773
f 4629/4629 4661/4661 4463/4463
f 4463/4463 4661/4661 4697/4697
f 4463/4463 4697/4697 4889/4889
f 4889/4889 4697/4697 4729/4729
f 4889/4889 4729/4729 4769/4769
f 4769/4769 4801/4801 4889/4889
f 4889/4889 4801/4801 4833/4833
f 4889/4889 4833/4833 4927/4927
f 4927/4927 4833/4833 4845/4845
f 4927/4927 4845/4845 4837/4837
f 4773/4773 4733/4733 4927/4927
f 4927/4927 4733/4733 4701/4701
f 4927/4927 4701/4701 4665/4665
f 4665/4665 4633/4633 4465/4465
f 4465/4465 4633/4633 4591/4591
f 4465/4465 4591/4591 4559/4559
f 5207/5207 5171/5171 5009/5009
f 5663/5663 5751/5751 5715/5715
f 5495/5495 5659/5659 5749/5749
f 5749/5749 5659/5659 5711/5711
f 5749/5749 5711/5711 5751/5751
f 5751/5751 5711/5711 5719/5719
f 5751/5751 5719/5719 5715/5715
f 5205/5205 5167/5167 5333/5333
f 705/705 701/701 715/715
f 696/696 700/700 714/714
f 714/714 700/700 704/704
f 714/714 704/704 708/708
f 701/701 697/697 715/715
f 715/715 697/697 689/689
f 715/715 689/689 615/615
f 615/615 689/689 586/586
f 615/615 586/586 518/518
f 79/79 146/146 85/85
f 85/85 146/146 204/204
f 85/85 204/204 284/284
f 284/284 444/444 85/85
f 85/85 444/444 509/509
f 85/85 509/509 614/614
f 614/614 509/509 585/585
f 614/614 585/585 714/714
f 714/714 585/585 688/688
f 714/714 688/688 696/696
f 86/86 236/236 260/260
f 80/80 86/86 147/147
f 147/147 86/86 260/260
f 147/147 260/260 205/205
f 205/205 260/260 288/288
f 205/205 288/288 285/285
f 285/285 288/288 368/368
f 285/285 368/368 392/392
f 264/264 240/240 87/87
f 499/499 501/501 518/518
f 518/518 501/501 529/529
f 518/518 529/529 615/615
f 615/615 529/529 537/537
f 615/615 537/537 545/545
f 264/264 87/87 292/292
f 232/232 224/224 86/86
f 86/86 224/224 228/228
f 86/86 228/228 236/236
f 479/479 469/469 616/616
f 616/616 469/469 438/438
f 616/616 438/438 87/87
f 87/87 438/438 372/372
f 87/87 372/372 292/292
f 545/545 541/541 616/616
f 541/541 533/533 616/616
f 616/616 533/533 505/505
f 616/616 505/505 479/479
f 725/725 744/744 724/724
f 724/724 744/744 752/752
f 724/724 752/752 785/785
f 969/969 859/859 875/875
f 875/875 883/883 969/969
f 969/969 883/883 891/891
f 969/969 891/891 971/971
f 785/785 793/793 724/724
f 724/724 793/793 827/827
f 724/724 827/827 969/969
f 969/969 827/827 843/843
f 969/969 843/843 859/859
f 891/891 907/907 971/971
f 971/971 907/907 915/915
f 971/971 915/915 973/973
f 973/973 915/915 911/911
f 973/973 911/911 895/895
f 895/895 887/887 973/973
f 973/973 887/887 879/879
f 973/973 879/879 863/863
f 847/847 831/831 726/726
f 726/726 831/831 797/797
f 726/726 797/797 789/789
f 789/789 756/756 726/726
f 726/726 756/756 748/748
f 726/726 748/748 725/725
f 725/725 748/748 740/740
f 725/725 740/740 744/744
f 4459/4459 4515/4515 4547/4547
f 4841/4841 4829/4829 4925/4925
f 4925/4925 4829/4829 4797/4797
f 4797/4797 4765/4765 4925/4925
f 4925/4925 4765/4765 4725/4725
f 4925/4925 4725/4725 4693/4693
f 4657/4657 4625/4625 4461/4461
f 4547/4547 4579/4579 4459/4459
f 4459/4459 4579/4579 4621/4621
f 4459/4459 4621/4621 4653/4653
f 5167/5167 5205/5205 4925/4925
f 4925/4925 5205/5205 4923/4923
f 4925/4925 4923/4923 4841/4841
f 4689/4689 4721/4721 4923/4923
f 4923/4923 4721/4721 4761/4761
f 4753/4753 4877/4877 4461/4461
f 4461/4461 4877/4877 4925/4925
f 4461/4461 4925/4925 4657/4657
f 4657/4657 4925/4925 4693/4693
f 4625/4625 4583/4583 4461/4461
f 4461/4461 4583/4583 4551/4551
f 4461/4461 4551/4551 4519/4519
f 4761/4761 4793/4793 4923/4923
f 4923/4923 4793/4793 4825/4825
f 4923/4923 4825/4825 4841/4841
f 4515/4515 4459/4459 4413/4413
f 4413/4413 4459/4459 4381/4381
f 4413/4413 4381/4381 4405/4405
f 4405/4405 4381/4381 4382/4382
f 4405/4405 4382/4382 4417/4417
f 4527/4527 4425/4425 4384/4384
f 4384/4384 4425/4425 4409/4409
f 4384/4384 4409/4409 4383/4383
f 4383/4383 4409/4409 4421/4421
f 4383/4383 4421/4421 4463/4463
f 4463/4463 4421/4421 4523/4523
f 4463/4463 4523/4523 4555/4555
f 3772/3772 3792/3792 3727/3727
f 3878/3878 3894/3894 4013/4013
f 4013/4013 3894/3894 3910/3910
f 3792/3792 3808/3808 3727/3727
f 3727/3727 3808/3808 3830/3830
f 3727/3727 3830/3830 3945/3945
f 3945/3945 3830/3830 3846/3846
f 3945/3945 3846/3846 3862/3862
f 3776/3776 3760/3760 3699/3699
f 3699/3699 3760/3760 3744/3744
f 3699/3699 3744/3744 3756/3756
f 3898/3898 4015/4015 3914/3914
f 3914/3914 4015/4015 3930/3930
f 3834/3834 3812/3812 3701/3701
f 3701/3701 3812/3812 3796/3796
f 3701/3701 3796/3796 3776/3776
f 3898/3898 3882/3882 4015/4015
f 4015/4015 3882/3882 3866/3866
f 4015/4015 3866/3866 3701/3701
f 3701/3701 3866/3866 3850/3850
f 3701/3701 3850/3850 3834/3834
f 2835/2835 2966/2966 2834/2834
f 2834/2834 2966/2966 2982/2982
f 2834/2834 2982/2982 2998/2998
f 3022/3022 3038/3038 2937/2937
f 2937/2937 3038/3038 3054/3054
f 2937/2937 3054/3054 3181/3181
f 3181/3181 3054/3054 3078/3078
f 3181/3181 3078/3078 3102/3102
f 3102/3102 3118/3118 3181/3181
f 3181/3181 3118/3118 3138/3138
f 3181/3181 3138/3138 3213/3213
f 2836/2836 3026/3026 3002/3002
f 3138/3138 3154/3154 3213/3213
f 3213/3213 3154/3154 3166/3166
f 3213/3213 3166/3166 3158/3158
f 3142/3142 3122/3122 3215/3215
f 3215/3215 3122/3122 3106/3106
f 3002/3002 2986/2986 2836/2836
f 2836/2836 2986/2986 2970/2970
f 2836/2836 2970/2970 2835/2835
f 2835/2835 2970/2970 2954/2954
f 2835/2835 2954/2954 2966/2966
f 3106/3106 3082/3082 3215/3215
f 3215/3215 3082/3082 3058/3058
f 3215/3215 3058/3058 2836/2836
f 2836/2836 3058/3058 3042/3042
f 2836/2836 3042/3042 3026/3026
f 3211/3211 3449/3449 3209/3209
f 3285/3285 3211/3211 3177/3177
f 3177/3177 3211/3211 2828/2828
f 3177/3177 2828/2828 2933/2933
f 2820/2820 2889/2889 2831/2831
f 2831/2831 2889/2889 2897/2897
f 2820/2820 2831/2831 2779/2779
f 2779/2779 2831/2831 2222/2222
f 2779/2779 2222/2222 2767/2767
f 2241/2241 2484/2484 2226/2226
f 2226/2226 2484/2484 2532/2532
f 2226/2226 2532/2532 2225/2225
f 2225/2225 2532/2532 2654/2654
f 2225/2225 2654/2654 2224/2224
f 2224/2224 2654/2654 2767/2767
f 2224/2224 2767/2767 2223/2223
f 2223/2223 2767/2767 2222/2222
f 1670/1670 1676/1676 1785/1785
f 1785/1785 1676/1676 1786/1786
f 1785/1785 1786/1786 2161/2161
f 2161/2161 1786/1786 2181/2181
f 2161/2161 2181/2181 2209/2209
f 2488/2488 2245/2245 2227/2227
f 2230/2230 2783/2783 2229/2229
f 2229/2229 2783/2783 2488/2488
f 2229/2229 2488/2488 2228/2228
f 2228/2228 2488/2488 2227/2227
f 2832/2832 2833/2833 2905/2905
f 2905/2905 2833/2833 2834/2834
f 2905/2905 2834/2834 2937/2937
f 2937/2937 2834/2834 2998/2998
f 2937/2937 2998/2998 3022/3022
f 3289/3289 3213/3213 3453/3453
f 3453/3453 3213/3213 3457/3457
f 3453/3453 3457/3457 3621/3621
f 3621/3621 3457/3457 3699/3699
f 3621/3621 3699/3699 3727/3727
f 3727/3727 3699/3699 3756/3756
f 3727/3727 3756/3756 3772/3772
f 4402/4402 4463/4463 4398/4398
f 4398/4398 4463/4463 4461/4461
f 4398/4398 4461/4461 4382/4382
f 4382/4382 4461/4461 4519/4519
f 4382/4382 4519/4519 4417/4417
f 4314/4314 4382/4382 4189/4189
f 4189/4189 4382/4382 4381/4381
f 4189/4189 4381/4381 4167/4167
f 4167/4167 4381/4381 4380/4380
f 4167/4167 4380/4380 4095/4095
f 3949/3949 3957/3957 4009/4009
f 4009/4009 3957/3957 3965/3965
f 4009/4009 3965/3965 4010/4010
f 4010/4010 3965/3965 4022/4022
f 4010/4010 4022/4022 4378/4378
f 3449/3449 3617/3617 3697/3697
f 3697/3697 3617/3617 3723/3723
f 3697/3697 3723/3723 4007/4007
f 6038/6038 6098/6098 6132/6132
f 6132/6132 6098/6098 6188/6188
f 6232/6232 6364/6364 6569/6569
f 6569/6569 6364/6364 6416/6416
f 6569/6569 6416/6416 6452/6452
f 6452/6452 6500/6500 6569/6569
f 6569/6569 6500/6500 6503/6503
f 6569/6569 6503/6503 6574/6574
f 6503/6503 6501/6501 6574/6574
f 6574/6574 6501/6501 6453/6453
f 6574/6574 6453/6453 6505/6505
f 6505/6505 6453/6453 6417/6417
f 6505/6505 6417/6417 6365/6365
f 6134/6134 6138/6138 6505/6505
f 6138/6138 6134/6134 6136/6136
f 6136/6136 6134/6134 5871/5871
f 6136/6136 5871/5871 5873/5873
f 5873/5873 5871/5871 5765/5765
f 5873/5873 5765/5765 5774/5774
f 5640/5640 5624/5624 5608/5608
f 5624/5624 5604/5604 5608/5608
f 5608/5608 5604/5604 5588/5588
f 5608/5608 5588/5588 5485/5485
f 5485/5485 5588/5588 5572/5572
f 5485/5485 5572/5572 5556/5556
f 5508/5508 5520/5520 5483/5483
f 5636/5636 5652/5652 5767/5767
f 5767/5767 5652/5652 5676/5676
f 5767/5767 5676/5676 5770/5770
f 5770/5770 5676/5676 5692/5692
f 5770/5770 5692/5692 5704/5704
f 5556/5556 5540/5540 5485/5485
f 5485/5485 5540/5540 5524/5524
f 5485/5485 5524/5524 5508/5508
f 5520/5520 5536/5536 5483/5483
f 5483/5483 5536/5536 5552/5552
f 5483/5483 5552/5552 5568/5568
f 5704/5704 5696/5696 5770/5770
f 5770/5770 5696/5696 5680/5680
f 5770/5770 5680/5680 5608/5608
f 5608/5608 5680/5680 5656/5656
f 5608/5608 5656/5656 5640/5640
f 5568/5568 5584/5584 5483/5483
f 5483/5483 5584/5584 5600/5600
f 5483/5483 5600/5600 5767/5767
f 5767/5767 5600/5600 5620/5620
f 5767/5767 5620/5620 5636/5636
f 5354/5354 5330/5330 5226/5226
f 5226/5226 5330/5330 5314/5314
f 5226/5226 5314/5314 5298/5298
f 5488/5488 5386/5386 5226/5226
f 5226/5226 5386/5386 5370/5370
f 5226/5226 5370/5370 5354/5354
f 5298/5298 5282/5282 5226/5226
f 5226/5226 5282/5282 5266/5266
f 5226/5226 5266/5266 5250/5250
f 5250/5250 5234/5234 5223/5223
f 5223/5223 5234/5234 5246/5246
f 5426/5426 5418/5418 5488/5488
f 5488/5488 5418/5418 5402/5402
f 5488/5488 5402/5402 5386/5386
f 5246/5246 5262/5262 5223/5223
f 5223/5223 5262/5262 5278/5278
f 5223/5223 5278/5278 5294/5294
f 5366/5366 5382/5382 5485/5485
f 5485/5485 5382/5382 5398/5398
f 5485/5485 5398/5398 5488/5488
f 5488/5488 5398/5398 5414/5414
f 5488/5488 5414/5414 5426/5426
f 5294/5294 5310/5310 5223/5223
f 5223/5223 5310/5310 5326/5326
f 5223/5223 5326/5326 5485/5485
f 5485/5485 5326/5326 5350/5350
f 5485/5485 5350/5350 5366/5366
f 5250/5250 5223/5223 5226/5226
f 5226/5226 5223/5223 4943/4943
f 5226/5226 4943/4943 4962/4962
f 4488/4488 4618/4618 4874/4874
f 2082/2082 2192/2192 1924/1924
f 1924/1924 2192/2192 2191/2191
f 1924/1924 2191/2191 1799/1799
f 1799/1799 2191/2191 2190/2190
f 1799/1799 2190/2190 1797/1797
f 1486/1486 1797/1797 1502/1502
f 1406/1406 1390/1390 1366/1366
f 1450/1450 1363/1363 1434/1434
f 1434/1434 1363/1363 1418/1418
f 1466/1466 1482/1482 1795/1795
f 1795/1795 1482/1482 1498/1498
f 1795/1795 1498/1498 1514/1514
f 1514/1514 1530/1530 1795/1795
f 1795/1795 1530/1530 1546/1546
f 1795/1795 1546/1546 1558/1558
f 1550/1550 1534/1534 1797/1797
f 1797/1797 1534/1534 1518/1518
f 1797/1797 1518/1518 1502/1502
f 1390/1390 1374/1374 1366/1366
f 1366/1366 1374/1374 1386/1386
f 1366/1366 1386/1386 1363/1363
f 1363/1363 1386/1386 1402/1402
f 1363/1363 1402/1402 1418/1418
f 1470/1470 1454/1454 1797/1797
f 1797/1797 1454/1454 1438/1438
f 1797/1797 1438/1438 1366/1366
f 1366/1366 1438/1438 1422/1422
f 1366/1366 1422/1422 1406/1406
f 1088/1088 1108/1108 1269/1269
f 1188/1188 1164/1164 1270/1270
f 1044/1044 984/984 1060/1060
f 1060/1060 984/984 1096/1096
f 1060/1060 1096/1096 1076/1076
f 1088/1088 1269/1269 1072/1072
f 1108/1108 1124/1124 1269/1269
f 1269/1269 1124/1124 1160/1160
f 1269/1269 1160/1160 1184/1184
f 1164/1164 1128/1128 1270/1270
f 1270/1270 1128/1128 1112/1112
f 1270/1270 1112/1112 1096/1096
f 1096/1096 1112/1112 1092/1092
f 1096/1096 1092/1092 1076/1076
f 1044/1044 1028/1028 984/984
f 984/984 1028/1028 1012/1012
f 984/984 1012/1012 996/996
f 1008/1008 1024/1024 981/981
f 981/981 1024/1024 1040/1040
f 981/981 1040/1040 1056/1056
f 1184/1184 1208/1208 1269/1269
f 1269/1269 1208/1208 1220/1220
f 1269/1269 1220/1220 1270/1270
f 1270/1270 1220/1220 1212/1212
f 1270/1270 1212/1212 1188/1188
f 996/996 1008/1008 984/984
f 984/984 1008/1008 981/981
f 984/984 981/981 737/737
f 737/737 981/981 979/979
f 737/737 979/979 731/731
f 99/99 101/101 628/628
f 628/628 101/101 566/566
f 628/628 566/566 629/629
f 78/78 63/63 68/68
f 74/74 99/99 68/68
f 68/68 99/99 82/82
f 68/68 82/82 78/78
f 83/83 1/1 85/85
f 85/85 1/1 7/7
f 85/85 7/7 79/79
f 710/710 712/712 732/732
f 732/732 712/712 943/943
f 732/732 943/943 941/941
f 941/941 943/943 1131/1131
f 941/941 1131/1131 1135/1135
f 1203/1203 1179/1179 1250/1250
f 1250/1250 1083/1083 941/941
f 941/941 1083/1083 1067/1067
f 941/941 1067/1067 1051/1051
f 1115/1115 1151/1151 1249/1249
f 1179/1179 1155/1155 1250/1250
f 1250/1250 1155/1155 1119/1119
f 1250/1250 1119/1119 1103/1103
f 1051/1051 1035/1035 941/941
f 941/941 1035/1035 1019/1019
f 941/941 1019/1019 937/937
f 937/937 1019/1019 1003/1003
f 937/937 1003/1003 991/991
f 1151/1151 1175/1175 1249/1249
f 1249/1249 1175/1175 1199/1199
f 1249/1249 1199/1199 1215/1215
f 991/991 999/999 937/937
f 937/937 999/999 1015/1015
f 937/937 1015/1015 987/987
f 987/987 1015/1015 1031/1031
f 987/987 1031/1031 1047/1047
f 1047/1047 1063/1063 987/987
f 987/987 1063/1063 1079/1079
f 987/987 1079/1079 1249/1249
f 1249/1249 1079/1079 1099/1099
f 1249/1249 1099/1099 1115/1115
f 1247/1247 1249/1249 1309/1309
f 1309/1309 1249/1249 1319/1319
f 1309/1309 1319/1319 1317/1317
f 1317/1317 1319/1319 1658/1658
f 1317/1317 1658/1658 1646/1646
f 1553/1553 1541/1541 1773/1773
f 1429/1429 1413/1413 1317/1317
f 1377/1377 1393/1393 1313/1313
f 1541/1541 1525/1525 1773/1773
f 1773/1773 1525/1525 1509/1509
f 1773/1773 1509/1509 1493/1493
f 1493/1493 1477/1477 1773/1773
f 1773/1773 1477/1477 1461/1461
f 1773/1773 1461/1461 1317/1317
f 1317/1317 1461/1461 1445/1445
f 1317/1317 1445/1445 1429/1429
f 1457/1457 1473/1473 1636/1636
f 1636/1636 1473/1473 1489/1489
f 1636/1636 1489/1489 1772/1772
f 1489/1489 1505/1505 1772/1772
f 1772/1772 1505/1505 1521/1521
f 1772/1772 1521/1521 1773/1773
f 1773/1773 1521/1521 1537/1537
f 1773/1773 1537/1537 1553/1553
f 1413/1413 1397/1397 1317/1317
f 1317/1317 1397/1397 1381/1381
f 1317/1317 1381/1381 1313/1313
f 1313/1313 1381/1381 1369/1369
f 1313/1313 1369/1369 1377/1377
f 1393/1393 1409/1409 1313/1313
f 1313/1313 1409/1409 1425/1425
f 1313/1313 1425/1425 1636/1636
f 1636/1636 1425/1425 1441/1441
f 1636/1636 1441/1441 1457/1457
f 5393/5393 5377/5377 5441/5441
f 5377/5377 5361/5361 5441/5441
f 5441/5441 5361/5361 5345/5345
f 5441/5441 5345/5345 5321/5321
f 5179/5179 5305/5305 5289/5289
f 5317/5317 5341/5341 5176/5176
f 5176/5176 5341/5341 5357/5357
f 5176/5176 5357/5357 5438/5438
f 5438/5438 5357/5357 5373/5373
f 5438/5438 5373/5373 5389/5389
f 5389/5389 5405/5405 5438/5438
f 5438/5438 5405/5405 5421/5421
f 5438/5438 5421/5421 5441/5441
f 5441/5441 5421/5421 5409/5409
f 5441/5441 5409/5409 5393/5393
f 5289/5289 5273/5273 5179/5179
f 5179/5179 5273/5273 5257/5257
f 5179/5179 5257/5257 5241/5241
f 5269/5269 5285/5285 5176/5176
f 5176/5176 5285/5285 5301/5301
f 5176/5176 5301/5301 5317/5317
f 5241/5241 5229/5229 5179/5179
f 5179/5179 5229/5229 5237/5237
f 5179/5179 5237/5237 5176/5176
f 5176/5176 5237/5237 5253/5253
f 5176/5176 5253/5253 5269/5269
f 5699/5699 5687/5687 5724/5724
f 5611/5611 5627/5627 5708/5708
f 5647/5647 5631/5631 5727/5727
f 5727/5727 5631/5631 5615/5615
f 5727/5727 5615/5615 5445/5445
f 5445/5445 5615/5615 5595/5595
f 5445/5445 5595/5595 5579/5579
f 5724/5724 5687/5687 5727/5727
f 5727/5727 5687/5687 5671/5671
f 5727/5727 5671/5671 5647/5647
f 5627/5627 5643/5643 5708/5708
f 5708/5708 5643/5643 5667/5667
f 5708/5708 5667/5667 5724/5724
f 5724/5724 5667/5667 5683/5683
f 5724/5724 5683/5683 5699/5699
f 5579/5579 5563/5563 5445/5445
f 5445/5445 5563/5563 5547/5547
f 5445/5445 5547/5547 5531/5531
f 5543/5543 5559/5559 5443/5443
f 5443/5443 5559/5559 5575/5575
f 5443/5443 5575/5575 5708/5708
f 5708/5708 5575/5575 5591/5591
f 5708/5708 5591/5591 5611/5611
f 5515/5515 5503/5503 5443/5443
f 5503/5503 5511/5511 5443/5443
f 5443/5443 5511/5511 5527/5527
f 5443/5443 5527/5527 5543/5543
f 5729/5729 5855/5855 5854/5854
f 6033/6033 5856/5856 6117/6117
f 6117/6117 5856/5856 6118/6118
f 6117/6117 6118/6118 6495/6495
f 6119/6119 6513/6513 6509/6509
f 2894/2894 2886/2886 2839/2839
f 2839/2839 2886/2886 2882/2882
f 2882/2882 2870/2870 2839/2839
f 2839/2839 2870/2870 2866/2866
f 2839/2839 2866/2866 2856/2856
f 2856/2856 2848/2848 2839/2839
f 2839/2839 2848/2848 2844/2844
f 2839/2839 2844/2844 2838/2838
f 2838/2838 2844/2844 2852/2852
f 3707/3707 3466/3466 3469/3469
f 3469/3469 3466/3466 3218/3218
f 3991/3991 3983/3983 4018/4018
f 4018/4018 3983/3983 3975/3975
f 4018/4018 3975/3975 3971/3971
f 3971/3971 3967/3967 4018/4018
f 4018/4018 3967/3967 3960/3960
f 4018/4018 3960/3960 3707/3707
f 3707/3707 3960/3960 3704/3704
f 3707/3707 3704/3704 3466/3466
f 3979/3979 3987/3987 4017/4017
f 4017/4017 3987/3987 3995/3995
f 3716/3716 3720/3720 3701/3701
f 3701/3701 3720/3720 3732/3732
f 3701/3701 3732/3732 4015/4015
f 4015/4015 3732/3732 3736/3736
f 4015/4015 3736/3736 3780/3780
f 3716/3716 3701/3701 3566/3566
f 3566/3566 3701/3701 3459/3459
f 3566/3566 3459/3459 3462/3462
f 3089/3089 3125/3125 2836/2836
f 2836/2836 3125/3125 3169/3169
f 2836/2836 3169/3169 3215/3215
f 3215/3215 3169/3169 3173/3173
f 3173/3173 3185/3185 3215/3215
f 3215/3215 3185/3185 3190/3190
f 3215/3215 3190/3190 3459/3459
f 3459/3459 3190/3190 3342/3342
f 3459/3459 3342/3342 3462/3462
f 2836/2836 2837/2837 3089/3089
f 3089/3089 2837/2837 2838/2838
f 3089/3089 2838/2838 2860/2860
f 2860/2860 2838/2838 2852/2852
f 4396/4396 4216/4216 4021/4021
f 4021/4021 4216/4216 4150/4150
f 4366/4366 4364/4364 4394/4394
f 4364/4364 4360/4360 4394/4394
f 4394/4394 4360/4360 4324/4324
f 4394/4394 4324/4324 4312/4312
f 4323/4323 4393/4393 4311/4311
f 4311/4311 4393/4393 4251/4251
f 4323/4323 4359/4359 4393/4393
f 4393/4393 4359/4359 4363/4363
f 4393/4393 4363/4363 4366/4366
f 4150/4150 4086/4086 4019/4019
f 4019/4019 4086/4086 4082/4082
f 4082/4082 4078/4078 4019/4019
f 4019/4019 4078/4078 4037/4037
f 4019/4019 4037/4037 4033/4033
f 4033/4033 4036/4036 4018/4018
f 4018/4018 4036/4036 4077/4077
f 4018/4018 4077/4077 4081/4081
f 4081/4081 4085/4085 4018/4018
f 4018/4018 4085/4085 4149/4149
f 4018/4018 4149/4149 4393/4393
f 4393/4393 4149/4149 4207/4207
f 4393/4393 4207/4207 4251/4251
f 6233/6233 6197/6197 6133/6133
f 6133/6133 6197/6197 6099/6099
f 6133/6133 6099/6099 5870/5870
f 5870/5870 6099/6099 6039/6039
f 5870/5870 6039/6039 6007/6007
f 6007/6007 5963/5963 5870/5870
f 5870/5870 5963/5963 5943/5943
f 5870/5870 5943/5943 5923/5923
f 5923/5923 5942/5942 5869/5869
f 5869/5869 5942/5942 5962/5962
f 5869/5869 5962/5962 6006/6006
f 6450/6450 6513/6513 6414/6414
f 6414/6414 6513/6513 6362/6362
f 6450/6450 6498/6498 6513/6513
f 6513/6513 6498/6498 6502/6502
f 6513/6513 6502/6502 6523/6523
f 6523/6523 6502/6502 6499/6499
f 6499/6499 6451/6451 6523/6523
f 6523/6523 6451/6451 6415/6415
f 6523/6523 6415/6415 6363/6363
f 6231/6231 6187/6187 6120/6120
f 6119/6119 6178/6178 6513/6513
f 6513/6513 6178/6178 6230/6230
f 6513/6513 6230/6230 6362/6362
f 6097/6097 6037/6037 5858/5858
f 5858/5858 6037/6037 6005/6005
f 5857/5857 5940/5940 5960/5960
f 6005/6005 5961/5961 5858/5858
f 5858/5858 5961/5961 5941/5941
f 5858/5858 5941/5941 5922/5922
f 5960/5960 6004/6004 5857/5857
f 5857/5857 6004/6004 6036/6036
f 5857/5857 6036/6036 6119/6119
f 6119/6119 6036/6036 6096/6096
f 6119/6119 6096/6096 6178/6178
f 2666/2666 2731/2731 2822/2822
f 2777/2777 2774/2774 2824/2824
f 2824/2824 2774/2774 2752/2752
f 2824/2824 2752/2752 2732/2732
f 2731/2731 2751/2751 2822/2822
f 2822/2822 2751/2751 2773/2773
f 2822/2822 2773/2773 2777/2777
f 2206/2206 2213/2213 2250/2250
f 2250/2250 2213/2213 2377/2377
f 2249/2249 2376/2376 2211/2211
f 2211/2211 2376/2376 2456/2456
f 2211/2211 2456/2456 2822/2822
f 2822/2822 2456/2456 2578/2578
f 2822/2822 2578/2578 2666/2666
f 2732/2732 2667/2667 2824/2824
f 2824/2824 2667/2667 2579/2579
f 2824/2824 2579/2579 2213/2213
f 2213/2213 2579/2579 2465/2465
f 2213/2213 2465/2465 2377/2377
f 2202/2202 2198/2198 2167/2167
f 2198/2198 2195/2195 2167/2167
f 2167/2167 2195/2195 2165/2165
f 2167/2167 2165/2165 2077/2077
f 2195/2195 2197/2197 2165/2165
f 2165/2165 2197/2197 2201/2201
f 2165/2165 2201/2201 2211/2211
f 2211/2211 2201/2201 2205/2205
f 2211/2211 2205/2205 2249/2249
f 287/287 207/207 99/99
f 99/99 207/207 149/149
f 99/99 149/149 82/82
f 691/691 588/588 628/628
f 628/628 588/588 528/528
f 628/628 528/528 99/99
f 99/99 528/528 446/446
f 99/99 446/446 287/287
f 587/587 690/690 727/727
f 727/727 690/690 698/698
f 727/727 698/698 702/702
f 702/702 706/706 727/727
f 727/727 706/706 709/709
f 727/727 709/709 728/728
f 709/709 707/707 728/728
f 728/728 707/707 703/703
f 728/728 703/703 699/699
f 98/98 81/81 148/148
f 148/148 206/206 98/98
f 98/98 206/206 286/286
f 98/98 286/286 445/445
f 240/240 232/232 87/87
f 87/87 232/232 86/86
f 87/87 86/86 17/17
f 17/17 86/86 80/80
f 17/17 80/80 7/7
f 7/7 80/80 77/77
f 7/7 77/77 79/79
f 90/90 31/31 91/91
f 91/91 31/31 35/35
f 91/91 35/35 92/92
f 78/78 81/81 63/63
f 63/63 81/81 98/98
f 63/63 98/98 59/59
f 59/59 98/98 97/97
f 59/59 97/97 55/55
f 55/55 97/97 96/96
f 55/55 96/96 51/51
f 51/51 96/96 95/95
f 51/51 95/95 47/47
f 47/47 95/95 94/94
f 47/47 94/94 43/43
f 43/43 94/94 93/93
f 43/43 93/93 39/39
f 92/92 621/621 91/91
f 91/91 621/621 620/620
f 91/91 620/620 90/90
f 90/90 620/620 619/619
f 380/380 356/356 622/622
f 106/106 114/114 92/92
f 256/256 220/220 93/93
f 93/93 220/220 200/200
f 93/93 200/200 162/162
f 304/304 352/352 621/621
f 621/621 352/352 376/376
f 360/360 384/384 356/356
f 356/356 384/384 402/402
f 356/356 402/402 622/622
f 622/622 402/402 430/430
f 622/622 430/430 406/406
f 122/122 248/248 110/110
f 110/110 248/248 212/212
f 35/35 39/39 92/92
f 92/92 39/39 93/93
f 92/92 93/93 106/106
f 106/106 93/93 118/118
f 122/122 138/138 248/248
f 248/248 138/138 158/158
f 248/248 158/158 196/196
f 114/114 130/130 92/92
f 92/92 130/130 150/150
f 92/92 150/150 188/188
f 188/188 208/208 92/92
f 92/92 208/208 244/244
f 92/92 244/244 621/621
f 621/621 244/244 268/268
f 621/621 268/268 304/304
f 196/196 216/216 248/248
f 248/248 216/216 252/252
f 248/248 252/252 272/272
f 272/272 252/252 276/276
f 272/272 276/276 308/308
f 308/308 276/276 356/356
f 356/356 276/276 312/312
f 356/356 312/312 360/360
f 406/406 388/388 622/622
f 622/622 388/388 364/364
f 622/622 364/364 316/316
f 376/376 394/394 621/621
f 621/621 394/394 426/426
f 621/621 426/426 622/622
f 622/622 426/426 398/398
f 622/622 398/398 380/380
f 162/162 142/142 93/93
f 93/93 142/142 126/126
f 93/93 126/126 110/110
f 212/212 192/192 110/110
f 110/110 192/192 154/154
f 110/110 154/154 93/93
f 93/93 154/154 134/134
f 93/93 134/134 118/118
f 445/445 519/519 98/98
f 98/98 519/519 627/627
f 98/98 627/627 97/97
f 97/97 627/627 626/626
f 97/97 626/626 96/96
f 96/96 626/626 625/625
f 96/96 625/625 95/95
f 95/95 625/625 624/624
f 95/95 624/624 94/94
f 94/94 624/624 623/623
f 94/94 623/623 93/93
f 93/93 623/623 622/622
f 93/93 622/622 280/280
f 280/280 622/622 316/316
f 519/519 587/587 627/627
f 627/627 587/587 727/727
f 627/627 727/727 626/626
f 626/626 727/727 726/726
f 626/626 726/726 625/625
f 625/625 726/726 725/725
f 625/625 725/725 624/624
f 624/624 725/725 724/724
f 624/624 724/724 623/623
f 623/623 724/724 723/723
f 623/623 723/723 622/622
f 622/622 723/723 722/722
f 622/622 722/722 621/621
f 621/621 722/722 721/721
f 621/621 721/721 620/620
f 620/620 721/721 720/720
f 620/620 720/720 619/619
f 619/619 720/720 719/719
f 629/629 729/729 628/628
f 628/628 729/729 728/728
f 628/628 728/728 691/691
f 691/691 728/728 699/699
f 566/566 631/631 629/629
f 629/629 631/631 731/731
f 629/629 731/731 729/729
f 729/729 731/731 979/979
f 729/729 979/979 728/728
f 728/728 979/979 977/977
f 728/728 977/977 727/727
f 727/727 977/977 975/975
f 727/727 975/975 726/726
f 726/726 975/975 973/973
f 726/726 973/973 847/847
f 847/847 973/973 863/863
f 1056/1056 1072/1072 981/981
f 981/981 1072/1072 1269/1269
f 981/981 1269/1269 979/979
f 979/979 1269/1269 1268/1268
f 979/979 1268/1268 977/977
f 977/977 1268/1268 1267/1267
f 977/977 1267/1267 975/975
f 975/975 1267/1267 1266/1266
f 975/975 1266/1266 973/973
f 973/973 1266/1266 1265/1265
f 973/973 1265/1265 971/971
f 971/971 1265/1265 1264/1264
f 971/971 1264/1264 969/969
f 969/969 1264/1264 1263/1263
f 969/969 1263/1263 965/965
f 965/965 1263/1263 1261/1261
f 1650/1650 1327/1327 1332/1332
f 1332/1332 1327/1327 1253/1253
f 1332/1332 1253/1253 1254/1254
f 1254/1254 1253/1253 947/947
f 1254/1254 947/947 952/952
f 952/952 947/947 714/714
f 952/952 714/714 715/715
f 715/715 714/714 708/708
f 715/715 708/708 705/705
f 1272/1272 1366/1366 1270/1270
f 1270/1270 1366/1366 1363/1363
f 1270/1270 1363/1363 1269/1269
f 1269/1269 1363/1363 1361/1361
f 1269/1269 1361/1361 1268/1268
f 1268/1268 1361/1361 1359/1359
f 1268/1268 1359/1359 1267/1267
f 1267/1267 1359/1359 1357/1357
f 1267/1267 1357/1357 1266/1266
f 1266/1266 1357/1357 1355/1355
f 1266/1266 1355/1355 1265/1265
f 1265/1265 1355/1355 1353/1353
f 1265/1265 1353/1353 1264/1264
f 1264/1264 1353/1353 1351/1351
f 1264/1264 1351/1351 1263/1263
f 1263/1263 1351/1351 1349/1349
f 1263/1263 1349/1349 1261/1261
f 1261/1261 1349/1349 1345/1345
f 23/23 89/89 88/88
f 88/88 89/89 618/618
f 88/88 618/618 617/617
f 617/617 618/618 718/718
f 617/617 718/718 717/717
f 717/717 718/718 957/957
f 717/717 957/957 955/955
f 955/955 957/957 1257/1257
f 955/955 1257/1257 1256/1256
f 1256/1256 1257/1257 1337/1337
f 1256/1256 1337/1337 1335/1335
f 1335/1335 1337/1337 1782/1782
f 1335/1335 1782/1782 1781/1781
f 27/27 90/90 89/89
f 89/89 90/90 619/619
f 89/89 619/619 618/618
f 618/618 619/619 719/719
f 618/618 719/719 718/718
f 718/718 719/719 959/959
f 718/718 959/959 957/957
f 957/957 959/959 1258/1258
f 957/957 1258/1258 1257/1257
f 1257/1257 1258/1258 1339/1339
f 1257/1257 1339/1339 1337/1337
f 1337/1337 1339/1339 1783/1783
f 1337/1337 1783/1783 1782/1782
f 1450/1450 1466/1466 1363/1363
f 1363/1363 1466/1466 1795/1795
f 1363/1363 1795/1795 1361/1361
f 1361/1361 1795/1795 1794/1794
f 1361/1361 1794/1794 1359/1359
f 1359/1359 1794/1794 1793/1793
f 1359/1359 1793/1793 1357/1357
f 1357/1357 1793/1793 1792/1792
f 1357/1357 1792/1792 1355/1355
f 1355/1355 1792/1792 1791/1791
f 1355/1355 1791/1791 1353/1353
f 1353/1353 1791/1791 1790/1790
f 1353/1353 1790/1790 1351/1351
f 1351/1351 1790/1790 1789/1789
f 1351/1351 1789/1789 1349/1349
f 1349/1349 1789/1789 1788/1788
f 1349/1349 1788/1788 1594/1594
f 1594/1594 1788/1788 1600/1600
f 1784/1784 2179/2179 1783/1783
f 1783/1783 2179/2179 2178/2178
f 1783/1783 2178/2178 1782/1782
f 1782/1782 2178/2178 2177/2177
f 1782/1782 2177/2177 1781/1781
f 1781/1781 2177/2177 2176/2176
f 2161/2161 2157/2157 1785/1785
f 1785/1785 2157/2157 2180/2180
f 1785/1785 2180/2180 2049/2049
f 2049/2049 2001/2001 1785/1785
f 1785/1785 2001/2001 1985/1985
f 1785/1785 1985/1985 1969/1969
f 2121/2121 2105/2105 2180/2180
f 1969/1969 1953/1953 1785/1785
f 1785/1785 1953/1953 1937/1937
f 1785/1785 1937/1937 1784/1784
f 1784/1784 1937/1937 1925/1925
f 1784/1784 1925/1925 1933/1933
f 2085/2085 2101/2101 2179/2179
f 2179/2179 2101/2101 2117/2117
f 2105/2105 2089/2089 2180/2180
f 2180/2180 2089/2089 2065/2065
f 2180/2180 2065/2065 2049/2049
f 1933/1933 1949/1949 1784/1784
f 1784/1784 1949/1949 1965/1965
f 1784/1784 1965/1965 1981/1981
f 1981/1981 1997/1997 1784/1784
f 1784/1784 1997/1997 2045/2045
f 1784/1784 2045/2045 2179/2179
f 2179/2179 2045/2045 2061/2061
f 2179/2179 2061/2061 2085/2085
f 2117/2117 2133/2133 2179/2179
f 2179/2179 2133/2133 2149/2149
f 2179/2179 2149/2149 2180/2180
f 2180/2180 2149/2149 2137/2137
f 2180/2180 2137/2137 2121/2121
f 2057/2057 2009/2009 1787/1787
f 2009/2009 1993/1993 1787/1787
f 1787/1787 1993/1993 1977/1977
f 1787/1787 1977/1977 1961/1961
f 1961/1961 1945/1945 1787/1787
f 1787/1787 1945/1945 1929/1929
f 1787/1787 1929/1929 1786/1786
f 1786/1786 1929/1929 1941/1941
f 1786/1786 1941/1941 1957/1957
f 2073/2073 2182/2182 2097/2097
f 2097/2097 2182/2182 2113/2113
f 2153/2153 2182/2182 2181/2181
f 1957/1957 1973/1973 1786/1786
f 1786/1786 1973/1973 1989/1989
f 1786/1786 1989/1989 2181/2181
f 2181/2181 1989/1989 2005/2005
f 2181/2181 2005/2005 2053/2053
f 2153/2153 2145/2145 2182/2182
f 2182/2182 2145/2145 2129/2129
f 2182/2182 2129/2129 2113/2113
f 2053/2053 2069/2069 2181/2181
f 2181/2181 2069/2069 2093/2093
f 2181/2181 2093/2093 2109/2109
f 2109/2109 2125/2125 2181/2181
f 2181/2181 2125/2125 2141/2141
f 2181/2181 2141/2141 2153/2153
f 2073/2073 2057/2057 2182/2182
f 2182/2182 2057/2057 1787/1787
f 2182/2182 1787/1787 2183/2183
f 2183/2183 1787/1787 1788/1788
f 2183/2183 1788/1788 2184/2184
f 2184/2184 1788/1788 1789/1789
f 2184/2184 1789/1789 2185/2185
f 2185/2185 1789/1789 1790/1790
f 2185/2185 1790/1790 2186/2186
f 2186/2186 1790/1790 1791/1791
f 2186/2186 1791/1791 2187/2187
f 2187/2187 1791/1791 1792/1792
f 2187/2187 1792/1792 2188/2188
f 2188/2188 1792/1792 1793/1793
f 2188/2188 1793/1793 2189/2189
f 2189/2189 1793/1793 1794/1794
f 2189/2189 1794/1794 2190/2190
f 2190/2190 1794/1794 1795/1795
f 2190/2190 1795/1795 1797/1797
f 1797/1797 1795/1795 1558/1558
f 1797/1797 1558/1558 1550/1550
f 2404/2404 2432/2432 2214/2214
f 2214/2214 2432/2432 2213/2213
f 2214/2214 2213/2213 2167/2167
f 2167/2167 2213/2213 2206/2206
f 2167/2167 2206/2206 2202/2202
f 2550/2550 2436/2436 2215/2215
f 2215/2215 2436/2436 2214/2214
f 2215/2215 2214/2214 2168/2168
f 2168/2168 2214/2214 2167/2167
f 2168/2168 2167/2167 1772/1772
f 1772/1772 2167/2167 2077/2077
f 1772/1772 2077/2077 1770/1770
f 2682/2682 2215/2215 2216/2216
f 2216/2216 2215/2215 2169/2169
f 2216/2216 2169/2169 2170/2170
f 2170/2170 2169/2169 1774/1774
f 2170/2170 1774/1774 1775/1775
f 1775/1775 1774/1774 1319/1319
f 1775/1775 1319/1319 1321/1321
f 1321/1321 1319/1319 1249/1249
f 1321/1321 1249/1249 1250/1250
f 1250/1250 1249/1249 1215/1215
f 1250/1250 1215/1215 1203/1203
f 2157/2157 2241/2241 2180/2180
f 2180/2180 2241/2241 2226/2226
f 2180/2180 2226/2226 2179/2179
f 2179/2179 2226/2226 2225/2225
f 2179/2179 2225/2225 2178/2178
f 2178/2178 2225/2225 2224/2224
f 2178/2178 2224/2224 2177/2177
f 2177/2177 2224/2224 2223/2223
f 2177/2177 2223/2223 2176/2176
f 2176/2176 2223/2223 2222/2222
f 2199/2199 2203/2203 2191/2191
f 2191/2191 2203/2203 2237/2237
f 2191/2191 2237/2237 2190/2190
f 2190/2190 2237/2237 2236/2236
f 2190/2190 2236/2236 2189/2189
f 2189/2189 2236/2236 2235/2235
f 2189/2189 2235/2235 2188/2188
f 2188/2188 2235/2235 2234/2234
f 2188/2188 2234/2234 2187/2187
f 2187/2187 2234/2234 2233/2233
f 2187/2187 2233/2233 2186/2186
f 2186/2186 2233/2233 2232/2232
f 2186/2186 2232/2232 2185/2185
f 2185/2185 2232/2232 2231/2231
f 2185/2185 2231/2231 2184/2184
f 2184/2184 2231/2231 2230/2230
f 2184/2184 2230/2230 2183/2183
f 2183/2183 2230/2230 2229/2229
f 2183/2183 2229/2229 2182/2182
f 2182/2182 2229/2229 2228/2228
f 2182/2182 2228/2228 2181/2181
f 2181/2181 2228/2228 2227/2227
f 2181/2181 2227/2227 2209/2209
f 2209/2209 2227/2227 2245/2245
f 2082/2082 2194/2194 2192/2192
f 2192/2192 2194/2194 2240/2240
f 2192/2192 2240/2240 2238/2238
f 2238/2238 2240/2240 2379/2379
f 2238/2238 2379/2379 2252/2252
f 2412/2412 2217/2217 2444/2444
f 2444/2444 2217/2217 2826/2826
f 2444/2444 2826/2826 2452/2452
f 2412/2412 2400/2400 2217/2217
f 2217/2217 2400/2400 2372/2372
f 2217/2217 2372/2372 2364/2364
f 2364/2364 2356/2356 2217/2217
f 2217/2217 2356/2356 2332/2332
f 2217/2217 2332/2332 2324/2324
f 2328/2328 2352/2352 2216/2216
f 2216/2216 2352/2352 2360/2360
f 2216/2216 2360/2360 2368/2368
f 1297/1297 1323/1323 1321/1321
f 1321/1321 1323/1323 1776/1776
f 1321/1321 1776/1776 1775/1775
f 1775/1775 1776/1776 2171/2171
f 1775/1775 2171/2171 2170/2170
f 2170/2170 2171/2171 2217/2217
f 2170/2170 2217/2217 2216/2216
f 2216/2216 2217/2217 2324/2324
f 2216/2216 2324/2324 2328/2328
f 2448/2448 2476/2476 2825/2825
f 2825/2825 2476/2476 2492/2492
f 2500/2500 2508/2508 2826/2826
f 2826/2826 2508/2508 2504/2504
f 2504/2504 2496/2496 2826/2826
f 2826/2826 2496/2496 2480/2480
f 2826/2826 2480/2480 2452/2452
f 2368/2368 2396/2396 2216/2216
f 2216/2216 2396/2396 2408/2408
f 2216/2216 2408/2408 2825/2825
f 2825/2825 2408/2408 2440/2440
f 2825/2825 2440/2440 2448/2448
f 2594/2594 2586/2586 2218/2218
f 2586/2586 2558/2558 2218/2218
f 2218/2218 2558/2558 2542/2542
f 2218/2218 2542/2542 2528/2528
f 2538/2538 2554/2554 2217/2217
f 2217/2217 2554/2554 2582/2582
f 611/611 613/613 692/692
f 692/692 613/613 713/713
f 692/692 713/713 712/712
f 712/712 713/713 945/945
f 712/712 945/945 943/943
f 943/943 945/945 1252/1252
f 943/943 1252/1252 1251/1251
f 1251/1251 1252/1252 1325/1325
f 1251/1251 1325/1325 1323/1323
f 1323/1323 1325/1325 1777/1777
f 1323/1323 1777/1777 1776/1776
f 1776/1776 1777/1777 2172/2172
f 1776/1776 2172/2172 2171/2171
f 2171/2171 2172/2172 2218/2218
f 2171/2171 2218/2218 2217/2217
f 2217/2217 2218/2218 2528/2528
f 2217/2217 2528/2528 2538/2538
f 2759/2759 2747/2747 2827/2827
f 2827/2827 2747/2747 2739/2739
f 2827/2827 2739/2739 2727/2727
f 2727/2727 2690/2690 2827/2827
f 2827/2827 2690/2690 2674/2674
f 2827/2827 2674/2674 2218/2218
f 2218/2218 2674/2674 2618/2618
f 2218/2218 2618/2618 2594/2594
f 2670/2670 2826/2826 2614/2614
f 2614/2614 2826/2826 2217/2217
f 2614/2614 2217/2217 2590/2590
f 2590/2590 2217/2217 2582/2582
f 2670/2670 2686/2686 2826/2826
f 2826/2826 2686/2686 2723/2723
f 2826/2826 2723/2723 2735/2735
f 2735/2735 2743/2743 2826/2826
f 2826/2826 2743/2743 2755/2755
f 2826/2826 2755/2755 2827/2827
f 2827/2827 2755/2755 2763/2763
f 2827/2827 2763/2763 2759/2759
f 2933/2933 2828/2828 2829/2829
f 2829/2829 2828/2828 2219/2219
f 2829/2829 2219/2219 2220/2220
f 2220/2220 2219/2219 2173/2173
f 2220/2220 2173/2173 2174/2174
f 2174/2174 2173/2173 1872/1872
f 2174/2174 1872/1872 1884/1884
f 545/545 616/616 615/615
f 615/615 616/616 716/716
f 615/615 716/716 715/715
f 715/715 716/716 953/953
f 715/715 953/953 952/952
f 952/952 953/953 1255/1255
f 952/952 1255/1255 1254/1254
f 1254/1254 1255/1255 1333/1333
f 1254/1254 1333/1333 1332/1332
f 1332/1332 1333/1333 1780/1780
f 1332/1332 1780/1780 1779/1779
f 1779/1779 1780/1780 2175/2175
f 1779/1779 2175/2175 2174/2174
f 2174/2174 2175/2175 2221/2221
f 2174/2174 2221/2221 2220/2220
f 2220/2220 2221/2221 2830/2830
f 2220/2220 2830/2830 2829/2829
f 2901/2901 2829/2829 2897/2897
f 2897/2897 2829/2829 2830/2830
f 2897/2897 2830/2830 2831/2831
f 2831/2831 2830/2830 2221/2221
f 2831/2831 2221/2221 2222/2222
f 2222/2222 2221/2221 2175/2175
f 2222/2222 2175/2175 2176/2176
f 2176/2176 2175/2175 1780/1780
f 2176/2176 1780/1780 1781/1781
f 1781/1781 1780/1780 1333/1333
f 1781/1781 1333/1333 1335/1335
f 1335/1335 1333/1333 1255/1255
f 1335/1335 1255/1255 1256/1256
f 1256/1256 1255/1255 953/953
f 1256/1256 953/953 955/955
f 955/955 953/953 716/716
f 955/955 716/716 717/717
f 717/717 716/716 616/616
f 717/717 616/616 617/617
f 617/617 616/616 87/87
f 617/617 87/87 88/88
f 88/88 87/87 19/19
f 88/88 19/19 23/23
f 2378/2378 2466/2466 2237/2237
f 2237/2237 2466/2466 2839/2839
f 2237/2237 2839/2839 2236/2236
f 2236/2236 2839/2839 2838/2838
f 2236/2236 2838/2838 2235/2235
f 2235/2235 2838/2838 2837/2837
f 2235/2235 2837/2837 2234/2234
f 2234/2234 2837/2837 2836/2836
f 2234/2234 2836/2836 2233/2233
f 2233/2233 2836/2836 2835/2835
f 2233/2233 2835/2835 2232/2232
f 2232/2232 2835/2835 2834/2834
f 2232/2232 2834/2834 2231/2231
f 2231/2231 2834/2834 2833/2833
f 2231/2231 2833/2833 2230/2230
f 2230/2230 2833/2833 2832/2832
f 2230/2230 2832/2832 2783/2783
f 2783/2783 2832/2832 2905/2905
f 2828/2828 3017/3017 2993/2993
f 3149/3149 3133/3133 3211/3211
f 3211/3211 3133/3133 3113/3113
f 3211/3211 3113/3113 3097/3097
f 3097/3097 3073/3073 3211/3211
f 3211/3211 3073/3073 3049/3049
f 3211/3211 3049/3049 2828/2828
f 2828/2828 3049/3049 3033/3033
f 2828/2828 3033/3033 3017/3017
f 3209/3209 3145/3145 3211/3211
f 3211/3211 3145/3145 3161/3161
f 3211/3211 3161/3161 3149/3149
f 2957/2957 2973/2973 2827/2827
f 2827/2827 2973/2973 2989/2989
f 2827/2827 2989/2989 3013/3013
f 3093/3093 3109/3109 3209/3209
f 3209/3209 3109/3109 3129/3129
f 3209/3209 3129/3129 3145/3145
f 2993/2993 2977/2977 2828/2828
f 2828/2828 2977/2977 2961/2961
f 2828/2828 2961/2961 2949/2949
f 83/83 85/85 102/102
f 102/102 85/85 614/614
f 102/102 614/614 613/613
f 613/613 614/614 714/714
f 613/613 714/714 713/713
f 713/713 714/714 947/947
f 713/713 947/947 945/945
f 945/945 947/947 1253/1253
f 945/945 1253/1253 1252/1252
f 1252/1252 1253/1253 1327/1327
f 1252/1252 1327/1327 1325/1325
f 1325/1325 1327/1327 1778/1778
f 1325/1325 1778/1778 1777/1777
f 1777/1777 1778/1778 2173/2173
f 1777/1777 2173/2173 2172/2172
f 2172/2172 2173/2173 2219/2219
f 2172/2172 2219/2219 2218/2218
f 2218/2218 2219/2219 2828/2828
f 2218/2218 2828/2828 2827/2827
f 2827/2827 2828/2828 2949/2949
f 2827/2827 2949/2949 2957/2957
f 3013/3013 3029/3029 2827/2827
f 2827/2827 3029/3029 3045/3045
f 2827/2827 3045/3045 3209/3209
f 3209/3209 3045/3045 3069/3069
f 3209/3209 3069/3069 3093/3093
f 3229/3229 3237/3237 3195/3195
f 3349/3349 3329/3329 3200/3200
f 3200/3200 3329/3329 3313/3313
f 3200/3200 3313/3313 3297/3297
f 3297/3297 3273/3273 3200/3200
f 3200/3200 3273/3273 3257/3257
f 3200/3200 3257/3257 3241/3241
f 3361/3361 3377/3377 3433/3433
f 3433/3433 3377/3377 3393/3393
f 3397/3397 3381/3381 3438/3438
f 3438/3438 3381/3381 3365/3365
f 3438/3438 3365/3365 3349/3349
f 2777/2777 2824/2824 2822/2822
f 2822/2822 2824/2824 3200/3200
f 2822/2822 3200/3200 3195/3195
f 3195/3195 3200/3200 3241/3241
f 3195/3195 3241/3241 3229/3229
f 3237/3237 3253/3253 3195/3195
f 3195/3195 3253/3253 3269/3269
f 3195/3195 3269/3269 3293/3293
f 3293/3293 3309/3309 3195/3195
f 3195/3195 3309/3309 3325/3325
f 3195/3195 3325/3325 3433/3433
f 3433/3433 3325/3325 3345/3345
f 3433/3433 3345/3345 3361/3361
f 3393/3393 3409/3409 3433/3433
f 3433/3433 3409/3409 3425/3425
f 3433/3433 3425/3425 3438/3438
f 3438/3438 3425/3425 3413/3413
f 3438/3438 3413/3413 3397/3397
f 2921/2921 2825/2825 3205/3205
f 3205/3205 2825/2825 3207/3207
f 3205/3205 3207/3207 3445/3445
f 3445/3445 3207/3207 3447/3447
f 3445/3445 3447/3447 3695/3695
f 3262/3262 3278/3278 3221/3221
f 3374/3374 3358/3358 3472/3472
f 3472/3472 3358/3358 3338/3338
f 3472/3472 3338/3338 3224/3224
f 3224/3224 3338/3338 3322/3322
f 3322/3322 3306/3306 3224/3224
f 3224/3224 3306/3306 3282/3282
f 3224/3224 3282/3282 3266/3266
f 3472/3472 3469/3469 3402/3402
f 3402/3402 3418/3418 3472/3472
f 3472/3472 3418/3418 3430/3430
f 3472/3472 3430/3430 3422/3422
f 3422/3422 3406/3406 3472/3472
f 3472/3472 3406/3406 3390/3390
f 3472/3472 3390/3390 3374/3374
f 3266/3266 3250/3250 3224/3224
f 3224/3224 3250/3250 3234/3234
f 3224/3224 3234/3234 3246/3246
f 3278/3278 3302/3302 3221/3221
f 3221/3221 3302/3302 3318/3318
f 3221/3221 3318/3318 3334/3334
f 3354/3354 3370/3370 3469/3469
f 3469/3469 3370/3370 3386/3386
f 3469/3469 3386/3386 3402/3402
f 2778/2778 2840/2840 2839/2839
f 2839/2839 2840/2840 3224/3224
f 2839/2839 3224/3224 3221/3221
f 3221/3221 3224/3224 3246/3246
f 3221/3221 3246/3246 3262/3262
f 2894/2894 2839/2839 3218/3218
f 3218/3218 2839/2839 3221/3221
f 3218/3218 3221/3221 3469/3469
f 3469/3469 3221/3221 3334/3334
f 3469/3469 3334/3334 3354/3354
f 3521/3521 3438/3438 3537/3537
f 3537/3537 3438/3438 3553/3553
f 3673/3673 3661/3661 3686/3686
f 3686/3686 3661/3661 3645/3645
f 3686/3686 3645/3645 3629/3629
f 3629/3629 3605/3605 3686/3686
f 3686/3686 3605/3605 3589/3589
f 3686/3686 3589/3589 3573/3573
f 3485/3485 3501/3501 3433/3433
f 3433/3433 3501/3501 3517/3517
f 3433/3433 3517/3517 3533/3533
f 3601/3601 3625/3625 3681/3681
f 3681/3681 3625/3625 3641/3641
f 3681/3681 3641/3641 3657/3657
f 3521/3521 3505/3505 3438/3438
f 3438/3438 3505/3505 3489/3489
f 3438/3438 3489/3489 3433/3433
f 3433/3433 3489/3489 3477/3477
f 3433/3433 3477/3477 3485/3485
f 3533/3533 3549/3549 3433/3433
f 3433/3433 3549/3549 3569/3569
f 3433/3433 3569/3569 3681/3681
f 3681/3681 3569/3569 3585/3585
f 3681/3681 3585/3585 3601/3601
f 3776/3776 3699/3699 3701/3701
f 3701/3701 3699/3699 3457/3457
f 3701/3701 3457/3457 3459/3459
f 3459/3459 3457/3457 3213/3213
f 3459/3459 3213/3213 3215/3215
f 3215/3215 3213/3213 3158/3158
f 3215/3215 3158/3158 3142/3142
f 3614/3614 3598/3598 3710/3710
f 3710/3710 3598/3598 3582/3582
f 3710/3710 3582/3582 3472/3472
f 3472/3472 3582/3582 3562/3562
f 3472/3472 3562/3562 3546/3546
f 3594/3594 3610/3610 3707/3707
f 3707/3707 3610/3610 3634/3634
f 3707/3707 3634/3634 3650/3650
f 3670/3670 3710/3710 3678/3678
f 3678/3678 3710/3710 3666/3666
f 3670/3670 3654/3654 3710/3710
f 3710/3710 3654/3654 3638/3638
f 3710/3710 3638/3638 3614/3614
f 3546/3546 3530/3530 3472/3472
f 3472/3472 3530/3530 3514/3514
f 3472/3472 3514/3514 3498/3498
f 3526/3526 3542/3542 3469/3469
f 3469/3469 3542/3542 3558/3558
f 3469/3469 3558/3558 3707/3707
f 3707/3707 3558/3558 3578/3578
f 3707/3707 3578/3578 3594/3594
f 3498/3498 3482/3482 3472/3472
f 3472/3472 3482/3482 3494/3494
f 3472/3472 3494/3494 3469/3469
f 3469/3469 3494/3494 3510/3510
f 3469/3469 3510/3510 3526/3526
f 3917/3917 3933/3933 4007/4007
f 4007/4007 3933/3933 3921/3921
f 3803/3803 3787/3787 3697/3697
f 3697/3697 3787/3787 3767/3767
f 3697/3697 3767/3767 3751/3751
f 3739/3739 3747/3747 3695/3695
f 3799/3799 3821/3821 3695/3695
f 3695/3695 3821/3821 3837/3837
f 3853/3853 3869/3869 4006/4006
f 4006/4006 3869/3869 3885/3885
f 4006/4006 3885/3885 3901/3901
f 3921/3921 3905/3905 4007/4007
f 4007/4007 3905/3905 3889/3889
f 4007/4007 3889/3889 3873/3873
f 3873/3873 3857/3857 4007/4007
f 4007/4007 3857/3857 3841/3841
f 4007/4007 3841/3841 3697/3697
f 3697/3697 3841/3841 3825/3825
f 3697/3697 3825/3825 3803/3803
f 3747/3747 3763/3763 3695/3695
f 3695/3695 3763/3763 3783/3783
f 3695/3695 3783/3783 3799/3799
f 3065/3065 3009/3009 3203/3203
f 3203/3203 3009/3009 3205/3205
f 3203/3203 3205/3205 3443/3443
f 3443/3443 3205/3205 3445/3445
f 3443/3443 3445/3445 3693/3693
f 3693/3693 3445/3445 3695/3695
f 3693/3693 3695/3695 4006/4006
f 4006/4006 3695/3695 3837/3837
f 4006/4006 3837/3837 3853/3853
f 3751/3751 3739/3739 3697/3697
f 3697/3697 3739/3739 3695/3695
f 3697/3697 3695/3695 3449/3449
f 3449/3449 3695/3695 3447/3447
f 3449/3449 3447/3447 3209/3209
f 3209/3209 3447/3447 3207/3207
f 3209/3209 3207/3207 2826/2826
f 2826/2826 3207/3207 2825/2825
f 2826/2826 2825/2825 2500/2500
f 2500/2500 2825/2825 2492/2492
f 4033/4033 4018/4018 4019/4019
f 4019/4019 4018/4018 3707/3707
f 4019/4019 3707/3707 3710/3710
f 3710/3710 3707/3707 3650/3650
f 3710/3710 3650/3650 3666/3666
f 4150/4150 4019/4019 4021/4021
f 4021/4021 4019/4019 3710/3710
f 4021/4021 3710/3710 3712/3712
f 3712/3712 3710/3710 3472/3472
f 3712/3712 3472/3472 3474/3474
f 3474/3474 3472/3472 3224/3224
f 3474/3474 3224/3224 3226/3226
f 3226/3226 3224/3224 2840/2840
f 3226/3226 2840/2840 2842/2842
f 2842/2842 2840/2840 2581/2581
f 2842/2842 2581/2581 2240/2240
f 2240/2240 2581/2581 2475/2475
f 2240/2240 2475/2475 2379/2379
f 4076/4076 4035/4035 4001/4001
f 4206/4206 4148/4148 4001/4001
f 4148/4148 4084/4084 4001/4001
f 4001/4001 4084/4084 4080/4080
f 4001/4001 4080/4080 4076/4076
f 4035/4035 4032/4032 4001/4001
f 4001/4001 4032/4032 3999/3999
f 4001/4001 3999/3999 3681/3681
f 4367/4367 4249/4249 4309/4309
f 4309/4309 4321/4321 4367/4367
f 4367/4367 4321/4321 4357/4357
f 4367/4367 4357/4357 4361/4361
f 4032/4032 4034/4034 3999/3999
f 3999/3999 4034/4034 4075/4075
f 3999/3999 4075/4075 4079/4079
f 4079/4079 4083/4083 3999/3999
f 3999/3999 4083/4083 4147/4147
f 3999/3999 4147/4147 4367/4367
f 4367/4367 4147/4147 4197/4197
f 4367/4367 4197/4197 4249/4249
f 4365/4365 4362/4362 4369/4369
f 4369/4369 4362/4362 4358/4358
f 4369/4369 4358/4358 4322/4322
f 4322/4322 4310/4310 4369/4369
f 4369/4369 4310/4310 4250/4250
f 4369/4369 4250/4250 4206/4206
f 4471/4471 4386/4386 4387/4387
f 4387/4387 4386/4386 4011/4011
f 4387/4387 4011/4011 4012/4012
f 4012/4012 4011/4011 3953/3953
f 4012/4012 3953/3953 3945/3945
f 4434/4434 4429/4429 4367/4367
f 3941/3941 3949/3949 4008/4008
f 4008/4008 3949/3949 4009/4009
f 4008/4008 4009/4009 4377/4377
f 4377/4377 4009/4009 4378/4378
f 4377/4377 4378/4378 4453/4453
f 4453/4453 4378/4378 4455/4455
f 4038/4038 4095/4095 4379/4379
f 4379/4379 4095/4095 4380/4380
f 4379/4379 4380/4380 4457/4457
f 4457/4457 4380/4380 4459/4459
f 4457/4457 4459/4459 4923/4923
f 4923/4923 4459/4459 4653/4653
f 4923/4923 4653/4653 4689/4689
f 4467/4467 4385/4385 4469/4469
f 4935/4935 4471/4471 4473/4473
f 4473/4473 4471/4471 4387/4387
f 4473/4473 4387/4387 4388/4388
f 4388/4388 4387/4387 4012/4012
f 4388/4388 4012/4012 4013/4013
f 4013/4013 4012/4012 3945/3945
f 4013/4013 3945/3945 3878/3878
f 3878/3878 3945/3945 3862/3862
f 4366/4366 4394/4394 4393/4393
f 4393/4393 4394/4394 4486/4486
f 4393/4393 4486/4486 4483/4483
f 4962/4962 4945/4945 4948/4948
f 4948/4948 4945/4945 4483/4483
f 4948/4948 4483/4483 4874/4874
f 4874/4874 4483/4483 4486/4486
f 4874/4874 4486/4486 4488/4488
f 4488/4488 4486/4486 4394/4394
f 4488/4488 4394/4394 4396/4396
f 4396/4396 4394/4394 4252/4252
f 4396/4396 4252/4252 4216/4216
f 4612/4612 4429/4429 4894/4894
f 4894/4894 4429/4429 4434/4434
f 4894/4894 4434/4434 4898/4898
f 4898/4898 4434/4434 4899/4899
f 4206/4206 4001/4001 4369/4369
f 4369/4369 4001/4001 4370/4370
f 4369/4369 4370/4370 4435/4435
f 4435/4435 4370/4370 4437/4437
f 4435/4435 4437/4437 4901/4901
f 4901/4901 4437/4437 4903/4903
f 4901/4901 4903/4903 5183/5183
f 2941/2941 3005/3005 3200/3200
f 3200/3200 3005/3005 3201/3201
f 3200/3200 3201/3201 3439/3439
f 3439/3439 3201/3201 3441/3441
f 3439/3439 3441/3441 3689/3689
f 3689/3689 3441/3441 3691/3691
f 3689/3689 3691/3691 4004/4004
f 4004/4004 3691/3691 4005/4005
f 4004/4004 4005/4005 4373/4373
f 4373/4373 4005/4005 4374/4374
f 4373/4373 4374/4374 4443/4443
f 4443/4443 4374/4374 4445/4445
f 4443/4443 4445/4445 4909/4909
f 4909/4909 4445/4445 4914/4914
f 4909/4909 4914/4914 5194/5194
f 5194/5194 4914/4914 5063/5063
f 5194/5194 5063/5063 5079/5079
f 3061/3061 3085/3085 3201/3201
f 3201/3201 3085/3085 3203/3203
f 3201/3201 3203/3203 3441/3441
f 3441/3441 3203/3203 3443/3443
f 3441/3441 3443/3443 3691/3691
f 3691/3691 3443/3443 3693/3693
f 3691/3691 3693/3693 4005/4005
f 4005/4005 3693/3693 4006/4006
f 4005/4005 4006/4006 4374/4374
f 4374/4374 4006/4006 4375/4375
f 4374/4374 4375/4375 4445/4445
f 4445/4445 4375/4375 4450/4450
f 4445/4445 4450/4450 4914/4914
f 4914/4914 4450/4450 4915/4915
f 4914/4914 4915/4915 4965/4965
f 4965/4965 4915/4915 4977/4977
f 3901/3901 3917/3917 4006/4006
f 4006/4006 3917/3917 4007/4007
f 4006/4006 4007/4007 4375/4375
f 4375/4375 4007/4007 4376/4376
f 4375/4375 4376/4376 4450/4450
f 4450/4450 4376/4376 4451/4451
f 4450/4450 4451/4451 4915/4915
f 4915/4915 4451/4451 4917/4917
f 4915/4915 4917/4917 5017/5017
f 5017/5017 4917/4917 5033/5033
f 4705/4705 4737/4737 4917/4917
f 4865/4865 4853/4853 4919/4919
f 4531/4531 4563/4563 4453/4453
f 4737/4737 4777/4777 4917/4917
f 4917/4917 4777/4777 4809/4809
f 4917/4917 4809/4809 4849/4849
f 4853/4853 4813/4813 4919/4919
f 4919/4919 4813/4813 4781/4781
f 4919/4919 4781/4781 4741/4741
f 4741/4741 4709/4709 4455/4455
f 4455/4455 4709/4709 4673/4673
f 4455/4455 4673/4673 4641/4641
f 4641/4641 4599/4599 4455/4455
f 4455/4455 4599/4599 4567/4567
f 4455/4455 4567/4567 4535/4535
f 4563/4563 4595/4595 4453/4453
f 4453/4453 4595/4595 4637/4637
f 4453/4453 4637/4637 4669/4669
f 4535/4535 4503/4503 4455/4455
f 4455/4455 4503/4503 4491/4491
f 4455/4455 4491/4491 4453/4453
f 4453/4453 4491/4491 4499/4499
f 4453/4453 4499/4499 4531/4531
f 3723/3723 3941/3941 4007/4007
f 4007/4007 3941/3941 4008/4008
f 4007/4007 4008/4008 4376/4376
f 4376/4376 4008/4008 4377/4377
f 4376/4376 4377/4377 4451/4451
f 4451/4451 4377/4377 4453/4453
f 4451/4451 4453/4453 4917/4917
f 4917/4917 4453/4453 4669/4669
f 4917/4917 4669/4669 4705/4705
f 4649/4649 4607/4607 4469/4469
f 4469/4469 4607/4607 4575/4575
f 4469/4469 4575/4575 4543/4543
f 4539/4539 4571/4571 4467/4467
f 4467/4467 4571/4571 4603/4603
f 4821/4821 4789/4789 4931/4931
f 4929/4929 4745/4745 4785/4785
f 4821/4821 4931/4931 4861/4861
f 4543/4543 4511/4511 4469/4469
f 4469/4469 4511/4511 4495/4495
f 4469/4469 4495/4495 4467/4467
f 4467/4467 4495/4495 4507/4507
f 4467/4467 4507/4507 4539/4539
f 4603/4603 4645/4645 4467/4467
f 4467/4467 4645/4645 4677/4677
f 4467/4467 4677/4677 4713/4713
f 4527/4527 4384/4384 4465/4465
f 4465/4465 4384/4384 4467/4467
f 4465/4465 4467/4467 4929/4929
f 4929/4929 4467/4467 4713/4713
f 4929/4929 4713/4713 4745/4745
f 4789/4789 4749/4749 4931/4931
f 4931/4931 4749/4749 4717/4717
f 4931/4931 4717/4717 4681/4681
f 4785/4785 4817/4817 4929/4929
f 4929/4929 4817/4817 4857/4857
f 4929/4929 4857/4857 4931/4931
f 4931/4931 4857/4857 4869/4869
f 4931/4931 4869/4869 4861/4861
f 4985/4985 4969/4969 4933/4933
f 4933/4933 4969/4969 4931/4931
f 4933/4933 4931/4931 4469/4469
f 4469/4469 4931/4931 4681/4681
f 4469/4469 4681/4681 4649/4649
f 4402/4402 4318/4318 4383/4383
f 4383/4383 4318/4318 4193/4193
f 4383/4383 4193/4193 4384/4384
f 4384/4384 4193/4193 4028/4028
f 4384/4384 4028/4028 4385/4385
f 4385/4385 4028/4028 4386/4386
f 4385/4385 4386/4386 4469/4469
f 4469/4469 4386/4386 4471/4471
f 4469/4469 4471/4471 4933/4933
f 4933/4933 4471/4471 4935/4935
f 4933/4933 4935/4935 5025/5025
f 5025/5025 4935/4935 5041/5041
f 4962/4962 4943/4943 4945/4945
f 4945/4945 4943/4943 4481/4481
f 4945/4945 4481/4481 4483/4483
f 4483/4483 4481/4481 4392/4392
f 4483/4483 4392/4392 4393/4393
f 4393/4393 4392/4392 4017/4017
f 4393/4393 4017/4017 4018/4018
f 4018/4018 4017/4017 3995/3995
f 4018/4018 3995/3995 3991/3991
f 4361/4361 4365/4365 4367/4367
f 4367/4367 4365/4365 4369/4369
f 4367/4367 4369/4369 4434/4434
f 4434/4434 4369/4369 4435/4435
f 4434/4434 4435/4435 4899/4899
f 4899/4899 4435/4435 4901/4901
f 4899/4899 4901/4901 5181/5181
f 5181/5181 4901/4901 5183/5183
f 5181/5181 5183/5183 5445/5445
f 4022/4022 4024/4024 4378/4378
f 4378/4378 4024/4024 4379/4379
f 4378/4378 4379/4379 4455/4455
f 4455/4455 4379/4379 4457/4457
f 4455/4455 4457/4457 4921/4921
f 4921/4921 4457/4457 4923/4923
f 4921/4921 4923/4923 5203/5203
f 5203/5203 4923/4923 5205/5205
f 5203/5203 5205/5205 5467/5467
f 5467/5467 5205/5205 5333/5333
f 5467/5467 5333/5333 5429/5429
f 5708/5708 5492/5492 5443/5443
f 5443/5443 5492/5492 5441/5441
f 5443/5443 5441/5441 5179/5179
f 5179/5179 5441/5441 5321/5321
f 5179/5179 5321/5321 5305/5305
f 5531/5531 5515/5515 5445/5445
f 5445/5445 5515/5515 5443/5443
f 5445/5445 5443/5443 5181/5181
f 5181/5181 5443/5443 5179/5179
f 5181/5181 5179/5179 4899/4899
f 4899/4899 5179/5179 5176/5176
f 4899/4899 5176/5176 4898/4898
f 4898/4898 5176/5176 5046/5046
f 4898/4898 5046/5046 4894/4894
f 4741/4741 4455/4455 4919/4919
f 4919/4919 4455/4455 4921/4921
f 4919/4919 4921/4921 5201/5201
f 5201/5201 4921/4921 5203/5203
f 5201/5201 5203/5203 5465/5465
f 5465/5465 5203/5203 5467/5467
f 5465/5465 5467/5467 5749/5749
f 5749/5749 5467/5467 5429/5429
f 5749/5749 5429/5429 5495/5495
f 5761/5761 5475/5475 5477/5477
f 5477/5477 5475/5475 5213/5213
f 5477/5477 5213/5213 5215/5215
f 5215/5215 5213/5213 5139/5139
f 5215/5215 5139/5139 5123/5123
f 5508/5508 5483/5483 5485/5485
f 5485/5485 5483/5483 5221/5221
f 5485/5485 5221/5221 5223/5223
f 5223/5223 5221/5221 4941/4941
f 5223/5223 4941/4941 4943/4943
f 4943/4943 4941/4941 4479/4479
f 4943/4943 4479/4479 4481/4481
f 4481/4481 4479/4479 4391/4391
f 4481/4481 4391/4391 4392/4392
f 4392/4392 4391/4391 4016/4016
f 4392/4392 4016/4016 4017/4017
f 4017/4017 4016/4016 3816/3816
f 4017/4017 3816/3816 3979/3979
f 4903/4903 5185/5185 5183/5183
f 5183/5183 5185/5185 5447/5447
f 5183/5183 5447/5447 5445/5445
f 5445/5445 5447/5447 5729/5729
f 5445/5445 5729/5729 5727/5727
f 5727/5727 5729/5729 5854/5854
f 5727/5727 5854/5854 5778/5778
f 5127/5127 5143/5143 5194/5194
f 5194/5194 5143/5143 5195/5195
f 5194/5194 5195/5195 5457/5457
f 5457/5457 5195/5195 5459/5459
f 5457/5457 5459/5459 5741/5741
f 5741/5741 5459/5459 5743/5743
f 5741/5741 5743/5743 5861/5861
f 5861/5861 5743/5743 5821/5821
f 5861/5861 5821/5821 5837/5837
f 5147/5147 5131/5131 5195/5195
f 5195/5195 5131/5131 5197/5197
f 5195/5195 5197/5197 5459/5459
f 5459/5459 5197/5197 5461/5461
f 5459/5459 5461/5461 5743/5743
f 5743/5743 5461/5461 5745/5745
f 5743/5743 5745/5745 5805/5805
f 5805/5805 5745/5745 5789/5789
f 5809/5809 5793/5793 5747/5747
f 5747/5747 5793/5793 5745/5745
f 5747/5747 5745/5745 5463/5463
f 5463/5463 5745/5745 5461/5461
f 5463/5463 5461/5461 5199/5199
f 5199/5199 5461/5461 5197/5197
f 5199/5199 5197/5197 4917/4917
f 4917/4917 5197/5197 5067/5067
f 4917/4917 5067/5067 5051/5051
f 5469/5469 5755/5755 5753/5753
f 5753/5753 5755/5755 5801/5801
f 5753/5753 5801/5801 5785/5785
f 4665/4665 4465/4465 4927/4927
f 4927/4927 4465/4465 4929/4929
f 4927/4927 4929/4929 5209/5209
f 5209/5209 4929/4929 5211/5211
f 5209/5209 5211/5211 5473/5473
f 5473/5473 5211/5211 5475/5475
f 5473/5473 5475/5475 5759/5759
f 5759/5759 5475/5475 5761/5761
f 5759/5759 5761/5761 5869/5869
f 5774/5774 5765/5765 5767/5767
f 5767/5767 5765/5765 5481/5481
f 5767/5767 5481/5481 5483/5483
f 5483/5483 5481/5481 5219/5219
f 5483/5483 5219/5219 5221/5221
f 5221/5221 5219/5219 4939/4939
f 5221/5221 4939/4939 4941/4941
f 4941/4941 4939/4939 4477/4477
f 4941/4941 4477/4477 4479/4479
f 4479/4479 4477/4477 4390/4390
f 4479/4479 4390/4390 4391/4391
f 4391/4391 4390/4390 4015/4015
f 4391/4391 4015/4015 4016/4016
f 4016/4016 4015/4015 3780/3780
f 4016/4016 3780/3780 3816/3816
f 5185/5185 5449/5449 5447/5447
f 5447/5447 5449/5449 5731/5731
f 5447/5447 5731/5731 5729/5729
f 5729/5729 5731/5731 5856/5856
f 5729/5729 5856/5856 5855/5855
f 5855/5855 5856/5856 6033/6033
f 5855/5855 6033/6033 5854/5854
f 5733/5733 5858/5858 5857/5857
f 5857/5857 5858/5858 5922/5922
f 5857/5857 5922/5922 5940/5940
f 3349/3349 3200/3200 3438/3438
f 3438/3438 3200/3200 3439/3439
f 3438/3438 3439/3439 3687/3687
f 3687/3687 3439/3439 3689/3689
f 3687/3687 3689/3689 4003/4003
f 4003/4003 3689/3689 4004/4004
f 4003/4003 4004/4004 4372/4372
f 4372/4372 4004/4004 4373/4373
f 4372/4372 4373/4373 4441/4441
f 4441/4441 4373/4373 4443/4443
f 4441/4441 4443/4443 4907/4907
f 4907/4907 4443/4443 4909/4909
f 4907/4907 4909/4909 5189/5189
f 5189/5189 4909/4909 5194/5194
f 5189/5189 5194/5194 5456/5456
f 5456/5456 5194/5194 5457/5457
f 5456/5456 5457/5457 5739/5739
f 5739/5739 5457/5457 5741/5741
f 5739/5739 5741/5741 5860/5860
f 5860/5860 5741/5741 5861/5861
f 5860/5860 5861/5861 6123/6123
f 6123/6123 5861/5861 5906/5906
f 6123/6123 5906/5906 5924/5924
f 6128/6128 5864/5864 5865/5865
f 5865/5865 5864/5864 5751/5751
f 5865/5865 5751/5751 5753/5753
f 5753/5753 5751/5751 5499/5499
f 5753/5753 5499/5499 5469/5469
f 5469/5469 5499/5499 5433/5433
f 5469/5469 5433/5433 5337/5337
f 5886/5886 5849/5849 5866/5866
f 5866/5866 5849/5849 5755/5755
f 5866/5866 5755/5755 5867/5867
f 5868/5868 5867/5867 5757/5757
f 5757/5757 5867/5867 5755/5755
f 5757/5757 5755/5755 5471/5471
f 5471/5471 5755/5755 5469/5469
f 5471/5471 5469/5469 5207/5207
f 5207/5207 5469/5469 5337/5337
f 5207/5207 5337/5337 5171/5171
f 5869/5869 5868/5868 5759/5759
f 5759/5759 5868/5868 5757/5757
f 5759/5759 5757/5757 5473/5473
f 5473/5473 5757/5757 5471/5471
f 5473/5473 5471/5471 5209/5209
f 5209/5209 5471/5471 5207/5207
f 5209/5209 5207/5207 4927/4927
f 4927/4927 5207/5207 5009/5009
f 4927/4927 5009/5009 4955/4955
f 5923/5923 5869/5869 5870/5870
f 5870/5870 5869/5869 5761/5761
f 5870/5870 5761/5761 5763/5763
f 5763/5763 5761/5761 5477/5477
f 5763/5763 5477/5477 5479/5479
f 5479/5479 5477/5477 5215/5215
f 5479/5479 5215/5215 5217/5217
f 5217/5217 5215/5215 4935/4935
f 5217/5217 4935/4935 4937/4937
f 4937/4937 4935/4935 4473/4473
f 4937/4937 4473/4473 4475/4475
f 4475/4475 4473/4473 4388/4388
f 4475/4475 4388/4388 4389/4389
f 4389/4389 4388/4388 4013/4013
f 4389/4389 4013/4013 4014/4014
f 4014/4014 4013/4013 3910/3910
f 4014/4014 3910/3910 3926/3926
f 5449/5449 5733/5733 5731/5731
f 5731/5731 5733/5733 5857/5857
f 5731/5731 5857/5857 5856/5856
f 5856/5856 5857/5857 6119/6119
f 5856/5856 6119/6119 6118/6118
f 6118/6118 6119/6119 6509/6509
f 6118/6118 6509/6509 6495/6495
f 6187/6187 6097/6097 6120/6120
f 6120/6120 6097/6097 5858/5858
f 6120/6120 5858/5858 6121/6121
f 3657/3657 3673/3673 3681/3681
f 3681/3681 3673/3673 3686/3686
f 3681/3681 3686/3686 4001/4001
f 4001/4001 3686/3686 4002/4002
f 4001/4001 4002/4002 4370/4370
f 4370/4370 4002/4002 4371/4371
f 4370/4370 4371/4371 4437/4437
f 4437/4437 4371/4371 4439/4439
f 4437/4437 4439/4439 4903/4903
f 4903/4903 4439/4439 4905/4905
f 4903/4903 4905/4905 5185/5185
f 5185/5185 4905/4905 5187/5187
f 5185/5185 5187/5187 5449/5449
f 5449/5449 5187/5187 5451/5451
f 5449/5449 5451/5451 5733/5733
f 5733/5733 5451/5451 5738/5738
f 5733/5733 5738/5738 5858/5858
f 5858/5858 5738/5738 5859/5859
f 5858/5858 5859/5859 6121/6121
f 6121/6121 5859/5859 6122/6122
f 6123/6123 6122/6122 5860/5860
f 5860/5860 6122/6122 5859/5859
f 5860/5860 5859/5859 5739/5739
f 5739/5739 5859/5859 5738/5738
f 5739/5739 5738/5738 5456/5456
f 5456/5456 5738/5738 5451/5451
f 5456/5456 5451/5451 5189/5189
f 5189/5189 5451/5451 5187/5187
f 5189/5189 5187/5187 4907/4907
f 4907/4907 5187/5187 4905/4905
f 4907/4907 4905/4905 4441/4441
f 4441/4441 4905/4905 4439/4439
f 4441/4441 4439/4439 4372/4372
f 4372/4372 4439/4439 4371/4371
f 4372/4372 4371/4371 4003/4003
f 4003/4003 4371/4371 4002/4002
f 4003/4003 4002/4002 3687/3687
f 3687/3687 4002/4002 3686/3686
f 3687/3687 3686/3686 3438/3438
f 3438/3438 3686/3686 3573/3573
f 3438/3438 3573/3573 3553/3553
f 5910/5910 5894/5894 6125/6125
f 6125/6125 5894/5894 5862/5862
f 6125/6125 5862/5862 6126/6126
f 4849/4849 4865/4865 4917/4917
f 4917/4917 4865/4865 4919/4919
f 4917/4917 4919/4919 5199/5199
f 5199/5199 4919/4919 5201/5201
f 5199/5199 5201/5201 5463/5463
f 5463/5463 5201/5201 5465/5465
f 5463/5463 5465/5465 5747/5747
f 5747/5747 5465/5465 5749/5749
f 5747/5747 5749/5749 5863/5863
f 5863/5863 5749/5749 5864/5864
f 5863/5863 5864/5864 6127/6127
f 6127/6127 5864/5864 6128/6128
f 6006/6006 6038/6038 5869/5869
f 5869/5869 6038/6038 6132/6132
f 5869/5869 6132/6132 5868/5868
f 5868/5868 6132/6132 6131/6131
f 5868/5868 6131/6131 5867/5867
f 5867/5867 6131/6131 6130/6130
f 5867/5867 6130/6130 5866/5866
f 5866/5866 6130/6130 6129/6129
f 5866/5866 6129/6129 5936/5936
f 5936/5936 6129/6129 5956/5956
f 6365/6365 6233/6233 6505/6505
f 6505/6505 6233/6233 6133/6133
f 6505/6505 6133/6133 6134/6134
f 6134/6134 6133/6133 5870/5870
f 6134/6134 5870/5870 5871/5871
f 5871/5871 5870/5870 5763/5763
f 5871/5871 5763/5763 5765/5765
f 5765/5765 5763/5763 5479/5479
f 5765/5765 5479/5479 5481/5481
f 5481/5481 5479/5479 5217/5217
f 5481/5481 5217/5217 5219/5219
f 5219/5219 5217/5217 4937/4937
f 5219/5219 4937/4937 4939/4939
f 4939/4939 4937/4937 4475/4475
f 4939/4939 4475/4475 4477/4477
f 4477/4477 4475/4475 4389/4389
f 4477/4477 4389/4389 4390/4390
f 4390/4390 4389/4389 4014/4014
f 4390/4390 4014/4014 4015/4015
f 4015/4015 4014/4014 3938/3938
f 4015/4015 3938/3938 3930/3930
f 6126/6126 6545/6545 6125/6125
f 6125/6125 6545/6545 6541/6541
f 6125/6125 6541/6541 6124/6124
f 6124/6124 6541/6541 6537/6537
f 6124/6124 6537/6537 6123/6123
f 6123/6123 6537/6537 6533/6533
f 6123/6123 6533/6533 6122/6122
f 6122/6122 6533/6533 6529/6529
f 6122/6122 6529/6529 6121/6121
f 6121/6121 6529/6529 6525/6525
f 6121/6121 6525/6525 6120/6120
f 6120/6120 6525/6525 6523/6523
f 6120/6120 6523/6523 6231/6231
f 6231/6231 6523/6523 6363/6363
f 6458/6458 6438/6438 6549/6549
f 6394/6394 6378/6378 6127/6127
f 6127/6127 6378/6378 6350/6350
f 6127/6127 6350/6350 6302/6302
f 6278/6278 6262/6262 6127/6127
f 6418/6418 6434/6434 6545/6545
f 6545/6545 6434/6434 6454/6454
f 6278/6278 6127/6127 6294/6294
f 6234/6234 6258/6258 6126/6126
f 6126/6126 6258/6258 6274/6274
f 6454/6454 6470/6470 6545/6545
f 6545/6545 6470/6470 6486/6486
f 6545/6545 6486/6486 6549/6549
f 6549/6549 6486/6486 6474/6474
f 6549/6549 6474/6474 6458/6458
f 6262/6262 6234/6234 6127/6127
f 6127/6127 6234/6234 6126/6126
f 6127/6127 6126/6126 5863/5863
f 5863/5863 6126/6126 5862/5862
f 5863/5863 5862/5862 5747/5747
f 5747/5747 5862/5862 5878/5878
f 5747/5747 5878/5878 5841/5841
f 6366/6366 6382/6382 6126/6126
f 6442/6442 6462/6462 6438/6438
f 6438/6438 6462/6462 6478/6478
f 6438/6438 6478/6478 6549/6549
f 6549/6549 6478/6478 6490/6490
f 6549/6549 6490/6490 6482/6482
f 6482/6482 6466/6466 6549/6549
f 6549/6549 6466/6466 6446/6446
f 6549/6549 6446/6446 6430/6430
f 6302/6302 6286/6286 6127/6127
f 6127/6127 6286/6286 6270/6270
f 6127/6127 6270/6270 6238/6238
f 6266/6266 6386/6386 6238/6238
f 6238/6238 6386/6386 6370/6370
f 6238/6238 6370/6370 6127/6127
f 6127/6127 6370/6370 6342/6342
f 6127/6127 6342/6342 6294/6294
f 6126/6126 6382/6382 6545/6545
f 6545/6545 6382/6382 6398/6398
f 6545/6545 6398/6398 6418/6418
f 6266/6266 6282/6282 6386/6386
f 6386/6386 6282/6282 6298/6298
f 6386/6386 6298/6298 6346/6346
f 6274/6274 6290/6290 6126/6126
f 6126/6126 6290/6290 6338/6338
f 6126/6126 6338/6338 6366/6366
f 6346/6346 6374/6374 6386/6386
f 6386/6386 6374/6374 6390/6390
f 6386/6386 6390/6390 6402/6402
f 6402/6402 6390/6390 6406/6406
f 6402/6402 6406/6406 6422/6422
f 6422/6422 6406/6406 6438/6438
f 6438/6438 6406/6406 6426/6426
f 6438/6438 6426/6426 6442/6442
f 6188/6188 6232/6232 6132/6132
f 6132/6132 6232/6232 6569/6569
f 6132/6132 6569/6569 6131/6131
f 6131/6131 6569/6569 6565/6565
f 6131/6131 6565/6565 6130/6130
f 6130/6130 6565/6565 6561/6561
f 6130/6130 6561/6561 6129/6129
f 6129/6129 6561/6561 6557/6557
f 6129/6129 6557/6557 6128/6128
f 6128/6128 6557/6557 6553/6553
f 6128/6128 6553/6553 6127/6127
f 6127/6127 6553/6553 6549/6549
f 6127/6127 6549/6549 6410/6410
f 6410/6410 6549/6549 6430/6430
f 1907/1907 2030/2030 2031/2031
f 3071/3071 3047/3047 3210/3210
f 4219/4219 4200/4200 4325/4325
f 5916/5916 5900/5900 6023/6023
f 5750/5750 6021/6021 6022/6022
f 6021/6021 6168/6168 6169/6169
f 6181/6181 6143/6143 6160/6160
f 6066/6066 6050/6050 6013/6013
f 2947/2947 3011/3011 3204/3204
f 3067/3067 3087/3087 3202/3202
f 841/841 857/857 776/776
f 6177/6177 6175/6175 6506/6506
f 6031/6031 6029/6029 6140/6140
f 5772/5772 5768/5768 5776/5776
f 5622/5622 5602/5602 5484/5484
f 5490/5490 5486/5486 5610/5610
f 5352/5352 5328/5328 5224/5224
f 4950/4950 4876/4876 4485/4485
f 1098/1098 1364/1364 1368/1368
f 1315/1315 1318/1318 1311/1311
f 4896/4896 4897/4897 4433/4433
f 5494/5494 5442/5442 5440/5440
f 6009/6009 6010/6010 5730/5730
f 6158/6158 6159/6159 6011/6011
f 2787/2787 2800/2800 2891/2891
f 2694/2694 2656/2656 2292/2292
f 2163/2163 2247/2247 2031/2031
f 2785/2785 2801/2801 2712/2712
f 3623/3623 3729/3729 3700/3700
f 4073/4073 4059/4059 4042/4042
f 3725/3725 3698/3698 4052/4052
f 3698/3698 3725/3725 3619/3619
f 4549/4549 4517/4517 4460/4460
f 795/795 787/787 777/777
f 4883/4883 4891/4891 4464/4464
f 4979/4979 4995/4995 4916/4916
f 4066/4066 3981/3981 3819/3819
f 3722/3722 3718/3718 3702/3702
f 3171/3171 2805/2805 3175/3175
f 3175/3175 2805/2805 3216/3216
f 3175/3175 3216/3216 3187/3187
f 3187/3187 3216/3216 3193/3193
f 3193/3193 3216/3216 3344/3344
f 3344/3344 3216/3216 3460/3460
f 3344/3344 3460/3460 3464/3464
f 3702/3702 3718/3718 3460/3460
f 3460/3460 3718/3718 3568/3568
f 3460/3460 3568/3568 3464/3464
f 3782/3782 3738/3738 4064/4064
f 4064/4064 3738/3738 3702/3702
f 3702/3702 3738/3738 3734/3734
f 3702/3702 3734/3734 3722/3722
f 3782/3782 4064/4064 3819/3819
f 3819/3819 4064/4064 4065/4065
f 3819/3819 4065/4065 4066/4066
f 3969/3969 3973/3973 4067/4067
f 4067/4067 3973/3973 3977/3977
f 4067/4067 3977/3977 3985/3985
f 3985/3985 3993/3993 4067/4067
f 4067/4067 3993/3993 3997/3997
f 4067/4067 3997/3997 4066/4066
f 4066/4066 3997/3997 3989/3989
f 4066/4066 3989/3989 3981/3981
f 2807/2807 2863/2863 2854/2854
f 2868/2868 2872/2872 2808/2808
f 2808/2808 2896/2896 3222/3222
f 3222/3222 2896/2896 3220/3220
f 3222/3222 3220/3220 3470/3470
f 3470/3470 3220/3220 3468/3468
f 3470/3470 3468/3468 3708/3708
f 3708/3708 3468/3468 3706/3706
f 3708/3708 3706/3706 4067/4067
f 4067/4067 3706/3706 3963/3963
f 4067/4067 3963/3963 3969/3969
f 2872/2872 2884/2884 2808/2808
f 2808/2808 2884/2884 2888/2888
f 2808/2808 2888/2888 2896/2896
f 2846/2846 2850/2850 2808/2808
f 2808/2808 2850/2850 2858/2858
f 2808/2808 2858/2858 2868/2868
f 2863/2863 2807/2807 3091/3091
f 270/270 246/246 178/178
f 178/178 246/246 210/210
f 178/178 210/210 190/190
f 164/164 202/202 179/179
f 179/179 202/202 222/222
f 179/179 222/222 258/258
f 408/408 432/432 601/601
f 601/601 432/432 404/404
f 310/310 358/358 386/386
f 382/382 601/601 358/358
f 358/358 601/601 404/404
f 358/358 404/404 386/386
f 378/378 354/354 600/600
f 600/600 354/354 306/306
f 600/600 306/306 270/270
f 258/258 282/282 601/601
f 601/601 282/282 318/318
f 382/382 400/400 601/601
f 601/601 400/400 428/428
f 601/601 428/428 600/600
f 600/600 428/428 396/396
f 600/600 396/396 378/378
f 318/318 366/366 601/601
f 601/601 366/366 390/390
f 601/601 390/390 408/408
f 156/156 194/194 218/218
f 218/218 194/194 214/214
f 218/218 214/214 254/254
f 254/254 214/214 250/250
f 254/254 250/250 278/278
f 278/278 250/250 274/274
f 278/278 274/274 314/314
f 310/310 386/386 274/274
f 274/274 386/386 362/362
f 274/274 362/362 314/314
f 190/190 152/152 41/41
f 41/41 152/152 132/132
f 218/218 198/198 156/156
f 156/156 198/198 160/160
f 156/156 160/160 136/136
f 124/124 112/112 45/45
f 112/112 128/128 45/45
f 45/45 128/128 144/144
f 45/45 144/144 164/164
f 160/160 140/140 136/136
f 136/136 140/140 124/124
f 136/136 124/124 120/120
f 120/120 124/124 45/45
f 120/120 45/45 108/108
f 108/108 45/45 41/41
f 108/108 41/41 116/116
f 116/116 41/41 132/132
f 3656/3656 3672/3672 3709/3709
f 3709/3709 3672/3672 3680/3680
f 3668/3668 3652/3652 3708/3708
f 3708/3708 3652/3652 3636/3636
f 3708/3708 3636/3636 3612/3612
f 3612/3612 3596/3596 3708/3708
f 3708/3708 3596/3596 3580/3580
f 3708/3708 3580/3580 3470/3470
f 3470/3470 3580/3580 3560/3560
f 3470/3470 3560/3560 3544/3544
f 3496/3496 3471/3471 3512/3512
f 3512/3512 3471/3471 3470/3470
f 3512/3512 3470/3470 3528/3528
f 3528/3528 3470/3470 3544/3544
f 3616/3616 3640/3640 3714/3714
f 3496/3496 3484/3484 3471/3471
f 3471/3471 3484/3484 3500/3500
f 3471/3471 3500/3500 3476/3476
f 3500/3500 3516/3516 3476/3476
f 3476/3476 3516/3516 3532/3532
f 3476/3476 3532/3532 3548/3548
f 3548/3548 3564/3564 3476/3476
f 3476/3476 3564/3564 3584/3584
f 3476/3476 3584/3584 3714/3714
f 3714/3714 3584/3584 3600/3600
f 3714/3714 3600/3600 3616/3616
f 3432/3432 3420/3420 3471/3471
f 3471/3471 3420/3420 3470/3470
f 3470/3470 3420/3420 3404/3404
f 3470/3470 3404/3404 3388/3388
f 3264/3264 3248/3248 3223/3223
f 3223/3223 3248/3248 3236/3236
f 3280/3280 3222/3222 3304/3304
f 3304/3304 3222/3222 3320/3320
f 3388/3388 3372/3372 3470/3470
f 3470/3470 3372/3372 3356/3356
f 3470/3470 3356/3356 3222/3222
f 3222/3222 3356/3356 3336/3336
f 3222/3222 3336/3336 3320/3320
f 3252/3252 3268/3268 3228/3228
f 3228/3228 3268/3268 3284/3284
f 3228/3228 3284/3284 3308/3308
f 3376/3376 3392/3392 3476/3476
f 3476/3476 3392/3392 3408/3408
f 3476/3476 3408/3408 3471/3471
f 3471/3471 3408/3408 3424/3424
f 3471/3471 3424/3424 3432/3432
f 3308/3308 3324/3324 3228/3228
f 3228/3228 3324/3324 3340/3340
f 3228/3228 3340/3340 3476/3476
f 3476/3476 3340/3340 3360/3360
f 3476/3476 3360/3360 3376/3376
f 5214/5214 5157/5157 5165/5165
f 5121/5121 5105/5105 5212/5212
f 5121/5121 5212/5212 5137/5137
f 5039/5039 5023/5023 4932/4932
f 5214/5214 5165/5165 5212/5212
f 5212/5212 5165/5165 5153/5153
f 5212/5212 5153/5153 5137/5137
f 4971/4971 4934/4934 4983/4983
f 4983/4983 4934/4934 4932/4932
f 4983/4983 4932/4932 4999/4999
f 4999/4999 4932/4932 5023/5023
f 5105/5105 5089/5089 5212/5212
f 5212/5212 5089/5089 5073/5073
f 5212/5212 5073/5073 4932/4932
f 4932/4932 5073/5073 5057/5057
f 4932/4932 5057/5057 5039/5039
f 5093/5093 5109/5109 5216/5216
f 5216/5216 5109/5109 5125/5125
f 5216/5216 5125/5125 5214/5214
f 5214/5214 5125/5125 5141/5141
f 5214/5214 5141/5141 5157/5157
f 4971/4971 4987/4987 4934/4934
f 4934/4934 4987/4987 5003/5003
f 4934/4934 5003/5003 4936/4936
f 4936/4936 5003/5003 5027/5027
f 5027/5027 5043/5043 4936/4936
f 4936/4936 5043/5043 5061/5061
f 4936/4936 5061/5061 5077/5077
f 5783/5783 5795/5795 5748/5748
f 5823/5823 5807/5807 5746/5746
f 5746/5746 5807/5807 5791/5791
f 5986/5986 5998/5998 6019/6019
f 6019/6019 5998/5998 5982/5982
f 5930/5930 5950/5950 6020/6020
f 6020/6020 5950/5950 5970/5970
f 5795/5795 5811/5811 5748/5748
f 5748/5748 5811/5811 5827/5827
f 5748/5748 5827/5827 5843/5843
f 5843/5843 5880/5880 5748/5748
f 5748/5748 5880/5880 5896/5896
f 5748/5748 5896/5896 6020/6020
f 6020/6020 5896/5896 5912/5912
f 6020/6020 5912/5912 5930/5930
f 5946/5946 5926/5926 6018/6018
f 5946/5946 6018/6018 5966/5966
f 5926/5926 5908/5908 6018/6018
f 6018/6018 5908/5908 5892/5892
f 6018/6018 5892/5892 5744/5744
f 5744/5744 5892/5892 5876/5876
f 5744/5744 5876/5876 5839/5839
f 4916/4916 4995/4995 4918/4918
f 4918/4918 4995/4995 5019/5019
f 4918/4918 5019/5019 5035/5035
f 5035/5035 5053/5053 4918/4918
f 4918/4918 5053/5053 5069/5069
f 4918/4918 5069/5069 5198/5198
f 5198/5198 5069/5069 5085/5085
f 5198/5198 5085/5085 5101/5101
f 5161/5161 5145/5145 5193/5193
f 5117/5117 5133/5133 5196/5196
f 5196/5196 5133/5133 5149/5149
f 5031/5031 5015/5015 4913/4913
f 5145/5145 5129/5129 5193/5193
f 5193/5193 5129/5129 5113/5113
f 5193/5193 5113/5113 5097/5097
f 5097/5097 5081/5081 5193/5193
f 5193/5193 5081/5081 5065/5065
f 5193/5193 5065/5065 4913/4913
f 4913/4913 5065/5065 5049/5049
f 4913/4913 5049/5049 5031/5031
f 5015/5015 4991/4991 4913/4913
f 4913/4913 4991/4991 4975/4975
f 4913/4913 4975/4975 4916/4916
f 4916/4916 4975/4975 4967/4967
f 4916/4916 4967/4967 4979/4979
f 5007/5007 4926/4926 5169/5169
f 5169/5169 4926/4926 5206/5206
f 5169/5169 5206/5206 5335/5335
f 5335/5335 5206/5206 5468/5468
f 5713/5713 5750/5750 5721/5721
f 5721/5721 5750/5750 5752/5752
f 5721/5721 5752/5752 5717/5717
f 5717/5717 5752/5752 5665/5665
f 5713/5713 5661/5661 5750/5750
f 5750/5750 5661/5661 5497/5497
f 5750/5750 5497/5497 5468/5468
f 5468/5468 5497/5497 5431/5431
f 5468/5468 5431/5431 5335/5335
f 5470/5470 5435/5435 5501/5501
f 5665/5665 5752/5752 5501/5501
f 5501/5501 5752/5752 5754/5754
f 5501/5501 5754/5754 5470/5470
f 4891/4891 4957/4957 4928/4928
f 4928/4928 4957/4957 5011/5011
f 4928/4928 5011/5011 5208/5208
f 5208/5208 5011/5011 5173/5173
f 5208/5208 5173/5173 5470/5470
f 5470/5470 5173/5173 5339/5339
f 5470/5470 5339/5339 5435/5435
f 4427/4427 4529/4529 4466/4466
f 4466/4466 4529/4529 4561/4561
f 4663/4663 4631/4631 4464/4464
f 4464/4464 4631/4631 4589/4589
f 4667/4667 4703/4703 4928/4928
f 4807/4807 4839/4839 4928/4928
f 4928/4928 4839/4839 4847/4847
f 4928/4928 4847/4847 4891/4891
f 4891/4891 4847/4847 4835/4835
f 4891/4891 4835/4835 4803/4803
f 4803/4803 4771/4771 4891/4891
f 4891/4891 4771/4771 4731/4731
f 4891/4891 4731/4731 4464/4464
f 4464/4464 4731/4731 4699/4699
f 4464/4464 4699/4699 4663/4663
f 4703/4703 4735/4735 4928/4928
f 4928/4928 4735/4735 4775/4775
f 4928/4928 4775/4775 4807/4807
f 4561/4561 4593/4593 4466/4466
f 4466/4466 4593/4593 4635/4635
f 4466/4466 4635/4635 4667/4667
f 5007/5007 4953/4953 4926/4926
f 4926/4926 4953/4953 4887/4887
f 4926/4926 4887/4887 4462/4462
f 4462/4462 4887/4887 4879/4879
f 4879/4879 4755/4755 4462/4462
f 4462/4462 4755/4755 4687/4687
f 4462/4462 4687/4687 4464/4464
f 4464/4464 4687/4687 4759/4759
f 4464/4464 4759/4759 4883/4883
f 2584/2584 2556/2556 2283/2283
f 2540/2540 2530/2530 2284/2284
f 2530/2530 2544/2544 2284/2284
f 2284/2284 2544/2544 2560/2560
f 2284/2284 2560/2560 2588/2588
f 2676/2676 2703/2703 2620/2620
f 2620/2620 2703/2703 2284/2284
f 2620/2620 2284/2284 2596/2596
f 2596/2596 2284/2284 2588/2588
f 2688/2688 2672/2672 2702/2702
f 2702/2702 2672/2672 2616/2616
f 2702/2702 2616/2616 2283/2283
f 2283/2283 2616/2616 2592/2592
f 2283/2283 2592/2592 2584/2584
f 2676/2676 2692/2692 2703/2703
f 2703/2703 2692/2692 2729/2729
f 2703/2703 2729/2729 2794/2794
f 2729/2729 2741/2741 2794/2794
f 2794/2794 2741/2741 2749/2749
f 2794/2794 2749/2749 2761/2761
f 2765/2765 2757/2757 2793/2793
f 2757/2757 2745/2745 2793/2793
f 2793/2793 2745/2745 2737/2737
f 2793/2793 2737/2737 2702/2702
f 2702/2702 2737/2737 2725/2725
f 2702/2702 2725/2725 2688/2688
f 909/909 893/893 970/970
f 970/970 893/893 885/885
f 970/970 885/885 877/877
f 861/861 845/845 777/777
f 777/777 845/845 829/829
f 777/777 829/829 795/795
f 889/889 897/897 974/974
f 799/799 833/833 778/778
f 913/913 917/917 972/972
f 833/833 849/849 778/778
f 778/778 849/849 865/865
f 778/778 865/865 974/974
f 974/974 865/865 881/881
f 974/974 881/881 889/889
f 604/604 746/746 742/742
f 604/604 742/742 605/605
f 742/742 750/750 605/605
f 605/605 750/750 758/758
f 605/605 758/758 778/778
f 778/778 758/758 791/791
f 778/778 791/791 799/799
f 746/746 604/604 754/754
f 754/754 604/604 603/603
f 754/754 603/603 787/787
f 2099/2099 2295/2295 2075/2075
f 2075/2075 2295/2295 2032/2032
f 2075/2075 2032/2032 2059/2059
f 2055/2055 2031/2031 2071/2071
f 2071/2071 2031/2031 2247/2247
f 2071/2071 2247/2247 2095/2095
f 2095/2095 2247/2247 2111/2111
f 2099/2099 2115/2115 2295/2295
f 2295/2295 2115/2115 2131/2131
f 2295/2295 2131/2131 2490/2490
f 2490/2490 2131/2131 2147/2147
f 2147/2147 2155/2155 2490/2490
f 2490/2490 2155/2155 2143/2143
f 2490/2490 2143/2143 2247/2247
f 2247/2247 2143/2143 2127/2127
f 2247/2247 2127/2127 2111/2111
f 1991/1991 1975/1975 1908/1908
f 2059/2059 2032/2032 2011/2011
f 2011/2011 2032/2032 1909/1909
f 2011/2011 1909/1909 1995/1995
f 1991/1991 1908/1908 2007/2007
f 1975/1975 1959/1959 1908/1908
f 1908/1908 1959/1959 1943/1943
f 1908/1908 1943/1943 1909/1909
f 1909/1909 1943/1943 1931/1931
f 1909/1909 1931/1931 1947/1947
f 1947/1947 1963/1963 1909/1909
f 1909/1909 1963/1963 1979/1979
f 1909/1909 1979/1979 1995/1995
f 2091/2091 2107/2107 2294/2294
f 2103/2103 2293/2293 2119/2119
f 2119/2119 2293/2293 2135/2135
f 2103/2103 2087/2087 2293/2293
f 2293/2293 2087/2087 2063/2063
f 2293/2293 2063/2063 2029/2029
f 2091/2091 2294/2294 2067/2067
f 2067/2067 2294/2294 2030/2030
f 2067/2067 2030/2030 2051/2051
f 2107/2107 2123/2123 2294/2294
f 2294/2294 2123/2123 2139/2139
f 2294/2294 2139/2139 2293/2293
f 2293/2293 2139/2139 2151/2151
f 2293/2293 2151/2151 2135/2135
f 1967/1967 1951/1951 1906/1906
f 1955/1955 1971/1971 1907/1907
f 1907/1907 1971/1971 1987/1987
f 1907/1907 1987/1987 2030/2030
f 2030/2030 1987/1987 2003/2003
f 2030/2030 2003/2003 2051/2051
f 2063/2063 2047/2047 2029/2029
f 2029/2029 2047/2047 1999/1999
f 2029/2029 1999/1999 1906/1906
f 1906/1906 1999/1999 1983/1983
f 1906/1906 1983/1983 1967/1967
f 1951/1951 1935/1935 1906/1906
f 1906/1906 1935/1935 1927/1927
f 1906/1906 1927/1927 1907/1907
f 1907/1907 1927/1927 1939/1939
f 1907/1907 1939/1939 1955/1955
f 4843/4843 4827/4827 4924/4924
f 4549/4549 4460/4460 4581/4581
f 4727/4727 4767/4767 4926/4926
f 4926/4926 4767/4767 4799/4799
f 4553/4553 4585/4585 4462/4462
f 4843/4843 4924/4924 4831/4831
f 4585/4585 4627/4627 4462/4462
f 4462/4462 4627/4627 4659/4659
f 4462/4462 4659/4659 4926/4926
f 4926/4926 4659/4659 4695/4695
f 4926/4926 4695/4695 4727/4727
f 4723/4723 4691/4691 4924/4924
f 4924/4924 4691/4691 4655/4655
f 4924/4924 4655/4655 4460/4460
f 4460/4460 4655/4655 4623/4623
f 4460/4460 4623/4623 4581/4581
f 4827/4827 4795/4795 4924/4924
f 4924/4924 4795/4795 4763/4763
f 4924/4924 4763/4763 4723/4723
f 4517/4517 4415/4415 4341/4341
f 4341/4341 4415/4415 4407/4407
f 4341/4341 4407/4407 4342/4342
f 4342/4342 4407/4407 4419/4419
f 4342/4342 4419/4419 4462/4462
f 4462/4462 4419/4419 4521/4521
f 4462/4462 4521/4521 4553/4553
f 4589/4589 4557/4557 4464/4464
f 4464/4464 4557/4557 4525/4525
f 4464/4464 4525/4525 4343/4343
f 4343/4343 4525/4525 4423/4423
f 4343/4343 4423/4423 4344/4344
f 4344/4344 4423/4423 4411/4411
f 4344/4344 4411/4411 4427/4427
f 3911/3911 3895/3895 4062/4062
f 3809/3809 3793/3793 3729/3729
f 3729/3729 3793/3793 3773/3773
f 3729/3729 3773/3773 3700/3700
f 3700/3700 3773/3773 3757/3757
f 3700/3700 3757/3757 3745/3745
f 3879/3879 3863/3863 3947/3947
f 3947/3947 3863/3863 3847/3847
f 3947/3947 3847/3847 3729/3729
f 3729/3729 3847/3847 3831/3831
f 3729/3729 3831/3831 3809/3809
f 3884/3884 3900/3900 4064/4064
f 3762/3762 3778/3778 3702/3702
f 3702/3702 3778/3778 3798/3798
f 3702/3702 3798/3798 3814/3814
f 3900/3900 3916/3916 4064/4064
f 4064/4064 3916/3916 3932/3932
f 4064/4064 3932/3932 4063/4063
f 4063/4063 3932/3932 3939/3939
f 4063/4063 3939/3939 4062/4062
f 4062/4062 3939/3939 3927/3927
f 4062/4062 3927/3927 3911/3911
f 3814/3814 3836/3836 3702/3702
f 3702/3702 3836/3836 3852/3852
f 3702/3702 3852/3852 4064/4064
f 4064/4064 3852/3852 3868/3868
f 4064/4064 3868/3868 3884/3884
f 3183/3183 3139/3139 3119/3119
f 3055/3055 2939/2939 3079/3079
f 3079/3079 2939/2939 3183/3183
f 3079/3079 3183/3183 3103/3103
f 3103/3103 3183/3183 3119/3119
f 3055/3055 3039/3039 2939/2939
f 2939/2939 3039/3039 3023/3023
f 2939/2939 3023/3023 2803/2803
f 2803/2803 3023/3023 2999/2999
f 2803/2803 2999/2999 2983/2983
f 2955/2955 2972/2972 2805/2805
f 2805/2805 2972/2972 2988/2988
f 2805/2805 2988/2988 3004/3004
f 3124/3124 3216/3216 3108/3108
f 3108/3108 3216/3216 3084/3084
f 3144/3144 3160/3160 3214/3214
f 3214/3214 3160/3160 3167/3167
f 3214/3214 3167/3167 3155/3155
f 3004/3004 3028/3028 2805/2805
f 2805/2805 3028/3028 3044/3044
f 2805/2805 3044/3044 3216/3216
f 3216/3216 3044/3044 3060/3060
f 3216/3216 3060/3060 3084/3084
f 4052/4052 4053/4053 3725/3725
f 3725/3725 4053/4053 4054/4054
f 3725/3725 4054/4054 3943/3943
f 3943/3943 4054/4054 4055/4055
f 3943/3943 4055/4055 3951/3951
f 4071/4071 4040/4040 4058/4058
f 4058/4058 4040/4040 4026/4026
f 4058/4058 4026/4026 4057/4057
f 4057/4057 4026/4026 3951/3951
f 4057/4057 3951/3951 4056/4056
f 4056/4056 3951/3951 4055/4055
f 4097/4097 4071/4071 4339/4339
f 4342/4342 4169/4169 4341/4341
f 4341/4341 4169/4169 4097/4097
f 4341/4341 4097/4097 4340/4340
f 4340/4340 4097/4097 4339/4339
f 4464/4464 4403/4403 4399/4399
f 4464/4464 4399/4399 4462/4462
f 4462/4462 4399/4399 4315/4315
f 4462/4462 4315/4315 4342/4342
f 4342/4342 4315/4315 4191/4191
f 4342/4342 4191/4191 4169/4169
f 4403/4403 4464/4464 4319/4319
f 4319/4319 4464/4464 4343/4343
f 4319/4319 4343/4343 4195/4195
f 4195/4195 4343/4343 4344/4344
f 4195/4195 4344/4344 4171/4171
f 4042/4042 4059/4059 4030/4030
f 4030/4030 4059/4059 4060/4060
f 4030/4030 4060/4060 3955/3955
f 4060/4060 4061/4061 3955/3955
f 3955/3955 4061/4061 4062/4062
f 3955/3955 4062/4062 3947/3947
f 3947/3947 4062/4062 3895/3895
f 3947/3947 3895/3895 3879/3879
f 3623/3623 3700/3700 3455/3455
f 3455/3455 3700/3700 3458/3458
f 3455/3455 3458/3458 3291/3291
f 3291/3291 3458/3458 3214/3214
f 3291/3291 3214/3214 3183/3183
f 3183/3183 3214/3214 3155/3155
f 3183/3183 3155/3155 3139/3139
f 2771/2771 2711/2711 2696/2696
f 2696/2696 2711/2711 2296/2296
f 2696/2696 2296/2296 2536/2536
f 2163/2163 2031/2031 2159/2159
f 2159/2159 2031/2031 2030/2030
f 2159/2159 2030/2030 2243/2243
f 2243/2243 2030/2030 2294/2294
f 2243/2243 2294/2294 2486/2486
f 2486/2486 2294/2294 2293/2293
f 2486/2486 2293/2293 2534/2534
f 2800/2800 2787/2787 2709/2709
f 6511/6511 6515/6515 6497/6497
f 6497/6497 6515/6515 6160/6160
f 6158/6158 6011/6011 6035/6035
f 6009/6009 5730/5730 5780/5780
f 5701/5701 5685/5685 5726/5726
f 5645/5645 5629/5629 5710/5710
f 5726/5726 5685/5685 5710/5710
f 5710/5710 5685/5685 5669/5669
f 5710/5710 5669/5669 5645/5645
f 5629/5629 5613/5613 5710/5710
f 5710/5710 5613/5613 5593/5593
f 5710/5710 5593/5593 5444/5444
f 5444/5444 5593/5593 5577/5577
f 5444/5444 5577/5577 5561/5561
f 5505/5505 5517/5517 5446/5446
f 5565/5565 5581/5581 5446/5446
f 5446/5446 5581/5581 5597/5597
f 5446/5446 5597/5597 5728/5728
f 5728/5728 5597/5597 5617/5617
f 5728/5728 5617/5617 5633/5633
f 5633/5633 5649/5649 5728/5728
f 5728/5728 5649/5649 5673/5673
f 5728/5728 5673/5673 5726/5726
f 5726/5726 5673/5673 5689/5689
f 5726/5726 5689/5689 5701/5701
f 5517/5517 5533/5533 5446/5446
f 5446/5446 5533/5533 5549/5549
f 5446/5446 5549/5549 5565/5565
f 5561/5561 5545/5545 5444/5444
f 5444/5444 5545/5545 5529/5529
f 5444/5444 5529/5529 5513/5513
f 5363/5363 5379/5379 5442/5442
f 5343/5343 5319/5319 5178/5178
f 5178/5178 5319/5319 5303/5303
f 5407/5407 5391/5391 5440/5440
f 5440/5440 5391/5391 5375/5375
f 5440/5440 5375/5375 5178/5178
f 5178/5178 5375/5375 5359/5359
f 5178/5178 5359/5359 5343/5343
f 5303/5303 5287/5287 5178/5178
f 5178/5178 5287/5287 5271/5271
f 5178/5178 5271/5271 5255/5255
f 5379/5379 5395/5395 5442/5442
f 5442/5442 5395/5395 5411/5411
f 5442/5442 5411/5411 5440/5440
f 5440/5440 5411/5411 5423/5423
f 5440/5440 5423/5423 5407/5407
f 5243/5243 5259/5259 5180/5180
f 5180/5180 5259/5259 5275/5275
f 5180/5180 5275/5275 5291/5291
f 5291/5291 5307/5307 5180/5180
f 5180/5180 5307/5307 5323/5323
f 5180/5180 5323/5323 5442/5442
f 5442/5442 5323/5323 5347/5347
f 5442/5442 5347/5347 5363/5363
f 5255/5255 5239/5239 5180/5180
f 5180/5180 5239/5239 5231/5231
f 5180/5180 5231/5231 5243/5243
f 5255/5255 5180/5180 5178/5178
f 5178/5178 5180/5180 4900/4900
f 5178/5178 4900/4900 4964/4964
f 4896/4896 4433/4433 4614/4614
f 2013/2013 2079/2079 2277/2277
f 2279/2279 2015/2015 2267/2267
f 1752/1752 1890/1890 1892/1892
f 1892/1892 1890/1890 2013/2013
f 1892/1892 2013/2013 2015/2015
f 2015/2015 2013/2013 2255/2255
f 2015/2015 2255/2255 2267/2267
f 1893/1893 1563/1563 1561/1561
f 1555/1555 1539/1539 1563/1563
f 1315/1315 1411/1411 1395/1395
f 1561/1561 1507/1507 1491/1491
f 1411/1411 1315/1315 1427/1427
f 1427/1427 1315/1315 1561/1561
f 1427/1427 1561/1561 1443/1443
f 1563/1563 1539/1539 1561/1561
f 1561/1561 1539/1539 1523/1523
f 1561/1561 1523/1523 1507/1507
f 1491/1491 1475/1475 1561/1561
f 1561/1561 1475/1475 1459/1459
f 1561/1561 1459/1459 1443/1443
f 1399/1399 1415/1415 1318/1318
f 1318/1318 1415/1415 1431/1431
f 1495/1495 1511/1511 1563/1563
f 1395/1395 1379/1379 1315/1315
f 1315/1315 1379/1379 1371/1371
f 1315/1315 1371/1371 1318/1318
f 1318/1318 1371/1371 1383/1383
f 1318/1318 1383/1383 1399/1399
f 1431/1431 1447/1447 1318/1318
f 1318/1318 1447/1447 1463/1463
f 1318/1318 1463/1463 1563/1563
f 1563/1563 1463/1463 1479/1479
f 1563/1563 1479/1479 1495/1495
f 1511/1511 1527/1527 1563/1563
f 1563/1563 1527/1527 1543/1543
f 1563/1563 1543/1543 1555/1555
f 1177/1177 1153/1153 1320/1320
f 993/993 1005/1005 939/939
f 1153/1153 1117/1117 1320/1320
f 1320/1320 1117/1117 1101/1101
f 1320/1320 1101/1101 989/989
f 989/989 1101/1101 1081/1081
f 989/989 1081/1081 1065/1065
f 993/993 939/939 1001/1001
f 1065/1065 1049/1049 989/989
f 989/989 1049/1049 1033/1033
f 989/989 1033/1033 939/939
f 939/939 1033/1033 1017/1017
f 939/939 1017/1017 1001/1001
f 1021/1021 1037/1037 942/942
f 942/942 1037/1037 1053/1053
f 1053/1053 1069/1069 942/942
f 942/942 1069/1069 1085/1085
f 942/942 1085/1085 1322/1322
f 1322/1322 1085/1085 1105/1105
f 1205/1205 1217/1217 1320/1320
f 1320/1320 1217/1217 1201/1201
f 1320/1320 1201/1201 1177/1177
f 1105/1105 1121/1121 1322/1322
f 1322/1322 1121/1121 1157/1157
f 1322/1322 1157/1157 1181/1181
f 734/734 760/760 762/762
f 762/762 760/760 939/939
f 762/762 939/939 942/942
f 942/942 939/939 1005/1005
f 942/942 1005/1005 1021/1021
f 70/70 65/65 75/75
f 75/75 65/65 184/184
f 75/75 184/184 185/185
f 607/607 568/568 185/185
f 185/185 568/568 187/187
f 185/185 187/187 75/75
f 610/610 608/608 739/739
f 739/739 608/608 781/781
f 782/782 982/982 784/784
f 784/784 982/982 986/986
f 1074/1074 1058/1058 982/982
f 982/982 1058/1058 1042/1042
f 982/982 1042/1042 986/986
f 986/986 1042/1042 1026/1026
f 1026/1026 1010/1010 986/986
f 986/986 1010/1010 998/998
f 986/986 998/998 1014/1014
f 1014/1014 1030/1030 986/986
f 986/986 1030/1030 1046/1046
f 986/986 1046/1046 1098/1098
f 1098/1098 1046/1046 1062/1062
f 1098/1098 1062/1062 1078/1078
f 1222/1222 1210/1210 1362/1362
f 1362/1362 1210/1210 1186/1186
f 1362/1362 1186/1186 1162/1162
f 1162/1162 1126/1126 1362/1362
f 1362/1362 1126/1126 1110/1110
f 1362/1362 1110/1110 982/982
f 982/982 1110/1110 1090/1090
f 982/982 1090/1090 1074/1074
f 1078/1078 1094/1094 1098/1098
f 1098/1098 1094/1094 1114/1114
f 1098/1098 1114/1114 1364/1364
f 1364/1364 1114/1114 1130/1130
f 1130/1130 1166/1166 1364/1364
f 1364/1364 1166/1166 1190/1190
f 1364/1364 1190/1190 1214/1214
f 1364/1364 1452/1452 1436/1436
f 1376/1376 1392/1392 1368/1368
f 1552/1552 1560/1560 1587/1587
f 1560/1560 1548/1548 1587/1587
f 1587/1587 1548/1548 1532/1532
f 1587/1587 1532/1532 1516/1516
f 1516/1516 1500/1500 1587/1587
f 1587/1587 1500/1500 1484/1484
f 1587/1587 1484/1484 1364/1364
f 1364/1364 1484/1484 1468/1468
f 1364/1364 1468/1468 1452/1452
f 1436/1436 1420/1420 1364/1364
f 1364/1364 1420/1420 1404/1404
f 1364/1364 1404/1404 1368/1368
f 1368/1368 1404/1404 1388/1388
f 1368/1368 1388/1388 1376/1376
f 1456/1456 1472/1472 1589/1589
f 1589/1589 1472/1472 1488/1488
f 1392/1392 1408/1408 1368/1368
f 1368/1368 1408/1408 1424/1424
f 1368/1368 1424/1424 1589/1589
f 1589/1589 1424/1424 1440/1440
f 1589/1589 1440/1440 1456/1456
f 1488/1488 1504/1504 1589/1589
f 1589/1589 1504/1504 1520/1520
f 1589/1589 1520/1520 1536/1536
f 1536/1536 1552/1552 1589/1589
f 1589/1589 1552/1552 1587/1587
f 1589/1589 1587/1587 1889/1889
f 1889/1889 1587/1587 1917/1917
f 2084/2084 2044/2044 2042/2042
f 2042/2042 2044/2044 1922/1922
f 2042/2042 1922/1922 2041/2041
f 2041/2041 1922/1922 1920/1920
f 2041/2041 1920/1920 1918/1918
f 4946/4946 4944/4944 5228/5228
f 5268/5268 5284/5284 5228/5228
f 5328/5328 5312/5312 5224/5224
f 5224/5224 5312/5312 5296/5296
f 5224/5224 5296/5296 5280/5280
f 5490/5490 5404/5404 5420/5420
f 5420/5420 5428/5428 5490/5490
f 5490/5490 5428/5428 5416/5416
f 5490/5490 5416/5416 5486/5486
f 5486/5486 5416/5416 5400/5400
f 5400/5400 5384/5384 5486/5486
f 5486/5486 5384/5384 5368/5368
f 5486/5486 5368/5368 5352/5352
f 5224/5224 5236/5236 5228/5228
f 5228/5228 5236/5236 5252/5252
f 5228/5228 5252/5252 5268/5268
f 5284/5284 5300/5300 5228/5228
f 5228/5228 5300/5300 5316/5316
f 5228/5228 5316/5316 5332/5332
f 5332/5332 5356/5356 5228/5228
f 5228/5228 5356/5356 5372/5372
f 5228/5228 5372/5372 5490/5490
f 5490/5490 5372/5372 5388/5388
f 5490/5490 5388/5388 5404/5404
f 5280/5280 5264/5264 5224/5224
f 5224/5224 5264/5264 5248/5248
f 5224/5224 5248/5248 5236/5236
f 5606/5606 5626/5626 5610/5610
f 5486/5486 5526/5526 5542/5542
f 5654/5654 5638/5638 5768/5768
f 5768/5768 5638/5638 5622/5622
f 5698/5698 5706/5706 5772/5772
f 5772/5772 5706/5706 5694/5694
f 5772/5772 5694/5694 5768/5768
f 5768/5768 5694/5694 5678/5678
f 5768/5768 5678/5678 5654/5654
f 5602/5602 5586/5586 5484/5484
f 5484/5484 5586/5586 5570/5570
f 5484/5484 5570/5570 5554/5554
f 5542/5542 5558/5558 5486/5486
f 5486/5486 5558/5558 5574/5574
f 5486/5486 5574/5574 5610/5610
f 5610/5610 5574/5574 5590/5590
f 5610/5610 5590/5590 5606/5606
f 5626/5626 5642/5642 5610/5610
f 5610/5610 5642/5642 5658/5658
f 5610/5610 5658/5658 5772/5772
f 5772/5772 5658/5658 5682/5682
f 5772/5772 5682/5682 5698/5698
f 5554/5554 5538/5538 5484/5484
f 5484/5484 5538/5538 5522/5522
f 5484/5484 5522/5522 5486/5486
f 5486/5486 5522/5522 5510/5510
f 5486/5486 5510/5510 5526/5526
f 6332/6332 6316/6316 6571/6571
f 6571/6571 6316/6316 6252/6252
f 6571/6571 6252/6252 6224/6224
f 6224/6224 6208/6208 6174/6174
f 6174/6174 6208/6208 6191/6191
f 6174/6174 6191/6191 6151/6151
f 6576/6576 6506/6506 6256/6256
f 6155/6155 6195/6195 6175/6175
f 6175/6175 6195/6195 6212/6212
f 6175/6175 6212/6212 6506/6506
f 6506/6506 6212/6212 6228/6228
f 6506/6506 6228/6228 6256/6256
f 6256/6256 6320/6320 6576/6576
f 6576/6576 6320/6320 6336/6336
f 6576/6576 6336/6336 6571/6571
f 6571/6571 6336/6336 6360/6360
f 6571/6571 6360/6360 6332/6332
f 1618/1618 1626/1626 1909/1909
f 1909/1909 1626/1626 1634/1634
f 1634/1634 1644/1644 1909/1909
f 1909/1909 1644/1644 1686/1686
f 1909/1909 1686/1686 1908/1908
f 1908/1908 1686/1686 1682/1682
f 1908/1908 1682/1682 1678/1678
f 1610/1610 1910/1910 1602/1602
f 1602/1602 1910/1910 1580/1580
f 1602/1602 1580/1580 1597/1597
f 776/776 857/857 777/777
f 777/777 857/857 873/873
f 777/777 873/873 905/905
f 905/905 925/925 777/777
f 777/777 925/925 970/970
f 777/777 970/970 861/861
f 861/861 970/970 877/877
f 925/925 935/935 970/970
f 970/970 935/935 967/967
f 970/970 967/967 1350/1350
f 1350/1350 967/967 1347/1347
f 1350/1350 1347/1347 1580/1580
f 1580/1580 1347/1347 1578/1578
f 1580/1580 1578/1578 1597/1597
f 774/774 811/811 775/775
f 775/775 811/811 816/816
f 775/775 816/816 776/776
f 776/776 816/816 825/825
f 776/776 825/825 841/841
f 837/837 821/821 773/773
f 773/773 821/821 803/803
f 773/773 803/803 774/774
f 774/774 803/803 807/807
f 774/774 807/807 811/811
f 921/921 772/772 930/930
f 930/930 772/772 960/960
f 921/921 901/901 772/772
f 772/772 901/901 869/869
f 772/772 869/869 773/773
f 773/773 869/869 853/853
f 773/773 853/853 837/837
f 1575/1575 1576/1576 1340/1340
f 1340/1340 1576/1576 1343/1343
f 1340/1340 1343/1343 960/960
f 960/960 1343/1343 963/963
f 960/960 963/963 930/930
f 1630/1630 1622/1622 1905/1905
f 1622/1622 1614/1614 1905/1905
f 1905/1905 1614/1614 1606/1606
f 1905/1905 1606/1606 1575/1575
f 1575/1575 1606/1606 1592/1592
f 1575/1575 1592/1592 1576/1576
f 1830/1830 1846/1846 1900/1900
f 1900/1900 1846/1846 1862/1862
f 1900/1900 1862/1862 1878/1878
f 1664/1664 1652/1652 1570/1570
f 1570/1570 1652/1652 1668/1668
f 1570/1570 1668/1668 1702/1702
f 1826/1826 1810/1810 1899/1899
f 1899/1899 1810/1810 1764/1764
f 1899/1899 1764/1764 1569/1569
f 1569/1569 1764/1764 1746/1746
f 1746/1746 1730/1730 1569/1569
f 1569/1569 1730/1730 1714/1714
f 1569/1569 1714/1714 1698/1698
f 1886/1886 1874/1874 1899/1899
f 1874/1874 1858/1858 1899/1899
f 1899/1899 1858/1858 1842/1842
f 1899/1899 1842/1842 1826/1826
f 1718/1718 1734/1734 1571/1571
f 1814/1814 1901/1901 1768/1768
f 1768/1768 1901/1901 1571/1571
f 1768/1768 1571/1571 1750/1750
f 1750/1750 1571/1571 1734/1734
f 3063/3063 3007/3007 3199/3199
f 3199/3199 3007/3007 2943/2943
f 2943/2943 2927/2927 3199/3199
f 3199/3199 2927/2927 2919/2919
f 3199/3199 2919/2919 2791/2791
f 2791/2791 2919/2919 2911/2911
f 2791/2791 2911/2911 2875/2875
f 2879/2879 2915/2915 2792/2792
f 2792/2792 2915/2915 3206/3206
f 3206/3206 2915/2915 2923/2923
f 3206/3206 2923/2923 2931/2931
f 2879/2879 2792/2792 2818/2818
f 2818/2818 2792/2792 2701/2701
f 2818/2818 2701/2701 2684/2684
f 2684/2684 2701/2701 2282/2282
f 2684/2684 2282/2282 2552/2552
f 2406/2406 2438/2438 2281/2281
f 2680/2680 2548/2548 2279/2279
f 2875/2875 2814/2814 2791/2791
f 2791/2791 2814/2814 2680/2680
f 2791/2791 2680/2680 2700/2700
f 2700/2700 2680/2680 2279/2279
f 2304/2304 2427/2427 2391/2391
f 2665/2665 2649/2649 2719/2719
f 2719/2719 2649/2649 2633/2633
f 2719/2719 2633/2633 2609/2609
f 2395/2395 2305/2305 2351/2351
f 2351/2351 2305/2305 2323/2323
f 2577/2577 2613/2613 2720/2720
f 2720/2720 2613/2613 2637/2637
f 2720/2720 2637/2637 2653/2653
f 2609/2609 2573/2573 2719/2719
f 2719/2719 2573/2573 2523/2523
f 2719/2719 2523/2523 2304/2304
f 2304/2304 2523/2523 2470/2470
f 2304/2304 2470/2470 2427/2427
f 2395/2395 2431/2431 2305/2305
f 2305/2305 2431/2431 2474/2474
f 2305/2305 2474/2474 2720/2720
f 2720/2720 2474/2474 2527/2527
f 2720/2720 2527/2527 2577/2577
f 2084/2084 2042/2042 2305/2305
f 2305/2305 2042/2042 2276/2276
f 2305/2305 2276/2276 2323/2323
f 2391/2391 2347/2347 2304/2304
f 2304/2304 2347/2347 2319/2319
f 2304/2304 2319/2319 2041/2041
f 2041/2041 2319/2319 2272/2272
f 2041/2041 2272/2272 2042/2042
f 2042/2042 2272/2272 2260/2260
f 2042/2042 2260/2260 2276/2276
f 6110/6110 6090/6090 6027/6027
f 6062/6062 6028/6028 6046/6046
f 6046/6046 6028/6028 6027/6027
f 6140/6140 6029/6029 6177/6177
f 6177/6177 6029/6029 6028/6028
f 6177/6177 6028/6028 6175/6175
f 6175/6175 6028/6028 6114/6114
f 6175/6175 6114/6114 6155/6155
f 6062/6062 6078/6078 6028/6028
f 6028/6028 6078/6078 6094/6094
f 6028/6028 6094/6094 6114/6114
f 6110/6110 6027/6027 6151/6151
f 6090/6090 6074/6074 6027/6027
f 6027/6027 6074/6074 6058/6058
f 6027/6027 6058/6058 6046/6046
f 6161/6161 6185/6185 6204/6204
f 6161/6161 6204/6204 6519/6519
f 6519/6519 6204/6204 6220/6220
f 6519/6519 6220/6220 6248/6248
f 6248/6248 6312/6312 6519/6519
f 6519/6519 6312/6312 6328/6328
f 6519/6519 6328/6328 6517/6517
f 6042/6042 6054/6054 6014/6014
f 6014/6014 6054/6054 6070/6070
f 6070/6070 6086/6086 6014/6014
f 6014/6014 6086/6086 6106/6106
f 6014/6014 6106/6106 6161/6161
f 6161/6161 6106/6106 6147/6147
f 6161/6161 6147/6147 6185/6185
f 6160/6160 6143/6143 6012/6012
f 6012/6012 6143/6143 6102/6102
f 6012/6012 6102/6102 6082/6082
f 6328/6328 6356/6356 6517/6517
f 6517/6517 6356/6356 6324/6324
f 6517/6517 6324/6324 6515/6515
f 6515/6515 6324/6324 6308/6308
f 6308/6308 6244/6244 6515/6515
f 6515/6515 6244/6244 6216/6216
f 6515/6515 6216/6216 6160/6160
f 6160/6160 6216/6216 6200/6200
f 6160/6160 6200/6200 6181/6181
f 2418/2418 2382/2382 2277/2277
f 2267/2267 2314/2314 2279/2279
f 2279/2279 2314/2314 2342/2342
f 2279/2279 2342/2342 2386/2386
f 2382/2382 2338/2338 2277/2277
f 2277/2277 2338/2338 2310/2310
f 2277/2277 2310/2310 2013/2013
f 2013/2013 2310/2310 2263/2263
f 2013/2013 2263/2263 2255/2255
f 2386/2386 2422/2422 2279/2279
f 2279/2279 2422/2422 2463/2463
f 2279/2279 2463/2463 2700/2700
f 2700/2700 2463/2463 2518/2518
f 2700/2700 2518/2518 2568/2568
f 2568/2568 2604/2604 2700/2700
f 2700/2700 2604/2604 2628/2628
f 2700/2700 2628/2628 2644/2644
f 2660/2660 2640/2640 2698/2698
f 2698/2698 2640/2640 2624/2624
f 2698/2698 2624/2624 2600/2600
f 2600/2600 2564/2564 2698/2698
f 2698/2698 2564/2564 2514/2514
f 2698/2698 2514/2514 2277/2277
f 2277/2277 2514/2514 2459/2459
f 2277/2277 2459/2459 2418/2418
f 171/171 342/342 416/416
f 170/170 298/298 171/171
f 171/171 298/298 326/326
f 171/171 326/326 342/342
f 416/416 455/455 171/171
f 171/171 455/455 489/489
f 171/171 489/489 516/516
f 551/551 512/512 592/592
f 592/592 512/512 169/169
f 169/169 512/512 485/485
f 169/169 485/485 451/451
f 451/451 412/412 169/169
f 169/169 412/412 338/338
f 169/169 338/338 170/170
f 170/170 338/338 322/322
f 170/170 322/322 298/298
f 666/666 650/650 765/765
f 765/765 650/650 634/634
f 765/765 634/634 592/592
f 592/592 634/634 571/571
f 592/592 571/571 551/551
f 670/670 682/682 766/766
f 516/516 555/555 593/593
f 593/593 555/555 575/575
f 593/593 575/575 767/767
f 767/767 575/575 638/638
f 767/767 638/638 654/654
f 559/559 522/522 606/606
f 459/459 420/420 184/184
f 184/184 420/420 346/346
f 350/350 424/424 185/185
f 606/606 522/522 184/184
f 184/184 522/522 493/493
f 184/184 493/493 459/459
f 346/346 330/330 184/184
f 184/184 330/330 302/302
f 184/184 302/302 185/185
f 185/185 302/302 334/334
f 185/185 334/334 350/350
f 526/526 607/607 497/497
f 497/497 607/607 185/185
f 497/497 185/185 463/463
f 463/463 185/185 424/424
f 686/686 674/674 779/779
f 686/686 779/779 678/678
f 526/526 563/563 607/607
f 607/607 563/563 583/583
f 607/607 583/583 780/780
f 780/780 583/583 646/646
f 780/780 646/646 662/662
f 674/674 658/658 779/779
f 779/779 658/658 642/642
f 779/779 642/642 606/606
f 606/606 642/642 579/579
f 606/606 579/579 559/559
f 6420/6420 6400/6400 6547/6547
f 6288/6288 6304/6304 6169/6169
f 6547/6547 6400/6400 6168/6168
f 6168/6168 6260/6260 6236/6236
f 6472/6472 6456/6456 6547/6547
f 6547/6547 6456/6456 6436/6436
f 6547/6547 6436/6436 6420/6420
f 6400/6400 6384/6384 6168/6168
f 6168/6168 6384/6384 6368/6368
f 6168/6168 6368/6368 6340/6340
f 6468/6468 6484/6484 6551/6551
f 6551/6551 6484/6484 6492/6492
f 6551/6551 6492/6492 6480/6480
f 6472/6472 6547/6547 6488/6488
f 6488/6488 6547/6547 6551/6551
f 6488/6488 6551/6551 6476/6476
f 6340/6340 6292/6292 6168/6168
f 6168/6168 6292/6292 6276/6276
f 6168/6168 6276/6276 6260/6260
f 6348/6348 6300/6300 6168/6168
f 6168/6168 6300/6300 6284/6284
f 6284/6284 6268/6268 6168/6168
f 6168/6168 6268/6268 6240/6240
f 6168/6168 6240/6240 6169/6169
f 6169/6169 6240/6240 6272/6272
f 6169/6169 6272/6272 6288/6288
f 6304/6304 6352/6352 6169/6169
f 6169/6169 6352/6352 6380/6380
f 6169/6169 6380/6380 6396/6396
f 6396/6396 6412/6412 6551/6551
f 6412/6412 6432/6432 6551/6551
f 6551/6551 6432/6432 6448/6448
f 6551/6551 6448/6448 6468/6468
f 6348/6348 6168/6168 6376/6376
f 6376/6376 6168/6168 6236/6236
f 6376/6376 6236/6236 6392/6392
f 6392/6392 6236/6236 6264/6264
f 6392/6392 6264/6264 6408/6408
f 6480/6480 6388/6388 6404/6404
f 6464/6464 6444/6444 6264/6264
f 6264/6264 6444/6444 6428/6428
f 6264/6264 6428/6428 6408/6408
f 6296/6296 6344/6344 6480/6480
f 6480/6480 6344/6344 6372/6372
f 6480/6480 6372/6372 6388/6388
f 6404/6404 6424/6424 6480/6480
f 6480/6480 6424/6424 6440/6440
f 6480/6480 6440/6440 6551/6551
f 6551/6551 6440/6440 6460/6460
f 6551/6551 6460/6460 6476/6476
f 6464/6464 6264/6264 6480/6480
f 6480/6480 6264/6264 6280/6280
f 6480/6480 6280/6280 6296/6296
f 6396/6396 6551/6551 6169/6169
f 6169/6169 6551/6551 6555/6555
f 6169/6169 6555/6555 6170/6170
f 6170/6170 6555/6555 6559/6559
f 6170/6170 6559/6559 6171/6171
f 6224/6224 6174/6174 6571/6571
f 6571/6571 6174/6174 6173/6173
f 6571/6571 6173/6173 6567/6567
f 6567/6567 6173/6173 6172/6172
f 6567/6567 6172/6172 6563/6563
f 6535/6535 6539/6539 6165/6165
f 6165/6165 6539/6539 6166/6166
f 6165/6165 6166/6166 6018/6018
f 6018/6018 6166/6166 6019/6019
f 6018/6018 6019/6019 5966/5966
f 5966/5966 6019/6019 5982/5982
f 6539/6539 6543/6543 6166/6166
f 6166/6166 6543/6543 6167/6167
f 6166/6166 6167/6167 6019/6019
f 6019/6019 6167/6167 6020/6020
f 6019/6019 6020/6020 5986/5986
f 5986/5986 6020/6020 5970/5970
f 6021/6021 6169/6169 6022/6022
f 6022/6022 6169/6169 6170/6170
f 6022/6022 6170/6170 6023/6023
f 6023/6023 6170/6170 6171/6171
f 6023/6023 6171/6171 6024/6024
f 6151/6151 6027/6027 6174/6174
f 6174/6174 6027/6027 6026/6026
f 6174/6174 6026/6026 6173/6173
f 6173/6173 6026/6026 6025/6025
f 6173/6173 6025/6025 6172/6172
f 5884/5884 5847/5847 5754/5754
f 5750/5750 6022/6022 5752/5752
f 5752/5752 6022/6022 6023/6023
f 5752/5752 6023/6023 5754/5754
f 5754/5754 6023/6023 5900/5900
f 5754/5754 5900/5900 5884/5884
f 5847/5847 5831/5831 5754/5754
f 5754/5754 5831/5831 5815/5815
f 5754/5754 5815/5815 5799/5799
f 5787/5787 5803/5803 5756/5756
f 5756/5756 5803/5803 5819/5819
f 5756/5756 5888/5888 6024/6024
f 6024/6024 5888/5888 5904/5904
f 6024/6024 5904/5904 5920/5920
f 5819/5819 5835/5835 5756/5756
f 5756/5756 5835/5835 5851/5851
f 5756/5756 5851/5851 5888/5888
f 5920/5920 5938/5938 6024/6024
f 6024/6024 5938/5938 5958/5958
f 6024/6024 5958/5958 5978/5978
f 5974/5974 5954/5954 6023/6023
f 6023/6023 5954/5954 5934/5934
f 6023/6023 5934/5934 5916/5916
f 5978/5978 5994/5994 6024/6024
f 6024/6024 5994/5994 6002/6002
f 6024/6024 6002/6002 6023/6023
f 6023/6023 6002/6002 5990/5990
f 6023/6023 5990/5990 5974/5974
f 5776/5776 5768/5768 6031/6031
f 6031/6031 5768/5768 5766/5766
f 6031/6031 5766/5766 6029/6029
f 6029/6029 5766/5766 5764/5764
f 6029/6029 5764/5764 6028/6028
f 6028/6028 5764/5764 5762/5762
f 6028/6028 5762/5762 6027/6027
f 6027/6027 5762/5762 5760/5760
f 6027/6027 5760/5760 6026/6026
f 6026/6026 5760/5760 5758/5758
f 6026/6026 5758/5758 6025/6025
f 5622/5622 5484/5484 5768/5768
f 5768/5768 5484/5484 5482/5482
f 5768/5768 5482/5482 5766/5766
f 5766/5766 5482/5482 5480/5480
f 5766/5766 5480/5480 5764/5764
f 5764/5764 5480/5480 5478/5478
f 5764/5764 5478/5478 5762/5762
f 5762/5762 5478/5478 5476/5476
f 5762/5762 5476/5476 5760/5760
f 5760/5760 5476/5476 5474/5474
f 5760/5760 5474/5474 5758/5758
f 6521/6521 6527/6527 6162/6162
f 6162/6162 6527/6527 6163/6163
f 6162/6162 6163/6163 6015/6015
f 6015/6015 6163/6163 6016/6016
f 6015/6015 6016/6016 5737/5737
f 5737/5737 6016/6016 5740/5740
f 5737/5737 5740/5740 5455/5455
f 5455/5455 5740/5740 5458/5458
f 5455/5455 5458/5458 5193/5193
f 5193/5193 5458/5458 5196/5196
f 5193/5193 5196/5196 5161/5161
f 5161/5161 5196/5196 5149/5149
f 6527/6527 6531/6531 6163/6163
f 6163/6163 6531/6531 6164/6164
f 6163/6163 6164/6164 6016/6016
f 6016/6016 6164/6164 6017/6017
f 6016/6016 6017/6017 5740/5740
f 5740/5740 6017/6017 5742/5742
f 5740/5740 5742/5742 5458/5458
f 5458/5458 5742/5742 5460/5460
f 5458/5458 5460/5460 5196/5196
f 5196/5196 5460/5460 5198/5198
f 5196/5196 5198/5198 5117/5117
f 5117/5117 5198/5198 5101/5101
f 5352/5352 5224/5224 5486/5486
f 5486/5486 5224/5224 5222/5222
f 5486/5486 5222/5222 5484/5484
f 5484/5484 5222/5222 5220/5220
f 5484/5484 5220/5220 5482/5482
f 5482/5482 5220/5220 5218/5218
f 5482/5482 5218/5218 5480/5480
f 5480/5480 5218/5218 5216/5216
f 5480/5480 5216/5216 5478/5478
f 5478/5478 5216/5216 5214/5214
f 5478/5478 5214/5214 5476/5476
f 5476/5476 5214/5214 5212/5212
f 5476/5476 5212/5212 5474/5474
f 6158/6158 6497/6497 6159/6159
f 6159/6159 6497/6497 6160/6160
f 6159/6159 6160/6160 6011/6011
f 6011/6011 6160/6160 6012/6012
f 6011/6011 6012/6012 5732/5732
f 5732/5732 6012/6012 5734/5734
f 5732/5732 5734/5734 5450/5450
f 5450/5450 5734/5734 5452/5452
f 5450/5450 5452/5452 5188/5188
f 5188/5188 5452/5452 5190/5190
f 5188/5188 5190/5190 4908/4908
f 4908/4908 5190/5190 4910/4910
f 4908/4908 4910/4910 4444/4444
f 6082/6082 6066/6066 6012/6012
f 6012/6012 6066/6066 6013/6013
f 6012/6012 6013/6013 5734/5734
f 5734/5734 6013/6013 5735/5735
f 5734/5734 5735/5735 5452/5452
f 5452/5452 5735/5735 5453/5453
f 5452/5452 5453/5453 5190/5190
f 5190/5190 5453/5453 5191/5191
f 5190/5190 5191/5191 4910/4910
f 4910/4910 5191/5191 4911/4911
f 6050/6050 6042/6042 6013/6013
f 6013/6013 6042/6042 6014/6014
f 6013/6013 6014/6014 5735/5735
f 5735/5735 6014/6014 5736/5736
f 5735/5735 5736/5736 5453/5453
f 5453/5453 5736/5736 5454/5454
f 5453/5453 5454/5454 5191/5191
f 5191/5191 5454/5454 5192/5192
f 5191/5191 5192/5192 4911/4911
f 4911/4911 5192/5192 4912/4912
f 6519/6519 6521/6521 6161/6161
f 6161/6161 6521/6521 6162/6162
f 6161/6161 6162/6162 6014/6014
f 6014/6014 6162/6162 6015/6015
f 6014/6014 6015/6015 5736/5736
f 5736/5736 6015/6015 5737/5737
f 5736/5736 5737/5737 5454/5454
f 5454/5454 5737/5737 5455/5455
f 5454/5454 5455/5455 5192/5192
f 5192/5192 5455/5455 5193/5193
f 5192/5192 5193/5193 4912/4912
f 4912/4912 5193/5193 4913/4913
f 6531/6531 6535/6535 6164/6164
f 6164/6164 6535/6535 6165/6165
f 6164/6164 6165/6165 6017/6017
f 6017/6017 6165/6165 6018/6018
f 6017/6017 6018/6018 5742/5742
f 5742/5742 6018/6018 5744/5744
f 5742/5742 5744/5744 5460/5460
f 5460/5460 5744/5744 5462/5462
f 5460/5460 5462/5462 5198/5198
f 5198/5198 5462/5462 5200/5200
f 5198/5198 5200/5200 4918/4918
f 4918/4918 5200/5200 4920/4920
f 6543/6543 6547/6547 6167/6167
f 6167/6167 6547/6547 6168/6168
f 6167/6167 6168/6168 6020/6020
f 6020/6020 6168/6168 6021/6021
f 6020/6020 6021/6021 5748/5748
f 5748/5748 6021/6021 5750/5750
f 5748/5748 5750/5750 5466/5466
f 5466/5466 5750/5750 5468/5468
f 5466/5466 5468/5468 5204/5204
f 5204/5204 5468/5468 5206/5206
f 5204/5204 5206/5206 4924/4924
f 4924/4924 5206/5206 4926/4926
f 4924/4924 4926/4926 4831/4831
f 4831/4831 4926/4926 4799/4799
f 5799/5799 5787/5787 5754/5754
f 5754/5754 5787/5787 5756/5756
f 5754/5754 5756/5756 5470/5470
f 5470/5470 5756/5756 5472/5472
f 5470/5470 5472/5472 5208/5208
f 5208/5208 5472/5472 5210/5210
f 5208/5208 5210/5210 4928/4928
f 4928/4928 5210/5210 4930/4930
f 5228/5228 4944/4944 5224/5224
f 5224/5224 4944/4944 4942/4942
f 5224/5224 4942/4942 5222/5222
f 5222/5222 4942/4942 4940/4940
f 5222/5222 4940/4940 5220/5220
f 5220/5220 4940/4940 4938/4938
f 5220/5220 4938/4938 5218/5218
f 5218/5218 4938/4938 4936/4936
f 5218/5218 4936/4936 5216/5216
f 5216/5216 4936/4936 5077/5077
f 5216/5216 5077/5077 5093/5093
f 4444/4444 4910/4910 4446/4446
f 4446/4446 4910/4910 4911/4911
f 4446/4446 4911/4911 4447/4447
f 4447/4447 4911/4911 4912/4912
f 4447/4447 4912/4912 4448/4448
f 4448/4448 4912/4912 4913/4913
f 4448/4448 4913/4913 4449/4449
f 4449/4449 4913/4913 4916/4916
f 4449/4449 4916/4916 4452/4452
f 4452/4452 4916/4916 4918/4918
f 4452/4452 4918/4918 4454/4454
f 4851/4851 4811/4811 4918/4918
f 4918/4918 4811/4811 4779/4779
f 4918/4918 4779/4779 4739/4739
f 4739/4739 4707/4707 4918/4918
f 4918/4918 4707/4707 4671/4671
f 4918/4918 4671/4671 4454/4454
f 4454/4454 4671/4671 4639/4639
f 4639/4639 4597/4597 4454/4454
f 4454/4454 4597/4597 4565/4565
f 4454/4454 4565/4565 4533/4533
f 4537/4537 4569/4569 4456/4456
f 4456/4456 4569/4569 4601/4601
f 4456/4456 4601/4601 4643/4643
f 4783/4783 4815/4815 4920/4920
f 4920/4920 4815/4815 4855/4855
f 4920/4920 4855/4855 4918/4918
f 4918/4918 4855/4855 4867/4867
f 4918/4918 4867/4867 4851/4851
f 4533/4533 4501/4501 4454/4454
f 4454/4454 4501/4501 4493/4493
f 4454/4454 4493/4493 4456/4456
f 4456/4456 4493/4493 4505/4505
f 4456/4456 4505/4505 4537/4537
f 4643/4643 4675/4675 4456/4456
f 4456/4456 4675/4675 4711/4711
f 4456/4456 4711/4711 4920/4920
f 4920/4920 4711/4711 4743/4743
f 4920/4920 4743/4743 4783/4783
f 5839/5839 5823/5823 5744/5744
f 5744/5744 5823/5823 5746/5746
f 5744/5744 5746/5746 5462/5462
f 5462/5462 5746/5746 5464/5464
f 5462/5462 5464/5464 5200/5200
f 5200/5200 5464/5464 5202/5202
f 5200/5200 5202/5202 4920/4920
f 4920/4920 5202/5202 4922/4922
f 4920/4920 4922/4922 4456/4456
f 4456/4456 4922/4922 4458/4458
f 5791/5791 5783/5783 5746/5746
f 5746/5746 5783/5783 5748/5748
f 5746/5746 5748/5748 5464/5464
f 5464/5464 5748/5748 5466/5466
f 5464/5464 5466/5466 5202/5202
f 5202/5202 5466/5466 5204/5204
f 5202/5202 5204/5204 4922/4922
f 4922/4922 5204/5204 4924/4924
f 4922/4922 4924/4924 4458/4458
f 4458/4458 4924/4924 4460/4460
f 4715/4715 4679/4679 4468/4468
f 4468/4468 4679/4679 4647/4647
f 4871/4871 4859/4859 4930/4930
f 4647/4647 4605/4605 4468/4468
f 4468/4468 4605/4605 4573/4573
f 4468/4468 4573/4573 4541/4541
f 4683/4683 4719/4719 4932/4932
f 4932/4932 4719/4719 4751/4751
f 4859/4859 4819/4819 4930/4930
f 4930/4930 4819/4819 4787/4787
f 4930/4930 4787/4787 4747/4747
f 4667/4667 4928/4928 4466/4466
f 4466/4466 4928/4928 4930/4930
f 4466/4466 4930/4930 4468/4468
f 4468/4468 4930/4930 4747/4747
f 4468/4468 4747/4747 4715/4715
f 4545/4545 4577/4577 4470/4470
f 4751/4751 4791/4791 4932/4932
f 4932/4932 4791/4791 4823/4823
f 4932/4932 4823/4823 4863/4863
f 4863/4863 4871/4871 4932/4932
f 4932/4932 4871/4871 4930/4930
f 4932/4932 4930/4930 5212/5212
f 5212/5212 4930/4930 5210/5210
f 5212/5212 5210/5210 5474/5474
f 5474/5474 5210/5210 5472/5472
f 5474/5474 5472/5472 5758/5758
f 5758/5758 5472/5472 5756/5756
f 5758/5758 5756/5756 6025/6025
f 6025/6025 5756/5756 6024/6024
f 6025/6025 6024/6024 6172/6172
f 6172/6172 6024/6024 6171/6171
f 6172/6172 6171/6171 6563/6563
f 6563/6563 6171/6171 6559/6559
f 4541/4541 4509/4509 4468/4468
f 4468/4468 4509/4509 4497/4497
f 4468/4468 4497/4497 4470/4470
f 4470/4470 4497/4497 4513/4513
f 4470/4470 4513/4513 4545/4545
f 4577/4577 4609/4609 4470/4470
f 4470/4470 4609/4609 4651/4651
f 4470/4470 4651/4651 4683/4683
f 4683/4683 4932/4932 4470/4470
f 4470/4470 4932/4932 4934/4934
f 4470/4470 4934/4934 4472/4472
f 4472/4472 4934/4934 4936/4936
f 4472/4472 4936/4936 4474/4474
f 4474/4474 4936/4936 4938/4938
f 4474/4474 4938/4938 4476/4476
f 4476/4476 4938/4938 4940/4940
f 4476/4476 4940/4940 4478/4478
f 4478/4478 4940/4940 4942/4942
f 4478/4478 4942/4942 4480/4480
f 4480/4480 4942/4942 4944/4944
f 4480/4480 4944/4944 4482/4482
f 4482/4482 4944/4944 4946/4946
f 4482/4482 4946/4946 4484/4484
f 4327/4327 4325/4325 4433/4433
f 4433/4433 4325/4325 4431/4431
f 4433/4433 4431/4431 4614/4614
f 4517/4517 4341/4341 4460/4460
f 4460/4460 4341/4341 4340/4340
f 4460/4460 4340/4340 4458/4458
f 4458/4458 4340/4340 4339/4339
f 4458/4458 4339/4339 4456/4456
f 4456/4456 4339/4339 4338/4338
f 4456/4456 4338/4338 4454/4454
f 4454/4454 4338/4338 4337/4337
f 4454/4454 4337/4337 4452/4452
f 4452/4452 4337/4337 4336/4336
f 4452/4452 4336/4336 4449/4449
f 4449/4449 4336/4336 4335/4335
f 4449/4449 4335/4335 4448/4448
f 4448/4448 4335/4335 4334/4334
f 4448/4448 4334/4334 4447/4447
f 4447/4447 4334/4334 4333/4333
f 4447/4447 4333/4333 4446/4446
f 4446/4446 4333/4333 4332/4332
f 4446/4446 4332/4332 4444/4444
f 4427/4427 4466/4466 4344/4344
f 4344/4344 4466/4466 4468/4468
f 4344/4344 4468/4468 4345/4345
f 4345/4345 4468/4468 4470/4470
f 4345/4345 4470/4470 4346/4346
f 4346/4346 4470/4470 4472/4472
f 4346/4346 4472/4472 4347/4347
f 4347/4347 4472/4472 4474/4474
f 4347/4347 4474/4474 4348/4348
f 4348/4348 4474/4474 4476/4476
f 4348/4348 4476/4476 4349/4349
f 4349/4349 4476/4476 4478/4478
f 4349/4349 4478/4478 4350/4350
f 4350/4350 4478/4478 4480/4480
f 4350/4350 4480/4480 4351/4351
f 4351/4351 4480/4480 4482/4482
f 4351/4351 4482/4482 4352/4352
f 4352/4352 4482/4482 4484/4484
f 4352/4352 4484/4484 4353/4353
f 4325/4325 4200/4200 4044/4044
f 4044/4044 4200/4200 4175/4175
f 4044/4044 4175/4175 4153/4153
f 4223/4223 4239/4239 4327/4327
f 4327/4327 4239/4239 4259/4259
f 4327/4327 4259/4259 4275/4275
f 4153/4153 4133/4133 4044/4044
f 4044/4044 4133/4133 4117/4117
f 4044/4044 4117/4117 4101/4101
f 4089/4089 4105/4105 4046/4046
f 4046/4046 4105/4105 4121/4121
f 4046/4046 4121/4121 4137/4137
f 4137/4137 4157/4157 4046/4046
f 4046/4046 4157/4157 4179/4179
f 4046/4046 4179/4179 4327/4327
f 4327/4327 4179/4179 4204/4204
f 4327/4327 4204/4204 4223/4223
f 4275/4275 4291/4291 4327/4327
f 4327/4327 4291/4291 4303/4303
f 4327/4327 4303/4303 4325/4325
f 4325/4325 4303/4303 4287/4287
f 4325/4325 4287/4287 4271/4271
f 4271/4271 4255/4255 4325/4325
f 4325/4325 4255/4255 4235/4235
f 4325/4325 4235/4235 4219/4219
f 4071/4071 4058/4058 4339/4339
f 4339/4339 4058/4058 4057/4057
f 4339/4339 4057/4057 4338/4338
f 4338/4338 4057/4057 4056/4056
f 4338/4338 4056/4056 4337/4337
f 4337/4337 4056/4056 4055/4055
f 4337/4337 4055/4055 4336/4336
f 4336/4336 4055/4055 4054/4054
f 4336/4336 4054/4054 4335/4335
f 4335/4335 4054/4054 4053/4053
f 4335/4335 4053/4053 4334/4334
f 4334/4334 4053/4053 4052/4052
f 4334/4334 4052/4052 4333/4333
f 4333/4333 4052/4052 4051/4051
f 4333/4333 4051/4051 4332/4332
f 4248/4248 4268/4268 4354/4354
f 4354/4354 4268/4268 4284/4284
f 4354/4354 4284/4284 4300/4300
f 4211/4211 4353/4353 4228/4228
f 4228/4228 4353/4353 4244/4244
f 4171/4171 4344/4344 4073/4073
f 4073/4073 4344/4344 4345/4345
f 4073/4073 4345/4345 4059/4059
f 4059/4059 4345/4345 4346/4346
f 4059/4059 4346/4346 4060/4060
f 4060/4060 4346/4346 4347/4347
f 4060/4060 4347/4347 4061/4061
f 4061/4061 4347/4347 4348/4348
f 4061/4061 4348/4348 4062/4062
f 4062/4062 4348/4348 4349/4349
f 4062/4062 4349/4349 4063/4063
f 4063/4063 4349/4349 4350/4350
f 4063/4063 4350/4350 4064/4064
f 4064/4064 4350/4350 4351/4351
f 4064/4064 4351/4351 4065/4065
f 4065/4065 4351/4351 4352/4352
f 4065/4065 4352/4352 4066/4066
f 4066/4066 4352/4352 4353/4353
f 4066/4066 4353/4353 4067/4067
f 4067/4067 4353/4353 4211/4211
f 4067/4067 4211/4211 4184/4184
f 4094/4094 4114/4114 4068/4068
f 4308/4308 4296/4296 4353/4353
f 4166/4166 4188/4188 4068/4068
f 4068/4068 4188/4188 4215/4215
f 4068/4068 4215/4215 4354/4354
f 4354/4354 4215/4215 4232/4232
f 4354/4354 4232/4232 4248/4248
f 4296/4296 4280/4280 4353/4353
f 4353/4353 4280/4280 4264/4264
f 4353/4353 4264/4264 4244/4244
f 4300/4300 4308/4308 4354/4354
f 4354/4354 4308/4308 4353/4353
f 4354/4354 4353/4353 4485/4485
f 4485/4485 4353/4353 4484/4484
f 4485/4485 4484/4484 4950/4950
f 4950/4950 4484/4484 4946/4946
f 4950/4950 4946/4946 4960/4960
f 4960/4960 4946/4946 5228/5228
f 4184/4184 4162/4162 4067/4067
f 4067/4067 4162/4162 4142/4142
f 4067/4067 4142/4142 4126/4126
f 4094/4094 4068/4068 4110/4110
f 4114/4114 4130/4130 4068/4068
f 4068/4068 4130/4130 4146/4146
f 4068/4068 4146/4146 4166/4166
f 4101/4101 4089/4089 4044/4044
f 4044/4044 4089/4089 4046/4046
f 4044/4044 4046/4046 3683/3683
f 3683/3683 4046/4046 3685/3685
f 4051/4051 3855/3855 3839/3839
f 3801/3801 3785/3785 3696/3696
f 4051/4051 3839/3839 3696/3696
f 3696/3696 3839/3839 3823/3823
f 3696/3696 3823/3823 3801/3801
f 3785/3785 3765/3765 3696/3696
f 3696/3696 3765/3765 3749/3749
f 3696/3696 3749/3749 3741/3741
f 3875/3875 3891/3891 4052/4052
f 3753/3753 3769/3769 3698/3698
f 3698/3698 3769/3769 3789/3789
f 3698/3698 3789/3789 3805/3805
f 3919/3919 3903/3903 4051/4051
f 3805/3805 3827/3827 3698/3698
f 3698/3698 3827/3827 3843/3843
f 3698/3698 3843/3843 4052/4052
f 4052/4052 3843/3843 3859/3859
f 4052/4052 3859/3859 3875/3875
f 3891/3891 3907/3907 4052/4052
f 4052/4052 3907/3907 3923/3923
f 4052/4052 3923/3923 4051/4051
f 4051/4051 3923/3923 3935/3935
f 4051/4051 3935/3935 3919/3919
f 3903/3903 3887/3887 4051/4051
f 4051/4051 3887/3887 3871/3871
f 4051/4051 3871/3871 3855/3855
f 4126/4126 4110/4110 4067/4067
f 4067/4067 4110/4110 4068/4068
f 4067/4067 4068/4068 3708/3708
f 3708/3708 4068/4068 3709/3709
f 3708/3708 3709/3709 3668/3668
f 3668/3668 3709/3709 3680/3680
f 4876/4876 4620/4620 4485/4485
f 4485/4485 4620/4620 4490/4490
f 4485/4485 4490/4490 4354/4354
f 4354/4354 4490/4490 4356/4356
f 4354/4354 4356/4356 4068/4068
f 4068/4068 4356/4356 4070/4070
f 4068/4068 4070/4070 3709/3709
f 3709/3709 4070/4070 3714/3714
f 3709/3709 3714/3714 3656/3656
f 3656/3656 3714/3714 3640/3640
f 3507/3507 3523/3523 3437/3437
f 3607/3607 3631/3631 3685/3685
f 3535/3535 3519/3519 3435/3435
f 3435/3435 3519/3519 3503/3503
f 3607/3607 3685/3685 3591/3591
f 3603/3603 3587/3587 3683/3683
f 3683/3683 3587/3587 3571/3571
f 3683/3683 3571/3571 3435/3435
f 3435/3435 3571/3571 3551/3551
f 3435/3435 3551/3551 3535/3535
f 3503/3503 3487/3487 3435/3435
f 3435/3435 3487/3487 3479/3479
f 3435/3435 3479/3479 3437/3437
f 3437/3437 3479/3479 3491/3491
f 3437/3437 3491/3491 3507/3507
f 3659/3659 3643/3643 3683/3683
f 3683/3683 3643/3643 3627/3627
f 3683/3683 3627/3627 3603/3603
f 3523/3523 3539/3539 3437/3437
f 3437/3437 3539/3539 3555/3555
f 3437/3437 3555/3555 3685/3685
f 3685/3685 3555/3555 3575/3575
f 3685/3685 3575/3575 3591/3591
f 3631/3631 3647/3647 3685/3685
f 3685/3685 3647/3647 3663/3663
f 3685/3685 3663/3663 3683/3683
f 3683/3683 3663/3663 3675/3675
f 3683/3683 3675/3675 3659/3659
f 3367/3367 3383/3383 3437/3437
f 3295/3295 3271/3271 3197/3197
f 3197/3197 3271/3271 3255/3255
f 3197/3197 3255/3255 3239/3239
f 3231/3231 3243/3243 3199/3199
f 3243/3243 3259/3259 3199/3199
f 3199/3199 3259/3259 3275/3275
f 3199/3199 3275/3275 3299/3299
f 3299/3299 3315/3315 3199/3199
f 3199/3199 3315/3315 3331/3331
f 3199/3199 3331/3331 3437/3437
f 3437/3437 3331/3331 3351/3351
f 3437/3437 3351/3351 3367/3367
f 3411/3411 3395/3395 3435/3435
f 3435/3435 3395/3395 3379/3379
f 3435/3435 3379/3379 3363/3363
f 3363/3363 3347/3347 3435/3435
f 3435/3435 3347/3347 3327/3327
f 3435/3435 3327/3327 3197/3197
f 3197/3197 3327/3327 3311/3311
f 3197/3197 3311/3311 3295/3295
f 3383/3383 3399/3399 3437/3437
f 3437/3437 3399/3399 3415/3415
f 3437/3437 3415/3415 3435/3435
f 3435/3435 3415/3415 3427/3427
f 3435/3435 3427/3427 3411/3411
f 4896/4896 4964/4964 4897/4897
f 4897/4897 4964/4964 4900/4900
f 4897/4897 4900/4900 4433/4433
f 4433/4433 4900/4900 4436/4436
f 4433/4433 4436/4436 4327/4327
f 4327/4327 4436/4436 4328/4328
f 4327/4327 4328/4328 4046/4046
f 4046/4046 4328/4328 4047/4047
f 4046/4046 4047/4047 3685/3685
f 3685/3685 4047/4047 3688/3688
f 3685/3685 3688/3688 3437/3437
f 3437/3437 3688/3688 3440/3440
f 3437/3437 3440/3440 3199/3199
f 3199/3199 3440/3440 3202/3202
f 3199/3199 3202/3202 3063/3063
f 3063/3063 3202/3202 3087/3087
f 5494/5494 5710/5710 5442/5442
f 5442/5442 5710/5710 5444/5444
f 5442/5442 5444/5444 5180/5180
f 5180/5180 5444/5444 5182/5182
f 5180/5180 5182/5182 4900/4900
f 4900/4900 5182/5182 4902/4902
f 4900/4900 4902/4902 4436/4436
f 4436/4436 4902/4902 4438/4438
f 4436/4436 4438/4438 4328/4328
f 4328/4328 4438/4438 4329/4329
f 4328/4328 4329/4329 4047/4047
f 4047/4047 4329/4329 4048/4048
f 4047/4047 4048/4048 3688/3688
f 3688/3688 4048/4048 3690/3690
f 3688/3688 3690/3690 3440/3440
f 3440/3440 3690/3690 3442/3442
f 3440/3440 3442/3442 3202/3202
f 3202/3202 3442/3442 3204/3204
f 3202/3202 3204/3204 3067/3067
f 3067/3067 3204/3204 3011/3011
f 5513/5513 5505/5505 5444/5444
f 5444/5444 5505/5505 5446/5446
f 5444/5444 5446/5446 5182/5182
f 5182/5182 5446/5446 5184/5184
f 5182/5182 5184/5184 4902/4902
f 4902/4902 5184/5184 4904/4904
f 4902/4902 4904/4904 4438/4438
f 4438/4438 4904/4904 4440/4440
f 4438/4438 4440/4440 4329/4329
f 4329/4329 4440/4440 4330/4330
f 4329/4329 4330/4330 4048/4048
f 4048/4048 4330/4330 4049/4049
f 4048/4048 4049/4049 3690/3690
f 3690/3690 4049/4049 3692/3692
f 3690/3690 3692/3692 3442/3442
f 3442/3442 3692/3692 3444/3444
f 3442/3442 3444/3444 3204/3204
f 3204/3204 3444/3444 3206/3206
f 3204/3204 3206/3206 2947/2947
f 2947/2947 3206/3206 2931/2931
f 3745/3745 3762/3762 3700/3700
f 3700/3700 3762/3762 3702/3702
f 3700/3700 3702/3702 3458/3458
f 3458/3458 3702/3702 3460/3460
f 3458/3458 3460/3460 3214/3214
f 3214/3214 3460/3460 3216/3216
f 3214/3214 3216/3216 3144/3144
f 3144/3144 3216/3216 3124/3124
f 6009/6009 6035/6035 6010/6010
f 6010/6010 6035/6035 6011/6011
f 6010/6010 6011/6011 5730/5730
f 5730/5730 6011/6011 5732/5732
f 5730/5730 5732/5732 5448/5448
f 5448/5448 5732/5732 5450/5450
f 5448/5448 5450/5450 5186/5186
f 5186/5186 5450/5450 5188/5188
f 5186/5186 5188/5188 4906/4906
f 4906/4906 5188/5188 4908/4908
f 4906/4906 4908/4908 4442/4442
f 4442/4442 4908/4908 4444/4444
f 4442/4442 4444/4444 4331/4331
f 4331/4331 4444/4444 4332/4332
f 4331/4331 4332/4332 4050/4050
f 4050/4050 4332/4332 4051/4051
f 4050/4050 4051/4051 3694/3694
f 3694/3694 4051/4051 3696/3696
f 3694/3694 3696/3696 3446/3446
f 3446/3446 3696/3696 3448/3448
f 3446/3446 3448/3448 3208/3208
f 3208/3208 3448/3448 3210/3210
f 3208/3208 3210/3210 2793/2793
f 2793/2793 3210/3210 2794/2794
f 2793/2793 2794/2794 2765/2765
f 2765/2765 2794/2794 2761/2761
f 2951/2951 2963/2963 2795/2795
f 3099/3099 3115/3115 3212/3212
f 3210/3210 3147/3147 3131/3131
f 3210/3210 3047/3047 2794/2794
f 2794/2794 3047/3047 3031/3031
f 2794/2794 3031/3031 3015/3015
f 3015/3015 2991/2991 2794/2794
f 2794/2794 2991/2991 2975/2975
f 2794/2794 2975/2975 2959/2959
f 3131/3131 3111/3111 3210/3210
f 3210/3210 3111/3111 3095/3095
f 3210/3210 3095/3095 3071/3071
f 2963/2963 2979/2979 2795/2795
f 2795/2795 2979/2979 2995/2995
f 2795/2795 2995/2995 3019/3019
f 3115/3115 3135/3135 3212/3212
f 3212/3212 3135/3135 3151/3151
f 3212/3212 3151/3151 3210/3210
f 3210/3210 3151/3151 3163/3163
f 3210/3210 3163/3163 3147/3147
f 3019/3019 3035/3035 2795/2795
f 2795/2795 3035/3035 3051/3051
f 2795/2795 3051/3051 3212/3212
f 3212/3212 3051/3051 3075/3075
f 3212/3212 3075/3075 3099/3099
f 3239/3239 3231/3231 3197/3197
f 3197/3197 3231/3231 3199/3199
f 3197/3197 3199/3199 2789/2789
f 2789/2789 3199/3199 2791/2791
f 2789/2789 2791/2791 2698/2698
f 2698/2698 2791/2791 2700/2700
f 2698/2698 2700/2700 2660/2660
f 2660/2660 2700/2700 2644/2644
f 3280/3280 3264/3264 3222/3222
f 3222/3222 3264/3264 3223/3223
f 3222/3222 3223/3223 2808/2808
f 2808/2808 3223/3223 2809/2809
f 2808/2808 2809/2809 2719/2719
f 2719/2719 2809/2809 2720/2720
f 2719/2719 2720/2720 2665/2665
f 2665/2665 2720/2720 2653/2653
f 2454/2454 2482/2482 2702/2702
f 5726/5726 5780/5780 5728/5728
f 5728/5728 5780/5780 5730/5730
f 5728/5728 5730/5730 5446/5446
f 5446/5446 5730/5730 5448/5448
f 5446/5446 5448/5448 5184/5184
f 5184/5184 5448/5448 5186/5186
f 5184/5184 5186/5186 4904/4904
f 4904/4904 5186/5186 4906/4906
f 4904/4904 4906/4906 4440/4440
f 4440/4440 4906/4906 4442/4442
f 4440/4440 4442/4442 4330/4330
f 4330/4330 4442/4442 4331/4331
f 4330/4330 4331/4331 4049/4049
f 4049/4049 4331/4331 4050/4050
f 4049/4049 4050/4050 3692/3692
f 3692/3692 4050/4050 3694/3694
f 3692/3692 3694/3694 3444/3444
f 3444/3444 3694/3694 3446/3446
f 3444/3444 3446/3446 3206/3206
f 3206/3206 3446/3446 3208/3208
f 3206/3206 3208/3208 2792/2792
f 2792/2792 3208/3208 2793/2793
f 2792/2792 2793/2793 2701/2701
f 2701/2701 2793/2793 2702/2702
f 2701/2701 2702/2702 2510/2510
f 2282/2282 2398/2398 2370/2370
f 2283/2283 2326/2326 2334/2334
f 2374/2374 2402/2402 2283/2283
f 2283/2283 2402/2402 2414/2414
f 2283/2283 2414/2414 2702/2702
f 2702/2702 2414/2414 2446/2446
f 2702/2702 2446/2446 2454/2454
f 2510/2510 2502/2502 2701/2701
f 2701/2701 2502/2502 2494/2494
f 2701/2701 2494/2494 2478/2478
f 2478/2478 2450/2450 2701/2701
f 2701/2701 2450/2450 2442/2442
f 2701/2701 2442/2442 2282/2282
f 2282/2282 2442/2442 2410/2410
f 2282/2282 2410/2410 2398/2398
f 2370/2370 2362/2362 2282/2282
f 2282/2282 2362/2362 2354/2354
f 2282/2282 2354/2354 2330/2330
f 2334/2334 2358/2358 2283/2283
f 2283/2283 2358/2358 2366/2366
f 2283/2283 2366/2366 2374/2374
f 2482/2482 2498/2498 2702/2702
f 2702/2702 2498/2498 2506/2506
f 2702/2702 2506/2506 2510/2510
f 3236/3236 3252/3252 3223/3223
f 3223/3223 3252/3252 3228/3228
f 3223/3223 3228/3228 2809/2809
f 2809/2809 3228/3228 2811/2811
f 2809/2809 2811/2811 2720/2720
f 2720/2720 2811/2811 2722/2722
f 2720/2720 2722/2722 2305/2305
f 2305/2305 2722/2722 2307/2307
f 2305/2305 2307/2307 2084/2084
f 2548/2548 2434/2434 2279/2279
f 2279/2279 2434/2434 2280/2280
f 2279/2279 2280/2280 2015/2015
f 2015/2015 2280/2280 2016/2016
f 2015/2015 2016/2016 1892/1892
f 1892/1892 2016/2016 1893/1893
f 1892/1892 1893/1893 1752/1752
f 1752/1752 1893/1893 1561/1561
f 3179/3179 2935/2935 2796/2796
f 2796/2796 2935/2935 2797/2797
f 2796/2796 2797/2797 2705/2705
f 2705/2705 2797/2797 2706/2706
f 2705/2705 2706/2706 2286/2286
f 2286/2286 2706/2706 2287/2287
f 2286/2286 2287/2287 2022/2022
f 2022/2022 2287/2287 2023/2023
f 2022/2022 2023/2023 1899/1899
f 1899/1899 2023/2023 1900/1900
f 1899/1899 1900/1900 1886/1886
f 1886/1886 1900/1900 1878/1878
f 2935/2935 2903/2903 2797/2797
f 2797/2797 2903/2903 2798/2798
f 2797/2797 2798/2798 2706/2706
f 2706/2706 2798/2798 2707/2707
f 2706/2706 2707/2707 2287/2287
f 2287/2287 2707/2707 2288/2288
f 2287/2287 2288/2288 2023/2023
f 2023/2023 2288/2288 2024/2024
f 2023/2023 2024/2024 1900/1900
f 1900/1900 2024/2024 1901/1901
f 1900/1900 1901/1901 1830/1830
f 1830/1830 1901/1901 1814/1814
f 2656/2656 2534/2534 2292/2292
f 2292/2292 2534/2534 2293/2293
f 2292/2292 2293/2293 2028/2028
f 2028/2028 2293/2293 2029/2029
f 2028/2028 2029/2029 1905/1905
f 1905/1905 2029/2029 1906/1906
f 1905/1905 1906/1906 1630/1630
f 1630/1630 1906/1906 1640/1640
f 2055/2055 2007/2007 2031/2031
f 2031/2031 2007/2007 1908/1908
f 2031/2031 1908/1908 1907/1907
f 1907/1907 1908/1908 1678/1678
f 1907/1907 1678/1678 1906/1906
f 1906/1906 1678/1678 1673/1673
f 1906/1906 1673/1673 1640/1640
f 2490/2490 2536/2536 2295/2295
f 2295/2295 2536/2536 2296/2296
f 2295/2295 2296/2296 2032/2032
f 2032/2032 2296/2296 2033/2033
f 2032/2032 2033/2033 1909/1909
f 1909/1909 2033/2033 1910/1910
f 1909/1909 1910/1910 1618/1618
f 1618/1618 1910/1910 1610/1610
f 2854/2854 2846/2846 2807/2807
f 2807/2807 2846/2846 2808/2808
f 2807/2807 2808/2808 2718/2718
f 2718/2718 2808/2808 2719/2719
f 2718/2718 2719/2719 2303/2303
f 2303/2303 2719/2719 2304/2304
f 2303/2303 2304/2304 2040/2040
f 2040/2040 2304/2304 2041/2041
f 2040/2040 2041/2041 1917/1917
f 1917/1917 2041/2041 1918/1918
f 1917/1917 1918/1918 1889/1889
f 1889/1889 1918/1918 1920/1920
f 1893/1893 1802/1802 1756/1756
f 1722/1722 1706/1706 1563/1563
f 1563/1563 1706/1706 1690/1690
f 1563/1563 1690/1690 1656/1656
f 1893/1893 1756/1756 1563/1563
f 1563/1563 1756/1756 1738/1738
f 1563/1563 1738/1738 1722/1722
f 1870/1870 1882/1882 1893/1893
f 1893/1893 1882/1882 1866/1866
f 1893/1893 1866/1866 1850/1850
f 1648/1648 1660/1660 1564/1564
f 1660/1660 1694/1694 1564/1564
f 1564/1564 1694/1694 1710/1710
f 1564/1564 1710/1710 1726/1726
f 1854/1854 1894/1894 1838/1838
f 1838/1838 1894/1894 1822/1822
f 1850/1850 1834/1834 1893/1893
f 1893/1893 1834/1834 1818/1818
f 1893/1893 1818/1818 1802/1802
f 1854/1854 1870/1870 1894/1894
f 1894/1894 1870/1870 1893/1893
f 1894/1894 1893/1893 2017/2017
f 2017/2017 1893/1893 2016/2016
f 2017/2017 2016/2016 2281/2281
f 2281/2281 2016/2016 2280/2280
f 2281/2281 2280/2280 2406/2406
f 2406/2406 2280/2280 2434/2434
f 1726/1726 1742/1742 1564/1564
f 1564/1564 1742/1742 1760/1760
f 1564/1564 1760/1760 1894/1894
f 1894/1894 1760/1760 1806/1806
f 1894/1894 1806/1806 1822/1822
f 1656/1656 1648/1648 1563/1563
f 1563/1563 1648/1648 1564/1564
f 1563/1563 1564/1564 1318/1318
f 1318/1318 1564/1564 1320/1320
f 1318/1318 1320/1320 1311/1311
f 1311/1311 1320/1320 989/989
f 2438/2438 2552/2552 2281/2281
f 2281/2281 2552/2552 2282/2282
f 2281/2281 2282/2282 2017/2017
f 2017/2017 2282/2282 2018/2018
f 2017/2017 2018/2018 1894/1894
f 1894/1894 2018/2018 1895/1895
f 1894/1894 1895/1895 1564/1564
f 1564/1564 1895/1895 1565/1565
f 1564/1564 1565/1565 1320/1320
f 1320/1320 1565/1565 1322/1322
f 1320/1320 1322/1322 1205/1205
f 1205/1205 1322/1322 1181/1181
f 2330/2330 2326/2326 2282/2282
f 2282/2282 2326/2326 2283/2283
f 2282/2282 2283/2283 2018/2018
f 2018/2018 2283/2283 2019/2019
f 2018/2018 2019/2019 1895/1895
f 1895/1895 2019/2019 1896/1896
f 1895/1895 1896/1896 1565/1565
f 1565/1565 1896/1896 1566/1566
f 1565/1565 1566/1566 1322/1322
f 1322/1322 1566/1566 1324/1324
f 3127/3127 3091/3091 2806/2806
f 2806/2806 3091/3091 2807/2807
f 2806/2806 2807/2807 2717/2717
f 2717/2717 2807/2807 2718/2718
f 2717/2717 2718/2718 2302/2302
f 2302/2302 2718/2718 2303/2303
f 2302/2302 2303/2303 2039/2039
f 2039/2039 2303/2303 2040/2040
f 2039/2039 2040/2040 1916/1916
f 1916/1916 2040/2040 1917/1917
f 1916/1916 1917/1917 1586/1586
f 1586/1586 1917/1917 1587/1587
f 1586/1586 1587/1587 1362/1362
f 1362/1362 1587/1587 1364/1364
f 1362/1362 1364/1364 1222/1222
f 1222/1222 1364/1364 1214/1214
f 1137/1137 1133/1133 944/944
f 1133/1133 1141/1141 944/944
f 944/944 1141/1141 1149/1149
f 944/944 1149/1149 1173/1173
f 1173/1173 1197/1197 944/944
f 944/944 1197/1197 1229/1229
f 944/944 1229/1229 1324/1324
f 1324/1324 1229/1229 1237/1237
f 1324/1324 1237/1237 1245/1245
f 1245/1245 1279/1279 1324/1324
f 1324/1324 1279/1279 1287/1287
f 1324/1324 1287/1287 1295/1295
f 1295/1295 1303/1303 1324/1324
f 1324/1324 1303/1303 1307/1307
f 1324/1324 1307/1307 1322/1322
f 1322/1322 1307/1307 1299/1299
f 1299/1299 1291/1291 1322/1322
f 1322/1322 1291/1291 1283/1283
f 1322/1322 1283/1283 1275/1275
f 1275/1275 1241/1241 1322/1322
f 1322/1322 1241/1241 1233/1233
f 1322/1322 1233/1233 942/942
f 942/942 1233/1233 1225/1225
f 1225/1225 1193/1193 942/942
f 942/942 1193/1193 1169/1169
f 942/942 1169/1169 1145/1145
f 2771/2771 2785/2785 2711/2711
f 2711/2711 2785/2785 2712/2712
f 2711/2711 2712/2712 2296/2296
f 2296/2296 2712/2712 2297/2297
f 2296/2296 2297/2297 2033/2033
f 2033/2033 2297/2297 2034/2034
f 2033/2033 2034/2034 1910/1910
f 1910/1910 2034/2034 1911/1911
f 1910/1910 1911/1911 1580/1580
f 1580/1580 1911/1911 1581/1581
f 1580/1580 1581/1581 1350/1350
f 1350/1350 1581/1581 1352/1352
f 1350/1350 1352/1352 970/970
f 970/970 1352/1352 972/972
f 970/970 972/972 909/909
f 909/909 972/972 917/917
f 2785/2785 2907/2907 2801/2801
f 2801/2801 2907/2907 2802/2802
f 2801/2801 2802/2802 2712/2712
f 2712/2712 2802/2802 2713/2713
f 2712/2712 2713/2713 2297/2297
f 2297/2297 2713/2713 2298/2298
f 2297/2297 2298/2298 2034/2034
f 2034/2034 2298/2298 2035/2035
f 2034/2034 2035/2035 1911/1911
f 1911/1911 2035/2035 1912/1912
f 1911/1911 1912/1912 1581/1581
f 1581/1581 1912/1912 1582/1582
f 1581/1581 1582/1582 1352/1352
f 1352/1352 1582/1582 1354/1354
f 1352/1352 1354/1354 972/972
f 972/972 1354/1354 974/974
f 972/972 974/974 913/913
f 913/913 974/974 897/897
f 1145/1145 1137/1137 942/942
f 942/942 1137/1137 944/944
f 942/942 944/944 762/762
f 762/762 944/944 763/763
f 762/762 763/763 734/734
f 734/734 763/763 694/694
f 2556/2556 2540/2540 2283/2283
f 2283/2283 2540/2540 2284/2284
f 2283/2283 2284/2284 2019/2019
f 2019/2019 2284/2284 2020/2020
f 2019/2019 2020/2020 1896/1896
f 1896/1896 2020/2020 1897/1897
f 1896/1896 1897/1897 1566/1566
f 1566/1566 1897/1897 1567/1567
f 1566/1566 1567/1567 1324/1324
f 1324/1324 1567/1567 1326/1326
f 1324/1324 1326/1326 944/944
f 944/944 1326/1326 946/946
f 944/944 946/946 763/763
f 763/763 946/946 764/764
f 763/763 764/764 694/694
f 694/694 764/764 591/591
f 694/694 591/591 589/589
f 589/589 591/591 168/168
f 589/589 168/168 166/166
f 682/682 666/666 766/766
f 766/766 666/666 765/765
f 766/766 765/765 949/949
f 949/949 765/765 948/948
f 949/949 948/948 1329/1329
f 1329/1329 948/948 1328/1328
f 1329/1329 1328/1328 1569/1569
f 1569/1569 1328/1328 1568/1568
f 1569/1569 1568/1568 1899/1899
f 1899/1899 1568/1568 1898/1898
f 1899/1899 1898/1898 2022/2022
f 2022/2022 1898/1898 2021/2021
f 2022/2022 2021/2021 2286/2286
f 2286/2286 2021/2021 2285/2285
f 2286/2286 2285/2285 2705/2705
f 2705/2705 2285/2285 2704/2704
f 2705/2705 2704/2704 2796/2796
f 2796/2796 2704/2704 2795/2795
f 2796/2796 2795/2795 3179/3179
f 3179/3179 2795/2795 3212/3212
f 3179/3179 3212/3212 3287/3287
f 3287/3287 3212/3212 3210/3210
f 3287/3287 3210/3210 3451/3451
f 3451/3451 3210/3210 3448/3448
f 3451/3451 3448/3448 3619/3619
f 3619/3619 3448/3448 3696/3696
f 3619/3619 3696/3696 3698/3698
f 3698/3698 3696/3696 3741/3741
f 3698/3698 3741/3741 3753/3753
f 1698/1698 1664/1664 1569/1569
f 1569/1569 1664/1664 1570/1570
f 1569/1569 1570/1570 1329/1329
f 1329/1329 1570/1570 1330/1330
f 1329/1329 1330/1330 949/949
f 949/949 1330/1330 950/950
f 949/949 950/950 766/766
f 766/766 950/950 767/767
f 766/766 767/767 670/670
f 670/670 767/767 654/654
f 2899/2899 2891/2891 2799/2799
f 2799/2799 2891/2891 2800/2800
f 2799/2799 2800/2800 2708/2708
f 2708/2708 2800/2800 2709/2709
f 2708/2708 2709/2709 2289/2289
f 2289/2289 2709/2709 2290/2290
f 2289/2289 2290/2290 2025/2025
f 2025/2025 2290/2290 2026/2026
f 2025/2025 2026/2026 1902/1902
f 1902/1902 2026/2026 1903/1903
f 1902/1902 1903/1903 1572/1572
f 1572/1572 1903/1903 1573/1573
f 1572/1572 1573/1573 1334/1334
f 1334/1334 1573/1573 1336/1336
f 1334/1334 1336/1336 954/954
f 954/954 1336/1336 956/956
f 954/954 956/956 769/769
f 769/769 956/956 770/770
f 2787/2787 2781/2781 2709/2709
f 2709/2709 2781/2781 2710/2710
f 2709/2709 2710/2710 2290/2290
f 2290/2290 2710/2710 2291/2291
f 2290/2290 2291/2291 2026/2026
f 2026/2026 2291/2291 2027/2027
f 2026/2026 2027/2027 1903/1903
f 1903/1903 2027/2027 1904/1904
f 1903/1903 1904/1904 1573/1573
f 1573/1573 1904/1904 1574/1574
f 1573/1573 1574/1574 1336/1336
f 1336/1336 1574/1574 1338/1338
f 1336/1336 1338/1338 956/956
f 956/956 1338/1338 958/958
f 956/956 958/958 770/770
f 770/770 958/958 771/771
f 2781/2781 2769/2769 2710/2710
f 2710/2710 2769/2769 2694/2694
f 2710/2710 2694/2694 2291/2291
f 2291/2291 2694/2694 2292/2292
f 2291/2291 2292/2292 2027/2027
f 2027/2027 2292/2292 2028/2028
f 2027/2027 2028/2028 1904/1904
f 1904/1904 2028/2028 1905/1905
f 1904/1904 1905/1905 1574/1574
f 1574/1574 1905/1905 1575/1575
f 1574/1574 1575/1575 1338/1338
f 1338/1338 1575/1575 1340/1340
f 1338/1338 1340/1340 958/958
f 958/958 1340/1340 960/960
f 958/958 960/960 771/771
f 771/771 960/960 772/772
f 2983/2983 2967/2967 2803/2803
f 2803/2803 2967/2967 2804/2804
f 2803/2803 2804/2804 2714/2714
f 2714/2714 2804/2804 2715/2715
f 2714/2714 2715/2715 2299/2299
f 2299/2299 2715/2715 2300/2300
f 2299/2299 2300/2300 2036/2036
f 2036/2036 2300/2300 2037/2037
f 2036/2036 2037/2037 1913/1913
f 1913/1913 2037/2037 1914/1914
f 1913/1913 1914/1914 1583/1583
f 1583/1583 1914/1914 1584/1584
f 1583/1583 1584/1584 1356/1356
f 1356/1356 1584/1584 1358/1358
f 1356/1356 1358/1358 976/976
f 976/976 1358/1358 978/978
f 976/976 978/978 779/779
f 779/779 978/978 780/780
f 779/779 780/780 678/678
f 678/678 780/780 662/662
f 3171/3171 3127/3127 2805/2805
f 2805/2805 3127/3127 2806/2806
f 2805/2805 2806/2806 2716/2716
f 2716/2716 2806/2806 2717/2717
f 2716/2716 2717/2717 2301/2301
f 2301/2301 2717/2717 2302/2302
f 2301/2301 2302/2302 2038/2038
f 2038/2038 2302/2302 2039/2039
f 2038/2038 2039/2039 1915/1915
f 1915/1915 2039/2039 1916/1916
f 1915/1915 1916/1916 1585/1585
f 1585/1585 1916/1916 1586/1586
f 1585/1585 1586/1586 1360/1360
f 1360/1360 1586/1586 1362/1362
f 1360/1360 1362/1362 980/980
f 980/980 1362/1362 982/982
f 980/980 982/982 781/781
f 781/781 982/982 782/782
f 781/781 782/782 739/739
f 739/739 782/782 784/784
f 1702/1702 1718/1718 1570/1570
f 1570/1570 1718/1718 1571/1571
f 1570/1570 1571/1571 1330/1330
f 1330/1330 1571/1571 1331/1331
f 1330/1330 1331/1331 950/950
f 950/950 1331/1331 951/951
f 950/950 951/951 767/767
f 767/767 951/951 768/768
f 767/767 768/768 593/593
f 593/593 768/768 594/594
f 787/787 603/603 777/777
f 777/777 603/603 602/602
f 777/777 602/602 776/776
f 776/776 602/602 601/601
f 776/776 601/601 775/775
f 775/775 601/601 600/600
f 775/775 600/600 774/774
f 774/774 600/600 599/599
f 774/774 599/599 773/773
f 773/773 599/599 598/598
f 773/773 598/598 772/772
f 772/772 598/598 597/597
f 772/772 597/597 771/771
f 771/771 597/597 596/596
f 771/771 596/596 770/770
f 770/770 596/596 595/595
f 770/770 595/595 769/769
f 2967/2967 2955/2955 2804/2804
f 2804/2804 2955/2955 2805/2805
f 2804/2804 2805/2805 2715/2715
f 2715/2715 2805/2805 2716/2716
f 2715/2715 2716/2716 2300/2300
f 2300/2300 2716/2716 2301/2301
f 2300/2300 2301/2301 2037/2037
f 2037/2037 2301/2301 2038/2038
f 2037/2037 2038/2038 1914/1914
f 1914/1914 2038/2038 1915/1915
f 1914/1914 1915/1915 1584/1584
f 1584/1584 1915/1915 1585/1585
f 1584/1584 1585/1585 1358/1358
f 1358/1358 1585/1585 1360/1360
f 1358/1358 1360/1360 978/978
f 978/978 1360/1360 980/980
f 978/978 980/980 780/780
f 780/780 980/980 781/781
f 780/780 781/781 607/607
f 607/607 781/781 608/608
f 607/607 608/608 568/568
f 568/568 608/608 610/610
f 2959/2959 2951/2951 2794/2794
f 2794/2794 2951/2951 2795/2795
f 2794/2794 2795/2795 2703/2703
f 2703/2703 2795/2795 2704/2704
f 2703/2703 2704/2704 2284/2284
f 2284/2284 2704/2704 2285/2285
f 2284/2284 2285/2285 2020/2020
f 2020/2020 2285/2285 2021/2021
f 2020/2020 2021/2021 1897/1897
f 1897/1897 2021/2021 1898/1898
f 1897/1897 1898/1898 1567/1567
f 1567/1567 1898/1898 1568/1568
f 1567/1567 1568/1568 1326/1326
f 1326/1326 1568/1568 1328/1328
f 1326/1326 1328/1328 946/946
f 946/946 1328/1328 948/948
f 946/946 948/948 764/764
f 764/764 948/948 765/765
f 764/764 765/765 591/591
f 591/591 765/765 592/592
f 591/591 592/592 168/168
f 168/168 592/592 169/169
f 539/539 531/531 594/594
f 173/173 242/242 266/266
f 539/539 594/594 547/547
f 594/594 467/467 436/436
f 516/516 593/593 171/171
f 171/171 593/593 594/594
f 171/171 594/594 172/172
f 172/172 594/594 436/436
f 172/172 436/436 370/370
f 370/370 290/290 172/172
f 172/172 290/290 262/262
f 172/172 262/262 238/238
f 266/266 294/294 173/173
f 173/173 294/294 374/374
f 173/173 374/374 440/440
f 2903/2903 2899/2899 2798/2798
f 2798/2798 2899/2899 2799/2799
f 2798/2798 2799/2799 2707/2707
f 2707/2707 2799/2799 2708/2708
f 2707/2707 2708/2708 2288/2288
f 2288/2288 2708/2708 2289/2289
f 2288/2288 2289/2289 2024/2024
f 2024/2024 2289/2289 2025/2025
f 2024/2024 2025/2025 1901/1901
f 1901/1901 2025/2025 1902/1902
f 1901/1901 1902/1902 1571/1571
f 1571/1571 1902/1902 1572/1572
f 1571/1571 1572/1572 1331/1331
f 1331/1331 1572/1572 1334/1334
f 1331/1331 1334/1334 951/951
f 951/951 1334/1334 954/954
f 951/951 954/954 768/768
f 768/768 954/954 769/769
f 768/768 769/769 594/594
f 594/594 769/769 595/595
f 594/594 595/595 547/547
f 531/531 503/503 594/594
f 594/594 503/503 477/477
f 594/594 477/477 467/467
f 238/238 230/230 172/172
f 172/172 230/230 226/226
f 172/172 226/226 173/173
f 173/173 226/226 234/234
f 173/173 234/234 242/242
f 507/507 595/595 481/481
f 481/481 595/595 471/471
f 507/507 535/535 595/595
f 595/595 535/535 543/543
f 595/595 543/543 547/547
f 270/270 178/178 600/600
f 600/600 178/178 177/177
f 600/600 177/177 599/599
f 599/599 177/177 176/176
f 599/599 176/176 598/598
f 598/598 176/176 175/175
f 598/598 175/175 597/597
f 597/597 175/175 174/174
f 597/597 174/174 596/596
f 596/596 174/174 173/173
f 596/596 173/173 595/595
f 595/595 173/173 440/440
f 595/595 440/440 471/471
f 258/258 601/601 179/179
f 179/179 601/601 602/602
f 179/179 602/602 180/180
f 180/180 602/602 603/603
f 180/180 603/603 181/181
f 181/181 603/603 604/604
f 181/181 604/604 182/182
f 182/182 604/604 605/605
f 182/182 605/605 183/183
f 190/190 41/41 178/178
f 178/178 41/41 37/37
f 178/178 37/37 177/177
f 177/177 37/37 33/33
f 177/177 33/33 176/176
f 176/176 33/33 29/29
f 176/176 29/29 175/175
f 175/175 29/29 25/25
f 175/175 25/25 174/174
f 174/174 25/25 21/21
f 174/174 21/21 173/173
f 173/173 21/21 15/15
f 173/173 15/15 172/172
f 172/172 15/15 13/13
f 172/172 13/13 171/171
f 171/171 13/13 11/11
f 171/171 11/11 170/170
f 170/170 11/11 9/9
f 170/170 9/9 169/169
f 169/169 9/9 4/4
f 169/169 4/4 168/168
f 168/168 4/4 104/104
f 168/168 104/104 166/166
f 164/164 179/179 45/45
f 45/45 179/179 180/180
f 45/45 180/180 49/49
f 49/49 180/180 181/181
f 49/49 181/181 53/53
f 53/53 181/181 182/182
f 53/53 182/182 57/57
f 57/57 182/182 183/183
f 57/57 183/183 61/61
f 2907/2907 2939/2939 2802/2802
f 2802/2802 2939/2939 2803/2803
f 2802/2802 2803/2803 2713/2713
f 2713/2713 2803/2803 2714/2714
f 2713/2713 2714/2714 2298/2298
f 2298/2298 2714/2714 2299/2299
f 2298/2298 2299/2299 2035/2035
f 2035/2035 2299/2299 2036/2036
f 2035/2035 2036/2036 1912/1912
f 1912/1912 2036/2036 1913/1913
f 1912/1912 1913/1913 1582/1582
f 1582/1582 1913/1913 1583/1583
f 1582/1582 1583/1583 1354/1354
f 1354/1354 1583/1583 1356/1356
f 1354/1354 1356/1356 974/974
f 974/974 1356/1356 976/976
f 974/974 976/976 778/778
f 778/778 976/976 779/779
f 778/778 779/779 605/605
f 605/605 779/779 606/606
f 605/605 606/606 183/183
f 183/183 606/606 184/184
f 183/183 184/184 61/61
f 61/61 184/184 65/65
f 6522/6522 6518/6518 6512/6512
f 6512/6512 6518/6518 6516/6516
f 6516/6516 6514/6514 6512/6512
f 6512/6512 6514/6514 6510/6510
f 6512/6512 6510/6510 6508/6508
f 6573/6573 6575/6575 6568/6568
f 6568/6568 6575/6575 6570/6570
f 6568/6568 6570/6570 6564/6564
f 6564/6564 6570/6570 6566/6566
f 6564/6564 6566/6566 6560/6560
f 6560/6560 6566/6566 6562/6562
f 6560/6560 6562/6562 6556/6556
f 6556/6556 6562/6562 6558/6558
f 6556/6556 6558/6558 6552/6552
f 6552/6552 6558/6558 6554/6554
f 6552/6552 6554/6554 6548/6548
f 6548/6548 6554/6554 6550/6550
f 6548/6548 6550/6550 6544/6544
f 6544/6544 6550/6550 6546/6546
f 6544/6544 6546/6546 6540/6540
f 6540/6540 6546/6546 6542/6542
f 6540/6540 6542/6542 6536/6536
f 6536/6536 6542/6542 6538/6538
f 6536/6536 6538/6538 6532/6532
f 6532/6532 6538/6538 6534/6534
f 6532/6532 6534/6534 6528/6528
f 6528/6528 6534/6534 6530/6530
f 6528/6528 6530/6530 6524/6524
f 6524/6524 6530/6530 6526/6526
f 6524/6524 6526/6526 6522/6522
f 6522/6522 6526/6526 6520/6520
f 6522/6522 6520/6520 6518/6518
f 4617/4617 4619/4619 4873/4873
f 4873/4873 4619/4619 4875/4875
f 4873/4873 4875/4875 4947/4947
f 4947/4947 4875/4875 4949/4949
f 4947/4947 4949/4949 4961/4961
f 4961/4961 4949/4949 4959/4959
f 4961/4961 4959/4959 5225/5225
f 5225/5225 4959/4959 5227/5227
f 5225/5225 5227/5227 5487/5487
f 5487/5487 5227/5227 5489/5489
f 5487/5487 5489/5489 5607/5607
f 5607/5607 5489/5489 5609/5609
f 5607/5607 5609/5609 5769/5769
f 5769/5769 5609/5609 5771/5771
f 5769/5769 5771/5771 5773/5773
f 5773/5773 5771/5771 5775/5775
f 5773/5773 5775/5775 5872/5872
f 5872/5872 5775/5775 6030/6030
f 5872/5872 6030/6030 6135/6135
f 6135/6135 6030/6030 6137/6137
f 6577/6577 6572/6572 6507/6507
f 6507/6507 6572/6572 6504/6504
f 6507/6507 6504/6504 6176/6176
f 6176/6176 6504/6504 6137/6137
f 6176/6176 6137/6137 6139/6139
f 6139/6139 6137/6137 6030/6030
f 4489/4489 4619/4619 4617/4617
f 4617/4617 4487/4487 4489/4489
f 4489/4489 4487/4487 4395/4395
f 4489/4489 4395/4395 4355/4355
f 4355/4355 4395/4395 4020/4020
f 2081/2081 2083/2083 2193/2193
f 2193/2193 2083/2083 2306/2306
f 2193/2193 2306/2306 2239/2239
f 2239/2239 2306/2306 2721/2721
f 2239/2239 2721/2721 2841/2841
f 2841/2841 2721/2721 2810/2810
f 2841/2841 2810/2810 3225/3225
f 3225/3225 2810/2810 3227/3227
f 3225/3225 3227/3227 3473/3473
f 3473/3473 3227/3227 3475/3475
f 3473/3473 3475/3475 3711/3711
f 3711/3711 3475/3475 3713/3713
f 3711/3711 3713/3713 4020/4020
f 4020/4020 3713/3713 4069/4069
f 4020/4020 4069/4069 4355/4355
f 67/67 72/72 73/73
f 73/73 72/72 76/76
f 73/73 76/76 100/100
f 100/100 76/76 186/186
f 100/100 186/186 565/565
f 565/565 186/186 567/567
f 565/565 567/567 630/630
f 630/630 567/567 609/609
f 630/630 609/609 730/730
f 730/730 609/609 738/738
f 730/730 738/738 736/736
f 736/736 738/738 783/783
f 736/736 783/783 983/983
f 983/983 783/783 985/985
f 983/983 985/985 1095/1095
f 1095/1095 985/985 1097/1097
f 1919/1919 1923/1923 1888/1888
f 1888/1888 1923/1923 1798/1798
f 1888/1888 1798/1798 1588/1588
f 1588/1588 1798/1798 1796/1796
f 1588/1588 1796/1796 1367/1367
f 1367/1367 1796/1796 1365/1365
f 1367/1367 1365/1365 1097/1097
f 1097/1097 1365/1365 1271/1271
f 1097/1097 1271/1271 1095/1095
f 2083/2083 2081/2081 2043/2043
f 2043/2043 2081/2081 1923/1923
f 2043/2043 1923/1923 1921/1921
f 1921/1921 1923/1923 1919/1919
f 8/8 2/2 5/5
f 5/5 10/10 8/8
f 8/8 10/10 12/12
f 8/8 12/12 18/18
f 71/71 69/69 66/66
f 66/66 69/69 64/64
f 66/66 64/64 62/62
f 62/62 64/64 60/60
f 62/62 60/60 58/58
f 58/58 60/60 56/56
f 58/58 56/56 54/54
f 54/54 56/56 52/52
f 54/54 52/52 50/50
f 50/50 52/52 48/48
f 50/50 48/48 46/46
f 46/46 48/48 44/44
f 46/46 44/44 42/42
f 42/42 44/44 40/40
f 42/42 40/40 38/38
f 38/38 40/40 36/36
f 38/38 36/36 34/34
f 34/34 36/36 32/32
f 34/34 32/32 30/30
f 30/30 32/32 28/28
f 30/30 28/28 26/26
f 26/26 28/28 24/24
f 26/26 24/24 22/22
f 22/22 24/24 20/20
f 22/22 20/20 16/16
f 16/16 20/20 18/18
f 16/16 18/18 14/14
f 14/14 18/18 12/12
f 2078/2078 2080/2080 2014/2014
f 2078/2078 2014/2014 1771/1771
f 2014/2014 1891/1891 1771/1771
f 1771/1771 1891/1891 1753/1753
f 1771/1771 1753/1753 1637/1637
f 1637/1637 1753/1753 1562/1562
f 1637/1637 1562/1562 1314/1314
f 1314/1314 1562/1562 1316/1316
f 1314/1314 1316/1316 1310/1310
f 1310/1310 1316/1316 1312/1312
f 1310/1310 1312/1312 1248/1248
f 1248/1248 1312/1312 990/990
f 1248/1248 990/990 988/988
f 988/988 990/990 938/938
f 938/938 990/990 940/940
f 938/938 940/940 733/733
f 940/940 761/761 733/733
f 733/733 761/761 735/735
f 733/733 735/735 711/711
f 711/711 735/735 693/693
f 693/693 735/735 695/695
f 693/693 695/695 612/612
f 612/612 695/695 590/590
f 612/612 590/590 103/103
f 590/590 167/167 103/103
f 103/103 167/167 105/105
f 103/103 105/105 84/84
f 84/84 105/105 6/6
f 84/84 6/6 3/3
f 2823/2823 2699/2699 2212/2212
f 2212/2212 2699/2699 2278/2278
f 2212/2212 2278/2278 2166/2166
f 2166/2166 2278/2278 2080/2080
f 2166/2166 2080/2080 2078/2078
f 4613/4613 4616/4616 4430/4430
f 4430/4430 4616/4616 4432/4432
f 4430/4430 4432/4432 4368/4368
f 4368/4368 4432/4432 4326/4326
f 4368/4368 4326/4326 4000/4000
f 4000/4000 4326/4326 4045/4045
f 4000/4000 4045/4045 3682/3682
f 3682/3682 4045/4045 3684/3684
f 3682/3682 3684/3684 3434/3434
f 3434/3434 3684/3684 3436/3436
f 3434/3434 3436/3436 3196/3196
f 3196/3196 3436/3436 3198/3198
f 3196/3196 3198/3198 2823/2823
f 2823/2823 3198/3198 2790/2790
f 2823/2823 2790/2790 2699/2699
f 4194/4194 4172/4172 4029/4029
f 4029/4029 4172/4172 4074/4074
f 4027/4027 4041/4041 4039/4039
f 4039/4039 4041/4041 4072/4072
f 4039/4039 4072/4072 4096/4096
f 4096/4096 4072/4072 4098/4098
f 4096/4096 4098/4098 4168/4168
f 4168/4168 4098/4098 4170/4170
f 4168/4168 4170/4170 4190/4190
f 4190/4190 4170/4170 4192/4192
f 4190/4190 4192/4192 4313/4313
f 4313/4313 4192/4192 4316/4316
f 4313/4313 4316/4316 4397/4397
f 4397/4397 4316/4316 4400/4400
f 4397/4397 4400/4400 4401/4401
f 4401/4401 4400/4400 4404/4404
f 4401/4401 4404/4404 4317/4317
f 4317/4317 4404/4404 4320/4320
f 4317/4317 4320/4320 4194/4194
f 4194/4194 4320/4320 4196/4196
f 4194/4194 4196/4196 4172/4172
f 4039/4039 4025/4025 4027/4027
f 4027/4027 4025/4025 4023/4023
f 4027/4027 4023/4023 3952/3952
f 3952/3952 4023/4023 3966/3966
f 2892/2892 2821/2821 2788/2788
f 2788/2788 2821/2821 2780/2780
f 2788/2788 2780/2780 2782/2782
f 3966/3966 3958/3958 3952/3952
f 3952/3952 3958/3958 3950/3950
f 3952/3952 3950/3950 3944/3944
f 3944/3944 3950/3950 3942/3942
f 3944/3944 3942/3942 3726/3726
f 3726/3726 3942/3942 3724/3724
f 3726/3726 3724/3724 3620/3620
f 3620/3620 3724/3724 3618/3618
f 3620/3620 3618/3618 3452/3452
f 3452/3452 3618/3618 3450/3450
f 3452/3452 3450/3450 3288/3288
f 3288/3288 3450/3450 3286/3286
f 3288/3288 3286/3286 3180/3180
f 3180/3180 3286/3286 3178/3178
f 3180/3180 3178/3178 2936/2936
f 2936/2936 3178/3178 2934/2934
f 2936/2936 2934/2934 2904/2904
f 2904/2904 2934/2934 2902/2902
f 2904/2904 2902/2902 2900/2900
f 2900/2900 2902/2902 2898/2898
f 2900/2900 2898/2898 2892/2892
f 2892/2892 2898/2898 2890/2890
f 2892/2892 2890/2890 2821/2821
f 2782/2782 2780/2780 2770/2770
f 2770/2770 2780/2780 2768/2768
f 2770/2770 2768/2768 2695/2695
f 2695/2695 2768/2768 2655/2655
f 2695/2695 2655/2655 2657/2657
f 2657/2657 2655/2655 2535/2535
f 2535/2535 2655/2655 2533/2533
f 2535/2535 2533/2533 2487/2487
f 2487/2487 2533/2533 2485/2485
f 2487/2487 2485/2485 2244/2244
f 2244/2244 2485/2485 2242/2242
f 2244/2244 2242/2242 2160/2160
f 2160/2160 2242/2242 2158/2158
f 2160/2160 2158/2158 2164/2164
f 2784/2784 2772/2772 2697/2697
f 2784/2784 2697/2697 2489/2489
f 2158/2158 2162/2162 2164/2164
f 2164/2164 2162/2162 2210/2210
f 2164/2164 2210/2210 2248/2248
f 2248/2248 2210/2210 2246/2246
f 2248/2248 2246/2246 2491/2491
f 2491/2491 2246/2246 2489/2489
f 2491/2491 2489/2489 2537/2537
f 2537/2537 2489/2489 2697/2697
f 4074/4074 4043/4043 4029/4029
f 4029/4029 4043/4043 4031/4031
f 4029/4029 4031/4031 3954/3954
f 3954/3954 4031/4031 3956/3956
f 3954/3954 3956/3956 3946/3946
f 3946/3946 3956/3956 3948/3948
f 3946/3946 3948/3948 3728/3728
f 3728/3728 3948/3948 3730/3730
f 3728/3728 3730/3730 3622/3622
f 3622/3622 3730/3730 3624/3624
f 3622/3622 3624/3624 3454/3454
f 3454/3454 3624/3624 3456/3456
f 3454/3454 3456/3456 3290/3290
f 3290/3290 3456/3456 3292/3292
f 3290/3290 3292/3292 3182/3182
f 3182/3182 3292/3292 3184/3184
f 3182/3182 3184/3184 2938/2938
f 2938/2938 3184/3184 2940/2940
f 2938/2938 2940/2940 2906/2906
f 2906/2906 2940/2940 2908/2908
f 2906/2906 2908/2908 2784/2784
f 2784/2784 2908/2908 2786/2786
f 2784/2784 2786/2786 2772/2772
f 3059/3059 3057/3057 3083/3083
f 3083/3083 3057/3057 3081/3081
f 3083/3083 3081/3081 3107/3107
f 3107/3107 3081/3081 3105/3105
f 3107/3107 3105/3105 3123/3123
f 3123/3123 3105/3105 3121/3121
f 3123/3123 3121/3121 3143/3143
f 3143/3143 3121/3121 3141/3141
f 3143/3143 3141/3141 3159/3159
f 3159/3159 3141/3141 3157/3157
f 3159/3159 3157/3157 3168/3168
f 3168/3168 3157/3157 3165/3165
f 3168/3168 3165/3165 3156/3156
f 3156/3156 3165/3165 3153/3153
f 3156/3156 3153/3153 3140/3140
f 3140/3140 3153/3153 3137/3137
f 3140/3140 3137/3137 3120/3120
f 3120/3120 3137/3137 3117/3117
f 3120/3120 3117/3117 3104/3104
f 3104/3104 3117/3117 3101/3101
f 3104/3104 3101/3101 3080/3080
f 3080/3080 3101/3101 3077/3077
f 3080/3080 3077/3077 3056/3056
f 3056/3056 3077/3077 3053/3053
f 3056/3056 3053/3053 3040/3040
f 3040/3040 3053/3053 3037/3037
f 3040/3040 3037/3037 3024/3024
f 3024/3024 3037/3037 3021/3021
f 3024/3024 3021/3021 3000/3000
f 3000/3000 3021/3021 2997/2997
f 3000/3000 2997/2997 2984/2984
f 2984/2984 2997/2997 2981/2981
f 2984/2984 2981/2981 2968/2968
f 2968/2968 2981/2981 2965/2965
f 2968/2968 2965/2965 2956/2956
f 2956/2956 2965/2965 2953/2953
f 2956/2956 2953/2953 2971/2971
f 2971/2971 2953/2953 2969/2969
f 2971/2971 2969/2969 2987/2987
f 2987/2987 2969/2969 2985/2985
f 2987/2987 2985/2985 3003/3003
f 3003/3003 2985/2985 3001/3001
f 3003/3003 3001/3001 3027/3027
f 3027/3027 3001/3001 3025/3025
f 3027/3027 3025/3025 3043/3043
f 3043/3043 3025/3025 3041/3041
f 3043/3043 3041/3041 3059/3059
f 3059/3059 3041/3041 3057/3057
f 3851/3851 3849/3849 3867/3867
f 3867/3867 3849/3849 3865/3865
f 3867/3867 3865/3865 3883/3883
f 3883/3883 3865/3865 3881/3881
f 3883/3883 3881/3881 3899/3899
f 3899/3899 3881/3881 3897/3897
f 3899/3899 3897/3897 3915/3915
f 3915/3915 3897/3897 3913/3913
f 3915/3915 3913/3913 3931/3931
f 3931/3931 3913/3913 3929/3929
f 3931/3931 3929/3929 3940/3940
f 3940/3940 3929/3929 3937/3937
f 3940/3940 3937/3937 3928/3928
f 3928/3928 3937/3937 3925/3925
f 3928/3928 3925/3925 3912/3912
f 3912/3912 3925/3925 3909/3909
f 3912/3912 3909/3909 3896/3896
f 3896/3896 3909/3909 3893/3893
f 3896/3896 3893/3893 3880/3880
f 3880/3880 3893/3893 3877/3877
f 3880/3880 3877/3877 3864/3864
f 3864/3864 3877/3877 3861/3861
f 3864/3864 3861/3861 3848/3848
f 3848/3848 3861/3861 3845/3845
f 3848/3848 3845/3845 3832/3832
f 3832/3832 3845/3845 3829/3829
f 3832/3832 3829/3829 3810/3810
f 3810/3810 3829/3829 3807/3807
f 3810/3810 3807/3807 3794/3794
f 3794/3794 3807/3807 3791/3791
f 3794/3794 3791/3791 3774/3774
f 3774/3774 3791/3791 3771/3771
f 3774/3774 3771/3771 3758/3758
f 3758/3758 3771/3771 3755/3755
f 3758/3758 3755/3755 3746/3746
f 3746/3746 3755/3755 3743/3743
f 3746/3746 3743/3743 3761/3761
f 3761/3761 3743/3743 3759/3759
f 3761/3761 3759/3759 3777/3777
f 3777/3777 3759/3759 3775/3775
f 3777/3777 3775/3775 3797/3797
f 3797/3797 3775/3775 3795/3795
f 3797/3797 3795/3795 3813/3813
f 3813/3813 3795/3795 3811/3811
f 3813/3813 3811/3811 3835/3835
f 3835/3835 3811/3811 3833/3833
f 3835/3835 3833/3833 3851/3851
f 3851/3851 3833/3833 3849/3849
f 4668/4668 4666/4666 4704/4704
f 4704/4704 4666/4666 4702/4702
f 4704/4704 4702/4702 4736/4736
f 4736/4736 4702/4702 4734/4734
f 4736/4736 4734/4734 4776/4776
f 4776/4776 4734/4734 4774/4774
f 4776/4776 4774/4774 4808/4808
f 4808/4808 4774/4774 4806/4806
f 4808/4808 4806/4806 4840/4840
f 4840/4840 4806/4806 4838/4838
f 4840/4840 4838/4838 4848/4848
f 4848/4848 4838/4838 4846/4846
f 4848/4848 4846/4846 4836/4836
f 4836/4836 4846/4846 4834/4834
f 4836/4836 4834/4834 4804/4804
f 4804/4804 4834/4834 4802/4802
f 4804/4804 4802/4802 4772/4772
f 4772/4772 4802/4802 4770/4770
f 4772/4772 4770/4770 4732/4732
f 4732/4732 4770/4770 4730/4730
f 4732/4732 4730/4730 4700/4700
f 4700/4700 4730/4730 4698/4698
f 4700/4700 4698/4698 4664/4664
f 4664/4664 4698/4698 4662/4662
f 4664/4664 4662/4662 4632/4632
f 4632/4632 4662/4662 4630/4630
f 4632/4632 4630/4630 4590/4590
f 4590/4590 4630/4630 4588/4588
f 4590/4590 4588/4588 4558/4558
f 4558/4558 4588/4588 4556/4556
f 4558/4558 4556/4556 4526/4526
f 4526/4526 4556/4556 4524/4524
f 4526/4526 4524/4524 4424/4424
f 4424/4424 4524/4524 4422/4422
f 4424/4424 4422/4422 4412/4412
f 4412/4412 4422/4422 4410/4410
f 4412/4412 4410/4410 4428/4428
f 4428/4428 4410/4410 4426/4426
f 4428/4428 4426/4426 4530/4530
f 4530/4530 4426/4426 4528/4528
f 4530/4530 4528/4528 4562/4562
f 4562/4562 4528/4528 4560/4560
f 4562/4562 4560/4560 4594/4594
f 4594/4594 4560/4560 4592/4592
f 4594/4594 4592/4592 4636/4636
f 4636/4636 4592/4592 4634/4634
f 4636/4636 4634/4634 4668/4668
f 4668/4668 4634/4634 4666/4666
f 4660/4660 4658/4658 4696/4696
f 4696/4696 4658/4658 4694/4694
f 4696/4696 4694/4694 4728/4728
f 4728/4728 4694/4694 4726/4726
f 4728/4728 4726/4726 4768/4768
f 4768/4768 4726/4726 4766/4766
f 4768/4768 4766/4766 4800/4800
f 4800/4800 4766/4766 4798/4798
f 4800/4800 4798/4798 4832/4832
f 4832/4832 4798/4798 4830/4830
f 4832/4832 4830/4830 4844/4844
f 4844/4844 4830/4830 4842/4842
f 4844/4844 4842/4842 4828/4828
f 4828/4828 4842/4842 4826/4826
f 4828/4828 4826/4826 4796/4796
f 4796/4796 4826/4826 4794/4794
f 4796/4796 4794/4794 4764/4764
f 4764/4764 4794/4794 4762/4762
f 4764/4764 4762/4762 4724/4724
f 4724/4724 4762/4762 4722/4722
f 4724/4724 4722/4722 4692/4692
f 4692/4692 4722/4722 4690/4690
f 4692/4692 4690/4690 4656/4656
f 4656/4656 4690/4690 4654/4654
f 4656/4656 4654/4654 4624/4624
f 4624/4624 4654/4654 4622/4622
f 4624/4624 4622/4622 4582/4582
f 4582/4582 4622/4622 4580/4580
f 4582/4582 4580/4580 4550/4550
f 4550/4550 4580/4580 4548/4548
f 4550/4550 4548/4548 4518/4518
f 4518/4518 4548/4548 4516/4516
f 4518/4518 4516/4516 4416/4416
f 4416/4416 4516/4516 4414/4414
f 4416/4416 4414/4414 4408/4408
f 4408/4408 4414/4414 4406/4406
f 4408/4408 4406/4406 4420/4420
f 4420/4420 4406/4406 4418/4418
f 4420/4420 4418/4418 4522/4522
f 4522/4522 4418/4418 4520/4520
f 4522/4522 4520/4520 4554/4554
f 4554/4554 4520/4520 4552/4552
f 4554/4554 4552/4552 4586/4586
f 4586/4586 4552/4552 4584/4584
f 4586/4586 4584/4584 4628/4628
f 4628/4628 4584/4584 4626/4626
f 4628/4628 4626/4626 4660/4660
f 4660/4660 4626/4626 4658/4658
f 3844/3844 3842/3842 3860/3860
f 3860/3860 3842/3842 3858/3858
f 3860/3860 3858/3858 3876/3876
f 3876/3876 3858/3858 3874/3874
f 3876/3876 3874/3874 3892/3892
f 3892/3892 3874/3874 3890/3890
f 3892/3892 3890/3890 3908/3908
f 3908/3908 3890/3890 3906/3906
f 3908/3908 3906/3906 3924/3924
f 3924/3924 3906/3906 3922/3922
f 3924/3924 3922/3922 3936/3936
f 3936/3936 3922/3922 3934/3934
f 3936/3936 3934/3934 3920/3920
f 3920/3920 3934/3934 3918/3918
f 3920/3920 3918/3918 3904/3904
f 3904/3904 3918/3918 3902/3902
f 3904/3904 3902/3902 3888/3888
f 3888/3888 3902/3902 3886/3886
f 3888/3888 3886/3886 3872/3872
f 3872/3872 3886/3886 3870/3870
f 3872/3872 3870/3870 3856/3856
f 3856/3856 3870/3870 3854/3854
f 3856/3856 3854/3854 3840/3840
f 3840/3840 3854/3854 3838/3838
f 3840/3840 3838/3838 3824/3824
f 3824/3824 3838/3838 3822/3822
f 3824/3824 3822/3822 3802/3802
f 3802/3802 3822/3822 3800/3800
f 3802/3802 3800/3800 3786/3786
f 3786/3786 3800/3800 3784/3784
f 3786/3786 3784/3784 3766/3766
f 3766/3766 3784/3784 3764/3764
f 3766/3766 3764/3764 3750/3750
f 3750/3750 3764/3764 3748/3748
f 3750/3750 3748/3748 3742/3742
f 3742/3742 3748/3748 3740/3740
f 3742/3742 3740/3740 3754/3754
f 3754/3754 3740/3740 3752/3752
f 3754/3754 3752/3752 3770/3770
f 3770/3770 3752/3752 3768/3768
f 3770/3770 3768/3768 3790/3790
f 3790/3790 3768/3768 3788/3788
f 3790/3790 3788/3788 3806/3806
f 3806/3806 3788/3788 3804/3804
f 3806/3806 3804/3804 3828/3828
f 3828/3828 3804/3804 3826/3826
f 3828/3828 3826/3826 3844/3844
f 3844/3844 3826/3826 3842/3842
f 3052/3052 3050/3050 3076/3076
f 3076/3076 3050/3050 3074/3074
f 3076/3076 3074/3074 3100/3100
f 3100/3100 3074/3074 3098/3098
f 3100/3100 3098/3098 3116/3116
f 3116/3116 3098/3098 3114/3114
f 3116/3116 3114/3114 3136/3136
f 3136/3136 3114/3114 3134/3134
f 3136/3136 3134/3134 3152/3152
f 3152/3152 3134/3134 3150/3150
f 3152/3152 3150/3150 3164/3164
f 3164/3164 3150/3150 3162/3162
f 3164/3164 3162/3162 3148/3148
f 3148/3148 3162/3162 3146/3146
f 3148/3148 3146/3146 3132/3132
f 3132/3132 3146/3146 3130/3130
f 3132/3132 3130/3130 3112/3112
f 3112/3112 3130/3130 3110/3110
f 3112/3112 3110/3110 3096/3096
f 3096/3096 3110/3110 3094/3094
f 3096/3096 3094/3094 3072/3072
f 3072/3072 3094/3094 3070/3070
f 3072/3072 3070/3070 3048/3048
f 3048/3048 3070/3070 3046/3046
f 3048/3048 3046/3046 3032/3032
f 3032/3032 3046/3046 3030/3030
f 3032/3032 3030/3030 3016/3016
f 3016/3016 3030/3030 3014/3014
f 3016/3016 3014/3014 2992/2992
f 2992/2992 3014/3014 2990/2990
f 2992/2992 2990/2990 2976/2976
f 2976/2976 2990/2990 2974/2974
f 2976/2976 2974/2974 2960/2960
f 2960/2960 2974/2974 2958/2958
f 2960/2960 2958/2958 2952/2952
f 2952/2952 2958/2958 2950/2950
f 2952/2952 2950/2950 2964/2964
f 2964/2964 2950/2950 2962/2962
f 2964/2964 2962/2962 2980/2980
f 2980/2980 2962/2962 2978/2978
f 2980/2980 2978/2978 2996/2996
f 2996/2996 2978/2978 2994/2994
f 2996/2996 2994/2994 3020/3020
f 3020/3020 2994/2994 3018/3018
f 3020/3020 3018/3018 3036/3036
f 3036/3036 3018/3018 3034/3034
f 3036/3036 3034/3034 3052/3052
f 3052/3052 3034/3034 3050/3050
f 2052/2052 2050/2050 2068/2068
f 2068/2068 2050/2050 2066/2066
f 2068/2068 2066/2066 2092/2092
f 2092/2092 2066/2066 2090/2090
f 2092/2092 2090/2090 2108/2108
f 2108/2108 2090/2090 2106/2106
f 2108/2108 2106/2106 2124/2124
f 2124/2124 2106/2106 2122/2122
f 2124/2124 2122/2122 2140/2140
f 2140/2140 2122/2122 2138/2138
f 2140/2140 2138/2138 2152/2152
f 2152/2152 2138/2138 2150/2150
f 2152/2152 2150/2150 2136/2136
f 2136/2136 2150/2150 2134/2134
f 2136/2136 2134/2134 2120/2120
f 2120/2120 2134/2134 2118/2118
f 2120/2120 2118/2118 2104/2104
f 2104/2104 2118/2118 2102/2102
f 2104/2104 2102/2102 2088/2088
f 2088/2088 2102/2102 2086/2086
f 2088/2088 2086/2086 2064/2064
f 2064/2064 2086/2086 2062/2062
f 2064/2064 2062/2062 2048/2048
f 2048/2048 2062/2062 2046/2046
f 2048/2048 2046/2046 2000/2000
f 2000/2000 2046/2046 1998/1998
f 2000/2000 1998/1998 1984/1984
f 1984/1984 1998/1998 1982/1982
f 1984/1984 1982/1982 1968/1968
f 1968/1968 1982/1982 1966/1966
f 1968/1968 1966/1966 1952/1952
f 1952/1952 1966/1966 1950/1950
f 1952/1952 1950/1950 1936/1936
f 1936/1936 1950/1950 1934/1934
f 1936/1936 1934/1934 1928/1928
f 1928/1928 1934/1934 1926/1926
f 1928/1928 1926/1926 1940/1940
f 1940/1940 1926/1926 1938/1938
f 1940/1940 1938/1938 1956/1956
f 1956/1956 1938/1938 1954/1954
f 1956/1956 1954/1954 1972/1972
f 1972/1972 1954/1954 1970/1970
f 1972/1972 1970/1970 1988/1988
f 1988/1988 1970/1970 1986/1986
f 1988/1988 1986/1986 2004/2004
f 2004/2004 1986/1986 2002/2002
f 2004/2004 2002/2002 2052/2052
f 2052/2052 2002/2002 2050/2050
f 2060/2060 2058/2058 2076/2076
f 2076/2076 2058/2058 2074/2074
f 2076/2076 2074/2074 2100/2100
f 2100/2100 2074/2074 2098/2098
f 2100/2100 2098/2098 2116/2116
f 2116/2116 2098/2098 2114/2114
f 2116/2116 2114/2114 2132/2132
f 2132/2132 2114/2114 2130/2130
f 2132/2132 2130/2130 2148/2148
f 2148/2148 2130/2130 2146/2146
f 2148/2148 2146/2146 2156/2156
f 2156/2156 2146/2146 2154/2154
f 2156/2156 2154/2154 2144/2144
f 2144/2144 2154/2154 2142/2142
f 2144/2144 2142/2142 2128/2128
f 2128/2128 2142/2142 2126/2126
f 2128/2128 2126/2126 2112/2112
f 2112/2112 2126/2126 2110/2110
f 2112/2112 2110/2110 2096/2096
f 2096/2096 2110/2110 2094/2094
f 2096/2096 2094/2094 2072/2072
f 2072/2072 2094/2094 2070/2070
f 2072/2072 2070/2070 2056/2056
f 2056/2056 2070/2070 2054/2054
f 2056/2056 2054/2054 2008/2008
f 2008/2008 2054/2054 2006/2006
f 2008/2008 2006/2006 1992/1992
f 1992/1992 2006/2006 1990/1990
f 1992/1992 1990/1990 1976/1976
f 1976/1976 1990/1990 1974/1974
f 1976/1976 1974/1974 1960/1960
f 1960/1960 1974/1974 1958/1958
f 1960/1960 1958/1958 1944/1944
f 1944/1944 1958/1958 1942/1942
f 1944/1944 1942/1942 1932/1932
f 1932/1932 1942/1942 1930/1930
f 1932/1932 1930/1930 1948/1948
f 1948/1948 1930/1930 1946/1946
f 1948/1948 1946/1946 1964/1964
f 1964/1964 1946/1946 1962/1962
f 1964/1964 1962/1962 1980/1980
f 1980/1980 1962/1962 1978/1978
f 1980/1980 1978/1978 1996/1996
f 1996/1996 1978/1978 1994/1994
f 1996/1996 1994/1994 2012/2012
f 2012/2012 1994/1994 2010/2010
f 2012/2012 2010/2010 2060/2060
f 2060/2060 2010/2010 2058/2058
f 850/850 848/848 866/866
f 866/866 848/848 864/864
f 866/866 864/864 882/882
f 882/882 864/864 880/880
f 882/882 880/880 890/890
f 890/890 880/880 888/888
f 890/890 888/888 898/898
f 898/898 888/888 896/896
f 898/898 896/896 914/914
f 914/914 896/896 912/912
f 914/914 912/912 918/918
f 918/918 912/912 916/916
f 918/918 916/916 910/910
f 910/910 916/916 908/908
f 910/910 908/908 894/894
f 894/894 908/908 892/892
f 894/894 892/892 886/886
f 886/886 892/892 884/884
f 886/886 884/884 878/878
f 878/878 884/884 876/876
f 878/878 876/876 862/862
f 862/862 876/876 860/860
f 862/862 860/860 846/846
f 846/846 860/860 844/844
f 846/846 844/844 830/830
f 830/830 844/844 828/828
f 830/830 828/828 796/796
f 796/796 828/828 794/794
f 796/796 794/794 788/788
f 788/788 794/794 786/786
f 788/788 786/786 755/755
f 755/755 786/786 753/753
f 755/755 753/753 747/747
f 747/747 753/753 745/745
f 747/747 745/745 743/743
f 743/743 745/745 741/741
f 743/743 741/741 751/751
f 751/751 741/741 749/749
f 751/751 749/749 759/759
f 759/759 749/749 757/757
f 759/759 757/757 792/792
f 792/792 757/757 790/790
f 792/792 790/790 800/800
f 800/800 790/790 798/798
f 800/800 798/798 834/834
f 834/834 798/798 832/832
f 834/834 832/832 850/850
f 850/850 832/832 848/848
f 478/478 474/474 468/468
f 468/468 474/474 466/466
f 468/468 466/466 437/437
f 437/437 466/466 448/448
f 437/437 448/448 443/443
f 504/504 500/500 478/478
f 478/478 500/500 476/476
f 478/478 476/476 474/474
f 443/443 435/435 437/437
f 437/437 435/435 393/393
f 437/437 393/393 371/371
f 371/371 393/393 369/369
f 371/371 369/369 291/291
f 291/291 369/369 289/289
f 291/291 289/289 263/263
f 263/263 289/289 261/261
f 263/263 261/261 239/239
f 239/239 261/261 237/237
f 239/239 237/237 231/231
f 231/231 237/237 229/229
f 231/231 229/229 227/227
f 227/227 229/229 225/225
f 227/227 225/225 235/235
f 235/235 225/225 233/233
f 235/235 233/233 243/243
f 243/243 233/233 241/241
f 243/243 241/241 267/267
f 267/267 241/241 265/265
f 267/267 265/265 295/295
f 295/295 265/265 293/293
f 295/295 293/293 375/375
f 375/375 293/293 373/373
f 375/375 373/373 441/441
f 441/441 373/373 439/439
f 441/441 439/439 472/472
f 472/472 439/439 470/470
f 472/472 470/470 482/482
f 482/482 470/470 480/480
f 482/482 480/480 508/508
f 508/508 480/480 506/506
f 508/508 506/506 536/536
f 536/536 506/506 534/534
f 536/536 534/534 544/544
f 544/544 534/534 542/542
f 544/544 542/542 548/548
f 548/548 542/542 546/546
f 548/548 546/546 540/540
f 540/540 546/546 538/538
f 540/540 538/538 532/532
f 532/532 538/538 530/530
f 532/532 530/530 504/504
f 504/504 530/530 502/502
f 504/504 502/502 500/500
f 2677/2677 2675/2675 2693/2693
f 2693/2693 2675/2675 2691/2691
f 2693/2693 2691/2691 2730/2730
f 2730/2730 2691/2691 2728/2728
f 2730/2730 2728/2728 2742/2742
f 2742/2742 2728/2728 2740/2740
f 2742/2742 2740/2740 2750/2750
f 2750/2750 2740/2740 2748/2748
f 2750/2750 2748/2748 2762/2762
f 2762/2762 2748/2748 2760/2760
f 2762/2762 2760/2760 2766/2766
f 2766/2766 2760/2760 2764/2764
f 2766/2766 2764/2764 2758/2758
f 2758/2758 2764/2764 2756/2756
f 2758/2758 2756/2756 2746/2746
f 2746/2746 2756/2756 2744/2744
f 2746/2746 2744/2744 2738/2738
f 2738/2738 2744/2744 2736/2736
f 2738/2738 2736/2736 2726/2726
f 2726/2726 2736/2736 2724/2724
f 2726/2726 2724/2724 2689/2689
f 2689/2689 2724/2724 2687/2687
f 2689/2689 2687/2687 2673/2673
f 2673/2673 2687/2687 2671/2671
f 2673/2673 2671/2671 2617/2617
f 2617/2617 2671/2671 2615/2615
f 2617/2617 2615/2615 2593/2593
f 2593/2593 2615/2615 2591/2591
f 2593/2593 2591/2591 2585/2585
f 2585/2585 2591/2591 2583/2583
f 2585/2585 2583/2583 2557/2557
f 2557/2557 2583/2583 2555/2555
f 2557/2557 2555/2555 2541/2541
f 2541/2541 2555/2555 2539/2539
f 2541/2541 2539/2539 2531/2531
f 2531/2531 2539/2539 2529/2529
f 2531/2531 2529/2529 2545/2545
f 2545/2545 2529/2529 2543/2543
f 2545/2545 2543/2543 2561/2561
f 2561/2561 2543/2543 2559/2559
f 2561/2561 2559/2559 2589/2589
f 2589/2589 2559/2559 2587/2587
f 2589/2589 2587/2587 2597/2597
f 2597/2597 2587/2587 2595/2595
f 2597/2597 2595/2595 2621/2621
f 2621/2621 2595/2595 2619/2619
f 2621/2621 2619/2619 2677/2677
f 2677/2677 2619/2619 2675/2675
f 5174/5174 5172/5172 5340/5340
f 5340/5340 5172/5172 5338/5338
f 5340/5340 5338/5338 5436/5436
f 5436/5436 5338/5338 5434/5434
f 5436/5436 5434/5434 5502/5502
f 5502/5502 5434/5434 5500/5500
f 5502/5502 5500/5500 5666/5666
f 5666/5666 5500/5500 5664/5664
f 5666/5666 5664/5664 5718/5718
f 5718/5718 5664/5664 5716/5716
f 5718/5718 5716/5716 5722/5722
f 5722/5722 5716/5716 5720/5720
f 5722/5722 5720/5720 5714/5714
f 5714/5714 5720/5720 5712/5712
f 5714/5714 5712/5712 5662/5662
f 5662/5662 5712/5712 5660/5660
f 5662/5662 5660/5660 5498/5498
f 5498/5498 5660/5660 5496/5496
f 5498/5498 5496/5496 5432/5432
f 5432/5432 5496/5496 5430/5430
f 5432/5432 5430/5430 5336/5336
f 5336/5336 5430/5430 5334/5334
f 5336/5336 5334/5334 5170/5170
f 5170/5170 5334/5334 5168/5168
f 5170/5170 5168/5168 5008/5008
f 5008/5008 5168/5168 5006/5006
f 5008/5008 5006/5006 4954/4954
f 4954/4954 5006/5006 4952/4952
f 4954/4954 4952/4952 4888/4888
f 4888/4888 4952/4952 4886/4886
f 4888/4888 4886/4886 4880/4880
f 4880/4880 4886/4886 4878/4878
f 4880/4880 4878/4878 4756/4756
f 4756/4756 4878/4878 4754/4754
f 4756/4756 4754/4754 4688/4688
f 4688/4688 4754/4754 4686/4686
f 4688/4688 4686/4686 4760/4760
f 4760/4760 4686/4686 4758/4758
f 4760/4760 4758/4758 4884/4884
f 4884/4884 4758/4758 4882/4882
f 4884/4884 4882/4882 4892/4892
f 4892/4892 4882/4882 4890/4890
f 4892/4892 4890/4890 4958/4958
f 4958/4958 4890/4890 4956/4956
f 4958/4958 4956/4956 5012/5012
f 5012/5012 4956/4956 5010/5010
f 5012/5012 5010/5010 5174/5174
f 5174/5174 5010/5010 5172/5172
f 6508/6508 6510/6510 6494/6494
f 6494/6494 6510/6510 6496/6496
f 6494/6494 6496/6496 6116/6116
f 6116/6116 6496/6496 6157/6157
f 6116/6116 6157/6157 6032/6032
f 6032/6032 6157/6157 6034/6034
f 6032/6032 6034/6034 6008/6008
f 4615/4615 4611/4611 4895/4895
f 4895/4895 4611/4611 4893/4893
f 4895/4895 4893/4893 4963/4963
f 4963/4963 4893/4893 5045/5045
f 4963/4963 5045/5045 5177/5177
f 5177/5177 5045/5045 5175/5175
f 5177/5177 5175/5175 5439/5439
f 5439/5439 5175/5175 5437/5437
f 5439/5439 5437/5437 5493/5493
f 5493/5493 5437/5437 5491/5491
f 5493/5493 5491/5491 5709/5709
f 5709/5709 5491/5491 5707/5707
f 5709/5709 5707/5707 5725/5725
f 5725/5725 5707/5707 5723/5723
f 5725/5725 5723/5723 5779/5779
f 5779/5779 5723/5723 5777/5777
f 5779/5779 5777/5777 6008/6008
f 6008/6008 5777/5777 5853/5853
f 6008/6008 5853/5853 6032/6032
f 4678/4678 4680/4680 4714/4714
f 4714/4714 4680/4680 4716/4716
f 4714/4714 4716/4716 4746/4746
f 4746/4746 4716/4716 4748/4748
f 4746/4746 4748/4748 4786/4786
f 4786/4786 4748/4748 4788/4788
f 4786/4786 4788/4788 4818/4818
f 4818/4818 4788/4788 4820/4820
f 4818/4818 4820/4820 4858/4858
f 4858/4858 4820/4820 4860/4860
f 4858/4858 4860/4860 4870/4870
f 4870/4870 4860/4860 4872/4872
f 4870/4870 4872/4872 4862/4862
f 4862/4862 4872/4872 4864/4864
f 4862/4862 4864/4864 4822/4822
f 4822/4822 4864/4864 4824/4824
f 4822/4822 4824/4824 4790/4790
f 4790/4790 4824/4824 4792/4792
f 4790/4790 4792/4792 4750/4750
f 4750/4750 4792/4792 4752/4752
f 4750/4750 4752/4752 4718/4718
f 4718/4718 4752/4752 4720/4720
f 4718/4718 4720/4720 4682/4682
f 4682/4682 4720/4720 4684/4684
f 4682/4682 4684/4684 4650/4650
f 4650/4650 4684/4684 4652/4652
f 4650/4650 4652/4652 4608/4608
f 4608/4608 4652/4652 4610/4610
f 4608/4608 4610/4610 4576/4576
f 4576/4576 4610/4610 4578/4578
f 4576/4576 4578/4578 4544/4544
f 4544/4544 4578/4578 4546/4546
f 4544/4544 4546/4546 4512/4512
f 4512/4512 4546/4546 4514/4514
f 4512/4512 4514/4514 4496/4496
f 4496/4496 4514/4514 4498/4498
f 4496/4496 4498/4498 4508/4508
f 4508/4508 4498/4498 4510/4510
f 4508/4508 4510/4510 4540/4540
f 4540/4540 4510/4510 4542/4542
f 4540/4540 4542/4542 4572/4572
f 4572/4572 4542/4542 4574/4574
f 4572/4572 4574/4574 4604/4604
f 4604/4604 4574/4574 4606/4606
f 4604/4604 4606/4606 4646/4646
f 4646/4646 4606/4606 4648/4648
f 4646/4646 4648/4648 4678/4678
f 4678/4678 4648/4648 4680/4680
f 5064/5064 5066/5066 5080/5080
f 5080/5080 5066/5066 5082/5082
f 5080/5080 5082/5082 5096/5096
f 5096/5096 5082/5082 5098/5098
f 5096/5096 5098/5098 5112/5112
f 5112/5112 5098/5098 5114/5114
f 5112/5112 5114/5114 5128/5128
f 5128/5128 5114/5114 5130/5130
f 5128/5128 5130/5130 5144/5144
f 5144/5144 5130/5130 5146/5146
f 5144/5144 5146/5146 5160/5160
f 5160/5160 5146/5146 5162/5162
f 5160/5160 5162/5162 5148/5148
f 5148/5148 5162/5162 5150/5150
f 5148/5148 5150/5150 5132/5132
f 5132/5132 5150/5150 5134/5134
f 5132/5132 5134/5134 5116/5116
f 5116/5116 5134/5134 5118/5118
f 5116/5116 5118/5118 5100/5100
f 5100/5100 5118/5118 5102/5102
f 5100/5100 5102/5102 5084/5084
f 5084/5084 5102/5102 5086/5086
f 5084/5084 5086/5086 5068/5068
f 5068/5068 5086/5086 5070/5070
f 5068/5068 5070/5070 5052/5052
f 5052/5052 5070/5070 5054/5054
f 5052/5052 5054/5054 5034/5034
f 5034/5034 5054/5054 5036/5036
f 5034/5034 5036/5036 5018/5018
f 5018/5018 5036/5036 5020/5020
f 5018/5018 5020/5020 4994/4994
f 4994/4994 5020/5020 4996/4996
f 4994/4994 4996/4996 4978/4978
f 4978/4978 4996/4996 4980/4980
f 4978/4978 4980/4980 4966/4966
f 4966/4966 4980/4980 4968/4968
f 4966/4966 4968/4968 4974/4974
f 4974/4974 4968/4968 4976/4976
f 4974/4974 4976/4976 4990/4990
f 4990/4990 4976/4976 4992/4992
f 4990/4990 4992/4992 5014/5014
f 5014/5014 4992/4992 5016/5016
f 5014/5014 5016/5016 5030/5030
f 5030/5030 5016/5016 5032/5032
f 5030/5030 5032/5032 5048/5048
f 5048/5048 5032/5032 5050/5050
f 5048/5048 5050/5050 5064/5064
f 5064/5064 5050/5050 5066/5066
f 5891/5891 5893/5893 5907/5907
f 5907/5907 5893/5893 5909/5909
f 5907/5907 5909/5909 5925/5925
f 5925/5925 5909/5909 5927/5927
f 5925/5925 5927/5927 5945/5945
f 5945/5945 5927/5927 5947/5947
f 5945/5945 5947/5947 5965/5965
f 5965/5965 5947/5947 5967/5967
f 5965/5965 5967/5967 5981/5981
f 5981/5981 5967/5967 5983/5983
f 5981/5981 5983/5983 5997/5997
f 5997/5997 5983/5983 5999/5999
f 5997/5997 5999/5999 5985/5985
f 5985/5985 5999/5999 5987/5987
f 5985/5985 5987/5987 5969/5969
f 5969/5969 5987/5987 5971/5971
f 5969/5969 5971/5971 5949/5949
f 5949/5949 5971/5971 5951/5951
f 5949/5949 5951/5951 5929/5929
f 5929/5929 5951/5951 5931/5931
f 5929/5929 5931/5931 5911/5911
f 5911/5911 5931/5931 5913/5913
f 5911/5911 5913/5913 5895/5895
f 5895/5895 5913/5913 5897/5897
f 5895/5895 5897/5897 5879/5879
f 5879/5879 5897/5897 5881/5881
f 5879/5879 5881/5881 5842/5842
f 5842/5842 5881/5881 5844/5844
f 5842/5842 5844/5844 5826/5826
f 5826/5826 5844/5844 5828/5828
f 5826/5826 5828/5828 5810/5810
f 5810/5810 5828/5828 5812/5812
f 5810/5810 5812/5812 5794/5794
f 5794/5794 5812/5812 5796/5796
f 5794/5794 5796/5796 5782/5782
f 5782/5782 5796/5796 5784/5784
f 5782/5782 5784/5784 5790/5790
f 5790/5790 5784/5784 5792/5792
f 5790/5790 5792/5792 5806/5806
f 5806/5806 5792/5792 5808/5808
f 5806/5806 5808/5808 5822/5822
f 5822/5822 5808/5808 5824/5824
f 5822/5822 5824/5824 5838/5838
f 5838/5838 5824/5824 5840/5840
f 5838/5838 5840/5840 5875/5875
f 5875/5875 5840/5840 5877/5877
f 5875/5875 5877/5877 5891/5891
f 5891/5891 5877/5877 5893/5893
f 5899/5899 5901/5901 5915/5915
f 5915/5915 5901/5901 5917/5917
f 5915/5915 5917/5917 5933/5933
f 5933/5933 5917/5917 5935/5935
f 5933/5933 5935/5935 5953/5953
f 5953/5953 5935/5935 5955/5955
f 5953/5953 5955/5955 5973/5973
f 5973/5973 5955/5955 5975/5975
f 5973/5973 5975/5975 5989/5989
f 5989/5989 5975/5975 5991/5991
f 5989/5989 5991/5991 6001/6001
f 6001/6001 5991/5991 6003/6003
f 6001/6001 6003/6003 5993/5993
f 5993/5993 6003/6003 5995/5995
f 5993/5993 5995/5995 5977/5977
f 5977/5977 5995/5995 5979/5979
f 5977/5977 5979/5979 5957/5957
f 5957/5957 5979/5979 5959/5959
f 5957/5957 5959/5959 5937/5937
f 5937/5937 5959/5959 5939/5939
f 5937/5937 5939/5939 5919/5919
f 5919/5919 5939/5939 5921/5921
f 5919/5919 5921/5921 5903/5903
f 5903/5903 5921/5921 5905/5905
f 5903/5903 5905/5905 5887/5887
f 5887/5887 5905/5905 5889/5889
f 5887/5887 5889/5889 5850/5850
f 5850/5850 5889/5889 5852/5852
f 5850/5850 5852/5852 5834/5834
f 5834/5834 5852/5852 5836/5836
f 5834/5834 5836/5836 5818/5818
f 5818/5818 5836/5836 5820/5820
f 5818/5818 5820/5820 5802/5802
f 5802/5802 5820/5820 5804/5804
f 5802/5802 5804/5804 5786/5786
f 5786/5786 5804/5804 5788/5788
f 5786/5786 5788/5788 5798/5798
f 5798/5798 5788/5788 5800/5800
f 5798/5798 5800/5800 5814/5814
f 5814/5814 5800/5800 5816/5816
f 5814/5814 5816/5816 5830/5830
f 5830/5830 5816/5816 5832/5832
f 5830/5830 5832/5832 5846/5846
f 5846/5846 5832/5832 5848/5848
f 5846/5846 5848/5848 5883/5883
f 5883/5883 5848/5848 5885/5885
f 5883/5883 5885/5885 5899/5899
f 5899/5899 5885/5885 5901/5901
f 4670/4670 4672/4672 4706/4706
f 4706/4706 4672/4672 4708/4708
f 4706/4706 4708/4708 4738/4738
f 4738/4738 4708/4708 4740/4740
f 4738/4738 4740/4740 4778/4778
f 4778/4778 4740/4740 4780/4780
f 4778/4778 4780/4780 4810/4810
f 4810/4810 4780/4780 4812/4812
f 4810/4810 4812/4812 4850/4850
f 4850/4850 4812/4812 4852/4852
f 4850/4850 4852/4852 4866/4866
f 4866/4866 4852/4852 4868/4868
f 4866/4866 4868/4868 4854/4854
f 4854/4854 4868/4868 4856/4856
f 4854/4854 4856/4856 4814/4814
f 4814/4814 4856/4856 4816/4816
f 4814/4814 4816/4816 4782/4782
f 4782/4782 4816/4816 4784/4784
f 4782/4782 4784/4784 4742/4742
f 4742/4742 4784/4784 4744/4744
f 4742/4742 4744/4744 4710/4710
f 4710/4710 4744/4744 4712/4712
f 4710/4710 4712/4712 4674/4674
f 4674/4674 4712/4712 4676/4676
f 4674/4674 4676/4676 4642/4642
f 4642/4642 4676/4676 4644/4644
f 4642/4642 4644/4644 4600/4600
f 4600/4600 4644/4644 4602/4602
f 4600/4600 4602/4602 4568/4568
f 4568/4568 4602/4602 4570/4570
f 4568/4568 4570/4570 4536/4536
f 4536/4536 4570/4570 4538/4538
f 4536/4536 4538/4538 4504/4504
f 4504/4504 4538/4538 4506/4506
f 4504/4504 4506/4506 4492/4492
f 4492/4492 4506/4506 4494/4494
f 4492/4492 4494/4494 4500/4500
f 4500/4500 4494/4494 4502/4502
f 4500/4500 4502/4502 4532/4532
f 4532/4532 4502/4502 4534/4534
f 4532/4532 4534/4534 4564/4564
f 4564/4564 4534/4534 4566/4566
f 4564/4564 4566/4566 4596/4596
f 4596/4596 4566/4566 4598/4598
f 4596/4596 4598/4598 4638/4638
f 4638/4638 4598/4598 4640/4640
f 4638/4638 4640/4640 4670/4670
f 4670/4670 4640/4640 4672/4672
f 5072/5072 5074/5074 5088/5088
f 5088/5088 5074/5074 5090/5090
f 5088/5088 5090/5090 5104/5104
f 5104/5104 5090/5090 5106/5106
f 5104/5104 5106/5106 5120/5120
f 5120/5120 5106/5106 5122/5122
f 5120/5120 5122/5122 5136/5136
f 5136/5136 5122/5122 5138/5138
f 5136/5136 5138/5138 5152/5152
f 5152/5152 5138/5138 5154/5154
f 5152/5152 5154/5154 5164/5164
f 5164/5164 5154/5154 5166/5166
f 5164/5164 5166/5166 5156/5156
f 5156/5156 5166/5166 5158/5158
f 5156/5156 5158/5158 5140/5140
f 5140/5140 5158/5158 5142/5142
f 5140/5140 5142/5142 5124/5124
f 5124/5124 5142/5142 5126/5126
f 5124/5124 5126/5126 5108/5108
f 5108/5108 5126/5126 5110/5110
f 5108/5108 5110/5110 5092/5092
f 5092/5092 5110/5110 5094/5094
f 5092/5092 5094/5094 5076/5076
f 5076/5076 5094/5094 5078/5078
f 5076/5076 5078/5078 5060/5060
f 5060/5060 5078/5078 5062/5062
f 5060/5060 5062/5062 5042/5042
f 5042/5042 5062/5062 5044/5044
f 5042/5042 5044/5044 5026/5026
f 5026/5026 5044/5044 5028/5028
f 5026/5026 5028/5028 5002/5002
f 5002/5002 5028/5028 5004/5004
f 5002/5002 5004/5004 4986/4986
f 4986/4986 5004/5004 4988/4988
f 4986/4986 4988/4988 4970/4970
f 4970/4970 4988/4988 4972/4972
f 4970/4970 4972/4972 4982/4982
f 4982/4982 4972/4972 4984/4984
f 4982/4982 4984/4984 4998/4998
f 4998/4998 4984/4984 5000/5000
f 4998/4998 5000/5000 5022/5022
f 5022/5022 5000/5000 5024/5024
f 5022/5022 5024/5024 5038/5038
f 5038/5038 5024/5024 5040/5040
f 5038/5038 5040/5040 5056/5056
f 5056/5056 5040/5040 5058/5058
f 5056/5056 5058/5058 5072/5072
f 5072/5072 5058/5058 5074/5074
f 3326/3326 3328/3328 3346/3346
f 3346/3346 3328/3328 3348/3348
f 3346/3346 3348/3348 3362/3362
f 3362/3362 3348/3348 3364/3364
f 3362/3362 3364/3364 3378/3378
f 3378/3378 3364/3364 3380/3380
f 3378/3378 3380/3380 3394/3394
f 3394/3394 3380/3380 3396/3396
f 3394/3394 3396/3396 3410/3410
f 3410/3410 3396/3396 3412/3412
f 3410/3410 3412/3412 3426/3426
f 3426/3426 3412/3412 3428/3428
f 3426/3426 3428/3428 3414/3414
f 3414/3414 3428/3428 3416/3416
f 3414/3414 3416/3416 3398/3398
f 3398/3398 3416/3416 3400/3400
f 3398/3398 3400/3400 3382/3382
f 3382/3382 3400/3400 3384/3384
f 3382/3382 3384/3384 3366/3366
f 3366/3366 3384/3384 3368/3368
f 3366/3366 3368/3368 3350/3350
f 3350/3350 3368/3368 3352/3352
f 3350/3350 3352/3352 3330/3330
f 3330/3330 3352/3352 3332/3332
f 3330/3330 3332/3332 3314/3314
f 3314/3314 3332/3332 3316/3316
f 3314/3314 3316/3316 3298/3298
f 3298/3298 3316/3316 3300/3300
f 3298/3298 3300/3300 3274/3274
f 3274/3274 3300/3300 3276/3276
f 3274/3274 3276/3276 3258/3258
f 3258/3258 3276/3276 3260/3260
f 3258/3258 3260/3260 3242/3242
f 3242/3242 3260/3260 3244/3244
f 3242/3242 3244/3244 3230/3230
f 3230/3230 3244/3244 3232/3232
f 3230/3230 3232/3232 3238/3238
f 3238/3238 3232/3232 3240/3240
f 3238/3238 3240/3240 3254/3254
f 3254/3254 3240/3240 3256/3256
f 3254/3254 3256/3256 3270/3270
f 3270/3270 3256/3256 3272/3272
f 3270/3270 3272/3272 3294/3294
f 3294/3294 3272/3272 3296/3296
f 3294/3294 3296/3296 3310/3310
f 3310/3310 3296/3296 3312/3312
f 3310/3310 3312/3312 3326/3326
f 3326/3326 3312/3312 3328/3328
f 1087/1087 1089/1089 1107/1107
f 1107/1107 1089/1089 1109/1109
f 1107/1107 1109/1109 1123/1123
f 1123/1123 1109/1109 1125/1125
f 1123/1123 1125/1125 1159/1159
f 1159/1159 1125/1125 1161/1161
f 1159/1159 1161/1161 1183/1183
f 1183/1183 1161/1161 1185/1185
f 1183/1183 1185/1185 1207/1207
f 1207/1207 1185/1185 1209/1209
f 1207/1207 1209/1209 1219/1219
f 1219/1219 1209/1209 1221/1221
f 1219/1219 1221/1221 1211/1211
f 1211/1211 1221/1221 1213/1213
f 1211/1211 1213/1213 1187/1187
f 1187/1187 1213/1213 1189/1189
f 1187/1187 1189/1189 1163/1163
f 1163/1163 1189/1189 1165/1165
f 1163/1163 1165/1165 1127/1127
f 1127/1127 1165/1165 1129/1129
f 1127/1127 1129/1129 1111/1111
f 1111/1111 1129/1129 1113/1113
f 1111/1111 1113/1113 1091/1091
f 1091/1091 1113/1113 1093/1093
f 1091/1091 1093/1093 1075/1075
f 1075/1075 1093/1093 1077/1077
f 1075/1075 1077/1077 1059/1059
f 1059/1059 1077/1077 1061/1061
f 1059/1059 1061/1061 1043/1043
f 1043/1043 1061/1061 1045/1045
f 1043/1043 1045/1045 1027/1027
f 1027/1027 1045/1045 1029/1029
f 1027/1027 1029/1029 1011/1011
f 1011/1011 1029/1029 1013/1013
f 1011/1011 1013/1013 995/995
f 995/995 1013/1013 997/997
f 995/995 997/997 1007/1007
f 1007/1007 997/997 1009/1009
f 1007/1007 1009/1009 1023/1023
f 1023/1023 1009/1009 1025/1025
f 1023/1023 1025/1025 1039/1039
f 1039/1039 1025/1025 1041/1041
f 1039/1039 1041/1041 1055/1055
f 1055/1055 1041/1041 1057/1057
f 1055/1055 1057/1057 1071/1071
f 1071/1071 1057/1057 1073/1073
f 1071/1071 1073/1073 1087/1087
f 1087/1087 1073/1073 1089/1089
f 1465/1465 1467/1467 1481/1481
f 1481/1481 1467/1467 1483/1483
f 1481/1481 1483/1483 1497/1497
f 1497/1497 1483/1483 1499/1499
f 1497/1497 1499/1499 1513/1513
f 1513/1513 1499/1499 1515/1515
f 1513/1513 1515/1515 1529/1529
f 1529/1529 1515/1515 1531/1531
f 1529/1529 1531/1531 1545/1545
f 1545/1545 1531/1531 1547/1547
f 1545/1545 1547/1547 1557/1557
f 1557/1557 1547/1547 1559/1559
f 1557/1557 1559/1559 1549/1549
f 1549/1549 1559/1559 1551/1551
f 1549/1549 1551/1551 1533/1533
f 1533/1533 1551/1551 1535/1535
f 1533/1533 1535/1535 1517/1517
f 1517/1517 1535/1535 1519/1519
f 1517/1517 1519/1519 1501/1501
f 1501/1501 1519/1519 1503/1503
f 1501/1501 1503/1503 1485/1485
f 1485/1485 1503/1503 1487/1487
f 1485/1485 1487/1487 1469/1469
f 1469/1469 1487/1487 1471/1471
f 1469/1469 1471/1471 1453/1453
f 1453/1453 1471/1471 1455/1455
f 1453/1453 1455/1455 1437/1437
f 1437/1437 1455/1455 1439/1439
f 1437/1437 1439/1439 1421/1421
f 1421/1421 1439/1439 1423/1423
f 1421/1421 1423/1423 1405/1405
f 1405/1405 1423/1423 1407/1407
f 1405/1405 1407/1407 1389/1389
f 1389/1389 1407/1407 1391/1391
f 1389/1389 1391/1391 1373/1373
f 1373/1373 1391/1391 1375/1375
f 1373/1373 1375/1375 1385/1385
f 1385/1385 1375/1375 1387/1387
f 1385/1385 1387/1387 1401/1401
f 1401/1401 1387/1387 1403/1403
f 1401/1401 1403/1403 1417/1417
f 1417/1417 1403/1403 1419/1419
f 1417/1417 1419/1419 1433/1433
f 1433/1433 1419/1419 1435/1435
f 1433/1433 1435/1435 1449/1449
f 1449/1449 1435/1435 1451/1451
f 1449/1449 1451/1451 1465/1465
f 1465/1465 1451/1451 1467/1467
f 5325/5325 5327/5327 5349/5349
f 5349/5349 5327/5327 5351/5351
f 5349/5349 5351/5351 5365/5365
f 5365/5365 5351/5351 5367/5367
f 5365/5365 5367/5367 5381/5381
f 5381/5381 5367/5367 5383/5383
f 5381/5381 5383/5383 5397/5397
f 5397/5397 5383/5383 5399/5399
f 5397/5397 5399/5399 5413/5413
f 5413/5413 5399/5399 5415/5415
f 5413/5413 5415/5415 5425/5425
f 5425/5425 5415/5415 5427/5427
f 5425/5425 5427/5427 5417/5417
f 5417/5417 5427/5427 5419/5419
f 5417/5417 5419/5419 5401/5401
f 5401/5401 5419/5419 5403/5403
f 5401/5401 5403/5403 5385/5385
f 5385/5385 5403/5403 5387/5387
f 5385/5385 5387/5387 5369/5369
f 5369/5369 5387/5387 5371/5371
f 5369/5369 5371/5371 5353/5353
f 5353/5353 5371/5371 5355/5355
f 5353/5353 5355/5355 5329/5329
f 5329/5329 5355/5355 5331/5331
f 5329/5329 5331/5331 5313/5313
f 5313/5313 5331/5331 5315/5315
f 5313/5313 5315/5315 5297/5297
f 5297/5297 5315/5315 5299/5299
f 5297/5297 5299/5299 5281/5281
f 5281/5281 5299/5299 5283/5283
f 5281/5281 5283/5283 5265/5265
f 5265/5265 5283/5283 5267/5267
f 5265/5265 5267/5267 5249/5249
f 5249/5249 5267/5267 5251/5251
f 5249/5249 5251/5251 5233/5233
f 5233/5233 5251/5251 5235/5235
f 5233/5233 5235/5235 5245/5245
f 5245/5245 5235/5235 5247/5247
f 5245/5245 5247/5247 5261/5261
f 5261/5261 5247/5247 5263/5263
f 5261/5261 5263/5263 5277/5277
f 5277/5277 5263/5263 5279/5279
f 5277/5277 5279/5279 5293/5293
f 5293/5293 5279/5279 5295/5295
f 5293/5293 5295/5295 5309/5309
f 5309/5309 5295/5295 5311/5311
f 5309/5309 5311/5311 5325/5325
f 5325/5325 5311/5311 5327/5327
f 5592/5592 5594/5594 5612/5612
f 5612/5612 5594/5594 5614/5614
f 5612/5612 5614/5614 5628/5628
f 5628/5628 5614/5614 5630/5630
f 5628/5628 5630/5630 5644/5644
f 5644/5644 5630/5630 5646/5646
f 5644/5644 5646/5646 5668/5668
f 5668/5668 5646/5646 5670/5670
f 5668/5668 5670/5670 5684/5684
f 5684/5684 5670/5670 5686/5686
f 5684/5684 5686/5686 5700/5700
f 5700/5700 5686/5686 5702/5702
f 5700/5700 5702/5702 5688/5688
f 5688/5688 5702/5702 5690/5690
f 5688/5688 5690/5690 5672/5672
f 5672/5672 5690/5690 5674/5674
f 5672/5672 5674/5674 5648/5648
f 5648/5648 5674/5674 5650/5650
f 5648/5648 5650/5650 5632/5632
f 5632/5632 5650/5650 5634/5634
f 5632/5632 5634/5634 5616/5616
f 5616/5616 5634/5634 5618/5618
f 5616/5616 5618/5618 5596/5596
f 5596/5596 5618/5618 5598/5598
f 5596/5596 5598/5598 5580/5580
f 5580/5580 5598/5598 5582/5582
f 5580/5580 5582/5582 5564/5564
f 5564/5564 5582/5582 5566/5566
f 5564/5564 5566/5566 5548/5548
f 5548/5548 5566/5566 5550/5550
f 5548/5548 5550/5550 5532/5532
f 5532/5532 5550/5550 5534/5534
f 5532/5532 5534/5534 5516/5516
f 5516/5516 5534/5534 5518/5518
f 5516/5516 5518/5518 5504/5504
f 5504/5504 5518/5518 5506/5506
f 5504/5504 5506/5506 5512/5512
f 5512/5512 5506/5506 5514/5514
f 5512/5512 5514/5514 5528/5528
f 5528/5528 5514/5514 5530/5530
f 5528/5528 5530/5530 5544/5544
f 5544/5544 5530/5530 5546/5546
f 5544/5544 5546/5546 5560/5560
f 5560/5560 5546/5546 5562/5562
f 5560/5560 5562/5562 5576/5576
f 5576/5576 5562/5562 5578/5578
f 5576/5576 5578/5578 5592/5592
f 5592/5592 5578/5578 5594/5594
f 5318/5318 5320/5320 5342/5342
f 5342/5342 5320/5320 5344/5344
f 5342/5342 5344/5344 5358/5358
f 5358/5358 5344/5344 5360/5360
f 5358/5358 5360/5360 5374/5374
f 5374/5374 5360/5360 5376/5376
f 5374/5374 5376/5376 5390/5390
f 5390/5390 5376/5376 5392/5392
f 5390/5390 5392/5392 5406/5406
f 5406/5406 5392/5392 5408/5408
f 5406/5406 5408/5408 5422/5422
f 5422/5422 5408/5408 5424/5424
f 5422/5422 5424/5424 5410/5410
f 5410/5410 5424/5424 5412/5412
f 5410/5410 5412/5412 5394/5394
f 5394/5394 5412/5412 5396/5396
f 5394/5394 5396/5396 5378/5378
f 5378/5378 5396/5396 5380/5380
f 5378/5378 5380/5380 5362/5362
f 5362/5362 5380/5380 5364/5364
f 5362/5362 5364/5364 5346/5346
f 5346/5346 5364/5364 5348/5348
f 5346/5346 5348/5348 5322/5322
f 5322/5322 5348/5348 5324/5324
f 5322/5322 5324/5324 5306/5306
f 5306/5306 5324/5324 5308/5308
f 5306/5306 5308/5308 5290/5290
f 5290/5290 5308/5308 5292/5292
f 5290/5290 5292/5292 5274/5274
f 5274/5274 5292/5292 5276/5276
f 5274/5274 5276/5276 5258/5258
f 5258/5258 5276/5276 5260/5260
f 5258/5258 5260/5260 5242/5242
f 5242/5242 5260/5260 5244/5244
f 5242/5242 5244/5244 5230/5230
f 5230/5230 5244/5244 5232/5232
f 5230/5230 5232/5232 5238/5238
f 5238/5238 5232/5232 5240/5240
f 5238/5238 5240/5240 5254/5254
f 5254/5254 5240/5240 5256/5256
f 5254/5254 5256/5256 5270/5270
f 5270/5270 5256/5256 5272/5272
f 5270/5270 5272/5272 5286/5286
f 5286/5286 5272/5272 5288/5288
f 5286/5286 5288/5288 5302/5302
f 5302/5302 5288/5288 5304/5304
f 5302/5302 5304/5304 5318/5318
f 5318/5318 5304/5304 5320/5320
f 6391/6391 6393/6393 6407/6407
f 6407/6407 6393/6393 6409/6409
f 6407/6407 6409/6409 6427/6427
f 6427/6427 6409/6409 6429/6429
f 6427/6427 6429/6429 6443/6443
f 6443/6443 6429/6429 6445/6445
f 6443/6443 6445/6445 6463/6463
f 6463/6463 6445/6445 6465/6465
f 6463/6463 6465/6465 6479/6479
f 6479/6479 6465/6465 6481/6481
f 6479/6479 6481/6481 6491/6491
f 6491/6491 6481/6481 6493/6493
f 6491/6491 6493/6493 6483/6483
f 6483/6483 6493/6493 6485/6485
f 6483/6483 6485/6485 6467/6467
f 6467/6467 6485/6485 6469/6469
f 6467/6467 6469/6469 6447/6447
f 6447/6447 6469/6469 6449/6449
f 6447/6447 6449/6449 6431/6431
f 6431/6431 6449/6449 6433/6433
f 6431/6431 6433/6433 6411/6411
f 6411/6411 6433/6433 6413/6413
f 6411/6411 6413/6413 6395/6395
f 6395/6395 6413/6413 6397/6397
f 6395/6395 6397/6397 6379/6379
f 6379/6379 6397/6397 6381/6381
f 6379/6379 6381/6381 6351/6351
f 6351/6351 6381/6381 6353/6353
f 6351/6351 6353/6353 6303/6303
f 6303/6303 6353/6353 6305/6305
f 6303/6303 6305/6305 6287/6287
f 6287/6287 6305/6305 6289/6289
f 6287/6287 6289/6289 6271/6271
f 6271/6271 6289/6289 6273/6273
f 6271/6271 6273/6273 6239/6239
f 6239/6239 6273/6273 6241/6241
f 6239/6239 6241/6241 6267/6267
f 6267/6267 6241/6241 6269/6269
f 6267/6267 6269/6269 6283/6283
f 6283/6283 6269/6269 6285/6285
f 6283/6283 6285/6285 6299/6299
f 6299/6299 6285/6285 6301/6301
f 6299/6299 6301/6301 6347/6347
f 6347/6347 6301/6301 6349/6349
f 6347/6347 6349/6349 6375/6375
f 6375/6375 6349/6349 6377/6377
f 6375/6375 6377/6377 6391/6391
f 6391/6391 6377/6377 6393/6393
f 6383/6383 6385/6385 6399/6399
f 6399/6399 6385/6385 6401/6401
f 6399/6399 6401/6401 6419/6419
f 6419/6419 6401/6401 6421/6421
f 6419/6419 6421/6421 6435/6435
f 6435/6435 6421/6421 6437/6437
f 6435/6435 6437/6437 6455/6455
f 6455/6455 6437/6437 6457/6457
f 6455/6455 6457/6457 6471/6471
f 6471/6471 6457/6457 6473/6473
f 6471/6471 6473/6473 6487/6487
f 6487/6487 6473/6473 6489/6489
f 6487/6487 6489/6489 6475/6475
f 6475/6475 6489/6489 6477/6477
f 6475/6475 6477/6477 6459/6459
f 6459/6459 6477/6477 6461/6461
f 6459/6459 6461/6461 6439/6439
f 6439/6439 6461/6461 6441/6441
f 6439/6439 6441/6441 6423/6423
f 6423/6423 6441/6441 6425/6425
f 6423/6423 6425/6425 6403/6403
f 6403/6403 6425/6425 6405/6405
f 6403/6403 6405/6405 6387/6387
f 6387/6387 6405/6405 6389/6389
f 6387/6387 6389/6389 6371/6371
f 6371/6371 6389/6389 6373/6373
f 6371/6371 6373/6373 6343/6343
f 6343/6343 6373/6373 6345/6345
f 6343/6343 6345/6345 6295/6295
f 6295/6295 6345/6345 6297/6297
f 6295/6295 6297/6297 6279/6279
f 6279/6279 6297/6297 6281/6281
f 6279/6279 6281/6281 6263/6263
f 6263/6263 6281/6281 6265/6265
f 6263/6263 6265/6265 6235/6235
f 6235/6235 6265/6265 6237/6237
f 6235/6235 6237/6237 6259/6259
f 6259/6259 6237/6237 6261/6261
f 6259/6259 6261/6261 6275/6275
f 6275/6275 6261/6261 6277/6277
f 6275/6275 6277/6277 6291/6291
f 6291/6291 6277/6277 6293/6293
f 6291/6291 6293/6293 6339/6339
f 6339/6339 6293/6293 6341/6341
f 6339/6339 6341/6341 6367/6367
f 6367/6367 6341/6341 6369/6369
f 6367/6367 6369/6369 6383/6383
f 6383/6383 6369/6369 6385/6385
f 253/253 255/255 277/277
f 277/277 255/255 279/279
f 277/277 279/279 313/313
f 313/313 279/279 315/315
f 313/313 315/315 361/361
f 361/361 315/315 363/363
f 361/361 363/363 385/385
f 385/385 363/363 387/387
f 385/385 387/387 403/403
f 403/403 387/387 405/405
f 403/403 405/405 431/431
f 431/431 405/405 433/433
f 431/431 433/433 407/407
f 407/407 433/433 409/409
f 407/407 409/409 389/389
f 389/389 409/409 391/391
f 389/389 391/391 365/365
f 365/365 391/391 367/367
f 365/365 367/367 317/317
f 317/317 367/367 319/319
f 317/317 319/319 281/281
f 281/281 319/319 283/283
f 281/281 283/283 257/257
f 257/257 283/283 259/259
f 257/257 259/259 221/221
f 221/221 259/259 223/223
f 221/221 223/223 201/201
f 201/201 223/223 203/203
f 201/201 203/203 163/163
f 163/163 203/203 165/165
f 163/163 165/165 143/143
f 143/143 165/165 145/145
f 143/143 145/145 127/127
f 127/127 145/145 129/129
f 127/127 129/129 111/111
f 111/111 129/129 113/113
f 111/111 113/113 123/123
f 123/123 113/113 125/125
f 123/123 125/125 139/139
f 139/139 125/125 141/141
f 139/139 141/141 159/159
f 159/159 141/141 161/161
f 159/159 161/161 197/197
f 197/197 161/161 199/199
f 197/197 199/199 217/217
f 217/217 199/199 219/219
f 217/217 219/219 253/253
f 253/253 219/219 255/255
f 1458/1458 1460/1460 1474/1474
f 1474/1474 1460/1460 1476/1476
f 1474/1474 1476/1476 1490/1490
f 1490/1490 1476/1476 1492/1492
f 1490/1490 1492/1492 1506/1506
f 1506/1506 1492/1492 1508/1508
f 1506/1506 1508/1508 1522/1522
f 1522/1522 1508/1508 1524/1524
f 1522/1522 1524/1524 1538/1538
f 1538/1538 1524/1524 1540/1540
f 1538/1538 1540/1540 1554/1554
f 1554/1554 1540/1540 1556/1556
f 1554/1554 1556/1556 1542/1542
f 1542/1542 1556/1556 1544/1544
f 1542/1542 1544/1544 1526/1526
f 1526/1526 1544/1544 1528/1528
f 1526/1526 1528/1528 1510/1510
f 1510/1510 1528/1528 1512/1512
f 1510/1510 1512/1512 1494/1494
f 1494/1494 1512/1512 1496/1496
f 1494/1494 1496/1496 1478/1478
f 1478/1478 1496/1496 1480/1480
f 1478/1478 1480/1480 1462/1462
f 1462/1462 1480/1480 1464/1464
f 1462/1462 1464/1464 1446/1446
f 1446/1446 1464/1464 1448/1448
f 1446/1446 1448/1448 1430/1430
f 1430/1430 1448/1448 1432/1432
f 1430/1430 1432/1432 1414/1414
f 1414/1414 1432/1432 1416/1416
f 1414/1414 1416/1416 1398/1398
f 1398/1398 1416/1416 1400/1400
f 1398/1398 1400/1400 1382/1382
f 1382/1382 1400/1400 1384/1384
f 1382/1382 1384/1384 1370/1370
f 1370/1370 1384/1384 1372/1372
f 1370/1370 1372/1372 1378/1378
f 1378/1378 1372/1372 1380/1380
f 1378/1378 1380/1380 1394/1394
f 1394/1394 1380/1380 1396/1396
f 1394/1394 1396/1396 1410/1410
f 1410/1410 1396/1396 1412/1412
f 1410/1410 1412/1412 1426/1426
f 1426/1426 1412/1412 1428/1428
f 1426/1426 1428/1428 1442/1442
f 1442/1442 1428/1428 1444/1444
f 1442/1442 1444/1444 1458/1458
f 1458/1458 1444/1444 1460/1460
f 1080/1080 1082/1082 1100/1100
f 1100/1100 1082/1082 1102/1102
f 1100/1100 1102/1102 1116/1116
f 1116/1116 1102/1102 1118/1118
f 1116/1116 1118/1118 1152/1152
f 1152/1152 1118/1118 1154/1154
f 1152/1152 1154/1154 1176/1176
f 1176/1176 1154/1154 1178/1178
f 1176/1176 1178/1178 1200/1200
f 1200/1200 1178/1178 1202/1202
f 1200/1200 1202/1202 1216/1216
f 1216/1216 1202/1202 1218/1218
f 1216/1216 1218/1218 1204/1204
f 1204/1204 1218/1218 1206/1206
f 1204/1204 1206/1206 1180/1180
f 1180/1180 1206/1206 1182/1182
f 1180/1180 1182/1182 1156/1156
f 1156/1156 1182/1182 1158/1158
f 1156/1156 1158/1158 1120/1120
f 1120/1120 1158/1158 1122/1122
f 1120/1120 1122/1122 1104/1104
f 1104/1104 1122/1122 1106/1106
f 1104/1104 1106/1106 1084/1084
f 1084/1084 1106/1106 1086/1086
f 1084/1084 1086/1086 1068/1068
f 1068/1068 1086/1086 1070/1070
f 1068/1068 1070/1070 1052/1052
f 1052/1052 1070/1070 1054/1054
f 1052/1052 1054/1054 1036/1036
f 1036/1036 1054/1054 1038/1038
f 1036/1036 1038/1038 1020/1020
f 1020/1020 1038/1038 1022/1022
f 1020/1020 1022/1022 1004/1004
f 1004/1004 1022/1022 1006/1006
f 1004/1004 1006/1006 992/992
f 992/992 1006/1006 994/994
f 992/992 994/994 1000/1000
f 1000/1000 994/994 1002/1002
f 1000/1000 1002/1002 1016/1016
f 1016/1016 1002/1002 1018/1018
f 1016/1016 1018/1018 1032/1032
f 1032/1032 1018/1018 1034/1034
f 1032/1032 1034/1034 1048/1048
f 1048/1048 1034/1034 1050/1050
f 1048/1048 1050/1050 1064/1064
f 1064/1064 1050/1050 1066/1066
f 1064/1064 1066/1066 1080/1080
f 1080/1080 1066/1066 1082/1082
f 3570/3570 3572/3572 3586/3586
f 3586/3586 3572/3572 3588/3588
f 3586/3586 3588/3588 3602/3602
f 3602/3602 3588/3588 3604/3604
f 3602/3602 3604/3604 3626/3626
f 3626/3626 3604/3604 3628/3628
f 3626/3626 3628/3628 3642/3642
f 3642/3642 3628/3628 3644/3644
f 3642/3642 3644/3644 3658/3658
f 3658/3658 3644/3644 3660/3660
f 3658/3658 3660/3660 3674/3674
f 3674/3674 3660/3660 3676/3676
f 3674/3674 3676/3676 3662/3662
f 3662/3662 3676/3676 3664/3664
f 3662/3662 3664/3664 3646/3646
f 3646/3646 3664/3664 3648/3648
f 3646/3646 3648/3648 3630/3630
f 3630/3630 3648/3648 3632/3632
f 3630/3630 3632/3632 3606/3606
f 3606/3606 3632/3632 3608/3608
f 3606/3606 3608/3608 3590/3590
f 3590/3590 3608/3608 3592/3592
f 3590/3590 3592/3592 3574/3574
f 3574/3574 3592/3592 3576/3576
f 3574/3574 3576/3576 3554/3554
f 3554/3554 3576/3576 3556/3556
f 3554/3554 3556/3556 3538/3538
f 3538/3538 3556/3556 3540/3540
f 3538/3538 3540/3540 3522/3522
f 3522/3522 3540/3540 3524/3524
f 3522/3522 3524/3524 3506/3506
f 3506/3506 3524/3524 3508/3508
f 3506/3506 3508/3508 3490/3490
f 3490/3490 3508/3508 3492/3492
f 3490/3490 3492/3492 3478/3478
f 3478/3478 3492/3492 3480/3480
f 3478/3478 3480/3480 3486/3486
f 3486/3486 3480/3480 3488/3488
f 3486/3486 3488/3488 3502/3502
f 3502/3502 3488/3488 3504/3504
f 3502/3502 3504/3504 3518/3518
f 3518/3518 3504/3504 3520/3520
f 3518/3518 3520/3520 3534/3534
f 3534/3534 3520/3520 3536/3536
f 3534/3534 3536/3536 3550/3550
f 3550/3550 3536/3536 3552/3552
f 3550/3550 3552/3552 3570/3570
f 3570/3570 3552/3552 3572/3572
f 5599/5599 5601/5601 5619/5619
f 5619/5619 5601/5601 5621/5621
f 5619/5619 5621/5621 5635/5635
f 5635/5635 5621/5621 5637/5637
f 5635/5635 5637/5637 5651/5651
f 5651/5651 5637/5637 5653/5653
f 5651/5651 5653/5653 5675/5675
f 5675/5675 5653/5653 5677/5677
f 5675/5675 5677/5677 5691/5691
f 5691/5691 5677/5677 5693/5693
f 5691/5691 5693/5693 5703/5703
f 5703/5703 5693/5693 5705/5705
f 5703/5703 5705/5705 5695/5695
f 5695/5695 5705/5705 5697/5697
f 5695/5695 5697/5697 5679/5679
f 5679/5679 5697/5697 5681/5681
f 5679/5679 5681/5681 5655/5655
f 5655/5655 5681/5681 5657/5657
f 5655/5655 5657/5657 5639/5639
f 5639/5639 5657/5657 5641/5641
f 5639/5639 5641/5641 5623/5623
f 5623/5623 5641/5641 5625/5625
f 5623/5623 5625/5625 5603/5603
f 5603/5603 5625/5625 5605/5605
f 5603/5603 5605/5605 5587/5587
f 5587/5587 5605/5605 5589/5589
f 5587/5587 5589/5589 5571/5571
f 5571/5571 5589/5589 5573/5573
f 5571/5571 5573/5573 5555/5555
f 5555/5555 5573/5573 5557/5557
f 5555/5555 5557/5557 5539/5539
f 5539/5539 5557/5557 5541/5541
f 5539/5539 5541/5541 5523/5523
f 5523/5523 5541/5541 5525/5525
f 5523/5523 5525/5525 5507/5507
f 5507/5507 5525/5525 5509/5509
f 5507/5507 5509/5509 5519/5519
f 5519/5519 5509/5509 5521/5521
f 5519/5519 5521/5521 5535/5535
f 5535/5535 5521/5521 5537/5537
f 5535/5535 5537/5537 5551/5551
f 5551/5551 5537/5537 5553/5553
f 5551/5551 5553/5553 5567/5567
f 5567/5567 5553/5553 5569/5569
f 5567/5567 5569/5569 5583/5583
f 5583/5583 5569/5569 5585/5585
f 5583/5583 5585/5585 5599/5599
f 5599/5599 5585/5585 5601/5601
f 3333/3333 3335/3335 3353/3353
f 3353/3353 3335/3335 3355/3355
f 3353/3353 3355/3355 3369/3369
f 3369/3369 3355/3355 3371/3371
f 3369/3369 3371/3371 3385/3385
f 3385/3385 3371/3371 3387/3387
f 3385/3385 3387/3387 3401/3401
f 3401/3401 3387/3387 3403/3403
f 3401/3401 3403/3403 3417/3417
f 3417/3417 3403/3403 3419/3419
f 3417/3417 3419/3419 3429/3429
f 3429/3429 3419/3419 3431/3431
f 3429/3429 3431/3431 3421/3421
f 3421/3421 3431/3431 3423/3423
f 3421/3421 3423/3423 3405/3405
f 3405/3405 3423/3423 3407/3407
f 3405/3405 3407/3407 3389/3389
f 3389/3389 3407/3407 3391/3391
f 3389/3389 3391/3391 3373/3373
f 3373/3373 3391/3391 3375/3375
f 3373/3373 3375/3375 3357/3357
f 3357/3357 3375/3375 3359/3359
f 3357/3357 3359/3359 3337/3337
f 3337/3337 3359/3359 3339/3339
f 3337/3337 3339/3339 3321/3321
f 3321/3321 3339/3339 3323/3323
f 3321/3321 3323/3323 3305/3305
f 3305/3305 3323/3323 3307/3307
f 3305/3305 3307/3307 3281/3281
f 3281/3281 3307/3307 3283/3283
f 3281/3281 3283/3283 3265/3265
f 3265/3265 3283/3283 3267/3267
f 3265/3265 3267/3267 3249/3249
f 3249/3249 3267/3267 3251/3251
f 3249/3249 3251/3251 3233/3233
f 3233/3233 3251/3251 3235/3235
f 3233/3233 3235/3235 3245/3245
f 3245/3245 3235/3235 3247/3247
f 3245/3245 3247/3247 3261/3261
f 3261/3261 3247/3247 3263/3263
f 3261/3261 3263/3263 3277/3277
f 3277/3277 3263/3263 3279/3279
f 3277/3277 3279/3279 3301/3301
f 3301/3301 3279/3279 3303/3303
f 3301/3301 3303/3303 3317/3317
f 3317/3317 3303/3303 3319/3319
f 3317/3317 3319/3319 3333/3333
f 3333/3333 3319/3319 3335/3335
f 3577/3577 3579/3579 3593/3593
f 3593/3593 3579/3579 3595/3595
f 3593/3593 3595/3595 3609/3609
f 3609/3609 3595/3595 3611/3611
f 3609/3609 3611/3611 3633/3633
f 3633/3633 3611/3611 3635/3635
f 3633/3633 3635/3635 3649/3649
f 3649/3649 3635/3635 3651/3651
f 3649/3649 3651/3651 3665/3665
f 3665/3665 3651/3651 3667/3667
f 3665/3665 3667/3667 3677/3677
f 3677/3677 3667/3667 3679/3679
f 3677/3677 3679/3679 3669/3669
f 3669/3669 3679/3679 3671/3671
f 3669/3669 3671/3671 3653/3653
f 3653/3653 3671/3671 3655/3655
f 3653/3653 3655/3655 3637/3637
f 3637/3637 3655/3655 3639/3639
f 3637/3637 3639/3639 3613/3613
f 3613/3613 3639/3639 3615/3615
f 3613/3613 3615/3615 3597/3597
f 3597/3597 3615/3615 3599/3599
f 3597/3597 3599/3599 3581/3581
f 3581/3581 3599/3599 3583/3583
f 3581/3581 3583/3583 3561/3561
f 3561/3561 3583/3583 3563/3563
f 3561/3561 3563/3563 3545/3545
f 3545/3545 3563/3563 3547/3547
f 3545/3545 3547/3547 3529/3529
f 3529/3529 3547/3547 3531/3531
f 3529/3529 3531/3531 3513/3513
f 3513/3513 3531/3531 3515/3515
f 3513/3513 3515/3515 3497/3497
f 3497/3497 3515/3515 3499/3499
f 3497/3497 3499/3499 3481/3481
f 3481/3481 3499/3499 3483/3483
f 3481/3481 3483/3483 3493/3493
f 3493/3493 3483/3483 3495/3495
f 3493/3493 3495/3495 3509/3509
f 3509/3509 3495/3495 3511/3511
f 3509/3509 3511/3511 3525/3525
f 3525/3525 3511/3511 3527/3527
f 3525/3525 3527/3527 3541/3541
f 3541/3541 3527/3527 3543/3543
f 3541/3541 3543/3543 3557/3557
f 3557/3557 3543/3543 3559/3559
f 3557/3557 3559/3559 3577/3577
f 3577/3577 3559/3559 3579/3579
f 245/245 247/247 269/269
f 269/269 247/247 271/271
f 269/269 271/271 305/305
f 305/305 271/271 307/307
f 305/305 307/307 353/353
f 353/353 307/307 355/355
f 353/353 355/355 377/377
f 377/377 355/355 379/379
f 377/377 379/379 395/395
f 395/395 379/379 397/397
f 395/395 397/397 427/427
f 427/427 397/397 429/429
f 427/427 429/429 399/399
f 399/399 429/429 401/401
f 399/399 401/401 381/381
f 381/381 401/401 383/383
f 381/381 383/383 357/357
f 357/357 383/383 359/359
f 357/357 359/359 309/309
f 309/309 359/359 311/311
f 309/309 311/311 273/273
f 273/273 311/311 275/275
f 273/273 275/275 249/249
f 249/249 275/275 251/251
f 249/249 251/251 213/213
f 213/213 251/251 215/215
f 213/213 215/215 193/193
f 193/193 215/215 195/195
f 193/193 195/195 155/155
f 155/155 195/195 157/157
f 155/155 157/157 135/135
f 135/135 157/157 137/137
f 135/135 137/137 119/119
f 119/119 137/137 121/121
f 119/119 121/121 107/107
f 107/107 121/121 109/109
f 107/107 109/109 115/115
f 115/115 109/109 117/117
f 115/115 117/117 131/131
f 131/131 117/117 133/133
f 131/131 133/133 151/151
f 151/151 133/133 153/153
f 151/151 153/153 189/189
f 189/189 153/153 191/191
f 189/189 191/191 209/209
f 209/209 191/191 211/211
f 209/209 211/211 245/245
f 245/245 211/211 247/247
f 3090/3090 3092/3092 3126/3126
f 3126/3126 3092/3092 3128/3128
f 3126/3126 3128/3128 3170/3170
f 3170/3170 3128/3128 3172/3172
f 3170/3170 3172/3172 3174/3174
f 3174/3174 3172/3172 3176/3176
f 3174/3174 3176/3176 3186/3186
f 3186/3186 3176/3176 3188/3188
f 3186/3186 3188/3188 3191/3191
f 3191/3191 3188/3188 3194/3194
f 3090/3090 2861/2861 3092/3092
f 3092/3092 2861/2861 2864/2864
f 2893/2893 2895/2895 2885/2885
f 2885/2885 2895/2895 2887/2887
f 2885/2885 2887/2887 2881/2881
f 2881/2881 2887/2887 2883/2883
f 2881/2881 2883/2883 2869/2869
f 2869/2869 2883/2883 2871/2871
f 2869/2869 2871/2871 2865/2865
f 2865/2865 2871/2871 2867/2867
f 2865/2865 2867/2867 2855/2855
f 2855/2855 2867/2867 2857/2857
f 2855/2855 2857/2857 2847/2847
f 2847/2847 2857/2857 2849/2849
f 2847/2847 2849/2849 2843/2843
f 2843/2843 2849/2849 2845/2845
f 2843/2843 2845/2845 2851/2851
f 2851/2851 2845/2845 2853/2853
f 2851/2851 2853/2853 2859/2859
f 2859/2859 2853/2853 2862/2862
f 2895/2895 2893/2893 3219/3219
f 3219/3219 2893/2893 3217/3217
f 3219/3219 3217/3217 3467/3467
f 3467/3467 3217/3217 3465/3465
f 3467/3467 3465/3465 3705/3705
f 3705/3705 3465/3465 3703/3703
f 3705/3705 3703/3703 3962/3962
f 3962/3962 3703/3703 3959/3959
f 3980/3980 3982/3982 3988/3988
f 3988/3988 3982/3982 3990/3990
f 3988/3988 3990/3990 3996/3996
f 3996/3996 3990/3990 3998/3998
f 3996/3996 3998/3998 3992/3992
f 3992/3992 3998/3998 3994/3994
f 3992/3992 3994/3994 3984/3984
f 3984/3984 3994/3994 3986/3986
f 3984/3984 3986/3986 3976/3976
f 3976/3976 3986/3986 3978/3978
f 3976/3976 3978/3978 3972/3972
f 3972/3972 3978/3978 3974/3974
f 3972/3972 3974/3974 3968/3968
f 3968/3968 3974/3974 3970/3970
f 3968/3968 3970/3970 3961/3961
f 3961/3961 3970/3970 3964/3964
f 3980/3980 3817/3817 3982/3982
f 3982/3982 3817/3817 3820/3820
f 3715/3715 3717/3717 3719/3719
f 3719/3719 3717/3717 3721/3721
f 3719/3719 3721/3721 3731/3731
f 3731/3731 3721/3721 3733/3733
f 3731/3731 3733/3733 3735/3735
f 3735/3735 3733/3733 3737/3737
f 3735/3735 3737/3737 3779/3779
f 3779/3779 3737/3737 3781/3781
f 3779/3779 3781/3781 3815/3815
f 3815/3815 3781/3781 3818/3818
f 3189/3189 3192/3192 3343/3343
f 3189/3189 3343/3343 3341/3341
f 3341/3341 3343/3343 3463/3463
f 3341/3341 3463/3463 3461/3461
f 3461/3461 3463/3463 3567/3567
f 3461/3461 3567/3567 3565/3565
f 3565/3565 3567/3567 3717/3717
f 3565/3565 3717/3717 3715/3715
f 1591/1591 1593/1593 1605/1605
f 1605/1605 1593/1593 1607/1607
f 1605/1605 1607/1607 1613/1613
f 1613/1613 1607/1607 1615/1615
f 1613/1613 1615/1615 1621/1621
f 1621/1621 1615/1615 1623/1623
f 1621/1621 1623/1623 1629/1629
f 1629/1629 1623/1623 1631/1631
f 1629/1629 1631/1631 1639/1639
f 1639/1639 1631/1631 1641/1641
f 1639/1639 1641/1641 1672/1672
f 1672/1672 1641/1641 1675/1675
f 1577/1577 1593/1593 1591/1591
f 1577/1577 1591/1591 1344/1344
f 929/929 932/932 962/962
f 962/962 932/932 964/964
f 962/962 964/964 1260/1260
f 1260/1260 964/964 1344/1344
f 1260/1260 1344/1344 1342/1342
f 1342/1342 1344/1344 1591/1591
f 802/802 804/804 820/820
f 820/820 804/804 822/822
f 820/820 822/822 836/836
f 836/836 822/822 838/838
f 836/836 838/838 852/852
f 852/852 838/838 854/854
f 852/852 854/854 868/868
f 868/868 854/854 870/870
f 868/868 870/870 900/900
f 900/900 870/870 902/902
f 900/900 902/902 920/920
f 920/920 902/902 922/922
f 920/920 922/922 928/928
f 928/928 922/922 931/931
f 804/804 802/802 808/808
f 808/808 802/802 806/806
f 808/808 806/806 812/812
f 812/812 806/806 810/810
f 812/812 810/810 817/817
f 817/817 810/810 814/814
f 934/934 936/936 924/924
f 924/924 936/936 926/926
f 924/924 926/926 904/904
f 904/904 926/926 906/906
f 904/904 906/906 872/872
f 872/872 906/906 874/874
f 872/872 874/874 856/856
f 856/856 874/874 858/858
f 856/856 858/858 840/840
f 840/840 858/858 842/842
f 840/840 842/842 824/824
f 824/824 842/842 826/826
f 824/824 826/826 815/815
f 815/815 826/826 818/818
f 936/936 934/934 968/968
f 968/968 934/934 966/966
f 968/968 966/966 1348/1348
f 966/966 1262/1262 1348/1348
f 1348/1348 1262/1262 1346/1346
f 1348/1348 1346/1346 1579/1579
f 1579/1579 1346/1346 1596/1596
f 1579/1579 1596/1596 1599/1599
f 1685/1685 1687/1687 1643/1643
f 1643/1643 1687/1687 1645/1645
f 1643/1643 1645/1645 1633/1633
f 1633/1633 1645/1645 1635/1635
f 1633/1633 1635/1635 1625/1625
f 1625/1625 1635/1635 1627/1627
f 1625/1625 1627/1627 1617/1617
f 1617/1617 1627/1627 1619/1619
f 1617/1617 1619/1619 1609/1609
f 1609/1609 1619/1619 1611/1611
f 1609/1609 1611/1611 1601/1601
f 1601/1601 1611/1611 1603/1603
f 1601/1601 1603/1603 1595/1595
f 1595/1595 1603/1603 1598/1598
f 1687/1687 1685/1685 1683/1683
f 1683/1683 1685/1685 1681/1681
f 1683/1683 1681/1681 1679/1679
f 1679/1679 1681/1681 1677/1677
f 1679/1679 1677/1677 1674/1674
f 1674/1674 1677/1677 1671/1671
f 2409/2409 2411/2411 2441/2441
f 2441/2441 2411/2411 2443/2443
f 2441/2441 2443/2443 2449/2449
f 2449/2449 2443/2443 2451/2451
f 2449/2449 2451/2451 2477/2477
f 2477/2477 2451/2451 2479/2479
f 2477/2477 2479/2479 2493/2493
f 2493/2493 2479/2479 2495/2495
f 2493/2493 2495/2495 2501/2501
f 2501/2501 2495/2495 2503/2503
f 2501/2501 2503/2503 2509/2509
f 2509/2509 2503/2503 2511/2511
f 2509/2509 2511/2511 2505/2505
f 2505/2505 2511/2511 2507/2507
f 2505/2505 2507/2507 2497/2497
f 2497/2497 2507/2507 2499/2499
f 2497/2497 2499/2499 2481/2481
f 2481/2481 2499/2499 2483/2483
f 2481/2481 2483/2483 2453/2453
f 2453/2453 2483/2483 2455/2455
f 2453/2453 2455/2455 2445/2445
f 2445/2445 2455/2455 2447/2447
f 2445/2445 2447/2447 2413/2413
f 2413/2413 2447/2447 2415/2415
f 2413/2413 2415/2415 2401/2401
f 2401/2401 2415/2415 2403/2403
f 2401/2401 2403/2403 2373/2373
f 2373/2373 2403/2403 2375/2375
f 2373/2373 2375/2375 2365/2365
f 2365/2365 2375/2375 2367/2367
f 2365/2365 2367/2367 2357/2357
f 2357/2357 2367/2367 2359/2359
f 2357/2357 2359/2359 2333/2333
f 2333/2333 2359/2359 2335/2335
f 2333/2333 2335/2335 2325/2325
f 2325/2325 2335/2335 2327/2327
f 2325/2325 2327/2327 2329/2329
f 2329/2329 2327/2327 2331/2331
f 2329/2329 2331/2331 2353/2353
f 2353/2353 2331/2331 2355/2355
f 2353/2353 2355/2355 2361/2361
f 2361/2361 2355/2355 2363/2363
f 2361/2361 2363/2363 2369/2369
f 2369/2369 2363/2363 2371/2371
f 2369/2369 2371/2371 2397/2397
f 2397/2397 2371/2371 2399/2399
f 2397/2397 2399/2399 2409/2409
f 2409/2409 2399/2399 2411/2411
f 1755/1755 1757/1757 1801/1801
f 1801/1801 1757/1757 1803/1803
f 1801/1801 1803/1803 1817/1817
f 1817/1817 1803/1803 1819/1819
f 1817/1817 1819/1819 1833/1833
f 1833/1833 1819/1819 1835/1835
f 1833/1833 1835/1835 1849/1849
f 1849/1849 1835/1835 1851/1851
f 1849/1849 1851/1851 1865/1865
f 1865/1865 1851/1851 1867/1867
f 1865/1865 1867/1867 1881/1881
f 1881/1881 1867/1867 1883/1883
f 1881/1881 1883/1883 1869/1869
f 1869/1869 1883/1883 1871/1871
f 1869/1869 1871/1871 1853/1853
f 1853/1853 1871/1871 1855/1855
f 1853/1853 1855/1855 1837/1837
f 1837/1837 1855/1855 1839/1839
f 1837/1837 1839/1839 1821/1821
f 1821/1821 1839/1839 1823/1823
f 1821/1821 1823/1823 1805/1805
f 1805/1805 1823/1823 1807/1807
f 1805/1805 1807/1807 1759/1759
f 1759/1759 1807/1807 1761/1761
f 1759/1759 1761/1761 1741/1741
f 1741/1741 1761/1761 1743/1743
f 1741/1741 1743/1743 1725/1725
f 1725/1725 1743/1743 1727/1727
f 1725/1725 1727/1727 1709/1709
f 1709/1709 1727/1727 1711/1711
f 1709/1709 1711/1711 1693/1693
f 1693/1693 1711/1711 1695/1695
f 1693/1693 1695/1695 1659/1659
f 1659/1659 1695/1695 1661/1661
f 1659/1659 1661/1661 1647/1647
f 1647/1647 1661/1661 1649/1649
f 1647/1647 1649/1649 1655/1655
f 1655/1655 1649/1649 1657/1657
f 1655/1655 1657/1657 1689/1689
f 1689/1689 1657/1657 1691/1691
f 1689/1689 1691/1691 1705/1705
f 1705/1705 1691/1691 1707/1707
f 1705/1705 1707/1707 1721/1721
f 1721/1721 1707/1707 1723/1723
f 1721/1721 1723/1723 1737/1737
f 1737/1737 1723/1723 1739/1739
f 1737/1737 1739/1739 1755/1755
f 1755/1755 1739/1739 1757/1757
f 1232/1232 1234/1234 1240/1240
f 1240/1240 1234/1234 1242/1242
f 1240/1240 1242/1242 1274/1274
f 1274/1274 1242/1242 1276/1276
f 1274/1274 1276/1276 1282/1282
f 1282/1282 1276/1276 1284/1284
f 1282/1282 1284/1284 1290/1290
f 1290/1290 1284/1284 1292/1292
f 1290/1290 1292/1292 1298/1298
f 1298/1298 1292/1292 1300/1300
f 1298/1298 1300/1300 1306/1306
f 1306/1306 1300/1300 1308/1308
f 1306/1306 1308/1308 1302/1302
f 1302/1302 1308/1308 1304/1304
f 1302/1302 1304/1304 1294/1294
f 1294/1294 1304/1304 1296/1296
f 1294/1294 1296/1296 1286/1286
f 1286/1286 1296/1296 1288/1288
f 1286/1286 1288/1288 1278/1278
f 1278/1278 1288/1288 1280/1280
f 1278/1278 1280/1280 1244/1244
f 1244/1244 1280/1280 1246/1246
f 1244/1244 1246/1246 1236/1236
f 1236/1236 1246/1246 1238/1238
f 1236/1236 1238/1238 1228/1228
f 1228/1228 1238/1238 1230/1230
f 1228/1228 1230/1230 1196/1196
f 1196/1196 1230/1230 1198/1198
f 1196/1196 1198/1198 1172/1172
f 1172/1172 1198/1198 1174/1174
f 1172/1172 1174/1174 1148/1148
f 1148/1148 1174/1174 1150/1150
f 1148/1148 1150/1150 1140/1140
f 1140/1140 1150/1150 1142/1142
f 1140/1140 1142/1142 1132/1132
f 1132/1132 1142/1142 1134/1134
f 1132/1132 1134/1134 1136/1136
f 1136/1136 1134/1134 1138/1138
f 1136/1136 1138/1138 1144/1144
f 1144/1144 1138/1138 1146/1146
f 1144/1144 1146/1146 1168/1168
f 1168/1168 1146/1146 1170/1170
f 1168/1168 1170/1170 1192/1192
f 1192/1192 1170/1170 1194/1194
f 1192/1192 1194/1194 1224/1224
f 1224/1224 1194/1194 1226/1226
f 1224/1224 1226/1226 1232/1232
f 1232/1232 1226/1226 1234/1234
f 1763/1763 1765/1765 1809/1809
f 1809/1809 1765/1765 1811/1811
f 1809/1809 1811/1811 1825/1825
f 1825/1825 1811/1811 1827/1827
f 1825/1825 1827/1827 1841/1841
f 1841/1841 1827/1827 1843/1843
f 1841/1841 1843/1843 1857/1857
f 1857/1857 1843/1843 1859/1859
f 1857/1857 1859/1859 1873/1873
f 1873/1873 1859/1859 1875/1875
f 1873/1873 1875/1875 1885/1885
f 1885/1885 1875/1875 1887/1887
f 1885/1885 1887/1887 1877/1877
f 1877/1877 1887/1887 1879/1879
f 1877/1877 1879/1879 1861/1861
f 1861/1861 1879/1879 1863/1863
f 1861/1861 1863/1863 1845/1845
f 1845/1845 1863/1863 1847/1847
f 1845/1845 1847/1847 1829/1829
f 1829/1829 1847/1847 1831/1831
f 1829/1829 1831/1831 1813/1813
f 1813/1813 1831/1831 1815/1815
f 1813/1813 1815/1815 1767/1767
f 1767/1767 1815/1815 1769/1769
f 1767/1767 1769/1769 1749/1749
f 1749/1749 1769/1769 1751/1751
f 1749/1749 1751/1751 1733/1733
f 1733/1733 1751/1751 1735/1735
f 1733/1733 1735/1735 1717/1717
f 1717/1717 1735/1735 1719/1719
f 1717/1717 1719/1719 1701/1701
f 1701/1701 1719/1719 1703/1703
f 1701/1701 1703/1703 1667/1667
f 1667/1667 1703/1703 1669/1669
f 1667/1667 1669/1669 1651/1651
f 1651/1651 1669/1669 1653/1653
f 1651/1651 1653/1653 1663/1663
f 1663/1663 1653/1653 1665/1665
f 1663/1663 1665/1665 1697/1697
f 1697/1697 1665/1665 1699/1699
f 1697/1697 1699/1699 1713/1713
f 1713/1713 1699/1699 1715/1715
f 1713/1713 1715/1715 1729/1729
f 1729/1729 1715/1715 1731/1731
f 1729/1729 1731/1731 1745/1745
f 1745/1745 1731/1731 1747/1747
f 1745/1745 1747/1747 1763/1763
f 1763/1763 1747/1747 1765/1765
f 2910/2910 2912/2912 2918/2918
f 2918/2918 2912/2912 2920/2920
f 2918/2918 2920/2920 2926/2926
f 2926/2926 2920/2920 2928/2928
f 2926/2926 2928/2928 2942/2942
f 2942/2942 2928/2928 2944/2944
f 2942/2942 2944/2944 3006/3006
f 3006/3006 2944/2944 3008/3008
f 3006/3006 3008/3008 3062/3062
f 3062/3062 3008/3008 3064/3064
f 3062/3062 3064/3064 3086/3086
f 3086/3086 3064/3064 3088/3088
f 3086/3086 3088/3088 3066/3066
f 3066/3066 3088/3088 3068/3068
f 3066/3066 3068/3068 3010/3010
f 3010/3010 3068/3068 3012/3012
f 3010/3010 3012/3012 2946/2946
f 2946/2946 3012/3012 2948/2948
f 2946/2946 2948/2948 2930/2930
f 2930/2930 2948/2948 2932/2932
f 2930/2930 2932/2932 2922/2922
f 2922/2922 2932/2932 2924/2924
f 2922/2922 2924/2924 2914/2914
f 2914/2914 2924/2924 2916/2916
f 2914/2914 2916/2916 2878/2878
f 2878/2878 2916/2916 2880/2880
f 2878/2878 2880/2880 2817/2817
f 2817/2817 2880/2880 2819/2819
f 2817/2817 2819/2819 2683/2683
f 2683/2683 2819/2819 2685/2685
f 2683/2683 2685/2685 2551/2551
f 2551/2551 2685/2685 2553/2553
f 2551/2551 2553/2553 2437/2437
f 2437/2437 2553/2553 2439/2439
f 2437/2437 2439/2439 2405/2405
f 2405/2405 2439/2439 2407/2407
f 2405/2405 2407/2407 2433/2433
f 2433/2433 2407/2407 2435/2435
f 2433/2433 2435/2435 2547/2547
f 2547/2547 2435/2435 2549/2549
f 2547/2547 2549/2549 2679/2679
f 2679/2679 2549/2549 2681/2681
f 2679/2679 2681/2681 2813/2813
f 2813/2813 2681/2681 2815/2815
f 2813/2813 2815/2815 2874/2874
f 2874/2874 2815/2815 2876/2876
f 2874/2874 2876/2876 2910/2910
f 2910/2910 2876/2876 2912/2912
f 2473/2473 2471/2471 2526/2526
f 2526/2526 2471/2471 2524/2524
f 2526/2526 2524/2524 2576/2576
f 2576/2576 2524/2524 2574/2574
f 2576/2576 2574/2574 2612/2612
f 2612/2612 2574/2574 2610/2610
f 2612/2612 2610/2610 2636/2636
f 2636/2636 2610/2610 2634/2634
f 2636/2636 2634/2634 2652/2652
f 2652/2652 2634/2634 2650/2650
f 2652/2652 2650/2650 2664/2664
f 2664/2664 2650/2650 2662/2662
f 2664/2664 2662/2662 2648/2648
f 2648/2648 2662/2662 2646/2646
f 2648/2648 2646/2646 2632/2632
f 2632/2632 2646/2646 2630/2630
f 2632/2632 2630/2630 2608/2608
f 2608/2608 2630/2630 2606/2606
f 2608/2608 2606/2606 2572/2572
f 2572/2572 2606/2606 2570/2570
f 2572/2572 2570/2570 2522/2522
f 2522/2522 2570/2570 2520/2520
f 2522/2522 2520/2520 2469/2469
f 2469/2469 2520/2520 2467/2467
f 2469/2469 2467/2467 2426/2426
f 2426/2426 2467/2467 2424/2424
f 2426/2426 2424/2424 2390/2390
f 2390/2390 2424/2424 2388/2388
f 2390/2390 2388/2388 2346/2346
f 2346/2346 2388/2388 2344/2344
f 2346/2346 2344/2344 2318/2318
f 2318/2318 2344/2344 2316/2316
f 2318/2318 2316/2316 2271/2271
f 2271/2271 2316/2316 2269/2269
f 2271/2271 2269/2269 2259/2259
f 2259/2259 2269/2269 2257/2257
f 2259/2259 2257/2257 2275/2275
f 2275/2275 2257/2257 2273/2273
f 2275/2275 2273/2273 2322/2322
f 2322/2322 2273/2273 2320/2320
f 2322/2322 2320/2320 2350/2350
f 2350/2350 2320/2320 2348/2348
f 2350/2350 2348/2348 2394/2394
f 2394/2394 2348/2348 2392/2392
f 2394/2394 2392/2392 2430/2430
f 2430/2430 2392/2392 2428/2428
f 2430/2430 2428/2428 2473/2473
f 2473/2473 2428/2428 2471/2471
f 2525/2525 2581/2581 2575/2575
f 2575/2575 2581/2581 2669/2669
f 2575/2575 2669/2669 2611/2611
f 2611/2611 2669/2669 2734/2734
f 2611/2611 2734/2734 2635/2635
f 2635/2635 2734/2734 2754/2754
f 2635/2635 2754/2754 2651/2651
f 2651/2651 2754/2754 2776/2776
f 2651/2651 2776/2776 2663/2663
f 2663/2663 2776/2776 2778/2778
f 2663/2663 2778/2778 2647/2647
f 2647/2647 2778/2778 2775/2775
f 2647/2647 2775/2775 2631/2631
f 2631/2631 2775/2775 2753/2753
f 2631/2631 2753/2753 2607/2607
f 2607/2607 2753/2753 2733/2733
f 2607/2607 2733/2733 2571/2571
f 2571/2571 2733/2733 2668/2668
f 2571/2571 2668/2668 2521/2521
f 2521/2521 2668/2668 2580/2580
f 2521/2521 2580/2580 2468/2468
f 2468/2468 2580/2580 2466/2466
f 2468/2468 2466/2466 2425/2425
f 2425/2425 2466/2466 2378/2378
f 2425/2425 2378/2378 2389/2389
f 2389/2389 2378/2378 2251/2251
f 2389/2389 2251/2251 2345/2345
f 2345/2345 2251/2251 2207/2207
f 2345/2345 2207/2207 2317/2317
f 2317/2317 2207/2207 2203/2203
f 2317/2317 2203/2203 2270/2270
f 2270/2270 2203/2203 2199/2199
f 2270/2270 2199/2199 2258/2258
f 2258/2258 2199/2199 2196/2196
f 2258/2258 2196/2196 2274/2274
f 2274/2274 2196/2196 2200/2200
f 2274/2274 2200/2200 2321/2321
f 2321/2321 2200/2200 2204/2204
f 2321/2321 2204/2204 2349/2349
f 2349/2349 2204/2204 2208/2208
f 2349/2349 2208/2208 2393/2393
f 2393/2393 2208/2208 2252/2252
f 2393/2393 2252/2252 2429/2429
f 2429/2429 2252/2252 2379/2379
f 2429/2429 2379/2379 2472/2472
f 2472/2472 2379/2379 2475/2475
f 2472/2472 2475/2475 2525/2525
f 2525/2525 2475/2475 2581/2581
f 4214/4214 4212/4212 4231/4231
f 4231/4231 4212/4212 4229/4229
f 4231/4231 4229/4229 4247/4247
f 4247/4247 4229/4229 4245/4245
f 4247/4247 4245/4245 4267/4267
f 4267/4267 4245/4245 4265/4265
f 4267/4267 4265/4265 4283/4283
f 4283/4283 4265/4265 4281/4281
f 4283/4283 4281/4281 4299/4299
f 4299/4299 4281/4281 4297/4297
f 4299/4299 4297/4297 4307/4307
f 4307/4307 4297/4297 4305/4305
f 4307/4307 4305/4305 4295/4295
f 4295/4295 4305/4305 4293/4293
f 4295/4295 4293/4293 4279/4279
f 4279/4279 4293/4293 4277/4277
f 4279/4279 4277/4277 4263/4263
f 4263/4263 4277/4277 4261/4261
f 4263/4263 4261/4261 4243/4243
f 4243/4243 4261/4261 4241/4241
f 4243/4243 4241/4241 4227/4227
f 4227/4227 4241/4241 4225/4225
f 4227/4227 4225/4225 4210/4210
f 4210/4210 4225/4225 4208/4208
f 4210/4210 4208/4208 4183/4183
f 4183/4183 4208/4208 4181/4181
f 4183/4183 4181/4181 4161/4161
f 4161/4161 4181/4181 4159/4159
f 4161/4161 4159/4159 4141/4141
f 4141/4141 4159/4159 4139/4139
f 4141/4141 4139/4139 4125/4125
f 4125/4125 4139/4139 4123/4123
f 4125/4125 4123/4123 4109/4109
f 4109/4109 4123/4123 4107/4107
f 4109/4109 4107/4107 4093/4093
f 4093/4093 4107/4107 4091/4091
f 4093/4093 4091/4091 4113/4113
f 4113/4113 4091/4091 4111/4111
f 4113/4113 4111/4111 4129/4129
f 4129/4129 4111/4111 4127/4127
f 4129/4129 4127/4127 4145/4145
f 4145/4145 4127/4127 4143/4143
f 4145/4145 4143/4143 4165/4165
f 4165/4165 4143/4143 4163/4163
f 4165/4165 4163/4163 4187/4187
f 4187/4187 4163/4163 4185/4185
f 4187/4187 4185/4185 4214/4214
f 4214/4214 4185/4185 4212/4212
f 4230/4230 4252/4252 4246/4246
f 4246/4246 4252/4252 4312/4312
f 4246/4246 4312/4312 4266/4266
f 4266/4266 4312/4312 4324/4324
f 4266/4266 4324/4324 4282/4282
f 4282/4282 4324/4324 4360/4360
f 4282/4282 4360/4360 4298/4298
f 4298/4298 4360/4360 4364/4364
f 4298/4298 4364/4364 4306/4306
f 4306/4306 4364/4364 4366/4366
f 4306/4306 4366/4366 4294/4294
f 4294/4294 4366/4366 4363/4363
f 4294/4294 4363/4363 4278/4278
f 4278/4278 4363/4363 4359/4359
f 4278/4278 4359/4359 4262/4262
f 4262/4262 4359/4359 4323/4323
f 4262/4262 4323/4323 4242/4242
f 4242/4242 4323/4323 4311/4311
f 4242/4242 4311/4311 4226/4226
f 4226/4226 4311/4311 4251/4251
f 4226/4226 4251/4251 4209/4209
f 4209/4209 4251/4251 4207/4207
f 4209/4209 4207/4207 4182/4182
f 4182/4182 4207/4207 4149/4149
f 4182/4182 4149/4149 4160/4160
f 4160/4160 4149/4149 4085/4085
f 4160/4160 4085/4085 4140/4140
f 4140/4140 4085/4085 4081/4081
f 4140/4140 4081/4081 4124/4124
f 4124/4124 4081/4081 4077/4077
f 4124/4124 4077/4077 4108/4108
f 4108/4108 4077/4077 4036/4036
f 4108/4108 4036/4036 4092/4092
f 4092/4092 4036/4036 4033/4033
f 4092/4092 4033/4033 4112/4112
f 4112/4112 4033/4033 4037/4037
f 4112/4112 4037/4037 4128/4128
f 4128/4128 4037/4037 4078/4078
f 4128/4128 4078/4078 4144/4144
f 4144/4144 4078/4078 4082/4082
f 4144/4144 4082/4082 4164/4164
f 4164/4164 4082/4082 4086/4086
f 4164/4164 4086/4086 4186/4186
f 4186/4186 4086/4086 4150/4150
f 4186/4186 4150/4150 4213/4213
f 4213/4213 4150/4150 4216/4216
f 4213/4213 4216/4216 4230/4230
f 4230/4230 4216/4216 4252/4252
f 6196/6196 6194/6194 6213/6213
f 6213/6213 6194/6194 6211/6211
f 6213/6213 6211/6211 6229/6229
f 6229/6229 6211/6211 6227/6227
f 6229/6229 6227/6227 6257/6257
f 6257/6257 6227/6227 6255/6255
f 6257/6257 6255/6255 6321/6321
f 6321/6321 6255/6255 6319/6319
f 6321/6321 6319/6319 6337/6337
f 6337/6337 6319/6319 6335/6335
f 6337/6337 6335/6335 6361/6361
f 6361/6361 6335/6335 6359/6359
f 6361/6361 6359/6359 6333/6333
f 6333/6333 6359/6359 6331/6331
f 6333/6333 6331/6331 6317/6317
f 6317/6317 6331/6331 6315/6315
f 6317/6317 6315/6315 6253/6253
f 6253/6253 6315/6315 6251/6251
f 6253/6253 6251/6251 6225/6225
f 6225/6225 6251/6251 6223/6223
f 6225/6225 6223/6223 6209/6209
f 6209/6209 6223/6223 6207/6207
f 6209/6209 6207/6207 6192/6192
f 6192/6192 6207/6207 6190/6190
f 6192/6192 6190/6190 6152/6152
f 6152/6152 6190/6190 6150/6150
f 6152/6152 6150/6150 6111/6111
f 6111/6111 6150/6150 6109/6109
f 6111/6111 6109/6109 6091/6091
f 6091/6091 6109/6109 6089/6089
f 6091/6091 6089/6089 6075/6075
f 6075/6075 6089/6089 6073/6073
f 6075/6075 6073/6073 6059/6059
f 6059/6059 6073/6073 6057/6057
f 6059/6059 6057/6057 6047/6047
f 6047/6047 6057/6057 6045/6045
f 6047/6047 6045/6045 6063/6063
f 6063/6063 6045/6045 6061/6061
f 6063/6063 6061/6061 6079/6079
f 6079/6079 6061/6061 6077/6077
f 6079/6079 6077/6077 6095/6095
f 6095/6095 6077/6077 6093/6093
f 6095/6095 6093/6093 6115/6115
f 6115/6115 6093/6093 6113/6113
f 6115/6115 6113/6113 6156/6156
f 6156/6156 6113/6113 6154/6154
f 6156/6156 6154/6154 6196/6196
f 6196/6196 6154/6154 6194/6194
f 6210/6210 6233/6233 6226/6226
f 6226/6226 6233/6233 6365/6365
f 6226/6226 6365/6365 6254/6254
f 6254/6254 6365/6365 6417/6417
f 6254/6254 6417/6417 6318/6318
f 6318/6318 6417/6417 6453/6453
f 6318/6318 6453/6453 6334/6334
f 6334/6334 6453/6453 6501/6501
f 6334/6334 6501/6501 6358/6358
f 6358/6358 6501/6501 6503/6503
f 6358/6358 6503/6503 6330/6330
f 6330/6330 6503/6503 6500/6500
f 6330/6330 6500/6500 6314/6314
f 6314/6314 6500/6500 6452/6452
f 6314/6314 6452/6452 6250/6250
f 6250/6250 6452/6452 6416/6416
f 6250/6250 6416/6416 6222/6222
f 6222/6222 6416/6416 6364/6364
f 6222/6222 6364/6364 6206/6206
f 6206/6206 6364/6364 6232/6232
f 6206/6206 6232/6232 6189/6189
f 6189/6189 6232/6232 6188/6188
f 6189/6189 6188/6188 6149/6149
f 6149/6149 6188/6188 6098/6098
f 6149/6149 6098/6098 6108/6108
f 6108/6108 6098/6098 6038/6038
f 6108/6108 6038/6038 6088/6088
f 6088/6088 6038/6038 6006/6006
f 6088/6088 6006/6006 6072/6072
f 6072/6072 6006/6006 5962/5962
f 6072/6072 5962/5962 6056/6056
f 6056/6056 5962/5962 5942/5942
f 6056/6056 5942/5942 6044/6044
f 6044/6044 5942/5942 5923/5923
f 6044/6044 5923/5923 6060/6060
f 6060/6060 5923/5923 5943/5943
f 6060/6060 5943/5943 6076/6076
f 6076/6076 5943/5943 5963/5963
f 6076/6076 5963/5963 6092/6092
f 6092/6092 5963/5963 6007/6007
f 6092/6092 6007/6007 6112/6112
f 6112/6112 6007/6007 6039/6039
f 6112/6112 6039/6039 6153/6153
f 6153/6153 6039/6039 6099/6099
f 6153/6153 6099/6099 6193/6193
f 6193/6193 6099/6099 6197/6197
f 6193/6193 6197/6197 6210/6210
f 6210/6210 6197/6197 6233/6233
f 6186/6186 6184/6184 6205/6205
f 6205/6205 6184/6184 6203/6203
f 6205/6205 6203/6203 6221/6221
f 6221/6221 6203/6203 6219/6219
f 6221/6221 6219/6219 6249/6249
f 6249/6249 6219/6219 6247/6247
f 6249/6249 6247/6247 6313/6313
f 6313/6313 6247/6247 6311/6311
f 6313/6313 6311/6311 6329/6329
f 6329/6329 6311/6311 6327/6327
f 6329/6329 6327/6327 6357/6357
f 6357/6357 6327/6327 6355/6355
f 6357/6357 6355/6355 6325/6325
f 6325/6325 6355/6355 6323/6323
f 6325/6325 6323/6323 6309/6309
f 6309/6309 6323/6323 6307/6307
f 6309/6309 6307/6307 6245/6245
f 6245/6245 6307/6307 6243/6243
f 6245/6245 6243/6243 6217/6217
f 6217/6217 6243/6243 6215/6215
f 6217/6217 6215/6215 6201/6201
f 6201/6201 6215/6215 6199/6199
f 6201/6201 6199/6199 6182/6182
f 6182/6182 6199/6199 6180/6180
f 6182/6182 6180/6180 6144/6144
f 6144/6144 6180/6180 6142/6142
f 6144/6144 6142/6142 6103/6103
f 6103/6103 6142/6142 6101/6101
f 6103/6103 6101/6101 6083/6083
f 6083/6083 6101/6101 6081/6081
f 6083/6083 6081/6081 6067/6067
f 6067/6067 6081/6081 6065/6065
f 6067/6067 6065/6065 6051/6051
f 6051/6051 6065/6065 6049/6049
f 6051/6051 6049/6049 6043/6043
f 6043/6043 6049/6049 6041/6041
f 6043/6043 6041/6041 6055/6055
f 6055/6055 6041/6041 6053/6053
f 6055/6055 6053/6053 6071/6071
f 6071/6071 6053/6053 6069/6069
f 6071/6071 6069/6069 6087/6087
f 6087/6087 6069/6069 6085/6085
f 6087/6087 6085/6085 6107/6107
f 6107/6107 6085/6085 6105/6105
f 6107/6107 6105/6105 6148/6148
f 6148/6148 6105/6105 6146/6146
f 6148/6148 6146/6146 6186/6186
f 6186/6186 6146/6146 6184/6184
f 6202/6202 6231/6231 6218/6218
f 6218/6218 6231/6231 6363/6363
f 6218/6218 6363/6363 6246/6246
f 6246/6246 6363/6363 6415/6415
f 6246/6246 6415/6415 6310/6310
f 6310/6310 6415/6415 6451/6451
f 6310/6310 6451/6451 6326/6326
f 6326/6326 6451/6451 6499/6499
f 6326/6326 6499/6499 6354/6354
f 6354/6354 6499/6499 6502/6502
f 6354/6354 6502/6502 6322/6322
f 6322/6322 6502/6502 6498/6498
f 6322/6322 6498/6498 6306/6306
f 6306/6306 6498/6498 6450/6450
f 6306/6306 6450/6450 6242/6242
f 6242/6242 6450/6450 6414/6414
f 6242/6242 6414/6414 6214/6214
f 6214/6214 6414/6414 6362/6362
f 6214/6214 6362/6362 6198/6198
f 6198/6198 6362/6362 6230/6230
f 6198/6198 6230/6230 6179/6179
f 6179/6179 6230/6230 6178/6178
f 6179/6179 6178/6178 6141/6141
f 6141/6141 6178/6178 6096/6096
f 6141/6141 6096/6096 6100/6100
f 6100/6100 6096/6096 6036/6036
f 6100/6100 6036/6036 6080/6080
f 6080/6080 6036/6036 6004/6004
f 6080/6080 6004/6004 6064/6064
f 6064/6064 6004/6004 5960/5960
f 6064/6064 5960/5960 6048/6048
f 6048/6048 5960/5960 5940/5940
f 6048/6048 5940/5940 6040/6040
f 6040/6040 5940/5940 5922/5922
f 6040/6040 5922/5922 6052/6052
f 6052/6052 5922/5922 5941/5941
f 6052/6052 5941/5941 6068/6068
f 6068/6068 5941/5941 5961/5961
f 6068/6068 5961/5961 6084/6084
f 6084/6084 5961/5961 6005/6005
f 6084/6084 6005/6005 6104/6104
f 6104/6104 6005/6005 6037/6037
f 6104/6104 6037/6037 6145/6145
f 6145/6145 6037/6037 6097/6097
f 6145/6145 6097/6097 6183/6183
f 6183/6183 6097/6097 6187/6187
f 6183/6183 6187/6187 6202/6202
f 6202/6202 6187/6187 6231/6231
f 4205/4205 4203/4203 4224/4224
f 4224/4224 4203/4203 4222/4222
f 4224/4224 4222/4222 4240/4240
f 4240/4240 4222/4222 4238/4238
f 4240/4240 4238/4238 4260/4260
f 4260/4260 4238/4238 4258/4258
f 4260/4260 4258/4258 4276/4276
f 4276/4276 4258/4258 4274/4274
f 4276/4276 4274/4274 4292/4292
f 4292/4292 4274/4274 4290/4290
f 4292/4292 4290/4290 4304/4304
f 4304/4304 4290/4290 4302/4302
f 4304/4304 4302/4302 4288/4288
f 4288/4288 4302/4302 4286/4286
f 4288/4288 4286/4286 4272/4272
f 4272/4272 4286/4286 4270/4270
f 4272/4272 4270/4270 4256/4256
f 4256/4256 4270/4270 4254/4254
f 4256/4256 4254/4254 4236/4236
f 4236/4236 4254/4254 4234/4234
f 4236/4236 4234/4234 4220/4220
f 4220/4220 4234/4234 4218/4218
f 4220/4220 4218/4218 4201/4201
f 4201/4201 4218/4218 4199/4199
f 4201/4201 4199/4199 4176/4176
f 4176/4176 4199/4199 4174/4174
f 4176/4176 4174/4174 4154/4154
f 4154/4154 4174/4174 4152/4152
f 4154/4154 4152/4152 4134/4134
f 4134/4134 4152/4152 4132/4132
f 4134/4134 4132/4132 4118/4118
f 4118/4118 4132/4132 4116/4116
f 4118/4118 4116/4116 4102/4102
f 4102/4102 4116/4116 4100/4100
f 4102/4102 4100/4100 4090/4090
f 4090/4090 4100/4100 4088/4088
f 4090/4090 4088/4088 4106/4106
f 4106/4106 4088/4088 4104/4104
f 4106/4106 4104/4104 4122/4122
f 4122/4122 4104/4104 4120/4120
f 4122/4122 4120/4120 4138/4138
f 4138/4138 4120/4120 4136/4136
f 4138/4138 4136/4136 4158/4158
f 4158/4158 4136/4136 4156/4156
f 4158/4158 4156/4156 4180/4180
f 4180/4180 4156/4156 4178/4178
f 4180/4180 4178/4178 4205/4205
f 4205/4205 4178/4178 4203/4203
f 4221/4221 4250/4250 4237/4237
f 4237/4237 4250/4250 4310/4310
f 4237/4237 4310/4310 4257/4257
f 4257/4257 4310/4310 4322/4322
f 4257/4257 4322/4322 4273/4273
f 4273/4273 4322/4322 4358/4358
f 4273/4273 4358/4358 4289/4289
f 4289/4289 4358/4358 4362/4362
f 4289/4289 4362/4362 4301/4301
f 4301/4301 4362/4362 4365/4365
f 4301/4301 4365/4365 4285/4285
f 4285/4285 4365/4365 4361/4361
f 4285/4285 4361/4361 4269/4269
f 4269/4269 4361/4361 4357/4357
f 4269/4269 4357/4357 4253/4253
f 4253/4253 4357/4357 4321/4321
f 4253/4253 4321/4321 4233/4233
f 4233/4233 4321/4321 4309/4309
f 4233/4233 4309/4309 4217/4217
f 4217/4217 4309/4309 4249/4249
f 4217/4217 4249/4249 4198/4198
f 4198/4198 4249/4249 4197/4197
f 4198/4198 4197/4197 4173/4173
f 4173/4173 4197/4197 4147/4147
f 4173/4173 4147/4147 4151/4151
f 4151/4151 4147/4147 4083/4083
f 4151/4151 4083/4083 4131/4131
f 4131/4131 4083/4083 4079/4079
f 4131/4131 4079/4079 4115/4115
f 4115/4115 4079/4079 4075/4075
f 4115/4115 4075/4075 4099/4099
f 4099/4099 4075/4075 4034/4034
f 4099/4099 4034/4034 4087/4087
f 4087/4087 4034/4034 4032/4032
f 4087/4087 4032/4032 4103/4103
f 4103/4103 4032/4032 4035/4035
f 4103/4103 4035/4035 4119/4119
f 4119/4119 4035/4035 4076/4076
f 4119/4119 4076/4076 4135/4135
f 4135/4135 4076/4076 4080/4080
f 4135/4135 4080/4080 4155/4155
f 4155/4155 4080/4080 4084/4084
f 4155/4155 4084/4084 4177/4177
f 4177/4177 4084/4084 4148/4148
f 4177/4177 4148/4148 4202/4202
f 4202/4202 4148/4148 4206/4206
f 4202/4202 4206/4206 4221/4221
f 4221/4221 4206/4206 4250/4250
f 2464/2464 2462/2462 2519/2519
f 2519/2519 2462/2462 2517/2517
f 2519/2519 2517/2517 2569/2569
f 2569/2569 2517/2517 2567/2567
f 2569/2569 2567/2567 2605/2605
f 2605/2605 2567/2567 2603/2603
f 2605/2605 2603/2603 2629/2629
f 2629/2629 2603/2603 2627/2627
f 2629/2629 2627/2627 2645/2645
f 2645/2645 2627/2627 2643/2643
f 2645/2645 2643/2643 2661/2661
f 2661/2661 2643/2643 2659/2659
f 2661/2661 2659/2659 2641/2641
f 2641/2641 2659/2659 2639/2639
f 2641/2641 2639/2639 2625/2625
f 2625/2625 2639/2639 2623/2623
f 2625/2625 2623/2623 2601/2601
f 2601/2601 2623/2623 2599/2599
f 2601/2601 2599/2599 2565/2565
f 2565/2565 2599/2599 2563/2563
f 2565/2565 2563/2563 2515/2515
f 2515/2515 2563/2563 2513/2513
f 2515/2515 2513/2513 2460/2460
f 2460/2460 2513/2513 2458/2458
f 2460/2460 2458/2458 2419/2419
f 2419/2419 2458/2458 2417/2417
f 2419/2419 2417/2417 2383/2383
f 2383/2383 2417/2417 2381/2381
f 2383/2383 2381/2381 2339/2339
f 2339/2339 2381/2381 2337/2337
f 2339/2339 2337/2337 2311/2311
f 2311/2311 2337/2337 2309/2309
f 2311/2311 2309/2309 2264/2264
f 2264/2264 2309/2309 2262/2262
f 2264/2264 2262/2262 2256/2256
f 2256/2256 2262/2262 2254/2254
f 2256/2256 2254/2254 2268/2268
f 2268/2268 2254/2254 2266/2266
f 2268/2268 2266/2266 2315/2315
f 2315/2315 2266/2266 2313/2313
f 2315/2315 2313/2313 2343/2343
f 2343/2343 2313/2313 2341/2341
f 2343/2343 2341/2341 2387/2387
f 2387/2387 2341/2341 2385/2385
f 2387/2387 2385/2385 2423/2423
f 2423/2423 2385/2385 2421/2421
f 2423/2423 2421/2421 2464/2464
f 2464/2464 2421/2421 2462/2462
f 2516/2516 2579/2579 2566/2566
f 2566/2566 2579/2579 2667/2667
f 2566/2566 2667/2667 2602/2602
f 2602/2602 2667/2667 2732/2732
f 2602/2602 2732/2732 2626/2626
f 2626/2626 2732/2732 2752/2752
f 2626/2626 2752/2752 2642/2642
f 2642/2642 2752/2752 2774/2774
f 2642/2642 2774/2774 2658/2658
f 2658/2658 2774/2774 2777/2777
f 2658/2658 2777/2777 2638/2638
f 2638/2638 2777/2777 2773/2773
f 2638/2638 2773/2773 2622/2622
f 2622/2622 2773/2773 2751/2751
f 2622/2622 2751/2751 2598/2598
f 2598/2598 2751/2751 2731/2731
f 2598/2598 2731/2731 2562/2562
f 2562/2562 2731/2731 2666/2666
f 2562/2562 2666/2666 2512/2512
f 2512/2512 2666/2666 2578/2578
f 2512/2512 2578/2578 2457/2457
f 2457/2457 2578/2578 2456/2456
f 2457/2457 2456/2456 2416/2416
f 2416/2416 2456/2456 2376/2376
f 2416/2416 2376/2376 2380/2380
f 2380/2380 2376/2376 2249/2249
f 2380/2380 2249/2249 2336/2336
f 2336/2336 2249/2249 2205/2205
f 2336/2336 2205/2205 2308/2308
f 2308/2308 2205/2205 2201/2201
f 2308/2308 2201/2201 2261/2261
f 2261/2261 2201/2201 2197/2197
f 2261/2261 2197/2197 2253/2253
f 2253/2253 2197/2197 2195/2195
f 2253/2253 2195/2195 2265/2265
f 2265/2265 2195/2195 2198/2198
f 2265/2265 2198/2198 2312/2312
f 2312/2312 2198/2198 2202/2202
f 2312/2312 2202/2202 2340/2340
f 2340/2340 2202/2202 2206/2206
f 2340/2340 2206/2206 2384/2384
f 2384/2384 2206/2206 2250/2250
f 2384/2384 2250/2250 2420/2420
f 2420/2420 2250/2250 2377/2377
f 2420/2420 2377/2377 2461/2461
f 2461/2461 2377/2377 2465/2465
f 2461/2461 2465/2465 2516/2516
f 2516/2516 2465/2465 2579/2579
f 517/517 515/515 556/556
f 556/556 515/515 554/554
f 556/556 554/554 576/576
f 576/576 554/554 574/574
f 576/576 574/574 639/639
f 639/639 574/574 637/637
f 639/639 637/637 655/655
f 655/655 637/637 653/653
f 655/655 653/653 671/671
f 671/671 653/653 669/669
f 671/671 669/669 683/683
f 683/683 669/669 681/681
f 683/683 681/681 667/667
f 667/667 681/681 665/665
f 667/667 665/665 651/651
f 651/651 665/665 649/649
f 651/651 649/649 635/635
f 635/635 649/649 633/633
f 635/635 633/633 572/572
f 572/572 633/633 570/570
f 572/572 570/570 552/552
f 552/552 570/570 550/550
f 552/552 550/550 513/513
f 513/513 550/550 511/511
f 513/513 511/511 486/486
f 486/486 511/511 484/484
f 486/486 484/484 452/452
f 452/452 484/484 450/450
f 452/452 450/450 413/413
f 413/413 450/450 411/411
f 413/413 411/411 339/339
f 339/339 411/411 337/337
f 339/339 337/337 323/323
f 323/323 337/337 321/321
f 323/323 321/321 299/299
f 299/299 321/321 297/297
f 299/299 297/297 327/327
f 327/327 297/297 325/325
f 327/327 325/325 343/343
f 343/343 325/325 341/341
f 343/343 341/341 417/417
f 417/417 341/341 415/415
f 417/417 415/415 456/456
f 456/456 415/415 454/454
f 456/456 454/454 490/490
f 490/490 454/454 488/488
f 490/490 488/488 517/517
f 517/517 488/488 515/515
f 475/475 499/499 518/518
f 473/473 514/514 465/465
f 465/465 514/514 487/487
f 392/392 434/434 453/453
f 453/453 434/434 442/442
f 453/453 442/442 487/487
f 487/487 442/442 447/447
f 487/487 447/447 465/465
f 473/473 475/475 514/514
f 514/514 475/475 518/518
f 514/514 518/518 553/553
f 553/553 518/518 586/586
f 553/553 586/586 573/573
f 573/573 586/586 689/689
f 573/573 689/689 636/636
f 636/636 689/689 697/697
f 636/636 697/697 652/652
f 652/652 697/697 701/701
f 652/652 701/701 668/668
f 668/668 701/701 705/705
f 668/668 705/705 680/680
f 680/680 705/705 708/708
f 680/680 708/708 664/664
f 664/664 708/708 704/704
f 664/664 704/704 648/648
f 648/648 704/704 700/700
f 648/648 700/700 632/632
f 632/632 700/700 696/696
f 632/632 696/696 569/569
f 569/569 696/696 688/688
f 569/569 688/688 549/549
f 549/549 688/688 585/585
f 549/549 585/585 510/510
f 510/510 585/585 509/509
f 510/510 509/509 483/483
f 483/483 509/509 444/444
f 483/483 444/444 449/449
f 449/449 444/444 284/284
f 449/449 284/284 410/410
f 410/410 284/284 204/204
f 410/410 204/204 336/336
f 336/336 204/204 146/146
f 336/336 146/146 320/320
f 320/320 146/146 79/79
f 320/320 79/79 296/296
f 296/296 79/79 77/77
f 296/296 77/77 324/324
f 324/324 77/77 80/80
f 324/324 80/80 340/340
f 340/340 80/80 147/147
f 340/340 147/147 414/414
f 414/414 147/147 205/205
f 414/414 205/205 453/453
f 453/453 205/205 285/285
f 453/453 285/285 392/392
f 527/527 525/525 564/564
f 564/564 525/525 562/562
f 564/564 562/562 584/584
f 584/584 562/562 582/582
f 584/584 582/582 647/647
f 647/647 582/582 645/645
f 647/647 645/645 663/663
f 663/663 645/645 661/661
f 663/663 661/661 679/679
f 679/679 661/661 677/677
f 679/679 677/677 687/687
f 687/687 677/677 685/685
f 687/687 685/685 675/675
f 675/675 685/685 673/673
f 675/675 673/673 659/659
f 659/659 673/673 657/657
f 659/659 657/657 643/643
f 643/643 657/657 641/641
f 643/643 641/641 580/580
f 580/580 641/641 578/578
f 580/580 578/578 560/560
f 560/560 578/578 558/558
f 560/560 558/558 523/523
f 523/523 558/558 521/521
f 523/523 521/521 494/494
f 494/494 521/521 492/492
f 494/494 492/492 460/460
f 460/460 492/492 458/458
f 460/460 458/458 421/421
f 421/421 458/458 419/419
f 421/421 419/419 347/347
f 347/347 419/419 345/345
f 347/347 345/345 331/331
f 331/331 345/345 329/329
f 331/331 329/329 303/303
f 303/303 329/329 301/301
f 303/303 301/301 335/335
f 335/335 301/301 333/333
f 335/335 333/333 351/351
f 351/351 333/333 349/349
f 351/351 349/349 425/425
f 425/425 349/349 423/423
f 425/425 423/423 464/464
f 464/464 423/423 462/462
f 464/464 462/462 498/498
f 498/498 462/462 496/496
f 498/498 496/496 527/527
f 527/527 496/496 525/525
f 561/561 588/588 581/581
f 581/581 588/588 691/691
f 581/581 691/691 644/644
f 644/644 691/691 699/699
f 644/644 699/699 660/660
f 660/660 699/699 703/703
f 660/660 703/703 676/676
f 676/676 703/703 707/707
f 676/676 707/707 684/684
f 684/684 707/707 709/709
f 684/684 709/709 672/672
f 672/672 709/709 706/706
f 672/672 706/706 656/656
f 656/656 706/706 702/702
f 656/656 702/702 640/640
f 640/640 702/702 698/698
f 640/640 698/698 577/577
f 577/577 698/698 690/690
f 577/577 690/690 557/557
f 557/557 690/690 587/587
f 557/557 587/587 520/520
f 520/520 587/587 519/519
f 520/520 519/519 491/491
f 491/491 519/519 445/445
f 491/491 445/445 457/457
f 457/457 445/445 286/286
f 457/457 286/286 418/418
f 418/418 286/286 206/206
f 418/418 206/206 344/344
f 344/344 206/206 148/148
f 344/344 148/148 328/328
f 328/328 148/148 81/81
f 328/328 81/81 300/300
f 300/300 81/81 78/78
f 300/300 78/78 332/332
f 332/332 78/78 82/82
f 332/332 82/82 348/348
f 348/348 82/82 149/149
f 348/348 149/149 422/422
f 422/422 149/149 207/207
f 422/422 207/207 461/461
f 461/461 207/207 287/287
f 461/461 287/287 495/495
f 495/495 287/287 446/446
f 495/495 446/446 524/524
f 524/524 446/446 528/528
f 524/524 528/528 561/561
f 561/561 528/528 588/588
