v -0.0236399785 -0.236718123 0.0618824278
v -0.0236399785 -0.236715798 0.0618845735
v -0.0236399785 -0.236775105 0.0620201145
v -0.0236399785 -0.236805801 0.0620201145
v -0.0236399785 -0.236805801 0.0618633543
v -0.0236399785 -0.236776297 0.0618633543
v -0.0236399785 -0.236747925 0.0618668113
v -0.0236399785 -0.236731176 0.0618732486
v -0.0236399785 -0.236706738 0.0618955408
v -0.0236399785 -0.236699407 0.0619103227
v -0.0236399785 -0.236695056 0.0619283233
v -0.0236399785 -0.236694102 0.0619437013
v -0.0236399785 -0.236697142 0.0619693313
v -0.0236399785 -0.236702924 0.0619841133
v -0.0236399785 -0.236710792 0.0619955574
v -0.0236399785 -0.236716394 0.062001041
v -0.0236399785 -0.236748939 0.0620172535
v -0.0236399785 -0.236731296 0.0620109354
v -0.0236399785 -0.237318103 0.0618974481
v -0.0236399785 -0.237318103 0.0618991171
v -0.0236399785 -0.237376754 0.0618995939
v -0.0236399785 -0.237318103 0.0619130645
v -0.0236399785 -0.237352078 0.0619085346
v -0.0236399785 -0.23736835 0.0619046007
v -0.0236399785 -0.237374012 0.0619017397
v -0.0236399785 -0.237319772 0.0618861232
v -0.0236399785 -0.237379794 0.0618957792
v -0.0236399785 -0.237323527 0.0618769441
v -0.0236399785 -0.237378304 0.0618663345
v -0.0236399785 -0.237376099 0.0618641887
v -0.0236399785 -0.23733223 0.0618663345
v -0.0236399785 -0.237381165 0.061870626
v -0.0236399785 -0.237339382 0.0618615661
v -0.0236399785 -0.237347131 0.0618587051
v -0.0236399785 -0.237356667 0.0618576322
v -0.0236399785 -0.237382059 0.0618910108
v -0.0236399785 -0.237383311 0.0618851696
v -0.0236399785 -0.237329011 0.0618694339
v -0.0236399785 -0.23738349 0.0618811164
v -0.0236399785 -0.237382834 0.0618752752
v -0.0236399785 -0.237371032 0.0618607317
v -0.0236399785 -0.23736531 0.0618585859
v -0.0236399785 -0.236776655 0.0622184787
v -0.0236299649 -0.236776655 0.0622184787
v -0.0236399785 -0.23685128 0.0622184787
v -0.0236299649 -0.236861353 0.0622184787
v -0.0236399785 -0.236861353 0.0622184787
v -0.0264812127 -0.237500076 0.0612599168
v -0.0262441055 -0.237500076 0.0612599168
v -0.0264812127 -0.237500076 0.0611599002
v -0.0262441055 -0.237500076 0.0611599002
v -0.0262889281 -0.237000053 0.0612599168
v -0.0262889281 -0.237448816 0.0612599168
v -0.0262889281 -0.237000053 0.0611599002
v -0.0262889281 -0.237448816 0.0611599002
v -0.0269868985 -0.237121885 0.0612599168
v -0.0270261184 -0.237091844 0.0612599168
v -0.0270114556 -0.237073426 0.0612599168
v -0.0270261184 -0.237408047 0.0612599168
v -0.0269868985 -0.237378304 0.0612599168
v -0.026982011 -0.2374543 0.0612599168
v -0.026959242 -0.237406199 0.0612599168
v -0.0269302741 -0.237486963 0.0612599168
v -0.0269150153 -0.237436538 0.0612599168
v -0.0268734113 -0.237506275 0.0612599168
v -0.0268668548 -0.237454717 0.0612599168
v -0.0268335954 -0.237511997 0.0612599168
v -0.026808323 -0.237461631 0.0612599168
v -0.026946725 -0.237083082 0.0612599168
v -0.0269808189 -0.23704428 0.0612599168
v -0.0268997565 -0.237056498 0.0612599168
v -0.0269263402 -0.237011259 0.0612599168
v -0.026877822 -0.23704875 0.0612599168
v -0.0268808023 -0.236995642 0.0612599168
v -0.0268226281 -0.237039154 0.0612599168
v -0.0268079654 -0.236987238 0.0612599168
v -0.0268052236 -0.237038558 0.0612599168
v -0.0267680303 -0.236989622 0.0612599168
v -0.0267460958 -0.237045829 0.0612599168
v -0.0267069951 -0.237004106 0.0612599168
v -0.0266950742 -0.237065618 0.0612599168
v -0.0266540662 -0.237031047 0.0612599168
v -0.0266490594 -0.237097924 0.0612599168
v -0.0266019717 -0.237076645 0.0612599168
v -0.0266179458 -0.237134163 0.0612599168
v -0.0265676395 -0.237125878 0.0612599168
v -0.0265956536 -0.237178509 0.0612599168
v -0.0265472547 -0.237178867 0.0612599168
v -0.0265849248 -0.237227087 0.0612599168
v -0.02653891 -0.237247174 0.0612599168
v -0.0265838519 -0.237250571 0.0612599168
v -0.0265904084 -0.237305706 0.0612599168
v -0.0265459434 -0.237313156 0.0612599168
v -0.0266062633 -0.23734719 0.0612599168
v -0.0265660897 -0.237370675 0.0612599168
v -0.0266332046 -0.237386351 0.0612599168
v -0.0266023294 -0.237425451 0.0612599168
v -0.026669325 -0.237419372 0.0612599168
v -0.0266223565 -0.237446253 0.0612599168
v -0.026717724 -0.237445776 0.0612599168
v -0.0266707555 -0.237480943 0.0612599168
v -0.0267685071 -0.237458889 0.0612599168
v -0.0267305986 -0.237503951 0.0612599168
v -0.0268085614 -0.237512891 0.0612599168
v -0.02653891 -0.237247174 0.0611599002
v -0.0265459434 -0.237313156 0.0611599002
v -0.0265660897 -0.237370675 0.0611599002
v -0.0266023294 -0.237425451 0.0611599002
v -0.0269868985 -0.237378304 0.0611599002
v -0.026959242 -0.237406199 0.0611599002
v -0.0269150153 -0.237436538 0.0611599002
v -0.0268668548 -0.237454717 0.0611599002
v -0.026808323 -0.237461631 0.0611599002
v -0.0267685071 -0.237458889 0.0611599002
v -0.026717724 -0.237445776 0.0611599002
v -0.026669325 -0.237419372 0.0611599002
v -0.0266332046 -0.237386351 0.0611599002
v -0.0266062633 -0.23734719 0.0611599002
v -0.0265904084 -0.237305706 0.0611599002
v -0.0265838519 -0.237250571 0.0611599002
v -0.0268052236 -0.237038558 0.0611599002
v -0.0268226281 -0.237039154 0.0611599002
v -0.026877822 -0.23704875 0.0611599002
v -0.0268997565 -0.237056498 0.0611599002
v -0.026946725 -0.237083082 0.0611599002
v -0.0269868985 -0.237121885 0.0611599002
v -0.0270261184 -0.237091844 0.0611599002
v -0.0270114556 -0.237073426 0.0611599002
v -0.0269808189 -0.23704428 0.0611599002
v -0.0269263402 -0.237011259 0.0611599002
v -0.0268808023 -0.236995642 0.0611599002
v -0.0268079654 -0.236987238 0.0611599002
v -0.0271287576 -0.237500076 0.0612599168
v -0.0274108068 -0.237500076 0.0612599168
v -0.0274108068 -0.237448816 0.0612599168
v -0.0271735803 -0.237448816 0.0612599168
v -0.0271735803 -0.237256472 0.0612599168
v -0.0271287576 -0.237000053 0.0612599168
v -0.0274108068 -0.237051373 0.0612599168
v -0.0274108068 -0.237000053 0.0612599168
v -0.0271735803 -0.237051373 0.0612599168
v -0.0271735803 -0.237205212 0.0612599168
v -0.0274108068 -0.237205212 0.0612599168
v -0.0274108068 -0.237256472 0.0612599168
v -0.0271735803 -0.237256472 0.0611599002
v -0.0271735803 -0.237448816 0.0611599002
v -0.0274108068 -0.237256472 0.0611599002
v -0.0274108068 -0.237205212 0.0611599002
v -0.0271735803 -0.237051373 0.0611599002
v -0.0271735803 -0.237205212 0.0611599002
v -0.0274108068 -0.237000053 0.0611599002
v -0.0274108068 -0.237051373 0.0611599002
v -0.0271287576 -0.237000053 0.0611599002
v -0.0271287576 -0.237500076 0.0611599002
v -0.0275805608 -0.237051373 0.0612599168
v -0.0275805608 -0.237051373 0.0611599002
v -0.0276578084 -0.237053697 0.0611599002
v -0.0276578084 -0.237053697 0.0612599168
v -0.0277342216 -0.23706538 0.0611599002
v -0.0277342216 -0.23706538 0.0612599168
v -0.0275453941 -0.237051373 0.0612599168
v -0.0275453941 -0.237448816 0.0612599168
v -0.0275453941 -0.237051373 0.0611599002
v -0.0275453941 -0.237448816 0.0611599002
v -0.0279107705 -0.237256412 0.0612599168
v -0.0279107705 -0.237256412 0.0611599002
v -0.0279100553 -0.237233226 0.0611599002
v -0.0279100553 -0.237233226 0.0612599168
v -0.0279000417 -0.237172668 0.0611599002
v -0.0279000417 -0.237172668 0.0612599168
v -0.0278790609 -0.237120514 0.0611599002
v -0.0278790609 -0.237120514 0.0612599168
v -0.027847232 -0.237075393 0.0611599002
v -0.027847232 -0.237075393 0.0612599168
v -0.0278107539 -0.237043684 0.0611599002
v -0.0278107539 -0.237043684 0.0612599168
v -0.02776009 -0.237018113 0.0611599002
v -0.02776009 -0.237018113 0.0612599168
v -0.0276815311 -0.237003152 0.0611599002
v -0.0276815311 -0.237003152 0.0612599168
v -0.0276014224 -0.237000053 0.0611599002
v -0.0276014224 -0.237000053 0.0612599168
v -0.0275004522 -0.237000053 0.0612599168
v -0.0275004522 -0.237000053 0.0611599002
v -0.0275004522 -0.237500076 0.0612599168
v -0.0275004522 -0.237500076 0.0611599002
v -0.0283028499 -0.237288539 0.0612599168
v -0.0282147542 -0.237097566 0.0612599168
v -0.0283028499 -0.237288539 0.0611599002
v -0.0282147542 -0.237097566 0.0611599002
v -0.0284492389 -0.237500076 0.0612599168
v -0.0282184497 -0.237000053 0.0612599168
v -0.0282120124 -0.237000053 0.0612599168
v -0.0281241552 -0.237288539 0.0612599168
v -0.0279749051 -0.237500076 0.0612599168
v -0.0280237809 -0.237500076 0.0612599168
v -0.0280998365 -0.237339799 0.0612599168
v -0.0284004823 -0.237500076 0.0612599168
v -0.0283265725 -0.237339799 0.0612599168
v -0.0279749051 -0.237500076 0.0611599002
v -0.0282120124 -0.237000053 0.0611599002
v -0.0280237809 -0.237500076 0.0611599002
v -0.0284492389 -0.237500076 0.0611599002
v -0.0284004823 -0.237500076 0.0611599002
v -0.0245899573 -0.236550097 0.0689498697
v -0.0245899573 -0.236550097 0.0631999288
v -0.0245899573 -0.236300056 0.0691998516
v -0.0245899573 -0.235910063 0.0631999288
v -0.0245899573 -0.236160104 0.0691998516
v -0.0245899573 -0.235910063 0.0689498697
v -0.025229992 -0.236300056 0.0691998516
v -0.025229992 -0.236550097 0.0689498697
v -0.025229992 -0.236160104 0.0576599155
v -0.025229992 -0.236300056 0.0576599155
v -0.025229992 -0.235910063 0.0579098974
v -0.025229992 -0.236550097 0.0579098974
v -0.025229992 -0.235910063 0.0611599002
v -0.025229992 -0.236550097 0.0611599002
v -0.0245899573 -0.236550097 0.0579098974
v -0.0245899573 -0.236300056 0.0576599155
v -0.0245899573 -0.238700097 0.0691998516
v -0.0245899573 -0.238840108 0.0691998516
v -0.0245899573 -0.238450055 0.0689498697
v -0.0245899573 -0.23909009 0.0689498697
v -0.0245899573 -0.238450055 0.0631999288
v -0.0245899573 -0.23909009 0.0631999288
v -0.025229992 -0.238700097 0.0691998516
v -0.025229992 -0.238840108 0.0691998516
v -0.025229992 -0.23909009 0.0689498697
v -0.025229992 -0.23909009 0.0631999288
v -0.025229992 -0.23909009 0.0611599002
v -0.025229992 -0.23909009 0.0579098974
v -0.0245899573 -0.23909009 0.0611599002
v -0.0245899573 -0.23909009 0.0579098974
v -0.025229992 -0.238700097 0.0576599155
v -0.025229992 -0.238840108 0.0576599155
v -0.025229992 -0.238450055 0.0579098974
v -0.025229992 -0.238450055 0.0611599002
v -0.0245899573 -0.238840108 0.0576599155
v -0.0245899573 -0.238700097 0.0576599155
v -0.0271299497 -0.236160104 0.0691998516
v -0.0271299497 -0.236300056 0.0691998516
v -0.0271299497 -0.235910063 0.0689498697
v -0.0271299497 -0.236550097 0.0689498697
v -0.0271299497 -0.235910063 0.0631999288
v -0.0271299497 -0.236550097 0.0631999288
v -0.0277699844 -0.235910063 0.0631999288
v -0.0277699844 -0.236550097 0.0631999288
v -0.0277699844 -0.235910063 0.0689498697
v -0.0277699844 -0.236550097 0.0689498697
v -0.0277699844 -0.236160104 0.0691998516
v -0.0277699844 -0.236300056 0.0691998516
v -0.0271299497 -0.235910063 0.0611599002
v -0.0271299497 -0.235910063 0.0579098974
v -0.0274556295 -0.235910063 0.0611599002
v -0.0277699844 -0.235910063 0.0579098974
v -0.0277699844 -0.235910063 0.0611599002
v -0.0277699844 -0.236160104 0.0576599155
v -0.0271299497 -0.236160104 0.0576599155
v -0.0277699844 -0.238450055 0.0631999288
v -0.0277699844 -0.23909009 0.0631999288
v -0.0277699844 -0.238450055 0.0689498697
v -0.0277699844 -0.23909009 0.0689498697
v -0.0277699844 -0.238700097 0.0691998516
v -0.0277699844 -0.238840108 0.0691998516
v -0.0271299497 -0.238450055 0.0689498697
v -0.0271299497 -0.238450055 0.0631999288
v -0.0271299497 -0.238840108 0.0691998516
v -0.0271299497 -0.23909009 0.0689498697
v -0.0277699844 -0.23909009 0.0611599002
v -0.0277699844 -0.23909009 0.0579098974
v -0.0274556295 -0.23909009 0.0611599002
v -0.0271299497 -0.23909009 0.0579098974
v -0.0271299497 -0.23909009 0.0611599002
v -0.0271299497 -0.238450055 0.0611599002
v -0.0271299497 -0.238450055 0.0579098974
v -0.0274556295 -0.238450055 0.0611599002
v -0.0277699844 -0.238450055 0.0579098974
v -0.0277699844 -0.238450055 0.0611599002
v -0.0271299497 -0.238840108 0.0576599155
v -0.0271299497 -0.238700097 0.0576599155
v -0.0277699844 -0.238840108 0.0576599155
v -0.0277699844 -0.238700097 0.0576599155
v 0.0193999394 -0.200900023 0.071899942
v 0.0218058213 -0.200900023 0.071899942
v 0.0193999394 -0.200900023 0.0708998953
v 0.0235555753 -0.200900023 0.071899942
v 0.0275999888 -0.200900023 0.0708998953
v 0.024262844 -0.200900023 0.071899942
v 0.0248482808 -0.200900023 0.071899942
v 0.0252131804 -0.200900023 0.071899942
v 0.0255994185 -0.200900023 0.071899942
v 0.0275999888 -0.200900023 0.071899942
v 0.0239794835 -0.201848929 0.0718988691
v 0.0239794835 -0.201848929 0.071899942
v 0.0239048585 -0.201840525 0.071899942
v 0.0239048585 -0.201840525 0.0718988691
v 0.0238465651 -0.201819067 0.071899942
v 0.0238465651 -0.201819067 0.0718988691
v 0.0237974509 -0.201785986 0.071899942
v 0.0237974509 -0.201785986 0.0718988691
v 0.0237599 -0.201746409 0.071899942
v 0.0237599 -0.201746409 0.0718988691
v 0.023726879 -0.201690917 0.071899942
v 0.023726879 -0.201690917 0.0718988691
v 0.0237050637 -0.201622133 0.071899942
v 0.0237050637 -0.201622133 0.0718988691
v 0.0236969575 -0.201535528 0.071899942
v 0.0236969575 -0.201535528 0.0718988691
v 0.0270000085 -0.202250009 0.0748998438
v 0.0270000085 -0.202250009 0.0708998953
v 0.0267218932 -0.202281361 0.0708998953
v 0.0267218932 -0.202281361 0.0748998438
v 0.0264576062 -0.202373807 0.0708998953
v 0.0264576062 -0.202373807 0.0748998438
v 0.0262206181 -0.2025227 0.0708998953
v 0.0262206181 -0.2025227 0.0748998438
v 0.0260227307 -0.202720647 0.0708998953
v 0.0260227307 -0.202720647 0.0748998438
v 0.0258737191 -0.202957635 0.0708998953
v 0.0258737191 -0.202957635 0.0748998438
v 0.0257813319 -0.203221862 0.0708998953
v 0.0257813319 -0.203221862 0.0748998438
v 0.0257499799 -0.203500037 0.0708998953
v 0.0257499799 -0.203500037 0.0748998438
v 0.0270000085 -0.204750006 0.0708998953
v 0.0270000085 -0.204450016 0.0708998953
v 0.0270000085 -0.204750006 0.0748998438
v 0.0270000085 -0.204450016 0.0748998438
v 0.0220000132 -0.204750006 0.0748998438
v 0.0220000132 -0.204750006 0.0708998953
v 0.0222991093 -0.204713707 0.0708998953
v 0.0222991093 -0.204713707 0.0748998438
v 0.0225809201 -0.204606836 0.0708998953
v 0.0225809201 -0.204606836 0.0748998438
v 0.0228288754 -0.204435651 0.0708998953
v 0.0228288754 -0.204435651 0.0748998438
v 0.0230286702 -0.204210107 0.0708998953
v 0.0230286702 -0.204210107 0.0748998438
v 0.0231687411 -0.203943257 0.0708998953
v 0.0231687411 -0.203943257 0.0748998438
v 0.0232408627 -0.203650658 0.0708998953
v 0.0232408627 -0.203650658 0.0748998438
v 0.0232408627 -0.203349357 0.0708998953
v 0.0232408627 -0.203349357 0.0748998438
v 0.0231687411 -0.203056757 0.0708998953
v 0.0231687411 -0.203056757 0.0748998438
v 0.0230286702 -0.202789907 0.0708998953
v 0.0230286702 -0.202789907 0.0748998438
v 0.0228288754 -0.202564363 0.0708998953
v 0.0228288754 -0.202564363 0.0748998438
v 0.0225809201 -0.202393179 0.0708998953
v 0.0225809201 -0.202393179 0.0748998438
v 0.0222991093 -0.202286308 0.0708998953
v 0.0222991093 -0.202286308 0.0748998438
v 0.0220000132 -0.202250009 0.0708998953
v 0.0220000132 -0.202250009 0.0748998438
v 0.0220000132 -0.204450016 0.0708998953
v 0.0220000132 -0.204450016 0.0748998438
v 0.0259684905 -0.201280599 0.0718988691
v 0.025849162 -0.201614802 0.0718988691
v 0.0259684905 -0.201280599 0.071899942
v 0.025849162 -0.201614802 0.071899942
v 0.0267218932 -0.204718654 0.0748998438
v 0.0267540797 -0.204417651 0.0748998438
v 0.0264576062 -0.204626207 0.0748998438
v 0.0265249595 -0.20432276 0.0748998438
v 0.0262206181 -0.204477315 0.0748998438
v 0.0263282641 -0.204171782 0.0748998438
v 0.0270000085 -0.202549999 0.0748998438
v 0.0267540797 -0.202582364 0.0748998438
v 0.0265249595 -0.202677314 0.0748998438
v 0.0263282641 -0.202828233 0.0748998438
v 0.026177226 -0.203024988 0.0748998438
v 0.0260823354 -0.203254108 0.0748998438
v 0.0260500296 -0.203500037 0.0748998438
v 0.0260823354 -0.203745906 0.0748998438
v 0.0257813319 -0.203778152 0.0748998438
v 0.026177226 -0.203975027 0.0748998438
v 0.0258737191 -0.20404238 0.0748998438
v 0.0260227307 -0.204279368 0.0748998438
v 0.0218499287 -0.204234843 0.0631999288
v 0.0218499287 -0.203650002 0.0631999288
v 0.0218499287 -0.203650002 0.0691998516
v 0.0218499287 -0.204741006 0.0691998516
v 0.0218499287 -0.204741006 0.0636998926
v 0.021850048 -0.204421465 0.0632348571
v 0.021850048 -0.204333906 0.0632094656
v 0.021850048 -0.204320018 0.0632081543
v 0.021850048 -0.204739695 0.0636640106
v 0.021850048 -0.204731588 0.0636165653
v 0.0218501672 -0.204723601 0.0635694776
v 0.0218502864 -0.204696481 0.0634989057
v 0.0218502864 -0.204687779 0.063476256
v 0.0218504056 -0.204640632 0.0634004388
v 0.0218504056 -0.204633956 0.0633931671
v 0.0218502864 -0.204575543 0.0633295093
v 0.0218502864 -0.204545503 0.063307098
v 0.0218501672 -0.204502885 0.0632752691
v 0.021850048 -0.204439168 0.0632435594
v 0.0268500432 -0.20431978 0.0632088695
v 0.0268500432 -0.203650002 0.0691998516
v 0.0268500432 -0.20435298 0.0632137571
v 0.0268500432 -0.204439347 0.0632434402
v 0.0268500432 -0.20473278 0.0636162077
v 0.0268500432 -0.204741006 0.0636998926
v 0.0268500432 -0.204741006 0.0691998516
v 0.0268500432 -0.204696481 0.0634991441
v 0.0268500432 -0.204660182 0.0634288107
v 0.0268500432 -0.204262798 0.0632006441
v 0.0268500432 -0.204234843 0.0631999288
v 0.0268500432 -0.203650002 0.0631999288
v 0.0268500432 -0.204731827 0.0636065517
v 0.0268500432 -0.20470423 0.0635142837
v 0.0268500432 -0.204632585 0.0633940015
v 0.0268500432 -0.204600637 0.063353828
v 0.0268500432 -0.204545562 0.0633067403
v 0.0268500432 -0.204529231 0.0632927929
v 0.0268500432 -0.204445426 0.063245586
v 0.0271499738 -0.203350012 0.0691998516
v 0.0271499738 -0.202259068 0.0691998516
v 0.0271499738 -0.202259068 0.0636998926
v 0.0271499738 -0.202399378 0.063353828
v 0.0271499738 -0.202454452 0.0633067403
v 0.0271499738 -0.203350012 0.0631999288
v 0.0271499738 -0.202295725 0.0635140453
v 0.0271499738 -0.202303474 0.0634990249
v 0.0271499738 -0.202268188 0.0636064325
v 0.0271499738 -0.202339773 0.0634288107
v 0.0271499738 -0.20236743 0.0633940015
v 0.0271499738 -0.202470963 0.0632926736
v 0.0271499738 -0.202554827 0.0632454668
v 0.0271499738 -0.202560608 0.0632434402
v 0.0271499738 -0.202647333 0.0632136379
v 0.0271499738 -0.202680235 0.0632088695
v 0.0271499738 -0.202737515 0.0632006441
v 0.0271499738 -0.202765172 0.0631999288
v 0.0271499738 -0.202267234 0.0636162077
v 0.0277336224 -0.203343992 0.0631999288
v 0.0277348145 -0.203350012 0.0631999288
v 0.0271559342 -0.202766423 0.0631999288
v 0.0276980981 -0.203225975 0.0631999288
v 0.0274849519 -0.202927892 0.0631999288
v 0.0275720939 -0.203015034 0.0631999288
v 0.0276438578 -0.203115289 0.0631999288
v 0.0272740706 -0.202801888 0.0631999288
v 0.0273846968 -0.202856188 0.0631999288
v 0.0272600039 -0.202277367 0.0636998926
v 0.0274191483 -0.202322428 0.0691998516
v 0.0274184331 -0.202324932 0.0636998926
v 0.0274566993 -0.202336435 0.0636998926
v 0.0276679381 -0.202443426 0.0691998516
v 0.027641116 -0.202426975 0.0636998926
v 0.0278838261 -0.2026161 0.0691998516
v 0.0278082475 -0.202546482 0.0636998926
v 0.0276666268 -0.202445154 0.0636998926
v 0.0280565604 -0.202832108 0.0691998516
v 0.0279535636 -0.202691739 0.0636998926
v 0.0278808459 -0.20261914 0.0636998926
v 0.0281750544 -0.203081553 0.0636998926
v 0.0281634911 -0.203043287 0.0636998926
v 0.0281775578 -0.203080778 0.0691998516
v 0.0280730113 -0.20285887 0.0636998926
v 0.0280547723 -0.202833419 0.0636998926
v 0.0282226189 -0.203239982 0.0636998926
v 0.0282409772 -0.203350012 0.0691998516
v 0.0282409772 -0.203350012 0.0636998926
v 0.0271499738 -0.204330211 0.0632089887
v 0.0271499738 -0.204320018 0.0632080351
v 0.027173458 -0.204315548 0.0632069622
v 0.0282317981 -0.203650002 0.0636065517
v 0.0282327517 -0.203650002 0.0636162077
v 0.0282157048 -0.203758543 0.0636160884
v 0.0272600039 -0.204722648 0.0636998926
v 0.0271499738 -0.204741006 0.0636998926
v 0.0271499738 -0.204740589 0.0636799846
v 0.0272585734 -0.204715734 0.0636160884
v 0.0274184331 -0.204675083 0.0636998926
v 0.0274541959 -0.204657023 0.0636160884
v 0.0274566993 -0.204663579 0.0636998926
v 0.0276375398 -0.20456696 0.0636160884
v 0.027641116 -0.20457304 0.0636998926
v 0.0276666268 -0.204554861 0.0636998926
v 0.0278037175 -0.204448168 0.0636160884
v 0.0278082475 -0.204453533 0.0636998926
v 0.0278808459 -0.204380934 0.0636998926
v 0.02794808 -0.204303687 0.0636160884
v 0.0279535636 -0.204308276 0.0636998926
v 0.0280547723 -0.204166656 0.0636998926
v 0.0280669316 -0.204137568 0.0636160884
v 0.0280730113 -0.204141204 0.0636998926
v 0.0281569346 -0.203954165 0.0636160884
v 0.0281634911 -0.203956788 0.0636998926
v 0.0281750544 -0.203918462 0.0636998926
v 0.0282226189 -0.203760033 0.0636998926
v 0.0282409772 -0.203650002 0.0636998926
v 0.0281600341 -0.203650002 0.0634286914
v 0.0281963929 -0.203650002 0.0634991441
v 0.0281811341 -0.203751211 0.0634981905
v 0.0282042607 -0.203650002 0.0635142837
v 0.0281005486 -0.203650002 0.0633537088
v 0.0281326159 -0.203650002 0.0633940015
v 0.0281193837 -0.203738039 0.063392571
v 0.0280291423 -0.203650002 0.0632926736
v 0.0280455932 -0.203650002 0.0633067403
v 0.0280341491 -0.203719919 0.0633055483
v 0.0278529509 -0.203650002 0.0632137571
v 0.0279393777 -0.203650002 0.0632434402
v 0.0279307946 -0.203697984 0.0632423673
v 0.0279453381 -0.203650002 0.0632454668
v 0.0277348145 -0.203650002 0.0631999288
v 0.0277628287 -0.203650002 0.0632006441
v 0.0278155192 -0.203673427 0.0632069622
v 0.0278198108 -0.203650002 0.0632088695
v 0.0277336224 -0.203656023 0.0631999288
v 0.0277760609 -0.203804677 0.0632069622
v 0.0276980981 -0.20377404 0.0631999288
v 0.027715741 -0.2039277 0.0632069622
v 0.0276438578 -0.203884726 0.0631999288
v 0.02763599 -0.204039102 0.0632069622
v 0.0275720939 -0.203984981 0.0631999288
v 0.0275390729 -0.204136019 0.0632069622
v 0.0274849519 -0.204072123 0.0631999288
v 0.0274276122 -0.20421571 0.0632069622
v 0.0273846968 -0.204143827 0.0631999288
v 0.0273045882 -0.20427609 0.0632069622
v 0.0272740706 -0.204198127 0.0631999288
v 0.0271559342 -0.204233592 0.0631999288
v 0.0271499738 -0.204234843 0.0631999288
v 0.0271978959 -0.204430883 0.0632423673
v 0.0271499738 -0.20443887 0.0632440363
v 0.0271499738 -0.204424326 0.0632365261
v 0.0272199496 -0.204534237 0.0633055483
v 0.0271499738 -0.204545145 0.0633073364
v 0.0271499738 -0.204511409 0.0632808719
v 0.0272380694 -0.204619353 0.063392571
v 0.0271499738 -0.204633181 0.0633937631
v 0.0271499738 -0.204587107 0.0633403574
v 0.0272511824 -0.204681103 0.0634981905
v 0.0271499738 -0.204696422 0.0634955679
v 0.0271499738 -0.204648976 0.0634120021
v 0.0271499738 -0.204731886 0.0636164461
v 0.0271499738 -0.204727774 0.0635866438
v 0.0278858527 -0.203847771 0.0632423673
v 0.0278169497 -0.20398814 0.0632423673
v 0.0277258738 -0.204115336 0.0632423673
v 0.0276153668 -0.204225962 0.0632423673
v 0.0274881705 -0.204316919 0.0632423673
v 0.027347742 -0.204385881 0.0632423673
v 0.0279842004 -0.203886394 0.0633055483
v 0.027907668 -0.20404238 0.0633055483
v 0.0278065785 -0.204183702 0.0633055483
v 0.0276836737 -0.204306548 0.0633055483
v 0.0275422915 -0.204407637 0.0633055483
v 0.0273863658 -0.204484229 0.0633055483
v 0.0280652627 -0.203918164 0.063392571
v 0.0279824122 -0.204087024 0.063392571
v 0.0278729781 -0.204239969 0.063392571
v 0.0277399405 -0.204372947 0.063392571
v 0.027586995 -0.204482381 0.063392571
v 0.0274181947 -0.204565291 0.063392571
v 0.0281240329 -0.203941231 0.0634981905
v 0.0280365332 -0.204119389 0.0634981905
v 0.0279211387 -0.204280798 0.0634981905
v 0.0277808293 -0.204421167 0.0634981905
v 0.0276194199 -0.204536562 0.0634981905
v 0.0274412021 -0.204624062 0.0634981905
v 0.0271499738 -0.203650002 0.0631999288
v 0.0282409772 -0.203650002 0.0691998516
v 0.0281775578 -0.203919237 0.0691998516
v 0.0280565604 -0.204167907 0.0691998516
v 0.0278838261 -0.204383914 0.0691998516
v 0.0276679381 -0.204556649 0.0691998516
v 0.0274191483 -0.204677646 0.0691998516
v 0.0271499738 -0.204741006 0.0691998516
v 0.0262663945 -0.203656023 0.0631999288
v 0.0262650832 -0.203650002 0.0631999288
v 0.0268439635 -0.204233592 0.0631999288
v 0.0263017997 -0.20377404 0.0631999288
v 0.0265150651 -0.204072123 0.0631999288
v 0.0264279231 -0.203984981 0.0631999288
v 0.0263561591 -0.203884726 0.0631999288
v 0.0267259463 -0.204198127 0.0631999288
v 0.0266153201 -0.204143827 0.0631999288
v 0.0227348193 -0.203650002 0.0631999288
v 0.0221499785 -0.203650002 0.0631999288
v 0.0221499785 -0.203650002 0.0691998516
v 0.0232409819 -0.203650002 0.0691998516
v 0.0232409819 -0.203650002 0.0636998926
v 0.0232396706 -0.203650002 0.0636640106
v 0.0232315644 -0.203649943 0.0636165653
v 0.0232235774 -0.203649883 0.0635694776
v 0.0231965169 -0.203649704 0.0634989057
v 0.0230454787 -0.203649704 0.063307098
v 0.0230755195 -0.203649704 0.0633295093
v 0.023133932 -0.203649645 0.0633931671
v 0.023002921 -0.203649824 0.0632752691
v 0.022939144 -0.203649883 0.0632435594
v 0.022921501 -0.203649943 0.0632348571
v 0.0231878146 -0.203649704 0.063476256
v 0.0231406077 -0.203649645 0.0634004388
v 0.0228338822 -0.203650002 0.0632094656
v 0.0228199347 -0.203650002 0.0632081543
v 0.021265088 -0.203350012 0.0631999288
v 0.0218499287 -0.203350012 0.0631999288
v 0.0218499287 -0.203350012 0.0691998516
v 0.0209545478 -0.20335031 0.063307098
v 0.0209243878 -0.20335037 0.0633295093
v 0.0208660945 -0.20335037 0.0633931671
v 0.0209971055 -0.203350251 0.0632752691
v 0.0210608825 -0.203350131 0.0632435594
v 0.0210785254 -0.203350072 0.0632348571
v 0.0207590445 -0.203350012 0.0691998516
v 0.0207590445 -0.203350012 0.0636998926
v 0.0207603558 -0.203350012 0.0636640106
v 0.0207684621 -0.203350072 0.0636165653
v 0.0207764491 -0.203350191 0.0635694776
v 0.0208035096 -0.20335031 0.0634989057
v 0.0211661443 -0.203350012 0.0632094656
v 0.0211799725 -0.203350012 0.0632081543
v 0.0208122119 -0.20335031 0.063476256
v 0.0208594188 -0.20335037 0.0634004388
v 0.0218020066 -0.204430883 0.0632423673
v 0.0211845025 -0.203673427 0.0632069622
v 0.021180211 -0.203650002 0.0632085119
v 0.0212050065 -0.203650002 0.0632033859
v 0.0210327491 -0.203649883 0.0632553611
v 0.0210608825 -0.203649883 0.0632440363
v 0.0210691079 -0.203697984 0.0632423673
v 0.0211167916 -0.203649943 0.0632216249
v 0.020880638 -0.203738039 0.063392571
v 0.0208670482 -0.203649645 0.0633937631
v 0.0208858832 -0.203649645 0.0633681331
v 0.0208188876 -0.203751211 0.0634981905
v 0.0208035096 -0.203649764 0.0634990249
v 0.0208296164 -0.203649645 0.0634446655
v 0.0207670316 -0.203649943 0.0636162077
v 0.0207679852 -0.203649943 0.0636058365
v 0.0207841977 -0.203758543 0.0636160884
v 0.0207899197 -0.203649764 0.0635273967
v 0.0207590445 -0.203650002 0.0636998926
v 0.0207772836 -0.203760033 0.0636998926
v 0.0208249673 -0.203918462 0.0636998926
v 0.0208429679 -0.203954165 0.0636160884
v 0.0208364114 -0.203956788 0.0636998926
v 0.0209329709 -0.204137568 0.0636160884
v 0.0211190566 -0.204380934 0.0636998926
v 0.0210464581 -0.204308276 0.0636998926
v 0.0210518226 -0.204303687 0.0636160884
v 0.0209451302 -0.204166656 0.0636998926
v 0.0209270104 -0.204141204 0.0636998926
v 0.0211917743 -0.204453533 0.0636998926
v 0.0211963042 -0.204448168 0.0636160884
v 0.0213333949 -0.204554861 0.0636998926
v 0.021362482 -0.20456696 0.0636160884
v 0.0213587865 -0.20457304 0.0636998926
v 0.0215458258 -0.204657023 0.0636160884
v 0.0215432032 -0.204663579 0.0636998926
v 0.0217414483 -0.204715734 0.0636160884
v 0.0215815886 -0.204675083 0.0636998926
v 0.0217400178 -0.204722648 0.0636998926
v 0.0217488393 -0.204681103 0.0634981905
v 0.0217619523 -0.204619353 0.063392571
v 0.0217800721 -0.204534237 0.0633055483
v 0.0218265637 -0.204315548 0.0632069622
v 0.0218439683 -0.204233592 0.0631999288
v 0.0216953143 -0.20427609 0.0632069622
v 0.0217259511 -0.204198127 0.0631999288
v 0.0215722903 -0.20421571 0.0632069622
v 0.0216153249 -0.204143827 0.0631999288
v 0.0214608296 -0.204136019 0.0632069622
v 0.0215150699 -0.204072123 0.0631999288
v 0.0213640317 -0.204039102 0.0632069622
v 0.0214279279 -0.203984981 0.0631999288
v 0.0212842807 -0.2039277 0.0632069622
v 0.0213561639 -0.203884726 0.0631999288
v 0.0212238416 -0.203804677 0.0632069622
v 0.0213018044 -0.20377404 0.0631999288
v 0.0212663993 -0.203656023 0.0631999288
v 0.021265088 -0.203650002 0.0631999288
v 0.0216522797 -0.204385881 0.0632423673
v 0.0215118512 -0.204316919 0.0632423673
v 0.0213846549 -0.204225962 0.0632423673
v 0.0212740287 -0.204115336 0.0632423673
v 0.021183072 -0.20398814 0.0632423673
v 0.021114169 -0.203847771 0.0632423673
v 0.0216136559 -0.204484229 0.0633055483
v 0.021457611 -0.204407637 0.0633055483
v 0.021316348 -0.204306548 0.0633055483
v 0.0211934432 -0.204183702 0.0633055483
v 0.0210923537 -0.20404238 0.0633055483
v 0.0210158213 -0.203886394 0.0633055483
v 0.0209657534 -0.203719919 0.0633055483
v 0.0209558591 -0.203649704 0.0633035217
v 0.0215818271 -0.204565291 0.063392571
v 0.0214130267 -0.204482381 0.063392571
v 0.021259962 -0.204372947 0.063392571
v 0.0211270436 -0.204239969 0.063392571
v 0.0210176095 -0.204087024 0.063392571
v 0.020934759 -0.203918164 0.063392571
v 0.0215587005 -0.204624062 0.0634981905
v 0.0213806018 -0.204536562 0.0634981905
v 0.0212191924 -0.204421167 0.0634981905
v 0.0210788831 -0.204280798 0.0634981905
v 0.0209633693 -0.204119389 0.0634981905
v 0.0208759888 -0.203941231 0.0634981905
v 0.0229307994 -0.203697984 0.0632423673
v 0.0232157096 -0.203758543 0.0636160884
v 0.0231811389 -0.203751211 0.0634981905
v 0.0231193885 -0.203738039 0.063392571
v 0.0230341538 -0.203719919 0.0633055483
v 0.022815524 -0.203673427 0.0632069622
v 0.0227336272 -0.203656023 0.0631999288
v 0.0221734628 -0.204315548 0.0632069622
v 0.0221499785 -0.20431978 0.0632085119
v 0.0221499785 -0.204294984 0.0632033859
v 0.0227760657 -0.203804677 0.0632069622
v 0.0226981028 -0.20377404 0.0631999288
v 0.0227157458 -0.2039277 0.0632069622
v 0.0226438626 -0.203884726 0.0631999288
v 0.0226359948 -0.204039102 0.0632069622
v 0.0225720986 -0.203984981 0.0631999288
v 0.0225390776 -0.204136019 0.0632069622
v 0.0224849566 -0.204072123 0.0631999288
v 0.022427617 -0.20421571 0.0632069622
v 0.0223847016 -0.204143827 0.0631999288
v 0.022304593 -0.20427609 0.0632069622
v 0.0222740754 -0.204198127 0.0631999288
v 0.022155939 -0.204233592 0.0631999288
v 0.0221499785 -0.204234843 0.0631999288
v 0.0221498593 -0.204467242 0.0632553611
v 0.0221498593 -0.204439049 0.0632440363
v 0.0221979007 -0.204430883 0.0632423673
v 0.0221499785 -0.204383259 0.0632216249
v 0.0222380742 -0.204619353 0.063392571
v 0.0221496209 -0.204632943 0.0633937631
v 0.0221496209 -0.204614108 0.0633681331
v 0.0222511872 -0.204681103 0.0634981905
v 0.0221497401 -0.204696481 0.0634990249
v 0.0221496209 -0.204670434 0.0634446655
v 0.0221498593 -0.204733019 0.0636162077
v 0.0221498593 -0.204732006 0.0636058365
v 0.0222585782 -0.204715734 0.0636160884
v 0.0221497401 -0.204710071 0.0635273967
v 0.0221499785 -0.204741006 0.0636998926
v 0.0222600087 -0.204722648 0.0636998926
v 0.0224184378 -0.204675083 0.0636998926
v 0.0224542006 -0.204657023 0.0636160884
v 0.022456704 -0.204663579 0.0636998926
v 0.0226375445 -0.20456696 0.0636160884
v 0.0226411208 -0.20457304 0.0636998926
v 0.0226666316 -0.204554861 0.0636998926
v 0.0228037223 -0.204448168 0.0636160884
v 0.0228082522 -0.204453533 0.0636998926
v 0.0228808507 -0.204380934 0.0636998926
v 0.0229480847 -0.204303687 0.0636160884
v 0.0229535683 -0.204308276 0.0636998926
v 0.023054777 -0.204166656 0.0636998926
v 0.0230669364 -0.204137568 0.0636160884
v 0.0230730161 -0.204141204 0.0636998926
v 0.0231569394 -0.203954165 0.0636160884
v 0.0231634959 -0.203956788 0.0636998926
v 0.0231750592 -0.203918462 0.0636998926
v 0.0232226237 -0.203760033 0.0636998926
v 0.0228858575 -0.203847771 0.0632423673
v 0.0228169545 -0.20398814 0.0632423673
v 0.0227258786 -0.204115336 0.0632423673
v 0.0226153716 -0.204225962 0.0632423673
v 0.0224881753 -0.204316919 0.0632423673
v 0.0223477467 -0.204385881 0.0632423673
v 0.0229842051 -0.203886394 0.0633055483
v 0.0229076728 -0.20404238 0.0633055483
v 0.0228065833 -0.204183702 0.0633055483
v 0.0226836785 -0.204306548 0.0633055483
v 0.0225422963 -0.204407637 0.0633055483
v 0.0223863705 -0.204484229 0.0633055483
v 0.0222199544 -0.204534237 0.0633055483
v 0.0221497401 -0.204544132 0.0633035217
v 0.0230652675 -0.203918164 0.063392571
v 0.022982417 -0.204087024 0.063392571
v 0.0228729829 -0.204239969 0.063392571
v 0.0227399453 -0.204372947 0.063392571
v 0.0225869998 -0.204482381 0.063392571
v 0.0224181994 -0.204565291 0.063392571
v 0.0231240376 -0.203941231 0.0634981905
v 0.023036538 -0.204119389 0.0634981905
v 0.0229211434 -0.204280798 0.0634981905
v 0.0227808341 -0.204421167 0.0634981905
v 0.0226194247 -0.204536562 0.0634981905
v 0.0224412068 -0.204624062 0.0634981905
v 0.0227336272 -0.203343992 0.0631999288
v 0.0227348193 -0.203350012 0.0631999288
v 0.0221499785 -0.203350012 0.0631999288
v 0.0226981028 -0.203225975 0.0631999288
v 0.0221499785 -0.202765172 0.0631999288
v 0.022155939 -0.202766423 0.0631999288
v 0.0224849566 -0.202927892 0.0631999288
v 0.0225720986 -0.203015034 0.0631999288
v 0.0226438626 -0.203115289 0.0631999288
v 0.0222740754 -0.202801888 0.0631999288
v 0.0223847016 -0.202856188 0.0631999288
v 0.0215807542 -0.204677646 0.0691998516
v 0.0213320836 -0.204556649 0.0691998516
v 0.0211160764 -0.204383914 0.0691998516
v 0.0209433421 -0.204167907 0.0691998516
v 0.0208223447 -0.203919237 0.0691998516
v 0.0207590445 -0.203650002 0.0691998516
v 0.0207772836 -0.203239982 0.0636998926
v 0.0208223447 -0.203080778 0.0691998516
v 0.0208249673 -0.203081553 0.0636998926
v 0.0208364114 -0.203043287 0.0636998926
v 0.0209433421 -0.202832108 0.0691998516
v 0.0209270104 -0.20285887 0.0636998926
v 0.0211160764 -0.2026161 0.0691998516
v 0.0210464581 -0.202691739 0.0636998926
v 0.0209451302 -0.202833419 0.0636998926
v 0.0213320836 -0.202443426 0.0691998516
v 0.0211917743 -0.202546482 0.0636998926
v 0.0211190566 -0.20261914 0.0636998926
v 0.0215815886 -0.202324932 0.0636998926
v 0.0215432032 -0.202336435 0.0636998926
v 0.0215807542 -0.202322428 0.0691998516
v 0.0213587865 -0.202426975 0.0636998926
v 0.0213333949 -0.202445154 0.0636998926
v 0.0217400178 -0.202277367 0.0636998926
v 0.0218499287 -0.202259068 0.0691998516
v 0.0218499287 -0.202259068 0.0636998926
v 0.0221499785 -0.202259068 0.0636998926
v 0.0221499785 -0.202259068 0.0691998516
v 0.0222600087 -0.202277367 0.0636998926
v 0.0224191531 -0.202322428 0.0691998516
v 0.0224184378 -0.202324932 0.0636998926
v 0.022456704 -0.202336435 0.0636998926
v 0.0226678237 -0.202443426 0.0691998516
v 0.0226411208 -0.202426975 0.0636998926
v 0.0228838309 -0.2026161 0.0691998516
v 0.0228082522 -0.202546482 0.0636998926
v 0.0226666316 -0.202445154 0.0636998926
v 0.0230565652 -0.202832108 0.0691998516
v 0.0229535683 -0.202691739 0.0636998926
v 0.0228808507 -0.20261914 0.0636998926
v 0.0231750592 -0.203081553 0.0636998926
v 0.0231634959 -0.203043287 0.0636998926
v 0.0231775626 -0.203080778 0.0691998516
v 0.0230730161 -0.20285887 0.0636998926
v 0.023054777 -0.202833419 0.0636998926
v 0.0232226237 -0.203239982 0.0636998926
v 0.0232409819 -0.203350012 0.0691998516
v 0.0232409819 -0.203350012 0.0636998926
v -0.00340551292 -0.23476011 0.0689309154
v -0.00360208904 -0.23476011 0.0690062557
v -0.00358671104 -0.23476011 0.0690205608
v -0.0036310569 -0.23476011 0.0689309154
v -0.00362938797 -0.23476011 0.0689113651
v -0.00340885078 -0.23476011 0.0689032589
v -0.00362771904 -0.23476011 0.0689582143
v -0.00361794388 -0.23476011 0.0689834867
v -0.00343412315 -0.23476011 0.0688559328
v -0.00358599579 -0.23476011 0.068840674
v -0.00360602295 -0.23476011 0.0688601051
v -0.00347978031 -0.23476011 0.0690370117
v -0.00345581924 -0.23476011 0.0690248523
v -0.0034347192 -0.23476011 0.0690066133
v -0.00341862594 -0.23476011 0.0688781057
v -0.0036208049 -0.23476011 0.0688840662
v -0.00341862594 -0.23476011 0.0689836059
v -0.00340849315 -0.23476011 0.068956903
v -0.00356227314 -0.23476011 0.0690348659
v -0.00353473579 -0.23476011 0.0690424953
v -0.0035066024 -0.23476011 0.0690430914
v -0.00348049556 -0.23476011 0.0688246999
v -0.00350839054 -0.23476011 0.0688186203
v -0.00345522319 -0.23476011 0.0688375745
v -0.00353640472 -0.23476011 0.0688195739
v -0.00356274997 -0.23476011 0.0688272033
v -0.00357002174 -0.234750097 0.0669273649
v -0.00356084263 -0.234750097 0.0669953142
v -0.00357002174 -0.23476011 0.0669273649
v -0.00356084263 -0.23476011 0.0669953142
v -0.00341743385 -0.23476011 0.0670177255
v -0.00341743385 -0.234750097 0.0670177255
v -0.00341755306 -0.234750097 0.0670253549
v -0.00344020282 -0.234750097 0.0670848404
v -0.00344020282 -0.23476011 0.0670848404
v -0.00342875873 -0.23476011 0.0670686279
v -0.00342875873 -0.234750097 0.0670686279
v -0.00342124855 -0.23476011 0.067049316
v -0.00342124855 -0.234750097 0.067049316
v -0.00342077171 -0.23476011 0.0670466934
v -0.00341755306 -0.23476011 0.0670253549
v -0.00442427551 -0.23476011 0.0659285102
v -0.00442427551 -0.23476011 0.0659297023
v -0.00440710937 -0.23476011 0.0659251724
v -0.00440794384 -0.23476011 0.0659328018
v -0.00439578449 -0.23476011 0.0659221922
v -0.00439578449 -0.23476011 0.0659363781
v -0.00422674572 -0.23476011 0.0658606802
v -0.00422674572 -0.23476011 0.0659971748
v -0.00442320263 -0.234750097 0.067087463
v -0.00442320263 -0.23476011 0.067087463
v -0.00438457882 -0.23476011 0.0671170269
v -0.00435882961 -0.23476011 0.0671279941
v -0.0043393985 -0.234750097 0.0671363388
v -0.00438457882 -0.234750097 0.0671170269
v -0.0043393985 -0.23476011 0.0671363388
v -0.00428623115 -0.23476011 0.0671455179
v -0.00428623115 -0.234750097 0.0671455179
v -0.00426525032 -0.23476011 0.0671462331
v -0.00426525032 -0.234750097 0.0671462331
v -0.00486999904 -0.238450055 0.0748998438
v -0.00496989643 -0.238450055 0.0747999464
v -0.00486999904 -0.23909009 0.0748998438
v -0.00496989643 -0.23909009 0.0747999464
v -0.00202995693 -0.238450055 0.0709999118
v -0.00202995693 -0.238450055 0.0747999464
v -0.00202995693 -0.23909009 0.0709999118
v -0.00202995693 -0.23909009 0.0747999464
v -0.00172990715 -0.239270096 0.0632999454
v -0.00172990715 -0.239270096 0.0651999031
v -0.00172990715 -0.238270109 0.0632999454
v -0.00172990715 -0.238270109 0.0651999031
v -0.00380247986 -0.236854558 0.0708998953
v -0.00382656013 -0.236823146 0.0708998953
v -0.00384134208 -0.236834948 0.0708998953
v -0.00357359802 -0.236823146 0.0708998953
v -0.00359732067 -0.236854558 0.0708998953
v -0.00353652393 -0.236858492 0.0708998953
v -0.00357502853 -0.236876731 0.0708998953
v -0.0035104171 -0.236899857 0.0708998953
v -0.00355082905 -0.236912076 0.0708998953
v -0.0034950391 -0.236945395 0.0708998953
v -0.00353628551 -0.236950581 0.0708998953
v -0.00349038994 -0.236977224 0.0708998953
v -0.00353068268 -0.23699743 0.0708998953
v -0.00383359348 -0.236886625 0.0708998953
v -0.0038645879 -0.236859446 0.0708998953
v -0.00385481273 -0.236924236 0.0708998953
v -0.00389105236 -0.236903017 0.0708998953
v -0.00386101162 -0.23694176 0.0708998953
v -0.00390345012 -0.236939435 0.0708998953
v -0.00386864101 -0.236985986 0.0708998953
v -0.00391024505 -0.236997669 0.0708998953
v -0.00386911785 -0.236999934 0.0708998953
v -0.0039083377 -0.237029617 0.0708998953
v -0.0038633958 -0.2370472 0.0708998953
v -0.00389665519 -0.237078493 0.0708998953
v -0.00384754097 -0.237088029 0.0708998953
v -0.00387519752 -0.237120872 0.0708998953
v -0.00382167255 -0.237124865 0.0708998953
v -0.00383871948 -0.237162535 0.0708998953
v -0.00379270469 -0.23714972 0.0708998953
v -0.0037992612 -0.237189953 0.0708998953
v -0.00375718033 -0.237167542 0.0708998953
v -0.00375694191 -0.237206285 0.0708998953
v -0.0037183181 -0.237176125 0.0708998953
v -0.00370222484 -0.237212901 0.0708998953
v -0.00369948303 -0.237177019 0.0708998953
v -0.0036554948 -0.237171714 0.0708998953
v -0.00364941513 -0.237207298 0.0708998953
v -0.00362223541 -0.237159078 0.0708998953
v -0.00360351955 -0.237191265 0.0708998953
v -0.00359088337 -0.237137561 0.0708998953
v -0.00355965053 -0.237162178 0.0708998953
v -0.00356453811 -0.237108593 0.0708998953
v -0.00354296123 -0.237146144 0.0708998953
v -0.00354331886 -0.23706991 0.0708998953
v -0.00351518547 -0.23710746 0.0708998953
v -0.00353294765 -0.237029259 0.0708998953
v -0.00349682724 -0.237059598 0.0708998953
v -0.00348967468 -0.236997192 0.0708998953
v -0.00348967468 -0.236997192 0.0709999118
v -0.00349480068 -0.237042015 0.0709999118
v -0.00349682724 -0.237059598 0.0709999118
v -0.00351518547 -0.23710746 0.0709999118
v -0.00354296123 -0.237146144 0.0709999118
v -0.00355965053 -0.237162178 0.0709999118
v -0.00359732067 -0.236854558 0.0709999118
v -0.00357359802 -0.236823146 0.0709999118
v -0.00349992668 -0.236319725 0.0708998953
v -0.00349992668 -0.236319725 0.0709999118
v -0.00350254928 -0.236272876 0.0709999118
v -0.00350254928 -0.236272876 0.0708998953
v -0.00351375496 -0.23622406 0.0709999118
v -0.00351375496 -0.23622406 0.0708998953
v -0.00352925216 -0.23619396 0.0709999118
v -0.00352925216 -0.23619396 0.0708998953
v -0.00355571663 -0.236164038 0.0709999118
v -0.00355571663 -0.236164038 0.0708998953
v -0.00359684383 -0.236136739 0.0709999118
v -0.00359684383 -0.236136739 0.0708998953
v -0.00364142811 -0.236121123 0.0709999118
v -0.00364142811 -0.236121123 0.0708998953
v -0.00369495308 -0.23611546 0.0709999118
v -0.00369495308 -0.23611546 0.0708998953
v -0.00389999305 -0.236443644 0.0708998953
v -0.00389999305 -0.236362879 0.0708998953
v -0.00389999305 -0.236443644 0.0709999118
v -0.00389999305 -0.236362879 0.0709999118
v -0.00349992668 -0.2360642 0.0708998953
v -0.00389999305 -0.235874419 0.0708998953
v -0.00349992668 -0.2360642 0.0709999118
v -0.00389999305 -0.235874419 0.0709999118
v -0.00362819587 -0.235964184 0.0708998953
v -0.00349992668 -0.236024981 0.0708998953
v -0.00362819587 -0.235964184 0.0709999118
v -0.00349992668 -0.236024981 0.0709999118
v -0.00362819587 -0.235782866 0.0709999118
v -0.00362819587 -0.235782866 0.0708998953
v -0.00362819587 -0.23579741 0.0709999118
v -0.00456994926 -0.235910063 0.0709999118
v -0.00456994926 -0.235910063 0.0747999464
v -0.00456994926 -0.23608983 0.0709999118
v -0.00456994926 -0.236550097 0.0747999464
v -0.00456994926 -0.236479585 0.0709999118
v -0.00456994926 -0.236550097 0.0709999118
v -0.00466996586 -0.235910063 0.0748998438
v -0.00466996586 -0.236550097 0.0748998438
v -0.0023298875 -0.235910063 0.0748998438
v -0.00212997352 -0.235910063 0.0748998438
v -0.0024299041 -0.235910063 0.0747999464
v -0.00202995693 -0.235910063 0.0747999464
v -0.0024299041 -0.235910063 0.0709999118
v -0.00202995693 -0.235910063 0.0709999118
v -0.00202995693 -0.23608983 0.0709999118
v -0.00202995693 -0.236550097 0.0747999464
v -0.00202995693 -0.236479585 0.0709999118
v -0.00202995693 -0.236550097 0.0709999118
v 0.00800579632 -0.198286002 0.0685117756
v 0.00799578274 -0.198285465 0.0685117756
v 0.00799578274 -0.198285465 0.0685047422
v 0.00800579632 -0.198286002 0.0685047422
v 0.00799578274 -0.198285406 0.0684978281
v 0.00800579632 -0.198285942 0.0684978281
v 0.00800007428 -0.198484426 0.0684544359
v 0.0079901799 -0.198484366 0.0684544359
v 0.0080004319 -0.198448067 0.0684546743
v 0.00799041832 -0.198447888 0.0684546743
v 0.00800102795 -0.198411708 0.0684549127
v 0.00799101437 -0.198411469 0.0684549127
v 0.0127187356 -0.198517446 0.0638999258
v 0.0127187356 -0.198517446 0.0638988529
v 0.0127282723 -0.198599284 0.0638999258
v 0.0127285107 -0.198601668 0.0638988529
v 0.0127285107 -0.198601668 0.0638999258
v 0.0127494916 -0.198665028 0.0638988529
v 0.0127494916 -0.198665028 0.0638999258
v 0.012781082 -0.198716288 0.0638988529
v 0.012781082 -0.198716288 0.0638999258
v 0.0128189906 -0.198752825 0.0638988529
v 0.0128189906 -0.198752825 0.0638999258
v 0.0128664359 -0.198781078 0.0638988529
v 0.0128664359 -0.198781078 0.0638999258
v 0.0129370078 -0.198802834 0.0638988529
v 0.0129370078 -0.198802834 0.0638999258
v 0.0129443988 -0.198804324 0.0638988529
v 0.0129443988 -0.198804324 0.0638999258
v 0.011218129 -0.197720234 0.0638988529
v 0.011218129 -0.197720234 0.0638999258
v 0.011219798 -0.197746043 0.0638999258
v 0.011219798 -0.197746043 0.0638988529
v 0.0112311229 -0.197799926 0.0638999258
v 0.0112311229 -0.197799926 0.0638988529
v 0.0112469777 -0.197832708 0.0638999258
v 0.0112469777 -0.197832708 0.0638988529
v 0.0112641438 -0.197853868 0.0638999258
v 0.0112641438 -0.197853868 0.0638988529
v 0.011284767 -0.197869425 0.0638999258
v 0.011284767 -0.197869425 0.0638988529
v 0.0113115891 -0.197881107 0.0638999258
v 0.0113115891 -0.197881107 0.0638988529
v 0.0113460406 -0.197887425 0.0638999258
v 0.0113460406 -0.197887425 0.0638988529
v 0.011697708 -0.197556858 0.0638988529
v 0.0116657599 -0.197570209 0.0638988529
v 0.0115328416 -0.1975776 0.0638988529
v 0.0112026318 -0.197944348 0.0638988529
v 0.0116397723 -0.197588627 0.0638988529
v 0.0116235598 -0.197606389 0.0638988529
v 0.01160544 -0.197637205 0.0638988529
v 0.0114771708 -0.197667544 0.0638988529
v 0.0115929231 -0.197677259 0.0638988529
v 0.0114881381 -0.197723453 0.0638988529
v 0.0115869626 -0.197730069 0.0638988529
v 0.0114886149 -0.197730069 0.0638988529
v 0.0112453088 -0.19797117 0.0638988529
v 0.011305271 -0.197990541 0.0638988529
v 0.0113410338 -0.197995608 0.0638988529
v 0.0114817008 -0.197776084 0.0638988529
v 0.0115930423 -0.197783952 0.0638988529
v 0.011469303 -0.197811012 0.0638988529
v 0.0118378981 -0.197569196 0.0638988529
v 0.0117984399 -0.197555189 0.0638988529
v 0.0118288382 -0.197436635 0.0638988529
v 0.0111702069 -0.197910731 0.0638988529
v 0.0111444577 -0.1978671 0.0638988529
v 0.011124669 -0.197806184 0.0638988529
v 0.0111148938 -0.197725122 0.0638988529
v 0.0113506898 -0.197886949 0.0638988529
v 0.0114004001 -0.197989469 0.0638988529
v 0.0113927707 -0.197878425 0.0638988529
v 0.0114468917 -0.197973137 0.0638988529
v 0.0113884791 -0.197579269 0.0638988529
v 0.0114564284 -0.197482948 0.0638988529
v 0.0114181622 -0.197591786 0.0638988529
v 0.011486946 -0.197505419 0.0638988529
v 0.0114416465 -0.197609072 0.0638988529
v 0.0115120992 -0.197535758 0.0638988529
v 0.0114609584 -0.197632616 0.0638988529
v 0.0113509282 -0.197572653 0.0638988529
v 0.011371313 -0.19746012 0.0638988529
v 0.011420904 -0.197468226 0.0638988529
v 0.0112230166 -0.197678273 0.0638988529
v 0.011119543 -0.1976682 0.0638988529
v 0.0112336263 -0.197645788 0.0638988529
v 0.011137782 -0.19760025 0.0638988529
v 0.0112479314 -0.197621708 0.0638988529
v 0.0111612662 -0.197556262 0.0638988529
v 0.0112660512 -0.197602754 0.0638988529
v 0.0111939296 -0.197519665 0.0638988529
v 0.0112881049 -0.197588568 0.0638988529
v 0.0112342223 -0.197492187 0.0638988529
v 0.0113233908 -0.197576468 0.0638988529
v 0.0112881049 -0.197471087 0.0638988529
v 0.0113558158 -0.197459583 0.0638988529
v 0.0117595776 -0.197430019 0.0638988529
v 0.0117493256 -0.197548096 0.0638988529
v 0.0117493256 -0.197430079 0.0638988529
v 0.0117472991 -0.197548275 0.0638988529
v 0.0116907939 -0.197435741 0.0638988529
v 0.0114710912 -0.197958653 0.0638988529
v 0.011419712 -0.197866206 0.0638988529
v 0.0115028008 -0.197930579 0.0638988529
v 0.0114427193 -0.197848742 0.0638988529
v 0.0115328416 -0.197887425 0.0638988529
v 0.011453329 -0.19783694 0.0638988529
v 0.0115386828 -0.197564249 0.0638988529
v 0.0115697965 -0.197511499 0.0638988529
v 0.011607109 -0.197826331 0.0638988529
v 0.0115613326 -0.197940295 0.0638988529
v 0.0116245135 -0.197855 0.0638988529
v 0.0115929231 -0.197976773 0.0638988529
v 0.0116491898 -0.197878902 0.0638988529
v 0.0116336926 -0.198005383 0.0638988529
v 0.0116768464 -0.197895174 0.0638988529
v 0.011680065 -0.198022668 0.0638988529
v 0.0117126092 -0.197906678 0.0638988529
v 0.0117422923 -0.19803 0.0638988529
v 0.0117591008 -0.197912042 0.0638988529
v 0.0117443189 -0.198030059 0.0638988529
v 0.0118176326 -0.19801939 0.0638988529
v 0.0118079766 -0.197907333 0.0638988529
v 0.011877118 -0.197997336 0.0638988529
v 0.0118456467 -0.197894459 0.0638988529
v 0.0119222983 -0.197967296 0.0638988529
v 0.011871396 -0.197877829 0.0638988529
v 0.0119573459 -0.197929029 0.0638988529
v 0.0118920192 -0.197855716 0.0638988529
v 0.0119842872 -0.197881942 0.0638988529
v 0.0119087085 -0.197826688 0.0638988529
v 0.0120074138 -0.197802906 0.0638988529
v 0.0119207486 -0.197786574 0.0638988529
v 0.0120148047 -0.197730069 0.0638988529
v 0.0118773564 -0.197453146 0.0638988529
v 0.011918722 -0.197479312 0.0638988529
v 0.0118671044 -0.197588091 0.0638988529
v 0.0119557961 -0.197518592 0.0638988529
v 0.0118922576 -0.197614973 0.0638988529
v 0.0119621142 -0.19752944 0.0638988529
v 0.0119095429 -0.197646801 0.0638988529
v 0.0119988307 -0.197620456 0.0638988529
v 0.0119226559 -0.197694247 0.0638988529
v 0.0119263514 -0.197734957 0.0638988529
v 0.0116038903 -0.197476273 0.0638988529
v 0.0116438254 -0.197451417 0.0638988529
v -0.0244465486 -0.182728653 0.113632253
v -0.0244465486 -0.182690566 0.113632253
v -0.024389805 -0.182690566 0.11363881
v -0.024389805 -0.182728653 0.11363881
v -0.0243605987 -0.182690566 0.113650015
v -0.0243605987 -0.182728653 0.113650015
v -0.0243394986 -0.182690566 0.113664321
v -0.0243394986 -0.182728653 0.113664321
v -0.0243274585 -0.182690566 0.113676838
v -0.0243274585 -0.182728653 0.113676838
v -0.0243138686 -0.182690566 0.113698534
v -0.0243138686 -0.182728653 0.113698534
v -0.0243045703 -0.182690566 0.113725952
v -0.0243045703 -0.182728653 0.113725952
v -0.0242996827 -0.182690566 0.113772205
v -0.0242996827 -0.182728653 0.113772205
v -0.0157709733 -0.178503816 0.128696612
v -0.0157709733 -0.178503816 0.127553752
v -0.0157709733 -0.178500001 0.128696612
v -0.0157709733 -0.178500001 0.127553752
v -0.227999987 -0.0767320442 0.0389999662
v -0.226608576 -0.0753671574 0.0389999662
v -0.226486625 -0.0757159042 0.0389999662
v -0.22536713 -0.076608603 0.0389999662
v -0.224999966 -0.0766500282 0.0389999662
v -0.224999966 -0.0784640956 0.0389999662
v -0.224632801 -0.0733913827 0.0389999662
v -0.224999966 -0.073350017 0.0389999662
v -0.224999966 -0.0715358901 0.0389999662
v -0.221999945 -0.0732679414 0.0389999662
v -0.223391356 -0.0746328282 0.0389999662
v -0.223513426 -0.0742840814 0.0389999662
v -0.226290049 -0.0739712167 0.0389999662
v -0.226486625 -0.0742840814 0.0389999662
v -0.227999987 -0.0732679414 0.0389999662
v -0.226608576 -0.0746328282 0.0389999662
v -0.226649942 -0.0749999928 0.0389999662
v -0.226290049 -0.076028769 0.0389999662
v -0.226028742 -0.0762900161 0.0389999662
v -0.225715937 -0.0764865923 0.0389999662
v -0.224632801 -0.076608603 0.0389999662
v -0.224284114 -0.0764865923 0.0389999662
v -0.221999945 -0.0767320442 0.0389999662
v -0.22397119 -0.0762900161 0.0389999662
v -0.223710002 -0.076028769 0.0389999662
v -0.223513426 -0.0757159042 0.0389999662
v -0.223391356 -0.0753671574 0.0389999662
v -0.22334999 -0.0749999928 0.0389999662
v -0.223710002 -0.0739712167 0.0389999662
v -0.22397119 -0.0737099695 0.0389999662
v -0.224284114 -0.0735133934 0.0389999662
v -0.22536713 -0.0733913827 0.0389999662
v -0.225715937 -0.0735133934 0.0389999662
v -0.226028742 -0.0737099695 0.0389999662
v -0.00690883552 -0.16892386 0.115734867
v -0.00690883552 -0.16892386 0.115612916
v -0.00757640754 -0.16892386 0.115734867
v -0.00790888225 -0.16892386 0.115612916
v -0.00767558967 -0.16892386 0.115732006
v -0.0077747718 -0.16892386 0.115725211
v -0.00690883552 -0.16892386 0.116637281
v -0.00690883552 -0.16892386 0.11651533
v -0.00790888225 -0.16892386 0.116637281
v -0.00757044708 -0.16892386 0.11651533
v -0.00767260944 -0.16892386 0.116516045
v -0.0077747718 -0.16892386 0.116519145
v -0.00790888225 -0.16892386 0.116466573
v -0.0077747718 -0.16892386 0.11651533
v -0.00710398113 -0.16892386 0.116126112
v -0.00690883552 -0.16892386 0.116161755
v -0.00710398113 -0.16892386 0.116121462
v -0.00690883552 -0.16892386 0.116088561
v -0.00716656601 -0.16892386 0.116098336
v -0.00722879326 -0.16892386 0.116074017
v -0.0077747718 -0.16892386 0.115728429
v -0.00790888225 -0.16892386 0.115771464
v -0.0077233926 -0.16892386 0.115741304
v -0.00716585075 -0.16892386 0.116146139
v -0.00722617065 -0.16892386 0.116170696
v -0.00766748344 -0.16892386 0.116486004
v -0.00772053158 -0.16892386 0.116502694
v -0.00767320549 -0.16892386 0.115758112
v -0.00604313766 -0.16892386 0.115742615
v -0.00604313766 -0.16892386 0.115740946
v -0.00604313766 -0.168913846 0.115742615
v -0.00604313766 -0.168913846 0.115740946
v -0.00594073688 -0.16892386 0.116074136
v -0.00594073688 -0.16892386 0.116154603
v -0.00594073688 -0.168913846 0.116074136
v -0.00594073688 -0.168913846 0.116154603
v -0.00636381065 -0.16892386 0.11504834
v -0.00641542827 -0.16892386 0.115076116
v -0.00639075195 -0.16892386 0.115148238
v -0.00646251594 -0.16892386 0.115118555
v -0.00642174637 -0.16892386 0.115177444
v -0.00646311199 -0.16892386 0.11511927
v -0.00644999897 -0.16892386 0.115221194
v -0.0065068618 -0.16892386 0.115184477
v -0.00646728431 -0.16892386 0.115270785
v -0.00653141891 -0.16892386 0.115254692
v -0.00647491371 -0.16892386 0.115341714
v -0.00654071724 -0.16892386 0.115341357
v -0.00647491371 -0.16892386 0.115430287
v -0.00654071724 -0.16892386 0.115510753
v -0.00600654041 -0.16892386 0.115430287
v -0.00594073688 -0.16892386 0.115510753
v -0.00600654041 -0.16892386 0.115345052
v -0.00594073688 -0.16892386 0.115347556
v -0.00601250087 -0.16892386 0.115281752
v -0.00594717418 -0.16892386 0.115273288
v -0.0060282365 -0.16892386 0.115231327
v -0.00596779739 -0.16892386 0.115204266
v -0.0060525552 -0.16892386 0.115190319
v -0.00600427543 -0.16892386 0.115141562
v -0.00608581459 -0.16892386 0.115156702
v -0.00605148231 -0.16892386 0.115092209
v -0.00612718021 -0.16892386 0.115131429
v -0.0061052457 -0.16892386 0.115057758
v -0.0061835662 -0.16892386 0.115113786
v -0.00616794979 -0.16892386 0.115036181
v -0.00624662792 -0.16892386 0.115108303
v -0.00624829685 -0.16892386 0.115027836
v -0.00630623256 -0.16892386 0.115113429
v -0.00630480205 -0.16892386 0.115032128
v -0.00635379707 -0.16892386 0.115127376
v -0.0076528207 -0.16892386 0.117442182
v -0.0076528207 -0.168913846 0.117442182
v -0.00759822284 -0.168913846 0.11743646
v -0.00759822284 -0.16892386 0.11743646
v -0.00754612838 -0.168913846 0.117418579
v -0.00754612838 -0.16892386 0.117418579
v -0.00750094806 -0.168913846 0.117389968
v -0.00750094806 -0.16892386 0.117389968
v -0.00745862877 -0.168913846 0.117345623
v -0.00745862877 -0.16892386 0.117345623
v -0.00736910259 -0.168913846 0.117197684
v -0.00736910259 -0.16892386 0.117197684
v 0.025811015 -0.206583087 0.0685306106
v 0.0258130416 -0.206573312 0.0685306106
v 0.0258205518 -0.206585054 0.0685165439
v 0.0258225783 -0.206575279 0.0685165439
v 0.0258237704 -0.20658577 0.0685116563
v 0.0258259162 -0.206575994 0.0685116563
v 0.0258268699 -0.206586425 0.0685045038
v 0.0258290156 -0.20657665 0.0685045038
v 0.0258290156 -0.206586843 0.0684996162
v 0.0258311614 -0.206577067 0.068499497
v 0.0258293732 -0.206586962 0.0684967552
v 0.025831519 -0.206577187 0.0684967552
v 0.0258327111 -0.206587617 0.068471602
v 0.0258348569 -0.206577842 0.068471602
v 0.0251771792 -0.206503932 0.0685527835
v 0.0251751527 -0.206503873 0.068553022
v 0.0251756295 -0.206493859 0.068553022
v 0.0251854047 -0.20650435 0.068551353
v 0.0251858815 -0.206494336 0.0685512338
v 0.0251889809 -0.206504469 0.068550757
v 0.0251900538 -0.206494515 0.0685506378
v 0.0251896962 -0.206504528 0.0685505186
v 0.0251942262 -0.206494753 0.0685486112
v 0.0252034053 -0.206495171 0.0685413395
v 0.0252029284 -0.206505184 0.0685413395
v 0.0251902922 -0.206494515 0.0685505186
v 0.0251941069 -0.206494753 0.0685486112
v 0.0251937493 -0.206504707 0.0685486112
v 0.0251939877 -0.206504707 0.068548492
v 0.0250161275 -0.206500058 0.0683893476
v 0.0250162467 -0.206490045 0.0683893476
v 0.0250160083 -0.206490045 0.0684218917
v 0.0250158891 -0.206500058 0.0684218917
v 0.0250157698 -0.206490045 0.0684544359
v 0.0250157698 -0.206500058 0.0684544359
v 0.0250155314 -0.206500058 0.0684776817
v 0.0250156506 -0.206490045 0.0684776817
v 0.0250154122 -0.206490045 0.0685118948
v 0.025015293 -0.206500058 0.0685118948
v 0.0250151738 -0.206490045 0.0685461078
v 0.0250150546 -0.206500058 0.0685461078
v 0.02532631 -0.20651335 0.0681572471
v 0.0253271445 -0.206503396 0.0681572471
v 0.0253269061 -0.206503336 0.0681914602
v 0.0253260716 -0.20651335 0.0681914602
v 0.0253266677 -0.206503336 0.0682256733
v 0.0253258332 -0.20651329 0.0682256733
v 0.0251328334 -0.206502204 0.0682231699
v 0.0251529797 -0.206502979 0.0682375942
v 0.0251330718 -0.20649225 0.0682231699
v 0.0251533374 -0.206492965 0.0682375942
v 0.0251589402 -0.206493204 0.0682416473
v 0.0251590594 -0.206503158 0.0682418857
v 0.0251652583 -0.206493442 0.0682442699
v 0.0251647815 -0.206503396 0.0682442699
v 0.025171934 -0.20649374 0.0682470117
v 0.0251714572 -0.206503694 0.0682468925
v 0.0251749142 -0.206493859 0.0682473693
v 0.0251744374 -0.206503813 0.0682473693
v 0.0252024516 -0.206505125 0.0682514225
v 0.0252030476 -0.206495171 0.0682514225
v 0.0252121075 -0.206505661 0.0680412565
v 0.0251856431 -0.20650435 0.0680450712
v 0.0252125844 -0.206495647 0.0680412565
v 0.0251861199 -0.206494396 0.0680450712
v 0.0251787289 -0.206493978 0.0680461441
v 0.0251776561 -0.206503992 0.0680462633
v 0.0251715764 -0.20649368 0.0680488859
v 0.0251712188 -0.206503694 0.0680487667
v 0.0251641854 -0.206493382 0.0680517469
v 0.0251637086 -0.206503396 0.0680517469
v 0.0251614436 -0.206493263 0.0680536543
v 0.025161086 -0.206503277 0.0680536543
v 0.0251371249 -0.206502383 0.068070582
v 0.0251374825 -0.206492369 0.068070582
v 0.0252127036 -0.206495647 0.0680649791
v 0.0252122268 -0.206505661 0.0680649791
v 0.0252303466 -0.206496661 0.0680670057
v 0.0252297505 -0.206506615 0.0680670057
v 0.0252376183 -0.206497018 0.0680678402
v 0.0252371415 -0.206507032 0.0680678402
v 0.0252416715 -0.206497316 0.0680695091
v 0.0252410754 -0.20650733 0.0680695091
v 0.0252606257 -0.206498508 0.0680773769
v 0.0252600297 -0.206508462 0.0680773769
v 0.0242983683 -0.211520796 0.0638988529
v 0.0239961728 -0.21193779 0.0638988529
v 0.0242983683 -0.211520796 0.0638999258
v 0.0239961728 -0.21193779 0.0638999258
v 0.0257273301 -0.21193779 0.0638988529
v 0.0257273301 -0.211654727 0.0638988529
v 0.0257273301 -0.21193779 0.0638999258
v 0.0257273301 -0.211654727 0.0638999258
v 0.0245313033 -0.21024919 0.0638988529
v 0.0245313033 -0.21024919 0.0638999258
v 0.0245313033 -0.210259562 0.0638999258
v 0.0245313033 -0.210259562 0.0638988529
v 0.0245246276 -0.210328763 0.0638999258
v 0.0245246276 -0.210328763 0.0638988529
v 0.0245081767 -0.210377221 0.0638999258
v 0.0245081767 -0.210377221 0.0638988529
v 0.0244819506 -0.210418646 0.0638999258
v 0.0244819506 -0.210418646 0.0638988529
v 0.0244427308 -0.21045578 0.0638999258
v 0.0244427308 -0.21045578 0.0638988529
v 0.0282624348 -0.210969036 0.0716999088
v 0.0282325133 -0.2111643 0.0716999088
v 0.028239189 -0.211165671 0.0717516456
v 0.0279992207 -0.211869602 0.0716999088
v 0.0278854951 -0.212101524 0.0716999088
v 0.0278914555 -0.212104802 0.0717516456
v 0.0274935349 -0.212660556 0.0716999088
v 0.027273713 -0.212891822 0.0716999088
v 0.0272783622 -0.212896769 0.0717516456
v 0.0271584376 -0.212990825 0.0716999088
v 0.0270200356 -0.213109558 0.0716999088
v 0.027024208 -0.213114982 0.0717516456
v 0.0263696297 -0.213498716 0.0716999088
v 0.0261462315 -0.21359462 0.0716999088
v 0.0261486157 -0.213600998 0.0717516456
v 0.0254695996 -0.21376503 0.0716999088
v 0.0251672849 -0.213795786 0.0716999088
v 0.0251676425 -0.213802581 0.0717516456
v 0.0250001534 -0.213795786 0.0716999088
v 0.024833022 -0.213795786 0.0716999088
v 0.0248326644 -0.213802581 0.0717516456
v 0.0240715131 -0.213662868 0.0716999088
v 0.0238539561 -0.21359462 0.0716999088
v 0.0238516911 -0.213600998 0.0717516456
v 0.0232171401 -0.213274543 0.0716999088
v 0.022980152 -0.213109558 0.0716999088
v 0.0229759797 -0.213114982 0.0717516456
v 0.0225066527 -0.212660556 0.0716999088
v 0.0224961623 -0.212649529 0.0716999088
v 0.0224910363 -0.212653999 0.0717516456
v 0.0222273454 -0.212282066 0.0716999088
v 0.0221148118 -0.212101524 0.0716999088
v 0.0221088513 -0.212104802 0.0717516456
v 0.0218362197 -0.211429124 0.0716999088
v 0.0217676743 -0.2111643 0.0716999088
v 0.0217609986 -0.211165671 0.0717516456
v 0.0215180501 -0.210854118 0.071899942
v 0.0215718135 -0.211204593 0.071899942
v 0.0215695485 -0.210848873 0.0718930278
v 0.0216224774 -0.211194162 0.0718930278
v 0.0216175898 -0.210843985 0.0718731199
v 0.0216696843 -0.211184447 0.0718731199
v 0.021658717 -0.210839813 0.071841291
v 0.0217103347 -0.211176102 0.071841291
v 0.0216904267 -0.210836594 0.0717999254
v 0.0217414483 -0.211169724 0.0717999254
v 0.0217102155 -0.210834568 0.0717516456
v 0.0217837676 -0.211880271 0.071899942
v 0.0219399318 -0.21219856 0.071899942
v 0.0218313321 -0.211859887 0.0718930278
v 0.0219851121 -0.212173467 0.0718930278
v 0.021875678 -0.211840813 0.0718731199
v 0.0220273122 -0.212150042 0.0718731199
v 0.0219137057 -0.211824481 0.071841291
v 0.0220635518 -0.212129955 0.071841291
v 0.021942912 -0.211811964 0.0717999254
v 0.0220913276 -0.212114518 0.0717999254
v 0.0219612702 -0.211804097 0.0717516456
v 0.0225887879 -0.21303678 0.071899942
v 0.0228577241 -0.213267748 0.071899942
v 0.0226244315 -0.212999289 0.0718930278
v 0.0228894337 -0.2132268 0.0718930278
v 0.0226575717 -0.212964301 0.0718731199
v 0.0229189977 -0.213188653 0.0718731199
v 0.0226861819 -0.21293432 0.071841291
v 0.02294427 -0.21315593 0.071841291
v 0.0227081164 -0.212911253 0.0717999254
v 0.0229638203 -0.213130777 0.0717999254
v 0.0227218255 -0.212896769 0.0717516456
v 0.0234587773 -0.213642364 0.071899942
v 0.0237845763 -0.213782136 0.071899942
v 0.0234815463 -0.213595872 0.0718930278
v 0.0238025769 -0.213733618 0.0718930278
v 0.0235027655 -0.213552539 0.0718731199
v 0.0238192662 -0.213688378 0.0718731199
v 0.0235210046 -0.213515346 0.071841291
v 0.0238336905 -0.213649516 0.071841291
v 0.0235350713 -0.213486855 0.0717999254
v 0.0238446578 -0.213619714 0.0717999254
v 0.0235437735 -0.213468914 0.0717516456
v 0.0244701489 -0.213959639 0.071899942
v 0.0248228892 -0.213995521 0.071899942
v 0.0244780167 -0.213908498 0.0718930278
v 0.0248255118 -0.213943844 0.0718930278
v 0.0244852885 -0.213860815 0.0718731199
v 0.024827896 -0.213895683 0.0718731199
v 0.0244914874 -0.213819866 0.071841291
v 0.0248300418 -0.213854318 0.071841291
v 0.024496375 -0.213788455 0.0717999254
v 0.0248315915 -0.213822548 0.0717999254
v 0.0244993552 -0.213768725 0.0717516456
v 0.0258774146 -0.213888292 0.071899942
v 0.0262157306 -0.213782136 0.071899942
v 0.0258644208 -0.213838165 0.0718930278
v 0.02619773 -0.213733618 0.0718930278
v 0.0258523806 -0.213791494 0.0718731199
v 0.0261809214 -0.213688378 0.0718731199
v 0.0258420094 -0.21375138 0.071841291
v 0.0261666163 -0.213649516 0.071841291
v 0.0258340224 -0.213720624 0.0717999254
v 0.0261555299 -0.213619714 0.0717999254
v 0.0258290156 -0.213701253 0.0717516456
v 0.0268514737 -0.213470285 0.071899942
v 0.0271424636 -0.213267748 0.071899942
v 0.0268240556 -0.213426356 0.0718930278
v 0.0271107539 -0.2132268 0.0718930278
v 0.0267985448 -0.213385408 0.0718731199
v 0.0270813092 -0.213188653 0.0718731199
v 0.0267767295 -0.213350241 0.071841291
v 0.0270559176 -0.21315593 0.071841291
v 0.026759921 -0.2133233 0.0717999254
v 0.0270364865 -0.213130777 0.0717999254
v 0.0267493113 -0.213306313 0.0717516456
v 0.0278727397 -0.212499444 0.071899942
v 0.0280603751 -0.21219856 0.071899942
v 0.0278303012 -0.212469881 0.0718930278
v 0.0280150756 -0.212173467 0.0718930278
v 0.0277907237 -0.212442343 0.0718731199
v 0.0279728755 -0.212150042 0.0718731199
v 0.027756749 -0.21241868 0.071841291
v 0.0279366359 -0.212129955 0.071841291
v 0.0277306422 -0.212400501 0.0717999254
v 0.0279088601 -0.212114518 0.0717999254
v 0.0277141913 -0.212389116 0.0717516456
v 0.0283395633 -0.211547797 0.071899942
v 0.0284284934 -0.211204593 0.071899942
v 0.0282902106 -0.211532299 0.0718930278
v 0.0283777102 -0.211194162 0.0718930278
v 0.0282441958 -0.211517875 0.0718731199
v 0.0283305034 -0.211184447 0.0718731199
v 0.0282046183 -0.211505477 0.071841291
v 0.0282899722 -0.211176102 0.071841291
v 0.0281743392 -0.211495941 0.0717999254
v 0.0282588586 -0.211169724 0.0717999254
v 0.0281552657 -0.21148998 0.0717516456
v 0.0215001687 -0.210500007 0.071899942
v 0.0215519055 -0.210500007 0.0718930278
v 0.0216000661 -0.210500007 0.0718731199
v 0.0216415509 -0.210500007 0.071841291
v 0.0216733798 -0.210500007 0.0717999254
v 0.0216932877 -0.210500007 0.0717516456
v 0.0217000827 -0.210500007 0.0716999088
v 0.0217170104 -0.210833852 0.0716999088
v 0.0217377528 -0.210969036 0.0716999088
v 0.0218514785 -0.211487894 0.0716999088
v 0.021844922 -0.21148998 0.0717516456
v 0.0218258485 -0.211495941 0.0717999254
v 0.0217955693 -0.211505477 0.071841291
v 0.0217559918 -0.211517875 0.0718731199
v 0.021709977 -0.211532299 0.0718930278
v 0.0216606244 -0.211547797 0.071899942
v 0.0219675883 -0.211801414 0.0716999088
v 0.0220009669 -0.211869602 0.0716999088
v 0.0222915992 -0.212385182 0.0716999088
v 0.0222859963 -0.212389116 0.0717516456
v 0.0222696647 -0.212400501 0.0717999254
v 0.0222435578 -0.21241868 0.071841291
v 0.022209464 -0.212442343 0.0718731199
v 0.0221698865 -0.212469881 0.0718930278
v 0.022127448 -0.212499444 0.071899942
v 0.0223444089 -0.212779825 0.071899942
v 0.0223837479 -0.212746088 0.0718930278
v 0.0224203452 -0.212714677 0.0718731199
v 0.0224518164 -0.212687736 0.071841291
v 0.0224758967 -0.212666993 0.0717999254
v 0.0227264747 -0.212891822 0.0716999088
v 0.0228418692 -0.212990825 0.0716999088
v 0.0232545718 -0.213300531 0.0716999088
v 0.0232508763 -0.213306313 0.0717516456
v 0.0232403859 -0.2133233 0.0717999254
v 0.0232235774 -0.213350241 0.071841291
v 0.0232016429 -0.213385408 0.0718731199
v 0.0231761321 -0.213426356 0.0718930278
v 0.023148714 -0.213470285 0.071899942
v 0.023546873 -0.213462775 0.0716999088
v 0.0236305579 -0.213498716 0.0716999088
v 0.0241729602 -0.213694696 0.0716999088
v 0.0241712912 -0.213701253 0.0717516456
v 0.0241662844 -0.213720624 0.0717999254
v 0.0241582974 -0.21375138 0.071841291
v 0.0241479262 -0.213791494 0.0718731199
v 0.0241357669 -0.213838165 0.0718930278
v 0.0241228923 -0.213888292 0.071899942
v 0.0245004281 -0.21376199 0.0716999088
v 0.024530588 -0.21376503 0.0716999088
v 0.0251685962 -0.213822548 0.0717999254
v 0.0251702651 -0.213854318 0.071841291
v 0.0251722916 -0.213895683 0.0718731199
v 0.025174795 -0.213943844 0.0718930278
v 0.0251774176 -0.213995521 0.071899942
v 0.0254998788 -0.21376199 0.0716999088
v 0.0255008324 -0.213768725 0.0717516456
v 0.0255039319 -0.213788455 0.0717999254
v 0.0255087003 -0.213819866 0.071841291
v 0.0255150184 -0.213860815 0.0718731199
v 0.0255222901 -0.213908498 0.0718930278
v 0.0255301579 -0.213959639 0.071899942
v 0.0258272275 -0.213694696 0.0716999088
v 0.0259286746 -0.213662868 0.0716999088
v 0.0264534339 -0.213462775 0.0716999088
v 0.0264564141 -0.213468914 0.0717516456
v 0.0264652356 -0.213486855 0.0717999254
v 0.0264791831 -0.213515346 0.071841291
v 0.0264974221 -0.213552539 0.0718731199
v 0.0265186414 -0.213595872 0.0718930278
v 0.0265415295 -0.213642364 0.071899942
v 0.0267457351 -0.213300531 0.0716999088
v 0.0267830476 -0.213274543 0.0716999088
v 0.0272921904 -0.212911253 0.0717999254
v 0.0273141249 -0.21293432 0.071841291
v 0.027342616 -0.212964301 0.0718731199
v 0.0273758754 -0.212999289 0.0718930278
v 0.0274115189 -0.21303678 0.071899942
v 0.0275040253 -0.212649529 0.0716999088
v 0.0275091513 -0.212653999 0.0717516456
v 0.0275242909 -0.212666993 0.0717999254
v 0.0275484904 -0.212687736 0.071841291
v 0.0275798425 -0.212714677 0.0718731199
v 0.0276164397 -0.212746088 0.0718930278
v 0.0276557788 -0.212779825 0.071899942
v 0.0277085885 -0.212385182 0.0716999088
v 0.0277729615 -0.212282066 0.0716999088
v 0.0280327185 -0.211801414 0.0716999088
v 0.0280389174 -0.211804097 0.0717516456
v 0.0280572757 -0.211811964 0.0717999254
v 0.0280864819 -0.211824481 0.071841291
v 0.0281246289 -0.211840813 0.0718731199
v 0.0281688556 -0.211859887 0.0718930278
v 0.0282164201 -0.211880271 0.071899942
v 0.0281488284 -0.211487894 0.0716999088
v 0.028163968 -0.211429124 0.0716999088
v 0.0282831773 -0.210833852 0.0716999088
v 0.0282899722 -0.210834568 0.0717516456
v 0.0283098801 -0.210836594 0.0717999254
v 0.0283414706 -0.210839813 0.071841291
v 0.028382717 -0.210843985 0.0718731199
v 0.0284306392 -0.210848873 0.0718930278
v 0.0284821376 -0.210854118 0.071899942
v 0.0285001382 -0.210500007 0.071899942
v 0.0284484013 -0.210500007 0.0718930278
v 0.0284001216 -0.210500007 0.0718731199
v 0.0283586367 -0.210500007 0.071841291
v 0.0283269271 -0.210500007 0.0717999254
v 0.0283068999 -0.210500007 0.0717516456
v 0.028300105 -0.210500007 0.0716999088
v -0.0236299649 -0.198209887 0.0619855438
v -0.0236399785 -0.198209887 0.0619855438
v -0.0236399785 -0.198235159 0.0620085512
v -0.0236299649 -0.198235159 0.0620085512
v -0.0236399785 -0.198265796 0.0620250021
v -0.0236299649 -0.198265796 0.0620250021
v -0.0236399785 -0.198300724 0.0620335851
v -0.0236299649 -0.198300724 0.0620335851
v -0.0236399785 -0.198318367 0.062034658
v -0.0236299649 -0.198318367 0.062034658
v -0.0236399785 -0.196563904 0.0620176111
v -0.0236399785 -0.1965645 0.0620176111
v -0.0236399785 -0.196562235 0.0620089088
v -0.0236399785 -0.19656605 0.0620093856
v -0.0236399785 -0.196560745 0.062003306
v -0.0236399785 -0.196567838 0.062003306
v -0.0236399785 -0.196529989 0.0619187866
v -0.0236399785 -0.196598237 0.0619187866
v -0.0236299649 -0.197376673 0.0618995939
v -0.0236399785 -0.197376673 0.0618995939
v -0.0236399785 -0.197373931 0.0619017397
v -0.0236299649 -0.197373931 0.0619017397
v -0.0236399785 -0.197368269 0.0619046007
v -0.0236299649 -0.197368269 0.0619046007
v -0.0236399785 -0.197351997 0.0619085346
v -0.0236299649 -0.197351997 0.0619085346
v -0.0236299649 -0.197516804 0.0618633543
v -0.0236299649 -0.197433655 0.0618633543
v -0.0236399785 -0.197516804 0.0618633543
v -0.0236399785 -0.197433655 0.0618633543
v -0.0236399785 -0.196818595 0.0623401914
v -0.0236399785 -0.196819191 0.0623401914
v -0.0236399785 -0.196816926 0.0623316084
v -0.0236399785 -0.196820741 0.062331966
v -0.0236399785 -0.196815376 0.0623260055
v -0.0236399785 -0.196822529 0.0623260055
v -0.0236399785 -0.19678468 0.0622413669
v -0.0236399785 -0.196852927 0.0622413669
v -0.0262889281 -0.196999972 0.0612599168
v -0.0262441055 -0.196999972 0.0612599168
v -0.0262889281 -0.197448735 0.0612599168
v -0.0262441055 -0.197499995 0.0612599168
v -0.0264812127 -0.197448735 0.0612599168
v -0.0264812127 -0.197499995 0.0612599168
v -0.0262889281 -0.196999972 0.0611599002
v -0.0262889281 -0.197448735 0.0611599002
v -0.0262441055 -0.196999972 0.0611599002
v -0.0262441055 -0.197499995 0.0611599002
v -0.0269868985 -0.197121804 0.0612599168
v -0.0270261184 -0.197091763 0.0612599168
v -0.0270114556 -0.197073345 0.0612599168
v -0.0270261184 -0.197407966 0.0612599168
v -0.0269868985 -0.197378223 0.0612599168
v -0.026982011 -0.197454219 0.0612599168
v -0.026959242 -0.197406118 0.0612599168
v -0.0269302741 -0.197486882 0.0612599168
v -0.0269150153 -0.197436457 0.0612599168
v -0.0268734113 -0.197506194 0.0612599168
v -0.0268668548 -0.197454636 0.0612599168
v -0.0268335954 -0.197511916 0.0612599168
v -0.026808323 -0.19746155 0.0612599168
v -0.026946725 -0.197083001 0.0612599168
v -0.0269808189 -0.197044198 0.0612599168
v -0.0268997565 -0.197056417 0.0612599168
v -0.0269263402 -0.197011178 0.0612599168
v -0.026877822 -0.197048669 0.0612599168
v -0.0268808023 -0.196995561 0.0612599168
v -0.0268226281 -0.197039072 0.0612599168
v -0.0268079654 -0.196987157 0.0612599168
v -0.0268052236 -0.197038476 0.0612599168
v -0.0267680303 -0.196989541 0.0612599168
v -0.0267460958 -0.197045748 0.0612599168
v -0.0267069951 -0.197004025 0.0612599168
v -0.0266950742 -0.197065537 0.0612599168
v -0.0266540662 -0.197030966 0.0612599168
v -0.0266490594 -0.197097843 0.0612599168
v -0.0266019717 -0.197076564 0.0612599168
v -0.0266179458 -0.197134082 0.0612599168
v -0.0265676395 -0.197125797 0.0612599168
v -0.0265956536 -0.197178428 0.0612599168
v -0.0265472547 -0.197178786 0.0612599168
v -0.0265849248 -0.197227006 0.0612599168
v -0.02653891 -0.197247093 0.0612599168
v -0.0265838519 -0.19725049 0.0612599168
v -0.0265904084 -0.197305624 0.0612599168
v -0.0265459434 -0.197313075 0.0612599168
v -0.0266062633 -0.197347109 0.0612599168
v -0.0265660897 -0.197370594 0.0612599168
v -0.0266332046 -0.19738627 0.0612599168
v -0.0266023294 -0.19742537 0.0612599168
v -0.026669325 -0.197419291 0.0612599168
v -0.0266223565 -0.197446172 0.0612599168
v -0.026717724 -0.197445695 0.0612599168
v -0.0266707555 -0.197480862 0.0612599168
v -0.0267685071 -0.197458808 0.0612599168
v -0.0267305986 -0.19750387 0.0612599168
v -0.0268085614 -0.19751281 0.0612599168
v -0.0268079654 -0.196987157 0.0611599002
v -0.0267680303 -0.196989541 0.0611599002
v -0.0267511026 -0.196993594 0.0611599002
v -0.0267069951 -0.197004025 0.0611599002
v -0.0266540662 -0.197030966 0.0611599002
v -0.0266019717 -0.197076564 0.0611599002
v -0.0265676395 -0.197125797 0.0611599002
v -0.0265472547 -0.197178786 0.0611599002
v -0.02653891 -0.197247093 0.0611599002
v -0.0265459434 -0.197313075 0.0611599002
v -0.0265660897 -0.197370594 0.0611599002
v -0.0266023294 -0.19742537 0.0611599002
v -0.0268085614 -0.19751281 0.0611599002
v -0.0267525331 -0.197506433 0.0611599002
v -0.0267305986 -0.19750387 0.0611599002
v -0.0266707555 -0.197480862 0.0611599002
v -0.0266223565 -0.197446172 0.0611599002
v -0.0268335954 -0.197511916 0.0611599002
v -0.0268717424 -0.197506433 0.0611599002
v -0.0268734113 -0.197506194 0.0611599002
v -0.0269302741 -0.197486882 0.0611599002
v -0.026982011 -0.197454219 0.0611599002
v -0.0270261184 -0.197407966 0.0611599002
v -0.0269868985 -0.197378223 0.0611599002
v -0.026808323 -0.19746155 0.0611599002
v -0.0267685071 -0.197458808 0.0611599002
v -0.026717724 -0.197445695 0.0611599002
v -0.026669325 -0.197419291 0.0611599002
v -0.0266332046 -0.19738627 0.0611599002
v -0.0266062633 -0.197347109 0.0611599002
v -0.0265904084 -0.197305624 0.0611599002
v -0.0265838519 -0.19725049 0.0611599002
v -0.0265849248 -0.197227006 0.0611599002
v -0.0265956536 -0.197178428 0.0611599002
v -0.0266179458 -0.197134082 0.0611599002
v -0.0266490594 -0.197097843 0.0611599002
v -0.0266950742 -0.197065537 0.0611599002
v -0.0267460958 -0.197045748 0.0611599002
v -0.0268052236 -0.197038476 0.0611599002
v -0.0268226281 -0.197039072 0.0611599002
v -0.026877822 -0.197048669 0.0611599002
v -0.0268997565 -0.197056417 0.0611599002
v -0.026946725 -0.197083001 0.0611599002
v -0.0269868985 -0.197121804 0.0611599002
v -0.0270261184 -0.197091763 0.0611599002
v -0.0274108068 -0.197499995 0.0612599168
v -0.0271287576 -0.197499995 0.0612599168
v -0.0274108068 -0.197499995 0.0611599002
v -0.0271287576 -0.197499995 0.0611599002
v -0.0274108068 -0.197448735 0.0612599168
v -0.0274108068 -0.197448735 0.0611599002
v -0.0271735803 -0.197448735 0.0612599168
v -0.0271735803 -0.197448735 0.0611599002
v -0.0271735803 -0.197256391 0.0612599168
v -0.0271735803 -0.197256391 0.0611599002
v -0.0274108068 -0.197256391 0.0612599168
v -0.0274108068 -0.197256391 0.0611599002
v -0.0271287576 -0.196999972 0.0612599168
v -0.0274108068 -0.196999972 0.0612599168
v -0.0271287576 -0.196999972 0.0611599002
v -0.0274108068 -0.196999972 0.0611599002
v -0.0275805608 -0.197051291 0.0612599168
v -0.0275805608 -0.197051291 0.0611599002
v -0.0276578084 -0.197053616 0.0611599002
v -0.0276578084 -0.197053616 0.0612599168
v -0.0277342216 -0.197065299 0.0611599002
v -0.0277342216 -0.197065299 0.0612599168
v -0.0275453941 -0.197051291 0.0612599168
v -0.0275453941 -0.197448735 0.0612599168
v -0.0275453941 -0.197051291 0.0611599002
v -0.0275453941 -0.197448735 0.0611599002
v -0.02776009 -0.197018032 0.0612599168
v -0.0277566329 -0.197073464 0.0612599168
v -0.0278107539 -0.197043602 0.0612599168
v -0.0277939454 -0.197095339 0.0612599168
v -0.027847232 -0.197075312 0.0612599168
v -0.0278229133 -0.197123532 0.0612599168
v -0.0278790609 -0.197120433 0.0612599168
v -0.0278458015 -0.19716013 0.0612599168
v -0.0279000417 -0.197172587 0.0612599168
v -0.0278604642 -0.197203164 0.0612599168
v -0.0279100553 -0.197233145 0.0612599168
v -0.0278658286 -0.197256212 0.0612599168
v -0.0279107705 -0.197256331 0.0612599168
v -0.027865471 -0.19727016 0.0612599168
v -0.0279037372 -0.197323148 0.0612599168
v -0.0278566495 -0.197322969 0.0612599168
v -0.0278841869 -0.197378879 0.0612599168
v -0.0278400794 -0.197360818 0.0612599168
v -0.027850093 -0.197430317 0.0612599168
v -0.0278152839 -0.197393541 0.0612599168
v -0.0278126613 -0.197463338 0.0612599168
v -0.0277856008 -0.197417622 0.0612599168
v -0.0277749911 -0.197482769 0.0612599168
v -0.0277456657 -0.19743598 0.0612599168
v -0.0277140752 -0.197496717 0.0612599168
v -0.0276747361 -0.197446709 0.0612599168
v -0.0276554242 -0.197499995 0.0612599168
v -0.0276027337 -0.197448735 0.0612599168
v -0.0275004522 -0.197499995 0.0612599168
v -0.0275004522 -0.196999972 0.0612599168
v -0.0276014224 -0.196999972 0.0612599168
v -0.0276815311 -0.197003071 0.0612599168
v -0.02776009 -0.197018032 0.0611599002
v -0.0279107705 -0.197256331 0.0611599002
v -0.0279100553 -0.197233145 0.0611599002
v -0.0279000417 -0.197172587 0.0611599002
v -0.0278790609 -0.197120433 0.0611599002
v -0.027847232 -0.197075312 0.0611599002
v -0.0278403178 -0.197069352 0.0611599002
v -0.0278107539 -0.197043602 0.0611599002
v -0.0276815311 -0.197003071 0.0611599002
v -0.0276014224 -0.196999972 0.0611599002
v -0.0275004522 -0.196999972 0.0611599002
v -0.0275004522 -0.197499995 0.0611599002
v -0.0281241552 -0.197288458 0.0612599168
v -0.0283028499 -0.197288458 0.0612599168
v -0.0281241552 -0.197288458 0.0611599002
v -0.0283028499 -0.197288458 0.0611599002
v -0.0282147542 -0.197097425 0.0612599168
v -0.0282147542 -0.197097425 0.0611599002
v -0.0279749051 -0.197499995 0.0612599168
v -0.0282120124 -0.196999972 0.0612599168
v -0.0279749051 -0.197499995 0.0611599002
v -0.0282120124 -0.196999972 0.0611599002
v -0.0280237809 -0.197499995 0.0612599168
v -0.0280237809 -0.197499995 0.0611599002
v -0.0280998365 -0.197339718 0.0612599168
v -0.0280998365 -0.197339718 0.0611599002
v -0.0284492389 -0.197499995 0.0612599168
v -0.0284004823 -0.197499995 0.0612599168
v -0.0284492389 -0.197499995 0.0611599002
v -0.0284004823 -0.197499995 0.0611599002
v -0.0282184497 -0.196999972 0.0612599168
v -0.0282184497 -0.196999972 0.0611599002
v -0.025229992 -0.196299975 0.0691998516
v -0.025229992 -0.196160023 0.0691998516
v -0.025229992 -0.196550016 0.0689498697
v -0.025229992 -0.195909982 0.0689498697
v -0.025229992 -0.196550016 0.0631999288
v -0.025229992 -0.195909982 0.0631999288
v -0.0245899573 -0.195909982 0.0689498697
v -0.0245899573 -0.196160023 0.0691998516
v -0.0245899573 -0.196550016 0.0689498697
v -0.0245899573 -0.196550016 0.0631999288
v -0.0245899573 -0.195909982 0.0611599002
v -0.0245899573 -0.195909982 0.0579098974
v -0.025229992 -0.195909982 0.0611599002
v -0.025229992 -0.195909982 0.0579098974
v -0.0245899573 -0.196299975 0.0576599155
v -0.0245899573 -0.196160023 0.0576599155
v -0.0245899573 -0.196550016 0.0579098974
v -0.0245899573 -0.196550016 0.0611599002
v -0.025229992 -0.196550016 0.0579098974
v -0.025229992 -0.196299975 0.0576599155
v -0.025229992 -0.196160023 0.0576599155
v -0.0245899573 -0.198840027 0.0576599155
v -0.0245899573 -0.198700016 0.0576599155
v -0.0245899573 -0.199090009 0.0579098974
v -0.0245899573 -0.198449974 0.0579098974
v -0.0245899573 -0.199090009 0.0611599002
v -0.0245899573 -0.198449974 0.0611599002
v -0.025229992 -0.198840027 0.0576599155
v -0.025229992 -0.198700016 0.0576599155
v -0.0277699844 -0.196160023 0.0691998516
v -0.0277699844 -0.196299975 0.0691998516
v -0.0271299497 -0.196160023 0.0691998516
v -0.0271299497 -0.196299975 0.0691998516
v -0.0277699844 -0.196550016 0.0611599002
v -0.0277699844 -0.196550016 0.0579098974
v -0.0274556295 -0.196550016 0.0611599002
v -0.0271299497 -0.196550016 0.0579098974
v -0.0271299497 -0.196550016 0.0611599002
v -0.0271299497 -0.195909982 0.0611599002
v -0.0271299497 -0.195909982 0.0579098974
v -0.0274556295 -0.195909982 0.0611599002
v -0.0277699844 -0.195909982 0.0579098974
v -0.0277699844 -0.195909982 0.0611599002
v -0.0271299497 -0.196299975 0.0576599155
v -0.0271299497 -0.196160023 0.0576599155
v -0.0277699844 -0.196299975 0.0576599155
v -0.0277699844 -0.196160023 0.0576599155
v -0.0271299497 -0.198700016 0.0691998516
v -0.0271299497 -0.198840027 0.0691998516
v -0.0271299497 -0.198449974 0.0689498697
v -0.0271299497 -0.199090009 0.0689498697
v -0.0271299497 -0.198449974 0.0631999288
v -0.0271299497 -0.199090009 0.0631999288
v -0.0277699844 -0.198840027 0.0691998516
v -0.0277699844 -0.198700016 0.0691998516
v -0.0277699844 -0.199090009 0.0689498697
v -0.0277699844 -0.198449974 0.0689498697
v -0.0277699844 -0.199090009 0.0631999288
v -0.0277699844 -0.198449974 0.0631999288
v -0.0277699844 -0.198700016 0.0576599155
v -0.0277699844 -0.198840027 0.0576599155
v -0.0277699844 -0.198449974 0.0579098974
v -0.0277699844 -0.199090009 0.0579098974
v -0.0277699844 -0.198449974 0.0611599002
v -0.0277699844 -0.199090009 0.0611599002
v -0.0271299497 -0.198700016 0.0576599155
v -0.0271299497 -0.198449974 0.0579098974
v 0.00972074116 -0.206795042 0.0714859281
v 0.0097584113 -0.206795042 0.0713876997
v 0.00976544464 -0.206795042 0.0713953291
v 0.00972074116 -0.206795042 0.0713731561
v 0.009710966 -0.206795042 0.0713739906
v 0.00970691288 -0.206795042 0.0714842592
v 0.00973445023 -0.206795042 0.0713748251
v 0.00974708641 -0.206795042 0.0713797126
v 0.00968319023 -0.206795042 0.071471623
v 0.00967568005 -0.206795042 0.0713956867
v 0.009685336 -0.206795042 0.0713856731
v 0.00977378929 -0.206795042 0.0714487348
v 0.00976770962 -0.206795042 0.071460775
v 0.00975864971 -0.206795042 0.0714712654
v 0.0096942767 -0.206795042 0.0714793716
v 0.00969737614 -0.206795042 0.0713782821
v 0.0097725972 -0.206795042 0.0714074884
v 0.00977653111 -0.206795042 0.0714211975
v 0.00977688874 -0.206795042 0.0714353834
v 0.00974720562 -0.206795042 0.0714793716
v 0.00973385418 -0.206795042 0.0714843784
v 0.00966757382 -0.206795042 0.0714484964
v 0.00966459359 -0.206795042 0.0714345489
v 0.00967401112 -0.206795042 0.0714611326
v 0.00966507042 -0.206795042 0.0714204822
v 0.00966888512 -0.206795042 0.0714073692
v 0.0094171151 -0.206804996 0.0712299858
v 0.00937229241 -0.206804996 0.0713066373
v 0.0094171151 -0.206795042 0.0712299858
v 0.00937229241 -0.206795042 0.0713066373
v 0.0098790511 -0.206804996 0.07112532
v 0.00984650696 -0.206804996 0.0711085115
v 0.00985592449 -0.206804996 0.0710201774
v 0.00960010136 -0.206804996 0.07150977
v 0.00958329285 -0.206804996 0.0714772258
v 0.00957530583 -0.206804996 0.0714414631
v 0.00973385418 -0.206804996 0.0714843784
v 0.00974720562 -0.206804996 0.0714793716
v 0.00985663975 -0.206804996 0.0714743648
v 0.00975864971 -0.206804996 0.0714712654
v 0.00979882325 -0.206804996 0.0710131441
v 0.00957470978 -0.206804996 0.0714136873
v 0.0096108302 -0.206804996 0.0713313137
v 0.00957470978 -0.206804996 0.0714281116
v 0.00965303028 -0.206804996 0.0715565
v 0.00962406243 -0.206804996 0.0715367113
v 0.00981074417 -0.206804996 0.0711005245
v 0.00979739273 -0.206804996 0.0710999284
v 0.00978225315 -0.206804996 0.0710140977
v 0.00976461018 -0.206804996 0.0711038623
v 0.00976556385 -0.206804996 0.0710160051
v 0.00973218525 -0.206804996 0.0711154256
v 0.00976770962 -0.206804996 0.071460775
v 0.00977378929 -0.206804996 0.0714487348
v 0.00987511719 -0.206804996 0.0714688812
v 0.00977688874 -0.206804996 0.0714353834
v 0.00992733086 -0.206804996 0.0714433704
v 0.00966888512 -0.206804996 0.0714073692
v 0.00966507042 -0.206804996 0.0714204822
v 0.00966459359 -0.206804996 0.0714345489
v 0.00966757382 -0.206804996 0.0714484964
v 0.00967401112 -0.206804996 0.0714611326
v 0.00932448948 -0.206804996 0.071163467
v 0.00931292618 -0.206804996 0.071163467
v 0.00925367916 -0.206804996 0.0710853849
v 0.00928562725 -0.206804996 0.0711669241
v 0.00924700344 -0.206804996 0.0710876499
v 0.00926035488 -0.206804996 0.07117658
v 0.00920396889 -0.206804996 0.0711089883
v 0.00916462982 -0.206804996 0.0711420093
v 0.00972074116 -0.206804996 0.0711216245
v 0.00969856823 -0.206804996 0.0710756097
v 0.00973588074 -0.206804996 0.0709815536
v 0.0096660241 -0.206804996 0.0710369859
v 0.00970190609 -0.206804996 0.0709524665
v 0.00962763871 -0.206804996 0.0710088525
v 0.00966673935 -0.206804996 0.0709306512
v 0.00990956868 -0.206804996 0.071041039
v 0.00995546425 -0.206804996 0.071073464
v 0.0099059924 -0.206804996 0.0711492811
v 0.0099651202 -0.206804996 0.0710825239
v 0.00992578114 -0.206804996 0.0711781297
v 0.0100000485 -0.206804996 0.0711273466
v 0.00993794049 -0.206804996 0.0712105547
v 0.00923794354 -0.206804996 0.0711921964
v 0.00922089661 -0.206804996 0.0712111507
v 0.00913506592 -0.206804996 0.0711831365
v 0.00920754517 -0.206804996 0.0712361847
v 0.00911730374 -0.206804996 0.071227244
v 0.00911050881 -0.206804996 0.0712748085
v 0.00920086945 -0.206804996 0.0712639604
v 0.00920015419 -0.206804996 0.0712763582
v 0.00911706532 -0.206804996 0.0713261877
v 0.00920361126 -0.206804996 0.0713043724
v 0.00913518513 -0.206804996 0.071371964
v 0.00921362484 -0.206804996 0.0713301216
v 0.00916403378 -0.206804996 0.0714122568
v 0.00968319023 -0.206804996 0.071471623
v 0.0096942767 -0.206804996 0.0714793716
v 0.009685336 -0.206804996 0.0715686594
v 0.00970691288 -0.206804996 0.0714842592
v 0.00971931065 -0.206804996 0.0715727125
v 0.00972074116 -0.206804996 0.0714859281
v 0.00972539032 -0.206804996 0.0715725933
v 0.00933176125 -0.206804996 0.0709711824
v 0.00938910092 -0.206804996 0.0710369859
v 0.00928419674 -0.206804996 0.0710261379
v 0.00935631836 -0.206804996 0.071075729
v 0.00933378781 -0.206804996 0.0711222206
v 0.00960010136 -0.206804996 0.070904902
v 0.00958043183 -0.206804996 0.0709896598
v 0.00952845658 -0.206804996 0.0708959613
v 0.00952702606 -0.206804996 0.0709827457
v 0.00946885193 -0.206804996 0.0709022794
v 0.00947767342 -0.206804996 0.0709888254
v 0.00939625347 -0.206804996 0.0709279094
v 0.00943225468 -0.206804996 0.0710063491
v 0.00939172352 -0.206804996 0.0710346017
v 0.00985520924 -0.206804996 0.0713775669
v 0.00988536919 -0.206804996 0.0713592086
v 0.00997239197 -0.206804996 0.071404985
v 0.00991159523 -0.206804996 0.0713328634
v 0.0100051745 -0.206804996 0.0713581358
v 0.00993007267 -0.206804996 0.0713016306
v 0.0100260362 -0.206804996 0.0713043724
v 0.00994032467 -0.206804996 0.0712661062
v 0.0100330695 -0.206804996 0.0712473903
v 0.0099419936 -0.206804996 0.0712445293
v 0.0100327119 -0.206804996 0.0712338005
v 0.0100230559 -0.206804996 0.071179441
v 0.00977653111 -0.206804996 0.0714211975
v 0.0097725972 -0.206804996 0.0714074884
v 0.00983875836 -0.206804996 0.071345738
v 0.00976544464 -0.206804996 0.0713953291
v 0.00981467808 -0.206804996 0.0713185583
v 0.0097584113 -0.206804996 0.0713876997
v 0.00978499497 -0.206804996 0.0712981735
v 0.00974708641 -0.206804996 0.0713797126
v 0.00975304688 -0.206804996 0.0712861333
v 0.00973445023 -0.206804996 0.0713748251
v 0.00971931065 -0.206804996 0.0712820802
v 0.00972074116 -0.206804996 0.0713731561
v 0.00970154846 -0.206804996 0.0712831531
v 0.009710966 -0.206804996 0.0713739906
v 0.00966662014 -0.206804996 0.0712918554
v 0.00969737614 -0.206804996 0.0713782821
v 0.00963598336 -0.206804996 0.0713083063
v 0.009685336 -0.206804996 0.0713856731
v 0.00967568005 -0.206804996 0.0713956867
v 0.00984245385 -0.206804996 0.0715050016
v 0.00982099617 -0.206804996 0.0715317045
v 0.00979274357 -0.206804996 0.0715530429
v 0.00975948418 -0.206804996 0.0715672289
v 0.00942188347 -0.206804996 0.0714415823
v 0.0094184264 -0.206804996 0.0714514766
v 0.00937658394 -0.206804996 0.0713876997
v 0.00941258515 -0.206804996 0.071460775
v 0.00942283715 -0.206804996 0.0714325224
v 0.00937801445 -0.206804996 0.0713876997
v 0.00942259873 -0.206804996 0.0714271579
v 0.00938731278 -0.206804996 0.0713886533
v 0.00939744557 -0.206804996 0.0713921104
v 0.00922947968 -0.206804996 0.0713527713
v 0.00923162545 -0.206804996 0.0713550363
v 0.00920325363 -0.206804996 0.071445397
v 0.00925308312 -0.206804996 0.0713724409
v 0.00924736107 -0.206804996 0.0714670931
v 0.00927859391 -0.206804996 0.0713842426
v 0.00929564083 -0.206804996 0.071477345
v 0.00930434311 -0.206804996 0.0713891302
v 0.00938087548 -0.206804996 0.071477345
v 0.00936931217 -0.206804996 0.0713891302
v 0.00938433255 -0.206804996 0.0714769874
v 0.00937229241 -0.206804996 0.0713887725
v 0.00939410771 -0.206804996 0.0714743648
v 0.0094042405 -0.206804996 0.0714686428
v 0.00940650547 -0.206804996 0.0713979517
v 0.00941425408 -0.206804996 0.0714061771
v 0.0094197377 -0.206804996 0.0714160715
v 0.00790208424 -0.206804996 0.0714766298
v 0.00792282666 -0.206804996 0.0714209591
v 0.00790208424 -0.206795042 0.0714766298
v 0.00792282666 -0.206795042 0.0714209591
v 0.00799923981 -0.206804996 0.0713979517
v 0.00800746525 -0.206804996 0.0714209591
v 0.00793093289 -0.206804996 0.0713979517
v 0.00796884144 -0.206804996 0.0713134323
v 0.0079786166 -0.206804996 0.0712732587
v 0.00805610264 -0.206804996 0.0714766298
v 0.00802701557 -0.206804996 0.0714766298
v 0.0079670533 -0.206804996 0.0713073526
v 0.00796550358 -0.206804996 0.0712992464
v 0.00795048321 -0.206804996 0.0712732587
v 0.00796478833 -0.206804996 0.0712992464
v 0.0079632386 -0.206804996 0.0713078294
v 0.00796168888 -0.206804996 0.0713134323
v 0.00787311638 -0.206804996 0.0714766298
v 0.00820666397 -0.206795042 0.0712966238
v 0.00820666397 -0.206795042 0.071453384
v 0.00817590798 -0.206795042 0.0712966238
v 0.00817710007 -0.206795042 0.071453384
v 0.00815135086 -0.206795042 0.0714506422
v 0.00813394631 -0.206795042 0.0714444433
v 0.00812047566 -0.206795042 0.0714356218
v 0.00811666096 -0.206795042 0.0714321647
v 0.00810652817 -0.206795042 0.0714196478
v 0.00809961403 -0.206795042 0.0714045082
v 0.00809568013 -0.206795042 0.0713859115
v 0.00809496487 -0.206795042 0.0713730369
v 0.00809746826 -0.206795042 0.0713496719
v 0.00810295189 -0.206795042 0.0713342939
v 0.00811058129 -0.206795042 0.0713224922
v 0.00811725701 -0.206795042 0.0713156973
v 0.00814968193 -0.206795042 0.0712994848
v 0.00813203896 -0.206795042 0.0713059221
v 0.00827139462 -0.206795042 0.0714766298
v 0.00827139462 -0.206804996 0.0714766298
v 0.00831645573 -0.206795042 0.0714766298
v 0.00838070954 -0.206804996 0.0714766298
v 0.00838070954 -0.206795042 0.0714766298
v 0.00854235733 -0.206804996 0.0715429102
v 0.00854235733 -0.206804996 0.0715202604
v 0.00854235733 -0.206795042 0.0715429102
v 0.00854235733 -0.206795042 0.0715202604
v 0.0087190255 -0.206804996 0.0714176212
v 0.0087190255 -0.206804996 0.0714036737
v 0.0087190255 -0.206795042 0.0714176212
v 0.0087190255 -0.206795042 0.0714036737
v 0.00876408661 -0.206804996 0.0714800869
v 0.00876408661 -0.206795042 0.0714800869
v 0.00875001992 -0.206795042 0.0714782987
v 0.00875001992 -0.206804996 0.0714782987
v 0.00873976792 -0.206795042 0.0714743648
v 0.00873976792 -0.206804996 0.0714743648
v 0.00873392666 -0.206795042 0.0714706693
v 0.00873392666 -0.206804996 0.0714706693
v 0.00872570122 -0.206795042 0.0714628015
v 0.00872570122 -0.206804996 0.0714628015
v 0.00871962155 -0.206795042 0.0714540992
v 0.00871962155 -0.206804996 0.0714540992
v 0.00820523346 -0.206804996 0.0709505592
v 0.00812774742 -0.206804996 0.0711539302
v 0.00820523346 -0.206795042 0.0709505592
v 0.00812774742 -0.206795042 0.0711539302
v 0.00852602566 -0.206804996 0.0711308036
v 0.00852602566 -0.206804996 0.0711539302
v 0.00852602566 -0.206795042 0.0711308036
v 0.00852602566 -0.206795042 0.0711539302
v 0.00867611016 -0.206804996 0.0709554468
v 0.00867611016 -0.206804996 0.0709828649
v 0.00867611016 -0.206795042 0.0709554468
v 0.00867611016 -0.206795042 0.0709828649
v 0.00872868145 -0.206804996 0.0711340223
v 0.00872868145 -0.206795042 0.0711340223
v 0.00874930466 -0.206795042 0.0711315189
v 0.00874930466 -0.206804996 0.0711315189
v 0.00876372898 -0.206795042 0.0711257969
v 0.00876372898 -0.206804996 0.0711257969
v 0.00877708042 -0.206795042 0.0711163793
v 0.00877708042 -0.206804996 0.0711163793
v 0.00878089512 -0.206795042 0.0711125646
v 0.00878089512 -0.206804996 0.0711125646
v 0.00894397343 -0.206804996 0.0711539302
v 0.00894397343 -0.206804996 0.0709505592
v 0.00894397343 -0.206795042 0.0711539302
v 0.00894397343 -0.206795042 0.0709505592
v 0.0103000983 -0.203795021 0.0717999254
v 0.0103000983 -0.203895037 0.071899942
v 0.0104001149 -0.203895037 0.0717999254
v 0.000500021823 -0.203895037 0.068899921
v 0.000400124438 -0.203895037 0.0689999376
v 0.000500021823 -0.203795021 0.0689999376
v 0.000500021823 -0.203795021 0.0717999254
v 0.0103000983 -0.203795021 0.0689999376
v 0.000400124438 -0.203895037 0.0717999254
v 0.000400124438 -0.206695025 0.0717999254
v 0.000400124438 -0.206695025 0.0689999376
v -0.198999943 -0.0400000262 0.0389999662
v -0.198999943 -0.0400000262 0.036499909
v -0.199034037 -0.0397411632 0.036499909
v -0.199034037 -0.0397411632 0.0389999662
v -0.199133934 -0.0395000028 0.036499909
v -0.199133934 -0.0395000028 0.0389999662
v -0.19929284 -0.0392928767 0.036499909
v -0.19929284 -0.0392928767 0.0389999662
v -0.199500026 -0.0391339707 0.036499909
v -0.199500026 -0.0391339707 0.0389999662
v -0.199741186 -0.0390340733 0.036499909
v -0.199741186 -0.0390340733 0.0389999662
v -0.19999999 -0.0389999795 0.036499909
v -0.19999999 -0.0389999795 0.0389999662
v -0.200258793 -0.0390340733 0.036499909
v -0.200258793 -0.0390340733 0.0389999662
v -0.200499953 -0.0391339707 0.036499909
v -0.200499953 -0.0391339707 0.0389999662
v -0.200707139 -0.0392928767 0.036499909
v -0.200707139 -0.0392928767 0.0389999662
v -0.200866045 -0.0395000028 0.036499909
v -0.200866045 -0.0395000028 0.0389999662
v -0.200965942 -0.0397411632 0.036499909
v -0.200965942 -0.0397411632 0.0389999662
v -0.201000036 -0.0400000262 0.036499909
v -0.201000036 -0.0400000262 0.0389999662
v -0.124000014 0.0575683666 0.0419126068
v -0.124000014 0.0549703193 0.0434126173
v -0.124194087 0.0575556112 0.0418904338
v -0.124194087 0.0549575043 0.0433904443
v -0.124375047 0.0575181198 0.041825584
v -0.124375047 0.0549200726 0.0433255945
v -0.124530377 0.0574585152 0.0417223487
v -0.124530377 0.0548604679 0.0432223592
v -0.124649467 0.0573808503 0.0415877615
v -0.124649467 0.0547828031 0.043087772
v -0.124724449 0.0572904301 0.0414311205
v -0.124724449 0.0546923828 0.0429311309
v -0.12474996 0.0571933937 0.0412630354
v -0.12474996 0.0545952869 0.0427630458
v -0.124724449 0.0570962978 0.0410949503
v -0.124724449 0.0544982505 0.0425949607
v -0.124649467 0.0570058775 0.0409383093
v -0.124649467 0.0544077707 0.0424383197
v -0.124530377 0.0569282127 0.040803722
v -0.124530377 0.0543301058 0.0423037325
v -0.124375047 0.056868608 0.0407006059
v -0.124375047 0.0542705608 0.0422004972
v -0.124194087 0.0568311763 0.0406356369
v -0.124194087 0.0542330694 0.0421356474
v -0.124000014 0.0568183613 0.0406135831
v -0.124000014 0.0542203141 0.0421135936
v -0.111651363 0.0606787753 0.047299913
v -0.110955299 0.0606120777 0.047299913
v -0.117886724 0.0544433546 0.036499909
v -0.11710483 0.0541812134 0.0361998592
v -0.107321204 0.0563486171 0.047299913
v -0.113556565 0.050113256 0.036499909
v -0.107425393 0.0571992946 0.047299913
v -0.113818826 0.0508952093 0.0361998592
v -0.114381613 0.0519261909 0.0359294925
v -0.107620777 0.0579683137 0.047299913
v -0.113961519 0.0511566353 0.0361313139
v -0.107471766 0.0575787974 0.047299913
v -0.107436957 0.057294066 0.047299913
v -0.115148129 0.052851851 0.0358375822
v -0.108536543 0.0594631982 0.047299913
v -0.108425917 0.0593609762 0.047299913
v -0.108352484 0.0592569065 0.047299913
v -0.107914271 0.0586355877 0.047299913
v -0.114497127 0.0520656657 0.0359156643
v -0.107830943 0.0585174513 0.047299913
v -0.107820095 0.0584890795 0.047299913
v -0.115934314 0.0535029125 0.0359156643
v -0.116073789 0.0536183667 0.0359294925
v -0.109520616 0.0601676655 0.047299913
v -0.109475674 0.0601403666 0.047299913
v -0.108868302 0.0597701025 0.047299913
v -0.10885817 0.0597607446 0.047299913
v -0.110697092 0.0605873418 0.047299913
v -0.110672058 0.0605849576 0.047299913
v -0.116843285 0.0540384603 0.0361313139
v -0.110172452 0.0604252768 0.047299913
v -0.109690727 0.0602713776 0.047299913
v -0.207718433 -0.0221999931 0.0387082611
v -0.210418405 -0.0221999931 0.0433848415
v -0.204254331 -0.0221999931 0.0387082611
v -0.208320321 -0.0221999931 0.0445961271
v -0.208320321 -0.0221999931 0.0457507883
v -0.208348574 0.0599976731 0.0487989698
v -0.111651363 0.0599976731 0.0487989698
v -0.208348574 0.0600151372 0.0492998872
v -0.111651363 0.0600151372 0.0492998872
v -0.176669778 -0.028134768 0.034199885
v -0.176669778 -0.028134768 0.033999971
v -0.176547827 -0.0284233737 0.033999971
v -0.176547827 -0.0284233737 0.034199885
v -0.176470222 -0.0287426161 0.033999971
v -0.176470222 -0.0287426161 0.034199885
v -0.178987803 -0.0283036279 0.034199885
v -0.178987803 -0.0283036279 0.033999971
v -0.178831281 -0.0280756402 0.033999971
v -0.178831281 -0.0280756402 0.034199885
v -0.178644003 -0.027882998 0.033999971
v -0.178644003 -0.027882998 0.034199885
v -0.176397146 -0.0248739171 0.034199885
v -0.176397146 -0.0236815262 0.034199885
v -0.176397146 -0.0248739171 0.033999971
v -0.176397146 -0.0236815262 0.033999971
v -0.180527629 -0.0137012648 0.034199885
v -0.180527629 -0.0137012648 0.033999971
v -0.180527629 -0.0125088739 0.034199885
v -0.180527629 -0.0130841779 0.033999971
v -0.180527629 -0.0125088739 0.033999971
v -0.177483381 0.0251821828 0.034199885
v -0.177483381 0.0251821828 0.033999971
v -0.177508773 0.0254447413 0.033999971
v -0.177508773 0.0254447413 0.034199885
v -0.177557887 0.02559268 0.033999971
v -0.177557887 0.02559268 0.034199885
v -0.177584709 0.0256427479 0.033999971
v -0.177584709 0.0256427479 0.034199885
v -0.177953185 -0.0173469829 0.034199885
v -0.178003253 -0.0174678611 0.034199885
v -0.178410591 -0.0167022395 0.034199885
v -0.177938761 -0.01732481 0.034199885
v -0.178023519 -0.0176099586 0.034199885
v -0.178023757 -0.0176294493 0.034199885
v -0.178023757 -0.021264677 0.034199885
v -0.178913774 -0.0176651525 0.034199885
v -0.178940953 -0.0175758648 0.034199885
v -0.177900018 -0.0172838616 0.034199885
v -0.178357662 -0.0165687251 0.034199885
v -0.177854122 -0.0172548938 0.034199885
v -0.176816644 -0.0161631155 0.034199885
v -0.17757708 -0.0172596025 0.034199885
v -0.176978649 -0.0160561251 0.034199885
v -0.177609624 -0.0172405886 0.034199885
v -0.178967537 -0.0175299692 0.034199885
v -0.178998889 -0.0174964118 0.034199885
v -0.17844695 -0.0166072297 0.034199885
v -0.179034294 -0.0174731064 0.034199885
v -0.176415028 -0.0209919262 0.034199885
v -0.177483381 -0.0211725878 0.034199885
v -0.176415028 -0.0173961568 0.034199885
v -0.177483381 -0.0175373602 0.034199885
v -0.176427783 -0.0171036172 0.034199885
v -0.177497329 -0.0174109387 0.034199885
v -0.176523627 -0.0166307139 0.034199885
v -0.177529515 -0.017319386 0.034199885
v -0.17755145 -0.0172845769 0.034199885
v -0.176657499 -0.0163492012 0.034199885
v -0.176687302 -0.0163054514 0.034199885
v -0.178284706 -0.0164382505 0.034199885
v -0.178154768 -0.0162781524 0.034199885
v -0.177792849 -0.0172339129 0.034199885
v -0.179884376 -0.0163798976 0.034199885
v -0.179275097 -0.0174784112 0.034199885
v -0.180090012 -0.0165579962 0.034199885
v -0.179334225 -0.0175142932 0.034199885
v -0.18026513 -0.0168089318 0.034199885
v -0.179380836 -0.0175618577 0.034199885
v -0.180403294 -0.0171382475 0.034199885
v -0.179411115 -0.0176096606 0.034199885
v -0.180493058 -0.0175619173 0.034199885
v -0.17944354 -0.0176962661 0.034199885
v -0.18052298 -0.0180961537 0.034199885
v -0.179466786 -0.0179058361 0.034199885
v -0.18052298 -0.0217067647 0.034199885
v -0.179466786 -0.0202453184 0.034199885
v -0.178901853 -0.0201470899 0.034199885
v -0.178901853 -0.0178076076 0.034199885
v -0.179077448 -0.0174577284 0.034199885
v -0.17866856 -0.016336863 0.034199885
v -0.178533019 -0.0164682913 0.034199885
v -0.179690422 -0.0162817287 0.034199885
v -0.179654063 -0.0162693906 0.034199885
v -0.179208697 -0.0174580264 0.034199885
v -0.179409327 -0.0162118125 0.034199885
v -0.179135265 -0.0174514699 0.034199885
v -0.177698316 -0.017224257 0.034199885
v -0.177571715 -0.015985136 0.034199885
v -0.177648963 -0.0172286677 0.034199885
v -0.177379073 -0.0159716058 0.034199885
v -0.177156033 -0.015994792 0.034199885
v -0.178072871 -0.0162048983 0.034199885
v -0.177893581 -0.0160893249 0.034199885
v -0.177771987 -0.0160360384 0.034199885
v -0.179159822 -0.0161926198 0.034199885
v -0.178936185 -0.016215806 0.034199885
v -0.178774656 -0.0162717747 0.034199885
v -0.176415028 0.00217729333 0.034199885
v -0.177703084 0.00283562663 0.034199885
v -0.176415028 0.00217729333 0.033999971
v -0.177703084 0.00283562663 0.033999971
v -0.182200016 -0.0582183647 0.0430384193
v -0.182200016 -0.0557183671 0.0387082611
v -0.138199987 -0.0582183647 0.0430384193
v -0.138199987 -0.0557183671 0.0387082611
v -0.161602081 -0.0653948831 0.0789999281
v -0.161461057 -0.0657668161 0.0789999281
v -0.163000049 -0.0667320537 0.0789999281
v -0.158397974 -0.0646051216 0.0789999281
v -0.158538999 -0.0642331886 0.0789999281
v -0.157000007 -0.063267951 0.0789999281
v -0.1587649 -0.0660941648 0.0789999281
v -0.158538999 -0.0657668161 0.0789999281
v -0.157000007 -0.0667320537 0.0789999281
v -0.158397974 -0.0653948831 0.0789999281
v -0.158350052 -0.0650000024 0.0789999281
v -0.161235036 -0.0639058399 0.0789999281
v -0.161461057 -0.0642331886 0.0789999281
v -0.163000049 -0.063267951 0.0789999281
v -0.161602081 -0.0646051216 0.0789999281
v -0.161650004 -0.0650000024 0.0789999281
v -0.161235036 -0.0660941648 0.0789999281
v -0.160937251 -0.0663579154 0.0789999281
v -0.160000028 -0.0684641051 0.0789999281
v -0.160585107 -0.0665427494 0.0789999281
v -0.160198869 -0.0666379976 0.0789999281
v -0.159801067 -0.0666379976 0.0789999281
v -0.159414949 -0.0665427494 0.0789999281
v -0.159062685 -0.0663579154 0.0789999281
v -0.1587649 -0.0639058399 0.0789999281
v -0.159062685 -0.0636420893 0.0789999281
v -0.160000028 -0.0615358996 0.0789999281
v -0.159414949 -0.0634571957 0.0789999281
v -0.159801067 -0.0633620071 0.0789999281
v -0.160198869 -0.0633620071 0.0789999281
v -0.160585107 -0.0634571957 0.0789999281
v -0.160937251 -0.0636420893 0.0789999281
v 0.0096430167 -0.179912333 0.13624256
v 0.0096430167 -0.179912333 0.136466793
v 0.00967806423 -0.179912333 0.13624256
v 0.00967806423 -0.179912333 0.136466793
v 0.0096430167 -0.180387323 0.133299283
v 0.0096430167 -0.180387323 0.133380107
v 0.00967806423 -0.180387323 0.133299283
v 0.00967806423 -0.180387323 0.133380107
v 0.264322935 -0.0414500284 0.0752252851
v 0.264612733 -0.0417500186 0.0753028904
v 0.264694391 -0.0412882614 0.0738390003
v 0.265001474 -0.0415807414 0.0738521133
v 0.265047251 -0.0408112454 0.0725220953
v 0.265370665 -0.0410815525 0.0724740539
v 0.265363751 -0.0400428223 0.0713408504
v 0.265701948 -0.0402773666 0.0712377344
v 0.265628158 -0.0390214967 0.0703542743
v 0.265978633 -0.0392085361 0.0702053819
v 0.265826999 -0.0377985286 0.0696120773
v 0.266186772 -0.0379287052 0.0694286142
v 0.265950499 -0.0364352512 0.0691513334
v 0.266315876 -0.0365020084 0.0689464126
v 0.265992342 -0.0349999714 0.06899505
v 0.266359745 -0.0349999714 0.0687829767
v 0.0139185771 -0.221250062 0.0653512989
v 0.0137495383 -0.221250062 0.0654128109
v 0.0139185771 -0.221260076 0.0653512989
v 0.0137495383 -0.221260076 0.0654128109
v 0.0140758141 -0.221250062 0.0656015192
v 0.013669072 -0.221250062 0.0654466663
v 0.0140758141 -0.221260076 0.0656015192
v 0.013669072 -0.221260076 0.0654466663
v 0.0140225276 -0.221260076 0.0669546638
v 0.0140171632 -0.221260076 0.0669491802
v 0.0139392003 -0.221260076 0.0669953142
v 0.0140013083 -0.221260076 0.0669377361
v 0.0140383824 -0.221260076 0.0669841085
v 0.0139461144 -0.221260076 0.0670255933
v 0.0139518365 -0.221260076 0.0670377527
v 0.0139741286 -0.221260076 0.0670552765
v 0.0139858111 -0.221260076 0.0670577798
v 0.0139937981 -0.221260076 0.0670581375
v 0.0140241965 -0.221260076 0.067047051
v 0.0140277728 -0.221260076 0.0670433555
v 0.0140325412 -0.221260076 0.0669688497
v 0.0139829501 -0.221260076 0.0669304643
v 0.0139579161 -0.221260076 0.0669273649
v 0.0139300212 -0.221260076 0.0669273649
v 0.014006792 -0.221260076 0.0670565878
v 0.0140158519 -0.221260076 0.0670530115
v 0.0140346869 -0.221260076 0.0670333419
v 0.0140388593 -0.221260076 0.0670218979
v 0.0140408858 -0.221260076 0.0670044933
v 0.0139570817 -0.221260076 0.0670446668
v 0.0139645919 -0.221260076 0.0670507465
v 0.0133462533 -0.221260076 0.0662371431
v 0.0133417233 -0.221260076 0.0662321363
v 0.0130705222 -0.221260076 0.0663507496
v 0.0130705222 -0.221260076 0.0664121423
v 0.0133841618 -0.221260076 0.0664121423
v 0.0133841618 -0.221260076 0.0663531337
v 0.0133774861 -0.221260076 0.0662969862
v 0.0133644923 -0.221260076 0.0662633691
v 0.0133166894 -0.221260076 0.0662119899
v 0.0132864102 -0.221260076 0.0661979232
v 0.0132492169 -0.221260076 0.0661900554
v 0.0132233485 -0.221260076 0.0661887441
v 0.0131766185 -0.221260076 0.0661937509
v 0.0131458625 -0.221260076 0.0662047182
v 0.0131223782 -0.221260076 0.0662198578
v 0.0131087884 -0.221260076 0.0662333284
v 0.0130763635 -0.221260076 0.0662981783
v 0.0130891188 -0.221260076 0.0662628923
v 0.0126300439 -0.22495008 0.0748998438
v 0.0125301465 -0.22495008 0.0747999464
v 0.0126300439 -0.225590055 0.0748998438
v 0.0125301465 -0.225590055 0.0747999464
v 0.0136000499 -0.223912899 0.0708998953
v 0.0136000499 -0.223948781 0.0708998953
v 0.0139591082 -0.223912899 0.0708998953
v 0.0140001162 -0.223948781 0.0708998953
v 0.0139591082 -0.223759 0.0708998953
v 0.0140001162 -0.223759 0.0708998953
v 0.0140001162 -0.223759 0.0709999118
v 0.0140001162 -0.223948781 0.0709999118
v 0.0139591082 -0.223759 0.0709999118
v 0.0139591082 -0.223912899 0.0709999118
v 0.0136000499 -0.223948781 0.0709999118
v 0.0136000499 -0.223912899 0.0709999118
v 0.0140103682 -0.223497157 0.0709999118
v 0.0140103682 -0.223497157 0.0708998953
v 0.0140052422 -0.22354198 0.0709999118
v 0.0140032157 -0.223559563 0.0708998953
v 0.0140032157 -0.223559563 0.0709999118
v 0.0139848574 -0.223607485 0.0708998953
v 0.0139848574 -0.223607485 0.0709999118
v 0.0139570817 -0.223646109 0.0708998953
v 0.0139570817 -0.223646109 0.0709999118
v 0.0139403924 -0.223662143 0.0708998953
v 0.0139403924 -0.223662143 0.0709999118
v 0.013902603 -0.223354523 0.0708998953
v 0.0139264449 -0.223323112 0.0708998953
v 0.013902603 -0.223354523 0.0709999118
v 0.0139264449 -0.223323112 0.0709999118
v 0.0139250144 -0.223376696 0.0709999118
v 0.0139250144 -0.223376696 0.0708998953
v 0.0139492139 -0.223412042 0.0709999118
v 0.0139492139 -0.223412042 0.0708998953
v 0.0139637574 -0.223450546 0.0709999118
v 0.0139637574 -0.223450546 0.0708998953
v 0.0139693602 -0.223497395 0.0709999118
v 0.0139693602 -0.223497395 0.0708998953
v 0.0138004407 -0.223676984 0.0708998953
v 0.0138004407 -0.223676984 0.0709999118
v 0.0137817248 -0.22367609 0.0709999118
v 0.0137817248 -0.22367609 0.0708998953
v 0.0137428626 -0.223667507 0.0709999118
v 0.0137428626 -0.223667507 0.0708998953
v 0.0137073382 -0.223649685 0.0709999118
v 0.0137073382 -0.223649685 0.0708998953
v 0.0136783704 -0.22362483 0.0709999118
v 0.0136783704 -0.22362483 0.0708998953
v 0.0136525019 -0.223587995 0.0709999118
v 0.0136525019 -0.223587995 0.0708998953
v 0.0136366471 -0.223547165 0.0709999118
v 0.0136366471 -0.223547165 0.0708998953
v 0.0136308059 -0.223499899 0.0709999118
v 0.0136308059 -0.223499899 0.0708998953
v 0.0136734828 -0.223323112 0.0708998953
v 0.0136975631 -0.223354523 0.0708998953
v 0.0136734828 -0.223323112 0.0709999118
v 0.0136975631 -0.223354523 0.0709999118
v 0.0140001162 -0.223241096 0.0708998953
v 0.0140001162 -0.223015432 0.0708998953
v 0.0139591082 -0.223015432 0.0708998953
v 0.0139591082 -0.223205154 0.0708998953
v 0.013805209 -0.223205154 0.0708998953
v 0.0136000499 -0.223241096 0.0708998953
v 0.0136411771 -0.223015432 0.0708998953
v 0.0136000499 -0.223015432 0.0708998953
v 0.0136411771 -0.223205154 0.0708998953
v 0.0137642011 -0.223205154 0.0708998953
v 0.0137642011 -0.223015432 0.0708998953
v 0.013805209 -0.223015432 0.0708998953
v 0.0140001162 -0.223015432 0.0709999118
v 0.0140001162 -0.223241096 0.0709999118
v 0.0139591082 -0.223205154 0.0709999118
v 0.0139591082 -0.223015432 0.0709999118
v 0.013805209 -0.223205154 0.0709999118
v 0.0137642011 -0.223015432 0.0709999118
v 0.013805209 -0.223015432 0.0709999118
v 0.0137642011 -0.223205154 0.0709999118
v 0.0139488562 -0.222747509 0.0708998953
v 0.0139488562 -0.222747509 0.0709999118
v 0.0139574393 -0.222804313 0.0709999118
v 0.0139574393 -0.222804313 0.0708998953
v 0.0139591082 -0.222861831 0.0709999118
v 0.0139591082 -0.222861831 0.0708998953
v 0.0138050898 -0.222651308 0.0708998953
v 0.0138050898 -0.222651308 0.0709999118
v 0.0138161763 -0.222651606 0.0709999118
v 0.0138161763 -0.222651606 0.0708998953
v 0.0138584956 -0.222658699 0.0709999118
v 0.0138584956 -0.222658699 0.0708998953
v 0.0138887748 -0.222671931 0.0709999118
v 0.0138887748 -0.222671931 0.0708998953
v 0.0139150008 -0.222691779 0.0709999118
v 0.0139150008 -0.222691779 0.0708998953
v 0.0139341935 -0.222715621 0.0709999118
v 0.0139341935 -0.222715621 0.0708998953
v 0.0136429652 -0.222817783 0.0708998953
v 0.0136523827 -0.222756689 0.0708998953
v 0.0136144742 -0.222735946 0.0708998953
v 0.01365882 -0.222738748 0.0708998953
v 0.0136349782 -0.222695475 0.0708998953
v 0.0136763438 -0.222708886 0.0708998953
v 0.0136603698 -0.222666268 0.0708998953
v 0.0136989936 -0.222685759 0.0708998953
v 0.0136964902 -0.222640758 0.0708998953
v 0.0137281998 -0.222667401 0.0708998953
v 0.0137382134 -0.222624009 0.0708998953
v 0.0137626513 -0.222655718 0.0708998953
v 0.0137866124 -0.222616022 0.0708998953
v 0.0138050898 -0.222615426 0.0708998953
v 0.0138586148 -0.222621088 0.0708998953
v 0.0139031991 -0.222636704 0.0708998953
v 0.0139443263 -0.222664003 0.0708998953
v 0.0139707908 -0.222693925 0.0708998953
v 0.013986288 -0.222724025 0.0708998953
v 0.0139974936 -0.222772841 0.0708998953
v 0.0140001162 -0.222819691 0.0708998953
v 0.0140001162 -0.222943668 0.0708998953
v 0.0139591082 -0.222907727 0.0708998953
v 0.0136000499 -0.222943668 0.0708998953
v 0.0136411771 -0.222907727 0.0708998953
v 0.0136000499 -0.222862844 0.0708998953
v 0.0136411771 -0.222879593 0.0708998953
v 0.0136025533 -0.222798769 0.0708998953
v 0.0140001162 -0.222819691 0.0709999118
v 0.0139974936 -0.222772841 0.0709999118
v 0.013986288 -0.222724025 0.0709999118
v 0.0139707908 -0.222693925 0.0709999118
v 0.0139443263 -0.222664003 0.0709999118
v 0.0139031991 -0.222636704 0.0709999118
v 0.0138586148 -0.222621088 0.0709999118
v 0.0138050898 -0.222615426 0.0709999118
v 0.0137866124 -0.222616022 0.0709999118
v 0.0137382134 -0.222624009 0.0709999118
v 0.0136964902 -0.222640758 0.0709999118
v 0.0136603698 -0.222666268 0.0709999118
v 0.0136349782 -0.222695475 0.0709999118
v 0.0136144742 -0.222735946 0.0709999118
v 0.0136000499 -0.222943668 0.0709999118
v 0.0136000499 -0.222862844 0.0709999118
v 0.0140001162 -0.222943668 0.0709999118
v 0.013830839 -0.222444658 0.0708998953
v 0.013830839 -0.222301726 0.0708998953
v 0.013830839 -0.222444658 0.0709999118
v 0.013830839 -0.222301726 0.0709999118
v 0.0136780127 -0.222372239 0.0708998953
v 0.0136780127 -0.222372239 0.0709999118
v 0.0128300771 -0.223050063 0.0748998438
v 0.0126300439 -0.223050063 0.0748998438
v 0.0129300937 -0.223050063 0.0747999464
v 0.0125301465 -0.223050063 0.0747999464
v 0.0129300937 -0.223050063 0.0709999118
v 0.0125301465 -0.223050063 0.0709999118
v 0.0153700694 -0.223050063 0.0748998438
v 0.0151700362 -0.223050063 0.0748998438
v 0.015470086 -0.223050063 0.0747999464
v 0.0150701388 -0.223050063 0.0747999464
v 0.015470086 -0.223050063 0.0709999118
v 0.0150701388 -0.223050063 0.0709999118
v 0.0259842261 -0.218995039 0.0712992464
v 0.0259848222 -0.218995039 0.0712992464
v 0.0259825572 -0.218995039 0.0713078294
v 0.0259863719 -0.218995039 0.0713073526
v 0.0259810075 -0.218995039 0.0713134323
v 0.02598816 -0.218995039 0.0713134323
v 0.0259502515 -0.218995039 0.0713979517
v 0.0260185584 -0.218995039 0.0713979517
v 0.0268216714 -0.219005053 0.0711296116
v 0.0268216714 -0.218995039 0.0711296116
v 0.0268052205 -0.218995039 0.0711432014
v 0.0268052205 -0.219005053 0.0711432014
v 0.0267860278 -0.218995039 0.0711522613
v 0.0267860278 -0.219005053 0.0711522613
v 0.0267639741 -0.218995039 0.0711567913
v 0.0267639741 -0.219005053 0.0711567913
v 0.0267518147 -0.218995039 0.0711573873
v 0.0267518147 -0.219005053 0.0711573873
v 0.0283194169 -0.218895023 0.071899942
v 0.0284194335 -0.218895023 0.0717999254
v 0.0283194169 -0.216095035 0.071899942
v 0.0284194335 -0.216095035 0.0717999254
v 0.0283194169 -0.215995018 0.0717999254
v 0.0263357743 -0.218995039 0.0717999254
v 0.0262715205 -0.218995039 0.0717999254
v 0.0185194596 -0.218895023 0.071899942
v 0.0185194596 -0.218995039 0.0717999254
v 0.0264138564 -0.218995039 0.0717999254
v 0.0265261515 -0.218995039 0.0717999254
v 0.0265735968 -0.218995039 0.0717999254
v 0.0266665801 -0.218995039 0.0717999254
v 0.0268385991 -0.218995039 0.0717999254
v 0.0268508777 -0.218995039 0.0717999254
v 0.0270466193 -0.218995039 0.0717999254
v 0.0281859025 -0.218995039 0.0717999254
v 0.0283194169 -0.218995039 0.0717999254
v 0.0283194169 -0.215995018 0.0689999376
v 0.0284194335 -0.216095035 0.0689999376
v 0.018419443 -0.218895023 0.0717999254
v 0.0283194169 -0.216095035 0.068899921
v 0.018419443 -0.216095035 0.0717999254
v 0.0185194596 -0.216095035 0.071899942
v 0.0185194596 -0.215995018 0.0717999254
v 0.0283194169 -0.218995039 0.0689999376
v 0.0281859025 -0.218995039 0.0689999376
v 0.0283194169 -0.218895023 0.068899921
v 0.0270466193 -0.218995039 0.0689999376
v 0.0268508777 -0.218995039 0.0689999376
v 0.0268385991 -0.218995039 0.0689999376
v 0.0185194596 -0.218895023 0.068899921
v 0.0266665801 -0.218995039 0.0689999376
v 0.0265735968 -0.218995039 0.0689999376
v 0.0265261515 -0.218995039 0.0689999376
v 0.0264138564 -0.218995039 0.0689999376
v 0.0263357743 -0.218995039 0.0689999376
v 0.0262715205 -0.218995039 0.0689999376
v 0.0185194596 -0.218995039 0.0689999376
v 0.0185194596 -0.215995018 0.0689999376
v 0.0185194596 -0.216095035 0.068899921
v 0.018419443 -0.216095035 0.0689999376
v 0.0284194335 -0.218895023 0.0689999376
v 0.0112801179 -0.224936192 0.0620176111
v 0.0112801179 -0.224935536 0.0620176111
v 0.0112801179 -0.224937801 0.0620089088
v 0.0112801179 -0.224933987 0.0620093856
v 0.0112801179 -0.224939351 0.062003306
v 0.0112801179 -0.224932198 0.062003306
v 0.0112801179 -0.224970047 0.0619187866
v 0.0112801179 -0.2249018 0.0619187866
v 0.0112801179 -0.224782054 0.0618824278
v 0.0112801179 -0.224784319 0.0618845735
v 0.0112801179 -0.224725013 0.0620201145
v 0.0112801179 -0.224694316 0.0620201145
v 0.0112801179 -0.224694316 0.0618633543
v 0.0112801179 -0.224723821 0.0618633543
v 0.0112801179 -0.224752192 0.0618668113
v 0.0112801179 -0.224768941 0.0618732486
v 0.0112801179 -0.224793379 0.0618955408
v 0.0112801179 -0.22480077 0.0619103227
v 0.0112801179 -0.224805062 0.0619283233
v 0.0112801179 -0.224806015 0.0619437013
v 0.0112801179 -0.224802976 0.0619693313
v 0.0112801179 -0.224797254 0.0619841133
v 0.0112801179 -0.224789326 0.0619955574
v 0.0112801179 -0.224783723 0.062001041
v 0.0112801179 -0.224751179 0.0620172535
v 0.0112801179 -0.224768822 0.0620109354
v 0.0112801179 -0.224182014 0.0618974481
v 0.0112801179 -0.224182014 0.0618991171
v 0.0112801179 -0.224123363 0.0618995939
v 0.0112801179 -0.224182014 0.0619130645
v 0.0112801179 -0.22414804 0.0619085346
v 0.0112801179 -0.224131768 0.0619046007
v 0.0112801179 -0.224126105 0.0619017397
v 0.0112801179 -0.224180346 0.0618861232
v 0.0112801179 -0.224120324 0.0618957792
v 0.0112801179 -0.22417665 0.0618769441
v 0.0112801179 -0.224121814 0.0618663345
v 0.0112801179 -0.224124019 0.0618641887
v 0.0112801179 -0.224167948 0.0618663345
v 0.0112801179 -0.224118953 0.061870626
v 0.0112801179 -0.224160736 0.0618615661
v 0.0112801179 -0.224152987 0.0618587051
v 0.0112801179 -0.22414345 0.0618576322
v 0.0112801179 -0.224118118 0.0618910108
v 0.0112801179 -0.224116867 0.0618851696
v 0.0112801179 -0.224171107 0.0618694339
v 0.0112801179 -0.224116628 0.0618811164
v 0.0112801179 -0.224117284 0.0618752752
v 0.0112801179 -0.224129086 0.0618607317
v 0.0112801179 -0.224134867 0.0618585859
v 0.0112801179 -0.224681501 0.0623401914
v 0.0112801179 -0.224680846 0.0623401914
v 0.0112801179 -0.224683111 0.0623316084
v 0.0112801179 -0.224679296 0.062331966
v 0.0112801179 -0.22468466 0.0623260055
v 0.0112801179 -0.224677508 0.0623260055
v 0.0112801179 -0.224715357 0.0622413669
v 0.0112801179 -0.224647109 0.0622413669
v 0.0112801179 -0.224527364 0.0622051273
v 0.0112801179 -0.224529629 0.0622071539
v 0.0112801179 -0.224470382 0.062342814
v 0.0112801179 -0.224439626 0.062342814
v 0.0112801179 -0.224439626 0.0621860538
v 0.0112801179 -0.22446913 0.0621860538
v 0.0112801179 -0.224497502 0.0621893917
v 0.0112801179 -0.224514251 0.0621959482
v 0.0112801179 -0.224538689 0.0622181211
v 0.0112801179 -0.22454608 0.0622329031
v 0.0112801179 -0.224550371 0.0622510229
v 0.0112801179 -0.224551325 0.0622664009
v 0.0112801179 -0.224548285 0.0622920309
v 0.0112801179 -0.224542563 0.0623068128
v 0.0112801179 -0.224534636 0.0623181377
v 0.0112801179 -0.224529033 0.0623236213
v 0.0112801179 -0.224496489 0.062339953
v 0.0112801179 -0.224514132 0.0623335157
v 0.0141213521 -0.224051361 0.0612599168
v 0.0141213521 -0.224000041 0.0612599168
v 0.0141213521 -0.224051361 0.0611599002
v 0.0141213521 -0.224000041 0.0611599002
v 0.0139290675 -0.224500065 0.0612599168
v 0.0139290675 -0.224051361 0.0612599168
v 0.0139290675 -0.224500065 0.0611599002
v 0.0139290675 -0.224051361 0.0611599002
v 0.0138842448 -0.224500065 0.0612599168
v 0.0138842448 -0.224500065 0.0611599002
v 0.0138842448 -0.224000041 0.0612599168
v 0.0138842448 -0.224000041 0.0611599002
v 0.0144487008 -0.223987226 0.0612599168
v 0.0144487008 -0.223987226 0.0611599002
v 0.0144737347 -0.223988121 0.0611599002
v 0.0145117625 -0.223993664 0.0611599002
v 0.0145135506 -0.223993902 0.0612599168
v 0.0144737347 -0.223988121 0.0612599168
v 0.0145135506 -0.223993902 0.0611599002
v 0.0145702943 -0.224013214 0.0611599002
v 0.0145702943 -0.224013214 0.0612599168
v 0.0146221503 -0.224045818 0.0611599002
v 0.0146221503 -0.224045818 0.0612599168
v 0.0146662577 -0.224092071 0.0611599002
v 0.0146662577 -0.224092071 0.0612599168
v 0.0146270379 -0.224121873 0.0612599168
v 0.0146270379 -0.224121873 0.0611599002
v 0.0150508269 -0.224000041 0.0612599168
v 0.0147687777 -0.224000041 0.0612599168
v 0.0150508269 -0.224000041 0.0611599002
v 0.0147687777 -0.224000041 0.0611599002
v 0.0150508269 -0.224051361 0.0612599168
v 0.0150508269 -0.224051361 0.0611599002
v 0.0151855334 -0.224051361 0.0612599168
v 0.0152428731 -0.224051361 0.0612599168
v 0.0151855334 -0.224051361 0.0611599002
v 0.0152428731 -0.224051361 0.0611599002
v 0.015505968 -0.224243824 0.0612599168
v 0.015505968 -0.224243824 0.0611599002
v 0.0155056104 -0.224229937 0.0611599002
v 0.0155056104 -0.224229937 0.0612599168
v 0.0154967889 -0.224177067 0.0611599002
v 0.0154967889 -0.224177067 0.0612599168
v 0.0154802188 -0.224139218 0.0611599002
v 0.0154802188 -0.224139218 0.0612599168
v 0.0154554232 -0.224106495 0.0611599002
v 0.0154554232 -0.224106495 0.0612599168
v 0.0154256209 -0.224082415 0.0611599002
v 0.0154256209 -0.224082415 0.0612599168
v 0.015385805 -0.224064057 0.0611599002
v 0.015385805 -0.224064057 0.0612599168
v 0.0152207002 -0.224448745 0.0612599168
v 0.0152207002 -0.224448745 0.0611599002
v 0.0152979478 -0.224446421 0.0611599002
v 0.0152979478 -0.224446421 0.0612599168
v 0.0153742417 -0.224434738 0.0611599002
v 0.0153742417 -0.224434738 0.0612599168
v 0.0151855334 -0.224448745 0.0612599168
v 0.0151855334 -0.224448745 0.0611599002
v 0.0154002293 -0.224482005 0.0611599002
v 0.0154002293 -0.224482005 0.0612599168
v 0.0154507741 -0.224456494 0.0612599168
v 0.0155509099 -0.224243765 0.0612599168
v 0.0155509099 -0.224243765 0.0611599002
v 0.0155501946 -0.224266891 0.0611599002
v 0.0155501946 -0.224266891 0.0612599168
v 0.0155400618 -0.22432745 0.0611599002
v 0.0155400618 -0.22432745 0.0612599168
v 0.0155192002 -0.224379604 0.0611599002
v 0.0155192002 -0.224379604 0.0612599168
v 0.0154873713 -0.224424725 0.0611599002
v 0.0154873713 -0.224424725 0.0612599168
v 0.0154804572 -0.224430685 0.0611599002
v 0.0154507741 -0.224456494 0.0611599002
v 0.0151405915 -0.224500065 0.0612599168
v 0.0152415618 -0.224500065 0.0612599168
v 0.0151405915 -0.224500065 0.0611599002
v 0.0152415618 -0.224500065 0.0611599002
v 0.0158548936 -0.224402611 0.0612599168
v 0.0157642945 -0.224211578 0.0612599168
v 0.0158548936 -0.224402611 0.0611599002
v 0.0157642945 -0.224211578 0.0611599002
v 0.0156149253 -0.224000041 0.0612599168
v 0.0158521518 -0.224500065 0.0612599168
v 0.0156149253 -0.224000041 0.0611599002
v 0.0158521518 -0.224500065 0.0611599002
v 0.0157399758 -0.224160318 0.0612599168
v 0.0156639203 -0.224000041 0.0612599168
v 0.0157399758 -0.224160318 0.0611599002
v 0.0156639203 -0.224000041 0.0611599002
v 0.0160405024 -0.224000041 0.0612599168
v 0.0159665927 -0.224160318 0.0612599168
v 0.0160405024 -0.224000041 0.0611599002
v 0.0159665927 -0.224160318 0.0611599002
v 0.0158585891 -0.224500065 0.0612599168
v 0.0160893782 -0.224000041 0.0612599168
v 0.0158585891 -0.224500065 0.0611599002
v 0.0160893782 -0.224000041 0.0611599002
v 0.0128701314 -0.225590055 0.0689498697
v 0.0128701314 -0.225340073 0.0691998516
v 0.0122300967 -0.225590055 0.0689498697
v 0.0122300967 -0.225340073 0.0691998516
v 0.0122300967 -0.22495008 0.0689498697
v 0.0128701314 -0.22495008 0.0689498697
v 0.0122300967 -0.22495008 0.0631999288
v 0.0128701314 -0.22495008 0.0631999288
v 0.0122300967 -0.225590055 0.0611599002
v 0.0122300967 -0.225590055 0.0579098974
v 0.0128701314 -0.225590055 0.0611599002
v 0.0128701314 -0.225590055 0.0579098974
v 0.0128701314 -0.225340073 0.0576599155
v 0.0128701314 -0.225200062 0.0576599155
v 0.0128701314 -0.22495008 0.0579098974
v 0.0128701314 -0.22495008 0.0611599002
v 0.0122300967 -0.22495008 0.0611599002
v 0.0122300967 -0.22495008 0.0579098974
v 0.0122300967 -0.225340073 0.0576599155
v 0.0122300967 -0.225200062 0.0576599155
v 0.0128701314 -0.222660069 0.0691998516
v 0.0128701314 -0.222800021 0.0691998516
v 0.0128701314 -0.222410028 0.0689498697
v 0.0128701314 -0.223050063 0.0689498697
v 0.0128701314 -0.222410028 0.0631999288
v 0.0128701314 -0.223050063 0.0631999288
v 0.0122300967 -0.223050063 0.0689498697
v 0.0122300967 -0.223050063 0.0631999288
v 0.0122300967 -0.223050063 0.0611599002
v 0.0122300967 -0.223050063 0.0579098974
v 0.0128701314 -0.223050063 0.0611599002
v 0.0128701314 -0.223050063 0.0579098974
v 0.0128701314 -0.222800021 0.0576599155
v 0.0128701314 -0.222660069 0.0576599155
v 0.0128701314 -0.222410028 0.0579098974
v 0.0128701314 -0.222410028 0.0611599002
v 0.0154101237 -0.225590055 0.0631999288
v 0.0154101237 -0.22495008 0.0631999288
v 0.0154101237 -0.225590055 0.0689498697
v 0.0154101237 -0.22495008 0.0689498697
v 0.0154101237 -0.225340073 0.0691998516
v 0.0154101237 -0.225200062 0.0691998516
v 0.014770089 -0.225590055 0.0689498697
v 0.014770089 -0.225340073 0.0691998516
v 0.014770089 -0.22495008 0.0689498697
v 0.014770089 -0.22495008 0.0631999288
v 0.0154101237 -0.225200062 0.0576599155
v 0.0154101237 -0.225340073 0.0576599155
v 0.014770089 -0.225200062 0.0576599155
v 0.014770089 -0.225340073 0.0576599155
v 0.0154101237 -0.225590055 0.0579098974
v 0.014770089 -0.225590055 0.0579098974
v 0.014770089 -0.222800021 0.0691998516
v 0.014770089 -0.222660069 0.0691998516
v 0.014770089 -0.223050063 0.0689498697
v 0.014770089 -0.222410028 0.0689498697
v 0.014770089 -0.223050063 0.0631999288
v 0.014770089 -0.222410028 0.0631999288
v 0.0154101237 -0.223050063 0.0689498697
v 0.0154101237 -0.222800021 0.0691998516
v 0.0154101237 -0.222410028 0.0689498697
v 0.0154101237 -0.222410028 0.0631999288
v 0.0154101237 -0.222660069 0.0576599155
v 0.0154101237 -0.222410028 0.0579098974
v 0.0154101237 -0.222800021 0.0576599155
v 0.0154101237 -0.222410028 0.0611599002
v 0.0154101237 -0.223050063 0.0579098974
v 0.0154101237 -0.223050063 0.0611599002
v 0.0270001277 -0.238770192 0.071899942
v 0.0270001277 -0.238770192 0.0734999691
v 0.0273287877 -0.238726919 0.071899942
v 0.0273287877 -0.238726919 0.0734999691
v 0.0276351556 -0.23860008 0.071899942
v 0.0276351556 -0.23860008 0.0734999691
v 0.0278981313 -0.238398259 0.071899942
v 0.0278981313 -0.238398259 0.0734999691
v 0.0280999526 -0.238135223 0.071899942
v 0.0280999526 -0.238135223 0.0734999691
v 0.0282269105 -0.237828915 0.071899942
v 0.0282269105 -0.237828915 0.0734999691
v 0.0282700642 -0.237500792 0.071899942
v 0.0282700642 -0.237500792 0.0734999691
v 0.0282701835 -0.237500195 0.071899942
v 0.0282701835 -0.237500195 0.0734999691
v 0.0282700642 -0.237499659 0.071899942
v 0.0282700642 -0.237499659 0.0734999691
v 0.0282358512 -0.237240081 0.071899942
v 0.0282358512 -0.237240081 0.0734999691
v 0.0282269105 -0.237171535 0.071899942
v 0.0282269105 -0.237171535 0.0734999691
v 0.0280999526 -0.236865227 0.071899942
v 0.0280999526 -0.236865227 0.0734999691
v 0.0278981313 -0.236602192 0.071899942
v 0.0278981313 -0.236602192 0.0734999691
v 0.0276351556 -0.236400371 0.071899942
v 0.0276351556 -0.236400371 0.0734999691
v 0.0273287877 -0.236273472 0.071899942
v 0.0273287877 -0.236273472 0.0734999691
v 0.0270001277 -0.236230199 0.071899942
v 0.0270001277 -0.236230199 0.0734999691
v 0.0152700528 -0.225770061 0.071899942
v 0.0152700528 -0.225770061 0.0734999691
v 0.0153995141 -0.225753014 0.071899942
v 0.0153995141 -0.225753014 0.0734999691
v 0.0155201539 -0.225703065 0.071899942
v 0.0155201539 -0.225703065 0.0734999691
v 0.0156236276 -0.225623612 0.071899942
v 0.0156236276 -0.225623612 0.0734999691
v 0.0157031401 -0.225520079 0.071899942
v 0.0157031401 -0.225520079 0.0734999691
v 0.0157530888 -0.225399439 0.071899942
v 0.0157530888 -0.225399439 0.0734999691
v 0.0157701358 -0.225270038 0.071899942
v 0.0157701358 -0.225270038 0.0734999691
v 0.0157530888 -0.225140636 0.071899942
v 0.0157530888 -0.225140636 0.0734999691
v 0.0157031401 -0.225020056 0.071899942
v 0.0157031401 -0.225020056 0.0734999691
v 0.0156236276 -0.224916522 0.071899942
v 0.0156236276 -0.224916522 0.0734999691
v 0.0155201539 -0.224837069 0.071899942
v 0.0155201539 -0.224837069 0.0734999691
v 0.0153995141 -0.224787121 0.071899942
v 0.0153995141 -0.224787121 0.0734999691
v 0.0152700528 -0.224770074 0.071899942
v 0.0152700528 -0.224770074 0.0734999691
v -0.0198169366 -0.224273031 0.071899942
v -0.0198169366 -0.224273031 0.0734999691
v -0.0198169366 -0.224385028 0.071899942
v -0.0198169366 -0.224385028 0.0734999691
v -0.0198169366 -0.226071541 0.071899942
v -0.0198169366 -0.226071541 0.0734999691
v -0.0198169366 -0.226973002 0.071899942
v -0.0198169366 -0.226973002 0.0734999691
v 0.0127300605 -0.210229998 0.071899942
v 0.0127300605 -0.210229998 0.0734999691
v 0.0128595218 -0.21021301 0.071899942
v 0.0128595218 -0.21021301 0.0734999691
v 0.0128651246 -0.210210686 0.071899942
v 0.0128651246 -0.210210686 0.0734999691
v 0.0129800423 -0.210163062 0.071899942
v 0.0129800423 -0.210163062 0.0734999691
v 0.0130836352 -0.210083549 0.071899942
v 0.0130836352 -0.210083549 0.0734999691
v 0.0131631478 -0.209980016 0.071899942
v 0.0131631478 -0.209980016 0.0734999691
v 0.0131811484 -0.209936504 0.071899942
v 0.0131811484 -0.209936504 0.0734999691
v 0.0132130965 -0.209859436 0.071899942
v 0.0132130965 -0.209859436 0.0734999691
v 0.0132301434 -0.209730034 0.071899942
v 0.0132301434 -0.209730034 0.0734999691
v 0.0132130965 -0.209600632 0.071899942
v 0.0132130965 -0.209600632 0.0734999691
v 0.0131631478 -0.209480052 0.071899942
v 0.0131631478 -0.209480052 0.0734999691
v 0.0130836352 -0.209376459 0.071899942
v 0.0130836352 -0.209376459 0.0734999691
v 0.0129800423 -0.209297006 0.071899942
v 0.0129800423 -0.209297006 0.0734999691
v 0.0128651246 -0.209249382 0.071899942
v 0.0128651246 -0.209249382 0.0734999691
v 0.0128595218 -0.209247057 0.071899942
v 0.0128595218 -0.209247057 0.0734999691
v 0.0127300605 -0.20923001 0.071899942
v 0.0127300605 -0.20923001 0.0734999691
v -0.0272700206 -0.198270028 0.071899942
v -0.0272700206 -0.198270028 0.0734999691
v -0.0273993627 -0.198287015 0.071899942
v -0.0273993627 -0.198287015 0.0734999691
v -0.0275200025 -0.198336964 0.071899942
v -0.0275200025 -0.198336964 0.0734999691
v -0.0276235953 -0.198416476 0.071899942
v -0.0276235953 -0.198416476 0.0734999691
v -0.0277029887 -0.198520009 0.071899942
v -0.0277029887 -0.198520009 0.0734999691
v -0.0277529374 -0.19864059 0.071899942
v -0.0277529374 -0.19864059 0.0734999691
v -0.0277699844 -0.198769991 0.071899942
v -0.0277699844 -0.198769991 0.0734999691
v -0.0277529374 -0.198899393 0.071899942
v -0.0277529374 -0.198899393 0.0734999691
v -0.0277029887 -0.199019973 0.071899942
v -0.0277029887 -0.199019973 0.0734999691
v -0.0276235953 -0.199123566 0.071899942
v -0.0276235953 -0.199123566 0.0734999691
v -0.0275434867 -0.199185019 0.071899942
v -0.0275434867 -0.199185019 0.0734999691
v -0.0275200025 -0.199203019 0.071899942
v -0.0275200025 -0.199203019 0.0734999691
v -0.0273993627 -0.199252968 0.071899942
v -0.0273993627 -0.199252968 0.0734999691
v -0.0272700206 -0.199270015 0.071899942
v -0.0272700206 -0.199270015 0.0734999691
v 0.012000142 -0.197250013 0.071899942
v 0.012000142 -0.197250013 0.0734999691
v 0.0121294841 -0.197232966 0.071899942
v 0.0121294841 -0.197232966 0.0734999691
v 0.0122501239 -0.197183018 0.071899942
v 0.0122501239 -0.197183018 0.0734999691
v 0.0123535975 -0.197103565 0.071899942
v 0.0123535975 -0.197103565 0.0734999691
v 0.0124331101 -0.196999972 0.071899942
v 0.0124331101 -0.196999972 0.0734999691
v 0.0124830588 -0.196879392 0.071899942
v 0.0124830588 -0.196879392 0.0734999691
v 0.0125001057 -0.19674999 0.071899942
v 0.0125001057 -0.19674999 0.0734999691
v 0.0124830588 -0.196620588 0.071899942
v 0.0124830588 -0.196620588 0.0734999691
v 0.0124331101 -0.196500008 0.071899942
v 0.0124331101 -0.196500008 0.0734999691
v 0.0123535975 -0.196396475 0.071899942
v 0.0123535975 -0.196396475 0.0734999691
v 0.0122501239 -0.196316962 0.071899942
v 0.0122501239 -0.196316962 0.0734999691
v 0.0121294841 -0.196267014 0.071899942
v 0.0121294841 -0.196267014 0.0734999691
v 0.012000142 -0.196250026 0.071899942
v 0.012000142 -0.196250026 0.0734999691
v -0.0330000535 -0.199100022 0.071899942
v -0.0330000535 -0.199100022 0.0734999691
v -0.0325859204 -0.199045484 0.071899942
v -0.0325859204 -0.199045484 0.0734999691
v -0.03220004 -0.198885624 0.071899942
v -0.03220004 -0.198885624 0.0734999691
v -0.0318686382 -0.198631351 0.071899942
v -0.0318686382 -0.198631351 0.0734999691
v -0.0316143647 -0.198300009 0.071899942
v -0.0316143647 -0.198300009 0.0734999691
v -0.0314545051 -0.197914128 0.071899942
v -0.0314545051 -0.197914128 0.0734999691
v -0.0314342395 -0.197759991 0.071899942
v -0.0314342395 -0.197759991 0.0734999691
v -0.0314000264 -0.197499995 0.071899942
v -0.0314000264 -0.197499995 0.0734999691
v -0.0314545051 -0.197085862 0.071899942
v -0.0314545051 -0.197085862 0.0734999691
v -0.0316143647 -0.196699982 0.071899942
v -0.0316143647 -0.196699982 0.0734999691
v -0.0318686382 -0.196368639 0.071899942
v -0.0318686382 -0.196368639 0.0734999691
v -0.03220004 -0.196114366 0.071899942
v -0.03220004 -0.196114366 0.0734999691
v -0.0325859204 -0.195954506 0.071899942
v -0.0325859204 -0.195954506 0.0734999691
v -0.0330000535 -0.195899968 0.071899942
v -0.0330000535 -0.195899968 0.0734999691
v 0.0315001592 -0.234512751 0.071899942
v 0.0315001592 -0.234512751 0.0734999691
v 0.0345001801 -0.234512751 0.071899942
v 0.0345001801 -0.234512751 0.0734999691
v -0.0359873191 -0.199000006 0.071899942
v -0.0359873191 -0.199000006 0.0734999691
v -0.0359873191 -0.197759991 0.071899942
v -0.0359873191 -0.197759991 0.0734999691
v -0.0359873191 -0.195999985 0.071899942
v -0.0359873191 -0.195999985 0.0734999691
v 0.00209539975 -0.182690566 0.13041108
v 0.0020896777 -0.182690566 0.130417279
v 0.00172859276 -0.182690566 0.130279354
v 0.00211971844 -0.182690566 0.130376152
v 0.00172811592 -0.182690566 0.130177191
v 0.0021461829 -0.182690566 0.130177191
v 0.00172811592 -0.182690566 0.130259207
v 0.0021461829 -0.182690566 0.130255989
v 0.002137123 -0.182690566 0.130331448
v 0.00205963696 -0.182690566 0.130441955
v 0.00202005947 -0.182690566 0.130461386
v 0.00197154129 -0.182690566 0.130472711
v 0.0017791375 -0.182690566 0.130415729
v 0.0019318446 -0.182690566 0.130475215
v 0.00175589169 -0.182690566 0.130381993
v 0.00173765267 -0.182690566 0.130336217
v 0.0018637761 -0.182690566 0.130467108
v 0.00182419861 -0.182690566 0.13045173
v 0.00179380024 -0.182690566 0.130430749
v 0.00190168465 -0.182690566 0.129783085
v 0.00190168465 -0.182728653 0.129783085
v 0.00190168465 -0.182690566 0.129884652
v 0.00190168465 -0.182728653 0.129977039
v 0.00190168465 -0.182690566 0.129977039
v 0.00227767075 -0.182728653 0.129390172
v 0.00227767075 -0.182690566 0.129390172
v 0.00230246628 -0.182728653 0.129376582
v 0.00230198944 -0.182690566 0.12937682
v 0.00230246628 -0.182690566 0.129376582
v 0.00231653298 -0.182690566 0.129363946
v 0.00231653298 -0.182728653 0.129363946
v 0.00232416237 -0.182690566 0.129352978
v 0.00232416237 -0.182728653 0.129352978
v 0.00233012284 -0.182690566 0.129338196
v 0.00233012284 -0.182728653 0.129338196
v 0.0023322686 -0.182690566 0.129320673
v 0.0023322686 -0.182728653 0.129320673
v 0.00214367951 -0.182728653 0.129453591
v 0.00214367951 -0.182728653 0.129455379
v 0.00214367951 -0.182690566 0.129453591
v 0.00214367951 -0.182690566 0.129455379
v 0.00203782166 -0.182728653 0.129074386
v 0.00203782166 -0.182690566 0.129074386
v 0.00205641831 -0.182690566 0.12911897
v 0.00205641831 -0.182728653 0.12911897
v 0.00207239235 -0.182690566 0.129145554
v 0.00207239235 -0.182728653 0.129145554
v 0.00184255684 -0.182728653 0.12901502
v 0.00184255684 -0.182690566 0.12901502
v 0.00186079586 -0.182728653 0.128994874
v 0.00185388172 -0.182690566 0.129002503
v 0.00186079586 -0.182690566 0.128994874
v 0.00187915409 -0.182690566 0.128982237
v 0.00187915409 -0.182728653 0.128982237
v 0.00190096939 -0.182690566 0.12897425
v 0.00190096939 -0.182728653 0.12897425
v 0.00192516888 -0.182690566 0.128971509
v 0.00192516888 -0.182728653 0.128971509
v 0.00182896698 -0.182728653 0.129214099
v 0.00182896698 -0.182690566 0.129214099
v 0.00181609238 -0.182690566 0.129169992
v 0.00181609238 -0.182728653 0.129169992
v 0.00181180085 -0.182690566 0.129122308
v 0.00181180085 -0.182728653 0.129122308
v 0.00189500893 -0.182728653 0.129214099
v 0.00189500893 -0.182690566 0.129214099
v 0.00186699475 -0.182728653 0.129115752
v 0.00186699475 -0.182690566 0.129115752
v 0.00187140549 -0.182690566 0.129157237
v 0.00187140549 -0.182728653 0.129157237
v 0.00188475693 -0.182690566 0.12919586
v 0.00188475693 -0.182728653 0.12919586
v 0.00210267151 -0.182728653 0.129232696
v 0.00210267151 -0.182690566 0.129232696
v 0.00207739914 -0.182690566 0.129229954
v 0.00207739914 -0.182728653 0.129229954
v 0.00205737198 -0.182690566 0.129222683
v 0.00205737198 -0.182728653 0.129222683
v 0.00203865612 -0.182690566 0.129209927
v 0.00203865612 -0.182728653 0.129209927
v 0.00221723164 -0.182728653 0.129076174
v 0.00221723164 -0.182690566 0.129076174
v 0.00220995987 -0.182728653 0.129137329
v 0.00221258248 -0.182690566 0.129114917
v 0.00220995987 -0.182690566 0.129137329
v 0.00219613159 -0.182690566 0.129173091
v 0.00219613159 -0.182728653 0.129173091
v 0.00218635643 -0.182690566 0.129189066
v 0.00218635643 -0.182728653 0.129189066
v 0.00205534542 -0.182690566 0.128811053
v 0.00205081547 -0.182690566 0.128811172
v 0.00204974259 -0.182690566 0.128654769
v 0.00201362217 -0.182690566 0.128811172
v 0.00202590073 -0.182690566 0.128720454
v 0.00203662957 -0.182690566 0.128676108
v 0.00204425896 -0.182690566 0.128661445
v 0.00208562458 -0.182690566 0.128806642
v 0.00205975617 -0.182690566 0.128646663
v 0.00210982407 -0.182690566 0.128796748
v 0.00213819588 -0.182690566 0.128650597
v 0.00214403714 -0.182690566 0.128656438
v 0.00213819588 -0.182690566 0.128773502
v 0.00212675179 -0.182690566 0.128642968
v 0.00215107048 -0.182690566 0.128754309
v 0.00215858067 -0.182690566 0.128733686
v 0.00216144169 -0.182690566 0.128708294
v 0.00207239235 -0.182690566 0.128640703
v 0.00208800877 -0.182690566 0.128637246
v 0.00212985123 -0.182690566 0.128781966
v 0.00209873761 -0.182690566 0.128636769
v 0.00211435402 -0.182690566 0.128638438
v 0.00215321625 -0.182690566 0.128669909
v 0.00215881909 -0.182690566 0.128685287
v 0.00205081547 -0.182728653 0.128811172
v 0.00201362217 -0.182728653 0.128811172
v 0.00214403714 -0.182728653 0.128656438
v 0.00213819588 -0.182728653 0.128650597
v 0.00212675179 -0.182728653 0.128642968
v 0.00211435402 -0.182728653 0.128638438
v 0.00209873761 -0.182728653 0.128636769
v 0.0019587859 -0.182728653 0.128879002
v 0.0019587859 -0.182690566 0.128879002
v 0.00190192307 -0.182690566 0.128872446
v 0.00190192307 -0.182728653 0.128872446
v 0.00187271679 -0.182690566 0.128861359
v 0.00187271679 -0.182728653 0.128861359
v 0.00185173596 -0.182690566 0.128846935
v 0.00185173596 -0.182728653 0.128846935
v 0.00183957661 -0.182690566 0.128834418
v 0.00183957661 -0.182728653 0.128834418
v 0.00182610596 -0.182690566 0.128812722
v 0.00182610596 -0.182728653 0.128812722
v 0.00181668843 -0.182690566 0.128785423
v 0.00181668843 -0.182728653 0.128785423
v 0.00181180085 -0.182690566 0.12873905
v 0.00181180085 -0.182728653 0.12873905
v 0.00197785939 -0.182728653 0.128696374
v 0.00197785939 -0.182690566 0.128696374
v 0.00199240292 -0.182690566 0.128640464
v 0.00199240292 -0.182728653 0.128640464
v 0.00200742329 -0.182690566 0.128613046
v 0.00200742329 -0.182728653 0.128613046
v 0.00202578152 -0.182690566 0.128593138
v 0.00202578152 -0.182728653 0.128593138
v 0.00204783524 -0.182690566 0.128579191
v 0.00204783524 -0.182728653 0.128579191
v 0.00207274998 -0.182690566 0.128570965
v 0.00207274998 -0.182728653 0.128570965
v 0.00210434044 -0.182690566 0.128567866
v 0.00210434044 -0.182728653 0.128567866
v 0.00134759987 -0.182728653 0.130310348
v 0.00119930352 -0.182728653 0.130255035
v 0.00134759987 -0.182690566 0.130310348
v 0.00119930352 -0.182690566 0.130255035
v 0.000805316814 -0.182728653 0.130106262
v 0.000805316814 -0.182728653 0.130181125
v 0.000805316814 -0.182690566 0.130106262
v 0.000805316814 -0.182690566 0.130181125
v 0.00106960381 -0.182728653 0.129869631
v 0.00106960381 -0.182690566 0.129869631
v 0.000994740375 -0.182690566 0.129860571
v 0.000994740375 -0.182728653 0.129860571
v 0.000943003543 -0.182690566 0.129840425
v 0.000943003543 -0.182728653 0.129840425
v 0.000895677455 -0.182690566 0.129806808
v 0.000895677455 -0.182728653 0.129806808
v 0.000877080806 -0.182690566 0.129787854
v 0.000877080806 -0.182728653 0.129787854
v 0.00127166355 -0.182690566 0.129787854
v 0.00127166355 -0.182728653 0.129787854
v 0.00131219471 -0.182728653 0.129731349
v 0.00134759987 -0.182728653 0.129577211
v 0.00134759987 -0.182690566 0.129577211
v 0.0013363942 -0.182690566 0.129669479
v 0.0013363942 -0.182728653 0.129669479
v 0.00133365238 -0.182690566 0.129676512
v 0.00131219471 -0.182690566 0.129731349
v 0.00134759987 -0.182728653 0.12942808
v 0.00134759987 -0.182690566 0.12942808
v 0.00110334004 -0.182728653 0.12910395
v 0.00128584946 -0.182728653 0.12910395
v 0.00110334004 -0.182690566 0.12910395
v 0.00128584946 -0.182690566 0.12910395
v 0.000876007922 -0.182728653 0.128597668
v 0.000876007922 -0.182690566 0.128597668
v 0.000927387126 -0.182690566 0.128558329
v 0.000927387126 -0.182728653 0.128558329
v 0.000987587817 -0.182690566 0.12853258
v 0.000987587817 -0.182728653 0.12853258
v 0.00105839814 -0.182690566 0.128520301
v 0.00105839814 -0.182728653 0.128520301
v 0.00108676995 -0.182690566 0.128519348
v 0.00108676995 -0.182728653 0.128519348
v 0.000796137698 -0.182690566 0.128796867
v 0.000796137698 -0.182728653 0.128796867
v 0.000818310626 -0.182728653 0.128925375
v 0.000818310626 -0.182690566 0.128925375
v 0.000801740535 -0.182690566 0.128867916
v 0.000801740535 -0.182728653 0.128867916
v 0.000800786861 -0.182690566 0.128855041
v 0.00129443253 -0.182728653 0.128785304
v 0.00129443253 -0.182690566 0.128785304
v 0.00128787602 -0.182690566 0.128730944
v 0.00128787602 -0.182728653 0.128730944
v 0.00127297486 -0.182690566 0.12869232
v 0.00127297486 -0.182728653 0.12869232
v 0.00124794091 -0.182690566 0.128656796
v 0.00124794091 -0.182728653 0.128656796
v 0.00123733128 -0.182690566 0.128646067
v 0.00123733128 -0.182728653 0.128646067
v 0.000805316814 -0.182728653 0.128281168
v 0.000805316814 -0.182728653 0.128211073
v 0.00128584946 -0.182728653 0.128281168
v 0.00134759987 -0.182728653 0.128211073
v 0.00128584946 -0.182728653 0.128497056
v 0.00134759987 -0.182728653 0.128497056
v 0.00134759987 -0.182690566 0.128211073
v 0.000805316814 -0.182690566 0.128211073
v -0.00496083652 -0.178503816 0.114373854
v -0.00496083652 -0.178500001 0.114373854
v -0.00496620094 -0.178500001 0.114462784
v -0.00496620094 -0.178503816 0.114462784
v -0.00499671852 -0.178500001 0.114585093
v -0.00499671852 -0.178503816 0.114585093
v -0.00504380619 -0.178500001 0.114673427
v -0.00504380619 -0.178503816 0.114673427
v -0.00511282837 -0.178500001 0.114749602
v -0.00511282837 -0.178503816 0.114749602
v -0.00519198333 -0.178500001 0.114802531
v -0.00519198333 -0.178503816 0.114802531
v -0.0052774564 -0.178500001 0.114833406
v -0.0052774564 -0.178503816 0.114833406
v -0.00538998996 -0.178500001 0.114846042
v -0.00538998996 -0.178503816 0.114846042
v -0.00603395855 -0.178503816 0.114330343
v -0.00603395855 -0.178503816 0.113940052
v -0.00603395855 -0.178500001 0.114330343
v -0.00603395855 -0.178500001 0.113940052
v -0.00603395855 -0.178503816 0.114455751
v -0.00643819725 -0.178503816 0.114455751
v -0.00603395855 -0.178500001 0.114455751
v -0.00643819725 -0.178500001 0.114455751
v -0.00649386799 -0.178503816 0.113814643
v -0.0058806554 -0.178503816 0.113814643
v -0.00649386799 -0.178500001 0.113814643
v -0.0058806554 -0.178500001 0.113814643
v -0.00687021171 -0.178503816 0.113940052
v -0.00703245556 -0.178503816 0.113940052
v -0.00687021171 -0.178500001 0.113940052
v -0.00703245556 -0.178500001 0.113940052
v -0.00703877365 -0.178503816 0.114832095
v -0.00687021171 -0.178503816 0.114832095
v -0.00703877365 -0.178500001 0.114832095
v -0.00687021171 -0.178500001 0.114832095
v -0.00763672744 -0.178503816 0.114400438
v -0.00763672744 -0.178500001 0.114400438
v -0.007628502 -0.178500001 0.114507965
v -0.007628502 -0.178503816 0.114507965
v -0.00759774601 -0.178500001 0.114620617
v -0.00759774601 -0.178503816 0.114620617
v -0.00754469787 -0.178500001 0.114718846
v -0.00754469787 -0.178503816 0.114718846
v -0.00746387397 -0.178500001 0.114808491
v -0.00746387397 -0.178503816 0.114808491
v -0.00746268188 -0.178500001 0.114809564
v -0.00746268188 -0.178503816 0.114809564
v -0.00733822738 -0.178500001 0.114892891
v -0.00733822738 -0.178503816 0.114892891
v -0.00720459377 -0.178500001 0.11493986
v -0.00720459377 -0.178503816 0.11493986
v -0.0070394889 -0.178500001 0.114957503
v -0.0070394889 -0.178503816 0.114957503
v -0.00702768718 -0.178503816 0.113814643
v -0.00671690857 -0.178503816 0.113814643
v -0.00702768718 -0.178500001 0.113814643
v -0.00671690857 -0.178500001 0.113814643
v -0.00772041237 -0.178503816 0.113814643
v -0.00815242683 -0.178503816 0.114957503
v -0.00772041237 -0.178500001 0.113814643
v -0.00815242683 -0.178500001 0.114957503
v -0.012630047 -0.182686751 0.112754634
v -0.0126491204 -0.182686751 0.112899593
v -0.0137502566 -0.182686751 0.112754634
v -0.0127050296 -0.182686751 0.113034657
v -0.0127940789 -0.182686751 0.113150648
v -0.0129100696 -0.182686751 0.113239697
v -0.0130451337 -0.182686751 0.113295606
v -0.0136751548 -0.182686751 0.112474493
v -0.0135862247 -0.182686751 0.112358502
v -0.0126491204 -0.182686751 0.112609676
v -0.013470234 -0.182686751 0.112269572
v -0.0133351699 -0.182686751 0.112213543
v -0.0130451337 -0.182686751 0.112213543
v -0.0129100696 -0.182686751 0.112269572
v -0.0127940789 -0.182686751 0.112358502
v -0.0131900922 -0.182686751 0.11331468
v -0.0133351699 -0.182686751 0.113295606
v -0.013470234 -0.182686751 0.113239697
v -0.0135862247 -0.182686751 0.113150648
v -0.0136751548 -0.182686751 0.113034657
v -0.0137311832 -0.182686751 0.112899593
v -0.0137311832 -0.182686751 0.112609676
v -0.0131900922 -0.182686751 0.11219447
v -0.0127050296 -0.182686751 0.112474493
v -0.012630047 -0.182690566 0.112754634
v -0.0126491204 -0.182690566 0.112899593
v -0.0127050296 -0.182690566 0.113034657
v -0.0127940789 -0.182690566 0.113150648
v -0.0129100696 -0.182690566 0.113239697
v -0.0130451337 -0.182690566 0.113295606
v -0.0131900922 -0.182690566 0.11331468
v -0.0133351699 -0.182690566 0.113295606
v -0.013470234 -0.182690566 0.113239697
v -0.0135862247 -0.182690566 0.113150648
v -0.0136751548 -0.182690566 0.113034657
v -0.0137311832 -0.182690566 0.112899593
v -0.0137502566 -0.182690566 0.112754634
v -0.00437134659 -0.178461914 0.13304632
v -0.00437134659 -0.179452424 0.13304632
v -0.00284749424 -0.178461914 0.13304632
v -0.00284749424 -0.179452424 0.13304632
v -0.0125239507 -0.178461914 0.111826948
v -0.0125239507 -0.178500001 0.111826948
v -0.0125239507 -0.178500001 0.1101697
v -0.0125239507 -0.179452424 0.1101697
v -0.0125239507 -0.179452424 0.109617404
v -0.0125239507 -0.178461914 0.109617404
v 0.000466762431 -0.179452424 0.1101697
v 0.000466762431 -0.179452424 0.109617404
v 0.00199061478 -0.179452424 0.1101697
v 0.00199061478 -0.179452424 0.109617404
v -0.00284749424 -0.178461914 0.109617404
v -0.00284749424 -0.179452424 0.109617404
v -0.00437134659 -0.178461914 0.109617404
v -0.00437134659 -0.179452424 0.109617404
v -0.00437134659 -0.178500001 0.111826948
v -0.00437134659 -0.178461914 0.111826948
v -0.00437134659 -0.178500001 0.1101697
v -0.00437134659 -0.179452424 0.1101697
v -0.0152781621 -0.182689612 0.131838611
v -0.0152516977 -0.182690566 0.131812147
v -0.0102817432 -0.182690566 0.131812147
v -0.00173193371 -0.182690566 0.131812147
v 0.00328606213 -0.182675545 0.131903699
v 0.000800786861 -0.182690566 0.131812147
v 0.00151127423 -0.182690566 0.131812147
v 0.00221258248 -0.182690566 0.131812147
v 0.00242739762 -0.182690566 0.131812147
v 0.0031946286 -0.182690566 0.131812147
v 0.0033716544 -0.182642405 0.131989173
v -0.0154289619 -0.182643061 0.131989411
v -0.0153870002 -0.18266571 0.131947449
v -0.015343012 -0.182675366 0.131903461
v 0.00331610287 -0.182670658 0.131933621
v -0.0154752151 -0.182618086 0.132035664
v 0.00341480816 -0.182620411 0.132032326
v -0.0155045406 -0.182590489 0.13206499
v 0.00344782914 -0.182590787 0.132065347
v -0.0155465022 -0.182550971 0.132106832
v 0.0034807309 -0.182561104 0.132098249
v -0.0155658141 -0.182521527 0.132126263
v 0.00350862587 -0.182521348 0.132126144
v 0.00352853382 -0.182492976 0.132146052
v -0.0155898944 -0.182485108 0.132150224
v 0.00355154122 -0.182439451 0.132169059
v -0.0156082526 -0.182439332 0.132168702
v -0.0156171933 -0.182417159 0.132177642
v 0.00355738247 -0.182425921 0.132174901
v -0.0156305448 -0.182349389 0.132190994
v 0.00357204521 -0.182360892 0.132189683
v 0.00357347573 -0.182349389 0.132190994
v -0.0155465022 -0.182550971 0.110556773
v -0.0156305448 -0.182349389 0.110472611
v -0.0156171933 -0.182417159 0.110486082
v -0.0156082526 -0.182439332 0.110494903
v -0.0155898944 -0.182485108 0.110513381
v -0.0155658141 -0.182521527 0.110537342
v -0.0155045406 -0.182590489 0.110598734
v -0.0154752151 -0.182618086 0.110627941
v -0.0154289619 -0.182643061 0.110674194
v -0.0153870002 -0.18266571 0.110716156
v -0.0152516977 -0.182690566 0.110851458
v -0.0152516977 -0.182690566 0.111522964
v -0.0152781621 -0.182689612 0.110824994
v -0.015343012 -0.182675366 0.110760144
v -0.0152516977 -0.182690566 0.119310788
v -0.0152516977 -0.182690566 0.127988986
v -0.0152516977 -0.182690566 0.128499917
v -0.0152516977 -0.182690566 0.128511003
v -0.0152516977 -0.182690566 0.128948263
v -0.0152516977 -0.182690566 0.129002503
v -0.0152516977 -0.182690566 0.129250339
v -0.0152516977 -0.182690566 0.12937682
v -0.0152516977 -0.182690566 0.129676512
v -0.0152516977 -0.182690566 0.129884652
v 0.00357204521 -0.182360892 0.110474042
v 0.00357347573 -0.182349389 0.110472611
v 0.0031946286 -0.182690566 0.129884652
v 0.0031946286 -0.182690566 0.129676512
v 0.0031946286 -0.182690566 0.12937682
v 0.0031946286 -0.182690566 0.129250339
v 0.0031946286 -0.182690566 0.129002503
v 0.00328606213 -0.182675545 0.110760025
v 0.0031946286 -0.182690566 0.128948263
v 0.0031946286 -0.182690566 0.128511003
v 0.0031946286 -0.182690566 0.128499917
v 0.0031946286 -0.182690566 0.127988986
v 0.0031946286 -0.182690566 0.119310788
v 0.0031946286 -0.182690566 0.111522964
v 0.0031946286 -0.182690566 0.110851458
v 0.00331610287 -0.182670658 0.110729984
v 0.0033716544 -0.182642405 0.110674432
v 0.00341480816 -0.182620411 0.110631279
v 0.00344782914 -0.182590787 0.110598377
v 0.00355738247 -0.182425921 0.110488704
v 0.00355154122 -0.182439451 0.110494546
v 0.00352853382 -0.182492976 0.110517553
v 0.00350862587 -0.182521348 0.110537461
v 0.0034807309 -0.182561104 0.110565356
v -0.00412374889 -0.182538156 0.128550461
v -0.00412374889 -0.182690566 0.128550461
v -0.00418871795 -0.182538156 0.129043392
v -0.00417608177 -0.182690566 0.128948263
v -0.00418323433 -0.182690566 0.129002503
v -0.00418871795 -0.182690566 0.129043392
v -0.00427442943 -0.182690566 0.129250339
v -0.00437897598 -0.182538156 0.129502824
v -0.00432676231 -0.182690566 0.12937682
v -0.00437897598 -0.182690566 0.129502824
v -0.00451225197 -0.182690566 0.129676512
v -0.00468164837 -0.182538156 0.129897288
v -0.0046718732 -0.182690566 0.129884652
v -0.00468164837 -0.182690566 0.129897288
v -0.0050761119 -0.182538156 0.13020008
v -0.0050761119 -0.182690566 0.13020008
v -0.00553554451 -0.182538156 0.130390338
v -0.00553554451 -0.182690566 0.130390338
v -0.00602859413 -0.182538156 0.130455307
v -0.00602859413 -0.182690566 0.130455307
v -0.00652152454 -0.182538156 0.130390338
v -0.00652152454 -0.182690566 0.130390338
v -0.00698095714 -0.182538156 0.13020008
v -0.00698095714 -0.182690566 0.13020008
v -0.00737542068 -0.182538156 0.129897288
v -0.00737542068 -0.182690566 0.129897288
v -0.00738519584 -0.182690566 0.129884652
v -0.00767821228 -0.182538156 0.129502824
v -0.00754493629 -0.182690566 0.129676512
v -0.00767821228 -0.182690566 0.129502824
v -0.00773030674 -0.182690566 0.12937682
v -0.0078684703 -0.182538156 0.129043392
v -0.00778275882 -0.182690566 0.129250339
v -0.0078684703 -0.182690566 0.129043392
v -0.00793332016 -0.182690566 0.128550461
v -0.00793332016 -0.182538156 0.128550461
v -0.00788098728 -0.182690566 0.128948263
v -0.00787383472 -0.182690566 0.129002503
v -0.00660544788 -0.178500001 0.1101697
v -0.00768572246 -0.179452424 0.1101697
v -0.00768572246 -0.178500001 0.1101697
v -0.0159334556 -0.178500001 0.1101697
v -0.0140476838 -0.178500001 0.1101697
v -0.0159334556 -0.179467623 0.1101697
v -0.0140476838 -0.179452424 0.1101697
v -0.00920957481 -0.178500001 0.1101697
v -0.00920957481 -0.179452424 0.1101697
v 0.00387638653 -0.179467623 0.1101697
v -0.00284749424 -0.179452424 0.1101697
v 0.00199061478 -0.178500001 0.1101697
v 0.00387638653 -0.178500001 0.1101697
v 0.000466762431 -0.178500001 0.1101697
v -0.00284749424 -0.178500001 0.1101697
v 0.00387638653 -0.178500001 0.117731741
v 0.00387638653 -0.178500001 0.132493905
v 0.00387638653 -0.179467623 0.117731741
v 0.00387638653 -0.179467623 0.132493905
v 0.000466762431 -0.179452424 0.132493905
v 0.000466762431 -0.178500001 0.132493905
v -0.00284749424 -0.178500001 0.132493905
v 0.00199061478 -0.178500001 0.132493905
v -0.0140476838 -0.178500001 0.132493905
v -0.0159334556 -0.178500001 0.132493905
v -0.0140476838 -0.179452424 0.132493905
v -0.0159334556 -0.179467623 0.132493905
v -0.0125239507 -0.179452424 0.132493905
v -0.00920957481 -0.179452424 0.132493905
v -0.00920957481 -0.178500001 0.132493905
v -0.0125239507 -0.178500001 0.132493905
v -0.00284749424 -0.179452424 0.132493905
v -0.00437134659 -0.179452424 0.132493905
v -0.00768572246 -0.179452424 0.132493905
v -0.00768572246 -0.178500001 0.132493905
v -0.00437134659 -0.178500001 0.132493905
v 0.00199061478 -0.179452424 0.132493905
v -0.0159334556 -0.179467623 0.117731741
v -0.0159334556 -0.178500001 0.117731741
v -0.0140476838 -0.178500001 0.130303434
v -0.0141239778 -0.178500001 0.130303434
v -0.0144477502 -0.178500001 0.117731741
v -0.0144477502 -0.178500001 0.118112734
v -0.0141239778 -0.178500001 0.118112734
v -0.00284749424 -0.178500001 0.131141475
v 0.000466762431 -0.178500001 0.131141475
v 0.00239068116 -0.178500001 0.118112734
v 0.00239068116 -0.178500001 0.117731741
v 0.00199061478 -0.178500001 0.130303434
v 0.00206678952 -0.178500001 0.130303434
v 0.00206678952 -0.178500001 0.118112734
v -0.00340551292 -0.194760029 0.0689309154
v -0.00360208904 -0.194760029 0.0690062557
v -0.00358671104 -0.194760029 0.0690205608
v -0.0036310569 -0.194760029 0.0689309154
v -0.00362938797 -0.194760029 0.0689113651
v -0.00340885078 -0.194760029 0.0689032589
v -0.00362771904 -0.194760029 0.0689582143
v -0.00361794388 -0.194760029 0.0689834867
v -0.00343412315 -0.194760029 0.0688559328
v -0.00358599579 -0.194760029 0.068840674
v -0.00360602295 -0.194760029 0.0688601051
v -0.00347978031 -0.194760029 0.0690370117
v -0.00345581924 -0.194760029 0.0690248523
v -0.0034347192 -0.194760029 0.0690066133
v -0.00341862594 -0.194760029 0.0688781057
v -0.0036208049 -0.194760029 0.0688840662
v -0.00341862594 -0.194760029 0.0689836059
v -0.00340849315 -0.194760029 0.068956903
v -0.00356227314 -0.194760029 0.0690348659
v -0.00353473579 -0.194760029 0.0690424953
v -0.0035066024 -0.194760029 0.0690430914
v -0.00348049556 -0.194760029 0.0688246999
v -0.00350839054 -0.194760029 0.0688186203
v -0.00345522319 -0.194760029 0.0688375745
v -0.00353640472 -0.194760029 0.0688195739
v -0.00356274997 -0.194760029 0.0688272033
v -0.00377708828 -0.194750016 0.0656854425
v -0.00377708828 -0.194760029 0.0656854425
v -0.00380629455 -0.194760029 0.0657281194
v -0.00380629455 -0.194750016 0.0657281194
v -0.00382417595 -0.194760029 0.0657772337
v -0.00382417595 -0.194750016 0.0657772337
v -0.00383097088 -0.194760029 0.0658392225
v -0.00383097088 -0.194750016 0.0658392225
v -0.00342422878 -0.194750016 0.0662508522
v -0.00342422878 -0.194750016 0.0660321031
v -0.00347060119 -0.194750016 0.0660321031
v -0.00347060119 -0.194750016 0.0661984001
v -0.00360745346 -0.194750016 0.0661984001
v -0.00383097088 -0.194750016 0.0662508522
v -0.00378424083 -0.194750016 0.0660414014
v -0.00383097088 -0.194750016 0.0660414014
v -0.00378424083 -0.194750016 0.0661984001
v -0.00365406429 -0.194750016 0.0661984001
v -0.00365406429 -0.194750016 0.0660529647
v -0.00360745346 -0.194750016 0.0660529647
v -0.00442427551 -0.194760029 0.0659285102
v -0.00442427551 -0.194760029 0.0659297023
v -0.00440710937 -0.194760029 0.0659251724
v -0.00440794384 -0.194760029 0.0659328018
v -0.00439578449 -0.194760029 0.0659221922
v -0.00439578449 -0.194760029 0.0659363781
v -0.00422674572 -0.194760029 0.0658606802
v -0.00422674572 -0.194760029 0.0659971748
v -0.00429934417 -0.194760029 0.0667077814
v -0.00429934417 -0.194750016 0.0667077814
v -0.00429934417 -0.194760029 0.0665978704
v -0.00429934417 -0.194750016 0.066562346
v -0.00429934417 -0.194760029 0.066562346
v -0.00441402351 -0.194750016 0.0668461834
v -0.00441163933 -0.194750016 0.0668416534
v -0.0044664756 -0.194750016 0.0668416534
v -0.0043240205 -0.194750016 0.0670844827
v -0.00435918724 -0.194750016 0.0670708929
v -0.00438457882 -0.194750016 0.0671170269
v -0.00442320263 -0.194750016 0.067087463
v -0.00442975914 -0.194750016 0.0668874298
v -0.00447863495 -0.194750016 0.0668831382
v -0.0044357196 -0.194750016 0.0669376169
v -0.0044831649 -0.194750016 0.066935948
v -0.00443512356 -0.194750016 0.0669531141
v -0.0044831649 -0.194750016 0.0669380937
v -0.00442832863 -0.194750016 0.0669885193
v -0.00447648918 -0.194750016 0.0669949566
v -0.00441354667 -0.194750016 0.0670204673
v -0.00446039592 -0.194750016 0.0670377527
v -0.00443285858 -0.194750016 0.0670773302
v -0.00439053928 -0.194750016 0.0670483623
v -0.00438755905 -0.194750016 0.0670512233
v -0.00426525032 -0.194750016 0.0671462331
v -0.00426834976 -0.194750016 0.0670911584
v -0.00428623115 -0.194750016 0.0671455179
v -0.0043393985 -0.194750016 0.0671363388
v -0.00408631717 -0.194750016 0.0668416534
v -0.0041367427 -0.194750016 0.0668416534
v -0.0040828601 -0.194750016 0.0668486868
v -0.00411886131 -0.194750016 0.0668813501
v -0.00406855499 -0.194750016 0.0668923174
v -0.00411015903 -0.194750016 0.0669273649
v -0.00406271373 -0.194750016 0.0669543062
v -0.00410944378 -0.194750016 0.0669466768
v -0.00406378662 -0.194750016 0.0669786249
v -0.00411456978 -0.194750016 0.0669884
v -0.00407284652 -0.194750016 0.0670227323
v -0.00412589466 -0.194750016 0.0670172487
v -0.00409084713 -0.194750016 0.0670611177
v -0.00414484894 -0.194750016 0.0670437132
v -0.00411814605 -0.194750016 0.0670940195
v -0.00415223991 -0.194750016 0.0670512233
v -0.00412529861 -0.194750016 0.0671003376
v -0.00417977726 -0.194750016 0.0670710121
v -0.00416070377 -0.194750016 0.0671238218
v -0.00420433437 -0.194750016 0.0671395574
v -0.00421255981 -0.194750016 0.0670841251
v -0.00425321018 -0.194750016 0.0670906816
v -0.00439053928 -0.194760029 0.0670483623
v -0.00441354667 -0.194760029 0.0670204673
v -0.00442832863 -0.194760029 0.0669885193
v -0.00443512356 -0.194760029 0.0669531141
v -0.0044357196 -0.194760029 0.0669376169
v -0.00486999904 -0.198449974 0.0748998438
v -0.00466996586 -0.198449974 0.0748998438
v -0.00496989643 -0.198449974 0.0747999464
v -0.00456994926 -0.198449974 0.0747999464
v -0.00496989643 -0.198449974 0.0709999118
v -0.00456994926 -0.198449974 0.0709999118
v -0.0024299041 -0.199090009 0.0709999118
v -0.00202995693 -0.199090009 0.0709999118
v -0.0024299041 -0.199090009 0.0747999464
v -0.00202995693 -0.199090009 0.0747999464
v -0.0023298875 -0.199090009 0.0748998438
v -0.00212997352 -0.199090009 0.0748998438
v -0.00526994621 -0.198270028 0.0632999454
v -0.00526994621 -0.198270028 0.0651999031
v -0.00526994621 -0.199270015 0.0632999454
v -0.00526994621 -0.199270015 0.0651999031
v -0.00385886585 -0.196705108 0.0708998953
v -0.00373584186 -0.196705108 0.0708998953
v -0.00385886585 -0.196705108 0.0709999118
v -0.00373584186 -0.196705108 0.0709999118
v -0.00349992668 -0.196319644 0.0708998953
v -0.00349992668 -0.196443562 0.0708998953
v -0.00349992668 -0.196319644 0.0709999118
v -0.00349992668 -0.196443562 0.0709999118
v -0.00212997352 -0.196550016 0.0748998438
v -0.0023298875 -0.196550016 0.0748998438
v -0.00202995693 -0.196550016 0.0747999464
v -0.0024299041 -0.196550016 0.0747999464
v -0.00202995693 -0.196550016 0.0709999118
v -0.0024299041 -0.196550016 0.0709999118
v -0.00202995693 -0.195909982 0.0747999464
v -0.00212997352 -0.195909982 0.0748998438
v -0.0059999839 -0.194760029 0.0716999088
v -0.0059999839 -0.200240021 0.0716999088
v -0.00509995376 -0.194760029 0.0716999088
v -0.00509995376 -0.200240021 0.0716999088
v 0.0103000983 -0.231195037 0.0717999254
v 0.0104001149 -0.23109508 0.0717999254
v 0.0103000983 -0.23109508 0.071899942
v 0.0103000983 -0.228195076 0.0717999254
v 0.0103000983 -0.228295093 0.071899942
v 0.0104001149 -0.228295093 0.0717999254
v 0.000400124438 -0.23109508 0.0717999254
v 0.000500021823 -0.231195037 0.0717999254
v 0.000500021823 -0.23109508 0.071899942
v 0.0103000983 -0.228295093 0.068899921
v 0.0103000983 -0.228195076 0.0689999376
v 0.0104001149 -0.228295093 0.0689999376
v 0.000400124438 -0.228295093 0.0717999254
v 0.000500021823 -0.228295093 0.071899942
v 0.000400124438 -0.23109508 0.0689999376
v 0.000500021823 -0.231195037 0.0689999376
v 0.000500021823 -0.231195037 0.0699480091
v 0.000500021823 -0.231195037 0.0709488903
v 0.000500021823 -0.231195037 0.071215323
v 0.000500021823 -0.231195037 0.0714782987
v 0.000500021823 -0.231195037 0.0715588842
v 0.000500021823 -0.23109508 0.068899921
v 0.000500021823 -0.228295093 0.068899921
v 0.000400124438 -0.228295093 0.0689999376
v 0.0103000983 -0.23109508 0.068899921
v 0.0101665839 -0.231195037 0.0689999376
v 0.0103000983 -0.231195037 0.0689999376
v 0.0103000983 -0.231195037 0.0699480091
v 0.00838070954 -0.231195037 0.0712732587
v 0.00831645573 -0.231195037 0.0712732587
v 0.00831645573 -0.231195037 0.071215323
v 0.0085983857 -0.231195037 0.0714777027
v 0.0086035117 -0.231195037 0.0714782987
v 0.00855427826 -0.231195037 0.0714782987
v 0.00815671528 -0.231195037 0.0711539302
v 0.0081774577 -0.231195037 0.0710983787
v 0.00825220192 -0.231195037 0.0710983787
v 0.00837391461 -0.231195037 0.071140698
v 0.0083944186 -0.231195037 0.071148685
v 0.0083944186 -0.231195037 0.071215323
v 0.00843459214 -0.231195037 0.0713313137
v 0.00840812767 -0.231195037 0.0713313137
v 0.0083944186 -0.231195037 0.0714782987
v 0.00848120297 -0.231195037 0.0714405094
v 0.00847810353 -0.231195037 0.0714524303
v 0.00847738827 -0.231195037 0.0714524303
v 0.00850683297 -0.231195037 0.071215323
v 0.00850683297 -0.231195037 0.0713667188
v 0.00847428883 -0.231195037 0.0714407478
v 0.00847619618 -0.231195037 0.0714475427
v 0.00854760254 -0.231195037 0.0713313137
v 0.00855427826 -0.231195037 0.071215323
v 0.00850683297 -0.231195037 0.071435145
v 0.00851911152 -0.231195037 0.0713313137
v 0.00850683297 -0.231195037 0.0714782987
v 0.00849145497 -0.231195037 0.0714782987
v 0.0084906205 -0.231195037 0.0714762722
v 0.00850683297 -0.231195037 0.0715119157
v 0.00850671376 -0.231195037 0.0715117965
v 0.00850182617 -0.231195037 0.0715027366
v 0.00855427826 -0.231195037 0.0715588842
v 0.00854235733 -0.231195037 0.0715429102
v 0.00854235733 -0.231195037 0.0715202604
v 0.00852793301 -0.231195037 0.0715231214
v 0.00852197254 -0.231195037 0.0715225254
v 0.00850683297 -0.231195037 0.071540526
v 0.00851636971 -0.231195037 0.071543983
v 0.00850683297 -0.231195037 0.0715588842
v 0.00852590645 -0.231195037 0.0715450559
v 0.00853484715 -0.231195037 0.0715444599
v 0.00851636971 -0.231195037 0.0715204988
v 0.00851148213 -0.231195037 0.071517161
v 0.00847405041 -0.231195037 0.0714985643
v 0.00848227585 -0.231195037 0.0715156112
v 0.0083944186 -0.231195037 0.0715588842
v 0.0084661826 -0.231195037 0.0714782987
v 0.00849324311 -0.231195037 0.0715305124
v 0.00849729622 -0.231195037 0.0715343271
v 0.00850623692 -0.231195037 0.0715402876
v 0.0087190255 -0.231195037 0.0714766298
v 0.00875001992 -0.231195037 0.0714782987
v 0.00869351471 -0.231195037 0.0714766298
v 0.0086471423 -0.231195037 0.0714782987
v 0.0087190255 -0.231195037 0.0714540992
v 0.00871962155 -0.231195037 0.0714540992
v 0.00872570122 -0.231195037 0.0714628015
v 0.00879043186 -0.231195037 0.071473888
v 0.00881928051 -0.231195037 0.0714782987
v 0.00878089512 -0.231195037 0.0714778219
v 0.00877815331 -0.231195037 0.0714782987
v 0.00880545224 -0.231195037 0.0714586292
v 0.00880867089 -0.231195037 0.0714501653
v 0.00881022061 -0.231195037 0.0714377676
v 0.00879996861 -0.231195037 0.0714073692
v 0.00879210079 -0.231195037 0.0714005743
v 0.0087960347 -0.231195037 0.071366242
v 0.00878125275 -0.231195037 0.0713950906
v 0.00877827252 -0.231195037 0.0713551555
v 0.00876206005 -0.231195037 0.0713903223
v 0.00876229847 -0.231195037 0.0713500295
v 0.00873392666 -0.231195037 0.0714706693
v 0.00873976792 -0.231195037 0.0714743648
v 0.00879770363 -0.231195037 0.0714686428
v 0.00880008782 -0.231195037 0.0714662586
v 0.00871163452 -0.231195037 0.0713373933
v 0.00865775193 -0.231195037 0.071361116
v 0.00872009838 -0.231195037 0.071332625
v 0.00865465248 -0.231195037 0.0713528906
v 0.0086497649 -0.231195037 0.0713460956
v 0.00881928051 -0.231195037 0.071215323
v 0.0088101014 -0.231195037 0.0714346681
v 0.00880855168 -0.231195037 0.0714237009
v 0.0087190255 -0.231195037 0.0713842426
v 0.00871974076 -0.231195037 0.0713737522
v 0.00872236336 -0.231195037 0.0713643346
v 0.00879102791 -0.231195037 0.0713385854
v 0.0087960347 -0.231195037 0.0713415657
v 0.0088049754 -0.231195037 0.071414641
v 0.00870472039 -0.231195037 0.0713438306
v 0.00869959439 -0.231195037 0.0713520561
v 0.00869554127 -0.231195037 0.0713635002
v 0.00877219284 -0.231195037 0.0713311945
v 0.0087459668 -0.231195037 0.0713279758
v 0.00873082722 -0.231195037 0.0713294063
v 0.00872522438 -0.231195037 0.0713589702
v 0.00872903908 -0.231195037 0.0713547979
v 0.00873344982 -0.231195037 0.0713518177
v 0.00873929108 -0.231195037 0.0713497911
v 0.00874835099 -0.231195037 0.0713487182
v 0.00865155304 -0.231195037 0.0713935409
v 0.00865501011 -0.231195037 0.0713879381
v 0.00869351471 -0.231195037 0.0713831697
v 0.00865775193 -0.231195037 0.0713801895
v 0.00865882481 -0.231195037 0.0713705335
v 0.00864738072 -0.231195037 0.0713978325
v 0.00865894402 -0.231195037 0.0714451585
v 0.0086471423 -0.231195037 0.0713980709
v 0.00864988411 -0.231195037 0.0714508806
v 0.0086471423 -0.231195037 0.0714519535
v 0.00881928051 -0.231195037 0.0715588842
v 0.00876408661 -0.231195037 0.0714800869
v 0.00876921261 -0.231195037 0.0714798484
v 0.0086471423 -0.231195037 0.0709488903
v 0.00870293225 -0.231195037 0.0709488903
v 0.00869709099 -0.231195037 0.0709493671
v 0.00867611016 -0.231195037 0.0709554468
v 0.00867611016 -0.231195037 0.0709828649
v 0.0086471423 -0.231195037 0.071215323
v 0.00879078949 -0.231195037 0.0710988556
v 0.00878089512 -0.231195037 0.0711125646
v 0.00877708042 -0.231195037 0.0711163793
v 0.00876372898 -0.231195037 0.0711257969
v 0.0087190255 -0.231195037 0.0711336647
v 0.00869601811 -0.231195037 0.0711293731
v 0.00867611016 -0.231195037 0.0711204324
v 0.00867611016 -0.231195037 0.0711455856
v 0.00867956723 -0.231195037 0.0711472545
v 0.00876670922 -0.231195037 0.0711522613
v 0.00878590191 -0.231195037 0.0711432014
v 0.00880235279 -0.231195037 0.0711296116
v 0.00880557144 -0.231195037 0.0711260353
v 0.00874930466 -0.231195037 0.0711315189
v 0.00872868145 -0.231195037 0.0711340223
v 0.00869899834 -0.231195037 0.070973805
v 0.00878208721 -0.231195037 0.0709963356
v 0.00867837513 -0.231195037 0.0709816728
v 0.00879162396 -0.231195037 0.0710107599
v 0.00879806126 -0.231195037 0.0710288797
v 0.00872403229 -0.231195037 0.0709708248
v 0.0087319001 -0.231195037 0.0709711824
v 0.00877946461 -0.231195037 0.0709934745
v 0.00874954308 -0.231195037 0.0709745203
v 0.00876563633 -0.231195037 0.0709819112
v 0.00880080307 -0.231195037 0.0710545097
v 0.00880068386 -0.231195037 0.0710621391
v 0.008797346 -0.231195037 0.0710824047
v 0.00870138253 -0.231195037 0.0711544071
v 0.00873237694 -0.231195037 0.0711573873
v 0.0087446555 -0.231195037 0.0711567913
v 0.00872355545 -0.231195037 0.0709471021
v 0.0086471423 -0.231195037 0.0699480091
v 0.00872427071 -0.231195037 0.0709471021
v 0.00881928051 -0.231195037 0.0699480091
v 0.0087382182 -0.231195037 0.0709488903
v 0.00881928051 -0.231195037 0.0709488903
v 0.00881379689 -0.231195037 0.0709963356
v 0.00879901493 -0.231195037 0.0709771429
v 0.00879436577 -0.231195037 0.0709726129
v 0.00877529229 -0.231195037 0.0709591423
v 0.00875419224 -0.231195037 0.0709507976
v 0.00881725395 -0.231195037 0.0711082731
v 0.00881928051 -0.231195037 0.071102551
v 0.00883143986 -0.231195037 0.071215323
v 0.00883143986 -0.231195037 0.0709488903
v 0.00882345284 -0.231195037 0.0710189853
v 0.00881928051 -0.231195037 0.0710093294
v 0.00882512177 -0.231195037 0.0710864578
v 0.00882845963 -0.231195037 0.0710561786
v 0.008828102 -0.231195037 0.071045569
v 0.00850683297 -0.231195037 0.0709488903
v 0.00855427826 -0.231195037 0.0709488903
v 0.00853067482 -0.231195037 0.0709505592
v 0.00855427826 -0.231195037 0.0709505592
v 0.00853067482 -0.231195037 0.0709739242
v 0.00852602566 -0.231195037 0.0711308036
v 0.00852602566 -0.231195037 0.0711539302
v 0.00860911454 -0.231195037 0.0709739242
v 0.00860911454 -0.231195037 0.0710390125
v 0.00855427826 -0.231195037 0.0709739242
v 0.00855427826 -0.231195037 0.0710390125
v 0.00853639687 -0.231195037 0.0710390125
v 0.00853639687 -0.231195037 0.0710623775
v 0.00855427826 -0.231195037 0.0711308036
v 0.00855427826 -0.231195037 0.0710623775
v 0.00860911454 -0.231195037 0.0711308036
v 0.00860911454 -0.231195037 0.0710623775
v 0.00863545979 -0.231195037 0.0709505592
v 0.00863545979 -0.231195037 0.0711539302
v 0.00855427826 -0.231195037 0.0711539302
v 0.00842958535 -0.231195037 0.0709505592
v 0.0083944186 -0.231195037 0.0709488903
v 0.00839704121 -0.231195037 0.0711497579
v 0.00843173111 -0.231195037 0.0711539302
v 0.00848764027 -0.231195037 0.0711539302
v 0.00848764027 -0.231195037 0.0709505592
v 0.00832265461 -0.231195037 0.0710624967
v 0.00832754219 -0.231195037 0.0710863386
v 0.00833755577 -0.231195037 0.0711074386
v 0.00835269535 -0.231195037 0.0711254392
v 0.00831645573 -0.231195037 0.0709488903
v 0.00832551564 -0.231195037 0.0710212503
v 0.00832205857 -0.231195037 0.0710496221
v 0.00835269535 -0.231195037 0.0709775005
v 0.00834578121 -0.231195037 0.0709841762
v 0.00833314503 -0.231195037 0.0710019384
v 0.00839859093 -0.231195037 0.0709540163
v 0.0083944186 -0.231195037 0.070955566
v 0.00837403382 -0.231195037 0.070962957
v 0.00812774742 -0.231195037 0.0711539302
v 0.00825220192 -0.231195037 0.071215323
v 0.00820523346 -0.231195037 0.0709505592
v 0.00825220192 -0.231195037 0.0709488903
v 0.00823324765 -0.231195037 0.0709505592
v 0.00825220192 -0.231195037 0.0710000311
v 0.00828176583 -0.231195037 0.0711539302
v 0.00831073368 -0.231195037 0.0711539302
v 0.0082622155 -0.231195037 0.0710983787
v 0.00865894402 -0.231195037 0.0714715038
v 0.0086471423 -0.231195037 0.0714756761
v 0.00864118183 -0.231195037 0.0714777027
v 0.00863593663 -0.231195037 0.0714782987
v 0.00861960495 -0.231195037 0.0714800869
v 0.0086471423 -0.231195037 0.0715588842
v 0.00853639687 -0.231195037 0.0715221677
v 0.00863641346 -0.231195037 0.0713358436
v 0.0086228236 -0.231195037 0.0713304792
v 0.00856941784 -0.231195037 0.0714130912
v 0.00856453026 -0.231195037 0.0714202438
v 0.00856786812 -0.231195037 0.0713592086
v 0.00864249314 -0.231195037 0.0713395391
v 0.0086471423 -0.231195037 0.0713437114
v 0.0086022004 -0.231195037 0.0713279758
v 0.00856190766 -0.231195037 0.071427754
v 0.00856083477 -0.231195037 0.0714370523
v 0.00856214608 -0.231195037 0.0714475427
v 0.00856536473 -0.231195037 0.0714555297
v 0.0085701331 -0.231195037 0.0714623247
v 0.00856786812 -0.231195037 0.0713344131
v 0.00858443821 -0.231195037 0.0713296447
v 0.00857728566 -0.231195037 0.0714685236
v 0.00858455742 -0.231195037 0.0714728151
v 0.00860470379 -0.231195037 0.0713487182
v 0.00861233319 -0.231195037 0.0713493143
v 0.00863259877 -0.231195037 0.0713682685
v 0.00861912812 -0.231195037 0.0713511024
v 0.00862485016 -0.231195037 0.0713540826
v 0.00863236035 -0.231195037 0.0713716064
v 0.00863128746 -0.231195037 0.0713756595
v 0.00862949932 -0.231195037 0.0713789974
v 0.00862699593 -0.231195037 0.0713817392
v 0.00861805523 -0.231195037 0.071387342
v 0.0085868224 -0.231195037 0.071350864
v 0.0086022004 -0.231195037 0.0713942562
v 0.00857251728 -0.231195037 0.0713564668
v 0.00859242523 -0.231195037 0.0713981901
v 0.00857549752 -0.231195037 0.0714076076
v 0.00862866486 -0.231195037 0.0713575397
v 0.00863081063 -0.231195037 0.0713607584
v 0.00863212193 -0.231195037 0.0713642154
v 0.00863391007 -0.231195037 0.0714571987
v 0.008620201 -0.231195037 0.0714127336
v 0.00863545979 -0.231195037 0.0714058195
v 0.00861710156 -0.231195037 0.0714592252
v 0.00861590946 -0.231195037 0.0714592252
v 0.0086035117 -0.231195037 0.071419767
v 0.00860291565 -0.231195037 0.0714577947
v 0.00858706082 -0.231195037 0.0714395557
v 0.00858729924 -0.231195037 0.0714364563
v 0.00859635914 -0.231195037 0.0714554105
v 0.00859397496 -0.231195037 0.07145398
v 0.00859111393 -0.231195037 0.0714513574
v 0.00858884896 -0.231195037 0.0714480196
v 0.00858753765 -0.231195037 0.0714444433
v 0.00858837212 -0.231195037 0.0714324031
v 0.00859039868 -0.231195037 0.0714290653
v 0.00859361733 -0.231195037 0.0714257274
v 0.00827592457 -0.231195037 0.0712732587
v 0.00827592457 -0.231195037 0.0712966238
v 0.00827139462 -0.231195037 0.071453384
v 0.00825220192 -0.231195037 0.0714782987
v 0.00827139462 -0.231195037 0.0714766298
v 0.00831645573 -0.231195037 0.0714782987
v 0.00835448349 -0.231195037 0.0712966238
v 0.00835448349 -0.231195037 0.071361712
v 0.00831645573 -0.231195037 0.0712966238
v 0.00831645573 -0.231195037 0.071361712
v 0.00828176583 -0.231195037 0.071361712
v 0.00828176583 -0.231195037 0.0713849578
v 0.00831645573 -0.231195037 0.071453384
v 0.00831645573 -0.231195037 0.0713849578
v 0.00835448349 -0.231195037 0.071453384
v 0.00835448349 -0.231195037 0.0713849578
v 0.00831645573 -0.231195037 0.0714766298
v 0.00838070954 -0.231195037 0.0714766298
v 0.00939625347 -0.231195037 0.0709279094
v 0.00936502064 -0.231195037 0.0709488903
v 0.00902730072 -0.231195037 0.0709488903
v 0.00933176125 -0.231195037 0.0709711824
v 0.00928419674 -0.231195037 0.0710261379
v 0.00912207211 -0.231195037 0.071215323
v 0.00902730072 -0.231195037 0.071215323
v 0.00913506592 -0.231195037 0.0711831365
v 0.00916462982 -0.231195037 0.0711420093
v 0.00920396889 -0.231195037 0.0711089883
v 0.00925367916 -0.231195037 0.0710853849
v 0.00924700344 -0.231195037 0.0710876499
v 0.00966673935 -0.231195037 0.0709306512
v 0.00960010136 -0.231195037 0.070904902
v 0.0101665839 -0.231195037 0.0699480091
v 0.00902730072 -0.231195037 0.0699480091
v 0.00952845658 -0.231195037 0.0708959613
v 0.00946885193 -0.231195037 0.0709022794
v 0.0101665839 -0.231195037 0.0709488903
v 0.00985592449 -0.231195037 0.0710201774
v 0.00979882325 -0.231195037 0.0710131441
v 0.0100327119 -0.231195037 0.0712338005
v 0.010029374 -0.231195037 0.071215323
v 0.0101665839 -0.231195037 0.071215323
v 0.0100230559 -0.231195037 0.071179441
v 0.0100000485 -0.231195037 0.0711273466
v 0.0099651202 -0.231195037 0.0710825239
v 0.00969618405 -0.231195037 0.0709488903
v 0.00970190609 -0.231195037 0.0709524665
v 0.00973588074 -0.231195037 0.0709815536
v 0.00978225315 -0.231195037 0.0710140977
v 0.00976556385 -0.231195037 0.0710160051
v 0.00995546425 -0.231195037 0.071073464
v 0.00990956868 -0.231195037 0.071041039
v 0.00985663975 -0.231195037 0.0714743648
v 0.00987511719 -0.231195037 0.0714688812
v 0.0101665839 -0.231195037 0.0714782987
v 0.00992733086 -0.231195037 0.0714433704
v 0.00997239197 -0.231195037 0.071404985
v 0.0100051745 -0.231195037 0.0713581358
v 0.0100260362 -0.231195037 0.0713043724
v 0.0100330695 -0.231195037 0.0712473903
v 0.00979274357 -0.231195037 0.0715530429
v 0.00982099617 -0.231195037 0.0715317045
v 0.0101665839 -0.231195037 0.0715588842
v 0.00984245385 -0.231195037 0.0715050016
v 0.00985485161 -0.231195037 0.0714782987
v 0.00971931065 -0.231195037 0.0715727125
v 0.0101665839 -0.231195037 0.0717999254
v 0.009685336 -0.231195037 0.0715686594
v 0.00902730072 -0.231195037 0.0717999254
v 0.00965922917 -0.231195037 0.0715588842
v 0.00972539032 -0.231195037 0.0715725933
v 0.00975948418 -0.231195037 0.0715672289
v 0.0097790345 -0.231195037 0.0715588842
v 0.0095838889 -0.231195037 0.0714782987
v 0.00960010136 -0.231195037 0.07150977
v 0.00902730072 -0.231195037 0.0715588842
v 0.00962406243 -0.231195037 0.0715367113
v 0.00965303028 -0.231195037 0.0715565
v 0.0096108302 -0.231195037 0.0713313137
v 0.0094171151 -0.231195037 0.0712299858
v 0.00963598336 -0.231195037 0.0713083063
v 0.00966662014 -0.231195037 0.0712918554
v 0.00939410771 -0.231195037 0.0714743648
v 0.0094042405 -0.231195037 0.0714686428
v 0.00958329285 -0.231195037 0.0714772258
v 0.00941258515 -0.231195037 0.071460775
v 0.00920086945 -0.231195037 0.0712639604
v 0.00920754517 -0.231195037 0.0712361847
v 0.00921875084 -0.231195037 0.071215323
v 0.00993853653 -0.231195037 0.071215323
v 0.00993007267 -0.231195037 0.0713016306
v 0.00991159523 -0.231195037 0.0713328634
v 0.00983875836 -0.231195037 0.071345738
v 0.00988536919 -0.231195037 0.0713592086
v 0.00985520924 -0.231195037 0.0713775669
v 0.00940650547 -0.231195037 0.0713979517
v 0.00939744557 -0.231195037 0.0713921104
v 0.00937229241 -0.231195037 0.0713066373
v 0.00938731278 -0.231195037 0.0713886533
v 0.00978499497 -0.231195037 0.0712981735
v 0.00981467808 -0.231195037 0.0713185583
v 0.0099419936 -0.231195037 0.0712445293
v 0.00994032467 -0.231195037 0.0712661062
v 0.00913518513 -0.231195037 0.071371964
v 0.00916403378 -0.231195037 0.0714122568
v 0.00902730072 -0.231195037 0.0714782987
v 0.00920325363 -0.231195037 0.071445397
v 0.00924736107 -0.231195037 0.0714670931
v 0.00911730374 -0.231195037 0.071227244
v 0.00911050881 -0.231195037 0.0712748085
v 0.00911706532 -0.231195037 0.0713261877
v 0.00937801445 -0.231195037 0.0713876997
v 0.00937658394 -0.231195037 0.0713876997
v 0.00937229241 -0.231195037 0.0713887725
v 0.00975304688 -0.231195037 0.0712861333
v 0.00971931065 -0.231195037 0.0712820802
v 0.00970154846 -0.231195037 0.0712831531
v 0.00929564083 -0.231195037 0.071477345
v 0.00938087548 -0.231195037 0.071477345
v 0.00938433255 -0.231195037 0.0714769874
v 0.00942283715 -0.231195037 0.0714325224
v 0.00942259873 -0.231195037 0.0714271579
v 0.00957470978 -0.231195037 0.0714136873
v 0.0094197377 -0.231195037 0.0714160715
v 0.00941425408 -0.231195037 0.0714061771
v 0.0094184264 -0.231195037 0.0714514766
v 0.00942188347 -0.231195037 0.0714415823
v 0.00957530583 -0.231195037 0.0714414631
v 0.00957470978 -0.231195037 0.0714281116
v 0.00922947968 -0.231195037 0.0713527713
v 0.00921362484 -0.231195037 0.0713301216
v 0.00920361126 -0.231195037 0.0713043724
v 0.00920015419 -0.231195037 0.0712763582
v 0.00936931217 -0.231195037 0.0713891302
v 0.00930434311 -0.231195037 0.0713891302
v 0.00927859391 -0.231195037 0.0713842426
v 0.00925308312 -0.231195037 0.0713724409
v 0.00923162545 -0.231195037 0.0713550363
v 0.00935631836 -0.231195037 0.071075729
v 0.00938910092 -0.231195037 0.0710369859
v 0.00972074116 -0.231195037 0.0711216245
v 0.00939172352 -0.231195037 0.0710346017
v 0.00943225468 -0.231195037 0.0710063491
v 0.00969856823 -0.231195037 0.0710756097
v 0.00973218525 -0.231195037 0.0711154256
v 0.00976461018 -0.231195037 0.0711038623
v 0.00922089661 -0.231195037 0.0712111507
v 0.00923794354 -0.231195037 0.0711921964
v 0.00931292618 -0.231195037 0.071163467
v 0.00926035488 -0.231195037 0.07117658
v 0.00928562725 -0.231195037 0.0711669241
v 0.00932448948 -0.231195037 0.071163467
v 0.00933378781 -0.231195037 0.0711222206
v 0.00979739273 -0.231195037 0.0710999284
v 0.00981074417 -0.231195037 0.0711005245
v 0.00993794049 -0.231195037 0.0712105547
v 0.00992578114 -0.231195037 0.0711781297
v 0.0096660241 -0.231195037 0.0710369859
v 0.00947767342 -0.231195037 0.0709888254
v 0.00962763871 -0.231195037 0.0710088525
v 0.00952702606 -0.231195037 0.0709827457
v 0.00958043183 -0.231195037 0.0709896598
v 0.00984650696 -0.231195037 0.0711085115
v 0.0098790511 -0.231195037 0.07112532
v 0.0099059924 -0.231195037 0.0711492811
v 0.00902730072 -0.231195037 0.0689999376
v 0.00883143986 -0.231195037 0.0689999376
v 0.00883143986 -0.231195037 0.0699480091
v 0.00881928051 -0.231195037 0.0689999376
v 0.0086471423 -0.231195037 0.0689999376
v 0.00855427826 -0.231195037 0.0689999376
v 0.00855427826 -0.231195037 0.0699480091
v 0.00850683297 -0.231195037 0.0689999376
v 0.00850683297 -0.231195037 0.0699480091
v 0.0083944186 -0.231195037 0.0689999376
v 0.0083944186 -0.231195037 0.0699480091
v 0.00831645573 -0.231195037 0.0689999376
v 0.00831645573 -0.231195037 0.0699480091
v 0.00825220192 -0.231195037 0.0689999376
v 0.00825220192 -0.231195037 0.0699480091
v 0.00891774739 -0.231195037 0.0709505592
v 0.00891774739 -0.231195037 0.0711308036
v 0.00883668507 -0.231195037 0.0711308036
v 0.00894397343 -0.231195037 0.0711539302
v 0.00894397343 -0.231195037 0.0709505592
v 0.00883668507 -0.231195037 0.0711539302
v 0.00802701557 -0.231195037 0.0714766298
v 0.00805610264 -0.231195037 0.0714766298
v 0.00806790436 -0.231195037 0.0713851963
v 0.00807291115 -0.231195037 0.0714089189
v 0.0079786166 -0.231195037 0.0712732587
v 0.00795048321 -0.231195037 0.0712732587
v 0.00806730831 -0.231195037 0.0713723217
v 0.00807088459 -0.231195037 0.0713438306
v 0.00787311638 -0.231195037 0.0714766298
v 0.00790208424 -0.231195037 0.0714766298
v 0.00792282666 -0.231195037 0.0714209591
v 0.00800746525 -0.231195037 0.0714209591
v 0.00808280552 -0.231195037 0.071430019
v 0.00809806431 -0.231195037 0.0714481388
v 0.00811916436 -0.231195037 0.0714632784
v 0.00823289002 -0.231195037 0.0712732587
v 0.00823289002 -0.231195037 0.0714766298
v 0.00817698086 -0.231195037 0.0714766298
v 0.00814229096 -0.231195037 0.0714723383
v 0.00809806431 -0.231195037 0.0713002
v 0.00809115017 -0.231195037 0.0713068758
v 0.00807851399 -0.231195037 0.0713245187
v 0.0081749543 -0.231195037 0.0712732587
v 0.00814384068 -0.231195037 0.0712765966
v 0.00811940277 -0.231195037 0.0712856565
v 0.0088345393 -0.231195037 0.071453384
v 0.0088345393 -0.231195037 0.0714766298
v 0.00883143986 -0.231195037 0.0714782987
v 0.00894397343 -0.231195037 0.0714766298
v 0.00883918846 -0.231195037 0.0712966238
v 0.00894397343 -0.231195037 0.0712732587
v 0.00883918846 -0.231195037 0.0712732587
v 0.00891774739 -0.231195037 0.0713849578
v 0.00891774739 -0.231195037 0.071453384
v 0.00884502972 -0.231195037 0.0713849578
v 0.00884502972 -0.231195037 0.071361712
v 0.00891774739 -0.231195037 0.071361712
v 0.00891774739 -0.231195037 0.0712966238
v 0.00831645573 -0.231195037 0.0715588842
v 0.00825220192 -0.231195037 0.0715588842
v 0.00883143986 -0.231195037 0.0715588842
v 0.00883143986 -0.231195037 0.0717999254
v 0.00881928051 -0.231195037 0.0717999254
v 0.0086471423 -0.231195037 0.0717999254
v 0.00855427826 -0.231195037 0.0717999254
v 0.00850683297 -0.231195037 0.0717999254
v 0.0083944186 -0.231195037 0.0717999254
v 0.00831645573 -0.231195037 0.0717999254
v 0.00825220192 -0.231195037 0.0717999254
v 0.0103000983 -0.231195037 0.0709488903
v 0.0103000983 -0.231195037 0.071215323
v 0.0103000983 -0.231195037 0.0714782987
v 0.0103000983 -0.231195037 0.0715588842
v 0.015934287 -0.237222497 0.0685511146
v 0.0159316644 -0.237237041 0.0685512338
v 0.0159341678 -0.237223093 0.0684727941
v 0.0159288033 -0.237251585 0.068551353
v 0.0159254655 -0.237269287 0.0685495649
v 0.0159241542 -0.237276022 0.0685488496
v 0.0159227237 -0.237283056 0.0685467039
v 0.0159340485 -0.23722363 0.0683943544
v 0.0159215316 -0.237288837 0.0685449157
v 0.0159210547 -0.237291162 0.068543366
v 0.0159170016 -0.23731101 0.0685306106
v 0.0159150943 -0.237320487 0.0685165439
v 0.015914379 -0.237323766 0.0685116563
v 0.0159136638 -0.237326865 0.0685045038
v 0.0159133061 -0.237329011 0.0684996162
v 0.0159131869 -0.237329369 0.0684967552
v 0.0159313067 -0.23723871 0.0683944736
v 0.0159124717 -0.237332706 0.068471602
v 0.0159130677 -0.237329667 0.0684474025
v 0.0159234389 -0.237279181 0.0683979307
v 0.0159131869 -0.23732913 0.068443111
v 0.0159135445 -0.2373277 0.0684395347
v 0.0159140214 -0.237325375 0.0684336935
v 0.015914379 -0.237323885 0.0684316669
v 0.0159229621 -0.237281923 0.0683982883
v 0.01592177 -0.237287765 0.0684010301
v 0.0159193858 -0.237299328 0.0684065138
v 0.0159170016 -0.237311308 0.0684141431
v 0.0159284457 -0.237253849 0.0683945928
v 0.0159267768 -0.237313335 0.0684141431
v 0.0159299954 -0.237297659 0.068404368
v 0.0159315451 -0.237289791 0.0684009109
v 0.0159327372 -0.237283831 0.0683982883
v 0.0159333333 -0.237281148 0.0683979307
v 0.0159382209 -0.237255697 0.0683945928
v 0.0159620627 -0.2370503 0.0685730491
v 0.0159719571 -0.237051671 0.0685730491
v 0.0159718379 -0.237052386 0.0684713636
v 0.0159619435 -0.237051015 0.0684713636
v 0.0159717187 -0.237053101 0.0683696781
v 0.0159618243 -0.23705173 0.0683696781
v 0.0159994944 -0.236791794 0.0684341703
v 0.0159894809 -0.236791079 0.0684341703
v 0.0159999713 -0.236785059 0.0684404884
v 0.0159899577 -0.236784523 0.0684406076
v 0.0159999713 -0.236784642 0.068440846
v 0.0159901961 -0.2367819 0.0684432302
v 0.0160002097 -0.236780827 0.0684454952
v 0.0159903153 -0.236780231 0.0684454952
v 0.0160003289 -0.236779814 0.0684468065
v 0.0159904345 -0.236778443 0.0684478794
v 0.0160004481 -0.2367788 0.0684489523
v 0.0159904345 -0.236778085 0.0684489523
v 0.0160004481 -0.236777549 0.0684516941
v 0.0159905537 -0.236776595 0.068452767
v 0.0160004481 -0.23677731 0.0684531246
v 0.0159905537 -0.236776595 0.0684531246
v 0.0160006865 -0.236775224 0.0684650455
v 0.015990673 -0.236774509 0.0684650455
v 0.0159983023 -0.236806993 0.0684764896
v 0.015988408 -0.236806219 0.0684764896
v 0.0159984216 -0.236805384 0.0684745823
v 0.0159885272 -0.236804728 0.0684747015
v 0.0159984216 -0.236805027 0.0684741054
v 0.0159885272 -0.236804252 0.0684741054
v 0.01599866 -0.236803179 0.0684713636
v 0.0159886464 -0.236802464 0.0684713636
v 0.01599866 -0.23680294 0.0684711252
v 0.0159886464 -0.236802225 0.0684711252
v 0.01599866 -0.236802464 0.0684696947
v 0.0159886464 -0.236801689 0.0684696947
v 0.01599866 -0.236802106 0.0684686218
v 0.0159887656 -0.236801331 0.0684686218
v 0.01599866 -0.236801987 0.0684675489
v 0.0159887656 -0.236801212 0.0684675489
v 0.0159987792 -0.23680151 0.068463019
v 0.0159887656 -0.236800735 0.068463019
v 0.0159961566 -0.236677175 0.0685527835
v 0.0159962758 -0.236675148 0.068553022
v 0.0160062894 -0.236675625 0.068553022
v 0.015995799 -0.2366854 0.068551353
v 0.0160058125 -0.236685877 0.0685512338
v 0.0159956797 -0.236688976 0.068550757
v 0.0160055741 -0.236690049 0.0685506378
v 0.0159955605 -0.236689692 0.0685505186
v 0.0160053357 -0.236694162 0.0685486112
v 0.0160049781 -0.236703401 0.0685413395
v 0.0159949645 -0.236702924 0.0685413395
v 0.0160055741 -0.236690228 0.0685505186
v 0.0160053357 -0.236694102 0.0685486112
v 0.0159954413 -0.236693685 0.0685486112
v 0.0159954413 -0.236693923 0.068548492
v 0.0160016402 -0.236759548 0.0682273422
v 0.0160016402 -0.236759667 0.0682148252
v 0.0160029515 -0.236740296 0.0682228122
v 0.0160062894 -0.23667485 0.0682473693
v 0.0160049781 -0.236702983 0.0682514225
v 0.0160047396 -0.236706917 0.0682280574
v 0.0160040244 -0.236720984 0.0682502304
v 0.0160035476 -0.236729329 0.0682257925
v 0.0160035476 -0.236730521 0.0682496343
v 0.0160033091 -0.236734216 0.0682253156
v 0.0160030707 -0.23673666 0.0682476078
v 0.0160016402 -0.236759489 0.0682399784
v 0.0160055741 -0.23668993 0.0682254348
v 0.0160058125 -0.236685162 0.0682247196
v 0.0160064086 -0.236671929 0.0682470117
v 0.016006051 -0.236679022 0.0682225738
v 0.016006647 -0.236665194 0.0682442699
v 0.0160062894 -0.236674671 0.0682210241
v 0.0160068854 -0.236658936 0.0682416473
v 0.0160064086 -0.236672645 0.0682194744
v 0.0160071238 -0.236653333 0.0682375942
v 0.0160078391 -0.236633067 0.0682231699
v 0.0160071238 -0.236654704 0.0682062421
v 0.0160073623 -0.236648982 0.0681973014
v 0.0160083159 -0.236617689 0.0681989704
v 0.0160074815 -0.236645286 0.0681914602
v 0.0160084351 -0.236615901 0.0681962286
v 0.0160076007 -0.236640816 0.0681814466
v 0.0160084351 -0.236613517 0.06818848
v 0.0160085543 -0.236610835 0.0681801353
v 0.0160077199 -0.236638432 0.0681762014
v 0.0160085543 -0.236609881 0.068171433
v 0.0160077199 -0.236638074 0.0681734596
v 0.0160086736 -0.236607437 0.0681494985
v 0.0160078391 -0.236635094 0.068148068
v 0.0160085543 -0.236611669 0.0681179081
v 0.0160077199 -0.236637001 0.0681314979
v 0.0160077199 -0.236637895 0.0681241069
v 0.0160085543 -0.236612086 0.0681146894
v 0.0160076007 -0.236640279 0.0681162391
v 0.0160084351 -0.236615305 0.0681065832
v 0.0160062894 -0.236675446 0.0680738006
v 0.0160067662 -0.236664062 0.0680517469
v 0.0160068854 -0.236661439 0.0680536543
v 0.0160083159 -0.236618524 0.0680987154
v 0.0160076007 -0.236642127 0.0681101595
v 0.0160081967 -0.23662359 0.0680912052
v 0.0160074815 -0.236643677 0.0681077753
v 0.0160077199 -0.236637478 0.068070582
v 0.0160070046 -0.236656969 0.0680871521
v 0.0160064086 -0.236671214 0.0680767809
v 0.0160064086 -0.236671572 0.0680488859
v 0.0160059317 -0.236681824 0.0680708204
v 0.016006051 -0.236678665 0.0680461441
v 0.0160058125 -0.236686354 0.0680687938
v 0.0160056933 -0.236686056 0.0680450712
v 0.0160055741 -0.236688976 0.068068317
v 0.0160045012 -0.23671258 0.0680412565
v 0.0160045012 -0.236712699 0.0680649791
v 0.0160030707 -0.236737196 0.0680430446
v 0.0160034283 -0.236730282 0.0680670057
v 0.0160030707 -0.236737614 0.0680678402
v 0.0160016402 -0.236760859 0.0680498396
v 0.0160028323 -0.236741667 0.0680695091
v 0.0160016402 -0.23676074 0.0680636678
v 0.0160016402 -0.236760621 0.0680773769
v 0.0105623587 -0.235622411 0.0638988529
v 0.0109142646 -0.235867207 0.0638988529
v 0.0105623587 -0.235622411 0.0638999258
v 0.0109142646 -0.235867207 0.0638999258
v 0.0105509147 -0.236497943 0.0638999258
v 0.0105509147 -0.236497943 0.0638988529
v 0.0105566367 -0.236542349 0.0638999258
v 0.0105617627 -0.236581867 0.0638988529
v 0.0105617627 -0.236581867 0.0638999258
v 0.0105846509 -0.236647193 0.0638988529
v 0.0105846509 -0.236647193 0.0638999258
v 0.010616599 -0.236697559 0.0638988529
v 0.010616599 -0.236697559 0.0638999258
v 0.0106577262 -0.236737792 0.0638988529
v 0.0106577262 -0.236737792 0.0638999258
v 0.0107126817 -0.236771171 0.0638988529
v 0.0107126817 -0.236771171 0.0638999258
v 0.0108005389 -0.236799662 0.0638988529
v 0.0108005389 -0.236799662 0.0638999258
v 0.0109142646 -0.236811643 0.0638988529
v 0.0109142646 -0.236811643 0.0638999258
v 0.0117402657 -0.238400106 0.0715998922
v 0.0117103442 -0.238327746 0.0715998922
v 0.0102159365 -0.239276235 0.0715998922
v 0.0117000922 -0.238250082 0.0715998922
v 0.00950616444 -0.238661115 0.0715998922
v 0.00983899678 -0.238994067 0.0715998922
v 0.0118500575 -0.235009913 0.0715998922
v 0.0119224175 -0.235039835 0.0715998922
v 0.00922399605 -0.238284175 0.0715998922
v 0.0117879495 -0.23496223 0.0715998922
v 0.00899833287 -0.237870936 0.0715998922
v 0.00883370484 -0.235570376 0.0715998922
v 0.00873368824 -0.236030464 0.0715998922
v 0.0117103442 -0.234827702 0.0715998922
v 0.0117402657 -0.234900062 0.0715998922
v 0.00899833287 -0.235129182 0.0715998922
v 0.0117000922 -0.234750097 0.0715998922
v 0.00922399605 -0.234715943 0.0715998922
v 0.00950616444 -0.234339063 0.0715998922
v 0.0117103442 -0.234672432 0.0715998922
v 0.00983899678 -0.234006112 0.0715998922
v 0.00870007122 -0.236500089 0.0715998922
v 0.00873368824 -0.236969714 0.0715998922
v 0.00883370484 -0.237429802 0.0715998922
v 0.012000142 -0.235050087 0.0715998922
v 0.0117103442 -0.238172417 0.0715998922
v 0.0102159365 -0.233723943 0.0715998922
v 0.0117402657 -0.234600072 0.0715998922
v 0.0106292352 -0.23349828 0.0715998922
v 0.0117879495 -0.234537964 0.0715998922
v 0.0110704287 -0.233333771 0.0715998922
v 0.0118500575 -0.23449028 0.0715998922
v 0.0115304574 -0.233233695 0.0715998922
v 0.0119224175 -0.234460299 0.0715998922
v 0.012000142 -0.233200078 0.0715998922
v 0.012000142 -0.234450107 0.0715998922
v 0.0124697074 -0.233233695 0.0715998922
v 0.0120777472 -0.234460299 0.0715998922
v 0.0129298552 -0.233333771 0.0715998922
v 0.0121501073 -0.23449028 0.0715998922
v 0.0133709296 -0.23349828 0.0715998922
v 0.0122122153 -0.234537964 0.0715998922
v 0.0137842282 -0.233723943 0.0715998922
v 0.012259899 -0.234600072 0.0715998922
v 0.014161168 -0.234006112 0.0715998922
v 0.0122898206 -0.234672432 0.0715998922
v 0.0144941195 -0.234339063 0.0715998922
v 0.0123000726 -0.234750097 0.0715998922
v 0.0147761687 -0.234715943 0.0715998922
v 0.0150018319 -0.235129182 0.0715998922
v 0.0122898206 -0.234827702 0.0715998922
v 0.0151664599 -0.235570376 0.0715998922
v 0.0152664765 -0.236030464 0.0715998922
v 0.012259899 -0.234900062 0.0715998922
v 0.0153000935 -0.236500089 0.0715998922
v 0.0117402657 -0.238100057 0.0715998922
v 0.0117879495 -0.238037949 0.0715998922
v 0.0118500575 -0.237990265 0.0715998922
v 0.0122122153 -0.23496223 0.0715998922
v 0.012259899 -0.238100057 0.0715998922
v 0.0152664765 -0.236969714 0.0715998922
v 0.0122898206 -0.238172417 0.0715998922
v 0.0123000726 -0.238250082 0.0715998922
v 0.0150018319 -0.237870936 0.0715998922
v 0.0151664599 -0.237429802 0.0715998922
v 0.0122898206 -0.238327746 0.0715998922
v 0.0144941195 -0.238661115 0.0715998922
v 0.0147761687 -0.238284175 0.0715998922
v 0.0119224175 -0.237960284 0.0715998922
v 0.012000142 -0.237950091 0.0715998922
v 0.0120777472 -0.235039835 0.0715998922
v 0.0120777472 -0.237960284 0.0715998922
v 0.0121501073 -0.237990265 0.0715998922
v 0.0121501073 -0.235009913 0.0715998922
v 0.0122122153 -0.238037949 0.0715998922
v 0.0117879495 -0.238462214 0.0715998922
v 0.0106292352 -0.239501839 0.0715998922
v 0.0118500575 -0.238509898 0.0715998922
v 0.0110704287 -0.239666407 0.0715998922
v 0.0119224175 -0.238539879 0.0715998922
v 0.0115304574 -0.239766483 0.0715998922
v 0.012000142 -0.238550072 0.0715998922
v 0.012000142 -0.2398001 0.0715998922
v 0.0120777472 -0.238539879 0.0715998922
v 0.0124697074 -0.239766483 0.0715998922
v 0.0121501073 -0.238509898 0.0715998922
v 0.0129298552 -0.239666407 0.0715998922
v 0.0122122153 -0.238462214 0.0715998922
v 0.0133709296 -0.239501839 0.0715998922
v 0.012259899 -0.238400106 0.0715998922
v 0.0137842282 -0.239276235 0.0715998922
v 0.014161168 -0.238994067 0.0715998922
v 0.0116379842 -0.240291839 0.0702090774
v 0.012000142 -0.240309124 0.0702090774
v 0.012000142 -0.240251486 0.0702666555
v 0.011643587 -0.240233605 0.0702678476
v 0.012000142 -0.240250592 0.0702678476
v 0.012000142 -0.240220611 0.0703149353
v 0.011646448 -0.240203803 0.0703149353
v 0.012000142 -0.240204637 0.0703595195
v 0.012000142 -0.240200107 0.0703999315
v 0.0116479977 -0.240187888 0.0703595195
v 0.0116483554 -0.240183299 0.0703999315
v 0.0112989529 -0.240137701 0.0703595195
v 0.0112999066 -0.240133231 0.0703999315
v 0.0109563454 -0.240054612 0.0703595195
v 0.0109576567 -0.240050201 0.0703999315
v 0.0106232747 -0.239939277 0.0703595195
v 0.0106249436 -0.239935045 0.0703999315
v 0.0103026017 -0.239792829 0.0703595195
v 0.0103046283 -0.239788775 0.0703999315
v 0.0099971875 -0.239616578 0.0703595195
v 0.0099996909 -0.239612703 0.0703999315
v 0.00971001232 -0.239412074 0.0703595195
v 0.00971287335 -0.239408498 0.0703999315
v 0.00944357956 -0.239181225 0.0703595195
v 0.00944679821 -0.239177887 0.0703999315
v 0.00920039261 -0.238926058 0.0703595195
v 0.00920384968 -0.238923078 0.0703999315
v 0.00898247803 -0.238648956 0.0703595195
v 0.00898617352 -0.238646274 0.0703999315
v 0.00879186238 -0.238352363 0.0703595195
v 0.00879579628 -0.238350098 0.0703999315
v 0.00863033379 -0.238039021 0.0703595195
v 0.00863450611 -0.238037114 0.0703999315
v 0.00849920357 -0.237711732 0.0703595195
v 0.00850361431 -0.237710242 0.0703999315
v 0.00839990223 -0.237373476 0.0703595195
v 0.00840443219 -0.237372403 0.0703999315
v 0.00833326424 -0.237027292 0.0703595195
v 0.00833779419 -0.237026637 0.0703999315
v 0.00829964722 -0.23667634 0.0703595195
v 0.00830429638 -0.236676161 0.0703999315
v 0.00829964722 -0.236323779 0.0703595195
v 0.00830429638 -0.236324017 0.0703999315
v 0.00833326424 -0.235972886 0.0703595195
v 0.00833779419 -0.235973542 0.0703999315
v 0.00839990223 -0.235626702 0.0703595195
v 0.00840443219 -0.235627775 0.0703999315
v 0.00849920357 -0.235288446 0.0703595195
v 0.00850361431 -0.235289936 0.0703999315
v 0.00863033379 -0.234961157 0.0703595195
v 0.00863450611 -0.234963064 0.0703999315
v 0.00879186238 -0.234647756 0.0703595195
v 0.00879579628 -0.23465008 0.0703999315
v 0.00898247803 -0.234351222 0.0703595195
v 0.00898617352 -0.234353845 0.0703999315
v 0.00920039261 -0.234074061 0.0703595195
v 0.00920384968 -0.234077101 0.0703999315
v 0.00944357956 -0.233818953 0.0703595195
v 0.00944679821 -0.233822291 0.0703999315
v 0.00971001232 -0.233588104 0.0703595195
v 0.00971287335 -0.23359168 0.0703999315
v 0.0099971875 -0.233383601 0.0703595195
v 0.0099996909 -0.233387415 0.0703999315
v 0.0103026017 -0.23320729 0.0703595195
v 0.0103046283 -0.233211403 0.0703999315
v 0.0106232747 -0.233060842 0.0703595195
v 0.0106249436 -0.233065133 0.0703999315
v 0.0109563454 -0.232945566 0.0703595195
v 0.0109576567 -0.232949977 0.0703999315
v 0.0112989529 -0.232862418 0.0703595195
v 0.0112999066 -0.232866948 0.0703999315
v 0.0116479977 -0.23281229 0.0703595195
v 0.0116483554 -0.23281682 0.0703999315
v 0.012000142 -0.232779508 0.0703149353
v 0.012000142 -0.232795482 0.0703595195
v 0.012000142 -0.232800071 0.0703999315
v 0.0112959727 -0.240153377 0.0703149353
v 0.0109519347 -0.240069931 0.0703149353
v 0.0106173142 -0.239954119 0.0703149353
v 0.0102952107 -0.239807014 0.0703149353
v 0.00998860443 -0.239629989 0.0703149353
v 0.00970023716 -0.239424651 0.0703149353
v 0.00943261231 -0.239192789 0.0703149353
v 0.00918823326 -0.238936548 0.0703149353
v 0.00896936501 -0.238658195 0.0703149353
v 0.0087780341 -0.23836035 0.0703149353
v 0.00861579026 -0.238045638 0.0703149353
v 0.0084841832 -0.237716978 0.0703149353
v 0.00838440502 -0.237377231 0.0703149353
v 0.0083174094 -0.237029557 0.0703149353
v 0.00828379238 -0.236677115 0.0703149353
v 0.00828379238 -0.236323063 0.0703149353
v 0.0083174094 -0.235970561 0.0703149353
v 0.00838440502 -0.235622947 0.0703149353
v 0.0084841832 -0.235283201 0.0703149353
v 0.00861579026 -0.234954481 0.0703149353
v 0.0087780341 -0.234639828 0.0703149353
v 0.00896936501 -0.234341924 0.0703149353
v 0.00918823326 -0.23406363 0.0703149353
v 0.00943261231 -0.23380739 0.0703149353
v 0.00970023716 -0.233575528 0.0703149353
v 0.00998860443 -0.23337013 0.0703149353
v 0.0102952107 -0.233193104 0.0703149353
v 0.0106173142 -0.23304606 0.0703149353
v 0.0109519347 -0.232930248 0.0703149353
v 0.0112959727 -0.232846742 0.0703149353
v 0.011646448 -0.232796376 0.0703149353
v 0.012000142 -0.232749586 0.0702678476
v 0.0112902507 -0.240182822 0.0702678476
v 0.0109434708 -0.24009866 0.0702678476
v 0.0106062278 -0.239981894 0.0702678476
v 0.0102815017 -0.239833658 0.0702678476
v 0.00997239197 -0.239655201 0.0702678476
v 0.00968164051 -0.239448194 0.0702678476
v 0.0094119891 -0.239214425 0.0702678476
v 0.00916570271 -0.238956158 0.0702678476
v 0.00894504631 -0.238675599 0.0702678476
v 0.00875204647 -0.238375311 0.0702678476
v 0.00858849133 -0.238058095 0.0702678476
v 0.00845581139 -0.237726753 0.0702678476
v 0.00835531796 -0.237384264 0.0702678476
v 0.00828772629 -0.237033849 0.0702678476
v 0.00825387085 -0.236678545 0.0702678476
v 0.00825387085 -0.236321633 0.0702678476
v 0.00828772629 -0.23596633 0.0702678476
v 0.00835531796 -0.235615854 0.0702678476
v 0.00845581139 -0.235273426 0.0702678476
v 0.00858849133 -0.234942083 0.0702678476
v 0.00875204647 -0.234624808 0.0702678476
v 0.00894504631 -0.234324579 0.0702678476
v 0.00916570271 -0.23404402 0.0702678476
v 0.0094119891 -0.233785694 0.0702678476
v 0.00968164051 -0.233551984 0.0702678476
v 0.00997239197 -0.233344977 0.0702678476
v 0.0102815017 -0.233166521 0.0702678476
v 0.0106062278 -0.233018224 0.0702678476
v 0.0109434708 -0.232901518 0.0702678476
v 0.0112902507 -0.232817357 0.0702678476
v 0.011643587 -0.232766573 0.0702678476
v 0.012000142 -0.232748692 0.0702666555
v 0.0116434678 -0.240234499 0.0702666555
v 0.0112901315 -0.240183656 0.0702666555
v 0.0109432324 -0.240099494 0.0702666555
v 0.0106058701 -0.239982729 0.0702666555
v 0.010281144 -0.239834433 0.0702666555
v 0.00997191513 -0.239655917 0.0702666555
v 0.00968116368 -0.23944885 0.0702666555
v 0.00941139305 -0.239215081 0.0702666555
v 0.00916498745 -0.238956695 0.0702666555
v 0.00894433106 -0.238676076 0.0702666555
v 0.00875133122 -0.238375788 0.0702666555
v 0.00858765686 -0.238058453 0.0702666555
v 0.00845497692 -0.237727051 0.0702666555
v 0.00835448349 -0.237384503 0.0702666555
v 0.00828689183 -0.237033968 0.0702666555
v 0.00825291718 -0.236678605 0.0702666555
v 0.00825291718 -0.236321573 0.0702666555
v 0.00828689183 -0.23596621 0.0702666555
v 0.00835448349 -0.235615675 0.0702666555
v 0.00845497692 -0.235273128 0.0702666555
v 0.00858765686 -0.234941726 0.0702666555
v 0.00875133122 -0.234624391 0.0702666555
v 0.00894433106 -0.234324043 0.0702666555
v 0.00916498745 -0.234043424 0.0702666555
v 0.00941139305 -0.233785098 0.0702666555
v 0.00968116368 -0.233551269 0.0702666555
v 0.00997191513 -0.233344202 0.0702666555
v 0.010281144 -0.233165746 0.0702666555
v 0.0106058701 -0.23301739 0.0702666555
v 0.0109432324 -0.232900684 0.0702666555
v 0.0112901315 -0.232816462 0.0702666555
v 0.0116434678 -0.232765679 0.0702666555
v 0.012000142 -0.232691054 0.0702090774
v 0.0116379842 -0.23270834 0.0702090774
v 0.0112792834 -0.232759898 0.0702090774
v 0.01092702 -0.232845371 0.0702090774
v 0.0105844125 -0.232963924 0.0702090774
v 0.0102546796 -0.233114486 0.0702090774
v 0.00994080151 -0.233295743 0.0702090774
v 0.0096455201 -0.233505969 0.0702090774
v 0.00937157715 -0.233743374 0.0702090774
v 0.00912147606 -0.234005694 0.0702090774
v 0.0088973626 -0.234290605 0.0702090774
v 0.00870138253 -0.234595542 0.0702090774
v 0.00853532399 -0.234917765 0.0702090774
v 0.00840061749 -0.235254292 0.0702090774
v 0.00829845513 -0.235602086 0.0702090774
v 0.00822979058 -0.235957985 0.0702090774
v 0.00819533909 -0.236318831 0.0702090774
v 0.00819533909 -0.236681347 0.0702090774
v 0.00822979058 -0.237042134 0.0702090774
v 0.00829845513 -0.237398093 0.0702090774
v 0.00840061749 -0.237745886 0.0702090774
v 0.00853532399 -0.238082414 0.0702090774
v 0.00870138253 -0.238404577 0.0702090774
v 0.0088973626 -0.238709514 0.0702090774
v 0.00912147606 -0.238994424 0.0702090774
v 0.00937157715 -0.239256804 0.0702090774
v 0.0096455201 -0.23949415 0.0702090774
v 0.00994080151 -0.239704435 0.0702090774
v 0.0102546796 -0.239885693 0.0702090774
v 0.0105844125 -0.240036254 0.0702090774
v 0.01092702 -0.240154808 0.0702090774
v 0.0112792834 -0.240240281 0.0702090774
v 0.012000142 -0.24039722 0.0701500688
v 0.0116296395 -0.240379577 0.0701500688
v 0.0112625941 -0.240326827 0.0701500688
v 0.0109021052 -0.240239387 0.0701500688
v 0.0105516299 -0.240118091 0.0701500688
v 0.0102142676 -0.239964013 0.0701500688
v 0.00989311779 -0.239778583 0.0701500688
v 0.00959104145 -0.23956347 0.0701500688
v 0.00931078041 -0.239320581 0.0701500688
v 0.00905483807 -0.239052181 0.0701500688
v 0.00882559861 -0.238760655 0.0701500688
v 0.00862508858 -0.238448625 0.0701500688
v 0.00845509613 -0.238119011 0.0701500688
v 0.00831729019 -0.237774734 0.0701500688
v 0.00821274365 -0.237418895 0.0701500688
v 0.00814264859 -0.23705471 0.0701500688
v 0.00810736264 -0.236685519 0.0701500688
v 0.00810736264 -0.236314659 0.0701500688
v 0.00814264859 -0.235945468 0.0701500688
v 0.00821274365 -0.235581284 0.0701500688
v 0.00831729019 -0.235225444 0.0701500688
v 0.00845509613 -0.234881167 0.0701500688
v 0.00862508858 -0.234551494 0.0701500688
v 0.00882559861 -0.234239523 0.0701500688
v 0.00905483807 -0.233947997 0.0701500688
v 0.00931078041 -0.233679597 0.0701500688
v 0.00959104145 -0.233436708 0.0701500688
v 0.00989311779 -0.233221595 0.0701500688
v 0.0102142676 -0.233036165 0.0701500688
v 0.0105516299 -0.232882087 0.0701500688
v 0.0109021052 -0.232760792 0.0701500688
v 0.0112625941 -0.232673352 0.0701500688
v 0.0116296395 -0.232620602 0.0701500688
v 0.012000142 -0.232602959 0.0701500688
v 0.0221896752 -0.199899976 0.0695517574
v 0.0221896752 -0.199800019 0.0695517574
v 0.022196947 -0.199899976 0.0695294653
v 0.022196947 -0.199800019 0.0695294653
v 0.0222188815 -0.199899976 0.0694996629
v 0.0222188815 -0.199800019 0.0694996629
v 0.0222479686 -0.199899976 0.0694773708
v 0.0222479686 -0.199800019 0.0694773708
v 0.021822153 -0.197967534 0.0738999162
v 0.0219392165 -0.197996383 0.0738999162
v 0.0219392165 -0.197003667 0.0738999162
v 0.0219995364 -0.198000019 0.0738999162
v 0.0219995364 -0.196999972 0.0738999162
v 0.0220597371 -0.197996383 0.0738999162
v 0.0220597371 -0.197003667 0.0738999162
v 0.0221768006 -0.197032516 0.0738999162
v 0.021822153 -0.197032516 0.0738999162
v 0.0217154607 -0.197088485 0.0738999162
v 0.0216252192 -0.197168415 0.0738999162
v 0.0215567931 -0.197267656 0.0738999162
v 0.021513997 -0.197380369 0.0738999162
v 0.0214994534 -0.197499995 0.0738999162
v 0.021513997 -0.197619681 0.0738999162
v 0.0215567931 -0.197732334 0.0738999162
v 0.0216252192 -0.197831576 0.0738999162
v 0.0217154607 -0.197911506 0.0738999162
v 0.0221768006 -0.197967534 0.0738999162
v 0.0222834929 -0.197911506 0.0738999162
v 0.0223737344 -0.197831576 0.0738999162
v 0.0224421605 -0.197732334 0.0738999162
v 0.0224849566 -0.197619681 0.0738999162
v 0.0224995002 -0.197499995 0.0738999162
v 0.0224849566 -0.197380369 0.0738999162
v 0.0224421605 -0.197267656 0.0738999162
v 0.0223737344 -0.197168415 0.0738999162
v 0.0222834929 -0.197088485 0.0738999162
v 0.0261427745 -0.195100014 0.0702695165
v 0.0261427745 -0.195199971 0.0702695165
v 0.0261761531 -0.195100014 0.0703034912
v 0.0261761531 -0.195199971 0.0703034912
v 0.0260928258 -0.195100014 0.0701503072
v 0.0260928258 -0.195199971 0.0701503072
v 0.0257760867 -0.195100014 0.0701503072
v 0.0257760867 -0.195199971 0.0701503072
v 0.0261928424 -0.195100014 0.0700481449
v 0.0261928424 -0.195199971 0.0700481449
v 0.0261761531 -0.195100014 0.0700992857
v 0.0261761531 -0.195199971 0.0700992857
v 0.0235595092 -0.195100014 0.0703715597
v 0.0235595092 -0.195199971 0.0703715597
v 0.0235428199 -0.195100014 0.0702695165
v 0.0235428199 -0.195199971 0.0702695165
v 0.0237311705 -0.199899976 0.0706358467
v 0.0237311705 -0.199800019 0.0706358467
v 0.0237520322 -0.199899976 0.0706784044
v 0.0237520322 -0.199800019 0.0706784044
v 0.0273261651 -0.195100014 0.0702354227
v 0.0273261651 -0.195100014 0.0701332603
v 0.0268928393 -0.195100014 0.0702354227
v 0.0268928393 -0.195100014 0.0701332603
v 0.0273928031 -0.195100014 0.0699120079
v 0.0273928031 -0.195100014 0.0698098455
v 0.0268928393 -0.195100014 0.0699120079
v 0.0267928227 -0.195100014 0.0698098455
v 0.0267928227 -0.195100014 0.070609859
v 0.0268928393 -0.195100014 0.070609859
v 0.022877036 -0.199899976 0.0703167234
v 0.0228561744 -0.199899976 0.0703592811
v 0.0227519854 -0.199899976 0.0703592811
v 0.0232936725 -0.199899976 0.0707421814
v 0.0233145341 -0.199899976 0.0706996236
v 0.0234186038 -0.199899976 0.0706996236
v 0.0232936725 -0.199899976 0.0703167234
v 0.0234186038 -0.199899976 0.0703167234
v 0.0233145341 -0.199899976 0.0703592811
v 0.0234186038 -0.199899976 0.0703592811
v 0.0232936725 -0.199899976 0.0704018388
v 0.0233769997 -0.199899976 0.0704443966
v 0.0232310876 -0.199899976 0.0704443966
v 0.0232936725 -0.199899976 0.0705081735
v 0.022877036 -0.199899976 0.0705507312
v 0.0229395017 -0.199899976 0.0706146274
v 0.0227935895 -0.199899976 0.0706146274
v 0.022877036 -0.199899976 0.0706570659
v 0.0227519854 -0.199899976 0.0706996236
v 0.0228561744 -0.199899976 0.0706996236
v 0.0227519854 -0.199899976 0.0707421814
v 0.022877036 -0.199899976 0.0707421814
v 0.0227935895 -0.199899976 0.0702741657
v 0.0228561744 -0.199899976 0.070231608
v 0.02291864 -0.199899976 0.0702953849
v 0.02291864 -0.199899976 0.0702102695
v 0.0230436906 -0.199899976 0.0702741657
v 0.0230436906 -0.199899976 0.0701890503
v 0.0231686219 -0.199899976 0.0702741657
v 0.0231686219 -0.199899976 0.0701890503
v 0.0232519492 -0.199899976 0.0702953849
v 0.0232936725 -0.199899976 0.0702102695
v 0.0233769997 -0.199899976 0.0702528272
v 0.0233769997 -0.199899976 0.0707847391
v 0.0233145341 -0.199899976 0.0708272968
v 0.0232519492 -0.199899976 0.0707635198
v 0.0232519492 -0.199899976 0.0708486353
v 0.0231270179 -0.199899976 0.0707847391
v 0.0231270179 -0.199899976 0.0708698545
v 0.0230019673 -0.199899976 0.0707847391
v 0.0230019673 -0.199899976 0.0708698545
v 0.02291864 -0.199899976 0.0707635198
v 0.022877036 -0.199899976 0.0708486353
v 0.0227935895 -0.199899976 0.0708060775
v 0.0268928393 -0.195199971 0.0702354227
v 0.0273261651 -0.195199971 0.0702354227
v 0.0273261651 -0.195199971 0.0701332603
v 0.0268928393 -0.195199971 0.0701332603
v 0.0262761697 -0.195100014 0.0699461017
v 0.0262761697 -0.195199971 0.0699461017
v 0.0262261018 -0.195100014 0.069877914
v 0.0262261018 -0.195199971 0.069877914
v 0.0261594638 -0.195100014 0.0698268924
v 0.0261594638 -0.195199971 0.0698268924
v 0.0246928319 -0.195199971 0.070337585
v 0.0246928319 -0.195100014 0.070337585
v 0.0246928319 -0.195199971 0.0700226341
v 0.0246928319 -0.195100014 0.0698098455
v 0.0246928319 -0.195199971 0.0698098455
v 0.0246761426 -0.195100014 0.0705588375
v 0.0246761426 -0.195199971 0.0705588375
v 0.0247427806 -0.195100014 0.070490769
v 0.0247427806 -0.195199971 0.070490769
v 0.0238594397 -0.195100014 0.0705928121
v 0.0238594397 -0.195199971 0.0705928121
v 0.023942767 -0.195100014 0.0705417905
v 0.023942767 -0.195199971 0.0705417905
v 0.0235261306 -0.195100014 0.0699290548
v 0.0235261306 -0.195199971 0.0699290548
v 0.0234928712 -0.195100014 0.0699971233
v 0.0234928712 -0.195199971 0.0699971233
v 0.0229094609 -0.195100014 0.0699120079
v 0.0229094609 -0.195199971 0.0699120079
v 0.0229927882 -0.195100014 0.0698949609
v 0.0229927882 -0.195199971 0.0698949609
v 0.0229760989 -0.195100014 0.0705247436
v 0.0229760989 -0.195199971 0.0705247436
v 0.0228927716 -0.195100014 0.0705078159
v 0.0228927716 -0.195199971 0.0705078159
v 0.0229595288 -0.195100014 0.070609859
v 0.0229595288 -0.195199971 0.070609859
v 0.0230928048 -0.195100014 0.070609859
v 0.0230928048 -0.195199971 0.070609859
v 0.0222261533 -0.195100014 0.070609859
v 0.0222261533 -0.195199971 0.070609859
v 0.0223261699 -0.195100014 0.070609859
v 0.0223261699 -0.195199971 0.070609859
v 0.0295994862 -0.198188012 0.0700797353
v 0.0292994365 -0.198188012 0.0700797353
v 0.0295994862 -0.196811979 0.0700797353
v 0.0292994365 -0.196811979 0.0700797353
v 0.022335349 -0.199899976 0.0701890503
v 0.022335349 -0.199800019 0.0701890503
v 0.0224602803 -0.199899976 0.0702102695
v 0.0224602803 -0.199800019 0.0702102695
v 0.0225436076 -0.199899976 0.0702528272
v 0.0225436076 -0.199800019 0.0702528272
v 0.0225853309 -0.199899976 0.0703167234
v 0.0225853309 -0.199800019 0.0703167234
v 0.0219603165 -0.199899976 0.0706146274
v 0.0219603165 -0.199800019 0.0706146274
v 0.0220436438 -0.199899976 0.0705507312
v 0.0220436438 -0.199800019 0.0705507312
v 0.0232936725 -0.199800019 0.0702102695
v 0.0233769997 -0.199800019 0.0702528272
v 0.0228561744 -0.199800019 0.0706996236
v 0.022877036 -0.199800019 0.0707421814
v 0.02291864 -0.199800019 0.0707635198
v 0.0232936725 -0.199800019 0.0707421814
v 0.0233145341 -0.199800019 0.0706996236
v 0.0227519854 -0.199800019 0.0707421814
v 0.0227519854 -0.199800019 0.0706996236
v 0.0235852584 -0.199899976 0.0708698545
v 0.0235852584 -0.199800019 0.0708698545
v 0.02360612 -0.199899976 0.0708060775
v 0.02360612 -0.199800019 0.0708060775
v 0.0236269816 -0.199899976 0.0706996236
v 0.0236269816 -0.199800019 0.0706996236
v 0.0241895303 -0.199899976 0.070231608
v 0.0241895303 -0.199800019 0.070231608
v 0.0242311343 -0.199899976 0.0702741657
v 0.0242311343 -0.199800019 0.0702741657
v 0.0241269454 -0.199899976 0.0703167234
v 0.0241269454 -0.199800019 0.0703167234
v 0.0240853413 -0.199899976 0.0702953849
v 0.0240853413 -0.199800019 0.0702953849
v 0.0237311705 -0.199899976 0.0703592811
v 0.0237311705 -0.199800019 0.0703592811
v 0.0237311705 -0.199899976 0.0704230581
v 0.0237311705 -0.199800019 0.0704230581
v 0.0241269454 -0.199899976 0.0708486353
v 0.0241269454 -0.199800019 0.0708486353
v 0.0240436181 -0.199899976 0.0708698545
v 0.0240436181 -0.199800019 0.0708698545
v 0.0250852689 -0.199899976 0.0701890503
v 0.0250852689 -0.199800019 0.0701890503
v 0.0251894578 -0.199899976 0.0701890503
v 0.0251894578 -0.199800019 0.0701890503
v 0.028249441 -0.197499995 0.0708998953
v 0.028249441 -0.197499995 0.071899942
v 0.0282132014 -0.197799151 0.071899942
v 0.0282132014 -0.197799151 0.0708998953
v 0.0281062707 -0.198080902 0.071899942
v 0.0281062707 -0.198080902 0.0708998953
v 0.0279350861 -0.198328917 0.071899942
v 0.0279350861 -0.198328917 0.0708998953
v 0.0277095422 -0.198528712 0.071899942
v 0.0277095422 -0.198528712 0.0708998953
v 0.0274427518 -0.198668783 0.071899942
v 0.0274427518 -0.198668783 0.0708998953
v 0.027150093 -0.198740904 0.071899942
v 0.027150093 -0.198740904 0.0708998953
v 0.0268488511 -0.198740904 0.071899942
v 0.0268488511 -0.198740904 0.0708998953
v 0.0265561923 -0.198668783 0.071899942
v 0.0265561923 -0.198668783 0.0708998953
v 0.0262894019 -0.198528712 0.071899942
v 0.0262894019 -0.198528712 0.0708998953
v 0.0260638579 -0.198328917 0.071899942
v 0.0260638579 -0.198328917 0.0708998953
v 0.0258926734 -0.198080902 0.071899942
v 0.0258926734 -0.198080902 0.0708998953
v 0.0257857426 -0.197799151 0.071899942
v 0.0257857426 -0.197799151 0.0708998953
v 0.025749503 -0.197499995 0.071899942
v 0.025749503 -0.197499995 0.0708998953
v 0.0202041253 -0.195857053 0.0625998293
v 0.0201994761 -0.195900028 0.0625998293
v 0.0201994761 -0.195900028 0.0684998546
v 0.0202041253 -0.195857053 0.0684998546
v 0.0202186688 -0.195814435 0.0684998546
v 0.0202186688 -0.195814435 0.0625998293
v 0.0202423915 -0.195776169 0.0684998546
v 0.0202423915 -0.195776169 0.0625998293
v 0.0202741011 -0.195744162 0.0684998546
v 0.0202741011 -0.195744162 0.0625998293
v 0.0203122481 -0.195720022 0.0684998546
v 0.0203122481 -0.195720022 0.0625998293
v 0.0203546866 -0.195705061 0.0684998546
v 0.0203546866 -0.195705061 0.0625998293
v 0.0203995093 -0.195699995 0.0684998546
v 0.0203995093 -0.195699995 0.0625998293
v 0.0279994592 -0.195199971 0.0710999284
v 0.0279994592 -0.195199971 0.0709220682
v 0.0279994592 -0.194899981 0.0710999284
v 0.0279994592 -0.194899981 0.0709220682
v 0.0201994761 -0.194899981 0.0710999284
v 0.0201994761 -0.194899981 0.0709220682
v 0.0201994761 -0.195199971 0.0710999284
v 0.0201994761 -0.195199971 0.0709220682
v 0.0193994626 -0.195699995 0.071899942
v 0.0193994626 -0.195699995 0.0712998424
v 0.0193994626 -0.199299996 0.071899942
v 0.0193994626 -0.199299996 0.0712998424
v 0.0248588904 -0.195247178 0.0719498907
v 0.0248588904 -0.195247178 0.071899942
v 0.0245447739 -0.195247178 0.0719498907
v 0.0245447739 -0.195247178 0.071899942
v 0.0240977391 -0.195518677 0.0719498907
v 0.0240977391 -0.195518677 0.071899942
v 0.0240493401 -0.195506339 0.0719498907
v 0.0240493401 -0.195506339 0.071899942
v 0.023988901 -0.195444648 0.0719498907
v 0.023988901 -0.195444648 0.071899942
v 0.0239768609 -0.195395296 0.0719498907
v 0.0239768609 -0.195395296 0.071899942
v 0.023988901 -0.195049708 0.0719498907
v 0.023988901 -0.195049708 0.071899942
v 0.0239406213 -0.19509912 0.0719498907
v 0.0239406213 -0.19509912 0.071899942
v 0.0239406213 -0.195506339 0.0719498907
v 0.0239406213 -0.195506339 0.071899942
v 0.023988901 -0.195555692 0.0719498907
v 0.023988901 -0.195555692 0.071899942
v 0.0240373 -0.195580368 0.0719498907
v 0.0240373 -0.195580368 0.071899942
v 0.0240977391 -0.195592706 0.0719498907
v 0.0240977391 -0.195592706 0.071899942
v 0.0243151769 -0.195555692 0.0719498907
v 0.0243151769 -0.195555692 0.071899942
v 0.0243635758 -0.195506339 0.0719498907
v 0.0243635758 -0.195506339 0.071899942
v 0.0233727082 -0.195012693 0.0719498907
v 0.0233727082 -0.195012693 0.071899942
v 0.0233727082 -0.195592706 0.0719498907
v 0.0233727082 -0.195592706 0.071899942
v 0.0234451875 -0.195518677 0.0719498907
v 0.0234451875 -0.195518677 0.071899942
v 0.0234451875 -0.195012693 0.0719498907
v 0.0234451875 -0.195012693 0.071899942
v 0.0259464368 -0.195444648 0.0719498907
v 0.0259464368 -0.195444648 0.071899942
v 0.0259947165 -0.195592706 0.0719498907
v 0.0259947165 -0.195592706 0.071899942
v 0.0259343966 -0.195395296 0.0719498907
v 0.0259343966 -0.195395296 0.071899942
v 0.0257168397 -0.195395296 0.0719498907
v 0.0257168397 -0.195395296 0.071899942
v 0.0253364428 -0.198188846 0.0625998293
v 0.0253227338 -0.198154573 0.0625998293
v 0.0254158362 -0.198118155 0.0624999319
v 0.02542883 -0.19815058 0.0624999319
v 0.0255859479 -0.19844449 0.0624999319
v 0.025502859 -0.198500042 0.0625998293
v 0.0257974252 -0.198702102 0.0624999319
v 0.025726734 -0.198772793 0.0625998293
v 0.0260550364 -0.198913519 0.0624999319
v 0.0259994849 -0.198996668 0.0625998293
v 0.0263488873 -0.199070578 0.0624999319
v 0.0263106212 -0.199162965 0.0625998293
v 0.0266677722 -0.199167316 0.0624999319
v 0.0266483411 -0.199265425 0.0625998293
v 0.0269995316 -0.199199979 0.0624999319
v 0.0269995316 -0.199299996 0.0625998293
v 0.0253692254 -0.196863656 0.0625498806
v 0.0253227338 -0.196845477 0.0625998293
v 0.0253364428 -0.196811144 0.0625998293
v 0.0254158362 -0.196881776 0.0624999319
v 0.02542883 -0.196849411 0.0624999319
v 0.025502859 -0.196499948 0.0625998293
v 0.0255859479 -0.19655556 0.0624999319
v 0.025726734 -0.196227198 0.0625998293
v 0.0257974252 -0.196297948 0.0624999319
v 0.0259994849 -0.196003382 0.0625998293
v 0.0260550364 -0.196086531 0.0624999319
v 0.0263106212 -0.195837026 0.0625998293
v 0.0263488873 -0.195929413 0.0624999319
v 0.0266483411 -0.195734565 0.0625998293
v 0.0266677722 -0.195832674 0.0624999319
v 0.0269995316 -0.195699995 0.0625998293
v 0.0269995316 -0.195800011 0.0624999319
v -0.0217407361 -0.173589354 0.113565734
v -0.0217505113 -0.173589354 0.11356788
v -0.0217320338 -0.173487906 0.11360412
v -0.0217416898 -0.173487906 0.113606385
v -0.0217228547 -0.173386519 0.113642505
v -0.0217325107 -0.173386519 0.113644889
v -0.0217488424 -0.173485522 0.113528422
v -0.0217586175 -0.173485522 0.113530568
v -0.0217494384 -0.173461323 0.113525442
v -0.0217592136 -0.173461323 0.113527587
v -0.0217495576 -0.173457091 0.113524846
v -0.0217593328 -0.173457866 0.11352723
v -0.0217499152 -0.173453455 0.113523415
v -0.0217596904 -0.173453455 0.113525442
v -0.0217503921 -0.173447673 0.11352115
v -0.0217601672 -0.173448269 0.113523534
v -0.0217507497 -0.173445587 0.1135196
v -0.0217605249 -0.173445587 0.113521627
v -0.0217533723 -0.173428063 0.113507083
v -0.0217631475 -0.173428063 0.11350911
v -0.0217706577 -0.173565094 0.113418273
v -0.021780552 -0.173565094 0.113420061
v -0.021768035 -0.173565214 0.113432816
v -0.0217778102 -0.173565214 0.113434604
v -0.0217652932 -0.173565333 0.11344736
v -0.0217750684 -0.173565333 0.113449148
v -0.0217652932 -0.173588519 0.11344736
v -0.0217607633 -0.173585837 0.113470129
v -0.0217750684 -0.173588519 0.113449148
v -0.0217706577 -0.173585777 0.113472036
v -0.0217687503 -0.173584585 0.113481692
v -0.0217590943 -0.173584824 0.113478592
v -0.0217669622 -0.173581784 0.113490394
v -0.021757187 -0.173581665 0.113488368
v -0.0217652932 -0.173578982 0.113498739
v -0.0217555181 -0.173578982 0.113496712
v -0.0217646972 -0.173577194 0.113501481
v -0.021754922 -0.173577194 0.113499454
v -0.0217495576 -0.173560564 0.113524965
v -0.0217593328 -0.173560564 0.113526991
v -0.0217818633 -0.173587804 0.113354376
v -0.0217917577 -0.173587804 0.113355926
v -0.0217905656 -0.173587446 0.113300255
v -0.02180046 -0.173587446 0.113301805
v -0.0217984334 -0.173587029 0.113246015
v -0.0218083278 -0.173587029 0.113247446
v -0.0218307391 -0.173584645 0.112909368
v -0.0218407527 -0.173584645 0.112909964
v -0.0218407527 -0.173573439 0.112909964
v -0.0218307391 -0.173573439 0.112909487
v -0.0218407527 -0.173562233 0.112910083
v -0.0218307391 -0.173562233 0.112909487
v -0.0218452827 -0.173572247 0.112794093
v -0.0218452827 -0.173560684 0.112794093
v -0.0218461171 -0.173560386 0.112752489
v -0.0218464748 -0.173560088 0.112710885
v -0.0218464748 -0.173583095 0.11268442
v -0.0218462363 -0.173583453 0.112739137
v -0.0218452827 -0.17358387 0.112793974
v -0.0218464748 -0.173525875 0.112711123
v -0.0218464748 -0.173491662 0.112711361
v -0.0218464748 -0.173379664 0.112685731
v -0.0218455211 -0.173480515 0.112784318
v -0.0218455211 -0.173468893 0.112784318
v -0.0218461171 -0.173468595 0.112747959
v -0.0218455211 -0.173492198 0.112784198
v -0.0218461171 -0.1734919 0.11274772
v -0.0218464748 -0.173468356 0.112711481
v -0.0218454019 -0.173392122 0.112790636
v -0.0218454019 -0.173380439 0.112790755
v -0.0218462363 -0.173380082 0.112738303
v -0.0218464748 -0.173435812 0.112711719
v -0.0218464748 -0.173403268 0.112711958
v -0.0218461171 -0.173403566 0.112751297
v -0.0218454019 -0.173403804 0.112790636
v -0.0218352691 -0.173560684 0.112793854
v -0.0218352691 -0.173572247 0.112793854
v -0.0218352691 -0.17358387 0.112793735
v -0.0218279973 -0.173063819 0.112955979
v -0.0218380109 -0.173063819 0.112956575
v -0.0218380109 -0.173077588 0.112956456
v -0.0218279973 -0.173077588 0.11295586
v -0.0218380109 -0.173091297 0.112956337
v -0.0218279973 -0.173091297 0.112955741
v -0.0218333617 -0.173101072 0.112852267
v -0.0218327657 -0.173090761 0.112866572
v -0.0218433753 -0.173101072 0.112852744
v -0.0218427793 -0.173090761 0.11286693
v -0.0218426601 -0.173087721 0.112871221
v -0.0218326465 -0.1730879 0.112870506
v -0.0218423024 -0.1730848 0.112877539
v -0.0218324081 -0.1730848 0.112877182
v -0.0218421832 -0.173082714 0.112882069
v -0.0218321696 -0.173082714 0.112881712
v -0.021842064 -0.173082297 0.112884692
v -0.0218320504 -0.173082297 0.112884215
v -0.0218308583 -0.173078899 0.112907938
v -0.0218408719 -0.173078899 0.112908414
v -0.0218452827 -0.173249607 0.112794212
v -0.0218452827 -0.173237984 0.112794331
v -0.0218459979 -0.173237686 0.112753681
v -0.0218464748 -0.173237448 0.11271303
v -0.0218464748 -0.173260455 0.112686566
v -0.0218462363 -0.173260813 0.112740329
v -0.0218452827 -0.17326117 0.112794093
v -0.0218464748 -0.173147325 0.112713746
v -0.0218464748 -0.173057203 0.112714342
v -0.0218464748 -0.173057144 0.112701229
v -0.0218464748 -0.17315871 0.112687281
v -0.0218464748 -0.173057024 0.112687996
v -0.0218364612 -0.173237448 0.11271303
v -0.0218361036 -0.173237686 0.112753562
v -0.0218352691 -0.173237984 0.112794093
v -0.0170987264 -0.168912833 0.112269572
v -0.0170987264 -0.168912833 0.112173966
v -0.0170987264 -0.168913846 0.112269572
v -0.0170987264 -0.168913846 0.112173966
v -0.0171177999 -0.168912833 0.11267846
v -0.0171177999 -0.168913846 0.11267846
v -0.0171169654 -0.168913846 0.112690142
v -0.0171169654 -0.168912833 0.112690142
v -0.0171082631 -0.168913846 0.112739256
v -0.0170997993 -0.168912833 0.112787179
v -0.0170997993 -0.168913846 0.112787179
v -0.0170735732 -0.168913846 0.112848571
v -0.0170735732 -0.168912833 0.112848571
v -0.0170322076 -0.168913846 0.112904123
v -0.0170322076 -0.168912833 0.112904123
v -0.0170021669 -0.168913846 0.112930826
v -0.0170021669 -0.168912833 0.112930826
v -0.0169406549 -0.168913846 0.112967423
v -0.0169406549 -0.168912833 0.112967423
v -0.0168591157 -0.168913846 0.112993768
v -0.0168591157 -0.168912833 0.112993768
v -0.0167506353 -0.168913846 0.113007358
v -0.0167506353 -0.168912833 0.113007358
v -0.0182703153 -0.16911382 0.108721665
v -0.0185934917 -0.16911382 0.108768157
v -0.0185921804 -0.169062083 0.108774832
v -0.0187926904 -0.16911382 0.108816436
v -0.0189633981 -0.16911382 0.108857802
v -0.0189614907 -0.169062083 0.108864358
v -0.0192995683 -0.16911382 0.108974269
v -0.0193231717 -0.16911382 0.108982376
v -0.0193205491 -0.169062083 0.108988694
v -0.019778432 -0.16911382 0.10920339
v -0.0199990884 -0.16911382 0.109330824
v -0.0199953929 -0.169062083 0.109336546
v -0.0206291095 -0.16911382 0.109834841
v -0.0208594218 -0.16911382 0.110076359
v -0.0208542958 -0.169062083 0.110080889
v -0.0209816114 -0.16911382 0.110231808
v -0.021094741 -0.16911382 0.110375575
v -0.0210892574 -0.169062083 0.110379509
v -0.0215190068 -0.16911382 0.111144236
v -0.02161652 -0.16911382 0.111387542
v -0.0216100827 -0.169062083 0.111389807
v -0.0217995063 -0.16911382 0.11216586
v -0.0218319312 -0.16911382 0.112505487
v -0.0218251363 -0.169062083 0.112505845
v -0.0218319312 -0.16911382 0.112695864
v -0.0218319312 -0.16911382 0.112886122
v -0.0218251363 -0.169062083 0.112885884
v -0.0216923371 -0.16911382 0.113745621
v -0.02161652 -0.16911382 0.114004067
v -0.0216100827 -0.169062083 0.114001921
v -0.0212832109 -0.16911382 0.114722899
v -0.021094741 -0.16911382 0.115016035
v -0.0210892574 -0.169062083 0.115012101
v -0.0209816114 -0.16911382 0.11515992
v -0.0208594218 -0.16911382 0.11531525
v -0.0208542958 -0.169062083 0.115310839
v -0.0202245132 -0.16911382 0.115900329
v -0.0199990884 -0.16911382 0.116060904
v -0.0199953929 -0.169062083 0.116055063
v -0.0192995683 -0.16911382 0.116417459
v -0.0189633981 -0.16911382 0.116533807
v -0.0189614907 -0.169062083 0.116527251
v -0.0187926904 -0.16911382 0.116575173
v -0.0185934917 -0.16911382 0.116623572
v -0.0185921804 -0.169062083 0.116616896
v -0.0187291518 -0.168913846 0.109006575
v -0.0185555831 -0.168913846 0.108964494
v -0.0185654775 -0.168920641 0.108913711
v -0.0214881316 -0.168913846 0.111659459
v -0.0214274541 -0.168913846 0.111452988
v -0.0214764491 -0.168920641 0.11143606
v -0.0216100827 -0.168913846 0.112284354
v -0.0215978042 -0.168913846 0.112155012
v -0.0216490642 -0.168920641 0.112147621
v -0.0216169969 -0.168913846 0.113035372
v -0.0216321365 -0.168913846 0.112876586
v -0.0216838733 -0.168920641 0.112879089
v -0.020958604 -0.168913846 0.114861897
v -0.0211274043 -0.168913846 0.114595822
v -0.021172227 -0.168920641 0.11462169
v -0.0206288711 -0.168913846 0.115267566
v -0.0207082645 -0.168913846 0.115184358
v -0.0207474843 -0.168920641 0.115218214
v -0.0198244468 -0.168913846 0.115930966
v -0.0198909656 -0.168913846 0.115892581
v -0.0199188605 -0.168920641 0.115936092
v -0.0188698188 -0.168913846 0.11635094
v -0.0189070121 -0.168913846 0.11634188
v -0.0189216748 -0.168920641 0.116391591
v -0.0185555831 -0.168913846 0.116427115
v -0.0195776836 -0.168913846 0.116073421
v -0.0204587594 -0.168913846 0.115446023
v -0.0216490642 -0.168920641 0.113243989
v -0.0215978042 -0.168913846 0.113236598
v -0.0216081754 -0.168913846 0.113128356
v -0.0216155664 -0.168913846 0.112341455
v -0.0181977168 -0.168913846 0.116478613
v -0.0183576957 -0.168913846 0.116455606
v -0.0182026044 -0.168920641 0.116530112
v -0.0185654775 -0.168920641 0.116478017
v -0.0182071344 -0.168940668 0.116578153
v -0.0185745374 -0.168940668 0.116525343
v -0.0182110683 -0.168972437 0.1166194
v -0.0185824052 -0.168972437 0.116565994
v -0.0182141677 -0.169013863 0.11665099
v -0.0185883657 -0.169013863 0.116597227
v -0.0182160751 -0.169062083 0.116670898
v -0.0193609611 -0.168913846 0.116172484
v -0.0196014062 -0.168920641 0.116119436
v -0.0196235791 -0.168940668 0.116162232
v -0.0199449674 -0.168940668 0.115976742
v -0.0196425334 -0.168972437 0.116199068
v -0.0199673787 -0.168972437 0.116011551
v -0.0196570769 -0.169013863 0.11622732
v -0.0199845449 -0.169013863 0.116038254
v -0.0196662561 -0.169062083 0.116245082
v -0.0202496663 -0.168913846 0.115627221
v -0.0204945222 -0.168920641 0.115483454
v -0.0205277816 -0.168940668 0.115518383
v -0.0207838432 -0.168940668 0.115249804
v -0.0205563918 -0.168972437 0.115548423
v -0.0208151952 -0.168972437 0.115276865
v -0.0205783263 -0.169013863 0.115571431
v -0.0208392755 -0.169013863 0.115297726
v -0.0205920354 -0.169062083 0.115585855
v -0.0212931052 -0.168913846 0.114274434
v -0.0214274541 -0.168913846 0.11393874
v -0.0213401929 -0.168920641 0.114295891
v -0.0214764491 -0.168920641 0.113955668
v -0.0213840619 -0.168940668 0.114315919
v -0.0215219871 -0.168940668 0.113971404
v -0.0214217321 -0.168972437 0.114333204
v -0.0215610877 -0.168972437 0.113984994
v -0.0214505807 -0.169013863 0.114346317
v -0.0215911285 -0.169013863 0.113995365
v -0.0214688197 -0.169062083 0.114354662
v -0.0216967479 -0.168940668 0.113250903
v -0.0217320338 -0.168940668 0.112881354
v -0.0217377559 -0.168972437 0.113256744
v -0.0217733995 -0.168972437 0.11288338
v -0.0217692271 -0.169013863 0.113261274
v -0.0218052283 -0.169013863 0.11288493
v -0.0217890159 -0.169062083 0.113264135
v -0.021529378 -0.168913846 0.111800006
v -0.0215796844 -0.168920641 0.111787728
v -0.0216265336 -0.168940668 0.111776403
v -0.0215219871 -0.168940668 0.111420325
v -0.0216668264 -0.168972437 0.111766628
v -0.0215610877 -0.168972437 0.111406735
v -0.0216977016 -0.169013863 0.111759118
v -0.0215911285 -0.169013863 0.111396364
v -0.0217171327 -0.169062083 0.111754349
v -0.0211274043 -0.168913846 0.110795787
v -0.0209319011 -0.168913846 0.110491565
v -0.021172227 -0.168920641 0.110769919
v -0.020973982 -0.168920641 0.110461644
v -0.0212139503 -0.168940668 0.110745839
v -0.021013321 -0.168940668 0.11043363
v -0.0212498323 -0.168972437 0.110725096
v -0.0210470573 -0.168972437 0.110409549
v -0.0212773696 -0.169013863 0.110709241
v -0.0210729257 -0.169013863 0.110391191
v -0.021294655 -0.169062083 0.110699228
v -0.0201855317 -0.168913846 0.109708837
v -0.0198909656 -0.168913846 0.109499029
v -0.0202174798 -0.168920641 0.109668187
v -0.0199188605 -0.168920641 0.109455517
v -0.0202472821 -0.168940668 0.109630278
v -0.0199449674 -0.168940668 0.109414986
v -0.0202729121 -0.168972437 0.109597615
v -0.0199673787 -0.168972437 0.109380058
v -0.0202925817 -0.169013863 0.1095727
v -0.0199845449 -0.169013863 0.109353355
v -0.0203048602 -0.169062083 0.109556964
v -0.0178365127 -0.168913846 0.11649578
v -0.0178365127 -0.168920641 0.116547636
v -0.0178365127 -0.168940668 0.116595796
v -0.0178365127 -0.168972437 0.116637281
v -0.0178365127 -0.169013863 0.116668991
v -0.0178365127 -0.169062083 0.116689018
v -0.0178365127 -0.16911382 0.116695813
v -0.0182166711 -0.16911382 0.116677693
v -0.0182703153 -0.16911382 0.116670064
v -0.0189558879 -0.169013863 0.116508058
v -0.0189469472 -0.168972437 0.116477541
v -0.0189352647 -0.168940668 0.116437844
v -0.0193231717 -0.16911382 0.116409353
v -0.0193205491 -0.169062083 0.116403035
v -0.0193131581 -0.169013863 0.116384438
v -0.0193013564 -0.168972437 0.116354874
v -0.0192859784 -0.168940668 0.116316489
v -0.0192679778 -0.168920641 0.116271666
v -0.0192487851 -0.168913846 0.116223625
v -0.0196693555 -0.16911382 0.116251162
v -0.019778432 -0.16911382 0.11618822
v -0.0203091518 -0.16911382 0.115840009
v -0.0203048602 -0.169062083 0.115834645
v -0.0202925817 -0.169013863 0.115819028
v -0.0202729121 -0.168972437 0.115793994
v -0.0202472821 -0.168940668 0.11576145
v -0.0202174798 -0.168920641 0.115723542
v -0.0201855317 -0.168913846 0.115682891
v -0.0205968038 -0.16911382 0.115590743
v -0.0206291095 -0.16911382 0.115556887
v -0.0210729257 -0.169013863 0.115000537
v -0.0210470573 -0.168972437 0.11498206
v -0.021013321 -0.168940668 0.114958099
v -0.020973982 -0.168920641 0.114930085
v -0.0209319011 -0.168913846 0.114900044
v -0.0213006154 -0.16911382 0.114695839
v -0.021294655 -0.169062083 0.114692381
v -0.0212773696 -0.169013863 0.114682487
v -0.0212498323 -0.168972437 0.114666513
v -0.0212139503 -0.168940668 0.11464589
v -0.0214750186 -0.16911382 0.114357523
v -0.0215190068 -0.16911382 0.114247373
v -0.0217236892 -0.16911382 0.11363881
v -0.0217171327 -0.169062083 0.11363726
v -0.0216977016 -0.169013863 0.113632492
v -0.0216668264 -0.168972437 0.113625101
v -0.0216265336 -0.168940668 0.113615326
v -0.0215796844 -0.168920641 0.113603881
v -0.021529378 -0.168913846 0.113591722
v -0.0217958108 -0.16911382 0.113265089
v -0.0217995063 -0.16911382 0.11322575
v -0.0216321365 -0.168913846 0.112515024
v -0.0216838733 -0.168920641 0.11251252
v -0.0217320338 -0.168940668 0.112510255
v -0.0217733995 -0.168972437 0.112508348
v -0.0218052283 -0.169013863 0.112506798
v -0.0217958108 -0.16911382 0.112126521
v -0.0217890159 -0.169062083 0.112127594
v -0.0217692271 -0.169013863 0.112130335
v -0.0217377559 -0.168972437 0.112134865
v -0.0216967479 -0.168940668 0.112140826
v -0.0217236892 -0.16911382 0.1117528
v -0.0216923371 -0.16911382 0.111646107
v -0.0214750186 -0.16911382 0.111034206
v -0.0214688197 -0.169062083 0.111036948
v -0.0214505807 -0.169013863 0.111045292
v -0.0214217321 -0.168972437 0.111058525
v -0.0213840619 -0.168940668 0.111075691
v -0.0213401929 -0.168920641 0.111095718
v -0.0212931052 -0.168913846 0.111117295
v -0.0213006154 -0.16911382 0.11069589
v -0.0212832109 -0.16911382 0.11066871
v -0.0207082645 -0.168913846 0.11020737
v -0.0207474843 -0.168920641 0.110173515
v -0.0207838432 -0.168940668 0.110141924
v -0.0208151952 -0.168972437 0.110114745
v -0.0208392755 -0.169013863 0.110093883
v -0.0205968038 -0.16911382 0.109800867
v -0.0205920354 -0.169062083 0.109805873
v -0.0205783263 -0.169013863 0.109820298
v -0.0205563918 -0.168972437 0.109843305
v -0.0205277816 -0.168940668 0.109873227
v -0.0204945222 -0.168920641 0.109908155
v -0.0204587594 -0.168913846 0.109945587
v -0.0203091518 -0.16911382 0.1095516
v -0.0202245132 -0.16911382 0.10949128
v -0.0196693555 -0.16911382 0.109140447
v -0.0196662561 -0.169062083 0.109146527
v -0.0196570769 -0.169013863 0.109164289
v -0.0196425334 -0.168972437 0.109192542
v -0.0196235791 -0.168940668 0.109229377
v -0.0196014062 -0.168920641 0.109272293
v -0.0195776836 -0.168913846 0.109318307
v -0.0192487851 -0.168913846 0.109167985
v -0.0192679778 -0.168920641 0.109119943
v -0.0192859784 -0.168940668 0.10907524
v -0.0193013564 -0.168972437 0.109036735
v -0.0193131581 -0.169013863 0.10900729
v -0.0189558879 -0.169013863 0.108883551
v -0.0189469472 -0.168972437 0.108914069
v -0.0189352647 -0.168940668 0.108953765
v -0.0189216748 -0.168920641 0.109000138
v -0.0189070121 -0.168913846 0.109049729
v -0.0185745374 -0.168940668 0.108866266
v -0.0185824052 -0.168972437 0.108825615
v -0.0185883657 -0.169013863 0.108794383
v -0.0182166711 -0.16911382 0.108713916
v -0.0182160751 -0.169062083 0.108720711
v -0.0182141677 -0.169013863 0.108740619
v -0.0182110683 -0.168972437 0.10877221
v -0.0182071344 -0.168940668 0.108813456
v -0.0182026044 -0.168920641 0.108861497
v -0.0181977168 -0.168913846 0.108912996
v -0.0178365127 -0.168913846 0.10889583
v -0.0178365127 -0.168920641 0.108844093
v -0.0178365127 -0.168940668 0.108795813
v -0.0178365127 -0.168972437 0.108754448
v -0.0178365127 -0.169013863 0.108722619
v -0.0178365127 -0.169062083 0.108702591
v -0.0178365127 -0.16911382 0.108695797
v 0.00736564244 -0.23547173 0.0684899603
v 0.00737601364 -0.235511963 0.0685239349
v 0.00737529839 -0.235469167 0.0684899603
v 0.0073856696 -0.235509281 0.0685241733
v 0.00738853062 -0.235520248 0.0685335909
v 0.00737947071 -0.235525315 0.0685352598
v 0.00739151085 -0.235532587 0.0685389553
v 0.0073818549 -0.235534852 0.0685393129
v 0.00739365662 -0.235583489 0.0685601745
v 0.00740343178 -0.235581224 0.0685601745
v 0.00744551266 -0.237158601 0.0685738836
v 0.00745540703 -0.237160211 0.0685738836
v 0.00745409573 -0.23710448 0.068573526
v 0.0074639901 -0.23710603 0.068573526
v 0.00746208275 -0.2370503 0.0685730491
v 0.00747197712 -0.237051671 0.0685730491
v 0.00746899689 -0.236997907 0.0684274946
v 0.00747889126 -0.236999159 0.0684274946
v 0.00746732796 -0.23701102 0.0684276138
v 0.00747722233 -0.237012272 0.0684276138
v 0.00746553982 -0.237024133 0.0684276138
v 0.0074755534 -0.237025444 0.0684276138
v 0.00747459973 -0.236950939 0.0685363327
v 0.0074844941 -0.236952012 0.0685363327
v 0.00748437489 -0.236953561 0.0685422931
v 0.00747436131 -0.236952429 0.0685422931
v 0.00748413647 -0.236955051 0.0685482536
v 0.0074742421 -0.236953919 0.0685482536
v 0.00749832238 -0.236806993 0.0684764896
v 0.0074883088 -0.236806219 0.0684764896
v 0.00749844158 -0.236805384 0.0684745823
v 0.007488428 -0.236804728 0.0684747015
v 0.00749844158 -0.236805027 0.0684741054
v 0.00748854721 -0.236804252 0.0684741054
v 0.00749856079 -0.236803179 0.0684713636
v 0.00748866642 -0.236802464 0.0684713636
v 0.00749856079 -0.23680294 0.0684711252
v 0.00748866642 -0.236802225 0.0684711252
v 0.00749868 -0.236802464 0.0684696947
v 0.00748866642 -0.236801689 0.0684696947
v 0.00749868 -0.236802106 0.0684686218
v 0.00748866642 -0.236801331 0.0684686218
v 0.00749868 -0.236801987 0.0684675489
v 0.00748866642 -0.236801212 0.0684675489
v 0.00749868 -0.23680151 0.068463019
v 0.00748878563 -0.236800735 0.068463019
v 0.00749271954 -0.236872618 0.0685322796
v 0.00748282517 -0.236871724 0.0685322796
v 0.00749283875 -0.236871724 0.0685235773
v 0.00748282517 -0.236870711 0.0685235773
v 0.00749283875 -0.236871605 0.0685226236
v 0.00748282517 -0.236870651 0.0685226236
v 0.00749295796 -0.236870592 0.0685191665
v 0.00748294438 -0.236869638 0.0685191665
v 0.00749295796 -0.236869996 0.0685172592
v 0.00748306359 -0.236869161 0.0685174976
v 0.00749307717 -0.236868863 0.068515471
v 0.0074831828 -0.236867909 0.068515471
v 0.007493554 -0.236864333 0.0685081993
v 0.00748354042 -0.236863379 0.0685081993
v 0.00749438847 -0.236713653 0.0685706649
v 0.00750440205 -0.236714129 0.0685706649
v 0.00750440205 -0.236714249 0.0685594593
v 0.00749438847 -0.236713712 0.0685594593
v 0.00750440205 -0.236714308 0.0685482536
v 0.00749438847 -0.236713772 0.0685482536
v 0.00749641503 -0.236671214 0.068484119
v 0.00750642861 -0.236671631 0.068484119
v 0.00749546135 -0.236692731 0.068481258
v 0.00750547493 -0.236693208 0.068481258
v 0.00749438847 -0.236714308 0.068478397
v 0.00750428284 -0.236714845 0.068478397
v 0.0074434861 -0.237170284 0.0681956325
v 0.00745338047 -0.237171953 0.0681956325
v 0.00744515503 -0.237160389 0.0682234083
v 0.0074550494 -0.237162058 0.0682234083
v 0.00744682396 -0.237150555 0.068251184
v 0.00745671833 -0.237152164 0.068251184
v 0.00750487889 -0.236702983 0.0682514225
v 0.00749498452 -0.236702447 0.0682514225
v 0.00750404442 -0.236720984 0.0682502304
v 0.00749403084 -0.236720448 0.0682501112
v 0.00750344837 -0.236730521 0.0682496343
v 0.00749343479 -0.236730819 0.0682493959
v 0.00750309075 -0.23673666 0.0682476078
v 0.00749307717 -0.236736124 0.0682476078
v 0.00750166024 -0.236759489 0.0682399784
v 0.00749164666 -0.236758833 0.0682399784
v 0.00402301396 -0.235793774 0.0638988529
v 0.00403922642 -0.235828643 0.0638988529
v 0.00396734322 -0.235883658 0.0638988529
v 0.0042532071 -0.23562855 0.0638988529
v 0.00423592175 -0.23560739 0.0638988529
v 0.00429755295 -0.235516911 0.0638988529
v 0.00425487603 -0.235490088 0.0638988529
v 0.00421529854 -0.235591834 0.0638988529
v 0.00419491375 -0.235470717 0.0638988529
v 0.00418859566 -0.235580151 0.0638988529
v 0.00415903176 -0.235465651 0.0638988529
v 0.00415414418 -0.235573833 0.0638988529
v 0.00414949501 -0.23557431 0.0638988529
v 0.00409978474 -0.23547179 0.0638988529
v 0.00410729492 -0.235582833 0.0638988529
v 0.00405317391 -0.235488121 0.0638988529
v 0.00398808564 -0.2359255 0.0638988529
v 0.00405853833 -0.235852246 0.0638988529
v 0.0040132388 -0.235955839 0.0638988529
v 0.00408190335 -0.235869532 0.0638988529
v 0.00404375637 -0.23597837 0.0638988529
v 0.00411170567 -0.235881989 0.0638988529
v 0.00407928074 -0.235993032 0.0638988529
v 0.00412887181 -0.236001198 0.0638988529
v 0.00414925659 -0.235888605 0.0638988529
v 0.00414436901 -0.236001735 0.0638988529
v 0.00396734322 -0.235573833 0.0638988529
v 0.00389307583 -0.235634928 0.0638988529
v 0.0039388522 -0.235520964 0.0638988529
v 0.00387567128 -0.235606258 0.0638988529
v 0.00390726174 -0.235484545 0.0638988529
v 0.00385099495 -0.235582356 0.0638988529
v 0.00386649216 -0.235455935 0.0638988529
v 0.0038233384 -0.235566144 0.0638988529
v 0.00382000054 -0.23543859 0.0638988529
v 0.00378757561 -0.23555464 0.0638988529
v 0.0037578925 -0.235431259 0.0638988529
v 0.00374108399 -0.235549276 0.0638988529
v 0.00375586594 -0.235431199 0.0638988529
v 0.00403076256 -0.235650306 0.0638988529
v 0.004018484 -0.235685174 0.0638988529
v 0.00401156987 -0.235731249 0.0638988529
v 0.0040120467 -0.235737865 0.0638988529
v 0.00421207989 -0.235990171 0.0638988529
v 0.00417667473 -0.23588479 0.0638988529
v 0.00426596249 -0.235969131 0.0638988529
v 0.00421207989 -0.235872691 0.0638988529
v 0.00430625523 -0.235941594 0.0638988529
v 0.0042340144 -0.235858505 0.0638988529
v 0.00433879937 -0.235905056 0.0638988529
v 0.00425225342 -0.23583961 0.0638988529
v 0.0043624028 -0.235861068 0.0638988529
v 0.00426655854 -0.23581547 0.0638988529
v 0.00438052262 -0.235793059 0.0638988529
v 0.00427704895 -0.235782986 0.0638988529
v 0.00438529099 -0.235736136 0.0638988529
v 0.00368255223 -0.235441928 0.0638988529
v 0.00369220818 -0.235553925 0.0638988529
v 0.00362306679 -0.235463922 0.0638988529
v 0.00365453804 -0.235566859 0.0638988529
v 0.00357788647 -0.235494022 0.0638988529
v 0.00362878884 -0.235583489 0.0638988529
v 0.00354283894 -0.235532229 0.0638988529
v 0.00360816563 -0.235605602 0.0638988529
v 0.00351589764 -0.235579376 0.0638988529
v 0.00359147633 -0.23563457 0.0638988529
v 0.00349265183 -0.235658412 0.0638988529
v 0.00357931698 -0.235674744 0.0638988529
v 0.00348526085 -0.235731249 0.0638988529
v 0.00366216744 -0.235892122 0.0638988529
v 0.00358146275 -0.235981946 0.0638988529
v 0.00363308037 -0.235873227 0.0638988529
v 0.00354438866 -0.235942726 0.0638988529
v 0.00360792721 -0.235846286 0.0638988529
v 0.00353807057 -0.235931878 0.0638988529
v 0.00359064186 -0.235814517 0.0638988529
v 0.00350135411 -0.235840802 0.0638988529
v 0.00357752884 -0.235767012 0.0638988529
v 0.00357383335 -0.235726302 0.0638988529
v 0.00389462555 -0.235824113 0.0638988529
v 0.00390726174 -0.235783999 0.0638988529
v 0.0039132222 -0.235731249 0.0638988529
v 0.00390714253 -0.235677307 0.0638988529
v 0.00402897442 -0.235502605 0.0638988529
v 0.00408047283 -0.235595052 0.0638988529
v 0.00399738396 -0.235530679 0.0638988529
v 0.00405746544 -0.235612576 0.0638988529
v 0.00404685582 -0.235624318 0.0638988529
v 0.00432997788 -0.235550587 0.0638988529
v 0.00435572708 -0.235594218 0.0638988529
v 0.00426894272 -0.235661392 0.0638988529
v 0.00437551583 -0.235655074 0.0638988529
v 0.0042802676 -0.235715275 0.0638988529
v 0.00428205574 -0.235741084 0.0638988529
v 0.00387662495 -0.235854869 0.0638988529
v 0.00396150196 -0.235897069 0.0638988529
v 0.00386041249 -0.235872691 0.0638988529
v 0.00393038834 -0.235949759 0.0638988529
v 0.00383442486 -0.235891049 0.0638988529
v 0.00389629448 -0.235984986 0.0638988529
v 0.00380247677 -0.2359044 0.0638988529
v 0.00385635937 -0.236009901 0.0638988529
v 0.0038092717 -0.236025517 0.0638988529
v 0.00375288571 -0.235913043 0.0638988529
v 0.00375085915 -0.236031239 0.0638988529
v 0.00375085915 -0.235913222 0.0638988529
v 0.00374060715 -0.236031299 0.0638988529
v 0.00370174492 -0.235906069 0.0638988529
v 0.00367134655 -0.236024623 0.0638988529
v 0.00362282837 -0.236008112 0.0638988529
v 0.00396233643 -0.236570542 0.0638999258
v 0.00396233643 -0.236570542 0.0638988529
v 0.00434869374 -0.236839657 0.0638999258
v 0.00440007294 -0.236875479 0.0638988529
v 0.00439268196 -0.236870353 0.0638999258
v 0.00440007294 -0.236875479 0.0638999258
v 0.0035000428 -0.232500081 0.070824555
v 0.0035000428 -0.232500081 0.0716999088
v 0.00388032044 -0.232518201 0.070824555
v 0.00388032044 -0.232518201 0.0716999088
v 0.00402158345 -0.232538526 0.070824555
v 0.00402158345 -0.232538526 0.0716999088
v 0.00425702179 -0.232572381 0.070824555
v 0.00425702179 -0.232572381 0.0716999088
v 0.00453454102 -0.232639675 0.070824555
v 0.00453454102 -0.232639675 0.0716999088
v 0.00462704743 -0.232662086 0.070824555
v 0.00462704743 -0.232662086 0.0716999088
v 0.00498670185 -0.232786601 0.070824555
v 0.00498670185 -0.232786601 0.0716999088
v 0.00502997483 -0.232806389 0.070824555
v 0.00502997483 -0.232806389 0.0716999088
v 0.00533300484 -0.232944732 0.070824555
v 0.00533300484 -0.232944732 0.0716999088
v 0.00549775208 -0.23303992 0.070824555
v 0.00549775208 -0.23303992 0.0716999088
v 0.00566261853 -0.233135049 0.070824555
v 0.00566261853 -0.233135049 0.0716999088
v 0.00593393887 -0.233328288 0.070824555
v 0.00593393887 -0.233328288 0.0716999088
v 0.00597268189 -0.233355885 0.070824555
v 0.00597268189 -0.233355885 0.0716999088
v 0.0062603339 -0.233605151 0.070824555
v 0.0062603339 -0.233605151 0.0716999088
v 0.00632601822 -0.233673995 0.070824555
v 0.00632601822 -0.233673995 0.0716999088
v 0.00652307118 -0.233880644 0.070824555
v 0.00652307118 -0.233880644 0.0716999088
v 0.00667017544 -0.234067683 0.070824555
v 0.00667017544 -0.234067683 0.0716999088
v 0.00675839032 -0.234179859 0.070824555
v 0.00675839032 -0.234179859 0.0716999088
v 0.00696414555 -0.234500055 0.070824555
v 0.00696414555 -0.234500055 0.0716999088
v 0.00713854874 -0.234838431 0.070824555
v 0.00713854874 -0.234838431 0.0716999088
v 0.00719159687 -0.234970932 0.070824555
v 0.00719159687 -0.234970932 0.0716999088
v 0.00728005017 -0.235191827 0.070824555
v 0.00728005017 -0.235191827 0.0716999088
v 0.00736051644 -0.23546577 0.070824555
v 0.00736051644 -0.23546577 0.0716999088
v 0.00738733853 -0.235557024 0.070824555
v 0.00738733853 -0.235557024 0.0716999088
v 0.00745934094 -0.235930805 0.070824555
v 0.00745934094 -0.235930805 0.0716999088
v 0.00746387089 -0.235978191 0.070824555
v 0.00746387089 -0.235978191 0.0716999088
v 0.00749558056 -0.236309772 0.070824555
v 0.00749558056 -0.236309772 0.0716999088
v 0.00749558056 -0.236500089 0.070824555
v 0.00749558056 -0.236500089 0.0716999088
v 0.00749558056 -0.236690407 0.070824555
v 0.00749558056 -0.236690407 0.0716999088
v 0.00746387089 -0.237021987 0.070824555
v 0.00746387089 -0.237021987 0.0716999088
v 0.00745934094 -0.237069313 0.070824555
v 0.00745934094 -0.237069313 0.0716999088
v 0.00738733853 -0.237443094 0.070824555
v 0.00738733853 -0.237443094 0.0716999088
v 0.00736051644 -0.237534409 0.070824555
v 0.00736051644 -0.237534409 0.0716999088
v 0.00728005017 -0.237808351 0.070824555
v 0.00728005017 -0.237808351 0.0716999088
v 0.00719159687 -0.238029246 0.070824555
v 0.00719159687 -0.238029246 0.0716999088
v 0.00713854874 -0.238161747 0.070824555
v 0.00713854874 -0.238161747 0.0716999088
v 0.00696414555 -0.238500063 0.070824555
v 0.00696414555 -0.238500063 0.0716999088
v 0.00675839032 -0.238820319 0.070824555
v 0.00675839032 -0.238820319 0.0716999088
v 0.00667017544 -0.238932495 0.070824555
v 0.00667017544 -0.238932495 0.0716999088
v 0.00652307118 -0.239119534 0.070824555
v 0.00652307118 -0.239119534 0.0716999088
v 0.00632601822 -0.239326184 0.070824555
v 0.00632601822 -0.239326184 0.0716999088
v 0.0062603339 -0.239395027 0.070824555
v 0.0062603339 -0.239395027 0.0716999088
v 0.00597268189 -0.239644294 0.070824555
v 0.00597268189 -0.239644294 0.0716999088
v 0.00593393887 -0.239671891 0.070824555
v 0.00593393887 -0.239671891 0.0716999088
v 0.00566261853 -0.239865069 0.070824555
v 0.00566261853 -0.239865069 0.0716999088
v 0.00549775208 -0.239960258 0.070824555
v 0.00549775208 -0.239960258 0.0716999088
v 0.00533300484 -0.240055447 0.070824555
v 0.00533300484 -0.240055447 0.0716999088
v 0.00502997483 -0.240193789 0.070824555
v 0.00502997483 -0.240193789 0.0716999088
v 0.00498670185 -0.240213578 0.070824555
v 0.00498670185 -0.240213578 0.0716999088
v 0.00462704743 -0.240338032 0.070824555
v 0.00462704743 -0.240338032 0.0716999088
v 0.00453454102 -0.240360503 0.070824555
v 0.00453454102 -0.240360503 0.0716999088
v 0.00425702179 -0.240427797 0.070824555
v 0.00425702179 -0.240427797 0.0716999088
v 0.00402158345 -0.240461652 0.070824555
v 0.00402158345 -0.240461652 0.0716999088
v 0.00388032044 -0.240481977 0.070824555
v 0.00388032044 -0.240481977 0.0716999088
v 0.0035000428 -0.240500097 0.070824555
v 0.0035000428 -0.240500097 0.0716999088
v -0.0247370616 -0.175760393 0.144565991
v -0.0247271672 -0.175760393 0.144565991
v -0.0247370616 -0.175760393 0.144453696
v -0.0247271672 -0.175760393 0.144421152
v -0.0247370616 -0.175760393 0.144421152
v -0.0247271672 -0.175816004 0.14399629
v -0.0247271672 -0.175932889 0.144038371
v -0.0247370616 -0.175816004 0.14399629
v -0.0247370616 -0.175932889 0.144038371
v -0.0247370616 -0.176487749 0.14406257
v -0.0247271672 -0.176487749 0.14406257
v -0.0247370616 -0.176487749 0.144124797
v -0.0247271672 -0.176487749 0.144213728
v -0.0247370616 -0.176487749 0.144213728
v -0.0103663818 -0.17353404 0.123915485
v -0.0103687659 -0.17353404 0.123905829
v -0.0103567258 -0.173561816 0.12391322
v -0.0103589908 -0.173561816 0.123903564
v -0.0103469506 -0.173589532 0.123910955
v -0.0103492156 -0.173589532 0.123901299
v -0.0102600471 -0.173428063 0.123892001
v -0.0102620736 -0.173428063 0.123882226
v -0.0102481261 -0.173420494 0.123889497
v -0.0102464572 -0.173418348 0.123879007
v -0.0102365628 -0.17341501 0.123887232
v -0.0102385894 -0.173414891 0.123877457
v -0.0102307216 -0.173412268 0.12388604
v -0.0102326289 -0.173412268 0.123876146
v -0.0102279798 -0.173411911 0.123885444
v -0.0102298871 -0.173411911 0.123875669
v -0.0102025882 -0.173408513 0.123880557
v -0.0102044955 -0.173408513 0.123870662
v -0.00946384823 -0.173560088 0.123808912
v -0.00946384823 -0.173560088 0.123798898
v -0.00950545227 -0.173560386 0.123809269
v -0.00950557148 -0.173560386 0.123799256
v -0.0095469371 -0.173560684 0.123810104
v -0.00954717552 -0.173560684 0.12380009
v -0.0100110189 -0.173220103 0.123848609
v -0.0100123302 -0.173220103 0.123838595
v -0.0100205556 -0.173205976 0.12384992
v -0.0100219861 -0.173205976 0.123840025
v -0.0100238935 -0.173201208 0.123850397
v -0.010025324 -0.173201148 0.123840502
v -0.0100269929 -0.173193996 0.123850874
v -0.0100284234 -0.173193996 0.123840979
v -0.0100291387 -0.173189108 0.123851231
v -0.0100306884 -0.173188989 0.123841337
v -0.0100296155 -0.173186307 0.123851231
v -0.010031046 -0.173186307 0.123841337
v -0.0100329534 -0.173161094 0.123851708
v -0.0100343839 -0.173161094 0.123841814
v -0.0103761569 -0.168912833 0.127159647
v -0.0103761569 -0.168913846 0.127159647
v -0.0103724614 -0.168913846 0.127132228
v -0.0103724614 -0.168912833 0.127132228
v -0.0103603021 -0.168913846 0.127096942
v -0.0103603021 -0.168912833 0.127096942
v -0.0103461162 -0.168913846 0.127074889
v -0.0103461162 -0.168912833 0.127074889
v -0.0103271619 -0.168913846 0.12705665
v -0.0103271619 -0.168912833 0.12705665
v -0.0103030816 -0.168913846 0.127042345
v -0.0103030816 -0.168912833 0.127042345
v -0.0102705375 -0.168913846 0.127031854
v -0.0102705375 -0.168912833 0.127031854
v -0.010228695 -0.168913846 0.127026847
v -0.010228695 -0.168912833 0.127026847
v -0.0102139131 -0.168912833 0.12773507
v -0.0102139131 -0.168913846 0.12773507
v -0.0102546827 -0.168913846 0.127731374
v -0.0102546827 -0.168912833 0.127731374
v -0.0103021279 -0.168913846 0.127718261
v -0.0103021279 -0.168912833 0.127718261
v -0.0103339568 -0.168913846 0.127700976
v -0.0103339568 -0.168912833 0.127700976
v -0.0103607789 -0.168913846 0.127675823
v -0.0103607789 -0.168912833 0.127675823
v -0.0103797332 -0.168913846 0.127646736
v -0.0103797332 -0.168912833 0.127646736
v -0.0103936807 -0.168913846 0.127607158
v -0.0103936807 -0.168912833 0.127607158
v -0.0104008332 -0.168913846 0.127558044
v -0.0104008332 -0.168912833 0.127558044
v -0.0104302779 -0.168912833 0.127764634
v -0.0104302779 -0.168913846 0.127764634
v -0.0104194299 -0.168913846 0.127770833
v -0.0104194299 -0.168912833 0.127770833
v -0.010328354 -0.168913846 0.127807668
v -0.010328354 -0.168912833 0.127807668
v -0.0102188007 -0.168913846 0.127823642
v -0.0102188007 -0.168912833 0.127823642
v -0.00547474777 -0.16911382 0.127375058
v -0.00552112018 -0.16911382 0.127051881
v -0.0055277959 -0.169062083 0.127053193
v -0.00556951915 -0.16911382 0.126852683
v -0.00561088478 -0.16911382 0.126681975
v -0.00561744129 -0.169062083 0.126683882
v -0.00572723304 -0.16911382 0.126345686
v -0.00573545849 -0.16911382 0.126322201
v -0.00574177658 -0.169062083 0.126324705
v -0.00595647251 -0.16911382 0.125866941
v -0.00608390724 -0.16911382 0.125646285
v -0.00608962928 -0.169062083 0.12564998
v -0.00658780491 -0.16911382 0.125016264
v -0.00682944214 -0.16911382 0.124785832
v -0.00683385288 -0.169062083 0.124790958
v -0.00698477184 -0.16911382 0.124663642
v -0.00712865745 -0.16911382 0.124550513
v -0.00713259136 -0.169062083 0.124556116
v -0.00789731895 -0.16911382 0.124126247
v -0.00814062511 -0.16911382 0.124028853
v -0.00814289009 -0.169062083 0.12403529
v -0.00891894256 -0.16911382 0.123845867
v -0.00925856983 -0.16911382 0.123813442
v -0.00925892746 -0.169062083 0.123820237
v -0.00944882786 -0.16911382 0.123813442
v -0.00963920509 -0.16911382 0.123813442
v -0.00963884746 -0.169062083 0.123820237
v -0.0104987041 -0.16911382 0.123952917
v -0.0107571498 -0.16911382 0.124028853
v -0.0107548848 -0.169062083 0.12403529
v -0.0114759818 -0.16911382 0.124362162
v -0.0117691175 -0.16911382 0.124550513
v -0.0117651836 -0.169062083 0.124556116
v -0.0119130031 -0.16911382 0.124663642
v -0.0120683328 -0.16911382 0.124785832
v -0.0120638028 -0.169062083 0.124790958
v -0.012653412 -0.16911382 0.12542086
v -0.0128138677 -0.16911382 0.125646285
v -0.0128081456 -0.169062083 0.12564998
v -0.0131704227 -0.16911382 0.126345686
v -0.0132868901 -0.16911382 0.126681975
v -0.0132803336 -0.169062083 0.126683882
v -0.0133282558 -0.16911382 0.126852683
v -0.0133765355 -0.16911382 0.127051881
v -0.0133698598 -0.169062083 0.127053193
v -0.00575965797 -0.168913846 0.126916221
v -0.00571757709 -0.168913846 0.127089671
v -0.00566667473 -0.168920641 0.127079896
v -0.0084125415 -0.168913846 0.124157241
v -0.00820607101 -0.168913846 0.124217919
v -0.00818914329 -0.168920641 0.124168924
v -0.00903731739 -0.168913846 0.124035171
v -0.00890809452 -0.168913846 0.124047569
v -0.00890070354 -0.168920641 0.123996309
v -0.00978845512 -0.168913846 0.124028376
v -0.00962966835 -0.168913846 0.124013117
v -0.00963217174 -0.168920641 0.1239615
v -0.0116149799 -0.168913846 0.12468665
v -0.0113489047 -0.168913846 0.124517969
v -0.0113747731 -0.168920641 0.124473146
v -0.0120206491 -0.168913846 0.125016383
v -0.0119373218 -0.168913846 0.124936989
v -0.0119712964 -0.168920641 0.124897889
v -0.0126839296 -0.168913846 0.125820807
v -0.0126456634 -0.168913846 0.125754407
v -0.0126891748 -0.168920641 0.125726393
v -0.0131040231 -0.168913846 0.126775554
v -0.0130949632 -0.168913846 0.126738242
v -0.0131445542 -0.168920641 0.126723698
v -0.0131801978 -0.168913846 0.127089671
v -0.0128265039 -0.168913846 0.12606757
v -0.0121991054 -0.168913846 0.125186614
v -0.00999707138 -0.168920641 0.123996309
v -0.0099896804 -0.168913846 0.124047569
v -0.00988143837 -0.168913846 0.124037198
v -0.00909453785 -0.168913846 0.124029687
v -0.0132316962 -0.168913846 0.127447656
v -0.0132086888 -0.168913846 0.127287677
v -0.0132831947 -0.168920641 0.127442769
v -0.013230981 -0.168920641 0.127079896
v -0.013331236 -0.168940668 0.127438119
v -0.0132784263 -0.168940668 0.127070836
v -0.0133724824 -0.168972437 0.127434186
v -0.0133190766 -0.168972437 0.127062968
v -0.0134040729 -0.169013863 0.127431205
v -0.0133503095 -0.169013863 0.127056888
v -0.0134239808 -0.169062083 0.127429298
v -0.0129254476 -0.168913846 0.126284412
v -0.0128723994 -0.168920641 0.126043848
v -0.0129153148 -0.168940668 0.126021794
v -0.0127297059 -0.168940668 0.125700406
v -0.0129521505 -0.168972437 0.12600284
v -0.0127646342 -0.168972437 0.125677994
v -0.0129804031 -0.169013863 0.125988177
v -0.0127913371 -0.169013863 0.125660828
v -0.0129981652 -0.169062083 0.125979117
v -0.0123803035 -0.168913846 0.125395707
v -0.0122365371 -0.168920641 0.125150851
v -0.0122714654 -0.168940668 0.125117591
v -0.0120028869 -0.168940668 0.124861411
v -0.0123013869 -0.168972437 0.125088981
v -0.0120299474 -0.168972437 0.124830178
v -0.0123243943 -0.169013863 0.125067047
v -0.012050809 -0.169013863 0.124806098
v -0.0123388187 -0.169062083 0.125053218
v -0.0110273973 -0.168913846 0.124352268
v -0.0106917039 -0.168913846 0.124217919
v -0.0110489741 -0.168920641 0.12430518
v -0.0107086316 -0.168920641 0.124168924
v -0.0110690013 -0.168940668 0.124261311
v -0.0107244865 -0.168940668 0.124123386
v -0.0110861674 -0.168972437 0.124223641
v -0.0107379571 -0.168972437 0.124084166
v -0.0110993997 -0.169013863 0.124194673
v -0.0107483283 -0.169013863 0.124054125
v -0.0111077443 -0.169062083 0.124176553
v -0.0100038663 -0.168940668 0.123948506
v -0.00963443672 -0.168940668 0.123913339
v -0.0100098268 -0.168972437 0.123907617
v -0.00963646328 -0.168972437 0.123871854
v -0.0100143567 -0.169013863 0.123876146
v -0.00963789379 -0.169013863 0.123840145
v -0.0100172177 -0.169062083 0.123856357
v -0.00855297004 -0.168913846 0.124115995
v -0.0085408107 -0.168920641 0.124065689
v -0.0085293666 -0.168940668 0.124018839
v -0.00817328846 -0.168940668 0.124123386
v -0.00851959144 -0.168972437 0.123978547
v -0.00815981781 -0.168972437 0.124084166
v -0.00851220047 -0.169013863 0.123947671
v -0.00814932739 -0.169013863 0.124054125
v -0.0085074321 -0.169062083 0.12392824
v -0.0075488702 -0.168913846 0.124517969
v -0.00724464809 -0.168913846 0.124713472
v -0.00752300178 -0.168920641 0.124473146
v -0.00721460735 -0.168920641 0.124671272
v -0.00749892151 -0.168940668 0.124431423
v -0.00718671238 -0.168940668 0.124632052
v -0.00747817909 -0.168972437 0.124395541
v -0.0071626321 -0.168972437 0.124598316
v -0.00746232425 -0.169013863 0.124368003
v -0.00714415466 -0.169013863 0.124572328
v -0.00745231067 -0.169062083 0.124350718
v -0.0064619199 -0.168913846 0.125459841
v -0.00625211155 -0.168913846 0.125754407
v -0.00642115032 -0.168920641 0.125427893
v -0.00620860016 -0.168920641 0.125726393
v -0.00638324176 -0.168940668 0.125398091
v -0.00616794979 -0.168940668 0.125700406
v -0.00635069763 -0.168972437 0.125372461
v -0.00613314068 -0.168972437 0.125677994
v -0.00632578289 -0.169013863 0.125352791
v -0.00610643779 -0.169013863 0.125660828
v -0.00631004726 -0.169062083 0.125340394
v -0.0132488624 -0.168913846 0.12780886
v -0.0133005992 -0.168920641 0.12780886
v -0.013348879 -0.168940668 0.12780886
v -0.0133902446 -0.168972437 0.12780886
v -0.0134220735 -0.169013863 0.12780886
v -0.0134421006 -0.169062083 0.12780886
v -0.0134488956 -0.16911382 0.12780886
v -0.0134307758 -0.16911382 0.127428583
v -0.0134230272 -0.16911382 0.127375058
v -0.0132611409 -0.169013863 0.126689485
v -0.0132306234 -0.168972437 0.126698426
v -0.0131909267 -0.168940668 0.126710108
v -0.0131623164 -0.16911382 0.126322201
v -0.0131559983 -0.169062083 0.126324705
v -0.0131375209 -0.169013863 0.126332215
v -0.013107957 -0.168972437 0.126344017
v -0.0130694524 -0.168940668 0.126359395
v -0.0130247489 -0.168920641 0.126377276
v -0.0129767076 -0.168913846 0.126396588
v -0.0130042449 -0.16911382 0.125975898
v -0.0129413024 -0.16911382 0.125866941
v -0.0125930921 -0.16911382 0.125336221
v -0.0125877277 -0.169062083 0.125340394
v -0.012571992 -0.169013863 0.125352791
v -0.0125470773 -0.168972437 0.125372461
v -0.0125145332 -0.168940668 0.125398091
v -0.0124765054 -0.168920641 0.125427893
v -0.012435855 -0.168913846 0.125459841
v -0.0123438255 -0.16911382 0.125048569
v -0.01230997 -0.16911382 0.125016264
v -0.011753501 -0.169013863 0.124572328
v -0.0117351428 -0.168972437 0.124598316
v -0.0117110625 -0.168940668 0.124632052
v -0.0116831676 -0.168920641 0.124671272
v -0.0116531268 -0.168913846 0.124713472
v -0.0114489213 -0.16911382 0.124344758
v -0.0114454642 -0.169062083 0.124350718
v -0.0114354507 -0.169013863 0.124368003
v -0.0114195958 -0.168972437 0.124395541
v -0.0113988534 -0.168940668 0.124431423
v -0.0111104861 -0.16911382 0.124170354
v -0.011000456 -0.16911382 0.124126247
v -0.0103918925 -0.16911382 0.123921565
v -0.0103903428 -0.169062083 0.12392824
v -0.0103855745 -0.169013863 0.123947671
v -0.0103780643 -0.168972437 0.123978547
v -0.0103682891 -0.168940668 0.124018839
v -0.0103569642 -0.168920641 0.124065689
v -0.0103448049 -0.168913846 0.124115995
v -0.0100181714 -0.16911382 0.123849562
v -0.00997883236 -0.16911382 0.123845867
v -0.00926810657 -0.168913846 0.124013117
v -0.00926560318 -0.168920641 0.1239615
v -0.0092633382 -0.168940668 0.123913339
v -0.00926131164 -0.168972437 0.123871854
v -0.00925988113 -0.169013863 0.123840145
v -0.0088796035 -0.16911382 0.123849562
v -0.00888055717 -0.169062083 0.123856357
v -0.00888341819 -0.169013863 0.123876146
v -0.00888794815 -0.168972437 0.123907617
v -0.0088937894 -0.168940668 0.123948506
v -0.00850588237 -0.16911382 0.123921565
v -0.00839907085 -0.16911382 0.123952917
v -0.00778716957 -0.16911382 0.124170354
v -0.00779003059 -0.169062083 0.124176553
v -0.00779837524 -0.169013863 0.124194673
v -0.00781160747 -0.168972437 0.124223641
v -0.00782877361 -0.168940668 0.124261311
v -0.00784880077 -0.168920641 0.12430518
v -0.00787025844 -0.168913846 0.124352268
v -0.0074488536 -0.16911382 0.124344758
v -0.0074217931 -0.16911382 0.124362162
v -0.00696045314 -0.168913846 0.124936989
v -0.0069264785 -0.168920641 0.124897889
v -0.00689488804 -0.168940668 0.124861411
v -0.00686782753 -0.168972437 0.124830178
v -0.0068469659 -0.169013863 0.124806098
v -0.00655394947 -0.16911382 0.125048569
v -0.00655883705 -0.169062083 0.125053218
v -0.00657338058 -0.169013863 0.125067047
v -0.00659638797 -0.168972437 0.125088981
v -0.00662630951 -0.168940668 0.125117591
v -0.00666123783 -0.168920641 0.125150851
v -0.00669866955 -0.168913846 0.125186614
v -0.00630468284 -0.16911382 0.125336221
v -0.00624436294 -0.16911382 0.12542086
v -0.00589353 -0.16911382 0.125975898
v -0.00589960968 -0.169062083 0.125979117
v -0.00591737186 -0.169013863 0.125988177
v -0.00594562446 -0.168972437 0.12600284
v -0.00598246013 -0.168940668 0.126021794
v -0.00602525627 -0.168920641 0.126043848
v -0.00607127105 -0.168913846 0.12606757
v -0.00592106735 -0.168913846 0.126396588
v -0.00587302601 -0.168920641 0.126377276
v -0.00582820331 -0.168940668 0.126359395
v -0.00578981792 -0.168972437 0.126344017
v -0.00576025402 -0.169013863 0.126332215
v -0.00563663398 -0.169013863 0.126689485
v -0.00566715156 -0.168972437 0.126698426
v -0.00570684826 -0.168940668 0.126710108
v -0.00575310146 -0.168920641 0.126723698
v -0.00580281173 -0.168913846 0.126738242
v -0.00561934864 -0.168940668 0.127070836
v -0.00557869827 -0.168972437 0.127062968
v -0.00554746544 -0.169013863 0.127056888
v -0.00546699917 -0.16911382 0.127428583
v -0.00547379409 -0.169062083 0.127429298
v -0.00549370205 -0.169013863 0.127431205
v -0.00552529251 -0.168972437 0.127434186
v -0.00556653892 -0.168940668 0.127438119
v -0.00561458027 -0.168920641 0.127442769
v -0.00566607868 -0.168913846 0.127447656
v -0.00564891254 -0.168913846 0.12780886
v -0.0055970565 -0.168920641 0.12780886
v -0.00554889595 -0.168940668 0.12780886
v -0.00550741111 -0.168972437 0.12780886
v -0.00547570144 -0.169013863 0.12780886
v -0.00545567428 -0.169062083 0.12780886
v -0.00544887935 -0.16911382 0.12780886
v -0.00414079582 -0.173752134 0.144175581
v -0.00414079582 -0.170504813 0.144175581
v -0.004225196 -0.173752134 0.144128851
v -0.004225196 -0.170504813 0.144128851
v -0.00423103725 -0.173752134 0.144123486
v -0.00423103725 -0.170504813 0.144123486
v -0.00429600631 -0.173752134 0.144063405
v -0.00429600631 -0.170504813 0.144063405
v -0.0043048278 -0.173752134 0.144050053
v -0.0043048278 -0.170504813 0.144050053
v -0.00434905445 -0.173752134 0.143982938
v -0.00434905445 -0.170504813 0.143982938
v -0.00435716068 -0.173752134 0.143960169
v -0.00435716068 -0.170504813 0.143960169
v -0.00438136017 -0.173752134 0.143891982
v -0.00438136017 -0.170504813 0.143891982
v -0.00438445961 -0.173752134 0.143860034
v -0.00438445961 -0.170504813 0.143860034
v -0.00439089691 -0.173752134 0.143796018
v -0.00439089691 -0.170504813 0.143796018
v -0.00438517486 -0.173752134 0.143756321
v -0.00438517486 -0.170504813 0.143756321
v -0.00437718784 -0.173752134 0.143700651
v -0.00437718784 -0.170504813 0.143700651
v -0.00435918724 -0.173752134 0.143655947
v -0.00435918724 -0.170504813 0.143655947
v -0.00434106743 -0.173752134 0.143611244
v -0.00434106743 -0.170504813 0.143611244
v -0.00430816566 -0.173752134 0.143565587
v -0.00430816566 -0.170504813 0.143565587
v -0.00428456222 -0.173752134 0.143533042
v -0.00428456222 -0.170504813 0.143533042
v -0.0042355672 -0.173752134 0.143491438
v -0.0042355672 -0.170504813 0.143491438
v -0.0042111293 -0.173752134 0.143470696
v -0.0042111293 -0.170504813 0.143470696
v -0.00414627945 -0.173752134 0.14343839
v -0.00414627945 -0.170504813 0.14343839
v -0.00412470257 -0.173752134 0.143427661
v -0.00412470257 -0.170504813 0.143427661
v -0.00404626285 -0.173752134 0.143410138
v -0.00404626285 -0.170504813 0.143410138
v -0.00403064644 -0.173752134 0.143406681
v -0.00403064644 -0.170504813 0.143406681
v -0.00394219314 -0.173752134 0.143408588
v -0.00394219314 -0.170504813 0.143408588
v -0.00393420612 -0.173752134 0.143408707
v -0.00393420612 -0.170504813 0.143408707
v -0.00384110367 -0.173752134 0.143433741
v -0.00384110367 -0.170504813 0.143433741
v 0.0112801179 -0.210169857 0.0618317638
v 0.0112801179 -0.210180228 0.0618308101
v 0.0112801179 -0.210180228 0.0619435821
v 0.0112801179 -0.210236316 0.061893395
v 0.0112801179 -0.210236316 0.0618812357
v 0.0112801179 -0.210193102 0.0618322406
v 0.0112801179 -0.210205798 0.0618368898
v 0.0112801179 -0.210233157 0.0619067464
v 0.0112801179 -0.210226958 0.0619187866
v 0.0112801179 -0.210217779 0.061929277
v 0.0112801179 -0.210154717 0.0619375024
v 0.0112801179 -0.210134809 0.0618538175
v 0.0112801179 -0.210144405 0.0618436847
v 0.0112801179 -0.210206215 0.0619371448
v 0.0112801179 -0.210192864 0.0619421516
v 0.0112801179 -0.210128133 0.0618655
v 0.0112801179 -0.210143273 0.0619297538
v 0.0112801179 -0.210124497 0.0618786131
v 0.0112801179 -0.210167472 0.0619421516
v 0.0112801179 -0.210156326 0.0618361745
v 0.0112801179 -0.210217004 0.0618444
v 0.0112801179 -0.210226362 0.0618548904
v 0.0112801179 -0.210232978 0.0618672882
v 0.0112801179 -0.21012408 0.0618926798
v 0.0112801179 -0.210133855 0.0619192634
v 0.0112801179 -0.210127299 0.0619066272
v 0.0112701043 -0.210326259 0.061903051
v 0.0112701043 -0.210326259 0.0618886266
v 0.0112801179 -0.210326259 0.061903051
v 0.0112801179 -0.210326259 0.0618886266
v 0.0112701043 -0.211207454 0.0618402277
v 0.0112701043 -0.211182003 0.0618402277
v 0.0112801179 -0.211207454 0.0618402277
v 0.0112801179 -0.211182003 0.0618402277
v 0.0112801179 -0.21168143 0.0623401914
v 0.0112801179 -0.211680834 0.0623401914
v 0.0112801179 -0.211683099 0.0623316084
v 0.0112801179 -0.211679285 0.062331966
v 0.0112801179 -0.211684649 0.0623260055
v 0.0112801179 -0.211677496 0.0623260055
v 0.0112801179 -0.211715345 0.0622413669
v 0.0112801179 -0.211647098 0.0622413669
v 0.0141213521 -0.21105129 0.0612599168
v 0.0141213521 -0.21100003 0.0612599168
v 0.0141213521 -0.21105129 0.0611599002
v 0.0141213521 -0.21100003 0.0611599002
v 0.0138842448 -0.211500053 0.0612599168
v 0.0139290675 -0.211500053 0.0612599168
v 0.0138842448 -0.211500053 0.0611599002
v 0.0139290675 -0.211500053 0.0611599002
v 0.0138842448 -0.21100003 0.0612599168
v 0.0138842448 -0.21100003 0.0611599002
v 0.0144481047 -0.211512868 0.0612599168
v 0.0144481047 -0.211512868 0.0611599002
v 0.0144081696 -0.211510484 0.0611599002
v 0.0144081696 -0.211510484 0.0612599168
v 0.0143912419 -0.211506431 0.0611599002
v 0.0143471345 -0.211496 0.0612599168
v 0.0143471345 -0.211496 0.0611599002
v 0.0142940863 -0.211469059 0.0611599002
v 0.0142940863 -0.211469059 0.0612599168
v 0.0142421111 -0.211423461 0.0611599002
v 0.0142421111 -0.211423461 0.0612599168
v 0.0142077788 -0.211374228 0.0611599002
v 0.0142077788 -0.211374228 0.0612599168
v 0.014187394 -0.211321239 0.0611599002
v 0.014187394 -0.211321239 0.0612599168
v 0.0141790494 -0.211252933 0.0611599002
v 0.0141790494 -0.211252933 0.0612599168
v 0.0144487008 -0.210987215 0.0611599002
v 0.0144487008 -0.210987215 0.0612599168
v 0.0143926724 -0.210993593 0.0611599002
v 0.0143706187 -0.210996156 0.0612599168
v 0.0143706187 -0.210996156 0.0611599002
v 0.0143108949 -0.211019163 0.0612599168
v 0.0143108949 -0.211019163 0.0611599002
v 0.0142624959 -0.211053853 0.0612599168
v 0.0142624959 -0.211053853 0.0611599002
v 0.0142424687 -0.211074655 0.0612599168
v 0.0142424687 -0.211074655 0.0611599002
v 0.0146270379 -0.211121802 0.0612599168
v 0.0146662577 -0.21109206 0.0612599168
v 0.0146270379 -0.211121802 0.0611599002
v 0.0146662577 -0.21109206 0.0611599002
v 0.0145992621 -0.211093907 0.0611599002
v 0.0145992621 -0.211093907 0.0612599168
v 0.0145550355 -0.211063569 0.0611599002
v 0.0145550355 -0.211063569 0.0612599168
v 0.0145069941 -0.211045389 0.0611599002
v 0.0145069941 -0.211045389 0.0612599168
v 0.0144484624 -0.211038475 0.0611599002
v 0.0144484624 -0.211038475 0.0612599168
v 0.0142239913 -0.211249535 0.0612599168
v 0.0142239913 -0.211249535 0.0611599002
v 0.0142250642 -0.211273019 0.0611599002
v 0.0142250642 -0.211273019 0.0612599168
v 0.014235793 -0.211321597 0.0611599002
v 0.014235793 -0.211321597 0.0612599168
v 0.0142580851 -0.211365943 0.0611599002
v 0.0142580851 -0.211365943 0.0612599168
v 0.0142890796 -0.211402183 0.0611599002
v 0.0142890796 -0.211402183 0.0612599168
v 0.0143350943 -0.211434548 0.0611599002
v 0.0143350943 -0.211434548 0.0612599168
v 0.0143862351 -0.211454277 0.0611599002
v 0.0143862351 -0.211454277 0.0612599168
v 0.0144452437 -0.211461549 0.0611599002
v 0.0144452437 -0.211461549 0.0612599168
v 0.0150508269 -0.21100003 0.0612599168
v 0.0147687777 -0.21100003 0.0612599168
v 0.0150508269 -0.21100003 0.0611599002
v 0.0147687777 -0.21100003 0.0611599002
v 0.0150508269 -0.21105129 0.0612599168
v 0.0150508269 -0.21105129 0.0611599002
v 0.0148137196 -0.21105129 0.0612599168
v 0.0148137196 -0.21105129 0.0611599002
v 0.0150508269 -0.211243634 0.0612599168
v 0.0148137196 -0.211243634 0.0612599168
v 0.0150508269 -0.211243634 0.0611599002
v 0.0148137196 -0.211243634 0.0611599002
v 0.0147687777 -0.211500053 0.0612599168
v 0.0147687777 -0.211500053 0.0611599002
v 0.015385805 -0.211064045 0.0612599168
v 0.015385805 -0.211064045 0.0611599002
v 0.0153147563 -0.211053317 0.0611599002
v 0.0153147563 -0.211053317 0.0612599168
v 0.0152428731 -0.21105129 0.0611599002
v 0.0152428731 -0.21105129 0.0612599168
v 0.015505968 -0.211243813 0.0612599168
v 0.015505968 -0.211243813 0.0611599002
v 0.0155056104 -0.211229866 0.0611599002
v 0.0155056104 -0.211229866 0.0612599168
v 0.0154967889 -0.211177056 0.0611599002
v 0.0154967889 -0.211177056 0.0612599168
v 0.0154802188 -0.211139207 0.0611599002
v 0.0154802188 -0.211139207 0.0612599168
v 0.0154554232 -0.211106484 0.0611599002
v 0.0154554232 -0.211106484 0.0612599168
v 0.0154256209 -0.211082404 0.0611599002
v 0.0154256209 -0.211082404 0.0612599168
v 0.0152207002 -0.211448734 0.0612599168
v 0.0152207002 -0.211448734 0.0611599002
v 0.0152979478 -0.211446409 0.0611599002
v 0.0152979478 -0.211446409 0.0612599168
v 0.0153742417 -0.211434727 0.0611599002
v 0.0153742417 -0.211434727 0.0612599168
v 0.0151855334 -0.211448734 0.0612599168
v 0.0151855334 -0.211448734 0.0611599002
v 0.0152955636 -0.21100003 0.0612599168
v 0.0152955636 -0.21100003 0.0611599002
v 0.0153540953 -0.211003308 0.0611599002
v 0.0153540953 -0.211003308 0.0612599168
v 0.0154151305 -0.211017256 0.0611599002
v 0.0154151305 -0.211017256 0.0612599168
v 0.0154528006 -0.211036687 0.0611599002
v 0.0154528006 -0.211036687 0.0612599168
v 0.0154804572 -0.211061184 0.0611599002
v 0.0154902324 -0.211069708 0.0612599168
v 0.0154902324 -0.211069708 0.0611599002
v 0.0155243262 -0.211121147 0.0611599002
v 0.0155243262 -0.211121147 0.0612599168
v 0.0155438765 -0.211176877 0.0611599002
v 0.0155438765 -0.211176877 0.0612599168
v 0.0155509099 -0.211243694 0.0611599002
v 0.0155509099 -0.211243694 0.0612599168
v 0.0151405915 -0.21100003 0.0612599168
v 0.0151405915 -0.21100003 0.0611599002
v 0.0158548936 -0.2114026 0.0612599168
v 0.0157642945 -0.211211567 0.0612599168
v 0.0158548936 -0.2114026 0.0611599002
v 0.0157642945 -0.211211567 0.0611599002
v 0.0159429892 -0.211211567 0.0612599168
v 0.0159429892 -0.211211567 0.0611599002
v 0.0157399758 -0.211160307 0.0612599168
v 0.0156639203 -0.21100003 0.0612599168
v 0.0157399758 -0.211160307 0.0611599002
v 0.0156639203 -0.21100003 0.0611599002
v 0.0160405024 -0.21100003 0.0612599168
v 0.0159665927 -0.211160307 0.0612599168
v 0.0160405024 -0.21100003 0.0611599002
v 0.0159665927 -0.211160307 0.0611599002
v 0.0158585891 -0.211500053 0.0612599168
v 0.0160893782 -0.21100003 0.0612599168
v 0.0158585891 -0.211500053 0.0611599002
v 0.0160893782 -0.21100003 0.0611599002
v 0.0158521518 -0.211500053 0.0612599168
v 0.0158521518 -0.211500053 0.0611599002
v 0.0128701314 -0.21220005 0.0691998516
v 0.0128701314 -0.212340002 0.0691998516
v 0.0128701314 -0.211950009 0.0689498697
v 0.0128701314 -0.212590044 0.0689498697
v 0.0128701314 -0.211950009 0.0631999288
v 0.0128701314 -0.212590044 0.0631999288
v 0.0122300967 -0.212590044 0.0689498697
v 0.0122300967 -0.212590044 0.0631999288
v 0.0122300967 -0.211950009 0.0689498697
v 0.0122300967 -0.211950009 0.0631999288
v 0.0128701314 -0.211950009 0.0611599002
v 0.0128701314 -0.211950009 0.0579098974
v 0.0122300967 -0.211950009 0.0611599002
v 0.0122300967 -0.211950009 0.0579098974
v 0.0122300967 -0.212590044 0.0611599002
v 0.0122300967 -0.212590044 0.0579098974
v 0.0128701314 -0.212590044 0.0611599002
v 0.0128701314 -0.212590044 0.0579098974
v 0.0128701314 -0.21220005 0.0576599155
v 0.0122300967 -0.21220005 0.0576599155
v 0.0128701314 -0.212340002 0.0576599155
v 0.0122300967 -0.212340002 0.0576599155
v 0.0128701314 -0.209659998 0.0691998516
v 0.0128701314 -0.20980001 0.0691998516
v 0.0128701314 -0.209410017 0.0689498697
v 0.0128701314 -0.210050051 0.0689498697
v 0.0128701314 -0.209410017 0.0631999288
v 0.0128701314 -0.210050051 0.0631999288
v 0.0122300967 -0.210050051 0.0689498697
v 0.0122300967 -0.210050051 0.0631999288
v 0.0122300967 -0.20980001 0.0691998516
v 0.0122300967 -0.210050051 0.0611599002
v 0.0122300967 -0.210050051 0.0579098974
v 0.0128701314 -0.210050051 0.0611599002
v 0.0128701314 -0.210050051 0.0579098974
v 0.0128701314 -0.20980001 0.0576599155
v 0.0128701314 -0.209659998 0.0576599155
v 0.0128701314 -0.209410017 0.0579098974
v 0.0128701314 -0.209410017 0.0611599002
v 0.0122300967 -0.209659998 0.0576599155
v 0.0122300967 -0.20980001 0.0576599155
v 0.0122300967 -0.209410017 0.0579098974
v 0.0122300967 -0.209410017 0.0611599002
v 0.014770089 -0.212340002 0.0691998516
v 0.014770089 -0.21220005 0.0691998516
v 0.014770089 -0.212590044 0.0689498697
v 0.014770089 -0.211950009 0.0689498697
v 0.014770089 -0.212590044 0.0631999288
v 0.014770089 -0.211950009 0.0631999288
v 0.0154101237 -0.212590044 0.0689498697
v 0.0154101237 -0.212590044 0.0631999288
v 0.0154101237 -0.212340002 0.0691998516
v 0.0154101237 -0.211950009 0.0611599002
v 0.0154101237 -0.211950009 0.0579098974
v 0.0150957688 -0.211950009 0.0611599002
v 0.014770089 -0.211950009 0.0579098974
v 0.014770089 -0.211950009 0.0611599002
v 0.0154101237 -0.212340002 0.0576599155
v 0.0154101237 -0.212590044 0.0579098974
v 0.014770089 -0.212340002 0.0576599155
v 0.014770089 -0.212590044 0.0579098974
v 0.0154101237 -0.210050051 0.0689498697
v 0.0154101237 -0.20980001 0.0691998516
v 0.014770089 -0.210050051 0.0689498697
v 0.014770089 -0.20980001 0.0691998516
v 0.0154101237 -0.20980001 0.0576599155
v 0.0154101237 -0.209659998 0.0576599155
v 0.0154101237 -0.210050051 0.0579098974
v 0.0154101237 -0.209410017 0.0579098974
v 0.0154101237 -0.210050051 0.0611599002
v 0.0154101237 -0.209410017 0.0611599002
v 0.014770089 -0.209410017 0.0579098974
v 0.014770089 -0.209659998 0.0576599155
v 0.014770089 -0.20980001 0.0576599155
v 0.014770089 -0.210050051 0.0579098974
v -0.0273075715 -0.238238816 0.0590737377
v -0.0274500266 -0.2382201 0.0590737377
v -0.0261799709 -0.237500076 0.0590737377
v 0.0178074225 -0.237500076 0.0590737377
v 0.0138201102 -0.237500076 0.0590737377
v 0.0138201102 -0.230750089 0.0590737377
v 0.0163200482 -0.240487401 0.0590737377
v 0.0138201102 -0.240487401 0.0590737377
v 0.0138201102 -0.239903753 0.0590737377
v -0.0277250425 -0.1967063 0.0590737377
v -0.0275923625 -0.196761255 0.0590737377
v -0.0290836707 -0.197499995 0.0590737377
v -0.0279812232 -0.196087663 0.0590737377
v -0.0279999391 -0.196229999 0.0590737377
v -0.0279812232 -0.196372335 0.0590737377
v -0.0261799709 -0.197499995 0.0590737377
v -0.0274500266 -0.196780031 0.0590737377
v -0.0273075715 -0.196761255 0.0590737377
v -0.0269736663 -0.195954983 0.0590737377
v -0.0270610467 -0.195841079 0.0590737377
v -0.0261799709 -0.19451267 0.0590737377
v -0.0279262677 -0.196505015 0.0590737377
v -0.0278388873 -0.196618919 0.0590737377
v -0.0279262677 -0.195954983 0.0590737377
v -0.0290836707 -0.194575434 0.0590737377
v -0.0278388873 -0.195841079 0.0590737377
v -0.0290109531 -0.194549983 0.0590737377
v -0.0277250425 -0.195753698 0.0590737377
v -0.0286800281 -0.19451267 0.0590737377
v -0.0275923625 -0.195698743 0.0590737377
v -0.0271750108 -0.1967063 0.0590737377
v -0.0270610467 -0.196618919 0.0590737377
v -0.0269736663 -0.196505015 0.0590737377
v -0.0269187108 -0.196372335 0.0590737377
v -0.026899995 -0.196229999 0.0590737377
v -0.0269187108 -0.196087663 0.0590737377
v -0.0271750108 -0.195753698 0.0590737377
v -0.0273075715 -0.195698743 0.0590737377
v -0.0274500266 -0.195679967 0.0590737377
v -0.0301672832 -0.195999985 0.0590737377
v -0.0301299707 -0.19566906 0.0590737377
v -0.029325308 -0.194660013 0.0590737377
v -0.0296073571 -0.194837158 0.0590737377
v -0.0300200597 -0.195354705 0.0590737377
v -0.0298427955 -0.195072656 0.0590737377
v -0.0297316924 -0.202551668 0.0590737377
v -0.0299680844 -0.202243631 0.0590737377
v -0.0294236556 -0.20278806 0.0590737377
v -0.0290836707 -0.202928905 0.0590737377
v -0.0301166192 -0.20188493 0.0590737377
v -0.0301672832 -0.201500003 0.0590737377
v -0.0301672832 -0.197499995 0.0590737377
v -0.0277250425 -0.198293691 0.0590737377
v -0.0278388873 -0.198381071 0.0590737377
v -0.0279262677 -0.198494976 0.0590737377
v -0.0279812232 -0.198627655 0.0590737377
v -0.0279999391 -0.198769991 0.0590737377
v -0.0279812232 -0.198912327 0.0590737377
v -0.0279262677 -0.199045007 0.0590737377
v -0.0278388873 -0.199158912 0.0590737377
v -0.0277250425 -0.199246352 0.0590737377
v -0.0290649549 -0.202936654 0.0590737377
v -0.0275923625 -0.199301248 0.0590737377
v -0.0286800281 -0.202987318 0.0590737377
v -0.0274500266 -0.199320023 0.0590737377
v -0.0261799709 -0.202987318 0.0590737377
v -0.0271750108 -0.198293691 0.0590737377
v -0.0273075715 -0.198238735 0.0590737377
v -0.0274500266 -0.198220019 0.0590737377
v -0.0275923625 -0.198238735 0.0590737377
v -0.0273075715 -0.199301248 0.0590737377
v -0.0271750108 -0.199246352 0.0590737377
v -0.0270610467 -0.199158912 0.0590737377
v -0.0269187108 -0.198627655 0.0590737377
v -0.0269736663 -0.198494976 0.0590737377
v -0.0270610467 -0.198381071 0.0590737377
v -0.0269736663 -0.199045007 0.0590737377
v -0.0269187108 -0.198912327 0.0590737377
v -0.026899995 -0.198769991 0.0590737377
v -0.0250523702 -0.199301248 0.0590737377
v -0.0251849309 -0.199246352 0.0590737377
v -0.025298895 -0.199158912 0.0590737377
v -0.0247675792 -0.198238735 0.0590737377
v -0.0249100343 -0.198220019 0.0590737377
v -0.0250523702 -0.198238735 0.0590737377
v -0.0251849309 -0.198293691 0.0590737377
v -0.025298895 -0.198381071 0.0590737377
v -0.0253862754 -0.198494976 0.0590737377
v -0.0254412309 -0.198627655 0.0590737377
v -0.0254599467 -0.198769991 0.0590737377
v -0.0254412309 -0.198912327 0.0590737377
v -0.0253862754 -0.199045007 0.0590737377
v -0.0249100343 -0.199320023 0.0590737377
v -0.0247675792 -0.199301248 0.0590737377
v -0.0149299518 -0.202987318 0.0590737377
v -0.0243787185 -0.198912327 0.0590737377
v -0.0243600026 -0.198769991 0.0590737377
v -0.0149299518 -0.197499995 0.0590737377
v -0.0243787185 -0.198627655 0.0590737377
v -0.0246350185 -0.199246352 0.0590737377
v -0.0245210544 -0.199158912 0.0590737377
v -0.024433674 -0.199045007 0.0590737377
v -0.024433674 -0.198494976 0.0590737377
v -0.0245210544 -0.198381071 0.0590737377
v -0.0246350185 -0.198293691 0.0590737377
v -0.0121672765 -0.204500024 0.0590737377
v -0.0122001783 -0.204250042 0.0590737377
v -0.00367993271 -0.204250042 0.0590737377
v -0.0122187749 -0.204108481 0.0590737377
v -0.00494998848 -0.199320023 0.0590737377
v -0.00480753338 -0.199301248 0.0590737377
v -0.00467497265 -0.199246352 0.0590737377
v -0.00456100856 -0.199158912 0.0590737377
v -0.00533884918 -0.198381071 0.0590737377
v -0.00542622959 -0.198494976 0.0590737377
v -0.00548118507 -0.198627655 0.0590737377
v -0.00549990093 -0.198769991 0.0590737377
v -0.00447362816 -0.199045007 0.0590737377
v -0.00441867267 -0.198912327 0.0590737377
v -0.00367993271 -0.197499995 0.0590737377
v -0.00439995681 -0.198769991 0.0590737377
v -0.00441867267 -0.198627655 0.0590737377
v -0.00447362816 -0.198494976 0.0590737377
v -0.00456100856 -0.198381071 0.0590737377
v -0.00467497265 -0.198293691 0.0590737377
v -0.00480753338 -0.198238735 0.0590737377
v -0.00494998848 -0.198220019 0.0590737377
v -0.00509232437 -0.198238735 0.0590737377
v -0.00522500431 -0.198293691 0.0590737377
v -0.0132884399 -0.203038876 0.0590737377
v -0.0129236594 -0.203189974 0.0590737377
v -0.0126102582 -0.203430359 0.0590737377
v -0.0136799232 -0.202987318 0.0590737377
v -0.00548118507 -0.198912327 0.0590737377
v -0.00542622959 -0.199045007 0.0590737377
v -0.0123699323 -0.203743641 0.0590737377
v -0.00533884918 -0.199158912 0.0590737377
v -0.00522500431 -0.199246352 0.0590737377
v -0.00509232437 -0.199301248 0.0590737377
v -0.0121672765 -0.21100003 0.0590737377
v -0.00367993271 -0.21100003 0.0590737377
v -0.00367993271 -0.217500036 0.0590737377
v -0.00467497265 -0.235753779 0.0590737377
v -0.00480753338 -0.235698824 0.0590737377
v -0.00367993271 -0.230750089 0.0590737377
v -0.00494998848 -0.235680048 0.0590737377
v -0.00509232437 -0.235698824 0.0590737377
v -0.00467497265 -0.236706381 0.0590737377
v -0.00456100856 -0.236619 0.0590737377
v -0.00367993271 -0.237500076 0.0590737377
v -0.0121954099 -0.230750089 0.0590737377
v -0.0121672765 -0.230500047 0.0590737377
v -0.0121672765 -0.217500036 0.0590737377
v -0.00480753338 -0.236761336 0.0590737377
v -0.00522500431 -0.235753779 0.0590737377
v -0.00533884918 -0.23584116 0.0590737377
v -0.012205185 -0.230836694 0.0590737377
v -0.00549990093 -0.23623008 0.0590737377
v -0.00548118507 -0.236372416 0.0590737377
v -0.0149299518 -0.237500076 0.0590737377
v -0.00542622959 -0.236505096 0.0590737377
v -0.00533884918 -0.236619 0.0590737377
v -0.00447362816 -0.236505096 0.0590737377
v -0.00441867267 -0.236372416 0.0590737377
v -0.00439995681 -0.23623008 0.0590737377
v -0.00441867267 -0.236087744 0.0590737377
v -0.00447362816 -0.235955064 0.0590737377
v -0.00456100856 -0.23584116 0.0590737377
v -0.00522500431 -0.236706381 0.0590737377
v -0.00509232437 -0.236761336 0.0590737377
v -0.00494998848 -0.236780112 0.0590737377
v -0.0136799232 -0.232012753 0.0590737377
v -0.0133433953 -0.231974845 0.0590737377
v -0.00548118507 -0.236087744 0.0590737377
v -0.013023676 -0.231862967 0.0590737377
v -0.00542622959 -0.235955064 0.0590737377
v -0.0149299518 -0.232012753 0.0590737377
v -0.0127368585 -0.231682723 0.0590737377
v -0.0124972478 -0.231443231 0.0590737377
v -0.0123170034 -0.231156414 0.0590737377
v -0.0254412309 -0.236372416 0.0590737377
v -0.0253862754 -0.236505096 0.0590737377
v -0.0249100343 -0.235680048 0.0590737377
v -0.0250523702 -0.235698824 0.0590737377
v -0.0261799709 -0.232012753 0.0590737377
v -0.0251849309 -0.235753779 0.0590737377
v -0.025298895 -0.23584116 0.0590737377
v -0.0253862754 -0.235955064 0.0590737377
v -0.0254412309 -0.236087744 0.0590737377
v -0.0254599467 -0.23623008 0.0590737377
v -0.025298895 -0.236619 0.0590737377
v -0.0251849309 -0.236706381 0.0590737377
v -0.0250523702 -0.236761336 0.0590737377
v -0.0243957654 -0.236425106 0.0590737377
v -0.0244572774 -0.236542528 0.0590737377
v -0.0245452539 -0.236641769 0.0590737377
v -0.0249100343 -0.236780112 0.0590737377
v -0.024778308 -0.236764138 0.0590737377
v -0.0246543304 -0.23671711 0.0590737377
v -0.0243639365 -0.23629636 0.0590737377
v -0.0243639365 -0.2361638 0.0590737377
v -0.0243957654 -0.236035054 0.0590737377
v -0.0244572774 -0.235917633 0.0590737377
v -0.0245452539 -0.235818391 0.0590737377
v -0.0246543304 -0.235743051 0.0590737377
v -0.024778308 -0.235696022 0.0590737377
v -0.0273075715 -0.236761336 0.0590737377
v -0.0271750108 -0.236706381 0.0590737377
v -0.0270610467 -0.23584116 0.0590737377
v -0.0271750108 -0.235753779 0.0590737377
v -0.0273075715 -0.235698824 0.0590737377
v -0.0286800281 -0.232012753 0.0590737377
v -0.0279999391 -0.23623008 0.0590737377
v -0.0290836707 -0.237500076 0.0590737377
v -0.0279812232 -0.236087744 0.0590737377
v -0.0290836707 -0.232071226 0.0590737377
v -0.0279262677 -0.235955064 0.0590737377
v -0.0279812232 -0.236372416 0.0590737377
v -0.0279262677 -0.236505096 0.0590737377
v -0.0278388873 -0.236619 0.0590737377
v -0.0274500266 -0.235680048 0.0590737377
v -0.0275923625 -0.235698824 0.0590737377
v -0.0290649549 -0.232063477 0.0590737377
v -0.0277250425 -0.235753779 0.0590737377
v -0.0278388873 -0.23584116 0.0590737377
v -0.0277250425 -0.236706381 0.0590737377
v -0.0275923625 -0.236761336 0.0590737377
v -0.0274500266 -0.236780112 0.0590737377
v -0.0270610467 -0.236619 0.0590737377
v -0.0269736663 -0.236505096 0.0590737377
v -0.0269187108 -0.236372416 0.0590737377
v -0.026899995 -0.23623008 0.0590737377
v -0.0269187108 -0.236087744 0.0590737377
v -0.0269736663 -0.235955064 0.0590737377
v -0.0297316924 -0.232448404 0.0590737377
v -0.0294236556 -0.232212012 0.0590737377
v -0.0299680844 -0.232756441 0.0590737377
v -0.0301166192 -0.233115141 0.0590737377
v -0.0290836707 -0.239903753 0.0590737377
v -0.0301672832 -0.239000087 0.0590737377
v -0.0301672832 -0.237500076 0.0590737377
v -0.0301672832 -0.233500068 0.0590737377
v -0.0298576966 -0.239903753 0.0590737377
v -0.0300200597 -0.239645426 0.0590737377
v -0.0301299707 -0.239331012 0.0590737377
v -0.029325308 -0.240340118 0.0590737377
v -0.0296073571 -0.240162914 0.0590737377
v -0.0298427955 -0.239927416 0.0590737377
v -0.0286800281 -0.240487401 0.0590737377
v -0.0290109531 -0.240450089 0.0590737377
v -0.0290836707 -0.240424638 0.0590737377
v 0.017063795 -0.240288143 0.0590737377
v 0.0167050942 -0.240436738 0.0590737377
v 0.0173718318 -0.240051751 0.0590737377
v 0.017485319 -0.239903753 0.0590737377
v 0.0178074225 -0.239000087 0.0590737377
v 0.0177567586 -0.239385014 0.0590737377
v 0.0176081046 -0.239743714 0.0590737377
v 0.0138201102 -0.217500036 0.0590737377
v 0.0150900468 -0.222180014 0.0590737377
v 0.0149477109 -0.222198789 0.0590737377
v 0.0178589209 -0.229608541 0.0590737377
v 0.0178074225 -0.230000083 0.0590737377
v 0.0178074225 -0.230750089 0.0590737377
v 0.0153650626 -0.223206346 0.0590737377
v 0.0154790267 -0.223118966 0.0590737377
v 0.0152325019 -0.224738781 0.0590737377
v 0.0147011861 -0.223118966 0.0590737377
v 0.0149477109 -0.224738781 0.0590737377
v 0.0146138057 -0.223005061 0.0590737377
v 0.0145588502 -0.222872381 0.0590737377
v 0.0146138057 -0.225545053 0.0590737377
v 0.0147011861 -0.225658958 0.0590737377
v 0.0155664071 -0.223005061 0.0590737377
v 0.0156213626 -0.222872381 0.0590737377
v 0.0153650626 -0.224793737 0.0590737377
v 0.0148151501 -0.225746398 0.0590737377
v 0.0149477109 -0.225801353 0.0590737377
v 0.0150900468 -0.225820069 0.0590737377
v 0.0180100783 -0.2292437 0.0590737377
v 0.0182505235 -0.228930418 0.0590737377
v 0.0148151501 -0.223206346 0.0590737377
v 0.0149477109 -0.223261301 0.0590737377
v 0.0150900468 -0.224720066 0.0590737377
v 0.0150900468 -0.223280077 0.0590737377
v 0.0152325019 -0.223261301 0.0590737377
v 0.0148151501 -0.222253745 0.0590737377
v 0.0147011861 -0.222341125 0.0590737377
v 0.0146138057 -0.222455029 0.0590737377
v 0.0147011861 -0.224881117 0.0590737377
v 0.0146138057 -0.224995022 0.0590737377
v 0.0145588502 -0.225127702 0.0590737377
v 0.0145401343 -0.225270038 0.0590737377
v 0.0145588502 -0.225412433 0.0590737377
v 0.0148151501 -0.224793737 0.0590737377
v 0.0145401343 -0.222730045 0.0590737377
v 0.0145588502 -0.222587709 0.0590737377
v 0.0283201321 -0.228487377 0.0590737377
v 0.0193200692 -0.228487377 0.0590737377
v 0.0156400784 -0.225270038 0.0590737377
v 0.0189285859 -0.228538935 0.0590737377
v 0.0156213626 -0.225412433 0.0590737377
v 0.0298073872 -0.227000062 0.0590737377
v 0.0156400784 -0.222730045 0.0590737377
v 0.0298073872 -0.217500036 0.0590737377
v 0.0156213626 -0.222587709 0.0590737377
v 0.0155664071 -0.222455029 0.0590737377
v 0.0154790267 -0.222341125 0.0590737377
v 0.0153650626 -0.222253745 0.0590737377
v 0.0152325019 -0.222198789 0.0590737377
v 0.0154790267 -0.224881117 0.0590737377
v 0.0155664071 -0.224995022 0.0590737377
v 0.0156213626 -0.225127702 0.0590737377
v 0.0152325019 -0.225801353 0.0590737377
v 0.0153650626 -0.225746398 0.0590737377
v 0.0185638055 -0.228690033 0.0590737377
v 0.0154790267 -0.225658958 0.0590737377
v 0.0155664071 -0.225545053 0.0590737377
v 0.0293717965 -0.228051727 0.0590737377
v 0.0290637597 -0.228288119 0.0590737377
v 0.0296081885 -0.22774369 0.0590737377
v 0.0287050589 -0.228436713 0.0590737377
v 0.0297567233 -0.227384989 0.0590737377
v 0.0148151501 -0.209253674 0.0590737377
v 0.0147011861 -0.209341114 0.0590737377
v 0.0138201102 -0.204250042 0.0590737377
v 0.0178589209 -0.205391531 0.0590737377
v 0.0156400784 -0.209730034 0.0590737377
v 0.0156213626 -0.209587698 0.0590737377
v 0.0149477109 -0.209198778 0.0590737377
v 0.0148151501 -0.210206335 0.0590737377
v 0.0149477109 -0.21026129 0.0590737377
v 0.0138201102 -0.21100003 0.0590737377
v 0.0180100783 -0.205756371 0.0590737377
v 0.0155664071 -0.21000505 0.0590737377
v 0.0156213626 -0.20987237 0.0590737377
v 0.0155664071 -0.209455018 0.0590737377
v 0.0154790267 -0.209341114 0.0590737377
v 0.0178074225 -0.204999988 0.0590737377
v 0.0153650626 -0.209253674 0.0590737377
v 0.0178074225 -0.204250042 0.0590737377
v 0.0152325019 -0.209198778 0.0590737377
v 0.0150900468 -0.209180002 0.0590737377
v 0.0146138057 -0.209455018 0.0590737377
v 0.0145588502 -0.209587698 0.0590737377
v 0.0145401343 -0.209730034 0.0590737377
v 0.0145588502 -0.20987237 0.0590737377
v 0.0146138057 -0.21000505 0.0590737377
v 0.0147011861 -0.210118954 0.0590737377
v 0.0150900468 -0.210280066 0.0590737377
v 0.0152325019 -0.21026129 0.0590737377
v 0.0298073872 -0.21100003 0.0590737377
v 0.0153650626 -0.210206335 0.0590737377
v 0.0154790267 -0.210118954 0.0590737377
v 0.0182505235 -0.206069653 0.0590737377
v 0.0185638055 -0.206310039 0.0590737377
v 0.0189285859 -0.206461196 0.0590737377
v 0.0193200692 -0.206512694 0.0590737377
v 0.0283201321 -0.206512694 0.0590737377
v 0.0298073872 -0.208000009 0.0590737377
v 0.0297567233 -0.207615082 0.0590737377
v 0.0287050589 -0.206563418 0.0590737377
v 0.0290637597 -0.206711953 0.0590737377
v 0.0293717965 -0.206948345 0.0590737377
v 0.0296081885 -0.207256381 0.0590737377
v 0.0163200482 -0.19451267 0.0590737377
v 0.0167050942 -0.194563394 0.0590737377
v 0.0177567586 -0.195615058 0.0590737377
v 0.017063795 -0.194711928 0.0590737377
v 0.0176081046 -0.195256357 0.0590737377
v 0.0173718318 -0.19494832 0.0590737377
v -0.0261799709 -0.240487401 0.0590737377
v -0.0261799709 -0.239903753 0.0590737377
v -0.0149299518 -0.240487401 0.0590737377
v -0.0149299518 -0.239903753 0.0590737377
v -0.00367993271 -0.240487401 0.0590737377
v -0.00367993271 -0.239903753 0.0590737377
v 0.00507002915 -0.240487401 0.0590737377
v 0.00507002915 -0.239903753 0.0590737377
v -0.00193363582 -0.238495057 0.0590737377
v -0.00202101623 -0.238381152 0.0590737377
v 0.00507002915 -0.237500076 0.0590737377
v -0.00279885685 -0.238381152 0.0590737377
v -0.00268489277 -0.238293772 0.0590737377
v -0.00255233204 -0.238238816 0.0590737377
v -0.00213498031 -0.238293772 0.0590737377
v -0.00226754104 -0.238238816 0.0590737377
v -0.00240987693 -0.2382201 0.0590737377
v -0.00288623726 -0.238495057 0.0590737377
v -0.00294119274 -0.238627737 0.0590737377
v -0.0029599086 -0.238770072 0.0590737377
v -0.00294119274 -0.238912408 0.0590737377
v -0.00288623726 -0.239045088 0.0590737377
v -0.00279885685 -0.239158993 0.0590737377
v -0.00268489277 -0.239246433 0.0590737377
v -0.00255233204 -0.239301329 0.0590737377
v -0.00202101623 -0.239158993 0.0590737377
v -0.00193363582 -0.239045088 0.0590737377
v -0.00187868034 -0.238912408 0.0590737377
v -0.00185996448 -0.238770072 0.0590737377
v -0.00187868034 -0.238627737 0.0590737377
v -0.00240987693 -0.239320104 0.0590737377
v -0.00226754104 -0.239301329 0.0590737377
v -0.00213498031 -0.239246433 0.0590737377
v -0.00494998848 -0.2382201 0.0590737377
v -0.00509232437 -0.238238816 0.0590737377
v -0.00447362816 -0.238495057 0.0590737377
v -0.00456100856 -0.238381152 0.0590737377
v -0.00522500431 -0.238293772 0.0590737377
v -0.00533884918 -0.238381152 0.0590737377
v -0.00467497265 -0.238293772 0.0590737377
v -0.00480753338 -0.238238816 0.0590737377
v -0.00549990093 -0.238770072 0.0590737377
v -0.00548118507 -0.238627737 0.0590737377
v -0.00542622959 -0.238495057 0.0590737377
v -0.00548118507 -0.238912408 0.0590737377
v -0.00542622959 -0.239045088 0.0590737377
v -0.00533884918 -0.239158993 0.0590737377
v -0.00480753338 -0.239301329 0.0590737377
v -0.00467497265 -0.239246433 0.0590737377
v -0.00456100856 -0.239158993 0.0590737377
v -0.00447362816 -0.239045088 0.0590737377
v -0.00441867267 -0.238912408 0.0590737377
v -0.00439995681 -0.238770072 0.0590737377
v -0.00441867267 -0.238627737 0.0590737377
v -0.00522500431 -0.239246433 0.0590737377
v -0.00509232437 -0.239301329 0.0590737377
v -0.00494998848 -0.239320104 0.0590737377
v -0.024433674 -0.238495057 0.0590737377
v -0.0245210544 -0.238381152 0.0590737377
v -0.025298895 -0.238381152 0.0590737377
v -0.0251849309 -0.238293772 0.0590737377
v -0.0250523702 -0.238238816 0.0590737377
v -0.0254412309 -0.238912408 0.0590737377
v -0.0253862754 -0.239045088 0.0590737377
v -0.025298895 -0.239158993 0.0590737377
v -0.0251849309 -0.239246433 0.0590737377
v -0.0250523702 -0.239301329 0.0590737377
v -0.0245210544 -0.239158993 0.0590737377
v -0.024433674 -0.239045088 0.0590737377
v -0.0246350185 -0.238293772 0.0590737377
v -0.0247675792 -0.238238816 0.0590737377
v -0.0249100343 -0.2382201 0.0590737377
v -0.0253862754 -0.238495057 0.0590737377
v -0.0254412309 -0.238627737 0.0590737377
v -0.0254599467 -0.238770072 0.0590737377
v -0.0249100343 -0.239320104 0.0590737377
v -0.0247675792 -0.239301329 0.0590737377
v -0.0246350185 -0.239246433 0.0590737377
v -0.0243787185 -0.238912408 0.0590737377
v -0.0243600026 -0.238770072 0.0590737377
v -0.0243787185 -0.238627737 0.0590737377
v -0.0277250425 -0.238293772 0.0590737377
v -0.0278388873 -0.238381152 0.0590737377
v -0.0275923625 -0.238238816 0.0590737377
v -0.0279812232 -0.238912408 0.0590737377
v -0.0279262677 -0.239045088 0.0590737377
v -0.0278388873 -0.239158993 0.0590737377
v -0.0277250425 -0.239246433 0.0590737377
v -0.0271750108 -0.239246433 0.0590737377
v -0.0270610467 -0.239158993 0.0590737377
v -0.0269736663 -0.239045088 0.0590737377
v -0.0279262677 -0.238495057 0.0590737377
v -0.0279812232 -0.238627737 0.0590737377
v -0.0279999391 -0.238770072 0.0590737377
v -0.0275923625 -0.239301329 0.0590737377
v -0.0274500266 -0.239320104 0.0590737377
v -0.0273075715 -0.239301329 0.0590737377
v -0.0269187108 -0.238912408 0.0590737377
v -0.026899995 -0.238770072 0.0590737377
v -0.0269187108 -0.238627737 0.0590737377
v -0.0269736663 -0.238495057 0.0590737377
v -0.0270610467 -0.238381152 0.0590737377
v -0.0271750108 -0.238293772 0.0590737377
v -0.00226754104 -0.235698824 0.0590737377
v -0.00240987693 -0.235680048 0.0590737377
v -0.00255233204 -0.235698824 0.0590737377
v -0.00193363582 -0.235955064 0.0590737377
v -0.00202101623 -0.23584116 0.0590737377
v 0.00507002915 -0.230750089 0.0590737377
v -0.00213498031 -0.235753779 0.0590737377
v -0.00268489277 -0.235753779 0.0590737377
v -0.00279885685 -0.23584116 0.0590737377
v -0.00288623726 -0.235955064 0.0590737377
v -0.00294119274 -0.236087744 0.0590737377
v -0.0029599086 -0.23623008 0.0590737377
v -0.00294119274 -0.236372416 0.0590737377
v -0.00288623726 -0.236505096 0.0590737377
v -0.00279885685 -0.236619 0.0590737377
v -0.00268489277 -0.236706381 0.0590737377
v -0.00255233204 -0.236761336 0.0590737377
v -0.00202101623 -0.236619 0.0590737377
v -0.00193363582 -0.236505096 0.0590737377
v -0.00187868034 -0.236372416 0.0590737377
v -0.00185996448 -0.23623008 0.0590737377
v -0.00187868034 -0.236087744 0.0590737377
v -0.00240987693 -0.236780112 0.0590737377
v -0.00226754104 -0.236761336 0.0590737377
v -0.00213498031 -0.236706381 0.0590737377
v 0.0121611937 -0.223118966 0.0590737377
v 0.0125500544 -0.224720066 0.0590737377
v 0.0120738133 -0.223005061 0.0590737377
v 0.0120188578 -0.222872381 0.0590737377
v 0.0129390344 -0.224881117 0.0590737377
v 0.0128250703 -0.224793737 0.0590737377
v 0.0125500544 -0.223280077 0.0590737377
v 0.0126923903 -0.224738781 0.0590737377
v 0.0124077185 -0.223261301 0.0590737377
v 0.0122750386 -0.223206346 0.0590737377
v 0.0120000228 -0.225270038 0.0590737377
v 0.0120188578 -0.225412433 0.0590737377
v 0.0124077185 -0.225801353 0.0590737377
v 0.0125500544 -0.225820069 0.0590737377
v 0.0126923903 -0.225801353 0.0590737377
v 0.0128250703 -0.225746398 0.0590737377
v 0.0129390344 -0.225658958 0.0590737377
v 0.0130264148 -0.225545053 0.0590737377
v 0.0130264148 -0.222455029 0.0590737377
v 0.0129390344 -0.222341125 0.0590737377
v 0.0128250703 -0.222253745 0.0590737377
v 0.0126923903 -0.222198789 0.0590737377
v 0.0125500544 -0.222180014 0.0590737377
v 0.0124077185 -0.222198789 0.0590737377
v 0.00507002915 -0.217500036 0.0590737377
v 0.0120738133 -0.225545053 0.0590737377
v 0.0121611937 -0.225658958 0.0590737377
v 0.0122750386 -0.225746398 0.0590737377
v 0.0126923903 -0.223261301 0.0590737377
v 0.0130813702 -0.225127702 0.0590737377
v 0.0130264148 -0.224995022 0.0590737377
v 0.0129390344 -0.223118966 0.0590737377
v 0.0130264148 -0.223005061 0.0590737377
v 0.0130813702 -0.222872381 0.0590737377
v 0.0131000861 -0.222730045 0.0590737377
v 0.0130813702 -0.222587709 0.0590737377
v 0.0122750386 -0.222253745 0.0590737377
v 0.0121611937 -0.222341125 0.0590737377
v 0.0120738133 -0.222455029 0.0590737377
v 0.0120188578 -0.222587709 0.0590737377
v 0.0120000228 -0.222730045 0.0590737377
v 0.0120188578 -0.225127702 0.0590737377
v 0.0120738133 -0.224995022 0.0590737377
v 0.0128250703 -0.223206346 0.0590737377
v 0.0131000861 -0.225270038 0.0590737377
v 0.0130813702 -0.225412433 0.0590737377
v 0.0124077185 -0.224738781 0.0590737377
v 0.0122750386 -0.224793737 0.0590737377
v 0.0121611937 -0.224881117 0.0590737377
v 0.0149477109 -0.21173877 0.0590737377
v 0.0148151501 -0.211793725 0.0590737377
v 0.0149477109 -0.212801282 0.0590737377
v 0.0148151501 -0.212746327 0.0590737377
v 0.0147011861 -0.212658946 0.0590737377
v 0.0147011861 -0.211881106 0.0590737377
v 0.0146138057 -0.21199501 0.0590737377
v 0.0145588502 -0.21212769 0.0590737377
v 0.0145401343 -0.212270026 0.0590737377
v 0.0145588502 -0.212412362 0.0590737377
v 0.0146138057 -0.212545042 0.0590737377
v 0.0150900468 -0.212820058 0.0590737377
v 0.0152325019 -0.212801282 0.0590737377
v 0.0153650626 -0.212746327 0.0590737377
v 0.0154790267 -0.212658946 0.0590737377
v 0.0156400784 -0.212270026 0.0590737377
v 0.0156213626 -0.212412362 0.0590737377
v 0.0155664071 -0.212545042 0.0590737377
v 0.0156213626 -0.21212769 0.0590737377
v 0.0155664071 -0.21199501 0.0590737377
v 0.0154790267 -0.211881106 0.0590737377
v 0.0153650626 -0.211793725 0.0590737377
v 0.0152325019 -0.21173877 0.0590737377
v 0.0150900468 -0.211719995 0.0590737377
v 0.0124077185 -0.21173877 0.0590737377
v 0.0122750386 -0.211793725 0.0590737377
v 0.00507002915 -0.21100003 0.0590737377
v 0.0121611937 -0.211881106 0.0590737377
v 0.0120738133 -0.21199501 0.0590737377
v 0.0130813702 -0.21212769 0.0590737377
v 0.0130264148 -0.21199501 0.0590737377
v 0.0129390344 -0.211881106 0.0590737377
v 0.0128250703 -0.211793725 0.0590737377
v 0.0126923903 -0.21173877 0.0590737377
v 0.0125500544 -0.211719995 0.0590737377
v 0.0125500544 -0.212820058 0.0590737377
v 0.0126923903 -0.212801282 0.0590737377
v 0.0128250703 -0.212746327 0.0590737377
v 0.0129390344 -0.212658946 0.0590737377
v 0.0120188578 -0.21212769 0.0590737377
v 0.0120000228 -0.212270026 0.0590737377
v 0.0120188578 -0.212412362 0.0590737377
v 0.0120738133 -0.212545042 0.0590737377
v 0.0121611937 -0.212658946 0.0590737377
v 0.0122750386 -0.212746327 0.0590737377
v 0.0124077185 -0.212801282 0.0590737377
v 0.0130264148 -0.212545042 0.0590737377
v 0.0130813702 -0.212412362 0.0590737377
v 0.0131000861 -0.212270026 0.0590737377
v 0.0122750386 -0.210206335 0.0590737377
v 0.0124077185 -0.21026129 0.0590737377
v 0.0129390344 -0.209341114 0.0590737377
v 0.0128250703 -0.209253674 0.0590737377
v 0.0124077185 -0.209198778 0.0590737377
v 0.00507002915 -0.204250042 0.0590737377
v 0.0122750386 -0.209253674 0.0590737377
v 0.0121611937 -0.209341114 0.0590737377
v 0.0125500544 -0.210280066 0.0590737377
v 0.0131000861 -0.209730034 0.0590737377
v 0.0130813702 -0.209587698 0.0590737377
v 0.0130264148 -0.209455018 0.0590737377
v 0.0126923903 -0.209198778 0.0590737377
v 0.0125500544 -0.209180002 0.0590737377
v 0.0120738133 -0.209455018 0.0590737377
v 0.0120188578 -0.209587698 0.0590737377
v 0.0120000228 -0.209730034 0.0590737377
v 0.0120188578 -0.20987237 0.0590737377
v 0.0126923903 -0.21026129 0.0590737377
v 0.0128250703 -0.210206335 0.0590737377
v 0.0129390344 -0.210118954 0.0590737377
v 0.0120738133 -0.21000505 0.0590737377
v 0.0121611937 -0.210118954 0.0590737377
v 0.0130264148 -0.21000505 0.0590737377
v 0.0130813702 -0.20987237 0.0590737377
v -0.00240987693 -0.199320023 0.0590737377
v -0.00226754104 -0.199301248 0.0590737377
v -0.00279885685 -0.199158912 0.0590737377
v -0.00268489277 -0.199246352 0.0590737377
v -0.00255233204 -0.199301248 0.0590737377
v -0.00226754104 -0.198238735 0.0590737377
v -0.00240987693 -0.198220019 0.0590737377
v -0.00255233204 -0.198238735 0.0590737377
v -0.00268489277 -0.198293691 0.0590737377
v -0.00279885685 -0.198381071 0.0590737377
v -0.00288623726 -0.198494976 0.0590737377
v -0.00294119274 -0.198627655 0.0590737377
v -0.0029599086 -0.198769991 0.0590737377
v -0.00294119274 -0.198912327 0.0590737377
v -0.00288623726 -0.199045007 0.0590737377
v -0.00187868034 -0.198912327 0.0590737377
v -0.00185996448 -0.198769991 0.0590737377
v 0.00507002915 -0.197499995 0.0590737377
v -0.00187868034 -0.198627655 0.0590737377
v -0.00213498031 -0.199246352 0.0590737377
v -0.00202101623 -0.199158912 0.0590737377
v -0.00193363582 -0.199045007 0.0590737377
v 0.0138201102 -0.197499995 0.0590737377
v 0.0178074225 -0.197499995 0.0590737377
v -0.00193363582 -0.198494976 0.0590737377
v -0.00202101623 -0.198381071 0.0590737377
v -0.00213498031 -0.198293691 0.0590737377
v 0.00507002915 -0.19451267 0.0590737377
v 0.0138201102 -0.19451267 0.0590737377
v 0.0178074225 -0.195999985 0.0590737377
v -0.00268489277 -0.195753698 0.0590737377
v -0.00279885685 -0.195841079 0.0590737377
v -0.00367993271 -0.19451267 0.0590737377
v -0.00268489277 -0.1967063 0.0590737377
v -0.00255233204 -0.196761255 0.0590737377
v -0.00240987693 -0.196780031 0.0590737377
v -0.00255233204 -0.195698743 0.0590737377
v -0.00226754104 -0.196761255 0.0590737377
v -0.00193363582 -0.195954983 0.0590737377
v -0.00202101623 -0.195841079 0.0590737377
v -0.00288623726 -0.195954983 0.0590737377
v -0.00294119274 -0.196087663 0.0590737377
v -0.0029599086 -0.196229999 0.0590737377
v -0.00294119274 -0.196372335 0.0590737377
v -0.00288623726 -0.196505015 0.0590737377
v -0.00279885685 -0.196618919 0.0590737377
v -0.00213498031 -0.1967063 0.0590737377
v -0.00202101623 -0.196618919 0.0590737377
v -0.00193363582 -0.196505015 0.0590737377
v -0.00187868034 -0.196372335 0.0590737377
v -0.00185996448 -0.196229999 0.0590737377
v -0.00187868034 -0.196087663 0.0590737377
v -0.00213498031 -0.195753698 0.0590737377
v -0.00226754104 -0.195698743 0.0590737377
v -0.00240987693 -0.195679967 0.0590737377
v -0.00494998848 -0.196780031 0.0590737377
v -0.00480753338 -0.196761255 0.0590737377
v -0.00509232437 -0.196761255 0.0590737377
v -0.00522500431 -0.1967063 0.0590737377
v -0.00533884918 -0.195841079 0.0590737377
v -0.00542622959 -0.195954983 0.0590737377
v -0.0149299518 -0.19451267 0.0590737377
v -0.00548118507 -0.196087663 0.0590737377
v -0.00549990093 -0.196229999 0.0590737377
v -0.00548118507 -0.196372335 0.0590737377
v -0.00542622959 -0.196505015 0.0590737377
v -0.00533884918 -0.196618919 0.0590737377
v -0.00447362816 -0.195954983 0.0590737377
v -0.00456100856 -0.195841079 0.0590737377
v -0.00467497265 -0.195753698 0.0590737377
v -0.00509232437 -0.195698743 0.0590737377
v -0.00522500431 -0.195753698 0.0590737377
v -0.00467497265 -0.1967063 0.0590737377
v -0.00456100856 -0.196618919 0.0590737377
v -0.00447362816 -0.196505015 0.0590737377
v -0.00441867267 -0.196372335 0.0590737377
v -0.00439995681 -0.196229999 0.0590737377
v -0.00441867267 -0.196087663 0.0590737377
v -0.00480753338 -0.195698743 0.0590737377
v -0.00494998848 -0.195679967 0.0590737377
v -0.0251849309 -0.195753698 0.0590737377
v -0.025298895 -0.195841079 0.0590737377
v -0.0251849309 -0.1967063 0.0590737377
v -0.0250523702 -0.196761255 0.0590737377
v -0.0249100343 -0.196780031 0.0590737377
v -0.0250523702 -0.195698743 0.0590737377
v -0.0247675792 -0.196761255 0.0590737377
v -0.024433674 -0.195954983 0.0590737377
v -0.0245210544 -0.195841079 0.0590737377
v -0.0253862754 -0.195954983 0.0590737377
v -0.0254412309 -0.196087663 0.0590737377
v -0.0254599467 -0.196229999 0.0590737377
v -0.0254412309 -0.196372335 0.0590737377
v -0.0253862754 -0.196505015 0.0590737377
v -0.025298895 -0.196618919 0.0590737377
v -0.0246350185 -0.1967063 0.0590737377
v -0.0245210544 -0.196618919 0.0590737377
v -0.024433674 -0.196505015 0.0590737377
v -0.0243787185 -0.196372335 0.0590737377
v -0.0243600026 -0.196229999 0.0590737377
v -0.0243787185 -0.196087663 0.0590737377
v -0.0246350185 -0.195753698 0.0590737377
v -0.0247675792 -0.195698743 0.0590737377
v -0.0249100343 -0.195679967 0.0590737377
v -0.0274500266 -0.239320104 0.0606599365
v -0.0273075715 -0.239301329 0.0606599365
v -0.0271750108 -0.239246433 0.0606599365
v -0.0270610467 -0.239158993 0.0606599365
v -0.0269736663 -0.239045088 0.0606599365
v -0.0269187108 -0.238912408 0.0606599365
v -0.026899995 -0.238770072 0.0606599365
v -0.0269187108 -0.238627737 0.0606599365
v -0.0269736663 -0.238495057 0.0606599365
v -0.0270610467 -0.238381152 0.0606599365
v -0.0271750108 -0.238293772 0.0606599365
v -0.0273075715 -0.238238816 0.0606599365
v -0.0274500266 -0.2382201 0.0606599365
v 0.0150900468 -0.209180002 0.0606599365
v 0.0149477109 -0.209198778 0.0606599365
v 0.0148151501 -0.209253674 0.0606599365
v 0.0147011861 -0.209341114 0.0606599365
v 0.0146138057 -0.209455018 0.0606599365
v 0.0145588502 -0.209587698 0.0606599365
v 0.0145401343 -0.209730034 0.0606599365
v 0.0145588502 -0.20987237 0.0606599365
v 0.0146138057 -0.21000505 0.0606599365
v 0.0147011861 -0.210118954 0.0606599365
v 0.0148151501 -0.210206335 0.0606599365
v 0.0149477109 -0.21026129 0.0606599365
v 0.0150900468 -0.210280066 0.0606599365
v -0.0249100343 -0.196780031 0.0606599365
v -0.0247675792 -0.196761255 0.0606599365
v -0.0246350185 -0.1967063 0.0606599365
v -0.0245210544 -0.196618919 0.0606599365
v -0.024433674 -0.196505015 0.0606599365
v -0.0243787185 -0.196372335 0.0606599365
v -0.0243600026 -0.196229999 0.0606599365
v -0.0243787185 -0.196087663 0.0606599365
v -0.024433674 -0.195954983 0.0606599365
v -0.0245210544 -0.195841079 0.0606599365
v -0.0246350185 -0.195753698 0.0606599365
v -0.0247675792 -0.195698743 0.0606599365
v -0.0249100343 -0.195679967 0.0606599365
v -0.0286800281 -0.240487401 0.0606599365
v -0.0290109531 -0.240450089 0.0606599365
v -0.0290836707 -0.240424638 0.0606599365
v -0.029325308 -0.240340118 0.0606599365
v -0.0296073571 -0.240162914 0.0606599365
v -0.0298427955 -0.239927416 0.0606599365
v -0.0298576966 -0.239903753 0.0606599365
v -0.0300200597 -0.239645426 0.0606599365
v -0.0301299707 -0.239331012 0.0606599365
v -0.0301672832 -0.239000087 0.0606599365
v -0.0286800281 -0.202987318 0.0606599365
v -0.0290649549 -0.202936654 0.0606599365
v -0.0290836707 -0.202928905 0.0606599365
v -0.0294236556 -0.20278806 0.0606599365
v -0.0297316924 -0.202551668 0.0606599365
v -0.0299680844 -0.202243631 0.0606599365
v -0.0301166192 -0.20188493 0.0606599365
v -0.0301672832 -0.201500003 0.0606599365
v -0.0134775058 -0.217333918 0.0640674148
v -0.0134775058 -0.217246418 0.0640674148
v -0.0134775058 -0.217333918 0.0646681104
v -0.0134775058 -0.217246418 0.064745358
v -0.0134775058 -0.217603867 0.0646681104
v -0.0134775058 -0.217603867 0.064745358
v -0.00181347286 -0.216005032 0.0714859281
v -0.00185114299 -0.216005032 0.0713876997
v -0.00185829555 -0.216005032 0.0713953291
v -0.00181347286 -0.216005032 0.0713731561
v -0.0018036977 -0.216005032 0.0713739906
v -0.00179964458 -0.216005032 0.0714842592
v -0.00182718193 -0.216005032 0.0713748251
v -0.00183981811 -0.216005032 0.0713797126
v -0.00177604114 -0.216005032 0.071471623
v -0.00176841175 -0.216005032 0.0713956867
v -0.0017780677 -0.216005032 0.0713856731
v -0.00186652099 -0.216005032 0.0714487348
v -0.00186056053 -0.216005032 0.071460775
v -0.00185138141 -0.216005032 0.0714712654
v -0.0017870084 -0.216005032 0.0714793716
v -0.00179010784 -0.216005032 0.0713782821
v -0.00186544811 -0.216005032 0.0714074884
v -0.00186926281 -0.216005032 0.0714211975
v -0.00186962043 -0.216005032 0.0714353834
v -0.00183993732 -0.216005032 0.0714793716
v -0.00182658588 -0.216005032 0.0714843784
v -0.00176042473 -0.216005032 0.0714484964
v -0.00175732528 -0.216005032 0.0714345489
v -0.00176674282 -0.216005032 0.0714611326
v -0.00175780212 -0.216005032 0.0714204822
v -0.00176161682 -0.216005032 0.0714073692
v -0.00134641086 -0.215995018 0.0710853849
v -0.00134641086 -0.216005032 0.0710853849
v -0.00137704765 -0.216005032 0.0710261379
v -0.00137704765 -0.215995018 0.0710261379
v -0.00142449295 -0.216005032 0.0709711824
v -0.00142449295 -0.215995018 0.0709711824
v -0.000312270276 -0.216005032 0.0709765468
v -0.000312866322 -0.216005032 0.0709765468
v -0.000310601346 -0.216005032 0.0709851299
v -0.000314416043 -0.216005032 0.0709847723
v -0.000309051625 -0.216005032 0.0709908519
v -0.000316204183 -0.216005032 0.0709908519
v -0.000278414838 -0.216005032 0.0710753713
v -0.000346602551 -0.216005032 0.0710753713
v -0.000270308606 -0.216005032 0.0710983787
v -0.000270308606 -0.215995018 0.0710983787
v -0.000344933621 -0.216005032 0.0710983787
v -0.000354947202 -0.215995018 0.0710983787
v -0.000354947202 -0.216005032 0.0710983787
v -0.00239283001 -0.216005032 0.0717999254
v -0.0024928466 -0.216105049 0.0717999254
v -0.00239283001 -0.216105049 0.071899942
v -0.00239283001 -0.218905036 0.071899942
v -0.00239283001 -0.219005053 0.0717999254
v 0.00740712727 -0.218905036 0.071899942
v 0.00740712727 -0.219005053 0.0717999254
v -0.00239283001 -0.216105049 0.068899921
v -0.0024928466 -0.216105049 0.0689999376
v -0.00239283001 -0.216005032 0.0689999376
v 0.00750714386 -0.216105049 0.0717999254
v 0.00740712727 -0.216105049 0.071899942
v 0.00750714386 -0.218905036 0.0717999254
v 0.00750714386 -0.216105049 0.0689999376
v 0.00740712727 -0.216005032 0.0689999376
v 0.00740712727 -0.216005032 0.0699480091
v 0.00740712727 -0.216005032 0.0709488903
v 0.00740712727 -0.216005032 0.071215323
v 0.00740712727 -0.216005032 0.0714782987
v 0.00740712727 -0.216005032 0.0715588842
v 0.00740712727 -0.216005032 0.0717999254
v 0.00750714386 -0.218905036 0.0689999376
v 0.00740712727 -0.219005053 0.0689999376
v 0.00740712727 -0.218905036 0.068899921
v 0.0382500275 0.249083574 0.133258513
v 0.0350000247 0.26545387 0.0721636329
v -0.0382500306 0.249083574 0.133258513
v -0.0350000278 0.26545387 0.0721636329
v -0.0382500306 0.26461273 0.0753028904
v -0.0381392852 0.264830406 0.0744904791
v 0.0350000247 0.248242433 0.13639777
v 0.0357231482 0.248263533 0.136319092
v 0.0364101514 0.248325641 0.136086873
v 0.0370263442 0.248425896 0.135712913
v 0.0375409707 0.248559053 0.13521581
v 0.0379281625 0.248718555 0.134620598
v 0.0382500275 0.26461273 0.0753028904
v 0.0381392821 0.264830406 0.0744904791
v 0.037814556 0.2650333 0.0737332616
v 0.0372981414 0.265207465 0.0730832134
v 0.0366249665 0.265341218 0.0725843225
v 0.0358411654 0.26542526 0.0722706829
v -0.0358411685 0.26542526 0.0722706829
v -0.0366249696 0.265341218 0.0725843225
v -0.0375409738 0.248559053 0.13521581
v -0.0370263473 0.248425896 0.135712913
v -0.0379281655 0.248718555 0.134620598
v -0.0381684915 0.248896415 0.133957079
v 0.0381684884 0.248896415 0.133957079
v -0.0350000278 0.248242433 0.13639777
v -0.0357231513 0.248263533 0.136319092
v -0.0364101545 0.248325641 0.136086873
v -0.0372981445 0.265207465 0.0730832134
v -0.0378145591 0.2650333 0.0737332616
v -0.0672071592 0.246261532 0.1321991
v -0.0672071592 0.249159391 0.132975629
v -0.0623787061 0.247511323 0.127535275
v -0.0623787061 0.250409062 0.128311685
v -0.0679000035 -0.260836189 0.0789649997
v -0.0679000035 -0.247610395 0.128324321
v -0.0689000503 -0.259870295 0.0787061964
v -0.0689000503 -0.246644502 0.128065518
v -0.066425027 -0.24182785 0.126722864
v -0.066425027 -0.236032312 0.125169924
v -0.0663900987 -0.241759186 0.126979164
v -0.0663900987 -0.235963647 0.125426224
v -0.0662876979 -0.24169523 0.12721794
v -0.0662876979 -0.235899692 0.125665
v -0.0661247388 -0.241640274 0.12742298
v -0.0661247388 -0.235844736 0.12587004
v -0.0659125463 -0.241598134 0.127580336
v -0.0659125463 -0.235802536 0.126027397
v -0.0656653062 -0.24157161 0.12767928
v -0.0656653062 -0.235776072 0.12612634
v -0.0653999463 -0.24156255 0.127713016
v -0.0653999463 -0.235767012 0.126160077
v -0.0651347057 -0.24157161 0.12767928
v -0.0651347057 -0.235776072 0.12612634
v -0.0648874656 -0.241598134 0.127580336
v -0.0648874656 -0.235802536 0.126027397
v -0.0646752731 -0.241640274 0.12742298
v -0.0646752731 -0.235844736 0.12587004
v -0.064512314 -0.24169523 0.12721794
v -0.064512314 -0.235899692 0.125665
v -0.0644099132 -0.241759186 0.126979164
v -0.0644099132 -0.235963647 0.125426224
v -0.0643749849 -0.24182785 0.126722864
v -0.0643749849 -0.236032312 0.125169924
v -0.0644099132 -0.241896515 0.126466683
v -0.0644099132 -0.236100976 0.124913744
v -0.064512314 -0.24196053 0.126227907
v -0.064512314 -0.236164932 0.124674967
v -0.0646752731 -0.242015426 0.126022748
v -0.0646752731 -0.236219888 0.124469927
v -0.0648874656 -0.242057626 0.125865511
v -0.0648874656 -0.236262088 0.124312571
v -0.0651347057 -0.242084091 0.125766567
v -0.0651347057 -0.236288552 0.124213627
v -0.0653999463 -0.242093151 0.125732831
v -0.0653999463 -0.236297612 0.124179891
v -0.0656653062 -0.242084091 0.125766567
v -0.0656653062 -0.236288552 0.124213627
v -0.0659125463 -0.242057626 0.125865511
v -0.0659125463 -0.236262088 0.124312571
v -0.0661247388 -0.242015426 0.126022748
v -0.0661247388 -0.236219888 0.124469927
v -0.0662876979 -0.24196053 0.126227907
v -0.0662876979 -0.236164932 0.124674967
v -0.0663900987 -0.241896515 0.126466683
v -0.0663900987 -0.236100976 0.124913744
v -0.0594424621 -0.245854859 0.0796251808
v -0.0603676454 -0.246109729 0.0786741291
v -0.0594424621 -0.253872042 0.0817734514
v -0.0603676454 -0.254126911 0.0808222805
v -0.0662675515 -0.250201051 0.0722915445
v -0.0662675515 -0.257928436 0.0743620906
v -0.0665712968 -0.250069325 0.0727830444
v -0.0665712968 -0.257796769 0.0748535905
v -0.0669544355 -0.249952321 0.073219708
v -0.0668132917 -0.257718449 0.0751458917
v -0.0669544355 -0.25858355 0.0755324875
v -0.0646752731 -0.249044483 0.0766078745
v -0.0648874656 -0.249002342 0.0767652307
v -0.0624000446 -0.248494511 0.07866042
v -0.064512314 -0.249099438 0.0764028345
v -0.0651347057 -0.248975818 0.0768640552
v -0.0653999463 -0.248966818 0.0768977914
v -0.0689000503 -0.248494511 0.07866042
v -0.0656653062 -0.248975818 0.0768640552
v -0.0659125463 -0.249002342 0.0767652307
v -0.0689000503 -0.249245112 0.0758592401
v -0.066425027 -0.249232058 0.0759077583
v -0.068863453 -0.249341016 0.0755011354
v -0.0663900987 -0.249300723 0.0756514583
v -0.0624000446 -0.249647086 0.074358872
v -0.0646752731 -0.249419694 0.0752076421
v -0.064512314 -0.249364738 0.0754126821
v -0.0644099132 -0.249300723 0.0756514583
v -0.0643749849 -0.249232058 0.0759077583
v -0.0644099132 -0.249163394 0.0761640583
v -0.0661247388 -0.249044483 0.0766078745
v -0.0662876979 -0.249099438 0.0764028345
v -0.0663900987 -0.249163394 0.0761640583
v -0.0683434621 -0.249592786 0.0745615278
v -0.0662876979 -0.249364738 0.0754126821
v -0.0685797349 -0.24951828 0.0748396431
v -0.0687553302 -0.249433284 0.075156859
v -0.0661247388 -0.249419694 0.0752076421
v -0.0659125463 -0.249461834 0.0750502859
v -0.0656653062 -0.249488358 0.0749514614
v -0.0648874656 -0.249461834 0.0750502859
v -0.0646408216 -0.250264351 0.0720552717
v -0.0651347057 -0.249488358 0.0749514614
v -0.0657504216 -0.250326459 0.0718235288
v -0.0659604684 -0.250295942 0.0719374929
v -0.0653999463 -0.249497359 0.0749177251
v -0.0661361829 -0.250253324 0.0720965181
v -0.06504208 -0.250331645 0.0718040977
v -0.0652775184 -0.250344818 0.0717548643
v -0.0655183211 -0.250343029 0.07176154
v -0.0648257152 -0.250304286 0.0719061409
v -0.0662675515 -0.242790763 0.130856684
v -0.0662675515 -0.235063379 0.128786138
v -0.0665712968 -0.24292243 0.130365184
v -0.0665712968 -0.235195045 0.128294638
v -0.0669544355 -0.243039494 0.129928521
v -0.0669544355 -0.235312049 0.127857975
v -0.0626427547 -0.259619837 0.0803118263
v -0.0662656442 -0.260557477 0.0768123184
v -0.0620831863 -0.256614332 0.07926648
v -0.0658698693 -0.257594411 0.0756087814
v -0.136499943 0.0310000134 0.0517999445
v -0.136499943 0.0310000134 0.047299913
v -0.136448921 0.0313882184 0.0517999445
v -0.136448921 0.0313882184 0.047299913
v -0.136299075 0.0317500186 0.0517999445
v -0.136299075 0.0317500186 0.047299913
v -0.136060657 0.032060678 0.0517999445
v -0.136060657 0.032060678 0.047299913
v -0.135749997 0.032299037 0.0517999445
v -0.135749997 0.032299037 0.047299913
v -0.135388197 0.0324488831 0.0517999445
v -0.135388197 0.0324488831 0.047299913
v -0.135000052 0.0325000239 0.0517999445
v -0.135000052 0.0325000239 0.047299913
v -0.134611787 0.0324488831 0.0517999445
v -0.134611787 0.0324488831 0.047299913
v -0.134249987 0.032299037 0.0517999445
v -0.134249987 0.032299037 0.047299913
v -0.133939327 0.032060678 0.0517999445
v -0.133939327 0.032060678 0.047299913
v -0.133700909 0.0317500186 0.0517999445
v -0.133700909 0.0317500186 0.047299913
v -0.133551063 0.0313882184 0.0517999445
v -0.133551063 0.0313882184 0.047299913
v -0.133500041 0.0310000134 0.0517999445
v -0.133500041 0.0310000134 0.047299913
v -0.164400043 0.0367873264 0.0517999445
v -0.155600013 0.0367873264 0.0517999445
v -0.164400043 0.0367873264 0.0492998872
v -0.155600013 0.0367873264 0.0492998872
v -0.119250001 0.0500000072 0.047299913
v -0.119354786 0.0500000072 0.0492998872
v -0.11920637 0.051127131 0.0492998872
v -0.119105162 0.0510999513 0.047299913
v -0.118771376 0.0521774245 0.0492998872
v -0.118680657 0.0521249724 0.047299913
v -0.118079366 0.0530793023 0.0492998872
v -0.118005218 0.0530052138 0.047299913
v -0.117177428 0.0537713719 0.0492998872
v -0.117124976 0.053680594 0.047299913
v -0.116127075 0.0542064262 0.0492998872
v -0.116100015 0.0541051579 0.047299913
v -0.114999951 0.0543548417 0.0492998872
v -0.114999951 0.0542499972 0.047299913
v -0.113872947 0.0542064262 0.0492998872
v -0.113900007 0.0541051579 0.047299913
v -0.112822594 0.0537713719 0.0492998872
v -0.112875046 0.053680594 0.047299913
v -0.111920656 0.0530793023 0.0492998872
v -0.111994804 0.0530052138 0.047299913
v -0.111228646 0.0521774245 0.0492998872
v -0.111319365 0.0521249724 0.047299913
v -0.110793532 0.051127131 0.0492998872
v -0.11089486 0.0510999513 0.047299913
v -0.110645236 0.0500000072 0.0492998872
v -0.110750021 0.0500000072 0.047299913
v -0.110503973 0.0567889762 0.047299913
v -0.110469879 0.0565301729 0.047299913
v -0.110574664 0.0565301729 0.0492998872
v -0.111469807 0.0574253154 0.0492998872
v -0.111469807 0.05753016 0.047299913
v -0.111238183 0.0573948574 0.0492998872
v -0.111211003 0.0574960661 0.047299913
v -0.111022295 0.0573053909 0.0492998872
v -0.110969843 0.0573961687 0.047299913
v -0.110836805 0.0571631742 0.0492998872
v -0.110762776 0.0572372628 0.047299913
v -0.110694589 0.0569777441 0.0492998872
v -0.110603871 0.0570301366 0.047299913
v -0.11060995 0.0567733598 0.0492998872
v -0.110605182 0.0567618561 0.0492998872
v 0.0130757674 -0.208260004 0.0659285102
v 0.0130757674 -0.208260004 0.0659297023
v 0.0130929335 -0.208260004 0.0659251724
v 0.0130920991 -0.208260004 0.0659328018
v 0.0131042584 -0.208260004 0.0659221922
v 0.0131042584 -0.208260004 0.0659363781
v 0.0132732972 -0.208260004 0.0658606802
v 0.0132732972 -0.208260004 0.0659971748
v 0.0126300439 -0.211950009 0.0748998438
v 0.0125301465 -0.211950009 0.0747999464
v 0.0126300439 -0.212590044 0.0748998438
v 0.0125301465 -0.212590044 0.0747999464
v 0.0125301465 -0.211950009 0.0709999118
v 0.0125301465 -0.212590044 0.0709999118
v 0.0153700694 -0.212590044 0.0748998438
v 0.0151700362 -0.212590044 0.0748998438
v 0.015470086 -0.212590044 0.0747999464
v 0.0150701388 -0.212590044 0.0747999464
v 0.015470086 -0.212590044 0.0709999118
v 0.0150701388 -0.212590044 0.0709999118
v 0.0136975631 -0.210354512 0.0708998953
v 0.0136734828 -0.2103231 0.0708998953
v 0.0136587008 -0.210334842 0.0708998953
v 0.0139264449 -0.2103231 0.0708998953
v 0.013902603 -0.210354512 0.0708998953
v 0.0139633998 -0.210358386 0.0708998953
v 0.0139250144 -0.210376685 0.0708998953
v 0.0139896258 -0.210399811 0.0708998953
v 0.0139492139 -0.21041203 0.0708998953
v 0.0140050038 -0.21044529 0.0708998953
v 0.0139637574 -0.210450535 0.0708998953
v 0.014009653 -0.210477178 0.0708998953
v 0.0139693602 -0.210497384 0.0708998953
v 0.0136664494 -0.210386579 0.0708998953
v 0.013635455 -0.210359399 0.0708998953
v 0.0136452302 -0.21042419 0.0708998953
v 0.0136089906 -0.21040297 0.0708998953
v 0.0136390313 -0.210441713 0.0708998953
v 0.0135965928 -0.210439389 0.0708998953
v 0.0136314019 -0.21048594 0.0708998953
v 0.0135897979 -0.210497622 0.0708998953
v 0.0136308059 -0.210499887 0.0708998953
v 0.0135917052 -0.210529571 0.0708998953
v 0.0136366471 -0.210547154 0.0708998953
v 0.0136033877 -0.210578446 0.0708998953
v 0.0136525019 -0.210587983 0.0708998953
v 0.0136248454 -0.210620825 0.0708998953
v 0.0136783704 -0.210624819 0.0708998953
v 0.0136613234 -0.210662489 0.0708998953
v 0.0137073382 -0.210649674 0.0708998953
v 0.0137007817 -0.210689907 0.0708998953
v 0.0137428626 -0.210667496 0.0708998953
v 0.013743101 -0.210706239 0.0708998953
v 0.0137817248 -0.210676019 0.0708998953
v 0.0137978181 -0.210712855 0.0708998953
v 0.0138004407 -0.210676973 0.0708998953
v 0.0138445481 -0.210671668 0.0708998953
v 0.0138506278 -0.210707252 0.0708998953
v 0.0138778075 -0.210659032 0.0708998953
v 0.0138965234 -0.210691159 0.0708998953
v 0.0139091595 -0.210637455 0.0708998953
v 0.0139403924 -0.210662131 0.0708998953
v 0.0139355048 -0.210608547 0.0708998953
v 0.0139570817 -0.210646098 0.0708998953
v 0.0139567241 -0.210569863 0.0708998953
v 0.0139848574 -0.210607414 0.0708998953
v 0.0139670953 -0.210529213 0.0708998953
v 0.0140032157 -0.210559552 0.0708998953
v 0.0140103682 -0.210497146 0.0708998953
v 0.0135897979 -0.210497622 0.0709999118
v 0.0135917052 -0.210529571 0.0709999118
v 0.0135949239 -0.21054316 0.0709999118
v 0.0136033877 -0.210578446 0.0709999118
v 0.0136248454 -0.210620825 0.0709999118
v 0.0136613234 -0.210662489 0.0709999118
v 0.0137007817 -0.210689907 0.0709999118
v 0.013743101 -0.210706239 0.0709999118
v 0.0137978181 -0.210712855 0.0709999118
v 0.0138506278 -0.210707252 0.0709999118
v 0.0138965234 -0.210691159 0.0709999118
v 0.0139403924 -0.210662131 0.0709999118
v 0.0140103682 -0.210497146 0.0709999118
v 0.0140052422 -0.210541968 0.0709999118
v 0.0140032157 -0.210559552 0.0709999118
v 0.0139848574 -0.210607414 0.0709999118
v 0.0139570817 -0.210646098 0.0709999118
v 0.013902603 -0.210354512 0.0709999118
v 0.0139264449 -0.2103231 0.0709999118
v 0.0139250144 -0.210376685 0.0709999118
v 0.0139492139 -0.21041203 0.0709999118
v 0.0139637574 -0.210450535 0.0709999118
v 0.0139693602 -0.210497384 0.0709999118
v 0.0138004407 -0.210676973 0.0709999118
v 0.0137817248 -0.210676019 0.0709999118
v 0.0137428626 -0.210667496 0.0709999118
v 0.0137073382 -0.210649674 0.0709999118
v 0.0136783704 -0.210624819 0.0709999118
v 0.0136525019 -0.210587983 0.0709999118
v 0.0136366471 -0.210547154 0.0709999118
v 0.0136308059 -0.210499887 0.0709999118
v 0.0136734828 -0.2103231 0.0709999118
v 0.0136975631 -0.210354512 0.0709999118
v 0.0140001162 -0.210241024 0.0708998953
v 0.0140001162 -0.210015421 0.0708998953
v 0.0139591082 -0.210015421 0.0708998953
v 0.0139591082 -0.210205142 0.0708998953
v 0.013805209 -0.210205142 0.0708998953
v 0.0136000499 -0.210241024 0.0708998953
v 0.0136411771 -0.210015421 0.0708998953
v 0.0136000499 -0.210015421 0.0708998953
v 0.0136411771 -0.210205142 0.0708998953
v 0.0137642011 -0.210205142 0.0708998953
v 0.0137642011 -0.210015421 0.0708998953
v 0.013805209 -0.210015421 0.0708998953
v 0.0140001162 -0.210015421 0.0709999118
v 0.0140001162 -0.210241024 0.0709999118
v 0.0139591082 -0.210205142 0.0709999118
v 0.0139591082 -0.210015421 0.0709999118
v 0.013805209 -0.210205142 0.0709999118
v 0.013805209 -0.210015421 0.0709999118
v 0.0137642011 -0.210015421 0.0709999118
v 0.0137642011 -0.210205142 0.0709999118
v 0.0136000499 -0.210241024 0.0709999118
v 0.0136000499 -0.210015421 0.0709999118
v 0.0139488562 -0.209747438 0.0708998953
v 0.0139488562 -0.209747438 0.0709999118
v 0.0139574393 -0.209804242 0.0709999118
v 0.0139574393 -0.209804242 0.0708998953
v 0.0139591082 -0.20986182 0.0709999118
v 0.0139591082 -0.20986182 0.0708998953
v 0.0136523827 -0.209756677 0.0708998953
v 0.0136523827 -0.209756677 0.0709999118
v 0.01365882 -0.209738736 0.0709999118
v 0.01365882 -0.209738736 0.0708998953
v 0.0136763438 -0.209708874 0.0709999118
v 0.0136763438 -0.209708874 0.0708998953
v 0.0136989936 -0.209685748 0.0709999118
v 0.0136989936 -0.209685748 0.0708998953
v 0.0137281998 -0.209667389 0.0709999118
v 0.0137281998 -0.209667389 0.0708998953
v 0.0137626513 -0.209655647 0.0709999118
v 0.0137626513 -0.209655647 0.0708998953
v 0.0138050898 -0.209651296 0.0709999118
v 0.0138050898 -0.209651296 0.0708998953
v 0.0136411771 -0.209879582 0.0708998953
v 0.0136411771 -0.209907715 0.0708998953
v 0.0136411771 -0.209879582 0.0709999118
v 0.0136411771 -0.209907715 0.0709999118
v 0.0136000499 -0.209369247 0.0708998953
v 0.0136000499 -0.209374373 0.0708998953
v 0.013830839 -0.209444647 0.0708998953
v 0.0136780127 -0.209372227 0.0708998953
v 0.013830839 -0.209301715 0.0708998953
v 0.0140001162 -0.209184651 0.0708998953
v 0.0140001162 -0.209564154 0.0708998953
v 0.0140001162 -0.209524934 0.0708998953
v 0.013871847 -0.209464138 0.0708998953
v 0.0140001162 -0.209223692 0.0708998953
v 0.013871847 -0.20928282 0.0708998953
v 0.0140001162 -0.209564154 0.0709999118
v 0.0136000499 -0.209374373 0.0709999118
v 0.0140001162 -0.209524934 0.0709999118
v 0.0140001162 -0.209223692 0.0709999118
v 0.013871847 -0.20928282 0.0709999118
v 0.0136000499 -0.209369247 0.0709999118
v 0.0129300937 -0.209410017 0.0709999118
v 0.0125301465 -0.209410017 0.0709999118
v 0.0129300937 -0.209410017 0.0747999464
v 0.0125301465 -0.209410017 0.0747999464
v 0.0128300771 -0.209410017 0.0748998438
v 0.0126300439 -0.209410017 0.0748998438
v 0.0129300937 -0.210050051 0.0747999464
v 0.0128300771 -0.210050051 0.0748998438
v 0.015470086 -0.209410017 0.0709999118
v 0.015470086 -0.209410017 0.0747999464
v 0.015470086 -0.209589784 0.0709999118
v 0.015470086 -0.210050051 0.0747999464
v 0.015470086 -0.209979539 0.0709999118
v 0.015470086 -0.210050051 0.0709999118
v 0.0153700694 -0.209410017 0.0748998438
v 0.0151700362 -0.209410017 0.0748998438
v 0.0153700694 -0.210050051 0.0748998438
v 0.0151700362 -0.210050051 0.0748998438
v 0.0146700724 -0.210330014 0.0631999288
v 0.014770089 -0.210230057 0.0632999454
v 0.0158701524 -0.210330014 0.0631999288
v 0.0157701358 -0.210230057 0.0632999454
v -0.00351053631 -0.17606384 0.141613296
v -0.00353545105 -0.17606384 0.141603283
v -0.0034437791 -0.17606384 0.141448191
v -0.0034604684 -0.17606384 0.141417793
v -0.00337368404 -0.17606384 0.141476563
v -0.0033654586 -0.17606384 0.141456178
v -0.00351053631 -0.176163857 0.141613296
v -0.0034437791 -0.176163857 0.141448191
v -0.0032846347 -0.17606384 0.14169865
v -0.00327450191 -0.17606384 0.141673735
v -0.0032846347 -0.176163857 0.14169865
v -0.00327450191 -0.176163857 0.141673735
v 0.0172250851 -0.219005053 0.0713313137
v 0.0172250851 -0.218995039 0.0713313137
v 0.0172502383 -0.218995039 0.0713083063
v 0.0172502383 -0.219005053 0.0713083063
v 0.0172808751 -0.218995039 0.0712918554
v 0.0172808751 -0.219005053 0.0712918554
v 0.0173158034 -0.218995039 0.0712831531
v 0.0173158034 -0.219005053 0.0712831531
v 0.0173335656 -0.218995039 0.0712820802
v 0.0173335656 -0.219005053 0.0712820802
v 0.0155790433 -0.218995039 0.0712992464
v 0.0155796393 -0.218995039 0.0712992464
v 0.0155773743 -0.218995039 0.0713078294
v 0.015581189 -0.218995039 0.0713073526
v 0.0155758246 -0.218995039 0.0713134323
v 0.0155829772 -0.218995039 0.0713134323
v 0.0155451878 -0.218995039 0.0713979517
v 0.0156133756 -0.218995039 0.0713979517
v 0.0160884246 -0.219005053 0.0714407478
v 0.0160884246 -0.218995039 0.0714407478
v 0.0160904511 -0.218995039 0.0714475427
v 0.0160904511 -0.219005053 0.0714475427
v 0.0160916432 -0.218995039 0.0714524303
v 0.0160916432 -0.219005053 0.0714524303
v 0.0161914214 -0.219005053 0.0714685236
v 0.0161914214 -0.218995039 0.0714685236
v 0.016184388 -0.218995039 0.0714623247
v 0.016184388 -0.219005053 0.0714623247
v 0.0161795005 -0.218995039 0.0714555297
v 0.0161795005 -0.219005053 0.0714555297
v 0.016176401 -0.218995039 0.0714475427
v 0.016176401 -0.219005053 0.0714475427
v 0.0161750897 -0.218995039 0.0714370523
v 0.0161750897 -0.219005053 0.0714370523
v 0.0163441285 -0.219005053 0.0714473043
v 0.0163441285 -0.218995039 0.0714473043
v 0.0163474664 -0.218995039 0.071450523
v 0.0163474664 -0.219005053 0.071450523
v 0.0163546189 -0.218995039 0.0714552913
v 0.0163546189 -0.219005053 0.0714552913
v 0.0163623675 -0.218995039 0.0714581524
v 0.0163623675 -0.219005053 0.0714581524
v 0.0163717851 -0.218995039 0.071459106
v 0.0163717851 -0.219005053 0.071459106
v 0.0163077697 -0.219005053 0.0713831697
v 0.0163077697 -0.218995039 0.0713831697
v 0.0163097962 -0.218995039 0.0713635002
v 0.0163097962 -0.219005053 0.0713635002
v 0.0163137301 -0.218995039 0.0713520561
v 0.0163137301 -0.219005053 0.0713520561
v 0.0163189753 -0.218995039 0.0713438306
v 0.0163189753 -0.219005053 0.0713438306
v 0.0163257703 -0.218995039 0.0713373933
v 0.0163257703 -0.219005053 0.0713373933
v 0.0163343533 -0.218995039 0.071332625
v 0.0163343533 -0.219005053 0.071332625
v 0.0163450822 -0.218995039 0.0713294063
v 0.0163450822 -0.219005053 0.0713294063
v 0.0163602218 -0.218995039 0.0713279758
v 0.0163602218 -0.219005053 0.0713279758
v 0.0165318831 -0.219005053 0.071361712
v 0.0164591655 -0.219005053 0.071361712
v 0.0165318831 -0.218995039 0.071361712
v 0.0164591655 -0.218995039 0.071361712
v 0.0164591655 -0.219005053 0.0713849578
v 0.0164591655 -0.218995039 0.0713849578
v 0.0161018952 -0.219005053 0.0709505592
v 0.0160438403 -0.219005053 0.0709505592
v 0.0161018952 -0.218995039 0.0709505592
v 0.0160438403 -0.218995039 0.0709505592
v 0.0160458669 -0.219005053 0.0711539302
v 0.0161018952 -0.219005053 0.0711539302
v 0.0160458669 -0.218995039 0.0711539302
v 0.0161018952 -0.218995039 0.0711539302
v 0.0162233695 -0.218995039 0.0711308036
v 0.0162233695 -0.219005053 0.0711308036
v 0.016168414 -0.218995039 0.0711308036
v 0.0161402806 -0.219005053 0.0711308036
v 0.0161402806 -0.218995039 0.0711308036
v 0.0164164885 -0.219005053 0.0711296116
v 0.0164164885 -0.218995039 0.0711296116
v 0.0164001569 -0.218995039 0.0711432014
v 0.0164001569 -0.219005053 0.0711432014
v 0.0163809642 -0.218995039 0.0711522613
v 0.0163809642 -0.219005053 0.0711522613
v 0.0163589104 -0.218995039 0.0711567913
v 0.0163589104 -0.219005053 0.0711567913
v 0.0163466319 -0.218995039 0.0711573873
v 0.0163466319 -0.219005053 0.0711573873
v 0.0164132699 -0.219005053 0.0709771429
v 0.0164132699 -0.218995039 0.0709771429
v 0.0164280518 -0.218995039 0.0709963356
v 0.0164335355 -0.218995039 0.0710093294
v 0.0164377078 -0.219005053 0.0710189853
v 0.0164280518 -0.219005053 0.0709963356
v 0.0164377078 -0.218995039 0.0710189853
v 0.0164422377 -0.218995039 0.071045569
v 0.0164422377 -0.219005053 0.071045569
v 0.0164425954 -0.218995039 0.0710561786
v 0.0164425954 -0.219005053 0.0710561786
v 0.0165582284 -0.219005053 0.0709505592
v 0.0165318831 -0.219005053 0.0709505592
v 0.0165582284 -0.218995039 0.0709505592
v 0.0165318831 -0.218995039 0.0709505592
v 0.0179143533 -0.215995018 0.0717999254
v 0.0179143533 -0.216095035 0.071899942
v 0.0180142506 -0.216095035 0.0717999254
v 0.0159305915 -0.218995039 0.0717999254
v 0.0179143533 -0.218895023 0.071899942
v 0.0158663377 -0.218995039 0.0717999254
v 0.00811427677 -0.218895023 0.071899942
v 0.00811427677 -0.218995039 0.0717999254
v 0.0160086736 -0.218995039 0.0717999254
v 0.0161210879 -0.218995039 0.0717999254
v 0.016168414 -0.218995039 0.0717999254
v 0.0162613973 -0.218995039 0.0717999254
v 0.0164335355 -0.218995039 0.0717999254
v 0.0164456948 -0.218995039 0.0717999254
v 0.0166414365 -0.218995039 0.0717999254
v 0.0177808389 -0.218995039 0.0717999254
v 0.0179143533 -0.218995039 0.0717999254
v 0.00811427677 -0.216095035 0.071899942
v 0.00811427677 -0.215995018 0.0717999254
v 0.0179143533 -0.218895023 0.068899921
v 0.0180142506 -0.218895023 0.0689999376
v 0.0179143533 -0.218995039 0.0689999376
v 0.00801426018 -0.218895023 0.0717999254
v 0.00801426018 -0.216095035 0.0717999254
v 0.0179143533 -0.215995018 0.0689999376
v 0.0179143533 -0.216095035 0.068899921
v 0.00811427677 -0.215995018 0.0689999376
v 0.00811427677 -0.216095035 0.068899921
v 0.00811427677 -0.218895023 0.068899921
v 0.00801426018 -0.218895023 0.0689999376
v 0.00801426018 -0.216095035 0.0689999376
v 0.0180142506 -0.218895023 0.0717999254
v 0.0180142506 -0.216095035 0.0689999376
v -0.017050685 -0.173513477 0.1317318
v -0.0170528308 -0.173518424 0.131732276
v -0.0170300618 -0.173531775 0.131727389
v -0.0170331613 -0.173536067 0.131728104
v -0.0170559302 -0.173525636 0.131732873
v -0.0170592681 -0.173530464 0.131733588
v -0.0170505658 -0.173560564 0.1317318
v -0.0170686856 -0.173544531 0.131735614
v -0.0170760766 -0.173577194 0.131737045
v -0.0170885936 -0.173557346 0.131739667
v -0.0170786992 -0.173578982 0.131737641
v -0.0170908586 -0.173558776 0.131740144
v -0.0170871631 -0.173581784 0.13173931
v -0.017096819 -0.173560564 0.131741336
v -0.0170957462 -0.173584585 0.131741098
v -0.0171043292 -0.173562889 0.131742767
v -0.0171055213 -0.173585777 0.131743005
v -0.0171105281 -0.173563485 0.131743959
v -0.0171282903 -0.173588519 0.131747416
v -0.0171282903 -0.173565333 0.131747416
v -0.0171559468 -0.173588281 0.131752661
v -0.0171428338 -0.173565214 0.131750158
v -0.0171834842 -0.173588102 0.131757668
v -0.0171574966 -0.173565094 0.1317529
v -0.0171827689 -0.173486416 0.131757549
v -0.0171569005 -0.173486714 0.13175278
v -0.0171821729 -0.173384731 0.13175731
v -0.0171563045 -0.173408334 0.131752661
v -0.0171534434 -0.17338491 0.131752184
v -0.0171411649 -0.173408394 0.131749919
v -0.0171248332 -0.173385148 0.13174682
v -0.0171260253 -0.173408513 0.131747058
v -0.0170940772 -0.17338938 0.13174074
v -0.0171006337 -0.173411911 0.131742052
v -0.0170978919 -0.173412268 0.131741575
v -0.0170328036 -0.173434501 0.131727985
v -0.0170494929 -0.173412626 0.131731561
v -0.0170684472 -0.173428063 0.131735495
v -0.0170635596 -0.173403387 0.131734541
v -0.0170840636 -0.173418348 0.131738714
v -0.0170708314 -0.173398559 0.131736091
v -0.0170919315 -0.173414891 0.131740383
v -0.0170828715 -0.173393254 0.131738475
v -0.0170902625 -0.173389916 0.131740025
v -0.0170559302 -0.173445587 0.131732873
v -0.0170540229 -0.173448269 0.131732515
v -0.0170307771 -0.173437183 0.131727508
v -0.0170519963 -0.173453455 0.131732038
v -0.0170276776 -0.173525577 0.131726912
v -0.0170245782 -0.173517947 0.131726197
v -0.0170503274 -0.173510735 0.13173168
v -0.0170242206 -0.173514967 0.131726078
v -0.0170469896 -0.173485522 0.131730965
v -0.017019929 -0.173484986 0.131725124
v -0.0170499698 -0.173461323 0.13173168
v -0.0170245782 -0.173455005 0.131726197
v -0.0170503274 -0.173457866 0.13173168
v -0.0170254127 -0.173449521 0.131726316
v -0.0170275584 -0.173444693 0.131726793
v -0.0178660766 -0.173468356 0.131808809
v -0.0178660766 -0.173468356 0.131818822
v -0.0178297177 -0.173468595 0.13180857
v -0.0178295985 -0.173468595 0.131818465
v -0.0177933589 -0.173468893 0.131807855
v -0.0177931205 -0.173468893 0.131817869
v -0.0177744046 -0.173163419 0.131817392
v -0.0177746431 -0.173163419 0.131807378
v -0.0177719012 -0.173185353 0.131817392
v -0.0177722589 -0.173185353 0.131807378
v -0.0177709476 -0.173194115 0.131817273
v -0.0177714244 -0.173192863 0.131807378
v -0.017768325 -0.17320246 0.131817273
v -0.0177684442 -0.1732024 0.131807259
v -0.0177658216 -0.173210149 0.131817154
v -0.0177661792 -0.173210089 0.13180714
v -0.0177640334 -0.173212891 0.131817154
v -0.0177643911 -0.173212891 0.13180714
v -0.0177486554 -0.17323709 0.131816677
v -0.0177490131 -0.17323709 0.131806663
v -0.0176697389 -0.173055177 0.131803206
v -0.0176962033 -0.173059051 0.131804517
v -0.0176691428 -0.173055177 0.13181322
v -0.0176957265 -0.173058991 0.131814531
v -0.0177031175 -0.173060064 0.131814889
v -0.0177041904 -0.173060243 0.131804875
v -0.0177101508 -0.173062806 0.131815127
v -0.0177106277 -0.173062746 0.131805233
v -0.017717661 -0.173065667 0.131815485
v -0.0177181379 -0.173065667 0.131805471
v -0.0177204028 -0.173067574 0.131815604
v -0.0177207605 -0.173067574 0.13180559
v -0.0177447215 -0.173084621 0.131806544
v -0.0177443639 -0.173084621 0.131816557
v -0.0176690236 -0.173078899 0.13181322
v -0.0176696197 -0.173078899 0.131803206
v -0.0176514999 -0.173080986 0.131812266
v -0.0176520959 -0.173080986 0.131802252
v -0.0176441089 -0.17308182 0.131811789
v -0.0176447049 -0.17308182 0.131801776
v -0.0176400558 -0.173083489 0.131811551
v -0.0176406518 -0.173083489 0.131801537
v -0.0176211015 -0.173091297 0.131810359
v -0.0176218167 -0.173091297 0.131800464
v -0.0177270785 -0.173220222 0.131815842
v -0.0177274362 -0.173220222 0.131805829
v -0.0177328006 -0.173211222 0.131816081
v -0.0177331582 -0.173211162 0.131806067
v -0.0177364961 -0.17320544 0.1318162
v -0.0177373305 -0.173204486 0.131806305
v -0.0177409068 -0.173195426 0.131816438
v -0.0177413837 -0.173195426 0.131806425
v -0.017743291 -0.173190122 0.131816438
v -0.0177436486 -0.173190122 0.131806425
v -0.0177436486 -0.17318738 0.131816438
v -0.0177440063 -0.17318738 0.131806544
v -0.0177467481 -0.173162048 0.131816557
v -0.0177469865 -0.173162048 0.131806544
v -0.0176220552 -0.173228745 0.131810478
v -0.0176227704 -0.173228745 0.131800464
v -0.0176414863 -0.173236732 0.13181167
v -0.0176420823 -0.173236673 0.131801656
v -0.017647566 -0.173239236 0.131812028
v -0.0176484004 -0.173239295 0.131802014
v -0.0176524535 -0.173239713 0.131812266
v -0.0176530496 -0.173239772 0.131802252
v -0.0176748649 -0.173241978 0.131813577
v -0.0176753417 -0.173241978 0.131803564
v -0.00621992504 -0.236669962 0.0618317638
v -0.00621992504 -0.236680274 0.0618308101
v -0.00621992504 -0.236680274 0.0619435821
v -0.00621992504 -0.236736362 0.061893395
v -0.00621992504 -0.236736362 0.0618812357
v -0.00621992504 -0.236693149 0.0618322406
v -0.00621992504 -0.236705844 0.0618368898
v -0.00621992504 -0.236733203 0.0619067464
v -0.00621992504 -0.236727004 0.0619187866
v -0.00621992504 -0.236717825 0.061929277
v -0.00621992504 -0.236654763 0.0619375024
v -0.00621992504 -0.236634855 0.0618538175
v -0.00621992504 -0.236644452 0.0618436847
v -0.00621992504 -0.236706262 0.0619371448
v -0.00621992504 -0.23669291 0.0619421516
v -0.00621992504 -0.236628239 0.0618655
v -0.00621992504 -0.236643319 0.0619297538
v -0.00621992504 -0.236624544 0.0618786131
v -0.00621992504 -0.236667519 0.0619421516
v -0.00621992504 -0.236656373 0.0618361745
v -0.00621992504 -0.23671705 0.0618444
v -0.00621992504 -0.236726408 0.0618548904
v -0.00621992504 -0.236733024 0.0618672882
v -0.00621992504 -0.236624126 0.0618926798
v -0.00621992504 -0.236633902 0.0619192634
v -0.00621992504 -0.236627345 0.0619066272
v -0.00622993862 -0.236826305 0.061903051
v -0.00622993862 -0.236826305 0.0618886266
v -0.00621992504 -0.236826305 0.061903051
v -0.00621992504 -0.236826305 0.0618886266
v -0.00621992504 -0.238282089 0.0618824278
v -0.00621992504 -0.238284354 0.0618845735
v -0.00621992504 -0.238225048 0.0620201145
v -0.00621992504 -0.238194351 0.0620201145
v -0.00621992504 -0.238194351 0.0618633543
v -0.00621992504 -0.238223855 0.0618633543
v -0.00621992504 -0.238252227 0.0618668113
v -0.00621992504 -0.238268976 0.0618732486
v -0.00621992504 -0.238293414 0.0618955408
v -0.00621992504 -0.238300745 0.0619103227
v -0.00621992504 -0.238305097 0.0619283233
v -0.00621992504 -0.23830605 0.0619437013
v -0.00621992504 -0.23830301 0.0619693313
v -0.00621992504 -0.238297229 0.0619841133
v -0.00621992504 -0.238289361 0.0619955574
v -0.00621992504 -0.238283758 0.062001041
v -0.00621992504 -0.238251214 0.0620172535
v -0.00621992504 -0.238268857 0.0620109354
v -0.00622993862 -0.237858658 0.0617738281
v -0.00622993862 -0.237858658 0.0617964779
v -0.00621992504 -0.237858658 0.0617738281
v -0.00621992504 -0.237858658 0.0617964779
v -0.00621992504 -0.237682049 0.0618974481
v -0.00621992504 -0.237682049 0.0618991171
v -0.00621992504 -0.237623398 0.0618995939
v -0.00621992504 -0.237682049 0.0619130645
v -0.00621992504 -0.237648075 0.0619085346
v -0.00621992504 -0.237631803 0.0619046007
v -0.00621992504 -0.23762614 0.0619017397
v -0.00621992504 -0.23768038 0.0618861232
v -0.00621992504 -0.237620358 0.0618957792
v -0.00621992504 -0.237676625 0.0618769441
v -0.00621992504 -0.237621849 0.0618663345
v -0.00621992504 -0.237624054 0.0618641887
v -0.00621992504 -0.237667923 0.0618663345
v -0.00621992504 -0.237618988 0.061870626
v -0.00621992504 -0.23766077 0.0618615661
v -0.00621992504 -0.237653022 0.0618587051
v -0.00621992504 -0.237643485 0.0618576322
v -0.00621992504 -0.237618153 0.0618910108
v -0.00621992504 -0.237616842 0.0618851696
v -0.00621992504 -0.237671142 0.0618694339
v -0.00621992504 -0.237616663 0.0618811164
v -0.00621992504 -0.237617319 0.0618752752
v -0.00621992504 -0.23762912 0.0618607317
v -0.00621992504 -0.237634902 0.0618585859
v -0.00621992504 -0.238027399 0.0622051273
v -0.00621992504 -0.238029664 0.0622071539
v -0.00621992504 -0.237970357 0.062342814
v -0.00621992504 -0.237939661 0.062342814
v -0.00621992504 -0.237939661 0.0621860538
v -0.00621992504 -0.237969165 0.0621860538
v -0.00621992504 -0.237997537 0.0621893917
v -0.00621992504 -0.238014286 0.0621959482
v -0.00621992504 -0.238038723 0.0622181211
v -0.00621992504 -0.238046114 0.0622329031
v -0.00621992504 -0.238050406 0.0622510229
v -0.00621992504 -0.23805136 0.0622664009
v -0.00621992504 -0.23804832 0.0622920309
v -0.00621992504 -0.238042538 0.0623068128
v -0.00621992504 -0.23803467 0.0623181377
v -0.00621992504 -0.238029067 0.0623236213
v -0.00621992504 -0.237996523 0.062339953
v -0.00621992504 -0.238014166 0.0623335157
v -0.00621992504 -0.23797143 0.062366179
v -0.00622993862 -0.23797143 0.062366179
v -0.00622993862 -0.238002484 0.062362722
v -0.00622993862 -0.23804832 0.0623392377
v -0.00621992504 -0.23804832 0.0623392377
v -0.00621992504 -0.238027041 0.0623537813
v -0.00622993862 -0.238027041 0.0623537813
v -0.00621992504 -0.238006537 0.0623612915
v -0.00621992504 -0.238002484 0.062362722
v -0.00357097542 -0.237551336 0.0612599168
v -0.00337869083 -0.237551336 0.0612599168
v -0.00357097542 -0.237551336 0.0611599002
v -0.00337869083 -0.237551336 0.0611599002
v -0.00287300502 -0.237878268 0.0612599168
v -0.00283378517 -0.237908308 0.0612599168
v -0.00284844791 -0.237926786 0.0612599168
v -0.00283378517 -0.237592106 0.0612599168
v -0.00287300502 -0.237621849 0.0612599168
v -0.00287789261 -0.237545853 0.0612599168
v -0.00290066158 -0.237593954 0.0612599168
v -0.00292962944 -0.237513249 0.0612599168
v -0.00294488823 -0.237563674 0.0612599168
v -0.00298649227 -0.237493937 0.0612599168
v -0.00299304878 -0.237545435 0.0612599168
v -0.00302630817 -0.237488155 0.0612599168
v -0.00305158054 -0.237538521 0.0612599168
v -0.00291317856 -0.23791707 0.0612599168
v -0.0028790847 -0.237955873 0.0612599168
v -0.00296014702 -0.237943654 0.0612599168
v -0.00293356334 -0.237988894 0.0612599168
v -0.00298208152 -0.237951403 0.0612599168
v -0.0029792205 -0.23800451 0.0612599168
v -0.00303727543 -0.237960999 0.0612599168
v -0.00305193817 -0.238012915 0.0612599168
v -0.00305467998 -0.237961595 0.0612599168
v -0.00309187328 -0.23801053 0.0612599168
v -0.00311380779 -0.237954323 0.0612599168
v -0.00315290844 -0.237996047 0.0612599168
v -0.00316494857 -0.237934594 0.0612599168
v -0.00320595657 -0.237969165 0.0612599168
v -0.00321096336 -0.237902229 0.0612599168
v -0.00325793182 -0.237923508 0.0612599168
v -0.00324195778 -0.237865989 0.0612599168
v -0.0032922641 -0.237874274 0.0612599168
v -0.00326424991 -0.237821643 0.0612599168
v -0.00331264888 -0.237821286 0.0612599168
v -0.00327497875 -0.237773066 0.0612599168
v -0.00332099353 -0.237752979 0.0612599168
v -0.00327605163 -0.237749581 0.0612599168
v -0.00326949512 -0.237694507 0.0612599168
v -0.00331396019 -0.237686996 0.0612599168
v -0.00325364029 -0.237652962 0.0612599168
v -0.00329393303 -0.237629478 0.0612599168
v -0.00322669899 -0.237613802 0.0612599168
v -0.00325757419 -0.237574701 0.0612599168
v -0.00319057857 -0.237580781 0.0612599168
v -0.00323754703 -0.237553899 0.0612599168
v -0.0031421796 -0.237554376 0.0612599168
v -0.00318914806 -0.237519209 0.0612599168
v -0.00309139644 -0.237541263 0.0612599168
v -0.003129305 -0.237496202 0.0612599168
v -0.00305134212 -0.237487261 0.0612599168
v -0.00305134212 -0.237487261 0.0611599002
v -0.00310737049 -0.237493699 0.0611599002
v -0.003129305 -0.237496202 0.0611599002
v -0.00318914806 -0.237519209 0.0611599002
v -0.00323754703 -0.237553899 0.0611599002
v -0.00325757419 -0.237574701 0.0611599002
v -0.00302630817 -0.237488155 0.0611599002
v -0.00298828041 -0.237493699 0.0611599002
v -0.00298649227 -0.237493937 0.0611599002
v -0.00292962944 -0.237513249 0.0611599002
v -0.00287789261 -0.237545853 0.0611599002
v -0.00283378517 -0.237592106 0.0611599002
v -0.00287300502 -0.237621849 0.0611599002
v -0.00305467998 -0.237961595 0.0611599002
v -0.00303727543 -0.237960999 0.0611599002
v -0.00298208152 -0.237951403 0.0611599002
v -0.00296014702 -0.237943654 0.0611599002
v -0.00291317856 -0.23791707 0.0611599002
v -0.00287300502 -0.237878268 0.0611599002
v -0.00305193817 -0.238012915 0.0611599002
v -0.00299626743 -0.238006477 0.0611599002
v -0.0029792205 -0.23800451 0.0611599002
v -0.00293356334 -0.237988894 0.0611599002
v -0.0028790847 -0.237955873 0.0611599002
v -0.00284844791 -0.237926786 0.0611599002
v -0.00283378517 -0.237908308 0.0611599002
v -0.00268632328 -0.23774368 0.0612599168
v -0.00268632328 -0.237551336 0.0612599168
v -0.00268632328 -0.23774368 0.0611599002
v -0.00268632328 -0.237551336 0.0611599002
v -0.002449216 -0.23779494 0.0612599168
v -0.002449216 -0.23774368 0.0612599168
v -0.002449216 -0.23779494 0.0611599002
v -0.002449216 -0.23774368 0.0611599002
v -0.00268632328 -0.23794878 0.0612599168
v -0.00268632328 -0.23779494 0.0612599168
v -0.00268632328 -0.23794878 0.0611599002
v -0.00268632328 -0.23779494 0.0611599002
v -0.00199407493 -0.237743859 0.0612599168
v -0.00199407493 -0.237743859 0.0611599002
v -0.00199443256 -0.237729971 0.0611599002
v -0.00199443256 -0.237729971 0.0612599168
v -0.00200325405 -0.237677102 0.0611599002
v -0.00200325405 -0.237677102 0.0612599168
v -0.00201982414 -0.237639253 0.0611599002
v -0.00201982414 -0.237639253 0.0612599168
v -0.00204461967 -0.23760653 0.0611599002
v -0.00204461967 -0.23760653 0.0612599168
v -0.00207442199 -0.23758245 0.0611599002
v -0.00207442199 -0.23758245 0.0612599168
v -0.0021142379 -0.237564092 0.0611599002
v -0.0021142379 -0.237564092 0.0612599168
v -0.00227934276 -0.23794878 0.0612599168
v -0.0023145095 -0.23794878 0.0612599168
v -0.00227934276 -0.23794878 0.0611599002
v -0.0023145095 -0.23794878 0.0611599002
v -0.00209981357 -0.237982039 0.0612599168
v -0.00209981357 -0.237982039 0.0611599002
v -0.00217837249 -0.237997 0.0611599002
v -0.00217837249 -0.237997 0.0612599168
v -0.00225848114 -0.2380001 0.0611599002
v -0.00225848114 -0.2380001 0.0612599168
v -0.00235945141 -0.237500076 0.0612599168
v -0.00235945141 -0.2380001 0.0612599168
v -0.00235945141 -0.237500076 0.0611599002
v -0.00235945141 -0.2380001 0.0611599002
v -0.00220447933 -0.237500076 0.0612599168
v -0.00220447933 -0.237500076 0.0611599002
v -0.00164514934 -0.237902646 0.0612599168
v -0.0017357484 -0.237711613 0.0612599168
v -0.00164514934 -0.237902646 0.0611599002
v -0.0017357484 -0.237711613 0.0611599002
v -0.00183612262 -0.237500076 0.0612599168
v -0.00188511764 -0.237500076 0.0612599168
v -0.00183612262 -0.237500076 0.0611599002
v -0.00188511764 -0.237500076 0.0611599002
v -0.0017600671 -0.237660353 0.0612599168
v -0.0017600671 -0.237660353 0.0611599002
v -0.00145954048 -0.237500076 0.0612599168
v -0.00153345024 -0.237660353 0.0612599168
v -0.00145954048 -0.237500076 0.0611599002
v -0.00153345024 -0.237660353 0.0611599002
v -0.00164145385 -0.2380001 0.0612599168
v -0.00141066467 -0.237500076 0.0612599168
v -0.00164145385 -0.2380001 0.0611599002
v -0.00141066467 -0.237500076 0.0611599002
v -0.00462991153 -0.23909009 0.0689498697
v -0.00526994621 -0.23909009 0.0689498697
v -0.00462991153 -0.23909009 0.0631999288
v -0.00526994621 -0.23909009 0.0631999288
v -0.00462991153 -0.238840108 0.0691998516
v -0.00526994621 -0.238840108 0.0691998516
v -0.00526994621 -0.238700097 0.0576599155
v -0.00526994621 -0.238840108 0.0576599155
v -0.00526994621 -0.238450055 0.0579098974
v -0.00526994621 -0.23909009 0.0579098974
v -0.00526994621 -0.238450055 0.0611599002
v -0.00526994621 -0.23909009 0.0611599002
v -0.00462991153 -0.238450055 0.0579098974
v -0.00462991153 -0.238700097 0.0576599155
v -0.00462991153 -0.238840108 0.0576599155
v -0.00462991153 -0.23909009 0.0579098974
v -0.00526994621 -0.236300056 0.0691998516
v -0.00526994621 -0.236160104 0.0691998516
v -0.00526994621 -0.236550097 0.0689498697
v -0.00526994621 -0.235910063 0.0689498697
v -0.00526994621 -0.236550097 0.0631999288
v -0.00526994621 -0.235910063 0.0631999288
v -0.00462991153 -0.236550097 0.0689498697
v -0.00462991153 -0.236550097 0.0631999288
v -0.00462991153 -0.236300056 0.0691998516
v -0.00462991153 -0.236160104 0.0691998516
v -0.00462991153 -0.235910063 0.0611599002
v -0.00462991153 -0.235910063 0.0579098974
v -0.00526994621 -0.235910063 0.0611599002
v -0.00526994621 -0.235910063 0.0579098974
v -0.00526994621 -0.236550097 0.0611599002
v -0.00526994621 -0.236550097 0.0579098974
v -0.00462991153 -0.236550097 0.0611599002
v -0.00462991153 -0.236550097 0.0579098974
v -0.00462991153 -0.236160104 0.0576599155
v -0.00526994621 -0.236160104 0.0576599155
v -0.00462991153 -0.236300056 0.0576599155
v -0.00526994621 -0.236300056 0.0576599155
v -0.00272995388 -0.238840108 0.0691998516
v -0.00272995388 -0.238700097 0.0691998516
v -0.00272995388 -0.23909009 0.0689498697
v -0.00272995388 -0.238450055 0.0689498697
v -0.00272995388 -0.23909009 0.0631999288
v -0.00272995388 -0.238450055 0.0631999288
v -0.0020899192 -0.23909009 0.0689498697
v -0.0020899192 -0.23909009 0.0631999288
v -0.0020899192 -0.238840108 0.0691998516
v -0.0020899192 -0.238700097 0.0691998516
v -0.0020899192 -0.238450055 0.0689498697
v -0.0020899192 -0.238450055 0.0631999288
v -0.0020899192 -0.238450055 0.0611599002
v -0.0020899192 -0.238450055 0.0579098974
v -0.0024042741 -0.238450055 0.0611599002
v -0.00272995388 -0.238450055 0.0579098974
v -0.00272995388 -0.238450055 0.0611599002
v -0.0020899192 -0.238700097 0.0576599155
v -0.0020899192 -0.238840108 0.0576599155
v -0.0020899192 -0.23909009 0.0579098974
v -0.0020899192 -0.23909009 0.0611599002
v -0.00272995388 -0.238700097 0.0576599155
v -0.00272995388 -0.238840108 0.0576599155
v -0.00272995388 -0.23909009 0.0579098974
v -0.00272995388 -0.23909009 0.0611599002
v -0.00272995388 -0.236300056 0.0691998516
v -0.00272995388 -0.236160104 0.0691998516
v -0.00272995388 -0.236550097 0.0689498697
v -0.00272995388 -0.235910063 0.0689498697
v -0.00272995388 -0.236550097 0.0631999288
v -0.00272995388 -0.235910063 0.0631999288
v -0.0020899192 -0.236550097 0.0631999288
v -0.0020899192 -0.235910063 0.0631999288
v -0.0020899192 -0.236550097 0.0689498697
v -0.0020899192 -0.235910063 0.0689498697
v -0.0020899192 -0.236300056 0.0691998516
v -0.0020899192 -0.236160104 0.0691998516
v -0.0020899192 -0.235910063 0.0611599002
v -0.0020899192 -0.235910063 0.0579098974
v -0.0024042741 -0.235910063 0.0611599002
v -0.00272995388 -0.235910063 0.0579098974
v -0.00272995388 -0.235910063 0.0611599002
v -0.00272995388 -0.236550097 0.0611599002
v -0.00272995388 -0.236550097 0.0579098974
v -0.0024042741 -0.236550097 0.0611599002
v -0.0020899192 -0.236550097 0.0579098974
v -0.0020899192 -0.236550097 0.0611599002
v -0.0020899192 -0.236160104 0.0576599155
v -0.0020899192 -0.236300056 0.0576599155
v -0.00272995388 -0.236160104 0.0576599155
v -0.00272995388 -0.236300056 0.0576599155
v -0.00561994468 -0.240040069 0.0606599365
v -0.00427991306 -0.240040069 0.0606599365
v -0.00561994468 -0.240040069 0.0631999288
v -0.00427991306 -0.240040069 0.0631999288
v -0.00350850975 -0.235460048 0.0606599365
v -0.00307995235 -0.234960084 0.0606599365
v -0.00131136333 -0.235460048 0.0606599365
v -0.00173992073 -0.234960084 0.0606599365
v 0.0245389327 -0.220516686 0.0683576379
v 0.0245169982 -0.220519249 0.0683191333
v 0.0244203194 -0.220532184 0.0683689628
v 0.0245880469 -0.220511322 0.0681901489
v 0.0246096238 -0.220509117 0.0682533298
v 0.0246810302 -0.220502799 0.0681757246
v 0.0246211871 -0.220507984 0.0682533298
v 0.0246434792 -0.220506017 0.068260244
v 0.0246643409 -0.22050411 0.0682666813
v 0.0247318133 -0.220499103 0.0682033811
v 0.0246782883 -0.220503037 0.0682735954
v 0.024737893 -0.220498626 0.068206719
v 0.0246915206 -0.220501964 0.0682802711
v 0.02469462 -0.220501726 0.0682828937
v 0.0247613772 -0.220497196 0.0682263885
v 0.024704276 -0.22050101 0.0682909999
v 0.0247713908 -0.2204966 0.0682347332
v 0.0247045144 -0.220500951 0.0682911192
v 0.0247779473 -0.220496242 0.0682439123
v 0.0247115477 -0.220500474 0.0683008943
v 0.0247885569 -0.220495646 0.068258575
v 0.024714528 -0.220500236 0.0683048282
v 0.0247916564 -0.220495467 0.068265966
v 0.0247185811 -0.220499938 0.0683142458
v 0.0248077496 -0.220494692 0.0683044706
v 0.024723111 -0.220499639 0.0683247362
v 0.0248081073 -0.220494633 0.0683055435
v 0.0247243031 -0.22049958 0.0683293853
v 0.0248110875 -0.220494513 0.0683156763
v 0.0248020276 -0.220494931 0.0684531246
v 0.0248054847 -0.220494812 0.0684448991
v 0.0247227534 -0.220499639 0.0684012685
v 0.0248140677 -0.220494394 0.0684241567
v 0.0248141869 -0.220494394 0.0684234415
v 0.024815379 -0.220494335 0.0684155737
v 0.0247332438 -0.220498924 0.0683669363
v 0.0248231276 -0.220493977 0.0683661018
v 0.0248122796 -0.220494454 0.0683206831
v 0.024717389 -0.220500057 0.0684186731
v 0.0247136935 -0.220500295 0.0684251104
v 0.0247812852 -0.220496063 0.0684839998
v 0.0247051104 -0.220500891 0.0684403692
v 0.0247051104 -0.220500951 0.0684403692
v 0.0247684106 -0.220496778 0.0685030733
v 0.0247005805 -0.220501249 0.0684458528
v 0.0247294291 -0.220499222 0.0685343061
v 0.0246914014 -0.220501964 0.0684536014
v 0.0246879443 -0.220502202 0.0684565817
v 0.0246788844 -0.220502977 0.06846135
v 0.0247233495 -0.220499639 0.0685391937
v 0.0246687516 -0.220503752 0.0684665952
v 0.0247222766 -0.220499699 0.0685400282
v 0.0246282204 -0.220507328 0.068478993
v 0.0246590957 -0.220504706 0.068561605
v 0.0246642217 -0.220504169 0.0684680257
v 0.0246936663 -0.220501785 0.0685532604
v 0.0247024878 -0.22050113 0.0685490881
v 0.0245922192 -0.220510845 0.0684785162
v 0.024593769 -0.220510726 0.0685669695
v 0.0246363267 -0.220506613 0.0685672079
v 0.0245546683 -0.220514898 0.0684769664
v 0.0245392903 -0.220516627 0.0684822116
v 0.0245313033 -0.22051758 0.0684849535
v 0.0245283231 -0.220517938 0.0684868608
v 0.0245239123 -0.220518415 0.0684894834
v 0.0245235547 -0.220518475 0.068489841
v 0.0245186671 -0.220519071 0.0684959207
v 0.0245211705 -0.220518773 0.0685511146
v 0.0245204552 -0.220518832 0.0684929405
v 0.0245211705 -0.220518773 0.0684923444
v 0.0245098456 -0.220520143 0.0685214315
v 0.0245129451 -0.220519786 0.0685315643
v 0.0245155677 -0.220519428 0.0685031925
v 0.0245160445 -0.220519369 0.0685414587
v 0.0245180711 -0.22051913 0.0685455118
v 0.024516879 -0.220519309 0.0684990202
v 0.0245208129 -0.220518832 0.0685506378
v 0.0245240315 -0.220518415 0.0685542141
v 0.0245270118 -0.220518057 0.0685563598
v 0.0245235547 -0.220518475 0.0685537372
v 0.0245512112 -0.220515256 0.0685666118
v 0.0245338067 -0.220517282 0.0685599361
v 0.0245296344 -0.220517759 0.0685582672
v 0.0244095906 -0.220533793 0.0680710588
v 0.0244087561 -0.220533912 0.0679843937
v 0.0243853911 -0.220537488 0.0679866586
v 0.024363099 -0.220541065 0.0680797611
v 0.0244728907 -0.220525031 0.0679947649
v 0.0244162663 -0.22053278 0.0680728469
v 0.0244936332 -0.22052217 0.0679981027
v 0.0244811162 -0.220524018 0.0680943046
v 0.0245047196 -0.220520859 0.0680029903
v 0.0245416745 -0.220516329 0.068019322
v 0.0245116338 -0.220519905 0.0681044374
v 0.0245422705 -0.220516269 0.0680195604
v 0.0245214089 -0.220518773 0.0681106363
v 0.0246037825 -0.220509713 0.068060926
v 0.0245451316 -0.220515971 0.0681258951
v 0.0245601519 -0.220514302 0.0681422268
v 0.0246490821 -0.220505421 0.0681136165
v 0.0245665892 -0.220513587 0.0681492601
v 0.0245748147 -0.220512693 0.0681641613
v 0.0245856627 -0.22051156 0.068183354
v 0.0243052825 -0.220550721 0.0686257396
v 0.0243081435 -0.220550244 0.0686234747
v 0.0243239983 -0.220547442 0.0684189115
v 0.0243205413 -0.220548038 0.0686131034
v 0.0243208989 -0.220547979 0.0686127458
v 0.0243299588 -0.220546489 0.0686007057
v 0.0243338927 -0.220545773 0.0685954605
v 0.0243391379 -0.220544879 0.068583778
v 0.0243453368 -0.220543866 0.0685701881
v 0.0243467673 -0.220543628 0.0685645853
v 0.0243590459 -0.220541601 0.0685160671
v 0.0242143258 -0.220567768 0.0685726915
v 0.0241940602 -0.22057188 0.0685664926
v 0.0240812882 -0.220596735 0.0685601745
v 0.0241932257 -0.220572059 0.068566135
v 0.024181424 -0.220574503 0.0685602937
v 0.0241795167 -0.22057492 0.0685593401
v 0.0241764172 -0.220575576 0.0685565982
v 0.0241751059 -0.220575814 0.0685555254
v 0.0241730794 -0.220576291 0.0685537372
v 0.0241692647 -0.220577066 0.0685487304
v 0.024166046 -0.220577781 0.0685444389
v 0.0241647347 -0.22057802 0.0685413395
v 0.0241617545 -0.220578675 0.0685341869
v 0.0240326508 -0.220608597 0.0685389553
v 0.0241616353 -0.220578735 0.0685335909
v 0.0241594895 -0.220579152 0.0685215507
v 0.0241600856 -0.220579033 0.0685111795
v 0.0240833148 -0.220596259 0.0684633766
v 0.0241604432 -0.220578973 0.0685047422
v 0.0241615161 -0.220578735 0.0685011659
v 0.0241639003 -0.220578198 0.0684929405
v 0.0241642579 -0.220578139 0.0684924636
v 0.0241046532 -0.220591311 0.0684278522
v 0.0241685494 -0.220577245 0.0684850727
v 0.0241698607 -0.220576947 0.0684828077
v 0.0241087064 -0.220590417 0.0684212957
v 0.0241737946 -0.220576112 0.0684787546
v 0.0241766557 -0.220575516 0.0684757743
v 0.0241209849 -0.220587616 0.0684083019
v 0.0241774901 -0.220575337 0.0684748207
v 0.0241284951 -0.220585947 0.0684003149
v 0.0241820201 -0.220574384 0.0684720789
v 0.024217306 -0.220567231 0.0683689628
v 0.0241971597 -0.220571284 0.0683730159
v 0.0242151603 -0.220567648 0.0684600387
v 0.0241790398 -0.220575099 0.0683786188
v 0.0241909608 -0.220572536 0.0684679065
v 0.0241503104 -0.220581119 0.0683874403
v 0.0241866692 -0.22057343 0.068469337
v 0.0241492375 -0.220581357 0.0683877979
v 0.0241337403 -0.220584755 0.0683972154
v 0.0242579564 -0.220559363 0.0683761154
v 0.0242202863 -0.220566635 0.0684615884
v 0.0242344722 -0.220563834 0.06846588
v 0.024256049 -0.220559661 0.0684787546
v 0.0242508038 -0.220560675 0.0684741054
v 0.0242896661 -0.220553522 0.0683916126
v 0.024249731 -0.220560853 0.068473271
v 0.0242815598 -0.220554953 0.0683851753
v 0.0242417439 -0.220562403 0.068469337
v 0.0242750033 -0.220556145 0.0683824335
v 0.0242621287 -0.220558529 0.0683769498
v 0.0242574796 -0.220559423 0.0684799467
v 0.0242617711 -0.220558648 0.0684860263
v 0.0242643937 -0.220558112 0.0684897218
v 0.0242660626 -0.220557814 0.0684938942
v 0.024268566 -0.220557337 0.0685003315
v 0.0242688044 -0.220557337 0.0685022388
v 0.0242701157 -0.220557039 0.0685122524
v 0.0242703542 -0.220557039 0.0685136829
v 0.0242694005 -0.220557218 0.0685250078
v 0.0242689236 -0.220557277 0.0685298954
v 0.0242673739 -0.220557575 0.0685345445
v 0.024265109 -0.220557992 0.0685413395
v 0.0242641553 -0.220558171 0.06854277
v 0.0242595061 -0.220559065 0.0685502802
v 0.0242591485 -0.220559125 0.068550757
v 0.0242536649 -0.220560138 0.0685563598
v 0.0242522343 -0.220560436 0.0685577903
v 0.024286805 -0.220554059 0.068635038
v 0.0242484197 -0.220561151 0.0685600553
v 0.0242713078 -0.22055686 0.0686427866
v 0.0242430552 -0.220562165 0.068563274
v 0.0242397174 -0.22056282 0.0685643468
v 0.0242401942 -0.22056282 0.0686520849
v 0.0242151603 -0.220567648 0.0686594759
v 0.0240958318 -0.220593338 0.0685858045
v 0.0240982159 -0.220592802 0.0685900961
v 0.0241035804 -0.22059155 0.0685986791
v 0.0241044148 -0.220591371 0.0685996328
v 0.0241226538 -0.220587258 0.0686221634
v 0.0241261109 -0.220586483 0.0686263357
v 0.0241361245 -0.220584218 0.0686338459
v 0.0241443499 -0.22058243 0.0686399255
v 0.0241504296 -0.220581119 0.0686424289
v 0.024168311 -0.220577304 0.0686499391
v 0.0241749867 -0.220575874 0.0686512504
v 0.0241863116 -0.220573549 0.0681946788
v 0.0242171868 -0.220567231 0.0682085071
v 0.0241737946 -0.220576112 0.0681026493
v 0.0242391213 -0.22056294 0.068171433
v 0.0242419823 -0.220562344 0.0681664262
v 0.0242499694 -0.220560853 0.0681543861
v 0.0242506846 -0.220560734 0.0681535516
v 0.0242028817 -0.220570092 0.0680686746
v 0.0242771491 -0.220555787 0.0681221996
v 0.0242368563 -0.220563357 0.0680394683
v 0.0242822751 -0.220554833 0.0681162391
v 0.024296461 -0.22055227 0.0681057487
v 0.0242938384 -0.220552926 0.0680107389
v 0.0243062362 -0.220550542 0.0680987154
v 0.0243172034 -0.220548694 0.0680943046
v 0.0243181571 -0.220548456 0.0679984604
v 0.0243456944 -0.220543807 0.0680829797
v 0.0243256673 -0.220547204 0.0679967914
v 0.0243524894 -0.220542734 0.0680816684
v 0.0243533238 -0.220542555 0.067990831
v 0.024363099 -0.220541005 0.0679895197
v 0.0241599664 -0.220579033 0.0685241733
v 0.0240202531 -0.220611637 0.0685335909
v 0.0240092858 -0.220614438 0.0685241733
v 0.0240568503 -0.220602636 0.0684421573
v 0.0239692315 -0.220624809 0.0684899603
v 0.0240356311 -0.220607762 0.0684252296
v 0.0240337237 -0.220608239 0.0684228454
v 0.0239401444 -0.220632737 0.0684440647
v 0.0240220412 -0.22061116 0.0684079443
v 0.0240201339 -0.220611637 0.0684054409
v 0.0239327535 -0.220634704 0.0684323822
v 0.024014531 -0.220613067 0.0683924471
v 0.0239314421 -0.220635121 0.0684282098
v 0.0239229783 -0.220637445 0.0684030567
v 0.024008809 -0.220614498 0.0683792148
v 0.0239213094 -0.220637922 0.0683981691
v 0.0240072593 -0.220614915 0.0683703933
v 0.023911415 -0.220640664 0.0683318887
v 0.0239996299 -0.220616882 0.068329743
v 0.0239195212 -0.220638399 0.0682782446
v 0.0240076169 -0.220614855 0.0683032785
v 0.0239215478 -0.220637863 0.0682647739
v 0.0240163192 -0.22061259 0.0682743106
v 0.0239287003 -0.220635836 0.0682465349
v 0.0239350184 -0.220634108 0.0682309185
v 0.0240246638 -0.220610504 0.0682571445
v 0.023942767 -0.220632021 0.0682194744
v 0.0239781722 -0.220622425 0.0681676183
v 0.0240333661 -0.220608358 0.0682396207
v 0.0240363463 -0.220607583 0.0682359253
v 0.0240464791 -0.22060508 0.0682235275
v 0.0240470752 -0.220604961 0.0682229314
v 0.0240207299 -0.220611577 0.0681356702
v 0.0240586385 -0.220602159 0.0682142292
v 0.0240642413 -0.220600789 0.0682100568
v 0.0240324124 -0.220608597 0.0681268488
v 0.0240753278 -0.220598166 0.0682051693
v 0.0240480288 -0.220604782 0.0681204115
v 0.024070321 -0.220599358 0.0681112323
v 0.0240892752 -0.220594888 0.0681989704
v 0.0240773543 -0.220597749 0.0681100402
v 0.024094282 -0.220593755 0.0681977783
v 0.0241411313 -0.220583146 0.0680994306
v 0.0241418465 -0.220582967 0.068186215
v 0.0241571053 -0.220579689 0.0681006227
v 0.0241633042 -0.220578377 0.0681895528
v 0.0241809472 -0.220574622 0.0681922947
v 0.0245609864 -0.220514183 0.0683960233
v 0.0244598969 -0.220526581 0.068448833
v 0.024363099 -0.220541005 0.068499497
v 0.024363099 -0.220541244 0.0683986459
v 0.0243591651 -0.220541601 0.0685015236
v 0.0243591651 -0.220541601 0.0685087953
v 0.0256554469 -0.220554118 0.0683705125
v 0.0256571158 -0.220544224 0.0683705125
v 0.0256569966 -0.220544224 0.0683821951
v 0.0256553277 -0.220554118 0.0683821951
v 0.0256569966 -0.220544224 0.0683938776
v 0.0256553277 -0.220554059 0.0683938776
v 0.0253551587 -0.220515852 0.0685636316
v 0.0253620728 -0.220516448 0.0685568367
v 0.0253561124 -0.220505898 0.0685636316
v 0.0253631457 -0.220506494 0.0685570751
v 0.0253633841 -0.220506554 0.0685568367
v 0.025364457 -0.220516686 0.0685544525
v 0.0253671988 -0.220506911 0.0685521875
v 0.0253662452 -0.220516865 0.0685520683
v 0.0253681525 -0.220506971 0.0685508762
v 0.0253679141 -0.220516984 0.0685496841
v 0.0253691062 -0.22050709 0.0685487304
v 0.0253682717 -0.220517044 0.0685487304
v 0.0253704175 -0.220507209 0.0685459886
v 0.0253697022 -0.220517163 0.0685447965
v 0.0253706559 -0.220507209 0.0685445581
v 0.0253698214 -0.220517163 0.0685445581
v 0.0253717288 -0.220517342 0.0685322796
v 0.0253726825 -0.220507388 0.0685322796
v 0.0250948056 -0.220501189 0.0683664594
v 0.025095044 -0.220491176 0.0683664594
v 0.0250949248 -0.220491176 0.0683781419
v 0.0250946864 -0.220501189 0.0683781419
v 0.0250949248 -0.220491176 0.0683898244
v 0.0250946864 -0.220501189 0.0683898244
v 0.0255033358 -0.220521753 0.0682268654
v 0.0255212172 -0.220524077 0.0682250772
v 0.0255021437 -0.220531707 0.0682268654
v 0.0255199059 -0.220533972 0.0682250772
v 0.0255267009 -0.220534866 0.068224362
v 0.0255275353 -0.220524912 0.0682244812
v 0.0255338534 -0.22053582 0.0682222162
v 0.0255351647 -0.220525925 0.0682222162
v 0.0255396947 -0.220536594 0.068220428
v 0.0255412444 -0.2205267 0.068220428
v 0.0255420789 -0.220536952 0.0682189975
v 0.0255435094 -0.220527058 0.0682189975
v 0.0255636557 -0.220529859 0.0682061229
v 0.0255622252 -0.220539753 0.0682061229
v 0.0252065047 -0.220505362 0.0682280574
v 0.0251894578 -0.220504527 0.068225554
v 0.0252069815 -0.220495408 0.0682280574
v 0.0251899346 -0.220494573 0.0682254348
v 0.0251851662 -0.220494335 0.0682247196
v 0.0251851662 -0.220504348 0.0682248388
v 0.0251790866 -0.220494037 0.0682225738
v 0.0251786097 -0.22050405 0.0682225738
v 0.0251746758 -0.220493858 0.0682210241
v 0.025174199 -0.220503871 0.0682210241
v 0.0251726493 -0.220493798 0.0682194744
v 0.0251722916 -0.220503752 0.0682194744
v 0.025154291 -0.220503037 0.0682062421
v 0.0251547679 -0.220493023 0.0682062421
v 0.0244782552 -0.225578253 0.0638988529
v 0.0241377934 -0.225237792 0.0638988529
v 0.0244782552 -0.225578253 0.0638999258
v 0.0241377934 -0.225237792 0.0638999258
v 0.0249980077 -0.225949292 0.0638999258
v 0.0249980077 -0.225949292 0.0638988529
v 0.0250423535 -0.225943511 0.0638999258
v 0.025081931 -0.225938444 0.0638988529
v 0.025081931 -0.225938444 0.0638999258
v 0.0251472577 -0.225915496 0.0638988529
v 0.0251472577 -0.225915496 0.0638999258
v 0.025197564 -0.225883548 0.0638988529
v 0.025197564 -0.225883548 0.0638999258
v 0.0252378568 -0.225842421 0.0638988529
v 0.0252378568 -0.225842421 0.0638999258
v 0.0252712354 -0.225787466 0.0638988529
v 0.0252712354 -0.225787466 0.0638999258
v 0.0252997264 -0.225699668 0.0638988529
v 0.0252997264 -0.225699668 0.0638999258
v 0.0253116473 -0.225585883 0.0638988529
v 0.0253116473 -0.225585883 0.0638999258
v 0.0239313229 -0.224244301 0.0638988529
v 0.0239313229 -0.224244301 0.0638999258
v 0.0239313229 -0.224242275 0.0638999258
v 0.0239313229 -0.224242275 0.0638988529
v 0.0239385947 -0.224180107 0.0638999258
v 0.0239385947 -0.224180107 0.0638988529
v 0.0239559993 -0.224133675 0.0638999258
v 0.0239559993 -0.224133675 0.0638988529
v 0.0239637479 -0.224122529 0.0638999258
v 0.0239846095 -0.224092846 0.0638988529
v 0.0239846095 -0.224092846 0.0638999258
v 0.0240209683 -0.224061315 0.0638999258
v 0.0240209683 -0.224061315 0.0638988529
v 0.0240738973 -0.224032824 0.0638999258
v 0.0240738973 -0.224032824 0.0638988529
v 0.0239419326 -0.224317555 0.0638988529
v 0.0242312535 -0.224514787 0.0638988529
v 0.0242312535 -0.224514787 0.0638999258
v 0.0241584166 -0.224507456 0.0638999258
v 0.0241584166 -0.224507456 0.0638988529
v 0.0240793809 -0.22448421 0.0638999258
v 0.0240793809 -0.22448421 0.0638988529
v 0.0240322932 -0.224457328 0.0638999258
v 0.0240322932 -0.224457328 0.0638988529
v 0.023994027 -0.224422281 0.0638999258
v 0.023994027 -0.224422281 0.0638988529
v 0.0239639863 -0.2243771 0.0638999258
v 0.0239639863 -0.2243771 0.0638988529
v 0.0239637479 -0.224376504 0.0638999258
v 0.0239419326 -0.224317555 0.0638999258
v 0.025770007 -0.224086945 0.0638999258
v 0.0258228167 -0.224092905 0.0638999258
v 0.0255934581 -0.224212592 0.0638999258
v 0.0258629903 -0.224105422 0.0638999258
v 0.0255927428 -0.224307899 0.0638999258
v 0.0255880936 -0.224259083 0.0638999258
v 0.0259121045 -0.224367087 0.0638999258
v 0.0258851632 -0.22439224 0.0638999258
v 0.0258533343 -0.224409466 0.0638999258
v 0.025713621 -0.224420791 0.0638999258
v 0.0259519204 -0.224247222 0.0638999258
v 0.0257651194 -0.224426274 0.0638999258
v 0.025805889 -0.224422638 0.0638999258
v 0.0258937463 -0.224123483 0.0638999258
v 0.0259115084 -0.224139755 0.0638999258
v 0.0259298667 -0.224165683 0.0638999258
v 0.0259520396 -0.224249248 0.0638999258
v 0.025944887 -0.224298422 0.0638999258
v 0.0259309396 -0.22433794 0.0638999258
v 0.0256734475 -0.224408631 0.0638999258
v 0.0256443604 -0.224392002 0.0638999258
v 0.0256223067 -0.224371319 0.0638999258
v 0.0257161244 -0.224092965 0.0638999258
v 0.0256049022 -0.224176829 0.0638999258
v 0.0256738051 -0.224107032 0.0638999258
v 0.0256212338 -0.224149113 0.0638999258
v 0.0256450757 -0.224124496 0.0638999258
v 0.0259432181 -0.22419769 0.0638999258
v 0.0256057366 -0.224345629 0.0638999258
v 0.0225887879 -0.227036839 0.071899942
v 0.0225116595 -0.227371876 0.071899942
v 0.0228577241 -0.227267747 0.071899942
v 0.0227958545 -0.227595453 0.071899942
v 0.023148714 -0.227470283 0.071899942
v 0.0231000766 -0.227790956 0.071899942
v 0.0234587773 -0.227642362 0.071899942
v 0.023421584 -0.227956657 0.071899942
v 0.0237845763 -0.227782195 0.071899942
v 0.0237572774 -0.228091066 0.071899942
v 0.0241228923 -0.22788835 0.071899942
v 0.0241041764 -0.22819293 0.071899942
v 0.0244701489 -0.227959697 0.071899942
v 0.0244593009 -0.228261356 0.071899942
v 0.0248228892 -0.227995579 0.071899942
v 0.0248193129 -0.228295748 0.071899942
v 0.0251774176 -0.227995579 0.071899942
v 0.0251808747 -0.228295748 0.071899942
v 0.0255301579 -0.227959697 0.071899942
v 0.0255408868 -0.228261356 0.071899942
v 0.0258774146 -0.22788835 0.071899942
v 0.0258960112 -0.22819293 0.071899942
v 0.0262157306 -0.227782195 0.071899942
v 0.0262430295 -0.228091066 0.071899942
v 0.0265415295 -0.227642362 0.071899942
v 0.0265787228 -0.227956657 0.071899942
v 0.0268514737 -0.227470283 0.071899942
v 0.0269001111 -0.227790956 0.071899942
v 0.0271424636 -0.227267747 0.071899942
v 0.0272043332 -0.227595453 0.071899942
v 0.0274115189 -0.227036839 0.071899942
v 0.0274885281 -0.227371876 0.071899942
v 0.0277503117 -0.227122371 0.071899942
v 0.0276557788 -0.226779883 0.071899942
v 0.0279870614 -0.226849084 0.071899942
v 0.0278727397 -0.226499503 0.071899942
v 0.0281968697 -0.226554518 0.071899942
v 0.0280603751 -0.226198618 0.071899942
v 0.0283777102 -0.226241295 0.071899942
v 0.0282164201 -0.22588033 0.071899942
v 0.0285279139 -0.225912397 0.071899942
v 0.0283395633 -0.225547855 0.071899942
v 0.0286461696 -0.225570624 0.071899942
v 0.0284284934 -0.225204592 0.071899942
v 0.0287314042 -0.225219195 0.071899942
v 0.0284821376 -0.224854116 0.071899942
v 0.0287829026 -0.224861269 0.071899942
v 0.0285001382 -0.224500065 0.071899942
v 0.0288000687 -0.224500065 0.071899942
v 0.0284821376 -0.224145954 0.071899942
v 0.0287829026 -0.224138861 0.071899942
v 0.0284284934 -0.223795538 0.071899942
v 0.0287314042 -0.223780875 0.071899942
v 0.0283395633 -0.223452275 0.071899942
v 0.0286461696 -0.223429446 0.071899942
v 0.0282164201 -0.2231198 0.071899942
v 0.0285279139 -0.223087733 0.071899942
v 0.0280603751 -0.222801511 0.071899942
v 0.0283777102 -0.222758775 0.071899942
v 0.0278727397 -0.222500627 0.071899942
v 0.0281968697 -0.222445612 0.071899942
v 0.0276557788 -0.222220247 0.071899942
v 0.0279870614 -0.222151046 0.071899942
v 0.0274115189 -0.221963291 0.071899942
v 0.0225887879 -0.221963291 0.071899942
v 0.0222498759 -0.221877758 0.071899942
v 0.0223444089 -0.222220247 0.071899942
v 0.0220131263 -0.222151046 0.071899942
v 0.022127448 -0.222500627 0.071899942
v 0.0218033179 -0.222445612 0.071899942
v 0.0219399318 -0.222801511 0.071899942
v 0.0216225966 -0.222758775 0.071899942
v 0.0217837676 -0.2231198 0.071899942
v 0.0214722737 -0.223087733 0.071899942
v 0.0216606244 -0.223452275 0.071899942
v 0.0213540181 -0.223429446 0.071899942
v 0.0215718135 -0.223795538 0.071899942
v 0.0212687835 -0.223780875 0.071899942
v 0.0215180501 -0.224145954 0.071899942
v 0.021217285 -0.224138861 0.071899942
v 0.0215001687 -0.224500065 0.071899942
v 0.0212001189 -0.224500065 0.071899942
v 0.0215180501 -0.224854116 0.071899942
v 0.021217285 -0.224861269 0.071899942
v 0.0215718135 -0.225204592 0.071899942
v 0.0212687835 -0.225219195 0.071899942
v 0.0216606244 -0.225547855 0.071899942
v 0.0213540181 -0.225570624 0.071899942
v 0.0217837676 -0.22588033 0.071899942
v 0.0214722737 -0.225912397 0.071899942
v 0.0219399318 -0.226198618 0.071899942
v 0.0216225966 -0.226241295 0.071899942
v 0.022127448 -0.226499503 0.071899942
v 0.0218033179 -0.226554518 0.071899942
v 0.0223444089 -0.226779883 0.071899942
v 0.0220131263 -0.226849084 0.071899942
v 0.0222498759 -0.227122371 0.071899942
v 0.0277503117 -0.221877758 0.071899942
v 0.0274885281 -0.221628194 0.071899942
v 0.0271424636 -0.221732323 0.071899942
v 0.0272043332 -0.221404676 0.071899942
v 0.0268514737 -0.221529787 0.071899942
v 0.0269001111 -0.221209173 0.071899942
v 0.0265415295 -0.221357768 0.071899942
v 0.0265787228 -0.221043472 0.071899942
v 0.0262157306 -0.221217935 0.071899942
v 0.0262430295 -0.220909064 0.071899942
v 0.0258774146 -0.221111779 0.071899942
v 0.0258960112 -0.220807199 0.071899942
v 0.0255301579 -0.221040432 0.071899942
v 0.0255408868 -0.220738714 0.071899942
v 0.0251774176 -0.22100455 0.071899942
v 0.0251808747 -0.220704381 0.071899942
v 0.0248228892 -0.22100455 0.071899942
v 0.0248193129 -0.220704381 0.071899942
v 0.0244701489 -0.221040432 0.071899942
v 0.0244593009 -0.220738714 0.071899942
v 0.0241228923 -0.221111779 0.071899942
v 0.0241041764 -0.220807199 0.071899942
v 0.0237845763 -0.221217935 0.071899942
v 0.0237572774 -0.220909064 0.071899942
v 0.0234587773 -0.221357768 0.071899942
v 0.023421584 -0.221043472 0.071899942
v 0.023148714 -0.221529787 0.071899942
v 0.0231000766 -0.221209173 0.071899942
v 0.0228577241 -0.221732323 0.071899942
v 0.0227958545 -0.221404676 0.071899942
v 0.0225116595 -0.221628194 0.071899942
v 0.0210000857 -0.224500065 0.070824555
v 0.0210000857 -0.224500065 0.0716999088
v 0.0210182055 -0.224119847 0.070824555
v 0.0210182055 -0.224119847 0.0716999088
v 0.0210385903 -0.223978584 0.070824555
v 0.0210385903 -0.223978584 0.0716999088
v 0.0210724458 -0.223743026 0.070824555
v 0.0210724458 -0.223743026 0.0716999088
v 0.0211396798 -0.223465567 0.070824555
v 0.0211396798 -0.223465567 0.0716999088
v 0.0211620911 -0.22337312 0.070824555
v 0.0211620911 -0.22337312 0.0716999088
v 0.0212866649 -0.223013406 0.070824555
v 0.0212866649 -0.223013406 0.0716999088
v 0.0213064536 -0.222970133 0.070824555
v 0.0213064536 -0.222970133 0.0716999088
v 0.0214447364 -0.222667162 0.070824555
v 0.0214447364 -0.222667162 0.0716999088
v 0.0215399846 -0.222502296 0.070824555
v 0.0215399846 -0.222502296 0.0716999088
v 0.0216351136 -0.222337489 0.070824555
v 0.0216351136 -0.222337489 0.0716999088
v 0.0218283519 -0.222066169 0.070824555
v 0.0218283519 -0.222066169 0.0716999088
v 0.0218558892 -0.222027426 0.070824555
v 0.0218558892 -0.222027426 0.0716999088
v 0.0221051558 -0.221739714 0.070824555
v 0.0221051558 -0.221739714 0.0716999088
v 0.0221740588 -0.221674089 0.070824555
v 0.0221740588 -0.221674089 0.0716999088
v 0.0223806485 -0.221477036 0.070824555
v 0.0223806485 -0.221477036 0.0716999088
v 0.0225676879 -0.221329992 0.070824555
v 0.0225676879 -0.221329992 0.0716999088
v 0.0226798638 -0.221241777 0.070824555
v 0.0226798638 -0.221241777 0.0716999088
v 0.02300006 -0.221035962 0.070824555
v 0.02300006 -0.221035962 0.0716999088
v 0.0233384951 -0.220861559 0.070824555
v 0.0233384951 -0.220861559 0.0716999088
v 0.0234709367 -0.220808511 0.070824555
v 0.0234709367 -0.220808511 0.0716999088
v 0.0236918315 -0.220720057 0.070824555
v 0.0236918315 -0.220720057 0.0716999088
v 0.0239657744 -0.220639591 0.070824555
v 0.0239657744 -0.220639591 0.0716999088
v 0.0240570887 -0.220612829 0.070824555
v 0.0240570887 -0.220612829 0.0716999088
v 0.0244308099 -0.220540767 0.070824555
v 0.0244308099 -0.220540767 0.0716999088
v 0.0244782552 -0.220536237 0.070824555
v 0.0244782552 -0.220536237 0.0716999088
v 0.0248097762 -0.220504587 0.070824555
v 0.0248097762 -0.220504587 0.0716999088
v 0.0250001534 -0.220504587 0.070824555
v 0.0250001534 -0.220504587 0.0716999088
v 0.0251904115 -0.220504587 0.070824555
v 0.0251904115 -0.220504587 0.0716999088
v 0.0255220517 -0.220536237 0.070824555
v 0.0255220517 -0.220536237 0.0716999088
v 0.0255693778 -0.220540767 0.070824555
v 0.0255693778 -0.220540767 0.0716999088
v 0.0259430989 -0.220612829 0.070824555
v 0.0259430989 -0.220612829 0.0716999088
v 0.0260344132 -0.220639591 0.070824555
v 0.0260344132 -0.220639591 0.0716999088
v 0.0263083562 -0.220720057 0.070824555
v 0.0263083562 -0.220720057 0.0716999088
v 0.026529251 -0.220808511 0.070824555
v 0.026529251 -0.220808511 0.0716999088
v 0.0266618117 -0.220861559 0.070824555
v 0.0266618117 -0.220861559 0.0716999088
v 0.0270001277 -0.221035962 0.070824555
v 0.0270001277 -0.221035962 0.0716999088
v 0.0273203238 -0.221241777 0.070824555
v 0.0273203238 -0.221241777 0.0716999088
v 0.0274324998 -0.221329992 0.070824555
v 0.0274324998 -0.221329992 0.0716999088
v 0.0276195391 -0.221477036 0.070824555
v 0.0276195391 -0.221477036 0.0716999088
v 0.0278262481 -0.221674089 0.070824555
v 0.0278262481 -0.221674089 0.0716999088
v 0.0278950318 -0.221739714 0.070824555
v 0.0278950318 -0.221739714 0.0716999088
v 0.0281442984 -0.222027426 0.070824555
v 0.0281442984 -0.222027426 0.0716999088
v 0.028171955 -0.222066169 0.070824555
v 0.028171955 -0.222066169 0.0716999088
v 0.028365074 -0.222337489 0.070824555
v 0.028365074 -0.222337489 0.0716999088
v 0.0284603223 -0.222502296 0.070824555
v 0.0284603223 -0.222502296 0.0716999088
v 0.0285554513 -0.222667162 0.070824555
v 0.0285554513 -0.222667162 0.0716999088
v 0.0286938533 -0.222970133 0.070824555
v 0.0286938533 -0.222970133 0.0716999088
v 0.028713642 -0.223013406 0.070824555
v 0.028713642 -0.223013406 0.0716999088
v 0.0288380965 -0.22337312 0.070824555
v 0.0288380965 -0.22337312 0.0716999088
v 0.0288605079 -0.223465567 0.070824555
v 0.0288605079 -0.223465567 0.0716999088
v 0.0289278611 -0.223743026 0.070824555
v 0.0289278611 -0.223743026 0.0716999088
v 0.0289617165 -0.223978584 0.070824555
v 0.0289617165 -0.223978584 0.0716999088
v 0.0289819821 -0.224119847 0.070824555
v 0.0289819821 -0.224119847 0.0716999088
v 0.0290001019 -0.224500065 0.070824555
v 0.0290001019 -0.224500065 0.0716999088
v 0.022233425 -0.2398001 0.0695517574
v 0.0222406968 -0.2398001 0.0695294653
v 0.0222553595 -0.2398001 0.0695145641
v 0.022415696 -0.2398001 0.0696188722
v 0.0222771748 -0.2398001 0.0696188722
v 0.022415696 -0.2398001 0.0695071731
v 0.0222553595 -0.2398001 0.069611362
v 0.0222406968 -0.2398001 0.0695964609
v 0.022233425 -0.2398001 0.0695741687
v 0.0222771748 -0.2398001 0.0695071731
v 0.0254427775 -0.235200052 0.0699971233
v 0.0254260882 -0.235200052 0.0699461017
v 0.0253928288 -0.235200052 0.0699120079
v 0.0250261411 -0.235200052 0.0701503072
v 0.0253427609 -0.235200052 0.0701503072
v 0.0250261411 -0.235200052 0.0698949609
v 0.0253928288 -0.235200052 0.0701332603
v 0.0254260882 -0.235200052 0.0700992857
v 0.0254427775 -0.235200052 0.0700481449
v 0.0253427609 -0.235200052 0.0698949609
v 0.0263115748 -0.2398001 0.0704573904
v 0.0258240088 -0.2398001 0.0704573904
v 0.0260677918 -0.2398001 0.0697105442
v 0.0257760867 -0.235100095 0.0699120079
v 0.0257760867 -0.235200052 0.0699120079
v 0.0260928258 -0.235100095 0.0699120079
v 0.0260928258 -0.235200052 0.0699120079
v 0.0261928424 -0.235100095 0.0700481449
v 0.0261928424 -0.235200052 0.0700481449
v 0.0261761531 -0.235100095 0.0700992857
v 0.0261761531 -0.235200052 0.0700992857
v 0.0236261472 -0.235100095 0.070473722
v 0.0236261472 -0.235200052 0.070473722
v 0.0235595092 -0.235100095 0.0703715597
v 0.0235595092 -0.235200052 0.0703715597
v 0.0241269454 -0.239900057 0.070593289
v 0.0241269454 -0.2398001 0.070593289
v 0.0240853413 -0.239900057 0.0705507312
v 0.0240853413 -0.2398001 0.0705507312
v 0.0260677918 -0.239900057 0.0697105442
v 0.0258240088 -0.239900057 0.0704573904
v 0.0273261651 -0.235100095 0.0702354227
v 0.0273261651 -0.235100095 0.0701332603
v 0.0268928393 -0.235100095 0.0702354227
v 0.0268928393 -0.235100095 0.0701332603
v 0.0273928031 -0.235100095 0.0699120079
v 0.0273928031 -0.235100095 0.0698098455
v 0.0268928393 -0.235100095 0.0699120079
v 0.0267928227 -0.235100095 0.0698098455
v 0.0267928227 -0.235100095 0.070609859
v 0.0268928393 -0.235100095 0.070609859
v 0.0249500855 -0.237900083 0.0625998293
v 0.0249500855 -0.237800066 0.0624999319
v 0.0250455722 -0.237911646 0.0625998293
v 0.0250695332 -0.23781455 0.0624999319
v 0.0251355752 -0.23794574 0.0625998293
v 0.0251820668 -0.237857108 0.0624999319
v 0.0252148494 -0.238000278 0.0625998293
v 0.0252811297 -0.237925355 0.0624999319
v 0.0252788647 -0.238072221 0.0625998293
v 0.0253609999 -0.238015239 0.0624999319
v 0.0253227338 -0.238154654 0.0625998293
v 0.0254158362 -0.238118236 0.0624999319
v 0.020377098 -0.235802596 0.0624999319
v 0.0203995093 -0.235800092 0.0624999319
v 0.0212894067 -0.23647136 0.0624999319
v 0.0285624846 -0.236856167 0.0624999319
v 0.0281062707 -0.236919169 0.0624999319
v 0.0279350861 -0.236671154 0.0624999319
v 0.0229350909 -0.236671154 0.0624999319
v 0.0227095469 -0.23647136 0.0624999319
v 0.0229439124 -0.236086612 0.0624999319
v 0.0208926781 -0.238080983 0.0624999319
v 0.0210638627 -0.238328998 0.0624999319
v 0.0202994927 -0.239100103 0.0624999319
v 0.027437745 -0.235857551 0.0624999319
v 0.0252783879 -0.237077181 0.0624999319
v 0.0253589734 -0.236987894 0.0624999319
v 0.0258926734 -0.236919169 0.0624999319
v 0.0254158362 -0.236881857 0.0624999319
v 0.0202994927 -0.235900109 0.0624999319
v 0.0210638627 -0.236671154 0.0624999319
v 0.0208926781 -0.236919169 0.0624999319
v 0.0281062707 -0.238080983 0.0624999319
v 0.0282132014 -0.237799232 0.0624999319
v 0.0285624846 -0.238143985 0.0624999319
v 0.028249441 -0.237500076 0.0624999319
v 0.0282132014 -0.237200921 0.0624999319
v 0.0268488511 -0.236259167 0.0624999319
v 0.0269995316 -0.235800092 0.0624999319
v 0.027150093 -0.236259167 0.0624999319
v 0.0272317513 -0.235816007 0.0624999319
v 0.0274427518 -0.236331289 0.0624999319
v 0.0277095422 -0.23647136 0.0624999319
v 0.0226500615 -0.235929494 0.0624999319
v 0.0224427565 -0.236331289 0.0624999319
v 0.0223311766 -0.235832756 0.0624999319
v 0.0221500977 -0.236259167 0.0624999319
v 0.0219995364 -0.235800092 0.0624999319
v 0.0218488559 -0.236259167 0.0624999319
v 0.0215561971 -0.236331289 0.0624999319
v 0.027150093 -0.238740985 0.0624999319
v 0.0274427518 -0.238668864 0.0624999319
v 0.027437745 -0.239142601 0.0624999319
v 0.0277095422 -0.238528793 0.0624999319
v 0.0279350861 -0.238328998 0.0624999319
v 0.0207857474 -0.237200921 0.0624999319
v 0.0207495078 -0.237500076 0.0624999319
v 0.0207857474 -0.237799232 0.0624999319
v 0.02542883 -0.236849492 0.0624999319
v 0.0255859479 -0.236555641 0.0624999319
v 0.0260638579 -0.236671154 0.0624999319
v 0.0257974252 -0.236298029 0.0624999319
v 0.0262894019 -0.23647136 0.0624999319
v 0.0260550364 -0.236086612 0.0624999319
v 0.0265561923 -0.236331289 0.0624999319
v 0.0263488873 -0.235929494 0.0624999319
v 0.0266677722 -0.235832756 0.0624999319
v 0.0238170012 -0.237143044 0.0624999319
v 0.0232494458 -0.237500076 0.0624999319
v 0.0237178191 -0.237074857 0.0624999319
v 0.0232132062 -0.237200921 0.0624999319
v 0.0236379489 -0.236984913 0.0624999319
v 0.0203091487 -0.235857313 0.0624999319
v 0.0203209504 -0.23583818 0.0624999319
v 0.0203995093 -0.23920006 0.0624999319
v 0.0203780516 -0.239197736 0.0624999319
v 0.0272317513 -0.239184146 0.0624999319
v 0.0269995316 -0.23920006 0.0624999319
v 0.0268488511 -0.238740985 0.0624999319
v 0.0266677722 -0.239167397 0.0624999319
v 0.0265561923 -0.238668864 0.0624999319
v 0.0263488873 -0.239070659 0.0624999319
v 0.0262894019 -0.238528793 0.0624999319
v 0.0260550364 -0.2389136 0.0624999319
v 0.0260638579 -0.238328998 0.0624999319
v 0.0232015237 -0.236298029 0.0624999319
v 0.0234130009 -0.236555641 0.0624999319
v 0.0231062754 -0.236919169 0.0624999319
v 0.0235701188 -0.236849492 0.0624999319
v 0.0235831126 -0.236881916 0.0624999319
v 0.0203017577 -0.235878592 0.0624999319
v 0.0203368052 -0.235822146 0.0624999319
v 0.0203558787 -0.235810106 0.0624999319
v 0.0203215464 -0.239162748 0.0624999319
v 0.0203095063 -0.239143734 0.0624999319
v 0.0203019961 -0.239122455 0.0624999319
v 0.0237205609 -0.237922971 0.0624999319
v 0.0236399754 -0.238012259 0.0624999319
v 0.0231062754 -0.238080983 0.0624999319
v 0.0235831126 -0.238118236 0.0624999319
v 0.0239294156 -0.237185602 0.0624999319
v 0.0240488633 -0.237200086 0.0624999319
v 0.025749503 -0.237500076 0.0624999319
v 0.0249500855 -0.237200086 0.0624999319
v 0.0257857426 -0.237200921 0.0624999319
v 0.025065957 -0.237186437 0.0624999319
v 0.0251788482 -0.237144713 0.0624999319
v 0.0257857426 -0.237799232 0.0624999319
v 0.0257974252 -0.238702183 0.0624999319
v 0.0255859479 -0.238444571 0.0624999319
v 0.0258926734 -0.238080983 0.0624999319
v 0.02542883 -0.238150661 0.0624999319
v 0.0203567132 -0.239190464 0.0624999319
v 0.0203375205 -0.239178603 0.0624999319
v 0.0212894067 -0.238528793 0.0624999319
v 0.0215561971 -0.238668864 0.0624999319
v 0.0219995364 -0.23920006 0.0624999319
v 0.0218488559 -0.238740985 0.0624999319
v 0.0223311766 -0.239167397 0.0624999319
v 0.0221500977 -0.238740985 0.0624999319
v 0.0226500615 -0.239070659 0.0624999319
v 0.0224427565 -0.238668864 0.0624999319
v 0.0229439124 -0.2389136 0.0624999319
v 0.0227095469 -0.238528793 0.0624999319
v 0.0232015237 -0.238702183 0.0624999319
v 0.0229350909 -0.238328998 0.0624999319
v 0.0234130009 -0.238444571 0.0624999319
v 0.0235701188 -0.238150661 0.0624999319
v 0.0240488633 -0.237800066 0.0624999319
v 0.0232132062 -0.237799232 0.0624999319
v 0.0239329919 -0.237813716 0.0624999319
v 0.0238201007 -0.237855439 0.0624999319
v 0.026426135 -0.235100095 0.0702354227
v 0.026426135 -0.235200052 0.0702354227
v 0.026426135 -0.235100095 0.0703205381
v 0.026426135 -0.235200052 0.0703205381
v 0.026292859 -0.235200052 0.0699971233
v 0.026292859 -0.235100095 0.0699971233
v 0.026292859 -0.235200052 0.0700226341
v 0.026292859 -0.235100095 0.0700651918
v 0.026292859 -0.235200052 0.0700651918
v 0.0254095181 -0.235100095 0.0702354227
v 0.0254095181 -0.235200052 0.0702354227
v 0.0254761561 -0.235100095 0.0701844011
v 0.0254761561 -0.235200052 0.0701844011
v 0.0255261048 -0.235100095 0.0701162134
v 0.0255261048 -0.235200052 0.0701162134
v 0.0255427941 -0.235100095 0.0700651918
v 0.0255427941 -0.235200052 0.0700651918
v 0.0241928681 -0.235200052 0.070337585
v 0.0241928681 -0.235100095 0.070337585
v 0.0241928681 -0.235200052 0.0700226341
v 0.0241928681 -0.235100095 0.0698098455
v 0.0241928681 -0.235200052 0.0698098455
v 0.0237594231 -0.235100095 0.070609859
v 0.0237594231 -0.235200052 0.070609859
v 0.0238594397 -0.235100095 0.0705928121
v 0.0238594397 -0.235200052 0.0705928121
v 0.0240427836 -0.235100095 0.0703715597
v 0.0240427836 -0.235200052 0.0703715597
v 0.0240594729 -0.235100095 0.0702864442
v 0.0240594729 -0.235200052 0.0702864442
v 0.0232262 -0.235100095 0.0698609863
v 0.0232262 -0.235200052 0.0698609863
v 0.0231594428 -0.235100095 0.0698268924
v 0.0231594428 -0.235200052 0.0698268924
v 0.0229595288 -0.235100095 0.070609859
v 0.0229595288 -0.235200052 0.070609859
v 0.0230928048 -0.235100095 0.070609859
v 0.0230928048 -0.235200052 0.070609859
v 0.021442829 -0.235100095 0.0702013288
v 0.021442829 -0.235200052 0.0702013288
v 0.0211594685 -0.235100095 0.070609859
v 0.0211594685 -0.235200052 0.070609859
v 0.0295994862 -0.238188093 0.0703200613
v 0.0292994365 -0.238188093 0.0703200613
v 0.0295994862 -0.238188093 0.0700797353
v 0.0292994365 -0.238188093 0.0700797353
v 0.0295994862 -0.23681206 0.0700797353
v 0.0292994365 -0.23681206 0.0700797353
v 0.0224811419 -0.239900057 0.0703592811
v 0.0224811419 -0.2398001 0.0703592811
v 0.0224602803 -0.239900057 0.0703167234
v 0.0224602803 -0.2398001 0.0703167234
v 0.0225853309 -0.239900057 0.0703592811
v 0.0225853309 -0.2398001 0.0703592811
v 0.0225436076 -0.239900057 0.0704443966
v 0.0225436076 -0.2398001 0.0704443966
v 0.0232519492 -0.239900057 0.0702953849
v 0.0232519492 -0.2398001 0.0702953849
v 0.0231686219 -0.239900057 0.0702741657
v 0.0231686219 -0.2398001 0.0702741657
v 0.0227519854 -0.239900057 0.0703592811
v 0.0227519854 -0.2398001 0.0703592811
v 0.0227935895 -0.239900057 0.0702741657
v 0.0227935895 -0.2398001 0.0702741657
v 0.0227935895 -0.239900057 0.0706146274
v 0.0227935895 -0.2398001 0.0706146274
v 0.022877036 -0.239900057 0.0705507312
v 0.022877036 -0.2398001 0.0705507312
v 0.0241686686 -0.239900057 0.0704869543
v 0.0241686686 -0.2398001 0.0704869543
v 0.0242102727 -0.239900057 0.070529512
v 0.0242102727 -0.2398001 0.070529512
v 0.0244602546 -0.239900057 0.0702528272
v 0.0244602546 -0.2398001 0.0702528272
v 0.0245019778 -0.239900057 0.0702102695
v 0.0245019778 -0.2398001 0.0702102695
v 0.0207850322 -0.2398001 0.0696777616
v 0.0203995093 -0.2398001 0.0696777616
v 0.0207850322 -0.24010009 0.0696777616
v 0.0203995093 -0.24010009 0.0696777616
v 0.0274621829 -0.239187782 0.0625498806
v 0.0286625012 -0.238188927 0.0625998293
v 0.02748674 -0.239232902 0.0625998293
v 0.0196995124 -0.239300077 0.069099835
v 0.0196995124 -0.239300077 0.0712998424
v 0.0196995124 -0.235700076 0.069099835
v 0.0196995124 -0.235700076 0.0712998424
v 0.0250764474 -0.235086863 0.0719498907
v 0.0250764474 -0.235086863 0.071899942
v 0.0252938851 -0.235086863 0.0719498907
v 0.0252938851 -0.235086863 0.071899942
v 0.028249441 -0.237500076 0.0708998953
v 0.028249441 -0.237500076 0.071899942
v 0.0282132014 -0.237799232 0.071899942
v 0.0282132014 -0.237799232 0.0708998953
v 0.0281062707 -0.238080983 0.071899942
v 0.0281062707 -0.238080983 0.0708998953
v 0.0279350861 -0.238328998 0.071899942
v 0.0279350861 -0.238328998 0.0708998953
v 0.0277095422 -0.238528793 0.071899942
v 0.0277095422 -0.238528793 0.0708998953
v 0.0274427518 -0.238668864 0.071899942
v 0.0274427518 -0.238668864 0.0708998953
v 0.027150093 -0.238740985 0.071899942
v 0.027150093 -0.238740985 0.0708998953
v 0.0268488511 -0.238740985 0.071899942
v 0.0268488511 -0.238740985 0.0708998953
v 0.0265561923 -0.238668864 0.071899942
v 0.0265561923 -0.238668864 0.0708998953
v 0.0262894019 -0.238528793 0.071899942
v 0.0262894019 -0.238528793 0.0708998953
v 0.0260638579 -0.238328998 0.071899942
v 0.0260638579 -0.238328998 0.0708998953
v 0.0258926734 -0.238080983 0.071899942
v 0.0258926734 -0.238080983 0.0708998953
v 0.0257857426 -0.237799232 0.071899942
v 0.0257857426 -0.237799232 0.0708998953
v 0.025749503 -0.237500076 0.071899942
v 0.025749503 -0.237500076 0.0708998953
v 0.0193994626 -0.239300077 0.0684998546
v 0.0193994626 -0.239300077 0.069099835
v 0.0193994626 -0.235700076 0.0684998546
v 0.0193994626 -0.235700076 0.069099835
v 0.020090042 -0.235212212 0.0712781463
v 0.0200796708 -0.235215013 0.071281961
v 0.0200795516 -0.23490942 0.0712817226
v 0.0200654849 -0.234911447 0.0712885175
v 0.0200641736 -0.234911625 0.0712891136
v 0.0200454577 -0.235224371 0.0712945972
v 0.0200327023 -0.234918003 0.0712957893
v 0.0200328215 -0.235229199 0.0712960277
v 0.0200174435 -0.234921102 0.0712991272
v 0.0199994429 -0.235241835 0.0712998424
v 0.0199994429 -0.234925513 0.0712998424
v 0.0201157912 -0.235207384 0.0712615762
v 0.0201075658 -0.234905367 0.071268252
v 0.0201222285 -0.235206192 0.0712574039
v 0.0201215133 -0.234904115 0.0712565694
v 0.0201252087 -0.235205655 0.0712554966
v 0.0201451167 -0.23490191 0.0712370191
v 0.0201570376 -0.23520196 0.071222714
v 0.0201560839 -0.234901373 0.0712219988
v 0.0201587066 -0.235201721 0.0712210451
v 0.020174323 -0.234900479 0.0711969648
v 0.0201824292 -0.23520041 0.0711805139
v 0.0201811179 -0.23490036 0.0711800371
v 0.020182906 -0.23520035 0.0711795602
v 0.0201930388 -0.234900122 0.0711501155
v 0.020195423 -0.235200112 0.0711397443
v 0.0201951846 -0.234900122 0.0711331878
v 0.0201961383 -0.235200112 0.071133307
v 0.0201994761 -0.234900062 0.0710999284
v 0.0201994761 -0.235200052 0.0710999284
v 0.0201994761 -0.234900062 0.0709220682
v 0.0201994761 -0.235200052 0.0709220682
v 0.0272625073 -0.2398001 0.0707914148
v 0.0272625073 -0.24010009 0.0707914148
v 0.0271819218 -0.2398001 0.0708848749
v 0.0268837794 -0.24010009 0.0712304626
v 0.0268837794 -0.2398001 0.0712304626
v 0.0295994862 -0.238500063 0.071899942
v 0.0295994862 -0.238500063 0.0712998424
v 0.0295994862 -0.236500089 0.071899942
v 0.0295994862 -0.236500089 0.0712998424
v 0.025451003 -0.235099201 0.0719498907
v 0.025451003 -0.235099201 0.071899942
v 0.0254027232 -0.235049789 0.0719498907
v 0.0254027232 -0.235049789 0.071899942
v 0.0249072894 -0.235518758 0.0719498907
v 0.0249072894 -0.235518758 0.071899942
v 0.0245447739 -0.235518758 0.0719498907
v 0.0245447739 -0.235518758 0.071899942
v 0.023988901 -0.235555773 0.0719498907
v 0.023988901 -0.235555773 0.071899942
v 0.0240373 -0.235580449 0.0719498907
v 0.0240373 -0.235580449 0.071899942
v 0.0201994761 -0.239000087 0.0708998953
v 0.0201994761 -0.236000066 0.0708998953
v 0.0201994761 -0.239000087 0.071899942
v 0.0201994761 -0.236000066 0.071899942
v 0.0287994727 -0.236500089 0.0708998953
v 0.0287994727 -0.236500089 0.071899942
v 0.0287721738 -0.236293023 0.0708998953
v 0.0287721738 -0.236293023 0.071899942
v 0.0286923035 -0.236100082 0.0708998953
v 0.0286923035 -0.236100082 0.071899942
v 0.0285651072 -0.235934381 0.0708998953
v 0.0285651072 -0.235934381 0.071899942
v 0.0283995255 -0.235807245 0.0708998953
v 0.0283995255 -0.235807245 0.071899942
v 0.0282065257 -0.235727315 0.0708998953
v 0.0282065257 -0.235727315 0.071899942
v 0.0279994592 -0.235700076 0.0708998953
v 0.0279994592 -0.235700076 0.071899942
v 0.0257458075 -0.229927008 0.0718988691
v 0.025628744 -0.229927008 0.0718988691
v 0.0257458075 -0.229927008 0.071899942
v 0.025628744 -0.229927008 0.071899942
v 0.0243409261 -0.229127054 0.0718988691
v 0.0247506484 -0.229127054 0.0718988691
v 0.0243409261 -0.229127054 0.071899942
v 0.0247506484 -0.229127054 0.071899942
v 0.0232189282 -0.22983921 0.0718988691
v 0.0235213622 -0.22983921 0.0718988691
v 0.0232189282 -0.22983921 0.071899942
v 0.0235213622 -0.22983921 0.071899942
v 0.0270000085 -0.230250065 0.0748998438
v 0.0270000085 -0.230250065 0.0708998953
v 0.0267218932 -0.230281417 0.0708998953
v 0.0267218932 -0.230281417 0.0748998438
v 0.0264576062 -0.230373864 0.0708998953
v 0.0264576062 -0.230373864 0.0748998438
v 0.0262206181 -0.230522757 0.0708998953
v 0.0262206181 -0.230522757 0.0748998438
v 0.0260227307 -0.230720704 0.0708998953
v 0.0260227307 -0.230720704 0.0748998438
v 0.0258737191 -0.230957692 0.0708998953
v 0.0258737191 -0.230957692 0.0748998438
v 0.0257813319 -0.231221919 0.0708998953
v 0.0257813319 -0.231221919 0.0748998438
v 0.0257499799 -0.231500094 0.0708998953
v 0.0257499799 -0.231500094 0.0748998438
v 0.0220000132 -0.232450073 0.0708998953
v 0.0220000132 -0.232750063 0.0708998953
v 0.0220000132 -0.232450073 0.0748998438
v 0.0220000132 -0.232750063 0.0748998438
v 0.0270000085 -0.232750063 0.0748998438
v 0.0270000085 -0.232450073 0.0748998438
v 0.0267218932 -0.232718711 0.0748998438
v 0.0267540797 -0.232417707 0.0748998438
v 0.0264576062 -0.232626264 0.0748998438
v 0.0265249595 -0.232322817 0.0748998438
v 0.0262206181 -0.232477372 0.0748998438
v 0.0263282641 -0.232171838 0.0748998438
v 0.0270000085 -0.230550055 0.0748998438
v 0.0267540797 -0.230582421 0.0748998438
v 0.0265249595 -0.230677371 0.0748998438
v 0.0263282641 -0.23082829 0.0748998438
v 0.026177226 -0.231025045 0.0748998438
v 0.0260823354 -0.231254165 0.0748998438
v 0.0260500296 -0.231500094 0.0748998438
v 0.0260823354 -0.231745963 0.0748998438
v 0.0257813319 -0.231778209 0.0748998438
v 0.026177226 -0.231975083 0.0748998438
v 0.0258737191 -0.232042437 0.0748998438
v 0.0260227307 -0.232279425 0.0748998438
v 0.0222458228 -0.232417707 0.0748998438
v 0.0222991093 -0.232713764 0.0748998438
v 0.022474943 -0.232322817 0.0748998438
v 0.0225809201 -0.232606893 0.0748998438
v 0.0226717576 -0.232171838 0.0748998438
v 0.0228288754 -0.232435708 0.0748998438
v 0.0228226765 -0.231975083 0.0748998438
v 0.0230286702 -0.232210164 0.0748998438
v 0.0229175671 -0.231745963 0.0748998438
v 0.0231687411 -0.231943314 0.0748998438
v 0.0229499921 -0.231500094 0.0748998438
v 0.0220000132 -0.230250065 0.0748998438
v 0.0220000132 -0.230550055 0.0748998438
v 0.0222991093 -0.230286365 0.0748998438
v 0.0222458228 -0.230582421 0.0748998438
v 0.0225809201 -0.230393236 0.0748998438
v 0.022474943 -0.230677371 0.0748998438
v 0.0228288754 -0.23056442 0.0748998438
v 0.0226717576 -0.23082829 0.0748998438
v 0.0230286702 -0.230789964 0.0748998438
v 0.0228226765 -0.231025045 0.0748998438
v 0.0231687411 -0.231056814 0.0748998438
v 0.0229175671 -0.231254165 0.0748998438
v 0.0232408627 -0.231349413 0.0748998438
v 0.0232408627 -0.231650715 0.0748998438
v 0.0294999465 -0.232100074 0.068399838
v 0.0295999631 -0.232100074 0.068399838
v 0.0294999465 -0.230900054 0.068399838
v 0.0295999631 -0.230900054 0.068399838
v 0.0294634684 -0.230529373 0.068399838
v 0.0295615777 -0.230509882 0.068399838
v 0.0293553456 -0.230172996 0.068399838
v 0.0294477328 -0.23013473 0.068399838
v 0.0291797503 -0.229844456 0.068399838
v 0.0292629584 -0.229788904 0.068399838
v 0.0289434775 -0.229556565 0.068399838
v 0.0290141686 -0.229485874 0.068399838
v 0.0286555871 -0.229320292 0.068399838
v 0.0287111386 -0.229237144 0.068399838
v 0.0283270463 -0.229144697 0.068399838
v 0.0283653125 -0.22905231 0.068399838
v 0.0279706105 -0.229036574 0.068399838
v 0.0279901608 -0.228938525 0.068399838
v 0.0275999888 -0.229000096 0.068399838
v 0.0275999888 -0.22890008 0.068399838
v 0.019499956 -0.229000096 0.068399838
v 0.0193999394 -0.22890008 0.068399838
v 0.019499956 -0.234000092 0.068399838
v 0.0193999394 -0.234100049 0.068399838
v 0.0275999888 -0.234000092 0.068399838
v 0.0275999888 -0.234100049 0.068399838
v 0.0279706105 -0.233963554 0.068399838
v 0.0279901608 -0.234061663 0.068399838
v 0.0283270463 -0.233855431 0.068399838
v 0.0283653125 -0.233947818 0.068399838
v 0.0286555871 -0.233679836 0.068399838
v 0.0287111386 -0.233762984 0.068399838
v 0.0289434775 -0.233443563 0.068399838
v 0.0290141686 -0.233514254 0.068399838
v 0.0291797503 -0.233155673 0.068399838
v 0.0292629584 -0.233211224 0.068399838
v 0.0293553456 -0.232827191 0.068399838
v 0.0294477328 -0.232865458 0.068399838
v 0.0294634684 -0.232470756 0.068399838
v 0.0295615777 -0.232490246 0.068399838
v 0.0218499287 -0.230259125 0.0636998926
v 0.0218499287 -0.230259125 0.0691998516
v 0.0218499287 -0.231350069 0.0691998516
v 0.0218499287 -0.231350069 0.0631999288
v 0.0218499287 -0.230765228 0.0631999288
v 0.0218499287 -0.230705087 0.0632033859
v 0.021850048 -0.230680292 0.0632085119
v 0.021850048 -0.230616813 0.0632216249
v 0.0218502864 -0.230329637 0.0634446655
v 0.0218502864 -0.23030359 0.0634990249
v 0.0218501672 -0.23029 0.0635273967
v 0.021850048 -0.230561023 0.0632440363
v 0.0218501672 -0.23053283 0.0632553611
v 0.0218502864 -0.230455999 0.0633035217
v 0.021850048 -0.230268066 0.0636058365
v 0.021850048 -0.230267112 0.0636162077
v 0.0218504056 -0.230385964 0.0633681331
v 0.0218504056 -0.230367129 0.0633937631
v 0.0221499785 -0.232741063 0.0636998926
v 0.0221499785 -0.232741063 0.0691998516
v 0.0221499785 -0.231650059 0.0691998516
v 0.0221499785 -0.231650059 0.0631999288
v 0.0221499785 -0.2322349 0.0631999288
v 0.0221499785 -0.232295041 0.0632033859
v 0.0221499785 -0.232319837 0.0632085119
v 0.0221499785 -0.232383316 0.0632216249
v 0.0221496209 -0.232670491 0.0634446655
v 0.0221497401 -0.232696538 0.0634990249
v 0.0221497401 -0.232710128 0.0635273967
v 0.0221498593 -0.232439105 0.0632440363
v 0.0221498593 -0.232467298 0.0632553611
v 0.0221497401 -0.232544188 0.0633035217
v 0.0221498593 -0.232732062 0.0636058365
v 0.0221498593 -0.232733076 0.0636162077
v 0.0221496209 -0.232614164 0.0633681331
v 0.0221496209 -0.232632999 0.0633937631
v 0.0268500432 -0.231350069 0.0691998516
v 0.0268500432 -0.231350069 0.0631999288
v 0.0268500432 -0.230765228 0.0631999288
v 0.0268500432 -0.230680053 0.0632080351
v 0.0268500432 -0.230259125 0.0636998926
v 0.0268500432 -0.230259125 0.0691998516
v 0.0268500432 -0.23067004 0.0632089887
v 0.0268500432 -0.230268185 0.0636164461
v 0.0268500432 -0.230259483 0.0636799846
v 0.0268500432 -0.230575864 0.0632366453
v 0.0268500432 -0.230561202 0.0632440363
v 0.0268500432 -0.230488543 0.0632809911
v 0.0268500432 -0.230454986 0.0633073364
v 0.0268500432 -0.230412846 0.0633404766
v 0.0268500432 -0.23036695 0.0633936439
v 0.0268500432 -0.230351095 0.0634121214
v 0.0268500432 -0.23030365 0.0634955679
v 0.0268500432 -0.230272298 0.0635866438
v 0.0271499738 -0.231350069 0.0691998516
v 0.0271499738 -0.231350069 0.0631999288
v 0.0277348145 -0.231350069 0.0631999288
v 0.02781993 -0.231350069 0.0632080351
v 0.0278300628 -0.231350069 0.0632089887
v 0.0279242381 -0.231350069 0.0632365261
v 0.0279389008 -0.231350069 0.0632440363
v 0.0282409772 -0.231350069 0.0636998926
v 0.0282409772 -0.231350069 0.0691998516
v 0.0280113801 -0.231350069 0.0632809911
v 0.0282317981 -0.231350069 0.0636164461
v 0.0282406195 -0.231350069 0.0636799846
v 0.0280451163 -0.231350069 0.0633073364
v 0.0280871972 -0.231350069 0.0633403574
v 0.0281330928 -0.231350069 0.0633937631
v 0.0281489476 -0.231350069 0.0634120021
v 0.0281963929 -0.231350069 0.0634955679
v 0.0282277449 -0.231350069 0.0635866438
v 0.0282409772 -0.231650059 0.0636998926
v 0.0282409772 -0.231650059 0.0691998516
v 0.0282226189 -0.231760089 0.0636998926
v 0.0281775578 -0.231919293 0.0691998516
v 0.0281750544 -0.231918519 0.0636998926
v 0.0281634911 -0.231956844 0.0636998926
v 0.0280565604 -0.232167964 0.0691998516
v 0.0280730113 -0.232141261 0.0636998926
v 0.0278838261 -0.232383971 0.0691998516
v 0.0279535636 -0.232308333 0.0636998926
v 0.0280547723 -0.232166712 0.0636998926
v 0.0276679381 -0.232556705 0.0691998516
v 0.0278082475 -0.232453589 0.0636998926
v 0.0278808459 -0.232380991 0.0636998926
v 0.0274184331 -0.23267514 0.0636998926
v 0.0274566993 -0.232663636 0.0636998926
v 0.0274191483 -0.232677703 0.0691998516
v 0.027641116 -0.232573097 0.0636998926
v 0.0276666268 -0.232554917 0.0636998926
v 0.0272600039 -0.232722704 0.0636998926
v 0.0271499738 -0.232741063 0.0691998516
v 0.0271499738 -0.232741063 0.0636998926
v 0.0259549006 -0.231650059 0.0633073364
v 0.0268500432 -0.231650059 0.0691998516
v 0.02598816 -0.231650059 0.0632811103
v 0.0260611161 -0.231650059 0.0632440363
v 0.0259124621 -0.231650059 0.063340715
v 0.025866805 -0.231650059 0.0633937631
v 0.0258507117 -0.231650059 0.063412479
v 0.0258033856 -0.231650059 0.0634960447
v 0.0257721528 -0.231650059 0.0635871206
v 0.0257680997 -0.231650059 0.0636164461
v 0.0257593974 -0.231650059 0.0636804615
v 0.0257590398 -0.231650059 0.0636998926
v 0.0257590398 -0.231650059 0.0691998516
v 0.0261799678 -0.231650059 0.0632080351
v 0.0262650832 -0.231650059 0.0631999288
v 0.0268500432 -0.231650059 0.0631999288
v 0.026169835 -0.231650059 0.0632089887
v 0.0260756596 -0.231650059 0.0632365261
v 0.026826559 -0.230684524 0.0632069622
v 0.0257682189 -0.231350069 0.0636063133
v 0.025767146 -0.231350069 0.0636162077
v 0.0257841929 -0.231241529 0.0636160884
v 0.026740013 -0.230277424 0.0636998926
v 0.0267414435 -0.230284338 0.0636160884
v 0.0265815839 -0.230324988 0.0636998926
v 0.0265458211 -0.230343108 0.0636160884
v 0.0265431985 -0.230336492 0.0636998926
v 0.0263624772 -0.230433111 0.0636160884
v 0.0263587817 -0.230427031 0.0636998926
v 0.0263333901 -0.230445211 0.0636998926
v 0.0261962994 -0.230551903 0.0636160884
v 0.0261917695 -0.230546539 0.0636998926
v 0.0261190518 -0.230619197 0.0636998926
v 0.0260518178 -0.230696385 0.0636160884
v 0.0260464534 -0.230691795 0.0636998926
v 0.0259451255 -0.230833476 0.0636998926
v 0.0259329661 -0.230862503 0.0636160884
v 0.0259270057 -0.230858927 0.0636998926
v 0.0258429631 -0.231045907 0.0636160884
v 0.0258364066 -0.231043344 0.0636998926
v 0.0258249625 -0.23108161 0.0636998926
v 0.0257772788 -0.231240039 0.0636998926
v 0.0257590398 -0.231350069 0.0636998926
v 0.0258397445 -0.231350069 0.0634288107
v 0.0258033856 -0.231350069 0.0634990249
v 0.0258188828 -0.23124892 0.0634981905
v 0.0257957562 -0.231350069 0.0635139261
v 0.0258993491 -0.231350069 0.063353828
v 0.025867401 -0.231350069 0.0633940015
v 0.0258806332 -0.231262033 0.063392571
v 0.0259709939 -0.231350069 0.0632925544
v 0.0259544238 -0.231350069 0.0633067403
v 0.0259657487 -0.231280153 0.0633055483
v 0.0261471852 -0.231350069 0.0632136379
v 0.0260606393 -0.231350069 0.0632434402
v 0.0260691031 -0.231302147 0.0632423673
v 0.0260549172 -0.231350069 0.0632453476
v 0.0262650832 -0.231350069 0.0631999288
v 0.0262373074 -0.231350069 0.0632006441
v 0.0261844977 -0.231326644 0.0632069622
v 0.0261802062 -0.231350069 0.0632088695
v 0.0262663945 -0.231344049 0.0631999288
v 0.0262238368 -0.231195395 0.0632069622
v 0.0263017997 -0.231226032 0.0631999288
v 0.0262842759 -0.231072431 0.0632069622
v 0.0263561591 -0.231115346 0.0631999288
v 0.0263640269 -0.23096097 0.0632069622
v 0.0264279231 -0.231015091 0.0631999288
v 0.0264608249 -0.230864053 0.0632069622
v 0.0265150651 -0.230927949 0.0631999288
v 0.0265722855 -0.230784361 0.0632069622
v 0.0266153201 -0.230856245 0.0631999288
v 0.0266953095 -0.230723982 0.0632069622
v 0.0267259463 -0.230801945 0.0631999288
v 0.0268439635 -0.23076648 0.0631999288
v 0.0268020018 -0.230569248 0.0632423673
v 0.0267800673 -0.230465834 0.0633055483
v 0.0267619475 -0.230380719 0.063392571
v 0.0267488345 -0.230318968 0.0634981905
v 0.0261141642 -0.231152301 0.0632423673
v 0.0261830672 -0.231011932 0.0632423673
v 0.0262740239 -0.230884736 0.0632423673
v 0.0263846501 -0.230774109 0.0632423673
v 0.0265118464 -0.230683153 0.0632423673
v 0.026652275 -0.23061419 0.0632423673
v 0.0260158166 -0.231113737 0.0633055483
v 0.0260923489 -0.230957751 0.0633055483
v 0.0261934384 -0.230816369 0.0633055483
v 0.0263163432 -0.230693524 0.0633055483
v 0.0264576062 -0.230592434 0.0633055483
v 0.0266136512 -0.230515842 0.0633055483
v 0.0259347543 -0.231081908 0.063392571
v 0.0260176047 -0.230913048 0.063392571
v 0.0261270388 -0.230760102 0.063392571
v 0.0262599572 -0.230627124 0.063392571
v 0.0264130219 -0.23051769 0.063392571
v 0.0265818223 -0.23043484 0.063392571
v 0.0258759841 -0.231058841 0.0634981905
v 0.0259633645 -0.230880682 0.0634981905
v 0.0260788783 -0.230719273 0.0634981905
v 0.0262191876 -0.230578964 0.0634981905
v 0.026380597 -0.23046351 0.0634981905
v 0.0265586957 -0.23037607 0.0634981905
v 0.0268500432 -0.2322349 0.0631999288
v 0.0268439635 -0.232233648 0.0631999288
v 0.0267259463 -0.232198184 0.0631999288
v 0.0266153201 -0.232143884 0.0631999288
v 0.0263561591 -0.231884782 0.0631999288
v 0.0263017997 -0.231774096 0.0631999288
v 0.0262663945 -0.231656079 0.0631999288
v 0.0265150651 -0.232072179 0.0631999288
v 0.0264279231 -0.231985037 0.0631999288
v 0.021265088 -0.231350069 0.0631999288
v 0.0209545478 -0.231350367 0.063307098
v 0.0209243878 -0.231350427 0.0633295093
v 0.0208660945 -0.231350427 0.0633931671
v 0.0209971055 -0.231350307 0.0632752691
v 0.0210608825 -0.231350188 0.0632435594
v 0.0210785254 -0.231350129 0.0632348571
v 0.0207590445 -0.231350069 0.0691998516
v 0.0207590445 -0.231350069 0.0636998926
v 0.0207603558 -0.231350069 0.0636640106
v 0.0207684621 -0.231350129 0.0636165653
v 0.0207764491 -0.231350248 0.0635694776
v 0.0208035096 -0.231350367 0.0634989057
v 0.0211661443 -0.231350069 0.0632094656
v 0.0211799725 -0.231350069 0.0632081543
v 0.0208122119 -0.231350367 0.063476256
v 0.0208594188 -0.231350427 0.0634004388
v 0.022921501 -0.23165 0.0632348571
v 0.022939144 -0.23164994 0.0632435594
v 0.0229307994 -0.231698041 0.0632423673
v 0.0232235774 -0.23164994 0.0635694776
v 0.0232315644 -0.23165 0.0636165653
v 0.0232157096 -0.231758599 0.0636160884
v 0.0232396706 -0.231650059 0.0636640106
v 0.0231878146 -0.231649761 0.063476256
v 0.0231965169 -0.231649761 0.0634989057
v 0.0231811389 -0.231751268 0.0634981905
v 0.0230755195 -0.231649761 0.0633295093
v 0.023133932 -0.231649702 0.0633931671
v 0.0231193885 -0.231738095 0.063392571
v 0.0231406077 -0.231649702 0.0634004388
v 0.023002921 -0.23164988 0.0632752691
v 0.0230341538 -0.231719975 0.0633055483
v 0.0230454787 -0.231649761 0.063307098
v 0.0228338822 -0.231650059 0.0632094656
v 0.022815524 -0.231673484 0.0632069622
v 0.0228199347 -0.231650059 0.0632081543
v 0.0227336272 -0.231656079 0.0631999288
v 0.0227348193 -0.231650059 0.0631999288
v 0.0221734628 -0.232315605 0.0632069622
v 0.0227760657 -0.231804733 0.0632069622
v 0.0226981028 -0.231774096 0.0631999288
v 0.0227157458 -0.231927757 0.0632069622
v 0.0226438626 -0.231884782 0.0631999288
v 0.0226359948 -0.232039158 0.0632069622
v 0.0225720986 -0.231985037 0.0631999288
v 0.0225390776 -0.232136075 0.0632069622
v 0.0224849566 -0.232072179 0.0631999288
v 0.022427617 -0.232215767 0.0632069622
v 0.0223847016 -0.232143884 0.0631999288
v 0.022304593 -0.232276146 0.0632069622
v 0.0222740754 -0.232198184 0.0631999288
v 0.022155939 -0.232233648 0.0631999288
v 0.0221979007 -0.23243094 0.0632423673
v 0.0222380742 -0.23261941 0.063392571
v 0.0222511872 -0.23268116 0.0634981905
v 0.0222585782 -0.23271579 0.0636160884
v 0.0222600087 -0.232722704 0.0636998926
v 0.0224184378 -0.23267514 0.0636998926
v 0.0224542006 -0.23265708 0.0636160884
v 0.022456704 -0.232663636 0.0636998926
v 0.0226375445 -0.232567017 0.0636160884
v 0.0226411208 -0.232573097 0.0636998926
v 0.0226666316 -0.232554917 0.0636998926
v 0.0228037223 -0.232448225 0.0636160884
v 0.0228082522 -0.232453589 0.0636998926
v 0.0228808507 -0.232380991 0.0636998926
v 0.0229480847 -0.232303743 0.0636160884
v 0.0229535683 -0.232308333 0.0636998926
v 0.023054777 -0.232166712 0.0636998926
v 0.0230669364 -0.232137625 0.0636160884
v 0.0230730161 -0.232141261 0.0636998926
v 0.0231569394 -0.231954222 0.0636160884
v 0.0231634959 -0.231956844 0.0636998926
v 0.0231750592 -0.231918519 0.0636998926
v 0.0232226237 -0.231760089 0.0636998926
v 0.0232409819 -0.231650059 0.0636998926
v 0.0228858575 -0.231847827 0.0632423673
v 0.0228169545 -0.231988196 0.0632423673
v 0.0227258786 -0.232115393 0.0632423673
v 0.0226153716 -0.232226019 0.0632423673
v 0.0224881753 -0.232316976 0.0632423673
v 0.0223477467 -0.232385938 0.0632423673
v 0.0229842051 -0.231886451 0.0633055483
v 0.0229076728 -0.232042437 0.0633055483
v 0.0228065833 -0.232183759 0.0633055483
v 0.0226836785 -0.232306604 0.0633055483
v 0.0225422963 -0.232407694 0.0633055483
v 0.0223863705 -0.232484286 0.0633055483
v 0.0222199544 -0.232534294 0.0633055483
v 0.0230652675 -0.23191822 0.063392571
v 0.022982417 -0.23208708 0.063392571
v 0.0228729829 -0.232240026 0.063392571
v 0.0227399453 -0.232373004 0.063392571
v 0.0225869998 -0.232482438 0.063392571
v 0.0224181994 -0.232565348 0.063392571
v 0.0231240376 -0.231941287 0.0634981905
v 0.023036538 -0.232119446 0.0634981905
v 0.0229211434 -0.232280855 0.0634981905
v 0.0227808341 -0.232421224 0.0634981905
v 0.0226194247 -0.232536619 0.0634981905
v 0.0224412068 -0.232624118 0.0634981905
v 0.0212663993 -0.231656079 0.0631999288
v 0.021265088 -0.231650059 0.0631999288
v 0.0218499287 -0.231650059 0.0631999288
v 0.0213018044 -0.231774096 0.0631999288
v 0.0218499287 -0.2322349 0.0631999288
v 0.0218439683 -0.232233648 0.0631999288
v 0.0215150699 -0.232072179 0.0631999288
v 0.0214279279 -0.231985037 0.0631999288
v 0.0213561639 -0.231884782 0.0631999288
v 0.0217259511 -0.232198184 0.0631999288
v 0.0216153249 -0.232143884 0.0631999288
v 0.0221499785 -0.230765228 0.0631999288
v 0.022155939 -0.23076648 0.0631999288
v 0.0221499785 -0.231350069 0.0631999288
v 0.0222740754 -0.230801945 0.0631999288
v 0.0223847016 -0.230856245 0.0631999288
v 0.0226438626 -0.231115346 0.0631999288
v 0.0226981028 -0.231226032 0.0631999288
v 0.0227336272 -0.231344049 0.0631999288
v 0.0227348193 -0.231350069 0.0631999288
v 0.0224849566 -0.230927949 0.0631999288
v 0.0225720986 -0.231015091 0.0631999288
v 0.0207772836 -0.231240039 0.0636998926
v 0.0208223447 -0.231080835 0.0691998516
v 0.0208249673 -0.23108161 0.0636998926
v 0.0208364114 -0.231043344 0.0636998926
v 0.0209433421 -0.230832164 0.0691998516
v 0.0209270104 -0.230858927 0.0636998926
v 0.0211160764 -0.230616157 0.0691998516
v 0.0210464581 -0.230691795 0.0636998926
v 0.0209451302 -0.230833476 0.0636998926
v 0.0213320836 -0.230443482 0.0691998516
v 0.0211917743 -0.230546539 0.0636998926
v 0.0211190566 -0.230619197 0.0636998926
v 0.0215815886 -0.230324988 0.0636998926
v 0.0215432032 -0.230336492 0.0636998926
v 0.0215807542 -0.230322485 0.0691998516
v 0.0213587865 -0.230427031 0.0636998926
v 0.0213333949 -0.230445211 0.0636998926
v 0.0217400178 -0.230277424 0.0636998926
v 0.0229499921 -0.231500094 0.0708998953
v 0.0229175671 -0.231254165 0.0708998953
v 0.0228226765 -0.231025045 0.0708998953
v 0.0226717576 -0.23082829 0.0708998953
v 0.022474943 -0.230677371 0.0708998953
v 0.0222458228 -0.230582421 0.0708998953
v 0.0220000132 -0.230550055 0.0708998953
v 0.246109663 0.0603676391 0.0786741291
v 0.245854913 0.0594424558 0.0796251808
v 0.254126845 0.0603676391 0.0808222805
v 0.253872095 0.0594424558 0.0817734514
v 0.245705424 0.0569000197 0.0801828418
v 0.242351709 0.0569000197 0.092699102
v 0.242351709 0.0588999939 0.092699102
v 0.245500384 0.0588999939 0.0809480463
v 0.24562913 0.0589628768 0.0804673944
v 0.24583417 0.0569629026 0.07970219
v 0.245749889 0.0591475916 0.0800170217
v 0.245954929 0.0571475578 0.0792518173
v 0.246059953 0.0574424815 0.0788599764
v 0.246230303 0.061031158 0.0782238756
v 0.246262132 0.0614197207 0.0781052623
v 0.247425495 0.0623999787 0.07376366
v 0.24627286 0.0618251515 0.0780650888
v 0.24627286 0.0623999787 0.0780650888
v 0.246178804 0.0606754971 0.0784161602
v 0.0632680043 -0.162999992 0.12899988
v 0.0615358933 -0.159999971 0.12899988
v 0.0632680043 -0.162999992 0.0789999281
v 0.0615358933 -0.159999971 0.0789999281
v 0.068343459 0.246296818 0.12936323
v 0.0676364287 0.247445757 0.128939084
v 0.0669619426 0.247271116 0.129590562
v 0.0667627438 0.24713927 0.129849723
v 0.0667198285 0.247066791 0.129942111
v 0.0666858538 0.246621783 0.130337528
v 0.0667793139 0.246510799 0.130359701
v 0.067054449 0.24624222 0.13037639
v 0.0671995267 0.246130521 0.130360297
v 0.0673448428 0.246038253 0.130327872
v 0.0668846949 0.247242148 0.129672698
v 0.0668179377 0.247197921 0.129759482
v 0.06667286 0.246884759 0.130128792
v 0.0666840657 0.246658738 0.130308202
v -0.00621992504 -0.198282008 0.0618824278
v -0.00621992504 -0.198284273 0.0618845735
v -0.00621992504 -0.198224966 0.0620201145
v -0.00621992504 -0.19819427 0.0620201145
v -0.00621992504 -0.19819427 0.0618633543
v -0.00621992504 -0.198223774 0.0618633543
v -0.00621992504 -0.198252146 0.0618668113
v -0.00621992504 -0.198268895 0.0618732486
v -0.00621992504 -0.198293333 0.0618955408
v -0.00621992504 -0.198300664 0.0619103227
v -0.00621992504 -0.198305016 0.0619283233
v -0.00621992504 -0.198305969 0.0619437013
v -0.00621992504 -0.198302929 0.0619693313
v -0.00621992504 -0.198297148 0.0619841133
v -0.00621992504 -0.19828928 0.0619955574
v -0.00621992504 -0.198283677 0.062001041
v -0.00621992504 -0.198251133 0.0620172535
v -0.00621992504 -0.198268776 0.0620109354
v -0.00622993862 -0.197638934 0.061926416
v -0.00622993862 -0.197681968 0.0619324957
v -0.00621992504 -0.197638934 0.061926416
v -0.00621992504 -0.197681968 0.0619324957
v -0.00622993862 -0.197555964 0.0619550262
v -0.00622993862 -0.197555964 0.0619317804
v -0.00621992504 -0.197555964 0.0619550262
v -0.00621992504 -0.197555964 0.0619317804
v -0.00337869083 -0.197499995 0.0612599168
v -0.00361579811 -0.197499995 0.0612599168
v -0.00337869083 -0.197499995 0.0611599002
v -0.00361579811 -0.197499995 0.0611599002
v -0.00337869083 -0.197551255 0.0612599168
v -0.00337869083 -0.197551255 0.0611599002
v -0.00357097542 -0.197551255 0.0612599168
v -0.00357097542 -0.197551255 0.0611599002
v -0.00361579811 -0.198000019 0.0612599168
v -0.00361579811 -0.198000019 0.0611599002
v -0.00287300502 -0.197878187 0.0612599168
v -0.00283378517 -0.197908227 0.0612599168
v -0.00284844791 -0.197926705 0.0612599168
v -0.00283378517 -0.197592025 0.0612599168
v -0.00287300502 -0.197621767 0.0612599168
v -0.00287789261 -0.197545772 0.0612599168
v -0.00290066158 -0.197593873 0.0612599168
v -0.00292962944 -0.197513168 0.0612599168
v -0.00294488823 -0.197563593 0.0612599168
v -0.00298649227 -0.197493856 0.0612599168
v -0.00299304878 -0.197545354 0.0612599168
v -0.00302630817 -0.197488074 0.0612599168
v -0.00305158054 -0.19753844 0.0612599168
v -0.00291317856 -0.197916989 0.0612599168
v -0.0028790847 -0.197955792 0.0612599168
v -0.00296014702 -0.197943573 0.0612599168
v -0.00293356334 -0.197988813 0.0612599168
v -0.00298208152 -0.197951322 0.0612599168
v -0.0029792205 -0.198004429 0.0612599168
v -0.00303727543 -0.197960918 0.0612599168
v -0.00305193817 -0.198012834 0.0612599168
v -0.00305467998 -0.197961514 0.0612599168
v -0.00309187328 -0.198010449 0.0612599168
v -0.00311380779 -0.197954242 0.0612599168
v -0.00315290844 -0.197995965 0.0612599168
v -0.00316494857 -0.197934513 0.0612599168
v -0.00320595657 -0.197969084 0.0612599168
v -0.00321096336 -0.197902148 0.0612599168
v -0.00325793182 -0.197923427 0.0612599168
v -0.00324195778 -0.197865908 0.0612599168
v -0.0032922641 -0.197874193 0.0612599168
v -0.00326424991 -0.197821562 0.0612599168
v -0.00331264888 -0.197821205 0.0612599168
v -0.00327497875 -0.197772984 0.0612599168
v -0.00332099353 -0.197752898 0.0612599168
v -0.00327605163 -0.1977495 0.0612599168
v -0.00326949512 -0.197694426 0.0612599168
v -0.00331396019 -0.197686915 0.0612599168
v -0.00325364029 -0.197652881 0.0612599168
v -0.00329393303 -0.197629397 0.0612599168
v -0.00322669899 -0.197613721 0.0612599168
v -0.00325757419 -0.19757462 0.0612599168
v -0.00319057857 -0.1975807 0.0612599168
v -0.00323754703 -0.197553818 0.0612599168
v -0.0031421796 -0.197554295 0.0612599168
v -0.00318914806 -0.197519128 0.0612599168
v -0.00309139644 -0.197541182 0.0612599168
v -0.003129305 -0.197496121 0.0612599168
v -0.00305134212 -0.19748718 0.0612599168
v -0.00305193817 -0.198012834 0.0611599002
v -0.00309187328 -0.198010449 0.0611599002
v -0.003108801 -0.198006396 0.0611599002
v -0.00315290844 -0.197995965 0.0611599002
v -0.00320595657 -0.197969084 0.0611599002
v -0.00325793182 -0.197923427 0.0611599002
v -0.0032922641 -0.197874193 0.0611599002
v -0.00331264888 -0.197821205 0.0611599002
v -0.00332099353 -0.197752898 0.0611599002
v -0.00305134212 -0.19748718 0.0611599002
v -0.00310737049 -0.197493618 0.0611599002
v -0.003129305 -0.197496121 0.0611599002
v -0.00318914806 -0.197519128 0.0611599002
v -0.00323754703 -0.197553818 0.0611599002
v -0.00325757419 -0.19757462 0.0611599002
v -0.00302630817 -0.197488074 0.0611599002
v -0.00298828041 -0.197493618 0.0611599002
v -0.00298649227 -0.197493856 0.0611599002
v -0.00292962944 -0.197513168 0.0611599002
v -0.00287789261 -0.197545772 0.0611599002
v -0.00283378517 -0.197592025 0.0611599002
v -0.00287300502 -0.197621767 0.0611599002
v -0.00290066158 -0.197593873 0.0611599002
v -0.00294488823 -0.197563593 0.0611599002
v -0.00299304878 -0.197545354 0.0611599002
v -0.00305158054 -0.19753844 0.0611599002
v -0.00309139644 -0.197541182 0.0611599002
v -0.0031421796 -0.197554295 0.0611599002
v -0.00319057857 -0.1975807 0.0611599002
v -0.00322669899 -0.197613721 0.0611599002
v -0.00325364029 -0.197652881 0.0611599002
v -0.00326949512 -0.197694426 0.0611599002
v -0.00327605163 -0.1977495 0.0611599002
v -0.00327497875 -0.197772984 0.0611599002
v -0.00326424991 -0.197821562 0.0611599002
v -0.00324195778 -0.197865908 0.0611599002
v -0.00321096336 -0.197902148 0.0611599002
v -0.00316494857 -0.197934513 0.0611599002
v -0.00311380779 -0.197954242 0.0611599002
v -0.00305467998 -0.197961514 0.0611599002
v -0.00303727543 -0.197960918 0.0611599002
v -0.00298208152 -0.197951322 0.0611599002
v -0.00296014702 -0.197943573 0.0611599002
v -0.00291317856 -0.197916989 0.0611599002
v -0.00287300502 -0.197878187 0.0611599002
v -0.00283378517 -0.197908227 0.0611599002
v -0.00299626743 -0.198006396 0.0611599002
v -0.0029792205 -0.198004429 0.0611599002
v -0.00293356334 -0.197988813 0.0611599002
v -0.0028790847 -0.197955792 0.0611599002
v -0.00284844791 -0.197926705 0.0611599002
v -0.00273126518 -0.197499995 0.0612599168
v -0.002449216 -0.197499995 0.0612599168
v -0.002449216 -0.197551255 0.0612599168
v -0.00268632328 -0.197551255 0.0612599168
v -0.00268632328 -0.197743599 0.0612599168
v -0.00273126518 -0.198000019 0.0612599168
v -0.002449216 -0.197948699 0.0612599168
v -0.002449216 -0.198000019 0.0612599168
v -0.00268632328 -0.197948699 0.0612599168
v -0.00268632328 -0.197794859 0.0612599168
v -0.002449216 -0.197794859 0.0612599168
v -0.002449216 -0.197743599 0.0612599168
v -0.002449216 -0.197499995 0.0611599002
v -0.00273126518 -0.197499995 0.0611599002
v -0.002449216 -0.197551255 0.0611599002
v -0.00268632328 -0.197551255 0.0611599002
v -0.00268632328 -0.197743599 0.0611599002
v -0.002449216 -0.197743599 0.0611599002
v -0.002449216 -0.197794859 0.0611599002
v -0.00268632328 -0.197948699 0.0611599002
v -0.00268632328 -0.197794859 0.0611599002
v -0.002449216 -0.197948699 0.0611599002
v -0.00273126518 -0.198000019 0.0611599002
v -0.0023145095 -0.197551255 0.0612599168
v -0.00225716983 -0.197551255 0.0612599168
v -0.0023145095 -0.197551255 0.0611599002
v -0.00225716983 -0.197551255 0.0611599002
v -0.0021142379 -0.197564011 0.0612599168
v -0.0021142379 -0.197564011 0.0611599002
v -0.00218528663 -0.197553282 0.0611599002
v -0.00218528663 -0.197553282 0.0612599168
v -0.0021258012 -0.197934692 0.0612599168
v -0.0021258012 -0.197934692 0.0611599002
v -0.00210327064 -0.197926526 0.0611599002
v -0.00210327064 -0.197926526 0.0612599168
v -0.00206595813 -0.197904711 0.0611599002
v -0.00206595813 -0.197904711 0.0612599168
v -0.00203710949 -0.197876458 0.0611599002
v -0.00203710949 -0.197876458 0.0612599168
v -0.00201410209 -0.197839861 0.0611599002
v -0.00201410209 -0.197839861 0.0612599168
v -0.00199943935 -0.197796826 0.0611599002
v -0.00199943935 -0.197796826 0.0612599168
v -0.00199407493 -0.197743778 0.0611599002
v -0.00199407493 -0.197743778 0.0612599168
v -0.00227934276 -0.197948699 0.0612599168
v -0.00227934276 -0.197948699 0.0611599002
v -0.00220209514 -0.197946374 0.0611599002
v -0.00220209514 -0.197946374 0.0612599168
v -0.00204724228 -0.197536652 0.0611599002
v -0.00208491241 -0.197517281 0.0612599168
v -0.00208491241 -0.197517281 0.0611599002
v -0.00214594757 -0.197503273 0.0612599168
v -0.00214594757 -0.197503273 0.0611599002
v -0.00220447933 -0.197499995 0.0612599168
v -0.00220447933 -0.197499995 0.0611599002
v -0.00201958572 -0.19756115 0.0611599002
v -0.00200981056 -0.197569673 0.0612599168
v -0.00204724228 -0.197536652 0.0612599168
v -0.00200981056 -0.197569673 0.0611599002
v -0.0019757167 -0.197621112 0.0611599002
v -0.0019757167 -0.197621112 0.0612599168
v -0.00195616638 -0.197676842 0.0611599002
v -0.00195616638 -0.197676842 0.0612599168
v -0.00194913303 -0.197743719 0.0611599002
v -0.00194913303 -0.197743719 0.0612599168
v -0.00209981357 -0.197981958 0.0612599168
v -0.00209981357 -0.197981958 0.0611599002
v -0.00217837249 -0.197996919 0.0611599002
v -0.00217837249 -0.197996919 0.0612599168
v -0.00225848114 -0.198000019 0.0611599002
v -0.00225848114 -0.198000019 0.0612599168
v -0.00235945141 -0.198000019 0.0612599168
v -0.00235945141 -0.198000019 0.0611599002
v -0.00235945141 -0.197499995 0.0612599168
v -0.00235945141 -0.197499995 0.0611599002
v -0.00155705368 -0.197711532 0.0612599168
v -0.00164514934 -0.197902565 0.0612599168
v -0.00155705368 -0.197711532 0.0611599002
v -0.00164514934 -0.197902565 0.0611599002
v -0.00164145385 -0.198000019 0.0612599168
v -0.00164789116 -0.198000019 0.0612599168
v -0.0017357484 -0.197711532 0.0612599168
v -0.00141066467 -0.197499995 0.0612599168
v -0.00188511764 -0.197499995 0.0612599168
v -0.00183612262 -0.197499995 0.0612599168
v -0.0017600671 -0.197660272 0.0612599168
v -0.00145954048 -0.197499995 0.0612599168
v -0.00153345024 -0.197660272 0.0612599168
v -0.00188511764 -0.197499995 0.0611599002
v -0.00164789116 -0.198000019 0.0611599002
v -0.00183612262 -0.197499995 0.0611599002
v -0.0017600671 -0.197660272 0.0611599002
v -0.00145954048 -0.197499995 0.0611599002
v -0.00153345024 -0.197660272 0.0611599002
v -0.00141066467 -0.197499995 0.0611599002
v -0.00164145385 -0.198000019 0.0611599002
v -0.00462991153 -0.199090009 0.0689498697
v -0.00526994621 -0.199090009 0.0689498697
v -0.00462991153 -0.199090009 0.0631999288
v -0.00526994621 -0.199090009 0.0631999288
v -0.00462991153 -0.198840027 0.0691998516
v -0.00526994621 -0.198840027 0.0691998516
v -0.00462991153 -0.198700016 0.0691998516
v -0.00526994621 -0.198700016 0.0691998516
v -0.00462991153 -0.198449974 0.0689498697
v -0.00526994621 -0.198449974 0.0689498697
v -0.00526994621 -0.198449974 0.0631999288
v -0.00462991153 -0.198449974 0.0631999288
v -0.00462991153 -0.198449974 0.0611599002
v -0.00462991153 -0.198449974 0.0579098974
v -0.00526994621 -0.198449974 0.0611599002
v -0.00526994621 -0.198449974 0.0579098974
v -0.00526994621 -0.199090009 0.0611599002
v -0.00526994621 -0.199090009 0.0579098974
v -0.00462991153 -0.199090009 0.0611599002
v -0.00462991153 -0.199090009 0.0579098974
v -0.00526994621 -0.198700016 0.0576599155
v -0.00526994621 -0.198840027 0.0576599155
v -0.00462991153 -0.198700016 0.0576599155
v -0.00462991153 -0.198840027 0.0576599155
v -0.00526994621 -0.196299975 0.0691998516
v -0.00526994621 -0.196160023 0.0691998516
v -0.00526994621 -0.196550016 0.0689498697
v -0.00526994621 -0.195909982 0.0689498697
v -0.00526994621 -0.196550016 0.0631999288
v -0.00526994621 -0.195909982 0.0631999288
v -0.00462991153 -0.196160023 0.0691998516
v -0.00462991153 -0.196299975 0.0691998516
v -0.00462991153 -0.195909982 0.0689498697
v -0.00462991153 -0.196550016 0.0689498697
v -0.00462991153 -0.195909982 0.0631999288
v -0.00462991153 -0.196550016 0.0631999288
v -0.00526994621 -0.196550016 0.0611599002
v -0.00526994621 -0.196550016 0.0579098974
v -0.00462991153 -0.196550016 0.0611599002
v -0.00462991153 -0.196550016 0.0579098974
v -0.00526994621 -0.196160023 0.0576599155
v -0.00526994621 -0.196299975 0.0576599155
v -0.00526994621 -0.195909982 0.0579098974
v -0.00526994621 -0.195909982 0.0611599002
v -0.00272995388 -0.198840027 0.0691998516
v -0.00272995388 -0.198700016 0.0691998516
v -0.00272995388 -0.199090009 0.0689498697
v -0.00272995388 -0.198449974 0.0689498697
v -0.00272995388 -0.199090009 0.0631999288
v -0.00272995388 -0.198449974 0.0631999288
v -0.0020899192 -0.198840027 0.0691998516
v -0.0020899192 -0.198700016 0.0691998516
v -0.0020899192 -0.198449974 0.0689498697
v -0.0020899192 -0.198449974 0.0631999288
v -0.0020899192 -0.198449974 0.0611599002
v -0.0020899192 -0.198449974 0.0579098974
v -0.0024042741 -0.198449974 0.0611599002
v -0.00272995388 -0.198449974 0.0579098974
v -0.00272995388 -0.198449974 0.0611599002
v -0.00272995388 -0.199090009 0.0611599002
v -0.00272995388 -0.199090009 0.0579098974
v -0.0024042741 -0.199090009 0.0611599002
v -0.0020899192 -0.199090009 0.0579098974
v -0.0020899192 -0.199090009 0.0611599002
v -0.0020899192 -0.198840027 0.0576599155
v -0.0020899192 -0.198700016 0.0576599155
v -0.00272995388 -0.198700016 0.0576599155
v -0.00272995388 -0.198840027 0.0576599155
v -0.00272995388 -0.196299975 0.0691998516
v -0.00272995388 -0.196160023 0.0691998516
v -0.00272995388 -0.196550016 0.0689498697
v -0.00272995388 -0.195909982 0.0689498697
v -0.00272995388 -0.196550016 0.0631999288
v -0.00272995388 -0.195909982 0.0631999288
v -0.0020899192 -0.196160023 0.0691998516
v -0.0020899192 -0.196299975 0.0691998516
v -0.0020899192 -0.195909982 0.0689498697
v -0.0020899192 -0.196550016 0.0689498697
v -0.0020899192 -0.195909982 0.0631999288
v -0.0020899192 -0.196550016 0.0631999288
v -0.0020899192 -0.195909982 0.0611599002
v -0.0020899192 -0.195909982 0.0579098974
v -0.0024042741 -0.195909982 0.0611599002
v -0.00272995388 -0.195909982 0.0579098974
v -0.00272995388 -0.195909982 0.0611599002
v -0.00272995388 -0.196550016 0.0611599002
v -0.00272995388 -0.196550016 0.0579098974
v -0.0024042741 -0.196550016 0.0611599002
v -0.0020899192 -0.196550016 0.0579098974
v -0.0020899192 -0.196550016 0.0611599002
v -0.00272995388 -0.196160023 0.0576599155
v -0.00272995388 -0.196299975 0.0576599155
v -0.0020899192 -0.196160023 0.0576599155
v -0.0020899192 -0.196299975 0.0576599155
v -0.000403703801 -0.199416821 0.0684633766
v -0.000393928639 -0.199414496 0.0684633766
v -0.000393332593 -0.199417059 0.0684614692
v -0.000397385709 -0.199443226 0.0684421573
v -0.000387610547 -0.199440782 0.0684420381
v -0.000392259709 -0.199464445 0.0684252296
v -0.00038200771 -0.199464147 0.0684229646
v -0.000391782872 -0.199466352 0.0684228454
v -0.00038200771 -0.199464266 0.0684228454
v -0.00038880264 -0.199478095 0.0684079443
v -0.000379265897 -0.199475234 0.0684075866
v -0.000388325803 -0.199479942 0.0684054409
v -0.000377954595 -0.199480121 0.0684007917
v -0.000386895291 -0.199485605 0.0683924471
v -0.000377120129 -0.19948334 0.0683925663
v -0.00038546478 -0.199491267 0.0683792148
v -0.000375570409 -0.199489777 0.0683757578
v -0.000385107152 -0.199492877 0.0683703933
v -0.00037533199 -0.199490731 0.0683705125
v -0.000373424642 -0.199498003 0.068329743
v -0.000383080594 -0.199500446 0.068329743
v -0.00041228687 -0.197667365 0.068471602
v -0.000422062032 -0.197665279 0.068471602
v -0.000413002126 -0.197670405 0.0684474025
v -0.000422658078 -0.1976682 0.0684474025
v -0.000413121335 -0.197670941 0.068443111
v -0.000422777287 -0.197668676 0.0684439455
v -0.000413359754 -0.197672431 0.0684395347
v -0.000423134915 -0.197670345 0.0684395347
v -0.000413836591 -0.197674696 0.0684336935
v -0.000423611752 -0.197672312 0.0684342895
v -0.000414194219 -0.197676246 0.0684316669
v -0.00042396938 -0.19767422 0.0684316669
v -0.000416816823 -0.197688823 0.0684141431
v -0.000426591985 -0.197686796 0.0684141431
v -0.000438512914 -0.197746639 0.068551353
v -0.000435055844 -0.197728817 0.0685495649
v -0.000428737752 -0.197748487 0.068551353
v -0.000425280682 -0.197730784 0.0685495649
v -0.00042396938 -0.197724109 0.0685488496
v -0.000433863751 -0.197722678 0.0685489689
v -0.000422538869 -0.197717016 0.0685467039
v -0.000432314031 -0.197715108 0.0685465847
v -0.000421346776 -0.197711234 0.0685449157
v -0.000431121938 -0.197709208 0.0685447965
v -0.000420869939 -0.197708909 0.068543366
v -0.00043076431 -0.197706943 0.068543366
v -0.000426591985 -0.197687035 0.0685306106
v -0.000416816823 -0.197689061 0.0685306106
v -0.000428737752 -0.197748487 0.0685744796
v -0.000438512914 -0.197746639 0.0685744796
v -0.000433863751 -0.197776024 0.0685743604
v -0.000443638913 -0.197774236 0.0685743604
v -0.000438870541 -0.197803562 0.068574122
v -0.000448645703 -0.197801833 0.068574122
v -0.00044590389 -0.197844808 0.0683938776
v -0.000455798261 -0.197843199 0.0683938776
v -0.000452102773 -0.197883611 0.0683936391
v -0.000461997144 -0.197882061 0.0683936391
v -0.000458063237 -0.197922473 0.0683932815
v -0.000467957608 -0.197921042 0.0683932815
v -0.000480951421 -0.198110704 0.0686382566
v -0.000490845792 -0.198109751 0.0686382566
v -0.000490845792 -0.198109632 0.0686269317
v -0.000480951421 -0.198110645 0.0686269317
v -0.000490845792 -0.198109572 0.0686156068
v -0.000480951421 -0.198110526 0.0686156068
v -0.000498117558 -0.198193138 0.0684764896
v -0.000488223187 -0.198193853 0.0684764896
v -0.000498236768 -0.198194687 0.0684745823
v -0.000488342397 -0.198195403 0.0684747015
v -0.000498355977 -0.198195045 0.0684741054
v -0.000488342397 -0.19819582 0.0684741054
v -0.000498475186 -0.198196893 0.0684713636
v -0.000488461606 -0.198197608 0.0684713636
v -0.000498475186 -0.198197131 0.0684711252
v -0.000488461606 -0.198197846 0.0684711252
v -0.000498475186 -0.198197608 0.0684696947
v -0.000488580815 -0.198198383 0.0684696947
v -0.000498594396 -0.198197966 0.0684686218
v -0.000488580815 -0.19819874 0.0684686218
v -0.000498594396 -0.198198085 0.0684675489
v -0.000488580815 -0.19819886 0.0684675489
v -0.000498594396 -0.198198562 0.068463019
v -0.000488580815 -0.198199337 0.068463019
v -0.000484170071 -0.198144917 0.0685636316
v -0.000483574025 -0.198138063 0.0685568367
v -0.000494064443 -0.198144023 0.0685636316
v -0.000493468396 -0.19813699 0.0685570751
v -0.000493468396 -0.198136692 0.0685568367
v -0.000483335606 -0.198135619 0.0685544525
v -0.000493110768 -0.198132937 0.0685521875
v -0.000483097188 -0.19813395 0.0685520683
v -0.000492991559 -0.198131924 0.0685508762
v -0.000482977979 -0.198132162 0.0685496841
v -0.00049287235 -0.19813097 0.0685487304
v -0.000482977979 -0.198131804 0.0685487304
v -0.00049275314 -0.198129718 0.0685459886
v -0.000482858769 -0.198130374 0.0685447965
v -0.00049275314 -0.19812948 0.0685445581
v -0.000482858769 -0.198130374 0.0685445581
v -0.000482620351 -0.198128347 0.0685322796
v -0.000492633931 -0.198127453 0.0685322796
v -0.00049275314 -0.198260312 0.0684774433
v -0.000502766721 -0.198259716 0.0684774433
v -0.000502766721 -0.198260074 0.0685241733
v -0.00049275314 -0.19826067 0.0685241733
v -0.000502766721 -0.198260372 0.0685709034
v -0.00049275314 -0.198260968 0.0685709034
v -0.000493468396 -0.198273723 0.0685707842
v -0.000503481976 -0.198273187 0.0685707842
v -0.000494183652 -0.198286478 0.0685706649
v -0.000504197232 -0.198285942 0.0685706649
v -0.000479044072 -0.198091512 0.0682262693
v -0.000488938443 -0.198090498 0.0682262693
v -0.000488938443 -0.198090618 0.0682378326
v -0.000479044072 -0.198091631 0.0682378326
v -0.000488938443 -0.198090677 0.0682493959
v -0.000479044072 -0.198091691 0.0682493959
v -0.000479997746 -0.198101406 0.068157724
v -0.000490011327 -0.198100393 0.068157724
v -0.000483454816 -0.198137586 0.0681574855
v -0.000493468396 -0.198136692 0.0681574855
v -0.000486554257 -0.198173826 0.0681572471
v -0.000496567838 -0.198172991 0.0681572471
v -0.000496567838 -0.19817323 0.0681914602
v -0.000486673467 -0.198174064 0.0681914602
v -0.000496567838 -0.198173468 0.0682256733
v -0.000486673467 -0.198174303 0.0682256733
v 0.00429898346 -0.198517446 0.0638988529
v 0.00429898346 -0.198517446 0.0638999258
v 0.00430613602 -0.19857729 0.0638999258
v 0.00430613602 -0.19857729 0.0638988529
v 0.00432282532 -0.198623245 0.0638999258
v 0.00432282532 -0.198623245 0.0638988529
v 0.00433939541 -0.198649352 0.0638999258
v 0.00433939541 -0.198649352 0.0638988529
v 0.00436538304 -0.198675518 0.0638999258
v 0.00436538304 -0.198675518 0.0638988529
v 0.00439911927 -0.198696618 0.0638999258
v 0.00439911927 -0.198696618 0.0638988529
v 0.0044444188 -0.198712532 0.0638999258
v 0.0044444188 -0.198712532 0.0638988529
v 0.00493782605 -0.197772806 0.0638988529
v 0.00465470398 -0.197772806 0.0638988529
v 0.00493782605 -0.197772806 0.0638999258
v 0.00465470398 -0.197772806 0.0638999258
v 0.00260013188 -0.198124592 0.0638999258
v 0.00260013188 -0.198124592 0.0638988529
v 0.00260013188 -0.198160415 0.0638999258
v 0.00260013188 -0.198277061 0.0638988529
v 0.00260013188 -0.198277061 0.0638999258
v 0.00298863495 -0.197730069 0.0638988529
v 0.00298863495 -0.197730069 0.0638999258
v 0.00298803891 -0.197723453 0.0638999258
v 0.00298803891 -0.197723453 0.0638988529
v 0.00297707165 -0.197667544 0.0638999258
v 0.00297707165 -0.197667544 0.0638988529
v 0.0029609784 -0.197632616 0.0638999258
v 0.0029609784 -0.197632616 0.0638988529
v 0.00294166649 -0.197609072 0.0638999258
v 0.00294166649 -0.197609072 0.0638988529
v 0.00291818226 -0.197591786 0.0638999258
v 0.00291818226 -0.197591786 0.0638988529
v 0.00288849915 -0.197579269 0.0638999258
v 0.00288849915 -0.197579269 0.0638988529
v 0.00285094822 -0.197572653 0.0638999258
v 0.00285094822 -0.197572653 0.0638988529
v 0.000377951511 -0.19633389 0.0638999258
v 0.000404654391 -0.196295803 0.0638999258
v 0.000377951511 -0.19633389 0.0638988529
v 0.000628171809 -0.196011548 0.0638999258
v 0.000704942592 -0.195925717 0.0638988529
v 0.00108688916 -0.195568626 0.0638999258
v 0.0010848626 -0.195566242 0.0638988529
v 0.000877796062 -0.195749824 0.0638999258
v 0.000707565196 -0.19592828 0.0638999258
v 0.00115102375 -0.195513015 0.0638999258
v 0.00144558991 -0.195303266 0.0638999258
v 0.00151055897 -0.195262377 0.0638988529
v 0.00197559441 -0.195023422 0.0638999258
v 0.00197404469 -0.195019906 0.0638988529
v 0.00175887192 -0.195122426 0.0638999258
v 0.00151210869 -0.195264881 0.0638999258
v 0.00208777035 -0.194972222 0.0638999258
v 0.00242954338 -0.194853907 0.0638999258
v 0.00246637905 -0.194843297 0.0638988529
v 0.0035000428 -0.194700007 0.0638999258
v 0.0035000428 -0.194700007 0.0638988529
v 0.00297826374 -0.194736009 0.0638988529
v 0.00313883866 -0.194717233 0.0638999258
v 0.00246673668 -0.194844906 0.0638999258
v 0.00278097237 -0.194768672 0.0638999258
v 0.00297885979 -0.194740241 0.0638999258
v 0.00402158345 -0.202461605 0.0699751888
v 0.00425702179 -0.20242769 0.0699751888
v 0.00425618733 -0.202423279 0.0700175081
v 0.00502997483 -0.202193742 0.0699751888
v 0.00533300484 -0.20205534 0.0699751888
v 0.00533085907 -0.202051346 0.0700175081
v 0.00549775208 -0.201960151 0.0699751888
v 0.00566261853 -0.201865022 0.0699751888
v 0.00566023434 -0.201861207 0.0700175081
v 0.00632601822 -0.201326077 0.0699751888
v 0.00652307118 -0.201119428 0.0699751888
v 0.00651961411 -0.201116507 0.0700175081
v 0.00746387089 -0.19902194 0.0699751888
v 0.00749558056 -0.19869036 0.0699751888
v 0.00749105061 -0.198690121 0.0700175081
v 0.00749558056 -0.198499982 0.0699751888
v 0.00749558056 -0.198309665 0.0699751888
v 0.00749105061 -0.198309903 0.0700175081
v 0.00736051644 -0.197465663 0.0699751888
v 0.00728005017 -0.19719172 0.0699751888
v 0.00727575863 -0.19719321 0.0700175081
v 0.00593393887 -0.195328181 0.0699751888
v 0.00566261853 -0.195135002 0.0699751888
v 0.00566023434 -0.195138757 0.0700175081
v 0.00549775208 -0.195039813 0.0699751888
v 0.00533300484 -0.194944684 0.0699751888
v 0.00533085907 -0.194948678 0.0700175081
v 0.00453454102 -0.194639628 0.0699751888
v 0.00425702179 -0.194572275 0.0699751888
v 0.00425618733 -0.194576745 0.0700175081
v 0.00402158345 -0.194538419 0.0699751888
v 0.00388032044 -0.194518094 0.0699751888
v 0.0038798436 -0.194522624 0.0700175081
v 0.00494855488 -0.19488204 0.0701500688
v 0.00528579796 -0.195036058 0.0701500688
v 0.00496142948 -0.194849794 0.0701256309
v 0.00530177201 -0.195005243 0.0701256309
v 0.00497203911 -0.194823091 0.0700943981
v 0.00531488503 -0.194979672 0.0700943981
v 0.00498014534 -0.194803064 0.0700578008
v 0.0053247794 -0.19496048 0.0700578008
v 0.00498503292 -0.194790726 0.0700175081
v 0.00618940438 -0.195679491 0.0701500688
v 0.00644534672 -0.19594789 0.0701500688
v 0.00621336544 -0.195654397 0.0701256309
v 0.00647157276 -0.195925181 0.0701256309
v 0.00623327339 -0.195633535 0.0700943981
v 0.00649326886 -0.195906346 0.0700943981
v 0.00624805535 -0.195617979 0.0700578008
v 0.00650960053 -0.19589222 0.0700578008
v 0.00625723446 -0.195608323 0.0700175081
v 0.00651961411 -0.195883517 0.0700175081
v 0.00667458618 -0.196239417 0.0701500688
v 0.00670283879 -0.19621927 0.0701256309
v 0.00672632302 -0.196202581 0.0700943981
v 0.00674384678 -0.196190124 0.0700578008
v 0.00675469483 -0.196182375 0.0700175081
v 0.00687509621 -0.196551447 0.0701500688
v 0.00690513695 -0.196534042 0.0701256309
v 0.00693005169 -0.196519678 0.0700943981
v 0.00694876755 -0.196508889 0.0700578008
v 0.00696021164 -0.196502273 0.0700175081
v 0.00704508866 -0.196881061 0.0701500688
v 0.00707667912 -0.196866636 0.0701256309
v 0.00710278595 -0.196854715 0.0700943981
v 0.00712233628 -0.196845775 0.0700578008
v 0.00713449562 -0.196840231 0.0700175081
v 0.0073575362 -0.197945361 0.0701500688
v 0.00739282215 -0.198314552 0.0701500688
v 0.00739186848 -0.197940414 0.0701256309
v 0.00742751206 -0.198312943 0.0701256309
v 0.0074203595 -0.197936361 0.0700943981
v 0.0074562415 -0.198311572 0.0700943981
v 0.00744169796 -0.197933261 0.0700578008
v 0.00747769917 -0.198310499 0.0700578008
v 0.00745493019 -0.197931414 0.0700175081
v 0.00728732193 -0.199418788 0.0701500688
v 0.0071828946 -0.199774628 0.0701500688
v 0.00732105816 -0.199426954 0.0701256309
v 0.00721567715 -0.199786012 0.0701256309
v 0.00734907234 -0.199433749 0.0700943981
v 0.00724285687 -0.19979543 0.0700943981
v 0.00736993397 -0.199438815 0.0700578008
v 0.00726324166 -0.199802463 0.0700578008
v 0.00738292778 -0.199441974 0.0700175081
v 0.00727575863 -0.199806814 0.0700175081
v 0.00704508866 -0.200118964 0.0701500688
v 0.00707667912 -0.200133328 0.0701256309
v 0.00710278595 -0.200145309 0.0700943981
v 0.00712233628 -0.20015425 0.0700578008
v 0.00713449562 -0.200159793 0.0700175081
v 0.00687509621 -0.200448577 0.0701500688
v 0.00690513695 -0.200465922 0.0701256309
v 0.00693005169 -0.200480347 0.0700943981
v 0.00694876755 -0.200491075 0.0700578008
v 0.00696021164 -0.200497751 0.0700175081
v 0.00667458618 -0.200760548 0.0701500688
v 0.00670283879 -0.200780694 0.0701256309
v 0.00672632302 -0.200797384 0.0700943981
v 0.00674384678 -0.200809901 0.0700578008
v 0.00675469483 -0.20081759 0.0700175081
v 0.00590914334 -0.201563363 0.0701500688
v 0.005607067 -0.201778476 0.0701500688
v 0.00593060101 -0.201590662 0.0701256309
v 0.00562578286 -0.201807682 0.0701256309
v 0.00594836319 -0.201613252 0.0700943981
v 0.00564139927 -0.201831882 0.0700943981
v 0.00596171463 -0.20163018 0.0700578008
v 0.00565296257 -0.201850002 0.0700578008
v 0.00596994007 -0.20164067 0.0700175081
v 0.00459807957 -0.20223928 0.0701500688
v 0.00423759068 -0.20232672 0.0701500688
v 0.00460785473 -0.202272599 0.0701256309
v 0.00424414719 -0.202360814 0.0701256309
v 0.00461596096 -0.202300196 0.0700943981
v 0.00424963082 -0.202389066 0.0700943981
v 0.00462192143 -0.202320878 0.0700578008
v 0.00425368393 -0.202410226 0.0700578008
v 0.00462573613 -0.202333634 0.0700175081
v 0.0035000428 -0.194602852 0.0701500688
v 0.00387054528 -0.194620495 0.0701500688
v 0.0035000428 -0.194568162 0.0701256309
v 0.00387376393 -0.194585924 0.0701256309
v 0.0035000428 -0.194539373 0.0700943981
v 0.00387650574 -0.194557314 0.0700943981
v 0.0035000428 -0.194517856 0.0700578008
v 0.00387865151 -0.194535856 0.0700578008
v 0.0035000428 -0.194504504 0.0700175081
v 0.0035000428 -0.194500034 0.0699751888
v 0.00423759068 -0.194673305 0.0701500688
v 0.00424414719 -0.194639211 0.0701256309
v 0.00424963082 -0.194610958 0.0700943981
v 0.00425368393 -0.194589798 0.0700578008
v 0.00462704743 -0.194662039 0.0699751888
v 0.00462573613 -0.194666331 0.0700175081
v 0.00462192143 -0.194679146 0.0700578008
v 0.00461596096 -0.194699769 0.0700943981
v 0.00460785473 -0.194727426 0.0701256309
v 0.00459807957 -0.194760745 0.0701500688
v 0.00498670185 -0.194786553 0.0699751888
v 0.00502997483 -0.194806282 0.0699751888
v 0.00565296257 -0.195149963 0.0700578008
v 0.00564139927 -0.195168083 0.0700943981
v 0.00562578286 -0.195192282 0.0701256309
v 0.005607067 -0.195221488 0.0701500688
v 0.00597268189 -0.195355778 0.0699751888
v 0.00596994007 -0.195359354 0.0700175081
v 0.00596171463 -0.195369785 0.0700578008
v 0.00594836319 -0.195386713 0.0700943981
v 0.00593060101 -0.195409362 0.0701256309
v 0.00590914334 -0.195436661 0.0701500688
v 0.0062603339 -0.195605044 0.0699751888
v 0.00719159687 -0.196970825 0.0699751888
v 0.00713854874 -0.196838324 0.0699751888
v 0.00696414555 -0.196500008 0.0699751888
v 0.00675839032 -0.196179752 0.0699751888
v 0.00667017544 -0.196067576 0.0699751888
v 0.00652307118 -0.195880537 0.0699751888
v 0.00632601822 -0.195673947 0.0699751888
v 0.0071828946 -0.197225397 0.0701500688
v 0.00721567715 -0.197214012 0.0701256309
v 0.00724285687 -0.197204595 0.0700943981
v 0.00726324166 -0.197197561 0.0700578008
v 0.00738733853 -0.197556977 0.0699751888
v 0.00738292778 -0.19755805 0.0700175081
v 0.00736993397 -0.19756115 0.0700578008
v 0.00734907234 -0.197566276 0.0700943981
v 0.00732105816 -0.197573011 0.0701256309
v 0.00728732193 -0.197581236 0.0701500688
v 0.00745934094 -0.197930758 0.0699751888
v 0.00746387089 -0.197978084 0.0699751888
v 0.00747769917 -0.198689465 0.0700578008
v 0.0074562415 -0.198688452 0.0700943981
v 0.00742751206 -0.198687081 0.0701256309
v 0.00739282215 -0.198685412 0.0701500688
v 0.00745934094 -0.199069266 0.0699751888
v 0.00745493019 -0.199068611 0.0700175081
v 0.00744169796 -0.199066703 0.0700578008
v 0.0074203595 -0.199063663 0.0700943981
v 0.00739186848 -0.199059551 0.0701256309
v 0.0073575362 -0.199054604 0.0701500688
v 0.00738733853 -0.199443047 0.0699751888
v 0.00667017544 -0.200932448 0.0699751888
v 0.00675839032 -0.200820212 0.0699751888
v 0.00696414555 -0.200500016 0.0699751888
v 0.00713854874 -0.200161641 0.0699751888
v 0.00719159687 -0.200029139 0.0699751888
v 0.00728005017 -0.199808245 0.0699751888
v 0.00736051644 -0.199534302 0.0699751888
v 0.00644534672 -0.201052074 0.0701500688
v 0.00647157276 -0.201074843 0.0701256309
v 0.00649326886 -0.201093678 0.0700943981
v 0.00650960053 -0.201107745 0.0700578008
v 0.0062603339 -0.20139492 0.0699751888
v 0.00625723446 -0.201391702 0.0700175081
v 0.00624805535 -0.201382046 0.0700578008
v 0.00623327339 -0.201366429 0.0700943981
v 0.00621336544 -0.201345627 0.0701256309
v 0.00618940438 -0.201320474 0.0701500688
v 0.00597268189 -0.201644187 0.0699751888
v 0.00593393887 -0.201671784 0.0699751888
v 0.0053247794 -0.202039485 0.0700578008
v 0.00531488503 -0.202020352 0.0700943981
v 0.00530177201 -0.201994781 0.0701256309
v 0.00528579796 -0.201963906 0.0701500688
v 0.00498670185 -0.202213471 0.0699751888
v 0.00498503292 -0.202209299 0.0700175081
v 0.00498014534 -0.202196901 0.0700578008
v 0.00497203911 -0.202176933 0.0700943981
v 0.00496142948 -0.20215023 0.0701256309
v 0.00494855488 -0.202117984 0.0701500688
v 0.00462704743 -0.202337985 0.0699751888
v 0.00453454102 -0.202360396 0.0699751888
v 0.00388032044 -0.202481871 0.0699751888
v 0.0038798436 -0.2024774 0.0700175081
v 0.00387865151 -0.202464168 0.0700578008
v 0.00387650574 -0.20244271 0.0700943981
v 0.00387376393 -0.202414041 0.0701256309
v 0.00387054528 -0.202379529 0.0701500688
v 0.0035000428 -0.202397172 0.0701500688
v 0.0035000428 -0.202431862 0.0701256309
v 0.0035000428 -0.202460651 0.0700943981
v 0.0035000428 -0.202482169 0.0700578008
v 0.0035000428 -0.20249552 0.0700175081
v 0.0035000428 -0.20249999 0.0699751888
v 0.0035000428 -0.194500034 0.070824555
v 0.0035000428 -0.194500034 0.0716999088
v 0.00388032044 -0.194518094 0.070824555
v 0.00388032044 -0.194518094 0.0716999088
v 0.00402158345 -0.194538419 0.070824555
v 0.00402158345 -0.194538419 0.0716999088
v 0.00425702179 -0.194572275 0.070824555
v 0.00425702179 -0.194572275 0.0716999088
v 0.00453454102 -0.194639628 0.070824555
v 0.00453454102 -0.194639628 0.0716999088
v 0.00462704743 -0.194662039 0.070824555
v 0.00462704743 -0.194662039 0.0716999088
v 0.00498670185 -0.194786553 0.070824555
v 0.00498670185 -0.194786553 0.0716999088
v 0.00502997483 -0.194806282 0.070824555
v 0.00502997483 -0.194806282 0.0716999088
v 0.00533300484 -0.194944684 0.070824555
v 0.00533300484 -0.194944684 0.0716999088
v 0.00549775208 -0.195039813 0.070824555
v 0.00549775208 -0.195039813 0.0716999088
v 0.00566261853 -0.195135002 0.070824555
v 0.00566261853 -0.195135002 0.0716999088
v 0.00593393887 -0.195328181 0.070824555
v 0.00593393887 -0.195328181 0.0716999088
v 0.00597268189 -0.195355778 0.070824555
v 0.00597268189 -0.195355778 0.0716999088
v 0.0062603339 -0.195605044 0.070824555
v 0.0062603339 -0.195605044 0.0716999088
v 0.00632601822 -0.195673947 0.070824555
v 0.00632601822 -0.195673947 0.0716999088
v 0.00652307118 -0.195880537 0.070824555
v 0.00652307118 -0.195880537 0.0716999088
v 0.00667017544 -0.196067576 0.070824555
v 0.00667017544 -0.196067576 0.0716999088
v 0.00675839032 -0.196179752 0.070824555
v 0.00675839032 -0.196179752 0.0716999088
v 0.00696414555 -0.196500008 0.070824555
v 0.00696414555 -0.196500008 0.0716999088
v 0.00713854874 -0.196838324 0.070824555
v 0.00713854874 -0.196838324 0.0716999088
v 0.00719159687 -0.196970825 0.070824555
v 0.00719159687 -0.196970825 0.0716999088
v 0.00728005017 -0.19719172 0.070824555
v 0.00728005017 -0.19719172 0.0716999088
v 0.00736051644 -0.197465663 0.070824555
v 0.00736051644 -0.197465663 0.0716999088
v 0.00738733853 -0.197556977 0.070824555
v 0.00738733853 -0.197556977 0.0716999088
v 0.00745934094 -0.197930758 0.070824555
v 0.00745934094 -0.197930758 0.0716999088
v 0.00746387089 -0.197978084 0.070824555
v 0.00746387089 -0.197978084 0.0716999088
v 0.00749558056 -0.198309665 0.070824555
v 0.00749558056 -0.198309665 0.0716999088
v 0.00749558056 -0.198499982 0.070824555
v 0.00749558056 -0.198499982 0.0716999088
v 0.00749558056 -0.19869036 0.070824555
v 0.00749558056 -0.19869036 0.0716999088
v 0.00746387089 -0.19902194 0.070824555
v 0.00746387089 -0.19902194 0.0716999088
v 0.00745934094 -0.199069266 0.070824555
v 0.00745934094 -0.199069266 0.0716999088
v 0.00738733853 -0.199443047 0.070824555
v 0.00738733853 -0.199443047 0.0716999088
v 0.00736051644 -0.199534302 0.070824555
v 0.00736051644 -0.199534302 0.0716999088
v 0.00728005017 -0.199808245 0.070824555
v 0.00728005017 -0.199808245 0.0716999088
v 0.00719159687 -0.200029139 0.070824555
v 0.00719159687 -0.200029139 0.0716999088
v 0.00713854874 -0.200161641 0.070824555
v 0.00713854874 -0.200161641 0.0716999088
v 0.00696414555 -0.200500016 0.070824555
v 0.00696414555 -0.200500016 0.0716999088
v 0.00675839032 -0.200820212 0.070824555
v 0.00675839032 -0.200820212 0.0716999088
v 0.00667017544 -0.200932448 0.070824555
v 0.00667017544 -0.200932448 0.0716999088
v 0.00652307118 -0.201119428 0.070824555
v 0.00652307118 -0.201119428 0.0716999088
v 0.00632601822 -0.201326077 0.070824555
v 0.00632601822 -0.201326077 0.0716999088
v 0.0062603339 -0.20139492 0.070824555
v 0.0062603339 -0.20139492 0.0716999088
v 0.00597268189 -0.201644187 0.070824555
v 0.00597268189 -0.201644187 0.0716999088
v 0.00593393887 -0.201671784 0.070824555
v 0.00593393887 -0.201671784 0.0716999088
v 0.00566261853 -0.201865022 0.070824555
v 0.00566261853 -0.201865022 0.0716999088
v 0.00549775208 -0.201960151 0.070824555
v 0.00549775208 -0.201960151 0.0716999088
v 0.00533300484 -0.20205534 0.070824555
v 0.00533300484 -0.20205534 0.0716999088
v 0.00502997483 -0.202193742 0.070824555
v 0.00502997483 -0.202193742 0.0716999088
v 0.00498670185 -0.202213471 0.070824555
v 0.00498670185 -0.202213471 0.0716999088
v 0.00462704743 -0.202337985 0.070824555
v 0.00462704743 -0.202337985 0.0716999088
v 0.00453454102 -0.202360396 0.070824555
v 0.00453454102 -0.202360396 0.0716999088
v 0.00425702179 -0.20242769 0.070824555
v 0.00425702179 -0.20242769 0.0716999088
v 0.00402158345 -0.202461605 0.070824555
v 0.00402158345 -0.202461605 0.0716999088
v 0.00388032044 -0.202481871 0.070824555
v 0.00388032044 -0.202481871 0.0716999088
v 0.0035000428 -0.20249999 0.070824555
v 0.0035000428 -0.20249999 0.0716999088
v 0.00378984059 -0.196827655 0.0715998922
v 0.00666636074 -0.197570269 0.0715998922
v 0.00650185192 -0.197129135 0.0715998922
v 0.00371223534 -0.196962123 0.0715998922
v 0.0036501273 -0.197009807 0.0715998922
v 0.00375991906 -0.200100009 0.0715998922
v 0.00357776726 -0.197039788 0.0715998922
v 0.00371223534 -0.200037842 0.0715998922
v 0.00321024502 -0.200172369 0.0715998922
v 0.000333724864 -0.199429696 0.0715998922
v 0.000498233684 -0.199870889 0.0715998922
v 0.00380009259 -0.19674999 0.0715998922
v 0.00676649655 -0.198030357 0.0715998922
v 0.00375991906 -0.196900015 0.0715998922
v 0.00680011357 -0.198499982 0.0715998922
v 0.00320011223 -0.200249975 0.0715998922
v 0.00023370827 -0.198969667 0.0715998922
v 0.00324028576 -0.200100009 0.0715998922
v 0.000200091251 -0.198499982 0.0715998922
v 0.0035000428 -0.19704998 0.0715998922
v 0.00342243756 -0.197039788 0.0715998922
v 0.00342243756 -0.199960237 0.0715998922
v 0.00335007752 -0.197009807 0.0715998922
v 0.00676649655 -0.198969667 0.0715998922
v 0.00378984059 -0.200172369 0.0715998922
v 0.00380009259 -0.200249975 0.0715998922
v 0.00650185192 -0.199870889 0.0715998922
v 0.00666636074 -0.199429696 0.0715998922
v 0.00378984059 -0.20032764 0.0715998922
v 0.00599402035 -0.200661068 0.0715998922
v 0.00627618874 -0.200284128 0.0715998922
v 0.000723896869 -0.200284128 0.0715998922
v 0.00100606526 -0.200661068 0.0715998922
v 0.00321024502 -0.20032764 0.0715998922
v 0.0013390168 -0.20099396 0.0715998922
v 0.00324028576 -0.2004 0.0715998922
v 0.00171595658 -0.201276128 0.0715998922
v 0.00328796948 -0.200462108 0.0715998922
v 0.00212925518 -0.201501791 0.0715998922
v 0.00335007752 -0.200509791 0.0715998922
v 0.00257032955 -0.2016663 0.0715998922
v 0.00342243756 -0.200539772 0.0715998922
v 0.00303047741 -0.201766436 0.0715998922
v 0.0035000428 -0.200550024 0.0715998922
v 0.0035000428 -0.201799993 0.0715998922
v 0.00357776726 -0.200539772 0.0715998922
v 0.0039697274 -0.201766436 0.0715998922
v 0.0036501273 -0.200509791 0.0715998922
v 0.00442975605 -0.2016663 0.0715998922
v 0.00371223534 -0.200462108 0.0715998922
v 0.00487094963 -0.201501791 0.0715998922
v 0.00375991906 -0.2004 0.0715998922
v 0.00528412903 -0.201276128 0.0715998922
v 0.0056610688 -0.20099396 0.0715998922
v 0.0035000428 -0.199949985 0.0715998922
v 0.00357776726 -0.199960237 0.0715998922
v 0.0036501273 -0.199990218 0.0715998922
v 0.00328796948 -0.200037842 0.0715998922
v 0.00335007752 -0.199990218 0.0715998922
v 0.00324028576 -0.196900015 0.0715998922
v 0.00328796948 -0.196962123 0.0715998922
v 0.00023370827 -0.198030357 0.0715998922
v 0.00321024502 -0.196827655 0.0715998922
v 0.00320011223 -0.19674999 0.0715998922
v 0.000498233684 -0.197129135 0.0715998922
v 0.000333724864 -0.197570269 0.0715998922
v 0.00321024502 -0.196672385 0.0715998922
v 0.00100606526 -0.196338956 0.0715998922
v 0.000723896869 -0.196715896 0.0715998922
v 0.00627618874 -0.196715896 0.0715998922
v 0.00599402035 -0.196338956 0.0715998922
v 0.00378984059 -0.196672385 0.0715998922
v 0.0056610688 -0.196006005 0.0715998922
v 0.00375991906 -0.196600025 0.0715998922
v 0.00528412903 -0.195723896 0.0715998922
v 0.00371223534 -0.196537857 0.0715998922
v 0.00487094963 -0.195498233 0.0715998922
v 0.0036501273 -0.196490173 0.0715998922
v 0.00442975605 -0.195333664 0.0715998922
v 0.00357776726 -0.196460252 0.0715998922
v 0.0039697274 -0.195233588 0.0715998922
v 0.0035000428 -0.19645 0.0715998922
v 0.0035000428 -0.195200031 0.0715998922
v 0.00342243756 -0.196460252 0.0715998922
v 0.00303047741 -0.195233588 0.0715998922
v 0.00335007752 -0.196490173 0.0715998922
v 0.00257032955 -0.195333664 0.0715998922
v 0.00328796948 -0.196537857 0.0715998922
v 0.00212925518 -0.195498233 0.0715998922
v 0.00324028576 -0.196600025 0.0715998922
v 0.00171595658 -0.195723896 0.0715998922
v 0.0013390168 -0.196006005 0.0715998922
v 0.00386220063 -0.194708233 0.0702090774
v 0.0035000428 -0.194691007 0.0702090774
v 0.0035000428 -0.194748645 0.0702666555
v 0.00385659779 -0.194766467 0.0702678476
v 0.0035000428 -0.194749539 0.0702678476
v 0.0035000428 -0.19477946 0.0703149353
v 0.00385373677 -0.194796269 0.0703149353
v 0.0035000428 -0.194795434 0.0703595195
v 0.0035000428 -0.194800024 0.0703999315
v 0.00385218705 -0.194812183 0.0703595195
v 0.00385182942 -0.194816773 0.0703999315
v 0.00420111264 -0.19486237 0.0703595195
v 0.00420027817 -0.194866841 0.0703999315
v 0.00454372013 -0.194945459 0.0703595195
v 0.00454252804 -0.19494987 0.0703999315
v 0.0048769101 -0.195060794 0.0703595195
v 0.00487524117 -0.195065026 0.0703999315
v 0.00519758309 -0.195207243 0.0703595195
v 0.00519555653 -0.195211296 0.0703999315
v 0.00550287808 -0.195383494 0.0703595195
v 0.00550049389 -0.195387368 0.0703999315
v 0.00579005326 -0.195587997 0.0703595195
v 0.00578731144 -0.195591633 0.0703999315
v 0.00605648602 -0.195818846 0.0703595195
v 0.00605338658 -0.195822184 0.0703999315
v 0.00629979218 -0.196074014 0.0703595195
v 0.00629633511 -0.196076994 0.0703999315
v 0.00651770676 -0.196351116 0.0703595195
v 0.00651401127 -0.196353798 0.0703999315
v 0.00670832241 -0.196647708 0.0703595195
v 0.00670438851 -0.196650033 0.0703999315
v 0.006869851 -0.19696105 0.0703595195
v 0.00686567868 -0.196962957 0.0703999315
v 0.00700086201 -0.197288339 0.0703595195
v 0.00699657048 -0.197289829 0.0703999315
v 0.00710028256 -0.197626595 0.0703595195
v 0.0070957526 -0.197627668 0.0703999315
v 0.00716692055 -0.197972779 0.0703595195
v 0.0071623906 -0.197973435 0.0703999315
v 0.00720041836 -0.198323731 0.0703595195
v 0.00719588841 -0.19832397 0.0703999315
v 0.00720041836 -0.198676293 0.0703595195
v 0.00719588841 -0.198676054 0.0703999315
v 0.00716692055 -0.199027245 0.0703595195
v 0.0071623906 -0.199026589 0.0703999315
v 0.00710028256 -0.199373369 0.0703595195
v 0.0070957526 -0.199372296 0.0703999315
v 0.00700086201 -0.199711626 0.0703595195
v 0.00699657048 -0.199710135 0.0703999315
v 0.006869851 -0.200038915 0.0703595195
v 0.00686567868 -0.200037067 0.0703999315
v 0.00670832241 -0.200352316 0.0703595195
v 0.00670438851 -0.200349991 0.0703999315
v 0.00651770676 -0.200648849 0.0703595195
v 0.00651401127 -0.200646226 0.0703999315
v 0.00629979218 -0.200926011 0.0703595195
v 0.00629633511 -0.200922971 0.0703999315
v 0.00605648602 -0.201181118 0.0703595195
v 0.00605338658 -0.20117784 0.0703999315
v 0.00579005326 -0.201412027 0.0703595195
v 0.00578731144 -0.201408391 0.0703999315
v 0.00550287808 -0.201616471 0.0703595195
v 0.00550049389 -0.201612656 0.0703999315
v 0.00519758309 -0.201792781 0.0703595195
v 0.00519555653 -0.201788669 0.0703999315
v 0.0048769101 -0.20193923 0.0703595195
v 0.00487524117 -0.201934938 0.0703999315
v 0.00454372013 -0.202054505 0.0703595195
v 0.00454252804 -0.202050154 0.0703999315
v 0.00420111264 -0.202137654 0.0703595195
v 0.00420027817 -0.202133124 0.0703999315
v 0.00385218705 -0.202187841 0.0703595195
v 0.00385182942 -0.202183251 0.0703999315
v 0.0035000428 -0.202220564 0.0703149353
v 0.0035000428 -0.20220459 0.0703595195
v 0.0035000428 -0.2022 0.0703999315
v 0.00420421208 -0.194846694 0.0703149353
v 0.00454825009 -0.194930141 0.0703149353
v 0.00488287056 -0.195045953 0.0703149353
v 0.00520497406 -0.195193057 0.0703149353
v 0.00551158036 -0.195370083 0.0703149353
v 0.00579994763 -0.195575421 0.0703149353
v 0.00606757248 -0.195807283 0.0703149353
v 0.00631183232 -0.196063583 0.0703149353
v 0.00653070057 -0.196341877 0.0703149353
v 0.00672215069 -0.196639721 0.0703149353
v 0.00688439453 -0.196954434 0.0703149353
v 0.00701600159 -0.197283154 0.0703149353
v 0.00711577977 -0.19762284 0.0703149353
v 0.00718277539 -0.197970514 0.0703149353
v 0.00721639241 -0.198322957 0.0703149353
v 0.00721639241 -0.198677008 0.0703149353
v 0.00718277539 -0.19902951 0.0703149353
v 0.00711577977 -0.199377184 0.0703149353
v 0.00701600159 -0.199716871 0.0703149353
v 0.00688439453 -0.20004559 0.0703149353
v 0.00672215069 -0.200360303 0.0703149353
v 0.00653070057 -0.200658147 0.0703149353
v 0.00631183232 -0.200936441 0.0703149353
v 0.00606757248 -0.201192682 0.0703149353
v 0.00579994763 -0.201424544 0.0703149353
v 0.00551158036 -0.201629941 0.0703149353
v 0.00520497406 -0.201806967 0.0703149353
v 0.00488287056 -0.201954071 0.0703149353
v 0.00454825009 -0.202069824 0.0703149353
v 0.00420421208 -0.20215333 0.0703149353
v 0.00385373677 -0.202203696 0.0703149353
v 0.0035000428 -0.202250485 0.0702678476
v 0.00420981491 -0.194817309 0.0702678476
v 0.00455671395 -0.194901412 0.0702678476
v 0.00489395703 -0.195018177 0.0702678476
v 0.00521868313 -0.195166414 0.0702678476
v 0.00552779282 -0.19534487 0.0702678476
v 0.00581842507 -0.195551937 0.0702678476
v 0.00608819569 -0.195785646 0.0702678476
v 0.00633448208 -0.196043973 0.0702678476
v 0.00655513848 -0.196324532 0.0702678476
v 0.00674813832 -0.196624761 0.0702678476
v 0.00691169346 -0.196941977 0.0702678476
v 0.00704425419 -0.197273319 0.0702678476
v 0.00714486683 -0.197615807 0.0702678476
v 0.00721233929 -0.197966223 0.0702678476
v 0.00724631394 -0.198321526 0.0702678476
v 0.00724631394 -0.198678439 0.0702678476
v 0.00721233929 -0.199033742 0.0702678476
v 0.00714486683 -0.199384217 0.0702678476
v 0.00704425419 -0.199726646 0.0702678476
v 0.00691169346 -0.200057988 0.0702678476
v 0.00674813832 -0.200375264 0.0702678476
v 0.00655513848 -0.200675492 0.0702678476
v 0.00633448208 -0.200956051 0.0702678476
v 0.00608819569 -0.201214378 0.0702678476
v 0.00581842507 -0.201448088 0.0702678476
v 0.00552779282 -0.201655095 0.0702678476
v 0.00521868313 -0.201833551 0.0702678476
v 0.00489395703 -0.201981847 0.0702678476
v 0.00455671395 -0.202098553 0.0702678476
v 0.00420981491 -0.202182715 0.0702678476
v 0.00385659779 -0.202233498 0.0702678476
v 0.0035000428 -0.202251379 0.0702666555
v 0.003856717 -0.194765632 0.0702666555
v 0.00421005333 -0.194816415 0.0702666555
v 0.00455695237 -0.194900577 0.0702666555
v 0.00489431465 -0.195017343 0.0702666555
v 0.00521904076 -0.195165639 0.0702666555
v 0.00552826966 -0.195344155 0.0702666555
v 0.00581902111 -0.195551221 0.0702666555
v 0.00608879174 -0.195784991 0.0702666555
v 0.00633519734 -0.196043377 0.0702666555
v 0.00655585373 -0.196323996 0.0702666555
v 0.00674885357 -0.196624284 0.0702666555
v 0.00691240872 -0.196941619 0.0702666555
v 0.00704508866 -0.197273021 0.0702666555
v 0.0071457013 -0.197615569 0.0702666555
v 0.00721329296 -0.197966104 0.0702666555
v 0.0072471484 -0.198321526 0.0702666555
v 0.0072471484 -0.198678498 0.0702666555
v 0.00721329296 -0.199033861 0.0702666555
v 0.0071457013 -0.199384396 0.0702666555
v 0.00704508866 -0.199726944 0.0702666555
v 0.00691240872 -0.200058405 0.0702666555
v 0.00674885357 -0.200375681 0.0702666555
v 0.00655585373 -0.200676029 0.0702666555
v 0.00633519734 -0.200956647 0.0702666555
v 0.00608879174 -0.201215034 0.0702666555
v 0.00581902111 -0.201448803 0.0702666555
v 0.00552826966 -0.201655869 0.0702666555
v 0.00521904076 -0.201834385 0.0702666555
v 0.00489431465 -0.201982682 0.0702666555
v 0.00455695237 -0.202099447 0.0702666555
v 0.00421005333 -0.202183609 0.0702666555
v 0.003856717 -0.202234392 0.0702666555
v 0.0035000428 -0.202309017 0.0702090774
v 0.00386220063 -0.202291791 0.0702090774
v 0.00422090138 -0.202240174 0.0702090774
v 0.00457316483 -0.202154701 0.0702090774
v 0.00491577233 -0.202036147 0.0702090774
v 0.00524550522 -0.201885586 0.0702090774
v 0.00555938328 -0.201704328 0.0702090774
v 0.00585466469 -0.201494102 0.0702090774
v 0.00612860764 -0.201256697 0.0702090774
v 0.00637870873 -0.200994377 0.0702090774
v 0.00660282219 -0.200709467 0.0702090774
v 0.00679880226 -0.20040453 0.0702090774
v 0.0069648608 -0.200082307 0.0702090774
v 0.0070995673 -0.199745839 0.0702090774
v 0.00720172966 -0.199397986 0.0702090774
v 0.007270275 -0.199042087 0.0702090774
v 0.00730472649 -0.19868124 0.0702090774
v 0.00730472649 -0.198318784 0.0702090774
v 0.007270275 -0.197957938 0.0702090774
v 0.00720172966 -0.197601979 0.0702090774
v 0.0070995673 -0.197254186 0.0702090774
v 0.0069648608 -0.196917658 0.0702090774
v 0.00679880226 -0.196595495 0.0702090774
v 0.00660282219 -0.196290557 0.0702090774
v 0.00637870873 -0.196005647 0.0702090774
v 0.00612860764 -0.195743268 0.0702090774
v 0.00585466469 -0.195505922 0.0702090774
v 0.00555938328 -0.195295637 0.0702090774
v 0.00524550522 -0.195114439 0.0702090774
v 0.00491577233 -0.194963818 0.0702090774
v 0.00457316483 -0.194845264 0.0702090774
v 0.00422090138 -0.19475985 0.0702090774
v -0.224224152 0.0783761096 0.0739999328
v -0.221688332 0.0760162425 0.0739999328
v -0.224224152 0.0783761096 0.0389999662
v -0.221688332 0.0760162425 0.0389999662
v -0.0260944978 -0.240240102 0.0689309154
v -0.0258978025 -0.240240102 0.0690062557
v -0.0259131805 -0.240240102 0.0690205608
v -0.0258688346 -0.240240102 0.0689309154
v -0.0258706227 -0.240240102 0.0689113651
v -0.0260910407 -0.240240102 0.0689032589
v -0.0258722917 -0.240240102 0.0689582143
v -0.0258819476 -0.240240102 0.0689834867
v -0.0260658876 -0.240240102 0.0688559328
v -0.0259138957 -0.240240102 0.068840674
v -0.0258939878 -0.240240102 0.0688601051
v -0.0260201112 -0.240240102 0.0690370117
v -0.0260440723 -0.240240102 0.0690248523
v -0.0260651723 -0.240240102 0.0690066133
v -0.0260813848 -0.240240102 0.0688781057
v -0.0258790866 -0.240240102 0.0688840662
v -0.0260812656 -0.240240102 0.0689836059
v -0.0260913984 -0.240240102 0.068956903
v -0.0259376184 -0.240240102 0.0690348659
v -0.0259651557 -0.240240102 0.0690424953
v -0.0259932891 -0.240240102 0.0690430914
v -0.0260195151 -0.240240102 0.0688246999
v -0.025991501 -0.240240102 0.0688186203
v -0.0260447875 -0.240240102 0.0688375745
v -0.0259634868 -0.240240102 0.0688195739
v -0.0259371415 -0.240240102 0.0688272033
v -0.0260944978 -0.240250056 0.0689309154
v -0.0260913984 -0.240250056 0.068956903
v -0.0260812656 -0.240250056 0.0689836059
v -0.0260651723 -0.240250056 0.0690066133
v -0.0260440723 -0.240250056 0.0690248523
v -0.0260201112 -0.240250056 0.0690370117
v -0.0259932891 -0.240250056 0.0690430914
v -0.0259651557 -0.240250056 0.0690424953
v -0.0259376184 -0.240250056 0.0690348659
v -0.0259131805 -0.240250056 0.0690205608
v -0.0258978025 -0.240250056 0.0690062557
v -0.0258819476 -0.240250056 0.0689834867
v -0.0258722917 -0.240250056 0.0689582143
v -0.0258688346 -0.240250056 0.0689309154
v -0.0256751195 -0.240250056 0.0678898607
v -0.0256751195 -0.240240102 0.0678898607
v -0.0257292405 -0.240240102 0.0678961788
v -0.0257292405 -0.240250056 0.0678961788
v -0.0257809774 -0.240240102 0.0679156099
v -0.0257809774 -0.240250056 0.0679156099
v -0.0258263961 -0.240240102 0.0679469619
v -0.0258263961 -0.240250056 0.0679469619
v -0.0258370057 -0.240240102 0.0679570947
v -0.0258370057 -0.240250056 0.0679570947
v -0.0258706227 -0.240240102 0.0680009637
v -0.0258706227 -0.240250056 0.0680009637
v -0.0258926765 -0.240240102 0.0680527006
v -0.0258926765 -0.240250056 0.0680527006
v -0.0259006635 -0.240240102 0.0680980001
v -0.0259006635 -0.240250056 0.0680980001
v -0.0249145642 -0.240250056 0.068546227
v -0.0249145642 -0.240240102 0.068546227
v -0.0249322072 -0.240240102 0.0686893974
v -0.0249322072 -0.240250056 0.0686893974
v -0.0249834672 -0.240240102 0.0688225542
v -0.0249834672 -0.240250056 0.0688225542
v -0.0250273362 -0.240250056 0.0688933645
v -0.0250201837 -0.240240102 0.0688819204
v -0.0250273362 -0.240240102 0.0688933645
v -0.0258943454 -0.240250056 0.0656806741
v -0.0258926765 -0.240250056 0.065625361
v -0.0258685962 -0.240250056 0.0656793628
v -0.0258670465 -0.240250056 0.0656241689
v -0.0258218661 -0.240250056 0.0656843696
v -0.0258114949 -0.240250056 0.0656308447
v -0.0257909909 -0.240250056 0.0656953369
v -0.0257726327 -0.240250056 0.0656457458
v -0.0257676259 -0.240250056 0.0657104765
v -0.0257371083 -0.240250056 0.065670899
v -0.0257540361 -0.240250056 0.0657239471
v -0.0257228032 -0.240250056 0.0656854425
v -0.0257342473 -0.240250056 0.0657536302
v -0.0256937162 -0.240250056 0.0657281194
v -0.0257214919 -0.240250056 0.065788797
v -0.0256757156 -0.240250056 0.0657772337
v -0.0257157699 -0.240250056 0.0658413683
v -0.0256689206 -0.240250056 0.0658392225
v -0.0257157699 -0.240250056 0.065902761
v -0.0256689206 -0.240250056 0.0659553323
v -0.0260292903 -0.240250056 0.065902761
v -0.0260756627 -0.240250056 0.0659553323
v -0.0260292903 -0.240250056 0.0658437524
v -0.0260756627 -0.240250056 0.0658433948
v -0.0260226146 -0.240250056 0.0657876049
v -0.026068987 -0.240250056 0.0657812868
v -0.0260096208 -0.240250056 0.0657539878
v -0.0260520593 -0.240250056 0.0657336031
v -0.025991501 -0.240250056 0.0657277618
v -0.0260258332 -0.240250056 0.0656935487
v -0.0259868518 -0.240250056 0.065722755
v -0.0260186807 -0.240250056 0.0656854425
v -0.0259618179 -0.240250056 0.0657026086
v -0.0259824411 -0.240250056 0.0656550441
v -0.0259316579 -0.240250056 0.0656885419
v -0.0259403602 -0.240250056 0.0656351362
v -0.0259739772 -0.240250056 0.0666765485
v -0.0259739772 -0.240240102 0.0666765485
v -0.0259806529 -0.240240102 0.0666702304
v -0.0259806529 -0.240250056 0.0666702304
v -0.0259873286 -0.240240102 0.0666662965
v -0.0259873286 -0.240250056 0.0666662965
v -0.0259953157 -0.240240102 0.0666640316
v -0.0259953157 -0.240250056 0.0666640316
v -0.0260016338 -0.240240102 0.0666634355
v -0.0260016338 -0.240250056 0.0666634355
v -0.0260655299 -0.240250056 0.0668074403
v -0.0260655299 -0.240240102 0.0668074403
v -0.0260779277 -0.240250056 0.0667720352
v -0.0260737554 -0.240240102 0.0667838369
v -0.0260825769 -0.240240102 0.0667285238
v -0.0260825769 -0.240250056 0.0667285238
v -0.0260791198 -0.240240102 0.0667611871
v -0.0260779277 -0.240240102 0.0667720352
v -0.0260223762 -0.240240102 0.0669546638
v -0.0260170118 -0.240240102 0.0669491802
v -0.0259390489 -0.240240102 0.0669953142
v -0.0260011569 -0.240240102 0.0669377361
v -0.026038231 -0.240240102 0.0669841085
v -0.025945963 -0.240240102 0.0670255933
v -0.0259516851 -0.240240102 0.0670377527
v -0.0259739772 -0.240240102 0.0670552765
v -0.0259856597 -0.240240102 0.0670577798
v -0.0259937659 -0.240240102 0.0670581375
v -0.0260241643 -0.240240102 0.067047051
v -0.0260276214 -0.240240102 0.0670433555
v -0.0260323898 -0.240240102 0.0669688497
v -0.0259829179 -0.240240102 0.0669304643
v -0.0259577647 -0.240240102 0.0669273649
v -0.0259298698 -0.240240102 0.0669273649
v -0.0260066405 -0.240240102 0.0670565878
v -0.0260157005 -0.240240102 0.0670530115
v -0.0260345355 -0.240240102 0.0670333419
v -0.0260388271 -0.240240102 0.0670218979
v -0.0260407344 -0.240240102 0.0670044933
v -0.0259569303 -0.240240102 0.0670446668
v -0.0259644405 -0.240240102 0.0670507465
v -0.0259577647 -0.240250056 0.0669273649
v -0.0259829179 -0.240250056 0.0669304643
v -0.0260011569 -0.240250056 0.0669377361
v -0.0260170118 -0.240250056 0.0669491802
v -0.0260407344 -0.240250056 0.0670044933
v -0.0260388271 -0.240250056 0.0670218979
v -0.0260345355 -0.240250056 0.0670333419
v -0.0260276214 -0.240250056 0.0670433555
v -0.0258887426 -0.240250056 0.0668764625
v -0.0258887426 -0.240240102 0.0668764625
v -0.0258496419 -0.240240102 0.0668805156
v -0.0258496419 -0.240250056 0.0668805156
v -0.0258266345 -0.240240102 0.0668885027
v -0.0258266345 -0.240250056 0.0668885027
v -0.0258103028 -0.240240102 0.0668989931
v -0.0258103028 -0.240250056 0.0668989931
v -0.025797309 -0.240240102 0.0669125829
v -0.025797309 -0.240250056 0.0669125829
v -0.0257876531 -0.240240102 0.0669295107
v -0.0257876531 -0.240250056 0.0669295107
v -0.0257812158 -0.240240102 0.0669510875
v -0.0257812158 -0.240250056 0.0669510875
v -0.025778474 -0.240240102 0.0669814859
v -0.025778474 -0.240250056 0.0669814859
v -0.0259390489 -0.240250056 0.0669953142
v -0.0259298698 -0.240250056 0.0669273649
v -0.0260756627 -0.240250056 0.0669273649
v -0.0260756627 -0.240250056 0.0668764625
v -0.0260307208 -0.240250056 0.0669273649
v -0.0258910075 -0.240250056 0.0669273649
v -0.0259516851 -0.240250056 0.0670377527
v -0.025945963 -0.240250056 0.0670255933
v -0.0260307208 -0.240250056 0.0669286762
v -0.0260223762 -0.240250056 0.0669546638
v -0.026048483 -0.240250056 0.066941074
v -0.0260323898 -0.240250056 0.0669688497
v -0.0258674041 -0.240250056 0.0669293914
v -0.0258496419 -0.240250056 0.0669347559
v -0.0258393899 -0.240250056 0.0669407163
v -0.0258312837 -0.240250056 0.0669485841
v -0.0258255616 -0.240250056 0.0669577633
v -0.0258215085 -0.240250056 0.0669698034
v -0.0258198396 -0.240250056 0.0669862543
v -0.0258224622 -0.240250056 0.0670137916
v -0.0257850305 -0.240250056 0.0670340572
v -0.0258327142 -0.240250056 0.0670457397
v -0.0257999316 -0.240250056 0.0670717273
v -0.0258550063 -0.240250056 0.0670815025
v -0.0258055345 -0.240250056 0.0670815025
v -0.0260791198 -0.240250056 0.0669892345
v -0.026038231 -0.240250056 0.0669841085
v -0.0260711328 -0.240250056 0.0669689689
v -0.0260642186 -0.240250056 0.0669577633
v -0.0260157005 -0.240250056 0.0670530115
v -0.0260551587 -0.240250056 0.0670894895
v -0.0260241643 -0.240250056 0.067047051
v -0.0260596887 -0.240250056 0.0670848404
v -0.0260711328 -0.240250056 0.0670686279
v -0.0260787622 -0.240250056 0.067049316
v -0.0260823384 -0.240250056 0.0670253549
v -0.0260825769 -0.240250056 0.0670177255
v -0.0259856597 -0.240250056 0.0670577798
v -0.0259917394 -0.240250056 0.0671097551
v -0.0259937659 -0.240250056 0.0670581375
v -0.0259979383 -0.240250056 0.0671098743
v -0.0260066405 -0.240250056 0.0670565878
v -0.0260230914 -0.240250056 0.0671067749
v -0.0260398999 -0.240250056 0.0671003376
v -0.0259030477 -0.240250056 0.067013434
v -0.0259125844 -0.240250056 0.0670519386
v -0.0259569303 -0.240250056 0.0670446668
v -0.0259236709 -0.240250056 0.0670736347
v -0.0259644405 -0.240250056 0.0670507465
v -0.0259371415 -0.240250056 0.0670892511
v -0.0259739772 -0.240250056 0.0670552765
v -0.0259518043 -0.240250056 0.0670995031
v -0.0259696857 -0.240250056 0.0671064172
v -0.025104107 -0.240250056 0.0659363781
v -0.0252731458 -0.240250056 0.0659971748
v -0.025104107 -0.240240102 0.0659363781
v -0.0252731458 -0.240240102 0.0659971748
v -0.0252731458 -0.240250056 0.0658606802
v -0.0252731458 -0.240240102 0.0658606802
v -0.0252233163 -0.240250056 0.0661887441
v -0.0252233163 -0.240240102 0.0661887441
v -0.0252490655 -0.240240102 0.0661900554
v -0.0252490655 -0.240250056 0.0661900554
v -0.025286378 -0.240240102 0.0661979232
v -0.025286378 -0.240250056 0.0661979232
v -0.025316538 -0.240240102 0.0662119899
v -0.025316538 -0.240250056 0.0662119899
v -0.0253415719 -0.240240102 0.0662321363
v -0.0253415719 -0.240250056 0.0662321363
v -0.0250236407 -0.240240102 0.0667602335
v -0.0250236407 -0.240250056 0.0667602335
v -0.0250236407 -0.240240102 0.0665978704
v -0.0250236407 -0.240250056 0.0665507827
v -0.0250236407 -0.240240102 0.0665507827
v -0.0252347604 -0.240250056 0.0671462331
v -0.0252347604 -0.240240102 0.0671462331
v -0.0252955571 -0.240240102 0.0671395574
v -0.0253275052 -0.240240102 0.0671279941
v -0.0253391877 -0.240250056 0.0671238218
v -0.0252955571 -0.240250056 0.0671395574
v -0.0253391877 -0.240240102 0.0671238218
v -0.0253747121 -0.240240102 0.0671003376
v -0.0253747121 -0.240250056 0.0671003376
v -0.0253817454 -0.240240102 0.0670940195
v -0.0253817454 -0.240250056 0.0670940195
v -0.0253476516 -0.240250056 0.0670512233
v -0.0253476516 -0.240240102 0.0670512233
v -0.0253202335 -0.240240102 0.0670710121
v -0.0253202335 -0.240250056 0.0670710121
v -0.0252874509 -0.240240102 0.0670841251
v -0.0252874509 -0.240250056 0.0670841251
v -0.0252468005 -0.240240102 0.0670906816
v -0.0252468005 -0.240250056 0.0670906816
v -0.025231661 -0.240240102 0.0670911584
v -0.025231661 -0.240250056 0.0670911584
v -0.0249299422 -0.236550097 0.0747999464
v -0.0248299256 -0.236550097 0.0748998438
v -0.0249299422 -0.235910063 0.0747999464
v -0.0248299256 -0.235910063 0.0748998438
v -0.0257976667 -0.237787251 0.0708998953
v -0.0257976667 -0.237787251 0.0709999118
v -0.0258504764 -0.237792854 0.0709999118
v -0.0258504764 -0.237792854 0.0708998953
v -0.0258964912 -0.237808948 0.0709999118
v -0.0258964912 -0.237808948 0.0708998953
v -0.025940241 -0.237837975 0.0709999118
v -0.025940241 -0.237837975 0.0708998953
v -0.0256733314 -0.238177006 0.0708998953
v -0.0256974116 -0.238145595 0.0708998953
v -0.0256733314 -0.238177006 0.0709999118
v -0.0256974116 -0.238145595 0.0709999118
v -0.0259589568 -0.238484685 0.0708998953
v -0.0259999648 -0.238484685 0.0708998953
v -0.0259589568 -0.238484685 0.0709999118
v -0.0259999648 -0.238484685 0.0709999118
v -0.0258050576 -0.238294964 0.0708998953
v -0.0259589568 -0.238294964 0.0708998953
v -0.0258050576 -0.238294964 0.0709999118
v -0.0259589568 -0.238294964 0.0709999118
v -0.0258050576 -0.238484685 0.0708998953
v -0.0258050576 -0.238484685 0.0709999118
v -0.0257640496 -0.238484685 0.0708998953
v -0.0257640496 -0.238484685 0.0709999118
v -0.0259999648 -0.238259082 0.0708998953
v -0.0256000177 -0.238259082 0.0708998953
v -0.0259999648 -0.238259082 0.0709999118
v -0.0256000177 -0.238259082 0.0709999118
v -0.0259589568 -0.238592391 0.0708998953
v -0.0259589568 -0.238638287 0.0708998953
v -0.0259589568 -0.238592391 0.0709999118
v -0.0259589568 -0.238638287 0.0709999118
v -0.0259999648 -0.238680427 0.0708998953
v -0.0259999648 -0.238680427 0.0709999118
v -0.0259973422 -0.238727336 0.0709999118
v -0.0259973422 -0.238727336 0.0708998953
v -0.0259861365 -0.238776093 0.0709999118
v -0.0259861365 -0.238776093 0.0708998953
v -0.0259706393 -0.238806193 0.0709999118
v -0.0259706393 -0.238806193 0.0708998953
v -0.0259441749 -0.238836174 0.0709999118
v -0.0259441749 -0.238836174 0.0708998953
v -0.0259030477 -0.238863413 0.0709999118
v -0.0259030477 -0.238863413 0.0708998953
v -0.0258584634 -0.238879089 0.0709999118
v -0.0258584634 -0.238879089 0.0708998953
v -0.0258050576 -0.238884692 0.0709999118
v -0.0258050576 -0.238884692 0.0708998953
v -0.025786461 -0.238884156 0.0709999118
v -0.025786461 -0.238884156 0.0708998953
v -0.025738062 -0.238876109 0.0709999118
v -0.025738062 -0.238876109 0.0708998953
v -0.0256963388 -0.23885936 0.0709999118
v -0.0256963388 -0.23885936 0.0708998953
v -0.0256602184 -0.238833849 0.0709999118
v -0.0256602184 -0.238833849 0.0708998953
v -0.0256348268 -0.238804643 0.0709999118
v -0.0256348268 -0.238804643 0.0708998953
v -0.025614442 -0.238764172 0.0709999118
v -0.025614442 -0.238764172 0.0708998953
v -0.0256024018 -0.238701348 0.0709999118
v -0.0256024018 -0.238701348 0.0708998953
v -0.0256000177 -0.238637273 0.0709999118
v -0.0256000177 -0.238637273 0.0708998953
v -0.0256000177 -0.238556509 0.0708998953
v -0.0256000177 -0.238556509 0.0709999118
v -0.0259999648 -0.238556509 0.0708998953
v -0.0259999648 -0.238556509 0.0709999118
v -0.0256779805 -0.239127879 0.0708998953
v -0.0258308068 -0.239055459 0.0708998953
v -0.0256779805 -0.239127879 0.0709999118
v -0.0258308068 -0.239055459 0.0709999118
v -0.0258308068 -0.239198391 0.0708998953
v -0.0258308068 -0.239198391 0.0709999118
v -0.0256000177 -0.239125733 0.0708998953
v -0.0256000177 -0.239130859 0.0708998953
v -0.0256000177 -0.239125733 0.0709999118
v -0.0256000177 -0.239130859 0.0709999118
v -0.0248299256 -0.238450055 0.0748998438
v -0.0246300117 -0.238450055 0.0748998438
v -0.0249299422 -0.238450055 0.0747999464
v -0.0245299951 -0.238450055 0.0747999464
v -0.0249299422 -0.238450055 0.0709999118
v -0.0245299951 -0.238450055 0.0709999118
v -0.0270699874 -0.238450055 0.0709999118
v -0.0274699346 -0.238450055 0.0709999118
v -0.0270699874 -0.238450055 0.0747999464
v -0.0274699346 -0.238450055 0.0747999464
v -0.027170004 -0.238450055 0.0748998438
v -0.0273700372 -0.238450055 0.0748998438
v -0.027170004 -0.23909009 0.0748998438
v -0.0273700372 -0.23909009 0.0748998438
v -0.0270699874 -0.23909009 0.0747999464
v -0.0274699346 -0.23909009 0.0747999464
v -0.0270699874 -0.23909009 0.0709999118
v -0.0274699346 -0.23909009 0.0709999118
v -0.0274699346 -0.238910322 0.0709999118
v -0.0274699346 -0.238520567 0.0709999118
v -0.0235000268 -0.240240102 0.0671279941
v -0.0235000268 -0.240240102 0.0667838369
v -0.0235000268 -0.23476011 0.0631999288
v -0.0235000268 -0.240240102 0.0716999088
v -0.0235000268 -0.240240102 0.0706277404
v -0.0235000268 -0.23476011 0.0716999088
v -0.0235000268 -0.240240102 0.0675439153
v -0.0235000268 -0.240240102 0.067152432
v -0.0235000268 -0.240240102 0.0665978704
v -0.0235000268 -0.240240102 0.066503099
v -0.0235000268 -0.240240102 0.0662783895
v -0.0235000268 -0.240240102 0.0661222253
v -0.0235000268 -0.240240102 0.0659937177
v -0.0235000268 -0.240240102 0.0631999288
v -0.0260791198 -0.240240102 0.0675439153
v -0.0262402908 -0.240240102 0.0675439153
v -0.0262402908 -0.240240102 0.067152432
v -0.0254338399 -0.240240102 0.0675439153
v -0.0255530492 -0.240240102 0.0675439153
v -0.0255530492 -0.240240102 0.067152432
v -0.0257157699 -0.240240102 0.0661984001
v -0.0258459464 -0.240240102 0.0661984001
v -0.0258459464 -0.240240102 0.0661222253
v -0.0260780469 -0.240240102 0.0666863237
v -0.0260791198 -0.240240102 0.0666965757
v -0.0260791198 -0.240240102 0.0665978704
v -0.0254303828 -0.240240102 0.0658029829
v -0.0253191606 -0.240240102 0.0658444677
v -0.0253191606 -0.240240102 0.0659937177
v -0.02507049 -0.240240102 0.0667077814
v -0.0252006665 -0.240240102 0.0667077814
v -0.0252006665 -0.240240102 0.0665978704
v -0.0250234023 -0.240240102 0.0669949566
v -0.0250201837 -0.240240102 0.0669674192
v -0.0250201837 -0.240240102 0.0671279941
v -0.0254313365 -0.240240102 0.0668923174
v -0.0254338399 -0.240240102 0.0669184242
v -0.0254338399 -0.240240102 0.0667838369
v -0.0257851497 -0.240240102 0.0663586174
v -0.0257851497 -0.240240102 0.0663058076
v -0.0255530492 -0.240240102 0.0662783895
v -0.0260035411 -0.240240102 0.066451839
v -0.026027383 -0.240240102 0.0664455209
v -0.026027383 -0.240240102 0.0664442096
v -0.0255530492 -0.240240102 0.066503099
v -0.02585596 -0.240240102 0.066503099
v -0.0260038987 -0.240240102 0.0664380108
v -0.0260174886 -0.240240102 0.0664418254
v -0.0260791198 -0.240240102 0.066503099
v -0.0259926931 -0.240240102 0.066503099
v -0.0257851497 -0.240240102 0.0665846382
v -0.0255530492 -0.240240102 0.0665978704
v -0.0257851497 -0.240240102 0.0665276561
v -0.0260750667 -0.240240102 0.0664706741
v -0.0260791198 -0.240240102 0.0664724622
v -0.0261278764 -0.240240102 0.0664930854
v -0.0262402908 -0.240240102 0.0665978704
v -0.0262083427 -0.240240102 0.0665741478
v -0.0261630431 -0.240240102 0.0665741478
v -0.0262033359 -0.240240102 0.066503099
v -0.0262098924 -0.240240102 0.0665195499
v -0.0262402908 -0.240240102 0.066503099
v -0.026212515 -0.240240102 0.0665413652
v -0.0262114421 -0.240240102 0.0665591274
v -0.0261688844 -0.240240102 0.0665452991
v -0.0261679307 -0.240240102 0.066535524
v -0.0261644736 -0.240240102 0.0665243183
v -0.0261586324 -0.240240102 0.0665147815
v -0.0261483804 -0.240240102 0.0665046487
v -0.0261456386 -0.240240102 0.066503099
v -0.0262402908 -0.240240102 0.0662783895
v -0.0261892692 -0.240240102 0.066481999
v -0.0262019054 -0.240240102 0.0664995227
v -0.0260791198 -0.240240102 0.0664216791
v -0.0261195317 -0.240240102 0.0664376531
v -0.0261649505 -0.240240102 0.0664610181
v -0.0260791198 -0.240240102 0.0667838369
v -0.0260756627 -0.240240102 0.0668764625
v -0.0260791198 -0.240240102 0.0669894729
v -0.0260756627 -0.240240102 0.0669273649
v -0.0260791198 -0.240240102 0.0669892345
v -0.0259371415 -0.240240102 0.0670892511
v -0.0258550063 -0.240240102 0.0670815025
v -0.0259518043 -0.240240102 0.0670995031
v -0.0259696857 -0.240240102 0.0671064172
v -0.0260398999 -0.240240102 0.0671003376
v -0.0260230914 -0.240240102 0.0671067749
v -0.0260791198 -0.240240102 0.0671279941
v -0.0257850305 -0.240240102 0.0670340572
v -0.0255530492 -0.240240102 0.0671279941
v -0.0257999316 -0.240240102 0.0670717273
v -0.0258055345 -0.240240102 0.0670815025
v -0.0260307208 -0.240240102 0.0669273649
v -0.0260307208 -0.240240102 0.0669286762
v -0.026048483 -0.240240102 0.066941074
v -0.0260642186 -0.240240102 0.0669577633
v -0.0260711328 -0.240240102 0.0669689689
v -0.0258215085 -0.240240102 0.0669698034
v -0.0258198396 -0.240240102 0.0669862543
v -0.0259030477 -0.240240102 0.067013434
v -0.0259236709 -0.240240102 0.0670736347
v -0.0259125844 -0.240240102 0.0670519386
v -0.0258327142 -0.240240102 0.0670457397
v -0.0258224622 -0.240240102 0.0670137916
v -0.0260711328 -0.240240102 0.0670686279
v -0.0260596887 -0.240240102 0.0670848404
v -0.0260551587 -0.240240102 0.0670894895
v -0.0259979383 -0.240240102 0.0671098743
v -0.0259917394 -0.240240102 0.0671097551
v -0.0259181873 -0.240240102 0.0667843137
v -0.0260128394 -0.240240102 0.0668074403
v -0.0259185449 -0.240240102 0.0667838369
v -0.0260242835 -0.240240102 0.0667890821
v -0.0260264293 -0.240240102 0.0667838369
v -0.0258910075 -0.240240102 0.0669273649
v -0.0258674041 -0.240240102 0.0669293914
v -0.0258496419 -0.240240102 0.0669347559
v -0.0258393899 -0.240240102 0.0669407163
v -0.0258312837 -0.240240102 0.0669485841
v -0.0258255616 -0.240240102 0.0669577633
v -0.025909485 -0.240240102 0.0667926584
v -0.0259001867 -0.240240102 0.0667986189
v -0.0258849279 -0.240240102 0.0668044601
v -0.02583033 -0.240240102 0.0667996917
v -0.0258467809 -0.240240102 0.0668054138
v -0.0258635894 -0.240240102 0.0668070827
v -0.0260825769 -0.240240102 0.0670177255
v -0.0260823384 -0.240240102 0.0670253549
v -0.0262402908 -0.240240102 0.0671279941
v -0.0260791198 -0.240240102 0.0670466934
v -0.0260787622 -0.240240102 0.067049316
v -0.0250201837 -0.240240102 0.0667838369
v -0.0250201837 -0.240240102 0.066895536
v -0.0250212566 -0.240240102 0.0668831382
v -0.0250334159 -0.240240102 0.0668416534
v -0.0250883714 -0.240240102 0.0668416534
v -0.0254170314 -0.240240102 0.0668486868
v -0.0253897325 -0.240240102 0.0669273649
v -0.0253811494 -0.240240102 0.0668813501
v -0.025363268 -0.240240102 0.0668416534
v -0.0254135743 -0.240240102 0.0668416534
v -0.0253551618 -0.240240102 0.0670437132
v -0.0253739968 -0.240240102 0.0670172487
v -0.0250641719 -0.240240102 0.0669376169
v -0.0250647679 -0.240240102 0.0669531141
v -0.0251093522 -0.240240102 0.0670483623
v -0.0250715629 -0.240240102 0.0669885193
v -0.0250863448 -0.240240102 0.0670204673
v -0.0251124517 -0.240240102 0.0670512233
v -0.0251407043 -0.240240102 0.0670708929
v -0.025085868 -0.240240102 0.0668461834
v -0.025175871 -0.240240102 0.0670844827
v -0.0253853217 -0.240240102 0.0669884
v -0.0253904477 -0.240240102 0.0669466768
v -0.0250701324 -0.240240102 0.0668874298
v -0.0250168458 -0.240240102 0.0669380937
v -0.0250168458 -0.240240102 0.066935948
v -0.0251153127 -0.240240102 0.0671170269
v -0.0250766889 -0.240240102 0.067087463
v -0.0250670329 -0.240240102 0.0670773302
v -0.0250396148 -0.240240102 0.0670377527
v -0.0250201837 -0.240240102 0.067152432
v -0.025160493 -0.240240102 0.0671363388
v -0.0251410619 -0.240240102 0.0671279941
v -0.0254338399 -0.240240102 0.067152432
v -0.0252136604 -0.240240102 0.0671455179
v -0.0254090444 -0.240240102 0.0670611177
v -0.0254338399 -0.240240102 0.0671279941
v -0.025437297 -0.240240102 0.0669543062
v -0.0254361049 -0.240240102 0.0669786249
v -0.0254338399 -0.240240102 0.0669898306
v -0.025427045 -0.240240102 0.0670227323
v -0.0258165017 -0.240240102 0.0667906318
v -0.0255530492 -0.240240102 0.0667838369
v -0.0275999919 -0.240240102 0.0716999088
v -0.028500022 -0.240240102 0.0716999088
v -0.0275999919 -0.240240102 0.0709999118
v -0.028500022 -0.240240102 0.0706277404
v -0.0265401021 -0.240240102 0.0709999118
v -0.0255530492 -0.240240102 0.0709999118
v -0.0255948917 -0.240240102 0.0709999118
v -0.0255530492 -0.240240102 0.0706277404
v -0.0260050908 -0.240240102 0.0709999118
v -0.0260791198 -0.240240102 0.0706277404
v -0.0260791198 -0.240240102 0.0709999118
v -0.0262402908 -0.240240102 0.0706277404
v -0.0262402908 -0.240240102 0.0709999118
v -0.0254338399 -0.240240102 0.0709999118
v -0.0254338399 -0.240240102 0.0706277404
v -0.0252599136 -0.240240102 0.0709999118
v -0.0250201837 -0.240240102 0.0706277404
v -0.0250201837 -0.240240102 0.0709999118
v -0.0243999377 -0.240240102 0.0716999088
v -0.0243999377 -0.240240102 0.0709999118
v -0.024465026 -0.240240102 0.0709999118
v -0.0250201837 -0.240240102 0.066503099
v -0.0250201837 -0.240240102 0.0665978704
v -0.0253840104 -0.240240102 0.0667077814
v -0.0253840104 -0.240240102 0.0665978704
v -0.0252471582 -0.240240102 0.0667077814
v -0.0252471582 -0.240240102 0.0665978704
v -0.0252471582 -0.240240102 0.066562346
v -0.0253840104 -0.240240102 0.0665414844
v -0.0252006665 -0.240240102 0.066562346
v -0.02507049 -0.240240102 0.0665507827
v -0.02507049 -0.240240102 0.0665978704
v -0.0254338399 -0.240240102 0.066503099
v -0.0254303828 -0.240240102 0.0665414844
v -0.0254338399 -0.240240102 0.0665978704
v -0.0254303828 -0.240240102 0.0665978704
v -0.0254303828 -0.240240102 0.0667602335
v -0.0254338399 -0.240240102 0.0662783895
v -0.0254237071 -0.240240102 0.0662906681
v -0.0254303828 -0.240240102 0.0663527761
v -0.0250236407 -0.240240102 0.0663486038
v -0.0250201837 -0.240240102 0.0662783895
v -0.0254303828 -0.240240102 0.0664647136
v -0.0250236407 -0.240240102 0.0664647136
v -0.0252950803 -0.240240102 0.0661445175
v -0.0253371612 -0.240240102 0.0661644254
v -0.0254338399 -0.240240102 0.0661222253
v -0.0253734008 -0.240240102 0.0661948238
v -0.0250918285 -0.240240102 0.0661802803
v -0.0251273528 -0.240240102 0.0661551271
v -0.0250201837 -0.240240102 0.0661222253
v -0.0253805534 -0.240240102 0.06620293
v -0.0254067794 -0.240240102 0.0662429844
v -0.0254192964 -0.240240102 0.0662783895
v -0.0250775233 -0.240240102 0.0661948238
v -0.0250304357 -0.240240102 0.066286615
v -0.0250335351 -0.240240102 0.0662783895
v -0.0250484363 -0.240240102 0.0662375007
v -0.0251662151 -0.240240102 0.0661402259
v -0.0252218858 -0.240240102 0.0661335502
v -0.0252473966 -0.240240102 0.0661347423
v -0.0254303828 -0.240240102 0.0657449279
v -0.0254338399 -0.240240102 0.0659937177
v -0.0254338399 -0.240240102 0.0631999288
v -0.0250201837 -0.240240102 0.0631999288
v -0.0250236407 -0.240240102 0.0658999
v -0.0250201837 -0.240240102 0.0659937177
v -0.0253191606 -0.240240102 0.0660138641
v -0.0254303828 -0.240240102 0.0660529647
v -0.0254303828 -0.240240102 0.0661109005
v -0.0251225845 -0.240240102 0.0659937177
v -0.0250236407 -0.240240102 0.0659560476
v -0.0262402908 -0.240240102 0.0667838369
v -0.0261672155 -0.240240102 0.0665604387
v -0.0258409396 -0.240240102 0.0666251693
v -0.0259485856 -0.240240102 0.0666282688
v -0.0259614602 -0.240240102 0.0666193281
v -0.0260320321 -0.240240102 0.0666192089
v -0.026045622 -0.240240102 0.066628388
v -0.0258101836 -0.240240102 0.0667838369
v -0.0258016006 -0.240240102 0.0667744194
v -0.0257943288 -0.240240102 0.0667626176
v -0.0257836 -0.240240102 0.0667355571
v -0.025778474 -0.240240102 0.0666939531
v -0.0259762422 -0.240240102 0.066613606
v -0.025996627 -0.240240102 0.0666112218
v -0.0260158197 -0.240240102 0.0666132484
v -0.0260594503 -0.240240102 0.0666438852
v -0.0260681525 -0.240240102 0.0666586671
v -0.0257914678 -0.240240102 0.0666251693
v -0.0257816926 -0.240240102 0.0666581903
v -0.0258198396 -0.240240102 0.0666989599
v -0.0258210317 -0.240240102 0.0667143379
v -0.0258589402 -0.240240102 0.0667545114
v -0.0258247272 -0.240240102 0.0667279277
v -0.0258306876 -0.240240102 0.0667390142
v -0.0258657352 -0.240240102 0.0667541538
v -0.0258737222 -0.240240102 0.0667521272
v -0.0258805171 -0.240240102 0.0667484317
v -0.0258860007 -0.240240102 0.066743425
v -0.0258972064 -0.240240102 0.0667254243
v -0.0258243695 -0.240240102 0.0666630779
v -0.0259110347 -0.240240102 0.0666939531
v -0.0258355752 -0.240240102 0.0666342292
v -0.0259173528 -0.240240102 0.0666779791
v -0.0259360686 -0.240240102 0.0666426931
v -0.0258374826 -0.240240102 0.0667467628
v -0.0258440391 -0.240240102 0.0667511736
v -0.025850834 -0.240240102 0.066753677
v -0.0260368005 -0.240240102 0.0667572532
v -0.0259479896 -0.240240102 0.0667299543
v -0.0259340421 -0.240240102 0.0667602335
v -0.0260409728 -0.240240102 0.0667236362
v -0.0260409728 -0.240240102 0.0667210136
v -0.0259620563 -0.240240102 0.0666964565
v -0.0260379926 -0.240240102 0.066695026
v -0.026033105 -0.240240102 0.0666820322
v -0.0260303632 -0.240240102 0.0666775022
v -0.0260252372 -0.240240102 0.0666715417
v -0.0260186807 -0.240240102 0.066667131
v -0.0260114089 -0.240240102 0.0666645084
v -0.0256689206 -0.240240102 0.0660414014
v -0.0257157699 -0.240240102 0.0660414014
v -0.0255530492 -0.240240102 0.0659937177
v -0.0260292903 -0.240240102 0.0660321031
v -0.0260791198 -0.240240102 0.0659937177
v -0.0260756627 -0.240240102 0.0660321031
v -0.0260791198 -0.240240102 0.0661222253
v -0.0260292903 -0.240240102 0.0661984001
v -0.0260292903 -0.240240102 0.0661222253
v -0.025892438 -0.240240102 0.0661984001
v -0.025892438 -0.240240102 0.0661222253
v -0.025892438 -0.240240102 0.0660529647
v -0.0258459464 -0.240240102 0.0660529647
v -0.0257157699 -0.240240102 0.0661222253
v -0.0260756627 -0.240240102 0.0661222253
v -0.0260756627 -0.240240102 0.0662508522
v -0.0260791198 -0.240240102 0.0662783895
v -0.0256689206 -0.240240102 0.0662508522
v -0.0256689206 -0.240240102 0.0661222253
v -0.0255530492 -0.240240102 0.0661222253
v -0.025340499 -0.240240102 0.0678970132
v -0.0254067794 -0.240240102 0.0678184543
v -0.0250201837 -0.240240102 0.0675439153
v -0.0250201837 -0.240240102 0.0682188783
v -0.0250648872 -0.240240102 0.0681529556
v -0.025175275 -0.240240102 0.068057469
v -0.0252934114 -0.240240102 0.0679967914
v -0.0252979413 -0.240240102 0.0679830824
v -0.0249288694 -0.240240102 0.0684185539
v -0.0249801294 -0.240240102 0.0682781253
v -0.0254338399 -0.240240102 0.0695145641
v -0.0253770963 -0.240240102 0.0694894109
v -0.0252875701 -0.240240102 0.0694196735
v -0.0251628772 -0.240240102 0.0692012821
v -0.0251488105 -0.240240102 0.0690870796
v -0.0250855104 -0.240240102 0.0689613138
v -0.0251505986 -0.240240102 0.0690538202
v -0.0251545325 -0.240240102 0.0690205608
v -0.0252692119 -0.240240102 0.0694002424
v -0.0252044812 -0.240240102 0.069308332
v -0.0260092632 -0.240240102 0.0693440948
v -0.0259324924 -0.240240102 0.0694340978
v -0.0260602847 -0.240240102 0.0692396675
v -0.0258386747 -0.240240102 0.0694999014
v -0.0257310287 -0.240240102 0.0695415054
v -0.025617303 -0.240240102 0.0695555721
v -0.0255898849 -0.240240102 0.0695547376
v -0.0255530492 -0.240240102 0.0695483003
v -0.025481166 -0.240240102 0.0695354257
v -0.0262402908 -0.240240102 0.0690473829
v -0.0262246743 -0.240240102 0.069081596
v -0.026071252 -0.240240102 0.0692027126
v -0.0260791198 -0.240240102 0.0691992555
v -0.0261262075 -0.240240102 0.0691781555
v -0.0261803285 -0.240240102 0.0691367899
v -0.0262545959 -0.240240102 0.0690159116
v -0.0262402908 -0.240240102 0.0688058649
v -0.02626151 -0.240240102 0.0688673769
v -0.028500022 -0.240240102 0.0675439153
v -0.0262679473 -0.240240102 0.0689280544
v -0.0262672321 -0.240240102 0.0689480816
v -0.0260791198 -0.240240102 0.0686575685
v -0.0260842458 -0.240240102 0.0686588798
v -0.0261482612 -0.240240102 0.0686940466
v -0.0262009517 -0.240240102 0.0687433992
v -0.0262389795 -0.240240102 0.0688021694
v -0.0255772487 -0.240240102 0.0677239214
v -0.0256722585 -0.240240102 0.0677104507
v -0.0259080545 -0.240240102 0.068287066
v -0.0259004251 -0.240240102 0.0682671581
v -0.025735797 -0.240240102 0.0682338987
v -0.0259469167 -0.240240102 0.0678175007
v -0.0260134355 -0.240240102 0.0678959404
v -0.0257850305 -0.240240102 0.0687110935
v -0.0255826131 -0.240240102 0.0683235441
v -0.0257436649 -0.240240102 0.0687553201
v -0.0257092134 -0.240240102 0.0688154016
v -0.0258666888 -0.240240102 0.0677599226
v -0.0256543771 -0.240240102 0.0678908144
v -0.0255984679 -0.240240102 0.0679032121
v -0.0255530492 -0.240240102 0.0679265772
v -0.0255530492 -0.240240102 0.0693672214
v -0.0259205714 -0.240240102 0.0683049474
v -0.0257750169 -0.240240102 0.0677236829
v -0.0258978025 -0.240240102 0.068245462
v -0.0258980409 -0.240240102 0.0682427202
v -0.0258999482 -0.240240102 0.0682340179
v -0.0256624833 -0.240240102 0.0693688903
v -0.025807561 -0.240240102 0.0691624199
v -0.0256114618 -0.240240102 0.0693734203
v -0.0257546321 -0.240240102 0.0691130672
v -0.0257154123 -0.240240102 0.0690526281
v -0.025732936 -0.240240102 0.0693463598
v -0.0257945672 -0.240240102 0.0693076168
v -0.0258670465 -0.240240102 0.0691957985
v -0.0258455888 -0.240240102 0.0692539726
v -0.0258775369 -0.240240102 0.0691998516
v -0.0256931201 -0.240240102 0.0689881359
v -0.0256866828 -0.240240102 0.0689280544
v -0.0256899015 -0.240240102 0.0688844238
v -0.0260567084 -0.240240102 0.0679841552
v -0.0260770932 -0.240240102 0.0680807148
v -0.0260770932 -0.240240102 0.0682513033
v -0.0260749475 -0.240240102 0.0682658468
v -0.0260677949 -0.240240102 0.0682850395
v -0.0260548011 -0.240240102 0.068304113
v -0.0260463372 -0.240240102 0.0683125768
v -0.0259006635 -0.240240102 0.0682281767
v -0.0259874479 -0.240240102 0.0683352266
v -0.0259786264 -0.240240102 0.0683347498
v -0.0259498969 -0.240240102 0.0686388527
v -0.0259564534 -0.240240102 0.0683296238
v -0.0259364263 -0.240240102 0.0683190141
v -0.0260280982 -0.240240102 0.0683250938
v -0.0260084287 -0.240240102 0.068332604
v -0.0260130778 -0.240240102 0.0686408792
v -0.0259787456 -0.240240102 0.0686388527
v -0.0254855767 -0.240240102 0.0693443332
v -0.0255507842 -0.240240102 0.069366983
v -0.0254495755 -0.240240102 0.0681385313
v -0.0254495755 -0.240240102 0.0681154047
v -0.0254558936 -0.240240102 0.0680619989
v -0.0255479232 -0.240240102 0.0679291998
v -0.0255059615 -0.240240102 0.0679662738
v -0.0254749671 -0.240240102 0.068011335
v -0.0252746955 -0.240240102 0.068201593
v -0.0251969711 -0.240240102 0.0682670389
v -0.0253656522 -0.240240102 0.0689309154
v -0.0251914874 -0.240240102 0.0682731186
v -0.0251349822 -0.240240102 0.0683543001
v -0.0252739803 -0.240240102 0.0688865696
v -0.0254338399 -0.240240102 0.0693108354
v -0.0253550426 -0.240240102 0.0689502273
v -0.0254338399 -0.240240102 0.0681419883
v -0.0253676788 -0.240240102 0.0681566511
v -0.0253310815 -0.240240102 0.069014958
v -0.02532226 -0.240240102 0.0690842186
v -0.0253242866 -0.240240102 0.0691185508
v -0.0251964942 -0.240240102 0.0688216005
v -0.0251001731 -0.240240102 0.0684448991
v -0.0251402274 -0.240240102 0.0687445913
v -0.0250880138 -0.240240102 0.068543366
v -0.025101842 -0.240240102 0.0686501775
v -0.0253422872 -0.240240102 0.0691895996
v -0.0253774539 -0.240240102 0.069253615
v -0.0254269258 -0.240240102 0.0693064247
v -0.0254338399 -0.240240102 0.0677990232
v -0.0254890338 -0.240240102 0.0677593265
v -0.0255530492 -0.240240102 0.0677335773
v -0.0250236407 -0.240240102 0.0673249279
v -0.0253840104 -0.240240102 0.0673249279
v -0.0253840104 -0.240240102 0.0671629224
v -0.0254303828 -0.240240102 0.0671629224
v -0.0254303828 -0.240240102 0.06737738
v -0.0250236407 -0.240240102 0.06737738
v -0.0257157699 -0.240240102 0.06716781
v -0.0260292903 -0.240240102 0.0671586309
v -0.0260791198 -0.240240102 0.067152432
v -0.0260756627 -0.240240102 0.0671586309
v -0.0260756627 -0.240240102 0.06737738
v -0.025892438 -0.240240102 0.0673249279
v -0.0260292903 -0.240240102 0.0673249279
v -0.025892438 -0.240240102 0.0671793733
v -0.0258459464 -0.240240102 0.0671793733
v -0.0258459464 -0.240240102 0.0673249279
v -0.0257157699 -0.240240102 0.0673249279
v -0.0256689206 -0.240240102 0.06737738
v -0.0256689206 -0.240240102 0.06716781
v -0.0255530492 -0.240240102 0.0631999288
v -0.0260756627 -0.240240102 0.0655435835
v -0.0260756627 -0.240240102 0.0656015192
v -0.0260756627 -0.240240102 0.0652936016
v -0.0259644405 -0.240240102 0.0653350864
v -0.0259644405 -0.240240102 0.0655044828
v -0.0256689206 -0.240240102 0.0654466663
v -0.0256689206 -0.240240102 0.0653905187
v -0.0260756627 -0.240240102 0.0652355466
v -0.0260791198 -0.240240102 0.0631999288
v -0.0259824411 -0.240240102 0.0656550441
v -0.0260186807 -0.240240102 0.0656854425
v -0.0260258332 -0.240240102 0.0656935487
v -0.0260520593 -0.240240102 0.0657336031
v -0.0257228032 -0.240240102 0.0656854425
v -0.0257371083 -0.240240102 0.065670899
v -0.0257726327 -0.240240102 0.0656457458
v -0.0258114949 -0.240240102 0.0656308447
v -0.0256689206 -0.240240102 0.0659553323
v -0.0260756627 -0.240240102 0.0659553323
v -0.0260756627 -0.240240102 0.0658433948
v -0.026068987 -0.240240102 0.0657812868
v -0.0256689206 -0.240240102 0.0658392225
v -0.0256757156 -0.240240102 0.0657772337
v -0.0256937162 -0.240240102 0.0657281194
v -0.0258670465 -0.240240102 0.0656241689
v -0.0258926765 -0.240240102 0.065625361
v -0.0259403602 -0.240240102 0.0656351362
v -0.0262402908 -0.240240102 0.0661222253
v -0.0262402908 -0.240240102 0.0659937177
v -0.0262402908 -0.240240102 0.0631999288
v -0.028500022 -0.240240102 0.067152432
v -0.028500022 -0.240240102 0.0671279941
v -0.028500022 -0.240240102 0.0667838369
v -0.028500022 -0.240240102 0.0665978704
v -0.028500022 -0.240240102 0.066503099
v -0.028500022 -0.240240102 0.0662783895
v -0.028500022 -0.240240102 0.0661222253
v -0.028500022 -0.240240102 0.0659937177
v -0.028500022 -0.240240102 0.0631999288
v 0.0603676423 -0.246109729 0.0786741291
v 0.059442459 -0.245854859 0.0796251808
v 0.0603676423 -0.254126911 0.0808222805
v 0.059442459 -0.253872042 0.0817734514
v -0.0256114618 -0.200249975 0.0693734203
v -0.0256114618 -0.200240021 0.0693734203
v -0.0255530492 -0.200240021 0.0693672214
v -0.0255507842 -0.200249975 0.069366983
v -0.0255507842 -0.200240021 0.069366983
v -0.0254855767 -0.200240021 0.0693443332
v -0.0254338399 -0.200240021 0.0693108354
v -0.0254269258 -0.200249975 0.0693064247
v -0.0254855767 -0.200249975 0.0693443332
v -0.0254269258 -0.200240021 0.0693064247
v -0.0253774539 -0.200240021 0.069253615
v -0.0253774539 -0.200249975 0.069253615
v -0.0253422872 -0.200240021 0.0691895996
v -0.0253422872 -0.200249975 0.0691895996
v -0.0253242866 -0.200240021 0.0691185508
v -0.0253242866 -0.200249975 0.0691185508
v -0.02532226 -0.200240021 0.0690842186
v -0.02532226 -0.200249975 0.0690842186
v -0.0259184257 -0.200249975 0.0654877935
v -0.0259184257 -0.200249975 0.0653512989
v -0.0259184257 -0.200240021 0.0654877935
v -0.0259184257 -0.200240021 0.0653512989
v -0.025991501 -0.200240021 0.0657277618
v -0.0259868518 -0.200240021 0.065722755
v -0.0257157699 -0.200240021 0.0658413683
v -0.0257157699 -0.200240021 0.065902761
v -0.0260292903 -0.200240021 0.065902761
v -0.0260292903 -0.200240021 0.0658437524
v -0.0260226146 -0.200240021 0.0657876049
v -0.0260096208 -0.200240021 0.0657539878
v -0.0259618179 -0.200240021 0.0657026086
v -0.0259316579 -0.200240021 0.0656885419
v -0.0258943454 -0.200240021 0.0656806741
v -0.0258685962 -0.200240021 0.0656793628
v -0.0258218661 -0.200240021 0.0656843696
v -0.0257909909 -0.200240021 0.0656953369
v -0.0257676259 -0.200240021 0.0657104765
v -0.0257540361 -0.200240021 0.0657239471
v -0.0257214919 -0.200240021 0.065788797
v -0.0257342473 -0.200240021 0.0657536302
v -0.0262083427 -0.200249975 0.0665741478
v -0.0262083427 -0.200240021 0.0665741478
v -0.0262114421 -0.200240021 0.0665591274
v -0.0262114421 -0.200249975 0.0665591274
v -0.026212515 -0.200240021 0.0665413652
v -0.026212515 -0.200249975 0.0665413652
v -0.0257851497 -0.200249975 0.0665846382
v -0.0257851497 -0.200249975 0.0665276561
v -0.0257851497 -0.200240021 0.0665846382
v -0.0257851497 -0.200240021 0.0665276561
v -0.0260223762 -0.200240021 0.0669546638
v -0.0260170118 -0.200240021 0.0669491802
v -0.0259390489 -0.200240021 0.0669953142
v -0.0260011569 -0.200240021 0.0669377361
v -0.026038231 -0.200240021 0.0669841085
v -0.025945963 -0.200240021 0.0670255933
v -0.0259516851 -0.200240021 0.0670377527
v -0.0259739772 -0.200240021 0.0670552765
v -0.0259856597 -0.200240021 0.0670577798
v -0.0259937659 -0.200240021 0.0670581375
v -0.0260241643 -0.200240021 0.067047051
v -0.0260276214 -0.200240021 0.0670433555
v -0.0260323898 -0.200240021 0.0669688497
v -0.0259829179 -0.200240021 0.0669304643
v -0.0259577647 -0.200240021 0.0669273649
v -0.0259298698 -0.200240021 0.0669273649
v -0.0260066405 -0.200240021 0.0670565878
v -0.0260157005 -0.200240021 0.0670530115
v -0.0260345355 -0.200240021 0.0670333419
v -0.0260388271 -0.200240021 0.0670218979
v -0.0260407344 -0.200240021 0.0670044933
v -0.0259569303 -0.200240021 0.0670446668
v -0.0259644405 -0.200240021 0.0670507465
v -0.025075616 -0.200240021 0.0659285102
v -0.025075616 -0.200240021 0.0659297023
v -0.0250929013 -0.200240021 0.0659251724
v -0.0250919477 -0.200240021 0.0659328018
v -0.025104107 -0.200240021 0.0659221922
v -0.025104107 -0.200240021 0.0659363781
v -0.0252731458 -0.200240021 0.0658606802
v -0.0252731458 -0.200240021 0.0659971748
v -0.02507049 -0.200249975 0.0663507496
v -0.02507049 -0.200240021 0.0663507496
v -0.025076212 -0.200240021 0.0662981783
v -0.025076212 -0.200249975 0.0662981783
v -0.0250889674 -0.200240021 0.0662628923
v -0.0250889674 -0.200249975 0.0662628923
v -0.0251087562 -0.200240021 0.0662333284
v -0.0251087562 -0.200249975 0.0662333284
v -0.0246300117 -0.196550016 0.0748998438
v -0.0245299951 -0.196550016 0.0747999464
v -0.0246300117 -0.195909982 0.0748998438
v -0.0245299951 -0.195909982 0.0747999464
v -0.0274699346 -0.196550016 0.0709999118
v -0.0270699874 -0.196550016 0.0709999118
v -0.0274699346 -0.196550016 0.0747999464
v -0.0270699874 -0.196550016 0.0747999464
v -0.0273700372 -0.196550016 0.0748998438
v -0.027170004 -0.196550016 0.0748998438
v -0.0274699346 -0.195909982 0.0709999118
v -0.0274699346 -0.195909982 0.0747999464
v -0.0273700372 -0.195909982 0.0748998438
v -0.0277699844 -0.195729976 0.0632999454
v -0.0277699844 -0.195729976 0.0651999031
v -0.0277699844 -0.196730022 0.0632999454
v -0.0277699844 -0.196730022 0.0651999031
v -0.0256000177 -0.197587197 0.0708998953
v -0.0256000177 -0.197551255 0.0708998953
v -0.0259589568 -0.197587197 0.0708998953
v -0.0259999648 -0.197551255 0.0708998953
v -0.0259589568 -0.197741036 0.0708998953
v -0.0259999648 -0.197741036 0.0708998953
v -0.0259589568 -0.197741036 0.0709999118
v -0.0259999648 -0.197741036 0.0709999118
v -0.0259999648 -0.197551255 0.0709999118
v -0.0256000177 -0.197551255 0.0709999118
v -0.0256307737 -0.198000138 0.0708998953
v -0.0256307737 -0.198000138 0.0709999118
v -0.0256312505 -0.198014085 0.0709999118
v -0.0256312505 -0.198014085 0.0708998953
v -0.0256388799 -0.198058312 0.0709999118
v -0.0256388799 -0.198058312 0.0708998953
v -0.0256450788 -0.198075836 0.0709999118
v -0.0256450788 -0.198075836 0.0708998953
v -0.0256664172 -0.198113446 0.0709999118
v -0.0256664172 -0.198113446 0.0708998953
v -0.0256974116 -0.198145514 0.0709999118
v -0.0256974116 -0.198145514 0.0708998953
v -0.0256779805 -0.199127798 0.0708998953
v -0.0258308068 -0.199055378 0.0708998953
v -0.0256779805 -0.199127798 0.0709999118
v -0.0258308068 -0.199055378 0.0709999118
v -0.0258718148 -0.199035888 0.0708998953
v -0.0259999648 -0.198975091 0.0708998953
v -0.0258718148 -0.199035888 0.0709999118
v -0.0259999648 -0.198975091 0.0709999118
v -0.028137745 -0.168223028 0.121349743
v -0.0281276122 -0.168222015 0.121349743
v -0.0281232015 -0.168220882 0.121326259
v -0.027457656 -0.168620234 0.120267919
v -0.027457656 -0.168630187 0.120266965
v -0.0275661365 -0.168630068 0.120284012
v -0.0285303012 -0.168713872 0.121239713
v -0.0285486594 -0.168713872 0.121349743
v -0.0285481826 -0.168693905 0.121349743
v -0.0285233871 -0.168630068 0.121241144
v -0.0284827367 -0.168713872 0.121081284
v -0.0284646169 -0.168630068 0.121045521
v -0.0284711734 -0.168713872 0.121043018
v -0.0283746139 -0.168630068 0.120862177
v -0.0283806935 -0.168713872 0.120858601
v -0.0283624545 -0.168713872 0.12083309
v -0.0282557622 -0.168630068 0.120696
v -0.0282611266 -0.168713872 0.12069147
v -0.0281885282 -0.168713872 0.120618871
v -0.0281113998 -0.168630068 0.120551637
v -0.0281159297 -0.168713872 0.120546154
v -0.0279743091 -0.168713872 0.120444945
v -0.027945222 -0.168630068 0.120432786
v -0.0279487983 -0.168713872 0.120426706
v -0.0277618781 -0.168630068 0.120342783
v -0.0277643815 -0.168713872 0.120336107
v -0.0277261153 -0.168713872 0.120324663
v -0.0275676862 -0.168713872 0.120277098
v -0.027457656 -0.168713872 0.12025874
v -0.027457656 -0.168442731 0.120339445
v -0.027457656 -0.168513005 0.120303205
v -0.0275588647 -0.16851217 0.120318583
v -0.027457656 -0.168527966 0.120295456
v -0.027457656 -0.168367748 0.120399049
v -0.027457656 -0.168407981 0.120367101
v -0.0275456325 -0.168406491 0.120380333
v -0.027457656 -0.168306534 0.120470694
v -0.027457656 -0.16832072 0.120454124
v -0.0275276319 -0.168319468 0.120465449
v -0.027457656 -0.168227677 0.120646885
v -0.027457656 -0.16825736 0.12056034
v -0.0275055782 -0.168256288 0.120568923
v -0.027457656 -0.168259327 0.120554617
v -0.027457656 -0.168213849 0.120764903
v -0.027457656 -0.168214564 0.120737127
v -0.027481021 -0.168220882 0.120684198
v -0.027457656 -0.168222849 0.120679906
v -0.0274636165 -0.168213849 0.120766095
v -0.0276122705 -0.168220882 0.120723656
v -0.0275817529 -0.168213849 0.120801619
v -0.0277352945 -0.168220882 0.120783976
v -0.0276923791 -0.168213849 0.120855859
v -0.0278467551 -0.168220882 0.120863727
v -0.0277926341 -0.168213849 0.120927623
v -0.0279436723 -0.168220882 0.120960644
v -0.0278797761 -0.168213849 0.121014765
v -0.0280234233 -0.168220882 0.121072105
v -0.0279514209 -0.168213849 0.12111502
v -0.0280837432 -0.168220882 0.12119501
v -0.0280057803 -0.168213849 0.121225647
v -0.0280413047 -0.168213849 0.121343664
v -0.0280424968 -0.168213849 0.121349743
v -0.0282384769 -0.168256288 0.121301821
v -0.0282464639 -0.168258016 0.121349743
v -0.0282318011 -0.168250566 0.121349743
v -0.0283418313 -0.168319468 0.121279768
v -0.0283527986 -0.168321316 0.121349743
v -0.0283191816 -0.168294971 0.121349743
v -0.028427066 -0.168406491 0.121261648
v -0.028440775 -0.168407683 0.121349743
v -0.0283948795 -0.168354397 0.121349743
v -0.0284888164 -0.16851217 0.121248535
v -0.0285040752 -0.168509548 0.121349743
v -0.0284566299 -0.168426042 0.121349743
v -0.0285394803 -0.168630366 0.121349743
v -0.0285354272 -0.168600624 0.121349743
v -0.0276554242 -0.168256288 0.120613864
v -0.0277957336 -0.168256288 0.120682767
v -0.0279230491 -0.168256288 0.120773724
v -0.0280335561 -0.168256288 0.12088435
v -0.028124632 -0.168256288 0.121011547
v -0.028193535 -0.168256288 0.121151975
v -0.027694048 -0.168319468 0.120515517
v -0.0278499738 -0.168319468 0.120592049
v -0.027991356 -0.168319468 0.120693139
v -0.0281142608 -0.168319468 0.120816043
v -0.0282153503 -0.168319468 0.120957426
v -0.0282918826 -0.168319468 0.121113351
v -0.0277257577 -0.168406491 0.120434455
v -0.0278946773 -0.168406491 0.120517305
v -0.0280476228 -0.168406491 0.120626739
v -0.0281806604 -0.168406491 0.120759777
v -0.0282899753 -0.168406491 0.120912722
v -0.0283729449 -0.168406491 0.121081523
v -0.0277488843 -0.16851217 0.120375684
v -0.027926983 -0.16851217 0.120463184
v -0.0280883924 -0.16851217 0.120578579
v -0.0282288209 -0.16851217 0.120718888
v -0.0283442155 -0.16851217 0.120880297
v -0.0284317151 -0.16851217 0.121058515
v -0.027457656 -0.168213849 0.121349743
v -0.0274575368 -0.168248777 0.115578226
v -0.0274575368 -0.168257539 0.115560583
v -0.0275055782 -0.168256288 0.115568927
v -0.0274575368 -0.168583457 0.115276149
v -0.0274575368 -0.168630486 0.115268162
v -0.0275661365 -0.168630068 0.115284017
v -0.027457656 -0.168677931 0.115260056
v -0.0274572984 -0.168490176 0.115311912
v -0.0274574176 -0.168512826 0.11530321
v -0.0275588647 -0.16851217 0.115318588
v -0.0274572984 -0.168343489 0.115424207
v -0.0274572984 -0.168407087 0.115365795
v -0.0275456325 -0.168406491 0.115380338
v -0.0274572984 -0.168414359 0.115359119
v -0.0274574176 -0.168289249 0.115496806
v -0.0275276319 -0.168319468 0.115465454
v -0.0274574176 -0.168321018 0.115454248
v -0.027457656 -0.168223386 0.115665844
v -0.027481021 -0.168220882 0.115684203
v -0.027457656 -0.168222074 0.115679792
v -0.0274636165 -0.168213849 0.1157661
v -0.027457656 -0.168213849 0.115764907
v -0.0281232015 -0.168220882 0.116326264
v -0.0281273738 -0.168222492 0.116349748
v -0.0281025783 -0.168217366 0.116349748
v -0.0276122705 -0.168220882 0.115723661
v -0.0275817529 -0.168213849 0.115801624
v -0.0277352945 -0.168220882 0.115783981
v -0.0276923791 -0.168213849 0.115855864
v -0.0278467551 -0.168220882 0.115863732
v -0.0277926341 -0.168213849 0.115927628
v -0.0279436723 -0.168220882 0.115960649
v -0.0278797761 -0.168213849 0.11601477
v -0.0280234233 -0.168220882 0.11607211
v -0.0279514209 -0.168213849 0.116115025
v -0.0280837432 -0.168220882 0.116195015
v -0.0280057803 -0.168213849 0.116225651
v -0.0280413047 -0.168213849 0.116343669
v -0.0280424968 -0.168213849 0.116349748
v -0.0282749549 -0.168269281 0.116349867
v -0.0282467023 -0.168257956 0.116349867
v -0.0282384769 -0.168256288 0.116301826
v -0.0281909124 -0.168235605 0.116349748
v -0.028427066 -0.168406491 0.116261653
v -0.0284405366 -0.168407683 0.116350106
v -0.0284217015 -0.168382113 0.116350106
v -0.0284888164 -0.16851217 0.11624854
v -0.0285041944 -0.168513005 0.116349987
v -0.0284780875 -0.168458586 0.116350106
v -0.0285406724 -0.168630187 0.116349748
v -0.0285395995 -0.168619816 0.116349867
v -0.0285233871 -0.168630068 0.116241149
v -0.028517665 -0.168541317 0.116349987
v -0.0285486594 -0.168713872 0.116349748
v -0.0285303012 -0.168713872 0.116239718
v -0.0284827367 -0.168713872 0.116081289
v -0.0284646169 -0.168630068 0.116045526
v -0.0284711734 -0.168713872 0.116043023
v -0.0283746139 -0.168630068 0.115862182
v -0.0281885282 -0.168713872 0.115618876
v -0.0282611266 -0.168713872 0.115691474
v -0.0282557622 -0.168630068 0.115696004
v -0.0283624545 -0.168713872 0.115833095
v -0.0283806935 -0.168713872 0.115858606
v -0.0281159297 -0.168713872 0.115546158
v -0.0281113998 -0.168630068 0.115551523
v -0.0279743091 -0.168713872 0.11544483
v -0.027945222 -0.168630068 0.11543279
v -0.0279487983 -0.168713872 0.115426711
v -0.0277618781 -0.168630068 0.115342787
v -0.0277643815 -0.168713872 0.115336112
v -0.0277261153 -0.168713872 0.115324668
v -0.0275676862 -0.168713872 0.115277103
v -0.027457656 -0.168713872 0.115258745
v -0.0276554242 -0.168256288 0.115613869
v -0.0277957336 -0.168256288 0.115682772
v -0.0279230491 -0.168256288 0.115773729
v -0.0280335561 -0.168256288 0.115884355
v -0.028124632 -0.168256288 0.116011551
v -0.028193535 -0.168256288 0.11615198
v -0.027694048 -0.168319468 0.115515522
v -0.0278499738 -0.168319468 0.115592054
v -0.027991356 -0.168319468 0.115693143
v -0.0281142608 -0.168319468 0.115816048
v -0.0282153503 -0.168319468 0.11595743
v -0.0282918826 -0.168319468 0.116113356
v -0.0283418313 -0.168319468 0.116279772
v -0.0283517257 -0.168317442 0.116349987
v -0.0277257577 -0.168406491 0.115434459
v -0.0278946773 -0.168406491 0.11551731
v -0.0280476228 -0.168406491 0.115626744
v -0.0281806604 -0.168406491 0.115759781
v -0.0282899753 -0.168406491 0.115912727
v -0.0283729449 -0.168406491 0.116081527
v -0.0277488843 -0.16851217 0.115375689
v -0.027926983 -0.16851217 0.115463189
v -0.0280883924 -0.16851217 0.115578583
v -0.0282288209 -0.16851217 0.115718893
v -0.0283442155 -0.16851217 0.115880302
v -0.0284317151 -0.16851217 0.11605852
v -0.0271576062 -0.168713872 0.117740682
v -0.0271576062 -0.174213831 0.117740682
v -0.0270476953 -0.168713872 0.117722324
v -0.0268884317 -0.174213831 0.117677382
v -0.0268892661 -0.168713872 0.117674759
v -0.0268508807 -0.168713872 0.117663315
v -0.0266397611 -0.174213831 0.117556385
v -0.026666464 -0.168713872 0.117572716
v -0.0264237538 -0.174213831 0.11738365
v -0.0264993325 -0.168713872 0.117453269
v -0.0266410724 -0.168713872 0.117554596
v -0.0262510196 -0.174213831 0.117167643
v -0.0263541356 -0.168713872 0.117307952
v -0.0264267341 -0.168713872 0.11738067
v -0.0261325256 -0.168713872 0.116918138
v -0.0261440889 -0.168713872 0.116956523
v -0.0261300222 -0.174213831 0.116918973
v -0.0262345687 -0.168713872 0.11714094
v -0.0262528077 -0.168713872 0.117166332
v -0.026084961 -0.168713872 0.116759709
v -0.026066722 -0.174213831 0.116649679
v -0.026066722 -0.168713872 0.116649679
v -0.0273076907 -0.179913824 0.12024968
v -0.0273076907 -0.175913815 0.12024968
v -0.0270294563 -0.175913815 0.120281032
v -0.0270294563 -0.179913824 0.120281032
v -0.0267652885 -0.175913815 0.120373539
v -0.0267652885 -0.179913824 0.120373539
v -0.0265283004 -0.175913815 0.120522431
v -0.0265283004 -0.179913824 0.120522431
v -0.026330413 -0.175913815 0.120720318
v -0.026330413 -0.179913824 0.120720318
v -0.0261814014 -0.175913815 0.120957306
v -0.0261814014 -0.179913824 0.120957306
v -0.0260890142 -0.175913815 0.121221593
v -0.0260890142 -0.179913824 0.121221593
v -0.0260576621 -0.175913815 0.121499709
v -0.0260576621 -0.179913824 0.121499709
v 0.0295780286 -0.17031384 0.115621856
v 0.0290779456 -0.17031384 0.115621856
v 0.0295780286 -0.172813838 0.115621856
v 0.0290779456 -0.172813838 0.115621856
v 0.0295780286 -0.169813817 0.115821889
v 0.0290779456 -0.169813817 0.115821889
v 0.0295780286 -0.169613843 0.115621856
v 0.0290779456 -0.169613843 0.115621856
v 0.0265157803 -0.176803832 0.114549807
v 0.0265192374 -0.176803832 0.114556721
v 0.0265157803 -0.176813846 0.114549807
v 0.0265192374 -0.176813846 0.114556721
v 0.0265642985 -0.176803832 0.114499858
v 0.0265642985 -0.176813846 0.114499858
v 0.0265639409 -0.176813846 0.114493421
v 0.0265639409 -0.176803832 0.114493421
v 0.0265617951 -0.176813846 0.114484242
v 0.0265617951 -0.176803832 0.114484242
v 0.0265576228 -0.176813846 0.114476017
v 0.0265576228 -0.176803832 0.114476017
v 0.0265542849 -0.176813846 0.114471844
v 0.0265542849 -0.176803832 0.114471844
v 0.0265471324 -0.176813846 0.114465645
v 0.0265471324 -0.176803832 0.114465645
v 0.0265368804 -0.176813846 0.114460043
v 0.0265368804 -0.176803832 0.114460043
v 0.0265155419 -0.176813846 0.114453724
v 0.0265155419 -0.176803832 0.114453724
v 0.0264731034 -0.176813846 0.11444991
v 0.0264731034 -0.176803832 0.11444991
v 0.0263724908 -0.176803832 0.11454635
v 0.0263724908 -0.176813846 0.11454635
v 0.0263738021 -0.176813846 0.114545277
v 0.0263738021 -0.176803832 0.114545277
v 0.0263739213 -0.176813846 0.114545277
v 0.0263755902 -0.176803832 0.114543489
v 0.0263755902 -0.176813846 0.114543489
v 0.0263767823 -0.176813846 0.114541462
v 0.0263767823 -0.176803832 0.114541462
v 0.0263774976 -0.176813846 0.114538959
v 0.0263774976 -0.176803832 0.114538959
v 0.0263779744 -0.176813846 0.114533595
v 0.0263779744 -0.176803832 0.114533595
v 0.0265259131 -0.176803832 0.11470168
v 0.0265286549 -0.176803832 0.114707402
v 0.0265259131 -0.176813846 0.11470168
v 0.0265286549 -0.176813846 0.114707402
v 0.0264711961 -0.176803832 0.114644698
v 0.0264711961 -0.176803832 0.114611558
v 0.0264711961 -0.176813846 0.114644698
v 0.0264711961 -0.176813846 0.114611558
v 0.0265012368 -0.176803832 0.114666394
v 0.0264968261 -0.176803832 0.114666394
v 0.0265012368 -0.176813846 0.114666394
v 0.0264968261 -0.176813846 0.114666394
v 0.0264328107 -0.176803832 0.114674619
v 0.0265012368 -0.176803832 0.114674619
v 0.0264328107 -0.176813846 0.114674619
v 0.0265012368 -0.176813846 0.114674619
v 0.026383458 -0.176803832 0.114581994
v 0.026383458 -0.176803832 0.114576152
v 0.026383458 -0.176813846 0.114581994
v 0.026383458 -0.176813846 0.114576152
v 0.0263927564 -0.176803832 0.114759496
v 0.0263927564 -0.176813846 0.114759496
v 0.0263904914 -0.176813846 0.114759735
v 0.0263904914 -0.176803832 0.114759735
v 0.0263889417 -0.176813846 0.114760331
v 0.0263889417 -0.176803832 0.114760331
v 0.0263875111 -0.176813846 0.114761404
v 0.0263875111 -0.176803832 0.114761404
v 0.0263861998 -0.176813846 0.114762715
v 0.0263861998 -0.176803832 0.114762715
v 0.026385127 -0.176813846 0.114764741
v 0.026385127 -0.176803832 0.114764741
v 0.0263839349 -0.176813846 0.114768556
v 0.0263839349 -0.176803832 0.114768556
v 0.026383458 -0.176813846 0.114775351
v 0.026383458 -0.176803832 0.114775351
v 0.0264735802 -0.176803832 0.114830783
v 0.0264735802 -0.176813846 0.114830783
v 0.0265106543 -0.176813846 0.11482828
v 0.0265106543 -0.176803832 0.11482828
v 0.0265324696 -0.176813846 0.114822796
v 0.0265324696 -0.176803832 0.114822796
v 0.0265445098 -0.176813846 0.114816478
v 0.0265445098 -0.176803832 0.114816478
v 0.0265533313 -0.176813846 0.114808372
v 0.0265533313 -0.176803832 0.114808372
v 0.0265610799 -0.176813846 0.114797405
v 0.0265610799 -0.176803832 0.114797405
v 0.0265653714 -0.176813846 0.114785842
v 0.0265653714 -0.176803832 0.114785842
v 0.0265670403 -0.176813846 0.114772013
v 0.0265670403 -0.176803832 0.114772013
v 0.0265670403 -0.176803832 0.114729575
v 0.0265670403 -0.176803832 0.114721111
v 0.0265752658 -0.176803832 0.114721111
v 0.0265559539 -0.176803832 0.114826492
v 0.0265647754 -0.176803832 0.1147378
v 0.0265752658 -0.176803832 0.114770821
v 0.0265635833 -0.176803832 0.114738873
v 0.0265658482 -0.176803832 0.11476498
v 0.0265645369 -0.176803832 0.114762596
v 0.0265633448 -0.176803832 0.114761284
v 0.0265620335 -0.176803832 0.11476045
v 0.0265602454 -0.176803832 0.114759735
v 0.0265656098 -0.176803832 0.11481326
v 0.0265715703 -0.176803832 0.114798597
v 0.026565729 -0.176803832 0.114736608
v 0.0265663251 -0.176803832 0.114735058
v 0.0265668019 -0.176803832 0.114732674
v 0.0265751466 -0.176803832 0.114776424
v 0.0265669211 -0.176803832 0.114769391
v 0.0263752326 -0.176803832 0.114721111
v 0.026383458 -0.176803832 0.114721111
v 0.026383458 -0.176803832 0.114728859
v 0.0263839349 -0.176803832 0.114733866
v 0.0263846501 -0.176803832 0.114736131
v 0.0263856038 -0.176803832 0.114737562
v 0.0263752326 -0.176803832 0.114773563
v 0.0263774976 -0.176803832 0.114794305
v 0.026385127 -0.176803832 0.114789179
v 0.0263831004 -0.176803832 0.114810518
v 0.0263889417 -0.176803832 0.114799312
v 0.0263946637 -0.176803832 0.114807776
v 0.0263920411 -0.176803832 0.114824227
v 0.026403366 -0.176803832 0.114815882
v 0.0264037236 -0.176803832 0.114835313
v 0.0264146909 -0.176803832 0.114822081
v 0.0264183863 -0.176803832 0.114843658
v 0.0264367446 -0.176803832 0.114828161
v 0.0265441521 -0.176803832 0.114836267
v 0.0265277013 -0.176803832 0.114844373
v 0.0265040978 -0.176803832 0.114850334
v 0.0264711961 -0.176803832 0.114852718
v 0.026441513 -0.176803832 0.114850334
v 0.026557742 -0.176803832 0.114759496
v 0.0265596494 -0.176803832 0.114740184
v 0.0265621528 -0.176803832 0.114739588
v 0.0263867959 -0.176803832 0.114738754
v 0.0263883456 -0.176803832 0.114739588
v 0.026390253 -0.176803832 0.114740065
v 0.0263927564 -0.176803832 0.114740304
v 0.026557742 -0.176803832 0.114740304
v 0.026557742 -0.176813846 0.114740304
v 0.0265596494 -0.176813846 0.114740184
v 0.0265621528 -0.176813846 0.114739588
v 0.0265635833 -0.176813846 0.114738873
v 0.0265647754 -0.176813846 0.1147378
v 0.026565729 -0.176813846 0.114736608
v 0.0265663251 -0.176813846 0.114735058
v 0.0265668019 -0.176813846 0.114732674
v 0.0265670403 -0.176813846 0.114729575
v 0.0265670403 -0.176813846 0.114721111
v 0.0265752658 -0.176813846 0.114721111
v 0.0265752658 -0.176813846 0.114770821
v 0.0265751466 -0.176813846 0.114776424
v 0.0265715703 -0.176813846 0.114798597
v 0.0265656098 -0.176813846 0.11481326
v 0.0265559539 -0.176813846 0.114826492
v 0.0265441521 -0.176813846 0.114836267
v 0.0265277013 -0.176813846 0.114844373
v 0.0265040978 -0.176813846 0.114850334
v 0.0264711961 -0.176813846 0.114852718
v 0.026383458 -0.176813846 0.114728859
v 0.026383458 -0.176813846 0.114721111
v 0.0268531426 -0.179186408 0.118451885
v 0.0274544343 -0.178967063 0.118451885
v 0.0268567189 -0.179199939 0.118451885
v 0.0274869784 -0.179088538 0.118451885
v 0.0268580302 -0.179213827 0.118451885
v 0.0274979457 -0.179213827 0.118451885
f 1 2 3
f 4 5 3
f 3 5 6
f 6 7 3
f 3 7 8
f 3 8 1
f 2 9 3
f 3 9 10
f 3 10 11
f 11 12 3
f 3 12 13
f 3 13 14
f 14 15 3
f 3 15 16
f 3 16 17
f 17 16 18
f 19 20 21
f 20 22 23
f 23 24 20
f 20 24 25
f 20 25 21
f 19 21 26
f 26 21 27
f 26 27 28
f 29 30 31
f 29 31 32
f 33 31 34
f 34 31 35
f 27 36 28
f 28 36 37
f 28 37 38
f 38 37 39
f 38 39 31
f 31 39 40
f 31 40 32
f 30 41 31
f 31 41 42
f 31 42 35
f 43 44 45
f 45 44 46
f 45 46 47
f 48 49 50
f 50 49 51
f 52 53 54
f 54 53 55
f 56 57 58
f 59 60 61
f 61 60 62
f 61 62 63
f 63 62 64
f 63 64 65
f 65 64 66
f 65 66 67
f 67 66 68
f 56 58 69
f 69 58 70
f 69 70 71
f 71 70 72
f 71 72 73
f 73 72 74
f 73 74 75
f 75 74 76
f 75 76 77
f 77 76 78
f 77 78 79
f 79 78 80
f 79 80 81
f 81 80 82
f 81 82 83
f 83 82 84
f 83 84 85
f 85 84 86
f 85 86 87
f 87 86 88
f 87 88 89
f 89 88 90
f 89 90 91
f 91 90 92
f 92 90 93
f 92 93 94
f 94 93 95
f 94 95 96
f 96 95 97
f 96 97 98
f 98 97 99
f 98 99 100
f 100 99 101
f 100 101 102
f 102 101 103
f 102 103 68
f 68 103 104
f 68 104 67
f 90 105 106
f 90 106 93
f 93 106 107
f 93 107 95
f 95 107 108
f 95 108 97
f 60 109 110
f 60 110 62
f 62 110 111
f 62 111 64
f 64 111 112
f 64 112 66
f 66 112 113
f 66 113 68
f 68 113 114
f 68 114 102
f 102 114 115
f 102 115 100
f 100 115 116
f 100 116 98
f 98 116 117
f 98 117 96
f 96 117 118
f 96 118 94
f 94 118 119
f 94 119 92
f 92 119 120
f 92 120 91
f 77 121 122
f 77 122 75
f 75 122 123
f 75 123 73
f 73 123 124
f 73 124 71
f 71 124 125
f 71 125 69
f 69 125 126
f 69 126 56
f 57 56 127
f 127 56 126
f 57 127 128
f 57 128 58
f 58 128 129
f 58 129 70
f 70 129 130
f 70 130 72
f 72 130 131
f 72 131 74
f 74 131 132
f 74 132 76
f 133 134 135
f 135 136 133
f 133 136 137
f 133 137 138
f 139 140 141
f 141 140 138
f 141 138 142
f 142 138 137
f 142 137 143
f 143 137 144
f 137 136 145
f 145 136 146
f 144 137 147
f 147 137 145
f 143 144 148
f 148 144 147
f 141 142 149
f 149 142 150
f 140 139 151
f 151 139 152
f 138 140 153
f 153 140 151
f 133 138 154
f 154 138 153
f 155 156 157
f 155 157 158
f 158 157 159
f 158 159 160
f 161 162 163
f 163 162 164
f 165 166 167
f 165 167 168
f 168 167 169
f 168 169 170
f 170 169 171
f 170 171 172
f 172 171 173
f 172 173 174
f 174 173 175
f 174 175 176
f 176 175 177
f 176 177 178
f 178 177 179
f 178 179 180
f 180 179 181
f 180 181 182
f 183 182 184
f 184 182 181
f 185 183 186
f 186 183 184
f 187 188 189
f 189 188 190
f 187 191 192
f 193 194 192
f 192 194 188
f 192 188 187
f 195 196 197
f 198 191 199
f 199 191 187
f 199 187 197
f 197 187 194
f 197 194 195
f 195 194 193
f 195 193 200
f 200 193 201
f 196 195 202
f 202 195 200
f 191 198 203
f 203 198 204
f 205 206 207
f 207 206 208
f 207 208 209
f 209 208 210
f 211 212 207
f 207 212 205
f 213 214 215
f 215 214 216
f 215 216 217
f 217 216 218
f 216 214 219
f 219 214 220
f 221 222 223
f 223 222 224
f 223 224 225
f 225 224 226
f 227 228 221
f 221 228 222
f 224 229 226
f 226 229 230
f 231 232 233
f 233 232 234
f 235 236 237
f 237 236 232
f 237 232 238
f 238 232 231
f 236 235 239
f 239 235 240
f 241 242 243
f 243 242 244
f 243 244 245
f 245 244 246
f 247 248 249
f 249 248 250
f 249 250 251
f 251 250 252
f 251 252 241
f 241 252 242
f 244 250 246
f 246 250 248
f 253 254 255
f 255 254 256
f 255 256 257
f 258 256 259
f 259 256 254
f 260 261 262
f 262 261 263
f 262 263 264
f 264 263 265
f 262 266 260
f 260 266 267
f 265 263 268
f 268 263 269
f 270 271 272
f 272 271 273
f 272 273 274
f 275 276 277
f 277 276 278
f 277 278 279
f 280 281 273
f 273 281 276
f 273 276 274
f 274 276 275
f 271 282 273
f 273 282 280
f 282 283 280
f 280 283 281
f 284 285 286
f 286 285 287
f 286 287 288
f 288 287 289
f 288 289 290
f 290 291 288
f 288 291 292
f 288 292 293
f 294 295 296
f 294 296 297
f 297 296 298
f 297 298 299
f 299 298 300
f 299 300 301
f 301 300 302
f 301 302 303
f 303 302 304
f 303 304 305
f 305 304 306
f 305 306 307
f 307 306 308
f 307 308 309
f 310 311 312
f 310 312 313
f 313 312 314
f 313 314 315
f 315 314 316
f 315 316 317
f 317 316 318
f 317 318 319
f 319 318 320
f 319 320 321
f 321 320 322
f 321 322 323
f 323 322 324
f 323 324 325
f 326 327 328
f 328 327 329
f 330 331 332
f 330 332 333
f 333 332 334
f 333 334 335
f 335 334 336
f 335 336 337
f 337 336 338
f 337 338 339
f 339 338 340
f 339 340 341
f 341 340 342
f 341 342 343
f 343 342 344
f 343 344 345
f 345 344 346
f 345 346 347
f 347 346 348
f 347 348 349
f 349 348 350
f 349 350 351
f 351 350 352
f 351 352 353
f 353 352 354
f 353 354 355
f 355 354 356
f 355 356 357
f 358 331 359
f 359 331 330
f 360 361 362
f 362 361 363
f 328 329 364
f 364 329 365
f 364 365 366
f 366 365 367
f 366 367 368
f 368 367 369
f 370 310 371
f 371 310 313
f 371 313 372
f 313 315 372
f 372 315 317
f 372 317 373
f 373 317 319
f 373 319 374
f 374 319 321
f 374 321 375
f 375 321 323
f 375 323 376
f 376 323 325
f 376 325 377
f 377 325 378
f 377 378 379
f 379 378 380
f 379 380 369
f 369 380 381
f 369 381 368
f 382 383 384
f 384 385 386
f 387 388 384
f 384 388 389
f 384 389 382
f 386 390 384
f 384 390 391
f 384 391 392
f 392 393 384
f 384 393 394
f 384 394 395
f 395 396 384
f 384 396 397
f 384 397 398
f 398 399 384
f 384 399 400
f 384 400 387
f 401 402 403
f 403 402 404
f 405 402 406
f 406 402 407
f 402 408 409
f 401 410 402
f 402 410 411
f 402 411 412
f 405 413 402
f 402 413 414
f 402 414 408
f 409 415 402
f 402 415 416
f 402 416 417
f 417 418 402
f 402 418 419
f 402 419 404
f 420 421 422
f 423 424 425
f 426 427 425
f 426 425 428
f 427 429 425
f 425 429 430
f 425 430 423
f 424 431 432
f 432 433 424
f 424 433 434
f 424 434 435
f 435 436 424
f 424 436 437
f 424 437 425
f 420 422 425
f 425 422 438
f 425 438 428
f 439 440 425
f 425 437 441
f 439 425 442
f 443 444 425
f 425 444 445
f 425 445 442
f 441 446 425
f 425 446 447
f 425 447 443
f 422 421 448
f 448 421 449
f 448 449 450
f 450 449 451
f 451 449 452
f 451 452 453
f 454 455 452
f 452 455 456
f 452 456 453
f 457 458 454
f 454 458 459
f 454 459 455
f 460 461 462
f 462 461 463
f 462 463 457
f 457 463 464
f 457 464 458
f 460 462 465
f 465 462 466
f 465 466 467
f 468 469 470
f 471 472 473
f 474 475 476
f 474 477 478
f 478 477 479
f 478 479 480
f 480 479 481
f 480 481 482
f 482 481 483
f 483 481 484
f 483 484 485
f 485 484 486
f 486 484 487
f 486 487 488
f 488 487 489
f 489 487 490
f 489 490 491
f 491 490 492
f 491 492 493
f 493 492 494
f 494 492 473
f 494 473 495
f 495 473 472
f 495 472 496
f 497 498 499
f 499 498 500
f 499 500 471
f 501 502 503
f 503 502 497
f 504 505 506
f 506 505 501
f 507 508 509
f 509 508 510
f 509 510 504
f 511 512 513
f 513 512 514
f 513 514 507
f 511 513 515
f 515 513 516
f 515 516 517
f 517 516 518
f 517 518 519
f 519 518 520
f 519 520 521
f 521 520 522
f 521 522 523
f 523 522 524
f 523 524 525
f 525 524 526
f 525 526 527
f 527 526 470
f 527 470 528
f 528 470 469
f 528 469 529
f 530 531 532
f 533 534 535
f 536 537 538
f 539 540 541
f 474 476 477
f 477 476 542
f 477 542 543
f 507 509 513
f 513 509 544
f 513 544 516
f 516 544 545
f 516 545 518
f 518 545 546
f 518 546 520
f 520 546 547
f 520 547 522
f 522 547 548
f 522 548 524
f 524 548 549
f 524 549 526
f 526 549 530
f 526 530 470
f 470 530 532
f 470 532 468
f 504 506 509
f 509 506 550
f 509 550 544
f 544 550 551
f 544 551 545
f 545 551 552
f 545 552 546
f 546 552 553
f 546 553 547
f 547 553 554
f 547 554 548
f 548 554 555
f 548 555 549
f 549 555 533
f 549 533 530
f 530 533 535
f 530 535 531
f 501 503 506
f 506 503 556
f 506 556 550
f 550 556 557
f 550 557 551
f 551 557 558
f 551 558 552
f 552 558 559
f 552 559 553
f 553 559 560
f 553 560 554
f 554 560 561
f 554 561 555
f 555 561 536
f 555 536 533
f 533 536 538
f 533 538 534
f 497 499 503
f 503 499 562
f 503 562 556
f 556 562 563
f 556 563 557
f 557 563 564
f 557 564 558
f 558 564 565
f 558 565 559
f 559 565 566
f 559 566 560
f 560 566 567
f 560 567 561
f 561 567 539
f 561 539 536
f 536 539 541
f 536 541 537
f 471 473 499
f 499 473 492
f 499 492 562
f 562 492 490
f 562 490 563
f 563 490 487
f 563 487 564
f 564 487 484
f 564 484 565
f 565 484 481
f 565 481 566
f 566 481 479
f 566 479 567
f 567 479 477
f 567 477 539
f 539 477 543
f 539 543 540
f 511 515 568
f 568 515 517
f 568 517 519
f 519 521 568
f 568 521 523
f 568 523 525
f 525 527 568
f 568 527 528
f 568 528 529
f 496 569 495
f 495 569 570
f 495 570 494
f 494 570 493
f 493 570 571
f 493 571 491
f 572 488 571
f 571 488 489
f 571 489 491
f 573 485 572
f 572 485 486
f 572 486 488
f 478 480 574
f 574 480 482
f 574 482 573
f 573 482 483
f 573 483 485
f 478 574 474
f 474 574 575
f 474 575 475
f 576 577 412
f 412 411 578
f 576 412 579
f 580 581 412
f 412 581 582
f 412 582 579
f 578 583 412
f 412 583 584
f 412 584 580
f 585 586 587
f 588 589 587
f 587 589 590
f 590 591 587
f 587 591 592
f 587 592 593
f 594 587 595
f 595 587 596
f 594 597 587
f 587 597 598
f 587 598 599
f 593 600 587
f 587 600 601
f 587 601 596
f 599 602 587
f 587 602 603
f 587 603 585
f 604 605 606
f 607 606 608
f 608 606 609
f 607 610 606
f 606 610 611
f 606 611 612
f 613 614 606
f 606 614 615
f 615 616 606
f 606 616 617
f 606 617 618
f 612 619 606
f 606 619 620
f 606 620 604
f 618 621 606
f 606 621 622
f 606 622 609
f 387 400 623
f 624 625 626
f 627 628 629
f 629 628 630
f 631 632 633
f 634 635 636
f 637 638 639
f 639 638 640
f 641 637 642
f 642 637 639
f 642 639 643
f 643 639 644
f 643 644 645
f 645 644 646
f 647 648 649
f 649 648 650
f 649 650 646
f 646 650 651
f 646 651 645
f 647 649 652
f 652 649 653
f 652 653 654
f 654 653 655
f 654 655 656
f 656 655 657
f 656 657 658
f 392 391 659
f 659 391 390
f 658 657 660
f 660 657 659
f 660 659 661
f 661 659 390
f 661 390 386
f 394 393 662
f 662 393 392
f 397 396 663
f 663 396 395
f 663 395 394
f 400 399 664
f 664 399 398
f 664 398 397
f 387 623 388
f 665 389 388
f 666 382 389
f 389 665 666
f 666 665 667
f 666 667 668
f 668 667 669
f 668 669 670
f 670 669 671
f 670 671 672
f 672 671 673
f 672 673 674
f 674 673 675
f 674 675 676
f 676 675 677
f 676 677 678
f 678 677 624
f 678 624 679
f 679 624 626
f 679 626 680
f 388 623 665
f 665 623 681
f 665 681 667
f 667 681 682
f 667 682 669
f 669 682 683
f 669 683 671
f 671 683 684
f 671 684 673
f 673 684 685
f 673 685 675
f 675 685 686
f 675 686 677
f 677 686 629
f 677 629 624
f 624 629 630
f 624 630 625
f 400 664 623
f 623 664 687
f 623 687 681
f 681 687 688
f 681 688 682
f 682 688 689
f 682 689 683
f 683 689 690
f 683 690 684
f 684 690 691
f 684 691 685
f 685 691 692
f 685 692 686
f 686 692 693
f 686 693 629
f 629 693 694
f 629 694 627
f 397 663 664
f 664 663 695
f 664 695 687
f 687 695 696
f 687 696 688
f 688 696 697
f 688 697 689
f 689 697 698
f 689 698 690
f 690 698 699
f 690 699 691
f 691 699 700
f 691 700 692
f 692 700 631
f 692 631 693
f 693 631 633
f 693 633 694
f 394 662 663
f 663 662 701
f 663 701 695
f 695 701 702
f 695 702 696
f 696 702 703
f 696 703 697
f 697 703 704
f 697 704 698
f 698 704 705
f 698 705 699
f 699 705 706
f 699 706 700
f 700 706 634
f 700 634 631
f 631 634 636
f 631 636 632
f 392 659 662
f 662 659 657
f 662 657 701
f 701 657 655
f 701 655 702
f 702 655 653
f 702 653 703
f 703 653 649
f 703 649 704
f 704 649 646
f 704 646 705
f 705 646 644
f 705 644 706
f 706 644 639
f 706 639 634
f 634 639 640
f 634 640 635
f 599 598 707
f 592 591 708
f 708 591 590
f 600 593 709
f 709 593 592
f 595 596 710
f 710 596 601
f 710 601 600
f 598 597 711
f 711 597 594
f 711 594 595
f 599 707 602
f 712 603 602
f 713 585 603
f 714 715 716
f 603 712 713
f 713 712 717
f 713 717 718
f 718 717 719
f 718 719 720
f 720 719 721
f 720 721 722
f 722 721 723
f 722 723 724
f 724 723 725
f 724 725 726
f 726 725 727
f 726 727 728
f 728 727 714
f 728 714 729
f 729 714 716
f 729 716 730
f 731 732 733
f 733 732 734
f 735 736 737
f 738 739 740
f 741 742 743
f 743 742 744
f 745 741 746
f 746 741 743
f 746 743 747
f 747 743 748
f 747 748 749
f 749 748 750
f 749 750 751
f 751 750 752
f 752 750 753
f 752 753 754
f 754 753 755
f 755 753 756
f 755 756 757
f 757 756 758
f 758 756 759
f 758 759 760
f 760 759 761
f 760 761 762
f 762 761 763
f 763 761 708
f 763 708 764
f 764 708 590
f 764 590 589
f 602 707 712
f 712 707 765
f 712 765 717
f 717 765 766
f 717 766 719
f 719 766 767
f 719 767 721
f 721 767 768
f 721 768 723
f 723 768 769
f 723 769 725
f 725 769 770
f 725 770 727
f 727 770 733
f 727 733 714
f 714 733 734
f 714 734 715
f 598 711 707
f 707 711 771
f 707 771 765
f 765 771 772
f 765 772 766
f 766 772 773
f 766 773 767
f 767 773 774
f 767 774 768
f 768 774 775
f 768 775 769
f 769 775 776
f 769 776 770
f 770 776 777
f 770 777 733
f 733 777 778
f 733 778 731
f 595 710 711
f 711 710 779
f 711 779 771
f 771 779 780
f 771 780 772
f 772 780 781
f 772 781 773
f 773 781 782
f 773 782 774
f 774 782 783
f 774 783 775
f 775 783 784
f 775 784 776
f 776 784 735
f 776 735 777
f 777 735 737
f 777 737 778
f 600 709 710
f 710 709 785
f 710 785 779
f 779 785 786
f 779 786 780
f 780 786 787
f 780 787 781
f 781 787 788
f 781 788 782
f 782 788 789
f 782 789 783
f 783 789 790
f 783 790 784
f 784 790 738
f 784 738 735
f 735 738 740
f 735 740 736
f 592 708 709
f 709 708 761
f 709 761 785
f 785 761 759
f 785 759 786
f 786 759 756
f 786 756 787
f 787 756 753
f 787 753 788
f 788 753 750
f 788 750 789
f 789 750 748
f 789 748 790
f 790 748 743
f 790 743 738
f 738 743 744
f 738 744 739
f 791 792 793
f 791 793 794
f 793 795 796
f 797 798 793
f 793 798 799
f 793 799 794
f 796 800 793
f 793 800 801
f 793 801 797
f 386 385 661
f 661 385 802
f 661 802 660
f 660 802 658
f 658 802 803
f 658 803 656
f 804 652 803
f 803 652 654
f 803 654 656
f 805 648 804
f 804 648 647
f 804 647 652
f 643 645 806
f 806 645 651
f 806 651 805
f 805 651 650
f 805 650 648
f 643 806 642
f 642 806 807
f 642 807 641
f 614 613 808
f 808 613 809
f 808 809 810
f 810 809 811
f 811 809 812
f 811 812 813
f 814 815 812
f 812 815 816
f 812 816 813
f 817 818 814
f 814 818 819
f 814 819 815
f 820 821 822
f 822 821 823
f 822 823 817
f 817 823 824
f 817 824 818
f 820 822 825
f 825 822 826
f 825 826 827
f 828 829 830
f 830 829 831
f 830 831 832
f 832 831 833
f 833 831 834
f 833 834 835
f 836 837 834
f 834 837 838
f 834 838 835
f 839 840 836
f 836 840 841
f 836 841 837
f 842 843 844
f 844 843 845
f 844 845 839
f 839 845 846
f 839 846 840
f 842 844 847
f 847 844 848
f 847 848 849
f 850 851 852
f 853 850 854
f 854 850 855
f 853 856 850
f 850 856 857
f 850 857 851
f 858 859 860
f 861 862 852
f 852 862 863
f 855 864 854
f 854 864 858
f 854 858 865
f 865 858 860
f 863 866 852
f 852 866 867
f 852 867 850
f 868 869 852
f 852 869 870
f 852 870 861
f 871 872 873
f 873 872 874
f 873 874 858
f 858 874 875
f 858 875 859
f 876 877 878
f 878 877 879
f 880 881 882
f 883 884 885
f 883 885 886
f 886 885 887
f 886 887 888
f 888 887 889
f 888 889 882
f 882 889 890
f 882 890 880
f 891 892 893
f 893 892 894
f 893 894 895
f 895 894 896
f 895 896 897
f 897 896 898
f 899 900 901
f 902 903 901
f 901 903 904
f 901 904 899
f 902 905 903
f 903 905 906
f 903 906 907
f 907 906 908
f 907 908 909
f 910 911 912
f 912 911 913
f 914 915 916
f 916 915 917
f 918 919 920
f 920 919 921
f 922 923 924
f 925 926 927
f 927 926 928
f 927 928 929
f 929 928 930
f 929 930 931
f 931 930 932
f 931 932 933
f 933 932 934
f 922 924 935
f 935 924 936
f 935 936 937
f 937 936 938
f 937 938 939
f 939 938 940
f 939 940 941
f 941 940 942
f 941 942 943
f 943 942 944
f 943 944 945
f 945 944 946
f 945 946 947
f 947 946 948
f 947 948 949
f 949 948 950
f 949 950 951
f 951 950 952
f 951 952 953
f 953 952 954
f 953 954 955
f 955 954 956
f 955 956 957
f 957 956 958
f 958 956 959
f 958 959 960
f 960 959 961
f 960 961 962
f 962 961 963
f 962 963 964
f 964 963 965
f 964 965 966
f 966 965 967
f 966 967 968
f 968 967 969
f 968 969 934
f 934 969 970
f 934 970 933
f 971 970 972
f 972 970 969
f 972 969 973
f 973 969 967
f 973 967 974
f 974 967 965
f 974 965 975
f 975 965 963
f 975 963 976
f 926 925 977
f 977 925 978
f 979 980 981
f 979 981 982
f 982 981 983
f 982 983 984
f 984 983 985
f 984 985 986
f 986 985 987
f 986 987 988
f 988 987 989
f 988 989 990
f 990 989 991
f 990 991 992
f 992 991 993
f 992 993 994
f 995 996 997
f 997 996 998
f 999 1000 1001
f 1001 1000 1002
f 1003 1004 1005
f 1005 1004 1006
f 1007 1008 1009
f 1009 1008 1003
f 1009 1003 1005
f 1010 1011 1012
f 1012 1011 1013
f 1012 1013 1014
f 1014 1013 1015
f 1011 1016 1013
f 1013 1016 1017
f 1018 1019 1020
f 1020 1019 1021
f 1020 1021 1022
f 1022 1021 1023
f 1023 1021 1024
f 1024 1021 1025
f 1024 1025 1026
f 1026 1025 1027
f 1028 1029 1030
f 1028 1030 1031
f 1031 1030 1032
f 1031 1032 1033
f 1034 1035 1036
f 1036 1035 1037
f 1036 1037 1038
f 1038 1037 1039
f 1040 1041 1042
f 1042 1041 1043
f 1042 1043 1044
f 1044 1043 1045
f 1044 1045 1046
f 1046 1045 1047
f 1046 1047 1048
f 1048 1047 1049
f 1048 1049 1050
f 1050 1049 1051
f 1050 1051 1052
f 1052 1051 1053
f 1052 1053 1054
f 1054 1053 1055
f 1054 1055 1056
f 1057 1058 1059
f 1057 1059 1060
f 1060 1059 1061
f 1060 1061 1062
f 1062 1061 1063
f 1062 1063 1064
f 1064 1063 1065
f 1064 1065 1066
f 1066 1065 1067
f 1066 1067 1068
f 1068 1067 1069
f 1068 1069 1070
f 1070 1069 1071
f 1070 1071 1072
f 1073 1074 1075
f 1064 1066 1076
f 1074 1077 1075
f 1075 1077 1078
f 1075 1078 1079
f 1080 1081 1082
f 1082 1081 1083
f 1082 1083 1084
f 1076 1066 1085
f 1085 1066 1068
f 1085 1068 1086
f 1086 1068 1070
f 1086 1070 1087
f 1084 1083 1088
f 1088 1083 1089
f 1088 1089 1090
f 1091 1092 1093
f 1076 1094 1064
f 1064 1094 1095
f 1064 1095 1062
f 1062 1095 1096
f 1062 1096 1060
f 1060 1096 1097
f 1060 1097 1057
f 1070 1072 1087
f 1087 1072 1098
f 1087 1098 1099
f 1099 1098 1100
f 1099 1100 1101
f 1102 1103 1104
f 1104 1103 1105
f 1104 1105 1106
f 1106 1105 1107
f 1106 1107 1108
f 1108 1107 1075
f 1108 1075 1080
f 1080 1075 1079
f 1080 1079 1081
f 1109 1110 1102
f 1102 1110 1111
f 1102 1111 1103
f 1057 1097 1112
f 1112 1097 1113
f 1112 1113 1114
f 1114 1113 1115
f 1114 1115 1116
f 1116 1115 1117
f 1116 1117 1118
f 1118 1117 1119
f 1118 1119 1120
f 1120 1119 1121
f 1120 1121 1122
f 1122 1121 1123
f 1122 1123 1109
f 1109 1123 1124
f 1109 1124 1110
f 1093 1092 1125
f 1125 1092 1126
f 1125 1126 1127
f 1127 1126 1128
f 1127 1128 1129
f 1101 1100 1130
f 1130 1100 1131
f 1130 1131 1132
f 1132 1131 1133
f 1132 1133 1134
f 1134 1133 1135
f 1134 1135 1090
f 1073 1075 1128
f 1128 1075 1136
f 1128 1136 1137
f 1090 1089 1134
f 1134 1089 1138
f 1134 1138 1139
f 1139 1138 1140
f 1139 1140 1141
f 1141 1140 1142
f 1141 1142 1143
f 1143 1142 1144
f 1143 1144 1145
f 1145 1144 1146
f 1145 1146 1147
f 1147 1146 1148
f 1147 1148 1149
f 1149 1148 1150
f 1150 1148 1151
f 1150 1151 1152
f 1152 1151 1153
f 1152 1153 1154
f 1154 1153 1155
f 1154 1155 1156
f 1156 1155 1157
f 1156 1157 1158
f 1158 1157 1159
f 1158 1159 1160
f 1160 1159 1161
f 1160 1161 1162
f 1093 1163 1091
f 1091 1163 1164
f 1091 1164 1165
f 1165 1164 1166
f 1165 1166 1167
f 1167 1166 1168
f 1167 1168 1169
f 1169 1168 1170
f 1169 1170 1171
f 1171 1170 1162
f 1171 1162 1172
f 1172 1162 1161
f 1137 1173 1128
f 1128 1173 1174
f 1128 1174 1129
f 1175 1176 1177
f 1175 1177 1178
f 1178 1177 1179
f 1178 1179 1180
f 1180 1179 1181
f 1180 1181 1182
f 1182 1181 1183
f 1182 1183 1184
f 1184 1183 1185
f 1184 1185 1186
f 1186 1185 1187
f 1186 1187 1188
f 1188 1187 1189
f 1188 1189 1190
f 1191 1192 1193
f 1193 1192 1194
f 1195 1196 1197
f 1198 1199 1200
f 1201 1202 1203
f 1204 1205 1206
f 1207 1208 1209
f 1209 1208 1210
f 1209 1210 1195
f 1195 1210 1211
f 1195 1211 1196
f 1197 1212 1195
f 1195 1212 1213
f 1195 1213 1200
f 1200 1213 1214
f 1200 1214 1198
f 1199 1215 1200
f 1200 1215 1216
f 1200 1216 1217
f 1217 1216 1218
f 1217 1218 1219
f 1219 1220 1217
f 1217 1220 1221
f 1217 1221 1204
f 1204 1221 1222
f 1204 1222 1205
f 1206 1223 1204
f 1204 1223 1224
f 1204 1224 1203
f 1203 1224 1225
f 1203 1225 1201
f 1202 1226 1203
f 1203 1226 1227
f 1203 1227 1209
f 1209 1227 1228
f 1209 1228 1207
f 1229 1230 1231
f 1231 1230 1232
f 1231 1232 1233
f 1233 1232 1234
f 1235 1236 1237
f 1237 1236 1238
f 1238 1239 1237
f 1237 1239 1240
f 1237 1240 1241
f 1241 1240 1242
f 1243 1244 1245
f 1245 1244 1246
f 1245 1246 1247
f 1247 1246 1248
f 1234 1232 1249
f 1249 1232 1250
f 1249 1250 1251
f 1243 1252 1244
f 1244 1252 1253
f 1244 1253 1254
f 1254 1253 1241
f 1254 1241 1255
f 1255 1241 1242
f 1248 1246 1250
f 1250 1246 1256
f 1250 1256 1251
f 1257 1258 1259
f 1259 1258 1260
f 1261 1262 1263
f 1263 1262 1264
f 1265 1266 1267
f 1267 1266 1268
f 1267 1268 1269
f 1269 1268 1270
f 1269 1270 1271
f 1271 1270 1272
f 1271 1272 1273
f 1273 1272 1274
f 1273 1274 1275
f 1275 1274 1276
f 1275 1276 1277
f 1277 1276 1278
f 1277 1278 1279
f 1279 1278 1280
f 1279 1280 1281
f 1281 1280 1282
f 1281 1282 1283
f 1283 1282 1284
f 1283 1284 1285
f 1285 1284 1286
f 1285 1286 1287
f 1287 1286 1288
f 1287 1288 1289
f 1289 1288 1290
f 1289 1290 1291
f 1291 1290 1292
f 1291 1292 1293
f 1293 1292 1294
f 1293 1294 1295
f 1295 1294 1296
f 1295 1296 1297
f 1297 1296 1298
f 1297 1298 1299
f 1299 1298 1265
f 1299 1265 1267
f 1300 1301 1302
f 1300 1302 1303
f 1303 1302 1304
f 1303 1304 1305
f 1305 1304 1306
f 1305 1306 1307
f 1307 1306 1308
f 1307 1308 1309
f 1309 1308 1310
f 1309 1310 1311
f 1312 1313 1314
f 1314 1313 1315
f 1314 1315 1316
f 1316 1315 1317
f 1316 1317 1318
f 1318 1317 1319
f 1318 1319 1320
f 1320 1319 1321
f 1320 1321 1322
f 1322 1321 1323
f 1322 1323 1324
f 1324 1323 1325
f 1326 1327 1328
f 1326 1328 1329
f 1329 1328 1330
f 1329 1330 1331
f 1331 1330 1332
f 1331 1332 1333
f 1334 1335 1336
f 1332 1337 1333
f 1333 1337 1338
f 1333 1338 1339
f 1339 1338 1334
f 1339 1334 1340
f 1340 1334 1336
f 1341 1342 1343
f 1341 1343 1344
f 1344 1343 1345
f 1344 1345 1346
f 1347 1348 1349
f 1347 1349 1350
f 1350 1349 1351
f 1350 1351 1352
f 1353 1354 1355
f 1353 1355 1356
f 1356 1355 1357
f 1356 1357 1358
f 1359 1360 1361
f 1361 1360 1362
f 1362 1360 1363
f 1363 1360 1364
f 1363 1364 1365
f 1365 1364 1366
f 1365 1366 1367
f 1367 1366 1368
f 1367 1368 1369
f 1368 1370 1369
f 1369 1370 1371
f 1369 1371 1372
f 1373 1374 1375
f 1375 1374 1376
f 1376 1374 1377
f 1377 1374 1378
f 1377 1378 1379
f 1379 1378 1380
f 1379 1380 1381
f 1381 1380 1382
f 1381 1382 1383
f 1382 1384 1383
f 1383 1384 1385
f 1383 1385 1386
f 1387 1388 1389
f 1389 1388 1390
f 1389 1390 1391
f 1391 1390 1392
f 1391 1392 1393
f 1393 1392 1394
f 1393 1394 1395
f 1395 1394 1396
f 1397 1398 1399
f 1399 1398 1400
f 1401 1402 1403
f 1403 1402 1404
f 1405 1406 1407
f 1405 1407 1408
f 1408 1407 1409
f 1408 1409 1410
f 1410 1409 1411
f 1410 1411 1412
f 1412 1411 1413
f 1412 1413 1414
f 1414 1413 1415
f 1414 1415 1416
f 1417 1418 1419
f 1420 1421 1422
f 1423 1424 1425
f 1426 1427 1428
f 1429 1430 1431
f 1432 1433 1434
f 1435 1436 1437
f 1438 1439 1440
f 1441 1442 1443
f 1444 1445 1446
f 1447 1448 1449
f 1450 1451 1452
f 1453 1454 1455
f 1455 1454 1456
f 1455 1456 1457
f 1457 1456 1458
f 1457 1458 1459
f 1459 1458 1460
f 1459 1460 1461
f 1461 1460 1462
f 1461 1462 1463
f 1463 1462 1452
f 1464 1465 1466
f 1466 1465 1467
f 1466 1467 1468
f 1468 1467 1469
f 1468 1469 1470
f 1470 1469 1471
f 1470 1471 1472
f 1472 1471 1473
f 1472 1473 1474
f 1474 1473 1449
f 1475 1476 1477
f 1477 1476 1478
f 1477 1478 1479
f 1479 1478 1480
f 1479 1480 1481
f 1481 1480 1482
f 1481 1482 1483
f 1483 1482 1484
f 1483 1484 1485
f 1485 1484 1443
f 1486 1487 1488
f 1488 1487 1489
f 1488 1489 1490
f 1490 1489 1491
f 1490 1491 1492
f 1492 1491 1493
f 1492 1493 1494
f 1494 1493 1495
f 1494 1495 1496
f 1496 1495 1440
f 1497 1498 1499
f 1499 1498 1500
f 1499 1500 1501
f 1501 1500 1502
f 1501 1502 1503
f 1503 1502 1504
f 1503 1504 1505
f 1505 1504 1506
f 1505 1506 1507
f 1507 1506 1437
f 1508 1509 1510
f 1510 1509 1511
f 1510 1511 1512
f 1512 1511 1513
f 1512 1513 1514
f 1514 1513 1515
f 1514 1515 1516
f 1516 1515 1517
f 1516 1517 1518
f 1518 1517 1431
f 1519 1520 1521
f 1521 1520 1522
f 1521 1522 1523
f 1523 1522 1524
f 1523 1524 1525
f 1525 1524 1526
f 1525 1526 1527
f 1527 1526 1528
f 1527 1528 1529
f 1529 1528 1428
f 1530 1531 1532
f 1532 1531 1533
f 1532 1533 1534
f 1534 1533 1535
f 1534 1535 1536
f 1536 1535 1537
f 1536 1537 1538
f 1538 1537 1539
f 1538 1539 1540
f 1540 1539 1422
f 1541 1542 1543
f 1543 1542 1544
f 1543 1544 1545
f 1545 1544 1546
f 1545 1546 1547
f 1547 1546 1548
f 1547 1548 1549
f 1549 1548 1550
f 1549 1550 1551
f 1551 1550 1419
f 1552 1453 1553
f 1553 1453 1455
f 1553 1455 1554
f 1554 1455 1457
f 1554 1457 1555
f 1555 1457 1459
f 1555 1459 1556
f 1556 1459 1461
f 1556 1461 1557
f 1557 1461 1463
f 1557 1463 1558
f 1558 1463 1559
f 1452 1451 1463
f 1463 1451 1560
f 1463 1560 1559
f 1561 1450 1562
f 1562 1450 1452
f 1562 1452 1563
f 1563 1452 1462
f 1563 1462 1564
f 1564 1462 1460
f 1564 1460 1565
f 1565 1460 1458
f 1565 1458 1566
f 1566 1458 1456
f 1566 1456 1567
f 1567 1456 1454
f 1567 1464 1566
f 1566 1464 1466
f 1566 1466 1565
f 1565 1466 1468
f 1565 1468 1564
f 1564 1468 1470
f 1564 1470 1563
f 1563 1470 1472
f 1563 1472 1562
f 1562 1472 1474
f 1562 1474 1561
f 1561 1474 1568
f 1449 1448 1474
f 1474 1448 1569
f 1474 1569 1568
f 1570 1447 1571
f 1571 1447 1449
f 1571 1449 1572
f 1572 1449 1473
f 1572 1473 1573
f 1573 1473 1471
f 1573 1471 1574
f 1574 1471 1469
f 1574 1469 1575
f 1575 1469 1467
f 1575 1467 1576
f 1576 1467 1465
f 1576 1577 1575
f 1575 1577 1578
f 1575 1578 1574
f 1574 1578 1579
f 1574 1579 1573
f 1573 1579 1580
f 1573 1580 1572
f 1572 1580 1581
f 1572 1581 1571
f 1571 1581 1446
f 1571 1446 1570
f 1570 1446 1445
f 1582 1444 1485
f 1485 1444 1446
f 1485 1446 1483
f 1483 1446 1581
f 1483 1581 1481
f 1481 1581 1580
f 1481 1580 1479
f 1479 1580 1579
f 1479 1579 1477
f 1477 1579 1578
f 1477 1578 1475
f 1475 1578 1577
f 1443 1442 1485
f 1485 1442 1583
f 1485 1583 1582
f 1584 1441 1585
f 1585 1441 1443
f 1585 1443 1586
f 1586 1443 1484
f 1586 1484 1587
f 1587 1484 1482
f 1587 1482 1588
f 1588 1482 1480
f 1588 1480 1589
f 1589 1480 1478
f 1589 1478 1590
f 1590 1478 1476
f 1590 1486 1589
f 1589 1486 1488
f 1589 1488 1588
f 1588 1488 1490
f 1588 1490 1587
f 1587 1490 1492
f 1587 1492 1586
f 1586 1492 1494
f 1586 1494 1585
f 1585 1494 1496
f 1585 1496 1584
f 1584 1496 1591
f 1440 1439 1496
f 1496 1439 1592
f 1496 1592 1591
f 1593 1438 1594
f 1594 1438 1440
f 1594 1440 1595
f 1595 1440 1495
f 1595 1495 1596
f 1596 1495 1493
f 1596 1493 1597
f 1597 1493 1491
f 1597 1491 1598
f 1598 1491 1489
f 1598 1489 1599
f 1599 1489 1487
f 1599 1497 1598
f 1598 1497 1499
f 1598 1499 1597
f 1597 1499 1501
f 1597 1501 1596
f 1596 1501 1503
f 1596 1503 1595
f 1595 1503 1505
f 1595 1505 1594
f 1594 1505 1507
f 1594 1507 1593
f 1593 1507 1600
f 1437 1436 1507
f 1507 1436 1601
f 1507 1601 1600
f 1433 1435 1434
f 1434 1435 1437
f 1434 1437 1602
f 1602 1437 1506
f 1602 1506 1603
f 1603 1506 1504
f 1603 1504 1604
f 1604 1504 1502
f 1604 1502 1605
f 1605 1502 1500
f 1605 1500 1606
f 1606 1500 1498
f 1607 1432 1608
f 1608 1432 1434
f 1608 1434 1609
f 1609 1434 1602
f 1609 1602 1610
f 1610 1602 1603
f 1610 1603 1611
f 1611 1603 1604
f 1611 1604 1612
f 1612 1604 1605
f 1612 1605 1613
f 1613 1605 1606
f 1613 1508 1612
f 1612 1508 1510
f 1612 1510 1611
f 1611 1510 1512
f 1611 1512 1610
f 1610 1512 1514
f 1610 1514 1609
f 1609 1514 1516
f 1609 1516 1608
f 1608 1516 1518
f 1608 1518 1607
f 1607 1518 1614
f 1431 1430 1518
f 1518 1430 1615
f 1518 1615 1614
f 1616 1429 1617
f 1617 1429 1431
f 1617 1431 1618
f 1618 1431 1517
f 1618 1517 1619
f 1619 1517 1515
f 1619 1515 1620
f 1620 1515 1513
f 1620 1513 1621
f 1621 1513 1511
f 1621 1511 1622
f 1622 1511 1509
f 1622 1519 1621
f 1621 1519 1521
f 1621 1521 1620
f 1620 1521 1523
f 1620 1523 1619
f 1619 1523 1525
f 1619 1525 1618
f 1618 1525 1527
f 1618 1527 1617
f 1617 1527 1529
f 1617 1529 1616
f 1616 1529 1623
f 1428 1427 1529
f 1529 1427 1624
f 1529 1624 1623
f 1424 1426 1425
f 1425 1426 1428
f 1425 1428 1625
f 1625 1428 1528
f 1625 1528 1626
f 1626 1528 1526
f 1626 1526 1627
f 1627 1526 1524
f 1627 1524 1628
f 1628 1524 1522
f 1628 1522 1629
f 1629 1522 1520
f 1630 1423 1631
f 1631 1423 1425
f 1631 1425 1632
f 1632 1425 1625
f 1632 1625 1633
f 1633 1625 1626
f 1633 1626 1634
f 1634 1626 1627
f 1634 1627 1635
f 1635 1627 1628
f 1635 1628 1636
f 1636 1628 1629
f 1636 1530 1635
f 1635 1530 1532
f 1635 1532 1634
f 1634 1532 1534
f 1634 1534 1633
f 1633 1534 1536
f 1633 1536 1632
f 1632 1536 1538
f 1632 1538 1631
f 1631 1538 1540
f 1631 1540 1630
f 1630 1540 1637
f 1422 1421 1540
f 1540 1421 1638
f 1540 1638 1637
f 1639 1420 1640
f 1640 1420 1422
f 1640 1422 1641
f 1641 1422 1539
f 1641 1539 1642
f 1642 1539 1537
f 1642 1537 1643
f 1643 1537 1535
f 1643 1535 1644
f 1644 1535 1533
f 1644 1533 1645
f 1645 1533 1531
f 1645 1541 1644
f 1644 1541 1543
f 1644 1543 1643
f 1643 1543 1545
f 1643 1545 1642
f 1642 1545 1547
f 1642 1547 1641
f 1641 1547 1549
f 1641 1549 1640
f 1640 1549 1551
f 1640 1551 1639
f 1639 1551 1646
f 1419 1418 1551
f 1551 1418 1647
f 1551 1647 1646
f 1648 1417 1649
f 1649 1417 1419
f 1649 1419 1650
f 1650 1419 1550
f 1650 1550 1651
f 1651 1550 1548
f 1651 1548 1652
f 1652 1548 1546
f 1652 1546 1653
f 1653 1546 1544
f 1653 1544 1654
f 1654 1544 1542
f 1654 1655 1653
f 1653 1655 1656
f 1653 1656 1652
f 1652 1656 1657
f 1652 1657 1651
f 1651 1657 1658
f 1651 1658 1650
f 1650 1658 1659
f 1650 1659 1649
f 1649 1659 1660
f 1649 1660 1648
f 1648 1660 1661
f 1662 1663 1664
f 1662 1664 1665
f 1665 1664 1666
f 1665 1666 1667
f 1667 1666 1668
f 1667 1668 1669
f 1669 1668 1670
f 1669 1670 1671
f 1672 1673 1674
f 1674 1673 1675
f 1674 1675 1676
f 1676 1675 1677
f 1676 1677 1678
f 1678 1677 1679
f 1680 1681 1682
f 1680 1682 1683
f 1683 1682 1684
f 1683 1684 1685
f 1685 1684 1686
f 1685 1686 1687
f 1688 1689 1690
f 1690 1689 1691
f 1692 1693 1694
f 1694 1693 1695
f 1694 1695 1696
f 1696 1695 1697
f 1696 1697 1698
f 1698 1697 1699
f 1700 1701 1702
f 1702 1701 1703
f 1702 1703 1704
f 1704 1703 1705
f 1700 1702 1706
f 1706 1702 1707
f 1701 1700 1708
f 1708 1700 1706
f 1703 1701 1709
f 1709 1701 1708
f 1710 1711 1712
f 1713 1714 1715
f 1715 1714 1716
f 1715 1716 1717
f 1717 1716 1718
f 1717 1718 1719
f 1719 1718 1720
f 1719 1720 1721
f 1721 1720 1722
f 1710 1712 1723
f 1723 1712 1724
f 1723 1724 1725
f 1725 1724 1726
f 1725 1726 1727
f 1727 1726 1728
f 1727 1728 1729
f 1729 1728 1730
f 1729 1730 1731
f 1731 1730 1732
f 1731 1732 1733
f 1733 1732 1734
f 1733 1734 1735
f 1735 1734 1736
f 1735 1736 1737
f 1737 1736 1738
f 1737 1738 1739
f 1739 1738 1740
f 1739 1740 1741
f 1741 1740 1742
f 1741 1742 1743
f 1743 1742 1744
f 1743 1744 1745
f 1745 1744 1746
f 1746 1744 1747
f 1746 1747 1748
f 1748 1747 1749
f 1748 1749 1750
f 1750 1749 1751
f 1750 1751 1752
f 1752 1751 1753
f 1752 1753 1754
f 1754 1753 1755
f 1754 1755 1756
f 1756 1755 1757
f 1756 1757 1722
f 1722 1757 1758
f 1722 1758 1721
f 1730 1759 1760
f 1730 1760 1732
f 1732 1760 1761
f 1732 1761 1734
f 1761 1762 1734
f 1734 1762 1763
f 1734 1763 1736
f 1736 1763 1764
f 1736 1764 1738
f 1738 1764 1765
f 1738 1765 1740
f 1740 1765 1766
f 1740 1766 1742
f 1742 1766 1767
f 1742 1767 1744
f 1744 1767 1768
f 1744 1768 1747
f 1747 1768 1769
f 1747 1769 1749
f 1749 1769 1770
f 1749 1770 1751
f 1771 1758 1772
f 1772 1758 1757
f 1772 1757 1773
f 1773 1757 1755
f 1773 1755 1774
f 1774 1755 1753
f 1774 1753 1775
f 1775 1753 1751
f 1775 1751 1770
f 1758 1771 1776
f 1758 1776 1721
f 1721 1776 1777
f 1721 1777 1719
f 1777 1778 1719
f 1719 1778 1779
f 1719 1779 1717
f 1717 1779 1780
f 1717 1780 1715
f 1715 1780 1781
f 1715 1781 1713
f 1714 1713 1782
f 1782 1713 1781
f 1722 1783 1784
f 1722 1784 1756
f 1756 1784 1785
f 1756 1785 1754
f 1754 1785 1786
f 1754 1786 1752
f 1752 1786 1787
f 1752 1787 1750
f 1750 1787 1788
f 1750 1788 1748
f 1748 1788 1789
f 1748 1789 1746
f 1746 1789 1790
f 1746 1790 1745
f 1745 1790 1791
f 1745 1791 1743
f 1743 1791 1792
f 1743 1792 1741
f 1741 1792 1793
f 1741 1793 1739
f 1739 1793 1794
f 1739 1794 1737
f 1737 1794 1795
f 1737 1795 1735
f 1735 1795 1796
f 1735 1796 1733
f 1733 1796 1797
f 1733 1797 1731
f 1731 1797 1798
f 1731 1798 1729
f 1729 1798 1799
f 1729 1799 1727
f 1727 1799 1800
f 1727 1800 1725
f 1725 1800 1801
f 1725 1801 1723
f 1723 1801 1802
f 1723 1802 1710
f 1711 1710 1803
f 1803 1710 1802
f 1804 1805 1806
f 1806 1805 1807
f 1808 1804 1809
f 1809 1804 1806
f 1810 1808 1811
f 1811 1808 1809
f 1812 1810 1813
f 1813 1810 1811
f 1814 1812 1815
f 1815 1812 1813
f 1816 1817 1818
f 1818 1817 1819
f 1805 1816 1807
f 1807 1816 1818
f 1820 1821 1822
f 1820 1822 1823
f 1823 1822 1824
f 1823 1824 1825
f 1826 1827 1828
f 1828 1827 1829
f 1823 1825 1830
f 1830 1825 1831
f 1830 1831 1832
f 1832 1831 1833
f 1832 1833 1834
f 1834 1833 1835
f 1834 1835 1836
f 1836 1835 1837
f 1836 1837 1838
f 1838 1837 1839
f 1838 1839 1840
f 1840 1839 1841
f 1840 1841 1842
f 1842 1841 1843
f 1842 1843 1844
f 1844 1843 1845
f 1844 1845 1846
f 1846 1845 1847
f 1846 1847 1848
f 1848 1847 1849
f 1848 1849 1850
f 1850 1849 1851
f 1850 1851 1852
f 1852 1851 1853
f 1852 1853 1854
f 1854 1853 1855
f 1854 1855 1856
f 1856 1855 1857
f 1856 1857 1858
f 1858 1857 1827
f 1858 1827 1859
f 1859 1827 1826
f 1859 1826 1860
f 1860 1826 1820
f 1860 1820 1861
f 1861 1820 1823
f 1861 1823 1830
f 1862 1830 1832
f 1842 1863 1864
f 1842 1864 1840
f 1840 1864 1865
f 1840 1865 1838
f 1838 1865 1866
f 1838 1866 1836
f 1836 1866 1867
f 1836 1867 1834
f 1834 1867 1868
f 1834 1868 1832
f 1832 1868 1869
f 1832 1869 1862
f 1830 1862 1870
f 1830 1870 1861
f 1861 1870 1871
f 1861 1871 1860
f 1859 1860 1872
f 1872 1860 1871
f 1858 1859 1873
f 1873 1859 1872
f 1874 1875 1876
f 1876 1875 1877
f 1875 1878 1877
f 1877 1878 1879
f 1880 1881 1882
f 1882 1881 1883
f 1884 1880 1885
f 1885 1880 1882
f 1886 1884 1887
f 1887 1884 1885
f 1888 1889 1890
f 1890 1889 1891
f 1892 1888 1893
f 1893 1888 1890
f 1894 1895 1896
f 1896 1895 1897
f 1896 1897 1898
f 1898 1897 1899
f 1897 1895 1900
f 1900 1895 1901
f 1902 1896 1903
f 1903 1896 1898
f 1904 1905 1906
f 1906 1905 1907
f 1908 1909 1910
f 1910 1909 1905
f 1910 1905 1911
f 1911 1905 1904
f 1912 1913 1910
f 1910 1913 1908
f 1914 1907 1909
f 1909 1907 1905
f 1915 1916 1917
f 1917 1916 1918
f 1917 1918 1919
f 1919 1918 1920
f 1921 1922 1915
f 1915 1922 1916
f 1923 1924 1925
f 1925 1924 1926
f 1927 1928 1929
f 1929 1928 1930
f 1929 1930 1931
f 1932 1933 1934
f 1934 1933 1935
f 1934 1935 1936
f 1937 1938 1930
f 1930 1938 1933
f 1930 1933 1931
f 1931 1933 1932
f 1939 1940 1937
f 1937 1940 1938
f 1940 1935 1938
f 1938 1935 1933
f 1941 1942 1943
f 1943 1942 1944
f 1943 1944 1945
f 1945 1944 1946
f 1947 1948 1949
f 1949 1948 1950
f 1949 1950 1951
f 1951 1950 1952
f 1944 1949 1946
f 1946 1949 1951
f 1953 1954 1955
f 1955 1954 1956
f 1955 1956 1957
f 1957 1956 1958
f 1953 1955 1959
f 1959 1955 1960
f 1961 1962 1963
f 1964 1961 1965
f 1965 1961 1966
f 1964 1967 1961
f 1961 1967 1968
f 1961 1968 1962
f 1969 1970 1971
f 1972 1973 1963
f 1963 1973 1974
f 1966 1975 1965
f 1965 1975 1969
f 1965 1969 1976
f 1976 1969 1971
f 1977 1978 1963
f 1963 1978 1979
f 1963 1979 1972
f 1974 1980 1963
f 1963 1980 1981
f 1963 1981 1961
f 1982 1983 1984
f 1984 1983 1985
f 1984 1985 1969
f 1969 1985 1986
f 1969 1986 1970
f 1987 1988 1989
f 1989 1988 1990
f 1991 1992 1993
f 1994 1995 1996
f 1997 1998 1999
f 1999 1998 2000
f 1993 1992 2001
f 1988 1987 2002
f 2002 1987 2003
f 2002 2003 2004
f 2004 2003 2005
f 2004 2005 1996
f 1996 2005 2006
f 1996 2006 1994
f 1992 2007 2001
f 2001 2007 2008
f 2001 2008 2009
f 2009 2008 2010
f 2009 2010 2011
f 2011 2010 2012
f 2000 2013 1999
f 1999 2013 2014
f 1999 2014 2015
f 2015 2014 2016
f 2015 2016 2017
f 2018 2019 2003
f 2003 2019 2020
f 2003 2020 2005
f 2005 2020 2021
f 2005 2021 2022
f 2023 2024 2025
f 2025 2024 2026
f 2025 2026 2027
f 2027 2026 2028
f 2027 2028 2029
f 2029 2028 2030
f 2012 2031 2011
f 2011 2031 2032
f 2011 2032 2033
f 2033 2032 2034
f 2033 2034 2035
f 2035 2034 2036
f 2035 2036 2037
f 1993 2038 1991
f 1991 2038 2039
f 1991 2039 2040
f 2040 2039 2041
f 2040 2041 2042
f 2042 2041 2043
f 2042 2043 2044
f 2028 2045 2030
f 2030 2045 2046
f 2030 2046 2047
f 2047 2046 2048
f 2047 2048 2049
f 2049 2048 2050
f 2048 2051 2050
f 2050 2051 2052
f 2050 2052 2053
f 2053 2052 2054
f 2053 2054 2055
f 2055 2054 2056
f 2055 2056 2057
f 2022 2058 2005
f 2005 2058 2059
f 2005 2059 2060
f 2060 2059 2061
f 2060 2061 2062
f 2062 2061 2063
f 2062 2063 2064
f 2065 2066 2067
f 2067 2066 2068
f 2067 2068 2025
f 2025 2068 2069
f 2025 2069 2023
f 2037 2036 2070
f 2070 2036 2071
f 2070 2071 2072
f 2072 2071 2073
f 2072 2073 2074
f 2074 2073 2075
f 2074 2075 2076
f 2076 2075 2077
f 2076 2077 2065
f 2065 2077 2078
f 2065 2078 2066
f 2016 2079 2017
f 2017 2079 2080
f 2017 2080 2081
f 2081 2080 2082
f 2081 2082 2083
f 2083 2082 2084
f 2083 2084 2085
f 2085 2084 2086
f 2085 2086 2087
f 2087 2086 2088
f 2087 2088 2089
f 2089 2088 2044
f 2089 2044 2090
f 2090 2044 2043
f 2016 2091 2079
f 2079 2091 2092
f 2079 2092 2093
f 2093 2092 2094
f 2093 2094 2095
f 2095 2094 2096
f 2095 2096 2097
f 2097 2096 2098
f 2097 2098 2099
f 2099 2098 2100
f 2099 2100 2101
f 2101 2100 2102
f 2101 2102 2103
f 2103 2102 2104
f 2103 2104 2105
f 2105 2104 2106
f 2105 2106 2107
f 2107 2106 2108
f 2107 2108 2003
f 2003 2108 2109
f 2003 2109 2018
f 1997 1999 2063
f 2063 1999 2110
f 2063 2110 2111
f 2111 2112 2063
f 2063 2112 2113
f 2063 2113 2064
f 2114 2115 2116
f 2116 2115 2117
f 2114 2116 2118
f 2118 2116 2119
f 2118 2119 2120
f 2120 2119 2121
f 2120 2121 2122
f 2056 2123 2057
f 2057 2123 2124
f 2057 2124 2125
f 2125 2124 2126
f 2125 2126 2127
f 2127 2126 2128
f 2127 2128 2129
f 2129 2128 2130
f 2129 2130 2131
f 2131 2130 2132
f 2131 2132 2133
f 2133 2132 2134
f 2133 2134 2135
f 2135 2134 2116
f 2135 2116 2136
f 2136 2116 2117
f 2122 2137 2120
f 2120 2137 2138
f 2120 2138 2139
f 2140 2141 2142
f 2142 2141 2143
f 2144 2145 2146
f 2146 2145 2141
f 2147 2148 2144
f 2144 2148 2149
f 2144 2149 2145
f 2145 2149 2150
f 2147 2151 2148
f 2148 2151 2152
f 2148 2152 2153
f 2153 2152 2154
f 2153 2154 2155
f 2155 2156 2153
f 2153 2156 2146
f 2153 2146 2157
f 2157 2146 2141
f 2157 2141 2140
f 2158 2159 2160
f 2160 2159 2161
f 2160 2161 2162
f 2162 2163 2160
f 2160 2163 2164
f 2160 2164 2165
f 2165 2166 2160
f 2160 2166 2167
f 2160 2167 2168
f 2168 2169 2160
f 2160 2169 2170
f 2160 2170 2171
f 2171 2172 2160
f 2160 2172 2173
f 2160 2173 2174
f 2174 2173 2175
f 2176 2177 2178
f 2178 2177 2179
f 2178 2179 2180
f 2181 2182 2183
f 2183 2182 2184
f 2185 2186 2187
f 2187 2186 2188
f 2189 2190 2191
f 2189 2191 2192
f 2192 2191 2193
f 2192 2193 2194
f 2194 2193 2195
f 2194 2195 2196
f 2196 2195 2197
f 2196 2197 2198
f 2198 2197 2199
f 2198 2199 2200
f 2201 2202 2203
f 2203 2202 2204
f 2205 2206 2207
f 2207 2206 2208
f 2209 2210 2211
f 2211 2210 2212
f 2213 2214 2215
f 2213 2215 2216
f 2216 2215 2217
f 2216 2217 2218
f 2218 2217 2219
f 2218 2219 2220
f 2220 2219 2221
f 2220 2221 2222
f 2223 2224 2225
f 2225 2224 2226
f 2227 2228 2229
f 2230 2231 2232
f 2233 2227 2232
f 2232 2227 2234
f 2235 2231 2236
f 2236 2231 2237
f 2238 2239 2240
f 2238 2240 2241
f 2241 2240 2242
f 2241 2242 2243
f 2243 2242 2244
f 2243 2244 2245
f 2245 2244 2246
f 2245 2246 2247
f 2247 2246 2248
f 2247 2248 2249
f 2249 2248 2250
f 2249 2250 2251
f 2251 2250 2252
f 2251 2252 2253
f 2253 2252 2254
f 2253 2254 2255
f 2255 2254 2256
f 2255 2256 2257
f 2257 2256 2258
f 2257 2258 2259
f 2259 2258 2260
f 2259 2260 2261
f 2261 2260 2262
f 2261 2262 2263
f 2264 2265 2266
f 2266 2265 2267
f 2266 2267 2268
f 2268 2267 2269
f 2268 2269 2270
f 2270 2269 2271
f 2270 2271 2272
f 2272 2271 2273
f 2272 2273 2274
f 2274 2273 2275
f 2274 2275 2276
f 2276 2275 2277
f 2276 2277 2278
f 2278 2277 2279
f 2278 2279 2280
f 2280 2279 2281
f 2280 2281 2282
f 2282 2281 2283
f 2282 2283 2284
f 2284 2283 2285
f 2284 2285 2286
f 2286 2285 2287
f 2286 2287 2288
f 2288 2287 2289
f 2290 2291 2292
f 2292 2291 2293
f 2294 2295 2296
f 2296 2295 2297
f 2298 2299 2300
f 2300 2299 2301
f 2300 2301 2297
f 2297 2301 2302
f 2297 2302 2296
f 2303 2304 2305
f 2305 2306 2303
f 2303 2306 2307
f 2303 2307 2308
f 2308 2307 2309
f 2308 2309 2298
f 2298 2309 2310
f 2298 2310 2299
f 2311 2312 2313
f 2313 2314 2311
f 2311 2314 2315
f 2311 2315 2303
f 2303 2315 2316
f 2303 2316 2304
f 2291 2317 2293
f 2293 2317 2318
f 2293 2318 2319
f 2319 2318 2320
f 2319 2320 2312
f 2312 2320 2321
f 2312 2321 2313
f 2322 2323 2324
f 2324 2323 2325
f 2324 2325 2326
f 2327 2328 2329
f 2329 2328 2330
f 2331 2332 2333
f 2331 2333 2334
f 2334 2333 2335
f 2334 2335 2336
f 2337 2338 2339
f 2337 2339 2340
f 2340 2339 2341
f 2340 2341 2342
f 2343 2344 2345
f 2345 2344 2346
f 2347 2348 2349
f 2349 2348 2350
f 2349 2350 2351
f 2352 2353 2354
f 2352 2354 2355
f 2355 2354 2356
f 2355 2356 2357
f 2357 2356 2358
f 2357 2358 2359
f 2360 2361 2362
f 2360 2362 2363
f 2361 2364 2362
f 2362 2364 2365
f 2362 2365 2366
f 2367 2368 2362
f 2363 2362 2369
f 2369 2362 2370
f 2369 2370 2371
f 2372 2373 2374
f 2374 2373 2375
f 2368 2376 2362
f 2362 2376 2377
f 2362 2377 2378
f 2378 2377 2379
f 2380 2381 2382
f 2382 2381 2383
f 2382 2383 2384
f 2384 2383 2385
f 2384 2385 2386
f 2385 2387 2386
f 2386 2387 2388
f 2386 2388 2389
f 2389 2388 2373
f 2389 2373 2390
f 2390 2373 2372
f 2370 2391 2371
f 2371 2391 2392
f 2371 2392 2393
f 2394 2395 2396
f 2396 2395 2397
f 2396 2397 2398
f 2398 2397 2399
f 2398 2399 2400
f 2400 2399 2401
f 2400 2401 2402
f 2402 2401 2403
f 2402 2403 2404
f 2404 2403 2405
f 2404 2405 2406
f 2406 2405 2407
f 2406 2407 2366
f 2366 2407 2408
f 2366 2408 2362
f 2362 2408 2409
f 2362 2409 2367
f 2410 2411 2379
f 2379 2411 2412
f 2379 2412 2378
f 2394 2413 2395
f 2395 2413 2414
f 2395 2414 2415
f 2415 2414 2416
f 2415 2416 2417
f 2418 2419 2420
f 2420 2419 2421
f 2420 2421 2375
f 2375 2421 2422
f 2375 2422 2374
f 2392 2423 2393
f 2393 2423 2424
f 2393 2424 2418
f 2418 2424 2425
f 2418 2425 2419
f 2416 2426 2417
f 2417 2426 2427
f 2417 2427 2410
f 2410 2427 2428
f 2410 2428 2411
f 2429 2430 2431
f 2431 2430 2432
f 2433 2434 2435
f 2435 2434 2436
f 2437 2438 2439
f 2440 2441 2442
f 2443 2444 2445
f 2445 2444 2446
f 2445 2446 2442
f 2442 2446 2447
f 2442 2447 2440
f 2448 2449 2450
f 2450 2449 2451
f 2450 2451 2439
f 2439 2451 2452
f 2439 2452 2437
f 2438 2453 2439
f 2439 2453 2454
f 2439 2454 2455
f 2455 2454 2456
f 2455 2456 2457
f 2457 2458 2455
f 2455 2458 2459
f 2455 2459 2445
f 2445 2459 2460
f 2445 2460 2443
f 2441 2461 2442
f 2442 2461 2462
f 2442 2462 2463
f 2463 2462 2464
f 2463 2464 2465
f 2465 2466 2463
f 2463 2466 2467
f 2463 2467 2450
f 2450 2467 2468
f 2450 2468 2448
f 2469 2470 2471
f 2471 2470 2472
f 2473 2474 2475
f 2475 2474 2476
f 2477 2478 2479
f 2479 2478 2480
f 2479 2480 2481
f 2481 2480 2482
f 2481 2482 2483
f 2483 2482 2484
f 2483 2484 2485
f 2485 2484 2486
f 2485 2486 2487
f 2487 2486 2488
f 2487 2488 2489
f 2489 2488 2490
f 2489 2490 2491
f 2491 2490 2492
f 2493 2494 2495
f 2495 2494 2496
f 2497 2498 2499
f 2499 2498 2500
f 2501 2502 2503
f 2503 2502 2504
f 2505 2506 2507
f 2508 2509 2505
f 2505 2509 2510
f 2505 2511 2512
f 2506 2505 2503
f 2503 2505 2513
f 2503 2513 2501
f 2504 2514 2503
f 2503 2514 2515
f 2503 2515 2516
f 2510 2517 2505
f 2505 2517 2518
f 2505 2518 2511
f 2519 2520 2512
f 2512 2520 2521
f 2512 2521 2505
f 2507 2522 2505
f 2505 2522 2523
f 2505 2523 2508
f 2524 2525 2526
f 2527 2528 2526
f 2526 2528 2529
f 2529 2530 2526
f 2526 2530 2531
f 2526 2531 2524
f 2525 2532 2526
f 2526 2532 2533
f 2526 2533 2534
f 2534 2535 2526
f 2526 2535 2536
f 2526 2536 2537
f 2537 2538 2526
f 2526 2538 2539
f 2526 2539 2540
f 2540 2539 2541
f 2542 2543 2544
f 2544 2543 2545
f 2546 2547 2548
f 2548 2547 2549
f 2548 2549 2550
f 2550 2549 2551
f 2551 2549 2552
f 2552 2549 2553
f 2550 2551 2554
f 2554 2551 2552
f 2548 2550 2555
f 2555 2550 2554
f 2547 2546 2556
f 2556 2546 2557
f 2558 2559 2560
f 2560 2559 2561
f 2560 2561 2562
f 2562 2561 2563
f 2562 2563 2564
f 2564 2563 2565
f 2564 2565 2566
f 2566 2565 2567
f 2566 2567 2568
f 2569 2570 2571
f 2571 2570 2572
f 2569 2571 2573
f 2569 2573 2574
f 2574 2573 2575
f 2574 2575 2576
f 2576 2575 2577
f 2576 2577 2578
f 2578 2577 2579
f 2578 2579 2580
f 2581 2582 2583
f 2581 2583 2584
f 2584 2583 2585
f 2584 2585 2586
f 2586 2585 2587
f 2586 2587 2588
f 2588 2587 2589
f 2588 2589 2590
f 2590 2589 2591
f 2590 2591 2592
f 2592 2591 2593
f 2592 2593 2594
f 2594 2593 2595
f 2594 2595 2596
f 2597 2598 2599
f 2599 2598 2600
f 2601 2602 2603
f 2603 2604 2601
f 2601 2604 2605
f 2601 2605 2606
f 2607 2608 2609
f 2609 2608 2606
f 2609 2606 2610
f 2610 2606 2605
f 2610 2605 2611
f 2611 2605 2612
f 2602 2601 2613
f 2613 2601 2614
f 2604 2603 2615
f 2615 2603 2616
f 2605 2604 2617
f 2617 2604 2615
f 2611 2612 2618
f 2618 2612 2619
f 2610 2611 2620
f 2620 2611 2618
f 2621 2622 2623
f 2621 2623 2624
f 2624 2623 2625
f 2624 2625 2626
f 2627 2628 2629
f 2627 2629 2630
f 2630 2629 2631
f 2630 2631 2632
f 2632 2631 2633
f 2632 2633 2634
f 2634 2633 2635
f 2634 2635 2636
f 2636 2635 2637
f 2636 2637 2638
f 2638 2637 2622
f 2638 2622 2621
f 2639 2640 2641
f 2641 2640 2642
f 2641 2642 2643
f 2643 2642 2644
f 2643 2644 2645
f 2645 2644 2646
f 2645 2646 2647
f 2647 2646 2648
f 2647 2648 2649
f 2649 2648 2650
f 2649 2650 2651
f 2651 2650 2627
f 2651 2627 2652
f 2652 2627 2630
f 2652 2630 2653
f 2653 2630 2632
f 2653 2632 2654
f 2654 2632 2634
f 2654 2634 2655
f 2655 2634 2636
f 2655 2636 2656
f 2656 2636 2638
f 2656 2638 2657
f 2657 2638 2621
f 2657 2621 2658
f 2658 2621 2624
f 2658 2624 2659
f 2659 2624 2626
f 2659 2626 2660
f 2660 2626 2661
f 2660 2661 2662
f 2662 2661 2663
f 2662 2663 2664
f 2664 2663 2665
f 2664 2665 2666
f 2666 2665 2639
f 2666 2639 2641
f 2659 2667 2668
f 2659 2668 2658
f 2658 2668 2669
f 2658 2669 2657
f 2657 2669 2670
f 2657 2670 2656
f 2656 2670 2671
f 2656 2671 2655
f 2655 2671 2672
f 2655 2672 2654
f 2654 2672 2673
f 2654 2673 2653
f 2653 2673 2674
f 2653 2674 2652
f 2652 2674 2675
f 2652 2675 2651
f 2651 2675 2676
f 2651 2676 2649
f 2649 2676 2677
f 2649 2677 2647
f 2647 2677 2678
f 2647 2678 2645
f 2645 2678 2679
f 2645 2679 2643
f 2643 2679 2680
f 2643 2680 2641
f 2662 2664 2681
f 2681 2664 2682
f 2660 2662 2683
f 2683 2662 2681
f 2659 2660 2667
f 2667 2660 2683
f 2684 2685 2686
f 2686 2685 2687
f 2685 2688 2687
f 2687 2688 2689
f 2690 2691 2692
f 2692 2691 2693
f 2692 2693 2694
f 2694 2693 2695
f 2696 2697 2698
f 2698 2697 2699
f 2698 2699 2700
f 2700 2699 2701
f 2702 2703 2704
f 2704 2703 2705
f 2704 2705 2706
f 2706 2705 2707
f 2706 2707 2708
f 2708 2707 2709
f 2710 2711 2712
f 2710 2712 2713
f 2713 2712 2714
f 2713 2714 2715
f 2715 2714 2716
f 2715 2716 2717
f 2717 2716 2718
f 2717 2718 2719
f 2720 2721 2722
f 2722 2721 2723
f 2724 2722 2723
f 2725 2720 2726
f 2726 2720 2727
f 2726 2727 2728
f 2725 2729 2720
f 2720 2729 2730
f 2720 2730 2731
f 2731 2732 2720
f 2720 2732 2733
f 2720 2733 2734
f 2734 2735 2720
f 2720 2735 2736
f 2720 2736 2737
f 2724 2723 2738
f 2738 2723 2739
f 2740 2728 2727
f 2741 2738 2739
f 2742 2743 2744
f 2740 2727 2742
f 2742 2727 2743
f 2745 2746 2747
f 2747 2746 2748
f 2748 2749 2747
f 2747 2749 2750
f 2747 2750 2751
f 2751 2750 2752
f 2752 2753 2751
f 2751 2753 2754
f 2751 2754 2755
f 2755 2756 2751
f 2751 2756 2757
f 2751 2757 2758
f 2738 2741 2759
f 2759 2741 2760
f 2742 2744 2761
f 2761 2744 2759
f 2760 2761 2759
f 2751 2760 2747
f 2747 2760 2741
f 2721 2762 2723
f 2723 2762 2739
f 2744 2724 2759
f 2759 2724 2738
f 2763 2764 2765
f 2765 2764 2766
f 2765 2766 2767
f 2767 2766 2768
f 2767 2768 2769
f 2769 2768 2770
f 2771 2772 2773
f 2774 2775 2773
f 2773 2775 2776
f 2776 2777 2773
f 2773 2777 2778
f 2773 2778 2771
f 2772 2779 2773
f 2773 2779 2780
f 2773 2780 2781
f 2781 2782 2773
f 2773 2782 2783
f 2773 2783 2784
f 2784 2785 2773
f 2773 2785 2786
f 2773 2786 2787
f 2787 2786 2788
f 2789 2790 2791
f 2790 2792 2793
f 2793 2794 2790
f 2790 2794 2795
f 2790 2795 2791
f 2789 2791 2796
f 2796 2791 2797
f 2796 2797 2798
f 2799 2800 2801
f 2799 2801 2802
f 2803 2801 2804
f 2804 2801 2805
f 2797 2806 2798
f 2798 2806 2807
f 2798 2807 2808
f 2808 2807 2809
f 2808 2809 2801
f 2801 2809 2810
f 2801 2810 2802
f 2800 2811 2801
f 2801 2811 2812
f 2801 2812 2805
f 2813 2814 2815
f 2815 2814 2816
f 2815 2816 2817
f 2817 2816 2818
f 2817 2818 2819
f 2819 2818 2820
f 2821 2822 2823
f 2824 2825 2823
f 2823 2825 2826
f 2826 2827 2823
f 2823 2827 2828
f 2823 2828 2821
f 2822 2829 2823
f 2823 2829 2830
f 2823 2830 2831
f 2831 2832 2823
f 2823 2832 2833
f 2823 2833 2834
f 2834 2835 2823
f 2823 2835 2836
f 2823 2836 2837
f 2837 2836 2838
f 2839 2840 2841
f 2841 2840 2842
f 2843 2844 2845
f 2845 2844 2846
f 2847 2843 2848
f 2848 2843 2845
f 2849 2847 2850
f 2850 2847 2848
f 2851 2852 2853
f 2854 2855 2853
f 2853 2855 2856
f 2853 2856 2851
f 2854 2857 2855
f 2855 2857 2858
f 2855 2858 2859
f 2859 2858 2860
f 2859 2860 2861
f 2861 2860 2862
f 2861 2862 2863
f 2864 2863 2865
f 2865 2863 2862
f 2866 2867 2868
f 2868 2867 2869
f 2870 2866 2871
f 2871 2866 2868
f 2872 2873 2874
f 2874 2873 2875
f 2876 2877 2878
f 2876 2878 2879
f 2879 2878 2880
f 2879 2880 2881
f 2881 2880 2882
f 2881 2882 2883
f 2883 2882 2884
f 2883 2884 2885
f 2885 2884 2886
f 2885 2886 2887
f 2887 2886 2888
f 2887 2888 2889
f 2890 2891 2892
f 2890 2892 2893
f 2893 2892 2894
f 2893 2894 2895
f 2890 2896 2891
f 2891 2896 2897
f 2898 2899 2900
f 2901 2902 2903
f 2901 2903 2904
f 2904 2903 2905
f 2904 2905 2906
f 2906 2905 2907
f 2906 2907 2908
f 2908 2907 2909
f 2908 2909 2910
f 2910 2909 2911
f 2910 2911 2900
f 2900 2911 2912
f 2900 2912 2898
f 2913 2914 2915
f 2915 2914 2916
f 2917 2918 2919
f 2919 2918 2920
f 2921 2922 2923
f 2923 2922 2924
f 2925 2926 2927
f 2927 2926 2928
f 2929 2930 2931
f 2931 2930 2932
f 2933 2934 2935
f 2935 2934 2936
f 2937 2938 2939
f 2939 2938 2940
f 2941 2942 2943
f 2943 2942 2944
f 2945 2946 2947
f 2947 2946 2948
f 2949 2950 2948
f 2948 2950 2951
f 2948 2951 2947
f 2947 2951 2952
f 2945 2953 2946
f 2946 2953 2954
f 2946 2954 2955
f 2955 2954 2956
f 2951 2950 2954
f 2954 2950 2956
f 2949 2948 2955
f 2955 2948 2946
f 2957 2958 2959
f 2959 2958 2960
f 2959 2960 2961
f 2961 2960 2962
f 2960 2963 2962
f 2962 2963 2964
f 2965 2966 2967
f 2967 2966 2968
f 2969 2970 2968
f 2968 2970 2971
f 2968 2971 2967
f 2967 2971 2972
f 2973 2974 2975
f 2975 2974 2976
f 2975 2976 2977
f 2977 2976 2978
f 2975 2977 2979
f 2979 2977 2980
f 2981 2976 2982
f 2982 2976 2974
f 2983 2984 2985
f 2985 2984 2986
f 2984 2987 2986
f 2986 2987 2988
f 2989 2990 2991
f 2991 2990 2992
f 2991 2992 2993
f 2993 2992 2994
f 2995 2996 2991
f 2991 2996 2989
f 2992 2997 2994
f 2994 2997 2998
f 2999 3000 3001
f 3001 3000 3002
f 3001 3002 3003
f 3003 3002 3004
f 3005 3006 3007
f 3007 3006 3008
f 3007 3008 3009
f 3009 3008 3010
f 3009 3010 3011
f 3011 3010 3012
f 3011 3012 3013
f 3013 3012 3014
f 3013 3014 3015
f 3015 3014 3016
f 3015 3016 3017
f 3017 3016 3018
f 3017 3018 3019
f 3019 3018 3020
f 3019 3020 3021
f 3021 3020 3022
f 3021 3022 3023
f 3023 3022 3024
f 3023 3024 3025
f 3025 3024 3026
f 3025 3026 3027
f 3027 3026 3028
f 3027 3028 3029
f 3029 3028 3030
f 3029 3030 3031
f 3031 3030 3032
f 3031 3032 3033
f 3033 3032 3034
f 3033 3034 3035
f 3035 3034 3036
f 3037 3038 3039
f 3039 3038 3040
f 3039 3040 3041
f 3041 3040 3042
f 3041 3042 3043
f 3043 3042 3044
f 3043 3044 3045
f 3045 3044 3046
f 3045 3046 3047
f 3047 3046 3048
f 3047 3048 3049
f 3049 3048 3050
f 3049 3050 3051
f 3051 3050 3052
f 3051 3052 3053
f 3053 3052 3054
f 3053 3054 3055
f 3055 3054 3056
f 3055 3056 3057
f 3057 3056 3058
f 3057 3058 3059
f 3059 3058 3060
f 3059 3060 3061
f 3061 3060 3062
f 3063 3064 3065
f 3065 3064 3066
f 3065 3066 3067
f 3067 3066 3068
f 3067 3068 3069
f 3069 3068 3070
f 3071 3072 3073
f 3073 3072 3074
f 3073 3074 3075
f 3075 3074 3076
f 3075 3076 3077
f 3077 3076 3078
f 3077 3078 3079
f 3079 3078 3080
f 3079 3080 3081
f 3081 3080 3082
f 3081 3082 3083
f 3083 3082 3084
f 3083 3084 3085
f 3085 3084 3086
f 3085 3086 3087
f 3087 3086 3088
f 3087 3088 3089
f 3089 3088 3090
f 3089 3090 3091
f 3091 3090 3092
f 3091 3092 3093
f 3093 3092 3094
f 3093 3094 3095
f 3095 3094 3096
f 3095 3096 3097
f 3097 3096 3098
f 3097 3098 3099
f 3099 3098 3100
f 3099 3100 3101
f 3101 3100 3102
f 3103 3104 3105
f 3105 3104 3106
f 3105 3106 3107
f 3107 3106 3108
f 3107 3108 3109
f 3109 3108 3110
f 3109 3110 3111
f 3111 3110 3112
f 3111 3112 3113
f 3113 3112 3114
f 3113 3114 3115
f 3115 3114 3116
f 3115 3116 3117
f 3117 3116 3118
f 3117 3118 3119
f 3119 3118 3120
f 3119 3120 3121
f 3121 3120 3122
f 3121 3122 3123
f 3123 3122 3124
f 3123 3124 3125
f 3125 3124 3126
f 3125 3126 3127
f 3127 3126 3128
f 3127 3128 3129
f 3129 3128 3130
f 3131 3132 3133
f 3133 3132 3134
f 3133 3134 3135
f 3135 3134 3136
f 3135 3136 3137
f 3137 3136 3138
f 3137 3138 3139
f 3139 3138 3140
f 3139 3140 3141
f 3141 3140 3142
f 3141 3142 3143
f 3143 3142 3144
f 3143 3144 3145
f 3145 3144 3146
f 3145 3146 3147
f 3147 3146 3148
f 3147 3148 3149
f 3149 3148 3150
f 3149 3150 3151
f 3151 3150 3152
f 3151 3152 3153
f 3153 3152 3154
f 3153 3154 3155
f 3155 3154 3156
f 3157 3158 3159
f 3159 3158 3160
f 3159 3160 3161
f 3161 3160 3162
f 3161 3162 3163
f 3163 3162 3164
f 3163 3164 3165
f 3165 3164 3166
f 3165 3166 3167
f 3167 3166 3168
f 3167 3168 3169
f 3169 3168 3170
f 3169 3170 3171
f 3171 3170 3172
f 3171 3172 3173
f 3173 3172 3174
f 3173 3174 3175
f 3175 3174 3176
f 3175 3176 3177
f 3177 3176 3178
f 3177 3178 3179
f 3179 3178 3180
f 3179 3180 3181
f 3181 3180 3182
f 3181 3182 3183
f 3183 3182 3184
f 3185 3186 3187
f 3187 3186 3188
f 3189 3190 3191
f 3191 3190 3192
f 3191 3192 3193
f 3193 3192 3194
f 3195 3196 3197
f 3195 3197 3198
f 3199 3200 3201
f 3201 3200 3202
f 3201 3202 3197
f 3197 3202 3203
f 3197 3203 3198
f 3196 3204 3197
f 3197 3204 3205
f 3197 3205 3206
f 3207 3206 3208
f 3207 3209 3206
f 3206 3209 3210
f 3206 3210 3197
f 3211 3212 3208
f 3208 3212 3213
f 3208 3213 3207
f 3214 3215 3216
f 3216 3215 3217
f 3216 3217 3218
f 3219 3220 3221
f 3221 3220 3222
f 3222 3223 3221
f 3221 3223 3224
f 3221 3224 3225
f 3225 3224 3226
f 3225 3226 3227
f 3227 3226 3228
f 3227 3228 3229
f 3229 3228 3230
f 3229 3230 3231
f 3232 3233 3234
f 3234 3233 3235
f 3236 3237 3238
f 3236 3238 3239
f 3239 3238 3240
f 3239 3240 3241
f 3242 3243 3244
f 3244 3243 3245
f 3245 3246 3244
f 3244 3246 3247
f 3244 3247 3248
f 3248 3247 3249
f 3248 3249 3250
f 3250 3249 3251
f 3250 3251 3252
f 3253 3254 3255
f 3253 3255 3256
f 3256 3255 3257
f 3256 3257 3258
f 3253 3259 3254
f 3254 3259 3260
f 3261 3262 3263
f 3261 3263 3264
f 3264 3263 3265
f 3264 3265 3266
f 3266 3265 3260
f 3266 3260 3259
f 3267 3268 3269
f 3267 3269 3270
f 3270 3269 3271
f 3270 3271 3272
f 3272 3271 3273
f 3272 3273 3274
f 3275 3276 3277
f 3277 3276 3278
f 3278 3279 3277
f 3277 3279 3280
f 3277 3280 3281
f 3281 3280 3282
f 3281 3282 3283
f 3284 3285 3286
f 3285 3287 3288
f 3288 3289 3285
f 3285 3289 3290
f 3285 3290 3286
f 3284 3286 3291
f 3291 3286 3292
f 3291 3292 3293
f 3294 3295 3296
f 3294 3296 3297
f 3298 3296 3299
f 3299 3296 3300
f 3292 3301 3293
f 3293 3301 3302
f 3293 3302 3303
f 3303 3302 3304
f 3303 3304 3296
f 3296 3304 3305
f 3296 3305 3297
f 3295 3306 3296
f 3296 3306 3307
f 3296 3307 3300
f 3308 3309 3285
f 3285 3309 3287
f 3310 3295 3294
f 3310 3294 3311
f 3311 3294 3297
f 3311 3297 3312
f 3312 3297 3305
f 3312 3305 3313
f 3313 3305 3304
f 3313 3304 3314
f 3315 3316 3317
f 3315 3317 3318
f 3318 3317 3319
f 3318 3319 3320
f 3320 3319 3321
f 3320 3321 3322
f 3322 3321 3323
f 3322 3323 3324
f 3324 3323 3325
f 3324 3325 3326
f 3326 3325 3327
f 3326 3327 3328
f 3328 3327 3329
f 3328 3329 3330
f 3331 3332 3333
f 3331 3333 3334
f 3334 3333 3335
f 3334 3335 3336
f 3336 3335 3337
f 3336 3337 3338
f 3338 3337 3339
f 3338 3339 3340
f 3340 3339 3341
f 3340 3341 3342
f 3342 3341 3343
f 3342 3343 3344
f 3345 3346 3347
f 3347 3346 3348
f 3349 3350 3351
f 3351 3350 3352
f 3353 3354 3355
f 3353 3355 3356
f 3356 3355 3357
f 3356 3357 3358
f 3358 3357 3359
f 3358 3359 3360
f 3360 3359 3361
f 3360 3361 3362
f 3363 3364 3365
f 3366 3367 3368
f 3366 3368 3369
f 3369 3368 3370
f 3369 3370 3365
f 3365 3370 3371
f 3365 3371 3363
f 3366 3372 3367
f 3367 3372 3373
f 3374 3375 3376
f 3376 3375 3377
f 3378 3379 3380
f 3378 3380 3381
f 3381 3380 3382
f 3381 3382 3383
f 3383 3382 3384
f 3383 3384 3385
f 3385 3384 3386
f 3385 3386 3387
f 3390 3391 3392
f 3390 3392 3393
f 3393 3392 3394
f 3393 3394 3389
f 3389 3394 3388
f 3395 3396 3397
f 3395 3397 3398
f 3398 3397 3399
f 3398 3399 3400
f 3400 3399 3401
f 3400 3401 3402
f 3402 3401 3403
f 3402 3403 3404
f 3405 3406 3407
f 3407 3406 3408
f 3407 3408 3409
f 3409 3408 3410
f 3408 3406 3411
f 3411 3406 3412
f 3413 3414 3415
f 3413 3415 3416
f 3416 3415 3417
f 3416 3417 3418
f 3418 3417 3419
f 3418 3419 3420
f 3420 3419 3421
f 3420 3421 3422
f 3422 3421 3423
f 3422 3423 3424
f 3424 3423 3425
f 3424 3425 3426
f 3426 3425 3427
f 3426 3427 3428
f 3429 3430 3431
f 3431 3430 3432
f 3433 3434 3435
f 3435 3434 3436
f 3437 3438 3439
f 3439 3438 3440
f 3441 3442 3443
f 3443 3442 3444
f 3445 3446 3447
f 3447 3446 3448
f 3449 3450 3451
f 3449 3451 3452
f 3452 3451 3453
f 3452 3453 3454
f 3454 3453 3455
f 3454 3455 3456
f 3456 3455 3457
f 3456 3457 3458
f 3458 3457 3459
f 3458 3459 3460
f 3460 3459 3461
f 3460 3461 3462
f 3462 3461 3463
f 3462 3463 3464
f 3464 3463 3465
f 3464 3465 3466
f 3467 3468 3469
f 3469 3468 3470
f 3471 3472 3473
f 3473 3472 3474
f 3475 3476 3477
f 3477 3476 3478
f 3478 3479 3477
f 3477 3479 3480
f 3477 3480 3481
f 3482 3483 3484
f 3484 3483 3485
f 3484 3485 3486
f 3487 3488 3489
f 3481 3490 3477
f 3477 3490 3491
f 3477 3491 3492
f 3492 3493 3477
f 3477 3493 3494
f 3477 3494 3495
f 3475 3477 3484
f 3484 3477 3496
f 3484 3496 3482
f 3486 3497 3484
f 3484 3497 3487
f 3484 3487 3498
f 3498 3487 3489
f 3475 3499 3476
f 3476 3499 3500
f 3476 3500 3478
f 3478 3500 3501
f 3478 3501 3479
f 3479 3501 3502
f 3479 3502 3480
f 3480 3502 3503
f 3480 3503 3481
f 3481 3503 3504
f 3481 3504 3490
f 3490 3504 3505
f 3490 3505 3491
f 3491 3505 3506
f 3491 3506 3492
f 3492 3506 3507
f 3492 3507 3493
f 3493 3507 3508
f 3493 3508 3494
f 3494 3508 3509
f 3494 3509 3495
f 3495 3509 3510
f 3495 3510 3477
f 3477 3510 3511
f 3512 3513 3514
f 3514 3513 3515
f 3516 3517 3518
f 3519 3520 3518
f 3518 3520 3521
f 3518 3521 3516
f 3522 3523 3524
f 3524 3523 3525
f 3526 3527 3528
f 3528 3527 3529
f 3530 3531 3532
f 3532 3531 3528
f 3532 3528 3533
f 3533 3528 3529
f 3534 3535 3536
f 3536 3537 3538
f 3538 3537 3539
f 3538 3539 3540
f 3540 3541 3538
f 3538 3541 3542
f 3538 3542 3543
f 3544 3545 3546
f 3534 3536 3547
f 3547 3536 3538
f 3547 3538 3546
f 3546 3538 3548
f 3546 3548 3544
f 3545 3544 3549
f 3549 3544 3550
f 3549 3550 3551
f 3551 3550 3552
f 3551 3552 3553
f 3553 3552 3554
f 3553 3554 3555
f 3554 3556 3555
f 3555 3556 3557
f 3555 3557 3558
f 3558 3557 3559
f 3558 3559 3560
f 3560 3559 3561
f 3561 3559 3562
f 3561 3562 3563
f 3563 3562 3564
f 3563 3564 3565
f 3553 3555 3566
f 3563 3567 3568
f 3563 3568 3561
f 3561 3568 3569
f 3561 3569 3560
f 3560 3569 3558
f 3558 3569 3570
f 3558 3570 3555
f 3555 3570 3571
f 3555 3571 3566
f 3553 3566 3551
f 3551 3566 3572
f 3551 3572 3549
f 3549 3572 3573
f 3549 3573 3545
f 3545 3573 3574
f 3545 3574 3575
f 3576 3577 3578
f 3578 3577 3579
f 3577 3580 3579
f 3579 3580 3547
f 3579 3547 3575
f 3575 3547 3546
f 3575 3546 3545
f 3580 3581 3547
f 3547 3581 3582
f 3547 3582 3534
f 3534 3582 3583
f 3534 3583 3584
f 3584 3585 3534
f 3534 3585 3586
f 3534 3586 3587
f 3587 3588 3534
f 3534 3588 3589
f 3534 3589 3535
f 3590 3591 3565
f 3543 3592 3538
f 3538 3592 3593
f 3538 3593 3594
f 3595 3596 3597
f 3597 3596 3598
f 3598 3599 3597
f 3597 3599 3600
f 3597 3600 3601
f 3601 3602 3597
f 3597 3602 3603
f 3597 3603 3604
f 3594 3595 3538
f 3538 3595 3597
f 3538 3597 3548
f 3597 3605 3548
f 3548 3605 3606
f 3548 3606 3544
f 3544 3606 3550
f 3606 3607 3550
f 3550 3607 3608
f 3550 3608 3552
f 3552 3608 3554
f 3565 3564 3590
f 3590 3564 3562
f 3590 3562 3609
f 3609 3562 3559
f 3609 3559 3610
f 3610 3559 3557
f 3610 3557 3611
f 3611 3557 3556
f 3611 3556 3612
f 3612 3556 3554
f 3612 3554 3613
f 3613 3554 3608
f 3614 3615 3616
f 3616 3615 3617
f 3616 3617 3618
f 3618 3619 3616
f 3616 3619 3620
f 3616 3620 3621
f 3621 3620 3622
f 3622 3623 3621
f 3621 3623 3624
f 3621 3624 3625
f 3624 3626 3625
f 3625 3626 3627
f 3625 3627 3628
f 3628 3627 3629
f 3628 3629 3630
f 3630 3629 3631
f 3630 3631 3632
f 3632 3631 3633
f 3632 3633 3634
f 3634 3633 3635
f 3634 3635 3636
f 3636 3635 3637
f 3636 3637 3638
f 3637 3639 3638
f 3638 3639 3640
f 3638 3640 3641
f 3641 3640 3642
f 3642 3643 3641
f 3641 3643 3644
f 3641 3644 3645
f 3645 3644 3646
f 3645 3646 3647
f 3648 3649 3650
f 3650 3649 3645
f 3650 3645 3651
f 3651 3645 3647
f 3532 3533 3652
f 3652 3533 3653
f 3652 3653 3654
f 3655 3656 3657
f 3657 3656 3658
f 3657 3658 3519
f 3518 3659 3519
f 3519 3659 3660
f 3519 3660 3657
f 3657 3660 3653
f 3657 3653 3661
f 3661 3653 3533
f 3661 3533 3662
f 3663 3664 3524
f 3524 3664 3661
f 3524 3661 3522
f 3522 3661 3662
f 3522 3662 3665
f 3665 3662 3666
f 3667 3668 3669
f 3669 3668 3670
f 3671 3672 3673
f 3670 3668 3674
f 3675 3676 3677
f 3677 3676 3678
f 3677 3678 3679
f 3679 3678 3670
f 3680 3681 3682
f 3683 3684 3670
f 3682 3679 3680
f 3680 3679 3670
f 3680 3670 3685
f 3685 3670 3684
f 3685 3684 3686
f 3686 3684 3687
f 3674 3688 3670
f 3670 3688 3671
f 3670 3671 3683
f 3683 3671 3673
f 3689 3678 3690
f 3690 3678 3676
f 3675 3691 3676
f 3676 3691 3692
f 3693 3690 3694
f 3694 3690 3676
f 3694 3676 3695
f 3695 3676 3692
f 3696 3673 3697
f 3697 3673 3672
f 3668 3667 3698
f 3698 3667 3699
f 3700 3674 3701
f 3701 3674 3668
f 3701 3668 3702
f 3702 3668 3698
f 3703 3704 3705
f 3706 3703 3707
f 3707 3703 3708
f 3706 3709 3703
f 3703 3709 3710
f 3703 3710 3704
f 3711 3712 3713
f 3714 3715 3705
f 3705 3715 3716
f 3708 3717 3707
f 3707 3717 3711
f 3707 3711 3718
f 3718 3711 3713
f 3716 3719 3705
f 3705 3719 3720
f 3705 3720 3703
f 3721 3722 3705
f 3705 3722 3723
f 3705 3723 3714
f 3724 3725 3726
f 3726 3725 3727
f 3726 3727 3711
f 3711 3727 3728
f 3711 3728 3712
f 3729 3730 3731
f 3729 3731 3732
f 3732 3731 3733
f 3732 3733 3734
f 3734 3733 3735
f 3734 3735 3736
f 3737 3738 3739
f 3739 3740 3737
f 3737 3740 3741
f 3737 3741 3742
f 3743 3744 3745
f 3745 3744 3742
f 3745 3742 3746
f 3746 3742 3741
f 3746 3741 3747
f 3747 3741 3748
f 3749 3750 3751
f 3751 3750 3752
f 3751 3752 3753
f 3753 3752 3754
f 3753 3754 3755
f 3755 3754 3756
f 3757 3758 3759
f 3759 3758 3760
f 3759 3760 3761
f 3762 3763 3764
f 3765 3766 3767
f 3767 3766 3768
f 3762 3764 3769
f 3769 3764 3770
f 3769 3770 3771
f 3771 3770 3772
f 3771 3772 3773
f 3773 3772 3774
f 3773 3774 3775
f 3775 3774 3776
f 3775 3776 3777
f 3776 3778 3777
f 3777 3778 3779
f 3777 3779 3780
f 3780 3779 3768
f 3780 3768 3781
f 3781 3768 3766
f 3782 3783 3784
f 3784 3783 3765
f 3784 3765 3785
f 3785 3765 3767
f 3786 3787 3788
f 3788 3787 3789
f 3788 3789 3790
f 3790 3789 3791
f 3790 3791 3792
f 3792 3791 3793
f 3792 3793 3794
f 3794 3793 3795
f 3794 3795 3796
f 3796 3795 3797
f 3796 3797 3798
f 3798 3797 3799
f 3798 3799 3800
f 3800 3799 3801
f 3800 3801 3802
f 3802 3801 3803
f 3802 3803 3804
f 3804 3803 3805
f 3805 3803 3806
f 3805 3806 3782
f 3782 3806 3807
f 3782 3807 3783
f 3780 3808 3809
f 3780 3809 3777
f 3777 3809 3810
f 3777 3810 3775
f 3775 3810 3811
f 3775 3811 3773
f 3773 3811 3812
f 3773 3812 3771
f 3813 3814 3815
f 3815 3814 3816
f 3815 3816 3817
f 3817 3816 3818
f 3819 3820 3821
f 3821 3820 3822
f 3821 3822 3823
f 3823 3822 3824
f 3825 3826 3827
f 3827 3826 3828
f 3829 3830 3831
f 3831 3830 3832
f 3833 3834 3835
f 3835 3834 3836
f 3837 3838 3839
f 3839 3838 3840
f 3839 3840 3841
f 3841 3840 3842
f 3843 3844 3839
f 3839 3844 3837
f 3845 3846 3847
f 3847 3846 3848
f 3849 3850 3851
f 3852 3853 3854
f 3855 3856 3857
f 3858 3859 3860
f 3855 3857 3861
f 3861 3857 3862
f 3863 3864 3865
f 3863 3865 3855
f 3855 3865 3866
f 3855 3866 3867
f 3867 3868 3855
f 3855 3868 3869
f 3855 3869 3856
f 3870 3863 3871
f 3871 3863 3872
f 3870 3871 3873
f 3873 3871 3858
f 3874 3875 3876
f 3877 3878 3879
f 3880 3881 3882
f 3883 3884 3885
f 3886 3887 3888
f 3889 3890 3888
f 3888 3890 3891
f 3892 3893 3894
f 3888 3895 3889
f 3889 3895 3896
f 3889 3896 3897
f 3897 3896 3892
f 3897 3892 3898
f 3898 3892 3894
f 3899 3900 3882
f 3899 3882 3901
f 3900 3899 3895
f 3895 3899 3902
f 3895 3902 3896
f 3882 3903 3901
f 3901 3903 3904
f 3901 3904 3905
f 3906 3907 3903
f 3903 3907 3908
f 3903 3908 3904
f 3909 3910 3911
f 3903 3912 3913
f 3914 3915 3916
f 3916 3915 3917
f 3916 3917 3909
f 3909 3917 3918
f 3909 3918 3910
f 3913 3919 3903
f 3903 3919 3920
f 3903 3920 3906
f 3921 3922 3923
f 3921 3923 3924
f 3922 3925 3923
f 3923 3925 3926
f 3923 3926 3916
f 3916 3926 3927
f 3916 3927 3914
f 3928 3929 3930
f 3930 3929 3931
f 3932 3933 3928
f 3928 3933 3934
f 3935 3936 3937
f 3937 3936 3938
f 3939 3940 3936
f 3936 3940 3941
f 3942 3943 3944
f 3944 3943 3945
f 3944 3945 3946
f 3946 3945 3947
f 3946 3947 3948
f 3934 3949 3928
f 3928 3949 3950
f 3928 3950 3929
f 3935 3951 3936
f 3936 3951 3952
f 3936 3952 3939
f 3953 3954 3955
f 3955 3954 3956
f 3955 3956 3957
f 3958 3959 3960
f 3961 3962 3947
f 3947 3962 3963
f 3964 3958 3965
f 3965 3958 3960
f 3965 3960 3944
f 3944 3960 3966
f 3944 3966 3942
f 3953 3967 3954
f 3954 3967 3968
f 3954 3968 3969
f 3964 3970 3958
f 3958 3970 3971
f 3958 3971 3972
f 3963 3973 3947
f 3947 3973 3974
f 3947 3974 3975
f 3975 3976 3947
f 3947 3976 3977
f 3947 3977 3948
f 3978 3979 3980
f 3980 3979 3981
f 3980 3981 3969
f 3969 3981 3982
f 3969 3982 3954
f 3983 3984 3985
f 3985 3984 3986
f 3985 3986 3987
f 3988 3989 3990
f 3991 3992 3993
f 3993 3994 3991
f 3991 3994 3995
f 3991 3995 3996
f 3997 3998 3995
f 3995 3998 3999
f 3995 3999 4000
f 4001 4002 3995
f 3995 4002 4003
f 3995 4003 3996
f 3996 4003 4004
f 3996 4004 4005
f 4006 4007 3958
f 3958 4007 4008
f 3958 4008 4009
f 4000 4010 3995
f 3995 4010 4011
f 3995 4011 4001
f 4012 4013 4014
f 4014 4013 4015
f 4014 4015 4016
f 4012 4017 4013
f 4013 4017 4018
f 4013 4018 4019
f 4019 4018 4020
f 4019 4020 4021
f 4016 4022 4014
f 4014 4022 4023
f 4014 4023 3995
f 3995 4023 4024
f 3995 4024 3997
f 4005 4025 3996
f 3996 4025 4026
f 3996 4026 3958
f 3958 4026 4027
f 3958 4027 4006
f 4028 4029 4030
f 4030 4029 4031
f 4030 4031 4032
f 4033 4034 4035
f 4035 4036 4033
f 4033 4036 4037
f 4033 4037 4038
f 4009 4039 3958
f 3958 4039 4040
f 3958 4040 4041
f 4042 4043 4033
f 4033 4043 4044
f 4033 4044 4034
f 4040 4045 4041
f 4041 4045 4046
f 4041 4046 4042
f 4042 4046 4047
f 4042 4047 4043
f 4048 4049 4050
f 4050 4049 4051
f 4050 4052 4048
f 4048 4052 4053
f 4048 4053 3895
f 3895 4053 4054
f 3895 4054 3900
f 4055 4056 4057
f 4057 4056 4058
f 4057 4058 4052
f 4052 4058 4059
f 4052 4059 4053
f 4053 4059 4060
f 4053 4060 4061
f 4061 4060 4062
f 4061 4062 4063
f 4063 4062 4064
f 4051 4049 4065
f 4065 4049 3991
f 4065 3991 4066
f 4066 3991 3996
f 4066 3996 4067
f 4068 4069 4048
f 3887 4070 3888
f 3888 4070 4071
f 3888 4071 3895
f 3895 4071 4072
f 3895 4072 4048
f 4048 4072 4073
f 4048 4073 4068
f 4074 4075 3879
f 3879 4075 4076
f 3879 4076 4077
f 4078 4079 4080
f 4081 4082 4078
f 4078 4082 4083
f 4078 4083 4079
f 4068 4084 4069
f 4069 4084 4085
f 4069 4085 4078
f 4078 4085 4086
f 4078 4086 4081
f 4087 3883 4088
f 4089 4087 3867
f 3867 3866 4089
f 4089 3866 4090
f 4089 4090 4091
f 4091 4090 4092
f 4093 4094 3879
f 3883 3885 4088
f 4088 3885 4095
f 4088 4095 4093
f 4092 4090 4094
f 4094 4090 4078
f 4094 4078 3879
f 3879 4078 4080
f 3879 4080 4074
f 3983 3978 3984
f 3984 3978 3980
f 3984 3980 4096
f 4096 3980 3930
f 4096 3930 4097
f 4097 3930 3931
f 4097 3931 4098
f 4098 3931 4099
f 4100 4099 4101
f 4101 4099 3931
f 4101 3931 3988
f 3988 3931 3929
f 3988 3929 3989
f 4100 4101 3881
f 3881 4101 3909
f 3881 3909 3882
f 3882 3909 3911
f 3882 3911 3903
f 3903 3911 4102
f 3903 4102 3912
f 4103 4104 3996
f 4105 4106 4107
f 4103 3996 4108
f 3972 3955 3958
f 3958 3955 3957
f 3958 3957 3996
f 3996 3957 4109
f 3996 4109 4108
f 4104 4110 3996
f 3996 4110 3900
f 3996 3900 4067
f 4067 3900 4054
f 4111 4112 3882
f 4112 4113 3882
f 3882 4113 4114
f 3882 4114 4115
f 4106 4111 4107
f 4107 4111 3882
f 4107 3882 4116
f 4116 3882 3900
f 4116 3900 4117
f 4117 3900 4110
f 4115 4118 3882
f 3882 4118 4119
f 3882 4119 3880
f 4120 4121 4122
f 4122 4121 4123
f 4122 4123 4124
f 4122 4125 4120
f 4120 4125 4126
f 4120 4126 4127
f 4127 4128 4120
f 4120 4128 4129
f 4120 4129 4130
f 4130 4129 4131
f 4130 4131 4132
f 4132 4131 4133
f 4132 4133 4107
f 4107 4133 4134
f 4107 4134 4105
f 4135 4136 4124
f 4124 4136 4137
f 4124 4137 4122
f 4138 4139 3987
f 3987 4139 4140
f 3987 4140 3985
f 4138 4141 4139
f 4139 4141 4142
f 4139 4142 4143
f 4143 4142 4144
f 4143 4145 4146
f 4144 4147 4143
f 4143 4147 4148
f 4143 4148 4149
f 4149 4150 4143
f 4143 4150 4151
f 4143 4151 4145
f 4146 4152 4143
f 4143 4152 4153
f 4143 4153 4154
f 4093 3879 4088
f 4088 3879 3878
f 4088 3878 4155
f 4155 4156 4088
f 4088 4156 4157
f 4088 4157 4158
f 4158 4157 4159
f 4158 4159 4160
f 4161 4162 4163
f 4163 4162 4164
f 4163 4164 4156
f 4156 4164 4165
f 4156 4165 4157
f 4157 4165 4166
f 4157 4166 4167
f 4167 4166 4168
f 4167 4168 4169
f 4169 4168 4170
f 4159 4171 4160
f 4160 4171 4172
f 4160 4172 3891
f 3891 4172 3877
f 3891 3877 3888
f 3888 3877 3879
f 3888 3879 3886
f 3886 3879 4077
f 4173 4174 4175
f 4175 4174 4176
f 4175 4176 4177
f 4178 4179 4180
f 4180 4179 4175
f 4180 4175 4181
f 4181 4175 4182
f 4177 4183 4175
f 4175 4183 4184
f 4175 4184 4182
f 4185 4186 4187
f 4187 4186 4188
f 4188 4186 4189
f 4188 4189 4190
f 4191 4192 4193
f 4194 4195 4196
f 4196 4195 4197
f 4196 4197 4191
f 4191 4197 4198
f 4191 4198 4199
f 4185 4187 4200
f 4200 4187 4191
f 4200 4191 4201
f 4201 4191 4193
f 4201 4193 4202
f 4202 4193 4203
f 4202 4203 4204
f 4199 4205 4191
f 4191 4205 4206
f 4191 4206 4192
f 4207 4208 4209
f 4209 4208 4210
f 4209 4210 4211
f 4211 4212 4209
f 4209 4212 4213
f 4209 4213 4196
f 4196 4213 4214
f 4196 4214 4194
f 4215 4216 4217
f 4217 4216 4218
f 4217 4218 4209
f 4209 4218 4219
f 4209 4219 4207
f 4220 4221 4222
f 4222 4221 4223
f 4222 4223 4224
f 4220 4225 4221
f 4221 4225 4226
f 4221 4226 4217
f 4217 4226 4227
f 4217 4227 4215
f 4228 4229 4230
f 4230 4229 4231
f 4230 4231 4232
f 4233 4234 4235
f 4235 4234 4236
f 4237 4238 4239
f 4239 4238 4240
f 4241 4242 4234
f 4234 4242 4243
f 4234 4243 4244
f 4245 4246 4247
f 4247 4246 4248
f 4247 4248 4249
f 4250 4251 4252
f 4252 4251 4253
f 4254 4244 4255
f 4255 4244 4256
f 4255 4256 4247
f 4247 4256 4257
f 4247 4257 4245
f 4258 4259 4260
f 4260 4259 4261
f 4260 4261 4262
f 4178 4263 4179
f 4179 4263 4264
f 4179 4264 4260
f 4260 4264 4265
f 4260 4265 4258
f 4253 4266 4252
f 4252 4266 4267
f 4252 4267 4268
f 4254 4269 4244
f 4244 4269 4270
f 4244 4270 4234
f 4234 4270 4271
f 4234 4271 4236
f 4262 4272 4260
f 4260 4272 4273
f 4260 4273 4239
f 4239 4273 4274
f 4239 4274 4237
f 4275 4276 4277
f 4277 4276 4278
f 4277 4278 4252
f 4252 4278 4279
f 4252 4279 4250
f 4240 4280 4239
f 4239 4280 4281
f 4239 4281 4282
f 4282 4281 4275
f 4282 4275 4283
f 4283 4275 4277
f 4284 4285 4252
f 4252 4285 4286
f 4252 4286 4234
f 4234 4286 4287
f 4234 4287 4241
f 4268 4288 4252
f 4252 4288 4289
f 4252 4289 4290
f 4290 4291 4252
f 4252 4291 4292
f 4252 4292 4284
f 4293 4294 4295
f 4294 4296 4295
f 4295 4296 4297
f 4295 4297 4298
f 4243 4295 4244
f 4244 4295 4299
f 4244 4299 4300
f 4301 4302 4303
f 4303 4302 4304
f 4303 4304 4305
f 4301 4303 4243
f 4243 4303 4306
f 4243 4306 4295
f 4295 4306 4307
f 4295 4307 4293
f 4300 4308 4244
f 4244 4308 4309
f 4244 4309 4310
f 4310 4309 4311
f 4298 4297 4312
f 4312 4297 4313
f 4312 4313 4314
f 4314 4313 4315
f 4314 4315 4316
f 4317 4318 4309
f 4309 4318 4319
f 4309 4319 4311
f 3874 4187 4320
f 4320 4187 4188
f 4320 4188 4321
f 4321 4188 4322
f 4321 4322 4323
f 4323 4322 4031
f 4323 4031 4324
f 4324 4031 4029
f 4324 4029 4325
f 4325 4029 4326
f 4325 4326 4327
f 4327 4326 4328
f 4327 4328 4329
f 4329 4328 4330
f 4329 4330 4331
f 4331 4330 4332
f 4331 4332 4333
f 4333 4332 4334
f 4333 4334 3864
f 3864 4334 3865
f 4028 3992 4029
f 4029 3992 3991
f 4029 3991 4326
f 4326 3991 4049
f 4326 4049 4328
f 4328 4049 4048
f 4328 4048 4330
f 4330 4048 4069
f 4330 4069 4332
f 4332 4069 4078
f 4332 4078 4334
f 4334 4078 4090
f 4334 4090 3865
f 3865 4090 3866
f 4190 4173 4188
f 4188 4173 4175
f 4188 4175 4322
f 4322 4175 4042
f 4322 4042 4031
f 4031 4042 4033
f 4031 4033 4032
f 4032 4033 4038
f 4335 4336 4337
f 4338 4339 4175
f 4175 4339 4335
f 4175 4335 4042
f 4042 4335 4337
f 4042 4337 4041
f 4041 4337 4340
f 4041 4340 4179
f 4179 4340 4338
f 4179 4338 4175
f 4341 4342 4158
f 4343 4344 4342
f 4088 4345 4346
f 4343 4342 4347
f 4347 4342 4345
f 4347 4345 4348
f 4087 4088 3867
f 3867 4088 4346
f 3867 4346 3868
f 3868 4346 4349
f 3868 4349 4158
f 4158 4349 4350
f 4158 4350 4341
f 4341 4350 4351
f 4341 4351 4352
f 4344 4353 4342
f 4342 4353 4354
f 4342 4354 4355
f 4356 4088 4357
f 4357 4088 4158
f 4357 4158 4358
f 4358 4158 4342
f 4358 4342 4359
f 4359 4342 4355
f 4360 4361 4345
f 4345 4361 4362
f 4345 4362 4348
f 4356 4363 4088
f 4088 4363 4364
f 4088 4364 4345
f 4345 4364 4365
f 4345 4365 4360
f 4366 4367 4368
f 4368 4367 4369
f 4368 4369 4260
f 3941 3959 3936
f 3936 3959 3958
f 3936 3958 4368
f 4368 3958 4041
f 4368 4041 4366
f 4366 4041 4370
f 4260 4369 4179
f 4179 4369 4371
f 4179 4371 4041
f 4041 4371 4372
f 4041 4372 4370
f 4373 4374 4375
f 4375 4374 4366
f 4375 4366 4376
f 4376 4366 4370
f 4376 4370 4377
f 4377 4370 4378
f 3890 3924 3891
f 3891 3924 3923
f 3891 3923 4160
f 4160 3923 4379
f 4160 4379 4158
f 4158 4379 4380
f 4158 4380 3868
f 3868 4380 3869
f 4239 4228 4260
f 4260 4228 4230
f 4260 4230 4368
f 4368 4230 4381
f 4368 4381 3936
f 3936 4381 3988
f 3936 3988 3938
f 3938 3988 3990
f 4232 4224 4230
f 4230 4224 4223
f 4230 4223 4381
f 4381 4223 4382
f 4381 4382 3988
f 3988 4382 4383
f 3988 4383 4101
f 4101 4383 4384
f 4101 4384 3909
f 3909 4384 4385
f 3909 4385 3916
f 3916 4385 4386
f 3916 4386 3923
f 3923 4386 4387
f 3923 4387 4379
f 4379 4387 4388
f 4379 4388 4380
f 4380 4388 4389
f 4380 4389 3869
f 3869 4389 3856
f 3874 3876 4187
f 4187 3876 4390
f 4187 4390 4191
f 4191 4390 4391
f 4191 4391 4196
f 4196 4391 4392
f 4196 4392 4209
f 4209 4392 4393
f 4209 4393 4217
f 4217 4393 3849
f 4217 3849 4221
f 4394 4395 4396
f 4396 4395 4397
f 4396 4397 4398
f 4398 4399 4396
f 4396 4399 4400
f 4396 4400 4401
f 4400 4402 4401
f 4401 4402 4403
f 4401 4403 4404
f 4404 4405 4401
f 4401 4405 4406
f 4401 4406 4407
f 4407 4408 4401
f 4401 4408 4409
f 4401 4409 4410
f 4411 4412 4413
f 4413 4412 4414
f 4414 4415 4413
f 4413 4415 4416
f 4413 4416 4417
f 4418 4413 4419
f 4419 4413 4417
f 4419 4417 4420
f 4420 4417 4421
f 4411 4413 4409
f 4409 4413 4422
f 4409 4422 4410
f 4421 4423 4420
f 4420 4423 4424
f 4420 4424 4419
f 4419 4424 4425
f 4419 4425 4418
f 4418 4425 4426
f 4418 4426 4413
f 4413 4426 4427
f 4413 4427 4422
f 4422 4427 4428
f 4429 4430 4431
f 4429 4431 4432
f 4432 4431 4433
f 4432 4433 4434
f 4435 4436 4437
f 4437 4436 4438
f 4437 4438 4439
f 4439 4438 4440
f 4439 4440 4441
f 4441 4440 4442
f 4441 4442 4443
f 4443 4442 4444
f 4443 4444 4445
f 4445 4444 4446
f 4445 4446 4447
f 4447 4446 4448
f 4447 4448 4449
f 4449 4448 4450
f 4449 4450 4451
f 4451 4450 4452
f 4453 4454 4455
f 4455 4454 4456
f 4455 4456 4457
f 4457 4456 4458
f 4457 4458 4459
f 4459 4458 4460
f 4459 4460 4461
f 4461 4460 4462
f 4461 4462 4463
f 4463 4462 4464
f 4463 4464 4465
f 4465 4464 4466
f 4465 4466 4467
f 4467 4466 4468
f 4467 4468 4469
f 4469 4468 4470
f 4471 4472 4473
f 4471 4473 4474
f 4474 4473 4475
f 4474 4475 4476
f 4476 4475 4477
f 4476 4477 4478
f 4479 4480 4481
f 4477 4482 4478
f 4478 4482 4483
f 4478 4483 4484
f 4484 4483 4479
f 4484 4479 4485
f 4485 4479 4481
f 4486 4487 4488
f 4489 4490 4491
f 4491 4490 4492
f 4491 4492 4493
f 4493 4492 4494
f 4493 4494 4495
f 4495 4494 4496
f 4495 4496 4488
f 4488 4496 4497
f 4488 4497 4486
f 4491 4498 4489
f 4489 4498 4499
f 4489 4499 4500
f 4500 4499 4501
f 4500 4501 4502
f 4502 4501 4503
f 4502 4503 4504
f 4504 4503 4505
f 4504 4505 4506
f 4506 4505 4507
f 4505 4508 4507
f 4507 4508 4509
f 4507 4509 4510
f 4510 4509 4511
f 4510 4511 4512
f 4512 4511 4513
f 4512 4513 4514
f 4514 4513 4515
f 4515 4513 4516
f 4515 4516 4517
f 4517 4516 4518
f 4517 4518 4519
f 4519 4518 4520
f 4519 4520 4521
f 4520 4522 4521
f 4521 4522 4523
f 4521 4523 4524
f 4524 4523 4525
f 4524 4525 4526
f 4527 4528 4529
f 4526 4525 4530
f 4530 4525 4531
f 4530 4531 4532
f 4532 4531 4533
f 4532 4533 4534
f 4534 4533 4535
f 4534 4535 4529
f 4529 4535 4536
f 4529 4536 4527
f 4528 4527 4537
f 4537 4527 4538
f 4537 4538 4539
f 4539 4538 4540
f 4539 4540 4541
f 4541 4540 4542
f 4541 4542 4543
f 4543 4542 4544
f 4543 4544 4545
f 4544 4546 4545
f 4545 4546 4547
f 4545 4547 4548
f 4548 4547 4549
f 4548 4549 4550
f 4550 4549 4551
f 4552 4553 4554
f 4554 4553 4555
f 4556 4557 4558
f 4558 4557 4559
f 4558 4559 4560
f 4560 4559 4561
f 4560 4561 4562
f 4562 4561 4563
f 4562 4563 4564
f 4564 4563 4565
f 4564 4565 4566
f 4566 4565 4567
f 4566 4567 4568
f 4568 4567 4569
f 4568 4569 4570
f 4570 4569 4571
f 4570 4571 4572
f 4573 4574 4575
f 4575 4574 4576
f 4577 4578 4579
f 4579 4578 4580
f 4577 4579 4581
f 4581 4579 4582
f 4581 4582 4583
f 4584 4585 4586
f 4586 4585 4587
f 4584 4586 4588
f 4588 4586 4589
f 4588 4589 4590
f 4590 4589 4591
f 4591 4589 4592
f 4591 4592 4593
f 4585 4594 4587
f 4587 4594 4595
f 4587 4595 4582
f 4582 4595 4596
f 4582 4596 4583
f 4578 4575 4580
f 4580 4575 4576
f 4580 4576 4597
f 4597 4576 4598
f 4593 4592 4599
f 4599 4592 4600
f 4599 4600 4601
f 4601 4600 4602
f 4601 4602 4603
f 4603 4602 4604
f 4603 4604 4605
f 4605 4604 4606
f 4605 4606 4607
f 4607 4606 4608
f 4607 4608 4609
f 4609 4608 4610
f 4609 4610 4611
f 4611 4610 4612
f 4611 4612 4613
f 4613 4612 4614
f 4613 4614 4615
f 4615 4614 4616
f 4615 4616 4617
f 4617 4616 4618
f 4617 4618 4619
f 4619 4618 4620
f 4619 4620 4621
f 4621 4620 4622
f 4622 4620 4623
f 4622 4623 4624
f 4624 4623 4625
f 4625 4623 4626
f 4625 4626 4627
f 4598 4628 4597
f 4597 4628 4629
f 4597 4629 4630
f 4626 4631 4627
f 4627 4631 4632
f 4627 4632 4633
f 4633 4632 4634
f 4635 4636 4634
f 4634 4636 4637
f 4634 4637 4633
f 4638 4639 4635
f 4635 4639 4640
f 4635 4640 4636
f 4630 4641 4597
f 4597 4641 4642
f 4597 4642 4643
f 4643 4642 4644
f 4643 4644 4645
f 4631 4646 4632
f 4632 4646 4643
f 4632 4643 4647
f 4647 4643 4645
f 4573 4575 4648
f 4648 4575 4649
f 4648 4649 4650
f 4650 4649 4651
f 4650 4651 4652
f 4652 4651 4653
f 4652 4653 4654
f 4654 4653 4655
f 4654 4655 4656
f 4656 4655 4657
f 4656 4657 4658
f 4658 4657 4659
f 4658 4659 4660
f 4660 4659 4661
f 4660 4661 4662
f 4662 4661 4663
f 4662 4663 4638
f 4638 4663 4664
f 4638 4664 4639
f 4665 4666 4667
f 4668 4669 4670
f 4671 4670 4672
f 4672 4673 4674
f 4674 4673 4675
f 4674 4675 4676
f 4676 4675 4677
f 4676 4677 4678
f 4678 4677 4679
f 4678 4679 4680
f 4680 4679 4681
f 4680 4681 4682
f 4682 4681 4683
f 4682 4683 4684
f 4684 4683 4685
f 4684 4685 4686
f 4686 4685 4687
f 4686 4687 4688
f 4688 4687 4689
f 4688 4689 4690
f 4690 4689 4691
f 4690 4691 4692
f 4692 4691 4693
f 4692 4693 4694
f 4694 4693 4695
f 4694 4695 4696
f 4696 4695 4697
f 4696 4697 4698
f 4698 4697 4699
f 4698 4699 4700
f 4700 4699 4701
f 4700 4701 4702
f 4702 4701 4703
f 4702 4703 4704
f 4704 4703 4705
f 4704 4705 4706
f 4706 4705 4707
f 4706 4707 4708
f 4708 4707 4709
f 4708 4709 4710
f 4710 4709 4711
f 4710 4711 4712
f 4712 4711 4713
f 4712 4713 4714
f 4714 4713 4715
f 4714 4715 4716
f 4716 4715 4717
f 4716 4717 4718
f 4718 4717 4719
f 4718 4719 4720
f 4720 4719 4721
f 4720 4721 4722
f 4722 4721 4723
f 4722 4723 4724
f 4724 4723 4725
f 4724 4725 4726
f 4726 4725 4727
f 4726 4727 4728
f 4728 4727 4729
f 4728 4729 4730
f 4730 4729 4731
f 4730 4731 4732
f 4732 4731 4733
f 4732 4733 4734
f 4734 4733 4735
f 4734 4735 4736
f 4736 4735 4737
f 4738 4736 4739
f 4739 4736 4737
f 4739 4737 4740
f 4672 4674 4671
f 4671 4674 4676
f 4671 4676 4741
f 4741 4676 4678
f 4741 4678 4742
f 4742 4678 4680
f 4742 4680 4743
f 4743 4680 4682
f 4743 4682 4744
f 4744 4682 4684
f 4744 4684 4745
f 4745 4684 4686
f 4745 4686 4746
f 4746 4686 4688
f 4746 4688 4747
f 4747 4688 4690
f 4747 4690 4748
f 4748 4690 4692
f 4748 4692 4749
f 4749 4692 4694
f 4749 4694 4750
f 4750 4694 4696
f 4750 4696 4751
f 4751 4696 4698
f 4751 4698 4752
f 4752 4698 4700
f 4752 4700 4753
f 4753 4700 4702
f 4753 4702 4754
f 4754 4702 4704
f 4754 4704 4755
f 4755 4704 4706
f 4755 4706 4756
f 4756 4706 4708
f 4756 4708 4757
f 4757 4708 4710
f 4757 4710 4758
f 4758 4710 4712
f 4758 4712 4759
f 4759 4712 4714
f 4759 4714 4760
f 4760 4714 4716
f 4760 4716 4761
f 4761 4716 4718
f 4761 4718 4762
f 4762 4718 4720
f 4762 4720 4763
f 4763 4720 4722
f 4763 4722 4764
f 4764 4722 4724
f 4764 4724 4765
f 4765 4724 4726
f 4765 4726 4766
f 4766 4726 4728
f 4766 4728 4767
f 4767 4728 4730
f 4767 4730 4768
f 4768 4730 4732
f 4768 4732 4769
f 4769 4732 4734
f 4769 4734 4770
f 4770 4734 4736
f 4770 4736 4771
f 4771 4736 4738
f 4771 4738 4772
f 4670 4671 4668
f 4668 4671 4741
f 4668 4741 4773
f 4773 4741 4742
f 4773 4742 4774
f 4774 4742 4743
f 4774 4743 4775
f 4775 4743 4744
f 4775 4744 4776
f 4776 4744 4745
f 4776 4745 4777
f 4777 4745 4746
f 4777 4746 4778
f 4778 4746 4747
f 4778 4747 4779
f 4779 4747 4748
f 4779 4748 4780
f 4780 4748 4749
f 4780 4749 4781
f 4781 4749 4750
f 4781 4750 4782
f 4782 4750 4751
f 4782 4751 4783
f 4783 4751 4752
f 4783 4752 4784
f 4784 4752 4753
f 4784 4753 4785
f 4785 4753 4754
f 4785 4754 4786
f 4786 4754 4755
f 4786 4755 4787
f 4787 4755 4756
f 4787 4756 4788
f 4788 4756 4757
f 4788 4757 4789
f 4789 4757 4758
f 4789 4758 4790
f 4790 4758 4759
f 4790 4759 4791
f 4791 4759 4760
f 4791 4760 4792
f 4792 4760 4761
f 4792 4761 4793
f 4793 4761 4762
f 4793 4762 4794
f 4794 4762 4763
f 4794 4763 4795
f 4795 4763 4764
f 4795 4764 4796
f 4796 4764 4765
f 4796 4765 4797
f 4797 4765 4766
f 4797 4766 4798
f 4798 4766 4767
f 4798 4767 4799
f 4799 4767 4768
f 4799 4768 4800
f 4800 4768 4769
f 4800 4769 4801
f 4801 4769 4770
f 4801 4770 4802
f 4802 4770 4771
f 4802 4771 4803
f 4803 4771 4772
f 4803 4772 4804
f 4669 4668 4805
f 4805 4668 4773
f 4805 4773 4806
f 4806 4773 4774
f 4806 4774 4807
f 4807 4774 4775
f 4807 4775 4808
f 4808 4775 4776
f 4808 4776 4809
f 4809 4776 4777
f 4809 4777 4810
f 4810 4777 4778
f 4810 4778 4811
f 4811 4778 4779
f 4811 4779 4812
f 4812 4779 4780
f 4812 4780 4813
f 4813 4780 4781
f 4813 4781 4814
f 4814 4781 4782
f 4814 4782 4815
f 4815 4782 4783
f 4815 4783 4816
f 4816 4783 4784
f 4816 4784 4817
f 4817 4784 4785
f 4817 4785 4818
f 4818 4785 4786
f 4818 4786 4819
f 4819 4786 4787
f 4819 4787 4820
f 4820 4787 4788
f 4820 4788 4821
f 4821 4788 4789
f 4821 4789 4822
f 4822 4789 4790
f 4822 4790 4823
f 4823 4790 4791
f 4823 4791 4824
f 4824 4791 4792
f 4824 4792 4825
f 4825 4792 4793
f 4825 4793 4826
f 4826 4793 4794
f 4826 4794 4827
f 4827 4794 4795
f 4827 4795 4828
f 4828 4795 4796
f 4828 4796 4829
f 4829 4796 4797
f 4829 4797 4830
f 4830 4797 4798
f 4830 4798 4831
f 4831 4798 4799
f 4831 4799 4832
f 4832 4799 4800
f 4832 4800 4833
f 4833 4800 4801
f 4833 4801 4834
f 4834 4801 4802
f 4834 4802 4835
f 4835 4802 4803
f 4835 4803 4836
f 4836 4803 4804
f 4836 4804 4837
f 4837 4838 4836
f 4836 4838 4839
f 4836 4839 4835
f 4835 4839 4840
f 4835 4840 4834
f 4834 4840 4841
f 4834 4841 4833
f 4833 4841 4842
f 4833 4842 4832
f 4832 4842 4843
f 4832 4843 4831
f 4831 4843 4844
f 4831 4844 4830
f 4830 4844 4845
f 4830 4845 4829
f 4829 4845 4846
f 4829 4846 4828
f 4828 4846 4847
f 4828 4847 4827
f 4827 4847 4848
f 4827 4848 4826
f 4826 4848 4849
f 4826 4849 4825
f 4825 4849 4850
f 4825 4850 4824
f 4824 4850 4851
f 4824 4851 4823
f 4823 4851 4852
f 4823 4852 4822
f 4822 4852 4853
f 4822 4853 4821
f 4821 4853 4854
f 4821 4854 4820
f 4820 4854 4855
f 4820 4855 4819
f 4819 4855 4856
f 4819 4856 4818
f 4818 4856 4857
f 4818 4857 4817
f 4817 4857 4858
f 4817 4858 4816
f 4816 4858 4859
f 4816 4859 4815
f 4815 4859 4860
f 4815 4860 4814
f 4814 4860 4861
f 4814 4861 4813
f 4813 4861 4862
f 4813 4862 4812
f 4812 4862 4863
f 4812 4863 4811
f 4811 4863 4864
f 4811 4864 4810
f 4810 4864 4865
f 4810 4865 4809
f 4809 4865 4866
f 4809 4866 4808
f 4808 4866 4867
f 4808 4867 4807
f 4807 4867 4868
f 4807 4868 4806
f 4806 4868 4665
f 4806 4665 4805
f 4805 4665 4667
f 4805 4667 4669
f 4869 4666 4870
f 4870 4666 4665
f 4870 4665 4871
f 4871 4665 4868
f 4871 4868 4872
f 4872 4868 4867
f 4872 4867 4873
f 4873 4867 4866
f 4873 4866 4874
f 4874 4866 4865
f 4874 4865 4875
f 4875 4865 4864
f 4875 4864 4876
f 4876 4864 4863
f 4876 4863 4877
f 4877 4863 4862
f 4877 4862 4878
f 4878 4862 4861
f 4878 4861 4879
f 4879 4861 4860
f 4879 4860 4880
f 4880 4860 4859
f 4880 4859 4881
f 4881 4859 4858
f 4881 4858 4882
f 4882 4858 4857
f 4882 4857 4883
f 4883 4857 4856
f 4883 4856 4884
f 4884 4856 4855
f 4884 4855 4885
f 4885 4855 4854
f 4885 4854 4886
f 4886 4854 4853
f 4886 4853 4887
f 4887 4853 4852
f 4887 4852 4888
f 4888 4852 4851
f 4888 4851 4889
f 4889 4851 4850
f 4889 4850 4890
f 4890 4850 4849
f 4890 4849 4891
f 4891 4849 4848
f 4891 4848 4892
f 4892 4848 4847
f 4892 4847 4893
f 4893 4847 4846
f 4893 4846 4894
f 4894 4846 4845
f 4894 4845 4895
f 4895 4845 4844
f 4895 4844 4896
f 4896 4844 4843
f 4896 4843 4897
f 4897 4843 4842
f 4897 4842 4898
f 4898 4842 4841
f 4898 4841 4899
f 4899 4841 4840
f 4899 4840 4900
f 4900 4840 4839
f 4900 4839 4901
f 4901 4839 4838
f 4901 4838 4902
f 4902 4838 4837
f 4903 4904 4905
f 4905 4904 4906
f 4907 4908 4909
f 4909 4908 4910
f 4911 4912 4913
f 4913 4912 4914
f 4913 4914 4915
f 4915 4914 4916
f 4915 4916 4917
f 4917 4916 4918
f 4913 4919 4920
f 4920 4921 4913
f 4913 4921 4922
f 4913 4922 4923
f 4923 4924 4913
f 4913 4924 4925
f 4913 4925 4926
f 4926 4927 4913
f 4913 4927 4928
f 4913 4928 4911
f 4916 4929 4930
f 4930 4931 4916
f 4916 4931 4932
f 4916 4932 4933
f 4933 4934 4916
f 4916 4934 4935
f 4916 4935 4936
f 4936 4937 4916
f 4916 4937 4938
f 4916 4938 4918
f 4939 4940 4941
f 4941 4940 4942
f 4943 4944 4945
f 4945 4944 4946
f 4947 4948 4949
f 4949 4948 4950
f 4951 4952 4953
f 4953 4952 4954
f 4955 4956 4957
f 4957 4956 4958
f 4959 4960 4961
f 4961 4960 4962
f 4963 4964 4965
f 4965 4964 4966
f 4965 4966 4962
f 4962 4966 4967
f 4962 4967 4961
f 4961 4967 4968
f 4969 4970 4971
f 4972 4973 4974
f 4975 4976 4977
f 4977 4976 4978
f 4977 4978 4979
f 4979 4978 4980
f 4979 4980 4981
f 4981 4980 4982
f 4981 4982 4983
f 4983 4982 4984
f 4983 4984 4985
f 4985 4984 4986
f 4985 4986 4987
f 4987 4986 4988
f 4987 4988 4989
f 4989 4988 4990
f 4971 4991 4969
f 4969 4991 4992
f 4969 4992 4993
f 4993 4992 4994
f 4993 4994 4995
f 4995 4994 4996
f 4995 4996 4997
f 4997 4996 4998
f 4997 4998 4999
f 4999 4998 5000
f 4999 5000 4975
f 4975 5000 5001
f 4975 5001 4976
f 4974 5002 4972
f 4972 5002 5003
f 4972 5003 5004
f 5004 5003 5005
f 5004 5005 5006
f 5006 5005 5007
f 5006 5007 5008
f 5008 5007 5009
f 5008 5009 5010
f 5010 5009 5011
f 5010 5011 4990
f 4990 5011 5012
f 4990 5012 4989
f 4961 5013 4959
f 4959 5013 5014
f 4959 5014 4960
f 4960 5014 5015
f 4960 5015 4962
f 4962 5015 5016
f 5017 5018 5019
f 5019 5018 5020
f 5019 5020 5021
f 5021 5020 5022
f 5023 5024 5025
f 5025 5024 5026
f 5025 5026 5027
f 5028 5029 5030
f 5030 5029 5031
f 5032 5033 5034
f 5034 5033 5035
f 5036 5037 5038
f 5038 5037 5039
f 5040 5041 5042
f 5042 5041 5043
f 5044 5045 5046
f 5046 5045 5047
f 5048 5049 5050
f 5050 5049 5051
f 5052 5053 5054
f 5054 5053 5055
f 5056 5057 5058
f 5058 5057 5059
f 5060 5061 5062
f 5062 5061 5063
f 5064 5065 5066
f 5066 5065 5067
f 5068 5069 5070
f 5070 5069 5071
f 5000 5072 5001
f 5001 5072 5073
f 4988 5074 4990
f 4990 5074 5075
f 4990 5075 5010
f 5010 5075 5076
f 4972 5077 4973
f 4973 5077 5078
f 4989 5079 4987
f 4987 5079 5080
f 5081 5082 5083
f 5083 5082 5084
f 5083 5084 5085
f 5085 5084 5086
f 5087 5088 5089
f 5089 5088 5090
f 5091 5092 5093
f 5093 5092 5094
f 5095 5096 5097
f 5097 5096 5098
f 5099 5100 5101
f 5101 5100 5102
f 5103 5104 5105
f 5105 5104 5106
f 5107 5108 5109
f 5107 5109 5110
f 5110 5109 5111
f 5110 5111 5112
f 5112 5111 5113
f 5112 5113 5114
f 5114 5113 5115
f 5114 5115 5116
f 5116 5115 5117
f 5116 5117 5118
f 5118 5117 5119
f 5118 5119 5120
f 5120 5119 5121
f 5120 5121 5122
f 5122 5121 5123
f 5122 5123 5124
f 5124 5123 5125
f 5124 5125 5126
f 5126 5125 5127
f 5126 5127 5128
f 5128 5127 5129
f 5128 5129 5130
f 5130 5129 5131
f 5130 5131 5132
f 5132 5131 5133
f 5132 5133 5134
f 5135 5136 5137
f 5137 5138 5135
f 5135 5138 5139
f 5135 5139 5140
f 5140 5139 5141
f 5140 5141 5142
f 5142 5141 5143
f 5142 5143 5144
f 5144 5143 5145
f 5144 5145 5146
f 5146 5145 5147
f 5146 5147 5148
f 5148 5147 5149
f 5148 5149 5150
f 5151 5152 5153
f 5153 5152 5154
f 5155 5156 5157
f 5157 5156 5158
f 5159 5160 5161
f 5161 5160 5162
f 5163 5164 5165
f 5165 5164 5166
f 5167 5168 5169
f 5169 5168 5170
f 5171 5172 5173
f 5173 5172 5174
f 5175 5176 5177
f 5177 5176 5178
f 5179 5180 5181
f 5181 5180 5182
f 5183 5184 5185
f 5185 5184 5186
f 5187 5188 5189
f 5189 5188 5190
f 5191 5192 5193
f 5193 5192 5194
f 5195 5196 5197
f 5197 5196 5198
f 5199 5200 5201
f 5201 5200 5202
f 5203 5204 5205
f 5205 5204 5206
f 5207 5208 5209
f 5209 5210 5207
f 5207 5210 5211
f 5207 5211 5212
f 5212 5211 5213
f 5212 5213 5214
f 5214 5213 5215
f 5214 5215 5216
f 5216 5215 5217
f 5216 5217 5218
f 5218 5217 5219
f 5218 5219 5220
f 5220 5219 5221
f 5220 5221 5222
f 5223 5224 5225
f 5223 5225 5226
f 5226 5225 5227
f 5227 5225 5228
f 5227 5228 5229
f 5229 5228 5230
f 5229 5230 5231
f 5231 5230 5232
f 5231 5232 5233
f 5233 5232 5234
f 5233 5234 5235
f 5235 5234 5236
f 5235 5236 5237
f 5237 5236 5238
f 5237 5238 5239
f 5240 5241 5242
f 5242 5241 5243
f 5242 5243 5244
f 5244 5243 5245
f 5246 5247 5248
f 5248 5247 5249
f 5248 5249 5250
f 5250 5249 5251
f 5250 5251 5252
f 5252 5251 5253
f 5252 5253 5254
f 5254 5253 5255
f 5254 5255 5256
f 5256 5255 5257
f 5256 5257 5258
f 5258 5257 5259
f 5260 5261 5262
f 5262 5261 5263
f 5262 5263 5264
f 5264 5263 5265
f 5266 5267 5268
f 5268 5267 5269
f 5269 5267 5270
f 5270 5267 5271
f 5270 5271 5272
f 5272 5271 5273
f 5272 5273 5274
f 5274 5273 5275
f 5274 5275 5276
f 5275 5277 5276
f 5276 5277 5278
f 5276 5278 5279
f 5280 5281 5282
f 5282 5281 5283
f 5282 5283 5284
f 5284 5283 5285
f 5286 5287 5288
f 5286 5288 5289
f 5289 5288 5290
f 5289 5290 5291
f 5292 5293 5294
f 5295 5296 5294
f 5294 5296 5297
f 5294 5297 5292
f 5292 5297 5298
f 5295 5299 5296
f 5296 5299 5300
f 5296 5300 5301
f 5302 5303 5304
f 5305 5302 5306
f 5306 5302 5304
f 5306 5304 5300
f 5300 5304 5307
f 5300 5307 5301
f 5308 5309 5310
f 5307 5311 5301
f 5301 5311 5312
f 5301 5312 5310
f 5310 5312 5313
f 5310 5313 5308
f 5308 5313 5314
f 5315 5293 5292
f 5315 5292 5316
f 5316 5292 5298
f 5316 5298 5317
f 5318 5319 5320
f 5318 5320 5321
f 5321 5320 5322
f 5321 5322 5323
f 5324 5325 5326
f 5326 5325 5327
f 5327 5325 5328
f 5328 5325 5329
f 5328 5329 5330
f 5330 5329 5331
f 5330 5331 5332
f 5332 5331 5333
f 5332 5333 5334
f 5333 5335 5334
f 5334 5335 5336
f 5334 5336 5337
f 5338 5339 5340
f 5341 5342 5340
f 5340 5342 5343
f 5340 5343 5338
f 5338 5343 5344
f 5345 5346 5347
f 5341 5345 5342
f 5342 5345 5347
f 5342 5347 5348
f 5348 5347 5349
f 5350 5341 5351
f 5351 5341 5340
f 5351 5340 5352
f 5352 5340 5339
f 5353 5354 5355
f 5355 5354 5356
f 5357 5358 5359
f 5357 5359 5360
f 5360 5359 5361
f 5360 5361 5362
f 5361 5363 5362
f 5362 5363 5364
f 5362 5364 5365
f 5365 5364 5366
f 5365 5366 5367
f 5367 5366 5368
f 5367 5368 5369
f 5369 5368 5370
f 5369 5370 5371
f 5371 5370 5372
f 5371 5372 5373
f 5373 5372 5374
f 5373 5374 5375
f 5376 5377 5378
f 5379 5380 5381
f 5382 5383 5384
f 5385 5386 5387
f 5388 5389 5390
f 5391 5392 5393
f 5394 5395 5396
f 5397 5398 5399
f 5400 5401 5402
f 5403 5404 5405
f 5406 5407 5408
f 5409 5410 5411
f 5412 5413 5414
f 5415 5416 5417
f 5418 5419 5420
f 5421 5422 5423
f 5424 5425 5426
f 5427 5428 5429
f 5430 5431 5432
f 5433 5434 5435
f 5436 5437 5438
f 5439 5440 5441
f 5442 5443 5444
f 5442 5444 5445
f 5439 5441 5446
f 5436 5438 5447
f 5448 5449 5450
f 5427 5429 5451
f 5452 5453 5454
f 5454 5453 5455
f 5454 5455 5456
f 5456 5455 5457
f 5456 5457 5458
f 5458 5457 5459
f 5458 5459 5460
f 5460 5459 5461
f 5460 5461 5462
f 5462 5461 5420
f 5463 5446 5464
f 5464 5446 5441
f 5464 5441 5465
f 5465 5441 5466
f 5465 5466 5467
f 5467 5466 5468
f 5467 5468 5469
f 5469 5468 5470
f 5469 5470 5471
f 5471 5470 5414
f 5472 5447 5473
f 5473 5447 5438
f 5473 5438 5474
f 5474 5438 5475
f 5474 5475 5476
f 5476 5475 5477
f 5476 5477 5478
f 5478 5477 5479
f 5478 5479 5480
f 5480 5479 5411
f 5481 5482 5483
f 5483 5482 5484
f 5483 5484 5485
f 5485 5484 5486
f 5485 5486 5487
f 5487 5486 5488
f 5487 5488 5489
f 5489 5488 5490
f 5489 5490 5491
f 5491 5490 5405
f 5450 5430 5448
f 5448 5430 5432
f 5448 5432 5492
f 5492 5432 5493
f 5492 5493 5494
f 5494 5493 5495
f 5494 5495 5496
f 5496 5495 5497
f 5496 5497 5498
f 5498 5497 5402
f 5499 5424 5500
f 5500 5424 5426
f 5500 5426 5501
f 5501 5426 5502
f 5501 5502 5503
f 5503 5502 5504
f 5503 5504 5505
f 5505 5504 5506
f 5505 5506 5507
f 5507 5506 5396
f 5508 5509 5510
f 5510 5509 5511
f 5510 5511 5512
f 5512 5511 5513
f 5512 5513 5514
f 5514 5513 5515
f 5514 5515 5516
f 5516 5515 5517
f 5516 5517 5518
f 5518 5517 5393
f 5519 5520 5521
f 5521 5520 5522
f 5521 5522 5523
f 5523 5522 5524
f 5523 5524 5525
f 5525 5524 5526
f 5525 5526 5527
f 5527 5526 5528
f 5527 5528 5529
f 5529 5528 5387
f 5530 5452 5531
f 5531 5452 5454
f 5531 5454 5532
f 5532 5454 5456
f 5532 5456 5533
f 5533 5456 5458
f 5533 5458 5534
f 5534 5458 5460
f 5534 5460 5535
f 5535 5460 5462
f 5535 5462 5536
f 5536 5462 5537
f 5420 5419 5462
f 5462 5419 5538
f 5462 5538 5537
f 5416 5418 5417
f 5417 5418 5420
f 5417 5420 5539
f 5539 5420 5461
f 5539 5461 5540
f 5540 5461 5459
f 5540 5459 5541
f 5541 5459 5457
f 5541 5457 5444
f 5444 5457 5455
f 5444 5455 5445
f 5445 5455 5453
f 5542 5415 5543
f 5543 5415 5417
f 5543 5417 5544
f 5544 5417 5539
f 5544 5539 5545
f 5545 5539 5540
f 5545 5540 5546
f 5546 5540 5541
f 5546 5541 5547
f 5547 5541 5444
f 5547 5444 5548
f 5548 5444 5443
f 5548 5463 5547
f 5547 5463 5464
f 5547 5464 5546
f 5546 5464 5465
f 5546 5465 5545
f 5545 5465 5467
f 5545 5467 5544
f 5544 5467 5469
f 5544 5469 5543
f 5543 5469 5471
f 5543 5471 5542
f 5542 5471 5549
f 5414 5413 5471
f 5471 5413 5550
f 5471 5550 5549
f 5551 5412 5552
f 5552 5412 5414
f 5552 5414 5553
f 5553 5414 5470
f 5553 5470 5554
f 5554 5470 5468
f 5554 5468 5555
f 5555 5468 5466
f 5555 5466 5556
f 5556 5466 5441
f 5556 5441 5557
f 5557 5441 5440
f 5557 5472 5556
f 5556 5472 5473
f 5556 5473 5555
f 5555 5473 5474
f 5555 5474 5554
f 5554 5474 5476
f 5554 5476 5553
f 5553 5476 5478
f 5553 5478 5552
f 5552 5478 5480
f 5552 5480 5551
f 5551 5480 5558
f 5411 5410 5480
f 5480 5410 5559
f 5480 5559 5558
f 5407 5409 5408
f 5408 5409 5411
f 5408 5411 5560
f 5560 5411 5479
f 5560 5479 5561
f 5561 5479 5477
f 5561 5477 5562
f 5562 5477 5475
f 5562 5475 5563
f 5563 5475 5438
f 5563 5438 5564
f 5564 5438 5437
f 5565 5406 5566
f 5566 5406 5408
f 5566 5408 5567
f 5567 5408 5560
f 5567 5560 5568
f 5568 5560 5561
f 5568 5561 5569
f 5569 5561 5562
f 5569 5562 5435
f 5435 5562 5563
f 5435 5563 5433
f 5433 5563 5564
f 5434 5481 5435
f 5435 5481 5483
f 5435 5483 5569
f 5569 5483 5485
f 5569 5485 5568
f 5568 5485 5487
f 5568 5487 5567
f 5567 5487 5489
f 5567 5489 5566
f 5566 5489 5491
f 5566 5491 5565
f 5565 5491 5570
f 5405 5404 5491
f 5491 5404 5571
f 5491 5571 5570
f 5572 5403 5573
f 5573 5403 5405
f 5573 5405 5574
f 5574 5405 5490
f 5574 5490 5575
f 5575 5490 5488
f 5575 5488 5576
f 5576 5488 5486
f 5576 5486 5577
f 5577 5486 5484
f 5577 5484 5578
f 5578 5484 5482
f 5578 5449 5577
f 5577 5449 5448
f 5577 5448 5576
f 5576 5448 5492
f 5576 5492 5575
f 5575 5492 5494
f 5575 5494 5574
f 5574 5494 5496
f 5574 5496 5573
f 5573 5496 5498
f 5573 5498 5572
f 5572 5498 5579
f 5402 5401 5498
f 5498 5401 5580
f 5498 5580 5579
f 5431 5581 5432
f 5432 5581 5582
f 5432 5582 5493
f 5493 5582 5583
f 5493 5583 5495
f 5495 5583 5584
f 5495 5584 5497
f 5497 5584 5585
f 5497 5585 5402
f 5402 5585 5399
f 5402 5399 5400
f 5400 5399 5398
f 5586 5397 5587
f 5587 5397 5399
f 5587 5399 5588
f 5588 5399 5585
f 5588 5585 5589
f 5589 5585 5584
f 5589 5584 5590
f 5590 5584 5583
f 5590 5583 5429
f 5429 5583 5582
f 5429 5582 5451
f 5451 5582 5581
f 5428 5499 5429
f 5429 5499 5500
f 5429 5500 5590
f 5590 5500 5501
f 5590 5501 5589
f 5589 5501 5503
f 5589 5503 5588
f 5588 5503 5505
f 5588 5505 5587
f 5587 5505 5507
f 5587 5507 5586
f 5586 5507 5591
f 5396 5395 5507
f 5507 5395 5592
f 5507 5592 5591
f 5593 5394 5594
f 5594 5394 5396
f 5594 5396 5595
f 5595 5396 5506
f 5595 5506 5596
f 5596 5506 5504
f 5596 5504 5597
f 5597 5504 5502
f 5597 5502 5598
f 5598 5502 5426
f 5598 5426 5599
f 5599 5426 5425
f 5599 5508 5598
f 5598 5508 5510
f 5598 5510 5597
f 5597 5510 5512
f 5597 5512 5596
f 5596 5512 5514
f 5596 5514 5595
f 5595 5514 5516
f 5595 5516 5594
f 5594 5516 5518
f 5594 5518 5593
f 5593 5518 5600
f 5393 5392 5518
f 5518 5392 5601
f 5518 5601 5600
f 5509 5602 5511
f 5511 5602 5603
f 5511 5603 5513
f 5513 5603 5604
f 5513 5604 5515
f 5515 5604 5605
f 5515 5605 5517
f 5517 5605 5606
f 5517 5606 5393
f 5393 5606 5390
f 5393 5390 5391
f 5391 5390 5389
f 5607 5388 5608
f 5608 5388 5390
f 5608 5390 5609
f 5609 5390 5606
f 5609 5606 5610
f 5610 5606 5605
f 5610 5605 5611
f 5611 5605 5604
f 5611 5604 5612
f 5612 5604 5603
f 5612 5603 5613
f 5613 5603 5602
f 5613 5519 5612
f 5612 5519 5521
f 5612 5521 5611
f 5611 5521 5523
f 5611 5523 5610
f 5610 5523 5525
f 5610 5525 5609
f 5609 5525 5527
f 5609 5527 5608
f 5608 5527 5529
f 5608 5529 5607
f 5607 5529 5614
f 5387 5386 5529
f 5529 5386 5615
f 5529 5615 5614
f 5616 5385 5617
f 5617 5385 5387
f 5617 5387 5618
f 5618 5387 5528
f 5618 5528 5619
f 5619 5528 5526
f 5619 5526 5620
f 5620 5526 5524
f 5620 5524 5621
f 5621 5524 5522
f 5621 5522 5622
f 5622 5522 5520
f 5622 5623 5621
f 5621 5623 5624
f 5621 5624 5620
f 5620 5624 5625
f 5620 5625 5619
f 5619 5625 5626
f 5619 5626 5618
f 5618 5626 5627
f 5618 5627 5617
f 5617 5627 5384
f 5617 5384 5616
f 5616 5384 5383
f 5380 5382 5381
f 5381 5382 5384
f 5381 5384 5628
f 5628 5384 5627
f 5628 5627 5629
f 5629 5627 5626
f 5629 5626 5630
f 5630 5626 5625
f 5630 5625 5631
f 5631 5625 5624
f 5631 5624 5632
f 5632 5624 5623
f 5632 5421 5631
f 5631 5421 5423
f 5631 5423 5630
f 5630 5423 5633
f 5630 5633 5629
f 5629 5633 5634
f 5629 5634 5628
f 5628 5634 5635
f 5628 5635 5381
f 5381 5635 5378
f 5381 5378 5379
f 5379 5378 5377
f 5636 5376 5637
f 5637 5376 5378
f 5637 5378 5638
f 5638 5378 5635
f 5638 5635 5639
f 5639 5635 5634
f 5639 5634 5640
f 5640 5634 5633
f 5640 5633 5641
f 5641 5633 5423
f 5641 5423 5642
f 5642 5423 5422
f 5642 5643 5641
f 5641 5643 5644
f 5641 5644 5640
f 5640 5644 5645
f 5640 5645 5639
f 5639 5645 5646
f 5639 5646 5638
f 5638 5646 5647
f 5638 5647 5637
f 5637 5647 5648
f 5637 5648 5636
f 5636 5648 5649
f 5650 5651 5652
f 5652 5651 5653
f 5653 5651 5654
f 5654 5651 5655
f 5654 5655 5656
f 5655 5657 5656
f 5656 5657 5658
f 5656 5658 5659
f 5660 5661 5662
f 5662 5661 5663
f 5662 5663 5664
f 5664 5663 5665
f 5666 5667 5668
f 5668 5667 5669
f 5668 5669 5670
f 5670 5669 5671
f 5672 5673 5674
f 5672 5674 5675
f 5675 5674 5676
f 5675 5676 5677
f 5678 5679 5680
f 5680 5679 5681
f 5680 5681 5682
f 5682 5681 5683
f 5682 5683 5684
f 5684 5683 5685
f 5684 5685 5686
f 5686 5685 5687
f 5686 5687 5688
f 5688 5687 5689
f 5688 5689 5690
f 5690 5689 5691
f 5690 5691 5692
f 5692 5691 5693
f 5692 5693 5694
f 5694 5693 5695
f 5696 5697 5698
f 5698 5697 5699
f 5698 5699 5700
f 5700 5699 5701
f 5700 5701 5702
f 5702 5701 5703
f 5702 5703 5704
f 5704 5703 5705
f 5704 5705 5706
f 5706 5705 5707
f 5706 5707 5708
f 5708 5707 5709
f 5710 5711 5712
f 5710 5712 5713
f 5713 5712 5714
f 5713 5714 5715
f 5716 5717 5718
f 5718 5717 5719
f 5718 5719 5720
f 5720 5719 5721
f 5722 5723 5724
f 5724 5723 5725
f 5724 5725 5726
f 5726 5725 5727
f 5728 5729 5730
f 5730 5729 5731
f 5730 5731 5732
f 5732 5731 5733
f 5732 5733 5734
f 5734 5733 5735
f 5734 5735 5736
f 5736 5735 5737
f 5738 5739 5740
f 5741 5742 5743
f 5743 5742 5744
f 5744 5742 5745
f 5744 5745 5746
f 5746 5745 5747
f 5746 5747 5748
f 5747 5749 5748
f 5748 5749 5750
f 5748 5750 5751
f 5751 5750 5752
f 5751 5752 5753
f 5740 5739 5754
f 5754 5739 5755
f 5754 5755 5756
f 5756 5755 5757
f 5756 5757 5758
f 5758 5757 5759
f 5758 5759 5760
f 5760 5759 5761
f 5761 5759 5762
f 5761 5762 5763
f 5764 5765 5766
f 5766 5765 5767
f 5766 5767 5768
f 5768 5767 5769
f 5768 5769 5770
f 5770 5769 5771
f 5770 5771 5772
f 5772 5771 5773
f 5772 5773 5774
f 5774 5773 5775
f 5774 5775 5776
f 5777 5778 5764
f 5764 5778 5779
f 5764 5779 5740
f 5740 5779 5780
f 5740 5780 5738
f 5763 5762 5781
f 5781 5762 5782
f 5781 5782 5783
f 5783 5782 5784
f 5783 5784 5785
f 5785 5784 5786
f 5785 5786 5787
f 5787 5786 5788
f 5787 5788 5789
f 5789 5788 5790
f 5789 5790 5791
f 5791 5790 5792
f 5791 5792 5793
f 5776 5775 5794
f 5794 5775 5795
f 5794 5795 5796
f 5796 5795 5797
f 5796 5797 5798
f 5798 5797 5799
f 5798 5799 5800
f 5800 5799 5801
f 5800 5801 5802
f 5802 5801 5803
f 5802 5803 5804
f 5804 5803 5805
f 5804 5805 5806
f 5807 5808 5809
f 5809 5808 5810
f 5809 5810 5811
f 5811 5810 5812
f 5811 5812 5813
f 5813 5812 5814
f 5813 5814 5815
f 5815 5814 5806
f 5815 5806 5816
f 5816 5806 5805
f 5817 5818 5740
f 5740 5818 5819
f 5740 5819 5764
f 5764 5819 5820
f 5764 5820 5765
f 5753 5752 5821
f 5821 5752 5822
f 5821 5822 5823
f 5823 5822 5824
f 5823 5824 5764
f 5764 5824 5825
f 5764 5825 5777
f 5743 5826 5741
f 5741 5826 5827
f 5741 5827 5828
f 5828 5827 5829
f 5828 5829 5830
f 5830 5829 5793
f 5830 5793 5831
f 5831 5793 5792
f 5817 5740 5832
f 5832 5740 5833
f 5832 5833 5834
f 5834 5833 5835
f 5834 5835 5836
f 5836 5835 5837
f 5836 5837 5838
f 5837 5839 5838
f 5838 5839 5840
f 5838 5840 5841
f 5841 5840 5842
f 5841 5842 5843
f 5843 5842 5844
f 5843 5844 5845
f 5845 5844 5846
f 5845 5846 5807
f 5807 5846 5847
f 5807 5847 5808
f 5848 5849 5850
f 5850 5849 5851
f 5850 5851 5852
f 5852 5851 5853
f 5854 5855 5856
f 5856 5855 5857
f 5856 5857 5858
f 5858 5857 5859
f 5858 5859 5860
f 5860 5859 5861
f 5860 5861 5862
f 5862 5861 5863
f 5862 5863 5864
f 5864 5863 5865
f 5864 5865 5866
f 5866 5865 5867
f 5866 5867 5868
f 5868 5867 5869
f 5868 5869 5870
f 5870 5869 5871
f 5870 5871 5872
f 5872 5871 5873
f 5872 5873 5874
f 5874 5873 5875
f 5874 5875 5876
f 5876 5875 5877
f 5876 5877 5878
f 5878 5877 5879
f 5878 5879 5880
f 5880 5879 5881
f 5880 5881 5882
f 5882 5881 5883
f 5882 5883 5884
f 5884 5883 5885
f 5884 5885 5886
f 5886 5885 5887
f 5886 5887 5888
f 5888 5887 5889
f 5888 5889 5890
f 5890 5889 5891
f 5890 5891 5892
f 5892 5891 5893
f 5892 5893 5894
f 5894 5893 5895
f 5894 5895 5896
f 5896 5895 5897
f 5896 5897 5898
f 5898 5897 5899
f 5898 5899 5900
f 5900 5899 5901
f 5900 5901 5902
f 5902 5901 5903
f 5902 5903 5904
f 5904 5903 5905
f 5904 5905 5906
f 5906 5905 5907
f 5906 5907 5908
f 5908 5907 5909
f 5908 5909 5910
f 5910 5909 5911
f 5910 5911 5912
f 5912 5911 5913
f 5912 5913 5914
f 5914 5913 5915
f 5914 5915 5916
f 5916 5915 5917
f 5916 5917 5918
f 5918 5917 5919
f 5918 5919 5920
f 5920 5919 5921
f 5920 5921 5922
f 5922 5921 5923
f 5922 5923 5924
f 5924 5923 5925
f 5924 5925 5926
f 5926 5925 5927
f 5926 5927 5928
f 5928 5927 5929
f 5928 5929 5930
f 5930 5929 5931
f 5930 5931 5932
f 5932 5931 5933
f 5932 5933 5934
f 5934 5933 5935
f 5934 5935 5936
f 5936 5935 5937
f 5936 5937 5938
f 5938 5937 5939
f 5938 5939 5940
f 5940 5939 5941
f 5940 5941 5942
f 5942 5941 5943
f 5942 5943 5944
f 5944 5943 5945
f 5944 5945 5946
f 5946 5945 5947
f 5946 5947 5948
f 5948 5947 5949
f 5948 5949 5950
f 5950 5949 5951
f 5950 5951 5952
f 5952 5951 5953
f 5952 5953 5954
f 5954 5953 5955
f 5954 5955 5956
f 5956 5955 5957
f 5956 5957 5958
f 5958 5957 5959
f 5958 5959 5960
f 5960 5959 5961
f 5960 5961 5962
f 5962 5961 5963
f 5964 5965 5966
f 5966 5965 5967
f 5966 5967 5968
f 5969 5970 5971
f 5971 5970 5972
f 5973 5974 5975
f 5975 5974 5976
f 5975 5976 5977
f 5978 5979 5980
f 5980 5979 5981
f 5980 5981 5982
f 5982 5981 5983
f 5984 5985 5986
f 5986 5985 5987
f 5986 5987 5988
f 5988 5987 5989
f 5988 5989 5990
f 5990 5989 5991
f 5990 5991 5992
f 5992 5991 5993
f 5992 5993 5994
f 5994 5993 5995
f 5996 5997 5998
f 5998 5997 5999
f 5998 5999 6000
f 6000 5999 6001
f 6002 6003 6004
f 6004 6003 6005
f 6004 6005 6006
f 6006 6005 6007
f 6006 6007 6008
f 6008 6007 6009
f 6008 6009 6010
f 6010 6009 6011
f 6010 6011 6012
f 6012 6011 6013
f 6012 6013 6014
f 6014 6013 6015
f 6016 6017 6018
f 6016 6018 6019
f 6019 6018 6020
f 6019 6020 6021
f 6021 6020 6022
f 6021 6022 6023
f 6023 6022 6024
f 6023 6024 6025
f 6025 6024 6026
f 6025 6026 6027
f 6027 6026 6028
f 6027 6028 6029
f 6029 6028 6030
f 6029 6030 6031
f 6032 6033 6034
f 6032 6034 6035
f 6035 6034 6036
f 6035 6036 6037
f 6037 6036 6038
f 6037 6038 6039
f 6039 6038 6040
f 6039 6040 6041
f 6041 6040 6042
f 6041 6042 6043
f 6043 6042 6044
f 6043 6044 6045
f 6045 6044 6046
f 6045 6046 6047
f 6048 6049 6050
f 6048 6050 6051
f 6051 6050 6052
f 6051 6052 6053
f 6053 6052 6054
f 6053 6054 6055
f 6056 6057 6058
f 6059 6060 6061
f 6062 6063 6064
f 6065 6066 6067
f 6068 6069 6070
f 6071 6072 6073
f 6074 6075 6076
f 6077 6078 6079
f 6080 6081 6082
f 6083 6084 6085
f 6086 6087 6088
f 6089 6090 6091
f 6092 6093 6094
f 6095 6096 6097
f 6098 6099 6100
f 6101 6102 6103
f 6104 6105 6106
f 6107 6108 6109
f 6110 6111 6112
f 6113 6114 6115
f 6116 6117 6118
f 6119 6120 6121
f 6122 6123 6124
f 6122 6124 6125
f 6119 6121 6126
f 6116 6118 6127
f 6128 6129 6130
f 6107 6109 6131
f 6132 6133 6134
f 6134 6133 6135
f 6134 6135 6136
f 6136 6135 6137
f 6136 6137 6138
f 6138 6137 6139
f 6138 6139 6140
f 6140 6139 6141
f 6140 6141 6142
f 6142 6141 6100
f 6143 6126 6144
f 6144 6126 6121
f 6144 6121 6145
f 6145 6121 6146
f 6145 6146 6147
f 6147 6146 6148
f 6147 6148 6149
f 6149 6148 6150
f 6149 6150 6151
f 6151 6150 6094
f 6152 6127 6153
f 6153 6127 6118
f 6153 6118 6154
f 6154 6118 6155
f 6154 6155 6156
f 6156 6155 6157
f 6156 6157 6158
f 6158 6157 6159
f 6158 6159 6160
f 6160 6159 6091
f 6161 6162 6163
f 6163 6162 6164
f 6163 6164 6165
f 6165 6164 6166
f 6165 6166 6167
f 6167 6166 6168
f 6167 6168 6169
f 6169 6168 6170
f 6169 6170 6171
f 6171 6170 6085
f 6130 6110 6128
f 6128 6110 6112
f 6128 6112 6172
f 6172 6112 6173
f 6172 6173 6174
f 6174 6173 6175
f 6174 6175 6176
f 6176 6175 6177
f 6176 6177 6178
f 6178 6177 6082
f 6179 6104 6180
f 6180 6104 6106
f 6180 6106 6181
f 6181 6106 6182
f 6181 6182 6183
f 6183 6182 6184
f 6183 6184 6185
f 6185 6184 6186
f 6185 6186 6187
f 6187 6186 6076
f 6188 6189 6190
f 6190 6189 6191
f 6190 6191 6192
f 6192 6191 6193
f 6192 6193 6194
f 6194 6193 6195
f 6194 6195 6196
f 6196 6195 6197
f 6196 6197 6198
f 6198 6197 6073
f 6199 6200 6201
f 6201 6200 6202
f 6201 6202 6203
f 6203 6202 6204
f 6203 6204 6205
f 6205 6204 6206
f 6205 6206 6207
f 6207 6206 6208
f 6207 6208 6209
f 6209 6208 6067
f 6210 6132 6211
f 6211 6132 6134
f 6211 6134 6212
f 6212 6134 6136
f 6212 6136 6213
f 6213 6136 6138
f 6213 6138 6214
f 6214 6138 6140
f 6214 6140 6215
f 6215 6140 6142
f 6215 6142 6216
f 6216 6142 6217
f 6100 6099 6142
f 6142 6099 6218
f 6142 6218 6217
f 6096 6098 6097
f 6097 6098 6100
f 6097 6100 6219
f 6219 6100 6141
f 6219 6141 6220
f 6220 6141 6139
f 6220 6139 6221
f 6221 6139 6137
f 6221 6137 6124
f 6124 6137 6135
f 6124 6135 6125
f 6125 6135 6133
f 6222 6095 6223
f 6223 6095 6097
f 6223 6097 6224
f 6224 6097 6219
f 6224 6219 6225
f 6225 6219 6220
f 6225 6220 6226
f 6226 6220 6221
f 6226 6221 6227
f 6227 6221 6124
f 6227 6124 6228
f 6228 6124 6123
f 6228 6143 6227
f 6227 6143 6144
f 6227 6144 6226
f 6226 6144 6145
f 6226 6145 6225
f 6225 6145 6147
f 6225 6147 6224
f 6224 6147 6149
f 6224 6149 6223
f 6223 6149 6151
f 6223 6151 6222
f 6222 6151 6229
f 6094 6093 6151
f 6151 6093 6230
f 6151 6230 6229
f 6231 6092 6232
f 6232 6092 6094
f 6232 6094 6233
f 6233 6094 6150
f 6233 6150 6234
f 6234 6150 6148
f 6234 6148 6235
f 6235 6148 6146
f 6235 6146 6236
f 6236 6146 6121
f 6236 6121 6237
f 6237 6121 6120
f 6237 6152 6236
f 6236 6152 6153
f 6236 6153 6235
f 6235 6153 6154
f 6235 6154 6234
f 6234 6154 6156
f 6234 6156 6233
f 6233 6156 6158
f 6233 6158 6232
f 6232 6158 6160
f 6232 6160 6231
f 6231 6160 6238
f 6091 6090 6160
f 6160 6090 6239
f 6160 6239 6238
f 6087 6089 6088
f 6088 6089 6091
f 6088 6091 6240
f 6240 6091 6159
f 6240 6159 6241
f 6241 6159 6157
f 6241 6157 6242
f 6242 6157 6155
f 6242 6155 6243
f 6243 6155 6118
f 6243 6118 6244
f 6244 6118 6117
f 6245 6086 6246
f 6246 6086 6088
f 6246 6088 6247
f 6247 6088 6240
f 6247 6240 6248
f 6248 6240 6241
f 6248 6241 6249
f 6249 6241 6242
f 6249 6242 6115
f 6115 6242 6243
f 6115 6243 6113
f 6113 6243 6244
f 6114 6161 6115
f 6115 6161 6163
f 6115 6163 6249
f 6249 6163 6165
f 6249 6165 6248
f 6248 6165 6167
f 6248 6167 6247
f 6247 6167 6169
f 6247 6169 6246
f 6246 6169 6171
f 6246 6171 6245
f 6245 6171 6250
f 6085 6084 6171
f 6171 6084 6251
f 6171 6251 6250
f 6252 6083 6253
f 6253 6083 6085
f 6253 6085 6254
f 6254 6085 6170
f 6254 6170 6255
f 6255 6170 6168
f 6255 6168 6256
f 6256 6168 6166
f 6256 6166 6257
f 6257 6166 6164
f 6257 6164 6258
f 6258 6164 6162
f 6258 6129 6257
f 6257 6129 6128
f 6257 6128 6256
f 6256 6128 6172
f 6256 6172 6255
f 6255 6172 6174
f 6255 6174 6254
f 6254 6174 6176
f 6254 6176 6253
f 6253 6176 6178
f 6253 6178 6252
f 6252 6178 6259
f 6082 6081 6178
f 6178 6081 6260
f 6178 6260 6259
f 6111 6261 6112
f 6112 6261 6262
f 6112 6262 6173
f 6173 6262 6263
f 6173 6263 6175
f 6175 6263 6264
f 6175 6264 6177
f 6177 6264 6265
f 6177 6265 6082
f 6082 6265 6079
f 6082 6079 6080
f 6080 6079 6078
f 6266 6077 6267
f 6267 6077 6079
f 6267 6079 6268
f 6268 6079 6265
f 6268 6265 6269
f 6269 6265 6264
f 6269 6264 6270
f 6270 6264 6263
f 6270 6263 6109
f 6109 6263 6262
f 6109 6262 6131
f 6131 6262 6261
f 6108 6179 6109
f 6109 6179 6180
f 6109 6180 6270
f 6270 6180 6181
f 6270 6181 6269
f 6269 6181 6183
f 6269 6183 6268
f 6268 6183 6185
f 6268 6185 6267
f 6267 6185 6187
f 6267 6187 6266
f 6266 6187 6271
f 6076 6075 6187
f 6187 6075 6272
f 6187 6272 6271
f 6273 6074 6274
f 6274 6074 6076
f 6274 6076 6275
f 6275 6076 6186
f 6275 6186 6276
f 6276 6186 6184
f 6276 6184 6277
f 6277 6184 6182
f 6277 6182 6278
f 6278 6182 6106
f 6278 6106 6279
f 6279 6106 6105
f 6279 6188 6278
f 6278 6188 6190
f 6278 6190 6277
f 6277 6190 6192
f 6277 6192 6276
f 6276 6192 6194
f 6276 6194 6275
f 6275 6194 6196
f 6275 6196 6274
f 6274 6196 6198
f 6274 6198 6273
f 6273 6198 6280
f 6073 6072 6198
f 6198 6072 6281
f 6198 6281 6280
f 6189 6282 6191
f 6191 6282 6283
f 6191 6283 6193
f 6193 6283 6284
f 6193 6284 6195
f 6195 6284 6285
f 6195 6285 6197
f 6197 6285 6286
f 6197 6286 6073
f 6073 6286 6070
f 6073 6070 6071
f 6071 6070 6069
f 6287 6068 6288
f 6288 6068 6070
f 6288 6070 6289
f 6289 6070 6286
f 6289 6286 6290
f 6290 6286 6285
f 6290 6285 6291
f 6291 6285 6284
f 6291 6284 6292
f 6292 6284 6283
f 6292 6283 6293
f 6293 6283 6282
f 6293 6199 6292
f 6292 6199 6201
f 6292 6201 6291
f 6291 6201 6203
f 6291 6203 6290
f 6290 6203 6205
f 6290 6205 6289
f 6289 6205 6207
f 6289 6207 6288
f 6288 6207 6209
f 6288 6209 6287
f 6287 6209 6294
f 6067 6066 6209
f 6209 6066 6295
f 6209 6295 6294
f 6296 6065 6297
f 6297 6065 6067
f 6297 6067 6298
f 6298 6067 6208
f 6298 6208 6299
f 6299 6208 6206
f 6299 6206 6300
f 6300 6206 6204
f 6300 6204 6301
f 6301 6204 6202
f 6301 6202 6302
f 6302 6202 6200
f 6302 6303 6301
f 6301 6303 6304
f 6301 6304 6300
f 6300 6304 6305
f 6300 6305 6299
f 6299 6305 6306
f 6299 6306 6298
f 6298 6306 6307
f 6298 6307 6297
f 6297 6307 6064
f 6297 6064 6296
f 6296 6064 6063
f 6060 6062 6061
f 6061 6062 6064
f 6061 6064 6308
f 6308 6064 6307
f 6308 6307 6309
f 6309 6307 6306
f 6309 6306 6310
f 6310 6306 6305
f 6310 6305 6311
f 6311 6305 6304
f 6311 6304 6312
f 6312 6304 6303
f 6312 6101 6311
f 6311 6101 6103
f 6311 6103 6310
f 6310 6103 6313
f 6310 6313 6309
f 6309 6313 6314
f 6309 6314 6308
f 6308 6314 6315
f 6308 6315 6061
f 6061 6315 6058
f 6061 6058 6059
f 6059 6058 6057
f 6316 6056 6317
f 6317 6056 6058
f 6317 6058 6318
f 6318 6058 6315
f 6318 6315 6319
f 6319 6315 6314
f 6319 6314 6320
f 6320 6314 6313
f 6320 6313 6321
f 6321 6313 6103
f 6321 6103 6322
f 6322 6103 6102
f 6322 6323 6321
f 6321 6323 6324
f 6321 6324 6320
f 6320 6324 6325
f 6320 6325 6319
f 6319 6325 6326
f 6319 6326 6318
f 6318 6326 6327
f 6318 6327 6317
f 6317 6327 6328
f 6317 6328 6316
f 6316 6328 6329
f 6330 6331 6332
f 6332 6331 6333
f 6332 6333 6334
f 6334 6333 6335
f 6334 6335 6336
f 6336 6335 6337
f 6336 6337 6338
f 6338 6337 6339
f 6338 6339 6340
f 6340 6339 6341
f 6340 6341 6342
f 6342 6341 6343
f 6342 6343 6344
f 6344 6343 6345
f 6344 6345 6346
f 6346 6345 6347
f 6346 6347 6348
f 6348 6347 6349
f 6348 6349 6350
f 6350 6349 6351
f 6350 6351 6352
f 6352 6351 6353
f 6352 6353 6354
f 6354 6353 6355
f 6354 6355 6356
f 6356 6355 6357
f 6356 6357 6358
f 6358 6357 6359
f 6358 6359 6360
f 6360 6359 6361
f 6360 6361 6362
f 6362 6361 6363
f 6362 6363 6364
f 6364 6363 6365
f 6364 6365 6366
f 6366 6365 6367
f 6366 6367 6368
f 6368 6367 6369
f 6368 6369 6370
f 6370 6369 6371
f 6370 6371 6372
f 6372 6371 6373
f 6372 6373 6374
f 6374 6373 6375
f 6374 6375 6376
f 6376 6375 6377
f 6376 6377 6378
f 6378 6377 6379
f 6380 6381 6382
f 6383 6381 6384
f 6384 6381 6385
f 6384 6385 6386
f 6383 6387 6381
f 6381 6387 6388
f 6381 6388 6389
f 6390 6391 6392
f 6389 6393 6381
f 6381 6393 6394
f 6381 6394 6382
f 6391 6390 6395
f 6395 6390 6396
f 6395 6396 6397
f 6382 6398 6380
f 6380 6398 6390
f 6380 6390 6399
f 6399 6390 6392
f 6386 6400 6384
f 6384 6400 6401
f 6384 6401 6402
f 6397 6396 6403
f 6403 6396 6404
f 6403 6404 6405
f 6406 6407 6408
f 6408 6407 6409
f 6410 6411 6412
f 6412 6411 6413
f 6414 6415 6416
f 6416 6415 6417
f 6416 6417 6418
f 6418 6417 6419
f 6418 6419 6420
f 6420 6419 6421
f 6422 6423 6424
f 6424 6423 6425
f 6426 6427 6428
f 6428 6427 6429
f 6430 6426 6431
f 6431 6426 6428
f 6432 6433 6434
f 6432 6434 6435
f 6435 6434 6436
f 6435 6436 6437
f 6436 6438 6437
f 6437 6438 6439
f 6437 6439 6440
f 6440 6439 6441
f 6440 6441 6442
f 6442 6441 6443
f 6442 6443 6444
f 6444 6443 6445
f 6444 6445 6446
f 6446 6445 6447
f 6446 6447 6448
f 6449 6450 6451
f 6451 6450 6452
f 6451 6452 6453
f 6453 6452 6454
f 6453 6454 6455
f 6455 6454 6456
f 6455 6456 6457
f 6457 6456 6458
f 6457 6458 6459
f 6460 6461 6462
f 6462 6461 6463
f 6460 6462 6464
f 6460 6464 6465
f 6465 6464 6466
f 6465 6466 6467
f 6467 6466 6468
f 6467 6468 6469
f 6469 6468 6470
f 6469 6470 6471
f 6472 6473 6474
f 6472 6474 6475
f 6475 6474 6476
f 6475 6476 6477
f 6477 6476 6478
f 6477 6478 6479
f 6479 6478 6480
f 6479 6480 6481
f 6481 6480 6482
f 6481 6482 6483
f 6483 6482 6484
f 6483 6484 6485
f 6485 6484 6486
f 6485 6486 6487
f 6488 6489 6490
f 6490 6489 6491
f 6492 6488 6493
f 6493 6488 6490
f 6494 6492 6495
f 6495 6492 6493
f 6496 6497 6498
f 6498 6497 6499
f 6489 6500 6491
f 6491 6500 6501
f 6502 6503 6504
f 6502 6504 6505
f 6505 6504 6506
f 6505 6506 6507
f 6508 6509 6510
f 6508 6510 6511
f 6511 6510 6512
f 6511 6512 6513
f 6513 6512 6514
f 6513 6514 6515
f 6515 6514 6516
f 6515 6516 6517
f 6517 6516 6518
f 6517 6518 6519
f 6519 6518 6503
f 6519 6503 6502
f 6520 6521 6522
f 6520 6522 6523
f 6523 6522 6524
f 6523 6524 6525
f 6520 6526 6521
f 6521 6526 6527
f 6528 6529 6530
f 6528 6530 6531
f 6531 6530 6532
f 6531 6532 6533
f 6533 6532 6534
f 6533 6534 6535
f 6535 6534 6536
f 6535 6536 6537
f 6536 6538 6537
f 6537 6538 6539
f 6537 6539 6540
f 6540 6539 6541
f 6540 6541 6542
f 6542 6541 6543
f 6542 6543 6544
f 6528 6545 6529
f 6529 6545 6546
f 6547 6548 6549
f 6549 6548 6550
f 6548 6551 6550
f 6550 6551 6552
f 6553 6554 6555
f 6555 6554 6556
f 6557 6558 6559
f 6559 6558 6560
f 6561 6562 6563
f 6563 6562 6564
f 6565 6561 6566
f 6566 6561 6563
f 6567 6568 6569
f 6569 6568 6570
f 6569 6570 6571
f 6571 6570 6572
f 6570 6573 6572
f 6572 6573 6574
f 6575 6569 6576
f 6576 6569 6571
f 6577 6578 6579
f 6579 6578 6580
f 6581 6582 6583
f 6583 6582 6584
f 6578 6585 6580
f 6580 6585 6586
f 6585 6587 6586
f 6586 6587 6588
f 6589 6590 6591
f 6591 6590 6592
f 6591 6592 6593
f 6593 6592 6594
f 6592 6595 6594
f 6594 6595 6596
f 6592 6590 6595
f 6595 6590 6597
f 6598 6599 6600
f 6600 6599 6601
f 6602 6603 6601
f 6601 6603 6604
f 6601 6604 6600
f 6600 6604 6605
f 6606 6607 6608
f 6608 6607 6599
f 6608 6599 6609
f 6609 6599 6598
f 6610 6611 6612
f 6612 6611 6613
f 6612 6613 6614
f 6614 6613 6615
f 6616 6612 6617
f 6617 6612 6614
f 6616 6618 6612
f 6612 6618 6610
f 6619 6620 6621
f 6621 6620 6622
f 6621 6622 6623
f 6624 6625 6626
f 6626 6625 6627
f 6628 6629 6630
f 6630 6629 6631
f 6632 6633 6634
f 6634 6633 6635
f 6634 6635 6636
f 6636 6635 6637
f 6635 6633 6638
f 6638 6633 6639
f 6632 6634 6640
f 6640 6634 6641
f 6642 6643 6644
f 6645 6646 6647
f 6648 6649 6650
f 6651 6652 6653
f 6654 6655 6653
f 6653 6655 6656
f 6653 6652 6657
f 6657 6652 6658
f 6657 6658 6659
f 6660 6661 6662
f 6656 6663 6653
f 6653 6663 6664
f 6653 6664 6651
f 6665 6666 6667
f 6667 6666 6668
f 6667 6668 6669
f 6669 6668 6670
f 6669 6670 6671
f 6659 6672 6657
f 6657 6672 6673
f 6657 6673 6674
f 6674 6675 6657
f 6657 6675 6676
f 6657 6676 6662
f 6662 6676 6677
f 6662 6677 6660
f 6661 6678 6662
f 6662 6678 6679
f 6662 6679 6670
f 6670 6679 6680
f 6670 6680 6671
f 6653 6681 6682
f 6665 6654 6666
f 6666 6654 6653
f 6666 6653 6683
f 6683 6653 6684
f 6682 6685 6653
f 6653 6685 6686
f 6653 6686 6684
f 6687 6688 6689
f 6689 6688 6690
f 6688 6691 6690
f 6690 6691 6692
f 6690 6692 6653
f 6653 6692 6693
f 6653 6693 6681
f 6694 6695 6653
f 6653 6695 6696
f 6696 6697 6653
f 6653 6697 6698
f 6653 6698 6690
f 6690 6698 6699
f 6690 6699 6700
f 6700 6701 6690
f 6690 6701 6702
f 6690 6702 6703
f 6703 6702 6704
f 6703 6704 6705
f 6705 6704 6706
f 6705 6706 6707
f 6708 6709 6657
f 6657 6709 6710
f 6657 6710 6653
f 6653 6710 6711
f 6653 6711 6694
f 6706 6712 6707
f 6707 6712 6713
f 6707 6713 6714
f 6715 6716 6657
f 6657 6716 6717
f 6657 6717 6708
f 6714 6718 6707
f 6707 6718 6719
f 6707 6719 6657
f 6657 6719 6720
f 6657 6720 6715
f 6721 6707 6722
f 6722 6707 6723
f 6724 6725 6657
f 6657 6725 6726
f 6657 6726 6727
f 6727 6728 6657
f 6657 6728 6729
f 6657 6729 6730
f 6730 6731 6657
f 6657 6731 6732
f 6657 6732 6707
f 6707 6732 6733
f 6707 6733 6723
f 6721 6734 6707
f 6707 6734 6735
f 6707 6735 6736
f 6737 6738 6739
f 6739 6738 6740
f 6735 6741 6736
f 6736 6741 6742
f 6736 6742 6743
f 6740 6744 6739
f 6739 6744 6745
f 6739 6745 6746
f 6747 6748 6749
f 6749 6748 6750
f 6751 6752 6749
f 6749 6752 6753
f 6749 6753 6754
f 6755 6756 6739
f 6739 6756 6757
f 6739 6757 6758
f 6754 6759 6749
f 6749 6759 6760
f 6749 6760 6761
f 6760 6762 6761
f 6761 6762 6763
f 6761 6763 6764
f 6764 6765 6761
f 6761 6765 6766
f 6761 6766 6767
f 6767 6768 6761
f 6761 6768 6769
f 6761 6769 6739
f 6739 6769 6770
f 6739 6770 6755
f 6771 6739 6772
f 6772 6739 6758
f 6772 6758 6773
f 6743 6737 6736
f 6736 6737 6739
f 6736 6739 6774
f 6774 6739 6771
f 6758 6775 6773
f 6773 6775 6776
f 6773 6776 6777
f 6777 6776 6778
f 6777 6778 6750
f 6750 6778 6779
f 6750 6779 6749
f 6749 6779 6780
f 6749 6780 6751
f 6747 6749 6781
f 6781 6749 6782
f 6781 6782 6783
f 6784 6785 6786
f 6786 6785 6787
f 6786 6787 6788
f 6789 6790 6791
f 6788 6792 6786
f 6786 6792 6793
f 6786 6793 6783
f 6783 6793 6794
f 6783 6794 6781
f 6789 6791 6795
f 6788 6796 6792
f 6792 6796 6797
f 6792 6797 6798
f 6799 6800 6801
f 6801 6800 6802
f 6801 6802 6803
f 6790 6804 6791
f 6791 6804 6805
f 6791 6805 6806
f 6807 6808 6786
f 6786 6808 6809
f 6786 6809 6784
f 6803 6810 6801
f 6801 6810 6811
f 6801 6811 6791
f 6791 6811 6812
f 6791 6812 6795
f 6813 6814 6815
f 6815 6814 6816
f 6815 6816 6817
f 6799 6801 6815
f 6815 6801 6818
f 6815 6818 6813
f 6816 6819 6817
f 6817 6819 6820
f 6817 6820 6797
f 6797 6820 6821
f 6797 6821 6798
f 6822 6823 6644
f 6824 6825 6826
f 6826 6825 6827
f 6826 6827 6828
f 6828 6829 6826
f 6826 6829 6830
f 6826 6830 6644
f 6644 6830 6831
f 6644 6831 6822
f 6823 6832 6644
f 6644 6832 6833
f 6644 6833 6834
f 6835 6801 6836
f 6836 6801 6837
f 6834 6838 6644
f 6644 6838 6839
f 6644 6839 6801
f 6801 6839 6840
f 6801 6840 6837
f 6835 6841 6801
f 6801 6841 6842
f 6801 6842 6818
f 6818 6842 6843
f 6818 6843 6844
f 6844 6845 6818
f 6818 6845 6846
f 6818 6846 6826
f 6826 6846 6847
f 6826 6847 6824
f 6848 6849 6644
f 6850 6851 6826
f 6826 6851 6852
f 6826 6852 6853
f 6854 6855 6856
f 6856 6855 6857
f 6856 6857 6858
f 6854 6859 6855
f 6855 6859 6860
f 6855 6860 6861
f 6852 6862 6853
f 6853 6862 6863
f 6853 6863 6864
f 6864 6863 6865
f 6864 6865 6857
f 6857 6865 6866
f 6857 6866 6858
f 6861 6867 6855
f 6855 6867 6868
f 6855 6868 6644
f 6644 6868 6869
f 6644 6869 6848
f 6849 6870 6644
f 6644 6870 6871
f 6644 6871 6872
f 6872 6873 6644
f 6644 6873 6874
f 6644 6874 6826
f 6826 6874 6875
f 6826 6875 6850
f 6876 6877 6878
f 6878 6877 6857
f 6878 6857 6879
f 6880 6881 6855
f 6855 6881 6882
f 6855 6882 6857
f 6857 6882 6883
f 6857 6883 6879
f 6884 6885 6880
f 6880 6885 6886
f 6880 6886 6881
f 6887 6888 6880
f 6880 6888 6889
f 6880 6889 6884
f 6890 6891 6880
f 6880 6891 6892
f 6880 6892 6887
f 6893 6894 6895
f 6895 6894 6896
f 6646 6645 6650
f 6650 6645 6897
f 6650 6897 6898
f 6894 6648 6896
f 6896 6648 6650
f 6896 6650 6899
f 6899 6650 6898
f 6900 6901 6902
f 6903 6904 6647
f 6647 6904 6905
f 6647 6905 6645
f 6906 6907 6908
f 6909 6910 6911
f 6911 6910 6912
f 6913 6914 6647
f 6907 6915 6908
f 6908 6915 6916
f 6908 6916 6917
f 6914 6918 6647
f 6647 6918 6919
f 6647 6919 6920
f 6903 6647 6921
f 6921 6647 6920
f 6921 6920 6922
f 6909 6923 6910
f 6910 6923 6924
f 6910 6924 6925
f 6925 6924 6926
f 6925 6926 6908
f 6908 6926 6927
f 6908 6927 6906
f 6902 6928 6900
f 6900 6928 6929
f 6900 6929 6930
f 6900 6931 6932
f 6932 6933 6900
f 6900 6933 6934
f 6900 6934 6647
f 6647 6934 6935
f 6647 6935 6913
f 6910 6936 6912
f 6912 6936 6931
f 6912 6931 6937
f 6937 6931 6900
f 6937 6900 6938
f 6938 6900 6930
f 6939 6940 6941
f 6941 6940 6942
f 6941 6942 6943
f 6944 6945 6946
f 6946 6945 6947
f 6946 6947 6948
f 6948 6949 6946
f 6946 6949 6950
f 6946 6950 6900
f 6900 6950 6951
f 6900 6951 6901
f 6917 6916 6952
f 6952 6916 6945
f 6952 6945 6953
f 6953 6945 6944
f 6953 6944 6954
f 6920 6955 6922
f 6922 6955 6956
f 6922 6956 6957
f 6957 6956 6958
f 6957 6958 6942
f 6942 6958 6959
f 6942 6959 6943
f 6960 6961 6962
f 6962 6961 6963
f 6962 6963 6964
f 6964 6963 6939
f 6964 6939 6944
f 6944 6939 6941
f 6944 6941 6954
f 6965 6966 6967
f 6968 6969 6970
f 6965 6967 6971
f 6972 6973 6974
f 6975 6976 6968
f 6968 6976 6977
f 6968 6977 6969
f 6970 6978 6968
f 6968 6978 6979
f 6968 6979 6980
f 6980 6979 6981
f 6980 6981 6982
f 6982 6981 6983
f 6982 6983 6967
f 6967 6983 6984
f 6967 6984 6971
f 6966 6985 6967
f 6967 6985 6986
f 6967 6986 6974
f 6974 6986 6987
f 6974 6987 6988
f 6988 6989 6974
f 6974 6989 6990
f 6974 6990 6972
f 6973 6991 6974
f 6974 6991 6992
f 6974 6992 6993
f 6993 6992 6994
f 6993 6994 6995
f 6975 6996 6976
f 6976 6996 6997
f 6976 6997 6995
f 6997 6998 6995
f 6995 6998 6999
f 6995 6999 6993
f 6993 6999 7000
f 6993 7000 7001
f 7001 7000 7002
f 7000 7003 7004
f 7004 7005 7000
f 7000 7005 7006
f 7000 7006 7002
f 7007 7008 7009
f 7009 7008 7010
f 7009 7010 7011
f 7011 7010 7012
f 6890 6880 7013
f 7013 6880 7014
f 7013 7014 7015
f 7015 7014 7016
f 7015 7016 7017
f 7017 7016 7018
f 7017 7018 7019
f 7019 7018 7020
f 7019 7020 6649
f 7021 7022 7023
f 7024 6791 7025
f 7025 6791 7026
f 7022 7027 7023
f 7023 7027 7028
f 7023 7028 6791
f 6791 7028 7029
f 6791 7029 7026
f 7024 7030 6791
f 6791 7030 7031
f 6791 7031 7018
f 7031 7032 7018
f 7018 7032 7033
f 7018 7033 7034
f 7034 7035 7018
f 7018 7035 7036
f 7018 7036 7037
f 7020 7038 7039
f 7039 7040 7020
f 7020 7040 7041
f 7020 7041 7023
f 7023 7041 7042
f 7023 7042 7021
f 7037 7043 7018
f 7018 7043 7044
f 7018 7044 7020
f 7020 7044 7045
f 7020 7045 7038
f 6791 7046 7047
f 7048 7049 6791
f 6791 7047 6801
f 6801 7047 7050
f 6801 7050 7051
f 7049 7052 6791
f 6791 7052 7053
f 6791 7053 7046
f 7054 7016 7055
f 7055 7016 6801
f 7055 6801 7056
f 7056 6801 7051
f 7054 7057 7016
f 7016 7057 7058
f 7016 7058 7059
f 7060 7061 7018
f 7018 7061 7062
f 7018 7062 7063
f 7063 7064 7018
f 7018 7064 7065
f 7018 7065 6791
f 6791 7065 7066
f 6791 7066 7048
f 7059 7067 7016
f 7016 7067 7068
f 7016 7068 7018
f 7018 7068 7069
f 7018 7069 7060
f 7070 7071 6801
f 7072 6644 7073
f 7073 6644 7074
f 7014 7075 7076
f 7076 7077 7014
f 7014 7077 7078
f 7014 7078 7079
f 7016 7080 7081
f 7071 7082 6801
f 6801 7082 7083
f 6801 7083 6644
f 6644 7083 7084
f 6644 7084 7074
f 7072 7085 6644
f 6644 7085 7086
f 6644 7086 7014
f 7014 7086 7087
f 7014 7087 7075
f 7079 7088 7014
f 7014 7088 7089
f 7014 7089 7016
f 7016 7089 7090
f 7016 7090 7080
f 7081 7091 7016
f 7016 7091 7092
f 7016 7092 6801
f 6801 7092 7093
f 6801 7093 7070
f 7094 7095 6855
f 6644 6643 6855
f 6855 6643 7096
f 6855 7096 7094
f 7097 7098 6880
f 6880 7098 7099
f 6880 7099 7100
f 7101 7102 7014
f 7014 7102 7103
f 7095 7104 6855
f 6855 7104 7105
f 6855 7105 6880
f 6880 7105 7106
f 6880 7106 7097
f 7100 7107 6880
f 6880 7107 7108
f 6880 7108 7014
f 7014 7108 7109
f 7014 7109 7101
f 7103 7110 7014
f 7014 7110 7111
f 7014 7111 6644
f 6644 7111 7112
f 6644 7112 7113
f 7113 7114 6644
f 6644 7114 7115
f 6644 7115 6642
f 7116 7117 6786
f 6786 7117 7118
f 7119 7120 7121
f 7121 7120 7122
f 7118 7123 6786
f 6786 7123 7124
f 6786 7124 7125
f 7125 7126 6786
f 6786 7126 6791
f 6786 6791 6807
f 6807 6791 6806
f 7126 7127 6791
f 6791 7127 7128
f 6791 7128 7129
f 7129 7130 6791
f 6791 7130 7131
f 6791 7131 7132
f 7023 7133 7134
f 7134 7135 7023
f 7023 7135 7136
f 7023 7136 7121
f 7121 7136 7137
f 7121 7137 7119
f 7132 7138 6791
f 6791 7138 7139
f 6791 7139 7023
f 7023 7139 7140
f 7023 7140 7133
f 7141 7142 7143
f 7143 7142 7144
f 7145 7146 7147
f 7147 7146 7148
f 7147 7148 7149
f 7149 7148 7142
f 7149 7142 7150
f 7150 7142 7141
f 7121 7151 7152
f 7153 7154 6647
f 6647 7154 7155
f 7155 7156 6647
f 6647 7156 7157
f 6647 7157 7158
f 7159 7160 6900
f 6900 7160 7161
f 6900 7161 7162
f 7162 7163 6900
f 6900 7163 7164
f 6900 7164 7165
f 7152 7166 7121
f 7121 7166 7167
f 7121 7167 7168
f 7169 7170 7147
f 7147 7170 7171
f 7147 7171 7145
f 6647 7172 7173
f 7173 7174 6647
f 6647 7174 7175
f 6647 7175 6900
f 6900 7175 7176
f 6900 7176 7159
f 7164 7177 7165
f 7165 7177 7178
f 7165 7178 7179
f 7179 7180 7165
f 7165 7180 7181
f 7165 7181 7144
f 7151 7121 7182
f 7182 7121 7165
f 7182 7165 7183
f 6649 7020 6650
f 6650 7020 7023
f 6650 7023 6646
f 6646 7023 7121
f 6646 7121 6647
f 6647 7121 7168
f 6647 7168 7153
f 7169 7184 7170
f 7170 7184 7172
f 7170 7172 7185
f 7185 7172 6647
f 7185 6647 7186
f 7186 6647 7158
f 7142 7187 7144
f 7144 7187 7188
f 7144 7188 7165
f 7165 7188 7189
f 7165 7189 7183
f 7190 7191 6974
f 7192 6900 7193
f 7193 6900 7194
f 7191 7195 6974
f 6974 7195 7196
f 6974 7196 7197
f 7197 7198 6974
f 6974 7198 7199
f 6974 7199 6900
f 6900 7199 7200
f 6900 7200 7194
f 7192 7201 6900
f 6900 7201 7202
f 6900 7202 6946
f 6946 7202 7203
f 6946 7203 7204
f 7205 6993 7206
f 7206 6993 6946
f 7206 6946 7207
f 7207 6946 7204
f 7205 7208 6993
f 6993 7208 7209
f 6993 7209 7210
f 7210 7211 6993
f 6993 7211 7212
f 6993 7212 6974
f 6974 7212 7213
f 6974 7213 7190
f 7214 7215 7216
f 7216 7215 7217
f 7216 7217 7218
f 7219 7220 6974
f 6974 7220 7221
f 6974 7221 7222
f 7222 7223 6974
f 6974 7223 7224
f 6974 7224 7214
f 7225 7226 6900
f 6900 7226 7227
f 6900 7227 7228
f 7218 7229 7216
f 7216 7229 7230
f 7216 7230 7165
f 7165 7230 7231
f 7165 7231 7232
f 7232 7233 7165
f 7165 7233 7234
f 7165 7234 6900
f 6900 7234 7235
f 6900 7235 7225
f 7228 7236 6900
f 6900 7236 7237
f 6900 7237 6974
f 6974 7237 7238
f 6974 7238 7219
f 7239 7240 7216
f 6967 7241 7242
f 6967 7243 7244
f 7244 7243 7245
f 7244 7245 7246
f 7214 7216 6974
f 6974 7216 7240
f 6974 7240 7247
f 6974 7248 7249
f 6974 7249 6967
f 6967 7249 7250
f 6967 7250 7241
f 7242 7251 6967
f 6967 7251 7252
f 6967 7252 7243
f 7246 7253 7244
f 7244 7253 7254
f 7244 7254 7216
f 7216 7254 7255
f 7216 7255 7256
f 7247 7257 6974
f 6974 7257 7258
f 6974 7258 7259
f 7256 7260 7216
f 7216 7260 7261
f 7216 7261 7239
f 7259 7262 6974
f 6974 7262 7263
f 6974 7263 7248
f 7264 7265 6749
f 7266 7267 6749
f 6749 7267 7268
f 6749 7268 7264
f 7269 7270 6761
f 6761 7270 7271
f 6761 7271 7272
f 7272 7273 6761
f 6761 7273 7274
f 6761 7274 7275
f 7275 7276 6761
f 6761 7276 7277
f 6761 7277 6749
f 6749 7277 7278
f 6749 7278 7266
f 7265 7244 6749
f 6749 7244 7216
f 6749 7216 6782
f 6782 7216 7165
f 6782 7165 6783
f 6783 7165 7121
f 6783 7121 6786
f 6786 7121 7122
f 6786 7122 7116
f 7279 7280 7281
f 7281 7280 7282
f 7265 7283 7244
f 7244 7283 7284
f 7244 7284 7285
f 7285 7279 7244
f 7244 7279 7281
f 7244 7281 6967
f 6967 7281 7286
f 6967 7286 6982
f 6982 7286 7287
f 7282 7288 7281
f 7281 7288 7289
f 7281 7289 7290
f 7281 7291 7286
f 7286 7291 7292
f 7286 7292 7287
f 7287 7292 7007
f 7287 7007 7293
f 7293 7007 7009
f 7294 7295 7296
f 7297 7298 6761
f 6761 7298 7299
f 7294 7296 7300
f 7290 7269 7281
f 7281 7269 6761
f 7281 6761 7301
f 7301 6761 7299
f 7302 7303 7291
f 7295 7304 7296
f 7296 7304 7305
f 7296 7305 6761
f 6761 7305 7306
f 6761 7306 7307
f 7307 7308 6761
f 6761 7308 7309
f 6761 7309 7297
f 7301 7310 7281
f 7281 7310 7311
f 7281 7311 7312
f 7312 7313 7281
f 7281 7313 7314
f 7281 7314 7291
f 7291 7314 7315
f 7291 7315 7302
f 7303 7316 7291
f 7291 7316 7317
f 7291 7317 7296
f 7296 7317 7318
f 7296 7318 7300
f 7319 7320 6761
f 7319 6761 7321
f 7321 6761 6739
f 7321 6739 7322
f 7323 7324 7325
f 7325 7324 7326
f 7325 7326 6739
f 6739 7326 7327
f 6739 7327 7328
f 7328 7329 6739
f 6739 7329 7330
f 6739 7330 7322
f 7331 7332 7296
f 7296 7332 7333
f 7296 7334 7325
f 7325 7334 7335
f 7325 7335 7323
f 7320 7336 6761
f 6761 7336 7337
f 6761 7337 7338
f 7338 7339 6761
f 6761 7339 7340
f 6761 7340 7296
f 7296 7340 7341
f 7296 7341 7331
f 7333 7342 7296
f 7296 7342 7343
f 7296 7343 7334
f 7344 7345 6662
f 7346 7347 6657
f 6657 7347 7348
f 7344 6662 7349
f 6746 6724 6739
f 6739 6724 6657
f 6739 6657 7350
f 7350 6657 7348
f 7351 7352 7325
f 7345 7353 6662
f 6662 7353 7354
f 6662 7354 6657
f 6657 7354 7355
f 6657 7355 7356
f 7356 7357 6657
f 6657 7357 7358
f 6657 7358 7346
f 7350 7359 6739
f 6739 7359 7360
f 6739 7360 7361
f 7361 7362 6739
f 6739 7362 7363
f 6739 7363 7325
f 7325 7363 7364
f 7325 7364 7351
f 7352 7365 7325
f 7325 7365 7366
f 7325 7366 6662
f 6662 7366 7367
f 6662 7367 7349
f 7108 7368 7109
f 7109 7368 7369
f 7109 7369 7101
f 7101 7369 7370
f 7101 7370 7102
f 7102 7370 7371
f 7102 7371 7103
f 7103 7371 7372
f 7103 7372 7110
f 7110 7372 7373
f 7110 7373 7111
f 7111 7373 7374
f 7111 7374 7112
f 7112 7374 7375
f 7112 7375 7113
f 7113 7375 7376
f 7113 7376 7114
f 7114 7376 7377
f 7114 7377 7115
f 7115 7377 7378
f 7115 7378 6642
f 6642 7378 7379
f 6642 7379 6643
f 6643 7379 7380
f 6984 7381 6971
f 6971 7381 7382
f 6971 7382 6965
f 6965 7382 7383
f 6965 7383 6966
f 6966 7383 7384
f 6966 7384 6985
f 6985 7384 7385
f 6985 7385 6986
f 6986 7385 7386
f 6986 7386 6987
f 6987 7386 7387
f 6987 7387 6988
f 6988 7387 7388
f 6988 7388 6989
f 6989 7388 7389
f 6989 7389 6990
f 6990 7389 7390
f 6990 7390 6972
f 6972 7390 7391
f 6972 7391 6973
f 6973 7391 7392
f 6973 7392 6991
f 6991 7392 7393
f 7348 7394 7350
f 7350 7394 7395
f 7350 7395 7359
f 7359 7395 7396
f 7359 7396 7360
f 7360 7396 7397
f 7360 7397 7361
f 7361 7397 7398
f 7361 7398 7362
f 7362 7398 7399
f 7362 7399 7363
f 7363 7399 7400
f 7363 7400 7364
f 7364 7400 7401
f 7364 7401 7351
f 7351 7401 7402
f 7351 7402 7352
f 7352 7402 7403
f 7352 7403 7365
f 7365 7403 7404
f 7365 7404 7366
f 7366 7404 7405
f 7366 7405 7367
f 7367 7405 7406
f 7407 7408 6890
f 6890 7408 6891
f 6891 7408 6892
f 6892 7408 7409
f 6892 7409 6887
f 7409 7410 6887
f 6887 7410 7411
f 6887 7411 6888
f 6888 7411 7412
f 6888 7412 6889
f 6889 7412 6884
f 6884 7412 7413
f 6884 7413 6885
f 7413 7414 6885
f 6885 7414 7415
f 6885 7415 6886
f 6886 7415 7416
f 6886 7416 6881
f 7417 7418 6705
f 6705 7418 6703
f 6703 7418 6690
f 6690 7418 7419
f 6690 7419 6689
f 7419 7420 6689
f 6689 7420 7421
f 6689 7421 6687
f 6687 7421 7422
f 6687 7422 6688
f 6688 7422 7423
f 6688 7423 6691
f 6691 7423 7424
f 6691 7424 6692
f 7425 7426 7427
f 7427 7426 7428
f 7427 7428 7429
f 7429 7428 7430
f 7431 7432 7433
f 7434 7431 7435
f 7435 7431 7436
f 7434 7437 7431
f 7431 7437 7438
f 7431 7438 7432
f 7439 7440 7441
f 7442 7443 7433
f 7433 7443 7444
f 7436 7445 7435
f 7435 7445 7439
f 7435 7439 7446
f 7446 7439 7441
f 7447 7448 7433
f 7433 7448 7449
f 7433 7449 7442
f 7444 7450 7433
f 7433 7450 7451
f 7433 7451 7431
f 7452 7453 7454
f 7454 7453 7455
f 7454 7455 7439
f 7439 7455 7456
f 7439 7456 7440
f 7457 7458 7459
f 7457 7459 7460
f 7460 7459 7461
f 7460 7461 7462
f 7463 7464 7465
f 7465 7464 7466
f 7465 7466 7467
f 7467 7466 7468
f 7467 7468 7469
f 7469 7468 7470
f 7471 7472 7473
f 7473 7472 7474
f 7473 7474 7475
f 7476 7477 7478
f 7479 7480 7481
f 7481 7480 7482
f 7483 7484 7485
f 7486 7487 7488
f 7488 7487 7481
f 7489 7490 7491
f 7489 7491 7486
f 7486 7491 7492
f 7486 7492 7493
f 7493 7494 7486
f 7486 7494 7495
f 7486 7495 7496
f 7488 7482 7497
f 7497 7482 7498
f 7499 7497 7498
f 7500 7501 7502
f 7502 7501 7503
f 7502 7503 7504
f 7504 7503 7505
f 7506 7507 7508
f 7508 7509 7506
f 7506 7509 7510
f 7506 7510 7511
f 7500 7512 7501
f 7501 7512 7513
f 7501 7513 7514
f 7514 7515 7501
f 7501 7515 7516
f 7501 7516 7517
f 7503 7518 7519
f 7520 7521 7522
f 7522 7521 7523
f 7511 7524 7506
f 7506 7524 7500
f 7506 7500 7525
f 7525 7500 7502
f 7525 7502 7526
f 7526 7502 7523
f 7526 7523 7527
f 7527 7523 7521
f 7519 7528 7503
f 7503 7528 7529
f 7503 7529 7505
f 7530 7531 7532
f 7532 7531 7533
f 7534 7535 7536
f 7536 7535 7537
f 7538 7539 7540
f 7540 7539 7541
f 7540 7541 7542
f 7542 7541 7543
f 7542 7543 7544
f 7544 7543 7545
f 7544 7545 7546
f 7546 7545 7547
f 7546 7547 7548
f 7548 7547 7549
f 7548 7549 7550
f 7550 7549 7551
f 7550 7551 7552
f 7552 7551 7553
f 7552 7553 7554
f 7554 7553 7555
f 7554 7555 7556
f 7556 7555 7557
f 7556 7557 7558
f 7558 7557 7559
f 7558 7559 7560
f 7560 7559 7561
f 7560 7561 7562
f 7562 7561 7563
f 7562 7563 7564
f 7564 7563 7565
f 7564 7565 7566
f 7566 7565 7567
f 7566 7567 7568
f 7568 7567 7569
f 7568 7569 7570
f 7570 7569 7571
f 7570 7571 7572
f 7572 7571 7573
f 7572 7573 7574
f 7574 7573 7575
f 7574 7575 7576
f 7576 7575 7577
f 7576 7577 7578
f 7578 7577 7579
f 7578 7579 7580
f 7580 7579 7581
f 7580 7581 7582
f 7582 7581 7583
f 7582 7583 7584
f 7584 7583 7585
f 7584 7585 7538
f 7538 7585 7539
f 7586 7587 7588
f 7588 7587 7589
f 7590 7591 7592
f 7592 7591 7593
f 7592 7593 7594
f 7594 7593 7595
f 7594 7595 7596
f 7597 7598 7599
f 7597 7599 7600
f 7598 7601 7599
f 7599 7601 7602
f 7599 7602 7603
f 7603 7602 7604
f 7603 7604 7605
f 7606 7607 7608
f 7608 7607 7609
f 7610 7611 7612
f 7612 7613 7610
f 7610 7613 7614
f 7610 7614 7599
f 7599 7614 7615
f 7599 7615 7600
f 7605 7616 7603
f 7603 7616 7617
f 7603 7617 7606
f 7606 7617 7618
f 7606 7618 7607
f 7594 7619 7620
f 7620 7619 7621
f 7620 7621 7609
f 7609 7621 7622
f 7609 7622 7608
f 7620 7623 7594
f 7594 7623 7624
f 7594 7624 7592
f 7592 7624 7625
f 7611 7610 7626
f 7626 7610 7627
f 7626 7627 7628
f 7629 7630 7631
f 7631 7630 7632
f 7631 7632 7625
f 7625 7632 7590
f 7625 7590 7592
f 7633 7634 7631
f 7631 7634 7635
f 7631 7635 7629
f 7628 7627 7631
f 7631 7627 7636
f 7631 7636 7633
f 7637 7638 7639
f 7639 7638 7640
f 7639 7640 7641
f 7641 7640 7642
f 7643 7644 7645
f 7645 7644 7646
f 7647 7648 7649
f 7649 7648 7650
f 7649 7650 7651
f 7651 7650 7652
f 7651 7652 7653
f 7653 7652 7654
f 7653 7654 7655
f 7655 7654 7656
f 7655 7656 7657
f 7657 7656 7658
f 7657 7658 7659
f 7659 7658 7660
f 7659 7660 7661
f 7661 7660 7662
f 7661 7662 7663
f 7663 7662 7664
f 7663 7664 7665
f 7665 7664 7666
f 7665 7666 7667
f 7667 7666 7668
f 7667 7668 7669
f 7669 7668 7670
f 7669 7670 7671
f 7671 7670 7672
f 7673 7674 7675
f 7675 7674 7676
f 7677 7678 7679
f 7677 7679 7680
f 7680 7679 7681
f 7680 7681 7682
f 7682 7681 7683
f 7682 7683 7684
f 7684 7683 7685
f 7684 7685 7686
f 7686 7685 7687
f 7686 7687 7688
f 7688 7687 7689
f 7688 7689 7690
f 7690 7689 7691
f 7690 7691 7692
f 7692 7691 7693
f 7692 7693 7694
f 7694 7693 7695
f 7694 7695 7696
f 7696 7695 7697
f 7696 7697 7698
f 7698 7697 7699
f 7698 7699 7700
f 7700 7699 7701
f 7700 7701 7702
f 7703 7704 7705
f 7706 7707 7708
f 7708 7707 7709
f 7708 7709 7710
f 7710 7709 7711
f 7710 7711 7712
f 7712 7711 7713
f 7712 7713 7714
f 7714 7713 7715
f 7714 7715 7716
f 7716 7715 7703
f 7716 7703 7717
f 7717 7703 7705
f 7718 7719 7720
f 7720 7719 7721
f 7720 7721 7722
f 7722 7721 7723
f 7722 7723 7724
f 7724 7723 7725
f 7726 7727 7728
f 7728 7727 7729
f 7727 7730 7729
f 7729 7730 7731
f 7732 7733 7734
f 7734 7733 7735
f 7734 7735 7736
f 7736 7735 7737
f 7738 7739 7740
f 7741 7742 7743
f 7743 7742 7744
f 7743 7744 7745
f 7745 7744 7746
f 7745 7746 7747
f 7747 7746 7748
f 7747 7748 7749
f 7749 7748 7750
f 7738 7740 7751
f 7751 7740 7752
f 7751 7752 7753
f 7753 7752 7754
f 7753 7754 7755
f 7755 7754 7756
f 7755 7756 7757
f 7757 7756 7758
f 7757 7758 7759
f 7759 7758 7760
f 7759 7760 7761
f 7761 7760 7762
f 7761 7762 7763
f 7763 7762 7764
f 7763 7764 7765
f 7765 7764 7766
f 7765 7766 7767
f 7767 7766 7768
f 7767 7768 7769
f 7769 7768 7770
f 7769 7770 7771
f 7771 7770 7772
f 7771 7772 7773
f 7773 7772 7774
f 7774 7772 7775
f 7774 7775 7776
f 7776 7775 7777
f 7776 7777 7778
f 7778 7777 7779
f 7778 7779 7780
f 7780 7779 7781
f 7780 7781 7782
f 7782 7781 7783
f 7782 7783 7784
f 7784 7783 7785
f 7784 7785 7750
f 7750 7785 7786
f 7750 7786 7749
f 7758 7787 7788
f 7758 7788 7760
f 7760 7788 7789
f 7760 7789 7762
f 7789 7790 7762
f 7762 7790 7791
f 7762 7791 7764
f 7764 7791 7792
f 7764 7792 7766
f 7766 7792 7793
f 7766 7793 7768
f 7768 7793 7794
f 7768 7794 7770
f 7770 7794 7795
f 7770 7795 7772
f 7772 7795 7796
f 7772 7796 7775
f 7775 7796 7797
f 7775 7797 7777
f 7777 7797 7798
f 7777 7798 7779
f 7799 7786 7800
f 7800 7786 7785
f 7800 7785 7801
f 7801 7785 7783
f 7801 7783 7802
f 7802 7783 7781
f 7802 7781 7803
f 7803 7781 7779
f 7803 7779 7798
f 7742 7741 7804
f 7804 7741 7805
f 7742 7804 7806
f 7742 7806 7744
f 7744 7806 7807
f 7744 7807 7746
f 7746 7807 7808
f 7746 7808 7748
f 7748 7808 7809
f 7748 7809 7750
f 7773 7810 7811
f 7773 7811 7771
f 7771 7811 7812
f 7771 7812 7769
f 7769 7812 7813
f 7769 7813 7767
f 7767 7813 7814
f 7767 7814 7765
f 7765 7814 7815
f 7765 7815 7763
f 7763 7815 7816
f 7763 7816 7761
f 7761 7816 7817
f 7761 7817 7759
f 7739 7738 7818
f 7818 7738 7819
f 7820 7821 7822
f 7822 7823 7820
f 7820 7823 7824
f 7820 7824 7825
f 7826 7827 7828
f 7828 7827 7825
f 7828 7825 7829
f 7829 7825 7824
f 7829 7824 7830
f 7830 7824 7831
f 7821 7820 7832
f 7832 7820 7833
f 7823 7822 7834
f 7834 7822 7835
f 7824 7823 7836
f 7836 7823 7834
f 7831 7824 7837
f 7837 7824 7836
f 7830 7831 7838
f 7838 7831 7837
f 7829 7830 7839
f 7839 7830 7838
f 7825 7827 7840
f 7840 7827 7841
f 7842 7843 7844
f 7842 7844 7845
f 7845 7844 7846
f 7845 7846 7847
f 7848 7849 7850
f 7848 7850 7851
f 7851 7850 7852
f 7851 7852 7853
f 7853 7852 7854
f 7853 7854 7855
f 7855 7854 7856
f 7855 7856 7857
f 7857 7856 7858
f 7857 7858 7859
f 7859 7858 7860
f 7859 7860 7861
f 7862 7863 7864
f 7864 7863 7865
f 7866 7867 7868
f 7868 7869 7866
f 7866 7869 7870
f 7866 7870 7871
f 7872 7873 7874
f 7875 7871 7876
f 7876 7871 7870
f 7876 7870 7874
f 7874 7870 7868
f 7874 7868 7872
f 7872 7868 7867
f 7872 7867 7877
f 7877 7867 7878
f 7873 7872 7879
f 7879 7872 7877
f 7875 7876 7880
f 7880 7876 7881
f 7867 7866 7878
f 7878 7866 7882
f 7883 7884 7885
f 7885 7884 7886
f 7885 7886 7887
f 7887 7886 7888
f 7885 7887 7889
f 7889 7887 7890
f 7891 7892 7893
f 7893 7892 7894
f 7893 7894 7895
f 7895 7894 7896
f 7897 7898 7899
f 7899 7898 7900
f 7901 7902 7903
f 7903 7902 7904
f 7905 7906 7907
f 7907 7906 7908
f 7907 7908 7909
f 7909 7908 7910
f 7905 7907 7911
f 7911 7907 7912
f 7913 7914 7915
f 7915 7914 7916
f 7917 7918 7919
f 7917 7919 7920
f 7920 7919 7921
f 7920 7921 7922
f 7922 7921 7923
f 7922 7923 7924
f 7924 7923 7925
f 7924 7925 7926
f 7927 7928 7929
f 7929 7928 7930
f 7929 7930 7931
f 7931 7930 7932
f 7931 7932 7933
f 7933 7932 7934
f 7935 7936 7937
f 7935 7937 7938
f 7938 7937 7939
f 7938 7939 7940
f 7941 7942 7943
f 7941 7943 7944
f 7944 7943 7945
f 7944 7945 7946
f 7946 7945 7947
f 7946 7947 7948
f 7948 7947 7949
f 7948 7949 7950
f 7951 7952 7953
f 7951 7953 7954
f 7954 7953 7955
f 7954 7955 7956
f 7956 7955 7957
f 7956 7957 7958
f 7958 7957 7959
f 7958 7959 7960
f 7961 7962 7963
f 7961 7963 7964
f 7964 7963 7965
f 7964 7965 7966
f 7966 7965 7967
f 7966 7967 7968
f 7968 7967 7969
f 7968 7969 7970
f 7970 7969 7971
f 7970 7971 7972
f 7972 7971 7973
f 7972 7973 7974
f 7974 7973 7975
f 7974 7975 7976
f 7977 7978 7979
f 7979 7978 7980
f 7978 7981 7980
f 7980 7981 7982
f 7983 7984 7985
f 7985 7984 7986
f 7987 7988 7989
f 7989 7988 7990
f 7991 7992 7993
f 7993 7992 7994
f 7993 7994 7995
f 7996 7997 7998
f 7996 7998 7999
f 7999 7998 8000
f 7999 8000 8001
f 8001 8000 8002
f 8001 8002 8003
f 8003 8002 8004
f 8003 8004 8005
f 8006 8007 8008
f 8009 8010 8008
f 8008 8010 8011
f 8008 8011 8006
f 8009 8012 8010
f 8010 8012 8013
f 8010 8013 8014
f 8014 8013 8015
f 8014 8015 8016
f 8017 8018 8019
f 8019 8018 8020
f 8021 8022 8023
f 8024 8025 8026
f 8026 8025 8027
f 8026 8027 8028
f 8024 8029 8025
f 8025 8029 8030
f 8025 8030 8031
f 8031 8032 8025
f 8025 8032 8033
f 8025 8033 8034
f 8034 8035 8025
f 8025 8035 8036
f 8025 8036 8037
f 8022 8021 8038
f 8038 8021 8039
f 8040 8041 8042
f 8043 8027 8044
f 8044 8027 8038
f 8045 8046 8047
f 8047 8046 8048
f 8049 8050 8048
f 8048 8050 8051
f 8049 8048 8040
f 8040 8048 8046
f 8052 8041 8023
f 8023 8041 8053
f 8039 8021 8047
f 8047 8021 8045
f 8044 8051 8043
f 8043 8051 8050
f 8054 8055 8056
f 8056 8055 8057
f 8055 8058 8057
f 8057 8058 8059
f 8057 8059 8060
f 8060 8059 8061
f 8060 8061 8062
f 8062 8061 8063
f 8062 8063 8064
f 8064 8063 8065
f 8064 8065 8066
f 8066 8065 8067
f 8066 8067 8068
f 8068 8067 8069
f 8068 8069 8070
f 8070 8069 8071
f 8070 8071 8072
f 8072 8071 8073
f 8072 8073 8074
f 8074 8073 8075
f 8074 8075 8076
f 8076 8075 8077
f 8076 8077 8078
f 8078 8077 8079
f 8078 8079 8080
f 8080 8079 8081
f 8080 8081 8082
f 8082 8081 8083
f 8082 8083 8084
f 8084 8083 8085
f 8084 8085 8086
f 8086 8085 8087
f 8086 8087 8088
f 8089 8090 8091
f 8091 8090 8092
f 8091 8092 8093
f 8093 8092 8094
f 8093 8094 8095
f 8095 8094 8096
f 8095 8096 8088
f 8088 8096 8097
f 8088 8097 8086
f 8091 8098 8089
f 8089 8098 8099
f 8089 8099 8100
f 8100 8099 8101
f 8056 8102 8054
f 8054 8102 8103
f 8054 8103 8104
f 8104 8103 8105
f 8104 8105 8106
f 8106 8105 8107
f 8106 8107 8108
f 8108 8107 8109
f 8108 8109 8110
f 8110 8109 8111
f 8110 8111 8101
f 8101 8111 8112
f 8101 8112 8100
f 8113 8114 8115
f 8115 8114 8116
f 8115 8116 8117
f 8117 8116 8118
f 8119 8120 8121
f 8121 8120 8122
f 8121 8122 8123
f 8123 8122 8124
f 8123 8124 8125
f 8125 8124 8126
f 8125 8126 8127
f 8127 8126 8128
f 8127 8128 8129
f 8129 8128 8130
f 8129 8130 8131
f 8131 8130 8132
f 8133 8134 8135
f 8135 8134 8136
f 8136 8134 8137
f 8137 8134 8138
f 8137 8138 8139
f 8139 8138 8140
f 8139 8140 8141
f 8141 8140 8142
f 8141 8142 8143
f 8142 8144 8143
f 8143 8144 8145
f 8143 8145 8146
f 8147 8148 8149
f 8149 8148 8150
f 8149 8150 8151
f 8151 8150 8152
f 8151 8152 8153
f 8153 8152 8154
f 8153 8154 8155
f 8155 8154 8156
f 8157 8158 8159
f 8159 8158 8160
f 8159 8160 8161
f 8161 8160 8162
f 8161 8162 8163
f 8163 8162 8164
f 8163 8164 8165
f 8165 8164 8166
f 8165 8166 8167
f 8167 8166 8168
f 8167 8168 8169
f 8169 8168 8170
f 8171 8172 8173
f 8173 8172 8174
f 8173 8174 8175
f 8175 8174 8176
f 8175 8176 8177
f 8177 8176 8178
f 8177 8178 8179
f 8179 8178 8180
f 8181 8182 8183
f 8184 8182 8185
f 8185 8182 8186
f 8185 8186 8187
f 8184 8188 8182
f 8182 8188 8189
f 8182 8189 8190
f 8191 8192 8193
f 8190 8194 8182
f 8182 8194 8195
f 8182 8195 8183
f 8192 8191 8196
f 8196 8191 8197
f 8196 8197 8198
f 8183 8199 8181
f 8181 8199 8191
f 8181 8191 8200
f 8200 8191 8193
f 8187 8201 8185
f 8185 8201 8202
f 8185 8202 8203
f 8198 8197 8204
f 8204 8197 8205
f 8204 8205 8206
f 8207 8208 8209
f 8209 8208 8210
f 8211 8212 8213
f 8214 8215 8213
f 8213 8215 8216
f 8216 8217 8213
f 8213 8217 8218
f 8213 8218 8211
f 8212 8219 8213
f 8213 8219 8220
f 8213 8220 8221
f 8221 8222 8213
f 8213 8222 8223
f 8213 8223 8224
f 8224 8225 8213
f 8213 8225 8226
f 8213 8226 8227
f 8227 8226 8228
f 8229 8230 8231
f 8231 8230 8232
f 8233 8234 8235
f 8234 8236 8237
f 8237 8238 8234
f 8234 8238 8239
f 8234 8239 8235
f 8233 8235 8240
f 8240 8235 8241
f 8240 8241 8242
f 8243 8244 8245
f 8243 8245 8246
f 8247 8245 8248
f 8248 8245 8249
f 8241 8250 8242
f 8242 8250 8251
f 8242 8251 8252
f 8252 8251 8253
f 8252 8253 8245
f 8245 8253 8254
f 8245 8254 8246
f 8244 8255 8245
f 8245 8255 8256
f 8245 8256 8249
f 8257 8258 8259
f 8260 8261 8259
f 8259 8261 8262
f 8262 8263 8259
f 8259 8263 8264
f 8259 8264 8257
f 8258 8265 8259
f 8259 8265 8266
f 8259 8266 8267
f 8267 8268 8259
f 8259 8268 8269
f 8259 8269 8270
f 8270 8271 8259
f 8259 8271 8272
f 8259 8272 8273
f 8273 8272 8274
f 8275 8276 8277
f 8278 8279 8280
f 8278 8280 8281
f 8281 8280 8282
f 8281 8282 8277
f 8277 8282 8283
f 8277 8283 8275
f 8284 8285 8286
f 8286 8285 8287
f 8288 8289 8290
f 8291 8292 8293
f 8293 8292 8294
f 8293 8294 8295
f 8295 8294 8296
f 8295 8296 8297
f 8297 8296 8298
f 8297 8298 8299
f 8299 8298 8300
f 8288 8290 8301
f 8301 8290 8302
f 8301 8302 8303
f 8303 8302 8304
f 8303 8304 8305
f 8305 8304 8306
f 8305 8306 8307
f 8307 8306 8308
f 8307 8308 8309
f 8309 8308 8310
f 8309 8310 8311
f 8311 8310 8312
f 8311 8312 8313
f 8313 8312 8314
f 8313 8314 8315
f 8315 8314 8316
f 8315 8316 8317
f 8317 8316 8318
f 8317 8318 8319
f 8319 8318 8320
f 8319 8320 8321
f 8321 8320 8322
f 8321 8322 8323
f 8323 8322 8324
f 8324 8322 8325
f 8324 8325 8326
f 8326 8325 8327
f 8326 8327 8328
f 8328 8327 8329
f 8328 8329 8330
f 8330 8329 8331
f 8330 8331 8332
f 8332 8331 8333
f 8332 8333 8334
f 8334 8333 8335
f 8334 8335 8300
f 8300 8335 8336
f 8300 8336 8299
f 8337 8336 8338
f 8338 8336 8335
f 8338 8335 8339
f 8339 8335 8333
f 8339 8333 8340
f 8340 8333 8331
f 8340 8331 8341
f 8341 8331 8329
f 8341 8329 8342
f 8336 8337 8343
f 8336 8343 8299
f 8299 8343 8344
f 8299 8344 8297
f 8344 8345 8297
f 8297 8345 8346
f 8297 8346 8295
f 8295 8346 8347
f 8295 8347 8293
f 8293 8347 8348
f 8293 8348 8291
f 8292 8291 8349
f 8349 8291 8348
f 8309 8350 8351
f 8309 8351 8307
f 8307 8351 8352
f 8307 8352 8305
f 8305 8352 8353
f 8305 8353 8303
f 8303 8353 8354
f 8303 8354 8301
f 8301 8354 8355
f 8301 8355 8288
f 8356 8308 8357
f 8357 8308 8306
f 8357 8306 8358
f 8358 8306 8304
f 8358 8304 8359
f 8359 8304 8302
f 8359 8302 8360
f 8360 8302 8290
f 8360 8290 8361
f 8361 8290 8289
f 8361 8289 8362
f 8363 8364 8365
f 8365 8364 8366
f 8367 8368 8369
f 8369 8368 8370
f 8371 8372 8373
f 8373 8372 8374
f 8375 8376 8377
f 8375 8377 8378
f 8378 8377 8379
f 8378 8379 8380
f 8380 8379 8381
f 8380 8381 8382
f 8382 8381 8383
f 8382 8383 8384
f 8384 8383 8385
f 8384 8385 8386
f 8386 8385 8387
f 8386 8387 8388
f 8389 8390 8391
f 8391 8390 8392
f 8393 8394 8395
f 8393 8395 8396
f 8396 8395 8397
f 8396 8397 8398
f 8399 8400 8401
f 8401 8400 8402
f 8403 8399 8404
f 8404 8399 8401
f 8405 8406 8407
f 8407 8406 8408
f 8409 8410 8411
f 8411 8410 8412
f 8413 8409 8414
f 8414 8409 8411
f 8415 8416 8417
f 8417 8416 8418
f 8419 8420 8421
f 8421 8420 8422
f 8423 8424 8425
f 8425 8424 8426
f 8423 8427 8424
f 8424 8427 8428
f 8429 8430 8431
f 8431 8430 8432
f 8431 8432 8433
f 8433 8432 8434
f 8435 8436 8431
f 8431 8436 8429
f 8437 8438 8430
f 8430 8438 8432
f 8439 8440 8441
f 8441 8440 8442
f 8441 8442 8443
f 8443 8442 8444
f 8445 8441 8446
f 8446 8441 8443
f 8447 8448 8439
f 8439 8448 8440
f 8449 8450 8451
f 8451 8450 8452
f 8453 8454 8455
f 8455 8454 8456
f 8450 8457 8452
f 8452 8457 8458
f 8457 8459 8458
f 8458 8459 8460
f 8459 8456 8460
f 8460 8456 8454
f 8461 8462 8463
f 8463 8462 8464
f 8463 8464 8465
f 8465 8464 8466
f 8467 8463 8468
f 8468 8463 8465
f 8467 8469 8463
f 8463 8469 8461
f 8470 8471 8462
f 8462 8471 8464
f 8464 8471 8466
f 8466 8471 8472
f 8473 8474 8475
f 8475 8474 8476
f 8475 8476 8477
f 8478 8474 8479
f 8479 8474 8473
f 8479 8473 8480
f 8480 8473 8481
f 8482 8483 8476
f 8476 8483 8484
f 8476 8484 8477
f 8477 8484 8485
f 8474 8478 8476
f 8476 8478 8482
f 8479 8480 8483
f 8483 8480 8484
f 8486 8487 8488
f 8488 8487 8489
f 8488 8489 8490
f 8490 8489 8491
f 8492 8493 8494
f 8494 8493 8495
f 8494 8495 8496
f 8496 8495 8497
f 8494 8488 8492
f 8492 8488 8490
f 8494 8496 8488
f 8488 8496 8486
f 8489 8495 8491
f 8491 8495 8493
f 8498 8499 8500
f 8500 8499 8501
f 8500 8501 8502
f 8503 8504 8505
f 8505 8504 8506
f 8505 8506 8507
f 8508 8499 8509
f 8509 8499 8498
f 8509 8498 8506
f 8506 8498 8507
f 8508 8509 8510
f 8510 8509 8511
f 8512 8513 8514
f 8514 8513 8515
f 8516 8517 8518
f 8518 8517 8519
f 8520 8521 8522
f 8523 8524 8525
f 8525 8524 8526
f 8526 8527 8525
f 8525 8527 8528
f 8525 8528 8529
f 8529 8528 8530
f 8529 8530 8531
f 8530 8532 8531
f 8531 8532 8533
f 8531 8533 8534
f 8534 8533 8535
f 8534 8535 8536
f 8536 8535 8537
f 8536 8537 8538
f 8538 8537 8539
f 8538 8539 8540
f 8540 8539 8541
f 8540 8541 8542
f 8542 8541 8543
f 8542 8543 8544
f 8544 8543 8545
f 8544 8545 8546
f 8546 8545 8547
f 8546 8547 8548
f 8549 8550 8551
f 8551 8550 8552
f 8552 8553 8551
f 8551 8553 8554
f 8551 8554 8555
f 8555 8554 8556
f 8555 8556 8547
f 8547 8556 8557
f 8547 8557 8548
f 8551 8558 8549
f 8549 8558 8559
f 8549 8559 8560
f 8559 8561 8560
f 8560 8561 8562
f 8560 8562 8563
f 8562 8564 8563
f 8563 8564 8565
f 8565 8564 8566
f 8566 8567 8565
f 8565 8567 8568
f 8565 8568 8569
f 8569 8568 8570
f 8569 8570 8571
f 8572 8573 8574
f 8574 8573 8575
f 8574 8575 8570
f 8570 8575 8576
f 8570 8576 8571
f 8577 8578 8572
f 8572 8578 8579
f 8572 8579 8573
f 8577 8580 8578
f 8578 8580 8581
f 8578 8581 8582
f 8582 8583 8578
f 8578 8583 8584
f 8578 8584 8585
f 8586 8587 8588
f 8588 8587 8589
f 8590 8591 8592
f 8592 8591 8593
f 8592 8593 8594
f 8586 8595 8587
f 8587 8595 8592
f 8587 8592 8596
f 8596 8592 8594
f 8597 8598 8585
f 8589 8587 8585
f 8585 8587 8599
f 8585 8599 8597
f 8600 8578 8601
f 8601 8578 8585
f 8601 8585 8602
f 8602 8585 8598
f 8603 8604 8605
f 8603 8605 8606
f 8604 8603 8607
f 8607 8603 8608
f 8607 8608 8609
f 8609 8608 8610
f 8609 8610 8611
f 8611 8610 8612
f 8612 8610 8613
f 8612 8613 8614
f 8614 8613 8615
f 8614 8615 8616
f 8615 8617 8616
f 8616 8617 8618
f 8616 8618 8619
f 8618 8620 8619
f 8619 8620 8621
f 8619 8621 8525
f 8525 8621 8622
f 8525 8622 8523
f 8623 8624 8625
f 8625 8624 8626
f 8625 8626 8627
f 8627 8628 8625
f 8625 8628 8629
f 8625 8629 8630
f 8630 8631 8625
f 8625 8631 8632
f 8625 8632 8633
f 8634 8635 8636
f 8636 8635 8637
f 8636 8637 8638
f 8638 8639 8636
f 8636 8639 8640
f 8636 8640 8641
f 8641 8642 8636
f 8636 8642 8643
f 8636 8643 8644
f 8644 8645 8636
f 8636 8645 8646
f 8636 8646 8647
f 8647 8646 8648
f 8649 8650 8651
f 8651 8650 8652
f 8651 8652 8653
f 8653 8654 8651
f 8651 8654 8655
f 8651 8655 8656
f 8655 8657 8656
f 8656 8657 8658
f 8656 8658 8659
f 8658 8660 8659
f 8659 8660 8661
f 8659 8661 8662
f 8662 8661 8663
f 8662 8663 8664
f 8664 8663 8665
f 8666 8667 8668
f 8668 8667 8669
f 8668 8669 8670
f 8670 8669 8671
f 8670 8671 8672
f 8672 8671 8673
f 8672 8673 8665
f 8665 8673 8674
f 8665 8674 8664
f 8666 8668 8675
f 8675 8668 8676
f 8675 8676 8677
f 8678 8625 8679
f 8679 8625 8680
f 8679 8680 8681
f 8681 8680 8682
f 8681 8682 8683
f 8683 8682 8684
f 8683 8684 8677
f 8677 8684 8685
f 8677 8685 8675
f 8678 8686 8625
f 8625 8686 8687
f 8625 8687 8688
f 8688 8689 8625
f 8625 8689 8690
f 8625 8690 8691
f 8691 8692 8625
f 8625 8692 8693
f 8625 8693 8623
f 8623 8693 8694
f 8694 8695 8623
f 8623 8695 8696
f 8623 8696 8697
f 8697 8698 8623
f 8623 8698 8699
f 8623 8699 8700
f 8700 8701 8623
f 8623 8701 8702
f 8623 8702 8703
f 8703 8702 8704
f 8703 8704 8705
f 8704 8706 8705
f 8705 8706 8707
f 8705 8707 8708
f 8708 8707 8634
f 8708 8634 8709
f 8636 8710 8634
f 8634 8710 8711
f 8634 8711 8712
f 8712 8713 8634
f 8634 8713 8714
f 8634 8714 8715
f 8715 8716 8634
f 8634 8716 8717
f 8634 8717 8718
f 8718 8719 8634
f 8634 8719 8720
f 8634 8720 8709
f 8721 8722 8723
f 8723 8722 8724
f 8723 8724 8725
f 8725 8726 8723
f 8723 8726 8727
f 8723 8727 8728
f 8728 8727 8729
f 8728 8729 8730
f 8729 8731 8730
f 8730 8731 8732
f 8730 8732 8733
f 8732 8734 8733
f 8733 8734 8735
f 8733 8735 8736
f 8736 8735 8737
f 8736 8737 8738
f 8738 8737 8739
f 8738 8739 8740
f 8740 8739 8606
f 8740 8606 8741
f 8741 8606 8605
f 8648 8742 8647
f 8647 8742 8649
f 8647 8649 8743
f 8743 8649 8651
f 8743 8651 8744
f 8744 8651 8745
f 8744 8745 8746
f 8745 8747 8746
f 8746 8747 8748
f 8746 8748 8749
f 8748 8750 8749
f 8749 8750 8751
f 8749 8751 8752
f 8752 8751 8753
f 8752 8753 8754
f 8754 8753 8755
f 8755 8753 8756
f 8755 8756 8757
f 8757 8756 8758
f 8757 8758 8759
f 8759 8758 8760
f 8759 8760 8761
f 8761 8760 8762
f 8761 8762 8763
f 8763 8762 8764
f 8763 8764 8765
f 8765 8764 8766
f 8766 8764 8767
f 8766 8767 8768
f 8768 8767 8769
f 8769 8767 8770
f 8769 8770 8771
f 8771 8772 8769
f 8769 8772 8773
f 8769 8773 8774
f 8773 8775 8774
f 8774 8775 8776
f 8774 8776 8777
f 8777 8776 8778
f 8777 8778 8779
f 8779 8778 8780
f 8780 8778 8781
f 8780 8781 8782
f 8782 8781 8783
f 8782 8783 8784
f 8784 8783 8785
f 8784 8785 8786
f 8786 8785 8787
f 8786 8787 8723
f 8723 8787 8788
f 8723 8788 8721
f 8789 8520 8790
f 8790 8520 8522
f 8790 8522 8791
f 8791 8522 8792
f 8791 8792 8793
f 8793 8792 8625
f 8793 8625 8794
f 8794 8625 8633
f 8795 8796 8797
f 8795 8797 8798
f 8798 8797 8799
f 8798 8799 8800
f 8801 8802 8803
f 8803 8802 8804
f 8804 8802 8805
f 8805 8802 8806
f 8805 8806 8807
f 8807 8806 8808
f 8807 8808 8809
f 8809 8808 8810
f 8809 8810 8811
f 8811 8810 8812
f 8811 8812 8813
f 8813 8812 8814
f 8813 8814 8815
f 8814 8816 8815
f 8815 8816 8817
f 8815 8817 8818
f 8819 8820 8821
f 8819 8821 8822
f 8822 8821 8823
f 8822 8823 8824
f 8825 8826 8827
f 8827 8826 8828
f 8828 8826 8829
f 8829 8826 8830
f 8829 8830 8831
f 8831 8830 8832
f 8831 8832 8833
f 8833 8832 8834
f 8833 8834 8835
f 8834 8836 8835
f 8835 8836 8837
f 8835 8837 8838
f 8839 8840 8841
f 8841 8840 8842
f 8842 8840 8843
f 8843 8840 8844
f 8843 8844 8845
f 8845 8844 8846
f 8845 8846 8847
f 8847 8846 8848
f 8847 8848 8849
f 8848 8850 8849
f 8849 8850 8851
f 8849 8851 8852
f 8853 8854 8855
f 8855 8854 8856
f 8857 8858 8859
f 8859 8858 8860
f 8859 8860 8861
f 8861 8860 8862
f 8861 8862 8863
f 8863 8862 8864
f 8863 8864 8865
f 8865 8864 8866
f 8865 8866 8867
f 8867 8866 8868
f 8867 8868 8869
f 8869 8868 8870
f 8869 8870 8871
f 8871 8870 8872
f 8871 8872 8873
f 8874 8875 8876
f 8874 8876 8877
f 8877 8876 8878
f 8877 8878 8879
f 8879 8878 8880
f 8879 8880 8881
f 8881 8880 8882
f 8881 8882 8883
f 8882 8884 8883
f 8883 8884 8885
f 8883 8885 8886
f 8886 8885 8887
f 8886 8887 8888
f 8875 8874 8889
f 8890 8891 8892
f 8890 8892 8893
f 8893 8892 8894
f 8893 8894 8895
f 8895 8894 8896
f 8895 8896 8897
f 8897 8896 8898
f 8897 8898 8899
f 8899 8898 8900
f 8899 8900 8901
f 8901 8900 8902
f 8901 8902 8889
f 8889 8902 8903
f 8889 8903 8875
f 8904 8905 8906
f 8907 8908 8905
f 8905 8908 8909
f 8905 8909 8906
f 8910 8911 8912
f 8913 8914 8915
f 8915 8914 8916
f 8907 8917 8908
f 8908 8917 8918
f 8908 8918 8919
f 8914 8920 8916
f 8916 8920 8921
f 8916 8921 8912
f 8912 8921 8922
f 8912 8922 8910
f 8913 8923 8914
f 8914 8923 8924
f 8914 8924 8925
f 8904 8906 8926
f 8926 8906 8927
f 8926 8927 8928
f 8928 8927 8929
f 8928 8929 8930
f 8919 8931 8908
f 8908 8931 8914
f 8908 8914 8932
f 8932 8914 8925
f 8933 8934 8935
f 8935 8934 8936
f 8935 8936 8937
f 8937 8936 8938
f 8937 8938 8939
f 8939 8938 8940
f 8939 8940 8941
f 8941 8940 8942
f 8941 8942 8943
f 8943 8942 8944
f 8943 8944 8945
f 8945 8944 8946
f 8945 8946 8947
f 8947 8946 8948
f 8947 8948 8949
f 8949 8948 8950
f 8949 8950 8951
f 8951 8950 8952
f 8951 8952 8953
f 8953 8952 8954
f 8953 8954 8955
f 8955 8954 8956
f 8955 8956 8957
f 8957 8956 8958
f 8957 8958 8959
f 8959 8958 8960
f 8959 8960 8961
f 8961 8960 8962
f 8961 8962 8963
f 8962 8964 8963
f 8963 8964 8965
f 8963 8965 8966
f 8966 8965 8967
f 8966 8967 8968
f 8968 8967 8969
f 8968 8969 8970
f 8970 8969 8971
f 8970 8971 8972
f 8972 8971 8973
f 8972 8973 8974
f 8974 8973 8975
f 8974 8975 8976
f 8976 8975 8977
f 8976 8977 8978
f 8978 8977 8979
f 8978 8979 8980
f 8980 8979 8981
f 8980 8981 8982
f 8982 8981 8983
f 8982 8983 8984
f 8984 8983 8985
f 8984 8985 8986
f 8986 8985 8987
f 8986 8987 8988
f 8988 8987 8989
f 8988 8989 8990
f 8990 8989 8991
f 8990 8991 8992
f 8992 8991 8993
f 8992 8993 8994
f 8994 8993 8995
f 8994 8995 8996
f 8997 8998 8999
f 8999 8998 9000
f 8999 9000 9001
f 9001 9000 9002
f 9001 9002 9003
f 9003 9002 9004
f 9003 9004 9005
f 9005 9004 9006
f 9005 9006 9007
f 9007 9006 9008
f 9007 9008 9009
f 9009 9008 9010
f 9009 9010 9011
f 9011 9010 9012
f 9011 9012 9013
f 9013 9012 9014
f 9013 9014 9015
f 9015 9014 9016
f 9015 9016 9017
f 9017 9016 9018
f 9017 9018 9019
f 9019 9018 9020
f 9019 9020 9021
f 9021 9020 9022
f 9021 9022 9023
f 9023 9022 9024
f 9023 9024 9025
f 9025 9024 9026
f 9025 9026 9027
f 9027 9026 9028
f 9027 9028 8933
f 8933 9028 9029
f 8933 9029 8934
f 8995 9030 8996
f 8996 9030 9031
f 8996 9031 9032
f 9032 9031 9033
f 9032 9033 9034
f 9034 9033 9035
f 9034 9035 9036
f 9036 9035 9037
f 9036 9037 9038
f 9038 9037 9039
f 9038 9039 9040
f 9040 9039 9041
f 9040 9041 9042
f 9042 9041 9043
f 9042 9043 9044
f 9044 9043 9045
f 9044 9045 9046
f 9046 9045 9047
f 9046 9047 9048
f 9048 9047 9049
f 9048 9049 9050
f 9050 9049 9051
f 9050 9051 9052
f 9052 9051 9053
f 9052 9053 9054
f 9054 9053 9055
f 9054 9055 9056
f 9056 9055 9057
f 9056 9057 9058
f 9058 9057 9059
f 9058 9059 8997
f 8997 9059 9060
f 8997 9060 8998
f 9061 9062 9063
f 9063 9062 9064
f 9063 9064 9065
f 9065 9064 9066
f 9065 9066 9067
f 9067 9066 9068
f 9067 9068 9069
f 9069 9068 9070
f 9069 9070 9071
f 9071 9070 9072
f 9071 9072 9073
f 9073 9072 9074
f 9073 9074 9075
f 9075 9074 9076
f 9075 9076 9077
f 9077 9076 9078
f 9077 9078 9079
f 9079 9078 9080
f 9079 9080 9081
f 9081 9080 9082
f 9081 9082 9083
f 9083 9082 9084
f 9083 9084 9085
f 9085 9084 9086
f 9085 9086 9087
f 9087 9086 9088
f 9087 9088 9089
f 9089 9088 9090
f 9089 9090 9091
f 9091 9090 9092
f 9091 9092 9093
f 9093 9092 9094
f 9093 9094 9095
f 9095 9094 9096
f 9095 9096 9097
f 9097 9096 9098
f 9097 9098 9099
f 9099 9098 9100
f 9099 9100 9101
f 9101 9100 9102
f 9101 9102 9103
f 9103 9102 9104
f 9103 9104 9105
f 9105 9104 9106
f 9105 9106 9107
f 9107 9106 9108
f 9107 9108 9109
f 9109 9108 9110
f 9109 9110 9111
f 9111 9110 9112
f 9111 9112 9113
f 9113 9112 9114
f 9113 9114 9115
f 9115 9114 9116
f 9115 9116 9117
f 9117 9116 9118
f 9117 9118 9119
f 9119 9118 9120
f 9119 9120 9121
f 9121 9120 9122
f 9121 9122 9123
f 9123 9122 9124
f 9123 9124 9125
f 9125 9124 9126
f 9125 9126 9127
f 9127 9126 9128
f 9127 9128 9129
f 9129 9128 9130
f 9129 9130 9131
f 9131 9130 9132
f 9131 9132 9133
f 9133 9132 9134
f 9133 9134 9135
f 9135 9134 9136
f 9135 9136 9137
f 9137 9136 9138
f 9137 9138 9139
f 9139 9138 9140
f 9139 9140 9141
f 9141 9140 9142
f 9141 9142 9143
f 9143 9142 9144
f 9143 9144 9145
f 9145 9144 9146
f 9145 9146 9147
f 9147 9146 9148
f 9147 9148 9149
f 9149 9148 9150
f 9149 9150 9151
f 9151 9150 9152
f 9151 9152 9153
f 9153 9152 9154
f 9153 9154 9155
f 9155 9154 9156
f 9155 9156 9157
f 9157 9156 9158
f 9157 9158 9159
f 9159 9158 9160
f 9159 9160 9161
f 9161 9160 9162
f 9161 9162 9163
f 9163 9162 9164
f 9163 9164 9165
f 9165 9164 9166
f 9165 9166 9167
f 9167 9166 9168
f 9167 9168 9169
f 9169 9168 9170
f 9171 9172 9173
f 9174 9175 9176
f 9176 9175 9177
f 9176 9177 9178
f 9178 9179 9176
f 9176 9179 9171
f 9176 9171 9180
f 9180 9171 9173
f 9181 9182 9183
f 9184 9185 9186
f 9186 9185 9187
f 9186 9187 9188
f 9188 9189 9186
f 9186 9189 9181
f 9186 9181 9190
f 9190 9181 9183
f 9191 9192 9193
f 9194 9195 9196
f 9196 9195 9197
f 9198 9199 9200
f 9200 9199 9201
f 9202 9203 9204
f 9204 9203 9205
f 9206 9207 9208
f 9208 9207 9209
f 9210 9193 9211
f 9211 9193 9192
f 9212 9213 9214
f 9214 9213 9215
f 9216 9217 9218
f 9218 9217 9219
f 9218 9219 9215
f 9215 9219 9220
f 9215 9220 9214
f 9214 9220 9221
f 9222 9223 9224
f 9224 9223 9225
f 9224 9225 9226
f 9226 9225 9227
f 9226 9227 9228
f 9228 9227 9229
f 9228 9229 9230
f 9230 9229 9231
f 9230 9231 9232
f 9232 9231 9233
f 9234 9235 9236
f 9237 9238 9239
f 9240 9241 9242
f 9243 9244 9245
f 9237 9239 9246
f 9247 9248 9249
f 9249 9248 9250
f 9251 9252 9253
f 9254 9255 9256
f 9256 9255 9257
f 9256 9257 9237
f 9237 9257 9258
f 9237 9258 9238
f 9259 9260 9261
f 9261 9260 9262
f 9261 9262 9263
f 9263 9262 9246
f 9263 9246 9264
f 9264 9246 9239
f 9242 9241 9265
f 9265 9241 9266
f 9265 9266 9267
f 9267 9266 9268
f 9267 9268 9269
f 9269 9268 9270
f 9269 9270 9235
f 9235 9270 9271
f 9235 9271 9236
f 9272 9273 9274
f 9274 9273 9275
f 9274 9275 9256
f 9256 9275 9276
f 9256 9276 9254
f 9253 9277 9251
f 9251 9277 9278
f 9251 9278 9245
f 9245 9278 9279
f 9245 9279 9243
f 9250 9280 9249
f 9249 9280 9281
f 9249 9281 9282
f 9282 9281 9283
f 9282 9283 9284
f 9284 9283 9285
f 9284 9285 9286
f 9286 9285 9287
f 9286 9287 9259
f 9259 9287 9288
f 9259 9288 9260
f 9289 9290 9291
f 9291 9290 9292
f 9291 9292 9293
f 9294 9295 9236
f 9296 9297 9244
f 9274 9298 9272
f 9272 9298 9299
f 9272 9299 9300
f 9300 9299 9301
f 9300 9301 9302
f 9302 9301 9303
f 9302 9303 9304
f 9304 9303 9305
f 9304 9305 9306
f 9242 9307 9240
f 9240 9307 9308
f 9240 9308 9309
f 9309 9308 9310
f 9309 9310 9292
f 9292 9310 9311
f 9292 9311 9293
f 9252 9251 9236
f 9236 9251 9312
f 9236 9312 9294
f 9295 9313 9236
f 9236 9313 9314
f 9236 9314 9234
f 9315 9316 9244
f 9244 9316 9317
f 9244 9317 9245
f 9318 9319 9320
f 9320 9319 9321
f 9289 9322 9290
f 9290 9322 9323
f 9290 9323 9324
f 9324 9323 9325
f 9324 9325 9326
f 9326 9325 9327
f 9326 9327 9249
f 9249 9327 9328
f 9249 9328 9247
f 9227 9324 9229
f 9229 9324 9329
f 9229 9329 9231
f 9305 9330 9306
f 9306 9330 9331
f 9306 9331 9332
f 9332 9331 9333
f 9332 9333 9329
f 9329 9333 9233
f 9329 9233 9231
f 9297 9334 9244
f 9244 9334 9335
f 9244 9335 9315
f 9244 9336 9296
f 9296 9336 9337
f 9296 9337 9338
f 9338 9337 9339
f 9338 9339 9340
f 9340 9339 9341
f 9340 9341 9342
f 9342 9341 9343
f 9342 9343 9344
f 9344 9343 9345
f 9344 9345 9346
f 9346 9345 9347
f 9346 9347 9348
f 9348 9347 9320
f 9348 9320 9349
f 9349 9320 9321
f 9227 9225 9324
f 9324 9225 9223
f 9324 9223 9290
f 9290 9223 9350
f 9290 9350 9351
f 9351 9350 9352
f 9351 9352 9320
f 9320 9352 9353
f 9320 9353 9318
f 9354 9355 9356
f 9356 9355 9357
f 9358 9359 9360
f 9360 9359 9361
f 9360 9361 9362
f 9363 9364 9365
f 9365 9364 9366
f 9367 9368 9369
f 9369 9368 9370
f 9371 9372 9373
f 9373 9372 9374
f 9373 9374 9375
f 9376 9377 9378
f 9378 9377 9379
f 9380 9381 9382
f 9382 9381 9383
f 9384 9385 9386
f 9386 9385 9387
f 9388 9389 9390
f 9390 9389 9391
f 9392 9393 9394
f 9394 9393 9395
f 9396 9397 9398
f 9398 9397 9399
f 9398 9399 9400
f 9400 9399 9401
f 9402 9403 9404
f 9404 9403 9405
f 9406 9407 9408
f 9408 9407 9409
f 9410 9411 9412
f 9412 9411 9413
f 9414 9415 9416
f 9416 9415 9417
f 9418 9419 9420
f 9420 9419 9421
f 9422 9423 9424
f 9424 9423 9425
f 9426 9427 9428
f 9428 9427 9429
f 9430 9431 9432
f 9432 9431 9433
f 9274 9256 9434
f 9434 9256 9435
f 9434 9435 9436
f 9437 9438 9439
f 9439 9438 9440
f 9441 9442 9443
f 9443 9442 9444
f 9445 9446 9447
f 9445 9447 9448
f 9448 9447 9449
f 9448 9449 9450
f 9450 9449 9451
f 9450 9451 9452
f 9452 9451 9453
f 9452 9453 9454
f 9454 9453 9455
f 9454 9455 9456
f 9456 9455 9457
f 9456 9457 9458
f 9458 9457 9459
f 9458 9459 9460
f 9460 9459 9461
f 9460 9461 9462
f 9462 9461 9463
f 9462 9463 9464
f 9464 9463 9465
f 9464 9465 9466
f 9466 9465 9467
f 9466 9467 9468
f 9468 9467 9469
f 9468 9469 9470
f 9470 9469 9471
f 9470 9471 9472
f 9473 9474 9475
f 9475 9474 9476
f 9477 9478 9479
f 9479 9478 9480
f 9480 9478 9481
f 9481 9478 9482
f 9481 9482 9483
f 9483 9482 9484
f 9483 9484 9485
f 9485 9484 9486
f 9485 9486 9487
f 9477 9479 9488
f 9488 9479 9489
f 9488 9489 9490
f 9490 9489 9491
f 9490 9491 9492
f 9492 9491 9493
f 9492 9493 9494
f 9494 9493 9495
f 9494 9495 9496
f 9496 9495 9497
f 9496 9497 9498
f 9498 9497 9499
f 9498 9499 9500
f 9500 9499 9501
f 9500 9501 9502
f 9502 9501 9503
f 9502 9503 9504
f 9504 9503 9505
f 9504 9505 9506
f 9505 9507 9506
f 9506 9507 9508
f 9509 9510 9511
f 9511 9510 9512
f 9511 9512 9513
f 9514 9515 9516
f 9516 9515 9517
f 9518 9519 9520
f 9520 9519 9521
f 9522 9523 9524
f 9524 9523 9525
f 9526 9527 9528
f 9528 9527 9529
f 9530 9531 9532
f 9532 9531 9533
f 9534 9535 9536
f 9536 9535 9537
f 9536 9537 9538
f 9538 9537 9539
f 9538 9539 9540
f 9540 9539 9541
f 9540 9541 9542
f 9542 9541 9543
f 9542 9543 9544
f 9544 9543 9545
f 9544 9545 9546
f 9546 9545 9547
f 9548 9549 9550
f 9550 9549 9551
f 9552 9553 9554
f 9554 9553 9555
f 9556 9557 9558
f 9558 9557 9559
f 9560 9561 9562
f 9560 9562 9563
f 9563 9562 9564
f 9563 9564 9565
f 9565 9564 9566
f 9565 9566 9567
f 9567 9566 9568
f 9567 9568 9569
f 9569 9568 9570
f 9569 9570 9571
f 9571 9570 9572
f 9571 9572 9573
f 9573 9572 9574
f 9573 9574 9575
f 9576 9577 9578
f 9578 9577 9579
f 9580 9581 9582
f 9582 9581 9583
f 9582 9583 9584
f 9584 9583 9585
f 9584 9585 9586
f 9586 9585 9587
f 9588 9560 9589
f 9589 9560 9563
f 9589 9563 9590
f 9563 9565 9590
f 9590 9565 9567
f 9590 9567 9591
f 9591 9567 9569
f 9591 9569 9592
f 9592 9569 9571
f 9592 9571 9593
f 9593 9571 9573
f 9593 9573 9594
f 9594 9573 9575
f 9594 9575 9595
f 9595 9575 9596
f 9595 9596 9597
f 9597 9596 9598
f 9597 9598 9587
f 9587 9598 9599
f 9587 9599 9586
f 9578 9579 9600
f 9600 9579 9601
f 9600 9601 9602
f 9602 9601 9603
f 9602 9603 9604
f 9604 9603 9605
f 9604 9605 9606
f 9606 9605 9607
f 9606 9607 9608
f 9608 9607 9609
f 9608 9609 9610
f 9611 9612 9613
f 9613 9612 9614
f 9613 9614 9615
f 9615 9614 9616
f 9615 9616 9617
f 9617 9616 9618
f 9617 9618 9619
f 9619 9618 9620
f 9619 9620 9621
f 9621 9620 9622
f 9621 9622 9623
f 9623 9622 9610
f 9623 9610 9624
f 9624 9610 9609
f 9625 9626 9627
f 9627 9626 9628
f 9627 9628 9629
f 9629 9628 9630
f 9629 9630 9631
f 9631 9630 9632
f 9631 9632 9633
f 9633 9632 9634
f 9633 9634 9635
f 9635 9634 9636
f 9635 9636 9637
f 9637 9636 9638
f 9637 9638 9639
f 9639 9638 9640
f 9639 9640 9641
f 9641 9640 9642
f 9641 9642 9643
f 9643 9642 9644
f 9643 9644 9645
f 9645 9644 9646
f 9645 9646 9647
f 9647 9646 9648
f 9647 9648 9649
f 9649 9648 9650
f 9649 9650 9651
f 9651 9650 9652
f 9651 9652 9653
f 9653 9652 9654
f 9653 9654 9655
f 9655 9654 9656
f 9655 9656 9657
f 9657 9656 9658
f 9657 9658 9659
f 9659 9658 9660
f 9659 9660 9661
f 9661 9660 9662
f 9661 9662 9663
f 9663 9662 9664
f 9663 9664 9625
f 9625 9664 9626
f 9665 9666 9667
f 9667 9668 9669
f 9669 9670 9667
f 9667 9670 9671
f 9667 9671 9672
f 9673 9674 9667
f 9667 9674 9675
f 9672 9676 9667
f 9667 9676 9677
f 9667 9677 9678
f 9675 9679 9667
f 9667 9679 9680
f 9667 9680 9665
f 9678 9681 9667
f 9667 9681 9682
f 9667 9682 9673
f 9683 9684 9685
f 9685 9686 9687
f 9687 9688 9685
f 9685 9688 9689
f 9685 9689 9690
f 9691 9692 9685
f 9685 9692 9693
f 9690 9694 9685
f 9685 9694 9695
f 9685 9695 9696
f 9693 9697 9685
f 9685 9697 9698
f 9685 9698 9683
f 9696 9699 9685
f 9685 9699 9700
f 9685 9700 9691
f 9701 9702 9703
f 9703 9704 9701
f 9701 9704 9705
f 9701 9705 9706
f 9707 9708 9704
f 9704 9708 9709
f 9704 9709 9705
f 9707 9710 9708
f 9708 9710 9711
f 9708 9711 9712
f 9712 9713 9708
f 9708 9713 9714
f 9708 9714 9715
f 9715 9716 9708
f 9708 9716 9717
f 9708 9717 9718
f 9719 9720 9721
f 9721 9722 9719
f 9719 9722 9723
f 9719 9723 9724
f 9724 9725 9719
f 9719 9725 9726
f 9719 9726 9727
f 9728 9729 9725
f 9725 9729 9730
f 9725 9730 9726
f 9728 9731 9729
f 9729 9731 9732
f 9729 9732 9733
f 9733 9734 9729
f 9729 9734 9735
f 9729 9735 9736
f 9737 9738 9739
f 9739 9738 9740
f 9739 9740 9741
f 9741 9740 9742
f 9742 9740 9743
f 9742 9743 9744
f 9745 9746 9743
f 9743 9746 9747
f 9743 9747 9744
f 9748 9749 9745
f 9745 9749 9750
f 9745 9750 9746
f 9751 9752 9753
f 9753 9752 9754
f 9753 9754 9748
f 9748 9754 9755
f 9748 9755 9749
f 9751 9753 9756
f 9756 9753 9757
f 9756 9757 9758
f 9759 9760 9761
f 9761 9760 9762
f 9759 9763 9760
f 9760 9763 9764
f 9760 9764 9765
f 9765 9766 9760
f 9760 9766 9767
f 9760 9767 9768
f 9768 9769 9760
f 9760 9769 9770
f 9760 9770 9771
f 9772 9760 9773
f 9773 9760 9774
f 9772 9775 9760
f 9760 9775 9776
f 9760 9776 9762
f 9707 9704 9777
f 9778 9779 9780
f 9781 9705 9709
f 9781 9782 9783
f 9783 9782 9784
f 9783 9784 9785
f 9785 9784 9786
f 9785 9786 9787
f 9787 9786 9788
f 9788 9786 9789
f 9788 9789 9790
f 9790 9789 9791
f 9791 9789 9792
f 9791 9792 9793
f 9793 9792 9794
f 9794 9792 9795
f 9794 9795 9796
f 9796 9795 9797
f 9796 9797 9798
f 9798 9797 9799
f 9799 9797 9780
f 9799 9780 9800
f 9800 9780 9779
f 9800 9779 9801
f 9802 9803 9804
f 9804 9803 9805
f 9804 9805 9778
f 9806 9807 9808
f 9808 9807 9802
f 9809 9810 9811
f 9811 9810 9806
f 9812 9813 9814
f 9814 9813 9815
f 9814 9815 9809
f 9816 9817 9818
f 9818 9817 9819
f 9818 9819 9812
f 9816 9818 9820
f 9820 9818 9821
f 9820 9821 9822
f 9822 9821 9823
f 9822 9823 9824
f 9824 9823 9825
f 9824 9825 9826
f 9826 9825 9827
f 9826 9827 9828
f 9828 9827 9829
f 9828 9829 9830
f 9830 9829 9831
f 9830 9831 9832
f 9832 9831 9777
f 9832 9777 9833
f 9833 9777 9704
f 9833 9704 9703
f 9834 9711 9710
f 9835 9713 9712
f 9836 9715 9714
f 9837 9717 9716
f 9781 9709 9782
f 9782 9709 9708
f 9782 9708 9718
f 9812 9814 9818
f 9818 9814 9838
f 9818 9838 9821
f 9821 9838 9839
f 9821 9839 9823
f 9823 9839 9840
f 9823 9840 9825
f 9825 9840 9841
f 9825 9841 9827
f 9827 9841 9842
f 9827 9842 9829
f 9829 9842 9843
f 9829 9843 9831
f 9831 9843 9834
f 9831 9834 9777
f 9777 9834 9710
f 9777 9710 9707
f 9809 9811 9814
f 9814 9811 9844
f 9814 9844 9838
f 9838 9844 9845
f 9838 9845 9839
f 9839 9845 9846
f 9839 9846 9840
f 9840 9846 9847
f 9840 9847 9841
f 9841 9847 9848
f 9841 9848 9842
f 9842 9848 9849
f 9842 9849 9843
f 9843 9849 9835
f 9843 9835 9834
f 9834 9835 9712
f 9834 9712 9711
f 9806 9808 9811
f 9811 9808 9850
f 9811 9850 9844
f 9844 9850 9851
f 9844 9851 9845
f 9845 9851 9852
f 9845 9852 9846
f 9846 9852 9853
f 9846 9853 9847
f 9847 9853 9854
f 9847 9854 9848
f 9848 9854 9855
f 9848 9855 9849
f 9849 9855 9836
f 9849 9836 9835
f 9835 9836 9714
f 9835 9714 9713
f 9802 9804 9808
f 9808 9804 9856
f 9808 9856 9850
f 9850 9856 9857
f 9850 9857 9851
f 9851 9857 9858
f 9851 9858 9852
f 9852 9858 9859
f 9852 9859 9853
f 9853 9859 9860
f 9853 9860 9854
f 9854 9860 9861
f 9854 9861 9855
f 9855 9861 9837
f 9855 9837 9836
f 9836 9837 9716
f 9836 9716 9715
f 9778 9780 9804
f 9804 9780 9797
f 9804 9797 9856
f 9856 9797 9795
f 9856 9795 9857
f 9857 9795 9792
f 9857 9792 9858
f 9858 9792 9789
f 9858 9789 9859
f 9859 9789 9786
f 9859 9786 9860
f 9860 9786 9784
f 9860 9784 9861
f 9861 9784 9782
f 9861 9782 9837
f 9837 9782 9718
f 9837 9718 9717
f 9833 9703 9702
f 9702 9816 9820
f 9833 9702 9832
f 9820 9822 9702
f 9702 9822 9824
f 9702 9824 9826
f 9826 9828 9702
f 9702 9828 9830
f 9702 9830 9832
f 9862 9863 9774
f 9774 9863 9864
f 9774 9864 9865
f 9866 9867 9774
f 9774 9867 9868
f 9774 9868 9773
f 9865 9869 9774
f 9774 9869 9870
f 9774 9870 9866
f 9871 9668 9667
f 9872 9667 9873
f 9873 9667 9874
f 9872 9875 9667
f 9667 9875 9876
f 9667 9876 9877
f 9878 9879 9667
f 9667 9879 9880
f 9880 9881 9667
f 9667 9881 9882
f 9667 9882 9883
f 9877 9884 9667
f 9667 9884 9885
f 9667 9885 9871
f 9883 9886 9667
f 9667 9886 9887
f 9667 9887 9874
f 9888 9889 9890
f 9891 9892 9893
f 9893 9892 9894
f 9895 9896 9897
f 9897 9896 9891
f 9898 9899 9900
f 9900 9899 9901
f 9900 9901 9895
f 9889 9902 9903
f 9903 9902 9904
f 9903 9904 9898
f 9888 9890 9905
f 9906 9907 9905
f 9908 9909 9907
f 9910 9689 9688
f 9907 9906 9908
f 9908 9906 9911
f 9908 9911 9912
f 9912 9911 9913
f 9912 9913 9914
f 9914 9913 9915
f 9914 9915 9916
f 9916 9915 9917
f 9916 9917 9918
f 9918 9917 9919
f 9918 9919 9920
f 9920 9919 9921
f 9920 9921 9922
f 9922 9921 9910
f 9922 9910 9923
f 9923 9910 9688
f 9923 9688 9687
f 9695 9694 9924
f 9924 9694 9690
f 9925 9700 9699
f 9926 9692 9691
f 9698 9697 9927
f 9927 9697 9693
f 9683 9698 9928
f 9928 9698 9927
f 9928 9927 9929
f 9929 9927 9930
f 9929 9930 9931
f 9931 9930 9932
f 9931 9932 9933
f 9933 9932 9934
f 9934 9932 9935
f 9934 9935 9936
f 9936 9935 9937
f 9937 9935 9938
f 9937 9938 9939
f 9939 9938 9940
f 9940 9938 9941
f 9940 9941 9942
f 9942 9941 9943
f 9942 9943 9944
f 9944 9943 9945
f 9945 9943 9893
f 9945 9893 9946
f 9946 9893 9894
f 9946 9894 9947
f 9905 9890 9906
f 9906 9890 9948
f 9906 9948 9911
f 9911 9948 9949
f 9911 9949 9913
f 9913 9949 9950
f 9913 9950 9915
f 9915 9950 9951
f 9915 9951 9917
f 9917 9951 9952
f 9917 9952 9919
f 9919 9952 9953
f 9919 9953 9921
f 9921 9953 9924
f 9921 9924 9910
f 9910 9924 9690
f 9910 9690 9689
f 9889 9903 9890
f 9890 9903 9954
f 9890 9954 9948
f 9948 9954 9955
f 9948 9955 9949
f 9949 9955 9956
f 9949 9956 9950
f 9950 9956 9957
f 9950 9957 9951
f 9951 9957 9958
f 9951 9958 9952
f 9952 9958 9959
f 9952 9959 9953
f 9953 9959 9960
f 9953 9960 9924
f 9924 9960 9696
f 9924 9696 9695
f 9898 9900 9903
f 9903 9900 9961
f 9903 9961 9954
f 9954 9961 9962
f 9954 9962 9955
f 9955 9962 9963
f 9955 9963 9956
f 9956 9963 9964
f 9956 9964 9957
f 9957 9964 9965
f 9957 9965 9958
f 9958 9965 9966
f 9958 9966 9959
f 9959 9966 9925
f 9959 9925 9960
f 9960 9925 9699
f 9960 9699 9696
f 9895 9897 9900
f 9900 9897 9967
f 9900 9967 9961
f 9961 9967 9968
f 9961 9968 9962
f 9962 9968 9969
f 9962 9969 9963
f 9963 9969 9970
f 9963 9970 9964
f 9964 9970 9971
f 9964 9971 9965
f 9965 9971 9972
f 9965 9972 9966
f 9966 9972 9926
f 9966 9926 9925
f 9925 9926 9691
f 9925 9691 9700
f 9891 9893 9897
f 9897 9893 9943
f 9897 9943 9967
f 9967 9943 9941
f 9967 9941 9968
f 9968 9941 9938
f 9968 9938 9969
f 9969 9938 9935
f 9969 9935 9970
f 9970 9935 9932
f 9970 9932 9971
f 9971 9932 9930
f 9971 9930 9972
f 9972 9930 9927
f 9972 9927 9926
f 9926 9927 9693
f 9926 9693 9692
f 9973 9974 9975
f 9973 9975 9976
f 9975 9977 9978
f 9979 9980 9975
f 9975 9980 9981
f 9975 9981 9976
f 9978 9982 9975
f 9975 9982 9983
f 9975 9983 9979
f 9984 9985 9986
f 9986 9985 9987
f 9986 9987 9988
f 9989 9990 9986
f 9986 9990 9991
f 9986 9991 9992
f 9988 9993 9986
f 9986 9993 9994
f 9986 9994 9989
f 9879 9878 9995
f 9995 9878 9996
f 9995 9996 9997
f 9997 9996 9998
f 9998 9996 9999
f 9998 9999 10000
f 10001 10002 9999
f 9999 10002 10003
f 9999 10003 10000
f 10004 10005 10001
f 10001 10005 10006
f 10001 10006 10002
f 10007 10008 10009
f 10009 10008 10010
f 10009 10010 10004
f 10004 10010 10011
f 10004 10011 10005
f 10007 10009 10012
f 10012 10009 9666
f 10012 9666 9665
f 10013 9610 10014
f 10014 9610 9622
f 10014 9622 10015
f 10015 9622 9620
f 10015 9620 10016
f 10016 9620 9618
f 10016 9618 10017
f 10017 9618 9616
f 10017 9616 10018
f 10018 9616 9614
f 10018 9614 10019
f 10019 9614 9612
f 10020 10021 10022
f 10022 10021 10023
f 10024 10025 10026
f 10026 10027 10024
f 10024 10027 10028
f 10024 10028 10029
f 10029 10028 10030
f 10029 10030 10031
f 10031 10030 10032
f 10033 10034 10035
f 10035 10034 10036
f 10035 10036 10037
f 10030 10021 10032
f 10032 10021 10020
f 10032 10020 10035
f 10035 10020 10038
f 10035 10038 10033
f 10039 10040 10041
f 10041 10040 10042
f 10043 10044 10045
f 10043 10046 10047
f 10048 10049 10043
f 10049 10050 10043
f 10043 10050 10051
f 10043 10051 10052
f 10045 10053 10043
f 10043 10053 10054
f 10043 10054 10046
f 10047 10055 10043
f 10043 10055 10056
f 10043 10056 10048
f 10057 10058 10059
f 10060 10061 10059
f 10059 10061 10062
f 10062 10063 10059
f 10059 10063 10064
f 10059 10064 10057
f 10058 10065 10059
f 10059 10065 10066
f 10059 10066 10067
f 10067 10068 10059
f 10059 10068 10069
f 10059 10069 10070
f 10070 10071 10059
f 10059 10071 10072
f 10059 10072 10073
f 10073 10072 10074
f 10075 10076 10077
f 10077 10076 10078
f 10079 10080 10081
f 10081 10080 10082
f 10083 10084 10085
f 10085 10084 10086
f 10087 10083 10088
f 10088 10083 10085
f 10089 10087 10090
f 10090 10087 10088
f 10084 10091 10086
f 10086 10091 10092
f 10093 10094 10095
f 10096 10097 10098
f 10098 10097 10099
f 10098 10099 10100
f 10100 10099 10101
f 10100 10101 10102
f 10102 10101 10103
f 10102 10103 10104
f 10104 10103 10105
f 10093 10095 10106
f 10106 10095 10107
f 10106 10107 10108
f 10108 10107 10109
f 10108 10109 10110
f 10110 10109 10111
f 10110 10111 10112
f 10112 10111 10113
f 10112 10113 10114
f 10114 10113 10115
f 10114 10115 10116
f 10116 10115 10117
f 10116 10117 10118
f 10118 10117 10119
f 10118 10119 10120
f 10120 10119 10121
f 10120 10121 10122
f 10122 10121 10123
f 10122 10123 10124
f 10124 10123 10125
f 10124 10125 10126
f 10126 10125 10127
f 10126 10127 10128
f 10128 10127 10129
f 10129 10127 10130
f 10129 10130 10131
f 10131 10130 10132
f 10131 10132 10133
f 10133 10132 10134
f 10133 10134 10135
f 10135 10134 10136
f 10135 10136 10137
f 10137 10136 10138
f 10137 10138 10139
f 10139 10138 10140
f 10139 10140 10105
f 10105 10140 10141
f 10105 10141 10104
f 10113 10142 10143
f 10113 10143 10115
f 10115 10143 10144
f 10115 10144 10117
f 10144 10145 10117
f 10117 10145 10146
f 10117 10146 10119
f 10119 10146 10147
f 10119 10147 10121
f 10121 10147 10148
f 10121 10148 10123
f 10123 10148 10149
f 10123 10149 10125
f 10125 10149 10150
f 10125 10150 10127
f 10151 10141 10152
f 10152 10141 10140
f 10152 10140 10153
f 10153 10140 10138
f 10153 10138 10154
f 10154 10138 10136
f 10154 10136 10155
f 10155 10136 10134
f 10155 10134 10156
f 10141 10151 10157
f 10141 10157 10104
f 10104 10157 10158
f 10104 10158 10102
f 10158 10159 10102
f 10102 10159 10160
f 10102 10160 10100
f 10100 10160 10161
f 10100 10161 10098
f 10098 10161 10162
f 10098 10162 10096
f 10097 10096 10163
f 10163 10096 10162
f 10097 10163 10164
f 10097 10164 10099
f 10099 10164 10165
f 10099 10165 10101
f 10101 10165 10166
f 10101 10166 10103
f 10103 10166 10167
f 10103 10167 10105
f 10105 10167 10168
f 10105 10168 10139
f 10139 10168 10169
f 10139 10169 10137
f 10137 10169 10170
f 10137 10170 10135
f 10135 10170 10171
f 10135 10171 10133
f 10133 10171 10172
f 10133 10172 10131
f 10131 10172 10173
f 10131 10173 10129
f 10129 10173 10174
f 10129 10174 10128
f 10128 10174 10175
f 10128 10175 10126
f 10126 10175 10176
f 10126 10176 10124
f 10124 10176 10177
f 10124 10177 10122
f 10122 10177 10178
f 10122 10178 10120
f 10120 10178 10179
f 10120 10179 10118
f 10118 10179 10180
f 10118 10180 10116
f 10116 10180 10181
f 10116 10181 10114
f 10114 10181 10182
f 10114 10182 10112
f 10112 10182 10183
f 10112 10183 10110
f 10110 10183 10184
f 10110 10184 10108
f 10108 10184 10185
f 10108 10185 10106
f 10106 10185 10186
f 10106 10186 10093
f 10094 10093 10187
f 10187 10093 10186
f 10142 10113 10188
f 10188 10113 10111
f 10188 10111 10189
f 10189 10111 10109
f 10189 10109 10190
f 10190 10109 10107
f 10190 10107 10191
f 10191 10107 10095
f 10191 10095 10192
f 10192 10095 10094
f 10192 10094 10187
f 10193 10194 10195
f 10195 10196 10193
f 10193 10196 10197
f 10193 10197 10198
f 10199 10200 10201
f 10201 10200 10198
f 10201 10198 10202
f 10202 10198 10197
f 10202 10197 10203
f 10203 10197 10204
f 10194 10193 10205
f 10205 10193 10206
f 10195 10194 10207
f 10207 10194 10205
f 10196 10195 10208
f 10208 10195 10207
f 10197 10196 10209
f 10209 10196 10208
f 10204 10197 10210
f 10210 10197 10209
f 10203 10204 10211
f 10211 10204 10210
f 10201 10202 10212
f 10212 10202 10213
f 10199 10201 10214
f 10214 10201 10212
f 10193 10198 10206
f 10206 10198 10215
f 10216 10217 10218
f 10218 10217 10219
f 10220 10221 10222
f 10220 10222 10223
f 10223 10222 10219
f 10223 10219 10217
f 10224 10225 10226
f 10224 10226 10227
f 10227 10226 10228
f 10227 10228 10229
f 10229 10228 10230
f 10229 10230 10231
f 10231 10230 10232
f 10231 10232 10233
f 10233 10232 10234
f 10233 10234 10235
f 10235 10234 10236
f 10235 10236 10237
f 10238 10239 10240
f 10238 10240 10241
f 10241 10240 10225
f 10241 10225 10224
f 10242 10243 10244
f 10244 10243 10245
f 10244 10245 10246
f 10246 10245 10247
f 10246 10247 10248
f 10249 10250 10242
f 10242 10250 10251
f 10242 10251 10243
f 10249 10252 10250
f 10250 10252 10253
f 10250 10253 10254
f 10254 10253 10255
f 10254 10255 10256
f 10256 10255 10257
f 10256 10257 10258
f 10259 10260 10261
f 10259 10261 10262
f 10262 10261 10263
f 10262 10263 10264
f 10265 10264 10266
f 10266 10264 10263
f 10267 10265 10268
f 10268 10265 10266
f 10247 10267 10248
f 10248 10267 10268
f 10269 10270 10271
f 10271 10270 10272
f 10273 10274 10275
f 10275 10270 10273
f 10273 10270 10269
f 10273 10269 10276
f 10277 10278 10279
f 10280 10276 10281
f 10281 10276 10269
f 10281 10269 10279
f 10279 10269 10275
f 10279 10275 10277
f 10277 10275 10274
f 10277 10274 10282
f 10282 10274 10283
f 10278 10277 10284
f 10284 10277 10282
f 10279 10278 10285
f 10285 10278 10284
f 10280 10281 10286
f 10286 10281 10287
f 10276 10280 10288
f 10288 10280 10286
f 10273 10276 10289
f 10289 10276 10288
f 10274 10273 10283
f 10283 10273 10289
f 10290 10291 10292
f 10292 10291 10293
f 10290 10294 10291
f 10291 10294 10295
f 10294 10296 10295
f 10295 10296 10297
f 10296 10298 10297
f 10297 10298 10299
f 10299 10298 10300
f 10300 10298 10301
f 10302 10303 10304
f 10304 10303 10305
f 10306 10307 10308
f 10308 10307 10309
f 10310 10311 10305
f 10305 10311 10307
f 10305 10307 10304
f 10304 10307 10306
f 10312 10313 10310
f 10310 10313 10311
f 10313 10309 10311
f 10311 10309 10307
f 10314 10315 10316
f 10316 10315 10317
f 10316 10317 10318
f 10318 10317 10319
f 10320 10321 10322
f 10322 10321 10323
f 10322 10323 10324
f 10324 10323 10325
f 10323 10321 10316
f 10316 10321 10314
f 10326 10327 10328
f 10328 10327 10329
f 10330 10331 10332
f 10332 10331 10327
f 10332 10327 10333
f 10333 10327 10326
f 10334 10335 10336
f 10336 10335 10337
f 10336 10337 10338
f 10338 10337 10339
f 10340 10341 10334
f 10334 10341 10335
f 10341 10342 10335
f 10335 10342 10337
f 10337 10342 10339
f 10339 10342 10343
f 10344 10345 10346
f 10346 10345 10347
f 10346 10347 10348
f 10349 10350 10351
f 10351 10350 10352
f 10351 10352 10353
f 10354 10355 10352
f 10352 10355 10345
f 10352 10345 10353
f 10353 10345 10344
f 10356 10357 10347
f 10347 10357 10350
f 10347 10350 10348
f 10348 10350 10349
f 10355 10354 10356
f 10356 10354 10357
f 10354 10352 10357
f 10357 10352 10350
f 10358 10359 10360
f 10360 10359 10361
f 10360 10361 10362
f 10362 10361 10363
f 10364 10365 10366
f 10366 10365 10367
f 10366 10367 10368
f 10368 10367 10369
f 10367 10360 10369
f 10369 10360 10362
f 10365 10364 10358
f 10358 10364 10359
f 10364 10366 10359
f 10359 10366 10361
f 10361 10366 10363
f 10363 10366 10368
f 10370 10371 10372
f 10372 10371 10373
f 10372 10373 10374
f 10375 10376 10377
f 10377 10376 10378
f 10377 10378 10379
f 10380 10381 10373
f 10373 10381 10376
f 10373 10376 10374
f 10374 10376 10375
f 10371 10382 10373
f 10373 10382 10380
f 10383 10378 10381
f 10381 10378 10376
f 10384 10385 10386
f 10384 10386 10387
f 10387 10386 10388
f 10387 10388 10389
f 10389 10388 10390
f 10389 10390 10391
f 10391 10390 10392
f 10391 10392 10393
f 10393 10392 10394
f 10393 10394 10395
f 10395 10394 10396
f 10395 10396 10397
f 10397 10396 10398
f 10397 10398 10399
f 10399 10398 10400
f 10399 10400 10401
f 10400 10402 10401
f 10401 10402 10403
f 10401 10403 10404
f 10405 10406 10407
f 10407 10406 10408
f 10407 10408 10409
f 10409 10408 10410
f 10409 10410 10411
f 10411 10410 10412
f 10411 10412 10413
f 10413 10412 10414
f 10413 10414 10415
f 10415 10414 10416
f 10415 10416 10417
f 10417 10416 10418
f 10419 10420 10421
f 10421 10420 10422
f 10422 10420 10423
f 10423 10420 10424
f 10423 10424 10425
f 10425 10424 10426
f 10425 10426 10427
f 10427 10426 10428
f 10427 10428 10429
f 10428 10430 10429
f 10429 10430 10431
f 10429 10431 10432
f 10433 10434 10435
f 10435 10434 10436
f 10435 10436 10437
f 10437 10436 10438
f 10439 10440 10441
f 10441 10440 10442
f 10441 10442 10443
f 10443 10442 10444
f 10445 10446 10447
f 10445 10447 10448
f 10448 10447 10449
f 10448 10449 10450
f 10451 10452 10453
f 10453 10452 10454
f 10453 10454 10455
f 10455 10454 10456
f 10455 10456 10457
f 10457 10456 10458
f 10457 10458 10459
f 10459 10458 10460
f 10459 10460 10461
f 10461 10460 10462
f 10461 10462 10463
f 10463 10462 10464
f 10463 10464 10465
f 10465 10464 10466
f 10465 10466 10467
f 10467 10466 10468
f 10469 10470 10471
f 10471 10470 10472
f 10472 10470 10473
f 10473 10470 10474
f 10473 10474 10475
f 10475 10474 10476
f 10475 10476 10477
f 10477 10476 10478
f 10477 10478 10479
f 10479 10478 10480
f 10479 10480 10481
f 10481 10480 10482
f 10481 10482 10483
f 10482 10484 10483
f 10483 10484 10485
f 10483 10485 10486
f 10487 10488 10489
f 10487 10489 10490
f 10490 10489 10491
f 10490 10491 10492
f 10492 10491 10493
f 10493 10491 10494
f 10493 10494 10495
f 10495 10494 10496
f 10497 10498 10499
f 10497 10499 10500
f 10500 10499 10501
f 10500 10501 10502
f 10503 10504 10505
f 10505 10504 10506
f 10505 10506 10507
f 10507 10506 10508
f 10507 10508 10509
f 10507 10509 10510
f 10510 10509 10511
f 10510 10511 10512
f 10513 10514 10515
f 10513 10515 10516
f 10516 10515 10517
f 10516 10517 10518
f 10518 10517 10519
f 10518 10519 10520
f 10520 10519 10521
f 10520 10521 10522
f 10522 10521 10523
f 10522 10523 10524
f 10524 10523 10525
f 10524 10525 10526
f 10527 10528 10529
f 10529 10528 10530
f 10531 10532 10533
f 10533 10532 10534
f 10533 10534 10535
f 10536 10537 10538
f 10536 10538 10539
f 10539 10538 10540
f 10539 10540 10541
f 10541 10540 10542
f 10541 10542 10543
f 10543 10542 10544
f 10543 10544 10545
f 10545 10544 10546
f 10545 10546 10547
f 10547 10546 10548
f 10547 10548 10549
f 10549 10548 10550
f 10549 10550 10551
f 10552 10553 10554
f 10554 10553 10555
f 10554 10555 10556
f 10557 10558 10559
f 10559 10558 10556
f 10559 10556 10560
f 10560 10556 10555
f 10557 10561 10558
f 10558 10561 10562
f 10558 10562 10563
f 10564 10565 10566
f 10566 10565 10563
f 10566 10563 10567
f 10567 10563 10562
f 10564 10568 10565
f 10565 10568 10569
f 10565 10569 10570
f 10571 10572 10573
f 10571 10573 10574
f 10569 10575 10570
f 10570 10575 10576
f 10570 10576 10573
f 10573 10576 10577
f 10573 10577 10574
f 10578 10579 10580
f 10581 10582 10583
f 10584 10585 10586
f 10587 10588 10589
f 10590 10591 10592
f 10593 10594 10595
f 10596 10597 10598
f 10599 10600 10601
f 10602 10603 10604
f 10605 10606 10607
f 10608 10609 10610
f 10611 10612 10613
f 10613 10612 10614
f 10613 10614 10615
f 10615 10614 10616
f 10615 10616 10617
f 10617 10616 10618
f 10617 10618 10619
f 10619 10618 10604
f 10620 10621 10622
f 10622 10621 10623
f 10622 10623 10624
f 10624 10623 10625
f 10624 10625 10626
f 10626 10625 10627
f 10626 10627 10628
f 10628 10627 10629
f 10621 10630 10623
f 10623 10630 10631
f 10623 10631 10625
f 10625 10631 10632
f 10625 10632 10627
f 10627 10632 10633
f 10627 10633 10629
f 10629 10633 10634
f 10630 10635 10631
f 10631 10635 10636
f 10631 10636 10632
f 10632 10636 10637
f 10632 10637 10633
f 10633 10637 10638
f 10633 10638 10634
f 10634 10638 10639
f 10635 10640 10636
f 10636 10640 10641
f 10636 10641 10637
f 10637 10641 10642
f 10637 10642 10638
f 10638 10642 10643
f 10638 10643 10639
f 10639 10643 10644
f 10645 10646 10647
f 10647 10646 10648
f 10647 10648 10649
f 10649 10648 10650
f 10649 10650 10651
f 10651 10650 10652
f 10651 10652 10653
f 10653 10652 10595
f 10654 10655 10656
f 10656 10655 10657
f 10656 10657 10658
f 10658 10657 10659
f 10658 10659 10660
f 10660 10659 10661
f 10660 10661 10662
f 10662 10661 10663
f 10655 10664 10657
f 10657 10664 10665
f 10657 10665 10659
f 10659 10665 10666
f 10659 10666 10661
f 10661 10666 10667
f 10661 10667 10663
f 10663 10667 10668
f 10664 10669 10665
f 10665 10669 10670
f 10665 10670 10666
f 10666 10670 10671
f 10666 10671 10667
f 10667 10671 10672
f 10667 10672 10668
f 10668 10672 10673
f 10669 10674 10670
f 10670 10674 10675
f 10670 10675 10671
f 10671 10675 10676
f 10671 10676 10672
f 10672 10676 10677
f 10672 10677 10673
f 10673 10677 10678
f 10679 10680 10681
f 10681 10680 10682
f 10681 10682 10683
f 10683 10682 10684
f 10683 10684 10685
f 10685 10684 10686
f 10685 10686 10687
f 10687 10686 10586
f 10688 10689 10690
f 10690 10689 10691
f 10690 10691 10692
f 10692 10691 10693
f 10692 10693 10694
f 10694 10693 10695
f 10694 10695 10696
f 10696 10695 10580
f 10697 10698 10699
f 10699 10698 10700
f 10699 10700 10701
f 10701 10700 10702
f 10701 10702 10703
f 10703 10702 10704
f 10703 10704 10705
f 10705 10704 10610
f 10705 10610 10706
f 10706 10610 10609
f 10698 10707 10700
f 10700 10707 10708
f 10700 10708 10702
f 10702 10708 10709
f 10702 10709 10704
f 10704 10709 10710
f 10704 10710 10610
f 10610 10710 10607
f 10610 10607 10608
f 10608 10607 10606
f 10711 10605 10712
f 10712 10605 10607
f 10712 10607 10713
f 10713 10607 10710
f 10713 10710 10714
f 10714 10710 10709
f 10714 10709 10715
f 10715 10709 10708
f 10715 10708 10716
f 10716 10708 10707
f 10716 10611 10715
f 10715 10611 10613
f 10715 10613 10714
f 10714 10613 10615
f 10714 10615 10713
f 10713 10615 10617
f 10713 10617 10712
f 10712 10617 10619
f 10712 10619 10711
f 10711 10619 10717
f 10604 10603 10619
f 10619 10603 10718
f 10619 10718 10717
f 10600 10602 10601
f 10601 10602 10604
f 10601 10604 10719
f 10719 10604 10618
f 10719 10618 10720
f 10720 10618 10616
f 10720 10616 10721
f 10721 10616 10614
f 10721 10614 10722
f 10722 10614 10612
f 10723 10599 10724
f 10724 10599 10601
f 10724 10601 10725
f 10725 10601 10719
f 10725 10719 10726
f 10726 10719 10720
f 10726 10720 10727
f 10727 10720 10721
f 10727 10721 10728
f 10728 10721 10722
f 10728 10620 10727
f 10727 10620 10622
f 10727 10622 10726
f 10726 10622 10624
f 10726 10624 10725
f 10725 10624 10626
f 10725 10626 10724
f 10724 10626 10628
f 10724 10628 10723
f 10723 10628 10729
f 10730 10731 10644
f 10644 10731 10732
f 10644 10732 10639
f 10639 10732 10733
f 10639 10733 10634
f 10634 10733 10734
f 10634 10734 10629
f 10629 10734 10735
f 10629 10735 10628
f 10628 10735 10736
f 10628 10736 10729
f 10640 10737 10641
f 10641 10737 10738
f 10641 10738 10642
f 10642 10738 10739
f 10642 10739 10643
f 10643 10739 10740
f 10643 10740 10644
f 10644 10740 10598
f 10644 10598 10730
f 10730 10598 10597
f 10741 10596 10742
f 10742 10596 10598
f 10742 10598 10743
f 10743 10598 10740
f 10743 10740 10744
f 10744 10740 10739
f 10744 10739 10745
f 10745 10739 10738
f 10745 10738 10746
f 10746 10738 10737
f 10746 10645 10745
f 10745 10645 10647
f 10745 10647 10744
f 10744 10647 10649
f 10744 10649 10743
f 10743 10649 10651
f 10743 10651 10742
f 10742 10651 10653
f 10742 10653 10741
f 10741 10653 10747
f 10595 10594 10653
f 10653 10594 10748
f 10653 10748 10747
f 10591 10593 10592
f 10592 10593 10595
f 10592 10595 10749
f 10749 10595 10652
f 10749 10652 10750
f 10750 10652 10650
f 10750 10650 10751
f 10751 10650 10648
f 10751 10648 10752
f 10752 10648 10646
f 10753 10590 10754
f 10754 10590 10592
f 10754 10592 10755
f 10755 10592 10749
f 10755 10749 10756
f 10756 10749 10750
f 10756 10750 10757
f 10757 10750 10751
f 10757 10751 10758
f 10758 10751 10752
f 10758 10654 10757
f 10757 10654 10656
f 10757 10656 10756
f 10756 10656 10658
f 10756 10658 10755
f 10755 10658 10660
f 10755 10660 10754
f 10754 10660 10662
f 10754 10662 10753
f 10753 10662 10759
f 10760 10761 10678
f 10678 10761 10762
f 10678 10762 10673
f 10673 10762 10763
f 10673 10763 10668
f 10668 10763 10764
f 10668 10764 10663
f 10663 10764 10765
f 10663 10765 10662
f 10662 10765 10766
f 10662 10766 10759
f 10674 10767 10675
f 10675 10767 10768
f 10675 10768 10676
f 10676 10768 10769
f 10676 10769 10677
f 10677 10769 10770
f 10677 10770 10678
f 10678 10770 10589
f 10678 10589 10760
f 10760 10589 10588
f 10771 10587 10772
f 10772 10587 10589
f 10772 10589 10773
f 10773 10589 10770
f 10773 10770 10774
f 10774 10770 10769
f 10774 10769 10775
f 10775 10769 10768
f 10775 10768 10776
f 10776 10768 10767
f 10776 10679 10775
f 10775 10679 10681
f 10775 10681 10774
f 10774 10681 10683
f 10774 10683 10773
f 10773 10683 10685
f 10773 10685 10772
f 10772 10685 10687
f 10772 10687 10771
f 10771 10687 10777
f 10586 10585 10687
f 10687 10585 10778
f 10687 10778 10777
f 10582 10584 10583
f 10583 10584 10586
f 10583 10586 10779
f 10779 10586 10686
f 10779 10686 10780
f 10780 10686 10684
f 10780 10684 10781
f 10781 10684 10682
f 10781 10682 10782
f 10782 10682 10680
f 10783 10581 10784
f 10784 10581 10583
f 10784 10583 10785
f 10785 10583 10779
f 10785 10779 10786
f 10786 10779 10780
f 10786 10780 10787
f 10787 10780 10781
f 10787 10781 10788
f 10788 10781 10782
f 10788 10688 10787
f 10787 10688 10690
f 10787 10690 10786
f 10786 10690 10692
f 10786 10692 10785
f 10785 10692 10694
f 10785 10694 10784
f 10784 10694 10696
f 10784 10696 10783
f 10783 10696 10789
f 10580 10579 10696
f 10696 10579 10790
f 10696 10790 10789
f 10791 10578 10792
f 10792 10578 10580
f 10792 10580 10793
f 10793 10580 10695
f 10793 10695 10794
f 10794 10695 10693
f 10794 10693 10795
f 10795 10693 10691
f 10795 10691 10796
f 10796 10691 10689
f 10796 10797 10795
f 10795 10797 10798
f 10795 10798 10794
f 10794 10798 10799
f 10794 10799 10793
f 10793 10799 10800
f 10793 10800 10792
f 10792 10800 10801
f 10792 10801 10791
f 10791 10801 10802
f 10803 10804 10805
f 10805 10804 10806
f 10805 10806 10807
f 10807 10806 10808
f 10807 10808 10809
f 10809 10808 10810
f 10809 10810 10811
f 10811 10810 10812
f 10811 10812 10813
f 10813 10812 10814
f 10813 10814 10815
f 10815 10814 10816
f 10815 10816 10817
f 10817 10816 10818
f 10817 10818 10819
f 10819 10818 10820
f 10819 10820 10821
f 10821 10820 10822
f 10821 10822 10823
f 10823 10822 10824
f 10823 10824 10825
f 10825 10824 10826
f 10825 10826 10827
f 10827 10826 10828
f 10827 10828 10829
f 10829 10828 10830
f 10829 10830 10831
f 10831 10830 10832
f 10831 10832 10833
f 10833 10832 10834
f 10833 10834 10835
f 10835 10834 10836
f 10835 10836 10837
f 10837 10836 10838
f 10837 10838 10839
f 10839 10838 10840
f 10839 10840 10841
f 10841 10840 10842
f 10841 10842 10843
f 10843 10842 10844
f 10843 10844 10845
f 10845 10844 10846
f 10845 10846 10847
f 10847 10846 10848
f 10847 10848 10849
f 10849 10848 10850
f 10849 10850 10851
f 10851 10850 10852
f 10851 10852 10853
f 10853 10852 10854
f 10853 10854 10855
f 10855 10854 10856
f 10855 10856 10857
f 10857 10856 10858
f 10857 10858 10859
f 10859 10858 10860
f 10859 10860 10861
f 10861 10860 10862
f 10861 10862 10863
f 10863 10862 10864
f 10863 10864 10865
f 10865 10864 10866
f 10865 10866 10867
f 10867 10866 10868
f 10867 10868 10869
f 10869 10868 10870
f 10869 10870 10871
f 10871 10870 10872
f 10871 10872 10873
f 10873 10872 10874
f 10873 10874 10875
f 10875 10874 10876
f 10875 10876 10877
f 10877 10876 10878
f 10877 10878 10879
f 10879 10878 10880
f 10879 10880 10881
f 10881 10880 10882
f 10881 10882 10883
f 10883 10882 10884
f 10883 10884 10885
f 10885 10884 10886
f 10885 10886 10887
f 10887 10886 10888
f 10887 10888 10889
f 10889 10888 10890
f 10889 10890 10891
f 10891 10890 10892
f 10891 10892 10893
f 10893 10892 10894
f 10893 10894 10895
f 10895 10894 10896
f 10895 10896 10897
f 10897 10896 10898
f 10897 10898 10899
f 10899 10898 10900
f 10899 10900 10901
f 10901 10900 10902
f 10901 10902 10903
f 10903 10902 10904
f 10903 10904 10905
f 10905 10904 10906
f 10905 10906 10907
f 10907 10906 10908
f 10907 10908 10909
f 10909 10908 10910
f 10909 10910 10911
f 10911 10910 10912
f 10913 10914 10915
f 10916 10917 10918
f 10918 10917 10919
f 10918 10919 10920
f 10921 10922 10923
f 10913 10915 10924
f 10914 10913 10925
f 10925 10913 10926
f 10925 10926 10927
f 10921 10923 10928
f 10922 10921 10929
f 10929 10921 10930
f 10929 10930 10931
f 10932 10933 10934
f 10934 10933 10935
f 10926 10916 10927
f 10927 10916 10918
f 10927 10918 10936
f 10936 10918 10937
f 10938 10939 10937
f 10937 10939 10940
f 10937 10940 10936
f 10941 10942 10938
f 10938 10942 10943
f 10938 10943 10939
f 10923 10944 10928
f 10928 10944 10945
f 10928 10945 10946
f 10946 10945 10947
f 10946 10947 10948
f 10948 10947 10949
f 10948 10949 10950
f 10950 10949 10951
f 10950 10951 10952
f 10952 10951 10953
f 10952 10953 10954
f 10954 10953 10955
f 10954 10955 10956
f 10956 10955 10957
f 10956 10957 10958
f 10958 10957 10959
f 10958 10959 10960
f 10960 10959 10961
f 10960 10961 10962
f 10962 10961 10963
f 10962 10963 10964
f 10964 10963 10965
f 10964 10965 10941
f 10941 10965 10966
f 10941 10966 10942
f 10934 10967 10932
f 10932 10967 10968
f 10932 10968 10919
f 10919 10968 10969
f 10919 10969 10920
f 10970 10971 10972
f 10972 10971 10934
f 10972 10934 10973
f 10973 10934 10935
f 10930 10970 10931
f 10931 10970 10972
f 10931 10972 10974
f 10974 10972 10975
f 10976 10977 10975
f 10975 10977 10978
f 10975 10978 10974
f 10979 10980 10976
f 10976 10980 10981
f 10976 10981 10977
f 10915 10982 10924
f 10924 10982 10983
f 10924 10983 10984
f 10984 10983 10985
f 10984 10985 10986
f 10986 10985 10987
f 10986 10987 10988
f 10988 10987 10989
f 10988 10989 10990
f 10990 10989 10991
f 10990 10991 10992
f 10992 10991 10993
f 10992 10993 10994
f 10994 10993 10995
f 10994 10995 10996
f 10996 10995 10997
f 10996 10997 10998
f 10998 10997 10999
f 10998 10999 11000
f 11000 10999 11001
f 11000 11001 11002
f 11002 11001 11003
f 11002 11003 10979
f 10979 11003 11004
f 10979 11004 10980
f 11005 11006 11007
f 11008 11009 11010
f 11011 11010 11012
f 11012 11013 11014
f 11014 11013 11015
f 11014 11015 11016
f 11016 11015 11017
f 11016 11017 11018
f 11018 11017 11019
f 11018 11019 11020
f 11020 11019 11021
f 11020 11021 11022
f 11022 11021 11023
f 11022 11023 11024
f 11024 11023 11025
f 11024 11025 11026
f 11026 11025 11027
f 11026 11027 11028
f 11028 11027 11029
f 11028 11029 11030
f 11030 11029 11031
f 11030 11031 11032
f 11032 11031 11033
f 11032 11033 11034
f 11034 11033 11035
f 11034 11035 11036
f 11036 11035 11037
f 11036 11037 11038
f 11038 11037 11039
f 11038 11039 11040
f 11040 11039 11041
f 11040 11041 11042
f 11042 11041 11043
f 11042 11043 11044
f 11044 11043 11045
f 11044 11045 11046
f 11046 11045 11047
f 11046 11047 11048
f 11048 11047 11049
f 11048 11049 11050
f 11050 11049 11051
f 11050 11051 11052
f 11052 11051 11053
f 11052 11053 11054
f 11054 11053 11055
f 11054 11055 11056
f 11056 11055 11057
f 11056 11057 11058
f 11058 11057 11059
f 11058 11059 11060
f 11060 11059 11061
f 11060 11061 11062
f 11062 11061 11063
f 11062 11063 11064
f 11064 11063 11065
f 11064 11065 11066
f 11066 11065 11067
f 11066 11067 11068
f 11068 11067 11069
f 11068 11069 11070
f 11070 11069 11071
f 11070 11071 11072
f 11072 11071 11073
f 11072 11073 11074
f 11074 11073 11075
f 11074 11075 11076
f 11076 11075 11077
f 11078 11076 11079
f 11079 11076 11077
f 11079 11077 11080
f 11012 11014 11011
f 11011 11014 11016
f 11011 11016 11081
f 11081 11016 11018
f 11081 11018 11082
f 11082 11018 11020
f 11082 11020 11083
f 11083 11020 11022
f 11083 11022 11084
f 11084 11022 11024
f 11084 11024 11085
f 11085 11024 11026
f 11085 11026 11086
f 11086 11026 11028
f 11086 11028 11087
f 11087 11028 11030
f 11087 11030 11088
f 11088 11030 11032
f 11088 11032 11089
f 11089 11032 11034
f 11089 11034 11090
f 11090 11034 11036
f 11090 11036 11091
f 11091 11036 11038
f 11091 11038 11092
f 11092 11038 11040
f 11092 11040 11093
f 11093 11040 11042
f 11093 11042 11094
f 11094 11042 11044
f 11094 11044 11095
f 11095 11044 11046
f 11095 11046 11096
f 11096 11046 11048
f 11096 11048 11097
f 11097 11048 11050
f 11097 11050 11098
f 11098 11050 11052
f 11098 11052 11099
f 11099 11052 11054
f 11099 11054 11100
f 11100 11054 11056
f 11100 11056 11101
f 11101 11056 11058
f 11101 11058 11102
f 11102 11058 11060
f 11102 11060 11103
f 11103 11060 11062
f 11103 11062 11104
f 11104 11062 11064
f 11104 11064 11105
f 11105 11064 11066
f 11105 11066 11106
f 11106 11066 11068
f 11106 11068 11107
f 11107 11068 11070
f 11107 11070 11108
f 11108 11070 11072
f 11108 11072 11109
f 11109 11072 11074
f 11109 11074 11110
f 11110 11074 11076
f 11110 11076 11111
f 11111 11076 11078
f 11111 11078 11112
f 11010 11011 11008
f 11008 11011 11081
f 11008 11081 11113
f 11113 11081 11082
f 11113 11082 11114
f 11114 11082 11083
f 11114 11083 11115
f 11115 11083 11084
f 11115 11084 11116
f 11116 11084 11085
f 11116 11085 11117
f 11117 11085 11086
f 11117 11086 11118
f 11118 11086 11087
f 11118 11087 11119
f 11119 11087 11088
f 11119 11088 11120
f 11120 11088 11089
f 11120 11089 11121
f 11121 11089 11090
f 11121 11090 11122
f 11122 11090 11091
f 11122 11091 11123
f 11123 11091 11092
f 11123 11092 11124
f 11124 11092 11093
f 11124 11093 11125
f 11125 11093 11094
f 11125 11094 11126
f 11126 11094 11095
f 11126 11095 11127
f 11127 11095 11096
f 11127 11096 11128
f 11128 11096 11097
f 11128 11097 11129
f 11129 11097 11098
f 11129 11098 11130
f 11130 11098 11099
f 11130 11099 11131
f 11131 11099 11100
f 11131 11100 11132
f 11132 11100 11101
f 11132 11101 11133
f 11133 11101 11102
f 11133 11102 11134
f 11134 11102 11103
f 11134 11103 11135
f 11135 11103 11104
f 11135 11104 11136
f 11136 11104 11105
f 11136 11105 11137
f 11137 11105 11106
f 11137 11106 11138
f 11138 11106 11107
f 11138 11107 11139
f 11139 11107 11108
f 11139 11108 11140
f 11140 11108 11109
f 11140 11109 11141
f 11141 11109 11110
f 11141 11110 11142
f 11142 11110 11111
f 11142 11111 11143
f 11143 11111 11112
f 11143 11112 11144
f 11009 11008 11145
f 11145 11008 11113
f 11145 11113 11146
f 11146 11113 11114
f 11146 11114 11147
f 11147 11114 11115
f 11147 11115 11148
f 11148 11115 11116
f 11148 11116 11149
f 11149 11116 11117
f 11149 11117 11150
f 11150 11117 11118
f 11150 11118 11151
f 11151 11118 11119
f 11151 11119 11152
f 11152 11119 11120
f 11152 11120 11153
f 11153 11120 11121
f 11153 11121 11154
f 11154 11121 11122
f 11154 11122 11155
f 11155 11122 11123
f 11155 11123 11156
f 11156 11123 11124
f 11156 11124 11157
f 11157 11124 11125
f 11157 11125 11158
f 11158 11125 11126
f 11158 11126 11159
f 11159 11126 11127
f 11159 11127 11160
f 11160 11127 11128
f 11160 11128 11161
f 11161 11128 11129
f 11161 11129 11162
f 11162 11129 11130
f 11162 11130 11163
f 11163 11130 11131
f 11163 11131 11164
f 11164 11131 11132
f 11164 11132 11165
f 11165 11132 11133
f 11165 11133 11166
f 11166 11133 11134
f 11166 11134 11167
f 11167 11134 11135
f 11167 11135 11168
f 11168 11135 11136
f 11168 11136 11169
f 11169 11136 11137
f 11169 11137 11170
f 11170 11137 11138
f 11170 11138 11171
f 11171 11138 11139
f 11171 11139 11172
f 11172 11139 11140
f 11172 11140 11173
f 11173 11140 11141
f 11173 11141 11174
f 11174 11141 11142
f 11174 11142 11175
f 11175 11142 11143
f 11175 11143 11176
f 11176 11143 11144
f 11176 11144 11177
f 11177 11178 11176
f 11176 11178 11179
f 11176 11179 11175
f 11175 11179 11180
f 11175 11180 11174
f 11174 11180 11181
f 11174 11181 11173
f 11173 11181 11182
f 11173 11182 11172
f 11172 11182 11183
f 11172 11183 11171
f 11171 11183 11184
f 11171 11184 11170
f 11170 11184 11185
f 11170 11185 11169
f 11169 11185 11186
f 11169 11186 11168
f 11168 11186 11187
f 11168 11187 11167
f 11167 11187 11188
f 11167 11188 11166
f 11166 11188 11189
f 11166 11189 11165
f 11165 11189 11190
f 11165 11190 11164
f 11164 11190 11191
f 11164 11191 11163
f 11163 11191 11192
f 11163 11192 11162
f 11162 11192 11193
f 11162 11193 11161
f 11161 11193 11194
f 11161 11194 11160
f 11160 11194 11195
f 11160 11195 11159
f 11159 11195 11196
f 11159 11196 11158
f 11158 11196 11197
f 11158 11197 11157
f 11157 11197 11198
f 11157 11198 11156
f 11156 11198 11199
f 11156 11199 11155
f 11155 11199 11200
f 11155 11200 11154
f 11154 11200 11201
f 11154 11201 11153
f 11153 11201 11202
f 11153 11202 11152
f 11152 11202 11203
f 11152 11203 11151
f 11151 11203 11204
f 11151 11204 11150
f 11150 11204 11205
f 11150 11205 11149
f 11149 11205 11206
f 11149 11206 11148
f 11148 11206 11207
f 11148 11207 11147
f 11147 11207 11208
f 11147 11208 11146
f 11146 11208 11005
f 11146 11005 11145
f 11145 11005 11007
f 11145 11007 11009
f 10697 11006 10698
f 10698 11006 11005
f 10698 11005 10707
f 10707 11005 11208
f 10707 11208 10716
f 10716 11208 11207
f 10716 11207 10611
f 10611 11207 11206
f 10611 11206 10612
f 10612 11206 11205
f 10612 11205 10722
f 10722 11205 11204
f 10722 11204 10728
f 10728 11204 11203
f 10728 11203 10620
f 10620 11203 11202
f 10620 11202 10621
f 10621 11202 11201
f 10621 11201 10630
f 10630 11201 11200
f 10630 11200 10635
f 10635 11200 11199
f 10635 11199 10640
f 10640 11199 11198
f 10640 11198 10737
f 10737 11198 11197
f 10737 11197 10746
f 10746 11197 11196
f 10746 11196 10645
f 10645 11196 11195
f 10645 11195 10646
f 10646 11195 11194
f 10646 11194 10752
f 10752 11194 11193
f 10752 11193 10758
f 10758 11193 11192
f 10758 11192 10654
f 10654 11192 11191
f 10654 11191 10655
f 10655 11191 11190
f 10655 11190 10664
f 10664 11190 11189
f 10664 11189 10669
f 10669 11189 11188
f 10669 11188 10674
f 10674 11188 11187
f 10674 11187 10767
f 10767 11187 11186
f 10767 11186 10776
f 10776 11186 11185
f 10776 11185 10679
f 10679 11185 11184
f 10679 11184 10680
f 10680 11184 11183
f 10680 11183 10782
f 10782 11183 11182
f 10782 11182 10788
f 10788 11182 11181
f 10788 11181 10688
f 10688 11181 11180
f 10688 11180 10689
f 10689 11180 11179
f 10689 11179 10796
f 10796 11179 11178
f 10796 11178 10797
f 10797 11178 11177
f 11209 11210 11211
f 11211 11210 11212
f 11213 11214 11215
f 11216 11213 11217
f 11217 11213 11218
f 11216 11219 11213
f 11213 11219 11220
f 11213 11220 11214
f 11221 11222 11223
f 11224 11225 11215
f 11215 11225 11226
f 11218 11227 11217
f 11217 11227 11221
f 11217 11221 11228
f 11228 11221 11223
f 11226 11229 11215
f 11215 11229 11230
f 11215 11230 11213
f 11231 11232 11215
f 11215 11232 11233
f 11215 11233 11224
f 11234 11235 11236
f 11236 11235 11237
f 11236 11237 11221
f 11221 11237 11238
f 11221 11238 11222
f 11239 11213 11230
f 11239 11230 11240
f 11240 11230 11229
f 11240 11229 11241
f 11241 11229 11226
f 11241 11226 11242
f 11242 11226 11225
f 11242 11225 11243
f 11243 11225 11224
f 11243 11224 11244
f 11244 11224 11233
f 11244 11233 11245
f 11245 11233 11232
f 11245 11232 11246
f 11246 11232 11231
f 11246 11231 11247
f 11247 11231 11215
f 11247 11215 11248
f 11248 11215 11214
f 11248 11214 11249
f 11249 11214 11220
f 11249 11220 11250
f 11250 11220 11219
f 11250 11219 11251
f 11251 11219 11216
f 11251 11216 11252
f 11253 11254 11255
f 11253 11255 11256
f 11256 11255 11257
f 11256 11257 11258
f 11258 11257 11259
f 11258 11259 11260
f 11260 11259 11261
f 11260 11261 11262
f 11262 11261 11263
f 11262 11263 11264
f 11264 11263 11265
f 11264 11265 11266
f 11266 11265 11267
f 11266 11267 11268
f 11269 11270 11271
f 11269 11271 11272
f 11272 11271 11273
f 11272 11273 11274
f 11274 11273 11275
f 11275 11273 11276
f 11275 11276 11277
f 11278 11279 11280
f 11280 11279 11281
f 11280 11281 11282
f 11282 11281 11283
f 11282 11283 11284
f 11284 11283 11285
f 11284 11285 11286
f 11286 11285 11287
f 11286 11287 11288
f 11288 11287 11289
f 11288 11289 11290
f 11290 11289 11291
f 11290 11291 11292
f 11292 11291 11293
f 11292 11293 11294
f 11294 11293 11295
f 11294 11295 11296
f 11296 11295 11297
f 11296 11297 11298
f 11298 11297 11299
f 11298 11299 11300
f 11300 11299 11301
f 11300 11301 11302
f 11302 11301 11303
f 11302 11303 11304
f 11304 11303 11305
f 11304 11305 11306
f 11306 11305 11307
f 11306 11307 11308
f 11308 11307 11309
f 11308 11309 11310
f 11310 11309 11311
f 11310 11311 11312
f 11312 11311 11313
f 11312 11313 11278
f 11278 11313 11279
f 11314 11315 11316
f 11314 11316 11317
f 11317 11316 11318
f 11317 11318 11319
f 11319 11318 11320
f 11319 11320 11321
f 11321 11320 11322
f 11321 11322 11323
f 11324 11325 11326
f 11326 11325 11327
f 11328 11329 11330
f 11330 11329 11326
f 11330 11326 11331
f 11331 11326 11327
f 11332 11333 11334
f 11334 11333 11335
f 11336 11337 11338
f 11339 11340 11336
f 11336 11340 11341
f 11336 11342 11343
f 11337 11336 11334
f 11334 11336 11344
f 11334 11344 11332
f 11335 11345 11334
f 11334 11345 11346
f 11334 11346 11347
f 11341 11348 11336
f 11336 11348 11349
f 11336 11349 11342
f 11350 11351 11343
f 11343 11351 11352
f 11343 11352 11336
f 11338 11353 11336
f 11336 11353 11354
f 11336 11354 11339
f 11355 11346 11345
f 11355 11345 11356
f 11356 11345 11335
f 11356 11335 11357
f 11357 11335 11333
f 11357 11333 11358
f 11359 11352 11351
f 11359 11351 11360
f 11360 11351 11350
f 11360 11350 11361
f 11361 11350 11343
f 11361 11343 11362
f 11363 11364 11365
f 11363 11365 11366
f 11366 11365 11367
f 11366 11367 11368
f 11368 11367 11369
f 11368 11369 11370
f 11370 11369 11371
f 11370 11371 11372
f 11372 11371 11373
f 11372 11373 11374
f 11374 11373 11375
f 11374 11375 11376
f 11376 11375 11377
f 11376 11377 11378
f 11379 11380 11363
f 11381 11382 11383
f 11383 11382 11363
f 11384 11385 11386
f 11380 11355 11363
f 11363 11355 11356
f 11363 11356 11383
f 11383 11356 11357
f 11383 11357 11387
f 11357 11358 11387
f 11387 11358 11388
f 11387 11388 11389
f 11389 11388 11390
f 11386 11379 11384
f 11384 11379 11363
f 11384 11363 11391
f 11391 11363 11366
f 11391 11366 11392
f 11392 11366 11368
f 11392 11368 11393
f 11393 11368 11370
f 11393 11370 11394
f 11394 11370 11372
f 11394 11372 11395
f 11395 11372 11374
f 11395 11374 11396
f 11396 11374 11376
f 11396 11376 11397
f 11397 11376 11378
f 11397 11378 11398
f 11398 11378 11399
f 11398 11399 11400
f 11400 11399 11401
f 11400 11401 11402
f 11402 11401 11403
f 11359 11404 11405
f 11405 11404 11406
f 11405 11406 11390
f 11390 11406 11407
f 11390 11407 11389
f 11408 11409 11410
f 11410 11409 11411
f 11410 11411 11362
f 11362 11411 11412
f 11362 11412 11361
f 11361 11412 11413
f 11361 11413 11360
f 11360 11413 11414
f 11360 11414 11359
f 11359 11414 11415
f 11359 11415 11404
f 11416 11417 11418
f 11418 11417 11419
f 11418 11419 11420
f 11420 11419 11421
f 11420 11421 11408
f 11408 11421 11422
f 11408 11422 11409
f 11384 11423 11385
f 11385 11423 11424
f 11385 11424 11425
f 11425 11424 11426
f 11425 11426 11427
f 11427 11426 11428
f 11427 11428 11429
f 11429 11428 11430
f 11429 11430 11416
f 11416 11430 11431
f 11416 11431 11417
f 11432 11433 11434
f 11434 11433 11435
f 11433 11436 11435
f 11435 11436 11437
f 11438 11439 11440
f 11438 11440 11441
f 11441 11440 11442
f 11441 11442 11443
f 11443 11442 11444
f 11443 11444 11445
f 11445 11444 11446
f 11445 11446 11447
f 11448 11449 11450
f 11450 11449 11451
f 11450 11451 11452
f 11453 11454 11455
f 11456 11457 11455
f 11455 11457 11458
f 11455 11458 11453
f 11456 11459 11457
f 11457 11459 11460
f 11457 11460 11461
f 11461 11460 11462
f 11461 11462 11463
f 11464 11465 11466
f 11464 11466 11467
f 11467 11466 11468
f 11467 11468 11469
f 11469 11468 11470
f 11469 11470 11471
f 11471 11470 11472
f 11471 11472 11473
f 11474 11475 11476
f 11476 11475 11477
f 11478 11479 11480
f 11478 11480 11481
f 11481 11480 11482
f 11481 11482 11483
f 11483 11482 11484
f 11483 11484 11485
f 11486 11487 11488
f 11488 11487 11489
f 11490 11491 11492
f 11492 11491 11493
f 11494 11495 11496
f 11496 11495 11497
f 11498 11494 11499
f 11499 11494 11496
f 11500 11498 11501
f 11501 11498 11499
f 11502 11503 11504
f 11504 11503 11505
f 11506 11507 11508
f 11508 11507 11509
f 11510 11511 11512
f 11510 11512 11513
f 11513 11512 11514
f 11513 11514 11515
f 11515 11514 11516
f 11515 11516 11517
f 11517 11516 11518
f 11517 11518 11519
f 11519 11518 11520
f 11519 11520 11521
f 11521 11520 11522
f 11521 11522 11523
f 11523 11522 11524
f 11523 11524 11525
f 11525 11524 11526
f 11525 11526 11527
f 11527 11526 11528
f 11527 11528 11529
f 11529 11528 11530
f 11529 11530 11531
f 11531 11530 11532
f 11531 11532 11533
f 11533 11532 11534
f 11533 11534 11535
f 11535 11534 11536
f 11535 11536 11537
f 11537 11536 11538
f 11537 11538 11539
f 11539 11538 11540
f 11539 11540 11541
f 11542 11541 11543
f 11543 11541 11540
f 11510 11544 11511
f 11511 11544 11545
f 11546 11547 11548
f 11548 11547 11549
f 11550 11546 11551
f 11551 11546 11548
f 11552 11553 11554
f 11554 11553 11555
f 11556 11557 11558
f 11558 11557 11559
f 11558 11559 11560
f 11560 11559 11561
f 11562 11563 11564
f 11564 11563 11565
f 11564 11565 11566
f 11566 11565 11567
f 11568 11569 11570
f 11570 11569 11571
f 11570 11571 11572
f 11572 11571 11573
f 11573 11571 11574
f 11574 11571 11565
f 11574 11565 11575
f 11575 11565 11563
f 11571 11569 11565
f 11565 11569 11567
f 11576 11577 11578
f 11579 11580 11581
f 11581 11580 11582
f 11581 11582 11578
f 11578 11582 11583
f 11578 11583 11576
f 11577 11584 11578
f 11578 11584 11585
f 11578 11585 11586
f 11586 11587 11578
f 11578 11587 11588
f 11578 11588 11589
f 11590 11591 11592
f 11593 11594 11595
f 11596 11597 11598
f 11599 11600 11601
f 11602 11603 11604
f 11605 11606 11607
f 11608 11609 11610
f 11611 11612 11613
f 11614 11615 11616
f 11617 11618 11619
f 11616 11620 11614
f 11614 11620 11621
f 11614 11621 11622
f 11622 11621 11617
f 11622 11617 11623
f 11623 11617 11619
f 11624 11625 11601
f 11601 11625 11626
f 11601 11626 11627
f 11627 11626 11620
f 11620 11626 11628
f 11620 11628 11621
f 11629 11625 11630
f 11630 11625 11624
f 11630 11624 11631
f 11632 11633 11634
f 11635 11636 11637
f 11637 11636 11638
f 11637 11638 11632
f 11632 11638 11639
f 11632 11639 11633
f 11640 11641 11624
f 11624 11641 11642
f 11624 11642 11643
f 11643 11644 11624
f 11624 11644 11645
f 11624 11645 11631
f 11646 11647 11637
f 11637 11647 11648
f 11637 11648 11635
f 11649 11650 11646
f 11646 11650 11651
f 11646 11651 11647
f 11652 11653 11654
f 11654 11653 11655
f 11654 11655 11656
f 11657 11658 11659
f 11659 11658 11660
f 11661 11662 11663
f 11664 11665 11666
f 11666 11665 11667
f 11668 11669 11655
f 11655 11669 11670
f 11670 11671 11655
f 11655 11671 11672
f 11655 11672 11656
f 11673 11674 11675
f 11657 11676 11658
f 11658 11676 11677
f 11658 11677 11678
f 11678 11677 11675
f 11678 11675 11679
f 11679 11675 11674
f 11680 11681 11663
f 11663 11681 11682
f 11663 11682 11661
f 11662 11683 11663
f 11663 11683 11684
f 11663 11684 11665
f 11665 11684 11660
f 11665 11660 11667
f 11667 11660 11658
f 11685 11686 11687
f 11687 11686 11688
f 11687 11688 11689
f 11664 11377 11665
f 11665 11377 11375
f 11665 11375 11373
f 11690 11691 11675
f 11675 11691 11692
f 11675 11692 11693
f 11693 11694 11675
f 11675 11694 11695
f 11675 11695 11673
f 11696 11697 11364
f 11364 11697 11698
f 11364 11698 11365
f 11371 11369 11699
f 11699 11369 11367
f 11699 11367 11700
f 11700 11367 11365
f 11700 11365 11701
f 11701 11365 11698
f 11702 11703 11704
f 11704 11703 11705
f 11704 11705 11663
f 11663 11705 11706
f 11663 11706 11680
f 11707 11708 11709
f 11709 11710 11707
f 11707 11710 11711
f 11707 11711 11613
f 11611 11613 11712
f 11713 11714 11711
f 11711 11714 11715
f 11711 11715 11613
f 11613 11715 11716
f 11613 11716 11712
f 11466 11465 11711
f 11711 11465 11717
f 11711 11717 11718
f 11719 11720 11721
f 11721 11720 11722
f 11721 11722 11723
f 11724 11725 11726
f 11726 11725 11727
f 11718 11728 11711
f 11711 11728 11729
f 11711 11729 11713
f 11724 11726 11721
f 11721 11726 11730
f 11721 11730 11719
f 11727 11472 11726
f 11726 11472 11470
f 11726 11470 11711
f 11711 11470 11468
f 11711 11468 11466
f 11609 11731 11576
f 11576 11731 11577
f 11577 11731 11732
f 11577 11732 11708
f 11610 11733 11734
f 11734 11735 11610
f 11610 11735 11736
f 11610 11736 11608
f 11737 11738 11610
f 11610 11738 11739
f 11610 11739 11733
f 11456 11455 11740
f 11740 11455 11454
f 11740 11454 11737
f 11737 11454 11741
f 11737 11741 11738
f 11742 11462 11743
f 11743 11462 11460
f 11743 11460 11459
f 11744 11745 11665
f 11665 11745 11746
f 11665 11746 11743
f 11743 11746 11747
f 11743 11747 11742
f 11371 11699 11373
f 11373 11699 11748
f 11373 11748 11665
f 11665 11748 11749
f 11665 11749 11744
f 11750 11751 11752
f 11752 11751 11753
f 11752 11753 11754
f 11755 11756 11757
f 11757 11756 11758
f 11757 11758 11759
f 11759 11758 11760
f 11759 11760 11761
f 11761 11760 11762
f 11761 11762 11754
f 11755 11757 11763
f 11763 11757 11764
f 11763 11764 11765
f 11765 11764 11766
f 11765 11766 11767
f 11579 11768 11580
f 11580 11768 11769
f 11580 11769 11766
f 11766 11769 11770
f 11766 11770 11767
f 11771 11772 11452
f 11452 11772 11450
f 11773 11774 11775
f 11775 11774 11776
f 11776 11774 11777
f 11777 11774 11778
f 11777 11778 11779
f 11779 11778 11780
f 11779 11780 11607
f 11607 11780 11781
f 11607 11781 11605
f 11452 11780 11771
f 11771 11780 11778
f 11771 11778 11782
f 11782 11778 11783
f 11782 11783 11784
f 11784 11783 11785
f 11784 11785 11786
f 11450 11772 11448
f 11448 11772 11707
f 11448 11707 11786
f 11786 11707 11613
f 11786 11613 11784
f 11787 11788 11789
f 11790 11791 11771
f 11787 11789 11782
f 11782 11789 11792
f 11782 11792 11771
f 11771 11792 11793
f 11771 11793 11790
f 11794 11795 11796
f 11796 11795 11797
f 11798 11799 11800
f 11797 11801 11796
f 11796 11801 11802
f 11796 11802 11787
f 11787 11802 11803
f 11787 11803 11788
f 11798 11800 11804
f 11790 11805 11791
f 11791 11805 11806
f 11791 11806 11800
f 11800 11806 11807
f 11800 11807 11804
f 11799 11808 11800
f 11800 11808 11809
f 11800 11809 11796
f 11796 11809 11810
f 11796 11810 11794
f 11811 11602 11812
f 11813 11814 11815
f 11815 11814 11816
f 11602 11604 11812
f 11812 11604 11817
f 11812 11817 11818
f 11796 11819 11800
f 11800 11819 11820
f 11800 11820 11816
f 11816 11820 11821
f 11816 11821 11815
f 11685 11696 11686
f 11686 11696 11364
f 11686 11364 11325
f 11325 11364 11653
f 11325 11653 11327
f 11327 11653 11652
f 11327 11652 11331
f 11331 11652 11330
f 11328 11330 11822
f 11822 11330 11652
f 11822 11652 11704
f 11704 11652 11654
f 11704 11654 11702
f 11328 11822 11600
f 11600 11822 11632
f 11600 11632 11601
f 11601 11632 11634
f 11601 11634 11624
f 11624 11634 11823
f 11624 11823 11640
f 11824 11825 11826
f 11827 11828 11601
f 11748 11829 11749
f 11749 11829 11830
f 11749 11830 11831
f 11831 11832 11749
f 11749 11832 11833
f 11749 11833 11627
f 11834 11835 11601
f 11601 11835 11836
f 11601 11836 11827
f 11828 11837 11601
f 11601 11837 11838
f 11601 11838 11599
f 11826 11834 11824
f 11824 11834 11601
f 11824 11601 11839
f 11839 11601 11627
f 11839 11627 11840
f 11840 11627 11833
f 11841 11842 11843
f 11843 11842 11844
f 11843 11844 11845
f 11843 11846 11841
f 11841 11846 11847
f 11841 11847 11848
f 11848 11849 11841
f 11841 11849 11850
f 11841 11850 11851
f 11851 11850 11852
f 11851 11852 11853
f 11853 11852 11854
f 11853 11854 11824
f 11824 11854 11855
f 11824 11855 11825
f 11856 11857 11845
f 11845 11857 11858
f 11845 11858 11843
f 11859 11860 11689
f 11689 11860 11861
f 11689 11861 11687
f 11859 11862 11860
f 11860 11862 11863
f 11860 11863 11864
f 11864 11863 11865
f 11864 11322 11320
f 11865 11866 11864
f 11864 11866 11867
f 11864 11867 11868
f 11868 11869 11864
f 11864 11869 11870
f 11864 11870 11322
f 11320 11318 11864
f 11864 11318 11316
f 11864 11316 11315
f 11871 11872 11873
f 11873 11872 11874
f 11873 11874 11875
f 11875 11874 11876
f 11875 11876 11877
f 11878 11879 11880
f 11880 11879 11881
f 11881 11879 11882
f 11882 11879 11874
f 11882 11874 11883
f 11883 11874 11872
f 11883 11872 11598
f 11598 11872 11884
f 11598 11884 11596
f 11876 11885 11877
f 11877 11885 11886
f 11877 11886 11887
f 11887 11886 11888
f 11871 11873 11889
f 11889 11873 11890
f 11889 11890 11888
f 11888 11890 11616
f 11888 11616 11887
f 11887 11616 11615
f 11887 11615 11649
f 11891 11892 11893
f 11893 11892 11593
f 11894 11895 11893
f 11893 11895 11896
f 11896 11897 11893
f 11893 11897 11898
f 11893 11898 11891
f 11899 11900 11582
f 11273 11271 11580
f 11580 11271 11582
f 11582 11271 11270
f 11582 11270 11899
f 11273 11580 11276
f 11276 11580 11766
f 11276 11766 11277
f 11764 11901 11766
f 11766 11901 11902
f 11766 11902 11903
f 11766 11904 11277
f 11277 11904 11905
f 11277 11905 11906
f 11906 11905 11907
f 11906 11907 11908
f 11903 11909 11766
f 11766 11909 11910
f 11766 11910 11904
f 11911 11912 11759
f 11911 11759 11913
f 11912 11914 11759
f 11759 11914 11915
f 11759 11915 11757
f 11757 11915 11916
f 11916 11917 11757
f 11757 11917 11918
f 11757 11918 11764
f 11764 11918 11919
f 11764 11919 11901
f 11761 11920 11921
f 11922 11913 11923
f 11923 11913 11759
f 11923 11759 11924
f 11924 11759 11761
f 11924 11761 11925
f 11925 11761 11921
f 11754 11753 11761
f 11761 11753 11926
f 11761 11926 11920
f 11927 11928 11929
f 11929 11928 11930
f 11929 11930 11753
f 11753 11930 11931
f 11753 11931 11926
f 11590 11932 11591
f 11591 11932 11933
f 11591 11933 11934
f 11934 11935 11591
f 11591 11935 11936
f 11591 11936 11927
f 11937 11938 11594
f 11939 11940 11941
f 11942 11943 11590
f 11944 11945 11946
f 11946 11945 11947
f 11942 11590 11948
f 11949 11950 11945
f 11945 11950 11951
f 11945 11951 11952
f 11939 11941 11953
f 11594 11938 11590
f 11590 11938 11954
f 11590 11954 11948
f 11940 11955 11941
f 11941 11955 11956
f 11941 11956 11957
f 11958 11959 11960
f 11960 11959 11961
f 11960 11961 11952
f 11952 11961 11962
f 11958 11963 11959
f 11959 11963 11964
f 11959 11964 11965
f 11965 11964 11966
f 11965 11966 11967
f 11962 11968 11952
f 11952 11968 11969
f 11952 11969 11945
f 11945 11969 11970
f 11945 11970 11947
f 11259 11257 11941
f 11941 11257 11255
f 11941 11255 11945
f 11945 11255 11254
f 11945 11254 11949
f 11943 11971 11590
f 11590 11971 11972
f 11590 11972 11932
f 11932 11972 11973
f 11932 11973 11974
f 11974 11975 11932
f 11932 11975 11976
f 11932 11976 11977
f 11957 11978 11941
f 11941 11978 11267
f 11941 11267 11265
f 11979 11980 11981
f 11981 11980 11982
f 11981 11982 11941
f 11941 11982 11983
f 11941 11983 11953
f 11265 11263 11941
f 11941 11263 11261
f 11941 11261 11259
f 11977 11984 11932
f 11932 11984 11985
f 11932 11985 11986
f 11986 11985 11979
f 11986 11979 11987
f 11987 11979 11981
f 11988 11989 11990
f 11989 11952 11990
f 11990 11952 11951
f 11990 11951 11991
f 11991 11951 11992
f 11993 11994 11951
f 11951 11994 11995
f 11951 11995 11992
f 11996 11997 11998
f 11997 11999 11998
f 11998 11999 12000
f 11998 12000 12001
f 12002 11998 12003
f 11988 11990 12002
f 12002 11990 12004
f 12002 12004 11998
f 11998 12004 12005
f 11998 12005 11996
f 12003 12006 12002
f 12002 12006 12007
f 12002 12007 12008
f 12001 12000 12009
f 12009 12000 12010
f 12009 12010 12011
f 12011 12010 12012
f 12011 12012 12013
f 12014 12015 12008
f 12008 12015 12016
f 12008 12016 12002
f 11892 12017 11593
f 11593 12017 12018
f 11593 12018 11594
f 11594 12018 12019
f 11594 12019 11937
f 12020 12021 12022
f 11893 12020 11737
f 11737 12020 12022
f 11737 12022 11740
f 11740 12022 12023
f 11740 12023 12024
f 11595 11740 11593
f 11593 11740 12024
f 11593 12024 11893
f 11893 12024 12025
f 11893 12025 12020
f 12026 12027 11595
f 11595 12027 12028
f 12028 12027 12029
f 12028 12029 12030
f 12031 12032 12033
f 12033 12032 12027
f 12033 12027 12034
f 12034 12027 12026
f 12034 12026 12035
f 12035 12026 12036
f 11592 12028 11590
f 11590 12028 12030
f 11590 12030 11594
f 11594 12030 12037
f 11594 12037 11595
f 11595 12037 12038
f 11595 12038 12026
f 11609 11576 11610
f 11610 11576 11583
f 11610 11583 11737
f 11737 11583 11582
f 11737 11582 11893
f 11893 11582 11900
f 11893 11900 11894
f 11592 11704 12028
f 12028 11704 11663
f 12028 11663 11595
f 11595 11663 11665
f 11595 11665 11740
f 11740 11665 11743
f 11740 11743 11456
f 11456 11743 11459
f 11873 11796 11890
f 11890 11796 11787
f 11890 11787 11616
f 11616 11787 11782
f 11616 11782 11620
f 11620 11782 11784
f 11620 11784 11627
f 11627 11784 11613
f 11627 11613 11749
f 11749 11613 11612
f 11749 11612 11744
f 11708 11707 11577
f 11577 11707 11772
f 11577 11772 11584
f 11584 11772 11771
f 11584 11771 11585
f 11585 11771 11791
f 11585 11791 11586
f 11586 11791 11800
f 11586 11800 11587
f 11587 11800 11816
f 11587 11816 11588
f 11588 11816 11814
f 11588 11814 11589
f 11815 11811 11813
f 11813 11811 11812
f 11813 11812 12039
f 12040 12041 11875
f 12042 12043 12044
f 11873 12045 12046
f 12044 12040 12042
f 12042 12040 11875
f 12042 11875 12047
f 12047 11875 12048
f 12047 12048 12046
f 12046 12048 12039
f 12046 12039 11873
f 11873 12039 11812
f 11873 11812 11796
f 11796 11812 11818
f 11796 11818 11819
f 12049 12050 12041
f 12041 12050 12051
f 12041 12051 12052
f 12053 12054 12045
f 12045 12054 12055
f 12045 12055 12056
f 12057 11873 12058
f 12058 11873 11875
f 12058 11875 12059
f 12059 11875 12041
f 12059 12041 12060
f 12060 12041 12052
f 12057 12061 11873
f 11873 12061 12062
f 11873 12062 12045
f 12045 12062 12063
f 12045 12063 12053
f 12056 12064 12045
f 12045 12064 12065
f 12045 12065 12041
f 12041 12065 12066
f 12041 12066 12049
f 11649 11646 11887
f 11887 11646 12067
f 11887 12067 11877
f 11877 12067 12068
f 11877 12068 11875
f 11875 12068 12069
f 11875 12069 12048
f 11927 11929 11591
f 11591 11929 12070
f 11591 12070 11592
f 11592 12070 12071
f 11592 12071 11704
f 11704 12071 12072
f 11704 12072 11822
f 11822 12072 12073
f 11822 12073 11632
f 11632 12073 12074
f 11632 12074 11637
f 11637 12074 12075
f 11637 12075 11646
f 11646 12075 12076
f 11646 12076 12067
f 12067 12076 12077
f 12067 12077 12068
f 12068 12077 12078
f 12068 12078 12069
f 12079 12080 12081
f 12081 12080 12082
f 12083 12084 12085
f 12083 12085 12086
f 12086 12085 12087
f 12086 12087 12088
f 12089 12090 12088
f 12088 12090 12091
f 12088 12091 12086
f 12089 12092 12090
f 12090 12092 12093
f 12090 12093 12094
f 12094 12093 12095
f 12094 12095 12096
f 12096 12095 12097
f 12096 12097 12098
f 12098 12097 12099
f 12098 12099 12100
f 12101 12102 12103
f 12103 12102 12104
f 12105 12106 12107
f 12108 12109 12107
f 12107 12109 12110
f 12110 12111 12107
f 12107 12111 12112
f 12107 12112 12105
f 12106 12113 12107
f 12107 12113 12114
f 12107 12114 12115
f 12115 12116 12107
f 12107 12116 12117
f 12107 12117 12118
f 12118 12119 12107
f 12107 12119 12120
f 12107 12120 12121
f 12121 12120 12122
f 12123 12124 12125
f 12123 12125 12126
f 12126 12125 12127
f 12126 12127 12128
f 12129 12130 12131
f 12131 12130 12132
f 12133 12134 12135
f 12135 12134 12136
f 12137 12138 12139
f 12140 12141 12137
f 12137 12141 12142
f 12137 12143 12144
f 12138 12137 12135
f 12135 12137 12145
f 12135 12145 12133
f 12136 12146 12135
f 12135 12146 12147
f 12135 12147 12148
f 12142 12149 12137
f 12137 12149 12150
f 12137 12150 12143
f 12151 12152 12144
f 12144 12152 12153
f 12144 12153 12137
f 12139 12154 12137
f 12137 12154 12155
f 12137 12155 12140
f 12156 12157 12158
f 12158 12157 12159
f 12158 12159 12160
f 12160 12159 12161
f 12160 12161 12162
f 12162 12161 12163
f 12164 12165 12166
f 12164 12166 12167
f 12167 12166 12168
f 12167 12168 12169
f 12169 12168 12170
f 12169 12170 12171
f 12172 12173 12174
f 12174 12173 12175
f 12176 12177 12178
f 12178 12177 12179
f 12178 12179 12180
f 12180 12179 12181
f 12176 12178 12182
f 12182 12178 12183
f 12178 12180 12183
f 12183 12180 12184
f 12185 12186 12187
f 12187 12186 12188
f 12189 12190 12191
f 12191 12190 12192
f 12191 12192 12193
f 12193 12192 12194
f 12193 12194 12195
f 12195 12194 12196
f 12192 12190 12197
f 12197 12190 12198
f 12199 12200 12201
f 12199 12201 12202
f 12202 12201 12203
f 12202 12203 12204
f 12204 12203 12205
f 12204 12205 12206
f 12206 12205 12207
f 12206 12207 12208
f 12208 12207 12209
f 12208 12209 12210
f 12211 12212 12213
f 12213 12212 12214
f 12215 12216 12217
f 12217 12216 12218
f 12219 12220 12221
f 12222 12223 12224
f 12225 12226 12227
f 12225 12228 12229
f 12229 12228 12230
f 12229 12230 12231
f 12231 12230 12232
f 12231 12232 12233
f 12233 12232 12234
f 12234 12232 12235
f 12234 12235 12236
f 12236 12235 12237
f 12237 12235 12238
f 12237 12238 12239
f 12239 12238 12240
f 12240 12238 12241
f 12240 12241 12242
f 12242 12241 12243
f 12242 12243 12244
f 12244 12243 12245
f 12245 12243 12224
f 12245 12224 12246
f 12246 12224 12223
f 12246 12223 12247
f 12248 12249 12250
f 12250 12249 12251
f 12250 12251 12222
f 12252 12253 12254
f 12254 12253 12248
f 12255 12256 12257
f 12257 12256 12252
f 12258 12259 12260
f 12260 12259 12261
f 12260 12261 12255
f 12262 12263 12264
f 12264 12263 12265
f 12264 12265 12258
f 12262 12264 12266
f 12266 12264 12267
f 12266 12267 12268
f 12268 12267 12269
f 12268 12269 12270
f 12270 12269 12271
f 12270 12271 12272
f 12272 12271 12273
f 12272 12273 12274
f 12274 12273 12275
f 12274 12275 12276
f 12276 12275 12277
f 12276 12277 12278
f 12278 12277 12221
f 12278 12221 12279
f 12279 12221 12220
f 12279 12220 12280
f 12281 12282 12283
f 12284 12285 12286
f 12287 12288 12289
f 12290 12291 12292
f 12225 12227 12228
f 12228 12227 12293
f 12228 12293 12294
f 12258 12260 12264
f 12264 12260 12295
f 12264 12295 12267
f 12267 12295 12296
f 12267 12296 12269
f 12269 12296 12297
f 12269 12297 12271
f 12271 12297 12298
f 12271 12298 12273
f 12273 12298 12299
f 12273 12299 12275
f 12275 12299 12300
f 12275 12300 12277
f 12277 12300 12281
f 12277 12281 12221
f 12221 12281 12283
f 12221 12283 12219
f 12255 12257 12260
f 12260 12257 12301
f 12260 12301 12295
f 12295 12301 12302
f 12295 12302 12296
f 12296 12302 12303
f 12296 12303 12297
f 12297 12303 12304
f 12297 12304 12298
f 12298 12304 12305
f 12298 12305 12299
f 12299 12305 12306
f 12299 12306 12300
f 12300 12306 12284
f 12300 12284 12281
f 12281 12284 12286
f 12281 12286 12282
f 12252 12254 12257
f 12257 12254 12307
f 12257 12307 12301
f 12301 12307 12308
f 12301 12308 12302
f 12302 12308 12309
f 12302 12309 12303
f 12303 12309 12310
f 12303 12310 12304
f 12304 12310 12311
f 12304 12311 12305
f 12305 12311 12312
f 12305 12312 12306
f 12306 12312 12287
f 12306 12287 12284
f 12284 12287 12289
f 12284 12289 12285
f 12248 12250 12254
f 12254 12250 12313
f 12254 12313 12307
f 12307 12313 12314
f 12307 12314 12308
f 12308 12314 12315
f 12308 12315 12309
f 12309 12315 12316
f 12309 12316 12310
f 12310 12316 12317
f 12310 12317 12311
f 12311 12317 12318
f 12311 12318 12312
f 12312 12318 12290
f 12312 12290 12287
f 12287 12290 12292
f 12287 12292 12288
f 12222 12224 12250
f 12250 12224 12243
f 12250 12243 12313
f 12313 12243 12241
f 12313 12241 12314
f 12314 12241 12238
f 12314 12238 12315
f 12315 12238 12235
f 12315 12235 12316
f 12316 12235 12232
f 12316 12232 12317
f 12317 12232 12230
f 12317 12230 12318
f 12318 12230 12228
f 12318 12228 12290
f 12290 12228 12294
f 12290 12294 12291
f 12279 12280 12319
f 12319 12262 12266
f 12279 12319 12278
f 12266 12268 12319
f 12319 12268 12270
f 12319 12270 12272
f 12272 12274 12319
f 12319 12274 12276
f 12319 12276 12278
f 12320 12321 12322
f 12323 12324 12325
f 12325 12324 12326
f 12327 12328 12329
f 12329 12328 12323
f 12330 12331 12332
f 12332 12331 12333
f 12332 12333 12327
f 12321 12334 12335
f 12335 12334 12336
f 12335 12336 12330
f 12320 12322 12337
f 12338 12339 12337
f 12340 12341 12339
f 12342 12343 12344
f 12339 12338 12340
f 12340 12338 12345
f 12340 12345 12346
f 12346 12345 12347
f 12346 12347 12348
f 12348 12347 12349
f 12348 12349 12350
f 12350 12349 12351
f 12350 12351 12352
f 12352 12351 12353
f 12352 12353 12354
f 12354 12353 12355
f 12354 12355 12356
f 12356 12355 12342
f 12356 12342 12357
f 12357 12342 12344
f 12357 12344 12358
f 12359 12360 12361
f 12361 12360 12362
f 12363 12364 12365
f 12366 12367 12368
f 12369 12370 12371
f 12371 12370 12372
f 12373 12369 12374
f 12374 12369 12371
f 12374 12371 12375
f 12375 12371 12376
f 12375 12376 12377
f 12377 12376 12378
f 12379 12380 12381
f 12381 12380 12382
f 12381 12382 12378
f 12378 12382 12383
f 12378 12383 12377
f 12379 12381 12384
f 12384 12381 12385
f 12384 12385 12386
f 12386 12385 12387
f 12386 12387 12388
f 12388 12387 12389
f 12388 12389 12390
f 12390 12389 12391
f 12391 12389 12325
f 12391 12325 12392
f 12392 12325 12326
f 12392 12326 12393
f 12337 12322 12338
f 12338 12322 12394
f 12338 12394 12345
f 12345 12394 12395
f 12345 12395 12347
f 12347 12395 12396
f 12347 12396 12349
f 12349 12396 12397
f 12349 12397 12351
f 12351 12397 12398
f 12351 12398 12353
f 12353 12398 12399
f 12353 12399 12355
f 12355 12399 12361
f 12355 12361 12342
f 12342 12361 12362
f 12342 12362 12343
f 12321 12335 12322
f 12322 12335 12400
f 12322 12400 12394
f 12394 12400 12401
f 12394 12401 12395
f 12395 12401 12402
f 12395 12402 12396
f 12396 12402 12403
f 12396 12403 12397
f 12397 12403 12404
f 12397 12404 12398
f 12398 12404 12405
f 12398 12405 12399
f 12399 12405 12406
f 12399 12406 12361
f 12361 12406 12407
f 12361 12407 12359
f 12330 12332 12335
f 12335 12332 12408
f 12335 12408 12400
f 12400 12408 12409
f 12400 12409 12401
f 12401 12409 12410
f 12401 12410 12402
f 12402 12410 12411
f 12402 12411 12403
f 12403 12411 12412
f 12403 12412 12404
f 12404 12412 12413
f 12404 12413 12405
f 12405 12413 12363
f 12405 12363 12406
f 12406 12363 12365
f 12406 12365 12407
f 12327 12329 12332
f 12332 12329 12414
f 12332 12414 12408
f 12408 12414 12415
f 12408 12415 12409
f 12409 12415 12416
f 12409 12416 12410
f 12410 12416 12417
f 12410 12417 12411
f 12411 12417 12418
f 12411 12418 12412
f 12412 12418 12419
f 12412 12419 12413
f 12413 12419 12366
f 12413 12366 12363
f 12363 12366 12368
f 12363 12368 12364
f 12323 12325 12329
f 12329 12325 12389
f 12329 12389 12414
f 12414 12389 12387
f 12414 12387 12415
f 12415 12387 12385
f 12415 12385 12416
f 12416 12385 12381
f 12416 12381 12417
f 12417 12381 12378
f 12417 12378 12418
f 12418 12378 12376
f 12418 12376 12419
f 12419 12376 12371
f 12419 12371 12366
f 12366 12371 12372
f 12366 12372 12367
f 12420 12421 12422
f 12422 12421 12423
f 12422 12423 12424
f 12424 12423 12425
f 12425 12423 12426
f 12425 12426 12427
f 12428 12429 12426
f 12426 12429 12430
f 12426 12430 12427
f 12431 12432 12428
f 12428 12432 12433
f 12428 12433 12429
f 12434 12435 12436
f 12436 12435 12437
f 12436 12437 12431
f 12431 12437 12438
f 12431 12438 12432
f 12434 12436 12439
f 12439 12436 12440
f 12439 12440 12441
f 12442 12443 12444
f 12442 12444 12445
f 12445 12444 12446
f 12445 12446 12447
f 12447 12446 12448
f 12447 12448 12449
f 12449 12448 12450
f 12449 12450 12451
f 12451 12450 12452
f 12451 12452 12453
f 12453 12452 12454
f 12453 12454 12455
f 12455 12454 12456
f 12455 12456 12457
f 12458 12459 12460
f 12460 12459 12461
f 12462 12463 12458
f 12458 12463 12459
f 12464 12465 12462
f 12462 12465 12463
f 12466 12467 12468
f 12468 12467 12469
f 12470 12471 12472
f 12470 12472 12473
f 12473 12472 12474
f 12473 12474 12475
f 12475 12474 12476
f 12475 12476 12477
f 12477 12476 12478
f 12477 12478 12479
f 12479 12478 12480
f 12479 12480 12481
f 12481 12480 12482
f 12481 12482 12483
f 12483 12482 12484
f 12483 12484 12485
f 12485 12484 12486
f 12485 12486 12487
f 12488 12489 12490
f 12488 12490 12491
f 12491 12490 12492
f 12491 12492 12493
f 12492 12494 12493
f 12493 12494 12495
f 12493 12495 12496
f 12496 12495 12497
f 12496 12497 12498
f 12498 12497 12499
f 12498 12499 12500
f 12501 12502 12503
f 12503 12502 12504
f 12505 12506 12507
f 12507 12506 12508
f 12509 12510 12511
f 12511 12510 12512
f 12513 12514 12515
f 12515 12514 12516
f 12517 12518 12519
f 12519 12518 12520
f 12521 12522 12523
f 12521 12523 12524
f 12524 12523 12525
f 12524 12525 12526
f 12526 12525 12527
f 12526 12527 12528
f 12528 12527 12529
f 12528 12529 12530
f 12530 12529 12531
f 12530 12531 12532
f 12532 12531 12533
f 12532 12533 12534
f 12534 12533 12535
f 12534 12535 12536
f 12537 12538 12539
f 12537 12539 12540
f 12540 12539 12541
f 12540 12541 12542
f 12542 12541 12543
f 12542 12543 12544
f 12544 12543 12545
f 12544 12545 12546
f 12546 12545 12547
f 12546 12547 12548
f 12548 12547 12549
f 12548 12549 12550
f 12550 12549 12551
f 12550 12551 12552
f 12553 12554 12555
f 12542 12544 12556
f 12557 12558 12559
f 12559 12558 12560
f 12559 12560 12561
f 12561 12562 12559
f 12559 12562 12563
f 12559 12563 12564
f 12556 12544 12565
f 12565 12544 12546
f 12565 12546 12566
f 12557 12567 12558
f 12558 12567 12568
f 12558 12568 12555
f 12555 12568 12569
f 12555 12569 12553
f 12546 12548 12566
f 12566 12548 12550
f 12566 12550 12570
f 12570 12550 12552
f 12570 12552 12558
f 12558 12552 12571
f 12558 12571 12560
f 12572 12526 12528
f 12572 12573 12574
f 12574 12575 12572
f 12572 12575 12576
f 12572 12576 12526
f 12526 12576 12577
f 12528 12530 12572
f 12572 12530 12532
f 12572 12532 12578
f 12532 12534 12578
f 12578 12534 12536
f 12578 12536 12579
f 12579 12536 12580
f 12579 12580 12581
f 12580 12582 12581
f 12581 12582 12583
f 12581 12583 12584
f 12584 12583 12585
f 12584 12585 12586
f 12586 12585 12587
f 12586 12587 12588
f 12588 12587 12589
f 12556 12590 12542
f 12542 12590 12591
f 12542 12591 12540
f 12540 12591 12592
f 12540 12592 12537
f 12537 12592 12593
f 12537 12593 12589
f 12589 12593 12594
f 12589 12594 12588
f 12595 12596 12564
f 12564 12596 12597
f 12564 12597 12559
f 12577 12598 12526
f 12526 12598 12599
f 12526 12599 12524
f 12524 12599 12600
f 12524 12600 12521
f 12521 12600 12601
f 12521 12601 12595
f 12595 12601 12602
f 12595 12602 12596
f 12602 12603 12604
f 12602 12604 12596
f 12596 12604 12605
f 12596 12605 12597
f 12597 12605 12606
f 12597 12606 12559
f 12559 12606 12607
f 12559 12607 12557
f 12557 12607 12608
f 12557 12608 12567
f 12567 12608 12609
f 12567 12609 12568
f 12568 12609 12610
f 12568 12610 12569
f 12569 12610 12611
f 12569 12611 12553
f 12554 12553 12612
f 12612 12553 12611
f 12555 12554 12613
f 12613 12554 12612
f 12558 12614 12615
f 12558 12615 12570
f 12570 12615 12616
f 12570 12616 12566
f 12566 12616 12617
f 12566 12617 12565
f 12565 12617 12618
f 12565 12618 12556
f 12556 12618 12619
f 12556 12619 12590
f 12590 12619 12620
f 12590 12620 12591
f 12591 12620 12621
f 12591 12621 12592
f 12592 12621 12622
f 12592 12622 12593
f 12574 12573 12623
f 12623 12573 12624
f 12625 12626 12627
f 12627 12626 12628
f 12627 12628 12629
f 12629 12628 12630
