v -0.27485567 0.09864372 0.03899997
v -0.27485567 0.09864372 0.03899997
v -0.27485567 0.09864372 0.04298859
v -0.27485567 0.10537451 0.03899997
v -0.27485567 0.10537451 0.03899997
v -0.27485567 0.10537451 0.04298859
v -0.27483124 0.09814947 0.04303079
v -0.27481693 -0.10580749 0.03899997
v -0.27481693 -0.10580749 0.03899997
v -0.27481693 -0.10580749 0.04298859
v -0.27481693 -0.09907669 0.03899997
v -0.27481693 -0.09907669 0.03899997
v -0.27481693 -0.09907669 0.04298859
v -0.27479404 0.10694366 0.04309469
v -0.27479249 -0.09858251 0.04303079
v -0.27475792 0.09766012 0.03899997
v -0.27475792 0.09766012 0.03899997
v -0.27475792 0.09766012 0.04315667
v -0.2747553 -0.10737664 0.04309469
v -0.2747193 -0.09809316 0.03899997
v -0.2747193 -0.09809316 0.03899997
v -0.2747193 -0.09809316 0.04315667
v -0.27463681 0.09718042 0.04336517
v -0.27460939 0.10850316 0.03899997
v -0.27460939 0.10850316 0.03899997
v -0.27460939 0.10850316 0.04341226
v -0.27459806 -0.09761346 0.04336517
v -0.27457076 -0.10893614 0.03899997
v -0.27457076 -0.10893614 0.03899997
v -0.27457076 -0.10893614 0.04341226
v -0.27446872 0.09671503 0.03899997
v -0.27446872 0.09671503 0.03899997
v -0.27446872 0.09671503 0.04365425
v -0.2744301 -0.09714807 0.03899997
v -0.2744301 -0.09714807 0.03899997
v -0.2744301 -0.09714807 0.04365425
v -0.27430302 0.11004334 0.04393928
v -0.2742644 -0.11047638 0.04393928
v -0.27399916 0.09584528 0.03899997
v -0.27399916 0.09584528 0.03899997
v -0.27399916 0.09584528 0.0444619
v -0.27396053 -0.09627831 0.03899997
v -0.27396053 -0.09627831 0.03899997
v -0.27396053 -0.09627831 0.0444619
v -0.27387685 0.1115548 0.03899997
v -0.27387685 0.1115548 0.03899997
v -0.27387685 0.1115548 0.04467254
v -0.2738381 -0.11198783 0.03899997
v -0.2738381 -0.11198783 0.03899997
v -0.2738381 -0.11198783 0.04467254
v -0.27336782 0.09508496 0.03899997
v -0.27336782 0.09508496 0.03899997
v -0.27336782 0.09508496 0.03899997
v -0.27336782 0.09508496 0.04554813
v -0.27336782 0.09508496 0.04554813
v -0.27333325 0.1130281 0.0456075
v -0.27332908 -0.09551794 0.03899997
v -0.27332908 -0.09551794 0.03899997
v -0.27332908 -0.09551794 0.03899997
v -0.27332908 -0.09551794 0.04554813
v -0.27332908 -0.09551794 0.04554813
v -0.27329463 -0.11346114 0.0456075
v -0.27267581 0.11445432 0.03899997
v -0.27267581 0.11445432 0.03899997
v -0.27267581 0.11445432 0.04673856
v -0.27263707 -0.1148873 0.03899997
v -0.27263707 -0.1148873 0.03899997
v -0.27263707 -0.1148873 0.04673856
v -0.27190846 0.1158244 0.04805844
v -0.27186984 -0.11625743 0.04805844
v -0.27103597 0.11713022 0.03899997
v -0.27103597 0.11713022 0.03899997
v -0.27103597 0.11713022 0.04955929
v -0.27099735 -0.11756319 0.03899997
v -0.27099735 -0.11756319 0.03899997
v -0.27099735 -0.11756319 0.04955929
v -0.27006382 0.11836344 0.05123179
v -0.27002508 -0.11879641 0.05123179
v -0.26899785 0.11951655 0.03899997
v -0.26899785 0.11951655 0.03899997
v -0.26899785 0.11951655 0.03899997
v -0.26899785 0.11951655 0.05306547
v -0.26899785 0.11951655 0.05306547
v -0.26895911 -0.11994958 0.03899997
v -0.26895911 -0.11994958 0.03899997
v -0.26895911 -0.11994958 0.05306547
v -0.261316 0.08319121 0.03899997
v -0.261316 0.08319121 0.03899997
v -0.261316 0.08319121 0.06627982
v -0.261316 0.08319121 0.06627982
v -0.26127738 -0.08362419 0.03899997
v -0.26127738 -0.08362419 0.03899997
v -0.26127738 -0.08362419 0.06627982
v -0.26127738 -0.08362419 0.06627982
v -0.26028484 0.08240896 0.03899997
v -0.26028484 0.08240896 0.03899997
v -0.26028484 0.08240896 0.06805377
v -0.26028484 0.08240896 0.06805377
v -0.2602461 -0.08284194 0.03899997
v -0.2602461 -0.08284194 0.03899997
v -0.2602461 -0.08284194 0.06805377
v -0.2602461 -0.08284194 0.06805377
v -0.25908739 0.08191758 0.03899997
v -0.25908739 0.08191758 0.03899997
v -0.25908739 0.08191758 0.07011371
v -0.25908739 0.08191758 0.07011371
v -0.25904864 -0.08235056 0.03899997
v -0.25904864 -0.08235056 0.03899997
v -0.25904864 -0.08235056 0.07011371
v -0.25904864 -0.08235056 0.07011371
v -0.25780386 0.08174997 0.03899997
v -0.25780386 0.08174997 0.03899997
v -0.25780386 0.08174997 0.07232147
v -0.25780386 0.08174997 0.07232147
v -0.25776524 -0.08218301 0.03899997
v -0.25776524 -0.08218301 0.03899997
v -0.25776524 -0.08218301 0.07232147
v -0.25776524 -0.08218301 0.07232147
v -0.2448557 0.08174997 0.03899997
v -0.2448557 0.08174997 0.03899997
v -0.2448557 0.08174997 0.03899997
v -0.2448557 0.08174997 0.07899993
v -0.2448557 0.08174997 0.07899993
v -0.2448557 0.08174997 0.07899993
v -0.2448557 0.09840744 0.03899997
v -0.2448557 0.09840744 0.03899997
v -0.2448557 0.09840744 0.03899997
v -0.2448557 0.09840744 0.07899993
v -0.2448557 0.09840744 0.07899993
v -0.2448557 0.09840744 0.07899993
v -0.24481696 -0.09884048 0.03899997
v -0.24481696 -0.09884048 0.03899997
v -0.24481696 -0.09884048 0.03899997
v -0.24481696 -0.09884048 0.07899993
v -0.24481696 -0.09884048 0.07899993
v -0.24481696 -0.09884048 0.07899993
v -0.24481696 -0.08218301 0.03899997
v -0.24481696 -0.08218301 0.03899997
v -0.24481696 -0.08218301 0.03899997
v -0.24481696 -0.08218301 0.07899993
v -0.24481696 -0.08218301 0.07899993
v -0.24481696 -0.08218301 0.07899993
v -0.23434955 0.15416485 0.03899997
v -0.23434955 0.15416485 0.03899997
v -0.23434955 0.15416485 0.11266821
v -0.23434955 0.15416485 0.11266821
v -0.23431093 -0.15459782 0.03899997
v -0.23431093 -0.15459782 0.03899997
v -0.23431093 -0.15459782 0.03899997
v -0.23431093 -0.15459782 0.11266821
v -0.23431093 -0.15459782 0.11266821
v -0.23343557 -0.15529591 0.03899997
v -0.23343557 -0.15529591 0.03899997
v -0.23343557 -0.15529591 0.11417406
v -0.23343557 -0.15529591 0.11417406
v -0.23331398 0.15495938 0.03899997
v -0.23331398 0.15495938 0.03899997
v -0.23331398 0.15495938 0.11444955
v -0.23331398 0.15495938 0.11444955
v -0.2324267 -0.15578175 0.03899997
v -0.2324267 -0.15578175 0.03899997
v -0.2324267 -0.15578175 0.11590939
v -0.2324267 -0.15578175 0.11590939
v -0.23210818 0.15545886 0.03899997
v -0.23210818 0.15545886 0.03899997
v -0.23210818 0.15545886 0.11652403
v -0.23210818 0.15545886 0.11652403
v -0.23133522 -0.15603084 0.03899997
v -0.23133522 -0.15603084 0.03899997
v -0.23133522 -0.15603084 0.11778717
v -0.23133522 -0.15603084 0.11778717
v -0.23081404 0.15562933 0.03899997
v -0.23081404 0.15562933 0.03899997
v -0.23081404 0.15562933 0.11875015
v -0.23081404 0.15562933 0.11875015
v -0.23021549 -0.15603084 0.03899997
v -0.23021549 -0.15603084 0.03899997
v -0.23021549 -0.15603084 0.11971324
v -0.23021549 -0.15603084 0.11971324
v -0.22951991 0.15545886 0.03899997
v -0.22951991 0.15545886 0.03899997
v -0.22951991 0.15545886 0.12097626
v -0.22951991 0.15545886 0.12097626
v -0.22912401 -0.15578175 0.03899997
v -0.22912401 -0.15578175 0.03899997
v -0.22912401 -0.15578175 0.1215909
v -0.22912401 -0.15578175 0.1215909
v -0.22831398 0.15495938 0.03899997
v -0.22831398 0.15495938 0.03899997
v -0.22831398 0.15495938 0.12305074
v -0.22831398 0.15495938 0.12305074
v -0.22811514 -0.15529591 0.03899997
v -0.22811514 -0.15529591 0.03899997
v -0.22811514 -0.15529591 0.12332623
v -0.22811514 -0.15529591 0.12332623
v -0.22727853 0.15416485 0.03899997
v -0.22727853 0.15416485 0.03899997
v -0.22727853 0.15416485 0.03899997
v -0.22727853 0.15416485 0.12483209
v -0.22727853 0.15416485 0.12483209
v -0.22723979 -0.15459782 0.03899997
v -0.22723979 -0.15459782 0.03899997
v -0.22723979 -0.15459782 0.03899997
v -0.22723979 -0.15459782 0.12483209
v -0.22723979 -0.15459782 0.12483209
v -0.2248556 0.08174997 0.07899993
v -0.2248556 0.08174997 0.07899993
v -0.2248556 0.08174997 0.12899988
v -0.2248556 0.08174997 0.12899988
v -0.2248556 0.08174997 0.12899988
v -0.2248556 0.15174204 0.12899988
v -0.2248556 0.15174204 0.12899988
v -0.22481698 -0.15217501 0.12899988
v -0.22481698 -0.15217501 0.12899988
v -0.22481698 -0.08218301 0.07899993
v -0.22481698 -0.08218301 0.07899993
v -0.22481698 -0.08218301 0.07899993
v -0.22481698 -0.08218301 0.12899988
v -0.22481698 -0.08218301 0.12899988
v -0.22481698 -0.08218301 0.12899988
v -0.22356159 0.08157962 0.07899993
v -0.22356159 0.08157962 0.07899993
v -0.22356159 0.08157962 0.12899988
v -0.22356159 0.08157962 0.12899988
v -0.22352284 -0.08201266 0.07899993
v -0.22352284 -0.08201266 0.07899993
v -0.22352284 -0.08201266 0.12899988
v -0.22352284 -0.08201266 0.12899988
v -0.22235567 0.08108013 0.07899993
v -0.22235567 0.08108013 0.07899993
v -0.22235567 0.08108013 0.12899988
v -0.22235567 0.08108013 0.12899988
v -0.22231704 -0.08151311 0.07899993
v -0.22231704 -0.08151311 0.07899993
v -0.22231704 -0.08151311 0.12899988
v -0.22231704 -0.08151311 0.12899988
v -0.22132009 0.08028548 0.07899993
v -0.22132009 0.08028548 0.07899993
v -0.22132009 0.08028548 0.12899988
v -0.22132009 0.08028548 0.12899988
v -0.22128147 -0.08071852 0.07899993
v -0.22128147 -0.08071852 0.07899993
v -0.22128147 -0.08071852 0.12899988
v -0.22128147 -0.08071852 0.12899988
v -0.22052556 0.07925003 0.07899993
v -0.22052556 0.07925003 0.07899993
v -0.22052556 0.07925003 0.12899988
v -0.22052556 0.07925003 0.12899988
v -0.22048682 -0.07968301 0.07899993
v -0.22048682 -0.07968301 0.07899993
v -0.22048682 -0.07968301 0.12899988
v -0.22048682 -0.07968301 0.12899988
v -0.22002608 0.07804411 0.07899993
v -0.22002608 0.07804411 0.07899993
v -0.22002608 0.07804411 0.12899988
v -0.22002608 0.07804411 0.12899988
v -0.21998733 -0.07847709 0.07899993
v -0.21998733 -0.07847709 0.07899993
v -0.21998733 -0.07847709 0.12899988
v -0.21998733 -0.07847709 0.12899988
v -0.2199567 0.07374995 0.07899993
v -0.2199567 0.07374995 0.07899993
v -0.2199567 0.07374995 0.07899993
v -0.2199567 0.07374995 0.12899988
v -0.2199567 0.07374995 0.12899988
v -0.2199567 0.07374995 0.12899988
v -0.21991795 -0.07418299 0.07899993
v -0.21991795 -0.07418299 0.07899993
v -0.21991795 -0.07418299 0.07899993
v -0.21991795 -0.07418299 0.12899988
v -0.21991795 -0.07418299 0.12899988
v -0.21991795 -0.07418299 0.12899988
v -0.21985561 0.06475001 0.07899993
v -0.21985561 0.06475001 0.07899993
v -0.21985561 0.06475001 0.12899988
v -0.21985561 0.06475001 0.12899988
v -0.21985561 0.07275003 0.07899993
v -0.21985561 0.07275003 0.07899993
v -0.21985561 0.07275003 0.12899988
v -0.21985561 0.07275003 0.12899988
v -0.21985561 0.07374995 0.07899993
v -0.21985561 0.07374995 0.07899993
v -0.21985561 0.07374995 0.07899993
v -0.21985561 0.07374995 0.12899988
v -0.21985561 0.07374995 0.12899988
v -0.21985561 0.07374995 0.12899988
v -0.21985561 0.07674998 0.07899993
v -0.21985561 0.07674998 0.07899993
v -0.21985561 0.07674998 0.07899993
v -0.21985561 0.07674998 0.12899988
v -0.21985561 0.07674998 0.12899988
v -0.21985561 0.07674998 0.12899988
v -0.21981698 -0.07718301 0.07899993
v -0.21981698 -0.07718301 0.07899993
v -0.21981698 -0.07718301 0.12899988
v -0.21981698 -0.07718301 0.12899988
v -0.21981698 -0.07418299 0.07899993
v -0.21981698 -0.07418299 0.07899993
v -0.21981698 -0.07418299 0.07899993
v -0.21981698 -0.07418299 0.12899988
v -0.21981698 -0.07418299 0.12899988
v -0.21981698 -0.07418299 0.12899988
v -0.21981698 -0.073183 0.07899993
v -0.21981698 -0.073183 0.07899993
v -0.21981698 -0.073183 0.12899988
v -0.21981698 -0.073183 0.12899988
v -0.21981698 -0.06518299 0.07899993
v -0.21981698 -0.06518299 0.07899993
v -0.21981698 -0.06518299 0.07899993
v -0.21981698 -0.06518299 0.12899988
v -0.21981698 -0.06518299 0.12899988
v -0.21981698 -0.06518299 0.12899988
v -0.21973032 0.06363737 0.07899993
v -0.21973032 0.06363737 0.07899993
v -0.21973032 0.06363737 0.12899988
v -0.21973032 0.06363737 0.12899988
v -0.21964663 -0.06388891 0.07899993
v -0.21964663 -0.06388891 0.07899993
v -0.21964663 -0.06388891 0.12899988
v -0.21964663 -0.06388891 0.12899988
v -0.21936053 0.06258058 0.07899993
v -0.21936053 0.06258058 0.07899993
v -0.21936053 0.06258058 0.12899988
v -0.21936053 0.06258058 0.12899988
v -0.21914715 -0.06268299 0.07899993
v -0.21914715 -0.06268299 0.07899993
v -0.21914715 -0.06268299 0.12899988
v -0.21914715 -0.06268299 0.12899988
v -0.21876484 0.06163257 0.07899993
v -0.21876484 0.06163257 0.07899993
v -0.21876484 0.06163257 0.12899988
v -0.21876484 0.06163257 0.12899988
v -0.2183525 -0.06164748 0.07899993
v -0.2183525 -0.06164748 0.07899993
v -0.2183525 -0.06164748 0.12899988
v -0.2183525 -0.06164748 0.12899988
v -0.21797305 0.06084084 0.07899993
v -0.21797305 0.06084084 0.07899993
v -0.21797305 0.06084084 0.12899988
v -0.21797305 0.06084084 0.12899988
v -0.21731705 -0.06085289 0.07899993
v -0.21731705 -0.06085289 0.07899993
v -0.21731705 -0.06085289 0.12899988
v -0.21731705 -0.06085289 0.12899988
v -0.2170251 0.06024515 0.07899993
v -0.2170251 0.06024515 0.07899993
v -0.2170251 0.06024515 0.12899988
v -0.2170251 0.06024515 0.12899988
v -0.21611113 -0.0603534 0.07899993
v -0.21611113 -0.0603534 0.07899993
v -0.21611113 -0.0603534 0.12899988
v -0.21611113 -0.0603534 0.12899988
v -0.21596831 0.05987536 0.07899993
v -0.21596831 0.05987536 0.07899993
v -0.21596831 0.05987536 0.12899988
v -0.21596831 0.05987536 0.12899988
v -0.21485561 0.05975002 0.07899993
v -0.21485561 0.05975002 0.07899993
v -0.21485561 0.05975002 0.07899993
v -0.21485561 0.05975002 0.12899988
v -0.21485561 0.05975002 0.12899988
v -0.21485561 0.05975002 0.12899988
v -0.21481699 -0.06018299 0.07899993
v -0.21481699 -0.06018299 0.07899993
v -0.21481699 -0.06018299 0.12899988
v -0.21481699 -0.06018299 0.12899988
v -0.21360845 0.06475001 0.07899993
v -0.21360845 0.06475001 0.07899993
v -0.21360845 0.06475001 0.12899988
v -0.21360845 0.06475001 0.12899988
v -0.21356982 -0.06518299 0.07899993
v -0.21356982 -0.06518299 0.07899993
v -0.21356982 -0.06518299 0.12899988
v -0.21356982 -0.06518299 0.12899988
v -0.21220499 0.10228043 0.03899997
v -0.21220499 0.10228043 0.03899997
v -0.21220499 0.10228043 0.12899988
v -0.21220499 0.10228043 0.12899988
v -0.21216625 -0.10271347 0.03899997
v -0.21216625 -0.10271347 0.03899997
v -0.21216625 -0.10271347 0.12899988
v -0.21216625 -0.10271347 0.12899988
v -0.21173209 0.06150001 0.07899993
v -0.21173209 0.06150001 0.07899993
v -0.21173209 0.06150001 0.07899993
v -0.21173209 0.06150001 0.12899988
v -0.21173209 0.06150001 0.12899988
v -0.21173209 0.06150001 0.12899988
v -0.21173209 0.06800001 0.07899993
v -0.21173209 0.06800001 0.07899993
v -0.21173209 0.06800001 0.07899993
v -0.21173209 0.06800001 0.12899988
v -0.21173209 0.06800001 0.12899988
v -0.21173209 0.06800001 0.12899988
v -0.21169335 -0.06843299 0.07899993
v -0.21169335 -0.06843299 0.07899993
v -0.21169335 -0.06843299 0.07899993
v -0.21169335 -0.06843299 0.12899988
v -0.21169335 -0.06843299 0.12899988
v -0.21169335 -0.06843299 0.12899988
v -0.21169335 -0.06193299 0.07899993
v -0.21169335 -0.06193299 0.07899993
v -0.21169335 -0.06193299 0.07899993
v -0.21169335 -0.06193299 0.12899988
v -0.21169335 -0.06193299 0.12899988
v -0.21169335 -0.06193299 0.12899988
v -0.21032852 0.09903043 0.03899997
v -0.21032852 0.09903043 0.03899997
v -0.21032852 0.09903043 0.03899997
v -0.21032852 0.09903043 0.12899988
v -0.21032852 0.09903043 0.12899988
v -0.21032852 0.09903043 0.12899988
v -0.21032852 0.10553044 0.03899997
v -0.21032852 0.10553044 0.03899997
v -0.21032852 0.10553044 0.03899997
v -0.21032852 0.10553044 0.12899988
v -0.21032852 0.10553044 0.12899988
v -0.21032852 0.10553044 0.12899988
v -0.2102899 -0.10596347 0.03899997
v -0.2102899 -0.10596347 0.03899997
v -0.2102899 -0.10596347 0.03899997
v -0.2102899 -0.10596347 0.12899988
v -0.2102899 -0.10596347 0.12899988
v -0.2102899 -0.10596347 0.12899988
v -0.2102899 -0.09946347 0.03899997
v -0.2102899 -0.09946347 0.03899997
v -0.2102899 -0.09946347 0.03899997
v -0.2102899 -0.09946347 0.12899988
v -0.2102899 -0.09946347 0.12899988
v -0.2102899 -0.09946347 0.12899988
v -0.20797926 0.06150001 0.07899993
v -0.20797926 0.06150001 0.07899993
v -0.20797926 0.06150001 0.07899993
v -0.20797926 0.06150001 0.12899988
v -0.20797926 0.06150001 0.12899988
v -0.20797926 0.06150001 0.12899988
v -0.20797926 0.06800001 0.07899993
v -0.20797926 0.06800001 0.07899993
v -0.20797926 0.06800001 0.07899993
v -0.20797926 0.06800001 0.12899988
v -0.20797926 0.06800001 0.12899988
v -0.20797926 0.06800001 0.12899988
v -0.20794064 -0.06843299 0.07899993
v -0.20794064 -0.06843299 0.07899993
v -0.20794064 -0.06843299 0.07899993
v -0.20794064 -0.06843299 0.12899988
v -0.20794064 -0.06843299 0.12899988
v -0.20794064 -0.06843299 0.12899988
v -0.20794064 -0.06193299 0.07899993
v -0.20794064 -0.06193299 0.07899993
v -0.20794064 -0.06193299 0.07899993
v -0.20794064 -0.06193299 0.12899988
v -0.20794064 -0.06193299 0.12899988
v -0.20794064 -0.06193299 0.12899988
v -0.20750851 0.11666685 0.03899997
v -0.20750851 0.11666685 0.03899997
v -0.20750851 0.11666685 0.12899988
v -0.20750851 0.11666685 0.12899988
v -0.20746976 -0.11709989 0.03899997
v -0.20746976 -0.11709989 0.03899997
v -0.20746976 -0.11709989 0.12899988
v -0.20746976 -0.11709989 0.12899988
v -0.20733804 0.11537283 0.03899997
v -0.20733804 0.11537283 0.03899997
v -0.20733804 0.11537283 0.12899988
v -0.20733804 0.11537283 0.12899988
v -0.20733804 0.11796098 0.03899997
v -0.20733804 0.11796098 0.03899997
v -0.20733804 0.11796098 0.12899988
v -0.20733804 0.11796098 0.12899988
v -0.20729941 -0.11839396 0.03899997
v -0.20729941 -0.11839396 0.03899997
v -0.20729941 -0.11839396 0.12899988
v -0.20729941 -0.11839396 0.12899988
v -0.20729941 -0.11580581 0.03899997
v -0.20729941 -0.11580581 0.03899997
v -0.20729941 -0.11580581 0.12899988
v -0.20729941 -0.11580581 0.12899988
v -0.20696896 0.06325 0.07899993
v -0.20696896 0.06325 0.07899993
v -0.20696896 0.06325 0.07899993
v -0.20696896 0.06325 0.12899988
v -0.20696896 0.06325 0.12899988
v -0.20696896 0.06325 0.12899988
v -0.20696896 0.06625002 0.07899993
v -0.20696896 0.06625002 0.07899993
v -0.20696896 0.06625002 0.07899993
v -0.20696896 0.06625002 0.12899988
v -0.20696896 0.06625002 0.12899988
v -0.20696896 0.06625002 0.12899988
v -0.20693022 -0.066683 0.07899993
v -0.20693022 -0.066683 0.07899993
v -0.20693022 -0.066683 0.07899993
v -0.20693022 -0.066683 0.12899988
v -0.20693022 -0.066683 0.12899988
v -0.20693022 -0.066683 0.12899988
v -0.20693022 -0.06368304 0.07899993
v -0.20693022 -0.06368304 0.07899993
v -0.20693022 -0.06368304 0.07899993
v -0.20693022 -0.06368304 0.12899988
v -0.20693022 -0.06368304 0.12899988
v -0.20693022 -0.06368304 0.12899988
v -0.20683855 0.11416691 0.03899997
v -0.20683855 0.11416691 0.03899997
v -0.20683855 0.11416691 0.12899988
v -0.20683855 0.11416691 0.12899988
v -0.20683855 0.11916691 0.03899997
v -0.20683855 0.11916691 0.03899997
v -0.20683855 0.11916691 0.12899988
v -0.20683855 0.11916691 0.12899988
v -0.20679993 -0.11959988 0.03899997
v -0.20679993 -0.11959988 0.03899997
v -0.20679993 -0.11959988 0.12899988
v -0.20679993 -0.11959988 0.12899988
v -0.20679993 -0.11459989 0.03899997
v -0.20679993 -0.11459989 0.03899997
v -0.20679993 -0.11459989 0.12899988
v -0.20679993 -0.11459989 0.12899988
v -0.20657581 0.09903043 0.03899997
v -0.20657581 0.09903043 0.03899997
v -0.20657581 0.09903043 0.03899997
v -0.20657581 0.09903043 0.12899988
v -0.20657581 0.09903043 0.12899988
v -0.20657581 0.09903043 0.12899988
v -0.20657581 0.10553044 0.03899997
v -0.20657581 0.10553044 0.03899997
v -0.20657581 0.10553044 0.03899997
v -0.20657581 0.10553044 0.12899988
v -0.20657581 0.10553044 0.12899988
v -0.20657581 0.10553044 0.12899988
v -0.20653707 -0.10596347 0.03899997
v -0.20653707 -0.10596347 0.03899997
v -0.20653707 -0.10596347 0.03899997
v -0.20653707 -0.10596347 0.12899988
v -0.20653707 -0.10596347 0.12899988
v -0.20653707 -0.10596347 0.12899988
v -0.20653707 -0.09946347 0.03899997
v -0.20653707 -0.09946347 0.03899997
v -0.20653707 -0.09946347 0.03899997
v -0.20653707 -0.09946347 0.12899988
v -0.20653707 -0.09946347 0.12899988
v -0.20653707 -0.09946347 0.12899988
v -0.20604402 0.11313134 0.03899997
v -0.20604402 0.11313134 0.03899997
v -0.20604402 0.11313134 0.03899997
v -0.20604402 0.11313134 0.12899988
v -0.20604402 0.11313134 0.12899988
v -0.20604402 0.11313134 0.12899988
v -0.20604402 0.12020236 0.03899997
v -0.20604402 0.12020236 0.03899997
v -0.20604402 0.12020236 0.03899997
v -0.20604402 0.12020236 0.12899988
v -0.20604402 0.12020236 0.12899988
v -0.20604402 0.12020236 0.12899988
v -0.20600528 -0.1206354 0.03899997
v -0.20600528 -0.1206354 0.03899997
v -0.20600528 -0.1206354 0.12899988
v -0.20600528 -0.1206354 0.12899988
v -0.20600528 -0.11356438 0.03899997
v -0.20600528 -0.11356438 0.03899997
v -0.20600528 -0.11356438 0.12899988
v -0.20600528 -0.11356438 0.12899988
v -0.20485562 0.05975002 0.07899993
v -0.20485562 0.05975002 0.07899993
v -0.20485562 0.05975002 0.12899988
v -0.20485562 0.05975002 0.12899988
v -0.204817 -0.06018299 0.07899993
v -0.204817 -0.06018299 0.07899993
v -0.204817 -0.06018299 0.07899993
v -0.204817 -0.06018299 0.12899988
v -0.204817 -0.06018299 0.12899988
v -0.204817 -0.06018299 0.12899988
v -0.20469934 0.10228043 0.03899997
v -0.20469934 0.10228043 0.03899997
v -0.20469934 0.10228043 0.12899988
v -0.20469934 0.10228043 0.12899988
v -0.20466072 -0.10271347 0.03899997
v -0.20466072 -0.10271347 0.03899997
v -0.20466072 -0.10271347 0.12899988
v -0.20466072 -0.10271347 0.12899988
v -0.20360309 0.05990946 0.07899993
v -0.20360309 0.05990946 0.07899993
v -0.20360309 0.05990946 0.12899988
v -0.20360309 0.05990946 0.12899988
v -0.20356435 -0.06034244 0.07899993
v -0.20356435 -0.06034244 0.07899993
v -0.20356435 -0.06034244 0.12899988
v -0.20356435 -0.06034244 0.12899988
v -0.20321554 0.12303084 0.03899997
v -0.20321554 0.12303084 0.03899997
v -0.20321554 0.12303084 0.03899997
v -0.20321554 0.12303084 0.12899988
v -0.20321554 0.12303084 0.12899988
v -0.20321554 0.12303084 0.12899988
v -0.20321554 0.13010185 0.03899997
v -0.20321554 0.13010185 0.03899997
v -0.20321554 0.13010185 0.12899988
v -0.20321554 0.13010185 0.12899988
v -0.20317692 -0.13053489 0.03899997
v -0.20317692 -0.13053489 0.03899997
v -0.20317692 -0.13053489 0.12899988
v -0.20317692 -0.13053489 0.12899988
v -0.20317692 -0.12346387 0.03899997
v -0.20317692 -0.12346387 0.03899997
v -0.20317692 -0.12346387 0.12899988
v -0.20317692 -0.12346387 0.12899988
v -0.20243031 0.06037759 0.07899993
v -0.20243031 0.06037759 0.07899993
v -0.20243031 0.06037759 0.12899988
v -0.20243031 0.06037759 0.12899988
v -0.20242101 0.12406641 0.03899997
v -0.20242101 0.12406641 0.03899997
v -0.20242101 0.12406641 0.12899988
v -0.20242101 0.12406641 0.12899988
v -0.20242101 0.1290664 0.03899997
v -0.20242101 0.1290664 0.03899997
v -0.20242101 0.1290664 0.12899988
v -0.20242101 0.1290664 0.12899988
v -0.20239169 -0.06081063 0.07899993
v -0.20239169 -0.06081063 0.07899993
v -0.20239169 -0.06081063 0.12899988
v -0.20239169 -0.06081063 0.12899988
v -0.20238227 -0.12949938 0.03899997
v -0.20238227 -0.12949938 0.03899997
v -0.20238227 -0.12949938 0.12899988
v -0.20238227 -0.12949938 0.12899988
v -0.20238227 -0.12449939 0.03899997
v -0.20238227 -0.12449939 0.03899997
v -0.20238227 -0.12449939 0.12899988
v -0.20238227 -0.12449939 0.12899988
v -0.20192152 0.12527233 0.03899997
v -0.20192152 0.12527233 0.03899997
v -0.20192152 0.12527233 0.12899988
v -0.20192152 0.12527233 0.12899988
v -0.20192152 0.12786048 0.03899997
v -0.20192152 0.12786048 0.03899997
v -0.20192152 0.12786048 0.12899988
v -0.20192152 0.12786048 0.12899988
v -0.20188278 -0.12829346 0.03899997
v -0.20188278 -0.12829346 0.03899997
v -0.20188278 -0.12829346 0.12899988
v -0.20188278 -0.12829346 0.12899988
v -0.20188278 -0.12570531 0.03899997
v -0.20188278 -0.12570531 0.03899997
v -0.20188278 -0.12570531 0.12899988
v -0.20188278 -0.12570531 0.12899988
v -0.20175105 0.12656635 0.03899997
v -0.20175105 0.12656635 0.03899997
v -0.20175105 0.12656635 0.12899988
v -0.20175105 0.12656635 0.12899988
v -0.20171243 -0.12699938 0.03899997
v -0.20171243 -0.12699938 0.03899997
v -0.20171243 -0.12699938 0.12899988
v -0.20171243 -0.12699938 0.12899988
v -0.20141226 0.06112468 0.07899993
v -0.20141226 0.06112468 0.07899993
v -0.20141226 0.06112468 0.12899988
v -0.20141226 0.06112468 0.12899988
v -0.20137364 -0.06155766 0.07899993
v -0.20137364 -0.06155766 0.07899993
v -0.20137364 -0.06155766 0.12899988
v -0.20137364 -0.06155766 0.12899988
v -0.20132011 0.10840743 0.03899997
v -0.20132011 0.10840743 0.03899997
v -0.20132011 0.10840743 0.03899997
v -0.20132011 0.10840743 0.12899988
v -0.20132011 0.10840743 0.12899988
v -0.20132011 0.10840743 0.12899988
v -0.20128149 -0.10884047 0.03899997
v -0.20128149 -0.10884047 0.03899997
v -0.20128149 -0.10884047 0.12899988
v -0.20128149 -0.10884047 0.12899988
v -0.20069832 0.10764974 0.03899997
v -0.20069832 0.10764974 0.03899997
v -0.20069832 0.10764974 0.12899988
v -0.20069832 0.10764974 0.12899988
v -0.20065969 -0.10808278 0.03899997
v -0.20065969 -0.10808278 0.03899997
v -0.20065969 -0.10808278 0.12899988
v -0.20065969 -0.10808278 0.12899988
v -0.2006138 0.06210291 0.07899993
v -0.2006138 0.06210291 0.07899993
v -0.2006138 0.06210291 0.12899988
v -0.2006138 0.06210291 0.12899988
v -0.20057517 -0.06253595 0.07899993
v -0.20057517 -0.06253595 0.07899993
v -0.20057517 -0.06253595 0.12899988
v -0.20057517 -0.06253595 0.12899988
v -0.20023626 0.10678535 0.03899997
v -0.20023626 0.10678535 0.03899997
v -0.20023626 0.10678535 0.12899988
v -0.20023626 0.10678535 0.12899988
v -0.20019764 -0.10721839 0.03899997
v -0.20019764 -0.10721839 0.03899997
v -0.20019764 -0.10721839 0.12899988
v -0.20019764 -0.10721839 0.12899988
v -0.20008594 0.06325 0.07899993
v -0.20008594 0.06325 0.07899993
v -0.20008594 0.06325 0.12899988
v -0.20008594 0.06325 0.12899988
v -0.20004732 -0.06368304 0.07899993
v -0.20004732 -0.06368304 0.07899993
v -0.20004732 -0.06368304 0.07899993
v -0.20004732 -0.06368304 0.12899988
v -0.20004732 -0.06368304 0.12899988
v -0.20004732 -0.06368304 0.12899988
v -0.19995171 0.10584741 0.03899997
v -0.19995171 0.10584741 0.03899997
v -0.19995171 0.10584741 0.12899988
v -0.19995171 0.10584741 0.12899988
v -0.19991309 -0.10628039 0.03899997
v -0.19991309 -0.10628039 0.03899997
v -0.19991309 -0.10628039 0.12899988
v -0.19991309 -0.10628039 0.12899988
v -0.19985563 0.06625002 0.07899993
v -0.19985563 0.06625002 0.07899993
v -0.19985563 0.06625002 0.07899993
v -0.19985563 0.06625002 0.12899988
v -0.19985563 0.06625002 0.12899988
v -0.19985563 0.06625002 0.12899988
v -0.19985563 0.09840744 0.03899997
v -0.19985563 0.09840744 0.03899997
v -0.19985563 0.09840744 0.03899997
v -0.19985563 0.09840744 0.07899993
v -0.19985563 0.09840744 0.07899993
v -0.19985563 0.09840744 0.07899993
v -0.19985563 0.10487192 0.03899997
v -0.19985563 0.10487192 0.03899997
v -0.19985563 0.10487192 0.12899988
v -0.19985563 0.10487192 0.12899988
v -0.199817 -0.10530496 0.03899997
v -0.199817 -0.10530496 0.03899997
v -0.199817 -0.10530496 0.12899988
v -0.199817 -0.10530496 0.12899988
v -0.199817 -0.09884048 0.03899997
v -0.199817 -0.09884048 0.03899997
v -0.199817 -0.09884048 0.03899997
v -0.199817 -0.09884048 0.07899993
v -0.199817 -0.09884048 0.07899993
v -0.199817 -0.09884048 0.07899993
v -0.199817 -0.066683 0.07899993
v -0.199817 -0.066683 0.07899993
v -0.199817 -0.066683 0.07899993
v -0.199817 -0.066683 0.12899988
v -0.199817 -0.066683 0.12899988
v -0.199817 -0.066683 0.12899988
v -0.15603084 0.23021549 0.03899997
v -0.15603084 0.23021549 0.03899997
v -0.15603084 0.23021549 0.11971324
v -0.15603084 0.23021549 0.11971324
v -0.15603084 0.23133522 0.03899997
v -0.15603084 0.23133522 0.03899997
v -0.15603084 0.23133522 0.11778717
v -0.15603084 0.23133522 0.11778717
v -0.15578169 0.229124 0.03899997
v -0.15578169 0.229124 0.03899997
v -0.15578169 0.229124 0.1215909
v -0.15578169 0.229124 0.1215909
v -0.15578169 0.2324267 0.03899997
v -0.15578169 0.2324267 0.03899997
v -0.15578169 0.2324267 0.11590939
v -0.15578169 0.2324267 0.11590939
v -0.15562934 -0.23081404 0.03899997
v -0.15562934 -0.23081404 0.03899997
v -0.15562934 -0.23081404 0.11875015
v -0.15562934 -0.23081404 0.11875015
v -0.15545887 -0.23210812 0.03899997
v -0.15545887 -0.23210812 0.03899997
v -0.15545887 -0.23210812 0.11652403
v -0.15545887 -0.23210812 0.11652403
v -0.15545887 -0.22951991 0.03899997
v -0.15545887 -0.22951991 0.03899997
v -0.15545887 -0.22951991 0.12097626
v -0.15545887 -0.22951991 0.12097626
v -0.15529591 0.22811526 0.03899997
v -0.15529591 0.22811526 0.03899997
v -0.15529591 0.22811526 0.12332623
v -0.15529591 0.22811526 0.12332623
v -0.15529591 0.23343557 0.03899997
v -0.15529591 0.23343557 0.03899997
v -0.15529591 0.23343557 0.11417406
v -0.15529591 0.23343557 0.11417406
v -0.15495938 -0.23331404 0.03899997
v -0.15495938 -0.23331404 0.03899997
v -0.15495938 -0.23331404 0.11444955
v -0.15495938 -0.23331404 0.11444955
v -0.15495938 -0.22831405 0.03899997
v -0.15495938 -0.22831405 0.03899997
v -0.15495938 -0.22831405 0.12305074
v -0.15495938 -0.22831405 0.12305074
v -0.15459782 0.22723978 0.03899997
v -0.15459782 0.22723978 0.03899997
v -0.15459782 0.22723978 0.03899997
v -0.15459782 0.22723978 0.12483209
v -0.15459782 0.22723978 0.12483209
v -0.15459782 0.23431092 0.03899997
v -0.15459782 0.23431092 0.03899997
v -0.15459782 0.23431092 0.03899997
v -0.15459782 0.23431092 0.11266821
v -0.15459782 0.23431092 0.11266821
v -0.15416485 -0.23434955 0.03899997
v -0.15416485 -0.23434955 0.03899997
v -0.15416485 -0.23434955 0.03899997
v -0.15416485 -0.23434955 0.11266821
v -0.15416485 -0.23434955 0.11266821
v -0.15416485 -0.22727848 0.03899997
v -0.15416485 -0.22727848 0.03899997
v -0.15416485 -0.22727848 0.03899997
v -0.15416485 -0.22727848 0.12483209
v -0.15416485 -0.22727848 0.12483209
v -0.15217501 0.22481697 0.12899988
v -0.15217501 0.22481697 0.12899988
v -0.15174204 -0.22485567 0.12899988
v -0.15174204 -0.22485567 0.12899988
v -0.13053495 0.20317691 0.03899997
v -0.13053495 0.20317691 0.03899997
v -0.13053495 0.20317691 0.12899988
v -0.13053495 0.20317691 0.12899988
v -0.13010186 -0.20321554 0.03899997
v -0.13010186 -0.20321554 0.03899997
v -0.13010186 -0.20321554 0.12899988
v -0.13010186 -0.20321554 0.12899988
v -0.12949938 0.20238226 0.03899997
v -0.12949938 0.20238226 0.03899997
v -0.12949938 0.20238226 0.12899988
v -0.12949938 0.20238226 0.12899988
v -0.12906641 -0.20242095 0.03899997
v -0.12906641 -0.20242095 0.03899997
v -0.12906641 -0.20242095 0.12899988
v -0.12906641 -0.20242095 0.12899988
v -0.12829346 0.20188277 0.03899997
v -0.12829346 0.20188277 0.03899997
v -0.12829346 0.20188277 0.12899988
v -0.12829346 0.20188277 0.12899988
v -0.12786049 -0.20192147 0.03899997
v -0.12786049 -0.20192147 0.03899997
v -0.12786049 -0.20192147 0.12899988
v -0.12786049 -0.20192147 0.12899988
v -0.12699932 0.20171242 0.03899997
v -0.12699932 0.20171242 0.03899997
v -0.12699932 0.20171242 0.12899988
v -0.12699932 0.20171242 0.12899988
v -0.12656635 -0.20175112 0.03899997
v -0.12656635 -0.20175112 0.03899997
v -0.12656635 -0.20175112 0.12899988
v -0.12656635 -0.20175112 0.12899988
v -0.1257053 0.20188277 0.03899997
v -0.1257053 0.20188277 0.03899997
v -0.1257053 0.20188277 0.12899988
v -0.1257053 0.20188277 0.12899988
v -0.12527222 -0.20192147 0.03899997
v -0.12527222 -0.20192147 0.03899997
v -0.12527222 -0.20192147 0.12899988
v -0.12527222 -0.20192147 0.12899988
v -0.12449938 0.20238226 0.03899997
v -0.12449938 0.20238226 0.03899997
v -0.12449938 0.20238226 0.12899988
v -0.12449938 0.20238226 0.12899988
v -0.12406641 -0.20242095 0.03899997
v -0.12406641 -0.20242095 0.03899997
v -0.12406641 -0.20242095 0.12899988
v -0.12406641 -0.20242095 0.12899988
v -0.12346381 0.20317691 0.03899997
v -0.12346381 0.20317691 0.03899997
v -0.12346381 0.20317691 0.12899988
v -0.12346381 0.20317691 0.12899988
v -0.12303084 -0.20321554 0.03899997
v -0.12303084 -0.20321554 0.03899997
v -0.12303084 -0.20321554 0.12899988
v -0.12303084 -0.20321554 0.12899988
v -0.12063545 0.20600527 0.03899997
v -0.12063545 0.20600527 0.03899997
v -0.12063545 0.20600527 0.12899988
v -0.12063545 0.20600527 0.12899988
v -0.12020236 -0.20604402 0.03899997
v -0.12020236 -0.20604402 0.03899997
v -0.12020236 -0.20604402 0.12899988
v -0.12020236 -0.20604402 0.12899988
v -0.11994964 0.2689591 0.03899997
v -0.11994964 0.2689591 0.03899997
v -0.11994964 0.2689591 0.05306547
v -0.11959988 0.20679992 0.03899997
v -0.11959988 0.20679992 0.03899997
v -0.11959988 0.20679992 0.12899988
v -0.11959988 0.20679992 0.12899988
v -0.11951655 -0.26899779 0.03899997
v -0.11951655 -0.26899779 0.03899997
v -0.11951655 -0.26899779 0.05306547
v -0.11916691 -0.20683861 0.03899997
v -0.11916691 -0.20683861 0.03899997
v -0.11916691 -0.20683861 0.12899988
v -0.11916691 -0.20683861 0.12899988
v -0.11879641 0.27002507 0.05123179
v -0.11839396 0.20729941 0.03899997
v -0.11839396 0.20729941 0.03899997
v -0.11839396 0.20729941 0.12899988
v -0.11839396 0.20729941 0.12899988
v -0.11836344 -0.27006376 0.05123179
v -0.11796099 -0.2073381 0.03899997
v -0.11796099 -0.2073381 0.03899997
v -0.11796099 -0.2073381 0.12899988
v -0.11796099 -0.2073381 0.12899988
v -0.11756319 0.27099734 0.03899997
v -0.11756319 0.27099734 0.03899997
v -0.11756319 0.27099734 0.04955929
v -0.11713022 -0.27103597 0.03899997
v -0.11713022 -0.27103597 0.03899997
v -0.11713022 -0.27103597 0.04955929
v -0.11709994 0.20746976 0.03899997
v -0.11709994 0.20746976 0.03899997
v -0.11709994 0.20746976 0.12899988
v -0.11709994 0.20746976 0.12899988
v -0.11666685 -0.20750845 0.03899997
v -0.11666685 -0.20750845 0.03899997
v -0.11666685 -0.20750845 0.12899988
v -0.11666685 -0.20750845 0.12899988
v -0.11625749 0.27186983 0.04805844
v -0.1158244 -0.27190847 0.04805844
v -0.11580581 0.20729941 0.03899997
v -0.11580581 0.20729941 0.03899997
v -0.11580581 0.20729941 0.12899988
v -0.11580581 0.20729941 0.12899988
v -0.11537272 -0.2073381 0.03899997
v -0.11537272 -0.2073381 0.03899997
v -0.11537272 -0.2073381 0.12899988
v -0.11537272 -0.2073381 0.12899988
v -0.1148873 0.27263706 0.03899997
v -0.1148873 0.27263706 0.03899997
v -0.1148873 0.27263706 0.04673856
v -0.11459989 0.20679992 0.03899997
v -0.11459989 0.20679992 0.03899997
v -0.11459989 0.20679992 0.12899988
v -0.11459989 0.20679992 0.12899988
v -0.11445421 -0.27267582 0.03899997
v -0.11445421 -0.27267582 0.03899997
v -0.11445421 -0.27267582 0.04673856
v -0.11416692 -0.20683861 0.03899997
v -0.11416692 -0.20683861 0.03899997
v -0.11416692 -0.20683861 0.12899988
v -0.11416692 -0.20683861 0.12899988
v -0.11356431 0.20600527 0.03899997
v -0.11356431 0.20600527 0.03899997
v -0.11356431 0.20600527 0.12899988
v -0.11356431 0.20600527 0.12899988
v -0.1134612 0.27329462 0.0456075
v -0.11313135 -0.20604402 0.03899997
v -0.11313135 -0.20604402 0.03899997
v -0.11313135 -0.20604402 0.12899988
v -0.11313135 -0.20604402 0.12899988
v -0.11302811 -0.27333326 0.0456075
v -0.11198777 0.2738381 0.03899997
v -0.11198777 0.2738381 0.03899997
v -0.11198777 0.2738381 0.04467254
v -0.1115548 -0.27387679 0.03899997
v -0.1115548 -0.27387679 0.03899997
v -0.1115548 -0.27387679 0.04467254
v -0.11047644 0.27426439 0.04393928
v -0.11004335 -0.27430308 0.04393928
v -0.10893613 0.27457076 0.03899997
v -0.10893613 0.27457076 0.03899997
v -0.10893613 0.27457076 0.04341226
v -0.10884053 0.20128148 0.03899997
v -0.10884053 0.20128148 0.03899997
v -0.10884053 0.20128148 0.12899988
v -0.10884053 0.20128148 0.12899988
v -0.10850316 -0.27460945 0.03899997
v -0.10850316 -0.27460945 0.03899997
v -0.10850316 -0.27460945 0.04341226
v -0.10840744 -0.20132012 0.03899997
v -0.10840744 -0.20132012 0.03899997
v -0.10840744 -0.20132012 0.12899988
v -0.10840744 -0.20132012 0.12899988
v -0.10808283 0.20065969 0.03899997
v -0.10808283 0.20065969 0.03899997
v -0.10808283 0.20065969 0.12899988
v -0.10808283 0.20065969 0.12899988
v -0.10764975 -0.20069832 0.03899997
v -0.10764975 -0.20069832 0.03899997
v -0.10764975 -0.20069832 0.12899988
v -0.10764975 -0.20069832 0.12899988
v -0.10737664 0.27475529 0.04309469
v -0.10721833 0.20019763 0.03899997
v -0.10721833 0.20019763 0.03899997
v -0.10721833 0.20019763 0.12899988
v -0.10721833 0.20019763 0.12899988
v -0.10694367 -0.27479399 0.04309469
v -0.10678536 -0.20023627 0.03899997
v -0.10678536 -0.20023627 0.03899997
v -0.10678536 -0.20023627 0.12899988
v -0.10678536 -0.20023627 0.12899988
v -0.10628039 0.19991308 0.03899997
v -0.10628039 0.19991308 0.03899997
v -0.10628039 0.19991308 0.12899988
v -0.10628039 0.19991308 0.12899988
v -0.10596353 0.20653706 0.03899997
v -0.10596353 0.20653706 0.03899997
v -0.10596353 0.20653706 0.03899997
v -0.10596353 0.20653706 0.12899988
v -0.10596353 0.20653706 0.12899988
v -0.10596353 0.20653706 0.12899988
v -0.10596353 0.21028989 0.03899997
v -0.10596353 0.21028989 0.03899997
v -0.10596353 0.21028989 0.03899997
v -0.10596353 0.21028989 0.12899988
v -0.10596353 0.21028989 0.12899988
v -0.10596353 0.21028989 0.12899988
v -0.10584742 -0.19995171 0.03899997
v -0.10584742 -0.19995171 0.03899997
v -0.10584742 -0.19995171 0.12899988
v -0.10584742 -0.19995171 0.12899988
v -0.10580748 0.27481704 0.03899997
v -0.10580748 0.27481704 0.03899997
v -0.10580748 0.27481704 0.04298859
v -0.10553044 -0.21032852 0.03899997
v -0.10553044 -0.21032852 0.03899997
v -0.10553044 -0.21032852 0.03899997
v -0.10553044 -0.21032852 0.12899988
v -0.10553044 -0.21032852 0.12899988
v -0.10553044 -0.21032852 0.12899988
v -0.10553044 -0.20657576 0.03899997
v -0.10553044 -0.20657576 0.03899997
v -0.10553044 -0.20657576 0.03899997
v -0.10553044 -0.20657576 0.12899988
v -0.10553044 -0.20657576 0.12899988
v -0.10553044 -0.20657576 0.12899988
v -0.10537452 -0.27485568 0.03899997
v -0.10537452 -0.27485568 0.03899997
v -0.10537452 -0.27485568 0.04298859
v -0.1053049 0.199817 0.03899997
v -0.1053049 0.199817 0.03899997
v -0.1053049 0.199817 0.12899988
v -0.1053049 0.199817 0.12899988
v -0.10487193 -0.19985569 0.03899997
v -0.10487193 -0.19985569 0.03899997
v -0.10487193 -0.19985569 0.12899988
v -0.10487193 -0.19985569 0.12899988
v -0.10271353 0.20466071 0.03899997
v -0.10271353 0.20466071 0.03899997
v -0.10271353 0.20466071 0.12899988
v -0.10271353 0.20466071 0.12899988
v -0.10271353 0.21216625 0.03899997
v -0.10271353 0.21216625 0.03899997
v -0.10271353 0.21216625 0.12899988
v -0.10271353 0.21216625 0.12899988
v -0.10228044 -0.21220494 0.03899997
v -0.10228044 -0.21220494 0.03899997
v -0.10228044 -0.21220494 0.12899988
v -0.10228044 -0.21220494 0.12899988
v -0.10228044 -0.2046994 0.03899997
v -0.10228044 -0.2046994 0.03899997
v -0.10228044 -0.2046994 0.12899988
v -0.10228044 -0.2046994 0.12899988
v -0.09946352 0.20653706 0.03899997
v -0.09946352 0.20653706 0.03899997
v -0.09946352 0.20653706 0.03899997
v -0.09946352 0.20653706 0.12899988
v -0.09946352 0.20653706 0.12899988
v -0.09946352 0.20653706 0.12899988
v -0.09946352 0.21028989 0.03899997
v -0.09946352 0.21028989 0.03899997
v -0.09946352 0.21028989 0.03899997
v -0.09946352 0.21028989 0.12899988
v -0.09946352 0.21028989 0.12899988
v -0.09946352 0.21028989 0.12899988
v -0.09907669 0.27481704 0.03899997
v -0.09907669 0.27481704 0.03899997
v -0.09907669 0.27481704 0.04298859
v -0.09903044 -0.21032852 0.03899997
v -0.09903044 -0.21032852 0.03899997
v -0.09903044 -0.21032852 0.03899997
v -0.09903044 -0.21032852 0.12899988
v -0.09903044 -0.21032852 0.12899988
v -0.09903044 -0.21032852 0.12899988
v -0.09903044 -0.20657576 0.03899997
v -0.09903044 -0.20657576 0.03899997
v -0.09903044 -0.20657576 0.03899997
v -0.09903044 -0.20657576 0.12899988
v -0.09903044 -0.20657576 0.12899988
v -0.09903044 -0.20657576 0.12899988
v -0.09884054 0.199817 0.03899997
v -0.09884054 0.199817 0.03899997
v -0.09884054 0.199817 0.03899997
v -0.09884054 0.199817 0.07899993
v -0.09884054 0.199817 0.07899993
v -0.09884054 0.199817 0.07899993
v -0.09884054 0.24481695 0.03899997
v -0.09884054 0.24481695 0.03899997
v -0.09884054 0.24481695 0.03899997
v -0.09884054 0.24481695 0.07899993
v -0.09884054 0.24481695 0.07899993
v -0.09884054 0.24481695 0.07899993
v -0.09864372 -0.27485568 0.03899997
v -0.09864372 -0.27485568 0.03899997
v -0.09864372 -0.27485568 0.04298859
v -0.09858257 0.27479249 0.04303079
v -0.09840745 -0.24485565 0.03899997
v -0.09840745 -0.24485565 0.03899997
v -0.09840745 -0.24485565 0.03899997
v -0.09840745 -0.24485565 0.07899993
v -0.09840745 -0.24485565 0.07899993
v -0.09840745 -0.24485565 0.07899993
v -0.09840745 -0.19985569 0.03899997
v -0.09840745 -0.19985569 0.03899997
v -0.09840745 -0.19985569 0.03899997
v -0.09840745 -0.19985569 0.07899993
v -0.09840745 -0.19985569 0.07899993
v -0.09840745 -0.19985569 0.07899993
v -0.09814948 -0.27483118 0.04303079
v -0.09809321 0.27471929 0.03899997
v -0.09809321 0.27471929 0.03899997
v -0.09809321 0.27471929 0.04315667
v -0.09766013 -0.27475799 0.03899997
v -0.09766013 -0.27475799 0.03899997
v -0.09766013 -0.27475799 0.04315667
v -0.0976134 0.27459806 0.04336517
v -0.09718043 -0.27463675 0.04336517
v -0.097148 0.27443009 0.03899997
v -0.097148 0.27443009 0.03899997
v -0.097148 0.27443009 0.04365425
v -0.09671503 -0.27446872 0.03899997
v -0.09671503 -0.27446872 0.03899997
v -0.09671503 -0.27446872 0.04365425
v -0.09627837 0.27396053 0.03899997
v -0.09627837 0.27396053 0.03899997
v -0.09627837 0.27396053 0.0444619
v -0.09584528 -0.27399922 0.03899997
v -0.09584528 -0.27399922 0.03899997
v -0.09584528 -0.27399922 0.0444619
v -0.09551793 0.27332907 0.03899997
v -0.09551793 0.27332907 0.03899997
v -0.09551793 0.27332907 0.03899997
v -0.09551793 0.27332907 0.04554813
v -0.09551793 0.27332907 0.04554813
v -0.09508485 -0.27336777 0.03899997
v -0.09508485 -0.27336777 0.03899997
v -0.09508485 -0.27336777 0.03899997
v -0.09508485 -0.27336777 0.04554813
v -0.09508485 -0.27336777 0.04554813
v -0.08362419 0.26127737 0.03899997
v -0.08362419 0.26127737 0.03899997
v -0.08362419 0.26127737 0.06627982
v -0.08362419 0.26127737 0.06627982
v -0.08319122 -0.26131601 0.03899997
v -0.08319122 -0.26131601 0.03899997
v -0.08319122 -0.26131601 0.06627982
v -0.08319122 -0.26131601 0.06627982
v -0.08284193 0.26024609 0.03899997
v -0.08284193 0.26024609 0.03899997
v -0.08284193 0.26024609 0.06805377
v -0.08284193 0.26024609 0.06805377
v -0.08240897 -0.26028485 0.03899997
v -0.08240897 -0.26028485 0.03899997
v -0.08240897 -0.26028485 0.06805377
v -0.08240897 -0.26028485 0.06805377
v -0.08235055 0.25904864 0.03899997
v -0.08235055 0.25904864 0.03899997
v -0.08235055 0.25904864 0.07011371
v -0.08235055 0.25904864 0.07011371
v -0.08218306 0.22481697 0.07899993
v -0.08218306 0.22481697 0.07899993
v -0.08218306 0.22481697 0.07899993
v -0.08218306 0.22481697 0.12899988
v -0.08218306 0.22481697 0.12899988
v -0.08218306 0.22481697 0.12899988
v -0.08218306 0.24481695 0.03899997
v -0.08218306 0.24481695 0.03899997
v -0.08218306 0.24481695 0.03899997
v -0.08218306 0.24481695 0.07899993
v -0.08218306 0.24481695 0.07899993
v -0.08218306 0.24481695 0.07899993
v -0.08218306 0.25776523 0.03899997
v -0.08218306 0.25776523 0.03899997
v -0.08218306 0.25776523 0.07232147
v -0.08218306 0.25776523 0.07232147
v -0.0820126 0.22352284 0.07899993
v -0.0820126 0.22352284 0.07899993
v -0.0820126 0.22352284 0.12899988
v -0.0820126 0.22352284 0.12899988
v -0.08191759 -0.25908739 0.03899997
v -0.08191759 -0.25908739 0.03899997
v -0.08191759 -0.25908739 0.07011371
v -0.08191759 -0.25908739 0.07011371
v -0.08174998 -0.25780392 0.03899997
v -0.08174998 -0.25780392 0.03899997
v -0.08174998 -0.25780392 0.07232147
v -0.08174998 -0.25780392 0.07232147
v -0.08174998 -0.24485565 0.03899997
v -0.08174998 -0.24485565 0.03899997
v -0.08174998 -0.24485565 0.03899997
v -0.08174998 -0.24485565 0.07899993
v -0.08174998 -0.24485565 0.07899993
v -0.08174998 -0.24485565 0.07899993
v -0.08174998 -0.22485567 0.07899993
v -0.08174998 -0.22485567 0.07899993
v -0.08174998 -0.22485567 0.12899988
v -0.08174998 -0.22485567 0.12899988
v -0.08174998 -0.22485567 0.12899988
v -0.08157963 -0.22356159 0.07899993
v -0.08157963 -0.22356159 0.07899993
v -0.08157963 -0.22356159 0.12899988
v -0.08157963 -0.22356159 0.12899988
v -0.08151311 0.22231704 0.07899993
v -0.08151311 0.22231704 0.07899993
v -0.08151311 0.22231704 0.12899988
v -0.08151311 0.22231704 0.12899988
v -0.08108014 -0.22235567 0.07899993
v -0.08108014 -0.22235567 0.07899993
v -0.08108014 -0.22235567 0.12899988
v -0.08108014 -0.22235567 0.12899988
v -0.08071858 0.22128146 0.07899993
v -0.08071858 0.22128146 0.07899993
v -0.08071858 0.22128146 0.12899988
v -0.08071858 0.22128146 0.12899988
v -0.08028549 -0.22132016 0.07899993
v -0.08028549 -0.22132016 0.07899993
v -0.08028549 -0.22132016 0.12899988
v -0.08028549 -0.22132016 0.12899988
v -0.07968301 0.22048682 0.07899993
v -0.07968301 0.22048682 0.07899993
v -0.07968301 0.22048682 0.12899988
v -0.07968301 0.22048682 0.12899988
v -0.07925004 -0.22052551 0.07899993
v -0.07925004 -0.22052551 0.07899993
v -0.07925004 -0.22052551 0.12899988
v -0.07925004 -0.22052551 0.12899988
v -0.07847709 0.21998733 0.07899993
v -0.07847709 0.21998733 0.07899993
v -0.07847709 0.21998733 0.12899988
v -0.07847709 0.21998733 0.12899988
v -0.07804412 -0.22002602 0.07899993
v -0.07804412 -0.22002602 0.07899993
v -0.07804412 -0.22002602 0.12899988
v -0.07804412 -0.22002602 0.12899988
v -0.07718307 0.21981698 0.07899993
v -0.07718307 0.21981698 0.07899993
v -0.07718307 0.21981698 0.12899988
v -0.07718307 0.21981698 0.12899988
v -0.07674998 -0.21985567 0.07899993
v -0.07674998 -0.21985567 0.07899993
v -0.07674998 -0.21985567 0.07899993
v -0.07674998 -0.21985567 0.12899988
v -0.07674998 -0.21985567 0.12899988
v -0.07674998 -0.21985567 0.12899988
v -0.07418305 0.21981698 0.07899993
v -0.07418305 0.21981698 0.07899993
v -0.07418305 0.21981698 0.07899993
v -0.07418305 0.21981698 0.12899988
v -0.07418305 0.21981698 0.12899988
v -0.07418305 0.21981698 0.12899988
v -0.07418305 0.21991795 0.07899993
v -0.07418305 0.21991795 0.07899993
v -0.07418305 0.21991795 0.07899993
v -0.07418305 0.21991795 0.12899988
v -0.07418305 0.21991795 0.12899988
v -0.07418305 0.21991795 0.12899988
v -0.07374996 -0.2199567 0.07899993
v -0.07374996 -0.2199567 0.07899993
v -0.07374996 -0.2199567 0.07899993
v -0.07374996 -0.2199567 0.12899988
v -0.07374996 -0.2199567 0.12899988
v -0.07374996 -0.2199567 0.12899988
v -0.07374996 -0.21985567 0.07899993
v -0.07374996 -0.21985567 0.07899993
v -0.07374996 -0.21985567 0.07899993
v -0.07374996 -0.21985567 0.12899988
v -0.07374996 -0.21985567 0.12899988
v -0.07374996 -0.21985567 0.12899988
v -0.073183 0.21981698 0.07899993
v -0.073183 0.21981698 0.07899993
v -0.073183 0.21981698 0.12899988
v -0.073183 0.21981698 0.12899988
v -0.07275003 -0.21985567 0.07899993
v -0.07275003 -0.21985567 0.07899993
v -0.07275003 -0.21985567 0.12899988
v -0.07275003 -0.21985567 0.12899988
v -0.06843299 0.20794063 0.07899993
v -0.06843299 0.20794063 0.07899993
v -0.06843299 0.20794063 0.07899993
v -0.06843299 0.20794063 0.12899988
v -0.06843299 0.20794063 0.12899988
v -0.06843299 0.20794063 0.12899988
v -0.06843299 0.21169334 0.07899993
v -0.06843299 0.21169334 0.07899993
v -0.06843299 0.21169334 0.07899993
v -0.06843299 0.21169334 0.12899988
v -0.06843299 0.21169334 0.12899988
v -0.06843299 0.21169334 0.12899988
v -0.06800002 -0.21173203 0.07899993
v -0.06800002 -0.21173203 0.07899993
v -0.06800002 -0.21173203 0.07899993
v -0.06800002 -0.21173203 0.12899988
v -0.06800002 -0.21173203 0.12899988
v -0.06800002 -0.21173203 0.12899988
v -0.06800002 -0.20797927 0.07899993
v -0.06800002 -0.20797927 0.07899993
v -0.06800002 -0.20797927 0.07899993
v -0.06800002 -0.20797927 0.12899988
v -0.06800002 -0.20797927 0.12899988
v -0.06800002 -0.20797927 0.12899988
v -0.066683 0.199817 0.07899993
v -0.066683 0.199817 0.07899993
v -0.066683 0.199817 0.07899993
v -0.066683 0.199817 0.12899988
v -0.066683 0.199817 0.12899988
v -0.066683 0.199817 0.12899988
v -0.066683 0.20693022 0.07899993
v -0.066683 0.20693022 0.07899993
v -0.066683 0.20693022 0.07899993
v -0.066683 0.20693022 0.12899988
v -0.066683 0.20693022 0.12899988
v -0.066683 0.20693022 0.12899988
v -0.06625003 -0.20696891 0.07899993
v -0.06625003 -0.20696891 0.07899993
v -0.06625003 -0.20696891 0.07899993
v -0.06625003 -0.20696891 0.12899988
v -0.06625003 -0.20696891 0.12899988
v -0.06625003 -0.20696891 0.12899988
v -0.06625003 -0.19985569 0.07899993
v -0.06625003 -0.19985569 0.07899993
v -0.06625003 -0.19985569 0.07899993
v -0.06625003 -0.19985569 0.12899988
v -0.06625003 -0.19985569 0.12899988
v -0.06625003 -0.19985569 0.12899988
v -0.06518299 0.21356982 0.07899993
v -0.06518299 0.21356982 0.07899993
v -0.06518299 0.21356982 0.12899988
v -0.06518299 0.21356982 0.12899988
v -0.06518299 0.21981698 0.07899993
v -0.06518299 0.21981698 0.07899993
v -0.06518299 0.21981698 0.07899993
v -0.06518299 0.21981698 0.12899988
v -0.06518299 0.21981698 0.12899988
v -0.06518299 0.21981698 0.12899988
v -0.06475002 -0.21985567 0.07899993
v -0.06475002 -0.21985567 0.07899993
v -0.06475002 -0.21985567 0.12899988
v -0.06475002 -0.21985567 0.12899988
v -0.06475002 -0.21360845 0.07899993
v -0.06475002 -0.21360845 0.07899993
v -0.06475002 -0.21360845 0.12899988
v -0.06475002 -0.21360845 0.12899988
v -0.06388897 0.21964663 0.07899993
v -0.06388897 0.21964663 0.07899993
v -0.06388897 0.21964663 0.12899988
v -0.06388897 0.21964663 0.12899988
v -0.06368297 0.20004731 0.07899993
v -0.06368297 0.20004731 0.07899993
v -0.06368297 0.20004731 0.07899993
v -0.06368297 0.20004731 0.12899988
v -0.06368297 0.20004731 0.12899988
v -0.06368297 0.20004731 0.12899988
v -0.06368297 0.20693022 0.07899993
v -0.06368297 0.20693022 0.07899993
v -0.06368297 0.20693022 0.07899993
v -0.06368297 0.20693022 0.12899988
v -0.06368297 0.20693022 0.12899988
v -0.06368297 0.20693022 0.12899988
v -0.06345588 -0.21968532 0.07899993
v -0.06345588 -0.21968532 0.07899993
v -0.06345588 -0.21968532 0.12899988
v -0.06345588 -0.21968532 0.12899988
v -0.06325001 -0.20696891 0.07899993
v -0.06325001 -0.20696891 0.07899993
v -0.06325001 -0.20696891 0.07899993
v -0.06325001 -0.20696891 0.12899988
v -0.06325001 -0.20696891 0.12899988
v -0.06325001 -0.20696891 0.12899988
v -0.06325001 -0.20008594 0.07899993
v -0.06325001 -0.20008594 0.07899993
v -0.06325001 -0.20008594 0.12899988
v -0.06325001 -0.20008594 0.12899988
v -0.06268305 0.21914714 0.07899993
v -0.06268305 0.21914714 0.07899993
v -0.06268305 0.21914714 0.12899988
v -0.06268305 0.21914714 0.12899988
v -0.06253594 0.20057517 0.07899993
v -0.06253594 0.20057517 0.07899993
v -0.06253594 0.20057517 0.12899988
v -0.06253594 0.20057517 0.12899988
v -0.06224996 -0.21918577 0.07899993
v -0.06224996 -0.21918577 0.07899993
v -0.06224996 -0.21918577 0.12899988
v -0.06224996 -0.21918577 0.12899988
v -0.06210286 -0.20061386 0.07899993
v -0.06210286 -0.20061386 0.07899993
v -0.06210286 -0.20061386 0.12899988
v -0.06210286 -0.20061386 0.12899988
v -0.06193298 0.20794063 0.07899993
v -0.06193298 0.20794063 0.07899993
v -0.06193298 0.20794063 0.07899993
v -0.06193298 0.20794063 0.12899988
v -0.06193298 0.20794063 0.12899988
v -0.06193298 0.20794063 0.12899988
v -0.06193298 0.21169334 0.07899993
v -0.06193298 0.21169334 0.07899993
v -0.06193298 0.21169334 0.07899993
v -0.06193298 0.21169334 0.12899988
v -0.06193298 0.21169334 0.12899988
v -0.06193298 0.21169334 0.12899988
v -0.06164748 0.21835249 0.07899993
v -0.06164748 0.21835249 0.07899993
v -0.06164748 0.21835249 0.12899988
v -0.06164748 0.21835249 0.12899988
v -0.06155771 0.20137363 0.07899993
v -0.06155771 0.20137363 0.07899993
v -0.06155771 0.20137363 0.12899988
v -0.06155771 0.20137363 0.12899988
v -0.06150001 -0.21173203 0.07899993
v -0.06150001 -0.21173203 0.07899993
v -0.06150001 -0.21173203 0.07899993
v -0.06150001 -0.21173203 0.12899988
v -0.06150001 -0.21173203 0.12899988
v -0.06150001 -0.21173203 0.12899988
v -0.06150001 -0.20797927 0.07899993
v -0.06150001 -0.20797927 0.07899993
v -0.06150001 -0.20797927 0.07899993
v -0.06150001 -0.20797927 0.12899988
v -0.06150001 -0.20797927 0.12899988
v -0.06150001 -0.20797927 0.12899988
v -0.06121451 -0.21839118 0.07899993
v -0.06121451 -0.21839118 0.07899993
v -0.06121451 -0.21839118 0.12899988
v -0.06121451 -0.21839118 0.12899988
v -0.06112462 -0.20141227 0.07899993
v -0.06112462 -0.20141227 0.07899993
v -0.06112462 -0.20141227 0.12899988
v -0.06112462 -0.20141227 0.12899988
v -0.06085283 0.21731704 0.07899993
v -0.06085283 0.21731704 0.07899993
v -0.06085283 0.21731704 0.12899988
v -0.06085283 0.21731704 0.12899988
v -0.06081063 0.20239168 0.07899993
v -0.06081063 0.20239168 0.07899993
v -0.06081063 0.20239168 0.12899988
v -0.06081063 0.20239168 0.12899988
v -0.06041986 -0.21735567 0.07899993
v -0.06041986 -0.21735567 0.07899993
v -0.06041986 -0.21735567 0.12899988
v -0.06041986 -0.21735567 0.12899988
v -0.06037766 -0.20243031 0.07899993
v -0.06037766 -0.20243031 0.07899993
v -0.06037766 -0.20243031 0.12899988
v -0.06037766 -0.20243031 0.12899988
v -0.06035334 0.21611112 0.07899993
v -0.06035334 0.21611112 0.07899993
v -0.06035334 0.21611112 0.12899988
v -0.06035334 0.21611112 0.12899988
v -0.06034249 0.20356434 0.07899993
v -0.06034249 0.20356434 0.07899993
v -0.06034249 0.20356434 0.12899988
v -0.06034249 0.20356434 0.12899988
v -0.06018299 0.20481699 0.07899993
v -0.06018299 0.20481699 0.07899993
v -0.06018299 0.20481699 0.07899993
v -0.06018299 0.20481699 0.12899988
v -0.06018299 0.20481699 0.12899988
v -0.06018299 0.20481699 0.12899988
v -0.06018299 0.21481698 0.07899993
v -0.06018299 0.21481698 0.07899993
v -0.06018299 0.21481698 0.12899988
v -0.06018299 0.21481698 0.12899988
v -0.05992037 -0.21614975 0.07899993
v -0.05992037 -0.21614975 0.07899993
v -0.05992037 -0.21614975 0.12899988
v -0.05992037 -0.21614975 0.12899988
v -0.0599094 -0.20360303 0.07899993
v -0.0599094 -0.20360303 0.07899993
v -0.0599094 -0.20360303 0.12899988
v -0.0599094 -0.20360303 0.12899988
v -0.05975002 -0.21485568 0.07899993
v -0.05975002 -0.21485568 0.07899993
v -0.05975002 -0.21485568 0.07899993
v -0.05975002 -0.21485568 0.12899988
v -0.05975002 -0.21485568 0.12899988
v -0.05975002 -0.21485568 0.12899988
v -0.05975002 -0.20485569 0.07899993
v -0.05975002 -0.20485569 0.07899993
v -0.05975002 -0.20485569 0.12899988
v -0.05975002 -0.20485569 0.12899988
v -0.02363998 -0.19681538 0.06232601
v -0.02363998 -0.19678468 0.06224137
v -0.02362996 -0.19681538 0.06232601
v -0.02362996 -0.19678468 0.06224137
v 0.05975002 0.20485562 0.07899993
v 0.05975002 0.20485562 0.07899993
v 0.05975002 0.20485562 0.12899988
v 0.05975002 0.20485562 0.12899988
v 0.05975002 0.21485561 0.07899993
v 0.05975002 0.21485561 0.07899993
v 0.05975002 0.21485561 0.07899993
v 0.05975002 0.21485561 0.12899988
v 0.05975002 0.21485561 0.12899988
v 0.05975002 0.21485561 0.12899988
v 0.0599094 0.20360308 0.07899993
v 0.0599094 0.20360308 0.07899993
v 0.0599094 0.20360308 0.12899988
v 0.0599094 0.20360308 0.12899988
v 0.05992037 0.21614974 0.07899993
v 0.05992037 0.21614974 0.07899993
v 0.05992037 0.21614974 0.12899988
v 0.05992037 0.21614974 0.12899988
v 0.06018299 -0.21481699 0.07899993
v 0.06018299 -0.21481699 0.07899993
v 0.06018299 -0.21481699 0.12899988
v 0.06018299 -0.21481699 0.12899988
v 0.06018299 -0.204817 0.07899993
v 0.06018299 -0.204817 0.07899993
v 0.06018299 -0.204817 0.07899993
v 0.06018299 -0.204817 0.12899988
v 0.06018299 -0.204817 0.12899988
v 0.06018299 -0.204817 0.12899988
v 0.06034249 -0.20356435 0.07899993
v 0.06034249 -0.20356435 0.07899993
v 0.06034249 -0.20356435 0.12899988
v 0.06034249 -0.20356435 0.12899988
v 0.06035334 -0.21611107 0.07899993
v 0.06035334 -0.21611107 0.07899993
v 0.06035334 -0.21611107 0.12899988
v 0.06035334 -0.21611107 0.12899988
v 0.06037766 0.2024303 0.07899993
v 0.06037766 0.2024303 0.07899993
v 0.06037766 0.2024303 0.12899988
v 0.06037766 0.2024303 0.12899988
v 0.06041986 0.21735566 0.07899993
v 0.06041986 0.21735566 0.07899993
v 0.06041986 0.21735566 0.12899988
v 0.06041986 0.21735566 0.12899988
v 0.06081062 -0.20239163 0.07899993
v 0.06081062 -0.20239163 0.07899993
v 0.06081062 -0.20239163 0.12899988
v 0.06081062 -0.20239163 0.12899988
v 0.06085294 -0.21731699 0.07899993
v 0.06085294 -0.21731699 0.07899993
v 0.06085294 -0.21731699 0.12899988
v 0.06085294 -0.21731699 0.12899988
v 0.06112462 0.20141226 0.07899993
v 0.06112462 0.20141226 0.07899993
v 0.06112462 0.20141226 0.12899988
v 0.06112462 0.20141226 0.12899988
v 0.06121451 0.21839123 0.07899993
v 0.06121451 0.21839123 0.07899993
v 0.06121451 0.21839123 0.12899988
v 0.06121451 0.21839123 0.12899988
v 0.06150001 0.20797926 0.07899993
v 0.06150001 0.20797926 0.07899993
v 0.06150001 0.20797926 0.07899993
v 0.06150001 0.20797926 0.12899988
v 0.06150001 0.20797926 0.12899988
v 0.06150001 0.20797926 0.12899988
v 0.06150001 0.21173208 0.07899993
v 0.06150001 0.21173208 0.07899993
v 0.06150001 0.21173208 0.07899993
v 0.06150001 0.21173208 0.12899988
v 0.06150001 0.21173208 0.12899988
v 0.06150001 0.21173208 0.12899988
v 0.06155771 -0.20137358 0.07899993
v 0.06155771 -0.20137358 0.07899993
v 0.06155771 -0.20137358 0.12899988
v 0.06155771 -0.20137358 0.12899988
v 0.06164747 -0.2183525 0.07899993
v 0.06164747 -0.2183525 0.07899993
v 0.06164747 -0.2183525 0.12899988
v 0.06164747 -0.2183525 0.12899988
v 0.06193298 -0.21169335 0.07899993
v 0.06193298 -0.21169335 0.07899993
v 0.06193298 -0.21169335 0.07899993
v 0.06193298 -0.21169335 0.12899988
v 0.06193298 -0.21169335 0.12899988
v 0.06193298 -0.21169335 0.12899988
v 0.06193298 -0.20794058 0.07899993
v 0.06193298 -0.20794058 0.07899993
v 0.06193298 -0.20794058 0.07899993
v 0.06193298 -0.20794058 0.12899988
v 0.06193298 -0.20794058 0.12899988
v 0.06193298 -0.20794058 0.12899988
v 0.06210297 0.20061391 0.07899993
v 0.06210297 0.20061391 0.07899993
v 0.06210297 0.20061391 0.12899988
v 0.06210297 0.20061391 0.12899988
v 0.06224996 0.21918576 0.07899993
v 0.06224996 0.21918576 0.07899993
v 0.06224996 0.21918576 0.12899988
v 0.06224996 0.21918576 0.12899988
v 0.06253594 -0.20057518 0.07899993
v 0.06253594 -0.20057518 0.07899993
v 0.06253594 -0.20057518 0.12899988
v 0.06253594 -0.20057518 0.12899988
v 0.06268304 -0.21914709 0.07899993
v 0.06268304 -0.21914709 0.07899993
v 0.06268304 -0.21914709 0.12899988
v 0.06268304 -0.21914709 0.12899988
v 0.06325 0.20008593 0.07899993
v 0.06325 0.20008593 0.07899993
v 0.06325 0.20008593 0.12899988
v 0.06325 0.20008593 0.12899988
v 0.06325 0.20696896 0.07899993
v 0.06325 0.20696896 0.07899993
v 0.06325 0.20696896 0.07899993
v 0.06325 0.20696896 0.12899988
v 0.06325 0.20696896 0.12899988
v 0.06325 0.20696896 0.12899988
v 0.06345588 0.21968525 0.07899993
v 0.06345588 0.21968525 0.07899993
v 0.06345588 0.21968525 0.12899988
v 0.06345588 0.21968525 0.12899988
v 0.06368297 -0.20693022 0.07899993
v 0.06368297 -0.20693022 0.07899993
v 0.06368297 -0.20693022 0.07899993
v 0.06368297 -0.20693022 0.12899988
v 0.06368297 -0.20693022 0.12899988
v 0.06368297 -0.20693022 0.12899988
v 0.06368297 -0.20004732 0.07899993
v 0.06368297 -0.20004732 0.07899993
v 0.06368297 -0.20004732 0.07899993
v 0.06368297 -0.20004732 0.12899988
v 0.06368297 -0.20004732 0.12899988
v 0.06368297 -0.20004732 0.12899988
v 0.06388897 -0.21964664 0.07899993
v 0.06388897 -0.21964664 0.07899993
v 0.06388897 -0.21964664 0.12899988
v 0.06388897 -0.21964664 0.12899988
v 0.06475001 0.21360844 0.07899993
v 0.06475001 0.21360844 0.07899993
v 0.06475001 0.21360844 0.12899988
v 0.06475001 0.21360844 0.12899988
v 0.06475001 0.21985572 0.07899993
v 0.06475001 0.21985572 0.07899993
v 0.06475001 0.21985572 0.12899988
v 0.06475001 0.21985572 0.12899988
v 0.06518298 -0.21981699 0.07899993
v 0.06518298 -0.21981699 0.07899993
v 0.06518298 -0.21981699 0.07899993
v 0.06518298 -0.21981699 0.12899988
v 0.06518298 -0.21981699 0.12899988
v 0.06518298 -0.21981699 0.12899988
v 0.06518298 -0.21356977 0.07899993
v 0.06518298 -0.21356977 0.07899993
v 0.06518298 -0.21356977 0.12899988
v 0.06518298 -0.21356977 0.12899988
v 0.06625002 0.19985562 0.07899993
v 0.06625002 0.19985562 0.07899993
v 0.06625002 0.19985562 0.07899993
v 0.06625002 0.19985562 0.12899988
v 0.06625002 0.19985562 0.12899988
v 0.06625002 0.19985562 0.12899988
v 0.06625002 0.20696896 0.07899993
v 0.06625002 0.20696896 0.07899993
v 0.06625002 0.20696896 0.07899993
v 0.06625002 0.20696896 0.12899988
v 0.06625002 0.20696896 0.12899988
v 0.06625002 0.20696896 0.12899988
v 0.06668299 -0.20693022 0.07899993
v 0.06668299 -0.20693022 0.07899993
v 0.06668299 -0.20693022 0.07899993
v 0.06668299 -0.20693022 0.12899988
v 0.06668299 -0.20693022 0.12899988
v 0.06668299 -0.20693022 0.12899988
v 0.06668299 -0.19981701 0.07899993
v 0.06668299 -0.19981701 0.07899993
v 0.06668299 -0.19981701 0.07899993
v 0.06668299 -0.19981701 0.12899988
v 0.06668299 -0.19981701 0.12899988
v 0.06668299 -0.19981701 0.12899988
v 0.06800002 0.20797926 0.07899993
v 0.06800002 0.20797926 0.07899993
v 0.06800002 0.20797926 0.07899993
v 0.06800002 0.20797926 0.12899988
v 0.06800002 0.20797926 0.12899988
v 0.06800002 0.20797926 0.12899988
v 0.06800002 0.21173208 0.07899993
v 0.06800002 0.21173208 0.07899993
v 0.06800002 0.21173208 0.07899993
v 0.06800002 0.21173208 0.12899988
v 0.06800002 0.21173208 0.12899988
v 0.06800002 0.21173208 0.12899988
v 0.06843299 -0.21169335 0.07899993
v 0.06843299 -0.21169335 0.07899993
v 0.06843299 -0.21169335 0.07899993
v 0.06843299 -0.21169335 0.12899988
v 0.06843299 -0.21169335 0.12899988
v 0.06843299 -0.21169335 0.12899988
v 0.06843299 -0.20794058 0.07899993
v 0.06843299 -0.20794058 0.07899993
v 0.06843299 -0.20794058 0.07899993
v 0.06843299 -0.20794058 0.12899988
v 0.06843299 -0.20794058 0.12899988
v 0.06843299 -0.20794058 0.12899988
v 0.07275003 0.21985572 0.07899993
v 0.07275003 0.21985572 0.07899993
v 0.07275003 0.21985572 0.12899988
v 0.07275003 0.21985572 0.12899988
v 0.073183 -0.21981699 0.07899993
v 0.073183 -0.21981699 0.07899993
v 0.073183 -0.21981699 0.12899988
v 0.073183 -0.21981699 0.12899988
v 0.07374996 0.21985572 0.07899993
v 0.07374996 0.21985572 0.07899993
v 0.07374996 0.21985572 0.07899993
v 0.07374996 0.21985572 0.12899988
v 0.07374996 0.21985572 0.12899988
v 0.07374996 0.21985572 0.12899988
v 0.07374996 0.21995669 0.07899993
v 0.07374996 0.21995669 0.07899993
v 0.07374996 0.21995669 0.07899993
v 0.07374996 0.21995669 0.12899988
v 0.07374996 0.21995669 0.12899988
v 0.07374996 0.21995669 0.12899988
v 0.07418305 -0.21991802 0.07899993
v 0.07418305 -0.21991802 0.07899993
v 0.07418305 -0.21991802 0.07899993
v 0.07418305 -0.21991802 0.12899988
v 0.07418305 -0.21991802 0.12899988
v 0.07418305 -0.21991802 0.12899988
v 0.07418305 -0.21981699 0.07899993
v 0.07418305 -0.21981699 0.07899993
v 0.07418305 -0.21981699 0.07899993
v 0.07418305 -0.21981699 0.12899988
v 0.07418305 -0.21981699 0.12899988
v 0.07418305 -0.21981699 0.12899988
v 0.07674998 0.21985572 0.07899993
v 0.07674998 0.21985572 0.07899993
v 0.07674998 0.21985572 0.07899993
v 0.07674998 0.21985572 0.12899988
v 0.07674998 0.21985572 0.12899988
v 0.07674998 0.21985572 0.12899988
v 0.07718307 -0.21981699 0.07899993
v 0.07718307 -0.21981699 0.07899993
v 0.07718307 -0.21981699 0.12899988
v 0.07718307 -0.21981699 0.12899988
v 0.07804411 0.22002607 0.07899993
v 0.07804411 0.22002607 0.07899993
v 0.07804411 0.22002607 0.12899988
v 0.07804411 0.22002607 0.12899988
v 0.07847708 -0.21998734 0.07899993
v 0.07847708 -0.21998734 0.07899993
v 0.07847708 -0.21998734 0.12899988
v 0.07847708 -0.21998734 0.12899988
v 0.07925004 0.22052556 0.07899993
v 0.07925004 0.22052556 0.07899993
v 0.07925004 0.22052556 0.12899988
v 0.07925004 0.22052556 0.12899988
v 0.079683 -0.22048688 0.07899993
v 0.079683 -0.22048688 0.07899993
v 0.079683 -0.22048688 0.12899988
v 0.079683 -0.22048688 0.12899988
v 0.08028549 0.22132009 0.07899993
v 0.08028549 0.22132009 0.07899993
v 0.08028549 0.22132009 0.12899988
v 0.08028549 0.22132009 0.12899988
v 0.08071858 -0.22128147 0.07899993
v 0.08071858 -0.22128147 0.07899993
v 0.08071858 -0.22128147 0.12899988
v 0.08071858 -0.22128147 0.12899988
v 0.08108014 0.22235566 0.07899993
v 0.08108014 0.22235566 0.07899993
v 0.08108014 0.22235566 0.12899988
v 0.08108014 0.22235566 0.12899988
v 0.08151311 -0.22231699 0.07899993
v 0.08151311 -0.22231699 0.07899993
v 0.08151311 -0.22231699 0.12899988
v 0.08151311 -0.22231699 0.12899988
v 0.08157962 0.22356158 0.07899993
v 0.08157962 0.22356158 0.07899993
v 0.08157962 0.22356158 0.12899988
v 0.08157962 0.22356158 0.12899988
v 0.08174997 0.22485572 0.07899993
v 0.08174997 0.22485572 0.07899993
v 0.08174997 0.22485572 0.12899988
v 0.08174997 0.22485572 0.12899988
v 0.08174997 0.22485572 0.12899988
v 0.08174997 0.2448557 0.03899997
v 0.08174997 0.2448557 0.03899997
v 0.08174997 0.2448557 0.03899997
v 0.08174997 0.2448557 0.07899993
v 0.08174997 0.2448557 0.07899993
v 0.08174997 0.2448557 0.07899993
v 0.08174997 0.25780385 0.03899997
v 0.08174997 0.25780385 0.03899997
v 0.08174997 0.25780385 0.07232147
v 0.08174997 0.25780385 0.07232147
v 0.08191758 0.25908738 0.03899997
v 0.08191758 0.25908738 0.03899997
v 0.08191758 0.25908738 0.07011371
v 0.08191758 0.25908738 0.07011371
v 0.08201259 -0.22352291 0.07899993
v 0.08201259 -0.22352291 0.07899993
v 0.08201259 -0.22352291 0.12899988
v 0.08201259 -0.22352291 0.12899988
v 0.08218306 -0.25776524 0.03899997
v 0.08218306 -0.25776524 0.03899997
v 0.08218306 -0.25776524 0.07232147
v 0.08218306 -0.25776524 0.07232147
v 0.08218306 -0.24481696 0.03899997
v 0.08218306 -0.24481696 0.03899997
v 0.08218306 -0.24481696 0.03899997
v 0.08218306 -0.24481696 0.07899993
v 0.08218306 -0.24481696 0.07899993
v 0.08218306 -0.24481696 0.07899993
v 0.08218306 -0.22481698 0.07899993
v 0.08218306 -0.22481698 0.07899993
v 0.08218306 -0.22481698 0.07899993
v 0.08218306 -0.22481698 0.12899988
v 0.08218306 -0.22481698 0.12899988
v 0.08218306 -0.22481698 0.12899988
v 0.08235055 -0.25904871 0.03899997
v 0.08235055 -0.25904871 0.03899997
v 0.08235055 -0.25904871 0.07011371
v 0.08235055 -0.25904871 0.07011371
v 0.08240896 0.26028484 0.03899997
v 0.08240896 0.26028484 0.03899997
v 0.08240896 0.26028484 0.06805377
v 0.08240896 0.26028484 0.06805377
v 0.08284193 -0.26024616 0.03899997
v 0.08284193 -0.26024616 0.03899997
v 0.08284193 -0.26024616 0.06805377
v 0.08284193 -0.26024616 0.06805377
v 0.08319121 0.261316 0.03899997
v 0.08319121 0.261316 0.03899997
v 0.08319121 0.261316 0.06627982
v 0.08319121 0.261316 0.06627982
v 0.08362418 -0.26127732 0.03899997
v 0.08362418 -0.26127732 0.03899997
v 0.08362418 -0.26127732 0.06627982
v 0.08362418 -0.26127732 0.06627982
v 0.09508484 0.27336782 0.03899997
v 0.09508484 0.27336782 0.03899997
v 0.09508484 0.27336782 0.03899997
v 0.09508484 0.27336782 0.04554813
v 0.09508484 0.27336782 0.04554813
v 0.09551793 -0.27332908 0.03899997
v 0.09551793 -0.27332908 0.03899997
v 0.09551793 -0.27332908 0.03899997
v 0.09551793 -0.27332908 0.04554813
v 0.09551793 -0.27332908 0.04554813
v 0.09584528 0.27399915 0.03899997
v 0.09584528 0.27399915 0.03899997
v 0.09584528 0.27399915 0.0444619
v 0.09627837 -0.27396054 0.03899997
v 0.09627837 -0.27396054 0.03899997
v 0.09627837 -0.27396054 0.0444619
v 0.09671503 0.27446872 0.03899997
v 0.09671503 0.27446872 0.03899997
v 0.09671503 0.27446872 0.04365425
v 0.097148 -0.27443004 0.03899997
v 0.097148 -0.27443004 0.03899997
v 0.097148 -0.27443004 0.04365425
v 0.09718042 0.2746368 0.04336517
v 0.09761339 -0.27459807 0.04336517
v 0.09766012 0.27475792 0.03899997
v 0.09766012 0.27475792 0.03899997
v 0.09766012 0.27475792 0.04315667
v 0.09809321 -0.2747193 0.03899997
v 0.09809321 -0.2747193 0.03899997
v 0.09809321 -0.2747193 0.04315667
v 0.09814948 0.27483123 0.04303079
v 0.09840745 0.19985562 0.03899997
v 0.09840745 0.19985562 0.03899997
v 0.09840745 0.19985562 0.03899997
v 0.09840745 0.19985562 0.07899993
v 0.09840745 0.19985562 0.07899993
v 0.09840745 0.19985562 0.07899993
v 0.09840745 0.2448557 0.03899997
v 0.09840745 0.2448557 0.03899997
v 0.09840745 0.2448557 0.03899997
v 0.09840745 0.2448557 0.07899993
v 0.09840745 0.2448557 0.07899993
v 0.09840745 0.2448557 0.07899993
v 0.09858256 -0.2747925 0.04303079
v 0.09864372 0.27485567 0.03899997
v 0.09864372 0.27485567 0.03899997
v 0.09864372 0.27485567 0.04298859
v 0.09884053 -0.24481696 0.03899997
v 0.09884053 -0.24481696 0.03899997
v 0.09884053 -0.24481696 0.03899997
v 0.09884053 -0.24481696 0.07899993
v 0.09884053 -0.24481696 0.07899993
v 0.09884053 -0.24481696 0.07899993
v 0.09884053 -0.19981701 0.03899997
v 0.09884053 -0.19981701 0.03899997
v 0.09884053 -0.19981701 0.03899997
v 0.09884053 -0.19981701 0.07899993
v 0.09884053 -0.19981701 0.07899993
v 0.09884053 -0.19981701 0.07899993
v 0.09903043 0.20657581 0.03899997
v 0.09903043 0.20657581 0.03899997
v 0.09903043 0.20657581 0.03899997
v 0.09903043 0.20657581 0.12899988
v 0.09903043 0.20657581 0.12899988
v 0.09903043 0.20657581 0.12899988
v 0.09903043 0.21032851 0.03899997
v 0.09903043 0.21032851 0.03899997
v 0.09903043 0.21032851 0.03899997
v 0.09903043 0.21032851 0.12899988
v 0.09903043 0.21032851 0.12899988
v 0.09903043 0.21032851 0.12899988
v 0.09907669 -0.27481699 0.03899997
v 0.09907669 -0.27481699 0.03899997
v 0.09907669 -0.27481699 0.04298859
v 0.09946352 -0.2102899 0.03899997
v 0.09946352 -0.2102899 0.03899997
v 0.09946352 -0.2102899 0.03899997
v 0.09946352 -0.2102899 0.12899988
v 0.09946352 -0.2102899 0.12899988
v 0.09946352 -0.2102899 0.12899988
v 0.09946352 -0.20653707 0.03899997
v 0.09946352 -0.20653707 0.03899997
v 0.09946352 -0.20653707 0.03899997
v 0.09946352 -0.20653707 0.12899988
v 0.09946352 -0.20653707 0.12899988
v 0.09946352 -0.20653707 0.12899988
v 0.10228044 0.20469933 0.03899997
v 0.10228044 0.20469933 0.03899997
v 0.10228044 0.20469933 0.12899988
v 0.10228044 0.20469933 0.12899988
v 0.10228044 0.21220499 0.03899997
v 0.10228044 0.21220499 0.03899997
v 0.10228044 0.21220499 0.12899988
v 0.10228044 0.21220499 0.12899988
v 0.10271352 -0.21216625 0.03899997
v 0.10271352 -0.21216625 0.03899997
v 0.10271352 -0.21216625 0.12899988
v 0.10271352 -0.21216625 0.12899988
v 0.10271352 -0.20466072 0.03899997
v 0.10271352 -0.20466072 0.03899997
v 0.10271352 -0.20466072 0.12899988
v 0.10271352 -0.20466072 0.12899988
v 0.10487193 0.19985562 0.03899997
v 0.10487193 0.19985562 0.03899997
v 0.10487193 0.19985562 0.12899988
v 0.10487193 0.19985562 0.12899988
v 0.1053049 -0.19981701 0.03899997
v 0.1053049 -0.19981701 0.03899997
v 0.1053049 -0.19981701 0.12899988
v 0.1053049 -0.19981701 0.12899988
v 0.10537451 0.27485567 0.03899997
v 0.10537451 0.27485567 0.03899997
v 0.10537451 0.27485567 0.04298859
v 0.10553044 0.20657581 0.03899997
v 0.10553044 0.20657581 0.03899997
v 0.10553044 0.20657581 0.03899997
v 0.10553044 0.20657581 0.12899988
v 0.10553044 0.20657581 0.12899988
v 0.10553044 0.20657581 0.12899988
v 0.10553044 0.21032851 0.03899997
v 0.10553044 0.21032851 0.03899997
v 0.10553044 0.21032851 0.03899997
v 0.10553044 0.21032851 0.12899988
v 0.10553044 0.21032851 0.12899988
v 0.10553044 0.21032851 0.12899988
v 0.10580748 -0.27481699 0.03899997
v 0.10580748 -0.27481699 0.03899997
v 0.10580748 -0.27481699 0.04298859
v 0.10584742 0.1999517 0.03899997
v 0.10584742 0.1999517 0.03899997
v 0.10584742 0.1999517 0.12899988
v 0.10584742 0.1999517 0.12899988
v 0.10596353 -0.2102899 0.03899997
v 0.10596353 -0.2102899 0.03899997
v 0.10596353 -0.2102899 0.03899997
v 0.10596353 -0.2102899 0.12899988
v 0.10596353 -0.2102899 0.12899988
v 0.10596353 -0.2102899 0.12899988
v 0.10596353 -0.20653707 0.03899997
v 0.10596353 -0.20653707 0.03899997
v 0.10596353 -0.20653707 0.03899997
v 0.10596353 -0.20653707 0.12899988
v 0.10596353 -0.20653707 0.12899988
v 0.10596353 -0.20653707 0.12899988
v 0.10628038 -0.19991309 0.03899997
v 0.10628038 -0.19991309 0.03899997
v 0.10628038 -0.19991309 0.12899988
v 0.10628038 -0.19991309 0.12899988
v 0.10678536 0.20023626 0.03899997
v 0.10678536 0.20023626 0.03899997
v 0.10678536 0.20023626 0.12899988
v 0.10678536 0.20023626 0.12899988
v 0.10694367 0.27479404 0.04309469
v 0.10721832 -0.20019758 0.03899997
v 0.10721832 -0.20019758 0.03899997
v 0.10721832 -0.20019758 0.12899988
v 0.10721832 -0.20019758 0.12899988
v 0.10737663 -0.27475536 0.04309469
v 0.10764974 0.20069831 0.03899997
v 0.10764974 0.20069831 0.03899997
v 0.10764974 0.20069831 0.12899988
v 0.10764974 0.20069831 0.12899988
v 0.10808283 -0.20065964 0.03899997
v 0.10808283 -0.20065964 0.03899997
v 0.10808283 -0.20065964 0.12899988
v 0.10808283 -0.20065964 0.12899988
v 0.10840744 0.20132011 0.03899997
v 0.10840744 0.20132011 0.03899997
v 0.10840744 0.20132011 0.12899988
v 0.10840744 0.20132011 0.12899988
v 0.10850316 0.27460938 0.03899997
v 0.10850316 0.27460938 0.03899997
v 0.10850316 0.27460938 0.04341226
v 0.10884052 -0.20128143 0.03899997
v 0.10884052 -0.20128143 0.03899997
v 0.10884052 -0.20128143 0.03899997
v 0.10884052 -0.20128143 0.12899988
v 0.10884052 -0.20128143 0.12899988
v 0.10884052 -0.20128143 0.12899988
v 0.10893613 -0.27457077 0.03899997
v 0.10893613 -0.27457077 0.03899997
v 0.10893613 -0.27457077 0.04341226
v 0.11004335 0.27430301 0.04393928
v 0.11047643 -0.2742644 0.04393928
v 0.1115548 0.27387684 0.03899997
v 0.1115548 0.27387684 0.03899997
v 0.1115548 0.27387684 0.04467254
v 0.11198777 -0.27383811 0.03899997
v 0.11198777 -0.27383811 0.03899997
v 0.11198777 -0.27383811 0.04467254
v 0.11302811 0.27333325 0.0456075
v 0.11313134 0.20604401 0.03899997
v 0.11313134 0.20604401 0.03899997
v 0.11313134 0.20604401 0.12899988
v 0.11313134 0.20604401 0.12899988
v 0.11346119 -0.27329457 0.0456075
v 0.11356431 -0.20600534 0.03899997
v 0.11356431 -0.20600534 0.03899997
v 0.11356431 -0.20600534 0.03899997
v 0.11356431 -0.20600534 0.12899988
v 0.11356431 -0.20600534 0.12899988
v 0.11356431 -0.20600534 0.12899988
v 0.11416691 0.20683854 0.03899997
v 0.11416691 0.20683854 0.03899997
v 0.11416691 0.20683854 0.12899988
v 0.11416691 0.20683854 0.12899988
v 0.11445433 0.27267581 0.03899997
v 0.11445433 0.27267581 0.03899997
v 0.11445433 0.27267581 0.04673856
v 0.11459988 -0.20679993 0.03899997
v 0.11459988 -0.20679993 0.03899997
v 0.11459988 -0.20679993 0.12899988
v 0.11459988 -0.20679993 0.12899988
v 0.1148873 -0.27263713 0.03899997
v 0.1148873 -0.27263713 0.03899997
v 0.1148873 -0.27263713 0.04673856
v 0.11537284 0.20733815 0.03899997
v 0.11537284 0.20733815 0.03899997
v 0.11537284 0.20733815 0.12899988
v 0.11537284 0.20733815 0.12899988
v 0.1158058 -0.20729942 0.03899997
v 0.1158058 -0.20729942 0.03899997
v 0.1158058 -0.20729942 0.12899988
v 0.1158058 -0.20729942 0.12899988
v 0.1158244 0.27190846 0.04805844
v 0.11625749 -0.27186978 0.04805844
v 0.11666685 0.2075085 0.03899997
v 0.11666685 0.2075085 0.03899997
v 0.11666685 0.2075085 0.12899988
v 0.11666685 0.2075085 0.12899988
v 0.11709994 -0.20746977 0.03899997
v 0.11709994 -0.20746977 0.03899997
v 0.11709994 -0.20746977 0.12899988
v 0.11709994 -0.20746977 0.12899988
v 0.11713022 0.27103596 0.03899997
v 0.11713022 0.27103596 0.03899997
v 0.11713022 0.27103596 0.04955929
v 0.11756319 -0.27099735 0.03899997
v 0.11756319 -0.27099735 0.03899997
v 0.11756319 -0.27099735 0.04955929
v 0.11796099 0.20733815 0.03899997
v 0.11796099 0.20733815 0.03899997
v 0.11796099 0.20733815 0.12899988
v 0.11796099 0.20733815 0.12899988
v 0.11836344 0.27006381 0.05123179
v 0.11839396 -0.20729942 0.03899997
v 0.11839396 -0.20729942 0.03899997
v 0.11839396 -0.20729942 0.12899988
v 0.11839396 -0.20729942 0.12899988
v 0.11879641 -0.27002508 0.05123179
v 0.11916691 0.20683854 0.03899997
v 0.11916691 0.20683854 0.03899997
v 0.11916691 0.20683854 0.12899988
v 0.11916691 0.20683854 0.12899988
v 0.11951655 0.26899784 0.03899997
v 0.11951655 0.26899784 0.03899997
v 0.11951655 0.26899784 0.05306547
v 0.11959988 -0.20679993 0.03899997
v 0.11959988 -0.20679993 0.03899997
v 0.11959988 -0.20679993 0.12899988
v 0.11959988 -0.20679993 0.12899988
v 0.11994964 -0.26895911 0.03899997
v 0.11994964 -0.26895911 0.03899997
v 0.11994964 -0.26895911 0.03899997
v 0.11994964 -0.26895911 0.05306547
v 0.11994964 -0.26895911 0.05306547
v 0.12020236 0.20604401 0.03899997
v 0.12020236 0.20604401 0.03899997
v 0.12020236 0.20604401 0.12899988
v 0.12020236 0.20604401 0.12899988
v 0.12063545 -0.20600534 0.03899997
v 0.12063545 -0.20600534 0.03899997
v 0.12063545 -0.20600534 0.03899997
v 0.12063545 -0.20600534 0.12899988
v 0.12063545 -0.20600534 0.12899988
v 0.12063545 -0.20600534 0.12899988
v 0.12303084 0.20321553 0.03899997
v 0.12303084 0.20321553 0.03899997
v 0.12303084 0.20321553 0.12899988
v 0.12303084 0.20321553 0.12899988
v 0.12346381 -0.20317692 0.03899997
v 0.12346381 -0.20317692 0.03899997
v 0.12346381 -0.20317692 0.03899997
v 0.12346381 -0.20317692 0.12899988
v 0.12346381 -0.20317692 0.12899988
v 0.12346381 -0.20317692 0.12899988
v 0.12406641 0.202421 0.03899997
v 0.12406641 0.202421 0.03899997
v 0.12406641 0.202421 0.12899988
v 0.12406641 0.202421 0.12899988
v 0.12433916 -0.20247883 0.03899997
v 0.12433916 -0.20247883 0.03899997
v 0.12433916 -0.20247883 0.12899988
v 0.12433916 -0.20247883 0.12899988
v 0.12527221 0.20192152 0.03899997
v 0.12527221 0.20192152 0.03899997
v 0.12527221 0.20192152 0.12899988
v 0.12527221 0.20192152 0.12899988
v 0.12534803 -0.20199299 0.03899997
v 0.12534803 -0.20199299 0.03899997
v 0.12534803 -0.20199299 0.12899988
v 0.12534803 -0.20199299 0.12899988
v 0.12643951 -0.20174385 0.03899997
v 0.12643951 -0.20174385 0.03899997
v 0.12643951 -0.20174385 0.12899988
v 0.12643951 -0.20174385 0.12899988
v 0.12656635 0.20175105 0.03899997
v 0.12656635 0.20175105 0.03899997
v 0.12656635 0.20175105 0.12899988
v 0.12656635 0.20175105 0.12899988
v 0.12755924 -0.20174385 0.03899997
v 0.12755924 -0.20174385 0.03899997
v 0.12755924 -0.20174385 0.12899988
v 0.12755924 -0.20174385 0.12899988
v 0.12786048 0.20192152 0.03899997
v 0.12786048 0.20192152 0.03899997
v 0.12786048 0.20192152 0.12899988
v 0.12786048 0.20192152 0.12899988
v 0.12865072 -0.20199299 0.03899997
v 0.12865072 -0.20199299 0.03899997
v 0.12865072 -0.20199299 0.12899988
v 0.12865072 -0.20199299 0.12899988
v 0.12906641 0.202421 0.03899997
v 0.12906641 0.202421 0.03899997
v 0.12906641 0.202421 0.12899988
v 0.12906641 0.202421 0.12899988
v 0.12965959 -0.20247883 0.03899997
v 0.12965959 -0.20247883 0.03899997
v 0.12965959 -0.20247883 0.12899988
v 0.12965959 -0.20247883 0.12899988
v 0.13010186 0.20321553 0.03899997
v 0.13010186 0.20321553 0.03899997
v 0.13010186 0.20321553 0.12899988
v 0.13010186 0.20321553 0.12899988
v 0.13053495 -0.20317692 0.03899997
v 0.13053495 -0.20317692 0.03899997
v 0.13053495 -0.20317692 0.03899997
v 0.13053495 -0.20317692 0.12899988
v 0.13053495 -0.20317692 0.12899988
v 0.13053495 -0.20317692 0.12899988
v 0.15174204 0.22485572 0.12899988
v 0.15174204 0.22485572 0.12899988
v 0.15217501 -0.22481698 0.12899988
v 0.15217501 -0.22481698 0.12899988
v 0.15217501 -0.22481698 0.12899988
v 0.15416485 0.22727853 0.03899997
v 0.15416485 0.22727853 0.03899997
v 0.15416485 0.22727853 0.03899997
v 0.15416485 0.22727853 0.12483209
v 0.15416485 0.22727853 0.12483209
v 0.15416485 0.23434954 0.03899997
v 0.15416485 0.23434954 0.03899997
v 0.15416485 0.23434954 0.03899997
v 0.15416485 0.23434954 0.11266821
v 0.15416485 0.23434954 0.11266821
v 0.15459782 -0.23431087 0.03899997
v 0.15459782 -0.23431087 0.03899997
v 0.15459782 -0.23431087 0.11266821
v 0.15459782 -0.23431087 0.11266821
v 0.15459782 -0.22723985 0.03899997
v 0.15459782 -0.22723985 0.03899997
v 0.15459782 -0.22723985 0.12483209
v 0.15459782 -0.22723985 0.12483209
v 0.15495938 0.22831398 0.03899997
v 0.15495938 0.22831398 0.03899997
v 0.15495938 0.22831398 0.12305074
v 0.15495938 0.22831398 0.12305074
v 0.15495938 0.23331397 0.03899997
v 0.15495938 0.23331397 0.03899997
v 0.15495938 0.23331397 0.11444955
v 0.15495938 0.23331397 0.11444955
v 0.15539247 -0.23327536 0.03899997
v 0.15539247 -0.23327536 0.03899997
v 0.15539247 -0.23327536 0.11444955
v 0.15539247 -0.23327536 0.11444955
v 0.15539247 -0.22827536 0.03899997
v 0.15539247 -0.22827536 0.03899997
v 0.15539247 -0.22827536 0.12305074
v 0.15539247 -0.22827536 0.12305074
v 0.15545887 0.2295199 0.03899997
v 0.15545887 0.2295199 0.03899997
v 0.15545887 0.2295199 0.12097626
v 0.15545887 0.2295199 0.12097626
v 0.15545887 0.23210817 0.03899997
v 0.15545887 0.23210817 0.03899997
v 0.15545887 0.23210817 0.11652403
v 0.15545887 0.23210817 0.11652403
v 0.15562934 0.23081403 0.03899997
v 0.15562934 0.23081403 0.03899997
v 0.15562934 0.23081403 0.11875015
v 0.15562934 0.23081403 0.11875015
v 0.15589195 -0.23206944 0.03899997
v 0.15589195 -0.23206944 0.03899997
v 0.15589195 -0.23206944 0.11652403
v 0.15589195 -0.23206944 0.11652403
v 0.15589195 -0.22948128 0.03899997
v 0.15589195 -0.22948128 0.03899997
v 0.15589195 -0.22948128 0.12097626
v 0.15589195 -0.22948128 0.12097626
v 0.1560623 -0.23077536 0.03899997
v 0.1560623 -0.23077536 0.03899997
v 0.1560623 -0.23077536 0.11875015
v 0.1560623 -0.23077536 0.11875015
v 0.199817 0.06668299 0.07899993
v 0.199817 0.06668299 0.07899993
v 0.199817 0.06668299 0.07899993
v 0.199817 0.06668299 0.12899988
v 0.199817 0.06668299 0.12899988
v 0.199817 0.06668299 0.12899988
v 0.199817 0.09884053 0.03899997
v 0.199817 0.09884053 0.03899997
v 0.199817 0.09884053 0.03899997
v 0.199817 0.09884053 0.07899993
v 0.199817 0.09884053 0.07899993
v 0.199817 0.09884053 0.07899993
v 0.199817 0.10530489 0.03899997
v 0.199817 0.10530489 0.03899997
v 0.199817 0.10530489 0.12899988
v 0.199817 0.10530489 0.12899988
v 0.19985562 -0.10487193 0.03899997
v 0.19985562 -0.10487193 0.03899997
v 0.19985562 -0.10487193 0.12899988
v 0.19985562 -0.10487193 0.12899988
v 0.19985562 -0.09840745 0.03899997
v 0.19985562 -0.09840745 0.03899997
v 0.19985562 -0.09840745 0.03899997
v 0.19985562 -0.09840745 0.07899993
v 0.19985562 -0.09840745 0.07899993
v 0.19985562 -0.09840745 0.07899993
v 0.19985562 -0.06624997 0.07899993
v 0.19985562 -0.06624997 0.07899993
v 0.19985562 -0.06624997 0.07899993
v 0.19985562 -0.06624997 0.12899988
v 0.19985562 -0.06624997 0.12899988
v 0.19985562 -0.06624997 0.12899988
v 0.19991308 0.10628038 0.03899997
v 0.19991308 0.10628038 0.03899997
v 0.19991308 0.10628038 0.12899988
v 0.19991308 0.10628038 0.12899988
v 0.20002597 -0.10616601 0.03899997
v 0.20002597 -0.10616601 0.03899997
v 0.20002597 -0.10616601 0.12899988
v 0.20002597 -0.10616601 0.12899988
v 0.20004731 0.06368303 0.07899993
v 0.20004731 0.06368303 0.07899993
v 0.20004731 0.06368303 0.07899993
v 0.20004731 0.06368303 0.12899988
v 0.20004731 0.06368303 0.12899988
v 0.20004731 0.06368303 0.12899988
v 0.20008594 -0.06325001 0.07899993
v 0.20008594 -0.06325001 0.07899993
v 0.20008594 -0.06325001 0.12899988
v 0.20008594 -0.06325001 0.12899988
v 0.20019764 0.10721832 0.03899997
v 0.20019764 0.10721832 0.03899997
v 0.20019764 0.10721832 0.12899988
v 0.20019764 0.10721832 0.12899988
v 0.20052558 -0.10737193 0.03899997
v 0.20052558 -0.10737193 0.03899997
v 0.20052558 -0.10737193 0.12899988
v 0.20052558 -0.10737193 0.12899988
v 0.20057517 0.06253594 0.07899993
v 0.20057517 0.06253594 0.07899993
v 0.20057517 0.06253594 0.12899988
v 0.20057517 0.06253594 0.12899988
v 0.2006138 -0.06210292 0.07899993
v 0.2006138 -0.06210292 0.07899993
v 0.2006138 -0.06210292 0.12899988
v 0.2006138 -0.06210292 0.12899988
v 0.20065969 0.10808283 0.03899997
v 0.20065969 0.10808283 0.03899997
v 0.20065969 0.10808283 0.12899988
v 0.20065969 0.10808283 0.12899988
v 0.20128149 0.10884052 0.03899997
v 0.20128149 0.10884052 0.03899997
v 0.20128149 0.10884052 0.03899997
v 0.20128149 0.10884052 0.12899988
v 0.20128149 0.10884052 0.12899988
v 0.20128149 0.10884052 0.12899988
v 0.20132011 -0.10840744 0.03899997
v 0.20132011 -0.10840744 0.03899997
v 0.20132011 -0.10840744 0.03899997
v 0.20132011 -0.10840744 0.12899988
v 0.20132011 -0.10840744 0.12899988
v 0.20132011 -0.10840744 0.12899988
v 0.20137364 0.06155765 0.07899993
v 0.20137364 0.06155765 0.07899993
v 0.20137364 0.06155765 0.12899988
v 0.20137364 0.06155765 0.12899988
v 0.20141226 -0.06112463 0.07899993
v 0.20141226 -0.06112463 0.07899993
v 0.20141226 -0.06112463 0.12899988
v 0.20141226 -0.06112463 0.12899988
v 0.2017439 0.12643951 0.03899997
v 0.2017439 0.12643951 0.03899997
v 0.2017439 0.12643951 0.12899988
v 0.2017439 0.12643951 0.12899988
v 0.2017439 0.12755924 0.03899997
v 0.2017439 0.12755924 0.03899997
v 0.2017439 0.12755924 0.12899988
v 0.2017439 0.12755924 0.12899988
v 0.20178252 -0.12712616 0.03899997
v 0.20178252 -0.12712616 0.03899997
v 0.20178252 -0.12712616 0.12899988
v 0.20178252 -0.12712616 0.12899988
v 0.20178252 -0.12600655 0.03899997
v 0.20178252 -0.12600655 0.03899997
v 0.20178252 -0.12600655 0.12899988
v 0.20178252 -0.12600655 0.12899988
v 0.20199305 0.12534803 0.03899997
v 0.20199305 0.12534803 0.03899997
v 0.20199305 0.12534803 0.12899988
v 0.20199305 0.12534803 0.12899988
v 0.20199305 0.12865072 0.03899997
v 0.20199305 0.12865072 0.03899997
v 0.20199305 0.12865072 0.12899988
v 0.20199305 0.12865072 0.12899988
v 0.20203167 -0.12821776 0.03899997
v 0.20203167 -0.12821776 0.03899997
v 0.20203167 -0.12821776 0.12899988
v 0.20203167 -0.12821776 0.12899988
v 0.20203167 -0.12491495 0.03899997
v 0.20203167 -0.12491495 0.03899997
v 0.20203167 -0.12491495 0.12899988
v 0.20203167 -0.12491495 0.12899988
v 0.20239168 0.06081062 0.07899993
v 0.20239168 0.06081062 0.07899993
v 0.20239168 0.06081062 0.12899988
v 0.20239168 0.06081062 0.12899988
v 0.20243031 -0.0603776 0.07899993
v 0.20243031 -0.0603776 0.07899993
v 0.20243031 -0.0603776 0.12899988
v 0.20243031 -0.0603776 0.12899988
v 0.20247882 0.12433928 0.03899997
v 0.20247882 0.12433928 0.03899997
v 0.20247882 0.12433928 0.12899988
v 0.20247882 0.12433928 0.12899988
v 0.20247882 0.12965959 0.03899997
v 0.20247882 0.12965959 0.03899997
v 0.20247882 0.12965959 0.12899988
v 0.20247882 0.12965959 0.12899988
v 0.20251745 -0.12922651 0.03899997
v 0.20251745 -0.12922651 0.03899997
v 0.20251745 -0.12922651 0.12899988
v 0.20251745 -0.12922651 0.12899988
v 0.20251745 -0.1239062 0.03899997
v 0.20251745 -0.1239062 0.03899997
v 0.20251745 -0.1239062 0.12899988
v 0.20251745 -0.1239062 0.12899988
v 0.20317691 0.1234638 0.03899997
v 0.20317691 0.1234638 0.03899997
v 0.20317691 0.1234638 0.03899997
v 0.20317691 0.1234638 0.12899988
v 0.20317691 0.1234638 0.12899988
v 0.20317691 0.1234638 0.12899988
v 0.20317691 0.13053494 0.03899997
v 0.20317691 0.13053494 0.03899997
v 0.20317691 0.13053494 0.03899997
v 0.20317691 0.13053494 0.12899988
v 0.20317691 0.13053494 0.12899988
v 0.20317691 0.13053494 0.12899988
v 0.20321554 -0.13010192 0.03899997
v 0.20321554 -0.13010192 0.03899997
v 0.20321554 -0.13010192 0.03899997
v 0.20321554 -0.13010192 0.12899988
v 0.20321554 -0.13010192 0.12899988
v 0.20321554 -0.13010192 0.12899988
v 0.20321554 -0.12303085 0.03899997
v 0.20321554 -0.12303085 0.03899997
v 0.20321554 -0.12303085 0.03899997
v 0.20321554 -0.12303085 0.12899988
v 0.20321554 -0.12303085 0.12899988
v 0.20321554 -0.12303085 0.12899988
v 0.20356434 0.06034249 0.07899993
v 0.20356434 0.06034249 0.07899993
v 0.20356434 0.06034249 0.12899988
v 0.20356434 0.06034249 0.12899988
v 0.20360309 -0.05990947 0.07899993
v 0.20360309 -0.05990947 0.07899993
v 0.20360309 -0.05990947 0.12899988
v 0.20360309 -0.05990947 0.12899988
v 0.20466071 0.10271352 0.03899997
v 0.20466071 0.10271352 0.03899997
v 0.20466071 0.10271352 0.12899988
v 0.20466071 0.10271352 0.12899988
v 0.20469934 -0.1022805 0.03899997
v 0.20469934 -0.1022805 0.03899997
v 0.20469934 -0.1022805 0.12899988
v 0.20469934 -0.1022805 0.12899988
v 0.204817 0.06018298 0.07899993
v 0.204817 0.06018298 0.07899993
v 0.204817 0.06018298 0.07899993
v 0.204817 0.06018298 0.12899988
v 0.204817 0.06018298 0.12899988
v 0.204817 0.06018298 0.12899988
v 0.20485562 -0.05975003 0.07899993
v 0.20485562 -0.05975003 0.07899993
v 0.20485562 -0.05975003 0.12899988
v 0.20485562 -0.05975003 0.12899988
v 0.20600527 0.11356431 0.03899997
v 0.20600527 0.11356431 0.03899997
v 0.20600527 0.11356431 0.03899997
v 0.20600527 0.11356431 0.12899988
v 0.20600527 0.11356431 0.12899988
v 0.20600527 0.11356431 0.12899988
v 0.20600527 0.12063545 0.03899997
v 0.20600527 0.12063545 0.03899997
v 0.20600527 0.12063545 0.03899997
v 0.20600527 0.12063545 0.12899988
v 0.20600527 0.12063545 0.12899988
v 0.20600527 0.12063545 0.12899988
v 0.20604402 -0.12020243 0.03899997
v 0.20604402 -0.12020243 0.03899997
v 0.20604402 -0.12020243 0.03899997
v 0.20604402 -0.12020243 0.12899988
v 0.20604402 -0.12020243 0.12899988
v 0.20604402 -0.12020243 0.12899988
v 0.20604402 -0.11313135 0.03899997
v 0.20604402 -0.11313135 0.03899997
v 0.20604402 -0.11313135 0.03899997
v 0.20604402 -0.11313135 0.12899988
v 0.20604402 -0.11313135 0.12899988
v 0.20604402 -0.11313135 0.12899988
v 0.20653707 0.09946352 0.03899997
v 0.20653707 0.09946352 0.03899997
v 0.20653707 0.09946352 0.03899997
v 0.20653707 0.09946352 0.12899988
v 0.20653707 0.09946352 0.12899988
v 0.20653707 0.09946352 0.12899988
v 0.20653707 0.10596352 0.03899997
v 0.20653707 0.10596352 0.03899997
v 0.20653707 0.10596352 0.03899997
v 0.20653707 0.10596352 0.12899988
v 0.20653707 0.10596352 0.12899988
v 0.20653707 0.10596352 0.12899988
v 0.20657581 -0.10553051 0.03899997
v 0.20657581 -0.10553051 0.03899997
v 0.20657581 -0.10553051 0.03899997
v 0.20657581 -0.10553051 0.12899988
v 0.20657581 -0.10553051 0.12899988
v 0.20657581 -0.10553051 0.12899988
v 0.20657581 -0.0990305 0.03899997
v 0.20657581 -0.0990305 0.03899997
v 0.20657581 -0.0990305 0.03899997
v 0.20657581 -0.0990305 0.12899988
v 0.20657581 -0.0990305 0.12899988
v 0.20657581 -0.0990305 0.12899988
v 0.20679992 0.11459988 0.03899997
v 0.20679992 0.11459988 0.03899997
v 0.20679992 0.11459988 0.12899988
v 0.20679992 0.11459988 0.12899988
v 0.20679992 0.11959987 0.03899997
v 0.20679992 0.11959987 0.03899997
v 0.20679992 0.11959987 0.12899988
v 0.20679992 0.11959987 0.12899988
v 0.20683855 -0.11916686 0.03899997
v 0.20683855 -0.11916686 0.03899997
v 0.20683855 -0.11916686 0.12899988
v 0.20683855 -0.11916686 0.12899988
v 0.20683855 -0.11416686 0.03899997
v 0.20683855 -0.11416686 0.03899997
v 0.20683855 -0.11416686 0.12899988
v 0.20683855 -0.11416686 0.12899988
v 0.20693022 0.06368303 0.07899993
v 0.20693022 0.06368303 0.07899993
v 0.20693022 0.06368303 0.07899993
v 0.20693022 0.06368303 0.12899988
v 0.20693022 0.06368303 0.12899988
v 0.20693022 0.06368303 0.12899988
v 0.20693022 0.06668299 0.07899993
v 0.20693022 0.06668299 0.07899993
v 0.20693022 0.06668299 0.07899993
v 0.20693022 0.06668299 0.12899988
v 0.20693022 0.06668299 0.12899988
v 0.20693022 0.06668299 0.12899988
v 0.20696896 -0.06624997 0.07899993
v 0.20696896 -0.06624997 0.07899993
v 0.20696896 -0.06624997 0.07899993
v 0.20696896 -0.06624997 0.12899988
v 0.20696896 -0.06624997 0.12899988
v 0.20696896 -0.06624997 0.12899988
v 0.20696896 -0.06325001 0.07899993
v 0.20696896 -0.06325001 0.07899993
v 0.20696896 -0.06325001 0.07899993
v 0.20696896 -0.06325001 0.12899988
v 0.20696896 -0.06325001 0.12899988
v 0.20696896 -0.06325001 0.12899988
v 0.20729941 0.1158058 0.03899997
v 0.20729941 0.1158058 0.03899997
v 0.20729941 0.1158058 0.12899988
v 0.20729941 0.1158058 0.12899988
v 0.20729941 0.11839395 0.03899997
v 0.20729941 0.11839395 0.03899997
v 0.20729941 0.11839395 0.12899988
v 0.20729941 0.11839395 0.12899988
v 0.20733815 -0.11796099 0.03899997
v 0.20733815 -0.11796099 0.03899997
v 0.20733815 -0.11796099 0.12899988
v 0.20733815 -0.11796099 0.12899988
v 0.20733815 -0.11537278 0.03899997
v 0.20733815 -0.11537278 0.03899997
v 0.20733815 -0.11537278 0.12899988
v 0.20733815 -0.11537278 0.12899988
v 0.20746976 0.11709994 0.03899997
v 0.20746976 0.11709994 0.03899997
v 0.20746976 0.11709994 0.12899988
v 0.20746976 0.11709994 0.12899988
v 0.2075085 -0.11666686 0.03899997
v 0.2075085 -0.11666686 0.03899997
v 0.2075085 -0.11666686 0.12899988
v 0.2075085 -0.11666686 0.12899988
v 0.20794064 0.06193304 0.07899993
v 0.20794064 0.06193304 0.07899993
v 0.20794064 0.06193304 0.07899993
v 0.20794064 0.06193304 0.12899988
v 0.20794064 0.06193304 0.12899988
v 0.20794064 0.06193304 0.12899988
v 0.20794064 0.06843304 0.07899993
v 0.20794064 0.06843304 0.07899993
v 0.20794064 0.06843304 0.07899993
v 0.20794064 0.06843304 0.12899988
v 0.20794064 0.06843304 0.12899988
v 0.20794064 0.06843304 0.12899988
v 0.20797926 -0.06800002 0.07899993
v 0.20797926 -0.06800002 0.07899993
v 0.20797926 -0.06800002 0.07899993
v 0.20797926 -0.06800002 0.12899988
v 0.20797926 -0.06800002 0.12899988
v 0.20797926 -0.06800002 0.12899988
v 0.20797926 -0.06150002 0.07899993
v 0.20797926 -0.06150002 0.07899993
v 0.20797926 -0.06150002 0.07899993
v 0.20797926 -0.06150002 0.12899988
v 0.20797926 -0.06150002 0.12899988
v 0.20797926 -0.06150002 0.12899988
v 0.21028989 0.09946352 0.03899997
v 0.21028989 0.09946352 0.03899997
v 0.21028989 0.09946352 0.03899997
v 0.21028989 0.09946352 0.12899988
v 0.21028989 0.09946352 0.12899988
v 0.21028989 0.09946352 0.12899988
v 0.21028989 0.10596352 0.03899997
v 0.21028989 0.10596352 0.03899997
v 0.21028989 0.10596352 0.03899997
v 0.21028989 0.10596352 0.12899988
v 0.21028989 0.10596352 0.12899988
v 0.21028989 0.10596352 0.12899988
v 0.21032852 -0.10553051 0.03899997
v 0.21032852 -0.10553051 0.03899997
v 0.21032852 -0.10553051 0.03899997
v 0.21032852 -0.10553051 0.12899988
v 0.21032852 -0.10553051 0.12899988
v 0.21032852 -0.10553051 0.12899988
v 0.21032852 -0.0990305 0.03899997
v 0.21032852 -0.0990305 0.03899997
v 0.21032852 -0.0990305 0.03899997
v 0.21032852 -0.0990305 0.12899988
v 0.21032852 -0.0990305 0.12899988
v 0.21032852 -0.0990305 0.12899988
v 0.21169334 0.06193304 0.07899993
v 0.21169334 0.06193304 0.07899993
v 0.21169334 0.06193304 0.07899993
v 0.21169334 0.06193304 0.12899988
v 0.21169334 0.06193304 0.12899988
v 0.21169334 0.06193304 0.12899988
v 0.21169334 0.06843304 0.07899993
v 0.21169334 0.06843304 0.07899993
v 0.21169334 0.06843304 0.07899993
v 0.21169334 0.06843304 0.12899988
v 0.21169334 0.06843304 0.12899988
v 0.21169334 0.06843304 0.12899988
v 0.21173209 -0.06800002 0.07899993
v 0.21173209 -0.06800002 0.07899993
v 0.21173209 -0.06800002 0.07899993
v 0.21173209 -0.06800002 0.12899988
v 0.21173209 -0.06800002 0.12899988
v 0.21173209 -0.06800002 0.12899988
v 0.21173209 -0.06150002 0.07899993
v 0.21173209 -0.06150002 0.07899993
v 0.21173209 -0.06150002 0.07899993
v 0.21173209 -0.06150002 0.12899988
v 0.21173209 -0.06150002 0.12899988
v 0.21173209 -0.06150002 0.12899988
v 0.21216625 0.10271352 0.03899997
v 0.21216625 0.10271352 0.03899997
v 0.21216625 0.10271352 0.12899988
v 0.21216625 0.10271352 0.12899988
v 0.21220499 -0.1022805 0.03899997
v 0.21220499 -0.1022805 0.03899997
v 0.21220499 -0.1022805 0.12899988
v 0.21220499 -0.1022805 0.12899988
v 0.21356982 0.06518304 0.07899993
v 0.21356982 0.06518304 0.07899993
v 0.21356982 0.06518304 0.12899988
v 0.21356982 0.06518304 0.12899988
v 0.21360844 -0.06475002 0.07899993
v 0.21360844 -0.06475002 0.07899993
v 0.21360844 -0.06475002 0.12899988
v 0.21360844 -0.06475002 0.12899988
v 0.21481699 0.06018298 0.07899993
v 0.21481699 0.06018298 0.07899993
v 0.21481699 0.06018298 0.12899988
v 0.21481699 0.06018298 0.12899988
v 0.21485561 -0.05975003 0.07899993
v 0.21485561 -0.05975003 0.07899993
v 0.21485561 -0.05975003 0.07899993
v 0.21485561 -0.05975003 0.12899988
v 0.21485561 -0.05975003 0.12899988
v 0.21485561 -0.05975003 0.12899988
v 0.21611112 0.06035339 0.07899993
v 0.21611112 0.06035339 0.07899993
v 0.21611112 0.06035339 0.12899988
v 0.21611112 0.06035339 0.12899988
v 0.21614975 -0.05992038 0.07899993
v 0.21614975 -0.05992038 0.07899993
v 0.21614975 -0.05992038 0.12899988
v 0.21614975 -0.05992038 0.12899988
v 0.21731704 0.06085288 0.07899993
v 0.21731704 0.06085288 0.07899993
v 0.21731704 0.06085288 0.12899988
v 0.21731704 0.06085288 0.12899988
v 0.21735567 -0.06041986 0.07899993
v 0.21735567 -0.06041986 0.07899993
v 0.21735567 -0.06041986 0.12899988
v 0.21735567 -0.06041986 0.12899988
v 0.2183525 0.06164747 0.07899993
v 0.2183525 0.06164747 0.07899993
v 0.2183525 0.06164747 0.12899988
v 0.2183525 0.06164747 0.12899988
v 0.21839124 -0.06121445 0.07899993
v 0.21839124 -0.06121445 0.07899993
v 0.21839124 -0.06121445 0.12899988
v 0.21839124 -0.06121445 0.12899988
v 0.21914714 0.06268304 0.07899993
v 0.21914714 0.06268304 0.07899993
v 0.21914714 0.06268304 0.12899988
v 0.21914714 0.06268304 0.12899988
v 0.21918577 -0.06225002 0.07899993
v 0.21918577 -0.06225002 0.07899993
v 0.21918577 -0.06225002 0.12899988
v 0.21918577 -0.06225002 0.12899988
v 0.21964663 0.0638889 0.07899993
v 0.21964663 0.0638889 0.07899993
v 0.21964663 0.0638889 0.12899988
v 0.21964663 0.0638889 0.12899988
v 0.21968525 -0.06345588 0.07899993
v 0.21968525 -0.06345588 0.07899993
v 0.21968525 -0.06345588 0.12899988
v 0.21968525 -0.06345588 0.12899988
v 0.21981698 0.06518304 0.07899993
v 0.21981698 0.06518304 0.07899993
v 0.21981698 0.06518304 0.07899993
v 0.21981698 0.06518304 0.12899988
v 0.21981698 0.06518304 0.12899988
v 0.21981698 0.06518304 0.12899988
v 0.21981698 0.073183 0.07899993
v 0.21981698 0.073183 0.07899993
v 0.21981698 0.073183 0.12899988
v 0.21981698 0.073183 0.12899988
v 0.21981698 0.07418304 0.07899993
v 0.21981698 0.07418304 0.07899993
v 0.21981698 0.07418304 0.07899993
v 0.21981698 0.07418304 0.12899988
v 0.21981698 0.07418304 0.12899988
v 0.21981698 0.07418304 0.12899988
v 0.21981698 0.07718306 0.07899993
v 0.21981698 0.07718306 0.07899993
v 0.21981698 0.07718306 0.12899988
v 0.21981698 0.07718306 0.12899988
v 0.21985561 -0.07674999 0.07899993
v 0.21985561 -0.07674999 0.07899993
v 0.21985561 -0.07674999 0.07899993
v 0.21985561 -0.07674999 0.12899988
v 0.21985561 -0.07674999 0.12899988
v 0.21985561 -0.07674999 0.12899988
v 0.21985561 -0.07375002 0.07899993
v 0.21985561 -0.07375002 0.07899993
v 0.21985561 -0.07375002 0.07899993
v 0.21985561 -0.07375002 0.12899988
v 0.21985561 -0.07375002 0.12899988
v 0.21985561 -0.07375002 0.12899988
v 0.21985561 -0.07274998 0.07899993
v 0.21985561 -0.07274998 0.07899993
v 0.21985561 -0.07274998 0.12899988
v 0.21985561 -0.07274998 0.12899988
v 0.21985561 -0.06475002 0.07899993
v 0.21985561 -0.06475002 0.07899993
v 0.21985561 -0.06475002 0.12899988
v 0.21985561 -0.06475002 0.12899988
v 0.21991795 0.07418304 0.07899993
v 0.21991795 0.07418304 0.07899993
v 0.21991795 0.07418304 0.07899993
v 0.21991795 0.07418304 0.12899988
v 0.21991795 0.07418304 0.12899988
v 0.21991795 0.07418304 0.12899988
v 0.21995669 -0.07375002 0.07899993
v 0.21995669 -0.07375002 0.07899993
v 0.21995669 -0.07375002 0.07899993
v 0.21995669 -0.07375002 0.12899988
v 0.21995669 -0.07375002 0.12899988
v 0.21995669 -0.07375002 0.12899988
v 0.21998733 0.07847708 0.07899993
v 0.21998733 0.07847708 0.07899993
v 0.21998733 0.07847708 0.12899988
v 0.21998733 0.07847708 0.12899988
v 0.22002607 -0.07804412 0.07899993
v 0.22002607 -0.07804412 0.07899993
v 0.22002607 -0.07804412 0.12899988
v 0.22002607 -0.07804412 0.12899988
v 0.22048682 0.079683 0.07899993
v 0.22048682 0.079683 0.07899993
v 0.22048682 0.079683 0.12899988
v 0.22048682 0.079683 0.12899988
v 0.22052556 -0.07924998 0.07899993
v 0.22052556 -0.07924998 0.07899993
v 0.22052556 -0.07924998 0.12899988
v 0.22052556 -0.07924998 0.12899988
v 0.22128147 0.08071857 0.07899993
v 0.22128147 0.08071857 0.07899993
v 0.22128147 0.08071857 0.12899988
v 0.22128147 0.08071857 0.12899988
v 0.22132009 -0.08028555 0.07899993
v 0.22132009 -0.08028555 0.07899993
v 0.22132009 -0.08028555 0.12899988
v 0.22132009 -0.08028555 0.12899988
v 0.22231704 0.0815131 0.07899993
v 0.22231704 0.0815131 0.07899993
v 0.22231704 0.0815131 0.12899988
v 0.22231704 0.0815131 0.12899988
v 0.22235566 -0.08108014 0.07899993
v 0.22235566 -0.08108014 0.07899993
v 0.22235566 -0.08108014 0.12899988
v 0.22235566 -0.08108014 0.12899988
v 0.22352284 0.08201259 0.07899993
v 0.22352284 0.08201259 0.07899993
v 0.22352284 0.08201259 0.12899988
v 0.22352284 0.08201259 0.12899988
v 0.22356158 -0.08157963 0.07899993
v 0.22356158 -0.08157963 0.07899993
v 0.22356158 -0.08157963 0.12899988
v 0.22356158 -0.08157963 0.12899988
v 0.22481698 0.08218306 0.07899993
v 0.22481698 0.08218306 0.07899993
v 0.22481698 0.08218306 0.07899993
v 0.22481698 0.08218306 0.12899988
v 0.22481698 0.08218306 0.12899988
v 0.22481698 0.08218306 0.12899988
v 0.22481698 0.152175 0.12899988
v 0.22481698 0.152175 0.12899988
v 0.22481698 0.152175 0.12899988
v 0.22485572 -0.15174199 0.12899988
v 0.22485572 -0.15174199 0.12899988
v 0.22485572 -0.15174199 0.12899988
v 0.22485572 -0.08174998 0.07899993
v 0.22485572 -0.08174998 0.07899993
v 0.22485572 -0.08174998 0.12899988
v 0.22485572 -0.08174998 0.12899988
v 0.22485572 -0.08174998 0.12899988
v 0.22723979 0.15459781 0.03899997
v 0.22723979 0.15459781 0.03899997
v 0.22723979 0.15459781 0.12483209
v 0.22723979 0.15459781 0.12483209
v 0.22727853 -0.15416486 0.03899997
v 0.22727853 -0.15416486 0.03899997
v 0.22727853 -0.15416486 0.12483209
v 0.22727853 -0.15416486 0.12483209
v 0.22811514 0.1552959 0.03899997
v 0.22811514 0.1552959 0.03899997
v 0.22811514 0.1552959 0.12332623
v 0.22811514 0.1552959 0.12332623
v 0.22831398 -0.15495944 0.03899997
v 0.22831398 -0.15495944 0.03899997
v 0.22831398 -0.15495944 0.12305074
v 0.22831398 -0.15495944 0.12305074
v 0.22912401 0.15578168 0.03899997
v 0.22912401 0.15578168 0.03899997
v 0.22912401 0.15578168 0.1215909
v 0.22912401 0.15578168 0.1215909
v 0.2295199 -0.15545893 0.03899997
v 0.2295199 -0.15545893 0.03899997
v 0.2295199 -0.15545893 0.12097626
v 0.2295199 -0.15545893 0.12097626
v 0.23021549 0.15603083 0.03899997
v 0.23021549 0.15603083 0.03899997
v 0.23021549 0.15603083 0.11971324
v 0.23021549 0.15603083 0.11971324
v 0.23081404 -0.15562928 0.03899997
v 0.23081404 -0.15562928 0.03899997
v 0.23081404 -0.15562928 0.11875015
v 0.23081404 -0.15562928 0.11875015
v 0.23133522 0.15603083 0.03899997
v 0.23133522 0.15603083 0.03899997
v 0.23133522 0.15603083 0.11778717
v 0.23133522 0.15603083 0.11778717
v 0.23210817 -0.15545893 0.03899997
v 0.23210817 -0.15545893 0.03899997
v 0.23210817 -0.15545893 0.11652403
v 0.23210817 -0.15545893 0.11652403
v 0.2324267 0.15578168 0.03899997
v 0.2324267 0.15578168 0.03899997
v 0.2324267 0.15578168 0.11590939
v 0.2324267 0.15578168 0.11590939
v 0.23331398 -0.15495944 0.03899997
v 0.23331398 -0.15495944 0.03899997
v 0.23331398 -0.15495944 0.11444955
v 0.23331398 -0.15495944 0.11444955
v 0.23343557 0.1552959 0.03899997
v 0.23343557 0.1552959 0.03899997
v 0.23343557 0.1552959 0.11417406
v 0.23343557 0.1552959 0.11417406
v 0.23431092 0.15459781 0.03899997
v 0.23431092 0.15459781 0.03899997
v 0.23431092 0.15459781 0.11266821
v 0.23431092 0.15459781 0.11266821
v 0.23434955 -0.15416486 0.03899997
v 0.23434955 -0.15416486 0.03899997
v 0.23434955 -0.15416486 0.11266821
v 0.23434955 -0.15416486 0.11266821
v 0.24481696 0.08218306 0.03899997
v 0.24481696 0.08218306 0.03899997
v 0.24481696 0.08218306 0.03899997
v 0.24481696 0.08218306 0.07899993
v 0.24481696 0.08218306 0.07899993
v 0.24481696 0.08218306 0.07899993
v 0.24481696 0.09884053 0.03899997
v 0.24481696 0.09884053 0.03899997
v 0.24481696 0.09884053 0.03899997
v 0.24481696 0.09884053 0.07899993
v 0.24481696 0.09884053 0.07899993
v 0.24481696 0.09884053 0.07899993
v 0.2448557 -0.09840745 0.03899997
v 0.2448557 -0.09840745 0.03899997
v 0.2448557 -0.09840745 0.03899997
v 0.2448557 -0.09840745 0.07899993
v 0.2448557 -0.09840745 0.07899993
v 0.2448557 -0.09840745 0.07899993
v 0.2448557 -0.08174998 0.03899997
v 0.2448557 -0.08174998 0.03899997
v 0.2448557 -0.08174998 0.03899997
v 0.2448557 -0.08174998 0.07899993
v 0.2448557 -0.08174998 0.07899993
v 0.2448557 -0.08174998 0.07899993
v 0.25776523 0.08218306 0.03899997
v 0.25776523 0.08218306 0.03899997
v 0.25776523 0.08218306 0.07232147
v 0.25776523 0.08218306 0.07232147
v 0.25780386 -0.08174998 0.03899997
v 0.25780386 -0.08174998 0.03899997
v 0.25780386 -0.08174998 0.07232147
v 0.25780386 -0.08174998 0.07232147
v 0.25904864 0.08235055 0.03899997
v 0.25904864 0.08235055 0.03899997
v 0.25904864 0.08235055 0.07011371
v 0.25904864 0.08235055 0.07011371
v 0.25908738 -0.08191753 0.03899997
v 0.25908738 -0.08191753 0.03899997
v 0.25908738 -0.08191753 0.07011371
v 0.25908738 -0.08191753 0.07011371
v 0.2602461 0.08284193 0.03899997
v 0.2602461 0.08284193 0.03899997
v 0.2602461 0.08284193 0.06805377
v 0.2602461 0.08284193 0.06805377
v 0.26028484 -0.08240891 0.03899997
v 0.26028484 -0.08240891 0.03899997
v 0.26028484 -0.08240891 0.06805377
v 0.26028484 -0.08240891 0.06805377
v 0.26127738 0.08362418 0.03899997
v 0.26127738 0.08362418 0.03899997
v 0.26127738 0.08362418 0.06627982
v 0.26127738 0.08362418 0.06627982
v 0.261316 -0.08319122 0.03899997
v 0.261316 -0.08319122 0.03899997
v 0.261316 -0.08319122 0.06627982
v 0.261316 -0.08319122 0.06627982
v 0.2689591 0.11994963 0.03899997
v 0.2689591 0.11994963 0.03899997
v 0.2689591 0.11994963 0.03899997
v 0.2689591 0.11994963 0.05306547
v 0.2689591 0.11994963 0.05306547
v 0.26899785 -0.11951662 0.03899997
v 0.26899785 -0.11951662 0.03899997
v 0.26899785 -0.11951662 0.03899997
v 0.26899785 -0.11951662 0.05306547
v 0.26899785 -0.11951662 0.05306547
v 0.27002507 0.1187964 0.05123179
v 0.27006382 -0.11836344 0.05123179
v 0.27099734 0.11756318 0.03899997
v 0.27099734 0.11756318 0.03899997
v 0.27099734 0.11756318 0.04955929
v 0.27103597 -0.11713017 0.03899997
v 0.27103597 -0.11713017 0.03899997
v 0.27103597 -0.11713017 0.04955929
v 0.27186984 0.11625748 0.04805844
v 0.27190846 -0.11582441 0.04805844
v 0.27263707 0.11488729 0.03899997
v 0.27263707 0.11488729 0.03899997
v 0.27263707 0.11488729 0.04673856
v 0.27267581 -0.11445427 0.03899997
v 0.27267581 -0.11445427 0.03899997
v 0.27267581 -0.11445427 0.04673856
v 0.27329463 0.11346119 0.0456075
v 0.27332908 0.09551793 0.03899997
v 0.27332908 0.09551793 0.03899997
v 0.27332908 0.09551793 0.03899997
v 0.27332908 0.09551793 0.04554813
v 0.27332908 0.09551793 0.04554813
v 0.27333325 -0.11302811 0.0456075
v 0.27336782 -0.09508491 0.03899997
v 0.27336782 -0.09508491 0.03899997
v 0.27336782 -0.09508491 0.03899997
v 0.27336782 -0.09508491 0.04554813
v 0.27336782 -0.09508491 0.04554813
v 0.2738381 0.11198776 0.03899997
v 0.2738381 0.11198776 0.03899997
v 0.2738381 0.11198776 0.04467254
v 0.27387684 -0.11155481 0.03899997
v 0.27387684 -0.11155481 0.03899997
v 0.27387684 -0.11155481 0.04467254
v 0.27396053 0.09627836 0.03899997
v 0.27396053 0.09627836 0.03899997
v 0.27396053 0.09627836 0.0444619
v 0.27399915 -0.09584529 0.03899997
v 0.27399915 -0.09584529 0.03899997
v 0.27399915 -0.09584529 0.0444619
v 0.27426439 0.11047643 0.04393928
v 0.27430302 -0.11004335 0.04393928
v 0.27443009 0.09714812 0.03899997
v 0.27443009 0.09714812 0.03899997
v 0.27443009 0.09714812 0.04365425
v 0.27446872 -0.09671504 0.03899997
v 0.27446872 -0.09671504 0.03899997
v 0.27446872 -0.09671504 0.04365425
v 0.27457076 0.10893613 0.03899997
v 0.27457076 0.10893613 0.03899997
v 0.27457076 0.10893613 0.04341226
v 0.27459806 0.09761339 0.04336517
v 0.27460939 -0.10850317 0.03899997
v 0.27460939 -0.10850317 0.03899997
v 0.27460939 -0.10850317 0.04341226
v 0.2746368 -0.09718043 0.04336517
v 0.2747193 0.09809321 0.03899997
v 0.2747193 0.09809321 0.03899997
v 0.2747193 0.09809321 0.04315667
v 0.2747553 0.10737663 0.04309469
v 0.27475792 -0.09766013 0.03899997
v 0.27475792 -0.09766013 0.03899997
v 0.27475792 -0.09766013 0.04315667
v 0.27479249 0.09858256 0.04303079
v 0.27479404 -0.10694361 0.04309469
v 0.27481693 0.09907668 0.03899997
v 0.27481693 0.09907668 0.03899997
v 0.27481693 0.09907668 0.04298859
v 0.27481693 0.10580748 0.03899997
v 0.27481693 0.10580748 0.03899997
v 0.27481693 0.10580748 0.04298859
v 0.27483123 -0.09814948 0.04303079
v 0.27485567 -0.10537446 0.03899997
v 0.27485567 -0.10537446 0.03899997
v 0.27485567 -0.10537446 0.04298859
v 0.27485567 -0.09864372 0.03899997
v 0.27485567 -0.09864372 0.03899997
v 0.27485567 -0.09864372 0.04298859
vt 3.08649698 -8.6000533
vt 3.08649698 1.22028329
vt 3.08649698 1.3450847
vt 3.29709912 -8.6000533
vt 3.29709912 1.22028329
vt 3.29709912 1.3450847
vt 3.07103248 1.34640512
vt -3.31064671 -8.59884105
vt -3.31064671 1.22028329
vt -3.31064671 1.3450847
vt -3.10004456 -8.59884105
vt -3.10004456 1.22028329
vt -3.10004456 1.3450847
vt 3.34619685 1.34840438
vt -3.08458193 1.34640512
vt 3.05572091 -8.59699471
vt 3.05572091 1.22028329
vt 3.05572091 1.35034397
vt -3.35974444 1.34840438
vt -3.06927036 -8.5957862
vt -3.06927036 1.22028329
vt -3.06927036 1.35034397
vt 3.04071147 1.35686771
vt 3.39499246 -8.59234716
vt 3.39499246 1.22028329
vt 3.39499246 1.35834105
vt -3.05426092 1.35686771
vt -3.40854004 -8.59113864
vt -3.40854004 1.22028329
vt -3.40854004 1.35834105
vt 3.02614963 -8.58794578
vt 3.02614963 1.22028329
vt 3.02614963 1.36591291
vt -3.03969908 -8.58673727
vt -3.03969908 1.22028329
vt -3.03969908 1.36591291
vt 3.4431838 1.37483129
vt -3.45673325 1.37483129
vt 2.99893569 -8.57325339
vt 2.99893569 1.22028329
vt 2.99893569 1.39118353
vt -3.01248514 -8.57204487
vt -3.01248514 1.22028329
vt -3.01248514 1.39118353
vt 3.49047622 -8.56942643
vt 3.49047622 1.22028329
vt 3.49047622 1.3977744
vt -3.50402567 -8.56821418
vt -3.50402567 1.22028329
vt -3.50402567 1.3977744
vt 1.22028329 -8.55349941
vt 2.97514588 -8.55349941
vt 2.97514588 1.22028329
vt 1.42517111 -8.55349941
vt 2.97514588 1.42517111
vt 3.53657505 1.42702864
vt -2.98869346 -8.55228717
vt -2.98869346 1.22028329
vt 1.22028329 -8.55228717
vt -2.98869346 1.42517111
vt 1.42517111 -8.55228717
vt -3.5501245 1.42702864
vt 3.58120053 -8.53184688
vt 3.58120053 1.22028329
vt 3.58120053 1.46241869
vt -3.59474812 -8.53063463
vt -3.59474812 1.22028329
vt -3.59474812 1.46241869
vt 3.62406919 1.50371703
vt -3.63761864 1.50371703
vt 3.6649274 -8.48053727
vt 3.6649274 1.22028329
vt 3.6649274 1.55067748
vt -3.67847498 -8.47932875
vt -3.67847498 1.22028329
vt -3.67847498 1.55067748
vt 3.70351404 1.60300911
vt -3.71706163 1.60300911
vt 1.22028329 -8.41676579
vt 3.73959414 -8.41676579
vt 3.73959414 1.22028329
vt 1.66038366 -8.41676579
vt 3.73959414 1.66038366
vt -3.75314359 -8.41555355
vt -3.75314359 1.22028329
vt -3.75314359 1.66038366
vt 1.22028329 -8.17640587
vt 2.60299829 -8.17640587
vt 2.07385198 -8.17640587
vt 2.60299829 2.07385198
vt -2.61654587 -8.17519735
vt 1.22028329 -8.17519735
vt -2.61654587 2.07385198
vt 2.07385198 -8.17519735
vt 1.22028329 -8.14414154
vt 2.57852216 -8.14414154
vt 2.12935781 -8.14414154
vt 2.57852216 2.12935781
vt -2.59206974 -8.14292929
vt 1.22028329 -8.14292929
vt -2.59206974 2.12935781
vt 2.12935781 -8.14292929
vt 1.22028329 -8.10667389
vt 2.56314718 -8.10667389
vt 2.19381187 -8.10667389
vt 2.56314718 2.19381187
vt -2.57669476 -8.10546164
vt 1.22028329 -8.10546164
vt -2.57669476 2.19381187
vt 2.19381187 -8.10546164
vt 1.22028329 -8.06651319
vt 2.55790282 -8.06651319
vt 2.26289111 -8.06651319
vt 2.55790282 2.26289111
vt -2.57145227 -8.06530467
vt 1.22028329 -8.06530467
vt -2.57145227 2.26289111
vt 2.26289111 -8.06530467
vt 1.22028329 -7.66137392
vt 2.55790282 -7.66137392
vt 2.55790282 1.22028329
vt 2.47185579 -7.66137392
vt 2.55790282 -7.66137392
vt 2.55790282 2.47185579
vt 1.22028329 -7.66137392
vt 3.07910416 -7.66137392
vt 3.07910416 1.22028329
vt 2.47185579 -7.66137392
vt 3.07910416 -7.66137392
vt 3.07910416 2.47185579
vt -3.09265361 -7.66016168
vt -3.09265361 1.22028329
vt 1.22028329 -7.66016168
vt -3.09265361 -7.66016168
vt -3.09265361 2.47185579
vt 2.47185579 -7.66016168
vt -2.57145227 -7.66016168
vt -2.57145227 1.22028329
vt 1.22028329 -7.66016168
vt -2.57145227 -7.66016168
vt -2.57145227 2.47185579
vt 2.47185579 -7.66016168
vt 1.22028329 -7.3326433
vt 4.82371664 -7.3326433
vt 3.52531412 -7.3326433
vt 4.82371664 3.52531412
vt -4.83726422 -7.33143479
vt -4.83726422 1.22028329
vt 1.22028329 -7.33143479
vt -4.83726422 3.52531412
vt 3.52531412 -7.33143479
vt -4.85910699 -7.30404554
vt 1.22028329 -7.30404554
vt -4.85910699 3.57243123
vt 3.57243123 -7.30404554
vt 1.22028329 -7.30024096
vt 4.84857696 -7.30024096
vt 3.58105121 -7.30024096
vt 4.84857696 3.58105121
vt -4.87430852 -7.27247872
vt 1.22028329 -7.27247872
vt -4.87430852 3.62672855
vt 3.62672855 -7.27247872
vt 1.22028329 -7.26251221
vt 4.86420557 -7.26251221
vt 3.64596033 -7.26251221
vt 4.86420557 3.64596033
vt -4.88210231 -7.23832702
vt 1.22028329 -7.23832702
vt -4.88210231 3.6854832
vt 3.6854832 -7.23832702
vt 1.22028329 -7.22201955
vt 4.86953944 -7.22201955
vt 3.71561398 -7.22201955
vt 4.86953944 3.71561398
vt -4.88210231 -7.20329131
vt 1.22028329 -7.20329131
vt -4.88210231 3.74574849
vt 3.74574849 -7.20329131
vt 1.22028329 -7.18152688
vt 4.86420557 -7.18152688
vt 3.78526763 -7.18152688
vt 4.86420557 3.78526763
vt -4.87430852 -7.16913962
vt 1.22028329 -7.16913962
vt -4.87430852 3.80449941
vt 3.80449941 -7.16913962
vt 1.22028329 -7.1437944
vt 4.84857696 -7.1437944
vt 3.85017675 -7.1437944
vt 4.84857696 3.85017675
vt -4.85910699 -7.13757279
vt 1.22028329 -7.13757279
vt -4.85910699 3.85879673
vt 3.85879673 -7.13757279
vt 1.22028329 -7.11139579
vt 4.82371664 -7.11139579
vt 4.82371664 1.22028329
vt 3.90591384 -7.11139579
vt 4.82371664 3.90591384
vt -4.83726422 -7.11018355
vt -4.83726422 1.22028329
vt 1.22028329 -7.11018355
vt -4.83726422 3.90591384
vt 3.90591384 -7.11018355
vt 2.47185579 -7.03558394
vt 2.55790282 -7.03558394
vt 2.55790282 -7.03558394
vt 2.55790282 4.03632141
vt 4.03632141 -7.03558394
vt 4.74790852 -7.03558394
vt 4.74790852 4.03632141
vt -4.7614561 -7.03437543
vt -4.7614561 4.03632141
vt -2.57145227 -7.03437543
vt -2.57145227 2.47185579
vt 2.47185579 -7.03437543
vt -2.57145227 -7.03437543
vt -2.57145227 4.03632141
vt 4.03632141 -7.03437543
vt 2.47185579 -6.99509501
vt 2.55257268 -6.99509501
vt 2.55257268 -6.99509501
vt 4.03632141 -6.99509501
vt -2.56612213 -6.99388276
vt -2.56612213 2.47185579
vt -2.56612213 -6.99388276
vt -2.56612213 4.03632141
vt 2.47185579 -6.95736253
vt 2.53694407 -6.95736253
vt 2.53694407 -6.95736253
vt 4.03632141 -6.95736253
vt -2.55049165 -6.95615401
vt -2.55049165 2.47185579
vt -2.55049165 -6.95615401
vt -2.55049165 4.03632141
vt 2.47185579 -6.92496019
vt 2.51208002 -6.92496019
vt 2.51208002 -6.92496019
vt 4.03632141 -6.92496019
vt -2.52562947 -6.92375167
vt -2.52562947 2.47185579
vt -2.52562947 -6.92375167
vt -2.52562947 4.03632141
vt 2.47185579 -6.90009987
vt 2.47968141 -6.90009987
vt 2.47968141 -6.90009987
vt 4.03632141 -6.90009987
vt -2.49322899 -6.89888763
vt -2.49322899 2.47185579
vt -2.49322899 -6.89888763
vt -2.49322899 4.03632141
vt 2.44194893 -6.88447125
vt 2.47185579 -6.88447125
vt 2.44194893 -6.88447125
vt 4.03632141 -6.88447125
vt -2.45549651 -6.88325901
vt -2.45549651 2.47185579
vt -2.45549651 -6.88325901
vt -2.45549651 4.03632141
vt 2.30758758 -6.8823004
vt 2.30758758 2.47185579
vt 2.47185579 -6.8823004
vt 2.30758758 -6.8823004
vt 2.30758758 4.03632141
vt 4.03632141 -6.8823004
vt -2.32113703 -6.88108816
vt -2.32113703 2.47185579
vt 2.47185579 -6.88108816
vt -2.32113703 -6.88108816
vt -2.32113703 4.03632141
vt 4.03632141 -6.88108816
vt 2.02598526 -6.87913738
vt 2.02598526 2.47185579
vt 2.02598526 -6.87913738
vt 2.02598526 4.03632141
vt 2.2763005 -6.87913738
vt 2.2763005 2.47185579
vt 2.2763005 -6.87913738
vt 2.2763005 4.03632141
vt 2.30758758 -6.87913738
vt 2.30758758 2.47185579
vt 2.47185579 -6.87913738
vt 2.30758758 -6.87913738
vt 2.30758758 4.03632141
vt 4.03632141 -6.87913738
vt 2.40145626 -6.87913738
vt 2.40145626 2.47185579
vt 2.47185579 -6.87913738
vt 2.40145626 -6.87913738
vt 2.40145626 4.03632141
vt 4.03632141 -6.87913738
vt -2.41500571 -6.87792887
vt -2.41500571 2.47185579
vt -2.41500571 -6.87792887
vt -2.41500571 4.03632141
vt -2.32113703 -6.87792887
vt -2.32113703 2.47185579
vt 2.47185579 -6.87792887
vt -2.32113703 -6.87792887
vt -2.32113703 4.03632141
vt 4.03632141 -6.87792887
vt -2.28984809 -6.87792887
vt -2.28984809 2.47185579
vt -2.28984809 -6.87792887
vt -2.28984809 4.03632141
vt -2.03953284 -6.87792887
vt -2.03953284 2.47185579
vt 2.47185579 -6.87792887
vt -2.03953284 -6.87792887
vt -2.03953284 4.03632141
vt 4.03632141 -6.87792887
vt 1.99117149 -6.87521717
vt 1.99117149 2.47185579
vt 1.99117149 -6.87521717
vt 1.99117149 4.03632141
vt -1.99904204 -6.87259872
vt 2.47185579 -6.87259872
vt -1.99904204 -6.87259872
vt 4.03632141 -6.87259872
vt 1.95810521 -6.86364677
vt 1.95810521 2.47185579
vt 1.95810521 -6.86364677
vt 1.95810521 4.03632141
vt -1.96130956 -6.85697011
vt 2.47185579 -6.85697011
vt -1.96130956 -6.85697011
vt 4.03632141 -6.85697011
vt 1.92844254 -6.84500806
vt 1.92844254 2.47185579
vt 1.92844254 -6.84500806
vt 1.92844254 4.03632141
vt -1.92890909 -6.83210606
vt 2.47185579 -6.83210606
vt -1.92890909 -6.83210606
vt 4.03632141 -6.83210606
vt 1.90366988 -6.82023353
vt 1.90366988 2.47185579
vt 1.90366988 -6.82023353
vt 1.90366988 4.03632141
vt -1.90404691 -6.79970745
vt 2.47185579 -6.79970745
vt -1.90404691 -6.79970745
vt 4.03632141 -6.79970745
vt 1.88503117 -6.79057273
vt 1.88503117 2.47185579
vt 1.88503117 -6.79057273
vt 1.88503117 4.03632141
vt -1.88841829 -6.76197497
vt 2.47185579 -6.76197497
vt -1.88841829 -6.76197497
vt 4.03632141 -6.76197497
vt 1.87346077 -6.75750645
vt 1.87346077 2.47185579
vt 1.87346077 -6.75750645
vt 1.87346077 4.03632141
vt 1.8695387 -6.72269082
vt 1.8695387 2.47185579
vt 2.47185579 -6.72269082
vt 1.8695387 -6.72269082
vt 1.8695387 4.03632141
vt 4.03632141 -6.72269082
vt -1.88308628 -6.7214823
vt 2.47185579 -6.7214823
vt -1.88308628 -6.7214823
vt 4.03632141 -6.7214823
vt 2.02598526 -6.68366776
vt 2.02598526 2.47185579
vt 2.02598526 -6.68366776
vt 2.02598526 4.03632141
vt -2.03953284 -6.68245925
vt -2.03953284 2.47185579
vt -2.03953284 -6.68245925
vt -2.03953284 4.03632141
vt 3.20028749 -6.63975471
vt 3.20028749 1.22028329
vt 3.20028749 -6.63975471
vt 3.20028749 4.03632141
vt -3.21383694 -6.63854246
vt -3.21383694 1.22028329
vt -3.21383694 -6.63854246
vt -3.21383694 4.03632141
vt 1.92429481 -6.62495787
vt 1.92429481 2.47185579
vt 2.47185579 -6.62495787
vt 1.92429481 -6.62495787
vt 1.92429481 4.03632141
vt 4.03632141 -6.62495787
vt 2.12767571 -6.62495787
vt 2.12767571 2.47185579
vt 2.47185579 -6.62495787
vt 2.12767571 -6.62495787
vt 2.12767571 4.03632141
vt 4.03632141 -6.62495787
vt -2.1412233 -6.62374563
vt -2.1412233 2.47185579
vt 2.47185579 -6.62374563
vt -2.1412233 -6.62374563
vt -2.1412233 4.03632141
vt 4.03632141 -6.62374563
vt -1.93784239 -6.62374563
vt -1.93784239 2.47185579
vt 2.47185579 -6.62374563
vt -1.93784239 -6.62374563
vt -1.93784239 4.03632141
vt 4.03632141 -6.62374563
vt 1.22028329 -6.58104109
vt 3.09859703 -6.58104109
vt 3.09859703 1.22028329
vt 3.09859703 -6.58104109
vt 3.09859703 4.03632141
vt 4.03632141 -6.58104109
vt 1.22028329 -6.58104109
vt 3.30197794 -6.58104109
vt 3.30197794 1.22028329
vt 3.30197794 -6.58104109
vt 3.30197794 4.03632141
vt 4.03632141 -6.58104109
vt -3.31552739 -6.57983257
vt -3.31552739 1.22028329
vt 1.22028329 -6.57983257
vt -3.31552739 -6.57983257
vt -3.31552739 4.03632141
vt 4.03632141 -6.57983257
vt -3.11214648 -6.57983257
vt -3.11214648 1.22028329
vt 1.22028329 -6.57983257
vt -3.11214648 -6.57983257
vt -3.11214648 4.03632141
vt 4.03632141 -6.57983257
vt 1.92429481 -6.50753437
vt 1.92429481 2.47185579
vt 2.47185579 -6.50753437
vt 1.92429481 -6.50753437
vt 1.92429481 4.03632141
vt 4.03632141 -6.50753437
vt 2.12767571 -6.50753437
vt 2.12767571 2.47185579
vt 2.47185579 -6.50753437
vt 2.12767571 -6.50753437
vt 2.12767571 4.03632141
vt 4.03632141 -6.50753437
vt -2.1412233 -6.50632585
vt -2.1412233 2.47185579
vt 2.47185579 -6.50632585
vt -2.1412233 -6.50632585
vt -2.1412233 4.03632141
vt 4.03632141 -6.50632585
vt -1.93784239 -6.50632585
vt -1.93784239 2.47185579
vt 2.47185579 -6.50632585
vt -1.93784239 -6.50632585
vt -1.93784239 4.03632141
vt 4.03632141 -6.50632585
vt 3.65042896 -6.49280467
vt 3.65042896 1.22028329
vt 3.65042896 -6.49280467
vt 3.65042896 4.03632141
vt -3.66397841 -6.49159243
vt -3.66397841 1.22028329
vt -3.66397841 -6.49159243
vt -3.66397841 4.03632141
vt 3.60994003 -6.4874708
vt 3.60994003 1.22028329
vt 3.60994003 -6.4874708
vt 3.60994003 4.03632141
vt 3.69092163 -6.4874708
vt 3.69092163 1.22028329
vt 3.69092163 -6.4874708
vt 3.69092163 4.03632141
vt -3.70446922 -6.48626229
vt -3.70446922 1.22028329
vt -3.70446922 -6.48626229
vt -3.70446922 4.03632141
vt -3.62348761 -6.48626229
vt -3.62348761 1.22028329
vt -3.62348761 -6.48626229
vt -3.62348761 4.03632141
vt 1.97905092 -6.47592278
vt 1.97905092 2.47185579
vt 2.47185579 -6.47592278
vt 1.97905092 -6.47592278
vt 1.97905092 4.03632141
vt 4.03632141 -6.47592278
vt 2.0729196 -6.47592278
vt 2.0729196 2.47185579
vt 2.47185579 -6.47592278
vt 2.0729196 -6.47592278
vt 2.0729196 4.03632141
vt 4.03632141 -6.47592278
vt -2.08646719 -6.47471054
vt -2.08646719 2.47185579
vt 2.47185579 -6.47471054
vt -2.08646719 -6.47471054
vt -2.08646719 4.03632141
vt 4.03632141 -6.47471054
vt -1.99260037 -6.47471054
vt -1.99260037 2.47185579
vt 2.47185579 -6.47471054
vt -1.99260037 -6.47471054
vt -1.99260037 4.03632141
vt 4.03632141 -6.47471054
vt 3.57220755 -6.47184218
vt 3.57220755 1.22028329
vt 3.57220755 -6.47184218
vt 3.57220755 4.03632141
vt 3.72865411 -6.47184218
vt 3.72865411 1.22028329
vt 3.72865411 -6.47184218
vt 3.72865411 4.03632141
vt -3.7422017 -6.47063367
vt -3.7422017 1.22028329
vt -3.7422017 -6.47063367
vt -3.7422017 4.03632141
vt -3.58575513 -6.47063367
vt -3.58575513 1.22028329
vt -3.58575513 -6.47063367
vt -3.58575513 4.03632141
vt 1.22028329 -6.46362131
vt 3.09859703 -6.46362131
vt 3.09859703 1.22028329
vt 3.09859703 -6.46362131
vt 3.09859703 4.03632141
vt 4.03632141 -6.46362131
vt 1.22028329 -6.46362131
vt 3.30197794 -6.46362131
vt 3.30197794 1.22028329
vt 3.30197794 -6.46362131
vt 3.30197794 4.03632141
vt 4.03632141 -6.46362131
vt -3.31552739 -6.46240906
vt -3.31552739 1.22028329
vt 1.22028329 -6.46240906
vt -3.31552739 -6.46240906
vt -3.31552739 4.03632141
vt 4.03632141 -6.46240906
vt -3.11214648 -6.46240906
vt -3.11214648 1.22028329
vt 1.22028329 -6.46240906
vt -3.11214648 -6.46240906
vt -3.11214648 4.03632141
vt 4.03632141 -6.46240906
vt 1.22028329 -6.44698187
vt 3.53980521 -6.44698187
vt 3.53980521 1.22028329
vt 3.53980521 -6.44698187
vt 3.53980521 4.03632141
vt 4.03632141 -6.44698187
vt 1.22028329 -6.44698187
vt 3.76105272 -6.44698187
vt 3.76105272 1.22028329
vt 3.76105272 -6.44698187
vt 3.76105272 4.03632141
vt 4.03632141 -6.44698187
vt -3.77460217 -6.44576962
vt -3.77460217 1.22028329
vt -3.77460217 -6.44576962
vt -3.77460217 4.03632141
vt -3.55335466 -6.44576962
vt -3.55335466 1.22028329
vt -3.55335466 -6.44576962
vt -3.55335466 4.03632141
vt 1.8695387 -6.40979769
vt 2.47185579 -6.40979769
vt 1.8695387 -6.40979769
vt 4.03632141 -6.40979769
vt -1.88308628 -6.40858918
vt -1.88308628 2.47185579
vt 2.47185579 -6.40858918
vt -1.88308628 -6.40858918
vt -1.88308628 4.03632141
vt 4.03632141 -6.40858918
vt 3.20028749 -6.40490769
vt 3.20028749 1.22028329
vt 3.20028749 -6.40490769
vt 3.20028749 4.03632141
vt -3.21383694 -6.40369917
vt -3.21383694 1.22028329
vt -3.21383694 -6.40369917
vt -3.21383694 4.03632141
vt 1.87452754 -6.37060679
vt 2.47185579 -6.37060679
vt 1.87452754 -6.37060679
vt 4.03632141 -6.37060679
vt -1.88807513 -6.36939455
vt -1.88807513 2.47185579
vt -1.88807513 -6.36939455
vt -1.88807513 4.03632141
vt 1.22028329 -6.35848062
vt 3.84955396 -6.35848062
vt 3.84955396 1.22028329
vt 3.84955396 -6.35848062
vt 3.84955396 4.03632141
vt 4.03632141 -6.35848062
vt 4.07080147 -6.35848062
vt 4.07080147 1.22028329
vt 4.07080147 -6.35848062
vt 4.07080147 4.03632141
vt -4.08435092 -6.35727211
vt -4.08435092 1.22028329
vt -4.08435092 -6.35727211
vt -4.08435092 4.03632141
vt -3.86310341 -6.35727211
vt -3.86310341 1.22028329
vt -3.86310341 -6.35727211
vt -3.86310341 4.03632141
vt 1.88917518 -6.33391124
vt 2.47185579 -6.33391124
vt 1.88917518 -6.33391124
vt 4.03632141 -6.33391124
vt 3.8819563 -6.33362031
vt 3.8819563 1.22028329
vt 3.8819563 -6.33362031
vt 3.8819563 4.03632141
vt 4.03840286 -6.33362031
vt 4.03840286 1.22028329
vt 4.03840286 -6.33362031
vt 4.03840286 4.03632141
vt -1.90272463 -6.33270273
vt -1.90272463 2.47185579
vt -1.90272463 -6.33270273
vt -1.90272463 4.03632141
vt -4.05195045 -6.33240806
vt -4.05195045 1.22028329
vt -4.05195045 -6.33240806
vt -4.05195045 4.03632141
vt -3.89550388 -6.33240806
vt -3.89550388 1.22028329
vt -3.89550388 -6.33240806
vt -3.89550388 4.03632141
vt 3.91968878 -6.31799169
vt 3.91968878 1.22028329
vt 3.91968878 -6.31799169
vt 3.91968878 4.03632141
vt 4.00067038 -6.31799169
vt 4.00067038 1.22028329
vt 4.00067038 -6.31799169
vt 4.00067038 4.03632141
vt -4.01421797 -6.31677944
vt -4.01421797 1.22028329
vt -4.01421797 -6.31677944
vt -4.01421797 4.03632141
vt -3.93323636 -6.31677944
vt -3.93323636 1.22028329
vt -3.93323636 -6.31677944
vt -3.93323636 4.03632141
vt 3.96017772 -6.31265782
vt 3.96017772 1.22028329
vt 3.96017772 -6.31265782
vt 3.96017772 4.03632141
vt -3.97372717 -6.3114493
vt -3.97372717 1.22028329
vt -3.97372717 -6.3114493
vt -3.97372717 4.03632141
vt 1.91255096 -6.30205721
vt 2.47185579 -6.30205721
vt 1.91255096 -6.30205721
vt 4.03632141 -6.30205721
vt -1.92609855 -6.3008487
vt -1.92609855 2.47185579
vt -1.92609855 -6.3008487
vt -1.92609855 4.03632141
vt 1.22028329 -6.29917394
vt 3.39199728 -6.29917394
vt 3.39199728 1.22028329
vt 3.39199728 -6.29917394
vt 3.39199728 4.03632141
vt 4.03632141 -6.29917394
vt -3.40554673 -6.29796542
vt -3.40554673 1.22028329
vt -3.40554673 -6.29796542
vt -3.40554673 4.03632141
vt 3.36828953 -6.27971836
vt 3.36828953 1.22028329
vt 3.36828953 -6.27971836
vt 3.36828953 4.03632141
vt -3.38183898 -6.27850985
vt -3.38183898 1.22028329
vt -3.38183898 -6.27850985
vt -3.38183898 4.03632141
vt 1.94315918 -6.2770738
vt 2.47185579 -6.2770738
vt 1.94315918 -6.2770738
vt 4.03632141 -6.2770738
vt -1.95670863 -6.27586529
vt -1.95670863 2.47185579
vt -1.95670863 -6.27586529
vt -1.95670863 4.03632141
vt 3.34124344 -6.26526096
vt 3.34124344 1.22028329
vt 3.34124344 -6.26526096
vt 3.34124344 4.03632141
vt -3.35479289 -6.26405244
vt -3.35479289 1.22028329
vt -3.35479289 -6.26405244
vt -3.35479289 4.03632141
vt 1.97905092 -6.26055745
vt 2.47185579 -6.26055745
vt 1.97905092 -6.26055745
vt 4.03632141 -6.26055745
vt -1.99260037 -6.25934894
vt -1.99260037 2.47185579
vt 2.47185579 -6.25934894
vt -1.99260037 -6.25934894
vt -1.99260037 4.03632141
vt 4.03632141 -6.25934894
vt 3.31189596 -6.25635749
vt 3.31189596 1.22028329
vt 3.31189596 -6.25635749
vt 3.31189596 4.03632141
vt -3.32544354 -6.25514898
vt -3.32544354 1.22028329
vt -3.32544354 -6.25514898
vt -3.32544354 4.03632141
vt 2.0729196 -6.25335113
vt 2.0729196 2.47185579
vt 2.47185579 -6.25335113
vt 2.0729196 -6.25335113
vt 2.0729196 4.03632141
vt 4.03632141 -6.25335113
vt 1.22028329 -6.25335113
vt 3.07910416 -6.25335113
vt 3.07910416 1.22028329
vt 2.47185579 -6.25335113
vt 3.07910416 -6.25335113
vt 3.07910416 2.47185579
vt 3.28137353 -6.25335113
vt 3.28137353 1.22028329
vt 3.28137353 -6.25335113
vt 3.28137353 4.03632141
vt -3.29492298 -6.25214262
vt -3.29492298 1.22028329
vt -3.29492298 -6.25214262
vt -3.29492298 4.03632141
vt -3.09265361 -6.25214262
vt -3.09265361 1.22028329
vt 1.22028329 -6.25214262
vt -3.09265361 -6.25214262
vt -3.09265361 2.47185579
vt 2.47185579 -6.25214262
vt -2.08646719 -6.25214262
vt -2.08646719 2.47185579
vt 2.47185579 -6.25214262
vt -2.08646719 -6.25214262
vt -2.08646719 4.03632141
vt 4.03632141 -6.25214262
vt 7.20329112 -4.88210221
vt 7.20329112 1.22028329
vt 3.74574849 -4.88210221
vt 7.20329112 3.74574849
vt 7.23832682 -4.88210221
vt 7.23832682 1.22028329
vt 3.6854832 -4.88210221
vt 7.23832682 3.6854832
vt 7.16913942 -4.87430656
vt 7.16913942 1.22028329
vt 3.80449941 -4.87430656
vt 7.16913942 3.80449941
vt 7.27247852 -4.87430656
vt 7.27247852 1.22028329
vt 3.62672855 -4.87430656
vt 7.27247852 3.62672855
vt -7.22201965 -4.86953964
vt -7.22201965 1.22028329
vt -7.22201965 3.71561398
vt 3.71561398 -4.86953964
vt -7.26251045 -4.86420577
vt -7.26251045 1.22028329
vt -7.26251045 3.64596033
vt 3.64596033 -4.86420577
vt -7.18152698 -4.86420577
vt -7.18152698 1.22028329
vt -7.18152698 3.78526763
vt 3.78526763 -4.86420577
vt 7.13757633 -4.85910689
vt 7.13757633 1.22028329
vt 3.85879673 -4.85910689
vt 7.13757633 3.85879673
vt 7.30404535 -4.85910689
vt 7.30404535 1.22028329
vt 3.57243123 -4.85910689
vt 7.30404535 3.57243123
vt -7.30024293 -4.84857715
vt -7.30024293 1.22028329
vt -7.30024293 3.58105121
vt 3.58105121 -4.84857715
vt -7.14379636 -4.84857715
vt -7.14379636 1.22028329
vt -7.14379636 3.85017675
vt 3.85017675 -4.84857715
vt 1.22028329 -4.83726412
vt 7.11018335 -4.83726412
vt 7.11018335 1.22028329
vt 3.90591384 -4.83726412
vt 7.11018335 3.90591384
vt 1.22028329 -4.83726412
vt 7.33143459 -4.83726412
vt 7.33143459 1.22028329
vt 3.52531412 -4.83726412
vt 7.33143459 3.52531412
vt -7.3326434 -4.82371683
vt -7.3326434 1.22028329
vt 1.22028329 -4.82371683
vt -7.3326434 3.52531412
vt 3.52531412 -4.82371683
vt -7.11139403 -4.82371683
vt -7.11139403 1.22028329
vt 1.22028329 -4.82371683
vt -7.11139403 3.90591384
vt 3.90591384 -4.82371683
vt 4.03632141 -4.761456
vt 7.03437523 -4.761456
vt -7.03558591 -4.74790871
vt 4.03632141 -4.74790871
vt 1.22028329 -4.08435269
vt 6.35727191 -4.08435269
vt 4.03632141 -4.08435269
vt 6.35727191 -4.08435269
vt -6.35848072 -4.07080167
vt 1.22028329 -4.07080167
vt -6.35848072 -4.07080167
vt 4.03632141 -4.07080167
vt 1.22028329 -4.05195035
vt 6.33240787 -4.05195035
vt 4.03632141 -4.05195035
vt 6.33240787 -4.05195035
vt -6.33361854 -4.03840306
vt 1.22028329 -4.03840306
vt -6.33361854 -4.03840306
vt 4.03632141 -4.03840306
vt 1.22028329 -4.01421787
vt 6.31677925 -4.01421787
vt 4.03632141 -4.01421787
vt 6.31677925 -4.01421787
vt -6.31798992 -4.00067058
vt 1.22028329 -4.00067058
vt -6.31798992 -4.00067058
vt 4.03632141 -4.00067058
vt 1.22028329 -3.9737252
vt 6.31144911 -3.9737252
vt 4.03632141 -3.9737252
vt 6.31144911 -3.9737252
vt -6.31265978 -3.96017791
vt 1.22028329 -3.96017791
vt -6.31265978 -3.96017791
vt 4.03632141 -3.96017791
vt 1.22028329 -3.93323626
vt 6.31677925 -3.93323626
vt 4.03632141 -3.93323626
vt 6.31677925 -3.93323626
vt -6.31798992 -3.91968525
vt 1.22028329 -3.91968525
vt -6.31798992 -3.91968525
vt 4.03632141 -3.91968525
vt 1.22028329 -3.89550378
vt 6.33240787 -3.89550378
vt 4.03632141 -3.89550378
vt 6.33240787 -3.89550378
vt -6.33361854 -3.8819565
vt 1.22028329 -3.8819565
vt -6.33361854 -3.8819565
vt 4.03632141 -3.8819565
vt 1.22028329 -3.86310145
vt 6.35727191 -3.86310145
vt 4.03632141 -3.86310145
vt 6.35727191 -3.86310145
vt -6.35848072 -3.84955416
vt 1.22028329 -3.84955416
vt -6.35848072 -3.84955416
vt 4.03632141 -3.84955416
vt 1.22028329 -3.77460393
vt 6.44576943 -3.77460393
vt 4.03632141 -3.77460393
vt 6.44576943 -3.77460393
vt -6.44698197 -3.76105292
vt 1.22028329 -3.76105292
vt -6.44698197 -3.76105292
vt 4.03632141 -3.76105292
vt 1.22028329 -3.75314536
vt 8.41555335 -3.75314536
vt 1.66038366 -3.75314536
vt 1.22028329 -3.7422016
vt 6.47063347 -3.7422016
vt 4.03632141 -3.7422016
vt 6.47063347 -3.7422016
vt -8.41676403 -3.73959434
vt 1.22028329 -3.73959434
vt 1.66038366 -3.73959434
vt -6.47184415 -3.72865431
vt 1.22028329 -3.72865431
vt -6.47184415 -3.72865431
vt 4.03632141 -3.72865431
vt 1.60300911 -3.71706153
vt 1.22028329 -3.70446912
vt 6.48626209 -3.70446912
vt 4.03632141 -3.70446912
vt 6.48626209 -3.70446912
vt 1.60300911 -3.70351424
vt -6.48747277 -3.69092183
vt 1.22028329 -3.69092183
vt -6.48747277 -3.69092183
vt 4.03632141 -3.69092183
vt 1.22028329 -3.67847488
vt 8.47932856 -3.67847488
vt 1.55067748 -3.67847488
vt -8.48053737 -3.66492759
vt 1.22028329 -3.66492759
vt 1.55067748 -3.66492759
vt 1.22028329 -3.66398018
vt 6.49159223 -3.66398018
vt 4.03632141 -3.66398018
vt 6.49159223 -3.66398018
vt -6.49280291 -3.65042916
vt 1.22028329 -3.65042916
vt -6.49280291 -3.65042916
vt 4.03632141 -3.65042916
vt 1.50371703 -3.63762041
vt 1.50371703 -3.62406939
vt 1.22028329 -3.62348751
vt 6.48626209 -3.62348751
vt 4.03632141 -3.62348751
vt 6.48626209 -3.62348751
vt -6.48747277 -3.6099365
vt 1.22028329 -3.6099365
vt -6.48747277 -3.6099365
vt 4.03632141 -3.6099365
vt 1.22028329 -3.59474802
vt 8.53063444 -3.59474802
vt 1.46241869 -3.59474802
vt 1.22028329 -3.58575503
vt 6.47063347 -3.58575503
vt 4.03632141 -3.58575503
vt 6.47063347 -3.58575503
vt -8.53184698 -3.581197
vt 1.22028329 -3.581197
vt 1.46241869 -3.581197
vt -6.47184415 -3.57220774
vt 1.22028329 -3.57220774
vt -6.47184415 -3.57220774
vt 4.03632141 -3.57220774
vt 1.22028329 -3.55335269
vt 6.44576943 -3.55335269
vt 4.03632141 -3.55335269
vt 6.44576943 -3.55335269
vt 1.42702864 -3.55012626
vt -6.44698197 -3.53980541
vt 1.22028329 -3.53980541
vt -6.44698197 -3.53980541
vt 4.03632141 -3.53980541
vt 1.42702864 -3.53657524
vt 1.22028329 -3.50402371
vt 8.56821399 -3.50402371
vt 1.3977744 -3.50402371
vt -8.56942466 -3.49047642
vt 1.22028329 -3.49047642
vt 1.3977744 -3.49047642
vt 1.37483129 -3.45673502
vt 1.37483129 -3.443184
vt 1.22028329 -3.40853994
vt 8.59113845 -3.40853994
vt 1.35834105 -3.40853994
vt 1.22028329 -3.4055485
vt 6.29796523 -3.4055485
vt 4.03632141 -3.4055485
vt 6.29796523 -3.4055485
vt -8.59234912 -3.39499265
vt 1.22028329 -3.39499265
vt 1.35834105 -3.39499265
vt -6.29917404 -3.39199748
vt 1.22028329 -3.39199748
vt -6.29917404 -3.39199748
vt 4.03632141 -3.39199748
vt 1.22028329 -3.38184074
vt 6.27850965 -3.38184074
vt 4.03632141 -3.38184074
vt 6.27850965 -3.38184074
vt -6.27971846 -3.36828972
vt 1.22028329 -3.36828972
vt -6.27971846 -3.36828972
vt 4.03632141 -3.36828972
vt 1.34840438 -3.35974434
vt 1.22028329 -3.35479092
vt 6.26405225 -3.35479092
vt 4.03632141 -3.35479092
vt 6.26405225 -3.35479092
vt 1.34840438 -3.34619705
vt -6.26526106 -3.34124364
vt 1.22028329 -3.34124364
vt -6.26526106 -3.34124364
vt 4.03632141 -3.34124364
vt 1.22028329 -3.32544344
vt 6.25514878 -3.32544344
vt 4.03632141 -3.32544344
vt 6.25514878 -3.32544344
vt 1.22028329 -3.31552915
vt 6.46240887 -3.31552915
vt 6.46240887 1.22028329
vt 4.03632141 -3.31552915
vt 6.46240887 -3.31552915
vt 6.46240887 4.03632141
vt 1.22028329 -3.31552915
vt 6.57983238 -3.31552915
vt 6.57983238 1.22028329
vt 4.03632141 -3.31552915
vt 6.57983238 -3.31552915
vt 6.57983238 4.03632141
vt -6.25635759 -3.31189615
vt 1.22028329 -3.31189615
vt -6.25635759 -3.31189615
vt 4.03632141 -3.31189615
vt 1.22028329 -3.31064661
vt 8.59884459 -3.31064661
vt 1.3450847 -3.31064661
vt -6.58104119 -3.30197813
vt -6.58104119 1.22028329
vt 1.22028329 -3.30197813
vt -6.58104119 -3.30197813
vt -6.58104119 4.03632141
vt 4.03632141 -3.30197813
vt -6.46361954 -3.30197813
vt -6.46361954 1.22028329
vt 1.22028329 -3.30197813
vt -6.46361954 -3.30197813
vt -6.46361954 4.03632141
vt 4.03632141 -3.30197813
vt -8.6000534 -3.29709932
vt 1.22028329 -3.29709932
vt 1.3450847 -3.29709932
vt 1.22028329 -3.29492101
vt 6.25214242 -3.29492101
vt 4.03632141 -3.29492101
vt 6.25214242 -3.29492101
vt -6.2533531 -3.28137372
vt 1.22028329 -3.28137372
vt -6.2533531 -3.28137372
vt 4.03632141 -3.28137372
vt 1.22028329 -3.2138387
vt 6.40369898 -3.2138387
vt 4.03632141 -3.2138387
vt 6.40369898 -3.2138387
vt 1.22028329 -3.2138387
vt 6.63854227 -3.2138387
vt 4.03632141 -3.2138387
vt 6.63854227 -3.2138387
vt -6.63975294 -3.20028768
vt 1.22028329 -3.20028768
vt -6.63975294 -3.20028768
vt 4.03632141 -3.20028768
vt -6.40490965 -3.20028768
vt 1.22028329 -3.20028768
vt -6.40490965 -3.20028768
vt 4.03632141 -3.20028768
vt 1.22028329 -3.11214825
vt 6.46240887 -3.11214825
vt 6.46240887 1.22028329
vt 4.03632141 -3.11214825
vt 6.46240887 -3.11214825
vt 6.46240887 4.03632141
vt 1.22028329 -3.11214825
vt 6.57983238 -3.11214825
vt 6.57983238 1.22028329
vt 4.03632141 -3.11214825
vt 6.57983238 -3.11214825
vt 6.57983238 4.03632141
vt 1.22028329 -3.10004446
vt 8.59884459 -3.10004446
vt 1.3450847 -3.10004446
vt -6.58104119 -3.09859723
vt -6.58104119 1.22028329
vt 1.22028329 -3.09859723
vt -6.58104119 -3.09859723
vt -6.58104119 4.03632141
vt 4.03632141 -3.09859723
vt -6.46361954 -3.09859723
vt -6.46361954 1.22028329
vt 1.22028329 -3.09859723
vt -6.46361954 -3.09859723
vt -6.46361954 4.03632141
vt 4.03632141 -3.09859723
vt 1.22028329 -3.09265537
vt 6.25214242 -3.09265537
vt 6.25214242 1.22028329
vt 2.47185579 -3.09265537
vt 6.25214242 -3.09265537
vt 6.25214242 2.47185579
vt 1.22028329 -3.09265537
vt 7.66016148 -3.09265537
vt 7.66016148 1.22028329
vt 2.47185579 -3.09265537
vt 7.66016148 -3.09265537
vt 7.66016148 2.47185579
vt -8.6000534 -3.08649717
vt 1.22028329 -3.08649717
vt 1.3450847 -3.08649717
vt 1.34640512 -3.08458369
vt -7.66137216 -3.07910435
vt -7.66137216 1.22028329
vt 1.22028329 -3.07910435
vt -7.66137216 -3.07910435
vt -7.66137216 2.47185579
vt 2.47185579 -3.07910435
vt -6.2533531 -3.07910435
vt -6.2533531 1.22028329
vt 1.22028329 -3.07910435
vt -6.2533531 -3.07910435
vt -6.2533531 2.47185579
vt 2.47185579 -3.07910435
vt 1.34640512 -3.07103268
vt 1.22028329 -3.06927213
vt 8.595786 -3.06927213
vt 1.35034397 -3.06927213
vt -8.59699668 -3.05572111
vt 1.22028329 -3.05572111
vt 1.35034397 -3.05572111
vt 1.35686771 -3.05425895
vt 1.35686771 -3.04071167
vt 1.22028329 -3.03969711
vt 8.58673707 -3.03969711
vt 1.36591291 -3.03969711
vt -8.58794588 -3.02614982
vt 1.22028329 -3.02614982
vt 1.36591291 -3.02614982
vt 1.22028329 -3.01248691
vt 8.57204468 -3.01248691
vt 1.39118353 -3.01248691
vt -8.57325535 -2.99893589
vt 1.22028329 -2.99893589
vt 1.39118353 -2.99893589
vt 1.22028329 -2.98869336
vt 8.55228697 -2.98869336
vt 8.55228697 1.22028329
vt 1.42517111 -2.98869336
vt 8.55228697 1.42517111
vt -8.55349765 -2.97514234
vt -8.55349765 1.22028329
vt 1.22028329 -2.97514234
vt -8.55349765 1.42517111
vt 1.42517111 -2.97514234
vt 8.17519716 -2.61654577
vt 8.17519716 1.22028329
vt 2.07385198 -2.61654577
vt 8.17519716 2.07385198
vt -8.17640597 -2.60299848
vt -8.17640597 1.22028329
vt -8.17640597 2.07385198
vt 2.07385198 -2.60299848
vt 8.1429291 -2.59206964
vt 8.1429291 1.22028329
vt 2.12935781 -2.59206964
vt 8.1429291 2.12935781
vt -8.14414164 -2.57852235
vt -8.14414164 1.22028329
vt -8.14414164 2.12935781
vt 2.12935781 -2.57852235
vt 8.10546145 -2.57669466
vt 8.10546145 1.22028329
vt 2.19381187 -2.57669466
vt 8.10546145 2.19381187
vt 2.47185579 -2.57145404
vt 7.03437523 -2.57145404
vt 7.03437523 2.47185579
vt 4.03632141 -2.57145404
vt 7.03437523 -2.57145404
vt 7.03437523 4.03632141
vt 1.22028329 -2.57145404
vt 7.66016148 -2.57145404
vt 7.66016148 1.22028329
vt 2.47185579 -2.57145404
vt 7.66016148 -2.57145404
vt 7.66016148 2.47185579
vt 8.06530448 -2.57145404
vt 8.06530448 1.22028329
vt 2.26289111 -2.57145404
vt 8.06530448 2.26289111
vt 2.47185579 -2.56612017
vt 6.99388257 -2.56612017
vt 4.03632141 -2.56612017
vt 6.99388257 -2.56612017
vt -8.10667399 -2.56314737
vt -8.10667399 1.22028329
vt -8.10667399 2.19381187
vt 2.19381187 -2.56314737
vt -8.06651515 -2.55790302
vt -8.06651515 1.22028329
vt -8.06651515 2.26289111
vt 2.26289111 -2.55790302
vt -7.66137216 -2.55790302
vt -7.66137216 1.22028329
vt 1.22028329 -2.55790302
vt -7.66137216 -2.55790302
vt -7.66137216 2.47185579
vt 2.47185579 -2.55790302
vt -7.03558591 -2.55790302
vt -7.03558591 2.47185579
vt -7.03558591 -2.55790302
vt -7.03558591 4.03632141
vt 4.03632141 -2.55790302
vt -6.99509511 -2.55257288
vt -6.99509511 2.47185579
vt -6.99509511 -2.55257288
vt -6.99509511 4.03632141
vt 2.47185579 -2.55049155
vt 6.95615382 -2.55049155
vt 4.03632141 -2.55049155
vt 6.95615382 -2.55049155
vt -6.95736263 -2.53694426
vt -6.95736263 2.47185579
vt -6.95736263 -2.53694426
vt -6.95736263 4.03632141
vt 2.47185579 -2.52563123
vt 6.92375148 -2.52563123
vt 4.03632141 -2.52563123
vt 6.92375148 -2.52563123
vt -6.92496215 -2.51208021
vt -6.92496215 2.47185579
vt -6.92496215 -2.51208021
vt -6.92496215 4.03632141
vt 2.47185579 -2.49322889
vt 6.89888743 -2.49322889
vt 4.03632141 -2.49322889
vt 6.89888743 -2.49322889
vt -6.9000981 -2.4796816
vt -6.9000981 2.47185579
vt -6.9000981 -2.4796816
vt -6.9000981 4.03632141
vt 2.47185579 -2.45549641
vt 6.88325881 -2.45549641
vt 4.03632141 -2.45549641
vt 6.88325881 -2.45549641
vt -6.88446949 -2.44194912
vt -6.88446949 2.47185579
vt -6.88446949 -2.44194912
vt -6.88446949 4.03632141
vt 2.47185579 -2.41500748
vt 6.87792867 -2.41500748
vt 4.03632141 -2.41500748
vt 6.87792867 -2.41500748
vt -6.87913934 -2.40145646
vt -6.87913934 2.47185579
vt 2.47185579 -2.40145646
vt -6.87913934 -2.40145646
vt -6.87913934 4.03632141
vt 4.03632141 -2.40145646
vt 2.47185579 -2.32113879
vt 6.87792867 -2.32113879
vt 6.87792867 2.47185579
vt 4.03632141 -2.32113879
vt 6.87792867 -2.32113879
vt 6.87792867 4.03632141
vt 2.47185579 -2.32113879
vt 6.88108796 -2.32113879
vt 6.88108796 2.47185579
vt 4.03632141 -2.32113879
vt 6.88108796 -2.32113879
vt 6.88108796 4.03632141
vt -6.8823005 -2.30758778
vt -6.8823005 2.47185579
vt 2.47185579 -2.30758778
vt -6.8823005 -2.30758778
vt -6.8823005 4.03632141
vt 4.03632141 -2.30758778
vt -6.87913934 -2.30758778
vt -6.87913934 2.47185579
vt 2.47185579 -2.30758778
vt -6.87913934 -2.30758778
vt -6.87913934 4.03632141
vt 4.03632141 -2.30758778
vt 2.47185579 -2.28984799
vt 6.87792867 -2.28984799
vt 4.03632141 -2.28984799
vt 6.87792867 -2.28984799
vt -6.87913934 -2.2763007
vt 2.47185579 -2.2763007
vt -6.87913934 -2.2763007
vt 4.03632141 -2.2763007
vt 2.47185579 -2.1412232
vt 6.50632566 -2.1412232
vt 6.50632566 2.47185579
vt 4.03632141 -2.1412232
vt 6.50632566 -2.1412232
vt 6.50632566 4.03632141
vt 2.47185579 -2.1412232
vt 6.62374543 -2.1412232
vt 6.62374543 2.47185579
vt 4.03632141 -2.1412232
vt 6.62374543 -2.1412232
vt 6.62374543 4.03632141
vt -6.62495611 -2.12767591
vt -6.62495611 2.47185579
vt 2.47185579 -2.12767591
vt -6.62495611 -2.12767591
vt -6.62495611 4.03632141
vt 4.03632141 -2.12767591
vt -6.50753447 -2.12767591
vt -6.50753447 2.47185579
vt 2.47185579 -2.12767591
vt -6.50753447 -2.12767591
vt -6.50753447 4.03632141
vt 4.03632141 -2.12767591
vt 2.47185579 -2.08646708
vt 6.25214242 -2.08646708
vt 6.25214242 2.47185579
vt 4.03632141 -2.08646708
vt 6.25214242 -2.08646708
vt 6.25214242 4.03632141
vt 2.47185579 -2.08646708
vt 6.47471034 -2.08646708
vt 6.47471034 2.47185579
vt 4.03632141 -2.08646708
vt 6.47471034 -2.08646708
vt 6.47471034 4.03632141
vt -6.47592102 -2.0729198
vt -6.47592102 2.47185579
vt 2.47185579 -2.0729198
vt -6.47592102 -2.0729198
vt -6.47592102 4.03632141
vt 4.03632141 -2.0729198
vt -6.2533531 -2.0729198
vt -6.2533531 2.47185579
vt 2.47185579 -2.0729198
vt -6.2533531 -2.0729198
vt -6.2533531 4.03632141
vt 4.03632141 -2.0729198
vt 2.47185579 -2.03953274
vt 6.68245905 -2.03953274
vt 4.03632141 -2.03953274
vt 6.68245905 -2.03953274
vt 2.47185579 -2.03953274
vt 6.87792867 -2.03953274
vt 6.87792867 2.47185579
vt 4.03632141 -2.03953274
vt 6.87792867 -2.03953274
vt 6.87792867 4.03632141
vt -6.87913934 -2.02598545
vt 2.47185579 -2.02598545
vt -6.87913934 -2.02598545
vt 4.03632141 -2.02598545
vt -6.68366786 -2.02598545
vt 2.47185579 -2.02598545
vt -6.68366786 -2.02598545
vt 4.03632141 -2.02598545
vt 6.87259853 -1.99904381
vt 6.87259853 2.47185579
vt 6.87259853 -1.99904381
vt 6.87259853 4.03632141
vt 2.47185579 -1.9925984
vt 6.25934874 -1.9925984
vt 6.25934874 2.47185579
vt 4.03632141 -1.9925984
vt 6.25934874 -1.9925984
vt 6.25934874 4.03632141
vt 2.47185579 -1.9925984
vt 6.47471034 -1.9925984
vt 6.47471034 2.47185579
vt 4.03632141 -1.9925984
vt 6.47471034 -1.9925984
vt 6.47471034 4.03632141
vt -6.8738092 -1.98549279
vt 2.47185579 -1.98549279
vt -6.8738092 -1.98549279
vt 4.03632141 -1.98549279
vt -6.47592102 -1.97905111
vt -6.47592102 2.47185579
vt 2.47185579 -1.97905111
vt -6.47592102 -1.97905111
vt -6.47592102 4.03632141
vt 4.03632141 -1.97905111
vt -6.26055755 -1.97905111
vt -6.26055755 2.47185579
vt -6.26055755 -1.97905111
vt -6.26055755 4.03632141
vt 6.85696991 -1.96131133
vt 6.85696991 2.47185579
vt 6.85696991 -1.96131133
vt 6.85696991 4.03632141
vt 2.47185579 -1.95670853
vt 6.27586509 -1.95670853
vt 4.03632141 -1.95670853
vt 6.27586509 -1.95670853
vt -6.85817872 -1.94776031
vt 2.47185579 -1.94776031
vt -6.85817872 -1.94776031
vt 4.03632141 -1.94776031
vt -6.27707577 -1.94315751
vt -6.27707577 2.47185579
vt -6.27707577 -1.94315751
vt -6.27707577 4.03632141
vt 2.47185579 -1.93784229
vt 6.50632566 -1.93784229
vt 6.50632566 2.47185579
vt 4.03632141 -1.93784229
vt 6.50632566 -1.93784229
vt 6.50632566 4.03632141
vt 2.47185579 -1.93784229
vt 6.62374543 -1.93784229
vt 6.62374543 2.47185579
vt 4.03632141 -1.93784229
vt 6.62374543 -1.93784229
vt 6.62374543 4.03632141
vt 6.83210586 -1.92890899
vt 6.83210586 2.47185579
vt 6.83210586 -1.92890899
vt 6.83210586 4.03632141
vt 2.47185579 -1.92610031
vt 6.3008485 -1.92610031
vt 4.03632141 -1.92610031
vt 6.3008485 -1.92610031
vt -6.62495611 -1.924295
vt -6.62495611 2.47185579
vt 2.47185579 -1.924295
vt -6.62495611 -1.924295
vt -6.62495611 4.03632141
vt 4.03632141 -1.924295
vt -6.50753447 -1.924295
vt -6.50753447 2.47185579
vt 2.47185579 -1.924295
vt -6.50753447 -1.924295
vt -6.50753447 4.03632141
vt 4.03632141 -1.924295
vt -6.83331654 -1.9153617
vt 2.47185579 -1.9153617
vt -6.83331654 -1.9153617
vt 4.03632141 -1.9153617
vt -6.30205731 -1.9125493
vt -6.30205731 2.47185579
vt -6.30205731 -1.9125493
vt -6.30205731 4.03632141
vt 6.79970725 -1.90404494
vt 6.79970725 2.47185579
vt 6.79970725 -1.90404494
vt 6.79970725 4.03632141
vt 2.47185579 -1.90272453
vt 6.33270253 -1.90272453
vt 4.03632141 -1.90272453
vt 6.33270253 -1.90272453
vt -6.80091606 -1.89049765
vt 2.47185579 -1.89049765
vt -6.80091606 -1.89049765
vt 4.03632141 -1.89049765
vt -6.33391134 -1.88917724
vt -6.33391134 2.47185579
vt -6.33391134 -1.88917724
vt -6.33391134 4.03632141
vt 6.76197477 -1.88841632
vt 6.76197477 2.47185579
vt 6.76197477 -1.88841632
vt 6.76197477 4.03632141
vt 2.47185579 -1.88807689
vt 6.36939435 -1.88807689
vt 4.03632141 -1.88807689
vt 6.36939435 -1.88807689
vt 2.47185579 -1.88308618
vt 6.40858898 -1.88308618
vt 6.40858898 2.47185579
vt 4.03632141 -1.88308618
vt 6.40858898 -1.88308618
vt 6.40858898 4.03632141
vt 6.72148211 -1.88308618
vt 6.72148211 2.47185579
vt 6.72148211 -1.88308618
vt 6.72148211 4.03632141
vt -6.76318358 -1.87486903
vt 2.47185579 -1.87486903
vt -6.76318358 -1.87486903
vt 4.03632141 -1.87486903
vt -6.37060503 -1.87452588
vt -6.37060503 2.47185579
vt -6.37060503 -1.87452588
vt -6.37060503 4.03632141
vt -6.72269278 -1.86953889
vt -6.72269278 2.47185579
vt 2.47185579 -1.86953889
vt -6.72269278 -1.86953889
vt -6.72269278 4.03632141
vt 4.03632141 -1.86953889
vt -6.40979966 -1.86953889
vt -6.40979966 2.47185579
vt -6.40979966 -1.86953889
vt -6.40979966 4.03632141
vt 3.11630028 -1.18199893
vt 3.11206835 -1.18199893
vt 3.11630028 -1.18149825
vt 3.11206835 -1.18149825
vt 6.4097975 1.8695388
vt 6.4097975 2.47185579
vt 6.4097975 1.8695388
vt 6.4097975 4.03632141
vt 2.47185579 1.8695388
vt 6.72269062 1.8695388
vt 6.72269062 2.47185579
vt 4.03632141 1.8695388
vt 6.72269062 1.8695388
vt 6.72269062 4.03632141
vt 6.37060659 1.87452578
vt 6.37060659 2.47185579
vt 6.37060659 1.87452578
vt 6.37060659 4.03632141
vt 2.47185579 1.87486894
vt 6.76318329 1.87486894
vt 4.03632141 1.87486894
vt 6.76318329 1.87486894
vt -6.7214824 1.88308608
vt -6.7214824 2.47185579
vt -6.7214824 1.88308608
vt -6.7214824 4.03632141
vt -6.40858928 1.88308608
vt -6.40858928 2.47185579
vt 2.47185579 1.88308608
vt -6.40858928 1.88308608
vt -6.40858928 4.03632141
vt 4.03632141 1.88308608
vt -6.36939465 1.8880768
vt 2.47185579 1.8880768
vt -6.36939465 1.8880768
vt 4.03632141 1.8880768
vt -6.7619732 1.88841623
vt -6.7619732 2.47185579
vt -6.7619732 1.88841623
vt -6.7619732 4.03632141
vt 6.33391105 1.88917714
vt 6.33391105 2.47185579
vt 6.33391105 1.88917714
vt 6.33391105 4.03632141
vt 2.47185579 1.89049756
vt 6.80091577 1.89049756
vt 4.03632141 1.89049756
vt 6.80091577 1.89049756
vt -6.33270097 1.90272443
vt 2.47185579 1.90272443
vt -6.33270097 1.90272443
vt 4.03632141 1.90272443
vt -6.79970568 1.90404857
vt -6.79970568 2.47185579
vt -6.79970568 1.90404857
vt -6.79970568 4.03632141
vt 6.30205702 1.9125492
vt 6.30205702 2.47185579
vt 6.30205702 1.9125492
vt 6.30205702 4.03632141
vt 2.47185579 1.9153616
vt 6.83331811 1.9153616
vt 4.03632141 1.9153616
vt 6.83331811 1.9153616
vt 2.47185579 1.92429491
vt 6.50753417 1.92429491
vt 6.50753417 2.47185579
vt 4.03632141 1.92429491
vt 6.50753417 1.92429491
vt 6.50753417 4.03632141
vt 2.47185579 1.92429491
vt 6.62495768 1.92429491
vt 6.62495768 2.47185579
vt 4.03632141 1.92429491
vt 6.62495768 1.92429491
vt 6.62495768 4.03632141
vt -6.30084693 1.92610022
vt 2.47185579 1.92610022
vt -6.30084693 1.92610022
vt 4.03632141 1.92610022
vt -6.83210616 1.92890889
vt -6.83210616 2.47185579
vt -6.83210616 1.92890889
vt -6.83210616 4.03632141
vt -6.62374573 1.93784219
vt -6.62374573 2.47185579
vt 2.47185579 1.93784219
vt -6.62374573 1.93784219
vt -6.62374573 4.03632141
vt 4.03632141 1.93784219
vt -6.50632409 1.93784219
vt -6.50632409 2.47185579
vt 2.47185579 1.93784219
vt -6.50632409 1.93784219
vt -6.50632409 4.03632141
vt 4.03632141 1.93784219
vt 6.27707734 1.94316115
vt 6.27707734 2.47185579
vt 6.27707734 1.94316115
vt 6.27707734 4.03632141
vt 2.47185579 1.94776021
vt 6.85817842 1.94776021
vt 4.03632141 1.94776021
vt 6.85817842 1.94776021
vt -6.27586539 1.95670843
vt 2.47185579 1.95670843
vt -6.27586539 1.95670843
vt 4.03632141 1.95670843
vt -6.85696834 1.96131123
vt -6.85696834 2.47185579
vt -6.85696834 1.96131123
vt -6.85696834 4.03632141
vt 6.26055726 1.97905102
vt 6.26055726 2.47185579
vt 6.26055726 1.97905102
vt 6.26055726 4.03632141
vt 2.47185579 1.97905102
vt 6.47592259 1.97905102
vt 6.47592259 2.47185579
vt 4.03632141 1.97905102
vt 6.47592259 1.97905102
vt 6.47592259 4.03632141
vt 2.47185579 1.98549269
vt 6.87380704 1.98549269
vt 4.03632141 1.98549269
vt 6.87380704 1.98549269
vt -6.47471064 1.99259831
vt -6.47471064 2.47185579
vt 2.47185579 1.99259831
vt -6.47471064 1.99259831
vt -6.47471064 4.03632141
vt 4.03632141 1.99259831
vt -6.25934904 1.99259831
vt -6.25934904 2.47185579
vt 2.47185579 1.99259831
vt -6.25934904 1.99259831
vt -6.25934904 4.03632141
vt 4.03632141 1.99259831
vt -6.87259882 1.99904371
vt -6.87259882 2.47185579
vt -6.87259882 1.99904371
vt -6.87259882 4.03632141
vt 2.47185579 2.02598536
vt 6.68366757 2.02598536
vt 4.03632141 2.02598536
vt 6.68366757 2.02598536
vt 2.47185579 2.02598536
vt 6.87914091 2.02598536
vt 4.03632141 2.02598536
vt 6.87914091 2.02598536
vt -6.87792897 2.03953265
vt -6.87792897 2.47185579
vt 2.47185579 2.03953265
vt -6.87792897 2.03953265
vt -6.87792897 4.03632141
vt 4.03632141 2.03953265
vt -6.68245749 2.03953265
vt 2.47185579 2.03953265
vt -6.68245749 2.03953265
vt 4.03632141 2.03953265
vt 2.47185579 2.0729197
vt 6.25335093 2.0729197
vt 6.25335093 2.47185579
vt 4.03632141 2.0729197
vt 6.25335093 2.0729197
vt 6.25335093 4.03632141
vt 2.47185579 2.0729197
vt 6.47592259 2.0729197
vt 6.47592259 2.47185579
vt 4.03632141 2.0729197
vt 6.47592259 2.0729197
vt 6.47592259 4.03632141
vt -6.47471064 2.08646699
vt -6.47471064 2.47185579
vt 2.47185579 2.08646699
vt -6.47471064 2.08646699
vt -6.47471064 4.03632141
vt 4.03632141 2.08646699
vt -6.25214272 2.08646699
vt -6.25214272 2.47185579
vt 2.47185579 2.08646699
vt -6.25214272 2.08646699
vt -6.25214272 4.03632141
vt 4.03632141 2.08646699
vt 2.47185579 2.12767581
vt 6.50753417 2.12767581
vt 6.50753417 2.47185579
vt 4.03632141 2.12767581
vt 6.50753417 2.12767581
vt 6.50753417 4.03632141
vt 2.47185579 2.12767581
vt 6.62495768 2.12767581
vt 6.62495768 2.47185579
vt 4.03632141 2.12767581
vt 6.62495768 2.12767581
vt 6.62495768 4.03632141
vt -6.62374573 2.1412231
vt -6.62374573 2.47185579
vt 2.47185579 2.1412231
vt -6.62374573 2.1412231
vt -6.62374573 4.03632141
vt 4.03632141 2.1412231
vt -6.50632409 2.1412231
vt -6.50632409 2.47185579
vt 2.47185579 2.1412231
vt -6.50632409 2.1412231
vt -6.50632409 4.03632141
vt 4.03632141 2.1412231
vt 2.47185579 2.2763006
vt 6.87914091 2.2763006
vt 4.03632141 2.2763006
vt 6.87914091 2.2763006
vt -6.87792897 2.28984789
vt 2.47185579 2.28984789
vt -6.87792897 2.28984789
vt 4.03632141 2.28984789
vt 2.47185579 2.30758768
vt 6.87914091 2.30758768
vt 6.87914091 2.47185579
vt 4.03632141 2.30758768
vt 6.87914091 2.30758768
vt 6.87914091 4.03632141
vt 2.47185579 2.30758768
vt 6.88230021 2.30758768
vt 6.88230021 2.47185579
vt 4.03632141 2.30758768
vt 6.88230021 2.30758768
vt 6.88230021 4.03632141
vt -6.88109012 2.3211387
vt -6.88109012 2.47185579
vt 2.47185579 2.3211387
vt -6.88109012 2.3211387
vt -6.88109012 4.03632141
vt 4.03632141 2.3211387
vt -6.87792897 2.3211387
vt -6.87792897 2.47185579
vt 2.47185579 2.3211387
vt -6.87792897 2.3211387
vt -6.87792897 4.03632141
vt 4.03632141 2.3211387
vt 2.47185579 2.40145636
vt 6.87914091 2.40145636
vt 6.87914091 2.47185579
vt 4.03632141 2.40145636
vt 6.87914091 2.40145636
vt 6.87914091 4.03632141
vt -6.87792897 2.41500738
vt 2.47185579 2.41500738
vt -6.87792897 2.41500738
vt 4.03632141 2.41500738
vt 6.88447105 2.44194903
vt 6.88447105 2.47185579
vt 6.88447105 2.44194903
vt 6.88447105 4.03632141
vt -6.88325911 2.45549632
vt 2.47185579 2.45549632
vt -6.88325911 2.45549632
vt 4.03632141 2.45549632
vt 6.90009967 2.47185579
vt 6.90009967 2.47968151
vt 6.90009967 2.47968151
vt 6.90009967 4.03632141
vt -6.89888959 2.4932288
vt 2.47185579 2.4932288
vt -6.89888959 2.4932288
vt 4.03632141 2.4932288
vt 6.92495999 2.47185579
vt 6.92495999 2.51208012
vt 6.92495999 2.51208012
vt 6.92495999 4.03632141
vt -6.92375177 2.52563114
vt 2.47185579 2.52563114
vt -6.92375177 2.52563114
vt 4.03632141 2.52563114
vt 6.95736233 2.47185579
vt 6.95736233 2.53694417
vt 6.95736233 2.53694417
vt 6.95736233 4.03632141
vt -6.95615225 2.55049145
vt 2.47185579 2.55049145
vt -6.95615225 2.55049145
vt 4.03632141 2.55049145
vt 6.99509481 2.47185579
vt 6.99509481 2.55257278
vt 6.99509481 2.55257278
vt 6.99509481 4.03632141
vt 7.03558748 2.47185579
vt 7.03558748 2.55790292
vt 4.03632141 2.55790292
vt 7.03558748 2.55790292
vt 7.03558748 4.03632141
vt 1.22028329 2.55790292
vt 7.66137372 1.22028329
vt 7.66137372 2.55790292
vt 2.47185579 2.55790292
vt 7.66137372 2.47185579
vt 7.66137372 2.55790292
vt 8.06651299 1.22028329
vt 8.06651299 2.55790292
vt 2.26289111 2.55790292
vt 8.06651299 2.26289111
vt 8.10667369 1.22028329
vt 8.10667369 2.56314728
vt 2.19381187 2.56314728
vt 8.10667369 2.19381187
vt -6.99388473 2.56612007
vt 2.47185579 2.56612007
vt -6.99388473 2.56612007
vt 4.03632141 2.56612007
vt -8.06530477 1.22028329
vt -8.06530477 2.57145394
vt -8.06530477 2.26289111
vt 2.26289111 2.57145394
vt -7.66016178 1.22028329
vt -7.66016178 2.57145394
vt 1.22028329 2.57145394
vt -7.66016178 2.47185579
vt -7.66016178 2.57145394
vt 2.47185579 2.57145394
vt -7.03437553 2.47185579
vt -7.03437553 2.57145394
vt 2.47185579 2.57145394
vt -7.03437553 2.57145394
vt -7.03437553 4.03632141
vt 4.03632141 2.57145394
vt -8.10546361 1.22028329
vt -8.10546361 2.57669456
vt -8.10546361 2.19381187
vt 2.19381187 2.57669456
vt 8.14414134 1.22028329
vt 8.14414134 2.57852226
vt 2.12935781 2.57852226
vt 8.14414134 2.12935781
vt -8.14293126 1.22028329
vt -8.14293126 2.59206954
vt -8.14293126 2.12935781
vt 2.12935781 2.59206954
vt 8.17640567 1.22028329
vt 8.17640567 2.60299839
vt 2.07385198 2.60299839
vt 8.17640567 2.07385198
vt -8.17519559 1.22028329
vt -8.17519559 2.61654567
vt -8.17519559 2.07385198
vt 2.07385198 2.61654567
vt 1.22028329 2.97514225
vt 8.55349922 1.22028329
vt 8.55349922 2.97514225
vt 1.42517111 2.97514225
vt 8.55349922 1.42517111
vt -8.55228727 1.22028329
vt -8.55228727 2.98869327
vt 1.22028329 2.98869327
vt -8.55228727 1.42517111
vt 1.42517111 2.98869327
vt 1.22028329 2.99893579
vt 8.57325319 2.99893579
vt 1.39118353 2.99893579
vt -8.57204497 3.01248681
vt 1.22028329 3.01248681
vt 1.39118353 3.01248681
vt 1.22028329 3.02614973
vt 8.58794558 3.02614973
vt 1.36591291 3.02614973
vt -8.5867355 3.03969702
vt 1.22028329 3.03969702
vt 1.36591291 3.03969702
vt 1.35686771 3.04071157
vt 1.35686771 3.05425886
vt 1.22028329 3.05572101
vt 8.59699451 3.05572101
vt 1.35034397 3.05572101
vt -8.5957863 3.06927203
vt 1.22028329 3.06927203
vt 1.35034397 3.06927203
vt 1.34640512 3.07103258
vt 1.22028329 3.07910426
vt 6.25335093 1.22028329
vt 6.25335093 3.07910426
vt 2.47185579 3.07910426
vt 6.25335093 2.47185579
vt 6.25335093 3.07910426
vt 1.22028329 3.07910426
vt 7.66137372 1.22028329
vt 7.66137372 3.07910426
vt 2.47185579 3.07910426
vt 7.66137372 2.47185579
vt 7.66137372 3.07910426
vt 1.34640512 3.0845836
vt 1.22028329 3.08649708
vt 8.6000531 3.08649708
vt 1.3450847 3.08649708
vt -7.66016178 1.22028329
vt -7.66016178 3.09265528
vt 1.22028329 3.09265528
vt -7.66016178 2.47185579
vt -7.66016178 3.09265528
vt 2.47185579 3.09265528
vt -6.25214272 1.22028329
vt -6.25214272 3.09265528
vt 1.22028329 3.09265528
vt -6.25214272 2.47185579
vt -6.25214272 3.09265528
vt 2.47185579 3.09265528
vt 1.22028329 3.09859713
vt 6.46362111 1.22028329
vt 6.46362111 3.09859713
vt 4.03632141 3.09859713
vt 6.46362111 3.09859713
vt 6.46362111 4.03632141
vt 1.22028329 3.09859713
vt 6.58104089 1.22028329
vt 6.58104089 3.09859713
vt 4.03632141 3.09859713
vt 6.58104089 3.09859713
vt 6.58104089 4.03632141
vt -8.59884302 3.10004437
vt 1.22028329 3.10004437
vt 1.3450847 3.10004437
vt -6.57983267 1.22028329
vt -6.57983267 3.11214815
vt 1.22028329 3.11214815
vt -6.57983267 3.11214815
vt -6.57983267 4.03632141
vt 4.03632141 3.11214815
vt -6.46240916 1.22028329
vt -6.46240916 3.11214815
vt 1.22028329 3.11214815
vt -6.46240916 3.11214815
vt -6.46240916 4.03632141
vt 4.03632141 3.11214815
vt 1.22028329 3.20028759
vt 6.40490749 3.20028759
vt 4.03632141 3.20028759
vt 6.40490749 3.20028759
vt 1.22028329 3.20028759
vt 6.63975451 3.20028759
vt 4.03632141 3.20028759
vt 6.63975451 3.20028759
vt -6.63854256 3.2138386
vt 1.22028329 3.2138386
vt -6.63854256 3.2138386
vt 4.03632141 3.2138386
vt -6.40369928 3.2138386
vt 1.22028329 3.2138386
vt -6.40369928 3.2138386
vt 4.03632141 3.2138386
vt 1.22028329 3.28137363
vt 6.25335093 3.28137363
vt 4.03632141 3.28137363
vt 6.25335093 3.28137363
vt -6.25214272 3.29492092
vt 1.22028329 3.29492092
vt -6.25214272 3.29492092
vt 4.03632141 3.29492092
vt 1.22028329 3.29709922
vt 8.6000531 3.29709922
vt 1.3450847 3.29709922
vt 1.22028329 3.30197804
vt 6.46362111 1.22028329
vt 6.46362111 3.30197804
vt 4.03632141 3.30197804
vt 6.46362111 3.30197804
vt 6.46362111 4.03632141
vt 1.22028329 3.30197804
vt 6.58104089 1.22028329
vt 6.58104089 3.30197804
vt 4.03632141 3.30197804
vt 6.58104089 3.30197804
vt 6.58104089 4.03632141
vt -8.59884302 3.31064651
vt 1.22028329 3.31064651
vt 1.3450847 3.31064651
vt 1.22028329 3.31189606
vt 6.2563573 3.31189606
vt 4.03632141 3.31189606
vt 6.2563573 3.31189606
vt -6.57983267 1.22028329
vt -6.57983267 3.31552906
vt 1.22028329 3.31552906
vt -6.57983267 3.31552906
vt -6.57983267 4.03632141
vt 4.03632141 3.31552906
vt -6.46240916 1.22028329
vt -6.46240916 3.31552906
vt 1.22028329 3.31552906
vt -6.46240916 3.31552906
vt -6.46240916 4.03632141
vt 4.03632141 3.31552906
vt -6.25514908 3.32544334
vt 1.22028329 3.32544334
vt -6.25514908 3.32544334
vt 4.03632141 3.32544334
vt 1.22028329 3.34124354
vt 6.26526076 3.34124354
vt 4.03632141 3.34124354
vt 6.26526076 3.34124354
vt 1.34840438 3.34619695
vt -6.26405068 3.35479083
vt 1.22028329 3.35479083
vt -6.26405068 3.35479083
vt 4.03632141 3.35479083
vt 1.34840438 3.35974424
vt 1.22028329 3.36828963
vt 6.27971816 3.36828963
vt 4.03632141 3.36828963
vt 6.27971816 3.36828963
vt -6.27850808 3.38184065
vt 1.22028329 3.38184065
vt -6.27850808 3.38184065
vt 4.03632141 3.38184065
vt 1.22028329 3.39199738
vt 6.29917374 3.39199738
vt 4.03632141 3.39199738
vt 6.29917374 3.39199738
vt 1.22028329 3.39499256
vt 8.59234696 3.39499256
vt 1.35834105 3.39499256
vt -6.29796366 1.22028329
vt -6.29796366 3.4055484
vt 1.22028329 3.4055484
vt -6.29796366 3.4055484
vt -6.29796366 4.03632141
vt 4.03632141 3.4055484
vt -8.59113874 3.40853984
vt 1.22028329 3.40853984
vt 1.35834105 3.40853984
vt 1.37483129 3.4431839
vt 1.37483129 3.45673492
vt 1.22028329 3.49047632
vt 8.56942623 3.49047632
vt 1.3977744 3.49047632
vt -8.56821428 3.50402361
vt 1.22028329 3.50402361
vt 1.3977744 3.50402361
vt 1.42702864 3.53657515
vt 1.22028329 3.53980531
vt 6.44698167 3.53980531
vt 4.03632141 3.53980531
vt 6.44698167 3.53980531
vt 1.42702864 3.55012617
vt -6.44577159 1.22028329
vt -6.44577159 3.5533526
vt 1.22028329 3.5533526
vt -6.44577159 3.5533526
vt -6.44577159 4.03632141
vt 4.03632141 3.5533526
vt 1.22028329 3.57220765
vt 6.47184199 3.57220765
vt 4.03632141 3.57220765
vt 6.47184199 3.57220765
vt 1.22028329 3.58120063
vt 8.53184668 3.58120063
vt 1.46241869 3.58120063
vt -6.47063377 3.58575494
vt 1.22028329 3.58575494
vt -6.47063377 3.58575494
vt 4.03632141 3.58575494
vt -8.5306366 3.59474792
vt 1.22028329 3.59474792
vt 1.46241869 3.59474792
vt 1.22028329 3.60994013
vt 6.48747434 3.60994013
vt 4.03632141 3.60994013
vt 6.48747434 3.60994013
vt -6.48626239 3.62348742
vt 1.22028329 3.62348742
vt -6.48626239 3.62348742
vt 4.03632141 3.62348742
vt 1.50371703 3.62406929
vt 1.50371703 3.63762031
vt 1.22028329 3.65042906
vt 6.49280448 3.65042906
vt 4.03632141 3.65042906
vt 6.49280448 3.65042906
vt -6.49159253 3.66398008
vt 1.22028329 3.66398008
vt -6.49159253 3.66398008
vt 4.03632141 3.66398008
vt 1.22028329 3.6649275
vt 8.48053707 3.6649275
vt 1.55067748 3.6649275
vt -8.47932885 3.67847479
vt 1.22028329 3.67847479
vt 1.55067748 3.67847479
vt 1.22028329 3.69092173
vt 6.48747434 3.69092173
vt 4.03632141 3.69092173
vt 6.48747434 3.69092173
vt 1.60300911 3.70351414
vt -6.48626239 3.70446902
vt 1.22028329 3.70446902
vt -6.48626239 3.70446902
vt 4.03632141 3.70446902
vt 1.60300911 3.71706143
vt 1.22028329 3.72865421
vt 6.47184199 3.72865421
vt 4.03632141 3.72865421
vt 6.47184199 3.72865421
vt 1.22028329 3.73959424
vt 8.4167656 3.73959424
vt 1.66038366 3.73959424
vt -6.47063377 3.7422015
vt 1.22028329 3.7422015
vt -6.47063377 3.7422015
vt 4.03632141 3.7422015
vt -8.41555365 1.22028329
vt -8.41555365 3.75314526
vt 1.22028329 3.75314526
vt -8.41555365 1.66038366
vt 1.66038366 3.75314526
vt 1.22028329 3.76105282
vt 6.44698167 3.76105282
vt 4.03632141 3.76105282
vt 6.44698167 3.76105282
vt -6.44577159 1.22028329
vt -6.44577159 3.77460384
vt 1.22028329 3.77460384
vt -6.44577159 3.77460384
vt -6.44577159 4.03632141
vt 4.03632141 3.77460384
vt 1.22028329 3.84955406
vt 6.35848043 3.84955406
vt 4.03632141 3.84955406
vt 6.35848043 3.84955406
vt -6.35727221 1.22028329
vt -6.35727221 3.86310135
vt 1.22028329 3.86310135
vt -6.35727221 3.86310135
vt -6.35727221 4.03632141
vt 4.03632141 3.86310135
vt 1.22028329 3.8819564
vt 6.33362011 3.8819564
vt 4.03632141 3.8819564
vt 6.33362011 3.8819564
vt -6.33542945 3.89049059
vt 1.22028329 3.89049059
vt -6.33542945 3.89049059
vt 4.03632141 3.89049059
vt 1.22028329 3.91968515
vt 6.31799149 3.91968515
vt 4.03632141 3.91968515
vt 6.31799149 3.91968515
vt -6.32022791 3.92205742
vt 1.22028329 3.92205742
vt -6.32022791 3.92205742
vt 4.03632141 3.92205742
vt -6.31243225 3.95620912
vt 1.22028329 3.95620912
vt -6.31243225 3.95620912
vt 4.03632141 3.95620912
vt 1.22028329 3.96017782
vt 6.31265762 3.96017782
vt 4.03632141 3.96017782
vt 6.31265762 3.96017782
vt -6.31243225 3.99124482
vt 1.22028329 3.99124482
vt -6.31243225 3.99124482
vt 4.03632141 3.99124482
vt 1.22028329 4.00067048
vt 6.31799149 4.00067048
vt 4.03632141 4.00067048
vt 6.31799149 4.00067048
vt -6.32022791 4.02539652
vt 1.22028329 4.02539652
vt -6.32022791 4.02539652
vt 4.03632141 4.02539652
vt 1.22028329 4.03840296
vt 6.33362011 4.03840296
vt 4.03632141 4.03840296
vt 6.33362011 4.03840296
vt -6.33542945 4.05696334
vt 1.22028329 4.05696334
vt -6.33542945 4.05696334
vt 4.03632141 4.05696334
vt 1.22028329 4.07080157
vt 6.35848043 4.07080157
vt 4.03632141 4.07080157
vt 6.35848043 4.07080157
vt -6.35727221 1.22028329
vt -6.35727221 4.08435259
vt 1.22028329 4.08435259
vt -6.35727221 4.03632141
vt -6.35727221 4.08435259
vt 4.03632141 4.08435259
vt 4.03632141 4.74790862
vt 7.03558748 4.74790862
vt -7.03437553 4.03632141
vt -7.03437553 4.76145591
vt 4.03632141 4.76145591
vt 1.22028329 4.82371674
vt 7.11139559 1.22028329
vt 7.11139559 4.82371674
vt 3.90591384 4.82371674
vt 7.11139559 3.90591384
vt 1.22028329 4.82371674
vt 7.3326431 1.22028329
vt 7.3326431 4.82371674
vt 3.52531412 4.82371674
vt 7.3326431 3.52531412
vt -7.33143302 1.22028329
vt -7.33143302 4.83726403
vt -7.33143302 3.52531412
vt 3.52531412 4.83726403
vt -7.11018551 1.22028329
vt -7.11018551 4.83726403
vt -7.11018551 3.90591384
vt 3.90591384 4.83726403
vt 7.1437942 1.22028329
vt 7.1437942 4.84857706
vt 3.85017675 4.84857706
vt 7.1437942 3.85017675
vt 7.30024077 1.22028329
vt 7.30024077 4.84857706
vt 3.58105121 4.84857706
vt 7.30024077 3.58105121
vt -7.29903255 1.22028329
vt -7.29903255 4.86212807
vt -7.29903255 3.58105121
vt 3.58105121 4.86212807
vt -7.14258599 1.22028329
vt -7.14258599 4.86212807
vt -7.14258599 3.85017675
vt 3.85017675 4.86212807
vt 7.18152668 1.22028329
vt 7.18152668 4.86420567
vt 3.78526763 4.86420567
vt 7.18152668 3.78526763
vt 7.26251201 1.22028329
vt 7.26251201 4.86420567
vt 3.64596033 4.86420567
vt 7.26251201 3.64596033
vt 7.22201935 1.22028329
vt 7.22201935 4.86953954
vt 3.71561398 4.86953954
vt 7.22201935 3.71561398
vt -7.26130007 1.22028329
vt -7.26130007 4.87775669
vt -7.26130007 3.64596033
vt 3.64596033 4.87775669
vt -7.18031847 1.22028329
vt -7.18031847 4.87775669
vt -7.18031847 3.78526763
vt 3.78526763 4.87775669
vt -7.22080927 1.22028329
vt -7.22080927 4.88308683
vt -7.22080927 3.71561398
vt 3.71561398 4.88308683
vt 2.08646689 2.47185579
vt 2.08646689 6.25214252
vt 2.47185579 6.25214252
vt 2.08646689 4.03632141
vt 2.08646689 6.25214252
vt 4.03632141 6.25214252
vt 1.22028329 6.25214252
vt 3.09265518 1.22028329
vt 3.09265518 6.25214252
vt 2.47185579 6.25214252
vt 3.09265518 2.47185579
vt 3.09265518 6.25214252
vt 3.29492082 1.22028329
vt 3.29492082 6.25214252
vt 3.29492082 4.03632141
vt 3.29492082 6.25214252
vt -3.28137382 1.22028329
vt -3.28137382 6.25335103
vt -3.28137382 4.03632141
vt -3.28137382 6.25335103
vt -3.07910445 1.22028329
vt -3.07910445 6.25335103
vt 1.22028329 6.25335103
vt -3.07910445 2.47185579
vt -3.07910445 6.25335103
vt 2.47185579 6.25335103
vt -2.07291803 2.47185579
vt -2.07291803 6.25335103
vt 2.47185579 6.25335103
vt -2.07291803 4.03632141
vt -2.07291803 6.25335103
vt 4.03632141 6.25335103
vt 3.32544324 1.22028329
vt 3.32544324 6.25514888
vt 3.32544324 4.03632141
vt 3.32544324 6.25514888
vt -3.32186462 1.22028329
vt -3.32186462 6.25868118
vt -3.32186462 4.03632141
vt -3.32186462 6.25868118
vt 1.99260007 2.47185579
vt 1.99260007 6.25934884
vt 2.47185579 6.25934884
vt 1.99260007 4.03632141
vt 1.99260007 6.25934884
vt 4.03632141 6.25934884
vt -1.97905121 6.26055736
vt 2.47185579 6.26055736
vt -1.97905121 6.26055736
vt 4.03632141 6.26055736
vt 3.35479073 1.22028329
vt 3.35479073 6.26405235
vt 3.35479073 4.03632141
vt 3.35479073 6.26405235
vt -3.3595971 1.22028329
vt -3.3595971 6.27431352
vt -3.3595971 4.03632141
vt -3.3595971 6.27431352
vt 1.95670833 2.47185579
vt 1.95670833 6.27586519
vt 1.95670833 4.03632141
vt 1.95670833 6.27586519
vt -1.94315948 6.27707371
vt 2.47185579 6.27707371
vt -1.94315948 6.27707371
vt 4.03632141 6.27707371
vt 3.38184055 1.22028329
vt 3.38184055 6.27850975
vt 3.38184055 4.03632141
vt 3.38184055 6.27850975
vt 1.22028329 6.29796533
vt 3.4055483 1.22028329
vt 3.4055483 6.29796533
vt 3.4055483 4.03632141
vt 3.4055483 6.29796533
vt 4.03632141 6.29796533
vt -3.39199758 1.22028329
vt -3.39199758 6.29917384
vt 1.22028329 6.29917384
vt -3.39199758 4.03632141
vt -3.39199758 6.29917384
vt 4.03632141 6.29917384
vt 1.92609825 2.47185579
vt 1.92609825 6.3008486
vt 1.92609825 4.03632141
vt 1.92609825 6.3008486
vt -1.9125494 6.30205712
vt 2.47185579 6.30205712
vt -1.9125494 6.30205712
vt 4.03632141 6.30205712
vt 3.95620902 1.22028329
vt 3.95620902 6.31243392
vt 3.95620902 4.03632141
vt 3.95620902 6.31243392
vt 3.99124472 1.22028329
vt 3.99124472 6.31243392
vt 3.99124472 4.03632141
vt 3.99124472 6.31243392
vt -3.977694 1.22028329
vt -3.977694 6.31364243
vt -3.977694 4.03632141
vt -3.977694 6.31364243
vt -3.94266202 1.22028329
vt -3.94266202 6.31364243
vt -3.94266202 4.03632141
vt -3.94266202 6.31364243
vt 3.92205732 1.22028329
vt 3.92205732 6.32022958
vt 3.92205732 4.03632141
vt 3.92205732 6.32022958
vt 4.02539642 1.22028329
vt 4.02539642 6.32022958
vt 4.02539642 4.03632141
vt 4.02539642 6.32022958
vt -4.01184943 1.22028329
vt -4.01184943 6.32143809
vt -4.01184943 4.03632141
vt -4.01184943 6.32143809
vt -3.9085066 1.22028329
vt -3.9085066 6.32143809
vt -3.9085066 4.03632141
vt -3.9085066 6.32143809
vt 1.90272433 2.47185579
vt 1.90272433 6.33270263
vt 1.90272433 4.03632141
vt 1.90272433 6.33270263
vt -1.88917547 6.33391115
vt 2.47185579 6.33391115
vt -1.88917547 6.33391115
vt 4.03632141 6.33391115
vt 3.89049422 1.22028329
vt 3.89049422 6.33542925
vt 3.89049422 4.03632141
vt 3.89049422 6.33542925
vt 4.05696324 1.22028329
vt 4.05696324 6.33542925
vt 4.05696324 4.03632141
vt 4.05696324 6.33542925
vt -4.04341252 1.22028329
vt -4.04341252 6.33663776
vt -4.04341252 4.03632141
vt -4.04341252 6.33663776
vt -3.8769435 1.22028329
vt -3.8769435 6.33663776
vt -3.8769435 4.03632141
vt -3.8769435 6.33663776
vt 1.22028329 6.35727201
vt 3.86310125 1.22028329
vt 3.86310125 6.35727201
vt 3.86310125 4.03632141
vt 3.86310125 6.35727201
vt 4.03632141 6.35727201
vt 1.22028329 6.35727201
vt 4.08435249 1.22028329
vt 4.08435249 6.35727201
vt 4.03632141 6.35727201
vt 4.08435249 4.03632141
vt 4.08435249 6.35727201
vt -4.07080363 1.22028329
vt -4.07080363 6.35848053
vt 1.22028329 6.35848053
vt -4.07080363 4.03632141
vt -4.07080363 6.35848053
vt 4.03632141 6.35848053
vt -3.84955426 1.22028329
vt -3.84955426 6.35848053
vt 1.22028329 6.35848053
vt -3.84955426 4.03632141
vt -3.84955426 6.35848053
vt 4.03632141 6.35848053
vt 1.8880767 2.47185579
vt 1.8880767 6.36939445
vt 1.8880767 4.03632141
vt 1.8880767 6.36939445
vt -1.87452784 6.37060669
vt 2.47185579 6.37060669
vt -1.87452784 6.37060669
vt 4.03632141 6.37060669
vt 3.2138385 1.22028329
vt 3.2138385 6.40369908
vt 3.2138385 4.03632141
vt 3.2138385 6.40369908
vt -3.20028965 1.22028329
vt -3.20028965 6.40490759
vt -3.20028965 4.03632141
vt -3.20028965 6.40490759
vt 1.88308598 2.47185579
vt 1.88308598 6.40858908
vt 2.47185579 6.40858908
vt 1.88308598 4.03632141
vt 1.88308598 6.40858908
vt 4.03632141 6.40858908
vt -1.86953899 6.4097976
vt 2.47185579 6.4097976
vt -1.86953899 6.4097976
vt 4.03632141 6.4097976
vt 1.22028329 6.44576953
vt 3.5533525 1.22028329
vt 3.5533525 6.44576953
vt 3.5533525 4.03632141
vt 3.5533525 6.44576953
vt 4.03632141 6.44576953
vt 1.22028329 6.44576953
vt 3.77460374 1.22028329
vt 3.77460374 6.44576953
vt 3.77460374 4.03632141
vt 3.77460374 6.44576953
vt 4.03632141 6.44576953
vt -3.76105488 1.22028329
vt -3.76105488 6.44698177
vt 1.22028329 6.44698177
vt -3.76105488 4.03632141
vt -3.76105488 6.44698177
vt 4.03632141 6.44698177
vt -3.53980551 1.22028329
vt -3.53980551 6.44698177
vt 1.22028329 6.44698177
vt -3.53980551 4.03632141
vt -3.53980551 6.44698177
vt 4.03632141 6.44698177
vt 1.22028329 6.46240897
vt 3.11214805 1.22028329
vt 3.11214805 6.46240897
vt 3.11214805 4.03632141
vt 3.11214805 6.46240897
vt 4.03632141 6.46240897
vt 1.22028329 6.46240897
vt 3.31552896 1.22028329
vt 3.31552896 6.46240897
vt 3.31552896 4.03632141
vt 3.31552896 6.46240897
vt 4.03632141 6.46240897
vt -3.3019801 1.22028329
vt -3.3019801 6.46362121
vt 1.22028329 6.46362121
vt -3.3019801 4.03632141
vt -3.3019801 6.46362121
vt 4.03632141 6.46362121
vt -3.0985992 1.22028329
vt -3.0985992 6.46362121
vt 1.22028329 6.46362121
vt -3.0985992 4.03632141
vt -3.0985992 6.46362121
vt 4.03632141 6.46362121
vt 3.58575484 1.22028329
vt 3.58575484 6.47063357
vt 3.58575484 4.03632141
vt 3.58575484 6.47063357
vt 3.7422014 1.22028329
vt 3.7422014 6.47063357
vt 3.7422014 4.03632141
vt 3.7422014 6.47063357
vt -3.72865254 1.22028329
vt -3.72865254 6.47184209
vt -3.72865254 4.03632141
vt -3.72865254 6.47184209
vt -3.57220598 1.22028329
vt -3.57220598 6.47184209
vt -3.57220598 4.03632141
vt -3.57220598 6.47184209
vt 1.99260007 2.47185579
vt 1.99260007 6.47471044
vt 2.47185579 6.47471044
vt 1.99260007 4.03632141
vt 1.99260007 6.47471044
vt 4.03632141 6.47471044
vt 2.08646689 2.47185579
vt 2.08646689 6.47471044
vt 2.47185579 6.47471044
vt 2.08646689 4.03632141
vt 2.08646689 6.47471044
vt 4.03632141 6.47471044
vt -2.07291803 2.47185579
vt -2.07291803 6.47592269
vt 2.47185579 6.47592269
vt -2.07291803 4.03632141
vt -2.07291803 6.47592269
vt 4.03632141 6.47592269
vt -1.97905121 2.47185579
vt -1.97905121 6.47592269
vt 2.47185579 6.47592269
vt -1.97905121 4.03632141
vt -1.97905121 6.47592269
vt 4.03632141 6.47592269
vt 3.62348732 1.22028329
vt 3.62348732 6.48626219
vt 3.62348732 4.03632141
vt 3.62348732 6.48626219
vt 3.70446892 1.22028329
vt 3.70446892 6.48626219
vt 3.70446892 4.03632141
vt 3.70446892 6.48626219
vt -3.69092193 1.22028329
vt -3.69092193 6.48747444
vt -3.69092193 4.03632141
vt -3.69092193 6.48747444
vt -3.60993846 1.22028329
vt -3.60993846 6.48747444
vt -3.60993846 4.03632141
vt -3.60993846 6.48747444
vt 3.66397998 1.22028329
vt 3.66397998 6.49159233
vt 3.66397998 4.03632141
vt 3.66397998 6.49159233
vt -3.65042926 1.22028329
vt -3.65042926 6.49280458
vt -3.65042926 4.03632141
vt -3.65042926 6.49280458
vt 1.93784396 2.47185579
vt 1.93784396 6.50632576
vt 2.47185579 6.50632576
vt 1.93784396 4.03632141
vt 1.93784396 6.50632576
vt 4.03632141 6.50632576
vt 2.14122486 2.47185579
vt 2.14122486 6.50632576
vt 2.47185579 6.50632576
vt 2.14122486 4.03632141
vt 2.14122486 6.50632576
vt 4.03632141 6.50632576
vt -2.12767601 2.47185579
vt -2.12767601 6.50753427
vt 2.47185579 6.50753427
vt -2.12767601 4.03632141
vt -2.12767601 6.50753427
vt 4.03632141 6.50753427
vt -1.9242951 2.47185579
vt -1.9242951 6.50753427
vt 2.47185579 6.50753427
vt -1.9242951 4.03632141
vt -1.9242951 6.50753427
vt 4.03632141 6.50753427
vt 1.22028329 6.57983248
vt 3.11214805 1.22028329
vt 3.11214805 6.57983248
vt 3.11214805 4.03632141
vt 3.11214805 6.57983248
vt 4.03632141 6.57983248
vt 1.22028329 6.57983248
vt 3.31552896 1.22028329
vt 3.31552896 6.57983248
vt 3.31552896 4.03632141
vt 3.31552896 6.57983248
vt 4.03632141 6.57983248
vt -3.3019801 1.22028329
vt -3.3019801 6.58104099
vt 1.22028329 6.58104099
vt -3.3019801 4.03632141
vt -3.3019801 6.58104099
vt 4.03632141 6.58104099
vt -3.0985992 1.22028329
vt -3.0985992 6.58104099
vt 1.22028329 6.58104099
vt -3.0985992 4.03632141
vt -3.0985992 6.58104099
vt 4.03632141 6.58104099
vt 1.93784396 2.47185579
vt 1.93784396 6.62374553
vt 2.47185579 6.62374553
vt 1.93784396 4.03632141
vt 1.93784396 6.62374553
vt 4.03632141 6.62374553
vt 2.14122486 2.47185579
vt 2.14122486 6.62374553
vt 2.47185579 6.62374553
vt 2.14122486 4.03632141
vt 2.14122486 6.62374553
vt 4.03632141 6.62374553
vt -2.12767601 2.47185579
vt -2.12767601 6.62495778
vt 2.47185579 6.62495778
vt -2.12767601 4.03632141
vt -2.12767601 6.62495778
vt 4.03632141 6.62495778
vt -1.9242951 2.47185579
vt -1.9242951 6.62495778
vt 2.47185579 6.62495778
vt -1.9242951 4.03632141
vt -1.9242951 6.62495778
vt 4.03632141 6.62495778
vt 3.2138385 1.22028329
vt 3.2138385 6.63854237
vt 3.2138385 4.03632141
vt 3.2138385 6.63854237
vt -3.20028965 1.22028329
vt -3.20028965 6.63975461
vt -3.20028965 4.03632141
vt -3.20028965 6.63975461
vt 2.03953441 2.47185579
vt 2.03953441 6.68245915
vt 2.03953441 4.03632141
vt 2.03953441 6.68245915
vt -2.02598556 2.47185579
vt -2.02598556 6.68366767
vt -2.02598556 4.03632141
vt -2.02598556 6.68366767
vt 1.88308598 6.72148221
vt 2.47185579 6.72148221
vt 1.88308598 6.72148221
vt 4.03632141 6.72148221
vt -1.86953899 2.47185579
vt -1.86953899 6.72269072
vt 2.47185579 6.72269072
vt -1.86953899 4.03632141
vt -1.86953899 6.72269072
vt 4.03632141 6.72269072
vt 1.88841799 6.76197487
vt 2.47185579 6.76197487
vt 1.88841799 6.76197487
vt 4.03632141 6.76197487
vt -1.87486913 2.47185579
vt -1.87486913 6.76318339
vt -1.87486913 4.03632141
vt -1.87486913 6.76318339
vt 1.90404661 6.79970735
vt 2.47185579 6.79970735
vt 1.90404661 6.79970735
vt 4.03632141 6.79970735
vt -1.89049775 2.47185579
vt -1.89049775 6.80091587
vt -1.89049775 4.03632141
vt -1.89049775 6.80091587
vt 1.92890879 6.83210596
vt 2.47185579 6.83210596
vt 1.92890879 6.83210596
vt 4.03632141 6.83210596
vt -1.91535994 2.47185579
vt -1.91535994 6.83331821
vt -1.91535994 4.03632141
vt -1.91535994 6.83331821
vt 1.96131113 6.85697001
vt 2.47185579 6.85697001
vt 1.96131113 6.85697001
vt 4.03632141 6.85697001
vt -1.94776227 2.47185579
vt -1.94776227 6.85817852
vt -1.94776227 4.03632141
vt -1.94776227 6.85817852
vt 1.99904175 6.87259863
vt 2.47185579 6.87259863
vt 1.99904175 6.87259863
vt 4.03632141 6.87259863
vt -1.98549289 2.47185579
vt -1.98549289 6.87380714
vt -1.98549289 4.03632141
vt -1.98549289 6.87380714
vt 2.03953441 2.47185579
vt 2.03953441 6.87792877
vt 2.47185579 6.87792877
vt 2.03953441 4.03632141
vt 2.03953441 6.87792877
vt 4.03632141 6.87792877
vt 2.28984779 2.47185579
vt 2.28984779 6.87792877
vt 2.28984779 4.03632141
vt 2.28984779 6.87792877
vt 2.3211386 2.47185579
vt 2.3211386 6.87792877
vt 2.47185579 6.87792877
vt 2.3211386 4.03632141
vt 2.3211386 6.87792877
vt 4.03632141 6.87792877
vt 2.41500728 2.47185579
vt 2.41500728 6.87792877
vt 2.41500728 4.03632141
vt 2.41500728 6.87792877
vt -2.40145656 2.47185579
vt -2.40145656 6.87913728
vt 2.47185579 6.87913728
vt -2.40145656 4.03632141
vt -2.40145656 6.87913728
vt 4.03632141 6.87913728
vt -2.30758974 2.47185579
vt -2.30758974 6.87913728
vt 2.47185579 6.87913728
vt -2.30758974 4.03632141
vt -2.30758974 6.87913728
vt 4.03632141 6.87913728
vt -2.27629894 2.47185579
vt -2.27629894 6.87913728
vt -2.27629894 4.03632141
vt -2.27629894 6.87913728
vt -2.02598556 2.47185579
vt -2.02598556 6.87913728
vt -2.02598556 4.03632141
vt -2.02598556 6.87913728
vt 2.3211386 2.47185579
vt 2.3211386 6.88108806
vt 2.47185579 6.88108806
vt 2.3211386 4.03632141
vt 2.3211386 6.88108806
vt 4.03632141 6.88108806
vt -2.30758974 2.47185579
vt -2.30758974 6.88230031
vt 2.47185579 6.88230031
vt -2.30758974 4.03632141
vt -2.30758974 6.88230031
vt 4.03632141 6.88230031
vt 2.45549622 2.47185579
vt 2.45549622 6.88325891
vt 2.45549622 4.03632141
vt 2.45549622 6.88325891
vt -2.44194922 6.88447115
vt 2.47185579 6.88447115
vt -2.44194922 6.88447115
vt 4.03632141 6.88447115
vt 2.4932287 2.47185579
vt 2.4932287 6.89888753
vt 2.4932287 4.03632141
vt 2.4932287 6.89888753
vt -2.47967984 6.90009977
vt 2.47185579 6.90009977
vt -2.47967984 6.90009977
vt 4.03632141 6.90009977
vt 2.52563104 2.47185579
vt 2.52563104 6.92375158
vt 2.52563104 4.03632141
vt 2.52563104 6.92375158
vt -2.51208218 6.92496009
vt 2.47185579 6.92496009
vt -2.51208218 6.92496009
vt 4.03632141 6.92496009
vt 2.55049135 2.47185579
vt 2.55049135 6.95615392
vt 2.55049135 4.03632141
vt 2.55049135 6.95615392
vt -2.53694436 6.95736243
vt 2.47185579 6.95736243
vt -2.53694436 6.95736243
vt 4.03632141 6.95736243
vt 2.56611997 2.47185579
vt 2.56611997 6.99388267
vt 2.56611997 4.03632141
vt 2.56611997 6.99388267
vt -2.55257298 6.99509491
vt 2.47185579 6.99509491
vt -2.55257298 6.99509491
vt 4.03632141 6.99509491
vt 2.47185579 7.03437533
vt 2.57145384 2.47185579
vt 2.57145384 7.03437533
vt 2.57145384 4.03632141
vt 2.57145384 7.03437533
vt 4.03632141 7.03437533
vt 4.03632141 7.03437533
vt 4.76145581 4.03632141
vt 4.76145581 7.03437533
vt -4.74790695 4.03632141
vt -4.74790695 7.03558758
vt 4.03632141 7.03558758
vt -2.55790312 7.03558758
vt 2.47185579 7.03558758
vt -2.55790312 4.03632141
vt -2.55790312 7.03558758
vt 4.03632141 7.03558758
vt 1.22028329 7.11018345
vt 4.83726393 7.11018345
vt 3.90591384 7.11018345
vt 4.83726393 3.90591384
vt -4.82371693 7.11139569
vt 1.22028329 7.11139569
vt -4.82371693 3.90591384
vt 3.90591384 7.11139569
vt 1.22028329 7.1375727
vt 4.85910669 7.1375727
vt 3.85879673 7.1375727
vt 4.85910669 3.85879673
vt -4.84857912 7.1437943
vt 1.22028329 7.1437943
vt -4.84857912 3.85017675
vt 3.85017675 7.1437943
vt 1.22028329 7.16913952
vt 4.87430636 7.16913952
vt 3.80449941 7.16913952
vt 4.87430636 3.80449941
vt -4.86420773 7.18152678
vt 1.22028329 7.18152678
vt -4.86420773 3.78526763
vt 3.78526763 7.18152678
vt 1.22028329 7.20329122
vt 4.88210202 7.20329122
vt 3.74574849 7.20329122
vt 4.88210202 3.74574849
vt -4.86953788 7.22201945
vt 1.22028329 7.22201945
vt -4.86953788 3.71561398
vt 3.71561398 7.22201945
vt 1.22028329 7.23832692
vt 4.88210202 7.23832692
vt 3.6854832 7.23832692
vt 4.88210202 3.6854832
vt -4.86420773 7.26251211
vt 1.22028329 7.26251211
vt -4.86420773 3.64596033
vt 3.64596033 7.26251211
vt 1.22028329 7.27247862
vt 4.87430636 7.27247862
vt 3.62672855 7.27247862
vt 4.87430636 3.62672855
vt -4.84857912 7.30024087
vt 1.22028329 7.30024087
vt -4.84857912 3.58105121
vt 3.58105121 7.30024087
vt 1.22028329 7.30404545
vt 4.85910669 7.30404545
vt 3.57243123 7.30404545
vt 4.85910669 3.57243123
vt 1.22028329 7.33143469
vt 4.83726393 7.33143469
vt 3.52531412 7.33143469
vt 4.83726393 3.52531412
vt -4.82371693 7.3326432
vt 1.22028329 7.3326432
vt -4.82371693 3.52531412
vt 3.52531412 7.3326432
vt 1.22028329 7.66016158
vt 2.57145384 1.22028329
vt 2.57145384 7.66016158
vt 2.47185579 7.66016158
vt 2.57145384 2.47185579
vt 2.57145384 7.66016158
vt 1.22028329 7.66016158
vt 3.09265518 1.22028329
vt 3.09265518 7.66016158
vt 2.47185579 7.66016158
vt 3.09265518 2.47185579
vt 3.09265518 7.66016158
vt -3.07910445 1.22028329
vt -3.07910445 7.66137382
vt 1.22028329 7.66137382
vt -3.07910445 2.47185579
vt -3.07910445 7.66137382
vt 2.47185579 7.66137382
vt -2.55790312 1.22028329
vt -2.55790312 7.66137382
vt 1.22028329 7.66137382
vt -2.55790312 2.47185579
vt -2.55790312 7.66137382
vt 2.47185579 7.66137382
vt 1.22028329 8.06530458
vt 2.57145384 8.06530458
vt 2.26289111 8.06530458
vt 2.57145384 2.26289111
vt -2.55790312 8.06651309
vt 1.22028329 8.06651309
vt -2.55790312 2.26289111
vt 2.26289111 8.06651309
vt 1.22028329 8.10546155
vt 2.57669446 8.10546155
vt 2.19381187 8.10546155
vt 2.57669446 2.19381187
vt -2.56314561 8.10667379
vt 1.22028329 8.10667379
vt -2.56314561 2.19381187
vt 2.19381187 8.10667379
vt 1.22028329 8.1429292
vt 2.59206944 8.1429292
vt 2.12935781 8.1429292
vt 2.59206944 2.12935781
vt -2.57852059 8.14414144
vt 1.22028329 8.14414144
vt -2.57852059 2.12935781
vt 2.12935781 8.14414144
vt 1.22028329 8.17519726
vt 2.61654557 8.17519726
vt 2.07385198 8.17519726
vt 2.61654557 2.07385198
vt -2.60299858 8.17640577
vt 1.22028329 8.17640577
vt -2.60299858 2.07385198
vt 2.07385198 8.17640577
vt 1.22028329 8.41555345
vt 3.75314516 1.22028329
vt 3.75314516 8.41555345
vt 1.66038366 8.41555345
vt 3.75314516 1.66038366
vt -3.7395963 1.22028329
vt -3.7395963 8.4167657
vt 1.22028329 8.4167657
vt -3.7395963 1.66038366
vt 1.66038366 8.4167657
vt 3.71706133 1.60300911
vt -3.70351434 1.60300911
vt 3.67847469 1.22028329
vt 3.67847469 8.47932866
vt 3.67847469 1.55067748
vt -3.66492583 1.22028329
vt -3.66492583 8.48053717
vt -3.66492583 1.55067748
vt 3.63762021 1.50371703
vt -3.62406949 1.50371703
vt 3.59474782 1.22028329
vt 3.59474782 8.53063454
vt 3.59474782 1.46241869
vt -3.58119896 1.22028329
vt -3.58119896 8.53184678
vt -3.58119896 1.46241869
vt 3.55012606 1.42702864
vt 1.22028329 8.55228707
vt 2.98869317 1.22028329
vt 2.98869317 8.55228707
vt 1.42517111 8.55228707
vt 2.98869317 1.42517111
vt -3.53657534 1.42702864
vt -2.97514431 1.22028329
vt -2.97514431 8.55349932
vt 1.22028329 8.55349932
vt -2.97514431 1.42517111
vt 1.42517111 8.55349932
vt 3.50402351 1.22028329
vt 3.50402351 8.56821409
vt 3.50402351 1.3977744
vt -3.49047652 1.22028329
vt -3.49047652 8.56942633
vt -3.49047652 1.3977744
vt 3.01248671 1.22028329
vt 3.01248671 8.57204478
vt 3.01248671 1.39118353
vt -2.99893599 1.22028329
vt -2.99893599 8.57325329
vt -2.99893599 1.39118353
vt 3.45673482 1.37483129
vt -3.4431841 1.37483129
vt 3.03970065 1.22028329
vt 3.03970065 8.58673717
vt 3.03970065 1.36591291
vt -3.02614992 1.22028329
vt -3.02614992 8.58794568
vt -3.02614992 1.36591291
vt 3.40853974 1.22028329
vt 3.40853974 8.59113855
vt 3.40853974 1.35834105
vt 3.05425876 1.35686771
vt -3.39499275 1.22028329
vt -3.39499275 8.59234706
vt -3.39499275 1.35834105
vt -3.04071177 1.35686771
vt 3.06927193 1.22028329
vt 3.06927193 8.5957861
vt 3.06927193 1.35034397
vt 3.35974414 1.34840438
vt -3.05572121 1.22028329
vt -3.05572121 8.59699461
vt -3.05572121 1.35034397
vt 3.0845835 1.34640512
vt -3.34619529 1.34840438
vt 3.10004427 1.22028329
vt 3.10004427 8.59884096
vt 3.10004427 1.3450847
vt 3.31064641 1.22028329
vt 3.31064641 8.59884096
vt 3.31064641 1.3450847
vt -3.07103278 1.34640512
vt -3.29709756 1.22028329
vt -3.29709756 8.6000532
vt -3.29709756 1.3450847
vt -3.08649727 1.22028329
vt -3.08649727 8.6000532
vt -3.08649727 1.3450847
f 265/265 262/262 280/280
f 280/280 262/262 278/278
f 276/276 280/280 274/274
f 274/274 280/280 278/278
f 276/276 274/274 314/314
f 276/276 314/314 316/316
f 316/316 314/314 322/322
f 316/316 322/322 324/324
f 324/324 322/322 330/330
f 324/324 330/330 332/332
f 332/332 330/330 338/338
f 332/332 338/338 340/340
f 340/340 338/338 346/346
f 340/340 346/346 348/348
f 348/348 346/346 354/354
f 348/348 354/354 356/356
f 356/356 354/354 358/358
f 356/356 358/358 361/361
f 566/566 362/362 564/564
f 564/564 362/362 359/359
f 566/566 564/564 582/582
f 566/566 582/582 584/584
f 584/584 582/582 608/608
f 584/584 608/608 610/610
f 610/610 608/608 656/656
f 610/610 656/656 658/658
f 658/658 656/656 682/682
f 658/658 682/682 684/684
f 684/684 682/682 698/698
f 684/684 698/698 700/700
f 723/723 728/728 726/726
f 726/726 728/728 730/730
f 726/726 730/730 716/716
f 716/716 730/730 719/719
f 730/730 728/728 708/708
f 730/730 708/708 710/710
f 710/710 708/708 690/690
f 710/710 690/690 692/692
f 692/692 690/690 674/674
f 692/692 674/674 676/676
f 676/676 674/674 665/665
f 676/676 665/665 667/667
f 548/548 668/668 543/543
f 543/543 668/668 663/663
f 547/547 545/545 506/506
f 506/506 545/545 504/504
f 506/506 504/504 466/466
f 466/466 504/504 464/464
f 466/466 464/464 458/458
f 458/458 464/464 456/456
f 458/458 456/456 470/470
f 470/470 456/456 468/468
f 470/470 468/468 510/510
f 510/510 468/468 508/508
f 510/510 508/508 553/553
f 553/553 508/508 551/551
f 594/594 554/554 589/589
f 589/589 554/554 549/549
f 145/145 143/143 82/82
f 82/82 143/143 79/79
f 72/72 73/73 81/81
f 81/81 73/73 77/77
f 81/81 77/77 83/83
f 64/64 46/46 47/47
f 47/47 56/56 64/64
f 64/64 56/56 65/65
f 64/64 65/65 72/72
f 72/72 65/65 69/69
f 72/72 69/69 73/73
f 25/25 5/5 6/6
f 6/6 14/14 25/25
f 25/25 14/14 26/26
f 25/25 26/26 46/46
f 46/46 26/26 37/37
f 46/46 37/37 47/47
f 5/5 2/2 6/6
f 6/6 2/2 3/3
f 440/440 488/488 718/718
f 377/377 416/416 211/211
f 609/609 657/657 482/482
f 482/482 657/657 683/683
f 482/482 683/683 699/699
f 386/386 279/279 275/275
f 211/211 208/208 377/377
f 377/377 208/208 223/223
f 377/377 223/223 410/410
f 410/410 223/223 231/231
f 410/410 231/231 239/239
f 675/675 666/666 528/528
f 528/528 666/666 546/546
f 528/528 546/546 416/416
f 255/255 290/290 369/369
f 369/369 290/290 284/284
f 369/369 284/284 386/386
f 386/386 284/284 264/264
f 386/386 264/264 279/279
f 546/546 505/505 416/416
f 416/416 505/505 465/465
f 416/416 465/465 211/211
f 211/211 465/465 457/457
f 211/211 457/457 469/469
f 575/575 709/709 528/528
f 528/528 709/709 691/691
f 528/528 691/691 675/675
f 392/392 440/440 522/522
f 522/522 440/440 718/718
f 522/522 718/718 575/575
f 575/575 718/718 729/729
f 575/575 729/729 709/709
f 339/339 275/275 331/331
f 331/331 275/275 315/315
f 331/331 315/315 323/323
f 255/255 369/369 247/247
f 247/247 369/369 392/392
f 247/247 392/392 239/239
f 239/239 392/392 522/522
f 239/239 522/522 410/410
f 339/339 347/347 275/275
f 275/275 347/347 355/355
f 275/275 355/355 386/386
f 386/386 355/355 360/360
f 386/386 360/360 434/434
f 434/434 360/360 565/565
f 434/434 565/565 482/482
f 482/482 565/565 583/583
f 482/482 583/583 609/609
f 637/637 592/592 649/649
f 649/649 592/592 613/613
f 649/649 613/613 633/633
f 469/469 509/509 211/211
f 211/211 509/509 552/552
f 211/211 552/552 597/597
f 597/597 552/552 592/592
f 597/597 592/592 617/617
f 617/617 592/592 637/637
f 126/126 80/80 144/144
f 126/126 120/120 112/112
f 4/4 24/24 126/126
f 126/126 24/24 45/45
f 550/550 507/507 144/144
f 144/144 507/507 467/467
f 144/144 467/467 455/455
f 88/88 52/52 126/126
f 126/126 52/52 39/39
f 126/126 39/39 31/31
f 45/45 63/63 126/126
f 126/126 63/63 71/71
f 126/126 71/71 80/80
f 31/31 16/16 126/126
f 126/126 16/16 1/1
f 126/126 1/1 4/4
f 112/112 104/104 126/126
f 126/126 104/104 96/96
f 126/126 96/96 88/88
f 503/503 544/544 526/526
f 526/526 544/544 664/664
f 526/526 664/664 673/673
f 673/673 689/689 526/526
f 526/526 689/689 707/707
f 526/526 707/707 573/573
f 573/573 707/707 727/727
f 573/573 727/727 520/520
f 520/520 727/727 722/722
f 520/520 722/722 408/408
f 408/408 722/722 126/126
f 408/408 126/126 375/375
f 375/375 126/126 144/144
f 375/375 144/144 414/414
f 414/414 144/144 455/455
f 414/414 455/455 526/526
f 526/526 455/455 463/463
f 526/526 463/463 503/503
f 197/197 173/173 189/189
f 189/189 173/173 181/181
f 631/631 611/611 647/647
f 647/647 611/611 590/590
f 647/647 590/590 635/635
f 144/144 157/157 197/197
f 197/197 157/157 165/165
f 197/197 165/165 173/173
f 144/144 197/197 550/550
f 550/550 197/197 595/595
f 550/550 595/595 590/590
f 590/590 595/595 615/615
f 590/590 615/615 635/635
f 128/128 125/125 724/724
f 724/724 125/125 721/721
f 715/715 485/485 725/725
f 725/725 485/485 437/437
f 345/345 337/337 367/367
f 367/367 337/337 329/329
f 367/367 329/329 321/321
f 655/655 479/479 681/681
f 681/681 479/479 697/697
f 253/253 725/725 287/287
f 287/287 725/725 437/437
f 287/287 437/437 281/281
f 281/281 437/437 389/389
f 253/253 246/246 725/725
f 725/725 246/246 238/238
f 725/725 238/238 230/230
f 261/261 281/281 277/277
f 277/277 281/281 389/389
f 277/277 389/389 273/273
f 273/273 389/389 367/367
f 273/273 367/367 313/313
f 313/313 367/367 321/321
f 655/655 607/607 479/479
f 479/479 607/607 581/581
f 479/479 581/581 431/431
f 431/431 581/581 563/563
f 431/431 563/563 383/383
f 383/383 563/563 357/357
f 383/383 357/357 367/367
f 367/367 357/357 353/353
f 367/367 353/353 345/345
f 123/123 129/129 207/207
f 207/207 129/129 725/725
f 207/207 725/725 222/222
f 222/222 725/725 230/230
f 127/127 130/130 121/121
f 121/121 130/130 124/124
f 288/288 282/282 291/291
f 291/291 282/282 285/285
f 111/111 119/119 113/113
f 113/113 119/119 122/122
f 113/113 122/122 210/210
f 210/210 122/122 206/206
f 286/286 283/283 266/266
f 266/266 283/283 263/263
f 212/212 598/598 200/200
f 200/200 598/598 596/596
f 200/200 596/596 198/198
f 54/54 51/51 89/89
f 89/89 51/51 87/87
f 596/596 598/598 618/618
f 596/596 618/618 616/616
f 616/616 618/618 638/638
f 616/616 638/638 636/636
f 636/636 638/638 650/650
f 636/636 650/650 648/648
f 648/648 650/650 634/634
f 648/648 634/634 632/632
f 632/632 634/634 614/614
f 632/632 614/614 612/612
f 612/612 614/614 593/593
f 612/612 593/593 591/591
f 199/199 196/196 188/188
f 199/199 188/188 190/190
f 190/190 188/188 180/180
f 190/190 180/180 182/182
f 182/182 180/180 172/172
f 182/182 172/172 174/174
f 174/174 172/172 164/164
f 174/174 164/164 166/166
f 166/166 164/164 156/156
f 166/166 156/156 158/158
f 158/158 156/156 143/143
f 158/158 143/143 145/145
f 3/3 2/2 7/7
f 7/7 2/2 17/17
f 7/7 17/17 18/18
f 18/18 17/17 23/23
f 23/23 17/17 32/32
f 23/23 32/32 33/33
f 33/33 32/32 40/40
f 33/33 40/40 41/41
f 41/41 40/40 53/53
f 41/41 53/53 55/55
f 89/89 87/87 95/95
f 89/89 95/95 97/97
f 97/97 95/95 103/103
f 97/97 103/103 105/105
f 105/105 103/103 111/111
f 105/105 111/111 113/113
f 210/210 206/206 224/224
f 224/224 206/206 221/221
f 224/224 221/221 232/232
f 232/232 221/221 229/229
f 232/232 229/229 240/240
f 240/240 229/229 237/237
f 240/240 237/237 248/248
f 248/248 237/237 245/245
f 248/248 245/245 256/256
f 256/256 245/245 254/254
f 256/256 254/254 292/292
f 292/292 254/254 289/289
f 436/436 433/433 388/388
f 388/388 433/433 385/385
f 387/387 384/384 370/370
f 370/370 384/384 368/368
f 370/370 368/368 393/393
f 393/393 368/368 390/390
f 394/394 391/391 442/442
f 442/442 391/391 439/439
f 489/489 441/441 486/486
f 486/486 441/441 438/438
f 480/480 432/432 483/483
f 483/483 432/432 435/435
f 519/519 407/407 524/524
f 524/524 407/407 412/412
f 409/409 376/376 411/411
f 411/411 376/376 378/378
f 376/376 415/415 378/378
f 378/378 415/415 417/417
f 413/413 525/525 418/418
f 418/418 525/525 530/530
f 527/527 574/574 529/529
f 529/529 574/574 576/576
f 574/574 521/521 576/576
f 576/576 521/521 523/523
f 106/106 77/77 73/73
f 209/209 212/212 114/114
f 114/114 212/212 200/200
f 114/114 175/175 167/167
f 200/200 191/191 114/114
f 114/114 191/191 183/183
f 114/114 183/183 175/175
f 167/167 159/159 114/114
f 114/114 159/159 146/146
f 114/114 146/146 106/106
f 106/106 146/146 83/83
f 106/106 83/83 77/77
f 3/3 55/55 6/6
f 6/6 55/55 90/90
f 73/73 69/69 106/106
f 106/106 69/69 65/65
f 106/106 65/65 56/56
f 41/41 55/55 33/33
f 33/33 55/55 23/23
f 3/3 7/7 55/55
f 55/55 7/7 18/18
f 55/55 18/18 23/23
f 56/56 47/47 106/106
f 106/106 47/47 37/37
f 106/106 37/37 26/26
f 90/90 98/98 6/6
f 6/6 98/98 106/106
f 6/6 106/106 14/14
f 14/14 106/106 26/26
f 481/481 484/484 698/698
f 698/698 484/484 700/700
f 490/490 487/487 720/720
f 720/720 487/487 717/717
f 1270/1270 1268/1268 1253/1253
f 1253/1253 1268/1268 1250/1250
f 1270/1270 1331/1331 1268/1268
f 1268/1268 1331/1331 1328/1328
f 1461/1461 1459/1459 1445/1445
f 1461/1461 1445/1445 1447/1447
f 1447/1447 1445/1445 1429/1429
f 1447/1447 1429/1429 1431/1431
f 1431/1431 1429/1429 1401/1401
f 1431/1431 1401/1401 1403/1403
f 1403/1403 1401/1401 1373/1373
f 1403/1403 1373/1373 1375/1375
f 1375/1375 1373/1373 1343/1343
f 1375/1375 1343/1343 1345/1345
f 1345/1345 1343/1343 1330/1330
f 1345/1345 1330/1330 1333/1333
f 1461/1461 1457/1457 1459/1459
f 1459/1459 1457/1457 1454/1454
f 1349/1349 1346/1346 1376/1376
f 1349/1349 1376/1376 1378/1378
f 1378/1378 1376/1376 1404/1404
f 1378/1378 1404/1404 1406/1406
f 1406/1406 1404/1404 1432/1432
f 1406/1406 1432/1432 1434/1434
f 1434/1434 1432/1432 1448/1448
f 1434/1434 1448/1448 1450/1450
f 1450/1450 1448/1448 1452/1452
f 1450/1450 1452/1452 1455/1455
f 1029/1029 1080/1080 1083/1083
f 1300/1300 1303/1303 1083/1083
f 1083/1083 1303/1303 1031/1031
f 1083/1083 1031/1031 1029/1029
f 964/964 962/962 973/973
f 964/964 973/973 975/975
f 975/975 973/973 982/982
f 975/975 982/982 984/984
f 984/984 982/982 991/991
f 984/984 991/991 993/993
f 993/993 991/991 1029/1029
f 993/993 1029/1029 1031/1031
f 964/964 943/943 962/962
f 962/962 943/943 941/941
f 873/873 871/871 884/884
f 884/884 871/871 882/882
f 884/884 882/882 896/896
f 896/896 882/882 894/894
f 896/896 894/894 911/911
f 911/911 894/894 909/909
f 911/911 909/909 921/921
f 921/921 909/909 919/919
f 921/921 919/919 932/932
f 932/932 919/919 930/930
f 932/932 930/930 943/943
f 943/943 930/930 941/941
f 873/873 865/865 871/871
f 871/871 865/865 863/863
f 796/796 799/799 879/879
f 879/879 799/799 881/881
f 1013/1013 1011/1011 981/981
f 981/981 1011/1011 959/959
f 981/981 959/959 961/961
f 961/961 959/959 957/957
f 957/957 959/959 951/951
f 957/957 951/951 953/953
f 953/953 951/951 945/945
f 945/945 951/951 927/927
f 945/945 927/927 929/929
f 929/929 927/927 917/917
f 917/917 927/927 903/903
f 917/917 903/903 905/905
f 905/905 903/903 893/893
f 893/893 903/903 879/879
f 893/893 879/879 881/881
f 1065/1065 1011/1011 1067/1067
f 1067/1067 1011/1011 1013/1013
f 1271/1271 1254/1254 1248/1248
f 1044/1044 1163/1163 812/812
f 1430/1430 1402/1402 1327/1327
f 1327/1327 1402/1402 1374/1374
f 1304/1304 1310/1310 1032/1032
f 1032/1032 1310/1310 1280/1280
f 1374/1374 1344/1344 1327/1327
f 1327/1327 1344/1344 1332/1332
f 1327/1327 1332/1332 1286/1286
f 1407/1407 1356/1356 1379/1379
f 1379/1379 1356/1356 1350/1350
f 812/812 897/897 912/912
f 1407/1407 1435/1435 1356/1356
f 1356/1356 1435/1435 1451/1451
f 1356/1356 1451/1451 1392/1392
f 1392/1392 1451/1451 1456/1456
f 1392/1392 1456/1456 1398/1398
f 1398/1398 1456/1456 1460/1460
f 1398/1398 1460/1460 1327/1327
f 1327/1327 1460/1460 1446/1446
f 1327/1327 1446/1446 1430/1430
f 933/933 944/944 999/999
f 999/999 944/944 965/965
f 999/999 965/965 976/976
f 858/858 866/866 818/818
f 818/818 866/866 874/874
f 818/818 874/874 812/812
f 812/812 874/874 885/885
f 812/812 885/885 897/897
f 1044/1044 812/812 1005/1005
f 1005/1005 812/812 912/912
f 1005/1005 912/912 999/999
f 999/999 912/912 922/922
f 999/999 922/922 933/933
f 1063/1063 1205/1205 1044/1044
f 1044/1044 1205/1205 1178/1178
f 1044/1044 1178/1178 1163/1163
f 1237/1237 1229/1229 1057/1057
f 1057/1057 1229/1229 1221/1221
f 1057/1057 1221/1221 1063/1063
f 1063/1063 1221/1221 1213/1213
f 1063/1063 1213/1213 1205/1205
f 826/826 834/834 842/842
f 1332/1332 1271/1271 1286/1286
f 1286/1286 1271/1271 1248/1248
f 1286/1286 1248/1248 1280/1280
f 1248/1248 1237/1237 1280/1280
f 1280/1280 1237/1237 1057/1057
f 1280/1280 1057/1057 1032/1032
f 1032/1032 1057/1057 1040/1040
f 1032/1032 1040/1040 994/994
f 994/994 1040/1040 999/999
f 994/994 999/999 985/985
f 985/985 999/999 976/976
f 826/826 842/842 818/818
f 818/818 842/842 850/850
f 818/818 850/850 858/858
f 1171/1171 1166/1166 1087/1087
f 1087/1087 1012/1012 1066/1066
f 779/779 797/797 792/792
f 1002/1002 797/797 1042/1042
f 1042/1042 797/797 880/880
f 1124/1124 1130/1130 1087/1087
f 1087/1087 1130/1130 1139/1139
f 1002/1002 996/996 942/942
f 983/983 974/974 996/996
f 996/996 974/974 963/963
f 996/996 963/963 942/942
f 1066/1066 1110/1110 1087/1087
f 1087/1087 1110/1110 1118/1118
f 1087/1087 1118/1118 1124/1124
f 880/880 904/904 1042/1042
f 1042/1042 904/904 928/928
f 1042/1042 928/928 952/952
f 942/942 931/931 1002/1002
f 1002/1002 931/931 920/920
f 1002/1002 920/920 797/797
f 797/797 920/920 910/910
f 797/797 910/910 895/895
f 792/792 797/797 816/816
f 1139/1139 1147/1147 1087/1087
f 1087/1087 1147/1147 1155/1155
f 1087/1087 1155/1155 1171/1171
f 952/952 960/960 1042/1042
f 1042/1042 960/960 1012/1012
f 1042/1042 1012/1012 1060/1060
f 1060/1060 1012/1012 1087/1087
f 1060/1060 1087/1087 1054/1054
f 1054/1054 1087/1087 1081/1081
f 1054/1054 1081/1081 1038/1038
f 1038/1038 1081/1081 1030/1030
f 1038/1038 1030/1030 996/996
f 996/996 1030/1030 992/992
f 996/996 992/992 983/983
f 856/856 848/848 816/816
f 816/816 848/848 840/840
f 816/816 840/840 824/824
f 824/824 840/840 832/832
f 792/792 775/775 779/779
f 779/779 775/775 755/755
f 779/779 755/755 759/759
f 759/759 755/755 747/747
f 759/759 747/747 751/751
f 895/895 883/883 797/797
f 797/797 883/883 872/872
f 797/797 872/872 816/816
f 816/816 872/872 864/864
f 816/816 864/864 856/856
f 1088/1088 1091/1091 1082/1082
f 1082/1082 1091/1091 1085/1085
f 1277/1277 1307/1307 1301/1301
f 1235/1235 1245/1245 1325/1325
f 1325/1325 1245/1245 1395/1395
f 1433/1433 1405/1405 1353/1353
f 1353/1353 1405/1405 1377/1377
f 1353/1353 1377/1377 1347/1347
f 1245/1245 1251/1251 1395/1395
f 1395/1395 1251/1251 1269/1269
f 1395/1395 1269/1269 1329/1329
f 1090/1090 1169/1169 1084/1084
f 1084/1084 1169/1169 1160/1160
f 1160/1160 1176/1176 1084/1084
f 1084/1084 1176/1176 1203/1203
f 1084/1084 1203/1203 1211/1211
f 1395/1395 1458/1458 1389/1389
f 1389/1389 1458/1458 1453/1453
f 1389/1389 1453/1453 1353/1353
f 1353/1353 1453/1453 1449/1449
f 1353/1353 1449/1449 1433/1433
f 1301/1301 1084/1084 1277/1277
f 1277/1277 1084/1084 1211/1211
f 1277/1277 1211/1211 1283/1283
f 1283/1283 1211/1211 1219/1219
f 1283/1283 1219/1219 1325/1325
f 1325/1325 1219/1219 1227/1227
f 1325/1325 1227/1227 1235/1235
f 1329/1329 1342/1342 1395/1395
f 1395/1395 1342/1342 1372/1372
f 1395/1395 1372/1372 1400/1400
f 1400/1400 1428/1428 1395/1395
f 1395/1395 1428/1428 1444/1444
f 1395/1395 1444/1444 1458/1458
f 1089/1089 1086/1086 1168/1168
f 1168/1168 1086/1086 1165/1165
f 1244/1244 1234/1234 1247/1247
f 1247/1247 1234/1234 1236/1236
f 1164/1164 1161/1161 1170/1170
f 1167/1167 1172/1172 1170/1170
f 1170/1170 1172/1172 1174/1174
f 1170/1170 1174/1174 1164/1164
f 1246/1246 1249/1249 1252/1252
f 1252/1252 1249/1249 1255/1255
f 791/791 815/815 794/794
f 794/794 815/815 817/817
f 794/794 817/817 811/811
f 1131/1131 1133/1133 1140/1140
f 1140/1140 1133/1133 1142/1142
f 863/863 865/865 857/857
f 863/863 857/857 855/855
f 855/855 857/857 849/849
f 855/855 849/849 847/847
f 847/847 849/849 841/841
f 847/847 841/841 839/839
f 839/839 841/841 833/833
f 839/839 833/833 831/831
f 831/831 833/833 825/825
f 831/831 825/825 823/823
f 823/823 825/825 817/817
f 823/823 817/817 815/815
f 800/800 798/798 780/780
f 800/800 780/780 782/782
f 782/782 780/780 760/760
f 782/782 760/760 762/762
f 762/762 760/760 752/752
f 762/762 752/752 754/754
f 754/754 752/752 748/748
f 754/754 748/748 750/750
f 750/750 748/748 756/756
f 750/750 756/756 758/758
f 758/758 756/756 776/776
f 758/758 776/776 778/778
f 778/778 776/776 793/793
f 778/778 793/793 795/795
f 1132/1132 1129/1129 1123/1123
f 1132/1132 1123/1123 1125/1125
f 1125/1125 1123/1123 1117/1117
f 1125/1125 1117/1117 1119/1119
f 1109/1109 1065/1065 1067/1067
f 1067/1067 1095/1095 1109/1109
f 1109/1109 1095/1095 1111/1111
f 1109/1109 1111/1111 1117/1117
f 1117/1117 1111/1111 1115/1115
f 1117/1117 1115/1115 1119/1119
f 1174/1174 1172/1172 1156/1156
f 1174/1174 1156/1156 1158/1158
f 1158/1158 1156/1156 1148/1148
f 1158/1158 1148/1148 1150/1150
f 1150/1150 1148/1148 1140/1140
f 1150/1150 1140/1140 1142/1142
f 1236/1236 1234/1234 1228/1228
f 1228/1228 1234/1234 1226/1226
f 1228/1228 1226/1226 1220/1220
f 1220/1220 1226/1226 1218/1218
f 1220/1220 1218/1218 1212/1212
f 1212/1212 1218/1218 1210/1210
f 1212/1212 1210/1210 1204/1204
f 1204/1204 1210/1210 1202/1202
f 1204/1204 1202/1202 1177/1177
f 1177/1177 1202/1202 1175/1175
f 1177/1177 1175/1175 1162/1162
f 1162/1162 1175/1175 1159/1159
f 1390/1390 1393/1393 1396/1396
f 1396/1396 1393/1393 1399/1399
f 1394/1394 1397/1397 1324/1324
f 1324/1324 1397/1397 1326/1326
f 1324/1324 1326/1326 1282/1282
f 1282/1282 1326/1326 1285/1285
f 1284/1284 1287/1287 1278/1278
f 1278/1278 1287/1287 1281/1281
f 1279/1279 1309/1309 1276/1276
f 1276/1276 1309/1309 1306/1306
f 1388/1388 1352/1352 1391/1391
f 1391/1391 1352/1352 1355/1355
f 1061/1061 1055/1055 1064/1064
f 1064/1064 1055/1055 1058/1058
f 1041/1041 1059/1059 1043/1043
f 1043/1043 1059/1059 1062/1062
f 1001/1001 1041/1041 1004/1004
f 1004/1004 1041/1041 1043/1043
f 997/997 1003/1003 1000/1000
f 1000/1000 1003/1003 1006/1006
f 1037/1037 995/995 1039/1039
f 1039/1039 995/995 998/998
f 1053/1053 1037/1037 1056/1056
f 1056/1056 1037/1037 1039/1039
f 1141/1141 1132/1132 1013/1013
f 781/781 761/761 1173/1173
f 1141/1141 1013/1013 1149/1149
f 945/945 929/929 1157/1157
f 1157/1157 929/929 917/917
f 1157/1157 917/917 905/905
f 905/905 893/893 1157/1157
f 1157/1157 893/893 881/881
f 1157/1157 881/881 1173/1173
f 1173/1173 881/881 799/799
f 1173/1173 799/799 781/781
f 761/761 753/753 1173/1173
f 1173/1173 753/753 749/749
f 1173/1173 749/749 757/757
f 811/811 1162/1162 794/794
f 794/794 1162/1162 1173/1173
f 794/794 1173/1173 777/777
f 777/777 1173/1173 757/757
f 1125/1125 1119/1119 1132/1132
f 1132/1132 1119/1119 1115/1115
f 1132/1132 1115/1115 1111/1111
f 1111/1111 1095/1095 1132/1132
f 1132/1132 1095/1095 1067/1067
f 1132/1132 1067/1067 1013/1013
f 961/961 957/957 1157/1157
f 1157/1157 957/957 953/953
f 1157/1157 953/953 945/945
f 1149/1149 1013/1013 1157/1157
f 1157/1157 1013/1013 981/981
f 1157/1157 981/981 961/961
f 1357/1357 1354/1354 1351/1351
f 1351/1351 1354/1354 1348/1348
f 1308/1308 1311/1311 1302/1302
f 1302/1302 1311/1311 1305/1305
f 1483/1483 1482/1482 1481/1481
f 1481/1481 1482/1482 1480/1480
f 2682/2682 2680/2680 2717/2717
f 2717/2717 2680/2680 2714/2714
f 2682/2682 2677/2677 2680/2680
f 2680/2680 2677/2677 2674/2674
f 2627/2627 2625/2625 2635/2635
f 2627/2627 2635/2635 2637/2637
f 2637/2637 2635/2635 2643/2643
f 2637/2637 2643/2643 2645/2645
f 2645/2645 2643/2643 2651/2651
f 2645/2645 2651/2651 2653/2653
f 2653/2653 2651/2651 2659/2659
f 2653/2653 2659/2659 2661/2661
f 2661/2661 2659/2659 2667/2667
f 2661/2661 2667/2667 2669/2669
f 2669/2669 2667/2667 2676/2676
f 2669/2669 2676/2676 2679/2679
f 2627/2627 2419/2419 2625/2625
f 2625/2625 2419/2419 2416/2416
f 2271/2271 2268/2268 2286/2286
f 2271/2271 2286/2286 2288/2288
f 2288/2288 2286/2286 2310/2310
f 2288/2288 2310/2310 2312/2312
f 2312/2312 2310/2310 2350/2350
f 2312/2312 2350/2350 2352/2352
f 2352/2352 2350/2350 2398/2398
f 2352/2352 2398/2398 2400/2400
f 2400/2400 2398/2398 2414/2414
f 2400/2400 2414/2414 2417/2417
f 2240/2240 2235/2235 2238/2238
f 2228/2228 2231/2231 2238/2238
f 2238/2238 2231/2231 2242/2242
f 2238/2238 2242/2242 2240/2240
f 2301/2301 2299/2299 2294/2294
f 2301/2301 2294/2294 2296/2296
f 2296/2296 2294/2294 2278/2278
f 2296/2296 2278/2278 2280/2280
f 2280/2280 2278/2278 2260/2260
f 2280/2280 2260/2260 2262/2262
f 2262/2262 2260/2260 2240/2240
f 2262/2262 2240/2240 2242/2242
f 2303/2303 2429/2429 2298/2298
f 2298/2298 2429/2429 2424/2424
f 2433/2433 2431/2431 2478/2478
f 2478/2478 2431/2431 2476/2476
f 2478/2478 2476/2476 2518/2518
f 2518/2518 2476/2476 2516/2516
f 2518/2518 2516/2516 2530/2530
f 2530/2530 2516/2516 2528/2528
f 2530/2530 2528/2528 2514/2514
f 2514/2514 2528/2528 2512/2512
f 2514/2514 2512/2512 2474/2474
f 2474/2474 2512/2512 2472/2472
f 2474/2474 2472/2472 2427/2427
f 2427/2427 2472/2472 2425/2425
f 2435/2435 2379/2379 2430/2430
f 2430/2430 2379/2379 2374/2374
f 2835/2835 2837/2837 2899/2899
f 2899/2899 2837/2837 2902/2902
f 2979/2979 2977/2977 2968/2968
f 2968/2968 2977/2977 2957/2957
f 2968/2968 2957/2957 2959/2959
f 2959/2959 2957/2957 2949/2949
f 2949/2949 2957/2957 2937/2937
f 2949/2949 2937/2937 2939/2939
f 2939/2939 2937/2937 2925/2925
f 2925/2925 2937/2937 2919/2919
f 2925/2925 2919/2919 2921/2921
f 2921/2921 2919/2919 2917/2917
f 2917/2917 2919/2919 2911/2911
f 2917/2917 2911/2911 2913/2913
f 2913/2913 2911/2911 2909/2909
f 2909/2909 2911/2911 2900/2900
f 2909/2909 2900/2900 2903/2903
f 2974/2974 2977/2977 2976/2976
f 2976/2976 2977/2977 2979/2979
f 2683/2683 2718/2718 2688/2688
f 2498/2498 2546/2546 2452/2452
f 2644/2644 2652/2652 2619/2619
f 2619/2619 2652/2652 2660/2660
f 2660/2660 2668/2668 2619/2619
f 2619/2619 2668/2668 2678/2678
f 2619/2619 2678/2678 2594/2594
f 2313/2313 2492/2492 2289/2289
f 2289/2289 2492/2492 2272/2272
f 2313/2313 2353/2353 2492/2492
f 2492/2492 2353/2353 2401/2401
f 2492/2492 2401/2401 2540/2540
f 2540/2540 2401/2401 2418/2418
f 2540/2540 2418/2418 2588/2588
f 2588/2588 2418/2418 2626/2626
f 2588/2588 2626/2626 2619/2619
f 2619/2619 2626/2626 2636/2636
f 2619/2619 2636/2636 2644/2644
f 2761/2761 2611/2611 2753/2753
f 2753/2753 2611/2611 2564/2564
f 2678/2678 2683/2683 2594/2594
f 2594/2594 2683/2683 2688/2688
f 2594/2594 2688/2688 2546/2546
f 2546/2546 2688/2688 2693/2693
f 2546/2546 2693/2693 2452/2452
f 2693/2693 2729/2729 2452/2452
f 2452/2452 2729/2729 2737/2737
f 2452/2452 2737/2737 2564/2564
f 2564/2564 2737/2737 2745/2745
f 2564/2564 2745/2745 2753/2753
f 2475/2475 2428/2428 2458/2458
f 2458/2458 2428/2428 2302/2302
f 2458/2458 2302/2302 2297/2297
f 2378/2378 2434/2434 2385/2385
f 2385/2385 2434/2434 2774/2774
f 2434/2434 2479/2479 2774/2774
f 2774/2774 2479/2479 2519/2519
f 2774/2774 2519/2519 2531/2531
f 2761/2761 2770/2770 2611/2611
f 2611/2611 2770/2770 2774/2774
f 2611/2611 2774/2774 2570/2570
f 2570/2570 2774/2774 2531/2531
f 2570/2570 2531/2531 2458/2458
f 2458/2458 2531/2531 2515/2515
f 2458/2458 2515/2515 2475/2475
f 2297/2297 2281/2281 2458/2458
f 2458/2458 2281/2281 2263/2263
f 2458/2458 2263/2263 2409/2409
f 2409/2409 2263/2263 2243/2243
f 2409/2409 2243/2243 2452/2452
f 2452/2452 2243/2243 2232/2232
f 2452/2452 2232/2232 2498/2498
f 2321/2321 2337/2337 2325/2325
f 2325/2325 2337/2337 2341/2341
f 2385/2385 2365/2365 2378/2378
f 2378/2378 2365/2365 2341/2341
f 2378/2378 2341/2341 2361/2361
f 2361/2361 2341/2341 2337/2337
f 2868/2868 2845/2845 2851/2851
f 2938/2938 2958/2958 2851/2851
f 2851/2851 2958/2958 2978/2978
f 2851/2851 2978/2978 2975/2975
f 2832/2832 2836/2836 2784/2784
f 2944/2944 2928/2928 2851/2851
f 2851/2851 2928/2928 2892/2892
f 2609/2609 2851/2851 2562/2562
f 2562/2562 2851/2851 2236/2236
f 2562/2562 2236/2236 2450/2450
f 2609/2609 2568/2568 2851/2851
f 2851/2851 2568/2568 2836/2836
f 2851/2851 2836/2836 2901/2901
f 2901/2901 2912/2912 2851/2851
f 2851/2851 2912/2912 2920/2920
f 2851/2851 2920/2920 2938/2938
f 2568/2568 2456/2456 2426/2426
f 2279/2279 2295/2295 2456/2456
f 2456/2456 2295/2295 2300/2300
f 2456/2456 2300/2300 2426/2426
f 2975/2975 2966/2966 2851/2851
f 2851/2851 2966/2966 2952/2952
f 2851/2851 2952/2952 2944/2944
f 2517/2517 2477/2477 2836/2836
f 2836/2836 2477/2477 2432/2432
f 2892/2892 2884/2884 2851/2851
f 2851/2851 2884/2884 2876/2876
f 2851/2851 2876/2876 2868/2868
f 2426/2426 2473/2473 2568/2568
f 2568/2568 2473/2473 2513/2513
f 2568/2568 2513/2513 2836/2836
f 2836/2836 2513/2513 2529/2529
f 2836/2836 2529/2529 2517/2517
f 2450/2450 2236/2236 2407/2407
f 2407/2407 2236/2236 2241/2241
f 2407/2407 2241/2241 2456/2456
f 2456/2456 2241/2241 2261/2261
f 2456/2456 2261/2261 2279/2279
f 2784/2784 2836/2836 2382/2382
f 2382/2382 2836/2836 2432/2432
f 2382/2382 2432/2432 2376/2376
f 2784/2784 2792/2792 2832/2832
f 2832/2832 2792/2792 2800/2800
f 2832/2832 2800/2800 2824/2824
f 2824/2824 2800/2800 2808/2808
f 2824/2824 2808/2808 2816/2816
f 2323/2323 2339/2339 2319/2319
f 2319/2319 2339/2339 2335/2335
f 2376/2376 2359/2359 2382/2382
f 2382/2382 2359/2359 2335/2335
f 2382/2382 2335/2335 2363/2363
f 2363/2363 2335/2335 2339/2339
f 2849/2849 2852/2852 2234/2234
f 2234/2234 2852/2852 2237/2237
f 2543/2543 2495/2495 2229/2229
f 2351/2351 2311/2311 2489/2489
f 2489/2489 2311/2311 2287/2287
f 2489/2489 2287/2287 2269/2269
f 2691/2691 2685/2685 2617/2617
f 2617/2617 2685/2685 2585/2585
f 2685/2685 2715/2715 2585/2585
f 2585/2585 2715/2715 2681/2681
f 2585/2585 2681/2681 2675/2675
f 2854/2854 2848/2848 2239/2239
f 2239/2239 2848/2848 2768/2768
f 2768/2768 2759/2759 2239/2239
f 2239/2239 2759/2759 2751/2751
f 2239/2239 2751/2751 2743/2743
f 2585/2585 2650/2650 2642/2642
f 2229/2229 2239/2239 2543/2543
f 2543/2543 2239/2239 2743/2743
f 2543/2543 2743/2743 2591/2591
f 2591/2591 2743/2743 2735/2735
f 2591/2591 2735/2735 2617/2617
f 2617/2617 2735/2735 2727/2727
f 2617/2617 2727/2727 2691/2691
f 2675/2675 2666/2666 2585/2585
f 2585/2585 2666/2666 2658/2658
f 2585/2585 2658/2658 2650/2650
f 2642/2642 2634/2634 2585/2585
f 2585/2585 2634/2634 2624/2624
f 2585/2585 2624/2624 2537/2537
f 2537/2537 2624/2624 2415/2415
f 2537/2537 2415/2415 2489/2489
f 2489/2489 2415/2415 2399/2399
f 2489/2489 2399/2399 2351/2351
f 2853/2853 2850/2850 2847/2847
f 2847/2847 2850/2850 2844/2844
f 2684/2684 2690/2690 2687/2687
f 2687/2687 2690/2690 2692/2692
f 2771/2771 2766/2766 2846/2846
f 2843/2843 2867/2867 2846/2846
f 2846/2846 2867/2867 2869/2869
f 2846/2846 2869/2869 2771/2771
f 2686/2686 2689/2689 2716/2716
f 2716/2716 2689/2689 2719/2719
f 2783/2783 2380/2380 2785/2785
f 2785/2785 2380/2380 2383/2383
f 2785/2785 2383/2383 2772/2772
f 2926/2926 2929/2929 2891/2891
f 2891/2891 2929/2929 2893/2893
f 2375/2375 2377/2377 2360/2360
f 2375/2375 2360/2360 2358/2358
f 2358/2358 2360/2360 2336/2336
f 2358/2358 2336/2336 2334/2334
f 2334/2334 2336/2336 2320/2320
f 2334/2334 2320/2320 2318/2318
f 2318/2318 2320/2320 2324/2324
f 2318/2318 2324/2324 2322/2322
f 2322/2322 2324/2324 2340/2340
f 2322/2322 2340/2340 2338/2338
f 2338/2338 2340/2340 2364/2364
f 2338/2338 2364/2364 2362/2362
f 2362/2362 2364/2364 2384/2384
f 2362/2362 2384/2384 2381/2381
f 2837/2837 2835/2835 2831/2831
f 2837/2837 2831/2831 2833/2833
f 2833/2833 2831/2831 2823/2823
f 2833/2833 2823/2823 2825/2825
f 2825/2825 2823/2823 2815/2815
f 2825/2825 2815/2815 2817/2817
f 2817/2817 2815/2815 2807/2807
f 2817/2817 2807/2807 2809/2809
f 2809/2809 2807/2807 2799/2799
f 2809/2809 2799/2799 2801/2801
f 2801/2801 2799/2799 2791/2791
f 2801/2801 2791/2791 2793/2793
f 2793/2793 2791/2791 2783/2783
f 2793/2793 2783/2783 2785/2785
f 2930/2930 2927/2927 2943/2943
f 2930/2930 2943/2943 2945/2945
f 2945/2945 2943/2943 2951/2951
f 2945/2945 2951/2951 2953/2953
f 2965/2965 2974/2974 2976/2976
f 2976/2976 2972/2972 2965/2965
f 2965/2965 2972/2972 2967/2967
f 2965/2965 2967/2967 2951/2951
f 2951/2951 2967/2967 2960/2960
f 2951/2951 2960/2960 2953/2953
f 2869/2869 2867/2867 2875/2875
f 2869/2869 2875/2875 2877/2877
f 2877/2877 2875/2875 2883/2883
f 2877/2877 2883/2883 2885/2885
f 2885/2885 2883/2883 2891/2891
f 2885/2885 2891/2891 2893/2893
f 2692/2692 2690/2690 2728/2728
f 2728/2728 2690/2690 2726/2726
f 2728/2728 2726/2726 2736/2736
f 2736/2736 2726/2726 2734/2734
f 2736/2736 2734/2734 2744/2744
f 2744/2744 2734/2734 2742/2742
f 2744/2744 2742/2742 2752/2752
f 2752/2752 2742/2742 2750/2750
f 2752/2752 2750/2750 2760/2760
f 2760/2760 2750/2750 2758/2758
f 2760/2760 2758/2758 2769/2769
f 2769/2769 2758/2758 2767/2767
f 2538/2538 2541/2541 2586/2586
f 2586/2586 2541/2541 2589/2589
f 2584/2584 2587/2587 2616/2616
f 2616/2616 2587/2587 2618/2618
f 2616/2616 2618/2618 2590/2590
f 2590/2590 2618/2618 2593/2593
f 2592/2592 2595/2595 2544/2544
f 2544/2544 2595/2595 2547/2547
f 2545/2545 2497/2497 2542/2542
f 2542/2542 2497/2497 2494/2494
f 2536/2536 2488/2488 2539/2539
f 2539/2539 2488/2488 2491/2491
f 2560/2560 2448/2448 2565/2565
f 2565/2565 2448/2448 2453/2453
f 2608/2608 2561/2561 2610/2610
f 2610/2610 2561/2561 2563/2563
f 2567/2567 2608/2608 2569/2569
f 2569/2569 2608/2608 2610/2610
f 2454/2454 2566/2566 2459/2459
f 2459/2459 2566/2566 2571/2571
f 2406/2406 2455/2455 2408/2408
f 2408/2408 2455/2455 2457/2457
f 2449/2449 2406/2406 2451/2451
f 2451/2451 2406/2406 2408/2408
f 2894/2894 2930/2930 2979/2979
f 2834/2834 2826/2826 2870/2870
f 2894/2894 2979/2979 2886/2886
f 2925/2925 2921/2921 2878/2878
f 2878/2878 2921/2921 2917/2917
f 2878/2878 2917/2917 2913/2913
f 2913/2913 2909/2909 2878/2878
f 2878/2878 2909/2909 2903/2903
f 2878/2878 2903/2903 2870/2870
f 2870/2870 2903/2903 2838/2838
f 2870/2870 2838/2838 2834/2834
f 2826/2826 2818/2818 2870/2870
f 2870/2870 2818/2818 2810/2810
f 2870/2870 2810/2810 2802/2802
f 2773/2773 2769/2769 2786/2786
f 2786/2786 2769/2769 2870/2870
f 2786/2786 2870/2870 2794/2794
f 2794/2794 2870/2870 2802/2802
f 2945/2945 2953/2953 2930/2930
f 2930/2930 2953/2953 2960/2960
f 2930/2930 2960/2960 2967/2967
f 2967/2967 2972/2972 2930/2930
f 2930/2930 2972/2972 2976/2976
f 2930/2930 2976/2976 2979/2979
f 2959/2959 2949/2949 2878/2878
f 2878/2878 2949/2949 2939/2939
f 2878/2878 2939/2939 2925/2925
f 2886/2886 2979/2979 2878/2878
f 2878/2878 2979/2979 2968/2968
f 2878/2878 2968/2968 2959/2959
f 2493/2493 2490/2490 2273/2273
f 2273/2273 2490/2490 2270/2270
f 2496/2496 2499/2499 2230/2230
f 2230/2230 2499/2499 2233/2233
f 1695/1695 1693/1693 1713/1713
f 1713/1713 1693/1693 1710/1710
f 1695/1695 1635/1635 1693/1693
f 1693/1693 1635/1635 1632/1632
f 1505/1505 1503/1503 1517/1517
f 1505/1505 1517/1517 1519/1519
f 1519/1519 1517/1517 1533/1533
f 1519/1519 1533/1533 1535/1535
f 1535/1535 1533/1533 1561/1561
f 1535/1535 1561/1561 1563/1563
f 1563/1563 1561/1561 1589/1589
f 1563/1563 1589/1589 1591/1591
f 1591/1591 1589/1589 1619/1619
f 1591/1591 1619/1619 1621/1621
f 1621/1621 1619/1619 1631/1631
f 1621/1621 1631/1631 1634/1634
f 1505/1505 1510/1510 1503/1503
f 1503/1503 1510/1510 1507/1507
f 1617/1617 1614/1614 1585/1585
f 1617/1617 1585/1585 1587/1587
f 1587/1587 1585/1585 1557/1557
f 1587/1587 1557/1557 1559/1559
f 1559/1559 1557/1557 1529/1529
f 1559/1559 1529/1529 1531/1531
f 1531/1531 1529/1529 1513/1513
f 1531/1531 1513/1513 1515/1515
f 1515/1515 1513/1513 1508/1508
f 1515/1515 1508/1508 1511/1511
f 1932/1932 1880/1880 1883/1883
f 1660/1660 1663/1663 1883/1883
f 1883/1883 1663/1663 1934/1934
f 1883/1883 1934/1934 1932/1932
f 2003/2003 2000/2000 1988/1988
f 2003/2003 1988/1988 1990/1990
f 1990/1990 1988/1988 1979/1979
f 1990/1990 1979/1979 1981/1981
f 1981/1981 1979/1979 1970/1970
f 1981/1981 1970/1970 1972/1972
f 1972/1972 1970/1970 1932/1932
f 1972/1972 1932/1932 1934/1934
f 2002/2002 2025/2025 1998/1998
f 1998/1998 2025/2025 2021/2021
f 2100/2100 2097/2097 2085/2085
f 2085/2085 2097/2097 2083/2083
f 2085/2085 2083/2083 2073/2073
f 2073/2073 2083/2083 2071/2071
f 2073/2073 2071/2071 2058/2058
f 2058/2058 2071/2071 2056/2056
f 2058/2058 2056/2056 2048/2048
f 2048/2048 2056/2056 2046/2046
f 2048/2048 2046/2046 2037/2037
f 2037/2037 2046/2046 2035/2035
f 2037/2037 2035/2035 2026/2026
f 2026/2026 2035/2035 2023/2023
f 2099/2099 2109/2109 2095/2095
f 2095/2095 2109/2109 2105/2105
f 2180/2180 2182/2182 2086/2086
f 2086/2086 2182/2182 2089/2089
f 1952/1952 1951/1951 1982/1982
f 1982/1982 1951/1951 2005/2005
f 1982/1982 2005/2005 2006/2006
f 2006/2006 2005/2005 2008/2008
f 2008/2008 2005/2005 2013/2013
f 2008/2008 2013/2013 2014/2014
f 2014/2014 2013/2013 2020/2020
f 2020/2020 2013/2013 2039/2039
f 2020/2020 2039/2039 2040/2040
f 2040/2040 2039/2039 2050/2050
f 2050/2050 2039/2039 2063/2063
f 2050/2050 2063/2063 2064/2064
f 2064/2064 2063/2063 2074/2074
f 2074/2074 2063/2063 2088/2088
f 2074/2074 2088/2088 2090/2090
f 1897/1897 1951/1951 1898/1898
f 1898/1898 1951/1951 1952/1952
f 1694/1694 1711/1711 1717/1717
f 1609/1609 1615/1615 1586/1586
f 1655/1655 1685/1685 1908/1908
f 1534/1534 1562/1562 1638/1638
f 1638/1638 1562/1562 1590/1590
f 1902/1902 1760/1760 1921/1921
f 1921/1921 1760/1760 1787/1787
f 1609/1609 1514/1514 1573/1573
f 1573/1573 1514/1514 1509/1509
f 1573/1573 1509/1509 1567/1567
f 1567/1567 1509/1509 1504/1504
f 1567/1567 1504/1504 1638/1638
f 1638/1638 1504/1504 1518/1518
f 1638/1638 1518/1518 1534/1534
f 1590/1590 1620/1620 1638/1638
f 1638/1638 1620/1620 1633/1633
f 1638/1638 1633/1633 1679/1679
f 1586/1586 1558/1558 1609/1609
f 1609/1609 1558/1558 1530/1530
f 1609/1609 1530/1530 1514/1514
f 1633/1633 1694/1694 1679/1679
f 1679/1679 1694/1694 1717/1717
f 1679/1679 1717/1717 1685/1685
f 1685/1685 1717/1717 1728/1728
f 1685/1685 1728/1728 1908/1908
f 1728/1728 1736/1736 1908/1908
f 1908/1908 1736/1736 1744/1744
f 1908/1908 1744/1744 1902/1902
f 1902/1902 1744/1744 1752/1752
f 1902/1902 1752/1752 1760/1760
f 2098/2098 2084/2084 2168/2168
f 2168/2168 2084/2084 2072/2072
f 2168/2168 2072/2072 2057/2057
f 1787/1787 1802/1802 1921/1921
f 1921/1921 1802/1802 2168/2168
f 1921/1921 2168/2168 1960/1960
f 1960/1960 2168/2168 2057/2057
f 1960/1960 2057/2057 1966/1966
f 1966/1966 2057/2057 2047/2047
f 1966/1966 2047/2047 2036/2036
f 2036/2036 2024/2024 1966/1966
f 1966/1966 2024/2024 2001/2001
f 1966/1966 2001/2001 1989/1989
f 2145/2145 2137/2137 2108/2108
f 1989/1989 1980/1980 1966/1966
f 1966/1966 1980/1980 1971/1971
f 1966/1966 1971/1971 1925/1925
f 1925/1925 1971/1971 1933/1933
f 1925/1925 1933/1933 1908/1908
f 1908/1908 1933/1933 1661/1661
f 1908/1908 1661/1661 1655/1655
f 2145/2145 2108/2108 2153/2153
f 2098/2098 2168/2168 2108/2108
f 2108/2108 2168/2168 2163/2163
f 2108/2108 2163/2163 2153/2153
f 2137/2137 2129/2129 2108/2108
f 2108/2108 2129/2129 2125/2125
f 2108/2108 2125/2125 2117/2117
f 1790/1790 1794/1794 1873/1873
f 2004/2004 1950/1950 1873/1873
f 1873/1873 2087/2087 2062/2062
f 1923/1923 1906/1906 1879/1879
f 1879/1879 1906/1906 1900/1900
f 1879/1879 1900/1900 1873/1873
f 1873/1873 1900/1900 1919/1919
f 1919/1919 1958/1958 1873/1873
f 1873/1873 1958/1958 2181/2181
f 1873/1873 2181/2181 2087/2087
f 1987/1987 1999/1999 1964/1964
f 1964/1964 1999/1999 2022/2022
f 1964/1964 2022/2022 1958/1958
f 2062/2062 2038/2038 1873/1873
f 1873/1873 2038/2038 2012/2012
f 1873/1873 2012/2012 2004/2004
f 1950/1950 1896/1896 1873/1873
f 1873/1873 1896/1896 1852/1852
f 1873/1873 1852/1852 1844/1844
f 1844/1844 1838/1838 1873/1873
f 1873/1873 1838/1838 1831/1831
f 1873/1873 1831/1831 1822/1822
f 1822/1822 1814/1814 1873/1873
f 1873/1873 1814/1814 1806/1806
f 1873/1873 1806/1806 1790/1790
f 2070/2070 2082/2082 2181/2181
f 2181/2181 2082/2082 2096/2096
f 2181/2181 2096/2096 2106/2106
f 1879/1879 1931/1931 1923/1923
f 1923/1923 1931/1931 1969/1969
f 1923/1923 1969/1969 1964/1964
f 1964/1964 1969/1969 1978/1978
f 1964/1964 1978/1978 1987/1987
f 2022/2022 2034/2034 1958/1958
f 1958/1958 2034/2034 2045/2045
f 1958/1958 2045/2045 2181/2181
f 2181/2181 2045/2045 2055/2055
f 2181/2181 2055/2055 2070/2070
f 2106/2106 2135/2135 2143/2143
f 2201/2201 2221/2221 2225/2225
f 2115/2115 2123/2123 2106/2106
f 2106/2106 2123/2123 2127/2127
f 2106/2106 2127/2127 2135/2135
f 2143/2143 2151/2151 2106/2106
f 2106/2106 2151/2151 2160/2160
f 2106/2106 2160/2160 2181/2181
f 2181/2181 2160/2160 2185/2185
f 2181/2181 2185/2185 2197/2197
f 2201/2201 2225/2225 2185/2185
f 2185/2185 2225/2225 2217/2217
f 2185/2185 2217/2217 2197/2197
f 1872/1872 1875/1875 1878/1878
f 1878/1878 1875/1875 1881/1881
f 1682/1682 1652/1652 1658/1658
f 1726/1726 1714/1714 1636/1636
f 1636/1636 1714/1714 1564/1564
f 1564/1564 1502/1502 1570/1570
f 1570/1570 1502/1502 1506/1506
f 1570/1570 1506/1506 1606/1606
f 1606/1606 1506/1506 1512/1512
f 1606/1606 1512/1512 1528/1528
f 1528/1528 1556/1556 1606/1606
f 1606/1606 1556/1556 1584/1584
f 1606/1606 1584/1584 1612/1612
f 1714/1714 1708/1708 1564/1564
f 1564/1564 1708/1708 1692/1692
f 1564/1564 1692/1692 1630/1630
f 1876/1876 1797/1797 1882/1882
f 1882/1882 1797/1797 1800/1800
f 1800/1800 1785/1785 1882/1882
f 1882/1882 1785/1785 1758/1758
f 1882/1882 1758/1758 1750/1750
f 1658/1658 1882/1882 1682/1682
f 1682/1682 1882/1882 1750/1750
f 1682/1682 1750/1750 1676/1676
f 1676/1676 1750/1750 1742/1742
f 1676/1676 1742/1742 1636/1636
f 1636/1636 1742/1742 1734/1734
f 1636/1636 1734/1734 1726/1726
f 1630/1630 1618/1618 1564/1564
f 1564/1564 1618/1618 1588/1588
f 1564/1564 1588/1588 1560/1560
f 1560/1560 1532/1532 1564/1564
f 1564/1564 1532/1532 1516/1516
f 1564/1564 1516/1516 1502/1502
f 1877/1877 1874/1874 1798/1798
f 1798/1798 1874/1874 1795/1795
f 1716/1716 1727/1727 1719/1719
f 1719/1719 1727/1727 1729/1729
f 1803/1803 1799/1799 1796/1796
f 1793/1793 1789/1789 1796/1796
f 1796/1796 1789/1789 1791/1791
f 1796/1796 1791/1791 1803/1803
f 1715/1715 1718/1718 1709/1709
f 1709/1709 1718/1718 1712/1712
f 2184/2184 2159/2159 2186/2186
f 2186/2186 2159/2159 2162/2162
f 2186/2186 2162/2162 2167/2167
f 1830/1830 1833/1833 1821/1821
f 1821/1821 1833/1833 1823/1823
f 2107/2107 2110/2110 2118/2118
f 2107/2107 2118/2118 2116/2116
f 2116/2116 2118/2118 2126/2126
f 2116/2116 2126/2126 2124/2124
f 2124/2124 2126/2126 2130/2130
f 2124/2124 2130/2130 2128/2128
f 2128/2128 2130/2130 2138/2138
f 2128/2128 2138/2138 2136/2136
f 2136/2136 2138/2138 2146/2146
f 2136/2136 2146/2146 2144/2144
f 2144/2144 2146/2146 2154/2154
f 2144/2144 2154/2154 2152/2152
f 2152/2152 2154/2154 2164/2164
f 2152/2152 2164/2164 2161/2161
f 2182/2182 2180/2180 2196/2196
f 2182/2182 2196/2196 2198/2198
f 2198/2198 2196/2196 2216/2216
f 2198/2198 2216/2216 2218/2218
f 2218/2218 2216/2216 2224/2224
f 2218/2218 2224/2224 2226/2226
f 2226/2226 2224/2224 2220/2220
f 2226/2226 2220/2220 2222/2222
f 2222/2222 2220/2220 2200/2200
f 2222/2222 2200/2200 2202/2202
f 2202/2202 2200/2200 2184/2184
f 2202/2202 2184/2184 2186/2186
f 1834/1834 1832/1832 1839/1839
f 1834/1834 1839/1839 1840/1840
f 1840/1840 1839/1839 1845/1845
f 1840/1840 1845/1845 1846/1846
f 1853/1853 1897/1897 1898/1898
f 1898/1898 1868/1868 1853/1853
f 1853/1853 1868/1868 1854/1854
f 1853/1853 1854/1854 1845/1845
f 1845/1845 1854/1854 1848/1848
f 1845/1845 1848/1848 1846/1846
f 1791/1791 1789/1789 1805/1805
f 1791/1791 1805/1805 1807/1807
f 1807/1807 1805/1805 1813/1813
f 1807/1807 1813/1813 1815/1815
f 1815/1815 1813/1813 1821/1821
f 1815/1815 1821/1821 1823/1823
f 1729/1729 1727/1727 1737/1737
f 1737/1737 1727/1727 1735/1735
f 1737/1737 1735/1735 1745/1745
f 1745/1745 1735/1735 1743/1743
f 1745/1745 1743/1743 1753/1753
f 1753/1753 1743/1743 1751/1751
f 1753/1753 1751/1751 1761/1761
f 1761/1761 1751/1751 1759/1759
f 1761/1761 1759/1759 1788/1788
f 1788/1788 1759/1759 1786/1786
f 1788/1788 1786/1786 1804/1804
f 1804/1804 1786/1786 1801/1801
f 1571/1571 1574/1574 1565/1565
f 1565/1565 1574/1574 1568/1568
f 1566/1566 1569/1569 1637/1637
f 1637/1637 1569/1569 1639/1639
f 1637/1637 1639/1639 1678/1678
f 1678/1678 1639/1639 1681/1681
f 1677/1677 1680/1680 1683/1683
f 1683/1683 1680/1680 1686/1686
f 1687/1687 1657/1657 1684/1684
f 1684/1684 1657/1657 1654/1654
f 1572/1572 1608/1608 1575/1575
f 1575/1575 1608/1608 1611/1611
f 1899/1899 1905/1905 1903/1903
f 1903/1903 1905/1905 1909/1909
f 1920/1920 1901/1901 1922/1922
f 1922/1922 1901/1901 1904/1904
f 1959/1959 1920/1920 1962/1962
f 1962/1962 1920/1920 1922/1922
f 1963/1963 1957/1957 1967/1967
f 1967/1967 1957/1957 1961/1961
f 1924/1924 1965/1965 1926/1926
f 1926/1926 1965/1965 1968/1968
f 1907/1907 1924/1924 1910/1910
f 1910/1910 1924/1924 1926/1926
f 1824/1824 1834/1834 1952/1952
f 2199/2199 2219/2219 1792/1792
f 1792/1792 2219/2219 2227/2227
f 1792/1792 2227/2227 2223/2223
f 1824/1824 1952/1952 1816/1816
f 2020/2020 2040/2040 1808/1808
f 1808/1808 2040/2040 2050/2050
f 1808/1808 2050/2050 2064/2064
f 2064/2064 2074/2074 1808/1808
f 1808/1808 2074/2074 2090/2090
f 1808/1808 2090/2090 1792/1792
f 1792/1792 2090/2090 2183/2183
f 1792/1792 2183/2183 2199/2199
f 2169/2169 1804/1804 2187/2187
f 2187/2187 1804/1804 1792/1792
f 2187/2187 1792/1792 2203/2203
f 2203/2203 1792/1792 2223/2223
f 1840/1840 1846/1846 1834/1834
f 1834/1834 1846/1846 1848/1848
f 1834/1834 1848/1848 1854/1854
f 1854/1854 1868/1868 1834/1834
f 1834/1834 1868/1868 1898/1898
f 1834/1834 1898/1898 1952/1952
f 2006/2006 2008/2008 1808/1808
f 1808/1808 2008/2008 2014/2014
f 1808/1808 2014/2014 2020/2020
f 1816/1816 1952/1952 1808/1808
f 1808/1808 1952/1952 1982/1982
f 1808/1808 1982/1982 2006/2006
f 1610/1610 1607/1607 1616/1616
f 1616/1616 1607/1607 1613/1613
f 1653/1653 1656/1656 1659/1659
f 1659/1659 1656/1656 1662/1662
f 1705/1705 1702/1702 1690/1690
f 1690/1690 1702/1702 1688/1688
f 1628/1628 1690/1690 1626/1626
f 1626/1626 1690/1690 1688/1688
f 1628/1628 1626/1626 1602/1602
f 1628/1628 1602/1602 1604/1604
f 1604/1604 1602/1602 1580/1580
f 1604/1604 1580/1580 1582/1582
f 1582/1582 1580/1580 1540/1540
f 1582/1582 1540/1540 1542/1542
f 1542/1542 1540/1540 1524/1524
f 1542/1542 1524/1524 1526/1526
f 1526/1526 1524/1524 1498/1498
f 1526/1526 1498/1498 1500/1500
f 1500/1500 1498/1498 1488/1488
f 1500/1500 1488/1488 1491/1491
f 1487/1487 1493/1493 1485/1485
f 1485/1485 1493/1493 1490/1490
f 1487/1487 1485/1485 1495/1495
f 1487/1487 1495/1495 1497/1497
f 1497/1497 1495/1495 1521/1521
f 1497/1497 1521/1521 1523/1523
f 1523/1523 1521/1521 1537/1537
f 1523/1523 1537/1537 1539/1539
f 1539/1539 1537/1537 1577/1577
f 1539/1539 1577/1577 1579/1579
f 1579/1579 1577/1577 1593/1593
f 1579/1579 1593/1593 1595/1595
f 1856/1856 1927/1927 1859/1859
f 1859/1859 1927/1927 1929/1929
f 1859/1859 1929/1929 1640/1640
f 1640/1640 1929/1929 1643/1643
f 1929/1929 1927/1927 1953/1953
f 1929/1929 1953/1953 1955/1955
f 1955/1955 1953/1953 1973/1973
f 1955/1955 1973/1973 1975/1975
f 1975/1975 1973/1973 1983/1983
f 1975/1975 1983/1983 1985/1985
f 1985/1985 1983/1983 1991/1991
f 1985/1985 1991/1991 1993/1993
f 2018/2018 1993/1993 2016/2016
f 2016/2016 1993/1993 1991/1991
f 2018/2018 2016/2016 2029/2029
f 2029/2029 2016/2016 2027/2027
f 2029/2029 2027/2027 2043/2043
f 2043/2043 2027/2027 2041/2041
f 2043/2043 2041/2041 2053/2053
f 2053/2053 2041/2041 2051/2051
f 2053/2053 2051/2051 2067/2067
f 2067/2067 2051/2051 2065/2065
f 2067/2067 2065/2065 2077/2077
f 2077/2077 2065/2065 2075/2075
f 2077/2077 2075/2075 2093/2093
f 2093/2093 2075/2075 2091/2091
f 2103/2103 2093/2093 2101/2101
f 2101/2101 2093/2093 2091/2091
f 2178/2178 2175/2175 2081/2081
f 2081/2081 2175/2175 2079/2079
f 2059/2059 2061/2061 2079/2079
f 2079/2079 2061/2061 2069/2069
f 2079/2079 2069/2069 2081/2081
f 2031/2031 2009/2009 2011/2011
f 2011/2011 2015/2015 2031/2031
f 2031/2031 2015/2015 2033/2033
f 2031/2031 2033/2033 2059/2059
f 2059/2059 2033/2033 2049/2049
f 2059/2059 2049/2049 2061/2061
f 1995/1995 1935/1935 1937/1937
f 1937/1937 1977/1977 1995/1995
f 1995/1995 1977/1977 1997/1997
f 1995/1995 1997/1997 2009/2009
f 2009/2009 1997/1997 2007/2007
f 2009/2009 2007/2007 2011/2011
f 1935/1935 1869/1869 1937/1937
f 1937/1937 1869/1869 1871/1871
f 1918/1918 1948/1948 2166/2166
f 1674/1674 1668/1668 1888/1888
f 1522/1522 1538/1538 1600/1600
f 1600/1600 1538/1538 1578/1578
f 1600/1600 1578/1578 1594/1594
f 1706/1706 1691/1691 1554/1554
f 1554/1554 1691/1691 1629/1629
f 1554/1554 1492/1492 1548/1548
f 1548/1548 1492/1492 1486/1486
f 1548/1548 1486/1486 1600/1600
f 1600/1600 1486/1486 1496/1496
f 1600/1600 1496/1496 1522/1522
f 1888/1888 1668/1668 1914/1914
f 1706/1706 1554/1554 1700/1700
f 1700/1700 1554/1554 1625/1625
f 1700/1700 1625/1625 1724/1724
f 1986/1986 1994/1994 1942/1942
f 1942/1942 1994/1994 2019/2019
f 1942/1942 2019/2019 1948/1948
f 1888/1888 1894/1894 1748/1748
f 2166/2166 1769/1769 1918/1918
f 1918/1918 1769/1769 1764/1764
f 1918/1918 1764/1764 1894/1894
f 1894/1894 1764/1764 1756/1756
f 1894/1894 1756/1756 1748/1748
f 1629/1629 1605/1605 1554/1554
f 1554/1554 1605/1605 1583/1583
f 1554/1554 1583/1583 1543/1543
f 1650/1650 1644/1644 1668/1668
f 1668/1668 1644/1644 1930/1930
f 1668/1668 1930/1930 1914/1914
f 1914/1914 1930/1930 1956/1956
f 1914/1914 1956/1956 1942/1942
f 1942/1942 1956/1956 1976/1976
f 1942/1942 1976/1976 1986/1986
f 1543/1543 1527/1527 1554/1554
f 1554/1554 1527/1527 1501/1501
f 1554/1554 1501/1501 1492/1492
f 2019/2019 2030/2030 1948/1948
f 1948/1948 2030/2030 2044/2044
f 1948/1948 2044/2044 2166/2166
f 2166/2166 2044/2044 2054/2054
f 2166/2166 2054/2054 2068/2068
f 1888/1888 1748/1748 1674/1674
f 1674/1674 1748/1748 1740/1740
f 1674/1674 1740/1740 1625/1625
f 1625/1625 1740/1740 1732/1732
f 1625/1625 1732/1732 1724/1724
f 2142/2142 2104/2104 2134/2134
f 2134/2134 2104/2104 2114/2114
f 2134/2134 2114/2114 2122/2122
f 2068/2068 2078/2078 2166/2166
f 2166/2166 2078/2078 2094/2094
f 2166/2166 2094/2094 2158/2158
f 2158/2158 2094/2094 2104/2104
f 2158/2158 2104/2104 2150/2150
f 2150/2150 2104/2104 2142/2142
f 2060/2060 2080/2080 1864/1864
f 1864/1864 2080/2080 2177/2177
f 1864/1864 1773/1773 1778/1778
f 1870/1870 1936/1936 1864/1864
f 1864/1864 1936/1936 1996/1996
f 1996/1996 2010/2010 1864/1864
f 1864/1864 2010/2010 2032/2032
f 1864/1864 2032/2032 2060/2060
f 2092/2092 2076/2076 2177/2177
f 2177/2177 2076/2076 2066/2066
f 2177/2177 2066/2066 2052/2052
f 1818/1818 1827/1827 1864/1864
f 1864/1864 1827/1827 1836/1836
f 1778/1778 1782/1782 1864/1864
f 1864/1864 1782/1782 1810/1810
f 1864/1864 1810/1810 1818/1818
f 1836/1836 1842/1842 1864/1864
f 1864/1864 1842/1842 1850/1850
f 1864/1864 1850/1850 1870/1870
f 2028/2028 2017/2017 1940/1940
f 1940/1940 2017/2017 1992/1992
f 1940/1940 1992/1992 1984/1984
f 1984/1984 1974/1974 1940/1940
f 1940/1940 1974/1974 1954/1954
f 1940/1940 1954/1954 1912/1912
f 1912/1912 1954/1954 1928/1928
f 1912/1912 1928/1928 1886/1886
f 1886/1886 1928/1928 1858/1858
f 1886/1886 1858/1858 1892/1892
f 1892/1892 1858/1858 1864/1864
f 1892/1892 1864/1864 1916/1916
f 1916/1916 1864/1864 2177/2177
f 1916/1916 2177/2177 1946/1946
f 1946/1946 2177/2177 2052/2052
f 1946/1946 2052/2052 1940/1940
f 1940/1940 2052/2052 2042/2042
f 1940/1940 2042/2042 2028/2028
f 2172/2172 2213/2213 2189/2189
f 2189/2189 2213/2213 2205/2205
f 2177/2177 2193/2193 2172/2172
f 2172/2172 2193/2193 2209/2209
f 2172/2172 2209/2209 2213/2213
f 2120/2120 2112/2112 2132/2132
f 2132/2132 2112/2112 2102/2102
f 2132/2132 2102/2102 2140/2140
f 2177/2177 2172/2172 2092/2092
f 2092/2092 2172/2172 2156/2156
f 2092/2092 2156/2156 2102/2102
f 2102/2102 2156/2156 2148/2148
f 2102/2102 2148/2148 2140/2140
f 1866/1866 1863/1863 1860/1860
f 1860/1860 1863/1863 1857/1857
f 1689/1689 1703/1703 1697/1697
f 1641/1641 1647/1647 1861/1861
f 1861/1861 1647/1647 1665/1665
f 1671/1671 1623/1623 1627/1627
f 1627/1627 1623/1623 1603/1603
f 1536/1536 1597/1597 1576/1576
f 1576/1576 1597/1597 1592/1592
f 1861/1861 1739/1739 1747/1747
f 1776/1776 1867/1867 1767/1767
f 1767/1767 1867/1867 1861/1861
f 1747/1747 1755/1755 1861/1861
f 1861/1861 1755/1755 1763/1763
f 1861/1861 1763/1763 1767/1767
f 1525/1525 1541/1541 1623/1623
f 1623/1623 1541/1541 1581/1581
f 1623/1623 1581/1581 1603/1603
f 1627/1627 1689/1689 1671/1671
f 1671/1671 1689/1689 1697/1697
f 1671/1671 1697/1697 1665/1665
f 1665/1665 1697/1697 1721/1721
f 1665/1665 1721/1721 1861/1861
f 1861/1861 1721/1721 1730/1730
f 1861/1861 1730/1730 1739/1739
f 1536/1536 1520/1520 1597/1597
f 1597/1597 1520/1520 1494/1494
f 1597/1597 1494/1494 1545/1545
f 1545/1545 1494/1494 1484/1484
f 1545/1545 1484/1484 1551/1551
f 1551/1551 1484/1484 1489/1489
f 1551/1551 1489/1489 1623/1623
f 1623/1623 1489/1489 1499/1499
f 1623/1623 1499/1499 1525/1525
f 1862/1862 1865/1865 1771/1771
f 1771/1771 1865/1865 1774/1774
f 1720/1720 1696/1696 1723/1723
f 1723/1723 1696/1696 1699/1699
f 1777/1777 1772/1772 1780/1780
f 1780/1780 1772/1772 1775/1775
f 1780/1780 1775/1775 1770/1770
f 1770/1770 1775/1775 1766/1766
f 1701/1701 1698/1698 1707/1707
f 1707/1707 1698/1698 1704/1704
f 2165/2165 2157/2157 2173/2173
f 2173/2173 2157/2157 2155/2155
f 2173/2173 2155/2155 2170/2170
f 1829/1829 1826/1826 1820/1820
f 1820/1820 1826/1826 1817/1817
f 2155/2155 2157/2157 2149/2149
f 2155/2155 2149/2149 2147/2147
f 2147/2147 2149/2149 2141/2141
f 2147/2147 2141/2141 2139/2139
f 2139/2139 2141/2141 2133/2133
f 2139/2139 2133/2133 2131/2131
f 2131/2131 2133/2133 2121/2121
f 2131/2131 2121/2121 2119/2119
f 2119/2119 2121/2121 2113/2113
f 2119/2119 2113/2113 2111/2111
f 2111/2111 2113/2113 2103/2103
f 2111/2111 2103/2103 2101/2101
f 2174/2174 2171/2171 2188/2188
f 2174/2174 2188/2188 2191/2191
f 2191/2191 2188/2188 2204/2204
f 2191/2191 2204/2204 2207/2207
f 2207/2207 2204/2204 2212/2212
f 2207/2207 2212/2212 2215/2215
f 2215/2215 2212/2212 2208/2208
f 2215/2215 2208/2208 2211/2211
f 2211/2211 2208/2208 2192/2192
f 2211/2211 2192/2192 2195/2195
f 2195/2195 2192/2192 2176/2176
f 2195/2195 2176/2176 2179/2179
f 1871/1871 1869/1869 1855/1855
f 1855/1855 1869/1869 1849/1849
f 1855/1855 1849/1849 1851/1851
f 1851/1851 1849/1849 1847/1847
f 1847/1847 1849/1849 1841/1841
f 1847/1847 1841/1841 1843/1843
f 1843/1843 1841/1841 1835/1835
f 1843/1843 1835/1835 1837/1837
f 1837/1837 1835/1835 1825/1825
f 1837/1837 1825/1825 1828/1828
f 1820/1820 1817/1817 1809/1809
f 1820/1820 1809/1809 1812/1812
f 1812/1812 1809/1809 1781/1781
f 1812/1812 1781/1781 1784/1784
f 1784/1784 1781/1781 1777/1777
f 1784/1784 1777/1777 1780/1780
f 1770/1770 1766/1766 1765/1765
f 1765/1765 1766/1766 1762/1762
f 1765/1765 1762/1762 1757/1757
f 1757/1757 1762/1762 1754/1754
f 1757/1757 1754/1754 1749/1749
f 1749/1749 1754/1754 1746/1746
f 1749/1749 1746/1746 1741/1741
f 1741/1741 1746/1746 1738/1738
f 1741/1741 1738/1738 1733/1733
f 1733/1733 1738/1738 1731/1731
f 1733/1733 1731/1731 1725/1725
f 1725/1725 1731/1731 1722/1722
f 1549/1549 1546/1546 1555/1555
f 1555/1555 1546/1546 1552/1552
f 1553/1553 1550/1550 1624/1624
f 1624/1624 1550/1550 1622/1622
f 1624/1624 1622/1622 1673/1673
f 1673/1673 1622/1622 1670/1670
f 1675/1675 1672/1672 1669/1669
f 1669/1669 1672/1672 1666/1666
f 1649/1649 1667/1667 1646/1646
f 1646/1646 1667/1667 1664/1664
f 1596/1596 1544/1544 1599/1599
f 1599/1599 1544/1544 1547/1547
f 1885/1885 1891/1891 1889/1889
f 1889/1889 1891/1891 1895/1895
f 1890/1890 1915/1915 1893/1893
f 1893/1893 1915/1915 1917/1917
f 1915/1915 1944/1944 1917/1917
f 1917/1917 1944/1944 1947/1947
f 1945/1945 1939/1939 1949/1949
f 1949/1949 1939/1939 1943/1943
f 1938/1938 1911/1911 1941/1941
f 1941/1941 1911/1911 1913/1913
f 1911/1911 1884/1884 1913/1913
f 1913/1913 1884/1884 1887/1887
f 1783/1783 2069/2069 2061/2061
f 1768/1768 2165/2165 1779/1779
f 1779/1779 2165/2165 2173/2173
f 1779/1779 2214/2214 2210/2210
f 2173/2173 2190/2190 1779/1779
f 1779/1779 2190/2190 2206/2206
f 1779/1779 2206/2206 2214/2214
f 2210/2210 2194/2194 1779/1779
f 1779/1779 2194/2194 2178/2178
f 1779/1779 2178/2178 1783/1783
f 1783/1783 2178/2178 2081/2081
f 1783/1783 2081/2081 2069/2069
f 1871/1871 1828/1828 1937/1937
f 1937/1937 1828/1828 1819/1819
f 2061/2061 2049/2049 1783/1783
f 1783/1783 2049/2049 2033/2033
f 1783/1783 2033/2033 2015/2015
f 1837/1837 1828/1828 1843/1843
f 1843/1843 1828/1828 1847/1847
f 1871/1871 1855/1855 1828/1828
f 1828/1828 1855/1855 1851/1851
f 1828/1828 1851/1851 1847/1847
f 2015/2015 2011/2011 1783/1783
f 1783/1783 2011/2011 2007/2007
f 1783/1783 2007/2007 1997/1997
f 1819/1819 1811/1811 1937/1937
f 1937/1937 1811/1811 1783/1783
f 1937/1937 1783/1783 1977/1977
f 1977/1977 1783/1783 1997/1997
f 1598/1598 1601/1601 1593/1593
f 1593/1593 1601/1601 1595/1595
f 1651/1651 1648/1648 1645/1645
f 1645/1645 1648/1648 1642/1642
f 306/306 304/304 271/271
f 271/271 304/304 268/268
f 306/306 311/311 304/304
f 304/304 311/311 308/308
f 366/366 364/364 350/350
f 366/366 350/350 352/352
f 352/352 350/350 342/342
f 352/352 342/342 344/344
f 344/344 342/342 334/334
f 344/344 334/334 336/336
f 336/336 334/334 326/326
f 336/336 326/326 328/328
f 328/328 326/326 318/318
f 328/328 318/318 320/320
f 320/320 318/318 309/309
f 320/320 309/309 312/312
f 366/366 572/572 364/364
f 364/364 572/572 569/569
f 705/705 702/702 686/686
f 705/705 686/686 688/688
f 688/688 686/686 660/660
f 688/688 660/660 662/662
f 662/662 660/660 620/620
f 662/662 620/620 622/622
f 622/622 620/620 586/586
f 622/622 586/586 588/588
f 588/588 586/586 568/568
f 588/588 568/568 571/571
f 732/732 736/736 739/739
f 742/742 745/745 739/739
f 739/739 745/745 734/734
f 739/739 734/734 732/732
f 672/672 670/670 678/678
f 672/672 678/678 680/680
f 680/680 678/678 694/694
f 680/680 694/694 696/696
f 696/696 694/694 712/712
f 696/696 712/712 714/714
f 714/714 712/712 732/732
f 714/714 732/732 734/734
f 672/672 562/562 670/670
f 670/670 562/562 560/560
f 558/558 556/556 514/514
f 514/514 556/556 512/512
f 514/514 512/512 474/474
f 474/474 512/512 472/472
f 474/474 472/472 462/462
f 462/462 472/472 460/460
f 462/462 460/460 478/478
f 478/478 460/460 476/476
f 478/478 476/476 518/518
f 518/518 476/476 516/516
f 518/518 516/516 562/562
f 562/562 516/516 560/560
f 558/558 606/606 556/556
f 556/556 606/606 604/604
f 148/148 150/150 85/85
f 85/85 150/150 86/86
f 10/10 9/9 19/19
f 19/19 9/9 29/29
f 19/19 29/29 30/30
f 30/30 29/29 38/38
f 38/38 29/29 49/49
f 38/38 49/49 50/50
f 50/50 49/49 62/62
f 62/62 49/49 67/67
f 62/62 67/67 68/68
f 68/68 67/67 70/70
f 70/70 67/67 75/75
f 70/70 75/75 76/76
f 76/76 75/75 78/78
f 78/78 75/75 85/85
f 78/78 85/85 86/86
f 12/12 9/9 13/13
f 13/13 9/9 10/10
f 381/381 218/218 213/213
f 305/305 270/270 300/300
f 661/661 500/500 687/687
f 687/687 500/500 704/704
f 494/494 446/446 540/540
f 327/327 373/373 335/335
f 335/335 373/373 343/343
f 327/327 319/319 373/373
f 373/373 319/319 310/310
f 373/373 310/310 398/398
f 661/661 621/621 500/500
f 500/500 621/621 587/587
f 500/500 587/587 452/452
f 452/452 587/587 570/570
f 452/452 570/570 404/404
f 404/404 570/570 365/365
f 404/404 365/365 373/373
f 373/373 365/365 351/351
f 373/373 351/351 343/343
f 213/213 473/473 461/461
f 629/629 605/605 601/601
f 601/601 605/605 557/557
f 601/601 557/557 213/213
f 213/213 557/557 513/513
f 213/213 513/513 473/473
f 381/381 213/213 422/422
f 422/422 213/213 461/461
f 422/422 461/461 534/534
f 534/534 461/461 477/477
f 534/534 477/477 517/517
f 428/428 235/235 381/381
f 381/381 235/235 227/227
f 381/381 227/227 218/218
f 310/310 305/305 398/398
f 398/398 305/305 300/300
f 398/398 300/300 446/446
f 446/446 300/300 295/295
f 446/446 295/295 540/540
f 295/295 259/259 540/540
f 540/540 259/259 251/251
f 540/540 251/251 428/428
f 428/428 251/251 243/243
f 428/428 243/243 235/235
f 517/517 561/561 534/534
f 534/534 561/561 671/671
f 534/534 671/671 679/679
f 625/625 641/641 653/653
f 679/679 695/695 534/534
f 534/534 695/695 713/713
f 534/534 713/713 579/579
f 579/579 713/713 733/733
f 579/579 733/733 540/540
f 540/540 733/733 744/744
f 540/540 744/744 494/494
f 625/625 653/653 601/601
f 601/601 653/653 645/645
f 601/601 645/645 629/629
f 425/425 379/379 8/8
f 115/115 137/137 131/131
f 379/379 419/419 147/147
f 425/425 131/131 537/537
f 537/537 131/131 735/735
f 537/537 735/735 577/577
f 131/131 57/57 91/91
f 20/20 34/34 131/131
f 131/131 34/34 42/42
f 131/131 42/42 57/57
f 147/147 84/84 379/379
f 379/379 84/84 74/74
f 379/379 74/74 66/66
f 677/677 669/669 531/531
f 531/531 669/669 559/559
f 531/531 559/559 419/419
f 425/425 8/8 131/131
f 131/131 8/8 11/11
f 131/131 11/11 20/20
f 735/735 731/731 577/577
f 577/577 731/731 711/711
f 577/577 711/711 531/531
f 531/531 711/711 693/693
f 531/531 693/693 677/677
f 91/91 99/99 131/131
f 131/131 99/99 107/107
f 131/131 107/107 115/115
f 66/66 48/48 379/379
f 379/379 48/48 28/28
f 379/379 28/28 8/8
f 559/559 515/515 419/419
f 419/419 515/515 475/475
f 419/419 475/475 147/147
f 147/147 475/475 459/459
f 147/147 459/459 471/471
f 471/471 511/511 147/147
f 147/147 511/511 555/555
f 147/147 555/555 603/603
f 623/623 599/599 603/603
f 627/627 643/643 651/651
f 184/184 176/176 152/152
f 152/152 176/176 168/168
f 152/152 168/168 160/160
f 603/603 599/599 147/147
f 147/147 599/599 201/201
f 147/147 201/201 152/152
f 152/152 201/201 192/192
f 152/152 192/192 184/184
f 627/627 651/651 603/603
f 603/603 651/651 639/639
f 603/603 639/639 623/623
f 133/133 136/136 737/737
f 737/737 136/136 740/740
f 443/443 491/491 741/741
f 293/293 297/297 371/371
f 371/371 297/297 401/401
f 619/619 659/659 497/497
f 497/497 659/659 685/685
f 497/497 685/685 701/701
f 225/225 233/233 738/738
f 738/738 233/233 241/241
f 297/297 267/267 401/401
f 401/401 267/267 303/303
f 401/401 303/303 307/307
f 741/741 738/738 443/443
f 443/443 738/738 241/241
f 443/443 241/241 395/395
f 395/395 241/241 249/249
f 395/395 249/249 371/371
f 371/371 249/249 257/257
f 371/371 257/257 293/293
f 134/134 140/140 738/738
f 738/738 140/140 215/215
f 738/738 215/215 225/225
f 401/401 333/333 341/341
f 307/307 317/317 401/401
f 401/401 317/317 325/325
f 401/401 325/325 333/333
f 341/341 349/349 401/401
f 401/401 349/349 363/363
f 401/401 363/363 449/449
f 449/449 363/363 567/567
f 449/449 567/567 497/497
f 497/497 567/567 585/585
f 497/497 585/585 619/619
f 135/135 132/132 141/141
f 141/141 132/132 138/138
f 298/298 294/294 301/301
f 301/301 294/294 296/296
f 220/220 217/217 142/142
f 139/139 116/116 142/142
f 142/142 116/116 118/118
f 142/142 118/118 220/220
f 299/299 302/302 269/269
f 269/269 302/302 272/272
f 202/202 600/600 204/204
f 204/204 600/600 602/602
f 204/204 602/602 214/214
f 59/59 61/61 92/92
f 92/92 61/61 94/94
f 604/604 606/606 630/630
f 604/604 630/630 628/628
f 628/628 630/630 646/646
f 628/628 646/646 644/644
f 644/644 646/646 654/654
f 644/644 654/654 652/652
f 652/652 654/654 642/642
f 652/652 642/642 640/640
f 640/640 642/642 626/626
f 640/640 626/626 624/624
f 624/624 626/626 602/602
f 624/624 602/602 600/600
f 151/151 149/149 153/153
f 151/151 153/153 155/155
f 155/155 153/153 161/161
f 155/155 161/161 163/163
f 163/163 161/161 169/169
f 163/163 169/169 171/171
f 171/171 169/169 177/177
f 171/171 177/177 179/179
f 179/179 177/177 185/185
f 179/179 185/185 187/187
f 187/187 185/185 193/193
f 187/187 193/193 195/195
f 195/195 193/193 203/203
f 195/195 203/203 205/205
f 60/60 58/58 43/43
f 60/60 43/43 44/44
f 44/44 43/43 35/35
f 44/44 35/35 36/36
f 21/21 12/12 13/13
f 13/13 15/15 21/21
f 21/21 15/15 22/22
f 21/21 22/22 35/35
f 35/35 22/22 27/27
f 35/35 27/27 36/36
f 118/118 116/116 108/108
f 118/118 108/108 110/110
f 110/110 108/108 100/100
f 110/110 100/100 102/102
f 102/102 100/100 92/92
f 102/102 92/92 94/94
f 296/296 294/294 260/260
f 260/260 294/294 258/258
f 260/260 258/258 252/252
f 252/252 258/258 250/250
f 252/252 250/250 244/244
f 244/244 250/250 242/242
f 244/244 242/242 236/236
f 236/236 242/242 234/234
f 236/236 234/234 228/228
f 228/228 234/234 226/226
f 228/228 226/226 219/219
f 219/219 226/226 216/216
f 451/451 454/454 403/403
f 403/403 454/454 406/406
f 402/402 405/405 372/372
f 372/372 405/405 374/374
f 372/372 374/374 396/396
f 396/396 374/374 399/399
f 397/397 400/400 445/445
f 445/445 400/400 448/448
f 447/447 495/495 444/444
f 444/444 495/495 492/492
f 450/450 498/498 453/453
f 453/453 498/498 501/501
f 427/427 539/539 430/430
f 430/430 539/539 542/542
f 380/380 426/426 382/382
f 382/382 426/426 429/429
f 420/420 380/380 423/423
f 423/423 380/380 382/382
f 533/533 421/421 536/536
f 536/536 421/421 424/424
f 578/578 532/532 580/580
f 580/580 532/532 535/535
f 538/538 578/578 541/541
f 541/541 578/578 580/580
f 93/93 60/60 10/10
f 117/117 178/178 186/186
f 93/93 10/10 101/101
f 62/62 68/68 109/109
f 109/109 68/68 70/70
f 109/109 70/70 76/76
f 154/154 162/162 117/117
f 117/117 162/162 170/170
f 117/117 170/170 178/178
f 214/214 219/219 204/204
f 204/204 219/219 117/117
f 204/204 117/117 194/194
f 194/194 117/117 186/186
f 76/76 78/78 109/109
f 109/109 78/78 86/86
f 109/109 86/86 117/117
f 117/117 86/86 150/150
f 117/117 150/150 154/154
f 44/44 36/36 60/60
f 60/60 36/36 27/27
f 60/60 27/27 22/22
f 22/22 15/15 60/60
f 60/60 15/15 13/13
f 60/60 13/13 10/10
f 30/30 38/38 109/109
f 109/109 38/38 50/50
f 109/109 50/50 62/62
f 101/101 10/10 109/109
f 109/109 10/10 19/19
f 109/109 19/19 30/30
f 502/502 499/499 706/706
f 706/706 499/499 703/703
f 493/493 496/496 743/743
f 743/743 496/496 746/746
f 2723/2723 2720/2720 2708/2708
f 2708/2708 2720/2720 2706/2706
f 2712/2712 2708/2708 2710/2710
f 2710/2710 2708/2708 2706/2706
f 2712/2712 2710/2710 2670/2670
f 2712/2712 2670/2670 2672/2672
f 2672/2672 2670/2670 2662/2662
f 2672/2672 2662/2662 2664/2664
f 2664/2664 2662/2662 2654/2654
f 2664/2664 2654/2654 2656/2656
f 2656/2656 2654/2654 2646/2646
f 2656/2656 2646/2646 2648/2648
f 2648/2648 2646/2646 2638/2638
f 2648/2648 2638/2638 2640/2640
f 2640/2640 2638/2638 2628/2628
f 2640/2640 2628/2628 2631/2631
f 2423/2423 2633/2633 2421/2421
f 2421/2421 2633/2633 2630/2630
f 2423/2423 2421/2421 2403/2403
f 2423/2423 2403/2403 2405/2405
f 2405/2405 2403/2403 2355/2355
f 2405/2405 2355/2355 2357/2357
f 2357/2357 2355/2355 2315/2315
f 2357/2357 2315/2315 2317/2317
f 2317/2317 2315/2315 2291/2291
f 2317/2317 2291/2291 2293/2293
f 2293/2293 2291/2291 2275/2275
f 2293/2293 2275/2275 2277/2277
f 2248/2248 2244/2244 2251/2251
f 2251/2251 2244/2244 2246/2246
f 2251/2251 2246/2246 2254/2254
f 2254/2254 2246/2246 2257/2257
f 2246/2246 2244/2244 2264/2264
f 2246/2246 2264/2264 2266/2266
f 2266/2266 2264/2264 2282/2282
f 2266/2266 2282/2282 2284/2284
f 2284/2284 2282/2282 2304/2304
f 2284/2284 2304/2304 2307/2307
f 2447/2447 2309/2309 2444/2444
f 2444/2444 2309/2309 2306/2306
f 2445/2445 2442/2442 2486/2486
f 2486/2486 2442/2442 2484/2484
f 2486/2486 2484/2484 2526/2526
f 2526/2526 2484/2484 2524/2524
f 2526/2526 2524/2524 2534/2534
f 2534/2534 2524/2524 2532/2532
f 2534/2534 2532/2532 2522/2522
f 2522/2522 2532/2532 2520/2520
f 2522/2522 2520/2520 2482/2482
f 2482/2482 2520/2520 2480/2480
f 2482/2482 2480/2480 2439/2439
f 2439/2439 2480/2480 2436/2436
f 2397/2397 2441/2441 2394/2394
f 2394/2394 2441/2441 2438/2438
f 2842/2842 2840/2840 2908/2908
f 2908/2908 2840/2840 2906/2906
f 2914/2914 2916/2916 2904/2904
f 2904/2904 2916/2916 2910/2910
f 2904/2904 2910/2910 2907/2907
f 2922/2922 2940/2940 2942/2942
f 2942/2942 2931/2931 2922/2922
f 2922/2922 2931/2931 2924/2924
f 2922/2922 2924/2924 2914/2914
f 2914/2914 2924/2924 2918/2918
f 2914/2914 2918/2918 2916/2916
f 2961/2961 2981/2981 2983/2983
f 2983/2983 2973/2973 2961/2961
f 2961/2961 2973/2973 2963/2963
f 2961/2961 2963/2963 2940/2940
f 2940/2940 2963/2963 2950/2950
f 2940/2940 2950/2950 2942/2942
f 2981/2981 2984/2984 2983/2983
f 2983/2983 2984/2984 2986/2986
f 2615/2615 2576/2576 2776/2776
f 2504/2504 2258/2258 2552/2552
f 2552/2552 2258/2258 2247/2247
f 2356/2356 2316/2316 2510/2510
f 2510/2510 2316/2316 2292/2292
f 2510/2510 2292/2292 2276/2276
f 2606/2606 2709/2709 2713/2713
f 2576/2576 2464/2464 2446/2446
f 2267/2267 2285/2285 2464/2464
f 2464/2464 2285/2285 2308/2308
f 2464/2464 2308/2308 2446/2446
f 2446/2446 2487/2487 2576/2576
f 2576/2576 2487/2487 2527/2527
f 2576/2576 2527/2527 2776/2776
f 2776/2776 2527/2527 2535/2535
f 2776/2776 2535/2535 2523/2523
f 2470/2470 2582/2582 2748/2748
f 2665/2665 2657/2657 2673/2673
f 2673/2673 2657/2657 2713/2713
f 2657/2657 2649/2649 2713/2713
f 2713/2713 2649/2649 2641/2641
f 2713/2713 2641/2641 2606/2606
f 2606/2606 2641/2641 2632/2632
f 2606/2606 2632/2632 2558/2558
f 2558/2558 2632/2632 2422/2422
f 2558/2558 2422/2422 2510/2510
f 2510/2510 2422/2422 2404/2404
f 2510/2510 2404/2404 2356/2356
f 2523/2523 2483/2483 2776/2776
f 2776/2776 2483/2483 2440/2440
f 2776/2776 2440/2440 2390/2390
f 2390/2390 2440/2440 2396/2396
f 2740/2740 2732/2732 2600/2600
f 2600/2600 2732/2732 2698/2698
f 2600/2600 2698/2698 2623/2623
f 2623/2623 2698/2698 2704/2704
f 2623/2623 2704/2704 2606/2606
f 2606/2606 2704/2704 2724/2724
f 2606/2606 2724/2724 2709/2709
f 2267/2267 2464/2464 2247/2247
f 2247/2247 2464/2464 2413/2413
f 2247/2247 2413/2413 2552/2552
f 2552/2552 2413/2413 2470/2470
f 2552/2552 2470/2470 2600/2600
f 2600/2600 2470/2470 2748/2748
f 2600/2600 2748/2748 2740/2740
f 2776/2776 2781/2781 2615/2615
f 2615/2615 2781/2781 2764/2764
f 2615/2615 2764/2764 2582/2582
f 2582/2582 2764/2764 2756/2756
f 2582/2582 2756/2756 2748/2748
f 2345/2345 2349/2349 2329/2329
f 2329/2329 2349/2349 2333/2333
f 2396/2396 2373/2373 2390/2390
f 2390/2390 2373/2373 2349/2349
f 2390/2390 2349/2349 2369/2369
f 2369/2369 2349/2349 2345/2345
f 2915/2915 2905/2905 2856/2856
f 2856/2856 2905/2905 2839/2839
f 2856/2856 2982/2982 2962/2962
f 2962/2962 2941/2941 2856/2856
f 2856/2856 2941/2941 2923/2923
f 2856/2856 2923/2923 2915/2915
f 2862/2862 2871/2871 2856/2856
f 2856/2856 2871/2871 2879/2879
f 2955/2955 2856/2856 2947/2947
f 2947/2947 2856/2856 2933/2933
f 2955/2955 2970/2970 2856/2856
f 2856/2856 2970/2970 2985/2985
f 2856/2856 2985/2985 2982/2982
f 2485/2485 2443/2443 2461/2461
f 2461/2461 2443/2443 2305/2305
f 2437/2437 2481/2481 2839/2839
f 2839/2839 2481/2481 2521/2521
f 2839/2839 2521/2521 2533/2533
f 2879/2879 2887/2887 2856/2856
f 2856/2856 2887/2887 2895/2895
f 2856/2856 2895/2895 2933/2933
f 2305/2305 2283/2283 2461/2461
f 2461/2461 2283/2283 2265/2265
f 2461/2461 2265/2265 2411/2411
f 2411/2411 2265/2265 2245/2245
f 2411/2411 2245/2245 2467/2467
f 2467/2467 2245/2245 2249/2249
f 2467/2467 2249/2249 2579/2579
f 2579/2579 2249/2249 2856/2856
f 2579/2579 2856/2856 2613/2613
f 2613/2613 2856/2856 2839/2839
f 2613/2613 2839/2839 2573/2573
f 2573/2573 2839/2839 2533/2533
f 2573/2573 2533/2533 2461/2461
f 2461/2461 2533/2533 2525/2525
f 2461/2461 2525/2525 2485/2485
f 2787/2787 2839/2839 2827/2827
f 2437/2437 2839/2839 2393/2393
f 2393/2393 2839/2839 2787/2787
f 2393/2393 2787/2787 2387/2387
f 2367/2367 2347/2347 2387/2387
f 2387/2387 2347/2347 2371/2371
f 2387/2387 2371/2371 2393/2393
f 2367/2367 2343/2343 2347/2347
f 2347/2347 2343/2343 2327/2327
f 2347/2347 2327/2327 2331/2331
f 2827/2827 2819/2819 2787/2787
f 2787/2787 2819/2819 2811/2811
f 2787/2787 2811/2811 2795/2795
f 2795/2795 2811/2811 2803/2803
f 2860/2860 2857/2857 2253/2253
f 2253/2253 2857/2857 2250/2250
f 2255/2255 2501/2501 2252/2252
f 2252/2252 2501/2501 2549/2549
f 2707/2707 2721/2721 2701/2701
f 2597/2597 2621/2621 2711/2711
f 2738/2738 2746/2746 2252/2252
f 2252/2252 2746/2746 2754/2754
f 2711/2711 2707/2707 2597/2597
f 2597/2597 2707/2707 2701/2701
f 2597/2597 2701/2701 2549/2549
f 2549/2549 2701/2701 2695/2695
f 2549/2549 2695/2695 2252/2252
f 2252/2252 2695/2695 2730/2730
f 2252/2252 2730/2730 2738/2738
f 2647/2647 2655/2655 2621/2621
f 2274/2274 2290/2290 2507/2507
f 2507/2507 2290/2290 2314/2314
f 2314/2314 2354/2354 2507/2507
f 2507/2507 2354/2354 2402/2402
f 2507/2507 2402/2402 2555/2555
f 2555/2555 2402/2402 2420/2420
f 2555/2555 2420/2420 2603/2603
f 2603/2603 2420/2420 2629/2629
f 2603/2603 2629/2629 2621/2621
f 2621/2621 2629/2629 2639/2639
f 2621/2621 2639/2639 2647/2647
f 2655/2655 2663/2663 2621/2621
f 2621/2621 2663/2663 2671/2671
f 2621/2621 2671/2671 2711/2711
f 2865/2865 2859/2859 2778/2778
f 2778/2778 2859/2859 2252/2252
f 2778/2778 2252/2252 2762/2762
f 2762/2762 2252/2252 2754/2754
f 2855/2855 2858/2858 2861/2861
f 2861/2861 2858/2858 2864/2864
f 2694/2694 2700/2700 2697/2697
f 2697/2697 2700/2700 2703/2703
f 2872/2872 2863/2863 2874/2874
f 2874/2874 2863/2863 2866/2866
f 2874/2874 2866/2866 2782/2782
f 2782/2782 2866/2866 2779/2779
f 2705/2705 2702/2702 2725/2725
f 2725/2725 2702/2702 2722/2722
f 2777/2777 2391/2391 2790/2790
f 2790/2790 2391/2391 2388/2388
f 2790/2790 2388/2388 2788/2788
f 2936/2936 2934/2934 2898/2898
f 2898/2898 2934/2934 2896/2896
f 2386/2386 2389/2389 2368/2368
f 2386/2386 2368/2368 2366/2366
f 2366/2366 2368/2368 2344/2344
f 2366/2366 2344/2344 2342/2342
f 2342/2342 2344/2344 2328/2328
f 2342/2342 2328/2328 2326/2326
f 2326/2326 2328/2328 2332/2332
f 2326/2326 2332/2332 2330/2330
f 2330/2330 2332/2332 2348/2348
f 2330/2330 2348/2348 2346/2346
f 2346/2346 2348/2348 2372/2372
f 2346/2346 2372/2372 2370/2370
f 2370/2370 2372/2372 2395/2395
f 2370/2370 2395/2395 2392/2392
f 2790/2790 2788/2788 2796/2796
f 2790/2790 2796/2796 2798/2798
f 2798/2798 2796/2796 2804/2804
f 2798/2798 2804/2804 2806/2806
f 2806/2806 2804/2804 2812/2812
f 2806/2806 2812/2812 2814/2814
f 2814/2814 2812/2812 2820/2820
f 2814/2814 2820/2820 2822/2822
f 2822/2822 2820/2820 2828/2828
f 2822/2822 2828/2828 2830/2830
f 2830/2830 2828/2828 2840/2840
f 2830/2830 2840/2840 2842/2842
f 2986/2986 2984/2984 2980/2980
f 2980/2980 2984/2984 2969/2969
f 2980/2980 2969/2969 2971/2971
f 2971/2971 2969/2969 2964/2964
f 2964/2964 2969/2969 2954/2954
f 2964/2964 2954/2954 2956/2956
f 2956/2956 2954/2954 2946/2946
f 2956/2956 2946/2946 2948/2948
f 2948/2948 2946/2946 2932/2932
f 2948/2948 2932/2932 2935/2935
f 2898/2898 2896/2896 2888/2888
f 2898/2898 2888/2888 2890/2890
f 2890/2890 2888/2888 2880/2880
f 2890/2890 2880/2880 2882/2882
f 2882/2882 2880/2880 2872/2872
f 2882/2882 2872/2872 2874/2874
f 2782/2782 2779/2779 2765/2765
f 2765/2765 2779/2779 2763/2763
f 2765/2765 2763/2763 2757/2757
f 2757/2757 2763/2763 2755/2755
f 2757/2757 2755/2755 2749/2749
f 2749/2749 2755/2755 2747/2747
f 2749/2749 2747/2747 2741/2741
f 2741/2741 2747/2747 2739/2739
f 2741/2741 2739/2739 2733/2733
f 2733/2733 2739/2739 2731/2731
f 2733/2733 2731/2731 2699/2699
f 2699/2699 2731/2731 2696/2696
f 2559/2559 2556/2556 2607/2607
f 2607/2607 2556/2556 2604/2604
f 2605/2605 2602/2602 2622/2622
f 2622/2622 2602/2602 2620/2620
f 2622/2622 2620/2620 2599/2599
f 2599/2599 2620/2620 2596/2596
f 2601/2601 2598/2598 2553/2553
f 2553/2553 2598/2598 2550/2550
f 2503/2503 2551/2551 2500/2500
f 2500/2500 2551/2551 2548/2548
f 2506/2506 2554/2554 2509/2509
f 2509/2509 2554/2554 2557/2557
f 2468/2468 2580/2580 2471/2471
f 2471/2471 2580/2580 2583/2583
f 2578/2578 2612/2612 2581/2581
f 2581/2581 2612/2612 2614/2614
f 2612/2612 2572/2572 2614/2614
f 2614/2614 2572/2572 2575/2575
f 2574/2574 2462/2462 2577/2577
f 2577/2577 2462/2462 2465/2465
f 2460/2460 2410/2410 2463/2463
f 2463/2463 2410/2410 2412/2412
f 2410/2410 2466/2466 2412/2412
f 2412/2412 2466/2466 2469/2469
f 2881/2881 2910/2910 2916/2916
f 2780/2780 2775/2775 2873/2873
f 2873/2873 2775/2775 2789/2789
f 2873/2873 2813/2813 2821/2821
f 2789/2789 2797/2797 2873/2873
f 2873/2873 2797/2797 2805/2805
f 2873/2873 2805/2805 2813/2813
f 2821/2821 2829/2829 2873/2873
f 2873/2873 2829/2829 2841/2841
f 2873/2873 2841/2841 2881/2881
f 2881/2881 2841/2841 2907/2907
f 2881/2881 2907/2907 2910/2910
f 2986/2986 2935/2935 2983/2983
f 2983/2983 2935/2935 2897/2897
f 2916/2916 2918/2918 2881/2881
f 2881/2881 2918/2918 2924/2924
f 2881/2881 2924/2924 2931/2931
f 2948/2948 2935/2935 2956/2956
f 2956/2956 2935/2935 2964/2964
f 2986/2986 2980/2980 2935/2935
f 2935/2935 2980/2980 2971/2971
f 2935/2935 2971/2971 2964/2964
f 2931/2931 2942/2942 2881/2881
f 2881/2881 2942/2942 2950/2950
f 2881/2881 2950/2950 2963/2963
f 2897/2897 2889/2889 2983/2983
f 2983/2983 2889/2889 2881/2881
f 2983/2983 2881/2881 2973/2973
f 2973/2973 2881/2881 2963/2963
f 2508/2508 2511/2511 2275/2275
f 2275/2275 2511/2511 2277/2277
f 2505/2505 2502/2502 2259/2259
f 2259/2259 2502/2502 2256/2256
f 1261/1261 1258/1258 1275/1275
f 1275/1275 1258/1258 1273/1273
f 1337/1337 1275/1275 1335/1335
f 1335/1335 1275/1275 1273/1273
f 1337/1337 1335/1335 1359/1359
f 1337/1337 1359/1359 1361/1361
f 1361/1361 1359/1359 1381/1381
f 1361/1361 1381/1381 1383/1383
f 1383/1383 1381/1381 1421/1421
f 1383/1383 1421/1421 1423/1423
f 1423/1423 1421/1421 1437/1437
f 1423/1423 1437/1437 1439/1439
f 1439/1439 1437/1437 1463/1463
f 1439/1439 1463/1463 1465/1465
f 1465/1465 1463/1463 1472/1472
f 1465/1465 1472/1472 1475/1475
f 1479/1479 1474/1474 1477/1477
f 1477/1477 1474/1474 1471/1471
f 1479/1479 1477/1477 1467/1467
f 1479/1479 1467/1467 1469/1469
f 1469/1469 1467/1467 1441/1441
f 1469/1469 1441/1441 1443/1443
f 1443/1443 1441/1441 1425/1425
f 1443/1443 1425/1425 1427/1427
f 1427/1427 1425/1425 1385/1385
f 1427/1427 1385/1385 1387/1387
f 1387/1387 1385/1385 1369/1369
f 1387/1387 1369/1369 1371/1371
f 1104/1104 1034/1034 1107/1107
f 1107/1107 1034/1034 1036/1036
f 1107/1107 1036/1036 1320/1320
f 1320/1320 1036/1036 1323/1323
f 1036/1036 1034/1034 1008/1008
f 1036/1036 1008/1008 1010/1010
f 1010/1010 1008/1008 988/988
f 1010/1010 988/988 990/990
f 990/990 988/988 978/978
f 990/990 978/978 980/980
f 980/980 978/978 970/970
f 980/980 970/970 972/972
f 949/949 972/972 947/947
f 947/947 972/972 970/970
f 949/949 947/947 940/940
f 940/940 947/947 938/938
f 940/940 938/938 926/926
f 926/926 938/938 924/924
f 926/926 924/924 916/916
f 916/916 924/924 914/914
f 916/916 914/914 902/902
f 902/902 914/914 900/900
f 902/902 900/900 892/892
f 892/892 900/900 890/890
f 892/892 890/890 878/878
f 878/878 890/890 876/876
f 870/870 878/878 868/868
f 868/868 878/878 876/876
f 805/805 803/803 888/888
f 888/888 803/803 887/887
f 907/907 908/908 887/887
f 887/887 908/908 898/898
f 887/887 898/898 888/888
f 935/935 955/955 956/956
f 956/956 950/950 935/935
f 935/935 950/950 936/936
f 935/935 936/936 907/907
f 907/907 936/936 918/918
f 907/907 918/918 908/908
f 967/967 1027/1027 1028/1028
f 1028/1028 986/986 967/967
f 967/967 986/986 968/968
f 967/967 968/968 955/955
f 955/955 968/968 958/958
f 955/955 958/958 956/956
f 1027/1027 1093/1093 1028/1028
f 1028/1028 1093/1093 1094/1094
f 971/971 948/948 1023/1023
f 1071/1071 1047/1047 1200/1200
f 1017/1017 813/813 1047/1047
f 1047/1047 813/813 1195/1195
f 1047/1047 1195/1195 1200/1200
f 901/901 891/891 813/813
f 1442/1442 1426/1426 1365/1365
f 1365/1365 1426/1426 1386/1386
f 1365/1365 1386/1386 1370/1370
f 1315/1315 1321/1321 1297/1297
f 1297/1297 1321/1321 1035/1035
f 891/891 877/877 813/813
f 813/813 877/877 869/869
f 813/813 869/869 821/821
f 1259/1259 1411/1411 1265/1265
f 1265/1265 1411/1411 1340/1340
f 1265/1265 1340/1340 1241/1241
f 1241/1241 1340/1340 1291/1291
f 1241/1241 1291/1291 1232/1232
f 1232/1232 1291/1291 1224/1224
f 1200/1200 1208/1208 1071/1071
f 1071/1071 1208/1208 1216/1216
f 1071/1071 1216/1216 1077/1077
f 1438/1438 1464/1464 1411/1411
f 1411/1411 1464/1464 1473/1473
f 1411/1411 1473/1473 1417/1417
f 1417/1417 1473/1473 1478/1478
f 1417/1417 1478/1478 1365/1365
f 1365/1365 1478/1478 1468/1468
f 1365/1365 1468/1468 1442/1442
f 1023/1023 948/948 1017/1017
f 1009/1009 989/989 1023/1023
f 1023/1023 989/989 979/979
f 1023/1023 979/979 971/971
f 1009/1009 1023/1023 1035/1035
f 1035/1035 1023/1023 1051/1051
f 1035/1035 1051/1051 1297/1297
f 1297/1297 1051/1051 1077/1077
f 1297/1297 1077/1077 1291/1291
f 1291/1291 1077/1077 1216/1216
f 1291/1291 1216/1216 1224/1224
f 1259/1259 1274/1274 1411/1411
f 1411/1411 1274/1274 1336/1336
f 1411/1411 1336/1336 1360/1360
f 948/948 939/939 1017/1017
f 1017/1017 939/939 925/925
f 1017/1017 925/925 813/813
f 813/813 925/925 915/915
f 813/813 915/915 901/901
f 1360/1360 1382/1382 1411/1411
f 1411/1411 1382/1382 1422/1422
f 1411/1411 1422/1422 1438/1438
f 845/845 869/869 853/853
f 853/853 869/869 861/861
f 845/845 837/837 869/869
f 869/869 837/837 829/829
f 869/869 829/829 821/821
f 1026/1026 966/966 1096/1096
f 1096/1096 966/966 954/954
f 1096/1096 954/954 934/934
f 1096/1096 1187/1187 1183/1183
f 934/934 906/906 1096/1096
f 1096/1096 906/906 886/886
f 1096/1096 886/886 801/801
f 867/867 875/875 801/801
f 1143/1143 1134/1134 1096/1096
f 1096/1096 1134/1134 1126/1126
f 1096/1096 1126/1126 1120/1120
f 875/875 889/889 801/801
f 801/801 889/889 899/899
f 801/801 899/899 913/913
f 1120/1120 1112/1112 1096/1096
f 1096/1096 1112/1112 1092/1092
f 1096/1096 1092/1092 1026/1026
f 937/937 946/946 1020/1020
f 1020/1020 946/946 969/969
f 1020/1020 969/969 977/977
f 1183/1183 1179/1179 1096/1096
f 1096/1096 1179/1179 1151/1151
f 1096/1096 1151/1151 1143/1143
f 771/771 787/787 763/763
f 763/763 787/787 806/806
f 763/763 806/806 767/767
f 867/867 801/801 806/806
f 806/806 801/801 783/783
f 806/806 783/783 767/767
f 977/977 987/987 1020/1020
f 1020/1020 987/987 1007/1007
f 1020/1020 1007/1007 1049/1049
f 1049/1049 1007/1007 1033/1033
f 1049/1049 1033/1033 1074/1074
f 1074/1074 1033/1033 1102/1102
f 1074/1074 1102/1102 1068/1068
f 1068/1068 1102/1102 1096/1096
f 1068/1068 1096/1096 1045/1045
f 1045/1045 1096/1096 801/801
f 1045/1045 801/801 1014/1014
f 1014/1014 801/801 913/913
f 1014/1014 913/913 1020/1020
f 1020/1020 913/913 923/923
f 1020/1020 923/923 937/937
f 806/806 819/819 867/867
f 867/867 819/819 827/827
f 867/867 827/827 835/835
f 835/835 843/843 867/867
f 867/867 843/843 851/851
f 867/867 851/851 859/859
f 1100/1100 1097/1097 1106/1106
f 1106/1106 1097/1097 1103/1103
f 1272/1272 1256/1256 1262/1262
f 1318/1318 1312/1312 1105/1105
f 1105/1105 1312/1312 1294/1294
f 1222/1222 1214/1214 1105/1105
f 1105/1105 1214/1214 1206/1206
f 1190/1190 1099/1099 1193/1193
f 1193/1193 1099/1099 1105/1105
f 1193/1193 1105/1105 1198/1198
f 1198/1198 1105/1105 1206/1206
f 1362/1362 1466/1466 1414/1414
f 1414/1414 1466/1466 1476/1476
f 1414/1414 1476/1476 1408/1408
f 1408/1408 1476/1476 1470/1470
f 1408/1408 1470/1470 1338/1338
f 1338/1338 1470/1470 1462/1462
f 1462/1462 1436/1436 1338/1338
f 1338/1338 1436/1436 1420/1420
f 1338/1338 1420/1420 1380/1380
f 1362/1362 1368/1368 1384/1384
f 1380/1380 1358/1358 1338/1338
f 1338/1338 1358/1358 1334/1334
f 1338/1338 1334/1334 1288/1288
f 1384/1384 1424/1424 1362/1362
f 1362/1362 1424/1424 1440/1440
f 1362/1362 1440/1440 1466/1466
f 1334/1334 1272/1272 1288/1288
f 1288/1288 1272/1272 1262/1262
f 1288/1288 1262/1262 1294/1294
f 1294/1294 1262/1262 1238/1238
f 1294/1294 1238/1238 1105/1105
f 1105/1105 1238/1238 1230/1230
f 1105/1105 1230/1230 1222/1222
f 1098/1098 1101/1101 1189/1189
f 1189/1189 1101/1101 1192/1192
f 1240/1240 1264/1264 1243/1243
f 1243/1243 1264/1264 1267/1267
f 1184/1184 1188/1188 1185/1185
f 1185/1185 1188/1188 1191/1191
f 1185/1185 1191/1191 1196/1196
f 1196/1196 1191/1191 1194/1194
f 1266/1266 1263/1263 1260/1260
f 1260/1260 1263/1263 1257/1257
f 814/814 822/822 810/810
f 810/810 822/822 820/820
f 810/810 820/820 808/808
f 1137/1137 1135/1135 1145/1145
f 1145/1145 1135/1135 1144/1144
f 820/820 822/822 830/830
f 820/820 830/830 828/828
f 828/828 830/830 838/838
f 828/828 838/838 836/836
f 836/836 838/838 846/846
f 836/836 846/846 844/844
f 844/844 846/846 854/854
f 844/844 854/854 852/852
f 852/852 854/854 862/862
f 852/852 862/862 860/860
f 860/860 862/862 870/870
f 860/860 870/870 868/868
f 809/809 807/807 788/788
f 809/809 788/788 789/789
f 789/789 788/788 772/772
f 789/789 772/772 773/773
f 773/773 772/772 764/764
f 773/773 764/764 765/765
f 765/765 764/764 768/768
f 765/765 768/768 769/769
f 769/769 768/768 784/784
f 769/769 784/784 785/785
f 785/785 784/784 802/802
f 785/785 802/802 804/804
f 1094/1094 1093/1093 1108/1108
f 1108/1108 1093/1093 1113/1113
f 1108/1108 1113/1113 1114/1114
f 1114/1114 1113/1113 1116/1116
f 1116/1116 1113/1113 1121/1121
f 1116/1116 1121/1121 1122/1122
f 1122/1122 1121/1121 1127/1127
f 1122/1122 1127/1127 1128/1128
f 1128/1128 1127/1127 1136/1136
f 1128/1128 1136/1136 1138/1138
f 1145/1145 1144/1144 1152/1152
f 1145/1145 1152/1152 1153/1153
f 1153/1153 1152/1152 1180/1180
f 1153/1153 1180/1180 1181/1181
f 1181/1181 1180/1180 1184/1184
f 1181/1181 1184/1184 1185/1185
f 1196/1196 1194/1194 1201/1201
f 1201/1201 1194/1194 1199/1199
f 1201/1201 1199/1199 1209/1209
f 1209/1209 1199/1199 1207/1207
f 1209/1209 1207/1207 1217/1217
f 1217/1217 1207/1207 1215/1215
f 1217/1217 1215/1215 1225/1225
f 1225/1225 1215/1215 1223/1223
f 1225/1225 1223/1223 1233/1233
f 1233/1233 1223/1223 1231/1231
f 1233/1233 1231/1231 1242/1242
f 1242/1242 1231/1231 1239/1239
f 1418/1418 1415/1415 1412/1412
f 1412/1412 1415/1415 1409/1409
f 1413/1413 1410/1410 1341/1341
f 1341/1341 1410/1410 1339/1339
f 1341/1341 1339/1339 1293/1293
f 1293/1293 1339/1339 1290/1290
f 1292/1292 1289/1289 1298/1298
f 1298/1298 1289/1289 1295/1295
f 1317/1317 1299/1299 1314/1314
f 1314/1314 1299/1299 1296/1296
f 1364/1364 1416/1416 1367/1367
f 1367/1367 1416/1416 1419/1419
f 1075/1075 1069/1069 1078/1078
f 1078/1078 1069/1069 1072/1072
f 1070/1070 1046/1046 1073/1073
f 1073/1073 1046/1046 1048/1048
f 1046/1046 1016/1016 1048/1048
f 1048/1048 1016/1016 1019/1019
f 1015/1015 1021/1021 1018/1018
f 1018/1018 1021/1021 1024/1024
f 1022/1022 1050/1050 1025/1025
f 1025/1025 1050/1050 1052/1052
f 1050/1050 1076/1076 1052/1052
f 1052/1052 1076/1076 1079/1079
f 1182/1182 898/898 908/908
f 1197/1197 814/814 1186/1186
f 1186/1186 814/814 810/810
f 1186/1186 766/766 770/770
f 810/810 790/790 1186/1186
f 1186/1186 790/790 774/774
f 1186/1186 774/774 766/766
f 770/770 786/786 1186/1186
f 1186/1186 786/786 805/805
f 1186/1186 805/805 1182/1182
f 1182/1182 805/805 888/888
f 1182/1182 888/888 898/898
f 1094/1094 1138/1138 1028/1028
f 1028/1028 1138/1138 1146/1146
f 908/908 918/918 1182/1182
f 1182/1182 918/918 936/936
f 1182/1182 936/936 950/950
f 1128/1128 1138/1138 1122/1122
f 1122/1122 1138/1138 1116/1116
f 1094/1094 1108/1108 1138/1138
f 1138/1138 1108/1108 1114/1114
f 1138/1138 1114/1114 1116/1116
f 950/950 956/956 1182/1182
f 1182/1182 956/956 958/958
f 1182/1182 958/958 968/968
f 1146/1146 1154/1154 1028/1028
f 1028/1028 1154/1154 1182/1182
f 1028/1028 1182/1182 986/986
f 986/986 1182/1182 968/968
f 1363/1363 1366/1366 1369/1369
f 1369/1369 1366/1366 1371/1371
f 1316/1316 1313/1313 1322/1322
f 1322/1322 1313/1313 1319/1319
