v -0.00125210898 -0.0121673037 0.00219110426
v -0.000860387251 -0.012039273 0.00295428213
v -0.00375359671 -0.00903734463 0.00311414179
v -0.00336878912 -0.00887486237 0.0039176124
v -0.000529581472 -0.0118410279 0.00373116907
v -0.000263506338 -0.0115749528 0.00451258597
v -0.00312870161 -0.00856026905 0.00473205027
v -0.0104044022 0.0001191209 0.00679317888
v -0.0108523907 6.28541157e-05 0.00605265078
v -0.00811057703 -0.00304612416 0.00551358637
v -0.00856035368 -0.00312861698 0.00473205027
v -0.0099053921 0.000103146856 0.00750235495
v -0.00754981653 -0.00312575596 0.00622013983
v -0.00936120169 1.49319813e-05 0.00817195353
v -0.0112441124 -6.51766613e-05 0.00528947291
v -0.0115750374 -0.00026342171 0.00451258597
v -0.008874947 -0.0033688237 0.0039176124
v -0.00690835135 -0.00336310166 0.00681356367
v -0.00622063296 -0.00374540585 0.00726190981
v -0.0068666281 -0.00102636116 0.0103057998
v -0.0014435591 -0.00620016354 0.0106717723
v -0.00191479342 -0.00553187626 0.0109610933
v -0.00374537127 -0.00622066754 0.00726190981
v -0.00425201075 -0.00552400845 0.00754097876
v -6.52612894e-05 -0.011244147 0.00528947291
v 6.27694876e-05 -0.0108524253 0.00605265078
v -0.00304620878 -0.0081104924 0.00551358637
v -0.00910776274 -0.00788304108 -0.00305279318
v -0.00850980894 -0.00850984352 -0.00309499327
v -0.007560903 -0.00692054528 0.000631846754
v -0.00692051069 -0.00756081837 0.000631846754
v -0.00966995375 -0.00723478096 -0.00292631212
v -0.00811987536 -0.00623342293 0.000820078222
v -0.0101897063 -0.00657257336 -0.00271721903
v -0.0106609406 -0.00590440529 -0.00242801729
v -0.00856738703 -0.00553652542 0.00118616995
v -0.0110781731 -0.00523790615 -0.00206204477
v -0.0118411125 -0.000529616053 0.00373116907
v -0.0120393576 -0.000860421832 0.00295428213
v -0.00903731005 -0.00375363129 0.00311414179
v -0.00752359049 -0.000668137248 0.00986722883
v -0.00816326754 -0.000372975047 0.00936142382
v -0.00877826826 -0.00014433163 0.0087939876
v -0.00552397387 -0.00425204533 0.00754097876
v -0.00553196089 -0.001914828 0.0109610933
v -0.00620012896 -0.00144359368 0.0106717723
v -0.00243454592 -0.00486978787 0.0111700672
v -0.00299673693 -0.00422152775 0.0112965482
v -0.00485568659 -0.00485572117 0.00763563093
v -0.011436397 -0.00458094376 -0.0016234738
v -0.00887923853 -0.00486752289 0.00171057161
v -0.0117315592 -0.00394126671 -0.00111754957
v -0.00903874056 -0.00426229733 0.00236503061
v -0.0121194662 -0.00274333256 7.18015115e-05
v -0.0119602026 -0.00332626599 -0.000550232561
v -0.0121673884 -0.00125214356 0.00219110426
v -0.0122236551 -0.00170013207 0.00145057615
v -0.0122076811 -0.00219914215 0.000741400091
v -0.00359469073 -0.00359472531 0.0113388675
v -0.00422149317 -0.00299677151 0.0112965482
v -0.00486975329 -0.0024345805 0.0111700672
v -0.00102632658 -0.00686666268 0.0103057998
v -0.00336306708 -0.00690826672 0.00681356367
v -0.000668102667 -0.00752362507 0.00986722883
v 0.000119155482 -0.0104044368 0.00679317888
v 0.000103181437 -0.00990542668 0.00750235495
v -0.00312572138 -0.00754973191 0.00622013983
v -0.00170009749 -0.0122236897 0.00145057615
v -0.00426226275 -0.00903877514 0.00236503061
v -0.00219910757 -0.0122077157 0.000741400091
v -0.00274329798 -0.0121195008 7.18015115e-05
v -0.00486748831 -0.00887927311 0.00171057161
v -0.00332635061 -0.0119602372 -0.000550232561
v -0.00553661005 -0.0085673024 0.00118616995
v -0.00623338835 -0.00811979073 0.000820078222
v -0.00590437071 -0.0106609752 -0.00242801729
v -0.0078830065 -0.00910779732 -0.00305279318
v -0.00723474638 -0.00966998833 -0.00292631212
v -0.00657265799 -0.0101897408 -0.00271721903
v -0.00523787157 -0.0110782077 -0.00206204477
v -0.00458090918 -0.0114364316 -0.0016234738
v -0.00394123213 -0.0117315938 -0.00111754957
v 1.49665625e-05 -0.00936123627 0.00817195353
v -0.000144297048 -0.00877818363 0.0087939876
v -0.000372940466 -0.00816330212 0.00936142382
v -0.00205391066 -0.00343057411 0.011802234
v -0.00146406309 -0.00411066311 0.0116695541
v 0.000209754542 -0.0025089671 0.0108216184
v -0.00142198221 -0.00415918129 0.0116601365
v -0.000896150038 -0.0048291375 0.0114486593
v 0.00079399927 -0.00324699181 0.0105959552
v -0.000837856695 -0.0049035241 0.011425175
v -0.000378662512 -0.00555452603 0.0111433643
v 0.00132650717 -0.00399228829 0.0102833885
v -0.000308090612 -0.00565454262 0.0111000913
v 8.2677439e-05 -0.00627896088 0.0107571262
v 0.00180143698 -0.00473686951 0.00988749441
v 0.000160759524 -0.00640377301 0.0106885808
v 0.000482982233 -0.00699457424 0.0102942365
v 0.0022136627 -0.00547251004 0.0094125646
v 0.000563567713 -0.00714215534 0.0101957696
v 0.000817960337 -0.00769349831 0.00975970205
v 0.00255865438 -0.00619134205 0.00886384424
v 0.000895327166 -0.00786122578 0.00962714132
v 0.00108367784 -0.00836810368 0.00915936407
v 0.00283259733 -0.00688514012 0.0082472938
v 0.00115222318 -0.00855240124 0.00898937163
v 0.00127763136 -0.00901111859 0.00849989828
v 0.00303263052 -0.00754663246 0.00756958899
v 0.00133127554 -0.0092076947 0.00829020914
v 0.00139731748 -0.00961550968 0.00778833803
v 0.00315625055 -0.00816842812 0.00683824
v 0.00143045767 -0.00981935757 0.00753752169
v 0.00144178255 -0.0101746013 0.00703267035
v 0.00320238455 -0.00874373215 0.00606123385
v 0.00144833906 -0.0103802373 0.00674036917
v 0.00141043051 -0.0106824328 0.00624088225
v 0.00317043646 -0.00926622647 0.00524715361
v 0.00138503893 -0.0108837773 0.00590804991
v 0.00130349977 -0.0111332824 0.00542191443
v 0.00306076391 -0.00973018902 0.00440482077
v 0.00124115331 -0.0113241364 0.00505021986
v 0.00112230165 -0.0115225007 0.00458446917
v 0.002874559 -0.0101304938 0.00354365286
v -9.29178445e-05 -0.0123618533 0.00156763968
v -0.000294381544 -0.0123871257 0.00123480734
v 0.00141722544 -0.0110194375 9.8385183e-05
v -0.000596457884 -0.0124251534 0.000735320417
v -0.000802093908 -0.0124184777 0.000443019239
v 0.000894731119 -0.0110513856 -0.000715695055
v -0.00115733759 -0.0124071528 -6.18321021e-05
v -0.00136118548 -0.0123741319 -0.000312648447
v 0.000319427088 -0.0110052516 -0.0014927012
v -0.00176911966 -0.0123079707 -0.000814519556
v -0.00196557657 -0.0122543265 -0.0010242087
v -0.000302368566 -0.0108816315 -0.00222393099
v -0.00242441313 -0.0121289183 -0.00151368204
v -0.00260859148 -0.0120604922 -0.00168367449
v -0.000963860914 -0.0106817176 -0.0029016358
v -0.00311558859 -0.0118720223 -0.00215133253
v -0.00328331606 -0.0117946555 -0.00228401247
v -0.00165777819 -0.0104076554 -0.00351830545
v -0.00383453982 -0.0115402629 -0.00271996084
v -0.00398224013 -0.0114597966 -0.00281854692
v -0.002376491 -0.0100626637 -0.00406702581
v -0.00457304136 -0.0111375739 -0.00321289125
v -0.00469785349 -0.0110594918 -0.00328143659
v -0.00311213152 -0.00965043801 -0.00454195562
v -0.00532215254 -0.0106686045 -0.00362440172
v -0.00542228834 -0.0105980326 -0.00366767469
v -0.00385671274 -0.0091755082 -0.00493784967
v -0.00607329027 -0.0101389577 -0.00394948545
v -0.00614767687 -0.0100805451 -0.00397296968
v -0.00460212843 -0.0086430003 -0.00525041643
v -0.00681751387 -0.00955471295 -0.00418444696
v -0.00686603205 -0.00951263207 -0.0041938645
v -0.00534003393 -0.00805875557 -0.00547607961
v -0.00754612105 -0.0089227845 -0.00432654444
v -0.00756960528 -0.00890049237 -0.00432809416
v -0.00606244223 -0.00742933052 -0.00561245504
v -0.00892286913 -0.00754615563 -0.00432654444
v -0.00951259749 -0.00686606663 -0.0041938645
v -0.0080588402 -0.00533994931 -0.00547607961
v -0.00955467837 -0.00681754845 -0.00418444696
v -0.0100805105 -0.00614759224 -0.00397296968
v -0.00864296572 -0.0046020438 -0.00525041643
v -0.0101389231 -0.00607320565 -0.00394948545
v -0.0105979981 -0.00542220372 -0.00366767469
v -0.00917547362 -0.00385674732 -0.00493784967
v -0.01066857 -0.00532218712 -0.00362440172
v -0.0110594572 -0.00469776886 -0.00328143659
v -0.00965052263 -0.0031121661 -0.00454195562
v -0.0111375393 -0.00457295674 -0.00321289125
v -0.011459762 -0.0039821555 -0.00281854692
v -0.0100627484 -0.00237640637 -0.00406702581
v -0.0115402283 -0.0038345744 -0.00271996084
v -0.0117946209 -0.00328323143 -0.00228401247
v -0.01040774 -0.00165769356 -0.00351830545
v -0.0118719877 -0.00311562317 -0.00215133253
v -0.0120604576 -0.00260862606 -0.00168367449
v -0.010681683 -0.000963776286 -0.0029016358
v -0.012129003 -0.0024243285 -0.00151368204
v -0.0122542919 -0.00196561116 -0.0010242087
v -0.010881597 -0.000302403147 -0.00222393099
v -0.0123080553 -0.00176903504 -0.000814519556
v -0.0123740973 -0.00136122006 -0.000312648447
v -0.0110053362 0.000319392507 -0.0014927012
v -0.0124071182 -0.00115737217 -6.18321021e-05
v -0.0124185623 -0.000802128489 0.000443019239
v -0.0110514702 0.000894696538 -0.000715695055
v -0.0124251188 -0.000596492465 0.000735320417
v -0.0123870911 -0.000294296916 0.00123480734
v -0.0110195221 0.00141719085 9.8385183e-05
v -0.0123618187 -9.29524257e-05 0.00156763968
v -0.0122802796 0.000156552617 0.00205377516
v -0.0109097304 0.00188115341 0.000940718023
v -0.0122179331 0.00034740669 0.00242546972
v -0.0120990814 0.000545651738 0.00289122042
v -0.0107235254 0.0022814582 0.00180200514
v -0.0108838619 0.00138512356 0.00590804991
v -0.0106823982 0.00141039592 0.00624088225
v -0.00926619188 0.00317040188 0.00524715361
v -0.0103802027 0.00144842369 0.00674036917
v -0.0101745667 0.00144174797 0.00703267035
v -0.00874369757 0.00320234997 0.00606123385
v -0.00981932299 0.00143042309 0.00753752169
v -0.0096154751 0.00139740211 0.00778833803
v -0.00816839354 0.00315633518 0.00683824
v -0.00920766012 0.00133124096 0.00829020914
v -0.00901108401 0.00127759678 0.00849989828
v -0.00754659788 0.00303259594 0.00756958899
v -0.00855236666 0.0011521886 0.00898937163
v -0.0083680691 0.00108376247 0.00915936407
v -0.00688522474 0.00283268196 0.0082472938
v -0.0078611912 0.000895292585 0.00962714132
v -0.00769346373 0.000817925756 0.00975970205
v -0.00619130747 0.00255873901 0.00886384424
v -0.00714212076 0.000563533132 0.0101957696
v -0.00699453966 0.000483066861 0.0102942365
v -0.00547259466 0.00221374733 0.0094125646
v -0.00640373842 0.000160844152 0.0106885808
v -0.0062789263 8.26428578e-05 0.0107571262
v -0.00473683493 0.00180140239 0.00988749441
v -0.00565462725 -0.000308125193 0.0111000913
v -0.00555449145 -0.000378697093 0.0111433643
v -0.00399225371 0.00132647258 0.0102833885
v -0.00490348952 -0.000837772067 0.011425175
v -0.00482910292 -0.000896184619 0.0114486593
v -0.00324695723 0.000793964689 0.0105959552
v -0.00415926592 -0.00142201679 0.0116601365
v -0.00411074774 -0.00146409767 0.0116695541
v -0.00250905173 0.00020971996 0.0108216184
v -0.00343053953 -0.00205394524 0.011802234
v -0.00340717451 -0.00207623738 0.0118037837
v -0.00178664343 -0.000419705088 0.0109579938
v 0.00318295343 -0.00347003239 -0.00894614282
v 0.00473684652 -0.00180145996 -0.00988753858
v 0.00547260626 -0.00221368569 -0.00941260877
v 0.001529759 0.00818279487 0.00573650774
v 0.00311214311 0.00965049965 0.00454203066
v 0.00237650259 0.0100627254 0.00406710085
v 0.00892288072 0.00754609806 0.00432650026
v 0.00890046938 0.00756958229 0.00432816919
v 0.00742930754 0.00606241924 0.00561241087
v 0.0113241134 -0.0012411763 -0.00505026403
v 0.0115224777 -0.00112232464 -0.00458451334
v 0.0101304708 -0.00287458199 -0.00354357782
v 0.00490350111 0.000837833707 -0.0114252192
v 0.00555450304 0.000378758733 -0.0111434084
v 0.0039922653 -0.00132653015 -0.0102834326
v 0.00415927751 0.00142207844 -0.0116601807
v 0.00482911451 0.000896246259 -0.0114487034
v 0.00324696882 -0.000794022258 -0.0105958802
v 0.00343055113 0.00205388767 -0.0118022782
v 0.00411075933 0.00146415931 -0.0116695983
v 0.00250906332 -0.000209777529 -0.0108216626
v 0.00205392225 0.00343063575 -0.0118022782
v 0.0020763336 0.00340715152 -0.0118038279
v 0.000419682101 0.00178662044 -0.010958038
v -0.000347310468 0.0122179101 -0.0024255139
v -0.000545674726 0.0120990585 -0.00289114538
v -0.00228148119 0.0107235025 -0.0018019301
v 0.00607330187 0.0101389001 0.00394944128
v 0.00542229994 0.0105979751 0.00366763052
v 0.00385672434 0.00917545063 0.0049378055
v 0.00681752546 0.00955465538 0.00418440279
v 0.00614756925 0.0100804876 0.00397292551
v 0.00460214002 0.00864294273 0.00525037226
v 0.00754613264 0.00892284614 0.00432650026
v 0.00686604364 0.0095125745 0.00419393953
v 0.00534004553 0.00805881721 0.00547603544
v 0.00532216413 0.010668547 0.00362435755
v 0.00469774587 0.0110594342 0.00328151163
v 0.00457305296 0.0111375163 0.00321296629
v 0.00398225172 0.011459739 0.00281850275
v 0.00383455141 0.0115403245 0.00272003588
v 0.00328332765 0.0117945979 0.0022839683
v 0.00165767057 0.0104077171 0.00351826128
v 0.00311560018 0.011872084 0.00215140757
v 0.00260860308 0.0120604346 0.00168374952
v 0.000963872507 0.01068166 0.00290171084
v 0.00242430551 0.01212898 0.00151375708
v 0.00196558817 0.0122542689 0.00102416453
v 0.00030238016 0.010881574 0.00222400603
v 0.00176901205 0.0123080323 0.000814475385
v 0.00136119707 0.0123740743 0.000312723486
v -0.000319415495 0.0110053132 0.00149265703
v 0.00115734918 0.0124070953 6.19071404e-05
v 0.000802105501 0.0124185393 -0.00044306341
v -0.000894719526 0.0110514472 0.000715650884
v 0.000596469477 0.0124250959 -0.000735364588
v 0.000294273928 0.0123871873 -0.0012347323
v -0.00141721384 0.0110194991 -9.8429354e-05
v 9.29294379e-05 0.0123617957 -0.00156768385
v -0.000156575605 0.0122802566 -0.00205381933
v -0.0018811764 0.0109098266 -0.000940642985
v -0.000868731901 0.0118455003 -0.00373788896
v -0.00101833956 0.0116960118 -0.00417705599
v -0.00287454741 0.0101304362 -0.00354357782
v -0.00112229006 0.0115224431 -0.00458451334
v -0.00124114172 0.0113240789 -0.00505026403
v -0.00306075232 0.00973013145 -0.00440486494
v -0.00130348818 0.011133344 -0.0054219586
v -0.00138502733 0.010883839 -0.00590797487
v -0.00317042486 0.0092661689 -0.00524719778
v -0.00141041891 0.0106823753 -0.00624092642
v -0.00144844668 0.0103802989 -0.00674041334
v -0.00320237295 0.00874367458 -0.00606127802
v -0.00144177096 0.0101746629 -0.00703259531
v -0.00143044607 0.0098193 -0.00753756586
v -0.00315623896 0.00816837055 -0.00683828417
v -0.0013974251 0.00961545212 -0.0077883822
v -0.00133126394 0.00920763714 -0.0082901341
v -0.00303261892 0.0075466941 -0.00756951395
v -0.00127761976 0.00901118023 -0.00849994245
v -0.00115221159 0.00855234367 -0.0089894158
v -0.00283270495 0.00688520176 -0.00824721876
v -0.00108378546 0.00836816532 -0.00915940824
v -0.000895315573 0.00786116821 -0.00962706629
v -0.00255864279 0.00619128448 -0.00886388841
v -0.000817948744 0.00769344074 -0.00975974623
v -0.00056355612 0.00714209778 -0.0101956946
v -0.00221365111 0.00547257168 -0.00941260877
v -0.00048297064 0.00699451668 -0.0102942807
v -0.00016086714 0.00640371544 -0.010688625
v -0.00180142538 0.00473681194 -0.00988753858
v -8.26658456e-05 0.00627890331 -0.0107571704
v 0.000308102206 0.00565460426 -0.0111000163
v -0.00132649557 0.00399223072 -0.0102834326
v 0.000378674105 0.00555446846 -0.0111434084
v 0.000837868288 0.00490346653 -0.0114252192
v -0.000793987676 0.00324693424 -0.0105958802
v 0.000896161631 0.00482907993 -0.0114487034
v 0.00142199381 0.00415924293 -0.0116601807
v -0.000209742948 0.00250902874 -0.0108216626
v 0.00146407469 0.00411072475 -0.0116695983
v 0.00565451963 0.000308186834 -0.0111000163
v 0.00627893789 -8.27004268e-05 -0.0107571704
v 0.00640375002 -0.000160782511 -0.010688625
v 0.00699455126 -0.000483005221 -0.0102942807
v 0.00714213236 -0.000563590701 -0.0101956946
v 0.00769347532 -0.000817864115 -0.00975974623
v 0.00619131906 -0.00255867737 -0.00886388841
v 0.00786120279 -0.000895350154 -0.00962706629
v 0.00836808069 -0.00108370083 -0.00915940824
v 0.00688523634 -0.00283262032 -0.00824721876
v 0.00855237825 -0.00115224617 -0.0089894158
v 0.0090110956 -0.00127753514 -0.00849994245
v 0.00754660948 -0.0030325343 -0.00756951395
v 0.00920767172 -0.00133129853 -0.0082901341
v 0.0096154867 -0.00139734047 -0.0077883822
v 0.00816840513 -0.00315627354 -0.00683828417
v 0.00981933458 -0.00143036145 -0.00753756586
v 0.0101745783 -0.00144180554 -0.00703259531
v 0.00874370916 -0.00320240753 -0.00606127802
v 0.0103802143 -0.00144836205 -0.00674041334
v 0.0106824098 -0.00141045349 -0.00624092642
v 0.00926620348 -0.00317045944 -0.00524719778
v 0.0108837543 -0.00138506192 -0.00590797487
v 0.0111333786 -0.00130352276 -0.0054219586
v 0.00973016603 -0.0030607869 -0.00440486494
v 0.0118455349 -0.000868766482 -0.00373788896
v 0.0119950233 -0.000719278033 -0.00329872194
v 0.010723537 -0.00228151577 -0.0018019301
v 0.012099093 -0.000545709307 -0.00289114538
v 0.0122179447 -0.00034734505 -0.0024255139
v 0.010909742 -0.00188109177 -0.000940642985
v 0.0122802912 -0.000156610186 -0.00205381933
v 0.0123618303 9.28948567e-05 -0.00156768385
v 0.0110194145 -0.00141712921 -9.8429354e-05
v 0.0123871027 0.000294358556 -0.0012347323
v 0.0124251304 0.000596434896 -0.000735364588
v 0.0110514818 -0.000894634898 0.000715650884
v 0.0124185739 0.00080207092 -0.00044306341
v 0.0124071298 0.00115743381 6.19071404e-05
v 0.0110053478 -0.000319450076 0.00149265703
v 0.0123741089 0.0013612817 0.000312723486
v 0.0123080669 0.00176909668 0.000814475385
v 0.0108816086 0.000302345578 0.00222400603
v 0.0122543035 0.00196555359 0.00102416453
v 0.0121290146 0.00242439014 0.00151375708
v 0.0106816946 0.000963837926 0.00290171084
v 0.0120604692 0.00260856849 0.00168374952
v 0.0118719993 0.0031155656 0.00215140757
v 0.0104077516 0.0016577552 0.00351826128
v 0.0117946325 0.00328329307 0.0022839683
v 0.0115402399 0.00383463604 0.00272003588
v 0.01006276 0.00237646801 0.00406710085
v 0.0114597736 0.00398221714 0.00281850275
v 0.0111375509 0.00457301838 0.00321296629
v 0.00965053423 0.00311210853 0.00454203066
v 0.0110594688 0.0046978305 0.00328151163
v 0.0106685816 0.00532212955 0.00362435755
v 0.00917548521 0.00385668976 0.0049378055
v 0.0105980097 0.00542226536 0.00366763052
v 0.0101389347 0.00607326729 0.00394944128
v 0.00864297731 0.00460210544 0.00525037226
v 0.0100805221 0.00614765388 0.00397292551
v 0.00955468996 0.00681749088 0.00418440279
v 0.00805873258 0.00534001095 0.00547603544
v 0.00951260908 0.00686600906 0.00419393953
v 0.00228745325 0.00769952041 0.00613931593
v 0.000716155604 0.0061748336 0.00727573809
v 0.0024253784 -0.00298663872 -0.00934895101
v 0.000855272845 -0.00460335511 -0.00834604326
v 0.00304586275 0.00715759498 0.00645724711
v 0.00148112161 0.00562837822 0.00759641108
v -9.02952402e-05 0.00405684215 0.00866679129
v 0.0016669689 -0.0024448325 -0.00966688219
v 9.03068335e-05 -0.00405689972 -0.00866671625
v -0.00148111002 -0.00562831658 -0.00759645525
v 0.00379676206 0.00656321747 0.00668696341
v 0.00223845823 0.00502875549 0.00782803473
v 0.000666922167 0.00345733864 0.00889841494
v -0.000916057989 0.00185039741 0.00989655432
v 0.000916069582 -0.00185033577 -0.00989659849
v -0.000667029783 -0.003457277 -0.0088983399
v -0.00223844664 -0.00502881306 -0.0078280789
v -0.00379675047 -0.00656315583 -0.00668688837
v 0.00756961687 0.0089004348 0.00432816919
v 0.00606245382 0.00742927295 0.00561241087
v 0.00453180654 0.00592258674 0.00682572302
v 0.00297994001 0.00438276035 0.00796810564
v 0.00140840395 0.00281122429 0.00903836664
v -0.00018101351 0.0012098859 0.0100353139
v 0.0034070669 0.00207629902 -0.0118038279
v 0.00178665502 0.000419766729 -0.010958038
v 0.000181025103 -0.00120982426 -0.0100353581
v -0.00140839235 -0.00281128186 -0.00903841081
v -0.00297992842 -0.00438269871 -0.00796814981
v -0.00453179495 -0.00592264431 -0.00682576719
v -0.00867121832 0.0045618127 0.00249091562
v -0.0101304592 0.00287452442 0.00354365286
v -0.00973015444 0.00306072933 0.00440482077
v 0.00395840986 -0.00927469033 0.000718750326
v 0.00228149278 -0.01072356 0.00180200514
v 0.00188106878 -0.0109097649 0.000940718023
v 0.00825065954 0.00825074417 0.00437406477
v 0.00676137789 0.0067613433 0.00565806803
v 0.00524300917 0.00524297458 0.00687209543
v 0.00369722231 0.00369730694 0.00801495489
v 0.00212580545 0.00212577087 0.00908521589
v 0.000530189112 0.00053027374 0.0100818056
v -0.00108760016 -0.00108763474 0.011003651
v -0.00272601263 -0.00272604721 0.0118497985
v 0.000781243876 0.00860229236 0.00525323328
v -4.79759424e-05 0.00666239959 0.00686947283
v -0.000855261251 0.00460341675 0.00834599909
v -0.0016669573 0.00244477493 0.00966695723
v 4.98948843e-05 0.00895324451 0.00469473776
v -0.000803047582 0.00708547336 0.00638202604
v -0.00161951201 0.00509086353 0.00793973383
v -0.0024253668 0.00298670036 0.00934890684
v -0.000656181738 0.00923207504 0.00406733927
v -0.00154071467 0.00743952495 0.00581876215
v -0.00237458365 0.0055139373 0.00745228705
v -0.00318306105 0.00346997482 0.00894609865
v -0.00132923739 0.00943544609 0.00337783274
v -0.00225287096 0.00772073967 0.00518599924
v -0.00311213152 0.00586798889 0.00688902315
v -0.00393157618 0.00388947231 0.00846282419
v -0.00196188109 0.0095613311 0.00263360914
v -0.00293164866 0.00792589885 0.00449041304
v -0.00382428782 0.0061492036 0.00625626024
v -0.00466292517 0.00424054367 0.00790444788
v -0.00254731791 0.00960829956 0.00184301314
v -0.00356977598 0.00805285675 0.00373987135
v -0.00450318472 0.00635436279 0.00556079325
v -0.00536900179 0.00451925499 0.00727704939
v -0.00307899134 0.00957575542 0.00101474699
v -0.00416021959 0.00810018284 0.00294248041
v -0.00514131205 0.00648132068 0.00481013235
v -0.00604205744 0.00472262603 0.00658742365
v -0.00355106013 0.00946417553 0.0001576322
v -0.00469642298 0.00806740028 0.0021069425
v -0.00573175566 0.00652864677 0.00401274141
v -0.00667470114 0.00484851104 0.00584331927
v -0.00395839827 0.00927463276 -0.000718794497
v -0.00517266409 0.0079547475 0.00124255594
v -0.00626795904 0.00649586422 0.0031772035
v -0.00726013796 0.0048954795 0.00505272326
v -0.0055834593 0.00776365501 0.000358619062
v -0.00674408095 0.00638333065 0.00231281695
v -0.00779181139 0.00486293537 0.0042243379
v -0.00715499537 0.00619211895 0.00142888006
v -0.00826388018 0.00475135547 0.00336734232
v -0.011133367 0.00130346519 0.00542191443
v -0.0119951309 0.000719220464 0.00329867777
v -0.0118455233 0.000868828122 0.00373784479
v -0.0104628147 0.0026138137 0.002672829
v -0.00900941508 0.00429657203 0.00160483298
v -0.00749605314 0.0059246133 0.00053516802
v -0.00592463629 0.00749614937 -0.000535092982
v -0.00429659502 0.00900939209 -0.00160487715
v -0.00261383669 0.0104627917 -0.00267275396
v -0.000719243452 0.011995108 -0.00329872194
v -0.0116960348 0.00101831657 0.00417701182
v -0.0115224661 0.00112226707 0.00458446917
v -0.0113241019 0.00124111873 0.00505021986
v -0.00927465574 0.00395837528 0.000718750326
v -0.007763678 0.00558343631 -0.000358544024
v -0.00619214194 0.00715497238 -0.00142880503
v -0.00456183569 0.00867119533 -0.0024909598
v -0.00946419851 0.00355103714 -0.000157676371
v -0.00795477049 0.0051726411 -0.00124248091
v -0.00638323443 0.00674417717 -0.00231274191
v -0.00475137846 0.00826385719 -0.00336726728
v -0.00957577841 0.00307896835 -0.00101467195
v -0.00806742327 0.00469639999 -0.00210698667
v -0.0064958872 0.00626793606 -0.00317724768
v -0.00486295836 0.0077917884 -0.00422438207
v -0.00960832255 0.00254729492 -0.00184305731
v -0.00810020582 0.00416019661 -0.00294252458
v -0.00652866976 0.00573173267 -0.00401278559
v -0.00489550249 0.00726011497 -0.00505276743
v -0.00956135409 0.00196197731 -0.00263365331
v -0.00805287974 0.00356987221 -0.00373991552
v -0.00648134367 0.00514128906 -0.00481017652
v -0.00484853403 0.00667479736 -0.00584336344
v -0.00943546908 0.0013292144 -0.0033777577
v -0.00792592184 0.00293174488 -0.00449045721
v -0.00635438578 0.00450316173 -0.00556071821
v -0.00472264902 0.00604203445 -0.00658746782
v -0.00923209803 0.00065615875 -0.00406738344
v -0.00772064345 0.00225284797 -0.0051859242
v -0.00614922659 0.00382438404 -0.00625630442
v -0.00451927797 0.0053689788 -0.00727709356
v -0.0089532675 -4.99178722e-05 -0.00469478193
v -0.00743954794 0.00154069168 -0.00581880632
v -0.00586801188 0.00311222774 -0.00688906732
v -0.00424044745 0.00466290218 -0.00790449205
v -0.00860231535 -0.000781147654 -0.00525315824
v -0.00708549635 0.000803024595 -0.00638207022
v -0.00551396029 0.00237456066 -0.00745233122
v -0.0038894953 0.00393155319 -0.00846286836
v -0.00818281786 -0.00152978199 -0.0057364327
v -0.00666242258 4.79529545e-05 -0.00686939779
v -0.00509088652 0.00161948902 -0.00793965879
v -0.00346999781 0.00318303806 -0.00894614282
v -0.00769942419 -0.00228747624 -0.00613924089
v -0.00617485659 -0.000716178591 -0.00727578226
v -0.00460343973 0.000855357473 -0.00834604326
v -0.00298672335 0.00242534382 -0.00934895101
v -0.00715761797 -0.00304588574 -0.00645729128
v -0.0056284012 -0.0014811446 -0.00759645525
v -0.00405686514 9.03914616e-05 -0.00866671625
v -0.00244479792 0.00166693432 -0.00966688219
v -0.00656312124 -0.00379666584 -0.00668688837
v -0.00502877848 -0.00223848122 -0.0078280789
v -0.00345724241 -0.000666945155 -0.0088983399
v -0.0018504204 0.00091615421 -0.00989659849
v -0.00890045778 -0.00756963986 -0.00432809416
v -0.00742929594 -0.0060623576 -0.00561245504
v -0.00592260973 -0.00453182953 -0.00682576719
v -0.00438278334 -0.00297984379 -0.00796814981
v -0.00281124727 -0.00140842694 -0.00903841081
v -0.00120978968 0.000180990522 -0.0100353581
v 0.00272602423 0.00272610885 -0.0118498427
v 0.00108761175 0.00108757717 -0.0110036952
v -0.000530177519 -0.0005302121 -0.0100818497
v -0.00212579386 -0.00212570923 -0.00908526007
v -0.00369721071 -0.0036972453 -0.00801487985
v -0.00524299757 -0.00524303215 -0.0068721396
v -0.00676136629 -0.00676140087 -0.0056581122
v -0.00825064795 -0.00825068253 -0.00437410894
v 0.00393158777 -0.00388941067 -0.00846286836
v 0.0016195236 -0.00509080189 -0.00793965879
v -0.00071626322 -0.00617489117 -0.00727578226
v -0.00304585116 -0.00715765255 -0.00645729128
v 0.00466293676 -0.00424048203 -0.00790449205
v 0.00237447603 -0.00551399487 -0.00745233122
v 4.79875357e-05 -0.00666233795 -0.00686939779
v -0.00228744166 -0.00769945877 -0.00613924089
v 0.00536901338 -0.00451919335 -0.00727709356
v 0.00311214311 -0.00586804646 -0.00688906732
v 0.000803059176 -0.00708541172 -0.00638207022
v -0.00152974741 -0.00818273323 -0.0057364327
v 0.00604206903 -0.0047226836 -0.00658746782
v 0.00382429941 -0.00614914196 -0.00625630442
v 0.00154072626 -0.00743946331 -0.00581880632
v -0.000781232282 -0.00860223072 -0.00525315824
v 0.00667471273 -0.00484856861 -0.00584336344
v 0.00450319631 -0.00635442036 -0.00556071821
v 0.00225288256 -0.00772067803 -0.0051859242
v -4.9883291e-05 -0.00895330208 -0.00469478193
v 0.00726014955 -0.00489553707 -0.00505276743
v 0.00514132364 -0.00648137825 -0.00481017652
v 0.00293166025 -0.00792583721 -0.00449045721
v 0.000656193331 -0.0092320134 -0.00406738344
v 0.00779170378 -0.00486299294 -0.00422438207
v 0.00573176725 -0.00652870434 -0.00401278559
v 0.00356978758 -0.00805279511 -0.00373991552
v 0.00132924898 -0.00943550366 -0.0033777577
v 0.00826389177 -0.00475141304 -0.00336726728
v 0.00626797064 -0.00649592179 -0.00317724768
v 0.00416023119 -0.0081001212 -0.00294252458
v 0.00196189268 -0.00956138867 -0.00263365331
v 0.00867122991 -0.00456187027 -0.0024909598
v 0.00674409254 -0.00638326901 -0.00231274191
v 0.00469643457 -0.00806733864 -0.00210698667
v 0.0025473295 -0.00960835713 -0.00184305731
v 0.00715500696 -0.00619217652 -0.00142880503
v 0.00517267568 -0.00795480507 -0.00124248091
v 0.00307888372 -0.00957581299 -0.00101467195
v 0.0055834709 -0.00776371258 -0.000358544024
v 0.00355107172 -0.00946411389 -0.000157676371
v 0.000156587198 -0.0122801949 0.00205377516
v 0.00101835115 -0.0116959502 0.00417701182
v 0.000868743494 -0.0118455579 0.00373784479
v 0.00261384828 -0.0104628493 0.002672829
v 0.00429660662 -0.00900933045 0.00160483298
v 0.00592464788 -0.00749608773 0.00053516802
v 0.00749606474 -0.00592455166 -0.000535092982
v 0.00900942667 -0.0042966296 -0.00160487715
v 0.0104628263 -0.00261387127 -0.00267275396
v 0.0116959272 -0.00101837414 -0.00417705599
v 0.000719255045 -0.0119950463 0.00329867777
v 0.00054568632 -0.0120989968 0.00289122042
v 0.000347322062 -0.0122178485 0.00242546972
v 0.00456184728 -0.0086712529 0.00249091562
v 0.00619215353 -0.00715502995 0.00142888006
v 0.00776368959 -0.00558349388 0.000358619062
v 0.00927466734 -0.00395843285 -0.000718794497
v 0.00475139005 -0.00826379555 0.00336734232
v 0.00638324602 -0.00674411553 0.00231281695
v 0.00795478208 -0.00517257946 0.00124255594
v 0.00946421011 -0.0035509755 0.0001576322
v 0.00486296995 -0.00779172676 0.0042243379
v 0.0064958988 -0.00626799362 0.0031772035
v 0.00806731565 -0.00469645756 0.0021069425
v 0.00957579 -0.00307890671 0.00101474699
v 0.00489551409 -0.00726017254 0.00505272326
v 0.00652868135 -0.00573179024 0.00401274141
v 0.00810021742 -0.00416025418 0.00294248041
v 0.00960833414 -0.00254735249 0.00184301314
v 0.00484854563 -0.00667473572 0.00584331927
v 0.00648135526 -0.00514134663 0.00481013235
v 0.00805289133 -0.00356981056 0.00373987135
v 0.00956136568 -0.00196191567 0.00263360914
v 0.00472266062 -0.00604209202 0.00658742365
v 0.00635439737 -0.0045032193 0.00556079325
v 0.00792593344 -0.00293168324 0.00449041304
v 0.00943548067 -0.00132927197 0.00337783274
v 0.00451928957 -0.00536903637 0.00727704939
v 0.00614923818 -0.0038243224 0.00625626024
v 0.00772065504 -0.00225278633 0.00518599924
v 0.00923210962 -0.000656216319 0.00406733927
v 0.00424045904 -0.00466295975 0.00790444788
v 0.00586802347 -0.0031121661 0.00688902315
v 0.00743955953 -0.00154063004 0.00581876215
v 0.00895327909 4.98603032e-05 0.00469473776
v 0.00388938768 -0.00393161076 0.00846282419
v 0.00551397188 -0.00237449902 0.00745228705
v 0.00708550794 -0.000803082164 0.00638202604
v 0.00860220774 0.000781209295 0.00525323328
v 0.0034700094 -0.00318297642 0.00894609865
v 0.00509089811 -0.00161942738 0.00793973383
v 0.00666231497 -4.80105236e-05 0.00686947283
v 0.00818282945 0.00152984363 0.00573650774
v 0.00298661573 -0.00242540139 0.00934890684
v 0.00460333212 -0.000855295832 0.00834599909
v 0.00617486818 0.000716240232 0.00727573809
v 0.00769943579 0.00228741867 0.00613931593
v 0.00244480951 -0.00166699188 0.00966695723
v 0.00405687673 -9.03298214e-05 0.00866679129
v 0.0056284128 0.00148120624 0.00759641108
v 0.00715762956 0.00304582817 0.00645724711
v 0.00185031278 -0.00091609257 0.00989655432
v 0.00345725401 0.000667006795 0.00889841494
v 0.00502879007 0.00223842365 0.00782803473
v 0.00656313284 0.00379672748 0.00668696341
v -0.002076322 -0.00340708988 0.0118037837
v -0.000419789716 -0.0017865588 0.0109579938
v 0.00120980127 -0.000181048091 0.0100353139
v 0.00281125887 0.00140836937 0.00903836664
v 0.00438267572 0.00297990543 0.00796810564
v 0.00592262132 0.00453177196 0.00682572302
v -6.27578943e-05 0.0108523677 -0.00605257574
v 6.52728827e-05 0.0112440894 -0.00528951708
v 0.00306720121 0.00835099918 -0.00512965742
v 0.00322968347 0.00873580677 -0.00432618681
v -0.000119143888 0.0104043792 -0.00679310385
v 0.0030657707 0.00784221393 -0.0058787686
v -0.000103169843 0.00990536911 -0.00750239912
v -1.49549692e-05 0.0093611787 -0.0081719977
v 0.00322527273 0.00723710758 -0.00653322759
v 0.000144308642 0.00877824527 -0.00879403177
v 0.000372952059 0.00816324455 -0.00936134878
v 0.00353724344 0.00656798584 -0.00705762926
v 0.00066811426 0.0075235675 -0.009867273
v 0.00422150476 0.00299671394 -0.0112965924
v 0.00359470232 0.00359466774 -0.0113387925
v 0.00518400057 0.00454369289 -0.00761195246
v 0.00454372747 0.00518396599 -0.00761195246
v 0.00486976488 0.00243452293 -0.0111701113
v 0.00587112291 0.00398472053 -0.00742372099
v 0.00553197248 0.00191477043 -0.0109610182
v 0.00620014055 0.00144353611 -0.0106718165
v 0.00656802042 0.00353720886 -0.00705762926
v 0.00686663969 0.0010264228 -0.010305844
v 0.00835913999 0.00588384372 -0.000981889399
v 0.00785250051 0.00658062202 -0.000702820452
v 0.0101897178 0.006572635 0.00271729407
v 0.00723475797 0.00966993076 0.00292626795
v 0.00788301809 0.00910785896 0.00305274901
v 0.00658053739 0.00785246593 -0.000702820452
v 0.00724882467 0.00724879009 -0.000608168276
v 0.00657266958 0.0101896833 0.00271729407
v 0.00588387831 0.00835922462 -0.000981889399
v 0.0059043823 0.0106609176 0.00242797312
v 0.00523788317 0.0110781501 0.0020620006
v 0.00519627912 0.00874152881 -0.00143023554
v 0.00458092077 0.0114364932 0.00162342962
v 0.000263517931 0.0115750144 -0.00451263014
v 0.000529593065 0.0118410896 -0.00373121324
v 0.00354427679 0.00897589428 -0.00351174894
v 0.00784224851 0.00306573612 -0.0058787686
v 0.00835091455 0.00306728584 -0.00512965742
v 0.0104044138 -0.000119178469 -0.00679310385
v 0.0120393692 0.000860364263 -0.0029543263
v 0.0118411241 0.000529558484 -0.00373121324
v 0.00897580965 0.00354424221 -0.00351174894
v 0.00873572214 0.00322964889 -0.00432618681
v 0.0121674 0.00125208599 -0.00219114843
v 0.00905842169 0.00399401886 -0.00273021284
v 0.0122236667 0.0017000745 -0.00145062033
v 0.0122076927 0.00219908458 -0.000741444262
v 0.00897878988 0.00455477936 -0.00202365938
v 0.0121194778 0.00274327499 -7.18456824e-05
v 0.0106609522 0.00590434772 0.00242797312
v 0.0110781847 0.00523784858 0.0020620006
v 0.00874144419 0.00519624454 -0.00143023554
v 0.00850982054 0.00850978595 0.0030950683
v 0.00910777433 0.00788298351 0.00305274901
v 0.00966996534 0.00723472339 0.00292626795
v 0.000860398844 0.0120393346 -0.0029543263
v 0.00125212057 0.0121673654 -0.00219114843
v 0.00399405344 0.00905838711 -0.00273021284
v 0.00398475511 0.00587108833 -0.00742372099
v 0.00144357069 0.00620010597 -0.0106718165
v 0.00102633818 0.00686660511 -0.010305844
v 0.00299674852 0.00422147018 -0.0112965924
v 0.00243455751 0.0048697303 -0.0111701113
v 0.00191480501 0.0055319379 -0.0109610182
v 0.00752360208 0.000668079679 -0.009867273
v 0.00723702295 0.00322523815 -0.00653322759
v 0.00816327913 0.000372917478 -0.00936134878
v 0.00990540369 -0.000103085215 -0.00750239912
v 0.00936121328 -1.49895504e-05 -0.0081719977
v 0.00877827986 0.00014439327 -0.00879403177
v 0.0115749298 0.00026348335 -0.00451263014
v 0.011244124 6.52383015e-05 -0.00528951708
v 0.0108524023 -6.27924755e-05 -0.00605257574
v 0.0114364086 0.0045810054 0.00162342962
v 0.0117315708 0.00394120914 0.00111762461
v 0.0119602142 0.00332632763 0.0005503076
v 0.00394124372 0.0117316554 0.00111762461
v 0.00455481394 0.00897887451 -0.00202365938
v 0.00332636221 0.0119601796 0.0005503076
v 0.00170010908 0.0122237514 -0.00145062033
v 0.00219911917 0.0122076581 -0.000741444262
v 0.00274330957 0.0121195625 -7.18456824e-05
v 0.00406343324 0.00406339866 0.00156132158
v 0.00466710909 0.00339511139 0.0014665502
v 0.00517374857 0.0026984523 0.00118760046
v 0.00555605276 0.00201085312 0.000739254324
v 0.00579339845 0.00136938793 0.00014583048
v 0.00587291105 0.000808627431 -0.000560722979
v 0.00579041822 0.000358850782 -0.00134225908
v 0.00555033071 4.42574665e-05 -0.00215681616
v 0.00516552313 -0.000118224795 -0.00296028677
v 0.00465685709 -0.000119655307 -0.00370939794
v 0.00405163153 3.98467228e-05 -0.00436373773
v 0.00338262899 0.000351817434 -0.0048881394
v 0.00268573149 0.000799329107 -0.00525435034
v 0.00199860914 0.00135830147 -0.0054424626
v 0.00135821684 0.00199857456 -0.0054424626
v 0.000799244478 0.0026856969 -0.00525435034
v 0.000351732805 0.00338259441 -0.0048881394
v 3.9881304e-05 0.00405159694 -0.00436373773
v -0.000119620725 0.00465682251 -0.00370939794
v -0.000118190214 0.00516560775 -0.00296028677
v 4.42920477e-05 0.00555029613 -0.00215681616
v 0.000358766154 0.00579050285 -0.00134225908
v 0.000808662012 0.00587299568 -0.000560722979
v 0.0013693033 0.00579336387 0.00014583048
v 0.0020108877 0.00555613739 0.000739254324
v 0.00269848688 0.0051738332 0.00118760046
v 0.00339514597 0.00466707451 0.0014665502
v 0.00171942098 0.00478127701 -0.000826321276
v 0.00215918405 0.00465920669 -0.000359736117
v 0.00264722689 0.00441494686 -1.86982947e-06
v 0.00315017088 0.00406530601 0.000223197309
v 0.00363392217 0.00363388759 0.000299968092
v 0.00406522138 0.00315025551 0.000223197309
v 0.00441498144 0.0026471923 -1.86982947e-06
v 0.00465924127 0.00215926868 -0.000359736117
v 0.00478131159 0.0017193864 -0.000826321276
v 0.00477296694 0.00135782463 -0.00136955801
v 0.00463468416 0.00109914047 -0.00195249143
v 0.00437588079 0.000960857694 -0.00253542486
v 0.00401431902 0.000952393834 -0.00307866159
v 0.00357455595 0.00107446415 -0.00354512754
v 0.00308651312 0.00131872398 -0.00390311304
v 0.00258356912 0.00166848404 -0.00412818018
v 0.00209981783 0.00209990246 -0.00420495096
v 0.00166851862 0.00258353454 -0.00412818018
v 0.00131875856 0.00308647854 -0.00390311304
v 0.00107449873 0.00357452137 -0.00354512754
v 0.000952428416 0.00401428444 -0.00307866159
v 0.000960773066 0.00437584621 -0.00253542486
v 0.00109905584 0.00463464958 -0.00195249143
v 0.00135785921 0.00477293236 -0.00136955801
v -0.00209980623 -0.00209984082 0.00420490679
v -0.00166850702 -0.0025834729 0.00412813601
v -0.00131874697 -0.0030865361 0.00390318808
v -0.00107448713 -0.00357445973 0.00354520258
v -0.000952416822 -0.00401434201 0.00307873663
v -0.000960761472 -0.00437590378 0.0025354999
v -0.00109904425 -0.00463458794 0.00195244726
v -0.00135784762 -0.00477287071 0.00136951384
v -0.00171940939 -0.00478133457 0.000826277105
v -0.00215917246 -0.00465926426 0.000359811155
v -0.00264721529 -0.00441500443 1.8256585e-06
v -0.00315015928 -0.00406524437 -0.00022324148
v -0.00363391058 -0.00363382595 -0.000299893053
v -0.00406520979 -0.00315019387 -0.00022324148
v -0.00441496985 -0.00264724987 1.8256585e-06
v -0.00465922968 -0.00215920704 0.000359811155
v -0.00478129999 -0.00171944397 0.000826277105
v -0.00477295534 -0.0013578822 0.00136951384
v -0.00463467257 -0.00109907883 0.00195244726
v -0.0043758692 -0.000960796054 0.0025354999
v -0.00401430742 -0.000952451403 0.00307873663
v -0.00357454436 -0.00107452172 0.00354520258
v -0.00308650152 -0.00131878155 0.00390318808
v -0.00258355753 -0.0016684224 0.00412813601
v 0.000139182642 -0.00492510098 0.00334421572
v 5.96700461e-05 -0.00436434048 0.00405076918
v -0.000177675649 -0.00372287529 0.00464419302
v -0.000559979841 -0.00303527611 0.00509253916
v -0.00106661932 -0.00233861702 0.0053714889
v -0.00167029516 -0.00167032975 0.00546626028
v -0.00233858244 -0.0010666539 0.0053714889
v -0.00303524153 -0.000559895213 0.00509253916
v -0.00372284071 -0.000177591021 0.00464419302
v -0.00436442511 5.96354649e-05 0.00405076918
v -0.0049250664 0.00013926727 0.00334421572
v -0.00537496226 5.67744419e-05 0.00256267962
v -0.00568943636 -0.000183432276 0.00174812254
v -0.00585191862 -0.000568120654 0.000944771139
v -0.00585334913 -0.0010769059 0.000195540754
v -0.0056938471 -0.00168213146 -0.000458799036
v -0.0053819956 -0.002351134 -0.000983200701
v -0.00493448393 -0.0030480315 -0.00134941164
v -0.00437551157 -0.00373515385 -0.0015375239
v -0.00373511927 -0.00437542694 -0.0015375239
v -0.00304799692 -0.0049343993 -0.00134941164
v -0.00235121863 -0.00538191098 -0.000983200701
v -0.00168209688 -0.00569388169 -0.000458799036
v -0.00107687132 -0.00585338372 0.000195540754
v -0.000568205282 -0.0058519532 0.000944771139
v -0.000183397695 -0.00568947094 0.00174812254
v 5.66898138e-05 -0.00537487763 0.00256267962
v 0.00905114992 0.00768306953 0.00417367396
v 0.00967902525 0.00695899231 0.00403253016
v 0.0102595745 0.00621941787 0.00379899916
v 0.0119817911 0.00328043205 0.00201217112
v 0.0122370182 0.00259354812 0.00137857374
v 0.0124149977 0.00194242698 0.000683702795
v 0.0125134645 0.00133457882 -6.40970786e-05
v 0.0125313459 0.000777156179 -0.000856242808
v 0.0124684034 0.00027683479 -0.00168343607
v 0.0123254715 -0.000160782511 -0.00253578249
v 0.00222546442 0.00359347564 -0.0118535382
v 0.00159746988 0.00431755287 -0.0117123944
v 0.00101703985 0.00505700809 -0.0114788634
v -0.000705176756 0.00799611313 -0.00969215456
v -0.000960523054 0.00868299705 -0.00905843798
v -0.00113850252 0.00933411819 -0.00836356703
v -0.0012369694 0.00994196636 -0.00761576715
v -0.00125485079 0.010499389 -0.00682362142
v -0.00119190828 0.0109997104 -0.00599642816
v -0.00104885714 0.0114372085 -0.00514408174
v 0.0115792213 0.0045181821 0.00180844244
v 0.0118833242 0.00385931236 0.00128737864
v 0.0121187626 0.0032259534 0.000703133909
v 0.0122827946 0.002625377 6.23839776e-05
v 0.012373632 0.00206485492 -0.000627360972
v 0.0123900829 0.00155094368 -0.00135775629
v 0.0123321472 0.00108948452 -0.00212057653
v 0.0122001825 0.000686080281 -0.00290664259
v 0.0119960962 0.000345260923 -0.00370677534
v 0.0117219148 7.1198766e-05 -0.00451167646
v 0.0113812147 -0.000133006747 -0.00531180921
v 0.0109776912 -0.000264852221 -0.00609787527
v 0.0105163513 -0.000322907145 -0.0068605763
v 0.0100023208 -0.000306456263 -0.00759109083
v 0.00944179876 -0.000215618785 -0.00828071657
v 0.00884134157 -5.1467593e-05 -0.0089214665
v 0.00820798261 0.000183970754 -0.00950583044
v 0.00754899366 0.000487954442 -0.0100268942
v 0.00687236173 0.000857026403 -0.0104785782
v 0.00618595465 0.00128665668 -0.010855518
v 0.000487989023 0.00754907829 -0.0100268942
v 0.000183886126 0.00820794803 -0.00950583044
v -5.15522211e-05 0.00884130699 -0.0089214665
v -0.000215584203 0.00944176418 -0.00828071657
v -0.000306421682 0.0100022863 -0.00759109083
v -0.000322872564 0.0105163167 -0.0068605763
v -0.00026481764 0.0109777759 -0.00609787527
v -0.000132972166 0.0113811801 -0.00531180921
v 7.12333472e-05 0.0117219995 -0.00451167646
v 0.000345295504 0.0119960616 -0.00370677534
v 0.000685995653 0.0122002671 -0.00290664259
v 0.0010895191 0.0123321126 -0.00212057653
v 0.00155097826 0.0123901675 -0.00135775629
v 0.00206488951 0.0123735974 -0.000627360972
v 0.00262541159 0.01228276 6.23839776e-05
v 0.00322586878 0.012118728 0.000703133909
v 0.00385934694 0.0118832896 0.00128737864
v 0.00451821668 0.011579306 0.00180844244
v 0.00519484861 0.011210234 0.00226012644
v 0.0058812557 0.0107804845 0.00263718542
v 0.00656957014 0.0102951835 0.00293508944
v 0.00652939661 0.0103570531 0.00316552099
v 0.00549764021 0.00177207691 -0.011153422
v 0.00542802198 0.00160041553 -0.0113092286
v 0.00725156648 0.00975981456 0.00315038141
v 0.00723010881 0.00980702144 0.00338677344
v 0.00717157705 0.009809048 0.00362161574
v 0.00481564386 0.00230744583 -0.0113688332
v 0.00472742899 0.00215032799 -0.011530481
v 0.00461012705 0.00197270614 -0.011645518
v 0.00791925772 0.00918081505 0.00328067717
v 0.00791603906 0.00921216709 0.00352052626
v 0.00787360056 0.00920012695 0.00375858721
v 0.00779444559 0.00914540989 0.00398055491
v 0.00414795263 0.00288644535 -0.0114990098
v 0.00404137953 0.00274530155 -0.0116642338
v 0.00390810354 0.00258150799 -0.0117824895
v 0.00375575407 0.00240483982 -0.0118468625
v 0.00856489523 0.00856486065 0.00332418856
v 0.00857931955 0.00857940418 0.00356534895
v 0.00855249746 0.00855246288 0.00380436358
v 0.00848574026 0.00848582489 0.00402728495
v 0.00838322027 0.00838318569 0.00422088083
v 0.00350231512 0.00350239975 -0.0115426404
v 0.00337809904 0.00337806446 -0.0117089373
v 0.00322920664 0.00322917206 -0.0118282658
v 0.00306434019 0.00306442482 -0.0118934733
v 0.00289339407 0.00289335949 -0.0119008643
v 0.000231450632 0.00667336685 -0.0107540709
v 2.4622515e-05 0.00654783947 -0.0107469184
v -0.00037556307 0.00728157264 -0.0102570874
v 0.011318749 0.00487688286 0.00288776335
v 0.0112518726 0.00472870571 0.00306705412
v 0.0116520582 0.00399485332 0.00257722315
v 0.00768310411 0.00905111534 0.00417367396
v 0.0058222471 0.0108558248 0.00285951075
v 0.00645441397 0.0103719543 0.00339523729
v 0.00707942827 0.0097654174 0.00384108004
v 0.00695902689 0.00967899067 0.00403253016
v 0.00511700495 0.0112972568 0.00247219977
v 0.00573069437 0.0108822892 0.00308195528
v 0.00634903295 0.0103386949 0.00361052927
v 0.00621945246 0.0102595399 0.00379899916
v 0.00442177637 0.0116764615 0.002008118
v 0.00500888212 0.0113340924 0.00268546518
v 0.00561196192 0.0108585666 0.00329152521
v 0.00547308309 0.0107858489 0.00347594198
v 0.00374478681 0.0119887899 0.00147274908
v 0.00429732187 0.0117222379 0.00221053538
v 0.00487679823 0.0113187144 0.00288776335
v 0.00472862108 0.011251838 0.00306705412
v 0.0030940233 0.0122306655 0.0008724111
v 0.00360447748 0.012041838 0.00166264948
v 0.00415224417 0.0117138932 0.00240401205
v 0.0039948879 0.0116520236 0.00257722315
v 0.00247711523 0.0123992274 0.000214018194
v 0.00293845518 0.0122894357 0.0010482448
v 0.00344664438 0.0120394538 0.00184611258
v 0.00328034742 0.0119817565 0.00201217112
v 0.00190121515 0.0124925683 -0.000494442614
v 0.00230712278 0.0124619315 0.000374473898
v 0.00276834352 0.0122915815 0.00122026381
v 0.0025935827 0.0122371028 0.00137857374
v 0.001373118 0.012509496 -0.0012449843
v 0.00171775205 0.0125574182 -0.000350676211
v 0.00212532862 0.0124672959 0.000534095136
v 0.00194234236 0.0124149631 0.000683702795
v 0.000899141863 0.0124498914 -0.00202866617
v 0.00117725714 0.0125748227 -0.00111886087
v 0.00152499063 0.0125645707 -0.000204406412
v 0.00133449419 0.0125134299 -6.40970786e-05
v 0.000484531954 0.0123143504 -0.00283630911
v 0.000692075327 0.0125137876 -0.00192090097
v 0.000974601343 0.0125822137 -0.00098665777
v 0.00077719076 0.0125313113 -0.000856242808
v 0.000134414271 0.0121046613 -0.00365837637
v 0.000267809466 0.0123751472 -0.00274737898
v 0.000480478838 0.0125201057 -0.00180347982
v 0.000276750162 0.0124683688 -0.00168343607
v -0.000147158071 0.0118229697 -0.00448533121
v -9.05336587e-05 0.0121604512 -0.00358875814
v 4.84643729e-05 0.0123788427 -0.00264533583
v -0.00016074793 0.0123254369 -0.00253578249
v -0.000356966421 0.0114728521 -0.00530739847
v -0.000378781721 0.0118722032 -0.0044351441
v -0.000316554472 0.0121602128 -0.0035022122
v -0.000530296728 0.012103946 -0.00340350691
v -0.000492388174 0.0110583614 -0.0061149222
v -0.000593477651 0.0115138601 -0.00527652326
v -0.000610047743 0.0118667195 -0.00436409536
v -0.000827485487 0.0118067573 -0.00427635732
v -0.000551992819 0.010584266 -0.00689860407
v -0.000732118055 0.0110895942 -0.00610300127
v -0.00082867758 0.0115018199 -0.00522097174
v -0.000535065099 0.0100561689 -0.00764914575
v -0.000793153211 0.0106044124 -0.00690504137
v -0.000969940588 0.0110696862 -0.00606270853
v -0.000441724226 0.00948038799 -0.00835772577
v -0.000775748655 0.0100640367 -0.00767322603
v -0.00103204863 0.0105755637 -0.00687953058
v -0.00027316229 0.00886336071 -0.00901599947
v -0.000680262014 0.00947454674 -0.00839837614
v -0.00101440565 0.0100251744 -0.00766178194
v -3.12866418e-05 0.00821271641 -0.00961633745
v -0.000507766172 0.00884321434 -0.00907214704
v -0.000917130872 0.00942495567 -0.0084004027
v 0.000856941775 0.00687244636 -0.0104785782
v 0.000281041697 0.00753572685 -0.0101517064
v -0.000260168478 0.00817719204 -0.00968655172
v -0.00074141638 0.00878182155 -0.00908657137
v 0.000660246447 0.00684049827 -0.0106157881
v 5.95508368e-05 0.00748434765 -0.0102344376
v -0.000489288732 0.0081035207 -0.00971230093
v 0.000447577074 0.0067727874 -0.0107093674
v -0.000163728163 0.00739792091 -0.0102703196
v 0.000490611628 0.00580337745 -0.0111558062
v 0.00069159849 0.00593820316 -0.0111577136
v 0.000899380282 0.00605097515 -0.0111058575
v 0.00110167845 0.00613525612 -0.0110030991
v 0.00128669126 0.00618592006 -0.010855518
v 0.0012114702 0.00520113212 -0.0114768368
v 0.00140983446 0.00532725555 -0.0114191395
v 0.0016003309 0.00542810661 -0.0113092286
v 0.00177211149 0.00549760563 -0.011153422
v 0.00178474768 0.00447085602 -0.0117073876
v 0.00197274072 0.00461021167 -0.011645518
v 0.00215036257 0.00472739441 -0.011530481
v 0.0023073612 0.00481560928 -0.0113688332
v 0.00240475519 0.00375571949 -0.0118468625
v 0.00258154257 0.00390806896 -0.0117824895
v 0.00274533613 0.00404134495 -0.0116642338
v 0.00288647993 0.00414791805 -0.0114990098
v 0.00359339102 0.00222542984 -0.0118535382
v 0.00613517149 0.00110164386 -0.0110030991
v 0.00532729013 0.00140979988 -0.0114191395
v 0.00447077139 0.00178471309 -0.0117073876
v 0.00431746824 0.00159755451 -0.0117123944
v 0.00684053285 0.000660211866 -0.0106157881
v 0.00605100973 0.0008993457 -0.0111058575
v 0.0052011667 0.00121143562 -0.0114768368
v 0.00505704267 0.00101700527 -0.0114788634
v 0.00753576143 0.000281007116 -0.0101517064
v 0.00677282198 0.000447542493 -0.0107093674
v 0.00593823774 0.000691683118 -0.0111577136
v 0.00580341204 0.000490696256 -0.0111558062
v 0.00821263178 -3.1321223e-05 -0.00961633745
v 0.00748438223 5.95162556e-05 -0.0102344376
v 0.00667340143 0.000231416051 -0.0107540709
v 0.00654787405 2.47071431e-05 -0.0107469184
v 0.00886339529 -0.000273196872 -0.00901599947
v 0.00817722662 -0.000260203059 -0.00968655172
v 0.00739795549 -0.000163762744 -0.0102703196
v 0.00728160723 -0.000375478442 -0.0102570874
v 0.00948030336 -0.000441758807 -0.00835772577
v 0.00884324892 -0.000507681544 -0.00907214704
v 0.00810355528 -0.000489323313 -0.00971230093
v 0.00799614771 -0.000705211337 -0.00969215456
v 0.0100562034 -0.000535099681 -0.00764914575
v 0.00947458132 -0.000680296595 -0.00839837614
v 0.00878185613 -0.000741450961 -0.00908657137
v 0.00868303163 -0.000960557635 -0.00905843798
v 0.0105843006 -0.0005520274 -0.00689860407
v 0.010063952 -0.000775783236 -0.00767322603
v 0.00942487104 -0.000917165454 -0.0084004027
v 0.00933415277 -0.0011384179 -0.00836356703
v 0.0110583959 -0.000492422755 -0.0061149222
v 0.010604447 -0.000793068583 -0.00690504137
v 0.0100250898 -0.00101444023 -0.00766178194
v 0.00994200094 -0.00123688477 -0.00761576715
v 0.0114728866 -0.000356881793 -0.00530739847
v 0.0110896288 -0.000732152636 -0.00610300127
v 0.0105755983 -0.00103208321 -0.00687953058
v 0.0104993044 -0.00125488537 -0.00682362142
v 0.0118230043 -0.000147192652 -0.00448533121
v 0.0115138946 -0.000593393023 -0.00527652326
v 0.0110697208 -0.00096985596 -0.00606270853
v 0.010999745 -0.00119194287 -0.00599642816
v 0.0121045767 0.000134498899 -0.00365837637
v 0.0118722378 -0.000378697093 -0.0044351441
v 0.0115017353 -0.000828712161 -0.00522097174
v 0.0114372431 -0.00104889172 -0.00514408174
v 0.012314385 0.000484616582 -0.00283630911
v 0.0121603666 -9.05682399e-05 -0.00358875814
v 0.0118667541 -0.000610082324 -0.00436409536
v 0.0118067919 -0.000827520068 -0.00427635732
v 0.012449926 0.000899107282 -0.00202866617
v 0.0123750625 0.000267774884 -0.00274737898
v 0.0121602474 -0.000316469844 -0.0035022122
v 0.0121039806 -0.0005302121 -0.00340350691
v 0.0125095306 0.00137320263 -0.0012449843
v 0.0125138222 0.000692040746 -0.00192090097
v 0.0123788772 4.84297917e-05 -0.00264533583
v 0.0124926029 0.00190118057 -0.000494442614
v 0.0125748573 0.00117722255 -0.00111886087
v 0.0125201402 0.000480444257 -0.00180347982
v 0.012399262 0.00247708065 0.000214018194
v 0.0125574528 0.00171771747 -0.000350676211
v 0.0125822483 0.000974566762 -0.00098665777
v 0.0122307001 0.00309410793 0.0008724111
v 0.0124619661 0.0023070882 0.000374473898
v 0.0125646053 0.00152507526 -0.000204406412
v 0.0119888244 0.00374475223 0.00147274908
v 0.0122894703 0.00293853981 0.0010482448
v 0.0124673305 0.00212529403 0.000534095136
v 0.0112102686 0.00519481403 0.00226012644
v 0.0116763769 0.00442174179 0.002008118
v 0.0120418726 0.00360456211 0.00166264948
v 0.012291616 0.00276830894 0.00122026381
v 0.0112972914 0.00511697036 0.00247219977
v 0.0117221533 0.00429728729 0.00221053538
v 0.0120394884 0.0034466098 0.00184611258
v 0.011334127 0.00500884754 0.00268546518
v 0.0117139278 0.00415220958 0.00240401205
v 0.0107858835 0.00547304851 0.00347594198
v 0.010858482 0.00561204654 0.00329152521
v 0.0108823238 0.00573065979 0.00308195528
v 0.0108557401 0.00582221252 0.00285951075
v 0.0107805191 0.00588134033 0.00263718542
v 0.0103387295 0.00634899837 0.00361052927
v 0.0103718696 0.00645437938 0.00339523729
v 0.0103570877 0.00652936203 0.00316552099
v 0.0102950989 0.00656953556 0.00293508944
v 0.00976545198 0.00707939369 0.00384108004
v 0.00980896337 0.00717154247 0.00362161574
v 0.00980705602 0.00723007423 0.00338677344
v 0.00975984915 0.0072515319 0.00315038141
v 0.00914532526 0.00779441101 0.00398055491
v 0.00920016153 0.00787368519 0.00375858721
v 0.00921220167 0.00791612369 0.00352052626
v 0.00918073042 0.00791922313 0.00328067717
v -0.00359337942 -0.0022253682 0.0118536132
v -0.00289338247 -0.00289329785 0.0119008201
v -0.00431745665 -0.00159749287 0.0117123502
v -0.00505703108 -0.00101694363 0.0114788192
v -0.00580340044 -0.000490634616 0.011155762
v -0.00654786246 -2.46455028e-05 0.0107469934
v -0.00728159563 0.000375540082 0.0102571624
v -0.00799613611 0.000705153768 0.00969211039
v -0.00868302004 0.000960500066 0.0090583938
v -0.00933414118 0.00113847954 0.00836364206
v -0.00994198935 0.00123694641 0.00761572298
v -0.0104992928 0.0012548278 0.00682357725
v -0.0109997334 0.0011918853 0.0059965032
v -0.0114372315 0.00104883415 0.00514403757
v -0.0118067803 0.000827462499 0.00427631315
v -0.012103969 0.00053027374 0.00340358195
v -0.0123254599 0.000160724942 0.00253585753
v -0.0124683918 -0.00027677315 0.0016833919
v -0.0125313343 -0.000777213748 0.000856317846
v -0.0125134529 -0.00133451718 6.41721169e-05
v -0.0124149861 -0.00194236534 -0.000683746966
v -0.0122370066 -0.00259348648 -0.00137861791
v -0.0119817795 -0.00328037041 -0.00201221529
v -0.0116520466 -0.00399491089 -0.00257726732
v -0.011251861 -0.00472864407 -0.00306709829
v -0.0107858719 -0.00547310608 -0.00347586695
v -0.0102595629 -0.00621947544 -0.00379892412
v -0.00967901365 -0.00695904988 -0.00403245512
v -0.00905113833 -0.0076831271 -0.00417371813
v -0.00838320868 -0.00838324326 -0.00422092501
v -0.00768309252 -0.0090510537 -0.00417371813
v -0.00695901529 -0.00967904824 -0.00403245512
v -0.00621944086 -0.0102594783 -0.00379892412
v -0.0054730715 -0.0107859065 -0.00347586695
v -0.0047287287 -0.0112518956 -0.00306709829
v -0.00399487631 -0.0116520812 -0.00257726732
v -0.00328045504 -0.0119816949 -0.00201221529
v -0.00259357111 -0.0122370412 -0.00137861791
v -0.00194233076 -0.0124150206 -0.000683746966
v -0.0013346018 -0.0125134875 6.41721169e-05
v -0.000777179167 -0.0125313689 0.000856317846
v -0.000276738569 -0.0124684264 0.0016833919
v 0.000160759524 -0.0123253753 0.00253585753
v 0.000530308321 -0.0121040036 0.00340358195
v 0.00082749708 -0.0118068148 0.00427631315
v 0.00104886873 -0.011437266 0.00514403757
v 0.00119191988 -0.010999768 0.0059965032
v 0.00125486238 -0.0104993274 0.00682357725
v 0.00123698099 -0.00994202393 0.00761572298
v 0.00113839491 -0.00933417576 0.00836364206
v 0.000960534647 -0.00868293541 0.0090583938
v 0.000705188349 -0.0079961707 0.00969211039
v 0.000375574663 -0.00728163021 0.0102571624
v -2.46109216e-05 -0.00654789704 0.0107469934
v -0.000490600034 -0.00580343502 0.011155762
v -0.00101702826 -0.00505706566 0.0114788192
v -0.0015975775 -0.00431749123 0.0117123502
v -0.00222545283 -0.003593414 0.0118536132
v -0.00240486281 -0.00375577706 0.0118468183
v -0.00178473608 -0.00447079438 0.0117073434
v -0.00121145861 -0.00520118969 0.0114767927
v -0.000691706106 -0.00593814152 0.0111577886
v -0.000231439039 -0.00667330521 0.0107540267
v 0.000163739756 -0.00739797848 0.0102702754
v 0.000489300326 -0.00810357826 0.00971237597
v 0.000741427973 -0.00878187912 0.0090865272
v 0.000917142466 -0.00942489403 0.00840035853
v 0.00101441725 -0.0100251128 0.00766185698
v 0.00103206022 -0.0105756213 0.00687960562
v 0.000969952181 -0.0110697438 0.00606278357
v 0.000828689173 -0.0115017583 0.00522092756
v 0.000610059336 -0.0118666579 0.00436405119
v 0.000316566065 -0.0121602704 0.00350216803
v -4.84527795e-05 -0.0123789002 0.00264529165
v -0.000480467245 -0.012520044 0.00180355486
v -0.00097458975 -0.0125822713 0.000986732809
v -0.00152509825 -0.0125646283 0.000204362241
v -0.00212531702 -0.0124673535 -0.000534139307
v -0.00276833193 -0.012291639 -0.00122030798
v -0.00344663279 -0.0120395114 -0.00184603754
v -0.00415223257 -0.0117139508 -0.00240405622
v -0.00487678663 -0.011318772 -0.00288780752
v -0.00561195032 -0.0108585049 -0.00329156938
v -0.00634902136 -0.0103387524 -0.00361057344
v -0.00707941668 -0.00976547497 -0.00384112421
v -0.007794434 -0.00914534825 -0.00398059908
v -0.00848584788 -0.00848576325 -0.00402720991
v -0.00914543287 -0.00779446858 -0.00398059908
v -0.00976544039 -0.00707933205 -0.00384112421
v -0.0103387179 -0.00634905594 -0.00361057344
v -0.0108585896 -0.0056119849 -0.00329156938
v -0.0113187374 -0.00487682122 -0.00288780752
v -0.0117139162 -0.00415226715 -0.00240405622
v -0.0120394768 -0.00344666737 -0.00184603754
v -0.0122916044 -0.00276836651 -0.00122030798
v -0.0124673189 -0.0021253516 -0.000534139307
v -0.0125645937 -0.00152501362 0.000204362241
v -0.0125822367 -0.000974624331 0.000986732809
v -0.0125201287 -0.000480501826 0.00180355486
v -0.0123788656 -4.83681514e-05 0.00264529165
v -0.0121602358 0.000316531484 0.00350216803
v -0.0118667425 0.000610024755 0.00436405119
v -0.0115017237 0.000828654592 0.00522092756
v -0.0110697092 0.0009699176 0.00606278357
v -0.0105755867 0.00103202564 0.00687960562
v -0.0100251974 0.00101438266 0.00766185698
v -0.00942485945 0.000917107885 0.00840035853
v -0.00878184454 0.000741393392 0.0090865272
v -0.00810354368 0.000489265744 0.00971237597
v -0.0073979439 0.000163705175 0.0102702754
v -0.00667338984 -0.00023147362 0.0107540267
v -0.00593822615 -0.000691621478 0.0111577886
v -0.00520115511 -0.00121149319 0.0114767927
v -0.00447075979 -0.00178477066 0.0117073434
v -0.00375574248 -0.00240477818 0.0118468183
v -0.00306444781 -0.00306436318 0.0118935483
v -0.00258153097 -0.00390800732 0.0117824453
v -0.00197272913 -0.00461015003 0.011645593
v -0.00140982287 -0.00532731312 0.0114190954
v -0.000899368688 -0.00605103272 0.0111058134
v -0.000447565481 -0.00677284497 0.0107094425
v -5.95392435e-05 -0.00748440522 0.0102345127
v 0.000260180071 -0.0081771304 0.00968662676
v 0.000507777766 -0.0088431527 0.00907210287
v 0.000680273607 -0.0094746043 0.00839833197
v 0.000775760248 -0.010063975 0.00767318186
v 0.000793164805 -0.01060447 0.00690511641
v 0.000732129648 -0.0110896518 0.00610307631
v 0.000593370035 -0.0115139176 0.00527647909
v 0.000378793314 -0.0118722607 0.00443509993
v 9.05452521e-05 -0.0121603896 0.00358883318
v -0.000267797872 -0.0123750855 0.00274745402
v -0.000692063734 -0.0125138451 0.0019208568
v -0.00117724554 -0.0125747611 0.0011188167
v -0.00171774046 -0.0125574757 0.000350751249
v -0.00230711119 -0.0124619891 -0.000374518069
v -0.00293844359 -0.012289374 -0.00104816976
v -0.00360446589 -0.0120418956 -0.00166269365
v -0.00429731028 -0.0117221762 -0.00221057955
v -0.00500887053 -0.01133415 -0.00268550936
v -0.00573068278 -0.0108823468 -0.00308199945
v -0.00645440237 -0.0103718926 -0.00339516226
v -0.00717156546 -0.00980898636 -0.00362165991
v -0.00787358896 -0.00920018452 -0.00375851217
v -0.00855248587 -0.00855252045 -0.00380440775
v -0.00920014994 -0.00787362355 -0.00375851217
v -0.00980895178 -0.00717148083 -0.00362165991
v -0.010371858 -0.00645443695 -0.00339516226
v -0.0108823122 -0.00573071736 -0.00308199945
v -0.0113341154 -0.0050087859 -0.00268550936
v -0.0117221417 -0.00429734486 -0.00221057955
v -0.012041861 -0.00360450047 -0.00166269365
v -0.0122894587 -0.00293847817 -0.00104816976
v -0.0124619545 -0.00230714577 -0.000374518069
v -0.0125574412 -0.00171765583 0.000350751249
v -0.0125748457 -0.00117728012 0.0011188167
v -0.0125138106 -0.000691979106 0.0019208568
v -0.0123751702 -0.000267832453 0.00274745402
v -0.0121604742 9.05106709e-05 0.00358883318
v -0.0118722262 0.000378758733 0.00443509993
v -0.011513883 0.000593454664 0.00527647909
v -0.0110896172 0.000732095067 0.00610307631
v -0.0106044354 0.000793130224 0.00690511641
v -0.0100639405 0.000775725667 0.00767318186
v -0.00947456972 0.000680239026 0.00839833197
v -0.00884323733 0.000507743184 0.00907210287
v -0.00817721502 0.00026014549 0.00968662676
v -0.00748437063 -5.94546154e-05 0.0102345127
v -0.00677281038 -0.000447480853 0.0107094425
v -0.00605099814 -0.00089940327 0.0111058134
v -0.00532727854 -0.00140973824 0.0114190954
v -0.00461011545 -0.0019726445 0.011645593
v -0.00390809195 -0.00258156555 0.0117824453
v -0.00322919504 -0.00322922962 0.0118282216
v -0.00274532454 -0.00404140251 0.0116641897
v -0.00215035097 -0.00472745198 0.0115304368
v -0.00160031931 -0.00542804497 0.0113091844
v -0.00110166685 -0.00613519448 0.0110030549
v -0.000660234854 -0.00684055584 0.010615744
v -0.000281030103 -0.00753566521 0.0101516622
v 3.12982352e-05 -0.00821265476 0.00961641249
v 0.000273173884 -0.00886341828 0.0090159553
v 0.000441735819 -0.00948032635 0.0083576816
v 0.000535076693 -0.0100562264 0.00764910158
v 0.000552004412 -0.0105843236 0.0068985599
v 0.000492399767 -0.0110584189 0.00611499724
v 0.000356858805 -0.0114729096 0.0053073543
v 0.000147169665 -0.0118230273 0.00448528704
v -0.000134402677 -0.0121045997 0.0036583322
v -0.000484520361 -0.012314408 0.00283626494
v -0.00089913027 -0.0124498298 0.002028622
v -0.00137310641 -0.0125095536 0.00124505934
v -0.00190120356 -0.0124925067 0.000494517652
v -0.00247710364 -0.012399285 -0.000214062365
v -0.00309401171 -0.0122306039 -0.000872336062
v -0.00374477522 -0.0119887282 -0.00147279325
v -0.00442176478 -0.0116763999 -0.00200804296
v -0.00511699335 -0.0112973143 -0.00247212473
v -0.00582223551 -0.0108557631 -0.00285943571
v -0.00652938502 -0.0103571107 -0.00316556516
v -0.00723009722 -0.00980707901 -0.00338681761
v -0.00791602747 -0.00921222466 -0.00352057043
v -0.00857942717 -0.00857934254 -0.00356539312
v -0.00921219008 -0.00791606205 -0.00352057043
v -0.00980704443 -0.00723001259 -0.00338681761
v -0.0103570761 -0.0065294196 -0.00316556516
v -0.0108557286 -0.00582227009 -0.00285943571
v -0.0112972798 -0.00511690872 -0.00247212473
v -0.0116763653 -0.00442179936 -0.00200804296
v -0.0119888128 -0.0037448098 -0.00147279325
v -0.0122306885 -0.00309404629 -0.000872336062
v -0.0123992504 -0.00247713822 -0.000214062365
v -0.0124925913 -0.00190123814 0.000494517652
v -0.012509519 -0.00137314099 0.00124505934
v -0.0124499144 -0.000899045642 0.002028622
v -0.0123143734 -0.000484554942 0.00283626494
v -0.0121045651 -0.000134437258 0.0036583322
v -0.0118229927 0.000147135083 0.00448528704
v -0.011472875 0.000356943433 0.0053073543
v -0.0110583843 0.000492365186 0.00611499724
v -0.010584289 0.000551969831 0.0068985599
v -0.0100561918 0.000535042112 0.00764910158
v -0.00948029177 0.000441820447 0.0083576816
v -0.0088633837 0.000273139302 0.0090159553
v -0.00821262018 3.1263654e-05 0.00961641249
v -0.00753574984 -0.000281064685 0.0101516622
v -0.00684052126 -0.000660150225 0.010615744
v -0.00613515989 -0.00110170143 0.0110030549
v -0.0054281296 -0.00160035389 0.0113091844
v -0.00472741739 -0.00215038555 0.0115304368
v -0.00404136793 -0.00274523991 0.0116641897
v -0.00337808745 -0.00337812203 0.0117090124
v -0.00288646834 -0.00414797562 0.0114989656
v -0.00230746882 -0.00481566685 0.011368789
v -0.0017720999 -0.0054976632 0.0111534971
v -0.00128667967 -0.00618597763 0.0108555931
v -0.000856930181 -0.00687238472 0.0104785341
v -0.00048797743 -0.00754901665 0.0100268501
v -0.000183993742 -0.00820788639 0.00950578627
v 5.14446051e-05 -0.00884136456 0.00892142233
v 0.000215595797 -0.00944182175 0.0082806724
v 0.000306433275 -0.0100023438 0.00759104666
v 0.000322884157 -0.0105162551 0.00686053213
v 0.000264829233 -0.0109777142 0.0060978311
v 0.000132983759 -0.0113812377 0.00531176504
v -7.12217538e-05 -0.0117219378 0.00451163229
v -0.000345283911 -0.011996 0.00370673117
v -0.00068598406 -0.0122002055 0.00290659842
v -0.00108950751 -0.012332051 0.00212053236
v -0.00155096667 -0.0123901059 0.00135783133
v -0.00206487791 -0.012373655 0.000627316801
v -0.00262539999 -0.0122828175 -6.23089393e-05
v -0.00322585718 -0.0121186663 -0.000703058871
v -0.00385933535 -0.0118833472 -0.00128742281
v -0.00451820509 -0.0115792443 -0.00180848661
v -0.00519483702 -0.0112102916 -0.00226017061
v -0.00588136332 -0.0107805421 -0.00263722959
v -0.00656955855 -0.0102951218 -0.00293513361
v -0.00725155489 -0.00975987213 -0.00315042559
v -0.00791924612 -0.00918075341 -0.00328060213
v -0.00856488363 -0.00856491822 -0.00332423273
v -0.00918083803 -0.0079192807 -0.00328060213
v -0.00975983755 -0.00725158947 -0.00315042559
v -0.0102952065 -0.00656959313 -0.00293513361
v -0.0107805075 -0.00588127869 -0.00263722959
v -0.011210257 -0.0051948716 -0.00226017061
v -0.0115793289 -0.00451812046 -0.00180848661
v -0.0118833126 -0.00385925072 -0.00128742281
v -0.012118751 -0.00322589176 -0.000703058871
v -0.012282783 -0.00262543457 -6.23089393e-05
v -0.0123736204 -0.00206491249 0.000627316801
v -0.0123900713 -0.00155088204 0.00135783133
v -0.0123321356 -0.00108954209 0.00212053236
v -0.0122001709 -0.000686018641 0.00290659842
v -0.0119960846 -0.000345318492 0.00370673117
v -0.0117219032 -7.11371257e-05 0.00451163229
v -0.0113812031 0.000132949178 0.00531176504
v -0.0109776797 0.000264913862 0.0060978311
v -0.0105163397 0.000322849576 0.00686053213
v -0.0100023092 0.000306398694 0.00759104666
v -0.00944178717 0.000215561216 0.0082806724
v -0.00884132998 5.15292332e-05 0.00892142233
v -0.00820797102 -0.000183909114 0.00950578627
v -0.00754910128 -0.000487892802 0.0100268501
v -0.00687235014 -0.000856964762 0.0104785341
v -0.00618594305 -0.00128671425 0.0108555931
v -0.00549762861 -0.00177213448 0.0111534971
v -0.00481563227 -0.00230738419 0.011368789
v -0.00414794104 -0.00288638371 0.0114989656
v -0.00350230353 -0.00350233811 0.0115425962
v 0.00842375143 0.00842371685 -0.00407215181
v -0.00724452154 -0.0077935149 0.00672892508
v 0.0086825548 0.00813356144 -0.0041181666
v -0.00703459398 -0.00809535282 0.00659398016
v 0.00889236315 0.00783172352 -0.00425311151
v -0.00688808577 -0.00838813084 0.00637916502
v 0.00903887136 0.0075389455 -0.00446792665
v -0.00681489126 -0.008651941 0.00609926161
v 0.00911218508 0.00727501613 -0.00474783007
v -0.00681989805 -0.0088689019 0.00577334341
v 0.00910717829 0.00705805523 -0.00507374826
v -0.00690286772 -0.00902423161 0.00542358336
v 0.00902420862 0.00690284473 -0.00542350832
v -0.00705807821 -0.00910720127 0.0050738233
v 0.00886887892 0.00681987507 -0.00577338758
v -0.00727503912 -0.00911220806 0.00474778589
v 0.00865191801 0.00681486828 -0.00609930578
v -0.00753896849 -0.00903889435 0.00446788248
v 0.00838810785 0.00688806278 -0.00637920919
v -0.0078317465 -0.00889238613 0.00425318655
v 0.00809532984 0.00703469021 -0.00659390512
v -0.00813346522 -0.00868257778 0.00411812243
v 0.00779349191 0.00724449856 -0.00672896925
v -0.00842373984 -0.00842377442 0.00407210764
v 0.0075033365 0.00750330192 -0.00677498403
v -0.0086825432 -0.0081334998 0.00411812243
v 0.00724453314 0.00779345733 -0.00672896925
v -0.00889235155 -0.00783178108 0.00425318655
v 0.00703460558 0.00809529525 -0.00659390512
v -0.00903897898 -0.00753888386 0.00446788248
v 0.00688809736 0.00838807327 -0.00637920919
v -0.00911217348 -0.0072750737 0.00474778589
v 0.00681490286 0.00865200264 -0.00609930578
v -0.00910716669 -0.0070581128 0.0050738233
v 0.00681990965 0.00886896354 -0.00577338758
v -0.00902419703 -0.0069029023 0.00542358336
v 0.00690287931 0.00902417404 -0.00542350832
v -0.00886886732 -0.00681993264 0.00577334341
v 0.00705808981 0.0091071437 -0.00507374826
v -0.00865202562 -0.00681480664 0.00609926161
v 0.00727505071 0.00911215049 -0.00474783007
v -0.00838809626 -0.00688812035 0.00637916502
v 0.00753898008 0.00903895599 -0.00446792665
v -0.00809531824 -0.00703462857 0.00659398016
v 0.0078317581 0.00889244777 -0.00425311151
v -0.00779348032 -0.00724443692 0.00672892508
v 0.00813347681 0.00868252022 -0.0041181666
v -0.00750332491 -0.00750335949 0.00677505907
v -0.00796347277 -0.00796350735 0.00542358336
v 0.00796348436 0.00796356899 -0.00542350832
f 1 2 3
f 3 2 4
f 2 5 4
f 4 5 6
f 4 6 7
f 8 9 10
f 10 9 11
f 8 10 12
f 12 10 13
f 12 13 14
f 9 15 11
f 11 15 16
f 11 16 17
f 18 19 20
f 21 22 23
f 23 22 24
f 6 25 7
f 7 25 26
f 7 26 27
f 28 29 30
f 30 29 31
f 28 30 32
f 32 30 33
f 32 33 34
f 34 33 35
f 35 33 36
f 35 36 37
f 16 38 17
f 17 38 39
f 17 39 40
f 20 41 18
f 18 41 42
f 18 42 13
f 13 42 43
f 13 43 14
f 44 45 19
f 19 45 46
f 19 46 20
f 22 47 24
f 24 47 48
f 24 48 49
f 37 36 50
f 50 36 51
f 50 51 52
f 53 54 51
f 51 54 55
f 51 55 52
f 39 56 40
f 40 56 57
f 40 57 53
f 53 57 58
f 53 58 54
f 48 59 49
f 49 59 60
f 49 60 44
f 44 60 61
f 44 61 45
f 21 23 62
f 62 23 63
f 62 63 64
f 26 65 27
f 27 65 66
f 27 66 67
f 1 3 68
f 68 3 69
f 68 69 70
f 70 69 71
f 71 69 72
f 71 72 73
f 74 75 76
f 29 77 31
f 31 77 78
f 31 78 75
f 75 78 79
f 75 79 76
f 76 80 74
f 74 80 81
f 74 81 72
f 72 81 82
f 72 82 73
f 66 83 67
f 67 83 84
f 67 84 63
f 63 84 85
f 63 85 64
f 86 87 88
f 89 90 91
f 92 93 94
f 95 96 97
f 98 99 100
f 101 102 103
f 104 105 106
f 107 108 109
f 110 111 112
f 113 114 115
f 116 117 118
f 119 120 121
f 122 123 124
f 125 126 127
f 128 129 130
f 131 132 133
f 134 135 136
f 137 138 139
f 140 141 142
f 143 144 145
f 146 147 148
f 149 150 151
f 152 153 154
f 155 156 157
f 158 159 160
f 161 162 163
f 164 165 166
f 167 168 169
f 170 171 172
f 173 174 175
f 176 177 178
f 179 180 181
f 182 183 184
f 185 186 187
f 188 189 190
f 191 192 193
f 194 195 196
f 197 198 199
f 200 201 202
f 203 204 205
f 206 207 208
f 209 210 211
f 212 213 214
f 215 216 217
f 218 219 220
f 221 222 223
f 224 225 226
f 227 228 229
f 230 231 232
f 233 234 235
f 236 237 238
f 239 240 241
f 242 243 244
f 245 246 247
f 248 249 250
f 251 252 253
f 254 255 256
f 257 258 259
f 260 261 262
f 263 264 265
f 266 267 268
f 269 270 271
f 272 273 240
f 240 273 274
f 240 274 241
f 241 274 275
f 241 275 276
f 276 277 278
f 278 277 279
f 279 280 281
f 281 280 282
f 282 283 284
f 284 283 285
f 285 286 287
f 287 286 288
f 288 289 290
f 290 289 291
f 291 292 293
f 293 292 294
f 294 295 296
f 296 295 260
f 297 298 299
f 300 301 302
f 303 304 305
f 306 307 308
f 309 310 311
f 312 313 314
f 315 316 317
f 318 319 320
f 321 322 323
f 324 325 326
f 327 328 329
f 330 331 332
f 333 334 335
f 257 259 336
f 337 338 237
f 237 338 339
f 237 339 238
f 238 339 340
f 238 340 341
f 341 342 343
f 343 342 344
f 344 345 346
f 346 345 347
f 347 348 349
f 349 348 350
f 350 351 352
f 352 351 353
f 353 354 355
f 355 354 356
f 356 357 358
f 358 357 359
f 359 360 361
f 361 360 245
f 362 363 364
f 365 366 367
f 368 369 370
f 371 372 373
f 374 375 376
f 377 378 379
f 380 381 382
f 383 384 385
f 386 387 388
f 389 390 391
f 392 393 394
f 395 396 397
f 398 399 400
f 242 244 401
f 264 272 265
f 265 272 240
f 265 240 402
f 402 240 239
f 402 239 403
f 249 337 250
f 250 337 237
f 250 237 404
f 404 237 236
f 404 236 405
f 267 263 268
f 268 263 265
f 268 265 406
f 406 265 402
f 406 402 407
f 407 402 403
f 407 403 408
f 252 248 253
f 253 248 250
f 253 250 409
f 409 250 404
f 409 404 410
f 410 404 405
f 410 405 411
f 270 266 271
f 271 266 268
f 271 268 412
f 412 268 406
f 412 406 413
f 413 406 407
f 413 407 414
f 414 407 408
f 414 408 415
f 255 251 256
f 256 251 253
f 256 253 416
f 416 253 409
f 416 409 417
f 417 409 410
f 417 410 418
f 418 410 411
f 418 411 419
f 420 269 421
f 421 269 271
f 421 271 422
f 422 271 412
f 422 412 423
f 423 412 413
f 423 413 424
f 424 413 414
f 424 414 425
f 425 414 415
f 425 415 235
f 426 254 427
f 427 254 256
f 427 256 428
f 428 256 416
f 428 416 429
f 429 416 417
f 429 417 430
f 430 417 418
f 430 418 431
f 431 418 419
f 431 419 160
f 432 433 434
f 435 436 437
f 438 420 439
f 439 420 421
f 439 421 440
f 440 421 422
f 440 422 441
f 441 422 423
f 441 423 442
f 442 423 424
f 442 424 443
f 443 424 425
f 443 425 444
f 444 425 235
f 444 235 445
f 445 235 234
f 276 278 241
f 241 278 446
f 241 446 239
f 239 446 447
f 239 447 403
f 403 447 448
f 403 448 408
f 408 448 449
f 408 449 415
f 415 449 232
f 415 232 235
f 235 232 231
f 235 231 233
f 279 281 278
f 278 281 450
f 278 450 446
f 446 450 451
f 446 451 447
f 447 451 452
f 447 452 448
f 448 452 453
f 448 453 449
f 449 453 229
f 449 229 232
f 232 229 228
f 232 228 230
f 282 284 281
f 281 284 454
f 281 454 450
f 450 454 455
f 450 455 451
f 451 455 456
f 451 456 452
f 452 456 457
f 452 457 453
f 453 457 226
f 453 226 229
f 229 226 225
f 229 225 227
f 285 287 284
f 284 287 458
f 284 458 454
f 454 458 459
f 454 459 455
f 455 459 460
f 455 460 456
f 456 460 461
f 456 461 457
f 457 461 223
f 457 223 226
f 226 223 222
f 226 222 224
f 288 290 287
f 287 290 462
f 287 462 458
f 458 462 463
f 458 463 459
f 459 463 464
f 459 464 460
f 460 464 465
f 460 465 461
f 461 465 220
f 461 220 223
f 223 220 219
f 223 219 221
f 291 293 290
f 290 293 466
f 290 466 462
f 462 466 467
f 462 467 463
f 463 467 468
f 463 468 464
f 464 468 469
f 464 469 465
f 465 469 217
f 465 217 220
f 220 217 216
f 220 216 218
f 294 296 293
f 293 296 470
f 293 470 466
f 466 470 471
f 466 471 467
f 467 471 472
f 467 472 468
f 468 472 473
f 468 473 469
f 469 473 214
f 469 214 217
f 217 214 213
f 217 213 215
f 260 262 296
f 296 262 474
f 296 474 470
f 470 474 475
f 470 475 471
f 471 475 476
f 471 476 472
f 472 476 477
f 472 477 473
f 473 477 211
f 473 211 214
f 214 211 210
f 214 210 212
f 262 478 474
f 474 478 479
f 474 479 475
f 475 479 480
f 475 480 476
f 476 480 481
f 476 481 477
f 477 481 208
f 477 208 211
f 211 208 207
f 211 207 209
f 478 482 479
f 479 482 483
f 479 483 480
f 480 483 484
f 480 484 481
f 481 484 205
f 481 205 208
f 208 205 204
f 208 204 206
f 482 485 483
f 483 485 486
f 483 486 484
f 484 486 202
f 484 202 205
f 205 202 201
f 205 201 203
f 485 432 486
f 486 432 434
f 486 434 202
f 202 434 487
f 202 487 200
f 488 489 490
f 490 489 433
f 490 433 491
f 491 433 432
f 491 432 492
f 492 432 485
f 492 485 493
f 493 485 482
f 493 482 494
f 494 482 478
f 494 478 495
f 495 478 262
f 495 262 496
f 496 262 261
f 489 497 433
f 433 497 498
f 433 498 434
f 434 498 499
f 434 499 487
f 198 488 199
f 199 488 490
f 199 490 500
f 500 490 491
f 500 491 501
f 501 491 492
f 501 492 502
f 502 492 493
f 502 493 503
f 503 493 494
f 503 494 299
f 299 494 495
f 299 495 297
f 297 495 496
f 195 197 196
f 196 197 199
f 196 199 504
f 504 199 500
f 504 500 505
f 505 500 501
f 505 501 506
f 506 501 502
f 506 502 507
f 507 502 503
f 507 503 302
f 302 503 299
f 302 299 300
f 300 299 298
f 192 194 193
f 193 194 196
f 193 196 508
f 508 196 504
f 508 504 509
f 509 504 505
f 509 505 510
f 510 505 506
f 510 506 511
f 511 506 507
f 511 507 305
f 305 507 302
f 305 302 303
f 303 302 301
f 189 191 190
f 190 191 193
f 190 193 512
f 512 193 508
f 512 508 513
f 513 508 509
f 513 509 514
f 514 509 510
f 514 510 515
f 515 510 511
f 515 511 308
f 308 511 305
f 308 305 306
f 306 305 304
f 186 188 187
f 187 188 190
f 187 190 516
f 516 190 512
f 516 512 517
f 517 512 513
f 517 513 518
f 518 513 514
f 518 514 519
f 519 514 515
f 519 515 311
f 311 515 308
f 311 308 309
f 309 308 307
f 183 185 184
f 184 185 187
f 184 187 520
f 520 187 516
f 520 516 521
f 521 516 517
f 521 517 522
f 522 517 518
f 522 518 523
f 523 518 519
f 523 519 314
f 314 519 311
f 314 311 312
f 312 311 310
f 180 182 181
f 181 182 184
f 181 184 524
f 524 184 520
f 524 520 525
f 525 520 521
f 525 521 526
f 526 521 522
f 526 522 527
f 527 522 523
f 527 523 317
f 317 523 314
f 317 314 315
f 315 314 313
f 177 179 178
f 178 179 181
f 178 181 528
f 528 181 524
f 528 524 529
f 529 524 525
f 529 525 530
f 530 525 526
f 530 526 531
f 531 526 527
f 531 527 320
f 320 527 317
f 320 317 318
f 318 317 316
f 174 176 175
f 175 176 178
f 175 178 532
f 532 178 528
f 532 528 533
f 533 528 529
f 533 529 534
f 534 529 530
f 534 530 535
f 535 530 531
f 535 531 323
f 323 531 320
f 323 320 321
f 321 320 319
f 171 173 172
f 172 173 175
f 172 175 536
f 536 175 532
f 536 532 537
f 537 532 533
f 537 533 538
f 538 533 534
f 538 534 539
f 539 534 535
f 539 535 326
f 326 535 323
f 326 323 324
f 324 323 322
f 168 170 169
f 169 170 172
f 169 172 540
f 540 172 536
f 540 536 541
f 541 536 537
f 541 537 542
f 542 537 538
f 542 538 543
f 543 538 539
f 543 539 329
f 329 539 326
f 329 326 327
f 327 326 325
f 165 167 166
f 166 167 169
f 166 169 544
f 544 169 540
f 544 540 545
f 545 540 541
f 545 541 546
f 546 541 542
f 546 542 547
f 547 542 543
f 547 543 332
f 332 543 329
f 332 329 330
f 330 329 328
f 162 164 163
f 163 164 166
f 163 166 548
f 548 166 544
f 548 544 549
f 549 544 545
f 549 545 550
f 550 545 546
f 550 546 551
f 551 546 547
f 551 547 335
f 335 547 332
f 335 332 333
f 333 332 331
f 552 161 553
f 553 161 163
f 553 163 554
f 554 163 548
f 554 548 555
f 555 548 549
f 555 549 556
f 556 549 550
f 556 550 557
f 557 550 551
f 557 551 259
f 259 551 335
f 259 335 336
f 336 335 334
f 258 558 259
f 259 558 559
f 259 559 557
f 557 559 560
f 557 560 556
f 556 560 561
f 556 561 555
f 555 561 562
f 555 562 554
f 554 562 563
f 554 563 553
f 553 563 564
f 553 564 552
f 552 564 565
f 558 426 559
f 559 426 427
f 559 427 560
f 560 427 428
f 560 428 561
f 561 428 429
f 561 429 562
f 562 429 430
f 562 430 563
f 563 430 431
f 563 431 564
f 564 431 160
f 564 160 565
f 565 160 159
f 341 343 238
f 238 343 566
f 238 566 236
f 236 566 567
f 236 567 405
f 405 567 568
f 405 568 411
f 411 568 569
f 411 569 419
f 419 569 157
f 419 157 160
f 160 157 156
f 160 156 158
f 344 346 343
f 343 346 570
f 343 570 566
f 566 570 571
f 566 571 567
f 567 571 572
f 567 572 568
f 568 572 573
f 568 573 569
f 569 573 154
f 569 154 157
f 157 154 153
f 157 153 155
f 347 349 346
f 346 349 574
f 346 574 570
f 570 574 575
f 570 575 571
f 571 575 576
f 571 576 572
f 572 576 577
f 572 577 573
f 573 577 151
f 573 151 154
f 154 151 150
f 154 150 152
f 350 352 349
f 349 352 578
f 349 578 574
f 574 578 579
f 574 579 575
f 575 579 580
f 575 580 576
f 576 580 581
f 576 581 577
f 577 581 148
f 577 148 151
f 151 148 147
f 151 147 149
f 353 355 352
f 352 355 582
f 352 582 578
f 578 582 583
f 578 583 579
f 579 583 584
f 579 584 580
f 580 584 585
f 580 585 581
f 581 585 145
f 581 145 148
f 148 145 144
f 148 144 146
f 356 358 355
f 355 358 586
f 355 586 582
f 582 586 587
f 582 587 583
f 583 587 588
f 583 588 584
f 584 588 589
f 584 589 585
f 585 589 142
f 585 142 145
f 145 142 141
f 145 141 143
f 359 361 358
f 358 361 590
f 358 590 586
f 586 590 591
f 586 591 587
f 587 591 592
f 587 592 588
f 588 592 593
f 588 593 589
f 589 593 139
f 589 139 142
f 142 139 138
f 142 138 140
f 245 247 361
f 361 247 594
f 361 594 590
f 590 594 595
f 590 595 591
f 591 595 596
f 591 596 592
f 592 596 597
f 592 597 593
f 593 597 136
f 593 136 139
f 139 136 135
f 139 135 137
f 247 598 594
f 594 598 599
f 594 599 595
f 595 599 600
f 595 600 596
f 596 600 601
f 596 601 597
f 597 601 133
f 597 133 136
f 136 133 132
f 136 132 134
f 598 602 599
f 599 602 603
f 599 603 600
f 600 603 604
f 600 604 601
f 601 604 130
f 601 130 133
f 133 130 129
f 133 129 131
f 602 605 603
f 603 605 606
f 603 606 604
f 604 606 127
f 604 127 130
f 130 127 126
f 130 126 128
f 605 435 606
f 606 435 437
f 606 437 127
f 127 437 607
f 127 607 125
f 608 609 610
f 610 609 436
f 610 436 611
f 611 436 435
f 611 435 612
f 612 435 605
f 612 605 613
f 613 605 602
f 613 602 614
f 614 602 598
f 614 598 615
f 615 598 247
f 615 247 616
f 616 247 246
f 609 617 436
f 436 617 618
f 436 618 437
f 437 618 619
f 437 619 607
f 123 608 124
f 124 608 610
f 124 610 620
f 620 610 611
f 620 611 621
f 621 611 612
f 621 612 622
f 622 612 613
f 622 613 623
f 623 613 614
f 623 614 364
f 364 614 615
f 364 615 362
f 362 615 616
f 120 122 121
f 121 122 124
f 121 124 624
f 624 124 620
f 624 620 625
f 625 620 621
f 625 621 626
f 626 621 622
f 626 622 627
f 627 622 623
f 627 623 367
f 367 623 364
f 367 364 365
f 365 364 363
f 117 119 118
f 118 119 121
f 118 121 628
f 628 121 624
f 628 624 629
f 629 624 625
f 629 625 630
f 630 625 626
f 630 626 631
f 631 626 627
f 631 627 370
f 370 627 367
f 370 367 368
f 368 367 366
f 114 116 115
f 115 116 118
f 115 118 632
f 632 118 628
f 632 628 633
f 633 628 629
f 633 629 634
f 634 629 630
f 634 630 635
f 635 630 631
f 635 631 373
f 373 631 370
f 373 370 371
f 371 370 369
f 111 113 112
f 112 113 115
f 112 115 636
f 636 115 632
f 636 632 637
f 637 632 633
f 637 633 638
f 638 633 634
f 638 634 639
f 639 634 635
f 639 635 376
f 376 635 373
f 376 373 374
f 374 373 372
f 108 110 109
f 109 110 112
f 109 112 640
f 640 112 636
f 640 636 641
f 641 636 637
f 641 637 642
f 642 637 638
f 642 638 643
f 643 638 639
f 643 639 379
f 379 639 376
f 379 376 377
f 377 376 375
f 105 107 106
f 106 107 109
f 106 109 644
f 644 109 640
f 644 640 645
f 645 640 641
f 645 641 646
f 646 641 642
f 646 642 647
f 647 642 643
f 647 643 382
f 382 643 379
f 382 379 380
f 380 379 378
f 102 104 103
f 103 104 106
f 103 106 648
f 648 106 644
f 648 644 649
f 649 644 645
f 649 645 650
f 650 645 646
f 650 646 651
f 651 646 647
f 651 647 385
f 385 647 382
f 385 382 383
f 383 382 381
f 99 101 100
f 100 101 103
f 100 103 652
f 652 103 648
f 652 648 653
f 653 648 649
f 653 649 654
f 654 649 650
f 654 650 655
f 655 650 651
f 655 651 388
f 388 651 385
f 388 385 386
f 386 385 384
f 96 98 97
f 97 98 100
f 97 100 656
f 656 100 652
f 656 652 657
f 657 652 653
f 657 653 658
f 658 653 654
f 658 654 659
f 659 654 655
f 659 655 391
f 391 655 388
f 391 388 389
f 389 388 387
f 93 95 94
f 94 95 97
f 94 97 660
f 660 97 656
f 660 656 661
f 661 656 657
f 661 657 662
f 662 657 658
f 662 658 663
f 663 658 659
f 663 659 394
f 394 659 391
f 394 391 392
f 392 391 390
f 90 92 91
f 91 92 94
f 91 94 664
f 664 94 660
f 664 660 665
f 665 660 661
f 665 661 666
f 666 661 662
f 666 662 667
f 667 662 663
f 667 663 397
f 397 663 394
f 397 394 395
f 395 394 393
f 87 89 88
f 88 89 91
f 88 91 668
f 668 91 664
f 668 664 669
f 669 664 665
f 669 665 670
f 670 665 666
f 670 666 671
f 671 666 667
f 671 667 400
f 400 667 397
f 400 397 398
f 398 397 396
f 672 86 673
f 673 86 88
f 673 88 674
f 674 88 668
f 674 668 675
f 675 668 669
f 675 669 676
f 676 669 670
f 676 670 677
f 677 670 671
f 677 671 244
f 244 671 400
f 244 400 401
f 401 400 399
f 243 438 244
f 244 438 439
f 244 439 677
f 677 439 440
f 677 440 676
f 676 440 441
f 676 441 675
f 675 441 442
f 675 442 674
f 674 442 443
f 674 443 673
f 673 443 444
f 673 444 672
f 672 444 445
f 678 679 680
f 680 679 681
f 678 680 682
f 682 680 683
f 682 683 684
f 684 683 685
f 685 683 686
f 685 686 687
f 687 686 688
f 688 686 689
f 688 689 690
f 691 692 693
f 693 692 694
f 691 693 695
f 695 693 696
f 695 696 697
f 697 696 698
f 698 696 699
f 698 699 700
f 701 702 703
f 704 705 706
f 706 705 707
f 704 706 708
f 708 706 709
f 708 709 710
f 710 709 711
f 711 709 712
f 711 712 713
f 679 714 681
f 681 714 715
f 681 715 716
f 717 718 719
f 720 721 722
f 722 721 723
f 720 722 724
f 724 722 725
f 724 725 726
f 726 725 727
f 727 725 728
f 727 728 729
f 703 730 701
f 701 730 731
f 701 731 732
f 705 733 707
f 707 733 734
f 707 734 702
f 702 734 735
f 702 735 703
f 715 736 716
f 716 736 737
f 716 737 738
f 739 740 689
f 689 740 741
f 689 741 690
f 692 742 694
f 694 742 743
f 694 743 739
f 739 743 744
f 739 744 740
f 700 699 745
f 745 699 746
f 745 746 747
f 719 748 717
f 717 748 749
f 717 749 746
f 746 749 750
f 746 750 747
f 721 751 723
f 723 751 752
f 723 752 718
f 718 752 753
f 718 753 719
f 731 754 732
f 732 754 755
f 732 755 728
f 728 755 756
f 728 756 729
f 713 712 757
f 757 712 758
f 757 758 759
f 737 760 738
f 738 760 761
f 738 761 758
f 758 761 762
f 758 762 759
f 763 707 764
f 764 707 702
f 764 702 765
f 765 702 701
f 765 701 766
f 766 701 732
f 766 732 767
f 767 732 728
f 767 728 768
f 768 728 725
f 768 725 769
f 769 725 722
f 769 722 770
f 770 722 723
f 770 723 771
f 771 723 718
f 771 718 772
f 772 718 717
f 772 717 773
f 773 717 746
f 773 746 774
f 774 746 699
f 774 699 775
f 775 699 696
f 775 696 776
f 776 696 693
f 776 693 777
f 777 693 694
f 777 694 778
f 778 694 739
f 778 739 779
f 779 739 689
f 779 689 780
f 780 689 686
f 780 686 781
f 781 686 683
f 781 683 782
f 782 683 680
f 782 680 783
f 783 680 681
f 783 681 784
f 784 681 716
f 784 716 785
f 785 716 738
f 785 738 786
f 786 738 758
f 786 758 787
f 787 758 712
f 787 712 788
f 788 712 709
f 788 709 789
f 789 709 706
f 789 706 763
f 763 706 707
f 790 786 791
f 791 786 787
f 791 787 792
f 792 787 788
f 792 788 793
f 793 788 789
f 793 789 794
f 794 789 763
f 794 763 795
f 795 763 764
f 795 764 796
f 796 764 765
f 796 765 797
f 797 765 766
f 797 766 798
f 766 767 798
f 798 767 768
f 798 768 799
f 799 768 769
f 799 769 800
f 800 769 770
f 800 770 801
f 801 770 771
f 801 771 802
f 802 771 772
f 802 772 803
f 803 772 773
f 803 773 804
f 804 773 774
f 804 774 805
f 805 774 775
f 805 775 806
f 775 776 806
f 806 776 777
f 806 777 807
f 807 777 778
f 807 778 808
f 808 778 779
f 808 779 809
f 809 779 780
f 809 780 810
f 810 780 781
f 810 781 811
f 811 781 782
f 811 782 812
f 812 782 783
f 812 783 813
f 813 783 784
f 813 784 790
f 790 784 785
f 790 785 786
f 814 794 815
f 815 794 795
f 815 795 816
f 816 795 796
f 816 796 817
f 817 796 797
f 817 797 818
f 818 797 798
f 818 798 819
f 819 798 799
f 819 799 820
f 820 799 800
f 820 800 821
f 821 800 801
f 821 801 822
f 822 801 802
f 822 802 823
f 823 802 803
f 823 803 824
f 824 803 804
f 824 804 825
f 825 804 805
f 825 805 826
f 826 805 806
f 826 806 827
f 827 806 807
f 827 807 828
f 828 807 808
f 828 808 829
f 829 808 809
f 829 809 830
f 830 809 810
f 830 810 831
f 831 810 811
f 831 811 832
f 832 811 812
f 832 812 833
f 833 812 813
f 833 813 834
f 834 813 790
f 834 790 835
f 835 790 791
f 835 791 836
f 836 791 792
f 836 792 837
f 837 792 793
f 837 793 814
f 814 793 794
f 819 838 818
f 818 838 839
f 818 839 817
f 817 839 840
f 817 840 816
f 816 840 841
f 816 841 815
f 815 841 842
f 815 842 814
f 814 842 843
f 814 843 837
f 837 843 844
f 837 844 836
f 836 844 845
f 836 845 835
f 835 845 846
f 835 846 834
f 846 847 834
f 834 847 848
f 834 848 833
f 833 848 849
f 833 849 832
f 832 849 850
f 832 850 831
f 831 850 851
f 831 851 830
f 830 851 852
f 830 852 829
f 829 852 853
f 829 853 828
f 828 853 854
f 828 854 827
f 854 855 827
f 827 855 856
f 827 856 826
f 826 856 857
f 826 857 825
f 825 857 858
f 825 858 824
f 824 858 859
f 824 859 823
f 823 859 860
f 823 860 822
f 822 860 861
f 822 861 821
f 821 861 862
f 821 862 820
f 820 862 863
f 820 863 819
f 819 863 864
f 819 864 838
f 49 843 24
f 24 843 842
f 24 842 23
f 23 842 841
f 23 841 63
f 63 841 840
f 63 840 67
f 67 840 839
f 67 839 27
f 27 839 838
f 27 838 7
f 7 838 864
f 7 864 4
f 4 864 863
f 4 863 3
f 3 863 862
f 3 862 69
f 69 862 861
f 69 861 72
f 72 861 860
f 72 860 74
f 74 860 859
f 74 859 75
f 75 859 858
f 75 858 31
f 31 858 857
f 31 857 30
f 30 857 856
f 30 856 33
f 33 856 855
f 33 855 36
f 36 855 854
f 36 854 51
f 51 854 853
f 51 853 53
f 53 853 852
f 53 852 40
f 40 852 851
f 40 851 17
f 17 851 850
f 17 850 11
f 11 850 849
f 11 849 10
f 10 849 848
f 10 848 13
f 13 848 847
f 13 847 18
f 18 847 846
f 18 846 19
f 19 846 845
f 19 845 44
f 44 845 844
f 44 844 49
f 49 844 843
f 243 242 865
f 401 399 866
f 398 396 867
f 386 384 868
f 383 381 869
f 380 378 870
f 377 375 871
f 374 372 872
f 371 369 873
f 368 366 874
f 258 257 875
f 336 334 876
f 333 331 877
f 321 319 878
f 318 316 879
f 315 313 880
f 312 310 881
f 309 307 882
f 306 304 883
f 303 301 884
f 885 754 731
f 886 755 754
f 887 756 755
f 888 729 756
f 889 727 729
f 890 726 727
f 891 724 726
f 892 720 724
f 893 721 720
f 894 751 721
f 895 752 751
f 896 753 752
f 897 719 753
f 898 748 719
f 899 749 748
f 900 750 749
f 901 747 750
f 902 745 747
f 903 700 745
f 904 698 700
f 905 690 741
f 906 688 690
f 907 687 688
f 908 685 687
f 909 684 685
f 910 682 684
f 911 678 682
f 912 679 678
f 913 714 679
f 914 715 714
f 915 736 715
f 916 737 736
f 917 760 737
f 918 761 760
f 919 762 761
f 920 759 762
f 921 757 759
f 922 713 757
f 923 711 713
f 924 710 711
f 708 710 925
f 925 710 924
f 925 924 926
f 697 698 927
f 927 698 904
f 927 904 928
f 704 708 929
f 929 708 925
f 929 925 930
f 930 925 926
f 930 926 931
f 695 697 932
f 932 697 927
f 932 927 933
f 933 927 928
f 933 928 934
f 705 704 935
f 935 704 929
f 935 929 936
f 936 929 930
f 936 930 937
f 937 930 931
f 937 931 938
f 691 695 939
f 939 695 932
f 939 932 940
f 940 932 933
f 940 933 941
f 941 933 934
f 941 934 942
f 733 705 943
f 943 705 935
f 943 935 944
f 944 935 936
f 944 936 945
f 945 936 937
f 945 937 946
f 946 937 938
f 946 938 947
f 692 691 948
f 948 691 939
f 948 939 949
f 949 939 940
f 949 940 950
f 950 940 941
f 950 941 951
f 951 941 942
f 951 942 952
f 953 954 955
f 956 957 958
f 959 269 420
f 711 923 924
f 924 923 960
f 924 960 926
f 926 960 961
f 926 961 931
f 931 961 962
f 931 962 938
f 938 962 959
f 938 959 947
f 947 959 420
f 947 420 438
f 963 266 270
f 713 922 923
f 923 922 964
f 923 964 960
f 960 964 965
f 960 965 961
f 961 965 966
f 961 966 962
f 962 966 963
f 962 963 959
f 959 963 270
f 959 270 269
f 967 263 267
f 757 921 922
f 922 921 968
f 922 968 964
f 964 968 969
f 964 969 965
f 965 969 970
f 965 970 966
f 966 970 967
f 966 967 963
f 963 967 267
f 963 267 266
f 971 272 264
f 759 920 921
f 921 920 972
f 921 972 968
f 968 972 973
f 968 973 969
f 969 973 974
f 969 974 970
f 970 974 971
f 970 971 967
f 967 971 264
f 967 264 263
f 975 274 273
f 762 919 920
f 920 919 976
f 920 976 972
f 972 976 977
f 972 977 973
f 973 977 978
f 973 978 974
f 974 978 975
f 974 975 971
f 971 975 273
f 971 273 272
f 979 276 275
f 761 918 919
f 919 918 980
f 919 980 976
f 976 980 981
f 976 981 977
f 977 981 982
f 977 982 978
f 978 982 979
f 978 979 975
f 975 979 275
f 975 275 274
f 983 279 277
f 760 917 918
f 918 917 984
f 918 984 980
f 980 984 985
f 980 985 981
f 981 985 986
f 981 986 982
f 982 986 983
f 982 983 979
f 979 983 277
f 979 277 276
f 987 282 280
f 737 916 917
f 917 916 988
f 917 988 984
f 984 988 989
f 984 989 985
f 985 989 990
f 985 990 986
f 986 990 987
f 986 987 983
f 983 987 280
f 983 280 279
f 991 285 283
f 736 915 916
f 916 915 992
f 916 992 988
f 988 992 993
f 988 993 989
f 989 993 994
f 989 994 990
f 990 994 991
f 990 991 987
f 987 991 283
f 987 283 282
f 995 288 286
f 715 914 915
f 915 914 996
f 915 996 992
f 992 996 997
f 992 997 993
f 993 997 998
f 993 998 994
f 994 998 995
f 994 995 991
f 991 995 286
f 991 286 285
f 999 291 289
f 714 913 914
f 914 913 1000
f 914 1000 996
f 996 1000 1001
f 996 1001 997
f 997 1001 1002
f 997 1002 998
f 998 1002 999
f 998 999 995
f 995 999 289
f 995 289 288
f 1003 294 292
f 679 912 913
f 913 912 1004
f 913 1004 1000
f 1000 1004 1005
f 1000 1005 1001
f 1001 1005 1006
f 1001 1006 1002
f 1002 1006 1003
f 1002 1003 999
f 999 1003 292
f 999 292 291
f 1007 260 295
f 678 911 912
f 912 911 1008
f 912 1008 1004
f 1004 1008 1009
f 1004 1009 1005
f 1005 1009 1010
f 1005 1010 1006
f 1006 1010 1007
f 1006 1007 1003
f 1003 1007 295
f 1003 295 294
f 1011 496 261
f 682 910 911
f 911 910 1012
f 911 1012 1008
f 1008 1012 1013
f 1008 1013 1009
f 1009 1013 1014
f 1009 1014 1010
f 1010 1014 1011
f 1010 1011 1007
f 1007 1011 261
f 1007 261 260
f 300 298 1015
f 1015 298 297
f 684 909 910
f 910 909 1016
f 910 1016 1012
f 1012 1016 1017
f 1012 1017 1013
f 1013 1017 1018
f 1013 1018 1014
f 1014 1018 1015
f 1014 1015 1011
f 1011 1015 297
f 1011 297 496
f 685 908 909
f 909 908 1019
f 909 1019 1016
f 1016 1019 1020
f 1016 1020 1017
f 1017 1020 1021
f 1017 1021 1018
f 1018 1021 884
f 1018 884 1015
f 1015 884 301
f 1015 301 300
f 687 907 908
f 908 907 1022
f 908 1022 1019
f 1019 1022 1023
f 1019 1023 1020
f 1020 1023 1024
f 1020 1024 1021
f 1021 1024 883
f 1021 883 884
f 884 883 304
f 884 304 303
f 688 906 907
f 907 906 1025
f 907 1025 1022
f 1022 1025 1026
f 1022 1026 1023
f 1023 1026 1027
f 1023 1027 1024
f 1024 1027 882
f 1024 882 883
f 883 882 307
f 883 307 306
f 690 905 906
f 906 905 1028
f 906 1028 1025
f 1025 1028 1029
f 1025 1029 1026
f 1026 1029 1030
f 1026 1030 1027
f 1027 1030 881
f 1027 881 882
f 882 881 310
f 882 310 309
f 741 1031 905
f 905 1031 1032
f 905 1032 1028
f 1028 1032 1033
f 1028 1033 1029
f 1029 1033 1034
f 1029 1034 1030
f 1030 1034 880
f 1030 880 881
f 881 880 313
f 881 313 312
f 1031 1035 1032
f 1032 1035 1036
f 1032 1036 1033
f 1033 1036 1037
f 1033 1037 1034
f 1034 1037 879
f 1034 879 880
f 880 879 316
f 880 316 315
f 1035 1038 1036
f 1036 1038 1039
f 1036 1039 1037
f 1037 1039 878
f 1037 878 879
f 879 878 319
f 879 319 318
f 1038 953 1039
f 1039 953 955
f 1039 955 878
f 878 955 322
f 878 322 321
f 330 328 1040
f 1040 328 954
f 1040 954 1041
f 1041 954 953
f 1041 953 1042
f 1042 953 1038
f 1042 1038 1043
f 1043 1038 1035
f 1043 1035 1044
f 1044 1035 1031
f 1044 1031 740
f 740 1031 741
f 328 327 954
f 954 327 325
f 954 325 955
f 955 325 324
f 955 324 322
f 331 330 877
f 877 330 1040
f 877 1040 1045
f 1045 1040 1041
f 1045 1041 1046
f 1046 1041 1042
f 1046 1042 1047
f 1047 1042 1043
f 1047 1043 1048
f 1048 1043 1044
f 1048 1044 744
f 744 1044 740
f 334 333 876
f 876 333 877
f 876 877 1049
f 1049 877 1045
f 1049 1045 1050
f 1050 1045 1046
f 1050 1046 1051
f 1051 1046 1047
f 1051 1047 1052
f 1052 1047 1048
f 1052 1048 743
f 743 1048 744
f 257 336 875
f 875 336 876
f 875 876 1053
f 1053 876 1049
f 1053 1049 1054
f 1054 1049 1050
f 1054 1050 1055
f 1055 1050 1051
f 1055 1051 1056
f 1056 1051 1052
f 1056 1052 742
f 742 1052 743
f 558 258 952
f 952 258 875
f 952 875 951
f 951 875 1053
f 951 1053 950
f 950 1053 1054
f 950 1054 949
f 949 1054 1055
f 949 1055 948
f 948 1055 1056
f 948 1056 692
f 692 1056 742
f 1057 254 426
f 700 903 904
f 904 903 1058
f 904 1058 928
f 928 1058 1059
f 928 1059 934
f 934 1059 1060
f 934 1060 942
f 942 1060 1057
f 942 1057 952
f 952 1057 426
f 952 426 558
f 1061 251 255
f 745 902 903
f 903 902 1062
f 903 1062 1058
f 1058 1062 1063
f 1058 1063 1059
f 1059 1063 1064
f 1059 1064 1060
f 1060 1064 1061
f 1060 1061 1057
f 1057 1061 255
f 1057 255 254
f 1065 248 252
f 747 901 902
f 902 901 1066
f 902 1066 1062
f 1062 1066 1067
f 1062 1067 1063
f 1063 1067 1068
f 1063 1068 1064
f 1064 1068 1065
f 1064 1065 1061
f 1061 1065 252
f 1061 252 251
f 1069 337 249
f 750 900 901
f 901 900 1070
f 901 1070 1066
f 1066 1070 1071
f 1066 1071 1067
f 1067 1071 1072
f 1067 1072 1068
f 1068 1072 1069
f 1068 1069 1065
f 1065 1069 249
f 1065 249 248
f 1073 339 338
f 749 899 900
f 900 899 1074
f 900 1074 1070
f 1070 1074 1075
f 1070 1075 1071
f 1071 1075 1076
f 1071 1076 1072
f 1072 1076 1073
f 1072 1073 1069
f 1069 1073 338
f 1069 338 337
f 1077 341 340
f 748 898 899
f 899 898 1078
f 899 1078 1074
f 1074 1078 1079
f 1074 1079 1075
f 1075 1079 1080
f 1075 1080 1076
f 1076 1080 1077
f 1076 1077 1073
f 1073 1077 340
f 1073 340 339
f 1081 344 342
f 719 897 898
f 898 897 1082
f 898 1082 1078
f 1078 1082 1083
f 1078 1083 1079
f 1079 1083 1084
f 1079 1084 1080
f 1080 1084 1081
f 1080 1081 1077
f 1077 1081 342
f 1077 342 341
f 1085 347 345
f 753 896 897
f 897 896 1086
f 897 1086 1082
f 1082 1086 1087
f 1082 1087 1083
f 1083 1087 1088
f 1083 1088 1084
f 1084 1088 1085
f 1084 1085 1081
f 1081 1085 345
f 1081 345 344
f 1089 350 348
f 752 895 896
f 896 895 1090
f 896 1090 1086
f 1086 1090 1091
f 1086 1091 1087
f 1087 1091 1092
f 1087 1092 1088
f 1088 1092 1089
f 1088 1089 1085
f 1085 1089 348
f 1085 348 347
f 1093 353 351
f 751 894 895
f 895 894 1094
f 895 1094 1090
f 1090 1094 1095
f 1090 1095 1091
f 1091 1095 1096
f 1091 1096 1092
f 1092 1096 1093
f 1092 1093 1089
f 1089 1093 351
f 1089 351 350
f 1097 356 354
f 721 893 894
f 894 893 1098
f 894 1098 1094
f 1094 1098 1099
f 1094 1099 1095
f 1095 1099 1100
f 1095 1100 1096
f 1096 1100 1097
f 1096 1097 1093
f 1093 1097 354
f 1093 354 353
f 1101 359 357
f 720 892 893
f 893 892 1102
f 893 1102 1098
f 1098 1102 1103
f 1098 1103 1099
f 1099 1103 1104
f 1099 1104 1100
f 1100 1104 1101
f 1100 1101 1097
f 1097 1101 357
f 1097 357 356
f 1105 245 360
f 724 891 892
f 892 891 1106
f 892 1106 1102
f 1102 1106 1107
f 1102 1107 1103
f 1103 1107 1108
f 1103 1108 1104
f 1104 1108 1105
f 1104 1105 1101
f 1101 1105 360
f 1101 360 359
f 1109 616 246
f 726 890 891
f 891 890 1110
f 891 1110 1106
f 1106 1110 1111
f 1106 1111 1107
f 1107 1111 1112
f 1107 1112 1108
f 1108 1112 1109
f 1108 1109 1105
f 1105 1109 246
f 1105 246 245
f 365 363 1113
f 1113 363 362
f 727 889 890
f 890 889 1114
f 890 1114 1110
f 1110 1114 1115
f 1110 1115 1111
f 1111 1115 1116
f 1111 1116 1112
f 1112 1116 1113
f 1112 1113 1109
f 1109 1113 362
f 1109 362 616
f 729 888 889
f 889 888 1117
f 889 1117 1114
f 1114 1117 1118
f 1114 1118 1115
f 1115 1118 1119
f 1115 1119 1116
f 1116 1119 874
f 1116 874 1113
f 1113 874 366
f 1113 366 365
f 756 887 888
f 888 887 1120
f 888 1120 1117
f 1117 1120 1121
f 1117 1121 1118
f 1118 1121 1122
f 1118 1122 1119
f 1119 1122 873
f 1119 873 874
f 874 873 369
f 874 369 368
f 755 886 887
f 887 886 1123
f 887 1123 1120
f 1120 1123 1124
f 1120 1124 1121
f 1121 1124 1125
f 1121 1125 1122
f 1122 1125 872
f 1122 872 873
f 873 872 372
f 873 372 371
f 754 885 886
f 886 885 1126
f 886 1126 1123
f 1123 1126 1127
f 1123 1127 1124
f 1124 1127 1128
f 1124 1128 1125
f 1125 1128 871
f 1125 871 872
f 872 871 375
f 872 375 374
f 731 1129 885
f 885 1129 1130
f 885 1130 1126
f 1126 1130 1131
f 1126 1131 1127
f 1127 1131 1132
f 1127 1132 1128
f 1128 1132 870
f 1128 870 871
f 871 870 378
f 871 378 377
f 1129 1133 1130
f 1130 1133 1134
f 1130 1134 1131
f 1131 1134 1135
f 1131 1135 1132
f 1132 1135 869
f 1132 869 870
f 870 869 381
f 870 381 380
f 1133 1136 1134
f 1134 1136 1137
f 1134 1137 1135
f 1135 1137 868
f 1135 868 869
f 869 868 384
f 869 384 383
f 1136 956 1137
f 1137 956 958
f 1137 958 868
f 868 958 387
f 868 387 386
f 395 393 1138
f 1138 393 957
f 1138 957 1139
f 1139 957 956
f 1139 956 1140
f 1140 956 1136
f 1140 1136 1141
f 1141 1136 1133
f 1141 1133 1142
f 1142 1133 1129
f 1142 1129 730
f 730 1129 731
f 393 392 957
f 957 392 390
f 957 390 958
f 958 390 389
f 958 389 387
f 396 395 867
f 867 395 1138
f 867 1138 1143
f 1143 1138 1139
f 1143 1139 1144
f 1144 1139 1140
f 1144 1140 1145
f 1145 1140 1141
f 1145 1141 1146
f 1146 1141 1142
f 1146 1142 703
f 703 1142 730
f 399 398 866
f 866 398 867
f 866 867 1147
f 1147 867 1143
f 1147 1143 1148
f 1148 1143 1144
f 1148 1144 1149
f 1149 1144 1145
f 1149 1145 1150
f 1150 1145 1146
f 1150 1146 735
f 735 1146 703
f 242 401 865
f 865 401 866
f 865 866 1151
f 1151 866 1147
f 1151 1147 1152
f 1152 1147 1148
f 1152 1148 1153
f 1153 1148 1149
f 1153 1149 1154
f 1154 1149 1150
f 1154 1150 734
f 734 1150 735
f 438 243 947
f 947 243 865
f 947 865 946
f 946 865 1151
f 946 1151 945
f 945 1151 1152
f 945 1152 944
f 944 1152 1153
f 944 1153 943
f 943 1153 1154
f 943 1154 733
f 733 1154 734
f 234 1155 1156
f 234 233 1155
f 1155 233 231
f 1155 231 1157
f 231 230 1157
f 1157 230 228
f 1157 228 1158
f 228 227 1158
f 1158 227 225
f 1158 225 1159
f 1159 225 224
f 1159 224 1160
f 224 222 1160
f 1160 222 221
f 1160 221 1161
f 221 219 1161
f 1161 219 218
f 1161 218 1162
f 218 216 1162
f 1162 216 215
f 1162 215 1163
f 215 213 1163
f 1163 213 212
f 1163 212 1164
f 212 210 1164
f 1164 210 209
f 1164 209 1165
f 209 207 1165
f 1165 207 206
f 1165 206 1166
f 206 204 1166
f 1166 204 203
f 1166 203 1167
f 203 201 1167
f 1167 201 200
f 1167 200 1168
f 200 487 1168
f 1168 487 499
f 1168 499 1169
f 499 498 1169
f 1169 498 497
f 1169 497 1170
f 1170 497 489
f 489 488 1170
f 1170 488 198
f 1170 198 1171
f 198 197 1171
f 1171 197 195
f 1171 195 1172
f 195 194 1172
f 1172 194 192
f 1172 192 1173
f 192 191 1173
f 1173 191 189
f 1173 189 1174
f 189 188 1174
f 1174 188 186
f 1174 186 1175
f 186 185 1175
f 1175 185 183
f 1175 183 1176
f 183 182 1176
f 1176 182 180
f 1176 180 1177
f 180 179 1177
f 1177 179 177
f 1177 177 1178
f 177 176 1178
f 1178 176 174
f 1178 174 1179
f 174 173 1179
f 1179 173 171
f 1179 171 1180
f 171 170 1180
f 1180 170 168
f 1180 168 1181
f 168 167 1181
f 1181 167 165
f 1181 165 1182
f 165 164 1182
f 1182 164 162
f 1182 162 1183
f 162 161 1183
f 1183 161 552
f 1183 552 1184
f 552 565 1184
f 1184 565 159
f 1184 159 1185
f 159 158 1185
f 1185 158 156
f 1185 156 1186
f 156 155 1186
f 1186 155 153
f 1186 153 1187
f 153 152 1187
f 1187 152 150
f 1187 150 1188
f 1188 150 149
f 1188 149 1189
f 149 147 1189
f 1189 147 146
f 1189 146 1190
f 146 144 1190
f 1190 144 143
f 1190 143 1191
f 143 141 1191
f 1191 141 140
f 1191 140 1192
f 140 138 1192
f 1192 138 137
f 1192 137 1193
f 137 135 1193
f 1193 135 134
f 1193 134 1194
f 134 132 1194
f 1194 132 131
f 1194 131 1195
f 131 129 1195
f 1195 129 128
f 1195 128 1196
f 128 126 1196
f 1196 126 125
f 1196 125 1197
f 125 607 1197
f 1197 607 619
f 1197 619 1198
f 1198 619 618
f 618 617 1198
f 1198 617 609
f 1198 609 1199
f 609 608 1199
f 1199 608 123
f 1199 123 1200
f 123 122 1200
f 1200 122 120
f 1200 120 1201
f 120 119 1201
f 1201 119 117
f 1201 117 1202
f 117 116 1202
f 1202 116 114
f 1202 114 1203
f 114 113 1203
f 1203 113 111
f 1203 111 1204
f 111 110 1204
f 1204 110 108
f 1204 108 1205
f 108 107 1205
f 1205 107 105
f 1205 105 1206
f 105 104 1206
f 1206 104 102
f 1206 102 1207
f 102 101 1207
f 1207 101 99
f 1207 99 1208
f 99 98 1208
f 1208 98 96
f 1208 96 1209
f 96 95 1209
f 1209 95 93
f 1209 93 1210
f 93 92 1210
f 1210 92 90
f 1210 90 1211
f 90 89 1211
f 1211 89 87
f 1211 87 1212
f 87 86 1212
f 1212 86 672
f 1212 672 1156
f 1156 672 445
f 1156 445 234
f 1156 1213 1212
f 1212 1213 1214
f 1212 1214 1211
f 1211 1214 1215
f 1211 1215 1210
f 1210 1215 1216
f 1210 1216 1209
f 1209 1216 1217
f 1209 1217 1208
f 1208 1217 1218
f 1208 1218 1207
f 1207 1218 1219
f 1207 1219 1206
f 1206 1219 1220
f 1206 1220 1205
f 1205 1220 1221
f 1205 1221 1204
f 1204 1221 1222
f 1204 1222 1203
f 1203 1222 1223
f 1203 1223 1202
f 1202 1223 1224
f 1202 1224 1201
f 1201 1224 1225
f 1201 1225 1200
f 1200 1225 1226
f 1200 1226 1199
f 1199 1226 1227
f 1199 1227 1198
f 1198 1227 1228
f 1198 1228 1197
f 1197 1228 1229
f 1197 1229 1196
f 1196 1229 1230
f 1196 1230 1195
f 1195 1230 1231
f 1195 1231 1194
f 1194 1231 1232
f 1194 1232 1193
f 1193 1232 1233
f 1193 1233 1192
f 1192 1233 1234
f 1192 1234 1191
f 1191 1234 1235
f 1191 1235 1190
f 1190 1235 1236
f 1190 1236 1189
f 1189 1236 1237
f 1189 1237 1188
f 1188 1237 1238
f 1188 1238 1187
f 1187 1238 1239
f 1187 1239 1186
f 1186 1239 1240
f 1186 1240 1185
f 1185 1240 1241
f 1185 1241 1184
f 1184 1241 1242
f 1184 1242 1183
f 1183 1242 1243
f 1183 1243 1182
f 1182 1243 1244
f 1182 1244 1181
f 1181 1244 1245
f 1181 1245 1180
f 1180 1245 1246
f 1180 1246 1179
f 1179 1246 1247
f 1179 1247 1178
f 1178 1247 1248
f 1178 1248 1177
f 1177 1248 1249
f 1177 1249 1176
f 1176 1249 1250
f 1176 1250 1175
f 1175 1250 1251
f 1175 1251 1174
f 1174 1251 1252
f 1174 1252 1173
f 1173 1252 1253
f 1173 1253 1172
f 1172 1253 1254
f 1172 1254 1171
f 1171 1254 1255
f 1171 1255 1170
f 1170 1255 1256
f 1170 1256 1169
f 1169 1256 1257
f 1169 1257 1168
f 1168 1257 1258
f 1168 1258 1167
f 1167 1258 1259
f 1167 1259 1166
f 1166 1259 1260
f 1166 1260 1165
f 1165 1260 1261
f 1165 1261 1164
f 1164 1261 1262
f 1164 1262 1163
f 1163 1262 1263
f 1163 1263 1162
f 1162 1263 1264
f 1162 1264 1161
f 1161 1264 1265
f 1161 1265 1160
f 1160 1265 1266
f 1160 1266 1159
f 1159 1266 1267
f 1159 1267 1158
f 1158 1267 1268
f 1158 1268 1157
f 1157 1268 1269
f 1157 1269 1155
f 1155 1269 1270
f 1155 1270 1156
f 1156 1270 1213
f 1270 1271 1213
f 1213 1271 1272
f 1213 1272 1214
f 1214 1272 1273
f 1214 1273 1215
f 1215 1273 1274
f 1215 1274 1216
f 1216 1274 1275
f 1216 1275 1217
f 1217 1275 1276
f 1217 1276 1218
f 1218 1276 1277
f 1218 1277 1219
f 1219 1277 1278
f 1219 1278 1220
f 1220 1278 1279
f 1220 1279 1221
f 1221 1279 1280
f 1221 1280 1222
f 1222 1280 1281
f 1222 1281 1223
f 1223 1281 1282
f 1223 1282 1224
f 1224 1282 1283
f 1224 1283 1225
f 1225 1283 1284
f 1225 1284 1226
f 1226 1284 1285
f 1226 1285 1227
f 1227 1285 1286
f 1227 1286 1228
f 1228 1286 1287
f 1228 1287 1229
f 1229 1287 1288
f 1229 1288 1230
f 1230 1288 1289
f 1230 1289 1231
f 1231 1289 1290
f 1231 1290 1232
f 1232 1290 1291
f 1232 1291 1233
f 1233 1291 1292
f 1233 1292 1234
f 1234 1292 1293
f 1234 1293 1235
f 1235 1293 1294
f 1235 1294 1236
f 1236 1294 1295
f 1236 1295 1237
f 1237 1295 1296
f 1237 1296 1238
f 1238 1296 1297
f 1238 1297 1239
f 1239 1297 1298
f 1239 1298 1240
f 1240 1298 1299
f 1240 1299 1241
f 1241 1299 1300
f 1241 1300 1242
f 1242 1300 1301
f 1242 1301 1243
f 1243 1301 1302
f 1243 1302 1244
f 1244 1302 1303
f 1244 1303 1245
f 1245 1303 1304
f 1245 1304 1246
f 1246 1304 1305
f 1246 1305 1247
f 1247 1305 1306
f 1247 1306 1248
f 1248 1306 1307
f 1248 1307 1249
f 1249 1307 1308
f 1249 1308 1250
f 1250 1308 1309
f 1250 1309 1251
f 1251 1309 1310
f 1251 1310 1252
f 1252 1310 1311
f 1252 1311 1253
f 1253 1311 1312
f 1253 1312 1254
f 1254 1312 1313
f 1254 1313 1255
f 1255 1313 1314
f 1255 1314 1256
f 1256 1314 1315
f 1256 1315 1257
f 1257 1315 1316
f 1257 1316 1258
f 1258 1316 1317
f 1258 1317 1259
f 1259 1317 1318
f 1259 1318 1260
f 1260 1318 1319
f 1260 1319 1261
f 1261 1319 1320
f 1261 1320 1262
f 1262 1320 1321
f 1262 1321 1263
f 1263 1321 1322
f 1263 1322 1264
f 1264 1322 1323
f 1264 1323 1265
f 1265 1323 1324
f 1265 1324 1266
f 1266 1324 1325
f 1266 1325 1267
f 1267 1325 1326
f 1267 1326 1268
f 1268 1326 1327
f 1268 1327 1269
f 1269 1327 1328
f 1269 1328 1270
f 1270 1328 1271
f 1328 1329 1271
f 1271 1329 1330
f 1271 1330 1272
f 1272 1330 1331
f 1272 1331 1273
f 1273 1331 1332
f 1273 1332 1274
f 1274 1332 1333
f 1274 1333 1275
f 1275 1333 1334
f 1275 1334 1276
f 1276 1334 1335
f 1276 1335 1277
f 1277 1335 1336
f 1277 1336 1278
f 1278 1336 1337
f 1278 1337 1279
f 1279 1337 1338
f 1279 1338 1280
f 1280 1338 1339
f 1280 1339 1281
f 1281 1339 1340
f 1281 1340 1282
f 1282 1340 1341
f 1282 1341 1283
f 1283 1341 1342
f 1283 1342 1284
f 1284 1342 1343
f 1284 1343 1285
f 1285 1343 1344
f 1285 1344 1286
f 1286 1344 1345
f 1286 1345 1287
f 1287 1345 1346
f 1287 1346 1288
f 1288 1346 1347
f 1288 1347 1289
f 1289 1347 1348
f 1289 1348 1290
f 1290 1348 1349
f 1290 1349 1291
f 1291 1349 1350
f 1291 1350 1292
f 1292 1350 1351
f 1292 1351 1293
f 1293 1351 1352
f 1293 1352 1294
f 1294 1352 1353
f 1294 1353 1295
f 1295 1353 1354
f 1295 1354 1296
f 1296 1354 1355
f 1296 1355 1297
f 1297 1355 1356
f 1297 1356 1298
f 1298 1356 1357
f 1298 1357 1299
f 1299 1357 1358
f 1299 1358 1300
f 1300 1358 1359
f 1300 1359 1301
f 1301 1359 1360
f 1301 1360 1302
f 1302 1360 1361
f 1302 1361 1303
f 1303 1361 1362
f 1303 1362 1304
f 1304 1362 1363
f 1304 1363 1305
f 1305 1363 1364
f 1305 1364 1306
f 1306 1364 1365
f 1306 1365 1307
f 1307 1365 1366
f 1307 1366 1308
f 1308 1366 1367
f 1308 1367 1309
f 1309 1367 1368
f 1309 1368 1310
f 1310 1368 1369
f 1310 1369 1311
f 1311 1369 1370
f 1311 1370 1312
f 1312 1370 1371
f 1312 1371 1313
f 1313 1371 1372
f 1313 1372 1314
f 1314 1372 1373
f 1314 1373 1315
f 1315 1373 1374
f 1315 1374 1316
f 1316 1374 1375
f 1316 1375 1317
f 1317 1375 1376
f 1317 1376 1318
f 1318 1376 1377
f 1318 1377 1319
f 1319 1377 1378
f 1319 1378 1320
f 1320 1378 1379
f 1320 1379 1321
f 1321 1379 1380
f 1321 1380 1322
f 1322 1380 1381
f 1322 1381 1323
f 1323 1381 1382
f 1323 1382 1324
f 1324 1382 1383
f 1324 1383 1325
f 1325 1383 1384
f 1325 1384 1326
f 1326 1384 1385
f 1326 1385 1327
f 1327 1385 1386
f 1327 1386 1328
f 1328 1386 1329
f 1386 1387 1329
f 1329 1387 1388
f 1329 1388 1330
f 1330 1388 1389
f 1330 1389 1331
f 1331 1389 1390
f 1331 1390 1332
f 1332 1390 1391
f 1332 1391 1333
f 1333 1391 1392
f 1333 1392 1334
f 1334 1392 1393
f 1334 1393 1335
f 1335 1393 1394
f 1335 1394 1336
f 1336 1394 1395
f 1336 1395 1337
f 1337 1395 1396
f 1337 1396 1338
f 1338 1396 1397
f 1338 1397 1339
f 1339 1397 1398
f 1339 1398 1340
f 1340 1398 1399
f 1340 1399 1341
f 1341 1399 1400
f 1341 1400 1342
f 1342 1400 1401
f 1342 1401 1343
f 1343 1401 1402
f 1343 1402 1344
f 1344 1402 1403
f 1344 1403 1345
f 1345 1403 1404
f 1345 1404 1346
f 1346 1404 1405
f 1346 1405 1347
f 1347 1405 1406
f 1347 1406 1348
f 1348 1406 1407
f 1348 1407 1349
f 1349 1407 1408
f 1349 1408 1350
f 1350 1408 1409
f 1350 1409 1351
f 1351 1409 1410
f 1351 1410 1352
f 1352 1410 1411
f 1352 1411 1353
f 1353 1411 1412
f 1353 1412 1354
f 1354 1412 1413
f 1354 1413 1355
f 1355 1413 1414
f 1355 1414 1356
f 1356 1414 1415
f 1356 1415 1357
f 1357 1415 1416
f 1357 1416 1358
f 1358 1416 1417
f 1358 1417 1359
f 1359 1417 1418
f 1359 1418 1360
f 1360 1418 1419
f 1360 1419 1361
f 1361 1419 1420
f 1361 1420 1362
f 1362 1420 1421
f 1362 1421 1363
f 1363 1421 1422
f 1363 1422 1364
f 1364 1422 1423
f 1364 1423 1365
f 1365 1423 1424
f 1365 1424 1366
f 1366 1424 1425
f 1366 1425 1367
f 1367 1425 1426
f 1367 1426 1368
f 1368 1426 1427
f 1368 1427 1369
f 1369 1427 1428
f 1369 1428 1370
f 1370 1428 1429
f 1370 1429 1371
f 1371 1429 1430
f 1371 1430 1372
f 1372 1430 1431
f 1372 1431 1373
f 1373 1431 1432
f 1373 1432 1374
f 1374 1432 1433
f 1374 1433 1375
f 1375 1433 1434
f 1375 1434 1376
f 1376 1434 1435
f 1376 1435 1377
f 1377 1435 1436
f 1377 1436 1378
f 1378 1436 1437
f 1378 1437 1379
f 1379 1437 1438
f 1379 1438 1380
f 1380 1438 1439
f 1380 1439 1381
f 1381 1439 1440
f 1381 1440 1382
f 1382 1440 1441
f 1382 1441 1383
f 1383 1441 1442
f 1383 1442 1384
f 1384 1442 1443
f 1384 1443 1385
f 1385 1443 1444
f 1385 1444 1386
f 1386 1444 1387
f 1444 48 1387
f 1387 48 47
f 1387 47 1388
f 1388 47 22
f 1388 22 1389
f 1389 22 21
f 1389 21 1390
f 1390 21 62
f 1390 62 1391
f 1391 62 64
f 1391 64 1392
f 1392 64 85
f 1392 85 1393
f 1393 85 84
f 1393 84 1394
f 1394 84 83
f 1394 83 1395
f 1395 83 66
f 1395 66 1396
f 1396 66 65
f 1396 65 1397
f 1397 65 26
f 1397 26 1398
f 1398 26 25
f 1398 25 1399
f 1399 25 6
f 1399 6 1400
f 1400 6 5
f 1400 5 1401
f 1401 5 2
f 1401 2 1402
f 1402 2 1
f 1402 1 1403
f 1403 1 68
f 1403 68 1404
f 1404 68 70
f 1404 70 1405
f 1405 70 71
f 1405 71 1406
f 1406 71 73
f 1406 73 1407
f 1407 73 82
f 1407 82 1408
f 1408 82 81
f 1408 81 1409
f 1409 81 80
f 1409 80 1410
f 1410 80 76
f 1410 76 1411
f 1411 76 79
f 1411 79 1412
f 1412 79 78
f 1412 78 1413
f 1413 78 77
f 1413 77 1414
f 1414 77 29
f 1414 29 1415
f 1415 29 28
f 1415 28 1416
f 1416 28 32
f 1416 32 1417
f 1417 32 34
f 1417 34 1418
f 1418 34 35
f 1418 35 1419
f 1419 35 37
f 1419 37 1420
f 1420 37 50
f 1420 50 1421
f 1421 50 52
f 1421 52 1422
f 1422 52 55
f 1422 55 1423
f 1423 55 54
f 1423 54 1424
f 1424 54 58
f 1424 58 1425
f 1425 58 57
f 1425 57 1426
f 1426 57 56
f 1426 56 1427
f 1427 56 39
f 1427 39 1428
f 1428 39 38
f 1428 38 1429
f 1429 38 16
f 1429 16 1430
f 1430 16 15
f 1430 15 1431
f 1431 15 9
f 1431 9 1432
f 1432 9 8
f 1432 8 1433
f 1433 8 12
f 1433 12 1434
f 1434 12 14
f 1434 14 1435
f 1435 14 43
f 1435 43 1436
f 1436 43 42
f 1436 42 1437
f 1437 42 41
f 1437 41 1438
f 1438 41 20
f 1438 20 1439
f 1439 20 46
f 1439 46 1440
f 1440 46 45
f 1440 45 1441
f 1441 45 61
f 1441 61 1442
f 1442 61 60
f 1442 60 1443
f 1443 60 59
f 1443 59 1444
f 1444 59 48
f 1445 1446 1447
f 1447 1446 1448
f 1447 1448 1449
f 1449 1448 1450
f 1449 1450 1451
f 1451 1450 1452
f 1451 1452 1453
f 1453 1452 1454
f 1453 1454 1455
f 1455 1454 1456
f 1455 1456 1457
f 1457 1456 1458
f 1457 1458 1459
f 1459 1458 1460
f 1459 1460 1461
f 1461 1460 1462
f 1461 1462 1463
f 1463 1462 1464
f 1463 1464 1465
f 1465 1464 1466
f 1465 1466 1467
f 1467 1466 1468
f 1467 1468 1469
f 1469 1468 1470
f 1469 1470 1471
f 1471 1470 1472
f 1471 1472 1473
f 1473 1472 1474
f 1473 1474 1475
f 1475 1474 1476
f 1475 1476 1477
f 1477 1476 1478
f 1477 1478 1479
f 1479 1478 1480
f 1479 1480 1481
f 1481 1480 1482
f 1481 1482 1483
f 1483 1482 1484
f 1483 1484 1485
f 1485 1484 1486
f 1485 1486 1487
f 1487 1486 1488
f 1487 1488 1489
f 1489 1488 1490
f 1489 1490 1491
f 1491 1490 1492
f 1491 1492 1445
f 1445 1492 1446
f 1472 1470 1493
f 1493 1470 1468
f 1493 1468 1466
f 1478 1476 1493
f 1493 1476 1474
f 1493 1474 1472
f 1484 1482 1493
f 1493 1482 1480
f 1493 1480 1478
f 1490 1488 1493
f 1493 1488 1486
f 1493 1486 1484
f 1448 1446 1493
f 1493 1446 1492
f 1493 1492 1490
f 1454 1452 1493
f 1493 1452 1450
f 1493 1450 1448
f 1460 1458 1493
f 1493 1458 1456
f 1493 1456 1454
f 1466 1464 1493
f 1493 1464 1462
f 1493 1462 1460
f 1465 1467 1494
f 1494 1467 1469
f 1494 1469 1471
f 1459 1461 1494
f 1494 1461 1463
f 1494 1463 1465
f 1453 1455 1494
f 1494 1455 1457
f 1494 1457 1459
f 1447 1449 1494
f 1494 1449 1451
f 1494 1451 1453
f 1489 1491 1494
f 1494 1491 1445
f 1494 1445 1447
f 1483 1485 1494
f 1494 1485 1487
f 1494 1487 1489
f 1477 1479 1494
f 1494 1479 1481
f 1494 1481 1483
f 1471 1473 1494
f 1494 1473 1475
f 1494 1475 1477
