v -0.00842372313 0.00842368862 -0.00407215181
v 0.00779350862 -0.00724446514 0.00672892508
v -0.00813356772 0.0086825516 -0.0041181666
v 0.00809534654 -0.00703465679 0.00659398016
v -0.0078317298 0.00889241955 -0.00425311151
v 0.00838812456 -0.00688808897 0.00637916502
v -0.00753895178 0.00903892777 -0.00446792665
v 0.00865193472 -0.00681483486 0.00609926161
v -0.00727502241 0.00911218188 -0.00474783006
v 0.00886889562 -0.00681990125 0.00577334341
v -0.00705806151 0.00910711548 -0.00507374826
v 0.00902422533 -0.00690287092 0.00542358336
v -0.00690285101 0.00902414581 -0.00542350832
v 0.00910719499 -0.00705808142 0.0050738233
v -0.00681988135 0.00886893532 -0.00577338758
v 0.00911220178 -0.00727504232 0.0047477859
v -0.00681487456 0.00865197441 -0.00609930578
v 0.00903888807 -0.00753891208 0.00446788248
v -0.00688806906 0.00838810465 -0.00637920919
v 0.00889237985 -0.0078317497 0.00425318655
v -0.00703469649 0.00809532664 -0.00659390512
v 0.0086825715 -0.00813352802 0.00411812243
v -0.00724450483 0.00779348871 -0.00672896925
v 0.00842376814 -0.00842374304 0.00407210764
v -0.0075033082 0.0075033333 -0.00677498403
v 0.00813349352 -0.0086825464 0.00411812243
v -0.00779346361 0.00724447033 -0.00672896925
v 0.00783177481 -0.00889241436 0.00425318655
v -0.00809530153 0.00703466198 -0.00659390512
v 0.00753887758 -0.00903892258 0.00446788248
v -0.00838807955 0.00688809416 -0.00637920919
v 0.00727506742 -0.00911217668 0.0047477859
v -0.00865200892 0.00681484005 -0.00609930578
v 0.00705810652 -0.00910716989 0.0050738233
v -0.00886896982 0.00681990645 -0.00577338758
v 0.00690289602 -0.00902420023 0.00542358336
v -0.00902418032 0.00690287611 -0.00542350832
v 0.00681992636 -0.00886893013 0.00577334341
v -0.00910714998 0.00705808661 -0.00507374826
v 0.00681480036 -0.00865196922 0.00609926161
v -0.00911215677 0.00727504751 -0.00474783006
v 0.00688811407 -0.00838809946 0.00637916502
v -0.00903896227 0.00753891728 -0.00446792665
v 0.00703462229 -0.00809532144 0.00659398016
v -0.00889233484 0.0078317549 -0.00425311151
v 0.00724443064 -0.00779348352 0.00672892508
v -0.00868252649 0.00813353321 -0.0041181666
v 0.00750335321 -0.00750332811 0.00677505907
v 0.00796350107 -0.00796353557 0.00542358336
v -0.00796345606 0.00796354077 -0.00542350832
v 0.0121672975 -0.00125211218 0.00219110426
v 0.0120392667 -0.000860390452 0.00295428213
v 0.00903733835 -0.00375359991 0.00311414179
v 0.00887485609 -0.00336879232 0.0039176124
v 0.00523789987 -0.0110781763 -0.00206204477
v 0.00590439901 -0.0106609438 -0.00242801729
v 0.00553651914 -0.00856733063 0.00118616995
v 0.00623341665 -0.00811981895 0.000820078223
v 0.00657268629 -0.0101897095 -0.00271721903
v 0.00723477468 -0.00966995695 -0.00292631212
v 0.006920539 -0.00756084659 0.000631846755
v -0.00011912718 -0.0104044054 0.00679317889
v -6.2860395e-05 -0.0108523939 0.00605265078
v 0.00304611788 -0.00811052063 0.00551358637
v 0.00312872991 -0.00856029728 0.00473205027
v 0.0118411408 -0.000529584673 0.00373116907
v 0.0115749465 -0.000263449934 0.00451258597
v 0.00856026277 -0.00312870481 0.00473205027
v 0.0078830348 -0.00910782554 -0.00305279318
v 0.00850983724 -0.00850981214 -0.00309499326
v 0.00756081209 -0.0069205735 0.000631846755
v 0.00486751661 -0.00887924173 0.00171057162
v 0.00394126043 -0.011731622 -0.00111754957
v 0.00458093748 -0.0114364598 -0.00162347379
v 0.00620015726 -0.0014435623 0.0106717723
v 0.00553186998 -0.00191479662 0.0109610933
v 0.00622066126 -0.00374537447 0.00726190981
v 0.00552400217 -0.00425201395 0.00754097876
v 0.0068666564 -0.00102638939 0.0103057998
v 0.00690826044 -0.00336307028 0.00681356367
v 0.00752361879 -0.000668105867 0.00986722883
v 0.00816329584 -0.000372943667 0.00936142382
v 0.00754972563 -0.00312572458 0.00622013983
v 0.00877817736 -0.000144359854 0.0087939876
v 0.0122236835 -0.00170010069 0.00145057616
v 0.00903876886 -0.00426226595 0.00236503062
v 0.0122077094 -0.00219911077 0.000741400092
v 0.0121194945 -0.00274330118 7.18015126e-05
v 0.00887926683 -0.00486749151 0.00171057162
v 0.0119602309 -0.00332629421 -0.00055023256
v 0.00856729612 -0.00553655365 0.00118616995
v 0.00811978445 -0.00623345115 0.000820078223
v 0.0106609689 -0.00590437391 -0.00242801729
v 0.00910779104 -0.0078830097 -0.00305279318
v 0.00966998205 -0.00723474958 -0.00292631212
v 0.0101897346 -0.00657260158 -0.00271721903
v 6.52895912e-05 -0.0112441156 0.00528947291
v 0.00026341543 -0.011574981 0.00451258597
v 0.00336881742 -0.00887489059 0.0039176124
v 0.00486978159 -0.00243454912 0.0111700672
v 0.00422152147 -0.00299674013 0.0112965482
v 0.00485571489 -0.0048557494 0.00763563093
v 0.00811048612 -0.00304615238 0.00551358637
v 0.0099054204 0.000103118631 0.00750235495
v 0.00936122999 1.49633616e-05 0.00817195353
v 0.0112441407 -6.52048856e-05 0.00528947291
v 0.010852419 6.28258914e-05 0.00605265078
v 0.0104044305 0.000119152281 0.00679317889
v 0.0110782014 -0.00523793438 -0.00206204477
v 0.0114364253 -0.00458097198 -0.00162347379
v 0.0117315875 -0.00394123533 -0.00111754957
v 0.00426229105 -0.00903880337 0.00236503062
v 0.00274332628 -0.012119529 7.18015126e-05
v 0.00332625971 -0.0119602058 -0.00055023256
v 0.00375362501 -0.00903731325 0.00311414179
v 0.00170012579 -0.012223718 0.00145057616
v 0.00219913587 -0.0122076843 0.000741400092
v 0.000529609774 -0.0118410561 0.00373116907
v 0.000860415553 -0.0120393012 0.00295428213
v 0.00125213728 -0.012167332 0.00219110426
v -0.000103153135 -0.0099053953 0.00750235495
v 0.00312574968 -0.00754976013 0.00622013983
v -1.49382606e-05 -0.00936120489 0.00817195353
v 0.00359471903 -0.00359475353 0.0113388675
v 0.00299676523 -0.00422149637 0.0112965482
v 0.00425203905 -0.00552397707 0.00754097876
v 0.00014432535 -0.00877821186 0.0087939876
v 0.00336309538 -0.00690829494 0.00681356367
v 0.000372968768 -0.00816327074 0.00936142382
v 0.00374539957 -0.00622069576 0.00726190981
v 0.00102635488 -0.0068666313 0.0103057998
v 0.000668130968 -0.00752359369 0.00986722883
v 0.00243457422 -0.00486981609 0.0111700672
v 0.00191482172 -0.00553190449 0.0109610933
v 0.0014435874 -0.00620013216 0.0106717723
v 0.00343056784 -0.00205391386 0.011802234
v 0.00411065683 -0.0014641259 0.0116695541
v 0.00250908003 0.000209751341 0.0108216184
v 0.00415929422 -0.00142204502 0.0116601365
v 0.00482913122 -0.000896212843 0.0114486593
v 0.00324698553 0.000793996069 0.0105959552
v 0.00490351782 -0.000837800291 0.011425175
v 0.00555451975 -0.000378725317 0.0111433643
v 0.00399228201 0.00132650397 0.0102833885
v 0.00565453634 -0.000308153418 0.0111000913
v 0.0062789546 8.26742381e-05 0.0107571262
v 0.00473686323 0.00180143377 0.00988749441
v 0.00640376673 0.000160815927 0.0106885808
v 0.00699456796 0.000483038637 0.0102942365
v 0.00547250376 0.0022137191 0.0094125646
v 0.00714214907 0.000563504908 0.0101957696
v 0.00769349203 0.000817897531 0.00975970206
v 0.00619133577 0.00255871079 0.00886384424
v 0.0078612195 0.000895323965 0.00962714133
v 0.0083680974 0.00108373425 0.00915936407
v 0.00688525305 0.00283265373 0.0082472938
v 0.00855239496 0.00115221998 0.00898937163
v 0.00901111231 0.00127756855 0.00849989828
v 0.00754662618 0.00303256771 0.00756958899
v 0.00920768843 0.00133127234 0.00829020914
v 0.00961550341 0.00139737389 0.00778833803
v 0.00816842184 0.00315630696 0.00683824
v 0.00981935129 0.00143039486 0.00753752169
v 0.010174595 0.00144177935 0.00703267035
v 0.00874372587 0.00320238135 0.00606123385
v 0.010380231 0.00144839546 0.00674036917
v 0.0106824265 0.0014103677 0.00624088225
v 0.00926622019 0.00317043326 0.00524715361
v 0.010883771 0.00138509533 0.00590804991
v 0.0111332761 0.00130349657 0.00542191443
v 0.00973018274 0.00306076071 0.00440482077
v 0.0113241302 0.00124115011 0.00505021986
v 0.0115224944 0.00112229845 0.00458446917
v 0.0101304875 0.0028745558 0.00354365286
v 0.012361847 -9.29210454e-05 0.00156763968
v 0.0123871194 -0.00029432514 0.00123480734
v 0.0110194312 0.00141716263 9.83851841e-05
v 0.0124251472 -0.000596461084 0.000735320418
v 0.0124185906 -0.000802097109 0.00044301924
v 0.0110513793 0.000894668314 -0.000715695054
v 0.0124071465 -0.0011574004 -6.1832101e-05
v 0.0123741256 -0.00136124828 -0.000312648446
v 0.0110052453 0.000319423887 -0.0014927012
v 0.0123080836 -0.00176906326 -0.000814519555
v 0.0122543202 -0.00196557977 -0.0010242087
v 0.0108816253 -0.000302371767 -0.00222393099
v 0.0121289121 -0.00242435673 -0.00151368204
v 0.0120604859 -0.00260859468 -0.00168367449
v 0.0106817113 -0.00096380451 -0.0029016358
v 0.011872016 -0.00311559179 -0.00215133253
v 0.0117946492 -0.00328325966 -0.00228401247
v 0.0104077683 -0.00165772178 -0.00351830545
v 0.0115402566 -0.00383460262 -0.00271996084
v 0.0114597903 -0.00398218372 -0.00281854692
v 0.0100627767 -0.00237643459 -0.00406702581
v 0.0111375676 -0.00457298496 -0.00321289125
v 0.0110594855 -0.00469779709 -0.00328143659
v 0.00965043173 -0.00311213472 -0.00454195562
v 0.0106685983 -0.00532215574 -0.00362440172
v 0.0105980264 -0.00542223194 -0.00366767469
v 0.00917550192 -0.00385671594 -0.00493784967
v 0.0101389514 -0.00607323387 -0.00394948545
v 0.0100805388 -0.00614762047 -0.00397296968
v 0.00864299402 -0.00460207203 -0.00525041643
v 0.00955470667 -0.00681751707 -0.00418444696
v 0.00951262579 -0.00686603525 -0.0041938645
v 0.00805874929 -0.00533997753 -0.00547607961
v 0.00892277822 -0.00754618385 -0.00432654443
v 0.00890048609 -0.00756960848 -0.00432809416
v 0.00742932424 -0.00606238582 -0.00561245504
v 0.00754614935 -0.00892281273 -0.00432654443
v 0.00686606035 -0.00951260069 -0.0041938645
v 0.00533994303 -0.0080587838 -0.00547607961
v 0.00681754217 -0.00955474117 -0.00418444696
v 0.00614758596 -0.0100805137 -0.00397296968
v 0.00460203752 -0.00864296892 -0.00525041643
v 0.00607319937 -0.0101389263 -0.00394948545
v 0.00542219744 -0.0105980013 -0.00366767469
v 0.00385674105 -0.00917547682 -0.00493784967
v 0.00532218084 -0.0106686328 -0.00362440172
v 0.00469776258 -0.0110594604 -0.00328143659
v 0.00311215982 -0.00965046623 -0.00454195562
v 0.00457295046 -0.0111375425 -0.00321289125
v 0.00398214922 -0.0114597652 -0.00281854692
v 0.00237640009 -0.010062692 -0.00406702581
v 0.00383456812 -0.0115402911 -0.00271996084
v 0.00328322515 -0.0117946837 -0.00228401247
v 0.00165768728 -0.0104076836 -0.00351830545
v 0.00311561689 -0.0118720506 -0.00215133253
v 0.00260861978 -0.0120604608 -0.00168367449
v 0.000963770007 -0.0106816862 -0.0029016358
v 0.00242432222 -0.0121289466 -0.00151368204
v 0.00196560488 -0.0122542951 -0.0010242087
v 0.000302396868 -0.0108816002 -0.00222393099
v 0.00176902876 -0.0123079989 -0.000814519555
v 0.00136121378 -0.0123741005 -0.000312648446
v -0.000319398786 -0.0110052798 -0.0014927012
v 0.00115736589 -0.0124071214 -6.1832101e-05
v 0.00080212221 -0.0124185655 0.00044301924
v -0.000894702818 -0.0110514138 -0.000715695054
v 0.000596486185 -0.012425122 0.000735320418
v 0.000294290636 -0.0123871539 0.00123480734
v -0.00141719713 -0.0110194657 9.83851841e-05
v 9.29461464e-05 -0.0123618219 0.00156763968
v -0.000156558897 -0.0122802232 0.00205377516
v -0.00188115969 -0.0109097932 0.000940718024
v -0.000347412969 -0.0122178767 0.00242546973
v -0.000545658018 -0.012099025 0.00289122042
v -0.00228146448 -0.0107235287 0.00180200514
v -0.00138501063 -0.0108838055 0.00590804991
v -0.0014104022 -0.0106824014 0.00624088225
v -0.00317040816 -0.00926619509 0.00524715361
v -0.00144842997 -0.0103802655 0.00674036917
v -0.00144175425 -0.0101746295 0.00703267035
v -0.00320235624 -0.00874370077 0.00606123385
v -0.00143042936 -0.00981932619 0.00753752169
v -0.00139740839 -0.0096154783 0.00778833803
v -0.00315634146 -0.00816845634 0.00683824
v -0.00133124724 -0.00920766332 0.00829020914
v -0.00127760306 -0.00901114681 0.00849989828
v -0.00303260222 -0.00754666069 0.00756958899
v -0.00115219488 -0.00855236986 0.00898937163
v -0.00108376875 -0.0083681319 0.00915936407
v -0.00283268824 -0.00688516834 0.0082472938
v -0.000895298864 -0.0078611944 0.00962714133
v -0.000817932035 -0.00769346693 0.00975970206
v -0.00255874529 -0.00619131067 0.00886384424
v -0.000563539411 -0.00714212396 0.0101957696
v -0.000483073141 -0.00699454286 0.0102942365
v -0.00221375361 -0.00547253826 0.0094125646
v -0.000160850431 -0.00640374162 0.0106885808
v -8.26491371e-05 -0.0062789295 0.0107571262
v -0.00180140867 -0.00473689773 0.00988749441
v 0.000308118914 -0.00565457084 0.0111000913
v 0.000378690813 -0.00555449465 0.0111433643
v -0.00132647886 -0.00399225691 0.0102833885
v 0.000837765788 -0.00490349272 0.011425175
v 0.000896178339 -0.00482910612 0.0114486593
v -0.000793970968 -0.00324696043 0.0105959552
v 0.00142201052 -0.00415926912 0.0116601365
v 0.00146409139 -0.00411069134 0.0116695541
v -0.00020972624 -0.00250899532 0.0108216184
v 0.00205393896 -0.00343060234 0.011802234
v 0.0020762311 -0.00340711811 0.0118037837
v 0.000419698809 -0.00178664663 0.0109579938
v 0.00347002611 0.00318300984 -0.00894614282
v 0.00180145368 0.00473684332 -0.00988753858
v 0.00221367941 0.00547254345 -0.00941260877
v -0.00818280115 0.00152981541 0.00573650774
v -0.00965050593 0.00311213991 0.00454203066
v -0.0100627316 0.00237643978 0.00406710085
v -0.00754610434 0.00892281792 0.00432650027
v -0.00756958857 0.00890046618 0.0043281692
v -0.00606242552 0.00742930433 0.00561241087
v 0.00124117002 0.0113241102 -0.00505026403
v 0.00112231836 0.0115224149 -0.00458451334
v 0.00287457571 0.0101304676 -0.00354357782
v -0.000837839986 0.00490349791 -0.0114252192
v -0.000378765012 0.00555449984 -0.0111434084
v 0.00132652387 0.0039922621 -0.0102834326
v -0.00142196551 0.00415921471 -0.0116601807
v -0.000896252538 0.00482911131 -0.0114487034
v 0.000794015978 0.00324696562 -0.0105958802
v -0.00205389395 0.00343060753 -0.0118022782
v -0.00146416559 0.00411069653 -0.0116695983
v 0.00020977125 0.00250900051 -0.0108216626
v -0.00343052282 0.00205391905 -0.0118022782
v -0.0034071578 0.00207627079 -0.0118038279
v -0.00178662672 0.000419738504 -0.010958038
v -0.0122179164 -0.000347373274 -0.00242551389
v -0.0120990647 -0.000545677927 -0.00289114538
v -0.0107235087 -0.00228148439 -0.0018019301
v -0.0101389064 0.00607323906 0.00394944128
v -0.0105979814 0.00542223713 0.00366763052
v -0.00917545691 0.00385672114 0.0049378055
v -0.00955466166 0.00681752226 0.00418440279
v -0.0100804938 0.00614762566 0.00397292551
v -0.00864294901 0.00460207722 0.00525037226
v -0.00892285242 0.00754612944 0.00432650027
v -0.00951258078 0.00686604044 0.00419393954
v -0.00805882349 0.00533998272 0.00547603545
v -0.0106685533 0.00532216093 0.00362435755
v -0.0110594405 0.00469780228 0.00328151163
v -0.0111375226 0.00457299015 0.00321296629
v -0.0114597453 0.00398218891 0.00281850275
v -0.0115402116 0.00383460781 0.00272003588
v -0.0117946042 0.00328326485 0.0022839683
v -0.0104077233 0.00165772698 0.00351826128
v -0.0118720902 0.00311553738 0.00215140757
v -0.0120604409 0.00260859987 0.00168374953
v -0.0106816663 0.000963809702 0.00290171084
v -0.0121289863 0.00242436192 0.00151375708
v -0.0122542752 0.00196558497 0.00102416453
v -0.0108815803 0.000302376959 0.00222400603
v -0.0123080386 0.00176906845 0.000814475386
v -0.0123740806 0.00136125347 0.000312723487
v -0.0110053195 -0.000319418696 0.00149265703
v -0.0124071015 0.00115740559 6.19071415e-05
v -0.0124185456 0.000802102301 -0.000443063409
v -0.0110514535 -0.000894663122 0.000715650885
v -0.0124251021 0.000596466276 -0.000735364587
v -0.0123870744 0.000294330332 -0.0012347323
v -0.0110195054 -0.00141715744 -9.84293529e-05
v -0.012361802 9.2926237e-05 -0.00156768385
v -0.0122802629 -0.000156578806 -0.00205381933
v -0.0109098329 -0.00188111999 -0.000940642984
v -0.0118455066 -0.000868794706 -0.00373788896
v -0.0116960181 -0.00101834276 -0.00417705599
v -0.0101304425 -0.00287455061 -0.00354357782
v -0.0115224494 -0.00112229326 -0.00458451334
v -0.0113240851 -0.00124114492 -0.00505026403
v -0.00973013773 -0.00306075552 -0.00440486494
v -0.0111333503 -0.00130349138 -0.0054219586
v -0.0108838452 -0.00138509014 -0.00590797487
v -0.00926617518 -0.00317042806 -0.00524719778
v -0.0106823815 -0.00141042211 -0.00624092642
v -0.0103803052 -0.00144839027 -0.00674041334
v -0.00874368086 -0.00320243576 -0.00606127802
v -0.0101746692 -0.00144177416 -0.00703259531
v -0.00981930628 -0.00143038967 -0.00753756586
v -0.00816837683 -0.00315630176 -0.00683828417
v -0.00961545839 -0.0013973687 -0.0077883822
v -0.00920764342 -0.00133126715 -0.0082901341
v -0.00754670038 -0.00303256252 -0.00756951395
v -0.00901118651 -0.00127756336 -0.00849994245
v -0.00855234995 -0.00115221479 -0.0089894158
v -0.00688520804 -0.00283264854 -0.00824721876
v -0.0083681716 -0.00108372906 -0.00915940824
v -0.00786117449 -0.000895318773 -0.00962706629
v -0.00619129076 -0.0025587056 -0.00886388841
v -0.00769344702 -0.00081789234 -0.00975974622
v -0.00714210406 -0.000563559321 -0.0101956946
v -0.00547257795 -0.00221371391 -0.00941260877
v -0.00699452295 -0.000483033445 -0.0102942807
v -0.00640372172 -0.000160810736 -0.010688625
v -0.00473681822 -0.00180142858 -0.00988753858
v -0.00627890959 -8.27286511e-05 -0.0107571704
v -0.00565461054 0.000308158609 -0.0111000163
v -0.003992237 -0.00132649877 -0.0102834326
v -0.00555447474 0.000378730509 -0.0111434084
v -0.00490347281 0.000837805483 -0.0114252192
v -0.00324694052 -0.000793990877 -0.0105958802
v -0.00482908621 0.000896218035 -0.0114487034
v -0.00415924921 0.00142205021 -0.0116601807
v -0.00250903502 -0.000209746149 -0.0108216626
v -0.00411073103 0.00146413109 -0.0116695983
v -0.000308073904 0.00565457604 -0.0111000163
v 8.26941475e-05 0.00627893469 -0.0107571704
v 0.000160776232 0.00640374682 -0.010688625
v 0.000482998942 0.00699454806 -0.0102942807
v 0.000563584422 0.00714212916 -0.0101956946
v 0.000817977045 0.00769347212 -0.00975974622
v 0.00255867109 0.00619131586 -0.00886388841
v 0.000895343874 0.00786119959 -0.00962706629
v 0.00108369455 0.00836813709 -0.00915940824
v 0.00283261404 0.00688517353 -0.00824721876
v 0.00115223989 0.00855237505 -0.0089894158
v 0.00127752886 0.009011152 -0.00849994245
v 0.00303252802 0.00754666588 -0.00756951395
v 0.00133129225 0.00920766852 -0.0082901341
v 0.00139733419 0.0096154835 -0.0077883822
v 0.00315626726 0.00816840193 -0.00683828417
v 0.00143035517 0.00981933138 -0.00753756586
v 0.00144179926 0.0101746347 -0.00703259531
v 0.00320240126 0.00874370596 -0.00606127802
v 0.00144835577 0.0103802707 -0.00674041334
v 0.00141044721 0.0106824066 -0.00624092642
v 0.00317045317 0.00926620028 -0.00524719778
v 0.00138505564 0.0108838107 -0.00590797487
v 0.00130351648 0.0111333158 -0.0054219586
v 0.00306078062 0.00973016283 -0.00440486494
v 0.000868760203 0.0118455317 -0.00373788896
v 0.000719271754 0.0119950797 -0.00329872194
v 0.00228150949 0.0107235338 -0.0018019301
v 0.000545703028 0.0120990302 -0.00289114538
v 0.00034733877 0.0122178819 -0.00242551389
v 0.00188108549 0.0109097984 -0.000940642984
v 0.000156603907 0.0122802283 -0.00205381933
v -9.2901136e-05 0.0123618271 -0.00156768385
v 0.00141712293 0.0110194709 -9.84293529e-05
v -0.000294364835 0.0123871591 -0.0012347323
v -0.000596441175 0.0124251272 -0.000735364587
v 0.000894747828 0.011051419 0.000715650885
v -0.0008020772 0.0124185111 -0.000443063409
v -0.00115744009 0.0124071266 6.19071415e-05
v 0.000319443797 0.011005285 0.00149265703
v -0.00136128798 0.0123741057 0.000312723487
v -0.00176910296 0.0123080041 0.000814475386
v -0.000302351858 0.0108816054 0.00222400603
v -0.00196555987 0.0122543003 0.00102416453
v -0.00242439642 0.0121289518 0.00151375708
v -0.000963844205 0.0106816914 0.00290171084
v -0.00260857477 0.012060466 0.00168374953
v -0.00311557188 0.0118720557 0.00215140757
v -0.00165776148 0.0104076888 0.00351826128
v -0.00328329935 0.0117946293 0.0022839683
v -0.00383464232 0.0115402963 0.00272003588
v -0.00237647429 0.0100626971 0.00406710085
v -0.00398222342 0.0114597704 0.00281850275
v -0.00457302466 0.0111375477 0.00321296629
v -0.00311211481 0.00965047142 0.00454203066
v -0.00469783678 0.0110594656 0.00328151163
v -0.00532213583 0.0106685784 0.00362435755
v -0.00385669603 0.00917548201 0.0049378055
v -0.00542227163 0.0105980065 0.00366763052
v -0.00607327356 0.0101389315 0.00394944128
v -0.00460211172 0.00864297411 0.00525037226
v -0.00614766016 0.0100805189 0.00397292551
v -0.00681749716 0.00955468676 0.00418440279
v -0.00534001722 0.00805878899 0.00547603545
v -0.00686601534 0.00951260588 0.00419393954
v -0.00769952669 0.00228745005 0.00613931593
v -0.00617483988 0.000716212007 0.00727573809
v 0.00298663244 0.0024253752 -0.00934895101
v 0.00460334883 0.000855269644 -0.00834604326
v -0.00715760126 0.00304585955 0.00645724711
v -0.0056283845 0.00148117802 0.00759641108
v -0.00405684843 -9.03580457e-05 0.00866679129
v 0.00244482622 0.0016669657 -0.00966688219
v 0.00405689344 9.03632373e-05 -0.00866671625
v 0.00562842951 -0.00148117283 -0.00759645525
v -0.00656322374 0.00379669926 0.00668696341
v -0.00502876177 0.00223845503 0.00782803473
v -0.00345734491 0.000666978571 0.00889841494
v -0.00185040369 -0.000916120794 0.00989655432
v 0.00185032949 0.000916125986 -0.00989659849
v 0.00345727072 -0.000666973379 -0.0088983399
v 0.00502880678 -0.00223844984 -0.0078280789
v 0.00656314955 -0.00379669407 -0.00668688837
v -0.00890044108 0.00756961367 0.0043281692
v -0.00742927923 0.00606239102 0.00561241087
v -0.00592259302 0.00453180334 0.00682572302
v -0.00438276663 0.00297987721 0.00796810564
v -0.00281123057 0.00140840075 0.00903836664
v -0.00120977297 -0.00018101671 0.0100353139
v -0.0020763053 0.0034071233 -0.0118038279
v -0.000419773008 0.00178659222 -0.010958038
v 0.00120981798 0.000181021902 -0.0100353581
v 0.00281127558 -0.00140839556 -0.00903841081
v 0.00438269243 -0.00297987202 -0.00796814981
v 0.00592263803 -0.00453179815 -0.00682576719
v -0.00456181898 -0.00867122152 0.00249091563
v -0.0028745307 -0.0101304624 0.00354365286
v -0.00306073561 -0.00973015764 0.00440482077
v 0.00927468405 0.00395840666 0.000718750327
v 0.0107235538 0.00228148958 0.00180200514
v 0.0109097587 0.00188112518 0.000940718024
v -0.00825063124 0.00825071594 0.00437406477
v -0.00676134958 0.00676137469 0.00565806803
v -0.00524298086 0.00524300596 0.00687209544
v -0.00369731321 0.00369727871 0.00801495489
v -0.00212577715 0.00212574265 0.0090852159
v -0.00053016081 0.000530245516 0.0100818056
v 0.00108762846 -0.00108766296 0.011003651
v 0.00272604093 -0.00272607544 0.0118497985
v -0.00860229864 0.00078118107 0.00525323328
v -0.00666240587 -4.79791432e-05 0.00686947283
v -0.00460342302 -0.000855324057 0.00834599909
v -0.00244478121 -0.0016669605 0.00966695723
v -0.00895325079 4.98916835e-05 0.00469473776
v -0.00708547964 -0.000803050783 0.00638202605
v -0.00509086981 -0.0016194556 0.00793973383
v -0.00298670664 -0.00242537 0.00934890684
v -0.00923208132 -0.000656184939 0.00406733927
v -0.00743953123 -0.00154065826 0.00581876215
v -0.00551394358 -0.00237452724 0.00745228705
v -0.0034699811 -0.00318300464 0.00894609865
v -0.00943545237 -0.00132924059 0.00337783274
v -0.00772074595 -0.00225281456 0.00518599924
v -0.00586799517 -0.00311219433 0.00688902315
v -0.00388947859 -0.00393157938 0.00846282419
v -0.00956133738 -0.00196194389 0.00263360915
v -0.00792590513 -0.00293171146 0.00449041304
v -0.00614920988 -0.00382435062 0.00625626025
v -0.00424043074 -0.00466292837 0.00790444788
v -0.00960830584 -0.00254732111 0.00184301314
v -0.00805286303 -0.00356983879 0.00373987135
v -0.00635436907 -0.00450318792 0.00556079325
v -0.00451926127 -0.00536900499 0.00727704939
v -0.0095757617 -0.00307893493 0.00101474699
v -0.00810018912 -0.0041602228 0.00294248041
v -0.00648132696 -0.00514131525 0.00481013235
v -0.00472263231 -0.00604206064 0.00658742365
v -0.00946418181 -0.00355100372 0.000157632201
v -0.00806740656 -0.00469648578 0.0021069425
v -0.00652865305 -0.00573175886 0.00401274142
v -0.00484851732 -0.00667476394 0.00584331927
v -0.00927463904 -0.00395840147 -0.000718794496
v -0.00795475378 -0.00517260769 0.00124255595
v -0.0064958705 -0.00626796224 0.00317720351
v -0.00489548578 -0.00726014116 0.00505272326
v -0.00776366129 -0.00558352211 0.000358619063
v -0.00638333693 -0.00674414375 0.00231281695
v -0.00486294165 -0.00779175499 0.0042243379
v -0.00619212523 -0.00715499857 0.00142888006
v -0.00475136175 -0.00826382377 0.00336734232
v -0.00130347147 -0.0111333106 0.00542191443
v -0.000719226743 -0.0119950745 0.00329867777
v -0.000868834402 -0.0118455265 0.00373784479
v -0.00261381998 -0.0104628179 0.002672829
v -0.00429657831 -0.00900935867 0.00160483298
v -0.00592461958 -0.00749611595 0.000535168021
v -0.00749603644 -0.00592457989 -0.000535092981
v -0.00900939837 -0.00429659822 -0.00160487714
v -0.010462798 -0.00261383989 -0.00267275396
v -0.0119951142 -0.000719246653 -0.00329872194
v -0.00101832285 -0.0116959784 0.00417701182
v -0.00112227335 -0.0115224693 0.00458446917
v -0.00124112501 -0.0113241051 0.00505021986
v -0.00395838156 -0.00927465895 0.000718750327
v -0.00558344259 -0.0077636812 -0.000358544023
v -0.00715497866 -0.00619214514 -0.00142880502
v -0.00867120161 -0.00456183889 -0.00249095979
v -0.00355104342 -0.00946414211 -0.00015767637
v -0.00517264738 -0.00795477369 -0.0012424809
v -0.00674406424 -0.00638329723 -0.00231274191
v -0.00826386347 -0.00475138166 -0.00336726728
v -0.00307897463 -0.00957578161 -0.00101467195
v -0.00469640627 -0.00806736687 -0.00210698667
v -0.00626794233 -0.00649589041 -0.00317724767
v -0.00779179468 -0.00486296156 -0.00422438207
v -0.0025473012 -0.00960832575 -0.00184305731
v -0.00416020289 -0.00810014942 -0.00294252458
v -0.00573173895 -0.00652867296 -0.00401278558
v -0.00726012125 -0.00489550569 -0.00505276743
v -0.00196198359 -0.00956135729 -0.00263365331
v -0.00356987848 -0.00805282333 -0.00373991552
v -0.00514129534 -0.00648134687 -0.00481017652
v -0.00667480364 -0.00484853723 -0.00584336343
v -0.00132922068 -0.00943547228 -0.0033777577
v -0.00293163195 -0.00792586544 -0.00449045721
v -0.00450316801 -0.00635438898 -0.00556071821
v -0.00604204073 -0.00472271183 -0.00658746782
v -0.000656165029 -0.00923204162 -0.00406738344
v -0.00225285425 -0.00772070625 -0.0051859242
v -0.00382427111 -0.00614917019 -0.00625630441
v -0.00536898508 -0.00451928118 -0.00727709356
v 4.99115929e-05 -0.0089532707 -0.00469478193
v -0.00154069796 -0.00743949154 -0.00581880632
v -0.00311223402 -0.00586801508 -0.00688906732
v -0.00466290846 -0.00424051025 -0.00790449205
v 0.000781260584 -0.00860225895 -0.00525315824
v -0.000803030874 -0.00708543995 -0.00638207021
v -0.00237456694 -0.00551396349 -0.00745233122
v -0.00393155947 -0.00388943889 -0.00846286836
v 0.00152977571 -0.00818276146 -0.0057364327
v -4.79592338e-05 -0.00666236618 -0.00686939779
v -0.0016194953 -0.00509088972 -0.00793965879
v -0.00318304434 -0.00347000101 -0.00894614282
v 0.00228746996 -0.007699487 -0.00613924089
v 0.000716172312 -0.00617491939 -0.00727578226
v -0.000855244543 -0.00460338333 -0.00834604326
v -0.0024253501 -0.00298666694 -0.00934895101
v 0.00304587946 -0.00715762117 -0.00645729128
v 0.00148113832 -0.0056283448 -0.00759645525
v -9.03977409e-05 -0.00405686834 -0.00866671625
v -0.0016669406 -0.00244480112 -0.00966688219
v 0.00379665956 -0.00656318405 -0.00668688837
v 0.00223847494 -0.00502878168 -0.0078280789
v 0.000666938876 -0.00345730522 -0.0088983399
v -0.00091604128 -0.001850364 -0.00989659849
v 0.00756963358 -0.00890046099 -0.00432809416
v 0.00606235132 -0.00742929914 -0.00561245504
v 0.00453182325 -0.00592261293 -0.00682576719
v 0.00297983751 -0.00438272693 -0.00796814981
v 0.00140842066 -0.00281125048 -0.00903841081
v -0.000180996801 -0.00120985248 -0.0100353581
v -0.00272599592 0.00272602102 -0.0118498427
v -0.00108758345 0.00108760855 -0.0110036952
v 0.00053020582 -0.000530240324 -0.0100818497
v 0.00212570295 -0.00212573746 -0.00908526006
v 0.00369723902 -0.00369727352 -0.00801487985
v 0.00524302587 -0.00524300077 -0.0068721396
v 0.00676139459 -0.00676136949 -0.0056581122
v 0.00825067625 -0.00825071075 -0.00437410894
v 0.00388940439 0.00393158457 -0.00846286836
v 0.00509091482 0.00161946079 -0.00793965879
v 0.00617488489 -0.000716206816 -0.00727578226
v 0.00715764627 -0.00304585436 -0.00645729128
v 0.00424047575 0.00466293356 -0.00790449205
v 0.00551398859 0.00237453243 -0.00745233122
v 0.00666233167 4.79843348e-05 -0.00686939779
v 0.00769945249 -0.00228744486 -0.00613924089
v 0.00451930628 0.00536901018 -0.00727709356
v 0.00586804018 0.00311219952 -0.00688906732
v 0.00708540544 0.000803055975 -0.00638207021
v 0.00818272695 -0.00152981022 -0.0057364327
v 0.00472267732 0.00604206583 -0.00658746782
v 0.00614913568 0.00382435581 -0.00625630441
v 0.00743957624 0.00154066345 -0.00581880632
v 0.00860222444 -0.000781175879 -0.00525315824
v 0.00484856233 0.00667476914 -0.00584336343
v 0.00635441408 0.00450319311 -0.00556071821
v 0.00772067175 0.00225281975 -0.0051859242
v 0.0089532958 -4.98864919e-05 -0.00469478193
v 0.00489553079 0.00726008675 -0.00505276743
v 0.00648137197 0.00514132044 -0.00481017652
v 0.00792583093 0.00293171665 -0.00449045721
v 0.00923200712 0.00065619013 -0.00406738344
v 0.00486298666 0.00779176018 -0.00422438207
v 0.00652869806 0.00573176405 -0.00401278558
v 0.00805278883 0.00356984398 -0.00373991552
v 0.00943549738 0.00132924578 -0.0033777577
v 0.00475140676 0.00826382897 -0.00336726728
v 0.00649591551 0.00626796744 -0.00317724767
v 0.00810011492 0.00416022799 -0.00294252458
v 0.00956138239 0.00196194908 -0.00263365331
v 0.00456186399 0.00867122671 -0.00249095979
v 0.00638326273 0.00674414894 -0.00231274191
v 0.00806733236 0.00469643137 -0.00210698667
v 0.00960835085 0.0025473263 -0.00184305731
v 0.00619217024 0.00715500376 -0.00142880502
v 0.00795479879 0.00517261288 -0.0012424809
v 0.00957580671 0.00307894013 -0.00101467195
v 0.0077637063 0.0055834677 -0.000358544023
v 0.00946410761 0.00355100891 -0.00015767637
v 0.0122801887 0.000156583998 0.00205377516
v 0.0116959439 0.00101834795 0.00417701182
v 0.0118455516 0.000868799898 0.00373784479
v 0.010462843 0.00261384508 0.002672829
v 0.00900944338 0.00429660341 0.00160483298
v 0.00749608145 0.00592458508 0.000535168021
v 0.00592454538 0.00749612114 -0.000535092981
v 0.00429662332 0.00900936386 -0.00160487714
v 0.00261386499 0.0104628231 -0.00267275396
v 0.00101836786 0.0116959836 -0.00417705599
v 0.01199504 0.000719251844 0.00329867777
v 0.0120991097 0.000545683119 0.00289122042
v 0.0122178422 0.000347378466 0.00242546973
v 0.00867124662 0.00456184408 0.00249091563
v 0.00715502367 0.00619215033 0.00142888006
v 0.0055834876 0.00776368639 0.000358619063
v 0.00395842657 0.00927466414 -0.000718794496
v 0.00826378927 0.00475138685 0.00336734232
v 0.00674410925 0.00638330242 0.00231281695
v 0.00517257318 0.00795477888 0.00124255595
v 0.00355108843 0.0094641473 0.000157632201
v 0.00779172048 0.00486296675 0.0042243379
v 0.00626798735 0.0064958956 0.00317720351
v 0.00469645128 0.00806737206 0.0021069425
v 0.00307890043 0.0095757868 0.00101474699
v 0.00726016626 0.00489551089 0.00505272326
v 0.00573178396 0.00652867815 0.00401274142
v 0.0041602479 0.00810015461 0.00294248041
v 0.00254734621 0.00960833094 0.00184301314
v 0.00667472944 0.00484854243 0.00584331927
v 0.00514134035 0.00648135206 0.00481013235
v 0.00356980429 0.00805282852 0.00373987135
v 0.00196190939 0.00956136248 0.00263360915
v 0.00604208574 0.00472265742 0.00658742365
v 0.00450321302 0.00635439417 0.00556079325
v 0.00293167696 0.00792587063 0.00449041304
v 0.00132926569 0.00943547747 0.00337783274
v 0.00536903009 0.00451922676 0.00727704939
v 0.00382431612 0.00614917538 0.00625626025
v 0.00225278005 0.00772071144 0.00518599924
v 0.00065621004 0.00923204682 0.00406733927
v 0.00466295347 0.00424051544 0.00790444788
v 0.00311215982 0.00586802027 0.00688902315
v 0.00154062376 0.00743949673 0.00581876215
v -4.98665825e-05 0.00895327589 0.00469473776
v 0.00393160448 0.00388944409 0.00846282419
v 0.00237449274 0.00551396868 0.00745228705
v 0.000803075884 0.00708544514 0.00638202605
v -0.000781215574 0.00860226414 0.00525323328
v 0.00318297014 0.0034699466 0.00894609865
v 0.00161954031 0.00509083531 0.00793973383
v 4.80042442e-05 0.00666237137 0.00686947283
v -0.00152984991 0.00818276665 0.00573650774
v 0.00242539511 0.00298667214 0.00934890684
v 0.000855289553 0.00460338852 0.00834599909
v -0.000716246511 0.00617486498 0.00727573809
v -0.00228742495 0.00769949219 0.00613931593
v 0.00166698561 0.00244480631 0.00966695723
v 9.0323542e-05 0.00405687353 0.00866679129
v -0.00148109331 0.00562834999 0.00759641108
v -0.00304583445 0.00715762636 0.00645724711
v 0.000916086291 0.00185036919 0.00989655432
v -0.000667013074 0.00345731041 0.00889841494
v -0.00223842993 0.00502878687 0.00782803473
v -0.00379673376 0.00656318924 0.00668696341
v 0.00340708361 -0.0020762656 0.0118037837
v 0.00178667173 -0.000419733313 0.0109579938
v 0.000181041811 0.00120985768 0.0100353139
v -0.00140837565 0.00281125567 0.00903836664
v -0.00297991171 0.00438273213 0.00796810564
v -0.00453177824 0.00592261812 0.00682572302
v -0.00897590056 0.00354421398 -0.00351174894
v -0.00873569384 0.00322962067 -0.00432618681
v -0.0118410958 0.00052953026 -0.00373121324
v -0.00877825155 0.000144365045 -0.00879403177
v -0.00936118498 -1.495817e-05 -0.0081719977
v -0.00723699465 0.00322526953 -0.00653322759
v -0.00784222021 0.0030657675 -0.00587876859
v -0.00191477671 0.00553190968 -0.0109610182
v -0.00243452921 0.00486976168 -0.0111701113
v -0.00398472681 0.00587111971 -0.00742372099
v -0.00454369917 0.00518399737 -0.00761195245
v -0.0119601859 0.0033262994 0.000550307601
v -0.0117316617 0.00394124052 0.00111762461
v -0.00897876158 0.00455475113 -0.00202365938
v -0.00874153509 0.00519621632 -0.00143023554
v -0.00835100546 0.00306725762 -0.00512965742
v -0.0112440957 6.52100772e-05 -0.00528951708
v -0.0115750207 0.000263455126 -0.00451263014
v -0.00990537539 -0.00010311344 -0.00750239912
v -0.0104043855 -0.000119147089 -0.00679310384
v -0.010852374 -6.28206998e-05 -0.00605257574
v -0.00299672022 0.00422150156 -0.0112965924
v -0.00359467402 0.00359469912 -0.0113387925
v -0.00518397226 0.00454366467 -0.00761195245
v -0.00144354239 0.00620013735 -0.0106718165
v -0.00353721514 0.00656795761 -0.00705762926
v -0.00102642908 0.00686663649 -0.010305844
v -0.00905839338 0.00399399063 -0.00273021284
v -0.0122076644 0.00219911596 -0.000741444261
v -0.0121194495 0.00274330637 -7.18456813e-05
v -0.0120393409 0.000860395643 -0.0029543263
v -0.0121673717 0.00125211737 -0.00219114843
v -0.0122236384 0.00170010588 -0.00145062032
v -0.00656799212 0.00353718064 -0.00705762926
v -0.00587109461 0.00398469231 -0.00742372099
v -0.00620011225 0.00144356749 -0.0106718165
v -0.00422147646 0.00299674532 -0.0112965924
v -0.00486973658 0.00243455431 -0.0111701113
v -0.00553194418 0.00191480181 -0.0109610182
v -0.00322524443 0.00723707936 -0.00653322759
v -0.0030657424 0.00784224531 -0.00587876859
v 1.4983271e-05 0.00936121008 -0.0081719977
v -0.00686661139 0.00102639458 -0.010305844
v -0.00752357378 0.000668111059 -0.009867273
v -0.00816325083 0.000372948858 -0.00936134878
v -0.000144399549 0.00877821705 -0.00879403177
v -0.000372923757 0.00816327593 -0.00936134878
v -0.000668085958 0.00752359888 -0.009867273
v -0.00306729212 0.00835097096 -0.00512965742
v 0.00011917219 0.0104044106 -0.00679310384
v 0.000103078936 0.00990540049 -0.00750239912
v -0.00588385 0.0083591964 -0.000981889398
v -0.0065806283 0.00785249731 -0.000702820451
v -0.00657264128 0.0101897146 0.00271729407
v -0.00910786524 0.00788301489 0.00305274901
v -0.00724879637 0.00724882147 -0.000608168275
v -0.00785247221 0.0065805938 -0.000702820451
v -0.0083592309 0.0058838751 -0.000981889398
v -0.0101896895 0.00657260678 0.00271729407
v -0.00966993704 0.00723475477 0.00292626795
v -0.0114364995 0.00458097717 0.00162342963
v -0.0110781564 0.00523787996 0.0020620006
v -0.0106609239 0.0059043791 0.00242797312
v -0.00322965517 0.00873577854 -0.00432618681
v -6.52445808e-05 0.0112441208 -0.00528951708
v 6.27861962e-05 0.0108523991 -0.00605257574
v -0.00354424849 0.00897586605 -0.00351174894
v -0.000529564764 0.0118410613 -0.00373121324
v -0.000263489629 0.0115749862 -0.00451263014
v -0.00399402514 0.00905835888 -0.00273021284
v -0.00125209227 0.0121673372 -0.00219114843
v -0.000860370542 0.0120393064 -0.0029543263
v -0.00455478563 0.00897884628 -0.00202365938
v -0.00219909086 0.0122076895 -0.000741444261
v -0.00170008078 0.0122236635 -0.00145062032
v -0.00458101168 0.011436465 0.00162342963
v -0.00519625082 0.00874150059 -0.00143023554
v -0.00523785486 0.0110781815 0.0020620006
v -0.005904354 0.010660949 0.00242797312
v -0.00850979223 0.00850981734 0.0030950683
v -0.00788298979 0.00910783074 0.00305274901
v -0.00723472967 0.00966996214 0.00292626795
v -0.00394121542 0.0117316272 0.00111762461
v -0.00332633391 0.011960211 0.000550307601
v -0.00274328127 0.0121194746 -7.18456813e-05
v -0.00406340494 0.00406337044 0.00156132159
v -0.00339511767 0.00466710589 0.0014665502
v -0.00269845858 0.00517380497 0.00118760046
v -0.0020108594 0.00555610916 0.000739254325
v -0.00136939421 0.00579339525 0.000145830481
v -0.00080863371 0.00587296745 -0.000560722978
v -0.000358857061 0.00579047463 -0.00134225908
v -4.42637459e-05 0.00555032751 -0.00215681616
v 0.000118218516 0.00516557953 -0.00296028677
v 0.000119649027 0.00465685389 -0.00370939794
v -3.98530021e-05 0.00405162832 -0.00436373773
v -0.000351823713 0.00338256619 -0.0048881394
v -0.000799335386 0.00268566868 -0.00525435034
v -0.00135830774 0.00199860594 -0.00544246259
v -0.00199858084 0.00135827324 -0.00544246259
v -0.00268570318 0.000799300882 -0.00525435034
v -0.00338260069 0.000351789209 -0.0048881394
v -0.00405160322 3.98781032e-05 -0.00436373773
v -0.00465682879 -0.000119623926 -0.00370939794
v -0.00516561403 -0.000118193415 -0.00296028677
v -0.00555030241 4.42292422e-05 -0.00215681616
v -0.00579050913 0.000358822557 -0.00134225908
v -0.00587300196 0.000808599207 -0.000560722978
v -0.00579337015 0.0013693597 0.000145830481
v -0.00555614367 0.00201082489 0.000739254325
v -0.00517383948 0.00269848368 0.00118760046
v -0.00466708079 0.00339514277 0.0014665502
v -0.00171939268 0.00478130839 -0.000826321275
v -0.00135783091 0.00477290413 -0.00136955801
v -0.00109914675 0.00463462135 -0.00195249143
v -0.000960863973 0.00437587759 -0.00253542486
v -0.000952400114 0.00401431582 -0.00307866159
v -0.00107447043 0.00357449314 -0.00354512754
v -0.00131873026 0.00308650992 -0.00390311304
v -0.00166849032 0.00258350632 -0.00412818018
v -0.00209990873 0.00209987423 -0.00420495096
v -0.00478128328 0.00171941778 -0.000826321275
v -0.00465921297 0.00215924046 -0.000359736116
v -0.00441495314 0.00264722368 -1.86982837e-06
v -0.00406531229 0.00315022728 0.00022319731
v -0.00363389387 0.00363385937 0.000299968093
v -0.00315026179 0.00406527779 0.00022319731
v -0.00264719858 0.00441497824 -1.86982837e-06
v -0.00215927496 0.00465923807 -0.000359736116
v -0.00258354082 0.00166845581 -0.00412818018
v -0.00308648482 0.00131875536 -0.00390311304
v -0.00357452765 0.00107449553 -0.00354512754
v -0.00401429072 0.000952425215 -0.00307866159
v -0.00437585249 0.00096082947 -0.00253542486
v -0.00463465586 0.00109911225 -0.00195249143
v -0.00477293863 0.00135785601 -0.00136955801
v 0.00209983454 -0.00209986904 0.00420490679
v 0.00258358583 -0.00166845062 0.00412813601
v 0.00308652983 -0.00131875017 0.00390318808
v 0.00357445345 -0.00107449034 0.00354520258
v 0.00401433573 -0.000952420023 0.00307873663
v 0.0043758975 -0.000960824278 0.0025354999
v 0.00463458166 -0.00109910705 0.00195244726
v 0.00477286444 -0.00135785082 0.00136951384
v 0.0047813283 -0.00171941259 0.000826277106
v 0.00465925798 -0.00215923527 0.000359811156
v 0.00441499815 -0.00264721849 1.82565961e-06
v 0.00406523809 -0.00315022209 -0.000223241479
v 0.00363381967 -0.00363385418 -0.000299893052
v 0.00315018759 -0.0040652726 -0.000223241479
v 0.00264724359 -0.00441497305 1.82565961e-06
v 0.00215920076 -0.00465923288 0.000359811156
v 0.00171943769 -0.00478130319 0.000826277106
v 0.00135787592 -0.00477289894 0.00136951384
v 0.00109907255 -0.00463461616 0.00195244726
v 0.000960789774 -0.0043758724 0.0025354999
v 0.000952445124 -0.00401431063 0.00307873663
v 0.00107451544 -0.00357448795 0.00354520258
v 0.00131877527 -0.00308650472 0.00390318808
v 0.00166841612 -0.00258350113 0.00412813601
v 0.00373514757 -0.00437545517 -0.0015375239
v 0.00437542066 -0.00373512247 -0.0015375239
v 0.00493439302 -0.00304805973 -0.00134941164
v 0.0053819047 -0.00235116222 -0.0009832007
v 0.00569387541 -0.00168210008 -0.000458799035
v 0.00585337744 -0.00107687452 0.000195540755
v 0.00585194692 -0.000568148878 0.00094477114
v 0.00568946466 -0.000183400896 0.00174812254
v -5.96417442e-05 -0.0043643687 0.00405076918
v -0.00013927355 -0.0049251292 0.00334421572
v -5.67807213e-05 -0.00537490585 0.00256267962
v 0.000183425997 -0.00568949917 0.00174812254
v 0.000568114375 -0.00585192182 0.00094477114
v 0.00107689962 -0.00585335234 0.000195540755
v 0.00168212519 -0.00569385031 -0.000458799035
v 0.00235112772 -0.0053819392 -0.0009832007
v 0.00304802523 -0.00493442753 -0.00134941164
v 0.00537487135 5.67462176e-05 0.00256267962
v 0.0049250947 0.000139239046 0.00334421572
v 0.0043643342 5.96668452e-05 0.00405076918
v 0.00372286901 -0.000177619246 0.00464419302
v 0.00303526983 -0.000559923437 0.00509253916
v 0.00233861074 -0.00106662252 0.0053714889
v 0.00167032347 -0.00167035797 0.00546626028
v 0.00106664762 -0.00233858564 0.0053714889
v 0.000559888934 -0.00303524473 0.00509253916
v 0.000177703951 -0.00372290352 0.00464419302
v -0.00768307581 0.00905108711 0.00417367396
v -0.00695899859 0.00967902205 0.00403253016
v -0.00621942415 0.0102595117 0.00379899916
v -0.00328043833 0.0119817283 0.00201217112
v -0.0025935544 0.012237015 0.00137857374
v -0.00194243326 0.0124149945 0.000683702796
v -0.0013345851 0.0125134613 -6.40970775e-05
v -0.000777162458 0.0125313427 -0.000856242807
v -0.00027684107 0.0124684002 -0.00168343607
v 0.000160776232 0.0123254087 -0.00253578249
v -0.00359348192 0.00222540161 -0.0118535382
v -0.00431755915 0.00159752629 -0.0117123944
v -0.00505701437 0.00101697704 -0.0114788634
v -0.00799611941 -0.000705239561 -0.00969215456
v -0.00868300333 -0.000960526255 -0.00905843797
v -0.00933412447 -0.00113844612 -0.00836356703
v -0.00994197264 -0.0012369726 -0.00761576715
v -0.0104993953 -0.00125485399 -0.00682362142
v -0.0109997167 -0.00119191149 -0.00599642816
v -0.0114372148 -0.00104886034 -0.00514408174
v -0.00451818838 0.0115792777 0.00180844244
v -0.00385931864 0.011883321 0.00128737864
v -0.00322595968 0.0121186998 0.00070313391
v -0.00262538328 0.0122827913 6.23839787e-05
v -0.0020648612 0.0123736288 -0.000627360971
v -0.00155094996 0.0123901393 -0.00135775629
v -0.0010894908 0.0123320844 -0.00212057653
v -0.000686086561 0.0122002389 -0.00290664259
v -0.000345267202 0.0119960334 -0.00370677534
v -7.12050453e-05 0.0117219712 -0.00451167646
v 0.000133000468 0.0113812115 -0.00531180921
v 0.000264845942 0.0109777477 -0.00609787527
v 0.000322900866 0.0105162885 -0.0068605763
v 0.000306449984 0.0100023176 -0.00759109083
v 0.000215612505 0.00944179556 -0.00828071657
v 5.14613136e-05 0.00884133837 -0.0089214665
v -0.000183977033 0.00820791981 -0.00950583044
v -0.000487960722 0.00754905007 -0.0100268942
v -0.000857032682 0.00687241814 -0.0104785782
v -0.00128666296 0.00618589184 -0.010855518
v -0.00754908457 0.000487926218 -0.0100268942
v -0.00820795431 0.00018394253 -0.00950583044
v -0.00884131327 -5.14958173e-05 -0.0089214665
v -0.00944177046 -0.000215587404 -0.00828071657
v -0.0100022925 -0.000306424883 -0.00759109083
v -0.010516323 -0.000322875765 -0.0068605763
v -0.0109777822 -0.000264880446 -0.00609787527
v -0.0113811864 -0.000132975367 -0.00531180921
v -0.0117220058 7.11705417e-05 -0.00451167646
v -0.0119960679 0.000345292303 -0.00370677534
v -0.0122002734 0.000686052057 -0.00290664259
v -0.0123321189 0.0010895159 -0.00212057653
v -0.0123901738 0.00155091545 -0.00135775629
v -0.0123736037 0.0020648863 -0.000627360971
v -0.0122827662 0.00262540838 6.23839787e-05
v -0.0121187343 0.00322592518 0.00070313391
v -0.0118832959 0.00385928414 0.00128737864
v -0.0115793122 0.00451815388 0.00180844244
v -0.0112102403 0.00519484541 0.00226012644
v -0.0107804908 0.00588131211 0.00263718542
v -0.0102951898 0.00656956694 0.00293508944
v -0.0103570594 0.00652939341 0.00316552099
v -0.00177208319 0.00549763701 -0.011153422
v -0.00160042181 0.00542807839 -0.0113092286
v -0.00975982084 0.00725156328 0.00315038142
v -0.00980702772 0.00723004601 0.00338677344
v -0.00980905428 0.00717151425 0.00362161574
v -0.00230745211 0.00481564066 -0.0113688332
v -0.00215033426 0.00472742579 -0.011530481
v -0.00197271242 0.00461012385 -0.011645518
v -0.00918082132 0.00791925451 0.00328067717
v -0.00921217337 0.00791609547 0.00352052626
v -0.00920013323 0.00787365696 0.00375858721
v -0.00914541617 0.00779444239 0.00398055491
v -0.00288645163 0.00414794943 -0.0114990098
v -0.00274530783 0.00404137633 -0.0116642338
v -0.00258151426 0.00390804074 -0.0117824894
v -0.0024048461 0.00375575087 -0.0118468625
v -0.00856486693 0.00856489203 0.00332418856
v -0.00857941046 0.00857937596 0.00356534895
v -0.00855246916 0.00855249426 0.00380436358
v -0.00848583117 0.00848579666 0.00402728495
v -0.00838319197 0.00838321707 0.00422088084
v -0.00350240603 0.00350237152 -0.0115426404
v -0.00337807074 0.00337809584 -0.0117089373
v -0.00322917833 0.00322920344 -0.0118282658
v -0.0030644311 0.00306439659 -0.0118934733
v -0.00289336577 0.00289333126 -0.0119008643
v -0.00667337313 0.000231447431 -0.0107540709
v -0.00654784575 2.46193141e-05 -0.0107469184
v -0.00728157892 -0.000375506666 -0.0102570874
v -0.00487688913 0.0113187458 0.00288776335
v -0.00472871199 0.0112518694 0.00306705412
v -0.0039948596 0.011652055 0.00257722315
v -0.00905112162 0.00768310091 0.00417367396
v -0.0108558311 0.0058222439 0.00285951075
v -0.0103719605 0.00645441076 0.0033952373
v -0.00976542368 0.00707936547 0.00384108004
v -0.00967899695 0.00695902369 0.00403253016
v -0.0112972631 0.00511694214 0.00247219977
v -0.0108822955 0.00573069117 0.00308195528
v -0.0103387012 0.00634902975 0.00361052927
v -0.0102595462 0.00621944925 0.00379899916
v -0.0116764678 0.00442177317 0.002008118
v -0.0113340987 0.00500881931 0.00268546519
v -0.0108585729 0.00561201832 0.00329152521
v -0.0107858552 0.00547307989 0.00347594198
v -0.0119887961 0.00374478361 0.00147274908
v -0.0117222442 0.00429731867 0.00221053538
v -0.0113187207 0.00487685463 0.00288776335
v -0.0112518443 0.00472867748 0.00306705412
v -0.0122306718 0.00309407971 0.000872411101
v -0.0120418443 0.00360453388 0.00166264948
v -0.0117138995 0.00415224096 0.00240401205
v -0.0116520299 0.0039948847 0.00257722315
v -0.0123992337 0.00247711203 0.000214018195
v -0.012289442 0.00293851158 0.0010482448
v -0.0120394601 0.00344664118 0.00184611258
v -0.0119817628 0.00328040383 0.00201217112
v -0.0124925746 0.00190121195 -0.000494442613
v -0.0124619378 0.00230705998 0.000374473899
v -0.0122915877 0.00276834032 0.00122026381
v -0.0122369899 0.0025935199 0.00137857374
v -0.0125095023 0.0013731744 -0.0012449843
v -0.0125574245 0.00171768925 -0.00035067621
v -0.0124673022 0.00212526581 0.000534095137
v -0.0124149694 0.00194239876 0.000683702796
v -0.0124498977 0.000899079058 -0.00202866617
v -0.012574829 0.00117725393 -0.00111886087
v -0.012564577 0.00152504704 -0.000204406411
v -0.0125134362 0.00133455059 -6.40970775e-05
v -0.0123143567 0.000484588358 -0.00283630911
v -0.0125137939 0.000692012522 -0.00192090097
v -0.01258222 0.000974598143 -0.000986657769
v -0.0125313176 0.000777187559 -0.000856242807
v -0.0121045484 0.000134470674 -0.00365837637
v -0.0123751534 0.000267806265 -0.00274737898
v -0.0125201119 0.000480475637 -0.00180347982
v -0.0124683751 0.000276806566 -0.00168343607
v -0.011822976 -0.000147161272 -0.00448533121
v -0.0121604575 -9.05368596e-05 -0.00358875814
v -0.0123788489 4.84015674e-05 -0.00264533582
v -0.0123254432 -0.000160751131 -0.00253578249
v -0.0114728583 -0.000356910017 -0.00530739847
v -0.0118722095 -0.000378725317 -0.0044351441
v -0.0121602191 -0.000316498068 -0.0035022122
v -0.0121039523 -0.000530240324 -0.00340350691
v -0.0110583676 -0.000492391375 -0.0061149222
v -0.0115138663 -0.000593421248 -0.00527652326
v -0.0118667258 -0.000610050943 -0.00436409536
v -0.0118067636 -0.000827488688 -0.00427635732
v -0.0105842723 -0.000552055624 -0.00689860407
v -0.0110896005 -0.000732121256 -0.00610300127
v -0.0115018262 -0.000828680781 -0.00522097173
v -0.0100561751 -0.0005350683 -0.00764914575
v -0.0106044187 -0.000793096808 -0.00690504137
v -0.0110696925 -0.000969884184 -0.00606270853
v -0.00948039427 -0.000441787031 -0.00835772577
v -0.010064043 -0.000775751856 -0.00767322603
v -0.01057557 -0.00103205183 -0.00687953058
v -0.00886336699 -0.000273165491 -0.00901599947
v -0.00947455301 -0.000680265215 -0.00839837614
v -0.0100251807 -0.00101440885 -0.00766178194
v -0.00821260348 -3.12898427e-05 -0.00961633745
v -0.00884322062 -0.000507709768 -0.00907214704
v -0.00942484274 -0.000917134073 -0.0084004027
v -0.00687245264 0.000856998178 -0.0104785782
v -0.00753573313 0.000281038496 -0.0101517064
v -0.00817719832 -0.000260171679 -0.00968655172
v -0.00878182783 -0.000741419581 -0.00908657137
v -0.00684050455 0.000660183641 -0.0106157881
v -0.00748435393 5.94880313e-05 -0.0102344376
v -0.00810352698 -0.000489291933 -0.00971230093
v -0.00677279368 0.000447514269 -0.0107093674
v -0.00739792719 -0.000163731363 -0.0102703196
v -0.00580338373 0.000490668032 -0.0111558062
v -0.00593820944 0.000691654894 -0.0111577136
v -0.00605098143 0.000899377081 -0.0111058575
v -0.0061352624 0.00110167525 -0.0110030991
v -0.00618592634 0.00128668806 -0.010855518
v -0.0052011384 0.001211467 -0.0114768368
v -0.00532726183 0.00140977165 -0.0114191395
v -0.00542811289 0.00160038731 -0.0113092286
v -0.00549761191 0.00177204868 -0.011153422
v -0.00447074309 0.00178474447 -0.0117073876
v -0.00461009874 0.00197267792 -0.011645518
v -0.00472740069 0.00215035937 -0.011530481
v -0.00481561556 0.0023074176 -0.0113688332
v -0.00375572577 0.00240481159 -0.0118468625
v -0.00390807524 0.00258153937 -0.0117824894
v -0.00404135122 0.00274527332 -0.0116642338
v -0.00414792433 0.00288641712 -0.0114990098
v -0.00222543612 0.00359344742 -0.0118535382
v -0.00110165014 0.00613522789 -0.0110030991
v -0.00140980616 0.00532728693 -0.0114191395
v -0.00178471937 0.00447082779 -0.0117073876
v -0.00159756079 0.00431752464 -0.0117123944
v -0.000660218145 0.00684052965 -0.0106157881
v -0.00089935198 0.00605100653 -0.0111058575
v -0.0012114419 0.0052011635 -0.0114768368
v -0.00101701155 0.00505703947 -0.0114788634
v -0.000281013395 0.00753569863 -0.0101517064
v -0.000447548772 0.00677281878 -0.0107093674
v -0.000691689397 0.00593817494 -0.0111577136
v -0.000490702535 0.00580340883 -0.0111558062
v 3.13149437e-05 0.00821268818 -0.00961633745
v -5.95225349e-05 0.00748437903 -0.0102344376
v -0.00023142233 0.00667333862 -0.0107540709
v -2.45942131e-05 0.00654787085 -0.0107469184
v 0.000273190592 0.00886339209 -0.00901599947
v 0.00026019678 0.00817716381 -0.00968655172
v 0.000163756464 0.00739795229 -0.0102703196
v 0.000375591372 0.00728160402 -0.0102570874
v 0.000441752528 0.00948035977 -0.00835772577
v 0.000507794474 0.00884318611 -0.00907214704
v 0.000489317034 0.00810355208 -0.00971230093
v 0.000705205058 0.00799614451 -0.00969215456
v 0.000535093401 0.0100562002 -0.00764914575
v 0.000680290316 0.00947457812 -0.00839837614
v 0.000741444682 0.00878185293 -0.00908657137
v 0.000960551356 0.00868296883 -0.00905843797
v 0.00055202112 0.0105842974 -0.00689860407
v 0.000775776957 0.0100640084 -0.00767322603
v 0.000917159174 0.00942486784 -0.0084004027
v 0.00113841162 0.00933414957 -0.00836356703
v 0.000492416476 0.0110583927 -0.0061149222
v 0.000793062304 0.0106044438 -0.00690504137
v 0.00101443395 0.0100251462 -0.00766178194
v 0.0012369977 0.00994199774 -0.00761576715
v 0.000356875513 0.0114728834 -0.00530739847
v 0.000732146357 0.0110896256 -0.00610300127
v 0.00103207693 0.0105755951 -0.00687953058
v 0.00125487909 0.0104993608 -0.00682362142
v 0.000147186373 0.0118230011 -0.00448533121
v 0.000593386744 0.0115138914 -0.00527652326
v 0.00096984968 0.0110697176 -0.00606270853
v 0.00119193659 0.0109997418 -0.00599642816
v -0.000134505178 0.0121046331 -0.00365837637
v 0.000378690813 0.0118722346 -0.0044351441
v 0.000828705882 0.0115017917 -0.00522097173
v 0.00104888544 0.0114372399 -0.00514408174
v -0.000484503652 0.0123143818 -0.00283630911
v 9.05619606e-05 0.012160423 -0.00358875814
v 0.000610076044 0.0118666913 -0.00436409536
v 0.000827513789 0.0118067887 -0.00427635732
v -0.000899113561 0.0124498632 -0.00202866617
v -0.000267781164 0.0123751189 -0.00274737898
v 0.000316463564 0.0121602442 -0.0035022122
v 0.00053020582 0.0121039774 -0.00340350691
v -0.00137320891 0.0125094678 -0.0012449843
v -0.000692047025 0.0125137593 -0.00192090097
v -4.8436071e-05 0.012378874 -0.00264533582
v -0.00190118685 0.0124925401 -0.000494442613
v -0.00117722883 0.0125747945 -0.00111886087
v -0.000480450536 0.0125200774 -0.00180347982
v -0.00247708693 0.0123992588 0.000214018195
v -0.00171772375 0.0125574496 -0.00035067621
v -0.000974573042 0.0125822451 -0.000986657769
v -0.003093995 0.0122306373 0.000872411101
v -0.00230709448 0.0124619629 0.000374473899
v -0.00152508154 0.0125646021 -0.000204406411
v -0.00374475851 0.0119887616 0.00147274908
v -0.00293854609 0.0122894075 0.0010482448
v -0.00212530031 0.0124673273 0.000534095137
v -0.00519482031 0.0112102654 0.00226012644
v -0.00442174807 0.0116764333 0.002008118
v -0.00360456839 0.0120418694 0.00166264948
v -0.00276831522 0.0122916128 0.00122026381
v -0.00511697664 0.0112972882 0.00247219977
v -0.00429729357 0.0117222097 0.00221053538
v -0.00344661608 0.0120394852 0.00184611258
v -0.00500885382 0.0113341238 0.00268546519
v -0.00415221586 0.0117139246 0.00240401205
v -0.00547305479 0.0107858803 0.00347594198
v -0.00561193361 0.0108585384 0.00329152521
v -0.00573066607 0.0108823206 0.00308195528
v -0.0058222188 0.0108557965 0.00285951075
v -0.00588134661 0.0107805159 0.00263718542
v -0.00634900465 0.0103387263 0.00361052927
v -0.00645438566 0.010371926 0.0033952373
v -0.00652936831 0.0103570845 0.00316552099
v -0.00656954184 0.0102951553 0.00293508944
v -0.00707939997 0.00976544878 0.00384108004
v -0.00717154875 0.00980901978 0.00362161574
v -0.00723008051 0.00980705282 0.00338677344
v -0.00725153818 0.00975978634 0.00315038142
v -0.00779441729 0.00914538166 0.00398055491
v -0.00787369146 0.00920015833 0.00375858721
v -0.00791612997 0.00921219847 0.00352052626
v -0.00791922941 0.00918078682 0.00328067717
v 0.00222548113 -0.00359344223 0.0118536132
v 0.00289329157 -0.00289332607 0.0119008201
v 0.00159748659 -0.00431751945 0.0117123502
v 0.00101693735 -0.00505703428 0.0114788192
v 0.000490628336 -0.00580340364 0.011155762
v 2.46392235e-05 -0.00654786566 0.0107469934
v -0.000375546362 -0.00728159883 0.0102571624
v -0.000705160047 -0.00799613931 0.00969211039
v -0.000960506345 -0.00868296364 0.00905839381
v -0.00113848581 -0.00933414438 0.00836364207
v -0.00123695269 -0.00994199255 0.00761572298
v -0.00125483408 -0.0104993556 0.00682357725
v -0.00119189158 -0.0109997366 0.0059965032
v -0.00104884043 -0.0114372347 0.00514403757
v -0.000827468778 -0.0118067835 0.00427631316
v -0.000530280019 -0.0121040318 0.00340358195
v -0.000160731222 -0.0123254035 0.00253585753
v 0.000276766871 -0.012468395 0.0016833919
v 0.000777207468 -0.0125313375 0.000856317847
v 0.0013345109 -0.0125134561 6.4172118e-05
v 0.00194235906 -0.0124149893 -0.000683746965
v 0.00259359941 -0.0122370694 -0.00137861791
v 0.00328036413 -0.0119817231 -0.00201221529
v 0.00399490461 -0.0116520498 -0.00257726732
v 0.00472863779 -0.0112518642 -0.00306709829
v 0.0054730998 -0.0107858751 -0.00347586694
v 0.00621946916 -0.0102595065 -0.00379892412
v 0.0069590436 -0.00967901686 -0.00403245512
v 0.00768312082 -0.00905108192 -0.00417371813
v 0.00838323698 -0.00838321188 -0.004220925
v 0.00905104742 -0.00768309572 -0.00417371813
v 0.00967904196 -0.0069590185 -0.00403245512
v 0.0102595912 -0.00621944406 -0.00379892412
v 0.0107859002 -0.0054730747 -0.00347586694
v 0.0112518893 -0.00472867229 -0.00306709829
v 0.0116520749 -0.00399487951 -0.00257726732
v 0.0119816886 -0.00328039863 -0.00201221529
v 0.0122370349 -0.00259351471 -0.00137861791
v 0.0124150144 -0.00194239357 -0.000683746965
v 0.0125134812 -0.0013345454 6.4172118e-05
v 0.0125313626 -0.000777182367 0.000856317847
v 0.0124684201 -0.000276801375 0.0016833919
v 0.012325369 0.000160696718 0.00253585753
v 0.0121039973 0.000530245516 0.00340358195
v 0.0118068086 0.000827493879 0.00427631316
v 0.0114372598 0.00104886553 0.00514403757
v 0.0109997617 0.00119191668 0.0059965032
v 0.0104993211 0.00125479958 0.00682357725
v 0.00994201765 0.00123691818 0.00761572298
v 0.00933416948 0.00113845131 0.00836364207
v 0.00868292913 0.000960531446 0.00905839381
v 0.00799616442 0.000705185148 0.00969211039
v 0.00728162393 0.000375511858 0.0102571624
v 0.00654789076 -2.46737271e-05 0.0107469934
v 0.00580342874 -0.00049066284 0.011155762
v 0.00505705938 -0.00101697185 0.0114788192
v 0.00431748495 -0.00159752109 0.0117123502
v 0.00359340772 -0.00222539642 0.0118536132
v 0.00375577078 -0.0024048064 0.0118468183
v 0.0044707881 -0.00178473928 0.0117073434
v 0.00520118341 -0.00121146181 0.0114767927
v 0.00593825445 -0.000691649702 0.0111577886
v 0.00667329893 -0.00023144224 0.0107540267
v 0.0073979722 0.000163736555 0.0102702754
v 0.00810357199 0.000489297125 0.00971237597
v 0.00878187284 0.000741424772 0.0090865272
v 0.00942488775 0.000917139265 0.00840035853
v 0.0100251065 0.00101441405 0.00766185698
v 0.010575615 0.00103205702 0.00687960562
v 0.0110697375 0.000969889376 0.00606278357
v 0.011501752 0.000828685972 0.00522092757
v 0.0118666516 0.000610056135 0.00436405119
v 0.0121602641 0.00031650326 0.00350216803
v 0.0123788939 -4.83963758e-05 0.00264529166
v 0.0125200377 -0.000480470446 0.00180355486
v 0.012582265 -0.000974592951 0.00098673281
v 0.012564622 -0.00152504185 0.000204362243
v 0.0124673472 -0.00212532022 -0.000534139306
v 0.0122916327 -0.00276833513 -0.00122030798
v 0.0120395051 -0.00344663599 -0.00184603754
v 0.0117139445 -0.00415223577 -0.00240405622
v 0.0113187657 -0.00487684944 -0.00288780752
v 0.0108584987 -0.00561201313 -0.00329156938
v 0.0103387462 -0.00634902456 -0.00361057344
v 0.00976546869 -0.00707936027 -0.00384112421
v 0.00914534197 -0.0077944372 -0.00398059908
v 0.00848575697 -0.00848579147 -0.00402720991
v 0.0077944623 -0.00914537647 -0.00398059908
v 0.00707944498 -0.00976544359 -0.00384112421
v 0.00634904966 -0.0103387211 -0.00361057344
v 0.00561197862 -0.0108585332 -0.00329156938
v 0.00487681494 -0.0113187406 -0.00288780752
v 0.00415226087 -0.0117139194 -0.00240405622
v 0.00344666109 -0.01203948 -0.00184603754
v 0.00276836023 -0.0122916076 -0.00122030798
v 0.00212534532 -0.0124673221 -0.000534139306
v 0.00152500734 -0.0125645969 0.000204362243
v 0.000974618052 -0.0125822399 0.00098673281
v 0.000480495547 -0.0125200722 0.00180355486
v 4.83618721e-05 -0.0123788688 0.00264529166
v -0.000316537763 -0.012160239 0.00350216803
v -0.000610031034 -0.0118666861 0.00436405119
v -0.000828660871 -0.0115017865 0.00522092757
v -0.000969923879 -0.0110697124 0.00606278357
v -0.00103203192 -0.0105755899 0.00687960562
v -0.00101438894 -0.010025141 0.00766185698
v -0.000917114164 -0.00942492225 0.00840035853
v -0.000741399671 -0.00878184774 0.0090865272
v -0.000489272024 -0.00810354688 0.00971237597
v -0.000163711454 -0.0073979471 0.0102702754
v 0.000231467341 -0.00667333343 0.0107540267
v 0.000691615199 -0.00593816974 0.0111577886
v 0.00121148691 -0.00520115831 0.0114767927
v 0.00178476438 -0.0044708226 0.0117073434
v 0.0024047719 -0.00375574568 0.0118468183
v 0.0030643569 -0.0030643914 0.0118935483
v 0.00390800104 -0.00258153417 0.0117824453
v 0.00461014376 -0.00197267273 0.011645593
v 0.00532730684 -0.00140976646 0.0114190954
v 0.00605102644 -0.000899371889 0.0111058134
v 0.00677283869 -0.000447509077 0.0107094425
v 0.00748439894 -5.94828397e-05 0.0102345127
v 0.00817712412 0.00026017687 0.00968662676
v 0.00884314642 0.00050771496 0.00907210287
v 0.00947459802 0.000680270407 0.00839833197
v 0.0100639688 0.000775757048 0.00767318186
v 0.0106044637 0.000793101999 0.00690511641
v 0.0110896455 0.000732126448 0.00610307631
v 0.0115139113 0.000593426439 0.00527647909
v 0.0118722545 0.000378730509 0.00443509993
v 0.0121603833 9.05420512e-05 0.00358883318
v 0.0123750792 -0.000267801073 0.00274745402
v 0.0125138389 -0.00069200733 0.0019208568
v 0.0125747548 -0.00117724874 0.0011188167
v 0.0125574695 -0.00171768406 0.00035075125
v 0.0124619828 -0.00230711439 -0.000374518068
v 0.0122893678 -0.00293850639 -0.00104816976
v 0.0120418893 -0.00360452869 -0.00166269365
v 0.01172217 -0.00429731348 -0.00221057955
v 0.0113341437 -0.00500887373 -0.00268550935
v 0.0108823405 -0.00573068598 -0.00308199945
v 0.0103718863 -0.00645440557 -0.00339516226
v 0.00980898008 -0.00717150905 -0.00362165991
v 0.00920017824 -0.00787365177 -0.00375851217
v 0.00855251417 -0.00855248907 -0.00380440775
v 0.00787361727 -0.00920015314 -0.00375851217
v 0.00717159376 -0.00980901459 -0.00362165991
v 0.00645443067 -0.0103719209 -0.00339516226
v 0.00573071108 -0.0108823154 -0.00308199945
v 0.00500889883 -0.0113341782 -0.00268550935
v 0.00429733858 -0.0117222045 -0.00221057955
v 0.00360449419 -0.0120418642 -0.00166269365
v 0.00293847189 -0.0122894023 -0.00104816976
v 0.00230713949 -0.0124619577 -0.000374518068
v 0.00171764955 -0.0125574444 0.00035075125
v 0.00117727384 -0.0125747893 0.0011188167
v 0.000692092036 -0.0125138138 0.0019208568
v 0.000267826174 -0.0123751138 0.00274745402
v -9.05169502e-05 -0.0121604178 0.00358883318
v -0.000378765012 -0.0118722294 0.00443509993
v -0.000593460943 -0.0115138862 0.00527647909
v -0.000732101347 -0.01108968 0.00610307631
v -0.000793136503 -0.0106044386 0.00690511641
v -0.000775731947 -0.0100640033 0.00767318186
v -0.000680245306 -0.00947457292 0.00839833197
v -0.000507749464 -0.00884318092 0.00907210287
v -0.000260151769 -0.00817715862 0.00968662676
v 5.9448336e-05 -0.00748437383 0.0102345127
v 0.000447593783 -0.00677287319 0.0107094425
v 0.00089939699 -0.00605100134 0.0111058134
v 0.00140973196 -0.00532728174 0.0114190954
v 0.00197263822 -0.00461017826 0.011645593
v 0.00258155928 -0.00390803554 0.0117824453
v 0.00322922335 -0.00322919824 0.0118282216
v 0.00404139623 -0.00274526813 0.0116641897
v 0.0047274457 -0.00215041378 0.0115304368
v 0.00542803869 -0.00160038212 0.0113091844
v 0.0061351882 -0.00110167005 0.0110030549
v 0.00684054956 -0.00066017845 0.010615744
v 0.00753565893 -0.000281033304 0.0101516622
v 0.00821264849 3.12950343e-05 0.00961641249
v 0.008863412 0.000273170683 0.0090159553
v 0.00948032007 0.000441792223 0.0083576816
v 0.0100562201 0.000535073492 0.00764910158
v 0.0105843173 0.000552001211 0.0068985599
v 0.0110584126 0.000492396566 0.00611499724
v 0.0114729033 0.000356915209 0.0053073543
v 0.011823021 0.000147166464 0.00448528704
v 0.0121045934 -0.000134465483 0.0036583322
v 0.0123144017 -0.000484583166 0.00283626494
v 0.0124498235 -0.000899073866 0.002028622
v 0.0125095473 -0.00137316921 0.00124505934
v 0.0124925004 -0.00190126636 0.000494517653
v 0.0123992787 -0.00247710684 -0.000214062364
v 0.0122305976 -0.00309407451 -0.000872336061
v 0.0119887219 -0.00374477842 -0.00147279325
v 0.0116763936 -0.00442176798 -0.00200804296
v 0.0112973081 -0.00511693695 -0.00247212473
v 0.0108557569 -0.00582223871 -0.00285943571
v 0.0103571044 -0.00652938822 -0.00316556516
v 0.00980707273 -0.00723004082 -0.00338681761
v 0.00921221838 -0.00791609028 -0.00352057043
v 0.00857933626 -0.00857937076 -0.00356539312
v 0.00791605577 -0.00921219328 -0.00352057043
v 0.00723012552 -0.00980710724 -0.00338681761
v 0.00652941332 -0.0103570793 -0.00316556516
v 0.00582226381 -0.0108557914 -0.00285943571
v 0.00511690245 -0.011297283 -0.00247212473
v 0.00442179308 -0.0116764281 -0.00200804296
v 0.00374480352 -0.0119887564 -0.00147279325
v 0.00309404001 -0.0122306321 -0.000872336061
v 0.00247713194 -0.0123992536 -0.000214062364
v 0.00190123186 -0.0124925349 0.000494517653
v 0.00137313471 -0.0125095222 0.00124505934
v 0.000899039362 -0.012449858 0.002028622
v 0.000484548663 -0.0123143766 0.00283626494
v 0.000134430979 -0.0121046279 0.0036583322
v -0.000147141363 -0.0118229959 0.00448528704
v -0.000356949712 -0.0114728782 0.0053073543
v -0.000492371465 -0.0110583875 0.00611499724
v -0.00055197611 -0.0105842922 0.0068985599
v -0.000535048391 -0.0100562547 0.00764910158
v -0.000441826727 -0.00948035457 0.0083576816
v -0.000273145582 -0.0088633869 0.0090159553
v -3.12699333e-05 -0.00821268299 0.00961641249
v 0.000281058405 -0.00753569343 0.0101516622
v 0.000660143946 -0.00684052446 0.010615744
v 0.00110169515 -0.0061352227 0.0110030549
v 0.00160034761 -0.00542807319 0.0113091844
v 0.00215037927 -0.0047274206 0.0115304368
v 0.00274523363 -0.00404137113 0.0116641897
v 0.00337811575 -0.00337809065 0.0117090124
v 0.00414796934 -0.00288641193 0.0114989656
v 0.00481566057 -0.00230741241 0.011368789
v 0.00549765692 -0.0017721031 0.0111534971
v 0.00618597135 -0.00128668287 0.0108555931
v 0.00687237844 -0.000856992987 0.0104785341
v 0.00754901037 -0.000487921026 0.0100268501
v 0.00820788011 -0.000183937338 0.00950578627
v 0.00884135828 5.15010089e-05 0.00892142233
v 0.00944181547 0.000215592596 0.0082806724
v 0.0100023375 0.000306430075 0.00759104666
v 0.0105162488 0.000322880957 0.00686053213
v 0.010977708 0.000264885637 0.0060978311
v 0.0113812314 0.000132980558 0.00531176504
v 0.0117219316 -7.11653501e-05 0.00451163229
v 0.0119959937 -0.000345287111 0.00370673117
v 0.0122001992 -0.000686046866 0.00290659842
v 0.0123320447 -0.00108951071 0.00212053236
v 0.0123900996 -0.00155091026 0.00135783133
v 0.0123736487 -0.00206494072 0.000627316802
v 0.0122828113 -0.00262540319 -6.23089382e-05
v 0.0121187793 -0.00322591999 -0.00070305887
v 0.0118833409 -0.00385927894 -0.00128742281
v 0.011579238 -0.00451814869 -0.00180848661
v 0.0112102853 -0.00519484022 -0.00226017061
v 0.0107805358 -0.00588130691 -0.00263722959
v 0.0102951156 -0.00656956175 -0.00293513361
v 0.00975986585 -0.00725155809 -0.00315042558
v 0.00918074713 -0.00791924932 -0.00328060213
v 0.00856491194 -0.00856488684 -0.00332423273
v 0.00791927442 -0.00918078163 -0.00328060213
v 0.00725158319 -0.00975984075 -0.00315042558
v 0.00656958685 -0.0102951501 -0.00293513361
v 0.00588127241 -0.0107805107 -0.00263722959
v 0.00519486532 -0.0112102602 -0.00226017061
v 0.00451823339 -0.0115792725 -0.00180848661
v 0.00385924444 -0.0118833158 -0.00128742281
v 0.00322588549 -0.0121186946 -0.00070305887
v 0.00262542829 -0.0122827862 -6.23089382e-05
v 0.00206490621 -0.0123736236 0.000627316802
v 0.00155087576 -0.0123901341 0.00135783133
v 0.00108953581 -0.0123320792 0.00212053236
v 0.000686012362 -0.0122002337 0.00290659842
v 0.000345312212 -0.0119960282 0.00370673117
v 7.11308464e-05 -0.0117219661 0.00451163229
v -0.000132955457 -0.0113812063 0.00531176504
v -0.000264920141 -0.0109777425 0.0060978311
v -0.000322855856 -0.0105162833 0.00686053213
v -0.000306404974 -0.0100023124 0.00759104666
v -0.000215567495 -0.00944179037 0.0082806724
v -5.15355125e-05 -0.00884133318 0.00892142233
v 0.000183902834 -0.00820791462 0.00950578627
v 0.000488005732 -0.00754904487 0.0100268501
v 0.000856958483 -0.00687241295 0.0104785341
v 0.00128670797 -0.00618594625 0.0108555931
v 0.0017721282 -0.00549763182 0.0111534971
v 0.00230737791 -0.00481563547 0.011368789
v 0.00288649664 -0.00414794424 0.0114989656
v 0.00350233183 -0.00350236633 0.0115425962
f 1 2 3
f 3 2 4
f 3 4 5
f 5 4 6
f 5 6 7
f 7 6 8
f 7 8 9
f 9 8 10
f 9 10 11
f 11 10 12
f 11 12 13
f 13 12 14
f 13 14 15
f 15 14 16
f 15 16 17
f 17 16 18
f 17 18 19
f 19 18 20
f 19 20 21
f 21 20 22
f 21 22 23
f 23 22 24
f 23 24 25
f 25 24 26
f 25 26 27
f 27 26 28
f 27 28 29
f 29 28 30
f 29 30 31
f 31 30 32
f 31 32 33
f 33 32 34
f 33 34 35
f 35 34 36
f 35 36 37
f 37 36 38
f 37 38 39
f 39 38 40
f 39 40 41
f 41 40 42
f 41 42 43
f 43 42 44
f 43 44 45
f 45 44 46
f 45 46 47
f 47 46 48
f 47 48 1
f 1 48 2
f 28 26 49
f 49 26 24
f 49 24 22
f 34 32 49
f 49 32 30
f 49 30 28
f 40 38 49
f 49 38 36
f 49 36 34
f 46 44 49
f 49 44 42
f 49 42 40
f 4 2 49
f 49 2 48
f 49 48 46
f 10 8 49
f 49 8 6
f 49 6 4
f 16 14 49
f 49 14 12
f 49 12 10
f 22 20 49
f 49 20 18
f 49 18 16
f 21 23 50
f 50 23 25
f 50 25 27
f 15 17 50
f 50 17 19
f 50 19 21
f 9 11 50
f 50 11 13
f 50 13 15
f 3 5 50
f 50 5 7
f 50 7 9
f 45 47 50
f 50 47 1
f 50 1 3
f 39 41 50
f 50 41 43
f 50 43 45
f 33 35 50
f 50 35 37
f 50 37 39
f 27 29 50
f 50 29 31
f 50 31 33
f 51 52 53
f 53 52 54
f 55 56 57
f 57 56 58
f 56 59 58
f 58 59 60
f 58 60 61
f 62 63 64
f 64 63 65
f 52 66 54
f 54 66 67
f 54 67 68
f 60 69 61
f 61 69 70
f 61 70 71
f 72 73 57
f 57 73 74
f 57 74 55
f 75 76 77
f 77 76 78
f 75 77 79
f 79 77 80
f 79 80 81
f 81 80 82
f 82 80 83
f 82 83 84
f 51 53 85
f 85 53 86
f 85 86 87
f 87 86 88
f 88 86 89
f 88 89 90
f 91 92 93
f 70 94 71
f 71 94 95
f 71 95 92
f 92 95 96
f 92 96 93
f 63 97 65
f 65 97 98
f 65 98 99
f 76 100 78
f 78 100 101
f 78 101 102
f 103 104 83
f 83 104 105
f 83 105 84
f 67 106 68
f 68 106 107
f 68 107 103
f 103 107 108
f 103 108 104
f 93 109 91
f 91 109 110
f 91 110 89
f 89 110 111
f 89 111 90
f 112 113 72
f 72 113 114
f 72 114 73
f 115 116 112
f 112 116 117
f 112 117 113
f 98 118 99
f 99 118 119
f 99 119 115
f 115 119 120
f 115 120 116
f 62 64 121
f 121 64 122
f 121 122 123
f 101 124 102
f 102 124 125
f 102 125 126
f 123 122 127
f 127 122 128
f 127 128 129
f 130 131 128
f 128 131 132
f 128 132 129
f 125 133 126
f 126 133 134
f 126 134 130
f 130 134 135
f 130 135 131
f 136 137 138
f 139 140 141
f 142 143 144
f 145 146 147
f 148 149 150
f 151 152 153
f 154 155 156
f 157 158 159
f 160 161 162
f 163 164 165
f 166 167 168
f 169 170 171
f 172 173 174
f 175 176 177
f 178 179 180
f 181 182 183
f 184 185 186
f 187 188 189
f 190 191 192
f 193 194 195
f 196 197 198
f 199 200 201
f 202 203 204
f 205 206 207
f 208 209 210
f 211 212 213
f 214 215 216
f 217 218 219
f 220 221 222
f 223 224 225
f 226 227 228
f 229 230 231
f 232 233 234
f 235 236 237
f 238 239 240
f 241 242 243
f 244 245 246
f 247 248 249
f 250 251 252
f 253 254 255
f 256 257 258
f 259 260 261
f 262 263 264
f 265 266 267
f 268 269 270
f 271 272 273
f 274 275 276
f 277 278 279
f 280 281 282
f 283 284 285
f 286 287 288
f 289 290 291
f 292 293 294
f 295 296 297
f 298 299 300
f 301 302 303
f 304 305 306
f 307 308 309
f 310 311 312
f 313 314 315
f 316 317 318
f 319 320 321
f 322 323 290
f 290 323 324
f 290 324 291
f 291 324 325
f 291 325 326
f 326 327 328
f 328 327 329
f 329 330 331
f 331 330 332
f 332 333 334
f 334 333 335
f 335 336 337
f 337 336 338
f 338 339 340
f 340 339 341
f 341 342 343
f 343 342 344
f 344 345 346
f 346 345 310
f 347 348 349
f 350 351 352
f 353 354 355
f 356 357 358
f 359 360 361
f 362 363 364
f 365 366 367
f 368 369 370
f 371 372 373
f 374 375 376
f 377 378 379
f 380 381 382
f 383 384 385
f 307 309 386
f 387 388 287
f 287 388 389
f 287 389 288
f 288 389 390
f 288 390 391
f 391 392 393
f 393 392 394
f 394 395 396
f 396 395 397
f 397 398 399
f 399 398 400
f 400 401 402
f 402 401 403
f 403 404 405
f 405 404 406
f 406 407 408
f 408 407 409
f 409 410 411
f 411 410 295
f 412 413 414
f 415 416 417
f 418 419 420
f 421 422 423
f 424 425 426
f 427 428 429
f 430 431 432
f 433 434 435
f 436 437 438
f 439 440 441
f 442 443 444
f 445 446 447
f 448 449 450
f 292 294 451
f 314 322 315
f 315 322 290
f 315 290 452
f 452 290 289
f 452 289 453
f 299 387 300
f 300 387 287
f 300 287 454
f 454 287 286
f 454 286 455
f 317 313 318
f 318 313 315
f 318 315 456
f 456 315 452
f 456 452 457
f 457 452 453
f 457 453 458
f 302 298 303
f 303 298 300
f 303 300 459
f 459 300 454
f 459 454 460
f 460 454 455
f 460 455 461
f 320 316 321
f 321 316 318
f 321 318 462
f 462 318 456
f 462 456 463
f 463 456 457
f 463 457 464
f 464 457 458
f 464 458 465
f 305 301 306
f 306 301 303
f 306 303 466
f 466 303 459
f 466 459 467
f 467 459 460
f 467 460 468
f 468 460 461
f 468 461 469
f 470 319 471
f 471 319 321
f 471 321 472
f 472 321 462
f 472 462 473
f 473 462 463
f 473 463 474
f 474 463 464
f 474 464 475
f 475 464 465
f 475 465 285
f 476 304 477
f 477 304 306
f 477 306 478
f 478 306 466
f 478 466 479
f 479 466 467
f 479 467 480
f 480 467 468
f 480 468 481
f 481 468 469
f 481 469 210
f 482 483 484
f 485 486 487
f 488 470 489
f 489 470 471
f 489 471 490
f 490 471 472
f 490 472 491
f 491 472 473
f 491 473 492
f 492 473 474
f 492 474 493
f 493 474 475
f 493 475 494
f 494 475 285
f 494 285 495
f 495 285 284
f 326 328 291
f 291 328 496
f 291 496 289
f 289 496 497
f 289 497 453
f 453 497 498
f 453 498 458
f 458 498 499
f 458 499 465
f 465 499 282
f 465 282 285
f 285 282 281
f 285 281 283
f 329 331 328
f 328 331 500
f 328 500 496
f 496 500 501
f 496 501 497
f 497 501 502
f 497 502 498
f 498 502 503
f 498 503 499
f 499 503 279
f 499 279 282
f 282 279 278
f 282 278 280
f 332 334 331
f 331 334 504
f 331 504 500
f 500 504 505
f 500 505 501
f 501 505 506
f 501 506 502
f 502 506 507
f 502 507 503
f 503 507 276
f 503 276 279
f 279 276 275
f 279 275 277
f 335 337 334
f 334 337 508
f 334 508 504
f 504 508 509
f 504 509 505
f 505 509 510
f 505 510 506
f 506 510 511
f 506 511 507
f 507 511 273
f 507 273 276
f 276 273 272
f 276 272 274
f 338 340 337
f 337 340 512
f 337 512 508
f 508 512 513
f 508 513 509
f 509 513 514
f 509 514 510
f 510 514 515
f 510 515 511
f 511 515 270
f 511 270 273
f 273 270 269
f 273 269 271
f 341 343 340
f 340 343 516
f 340 516 512
f 512 516 517
f 512 517 513
f 513 517 518
f 513 518 514
f 514 518 519
f 514 519 515
f 515 519 267
f 515 267 270
f 270 267 266
f 270 266 268
f 344 346 343
f 343 346 520
f 343 520 516
f 516 520 521
f 516 521 517
f 517 521 522
f 517 522 518
f 518 522 523
f 518 523 519
f 519 523 264
f 519 264 267
f 267 264 263
f 267 263 265
f 310 312 346
f 346 312 524
f 346 524 520
f 520 524 525
f 520 525 521
f 521 525 526
f 521 526 522
f 522 526 527
f 522 527 523
f 523 527 261
f 523 261 264
f 264 261 260
f 264 260 262
f 312 528 524
f 524 528 529
f 524 529 525
f 525 529 530
f 525 530 526
f 526 530 531
f 526 531 527
f 527 531 258
f 527 258 261
f 261 258 257
f 261 257 259
f 528 532 529
f 529 532 533
f 529 533 530
f 530 533 534
f 530 534 531
f 531 534 255
f 531 255 258
f 258 255 254
f 258 254 256
f 532 535 533
f 533 535 536
f 533 536 534
f 534 536 252
f 534 252 255
f 255 252 251
f 255 251 253
f 535 482 536
f 536 482 484
f 536 484 252
f 252 484 537
f 252 537 250
f 538 539 540
f 540 539 483
f 540 483 541
f 541 483 482
f 541 482 542
f 542 482 535
f 542 535 543
f 543 535 532
f 543 532 544
f 544 532 528
f 544 528 545
f 545 528 312
f 545 312 546
f 546 312 311
f 539 547 483
f 483 547 548
f 483 548 484
f 484 548 549
f 484 549 537
f 248 538 249
f 249 538 540
f 249 540 550
f 550 540 541
f 550 541 551
f 551 541 542
f 551 542 552
f 552 542 543
f 552 543 553
f 553 543 544
f 553 544 349
f 349 544 545
f 349 545 347
f 347 545 546
f 245 247 246
f 246 247 249
f 246 249 554
f 554 249 550
f 554 550 555
f 555 550 551
f 555 551 556
f 556 551 552
f 556 552 557
f 557 552 553
f 557 553 352
f 352 553 349
f 352 349 350
f 350 349 348
f 242 244 243
f 243 244 246
f 243 246 558
f 558 246 554
f 558 554 559
f 559 554 555
f 559 555 560
f 560 555 556
f 560 556 561
f 561 556 557
f 561 557 355
f 355 557 352
f 355 352 353
f 353 352 351
f 239 241 240
f 240 241 243
f 240 243 562
f 562 243 558
f 562 558 563
f 563 558 559
f 563 559 564
f 564 559 560
f 564 560 565
f 565 560 561
f 565 561 358
f 358 561 355
f 358 355 356
f 356 355 354
f 236 238 237
f 237 238 240
f 237 240 566
f 566 240 562
f 566 562 567
f 567 562 563
f 567 563 568
f 568 563 564
f 568 564 569
f 569 564 565
f 569 565 361
f 361 565 358
f 361 358 359
f 359 358 357
f 233 235 234
f 234 235 237
f 234 237 570
f 570 237 566
f 570 566 571
f 571 566 567
f 571 567 572
f 572 567 568
f 572 568 573
f 573 568 569
f 573 569 364
f 364 569 361
f 364 361 362
f 362 361 360
f 230 232 231
f 231 232 234
f 231 234 574
f 574 234 570
f 574 570 575
f 575 570 571
f 575 571 576
f 576 571 572
f 576 572 577
f 577 572 573
f 577 573 367
f 367 573 364
f 367 364 365
f 365 364 363
f 227 229 228
f 228 229 231
f 228 231 578
f 578 231 574
f 578 574 579
f 579 574 575
f 579 575 580
f 580 575 576
f 580 576 581
f 581 576 577
f 581 577 370
f 370 577 367
f 370 367 368
f 368 367 366
f 224 226 225
f 225 226 228
f 225 228 582
f 582 228 578
f 582 578 583
f 583 578 579
f 583 579 584
f 584 579 580
f 584 580 585
f 585 580 581
f 585 581 373
f 373 581 370
f 373 370 371
f 371 370 369
f 221 223 222
f 222 223 225
f 222 225 586
f 586 225 582
f 586 582 587
f 587 582 583
f 587 583 588
f 588 583 584
f 588 584 589
f 589 584 585
f 589 585 376
f 376 585 373
f 376 373 374
f 374 373 372
f 218 220 219
f 219 220 222
f 219 222 590
f 590 222 586
f 590 586 591
f 591 586 587
f 591 587 592
f 592 587 588
f 592 588 593
f 593 588 589
f 593 589 379
f 379 589 376
f 379 376 377
f 377 376 375
f 215 217 216
f 216 217 219
f 216 219 594
f 594 219 590
f 594 590 595
f 595 590 591
f 595 591 596
f 596 591 592
f 596 592 597
f 597 592 593
f 597 593 382
f 382 593 379
f 382 379 380
f 380 379 378
f 212 214 213
f 213 214 216
f 213 216 598
f 598 216 594
f 598 594 599
f 599 594 595
f 599 595 600
f 600 595 596
f 600 596 601
f 601 596 597
f 601 597 385
f 385 597 382
f 385 382 383
f 383 382 381
f 602 211 603
f 603 211 213
f 603 213 604
f 604 213 598
f 604 598 605
f 605 598 599
f 605 599 606
f 606 599 600
f 606 600 607
f 607 600 601
f 607 601 309
f 309 601 385
f 309 385 386
f 386 385 384
f 308 608 309
f 309 608 609
f 309 609 607
f 607 609 610
f 607 610 606
f 606 610 611
f 606 611 605
f 605 611 612
f 605 612 604
f 604 612 613
f 604 613 603
f 603 613 614
f 603 614 602
f 602 614 615
f 608 476 609
f 609 476 477
f 609 477 610
f 610 477 478
f 610 478 611
f 611 478 479
f 611 479 612
f 612 479 480
f 612 480 613
f 613 480 481
f 613 481 614
f 614 481 210
f 614 210 615
f 615 210 209
f 391 393 288
f 288 393 616
f 288 616 286
f 286 616 617
f 286 617 455
f 455 617 618
f 455 618 461
f 461 618 619
f 461 619 469
f 469 619 207
f 469 207 210
f 210 207 206
f 210 206 208
f 394 396 393
f 393 396 620
f 393 620 616
f 616 620 621
f 616 621 617
f 617 621 622
f 617 622 618
f 618 622 623
f 618 623 619
f 619 623 204
f 619 204 207
f 207 204 203
f 207 203 205
f 397 399 396
f 396 399 624
f 396 624 620
f 620 624 625
f 620 625 621
f 621 625 626
f 621 626 622
f 622 626 627
f 622 627 623
f 623 627 201
f 623 201 204
f 204 201 200
f 204 200 202
f 400 402 399
f 399 402 628
f 399 628 624
f 624 628 629
f 624 629 625
f 625 629 630
f 625 630 626
f 626 630 631
f 626 631 627
f 627 631 198
f 627 198 201
f 201 198 197
f 201 197 199
f 403 405 402
f 402 405 632
f 402 632 628
f 628 632 633
f 628 633 629
f 629 633 634
f 629 634 630
f 630 634 635
f 630 635 631
f 631 635 195
f 631 195 198
f 198 195 194
f 198 194 196
f 406 408 405
f 405 408 636
f 405 636 632
f 632 636 637
f 632 637 633
f 633 637 638
f 633 638 634
f 634 638 639
f 634 639 635
f 635 639 192
f 635 192 195
f 195 192 191
f 195 191 193
f 409 411 408
f 408 411 640
f 408 640 636
f 636 640 641
f 636 641 637
f 637 641 642
f 637 642 638
f 638 642 643
f 638 643 639
f 639 643 189
f 639 189 192
f 192 189 188
f 192 188 190
f 295 297 411
f 411 297 644
f 411 644 640
f 640 644 645
f 640 645 641
f 641 645 646
f 641 646 642
f 642 646 647
f 642 647 643
f 643 647 186
f 643 186 189
f 189 186 185
f 189 185 187
f 297 648 644
f 644 648 649
f 644 649 645
f 645 649 650
f 645 650 646
f 646 650 651
f 646 651 647
f 647 651 183
f 647 183 186
f 186 183 182
f 186 182 184
f 648 652 649
f 649 652 653
f 649 653 650
f 650 653 654
f 650 654 651
f 651 654 180
f 651 180 183
f 183 180 179
f 183 179 181
f 652 655 653
f 653 655 656
f 653 656 654
f 654 656 177
f 654 177 180
f 180 177 176
f 180 176 178
f 655 485 656
f 656 485 487
f 656 487 177
f 177 487 657
f 177 657 175
f 658 659 660
f 660 659 486
f 660 486 661
f 661 486 485
f 661 485 662
f 662 485 655
f 662 655 663
f 663 655 652
f 663 652 664
f 664 652 648
f 664 648 665
f 665 648 297
f 665 297 666
f 666 297 296
f 659 667 486
f 486 667 668
f 486 668 487
f 487 668 669
f 487 669 657
f 173 658 174
f 174 658 660
f 174 660 670
f 670 660 661
f 670 661 671
f 671 661 662
f 671 662 672
f 672 662 663
f 672 663 673
f 673 663 664
f 673 664 414
f 414 664 665
f 414 665 412
f 412 665 666
f 170 172 171
f 171 172 174
f 171 174 674
f 674 174 670
f 674 670 675
f 675 670 671
f 675 671 676
f 676 671 672
f 676 672 677
f 677 672 673
f 677 673 417
f 417 673 414
f 417 414 415
f 415 414 413
f 167 169 168
f 168 169 171
f 168 171 678
f 678 171 674
f 678 674 679
f 679 674 675
f 679 675 680
f 680 675 676
f 680 676 681
f 681 676 677
f 681 677 420
f 420 677 417
f 420 417 418
f 418 417 416
f 164 166 165
f 165 166 168
f 165 168 682
f 682 168 678
f 682 678 683
f 683 678 679
f 683 679 684
f 684 679 680
f 684 680 685
f 685 680 681
f 685 681 423
f 423 681 420
f 423 420 421
f 421 420 419
f 161 163 162
f 162 163 165
f 162 165 686
f 686 165 682
f 686 682 687
f 687 682 683
f 687 683 688
f 688 683 684
f 688 684 689
f 689 684 685
f 689 685 426
f 426 685 423
f 426 423 424
f 424 423 422
f 158 160 159
f 159 160 162
f 159 162 690
f 690 162 686
f 690 686 691
f 691 686 687
f 691 687 692
f 692 687 688
f 692 688 693
f 693 688 689
f 693 689 429
f 429 689 426
f 429 426 427
f 427 426 425
f 155 157 156
f 156 157 159
f 156 159 694
f 694 159 690
f 694 690 695
f 695 690 691
f 695 691 696
f 696 691 692
f 696 692 697
f 697 692 693
f 697 693 432
f 432 693 429
f 432 429 430
f 430 429 428
f 152 154 153
f 153 154 156
f 153 156 698
f 698 156 694
f 698 694 699
f 699 694 695
f 699 695 700
f 700 695 696
f 700 696 701
f 701 696 697
f 701 697 435
f 435 697 432
f 435 432 433
f 433 432 431
f 149 151 150
f 150 151 153
f 150 153 702
f 702 153 698
f 702 698 703
f 703 698 699
f 703 699 704
f 704 699 700
f 704 700 705
f 705 700 701
f 705 701 438
f 438 701 435
f 438 435 436
f 436 435 434
f 146 148 147
f 147 148 150
f 147 150 706
f 706 150 702
f 706 702 707
f 707 702 703
f 707 703 708
f 708 703 704
f 708 704 709
f 709 704 705
f 709 705 441
f 441 705 438
f 441 438 439
f 439 438 437
f 143 145 144
f 144 145 147
f 144 147 710
f 710 147 706
f 710 706 711
f 711 706 707
f 711 707 712
f 712 707 708
f 712 708 713
f 713 708 709
f 713 709 444
f 444 709 441
f 444 441 442
f 442 441 440
f 140 142 141
f 141 142 144
f 141 144 714
f 714 144 710
f 714 710 715
f 715 710 711
f 715 711 716
f 716 711 712
f 716 712 717
f 717 712 713
f 717 713 447
f 447 713 444
f 447 444 445
f 445 444 443
f 137 139 138
f 138 139 141
f 138 141 718
f 718 141 714
f 718 714 719
f 719 714 715
f 719 715 720
f 720 715 716
f 720 716 721
f 721 716 717
f 721 717 450
f 450 717 447
f 450 447 448
f 448 447 446
f 722 136 723
f 723 136 138
f 723 138 724
f 724 138 718
f 724 718 725
f 725 718 719
f 725 719 726
f 726 719 720
f 726 720 727
f 727 720 721
f 727 721 294
f 294 721 450
f 294 450 451
f 451 450 449
f 293 488 294
f 294 488 489
f 294 489 727
f 727 489 490
f 727 490 726
f 726 490 491
f 726 491 725
f 725 491 492
f 725 492 724
f 724 492 493
f 724 493 723
f 723 493 494
f 723 494 722
f 722 494 495
f 728 729 730
f 731 732 733
f 733 732 734
f 735 736 737
f 737 736 738
f 739 740 741
f 741 740 742
f 743 744 729
f 729 744 745
f 729 745 730
f 732 746 734
f 734 746 747
f 734 747 743
f 743 747 748
f 743 748 744
f 736 749 738
f 738 749 750
f 738 750 751
f 735 737 752
f 752 737 753
f 752 753 754
f 755 756 741
f 741 756 757
f 741 757 739
f 730 758 728
f 728 758 759
f 728 759 755
f 755 759 760
f 755 760 756
f 761 762 763
f 750 764 751
f 751 764 765
f 751 765 762
f 762 765 766
f 762 766 763
f 767 768 769
f 763 770 761
f 761 770 771
f 761 771 733
f 733 771 772
f 733 772 731
f 769 773 767
f 767 773 774
f 767 774 753
f 753 774 775
f 753 775 754
f 776 777 768
f 768 777 778
f 768 778 769
f 779 780 781
f 782 783 784
f 785 786 784
f 784 786 787
f 784 787 782
f 740 788 742
f 742 788 789
f 742 789 785
f 785 789 790
f 785 790 786
f 791 792 776
f 776 792 793
f 776 793 777
f 794 795 791
f 791 795 796
f 791 796 792
f 797 798 794
f 794 798 799
f 794 799 795
f 800 801 797
f 797 801 802
f 797 802 798
f 803 804 805
f 805 804 779
f 805 779 806
f 806 779 781
f 782 807 783
f 783 807 808
f 783 808 780
f 780 808 809
f 780 809 781
f 803 810 804
f 804 810 811
f 804 811 800
f 800 811 812
f 800 812 801
f 813 783 814
f 814 783 780
f 814 780 815
f 815 780 779
f 815 779 816
f 816 779 804
f 816 804 817
f 817 804 800
f 817 800 818
f 818 800 797
f 818 797 819
f 819 797 794
f 819 794 820
f 820 794 791
f 820 791 821
f 821 791 776
f 821 776 822
f 822 776 768
f 822 768 823
f 823 768 767
f 823 767 824
f 824 767 753
f 824 753 825
f 825 753 737
f 825 737 826
f 826 737 738
f 826 738 827
f 827 738 751
f 827 751 828
f 828 751 762
f 828 762 829
f 829 762 761
f 829 761 830
f 830 761 733
f 830 733 831
f 831 733 734
f 831 734 832
f 832 734 743
f 832 743 833
f 833 743 729
f 833 729 834
f 834 729 728
f 834 728 835
f 835 728 755
f 835 755 836
f 836 755 741
f 836 741 837
f 837 741 742
f 837 742 838
f 838 742 785
f 838 785 839
f 839 785 784
f 839 784 813
f 813 784 783
f 840 818 841
f 841 818 819
f 841 819 842
f 842 819 820
f 842 820 843
f 843 820 821
f 843 821 844
f 844 821 822
f 844 822 845
f 845 822 823
f 845 823 846
f 846 823 824
f 846 824 847
f 847 824 825
f 847 825 848
f 849 836 850
f 850 836 837
f 850 837 851
f 851 837 838
f 851 838 852
f 852 838 839
f 852 839 853
f 853 839 813
f 853 813 854
f 854 813 814
f 854 814 855
f 855 814 815
f 855 815 856
f 856 815 816
f 856 816 840
f 840 816 817
f 840 817 818
f 825 826 848
f 848 826 827
f 848 827 857
f 857 827 828
f 857 828 858
f 858 828 829
f 858 829 859
f 859 829 830
f 859 830 860
f 860 830 831
f 860 831 861
f 861 831 832
f 861 832 862
f 862 832 833
f 862 833 863
f 863 833 834
f 863 834 849
f 849 834 835
f 849 835 836
f 864 853 865
f 865 853 854
f 865 854 866
f 866 854 855
f 866 855 867
f 867 855 856
f 867 856 868
f 868 856 840
f 868 840 869
f 869 840 841
f 869 841 870
f 870 841 842
f 870 842 871
f 871 842 843
f 871 843 872
f 872 843 844
f 872 844 873
f 873 844 845
f 873 845 874
f 874 845 846
f 874 846 875
f 875 846 847
f 875 847 876
f 876 847 848
f 876 848 877
f 877 848 857
f 877 857 878
f 878 857 858
f 878 858 879
f 879 858 859
f 879 859 880
f 880 859 860
f 880 860 881
f 881 860 861
f 881 861 882
f 882 861 862
f 882 862 883
f 883 862 863
f 883 863 884
f 884 863 849
f 884 849 885
f 885 849 850
f 885 850 886
f 886 850 851
f 886 851 887
f 887 851 852
f 887 852 864
f 864 852 853
f 877 888 876
f 876 888 889
f 876 889 875
f 875 889 890
f 875 890 874
f 874 890 891
f 874 891 873
f 873 891 892
f 873 892 872
f 872 892 893
f 872 893 871
f 871 893 894
f 871 894 870
f 870 894 895
f 870 895 869
f 885 896 884
f 884 896 897
f 884 897 883
f 883 897 898
f 883 898 882
f 882 898 899
f 882 899 881
f 881 899 900
f 881 900 880
f 880 900 901
f 880 901 879
f 879 901 902
f 879 902 878
f 878 902 903
f 878 903 877
f 877 903 904
f 877 904 888
f 895 905 869
f 869 905 906
f 869 906 868
f 868 906 907
f 868 907 867
f 867 907 908
f 867 908 866
f 866 908 909
f 866 909 865
f 865 909 910
f 865 910 864
f 864 910 911
f 864 911 887
f 887 911 912
f 887 912 886
f 886 912 913
f 886 913 885
f 885 913 914
f 885 914 896
f 102 911 78
f 78 911 910
f 78 910 77
f 77 910 909
f 77 909 80
f 80 909 908
f 80 908 83
f 83 908 907
f 83 907 103
f 103 907 906
f 103 906 68
f 68 906 905
f 68 905 54
f 54 905 895
f 54 895 53
f 53 895 894
f 53 894 86
f 86 894 893
f 86 893 89
f 89 893 892
f 89 892 91
f 91 892 891
f 91 891 92
f 92 891 890
f 92 890 71
f 71 890 889
f 71 889 61
f 61 889 888
f 61 888 58
f 58 888 904
f 58 904 57
f 57 904 903
f 57 903 72
f 72 903 902
f 72 902 112
f 112 902 901
f 112 901 115
f 115 901 900
f 115 900 99
f 99 900 899
f 99 899 65
f 65 899 898
f 65 898 64
f 64 898 897
f 64 897 122
f 122 897 896
f 122 896 128
f 128 896 914
f 128 914 130
f 130 914 913
f 130 913 126
f 126 913 912
f 126 912 102
f 102 912 911
f 293 292 915
f 451 449 916
f 448 446 917
f 436 434 918
f 433 431 919
f 430 428 920
f 427 425 921
f 424 422 922
f 421 419 923
f 418 416 924
f 308 307 925
f 386 384 926
f 383 381 927
f 371 369 928
f 368 366 929
f 365 363 930
f 362 360 931
f 359 357 932
f 356 354 933
f 353 351 934
f 935 803 805
f 936 810 803
f 937 811 810
f 938 812 811
f 939 801 812
f 940 802 801
f 941 798 802
f 942 799 798
f 943 795 799
f 944 796 795
f 945 792 796
f 946 793 792
f 947 777 793
f 948 778 777
f 949 769 778
f 950 773 769
f 951 774 773
f 952 775 774
f 953 754 775
f 954 752 754
f 955 771 770
f 956 772 771
f 957 731 772
f 958 732 731
f 959 746 732
f 960 747 746
f 961 748 747
f 962 744 748
f 963 745 744
f 964 730 745
f 965 758 730
f 966 759 758
f 967 760 759
f 968 756 760
f 969 757 756
f 970 739 757
f 971 740 739
f 972 788 740
f 973 789 788
f 974 790 789
f 786 790 975
f 975 790 974
f 975 974 976
f 735 752 977
f 977 752 954
f 977 954 978
f 787 786 979
f 979 786 975
f 979 975 980
f 980 975 976
f 980 976 981
f 736 735 982
f 982 735 977
f 982 977 983
f 983 977 978
f 983 978 984
f 782 787 985
f 985 787 979
f 985 979 986
f 986 979 980
f 986 980 987
f 987 980 981
f 987 981 988
f 749 736 989
f 989 736 982
f 989 982 990
f 990 982 983
f 990 983 991
f 991 983 984
f 991 984 992
f 807 782 993
f 993 782 985
f 993 985 994
f 994 985 986
f 994 986 995
f 995 986 987
f 995 987 996
f 996 987 988
f 996 988 997
f 750 749 998
f 998 749 989
f 998 989 999
f 999 989 990
f 999 990 1000
f 1000 990 991
f 1000 991 1001
f 1001 991 992
f 1001 992 1002
f 1003 1004 1005
f 1006 1007 1008
f 1009 319 470
f 789 973 974
f 974 973 1010
f 974 1010 976
f 976 1010 1011
f 976 1011 981
f 981 1011 1012
f 981 1012 988
f 988 1012 1009
f 988 1009 997
f 997 1009 470
f 997 470 488
f 1013 316 320
f 788 972 973
f 973 972 1014
f 973 1014 1010
f 1010 1014 1015
f 1010 1015 1011
f 1011 1015 1016
f 1011 1016 1012
f 1012 1016 1013
f 1012 1013 1009
f 1009 1013 320
f 1009 320 319
f 1017 313 317
f 740 971 972
f 972 971 1018
f 972 1018 1014
f 1014 1018 1019
f 1014 1019 1015
f 1015 1019 1020
f 1015 1020 1016
f 1016 1020 1017
f 1016 1017 1013
f 1013 1017 317
f 1013 317 316
f 1021 322 314
f 739 970 971
f 971 970 1022
f 971 1022 1018
f 1018 1022 1023
f 1018 1023 1019
f 1019 1023 1024
f 1019 1024 1020
f 1020 1024 1021
f 1020 1021 1017
f 1017 1021 314
f 1017 314 313
f 1025 324 323
f 757 969 970
f 970 969 1026
f 970 1026 1022
f 1022 1026 1027
f 1022 1027 1023
f 1023 1027 1028
f 1023 1028 1024
f 1024 1028 1025
f 1024 1025 1021
f 1021 1025 323
f 1021 323 322
f 1029 326 325
f 756 968 969
f 969 968 1030
f 969 1030 1026
f 1026 1030 1031
f 1026 1031 1027
f 1027 1031 1032
f 1027 1032 1028
f 1028 1032 1029
f 1028 1029 1025
f 1025 1029 325
f 1025 325 324
f 1033 329 327
f 760 967 968
f 968 967 1034
f 968 1034 1030
f 1030 1034 1035
f 1030 1035 1031
f 1031 1035 1036
f 1031 1036 1032
f 1032 1036 1033
f 1032 1033 1029
f 1029 1033 327
f 1029 327 326
f 1037 332 330
f 759 966 967
f 967 966 1038
f 967 1038 1034
f 1034 1038 1039
f 1034 1039 1035
f 1035 1039 1040
f 1035 1040 1036
f 1036 1040 1037
f 1036 1037 1033
f 1033 1037 330
f 1033 330 329
f 1041 335 333
f 758 965 966
f 966 965 1042
f 966 1042 1038
f 1038 1042 1043
f 1038 1043 1039
f 1039 1043 1044
f 1039 1044 1040
f 1040 1044 1041
f 1040 1041 1037
f 1037 1041 333
f 1037 333 332
f 1045 338 336
f 730 964 965
f 965 964 1046
f 965 1046 1042
f 1042 1046 1047
f 1042 1047 1043
f 1043 1047 1048
f 1043 1048 1044
f 1044 1048 1045
f 1044 1045 1041
f 1041 1045 336
f 1041 336 335
f 1049 341 339
f 745 963 964
f 964 963 1050
f 964 1050 1046
f 1046 1050 1051
f 1046 1051 1047
f 1047 1051 1052
f 1047 1052 1048
f 1048 1052 1049
f 1048 1049 1045
f 1045 1049 339
f 1045 339 338
f 1053 344 342
f 744 962 963
f 963 962 1054
f 963 1054 1050
f 1050 1054 1055
f 1050 1055 1051
f 1051 1055 1056
f 1051 1056 1052
f 1052 1056 1053
f 1052 1053 1049
f 1049 1053 342
f 1049 342 341
f 1057 310 345
f 748 961 962
f 962 961 1058
f 962 1058 1054
f 1054 1058 1059
f 1054 1059 1055
f 1055 1059 1060
f 1055 1060 1056
f 1056 1060 1057
f 1056 1057 1053
f 1053 1057 345
f 1053 345 344
f 1061 546 311
f 747 960 961
f 961 960 1062
f 961 1062 1058
f 1058 1062 1063
f 1058 1063 1059
f 1059 1063 1064
f 1059 1064 1060
f 1060 1064 1061
f 1060 1061 1057
f 1057 1061 311
f 1057 311 310
f 350 348 1065
f 1065 348 347
f 746 959 960
f 960 959 1066
f 960 1066 1062
f 1062 1066 1067
f 1062 1067 1063
f 1063 1067 1068
f 1063 1068 1064
f 1064 1068 1065
f 1064 1065 1061
f 1061 1065 347
f 1061 347 546
f 732 958 959
f 959 958 1069
f 959 1069 1066
f 1066 1069 1070
f 1066 1070 1067
f 1067 1070 1071
f 1067 1071 1068
f 1068 1071 934
f 1068 934 1065
f 1065 934 351
f 1065 351 350
f 731 957 958
f 958 957 1072
f 958 1072 1069
f 1069 1072 1073
f 1069 1073 1070
f 1070 1073 1074
f 1070 1074 1071
f 1071 1074 933
f 1071 933 934
f 934 933 354
f 934 354 353
f 772 956 957
f 957 956 1075
f 957 1075 1072
f 1072 1075 1076
f 1072 1076 1073
f 1073 1076 1077
f 1073 1077 1074
f 1074 1077 932
f 1074 932 933
f 933 932 357
f 933 357 356
f 771 955 956
f 956 955 1078
f 956 1078 1075
f 1075 1078 1079
f 1075 1079 1076
f 1076 1079 1080
f 1076 1080 1077
f 1077 1080 931
f 1077 931 932
f 932 931 360
f 932 360 359
f 770 1081 955
f 955 1081 1082
f 955 1082 1078
f 1078 1082 1083
f 1078 1083 1079
f 1079 1083 1084
f 1079 1084 1080
f 1080 1084 930
f 1080 930 931
f 931 930 363
f 931 363 362
f 1081 1085 1082
f 1082 1085 1086
f 1082 1086 1083
f 1083 1086 1087
f 1083 1087 1084
f 1084 1087 929
f 1084 929 930
f 930 929 366
f 930 366 365
f 1085 1088 1086
f 1086 1088 1089
f 1086 1089 1087
f 1087 1089 928
f 1087 928 929
f 929 928 369
f 929 369 368
f 1088 1003 1089
f 1089 1003 1005
f 1089 1005 928
f 928 1005 372
f 928 372 371
f 380 378 1090
f 1090 378 1004
f 1090 1004 1091
f 1091 1004 1003
f 1091 1003 1092
f 1092 1003 1088
f 1092 1088 1093
f 1093 1088 1085
f 1093 1085 1094
f 1094 1085 1081
f 1094 1081 763
f 763 1081 770
f 378 377 1004
f 1004 377 375
f 1004 375 1005
f 1005 375 374
f 1005 374 372
f 381 380 927
f 927 380 1090
f 927 1090 1095
f 1095 1090 1091
f 1095 1091 1096
f 1096 1091 1092
f 1096 1092 1097
f 1097 1092 1093
f 1097 1093 1098
f 1098 1093 1094
f 1098 1094 766
f 766 1094 763
f 384 383 926
f 926 383 927
f 926 927 1099
f 1099 927 1095
f 1099 1095 1100
f 1100 1095 1096
f 1100 1096 1101
f 1101 1096 1097
f 1101 1097 1102
f 1102 1097 1098
f 1102 1098 765
f 765 1098 766
f 307 386 925
f 925 386 926
f 925 926 1103
f 1103 926 1099
f 1103 1099 1104
f 1104 1099 1100
f 1104 1100 1105
f 1105 1100 1101
f 1105 1101 1106
f 1106 1101 1102
f 1106 1102 764
f 764 1102 765
f 608 308 1002
f 1002 308 925
f 1002 925 1001
f 1001 925 1103
f 1001 1103 1000
f 1000 1103 1104
f 1000 1104 999
f 999 1104 1105
f 999 1105 998
f 998 1105 1106
f 998 1106 750
f 750 1106 764
f 1107 304 476
f 754 953 954
f 954 953 1108
f 954 1108 978
f 978 1108 1109
f 978 1109 984
f 984 1109 1110
f 984 1110 992
f 992 1110 1107
f 992 1107 1002
f 1002 1107 476
f 1002 476 608
f 1111 301 305
f 775 952 953
f 953 952 1112
f 953 1112 1108
f 1108 1112 1113
f 1108 1113 1109
f 1109 1113 1114
f 1109 1114 1110
f 1110 1114 1111
f 1110 1111 1107
f 1107 1111 305
f 1107 305 304
f 1115 298 302
f 774 951 952
f 952 951 1116
f 952 1116 1112
f 1112 1116 1117
f 1112 1117 1113
f 1113 1117 1118
f 1113 1118 1114
f 1114 1118 1115
f 1114 1115 1111
f 1111 1115 302
f 1111 302 301
f 1119 387 299
f 773 950 951
f 951 950 1120
f 951 1120 1116
f 1116 1120 1121
f 1116 1121 1117
f 1117 1121 1122
f 1117 1122 1118
f 1118 1122 1119
f 1118 1119 1115
f 1115 1119 299
f 1115 299 298
f 1123 389 388
f 769 949 950
f 950 949 1124
f 950 1124 1120
f 1120 1124 1125
f 1120 1125 1121
f 1121 1125 1126
f 1121 1126 1122
f 1122 1126 1123
f 1122 1123 1119
f 1119 1123 388
f 1119 388 387
f 1127 391 390
f 778 948 949
f 949 948 1128
f 949 1128 1124
f 1124 1128 1129
f 1124 1129 1125
f 1125 1129 1130
f 1125 1130 1126
f 1126 1130 1127
f 1126 1127 1123
f 1123 1127 390
f 1123 390 389
f 1131 394 392
f 777 947 948
f 948 947 1132
f 948 1132 1128
f 1128 1132 1133
f 1128 1133 1129
f 1129 1133 1134
f 1129 1134 1130
f 1130 1134 1131
f 1130 1131 1127
f 1127 1131 392
f 1127 392 391
f 1135 397 395
f 793 946 947
f 947 946 1136
f 947 1136 1132
f 1132 1136 1137
f 1132 1137 1133
f 1133 1137 1138
f 1133 1138 1134
f 1134 1138 1135
f 1134 1135 1131
f 1131 1135 395
f 1131 395 394
f 1139 400 398
f 792 945 946
f 946 945 1140
f 946 1140 1136
f 1136 1140 1141
f 1136 1141 1137
f 1137 1141 1142
f 1137 1142 1138
f 1138 1142 1139
f 1138 1139 1135
f 1135 1139 398
f 1135 398 397
f 1143 403 401
f 796 944 945
f 945 944 1144
f 945 1144 1140
f 1140 1144 1145
f 1140 1145 1141
f 1141 1145 1146
f 1141 1146 1142
f 1142 1146 1143
f 1142 1143 1139
f 1139 1143 401
f 1139 401 400
f 1147 406 404
f 795 943 944
f 944 943 1148
f 944 1148 1144
f 1144 1148 1149
f 1144 1149 1145
f 1145 1149 1150
f 1145 1150 1146
f 1146 1150 1147
f 1146 1147 1143
f 1143 1147 404
f 1143 404 403
f 1151 409 407
f 799 942 943
f 943 942 1152
f 943 1152 1148
f 1148 1152 1153
f 1148 1153 1149
f 1149 1153 1154
f 1149 1154 1150
f 1150 1154 1151
f 1150 1151 1147
f 1147 1151 407
f 1147 407 406
f 1155 295 410
f 798 941 942
f 942 941 1156
f 942 1156 1152
f 1152 1156 1157
f 1152 1157 1153
f 1153 1157 1158
f 1153 1158 1154
f 1154 1158 1155
f 1154 1155 1151
f 1151 1155 410
f 1151 410 409
f 1159 666 296
f 802 940 941
f 941 940 1160
f 941 1160 1156
f 1156 1160 1161
f 1156 1161 1157
f 1157 1161 1162
f 1157 1162 1158
f 1158 1162 1159
f 1158 1159 1155
f 1155 1159 296
f 1155 296 295
f 415 413 1163
f 1163 413 412
f 801 939 940
f 940 939 1164
f 940 1164 1160
f 1160 1164 1165
f 1160 1165 1161
f 1161 1165 1166
f 1161 1166 1162
f 1162 1166 1163
f 1162 1163 1159
f 1159 1163 412
f 1159 412 666
f 812 938 939
f 939 938 1167
f 939 1167 1164
f 1164 1167 1168
f 1164 1168 1165
f 1165 1168 1169
f 1165 1169 1166
f 1166 1169 924
f 1166 924 1163
f 1163 924 416
f 1163 416 415
f 811 937 938
f 938 937 1170
f 938 1170 1167
f 1167 1170 1171
f 1167 1171 1168
f 1168 1171 1172
f 1168 1172 1169
f 1169 1172 923
f 1169 923 924
f 924 923 419
f 924 419 418
f 810 936 937
f 937 936 1173
f 937 1173 1170
f 1170 1173 1174
f 1170 1174 1171
f 1171 1174 1175
f 1171 1175 1172
f 1172 1175 922
f 1172 922 923
f 923 922 422
f 923 422 421
f 803 935 936
f 936 935 1176
f 936 1176 1173
f 1173 1176 1177
f 1173 1177 1174
f 1174 1177 1178
f 1174 1178 1175
f 1175 1178 921
f 1175 921 922
f 922 921 425
f 922 425 424
f 805 1179 935
f 935 1179 1180
f 935 1180 1176
f 1176 1180 1181
f 1176 1181 1177
f 1177 1181 1182
f 1177 1182 1178
f 1178 1182 920
f 1178 920 921
f 921 920 428
f 921 428 427
f 1179 1183 1180
f 1180 1183 1184
f 1180 1184 1181
f 1181 1184 1185
f 1181 1185 1182
f 1182 1185 919
f 1182 919 920
f 920 919 431
f 920 431 430
f 1183 1186 1184
f 1184 1186 1187
f 1184 1187 1185
f 1185 1187 918
f 1185 918 919
f 919 918 434
f 919 434 433
f 1186 1006 1187
f 1187 1006 1008
f 1187 1008 918
f 918 1008 437
f 918 437 436
f 445 443 1188
f 1188 443 1007
f 1188 1007 1189
f 1189 1007 1006
f 1189 1006 1190
f 1190 1006 1186
f 1190 1186 1191
f 1191 1186 1183
f 1191 1183 1192
f 1192 1183 1179
f 1192 1179 806
f 806 1179 805
f 443 442 1007
f 1007 442 440
f 1007 440 1008
f 1008 440 439
f 1008 439 437
f 446 445 917
f 917 445 1188
f 917 1188 1193
f 1193 1188 1189
f 1193 1189 1194
f 1194 1189 1190
f 1194 1190 1195
f 1195 1190 1191
f 1195 1191 1196
f 1196 1191 1192
f 1196 1192 781
f 781 1192 806
f 449 448 916
f 916 448 917
f 916 917 1197
f 1197 917 1193
f 1197 1193 1198
f 1198 1193 1194
f 1198 1194 1199
f 1199 1194 1195
f 1199 1195 1200
f 1200 1195 1196
f 1200 1196 809
f 809 1196 781
f 292 451 915
f 915 451 916
f 915 916 1201
f 1201 916 1197
f 1201 1197 1202
f 1202 1197 1198
f 1202 1198 1203
f 1203 1198 1199
f 1203 1199 1204
f 1204 1199 1200
f 1204 1200 808
f 808 1200 809
f 488 293 997
f 997 293 915
f 997 915 996
f 996 915 1201
f 996 1201 995
f 995 1201 1202
f 995 1202 994
f 994 1202 1203
f 994 1203 993
f 993 1203 1204
f 993 1204 807
f 807 1204 808
f 284 1205 1206
f 284 283 1205
f 1205 283 281
f 1205 281 1207
f 281 280 1207
f 1207 280 278
f 1207 278 1208
f 278 277 1208
f 1208 277 275
f 1208 275 1209
f 1209 275 274
f 1209 274 1210
f 274 272 1210
f 1210 272 271
f 1210 271 1211
f 271 269 1211
f 1211 269 268
f 1211 268 1212
f 268 266 1212
f 1212 266 265
f 1212 265 1213
f 265 263 1213
f 1213 263 262
f 1213 262 1214
f 262 260 1214
f 1214 260 259
f 1214 259 1215
f 259 257 1215
f 1215 257 256
f 1215 256 1216
f 256 254 1216
f 1216 254 253
f 1216 253 1217
f 253 251 1217
f 1217 251 250
f 1217 250 1218
f 250 537 1218
f 1218 537 549
f 1218 549 1219
f 549 548 1219
f 1219 548 547
f 1219 547 1220
f 1220 547 539
f 539 538 1220
f 1220 538 248
f 1220 248 1221
f 248 247 1221
f 1221 247 245
f 1221 245 1222
f 245 244 1222
f 1222 244 242
f 1222 242 1223
f 242 241 1223
f 1223 241 239
f 1223 239 1224
f 239 238 1224
f 1224 238 236
f 1224 236 1225
f 236 235 1225
f 1225 235 233
f 1225 233 1226
f 233 232 1226
f 1226 232 230
f 1226 230 1227
f 230 229 1227
f 1227 229 227
f 1227 227 1228
f 227 226 1228
f 1228 226 224
f 1228 224 1229
f 224 223 1229
f 1229 223 221
f 1229 221 1230
f 221 220 1230
f 1230 220 218
f 1230 218 1231
f 218 217 1231
f 1231 217 215
f 1231 215 1232
f 215 214 1232
f 1232 214 212
f 1232 212 1233
f 212 211 1233
f 1233 211 602
f 1233 602 1234
f 602 615 1234
f 1234 615 209
f 1234 209 1235
f 209 208 1235
f 1235 208 206
f 1235 206 1236
f 206 205 1236
f 1236 205 203
f 1236 203 1237
f 203 202 1237
f 1237 202 200
f 1237 200 1238
f 1238 200 199
f 1238 199 1239
f 199 197 1239
f 1239 197 196
f 1239 196 1240
f 196 194 1240
f 1240 194 193
f 1240 193 1241
f 193 191 1241
f 1241 191 190
f 1241 190 1242
f 190 188 1242
f 1242 188 187
f 1242 187 1243
f 187 185 1243
f 1243 185 184
f 1243 184 1244
f 184 182 1244
f 1244 182 181
f 1244 181 1245
f 181 179 1245
f 1245 179 178
f 1245 178 1246
f 178 176 1246
f 1246 176 175
f 1246 175 1247
f 175 657 1247
f 1247 657 669
f 1247 669 1248
f 1248 669 668
f 668 667 1248
f 1248 667 659
f 1248 659 1249
f 659 658 1249
f 1249 658 173
f 1249 173 1250
f 173 172 1250
f 1250 172 170
f 1250 170 1251
f 170 169 1251
f 1251 169 167
f 1251 167 1252
f 167 166 1252
f 1252 166 164
f 1252 164 1253
f 164 163 1253
f 1253 163 161
f 1253 161 1254
f 161 160 1254
f 1254 160 158
f 1254 158 1255
f 158 157 1255
f 1255 157 155
f 1255 155 1256
f 155 154 1256
f 1256 154 152
f 1256 152 1257
f 152 151 1257
f 1257 151 149
f 1257 149 1258
f 149 148 1258
f 1258 148 146
f 1258 146 1259
f 146 145 1259
f 1259 145 143
f 1259 143 1260
f 143 142 1260
f 1260 142 140
f 1260 140 1261
f 140 139 1261
f 1261 139 137
f 1261 137 1262
f 137 136 1262
f 1262 136 722
f 1262 722 1206
f 1206 722 495
f 1206 495 284
f 1206 1263 1262
f 1262 1263 1264
f 1262 1264 1261
f 1261 1264 1265
f 1261 1265 1260
f 1260 1265 1266
f 1260 1266 1259
f 1259 1266 1267
f 1259 1267 1258
f 1258 1267 1268
f 1258 1268 1257
f 1257 1268 1269
f 1257 1269 1256
f 1256 1269 1270
f 1256 1270 1255
f 1255 1270 1271
f 1255 1271 1254
f 1254 1271 1272
f 1254 1272 1253
f 1253 1272 1273
f 1253 1273 1252
f 1252 1273 1274
f 1252 1274 1251
f 1251 1274 1275
f 1251 1275 1250
f 1250 1275 1276
f 1250 1276 1249
f 1249 1276 1277
f 1249 1277 1248
f 1248 1277 1278
f 1248 1278 1247
f 1247 1278 1279
f 1247 1279 1246
f 1246 1279 1280
f 1246 1280 1245
f 1245 1280 1281
f 1245 1281 1244
f 1244 1281 1282
f 1244 1282 1243
f 1243 1282 1283
f 1243 1283 1242
f 1242 1283 1284
f 1242 1284 1241
f 1241 1284 1285
f 1241 1285 1240
f 1240 1285 1286
f 1240 1286 1239
f 1239 1286 1287
f 1239 1287 1238
f 1238 1287 1288
f 1238 1288 1237
f 1237 1288 1289
f 1237 1289 1236
f 1236 1289 1290
f 1236 1290 1235
f 1235 1290 1291
f 1235 1291 1234
f 1234 1291 1292
f 1234 1292 1233
f 1233 1292 1293
f 1233 1293 1232
f 1232 1293 1294
f 1232 1294 1231
f 1231 1294 1295
f 1231 1295 1230
f 1230 1295 1296
f 1230 1296 1229
f 1229 1296 1297
f 1229 1297 1228
f 1228 1297 1298
f 1228 1298 1227
f 1227 1298 1299
f 1227 1299 1226
f 1226 1299 1300
f 1226 1300 1225
f 1225 1300 1301
f 1225 1301 1224
f 1224 1301 1302
f 1224 1302 1223
f 1223 1302 1303
f 1223 1303 1222
f 1222 1303 1304
f 1222 1304 1221
f 1221 1304 1305
f 1221 1305 1220
f 1220 1305 1306
f 1220 1306 1219
f 1219 1306 1307
f 1219 1307 1218
f 1218 1307 1308
f 1218 1308 1217
f 1217 1308 1309
f 1217 1309 1216
f 1216 1309 1310
f 1216 1310 1215
f 1215 1310 1311
f 1215 1311 1214
f 1214 1311 1312
f 1214 1312 1213
f 1213 1312 1313
f 1213 1313 1212
f 1212 1313 1314
f 1212 1314 1211
f 1211 1314 1315
f 1211 1315 1210
f 1210 1315 1316
f 1210 1316 1209
f 1209 1316 1317
f 1209 1317 1208
f 1208 1317 1318
f 1208 1318 1207
f 1207 1318 1319
f 1207 1319 1205
f 1205 1319 1320
f 1205 1320 1206
f 1206 1320 1263
f 1320 1321 1263
f 1263 1321 1322
f 1263 1322 1264
f 1264 1322 1323
f 1264 1323 1265
f 1265 1323 1324
f 1265 1324 1266
f 1266 1324 1325
f 1266 1325 1267
f 1267 1325 1326
f 1267 1326 1268
f 1268 1326 1327
f 1268 1327 1269
f 1269 1327 1328
f 1269 1328 1270
f 1270 1328 1329
f 1270 1329 1271
f 1271 1329 1330
f 1271 1330 1272
f 1272 1330 1331
f 1272 1331 1273
f 1273 1331 1332
f 1273 1332 1274
f 1274 1332 1333
f 1274 1333 1275
f 1275 1333 1334
f 1275 1334 1276
f 1276 1334 1335
f 1276 1335 1277
f 1277 1335 1336
f 1277 1336 1278
f 1278 1336 1337
f 1278 1337 1279
f 1279 1337 1338
f 1279 1338 1280
f 1280 1338 1339
f 1280 1339 1281
f 1281 1339 1340
f 1281 1340 1282
f 1282 1340 1341
f 1282 1341 1283
f 1283 1341 1342
f 1283 1342 1284
f 1284 1342 1343
f 1284 1343 1285
f 1285 1343 1344
f 1285 1344 1286
f 1286 1344 1345
f 1286 1345 1287
f 1287 1345 1346
f 1287 1346 1288
f 1288 1346 1347
f 1288 1347 1289
f 1289 1347 1348
f 1289 1348 1290
f 1290 1348 1349
f 1290 1349 1291
f 1291 1349 1350
f 1291 1350 1292
f 1292 1350 1351
f 1292 1351 1293
f 1293 1351 1352
f 1293 1352 1294
f 1294 1352 1353
f 1294 1353 1295
f 1295 1353 1354
f 1295 1354 1296
f 1296 1354 1355
f 1296 1355 1297
f 1297 1355 1356
f 1297 1356 1298
f 1298 1356 1357
f 1298 1357 1299
f 1299 1357 1358
f 1299 1358 1300
f 1300 1358 1359
f 1300 1359 1301
f 1301 1359 1360
f 1301 1360 1302
f 1302 1360 1361
f 1302 1361 1303
f 1303 1361 1362
f 1303 1362 1304
f 1304 1362 1363
f 1304 1363 1305
f 1305 1363 1364
f 1305 1364 1306
f 1306 1364 1365
f 1306 1365 1307
f 1307 1365 1366
f 1307 1366 1308
f 1308 1366 1367
f 1308 1367 1309
f 1309 1367 1368
f 1309 1368 1310
f 1310 1368 1369
f 1310 1369 1311
f 1311 1369 1370
f 1311 1370 1312
f 1312 1370 1371
f 1312 1371 1313
f 1313 1371 1372
f 1313 1372 1314
f 1314 1372 1373
f 1314 1373 1315
f 1315 1373 1374
f 1315 1374 1316
f 1316 1374 1375
f 1316 1375 1317
f 1317 1375 1376
f 1317 1376 1318
f 1318 1376 1377
f 1318 1377 1319
f 1319 1377 1378
f 1319 1378 1320
f 1320 1378 1321
f 1378 1379 1321
f 1321 1379 1380
f 1321 1380 1322
f 1322 1380 1381
f 1322 1381 1323
f 1323 1381 1382
f 1323 1382 1324
f 1324 1382 1383
f 1324 1383 1325
f 1325 1383 1384
f 1325 1384 1326
f 1326 1384 1385
f 1326 1385 1327
f 1327 1385 1386
f 1327 1386 1328
f 1328 1386 1387
f 1328 1387 1329
f 1329 1387 1388
f 1329 1388 1330
f 1330 1388 1389
f 1330 1389 1331
f 1331 1389 1390
f 1331 1390 1332
f 1332 1390 1391
f 1332 1391 1333
f 1333 1391 1392
f 1333 1392 1334
f 1334 1392 1393
f 1334 1393 1335
f 1335 1393 1394
f 1335 1394 1336
f 1336 1394 1395
f 1336 1395 1337
f 1337 1395 1396
f 1337 1396 1338
f 1338 1396 1397
f 1338 1397 1339
f 1339 1397 1398
f 1339 1398 1340
f 1340 1398 1399
f 1340 1399 1341
f 1341 1399 1400
f 1341 1400 1342
f 1342 1400 1401
f 1342 1401 1343
f 1343 1401 1402
f 1343 1402 1344
f 1344 1402 1403
f 1344 1403 1345
f 1345 1403 1404
f 1345 1404 1346
f 1346 1404 1405
f 1346 1405 1347
f 1347 1405 1406
f 1347 1406 1348
f 1348 1406 1407
f 1348 1407 1349
f 1349 1407 1408
f 1349 1408 1350
f 1350 1408 1409
f 1350 1409 1351
f 1351 1409 1410
f 1351 1410 1352
f 1352 1410 1411
f 1352 1411 1353
f 1353 1411 1412
f 1353 1412 1354
f 1354 1412 1413
f 1354 1413 1355
f 1355 1413 1414
f 1355 1414 1356
f 1356 1414 1415
f 1356 1415 1357
f 1357 1415 1416
f 1357 1416 1358
f 1358 1416 1417
f 1358 1417 1359
f 1359 1417 1418
f 1359 1418 1360
f 1360 1418 1419
f 1360 1419 1361
f 1361 1419 1420
f 1361 1420 1362
f 1362 1420 1421
f 1362 1421 1363
f 1363 1421 1422
f 1363 1422 1364
f 1364 1422 1423
f 1364 1423 1365
f 1365 1423 1424
f 1365 1424 1366
f 1366 1424 1425
f 1366 1425 1367
f 1367 1425 1426
f 1367 1426 1368
f 1368 1426 1427
f 1368 1427 1369
f 1369 1427 1428
f 1369 1428 1370
f 1370 1428 1429
f 1370 1429 1371
f 1371 1429 1430
f 1371 1430 1372
f 1372 1430 1431
f 1372 1431 1373
f 1373 1431 1432
f 1373 1432 1374
f 1374 1432 1433
f 1374 1433 1375
f 1375 1433 1434
f 1375 1434 1376
f 1376 1434 1435
f 1376 1435 1377
f 1377 1435 1436
f 1377 1436 1378
f 1378 1436 1379
f 1436 1437 1379
f 1379 1437 1438
f 1379 1438 1380
f 1380 1438 1439
f 1380 1439 1381
f 1381 1439 1440
f 1381 1440 1382
f 1382 1440 1441
f 1382 1441 1383
f 1383 1441 1442
f 1383 1442 1384
f 1384 1442 1443
f 1384 1443 1385
f 1385 1443 1444
f 1385 1444 1386
f 1386 1444 1445
f 1386 1445 1387
f 1387 1445 1446
f 1387 1446 1388
f 1388 1446 1447
f 1388 1447 1389
f 1389 1447 1448
f 1389 1448 1390
f 1390 1448 1449
f 1390 1449 1391
f 1391 1449 1450
f 1391 1450 1392
f 1392 1450 1451
f 1392 1451 1393
f 1393 1451 1452
f 1393 1452 1394
f 1394 1452 1453
f 1394 1453 1395
f 1395 1453 1454
f 1395 1454 1396
f 1396 1454 1455
f 1396 1455 1397
f 1397 1455 1456
f 1397 1456 1398
f 1398 1456 1457
f 1398 1457 1399
f 1399 1457 1458
f 1399 1458 1400
f 1400 1458 1459
f 1400 1459 1401
f 1401 1459 1460
f 1401 1460 1402
f 1402 1460 1461
f 1402 1461 1403
f 1403 1461 1462
f 1403 1462 1404
f 1404 1462 1463
f 1404 1463 1405
f 1405 1463 1464
f 1405 1464 1406
f 1406 1464 1465
f 1406 1465 1407
f 1407 1465 1466
f 1407 1466 1408
f 1408 1466 1467
f 1408 1467 1409
f 1409 1467 1468
f 1409 1468 1410
f 1410 1468 1469
f 1410 1469 1411
f 1411 1469 1470
f 1411 1470 1412
f 1412 1470 1471
f 1412 1471 1413
f 1413 1471 1472
f 1413 1472 1414
f 1414 1472 1473
f 1414 1473 1415
f 1415 1473 1474
f 1415 1474 1416
f 1416 1474 1475
f 1416 1475 1417
f 1417 1475 1476
f 1417 1476 1418
f 1418 1476 1477
f 1418 1477 1419
f 1419 1477 1478
f 1419 1478 1420
f 1420 1478 1479
f 1420 1479 1421
f 1421 1479 1480
f 1421 1480 1422
f 1422 1480 1481
f 1422 1481 1423
f 1423 1481 1482
f 1423 1482 1424
f 1424 1482 1483
f 1424 1483 1425
f 1425 1483 1484
f 1425 1484 1426
f 1426 1484 1485
f 1426 1485 1427
f 1427 1485 1486
f 1427 1486 1428
f 1428 1486 1487
f 1428 1487 1429
f 1429 1487 1488
f 1429 1488 1430
f 1430 1488 1489
f 1430 1489 1431
f 1431 1489 1490
f 1431 1490 1432
f 1432 1490 1491
f 1432 1491 1433
f 1433 1491 1492
f 1433 1492 1434
f 1434 1492 1493
f 1434 1493 1435
f 1435 1493 1494
f 1435 1494 1436
f 1436 1494 1437
f 1494 101 1437
f 1437 101 100
f 1437 100 1438
f 1438 100 76
f 1438 76 1439
f 1439 76 75
f 1439 75 1440
f 1440 75 79
f 1440 79 1441
f 1441 79 81
f 1441 81 1442
f 1442 81 82
f 1442 82 1443
f 1443 82 84
f 1443 84 1444
f 1444 84 105
f 1444 105 1445
f 1445 105 104
f 1445 104 1446
f 1446 104 108
f 1446 108 1447
f 1447 108 107
f 1447 107 1448
f 1448 107 106
f 1448 106 1449
f 1449 106 67
f 1449 67 1450
f 1450 67 66
f 1450 66 1451
f 1451 66 52
f 1451 52 1452
f 1452 52 51
f 1452 51 1453
f 1453 51 85
f 1453 85 1454
f 1454 85 87
f 1454 87 1455
f 1455 87 88
f 1455 88 1456
f 1456 88 90
f 1456 90 1457
f 1457 90 111
f 1457 111 1458
f 1458 111 110
f 1458 110 1459
f 1459 110 109
f 1459 109 1460
f 1460 109 93
f 1460 93 1461
f 1461 93 96
f 1461 96 1462
f 1462 96 95
f 1462 95 1463
f 1463 95 94
f 1463 94 1464
f 1464 94 70
f 1464 70 1465
f 1465 70 69
f 1465 69 1466
f 1466 69 60
f 1466 60 1467
f 1467 60 59
f 1467 59 1468
f 1468 59 56
f 1468 56 1469
f 1469 56 55
f 1469 55 1470
f 1470 55 74
f 1470 74 1471
f 1471 74 73
f 1471 73 1472
f 1472 73 114
f 1472 114 1473
f 1473 114 113
f 1473 113 1474
f 1474 113 117
f 1474 117 1475
f 1475 117 116
f 1475 116 1476
f 1476 116 120
f 1476 120 1477
f 1477 120 119
f 1477 119 1478
f 1478 119 118
f 1478 118 1479
f 1479 118 98
f 1479 98 1480
f 1480 98 97
f 1480 97 1481
f 1481 97 63
f 1481 63 1482
f 1482 63 62
f 1482 62 1483
f 1483 62 121
f 1483 121 1484
f 1484 121 123
f 1484 123 1485
f 1485 123 127
f 1485 127 1486
f 1486 127 129
f 1486 129 1487
f 1487 129 132
f 1487 132 1488
f 1488 132 131
f 1488 131 1489
f 1489 131 135
f 1489 135 1490
f 1490 135 134
f 1490 134 1491
f 1491 134 133
f 1491 133 1492
f 1492 133 125
f 1492 125 1493
f 1493 125 124
f 1493 124 1494
f 1494 124 101
