v 0.0062492008 0.00624912617 0.00896631503
v -0.00727473547 -0.00782376888 -0.00666083074
v 0.00654627035 0.00599723694 0.00892637992
v -0.00695287039 -0.00801355007 -0.00677801347
v 0.00686813543 0.00580745575 0.00880919718
v -0.00662814429 -0.00812811019 -0.00696433759
v 0.00719286154 0.00569289563 0.00862287307
v -0.00632261088 -0.00815970066 -0.00720728612
v 0.00749839495 0.00566130516 0.00838004374
v -0.00605713179 -0.00810617569 -0.00749005056
v 0.00776387403 0.00571483014 0.0080971601
v -0.00584982683 -0.00797111156 -0.00779367662
v 0.00797117899 0.00584977505 0.00779365325
v -0.00571476271 -0.00776380661 -0.00809718347
v 0.0081061239 0.00605708001 0.0074901464
v -0.00566123774 -0.00749832752 -0.0083799479
v 0.00815964887 0.00632255909 0.00720726275
v -0.0056928282 -0.00719291332 -0.00862289644
v 0.00812805841 0.0066280925 0.00696431422
v -0.00580738833 -0.006868068 -0.00880922055
v 0.00801349829 0.00695281861 0.0067779901
v -0.00599716952 -0.00654620292 -0.00892640329
v 0.0078237171 0.00727468369 0.00666080737
v -0.00624917795 -0.00624913337 -0.0089663384
v 0.00757182787 0.00757175324 0.00662087226
v -0.0065462475 -0.00599712493 -0.00892640329
v 0.00727475832 0.00782376168 0.00666080737
v -0.00686811259 -0.00580746296 -0.00880922055
v 0.00695289324 0.00801354287 0.0067779901
v -0.00719283869 -0.00569290283 -0.00862289644
v 0.00662804792 0.00812810299 0.00696431422
v -0.0074983721 -0.00566131237 -0.0083799479
v 0.00632263372 0.00815969346 0.00720726275
v -0.00776385119 -0.00571483734 -0.00809718347
v 0.00605715463 0.00810616848 0.0074901464
v -0.00797115614 -0.00584978225 -0.00779367662
v 0.00584984968 0.00797110436 0.00779365325
v -0.00810610106 -0.00605708721 -0.00749005056
v 0.00571478555 0.0077637994 0.0080971601
v -0.00815974524 -0.0063225663 -0.00720728612
v 0.00566126058 0.00749843953 0.00838004374
v -0.00812815478 -0.0066280997 -0.00696433759
v 0.00569285105 0.00719290612 0.00862287307
v -0.00801347544 -0.00695282581 -0.00677801347
v 0.00580741117 0.0068680608 0.00880919718
v -0.00782381346 -0.00727469089 -0.00666083074
v 0.00599719236 0.00654619572 0.00892637992
v -0.00757180502 -0.00757176044 -0.00662089563
v -0.00691043188 -0.00691050651 -0.00779367662
v 0.00691045473 0.00691049931 0.00779365325
v -0.00235353758 -0.00112873676 -0.0121491072
v -0.00172041704 -0.00172049167 -0.0121858237
v -0.00386427691 -0.00322407844 -0.00895167566
v -0.00322400381 -0.00386435154 -0.00895167566
v -0.00302063276 -0.000585380817 -0.0120393155
v -0.00457941344 -0.00269300106 -0.00878835893
v -0.00371383478 -9.67419391e-05 -0.0118579981
v -0.00442515661 0.000331457829 -0.0116069434
v -0.00533078959 -0.00230008724 -0.00847066617
v -0.0051461344 0.000694092488 -0.0112893698
v -0.00834177782 -0.00479644897 -0.00358737684
v -0.00802611162 -0.00555080535 -0.00319839692
v -0.0111980324 -0.00535780551 -0.000556957486
v -0.00756095698 -0.00628906848 -0.00295616365
v -0.0104070788 -0.00678998592 1.16708253e-05
v -0.0108352785 -0.0060787833 -0.000239383938
v -0.00748323252 -0.00991851451 0.000193107364
v -0.0081503277 -0.00937515857 0.00030277991
v -0.00628899386 -0.0075610316 -0.00295616365
v -0.00697134783 -0.00697142246 -0.00287402845
v 0.00115038107 -0.00976485374 -0.00759853101
v 0.000908863047 -0.0102700627 -0.00693632341
v -0.00211702635 -0.00740069511 -0.006797683
v -0.00239895632 -0.00790506961 -0.00610042787
v 0.00131691644 -0.00920659664 -0.00824118829
v -0.00200401594 -0.00678056839 -0.00744773126
v 0.00140644262 -0.00860208633 -0.00885666585
v 0.00141800592 -0.00795823696 -0.00943769193
v -0.00206612398 -0.00607794883 -0.00801564431
v 0.00135124872 -0.00728267791 -0.00997747159
v -0.00230001261 -0.00533086422 -0.00847066617
v -0.00269304564 -0.00457948806 -0.00878835893
v 0.000331413248 -0.00442511203 -0.0116069434
v -0.00112878134 -0.00235361221 -0.0121491072
v -0.000585425398 -0.00302058818 -0.0120393155
v -9.67865201e-05 -0.00371390941 -0.0118579981
v -0.00586830427 0.000987228131 -0.0109087346
v -0.0060778742 -0.00206619861 -0.00801564431
v -0.00658332159 0.00120705006 -0.010469806
v -0.00678049376 -0.00200397136 -0.00744773126
v -0.00795828154 0.00141793129 -0.00943769193
v -0.00728272249 0.00135117409 -0.00997747159
v -0.0118209009 -0.00129729869 -0.00360513902
v -0.0116543656 -0.0007391608 -0.00424767709
v -0.00846515944 -0.00340086582 -0.00471545434
v -0.00826631834 -0.0028347409 -0.00539363599
v -0.00878344824 -0.00878340366 0.000339496372
v -0.00937520315 -0.00815040233 0.00030277991
v -0.00991843989 -0.00748330715 0.000193107364
v 0.000594984987 -0.0107165015 -0.00626219487
v 0.000212561586 -0.0110989249 -0.00558413244
v -0.00283466627 -0.00826639297 -0.00539363599
v -0.00740073969 -0.00211698177 -0.006797683
v -0.00920664122 0.00131696103 -0.00824118829
v -0.0086020117 0.0014064872 -0.00885666585
v -0.0114127283 -0.000233832622 -0.0049100039
v -0.0110989695 0.000212606167 -0.00558413244
v -0.00790499499 -0.00239891174 -0.00610042787
v -0.0119104271 -0.00190192821 -0.00298966146
v -0.00849078943 -0.0040666497 -0.00410236097
v -0.0119218712 -0.00254565837 -0.00240863538
v -0.0067900305 -0.0104071534 1.16708253e-05
v -0.00555084994 -0.00802618625 -0.00319839692
v -0.00607882788 -0.0108353532 -0.000239383938
v 0.000694167116 -0.00514608982 -0.0112893698
v 0.00098718355 -0.00586825969 -0.0109087346
v 0.00120700548 -0.00658327701 -0.010469806
v -0.0107165461 0.000595029568 -0.00626219487
v -0.0102701073 0.000908788418 -0.00693632341
v -0.00976477911 0.00115042565 -0.00759853101
v -0.0053578501 -0.011198107 -0.000556957486
v -0.00479649355 -0.00834173324 -0.00358737684
v -0.00463556101 -0.0114911235 -0.000937473538
v -0.00406669428 -0.00849074485 -0.00410236097
v -0.00340079119 -0.00846511486 -0.00471545434
v -0.00190185358 -0.0119103825 -0.00298966146
v -0.000233877203 -0.011412803 -0.0049100039
v -0.000739086172 -0.011654321 -0.00424767709
v -0.00129734328 -0.0118208564 -0.00360513902
v -0.0114910488 -0.00463563564 -0.000937473538
v -0.01171099 -0.00392061832 -0.00137652135
v -0.011855114 -0.00322121742 -0.00186885572
v -0.00254570296 -0.0119218266 -0.00240863538
v -0.003221262 -0.0118551886 -0.00186885572
v -0.0039206629 -0.0117109454 -0.00137652135
v -0.00802050879 -0.00939709308 0.00162671828
v -0.00732063105 -0.0099671519 0.00151168132
v -0.00603364756 -0.00875240924 0.00323056006
v -0.00727068236 -0.0100079215 0.00150345587
v -0.00656937411 -0.0105022824 0.00131987357
v -0.00526212504 -0.00930303695 0.0030346992
v -0.00649141123 -0.0105571187 0.00129948878
v -0.00579844763 -0.010974232 0.00105499053
v -0.00447033694 -0.00978905323 0.00276349807
v -0.00569199373 -0.0110383666 0.0010174396
v -0.0050165539 -0.0113782323 0.000719893215
v -0.00366686632 -0.0102050936 0.00241993689
v -0.00488160898 -0.0114461816 0.000660407779
v -0.00423215677 -0.0117096341 0.000318157909
v -0.00286041548 -0.0105467475 0.00200783038
v -0.00406979372 -0.0117755568 0.000232684848
v -0.0034536009 -0.0119649804 -0.000145685437
v -0.00206004431 -0.0108100808 0.00153158927
v -0.0032662039 -0.0120226777 -0.000260841611
v -0.00268958857 -0.0121415293 -0.000666630032
v -0.00127445509 -0.0109922326 0.000996577976
v -0.00248013785 -0.0121846831 -0.000814091923
v -0.00194846441 -0.0122372544 -0.00123895383
v -0.000512111685 -0.0110912955 0.00040851855
v -0.00172077467 -0.0122596658 -0.00142086721
v -0.00123821547 -0.0122510827 -0.00185633874
v 0.000218522051 -0.0111061967 -0.000226151707
v -0.000997055075 -0.0122467911 -0.0020740149
v -0.000566709539 -0.0121831334 -0.00251222825
v 0.000909459093 -0.0110366977 -0.000900399449
v -0.000317562124 -0.0121461785 -0.00276578641
v 5.89008121e-05 -0.0120338834 -0.00319923139
v 0.00155307005 -0.0108836329 -0.0016068337
v 0.000309836367 -0.0119590199 -0.0034880755
v 0.000631701448 -0.0118051207 -0.00390995717
v 0.00214232157 -0.0106485522 -0.00233770585
v 0.000877868631 -0.0116874612 -0.0042324183
v 0.00114549349 -0.0114993489 -0.00463653779
v 0.00267077635 -0.0103341973 -0.0030851481
v 0.00243378828 -0.00983506801 -0.007254493
v 0.00250865171 -0.00958413246 -0.00754333711
v 0.00407243917 -0.00836414459 -0.00607479787
v 0.00262094686 -0.00920766952 -0.00797678209
v 0.00265778253 -0.00895864131 -0.00823034024
v 0.00422562311 -0.00772053363 -0.00678123212
v 0.0027215595 -0.00852817657 -0.00866855359
v 0.00272585104 -0.00828701618 -0.00888622976
v 0.00429512213 -0.00702959659 -0.00745547986
v 0.00273443411 -0.00780445697 -0.00932158208
v 0.00271190355 -0.00757676723 -0.00950361467
v 0.00428022096 -0.00629908207 -0.00809003091
v 0.00265945146 -0.00704521301 -0.00992847657
v 0.0026162977 -0.00683564308 -0.0100759385
v 0.00418115804 -0.00553673866 -0.00867809034
v 0.00249744604 -0.00625902774 -0.0104817269
v 0.00243974874 -0.00607163074 -0.0105968831
v 0.00399888704 -0.00475103023 -0.00921322084
v 0.00225020597 -0.00545543792 -0.0109752533
v 0.00218440244 -0.00529319408 -0.0110607264
v 0.00373555372 -0.00395065906 -0.00968934274
v 0.00192094991 -0.00464362266 -0.0114029763
v 0.00185300062 -0.00450867775 -0.0114624617
v 0.00339401911 -0.00314432743 -0.0101015685
v 0.00151313494 -0.00383323791 -0.0117600081
v 0.00144900034 -0.00372678402 -0.011797559
v 0.00297797869 -0.00234085681 -0.0104450104
v 0.00103188703 -0.00303382042 -0.0120420573
v 0.000976931551 -0.00295597675 -0.0120624421
v 0.00249196241 -0.0015489495 -0.0107162116
v 0.000482570627 -0.00225454929 -0.0122460244
v 0.000441920259 -0.0022046006 -0.0122542498
v 0.0019413347 -0.000777426982 -0.0109120724
v -0.000128138563 -0.00150484207 -0.0123692868
v -0.000150311491 -0.00148111942 -0.0123707173
v 0.00133217523 -3.47531085e-05 -0.0110304472
v -0.00150476744 -0.000128093982 -0.0123692868
v -0.00220464518 0.00044196484 -0.0122542498
v -0.000777471563 0.00194137928 -0.0109120724
v -0.00225459387 0.000482615208 -0.0122460244
v -0.00295590212 0.000976976132 -0.0120624421
v -0.00154899409 0.00249200699 -0.0107162116
v -0.00303374579 0.00103181241 -0.0120420573
v -0.00372670939 0.00144904492 -0.011797559
v -0.00234078219 0.00297790406 -0.0104450104
v -0.00383328249 0.00151317952 -0.0117600081
v -0.00450872233 0.00185292599 -0.0114624617
v -0.0031442528 0.00339406369 -0.0101015685
v -0.00464366724 0.00192087529 -0.0114029763
v -0.00529311945 0.00218444703 -0.0110607264
v -0.00395070364 0.0037355983 -0.00968934274
v -0.00545536329 0.00225025055 -0.0109752533
v -0.00607167532 0.00243979332 -0.0105968831
v -0.00475107481 0.00399893162 -0.00921322084
v -0.00625907232 0.00249737141 -0.0104817269
v -0.00683556845 0.00261622307 -0.0100759385
v -0.00553666403 0.00418108342 -0.00867809034
v -0.00704513838 0.00265949604 -0.00992847657
v -0.00757681181 0.00271194813 -0.00950361467
v -0.00629900744 0.00428026555 -0.00809003091
v -0.00780450155 0.00273447869 -0.00932158208
v -0.00828706076 0.00272589562 -0.00888622976
v -0.00702964117 0.0042950475 -0.00745547986
v -0.00852822115 0.00272160408 -0.00866855359
v -0.00895856669 0.00265782711 -0.00823034024
v -0.00772057821 0.00422554848 -0.00678123212
v -0.0092077141 0.00262099144 -0.00797678209
v -0.00958417704 0.00250857708 -0.00754333711
v -0.00836418917 0.00407248375 -0.00607479787
v -0.00983511259 0.00243371365 -0.007254493
v -0.0101569777 0.00227981446 -0.00683261132
v -0.00895344069 0.00383740303 -0.00534380651
v -0.0104030256 0.00216215489 -0.0065101502
v -0.0106707697 0.00197404263 -0.00610603071
v -0.00948189547 0.00352304814 -0.00459648347
v -0.0119589453 0.000309880948 -0.0034880755
v -0.0120339279 5.89453931e-05 -0.00319923139
v -0.0108835583 0.00155299542 -0.0016068337
v -0.0121462231 -0.000317517543 -0.00276578641
v -0.0121830588 -0.000566664958 -0.00251222825
v -0.0110367422 0.000909384465 -0.000900399449
v -0.0122468357 -0.000997129703 -0.0020740149
v -0.0122511273 -0.0012382901 -0.00185633874
v -0.0111062412 0.000218447423 -0.000226151707
v -0.0122597103 -0.00172073009 -0.00142086721
v -0.0122371798 -0.00194853904 -0.00123895383
v -0.0110913401 -0.000512067104 0.00040851855
v -0.0121847277 -0.00248009327 -0.000814091923
v -0.0121414547 -0.0026896632 -0.000666630032
v -0.0109922772 -0.00127441051 0.000996577976
v -0.0120226031 -0.00326615932 -0.000260841611
v -0.011965025 -0.00345367553 -0.000145685437
v -0.0108100062 -0.00205999973 0.00153158927
v -0.0117754822 -0.00406986835 0.000232684848
v -0.0117096787 -0.00423211219 0.000318157909
v -0.0105466728 -0.00286049011 0.00200783038
v -0.0114461069 -0.0048815644 0.000660407779
v -0.0113782768 -0.00501662853 0.000719893215
v -0.0102051382 -0.00366682174 0.00241993689
v -0.0110384112 -0.00569194915 0.0010174396
v -0.0109742766 -0.00579852226 0.00105499053
v -0.00978909781 -0.00447029235 0.00276349807
v -0.0105571633 -0.00649148586 0.00129948878
v -0.0105022078 -0.00656932952 0.00131987357
v -0.00930308153 -0.00526219966 0.0030346992
v -0.0100078469 -0.00727063777 0.00150345587
v -0.00996719649 -0.00732058647 0.00151168132
v -0.00875245383 -0.00603372219 0.00323056006
v -0.00939713766 -0.00802046421 0.00162671828
v -0.00937496474 -0.00804418685 0.00162814879
v -0.00814329436 -0.00677639606 0.00334893489
v 0.00896359632 0.00231068966 -0.0040643332
v 0.0102051611 0.00366681454 -0.00241996026
v 0.0105466957 0.00286048291 -0.00200785375
v -0.00487397959 0.00177901623 0.00867663645
v -0.00339399626 0.00314432023 0.0101015451
v -0.00373565008 0.00395065186 0.00968943858
v 0.00150479029 0.000128086781 0.0123692634
v 0.00148106764 0.000150259709 0.0123706939
v 3.47013263e-05 -0.00133210781 0.0110304239
v 0.0116874094 -0.000877801204 0.00423239493
v 0.0114992971 -0.00114542606 0.00463663363
v 0.0103341455 -0.00267082813 0.00308512473
v 0.0105570669 0.00649147866 -0.00129951215
v 0.0109742994 0.00579851506 -0.0010550139
v 0.00978912065 0.00447028515 -0.00276352144
v 0.0100078697 0.00727063057 -0.00150347924
v 0.0105022306 0.00656932232 -0.00131989694
v 0.00930310438 0.00526219246 -0.00303472257
v 0.00939716051 0.00802045701 -0.00162674165
v 0.00996721933 0.00732057927 -0.00151158548
v 0.00875247667 0.00603371499 -0.00323046422
v 0.00802041242 0.00939708588 -0.00162674165
v 0.00804413507 0.00937503216 -0.00162817216
v 0.00677634428 0.00814324257 -0.00334883905
v -0.00216220667 0.0104030931 0.00651012683
v -0.00197409441 0.0106707179 0.00610600734
v -0.00352309992 0.00948196289 0.0045964601
v -0.00103186419 0.00303381321 0.0120420339
v -0.00144897749 0.00372677681 0.0117975357
v -0.00297795584 0.00234084961 0.0104451063
v -0.00048266699 0.00225454209 0.012246001
v -0.000977027914 0.00295596955 0.0120624187
v -0.00249193957 0.0015489423 0.0107161882
v 0.000128161409 0.00150483487 0.0123692634
v -0.000441897413 0.0022045934 0.0122542264
v -0.00194131186 0.000777419781 0.0109120491
v -0.00151311209 0.00383323071 0.0117599847
v -0.00185297777 0.00450867054 0.0114624383
v -0.00192092707 0.00464361546 0.0114029529
v -0.0021843796 0.00529318688 0.011060703
v -0.00225030234 0.00545543072 0.01097523
v -0.0024397259 0.00607162354 0.0105968597
v -0.00399886419 0.00475102303 0.00921319747
v -0.00249742319 0.00625902054 0.0104818227
v -0.00261627485 0.00683563588 0.0100759151
v -0.0041811352 0.00553673146 0.00867806697
v -0.00265942862 0.00704520581 0.0099284532
v -0.00271199991 0.00757676003 0.0095035913
v -0.00428019812 0.00629907486 0.00809000754
v -0.00273441126 0.00780444977 0.00932167792
v -0.00272582819 0.00828700898 0.00888620639
v -0.00429509928 0.00702958939 0.00745545649
v -0.00272153666 0.00852816937 0.00866853022
v -0.0026578789 0.00895863411 0.00823043608
v -0.00422560026 0.00772052643 0.00678120875
v -0.00262092402 0.00920766232 0.00797675872
v -0.00250862887 0.00958424447 0.00754343295
v -0.00407253554 0.00836413739 0.0060747745
v -0.00243376543 0.00983518002 0.00725446963
v -0.00227986624 0.0101569259 0.00683270716
v -0.00383745482 0.00895338891 0.00534378314
v -0.00159453203 0.0111197793 0.00537132048
v -0.00137959768 0.0113347137 0.00499020838
v -0.00267087271 0.0103341901 0.00308512473
v -0.00114547064 0.0114993417 0.00463663363
v -0.000877845785 0.011687454 0.00423239493
v -0.00214229872 0.010648545 0.00233768248
v -0.000631678602 0.0118051135 0.0039099338
v -0.00030981352 0.0119590127 0.00348805213
v -0.0015530472 0.0108836257 0.00160681033
v -5.8877966e-05 0.0120338762 0.00319920802
v 0.00031758497 0.0121461713 0.00276576304
v -0.000909436247 0.0110366904 0.000900376079
v 0.000566613176 0.0121831262 0.00251220488
v 0.000997077921 0.0122467839 0.00207399153
v -0.000218499205 0.0111061895 0.000226128337
v 0.00123823831 0.0122510755 0.00185631537
v 0.00172079752 0.0122596586 0.00142096305
v 0.000512134531 0.0110912883 -0.000408422711
v 0.00194848726 0.0122372472 0.00123893046
v 0.00248004148 0.0121846759 0.000814187763
v 0.00127435873 0.0109922254 -0.000996601346
v 0.00268961141 0.0121415221 0.000666606662
v 0.00326622675 0.0120226705 0.00026081824
v 0.00206006716 0.0108100736 -0.00153161264
v 0.00345362375 0.0119649732 0.000145662067
v 0.00406981657 0.0117755496 -0.000232589009
v 0.00286043833 0.0105467403 -0.00200785375
v 0.00423206041 0.0117096269 -0.000318181279
v 0.00488163183 0.0114461744 -0.000660431149
v 0.00366676996 0.0102052057 -0.00241996026
v 0.00501657675 0.0113782251 -0.000719797375
v 0.00569201658 0.0110384786 -0.00101734376
v 0.00447035978 0.00978904602 -0.00276352144
v 0.00579847048 0.010974344 -0.0010550139
v 0.00649143408 0.0105571115 -0.00129951215
v 0.00526214788 0.00930302975 -0.00303472257
v 0.00656927774 0.0105022752 -0.00131989694
v 0.0072707052 0.0100079143 -0.00150347924
v 0.0060336704 0.00875240204 -0.00323046422
v 0.00732065389 0.0099671447 -0.00151158548
v 0.011038434 0.00569194195 -0.00101734376
v 0.0113781805 0.00501662133 -0.000719797375
v 0.0114461298 0.0048815572 -0.000660431149
v 0.0117097015 0.00423210499 -0.000318181279
v 0.011775505 0.00406986115 -0.000232589009
v 0.0119650478 0.00345366833 0.000145662067
v 0.010810029 0.00206011174 -0.00153161264
v 0.0120226259 0.00326615212 0.00026081824
v 0.0121414776 0.00268965599 0.000666606662
v 0.0109923 0.00127440331 -0.000996601346
v 0.0121847505 0.00248008606 0.000814187763
v 0.0122372026 0.00194853184 0.00123893046
v 0.0110913629 0.000512059903 -0.000408422711
v 0.0122597332 0.00172072289 0.00142096305
v 0.0122511501 0.00123828289 0.00185631537
v 0.0111062641 -0.000218454624 0.000226128337
v 0.0122468586 0.000997122502 0.00207399153
v 0.0121830816 0.000566657757 0.00251220488
v 0.0110367651 -0.000909391666 0.000900376079
v 0.0121462459 0.000317510342 0.00276576304
v 0.0120338316 -5.89525943e-05 0.00319920802
v 0.0108835811 -0.00155300262 0.00160681033
v 0.0119589681 -0.000309888149 0.00348805213
v 0.0118050689 -0.000631753231 0.0039099338
v 0.0106486196 -0.00214237335 0.00233768248
v 0.0111197347 -0.00159448745 0.00537132048
v 0.0109049196 -0.0018094218 0.00575243258
v 0.00948191831 -0.00352305534 0.0045964601
v 0.0106706733 -0.00197404983 0.00610600734
v 0.0104030485 -0.00216216209 0.00651012683
v 0.00895346353 -0.00383741024 0.00534378314
v 0.0101570005 -0.00227982166 0.00683270716
v 0.00983513544 -0.00243372085 0.00725446963
v 0.00836409281 -0.00407249095 0.0060747745
v 0.00958419988 -0.00250858429 0.00754343295
v 0.00920773695 -0.00262099865 0.00797675872
v 0.00772048185 -0.00422555568 0.00678120875
v 0.00895858953 -0.00265783432 0.00823043608
v 0.00852812479 -0.00272161129 0.00866853022
v 0.00702966402 -0.0042950547 0.00745545649
v 0.0082869644 -0.00272590282 0.00888620639
v 0.0078045244 -0.00273448589 0.00932167792
v 0.00629903028 -0.00428015354 0.00809000754
v 0.00757671545 -0.00271195533 0.0095035913
v 0.00704516123 -0.00265938404 0.0099284532
v 0.00553668688 -0.00418109062 0.00867806697
v 0.0068355913 -0.00261623027 0.0100759151
v 0.00625909517 -0.00249737861 0.0104818227
v 0.00475109766 -0.00399893882 0.00921319747
v 0.00607157896 -0.00243980053 0.0105968597
v 0.00545538614 -0.00225025775 0.01097523
v 0.00395072649 -0.0037356055 0.00968943858
v 0.0052931423 -0.00218445423 0.011060703
v 0.00464369009 -0.00192088249 0.0114029529
v 0.00314427564 -0.00339407089 0.0101015451
v 0.00450862596 -0.00185293319 0.0114624383
v 0.00383330534 -0.00151318672 0.0117599847
v 0.00234080503 -0.00297791126 0.0104451063
v 0.00372673223 -0.00144905212 0.0117975357
v 0.00303376863 -0.00103181961 0.0120420339
v 0.00154901693 -0.00249189498 0.0107161882
v 0.00295592497 -0.000976983333 0.0120624187
v 0.00225461672 -0.000482622409 0.012246001
v 0.000777494409 -0.00194138649 0.0109120491
v 0.00220466802 -0.000441972042 0.0122542264
v -0.0044506674 0.000961359715 0.0090262773
v -0.00586961558 -0.000410977626 0.00754700923
v 0.00854028414 0.00312822697 -0.00441397405
v 0.00723327349 0.00177460549 -0.00600899434
v -0.00395606806 0.000155624127 0.0093021276
v -0.00537084391 -0.00122362735 0.00782536292
v -0.00673447897 -0.00258726242 0.00628732466
v 0.00804568479 0.00393396256 -0.00468994355
v 0.00673450182 0.00258725522 -0.00628734803
v 0.00537086675 0.00122362015 -0.00782526708
v -0.0033957844 -0.000629369045 0.00950144553
v -0.00480567267 -0.00201541545 0.00802634978
v -0.00616942694 -0.00337905052 0.00648831153
v -0.0074854975 -0.00471896293 0.00488911891
v 0.00748552034 0.00471895573 -0.00488914228
v 0.00616944979 0.00337904332 -0.0064883349
v 0.00480569551 0.00201540825 -0.00802637315
v 0.00339580725 0.000629361844 -0.0095014689
v 0.000150215128 0.00148111222 0.0123706939
v -0.00133215239 3.47459073e-05 0.0110304239
v -0.0027760153 -0.00138515594 0.00962184691
v -0.00418053915 -0.00277763965 0.00814782405
v -0.00554417422 -0.00414139392 0.00660978579
v -0.00686560919 -0.00547474983 0.0050096395
v 0.00937498758 0.00804417965 -0.00162817216
v 0.00814319799 0.00677638886 -0.00334883905
v 0.00686563204 0.00547474263 -0.00500966287
v 0.00554419706 0.00414138672 -0.00660980916
v 0.00418044279 0.00277763245 -0.00814784742
v 0.00277591894 0.00138514874 -0.00962187028
v -0.00909494211 0.00413816807 -0.00153721547
v -0.0103342419 0.00267082093 -0.0030851481
v -0.0106485968 0.00214236615 -0.00233770585
v 0.00500537107 -0.00822776916 -0.00307501531
v 0.00352312277 -0.0094819701 -0.00459648347
v 0.00383747766 -0.00895339611 -0.00534380651
v 0.000793230036 0.000793155407 0.0124105098
v -0.000671017668 -0.000670973087 0.0110700014
v -0.00210319807 -0.0021032727 0.00966213965
v -0.00350199988 -0.0035019553 0.00818847441
v -0.00486563494 -0.00486570957 0.00665043616
v -0.00619291117 -0.00619286659 0.00504993224
v -0.00748215964 -0.00748211505 0.00338851237
v -0.00873206904 -0.00873202446 0.00166796469
v -0.00522159388 0.00259953377 0.00825725817
v -0.00629662325 0.000413712239 0.00719438815
v -0.00723336985 -0.00177461269 0.00600909018
v -0.00804578116 -0.00393396976 0.00468992018
v -0.00548957636 0.00341385243 0.00777279162
v -0.00664721777 0.00124126313 0.00677143359
v -0.00766037752 -0.000949922824 0.0056564691
v -0.00854026129 -0.00312823417 0.00441395068
v -0.00567494681 0.00421338913 0.00722824359
v -0.00691746523 0.00206273434 0.0062826755
v -0.00801085283 -0.000122371936 0.00523351454
v -0.00896369269 -0.00231069686 0.00406442904
v -0.00577567866 0.00498896477 0.00662993216
v -0.0071043854 0.00286906598 0.00573359751
v -0.00828110029 0.000699099278 0.00474475646
v -0.00931118777 -0.00149017932 0.00364505076
v -0.00579081824 0.00573247311 0.00598417544
v -0.00720607092 0.00365143654 0.00513004088
v -0.00846813967 0.00150543091 0.00419555926
v -0.00957917025 -0.000675741458 0.003160465
v -0.00572012713 0.00643545029 0.00529812598
v -0.00722144892 0.00440126297 0.00447868132
v -0.00856982519 0.00228768227 0.00359212184
v -0.00976454069 0.000123676037 0.00261603617
v -0.00556432059 0.00709038613 0.00457929396
v -0.00715004255 0.00511031983 0.00378679061
v -0.00858508398 0.0030375087 0.00294076228
v -0.00986539175 0.000899370884 0.00201760554
v -0.00532518675 0.00769000885 0.00383554721
v -0.00699292471 0.0057708585 0.00306175971
v -0.00851379683 0.00374668477 0.00224875235
v -0.00988053133 0.00164276001 0.00137184882
v -0.00500534823 0.00822776196 0.00307499194
v -0.00675176432 0.00637572644 0.00231157565
v -0.00835667898 0.00440722344 0.00152372145
v -0.00980984022 0.0023458564 0.000685799358
v -0.00642906477 0.0069181287 0.00154458308
v -0.00811539938 0.00501197216 0.000773656604
v -0.00965403368 0.00300067303 -3.30326582e-05
v -0.00779281904 0.00555437443 6.54482588e-06
v -0.00941489985 0.00360041497 -0.000776779416
v -0.0118051653 0.000631746029 -0.00390995717
v -0.0109048968 0.0018094146 -0.00575233674
v -0.0111198311 0.00159448025 -0.00537122464
v -0.00994383146 0.00313275692 -0.00384081579
v -0.00869773676 0.0046082103 -0.00230611539
v -0.00739215662 0.00602846978 -0.000769030812
v -0.00602852156 0.00739222405 0.000769007442
v -0.00460814287 0.00869780419 0.00230609202
v -0.00313280871 0.00994389889 0.00384079241
v -0.00180946638 0.010904845 0.00575243258
v -0.0113346462 0.00137966511 -0.00499023175
v -0.0114992743 0.00114541886 -0.00463653779
v -0.0116873865 0.000877794003 -0.0042324183
v -0.00822781374 0.00500529644 -0.00307501531
v -0.00691806128 0.00642901299 -0.00154448724
v -0.00555442621 0.00779276726 -6.56819597e-06
v -0.00413810065 0.00909489033 0.0015371921
v -0.00768994143 0.00532525418 -0.00383557058
v -0.00637565901 0.00675171254 -0.00231159902
v -0.00501202395 0.00811546681 -0.000773560765
v -0.00360034754 0.00941484806 0.000776756046
v -0.0070903187 0.00556438801 -0.00457931733
v -0.00577091028 0.00699299214 -0.00306178308
v -0.00440715601 0.0083566272 -0.00152374482
v -0.00300072481 0.0096539819 3.30092882e-05
v -0.00643550207 0.00572019455 -0.00529814935
v -0.00511037161 0.00715010998 -0.00378681398
v -0.00374661734 0.00851374505 -0.00224877572
v -0.00234578898 0.00980978844 -0.000685822728
v -0.00573240568 0.00579088566 -0.00598419881
v -0.00440131476 0.00722139714 -0.00447870469
v -0.00303756048 0.00858515141 -0.00294078565
v -0.0016428118 0.00988047955 -0.00137187219
v -0.00498901655 0.00577574608 -0.00662995553
v -0.00365148833 0.00720613835 -0.00513006425
v -0.00228773405 0.00856977341 -0.003592026
v -0.000899422667 0.00986533997 -0.00201762891
v -0.00421332171 0.00567489502 -0.00722826696
v -0.00286911776 0.00710445282 -0.00573362088
v -0.00150536349 0.00846808789 -0.00419558263
v -0.00012372782 0.00976448891 -0.00261605954
v -0.00341390421 0.00548952458 -0.00777269578
v -0.00206278612 0.00691741345 -0.00628269887
v -0.000699031851 0.00828116772 -0.00474477983
v 0.000675689676 0.00957911847 -0.00316048837
v -0.00259946634 0.0052215421 -0.00825728154
v -0.00124131491 0.00664716599 -0.00677145696
v 0.000122439363 0.00801092026 -0.00523353791
v 0.00149012754 0.00931113598 -0.00364507413
v -0.0017789488 0.00487404702 -0.00867665982
v -0.000413764021 0.00629657147 -0.00719441152
v 0.000949990251 0.00766032574 -0.00565649247
v 0.00231064508 0.0089636409 -0.0040643332
v -0.000961411497 0.00445061562 -0.00902618146
v 0.000410925844 0.00586956379 -0.0075470326
v 0.00177468012 0.00723331807 -0.00600899434
v 0.0031283016 0.00854032872 -0.00441397405
v -0.000155675909 0.00395613549 -0.00930215097
v 0.00122357557 0.00537079213 -0.00782526708
v 0.00258732984 0.0067345464 -0.00628734803
v 0.00393391798 0.00804572937 -0.00468994355
v 0.000629436472 0.00339585183 -0.0095014689
v 0.00201536367 0.00480574009 -0.00802637315
v 0.00337911794 0.00616937516 -0.0064883349
v 0.00471903036 0.00748544571 -0.00488914228
v -0.00148104479 -0.00015026691 -0.0123707173
v -3.47976895e-05 0.00133210061 -0.0110304472
v 0.00138510416 0.00277596352 -0.00962187028
v 0.00277758787 0.00418048737 -0.00814784742
v 0.00414134214 0.00554424164 -0.00660980916
v 0.00547469805 0.00686555741 -0.00500966287
v 0.00873209188 0.00873201725 -0.00166798806
v 0.00748218248 0.00748210785 -0.00338853574
v 0.00619293402 0.00619285939 -0.00504995561
v 0.00486565779 0.00486570237 -0.00665045953
v 0.00350202272 0.00350194809 -0.00818849778
v 0.00210322092 0.0021032655 -0.00966216302
v 0.000671040514 0.000670965886 -0.0110700247
v -0.00079320719 -0.000793162609 -0.0124105332
v 0.00931121061 0.00149017212 -0.00364507413
v 0.00766028116 0.000950034832 -0.00565649247
v 0.00586963842 0.000410970425 -0.0075470326
v 0.00395609091 -0.000155631328 -0.00930215097
v 0.00957919309 0.000675734257 -0.00316048837
v 0.00801087568 0.000122364735 -0.00523353791
v 0.0062966461 -0.00041371944 -0.00719441152
v 0.00445069025 -0.000961366916 -0.00902618146
v 0.00976456354 -0.000123683239 -0.00261605954
v 0.00828112314 -0.000699106479 -0.00474477983
v 0.00664712141 -0.00124127033 -0.00677145696
v 0.00487400244 -0.00177902343 -0.00867665982
v 0.0098654146 -0.000899378086 -0.00201762891
v 0.00846816252 -0.0015053189 -0.00419558263
v 0.00691748808 -0.00206274154 -0.00628269887
v 0.00522161672 -0.00259942176 -0.00825728154
v 0.00988055418 -0.00164276722 -0.00137187219
v 0.00856984804 -0.00228768947 -0.003592026
v 0.00710440824 -0.00286907318 -0.00573362088
v 0.00548948 -0.00341385963 -0.00777269578
v 0.00980974386 -0.00234586361 -0.000685822728
v 0.00858510683 -0.0030375159 -0.00294078565
v 0.00720609377 -0.00365144374 -0.00513006425
v 0.00567496965 -0.00421339634 -0.00722826696
v 0.00965405653 -0.00300068023 3.30092882e-05
v 0.00851381967 -0.00374669197 -0.00224877572
v 0.00722135256 -0.00440127018 -0.00447870469
v 0.0057757015 -0.00498897197 -0.00662995553
v 0.00941480348 -0.00360030296 0.000776756046
v 0.00835658262 -0.00440723064 -0.00152374482
v 0.0071500654 -0.00511032703 -0.00378681398
v 0.00579084108 -0.00573248031 -0.00598419881
v 0.00909496496 -0.00413817527 0.0015371921
v 0.00811542223 -0.00501197937 -0.000773560765
v 0.00699294756 -0.0057708657 -0.00306178308
v 0.00572014997 -0.00643545749 -0.00529814935
v 0.00779272268 -0.00555438163 -6.56819597e-06
v 0.00675166796 -0.00637573364 -0.00231159902
v 0.00556434343 -0.00709039333 -0.00457931733
v 0.00642908762 -0.00691813591 -0.00154448724
v 0.0053252096 -0.00769001606 -0.00383557058
v 0.00227988909 -0.0101569331 -0.00683261132
v 0.00137962053 -0.0113347209 -0.00499023175
v 0.00159455488 -0.0111197865 -0.00537122464
v 0.00313271234 -0.00994390609 -0.00384081579
v 0.00460816572 -0.00869781139 -0.00230611539
v 0.0060285444 -0.00739223125 -0.000769030812
v 0.00739217947 -0.00602847698 0.000769007442
v 0.00869775961 -0.0046082175 0.00230609202
v 0.00994385431 -0.00313276413 0.00384079241
v 0.0113346691 -0.00137967231 0.00499020838
v 0.00180948923 -0.0109048522 -0.00575233674
v 0.00197399805 -0.0106707251 -0.00610603071
v 0.00216222952 -0.0104031003 -0.0065101502
v 0.00413812349 -0.00909489753 -0.00153721547
v 0.00555444906 -0.00779277446 6.54482588e-06
v 0.00691808412 -0.00642902019 0.00154458308
v 0.00822771738 -0.00500530365 0.00307499194
v 0.00360037039 -0.00941485527 -0.000776779416
v 0.00501204679 -0.00811547401 0.000773656604
v 0.00637568186 -0.00675171974 0.00231157565
v 0.00768996427 -0.00532526138 0.00383554721
v 0.00300074766 -0.0096539891 -3.30326582e-05
v 0.00440717886 -0.0083566344 0.00152372145
v 0.00577093313 -0.00699299934 0.00306175971
v 0.00709034155 -0.00556439521 0.00457929396
v 0.00234581182 -0.00980979564 0.000685799358
v 0.00374664018 -0.00851375225 0.00224875235
v 0.00511039446 -0.00715011718 0.00378679061
v 0.00643540571 -0.00572020176 0.00529812598
v 0.00164283464 -0.00988048675 0.00137184882
v 0.00303758333 -0.0085850394 0.00294076228
v 0.00440121839 -0.00722140434 0.00447868132
v 0.00573242853 -0.00579089286 0.00598417544
v 0.000899445513 -0.00986534717 0.00201760554
v 0.0022877569 -0.00856978061 0.00359212184
v 0.00365139196 -0.00720614555 0.00513004088
v 0.0049890394 -0.00577575328 0.00662993216
v 0.000123750666 -0.00976449611 0.00261603617
v 0.00150538633 -0.00846809509 0.00419555926
v 0.00286902139 -0.00710446003 0.00573359751
v 0.00421334455 -0.00567490223 0.00722824359
v -0.00067566683 -0.00957912567 0.003160465
v 0.000699054697 -0.00828117492 0.00474475646
v 0.00206280897 -0.00691742065 0.0062826755
v 0.00341392706 -0.00548953178 0.00777279162
v -0.0014901047 -0.00931114318 0.00364505076
v -0.000122416517 -0.00801092746 0.00523351454
v 0.00124133776 -0.00664717319 0.00677143359
v 0.00259948919 -0.0052215493 0.00825725817
v -0.00231062224 -0.00896364811 0.00406442904
v -0.000949967405 -0.00766033294 0.0056564691
v 0.000413667658 -0.00629657867 0.00719438815
v 0.00177897165 -0.00487405422 0.00867663645
v -0.00312827875 -0.00854021671 0.00441395068
v -0.00177465727 -0.00723332527 0.00600909018
v -0.000410902998 -0.00586957099 0.00754700923
v 0.000961434343 -0.00445062282 0.0090262773
v -0.00393401434 -0.00804573658 0.00468992018
v -0.002587307 -0.0067345536 0.00628732466
v -0.00122355272 -0.00537079933 0.00782536292
v 0.000155698755 -0.00395614269 0.0093021276
v -0.00471900751 -0.00748545291 0.00488911891
v -0.0033790951 -0.00616938236 0.00648831153
v -0.00201534083 -0.00480574729 0.00802634978
v -0.000629413626 -0.00339585903 0.00950144553
v -0.00804411223 -0.00937503936 0.00162814879
v -0.00677632143 -0.00814324977 0.00334893489
v -0.0054746752 -0.00686556461 0.0050096395
v -0.0041413193 -0.00554412963 0.00660978579
v -0.00277768423 -0.00418049457 0.00814782405
v -0.00138508131 -0.00277597072 0.00962184691
v 0.0111980552 0.00535779831 0.000556934116
v 0.0108353014 0.0060787761 0.000239360568
v 0.00820387552 0.00517314312 0.00337563777
v 0.00781084249 0.00592451928 0.00305794501
v 0.00878347109 0.00878339646 -0.000339519742
v 0.00663961122 0.0072799289 0.00289462828
v 0.00727988432 0.00663953659 0.00289462828
v 0.0104071016 0.00679009793 -1.16941954e-05
v 0.00991846273 0.00748329995 -0.000193011525
v 0.00937510679 0.00815039513 -0.00030280328
v 0.00190187643 0.0119103753 0.00298963809
v 0.00129736612 0.0118208492 0.00360511565
v 0.00372339437 0.00849991677 0.00439857268
v 0.00310326765 0.00838690636 0.00504862094
v 0.0025457258 0.0119218194 0.00240861201
v 0.00442601393 0.00843780873 0.00383065963
v 0.00322128485 0.0118551814 0.00186883235
v 0.000739109018 0.0116543138 0.00424777293
v 0.000233900049 0.0114127958 0.00490998053
v 0.00259889314 0.00810497639 0.00574587607
v 0.00517309854 0.0082039201 0.00337563777
v 0.0059244747 0.00781088707 0.00305794501
v 0.00607873152 0.010835346 0.000239360568
v 0.00815035055 0.00937515137 -0.00030280328
v 0.00748325537 0.00991850731 -0.000193011525
v 0.00679005335 0.0104071462 -1.16941954e-05
v 0.0102701301 -0.000908795619 0.00693630004
v 0.0107165689 -0.000595036769 0.0062621715
v 0.00766922186 0.00223761437 0.00645266795
v 0.00810493181 0.00259893773 0.00574587607
v 0.0035325403 0.00353258488 0.00897227549
v 0.00172043989 0.00172048447 0.0121858003
v 0.00235356043 0.00112872956 0.0121490839
v -0.00021265795 0.0110989177 0.00558410907
v -0.000594962141 0.0107164943 0.0062621715
v 0.00223756979 0.00766926644 0.00645266795
v 0.00535787294 0.0111980998 0.000556934116
v 0.00463558386 0.0114911163 0.000937569377
v 0.00392068575 0.0117109382 0.00137649798
v 0.00421489427 0.00294297574 0.00889014029
v 0.00112880419 0.00235360501 0.0121490839
v 0.00294293115 0.00421481965 0.00889014029
v 0.000585448244 0.00302070019 0.0120394113
v 9.68093662e-05 0.00371390221 0.0118579748
v 0.00247777651 0.00495308278 0.00864802623
v -0.000331390402 0.00442510483 0.01160692
v -0.00069414427 0.00514608262 0.0112893465
v 0.00216222952 0.00570743916 0.0082589271
v -0.000987160704 0.0058683717 0.0109088304
v 0.0114910717 0.00463562844 0.000937569377
v 0.00843776415 0.00442605851 0.00383065963
v 0.0117110128 0.00392061112 0.00137649798
v 0.00849987219 0.00372343895 0.00439857268
v 0.0119218941 0.00254565117 0.00240861201
v 0.0118551369 0.00322121022 0.00186883235
v 0.00838698099 0.00310319302 0.00504862094
v 0.0118209238 0.00129729149 0.00360511565
v 0.01191045 0.00190192101 0.00298963809
v 0.0110988731 -0.000212613369 0.00558410907
v 0.0114127512 0.000233825421 0.00490998053
v 0.0116543884 0.000739153599 0.00424777293
v 0.00976480196 -0.00115043285 0.00759862685
v 0.00710309694 0.00203877327 0.0071308496
v 0.00920666406 -0.00131696823 0.00824116492
v 0.00860203455 -0.0014064944 0.00885664248
v 0.00643719385 0.00201314328 0.00774394297
v 0.00795818517 -0.0014179385 0.00943766856
v -0.00120710184 0.00658326981 0.0104697826
v 0.0020132179 0.00643723843 0.00774394297
v -0.00135122587 0.00728267071 0.00997744822
v 0.00203872869 0.00710314152 0.0071308496
v -0.00140653898 0.00860207913 0.00885664248
v -0.00141798308 0.00795822976 0.00943766856
v -0.0009088402 0.0102700555 0.00693630004
v -0.00115047743 0.00976484654 0.00759862685
v -0.00131701281 0.00920658944 0.00824116492
v 0.00302065561 0.000585373616 0.0120394113
v 0.00371385763 9.67347379e-05 0.0118579748
v 0.0049531574 0.00247782109 0.00864802623
v 0.00728262613 -0.00135118129 0.00997744822
v 0.00570739458 0.00216215489 0.0082589271
v 0.00658334444 -0.00120705726 0.0104697826
v 0.00442517946 -0.00033146503 0.01160692
v 0.00514615724 -0.000694099689 0.0112893465
v 0.00586832712 -0.000987235332 0.0109088304
v 0.000768315294 0.000768359875 0.00585483336
v 0.00145066927 0.000178750729 0.00577269816
v 0.0021889324 -0.000286403919 0.00553046489
v 0.00294328878 -0.000601950908 0.00514148497
v 0.00367308805 -0.00075096252 0.00462650084
v 0.00433887193 -0.000725451732 0.00401340747
v 0.00490499685 -0.000526610637 0.00333522582
v 0.00534082601 -0.000165287281 0.00262843394
v 0.00562275598 0.000339087224 0.00193117881
v 0.00573576639 0.000959213948 0.00128113055
v 0.00567353914 0.0016618335 0.000713217494
v 0.00543965051 0.00240891812 0.000258195636
v 0.0050467367 0.00316029427 -5.94971205e-05
v 0.00451565931 0.0038754308 -0.000222813847
v 0.00387538622 0.00451570389 -0.000222813847
v 0.00316024969 0.00504666207 -5.94971205e-05
v 0.00240887354 0.0054396951 0.000258195636
v 0.00166178892 0.00567358372 0.000713217494
v 0.000959169367 0.00573569176 0.00128113055
v 0.000339042643 0.00562280056 0.00193117881
v -0.000165331862 0.00534075139 0.00262843394
v -0.000526655218 0.00490504143 0.00333522582
v -0.000725377104 0.00433891652 0.00401340747
v -0.000751007101 0.00367301342 0.00462650084
v -0.000601995489 0.00294321415 0.00514148497
v -0.0002864485 0.00218885777 0.00553046489
v 0.000178706148 0.00145071385 0.00577269816
v 0.0040099735 0.00309484837 0.000917780635
v 0.00358999918 0.00358992455 0.000851142642
v 0.003094923 0.00400989888 0.000917780635
v 0.00255836199 0.00432616112 0.00111304545
v 0.00201715181 0.0045171344 0.00142358565
v 0.00150788973 0.00456982491 0.0018284204
v 0.00106550405 0.00448053715 0.00229977393
v 0.000720035532 0.00425558922 0.00280569815
v 0.000494968393 0.00391000149 0.00331162238
v 0.00295842836 0.000458415722 0.00418781066
v 0.00346757124 0.000405725216 0.00378297591
v 0.00391007612 0.000495012974 0.00331162238
v 0.00425554464 0.000719960904 0.00280569815
v 0.00448061178 0.00106554863 0.00229977393
v 0.00456978033 0.00150793431 0.0018284204
v 0.00451708982 0.00201707718 0.00142358565
v 0.00432611654 0.00255840657 0.00111304545
v 0.000405799845 0.00346761582 0.00378297591
v 0.000458371141 0.00295835373 0.00418781066
v 0.000649344423 0.00241714356 0.00449847007
v 0.000965606668 0.00188070176 0.00469373488
v 0.001385581 0.00138562558 0.00476025367
v 0.00188065718 0.000965651249 0.00469373488
v 0.00241709898 0.000649389004 0.00449847007
v -0.00358997633 -0.00358993175 -0.000851166012
v -0.00309490015 -0.00400990608 -0.000917684796
v -0.00255845835 -0.00432616832 -0.00111294961
v -0.00201712897 -0.0045171416 -0.00142360902
v -0.00150798609 -0.00456983211 -0.00182844377
v -0.00106548121 -0.00448054435 -0.0022997973
v -0.000720012686 -0.00425559642 -0.00280572152
v -0.000494945547 -0.00391000869 -0.00331164575
v -0.000405776999 -0.00346762302 -0.00378299928
v -0.000458467505 -0.00295836093 -0.00418783403
v -0.000649321577 -0.00241715076 -0.00449837423
v -0.000965583822 -0.00188070896 -0.00469363904
v -0.00138555815 -0.00138563278 -0.00476027704
v -0.00188063433 -0.000965658451 -0.00469363904
v -0.00241719534 -0.000649396205 -0.00449837423
v -0.00295840552 -0.000458422924 -0.00418783403
v -0.0034676676 -0.000405732418 -0.00378299928
v -0.00391005327 -0.000495020175 -0.00331164575
v -0.0042555218 -0.000719968105 -0.00280572152
v -0.00448058893 -0.00106555584 -0.0022997973
v -0.00456975748 -0.00150794151 -0.00182844377
v -0.00451718619 -0.00201708438 -0.00142360902
v -0.0043262129 -0.00255841377 -0.00111294961
v -0.00400995066 -0.00309485557 -0.000917684796
v -0.00130246927 -0.00572651985 -0.000984918835
v -0.00203226855 -0.00557750824 -0.000469934704
v -0.00278662493 -0.00526196125 -8.08355834e-05
v -0.00352488806 -0.0047968066 0.000161278484
v -0.00420712282 -0.00420719745 0.000243413684
v -0.00479685118 -0.00352484348 0.000161278484
v -0.00526200583 -0.00278658035 -8.08355834e-05
v -0.00557755282 -0.00203234317 -0.000469934704
v -0.00572656443 -0.0013025439 -0.000984918835
v -0.00570093443 -0.000636640811 -0.00159801221
v -0.00550221255 -7.05158954e-05 -0.00227619386
v -0.00514088919 0.000365194058 -0.00298298574
v -0.00463651468 0.000647243237 -0.00368024087
v -0.00401626875 0.000760134434 -0.00433028913
v -0.00331376841 0.000698026394 -0.00489820218
v -0.00256656458 0.000464137768 -0.00535322404
v -0.00181530764 7.11047406e-05 -0.0056709168
v -0.00110017111 -0.000459853435 -0.00583423352
v -0.000459898016 -0.00110012653 -0.00583423352
v 7.11793689e-05 -0.00181526306 -0.0056709168
v 0.000464212397 -0.00256663921 -0.00535322404
v 0.000698101023 -0.00331372383 -0.00489820218
v 0.000760209063 -0.00401634338 -0.00433028913
v 0.000647198656 -0.0046364701 -0.00368024087
v 0.000365268686 -0.00514084461 -0.00298298574
v -7.05604764e-05 -0.00550216796 -0.00227619386
v -0.000636566183 -0.00570100906 -0.00159801221
v 0.00165535162 0.000287350392 0.0124719026
v 0.00240040968 -0.000319544101 0.0123493555
v 0.00317479322 -0.000865284229 0.0121468189
v 0.00637973497 -0.00232166412 0.0105962636
v 0.00716091345 -0.00248259666 0.0100464704
v 0.00791538904 -0.00255722168 0.00944350981
v 0.00863457868 -0.00254434707 0.00879453444
v 0.0093097801 -0.00244433048 0.00810705447
v 0.00993324468 -0.00225836399 0.00738929534
v 0.0104975815 -0.00198847415 0.0066496017
v 0.00813008497 0.00949805615 -0.00143600679
v 0.0073849077 0.0101049506 -0.00131345964
v 0.00661064337 0.0106506908 -0.00111080385
v 0.00340570162 0.0121070707 0.000439632175
v 0.00262452314 0.0122680032 0.000989544628
v 0.00186992834 0.0123426282 0.00159250521
v 0.0011508579 0.0123297536 0.00224148059
v 0.000475656488 0.012229737 0.00292884135
v -0.000147808096 0.0120437705 0.00364660048
v -0.000712264082 0.0117738807 0.00438629412
v 0.0058705921 -0.00119048717 0.0110400798
v 0.00660706709 -0.00141698482 0.010587919
v 0.00732732961 -0.00156540039 0.0100808027
v 0.00802315424 -0.00163418415 0.00952481055
v 0.00868631552 -0.00162238243 0.00892637992
v 0.00930906484 -0.00153011444 0.00829242491
v 0.00988401125 -0.00135869148 0.00763057494
v 0.0104043598 -0.00110978248 0.00694845938
v 0.0108642692 -0.000786486888 0.00625406527
v 0.0112581367 -0.000392738605 0.00555561805
v 0.0115813131 6.71708341e-05 0.00486134314
v 0.0118302221 0.000587638592 0.00417922759
v 0.0120017643 0.00116246579 0.00351737761
v 0.0120939131 0.00178521512 0.00288342261
v 0.0121057148 0.00244837639 0.00228499198
v 0.012036931 0.00314420102 0.00172899985
v 0.0118885155 0.00386446354 0.00122188353
v 0.0116620178 0.00460093853 0.000769722698
v 0.0113601799 0.0053448045 0.000377762554
v 0.010986578 0.00608735917 5.0652263e-05
v 0.00460089395 0.0116620624 0.000769722698
v 0.00386453817 0.01188856 0.00122188353
v 0.00314415643 0.0120369756 0.00172899985
v 0.00244833181 0.0121057594 0.00228499198
v 0.00178517053 0.0120939576 0.00288342261
v 0.00116254041 0.0120016896 0.00351737761
v 0.000587594011 0.0118301475 0.00417922759
v 6.71262531e-05 0.0115813577 0.00486134314
v -0.000392663977 0.0112580621 0.00555561805
v -0.000786531469 0.0108641946 0.00625406527
v -0.00110982706 0.0104044044 0.00694845938
v -0.00135861685 0.00988393662 0.00763057494
v -0.00153015902 0.00930899022 0.00829242491
v -0.00162242701 0.0086863601 0.00892637992
v -0.00163422873 0.00802319882 0.00952481055
v -0.00156544497 0.0073273742 0.0100808027
v -0.00141691019 0.00660699246 0.010587919
v -0.00119053175 0.00587063668 0.0110400798
v -0.000888693831 0.00512677071 0.01143204
v -0.000515091917 0.00438421605 0.0117591503
v -7.40175458e-05 0.00365155575 0.0120177152
v -0.000267136595 0.00356047986 0.0121315601
v 0.0105455036 0.00682001946 -0.000207912686
v 0.0106434936 0.00681584713 -0.000429165127
v 0.000429284075 0.00293749211 0.0122045162
v 0.000249874094 0.00282686589 0.012323487
v 5.78279285e-05 0.00269525883 0.0123892906
v 0.0100423212 0.00753396389 -0.000394713643
v 0.0101263637 0.00754934189 -0.000621211293
v 0.0101659412 0.00752848027 -0.000859033826
v 0.000988971689 0.00225048897 0.0123175266
v 0.000824939707 0.00212102768 0.0124395969
v 0.000646244982 0.00197273133 0.0125081422
v 0.000463497141 0.00181442139 0.0125191095
v 0.00948263357 0.00822108624 -0.000507724049
v 0.00955141733 0.00825529931 -0.000737201932
v 0.00957752416 0.00825100777 -0.000977766278
v 0.00955940435 0.00820845005 -0.00121535039
v 0.00159836958 0.00159841416 0.0123553159
v 0.0014510269 0.00145107148 0.0124784591
v 0.00128711412 0.00128703949 0.0125479581
v 0.001116168 0.00111621258 0.0125596406
v 0.000948202112 0.000948246693 0.0125129106
v 0.00887323568 0.00887316105 -0.000545513394
v 0.00892521093 0.00892525551 -0.00077606416
v 0.00893665502 0.0089366996 -0.00101758218
v 0.00890673349 0.00890665886 -0.00125588155
v 0.00883711527 0.00883715985 -0.00147701478
v 0.00512815664 0.0115700328 -0.000267040494
v 0.00501097391 0.0115341508 -0.00047565675
v 0.00420428465 0.0118613803 -5.06756331e-05
v 0.00489474485 -0.00154716137 0.0115707996
v 0.00477446268 -0.00174874427 0.0115116718
v 0.00558115194 -0.00207597377 0.0110865715
v 0.00028742502 0.0016553962 0.0124719026
v -0.000720370314 0.00431316731 0.0118659618
v -0.000471461317 0.00344603894 0.0121928337
v -0.000135767958 0.00255030034 0.0123981121
v -0.000319469473 0.00240045426 0.0123493555
v -0.00110422423 0.00507610676 0.0115297916
v -0.000935185453 0.00421636937 0.0119210365
v -0.000674832365 0.00331490872 0.0121980789
v -0.00086532881 0.00317471859 0.0121468189
v -0.00141428759 0.00584035752 0.0111271026
v -0.00132809927 0.00499719021 0.0115769985
v -0.00114713957 0.00409942505 0.0119211557
v -0.00134359648 0.00396924851 0.0118664386
v -0.00164698412 0.00659697888 0.010662544
v -0.0016454344 0.00577944157 0.011164892
v -0.00154720595 0.00489467022 0.0115707996
v -0.00174878885 0.00477450726 0.0115116718
v -0.0017994528 0.00733714936 0.0101415994
v -0.00188361456 0.00655382512 0.0106893661
v -0.00187038233 0.0056912267 0.0111510637
v -0.00207601835 0.00558107731 0.0110865715
v -0.00187014391 0.00805204747 0.0095703485
v -0.00203965952 0.00731128094 0.0101562622
v -0.00211297323 0.00647991536 0.0106668355
v -0.00232158949 0.00637966034 0.0105962636
v -0.00185798456 0.00873332856 0.00895546698
v -0.00211201956 0.00804286835 0.00957154059
v -0.00227187922 0.00725131867 0.0101238372
v -0.00248264124 0.00716083882 0.0100464704
v -0.00176321318 0.00937312481 0.00830422663
v -0.00209962179 0.0087402427 0.00894223475
v -0.00234555056 0.00799649594 0.00952838683
v -0.00255714705 0.00791543362 0.00944350981
v -0.00158702185 0.00996380684 0.00762413764
v -0.00200258543 0.00939494011 0.00827573561
v -0.00233291437 0.00870662568 0.00888751769
v -0.00254439165 0.00863450406 0.00879453444
v -0.00133131792 0.0104984605 0.00692330622
v -0.00182222178 0.00999956963 0.00757979178
v -0.00223420908 0.00937348244 0.00820873999
v -0.00244437506 0.00930982468 0.00810705447
v -0.000999200842 0.0109708869 0.00620995784
v -0.00156055739 0.0105467403 0.00686250949
v -0.00205050757 0.00998919842 0.00749992156
v -0.00225840857 0.00993328927 0.00738929534
v -0.000594604513 0.0113756025 0.00549243712
v -0.0012206917 0.0110302531 0.00613235259
v -0.0017839556 0.0105465019 0.00676940703
v -0.00198851874 0.010497626 0.0066496017
v -0.000122178099 0.0117076003 0.00477896952
v -0.00080655863 0.0114443862 0.00539790416
v -0.00143777182 0.0110389554 0.00602589869
v -0.00163792422 0.0109962785 0.00589667582
v 0.000412594774 0.0119633043 0.00407825732
v -0.000323045752 0.0117843711 0.00466786647
v -0.00101600935 0.0114607179 0.0052778604
v -0.00121091654 0.0114234054 0.00513922
v 0.0010032768 0.0121396148 0.00339816832
v 0.000224244097 0.0120460355 0.00395058417
v -0.000523555777 0.0118069017 0.00453435206
v 0.00164295385 0.012234267 0.00274692797
v 0.000828754404 0.0122263992 0.00325464034
v 3.3747652e-05 0.0120733344 0.00380383754
v 0.00232435415 0.0122464263 0.00213204646
v 0.00148357103 0.0123233163 0.00258802199
v 0.000649463633 0.0122570359 0.0030950191
v 0.00303925226 0.0121758544 0.00156079554
v 0.00218082617 0.0123357141 0.00195883536
v 0.00131620119 0.0123557412 0.0024162414
v 0.00377930353 0.0120232665 0.00103985095
v 0.00291253279 0.0122634732 0.0013741138
v 0.00202645014 0.0123683774 0.00177537226
v 0.00534475992 0.0113602245 0.000377762554
v 0.00453592489 0.01179057 0.000575292346
v 0.00366998861 0.0121073091 0.000840890643
v 0.0027715082 0.0122948253 0.00117992186
v 0.00530017565 0.0114805066 0.000172603366
v 0.00444437216 0.0118692481 0.000365483997
v 0.00354291151 0.0121358001 0.000636923549
v 0.0052265043 0.0115517938 -4.66225173e-05
v 0.00433160017 0.0118933284 0.000152695415
v 0.00581623266 0.0111289584 -0.000830423596
v 0.00592340181 0.0111699664 -0.000617396596
v 0.00600732515 0.0111589992 -0.000390660527
v 0.0060631151 0.0110966527 -0.00016356683
v 0.00608743379 0.0109866225 5.0652263e-05
v 0.00670791815 0.0106976592 -0.000894319775
v 0.00677765558 0.0106951558 -0.000662576916
v 0.00681580255 0.0106435382 -0.000429165127
v 0.00681997488 0.0105455482 -0.000207912686
v 0.00747264574 0.010158714 -0.00109435296
v 0.0075285549 0.0101659858 -0.000859033826
v 0.00754941652 0.0101264083 -0.000621211293
v 0.00753403852 0.0100422466 -0.000394713643
v 0.00820840547 0.00955932972 -0.00121535039
v 0.00825096319 0.00957744954 -0.000977766278
v 0.00825525472 0.00955146191 -0.000737201932
v 0.00822104166 0.00948255894 -0.000507724049
v 0.00949801157 0.00813001034 -0.00143600679
v 0.0110966081 0.00606315968 -0.00016356683
v 0.0106952305 0.00677770016 -0.000662576916
v 0.0101586695 0.00747257111 -0.00109435296
v 0.0101049061 0.00738495228 -0.00131345964
v 0.0114804621 0.00530022023 0.000172603366
v 0.0111589546 0.00600736973 -0.000390660527
v 0.0106976146 0.00670796273 -0.000894319775
v 0.0106507654 0.00661068795 -0.00111080385
v 0.0117905254 0.00453585026 0.000575292346
v 0.0115518684 0.00522654889 -4.66225173e-05
v 0.0111699219 0.00592344639 -0.000617396596
v 0.0111290331 0.00581615803 -0.000830423596
v 0.0120232219 0.00377934811 0.00103985095
v 0.0118692035 0.00444429753 0.000365483997
v 0.0115701074 0.00512820122 -0.000267040494
v 0.0115341062 0.00501089928 -0.00047565675
v 0.0121758098 0.00303917763 0.00156079554
v 0.0121073837 0.00367003319 0.000840890643
v 0.0118932838 0.00433164475 0.000152695415
v 0.0118614549 0.00420432923 -5.06756331e-05
v 0.0122463817 0.00232427952 0.00213204646
v 0.0122634287 0.00291257737 0.0013741138
v 0.0121357555 0.00354295609 0.000636923549
v 0.0121070261 0.0034057462 0.000439632175
v 0.0122343416 0.00164299843 0.00274692797
v 0.0123357887 0.00218087075 0.00195883536
v 0.0122947807 0.00277155278 0.00117992186
v 0.0122680778 0.00262456772 0.000989544628
v 0.0121395702 0.00100320218 0.00339816832
v 0.0123232717 0.00148361561 0.00258802199
v 0.0123684521 0.00202637551 0.00177537226
v 0.0123425836 0.00186997292 0.00159250521
v 0.0119633789 0.000412520146 0.00407825732
v 0.0122263546 0.000828798985 0.00325464034
v 0.0123558159 0.00131624577 0.0024162414
v 0.0123298282 0.00115090249 0.00224148059
v 0.011707675 -0.000122133518 0.00477896952
v 0.0120459909 0.000224288678 0.00395058417
v 0.0122569914 0.000649389004 0.0030950191
v 0.0122298116 0.00047558186 0.00292884135
v 0.0113755579 -0.000594559932 0.00549243712
v 0.0117843265 -0.000323001171 0.00466786647
v 0.0120732899 3.36730237e-05 0.00380383754
v 0.0120437259 -0.000147882724 0.00364660048
v 0.0109709615 -0.00099927547 0.00620995784
v 0.0114444608 -0.000806514049 0.00539790416
v 0.0118068571 -0.000523630405 0.00453435206
v 0.0117739553 -0.000712219501 0.00438629412
v 0.0104984159 -0.00133139255 0.00692330622
v 0.0110303278 -0.00122064712 0.00613235259
v 0.0114606733 -0.00101608398 0.0052778604
v 0.0114233608 -0.00121087196 0.00513922
v 0.00996376226 -0.00158697727 0.00762413764
v 0.0105468149 -0.00156051281 0.00686250949
v 0.0110389108 -0.00143784645 0.00602589869
v 0.0109962339 -0.00163799884 0.00589667582
v 0.00937308023 -0.00176328781 0.00830422663
v 0.00999952505 -0.0018221772 0.00757979178
v 0.0105464573 -0.00178403022 0.00676940703
v 0.00873328398 -0.00185805919 0.00895546698
v 0.00939501474 -0.00200266006 0.00827573561
v 0.00998915384 -0.00205046299 0.00749992156
v 0.00805200289 -0.00187009933 0.0095703485
v 0.00874019811 -0.00209957721 0.00894223475
v 0.00937343786 -0.0022341645 0.00820873999
v 0.00733710478 -0.00179952743 0.0101415994
v 0.00804294298 -0.00211197498 0.00957154059
v 0.00870658109 -0.00233286979 0.00888751769
v 0.00659705351 -0.00164693954 0.010662544
v 0.00731123636 -0.00203973415 0.0101562622
v 0.00799645136 -0.00234550598 0.00952838683
v 0.00512672613 -0.00088864925 0.01143204
v 0.00584043215 -0.00141424301 0.0111271026
v 0.00655378053 -0.00188356998 0.0106893661
v 0.00725127409 -0.00227195385 0.0101238372
v 0.00507618139 -0.00110417965 0.0115297916
v 0.00577939699 -0.00164538982 0.011164892
v 0.00647987078 -0.00211292865 0.0106668355
v 0.00499726484 -0.00132805469 0.0115769985
v 0.00569130132 -0.00187045696 0.0111510637
v 0.00396920393 -0.0013435519 0.0118664386
v 0.00409949968 -0.00114709499 0.0119211557
v 0.00421644399 -0.000935140872 0.0119210365
v 0.00431324194 -0.000720325733 0.0118659618
v 0.00438417146 -0.000515047336 0.0117591503
v 0.00331486414 -0.000674787784 0.0121980789
v 0.00344611357 -0.000471416736 0.0121928337
v 0.00356055448 -0.000267211223 0.0121315601
v 0.00365151117 -7.39729648e-05 0.0120177152
v 0.00255025575 -0.000135842586 0.0123981121
v 0.00269521425 5.77533002e-05 0.0123892906
v 0.00282694052 0.000249918675 0.012323487
v 0.00293756674 0.000429328656 0.0122045162
v 0.00181449602 0.000463541722 0.0125191095
v 0.00197280596 0.000646289563 0.0125081422
v 0.0021209831 0.000824865078 0.0124395969
v 0.00225044439 0.000988897061 0.0123175266
v -0.00949798872 -0.00813001754 0.00143598342
v -0.00883721163 -0.00883716705 0.00147699141
v -0.0101048832 -0.00738495948 0.00131343627
v -0.0106507426 -0.00661069515 0.00111078047
v -0.0111290102 -0.00581616523 0.000830519435
v -0.0115340834 -0.00501090648 0.00047575259
v -0.0118614321 -0.00420421722 5.0652263e-05
v -0.0121070032 -0.00340563419 -0.000439655545
v -0.012268055 -0.00262457492 -0.000989567998
v -0.0123425608 -0.00186998012 -0.00159252858
v -0.0123298054 -0.00115090969 -0.00224150396
v -0.0122297888 -0.000475589061 -0.00292886472
v -0.0120438223 0.000147875523 -0.00364662385
v -0.0117739325 0.0007122123 -0.00438631749
v -0.011423338 0.00121086476 -0.00513924337
v -0.0109963303 0.00163799164 -0.00589669919
v -0.0104976778 0.00198846695 -0.00664962507
v -0.00993322184 0.00225835679 -0.00738931871
v -0.00930975725 0.00244432328 -0.00810707784
v -0.00863455584 0.00254433987 -0.0087944386
v -0.0079154854 0.00255721447 -0.00944341398
v -0.0071608906 0.00248258946 -0.0100463746
v -0.00637971213 0.00232165692 -0.010596287
v -0.0055811291 0.00207608578 -0.0110865948
v -0.00477443983 0.00174873707 -0.0115116951
v -0.00396918108 0.0013435447 -0.011866462
v -0.00317477038 0.000865277028 -0.012146723
v -0.00240050604 0.0003195369 -0.0123493788
v -0.00165532877 -0.000287357593 -0.012471926
v -0.000948298475 -0.000948253894 -0.012512934
v -0.000287402174 -0.0016554034 -0.012471926
v 0.000319492319 -0.00240046146 -0.0123493788
v 0.000865351656 -0.0031747258 -0.012146723
v 0.00134361933 -0.00396925571 -0.011866462
v 0.00174869249 -0.00477451446 -0.0115116951
v 0.0020760412 -0.00558108451 -0.0110865948
v 0.00232161234 -0.00637966754 -0.010596287
v 0.00248266409 -0.00716084602 -0.0100463746
v 0.00255716989 -0.00791544082 -0.00944341398
v 0.0025444145 -0.00863451126 -0.0087944386
v 0.00244439791 -0.00930983188 -0.00810707784
v 0.0022583122 -0.00993329647 -0.00738931871
v 0.00198854158 -0.0104976332 -0.00664962507
v 0.00163794706 -0.0109962857 -0.00589669919
v 0.00121093939 -0.0114234126 -0.00513924337
v 0.000712167719 -0.0117738879 -0.00438631749
v 0.000147830942 -0.0120437777 -0.00364662385
v -0.000475633642 -0.0122297442 -0.00292886472
v -0.00115083506 -0.0123297608 -0.00224150396
v -0.0018700247 -0.0123426354 -0.00159252858
v -0.0026245003 -0.0122680104 -0.000989567998
v -0.00340567877 -0.0121070779 -0.000439655545
v -0.0042042618 -0.0118613875 5.0652263e-05
v -0.00501095106 -0.011534158 0.00047575259
v -0.00581620981 -0.0111289656 0.000830519435
v -0.00661062052 -0.010650698 0.00111078047
v -0.00738500406 -0.0101049578 0.00131343627
v -0.00813006212 -0.00949806335 0.00143598342
v -0.00820838263 -0.00955933693 0.00121532702
v -0.00747262289 -0.0101587212 0.00109432959
v -0.00670801451 -0.0106976664 0.000894296405
v -0.00592337897 -0.0111699736 0.000617373226
v -0.00512813379 -0.01157004 0.000267017124
v -0.00433157732 -0.0118933356 -0.000152718785
v -0.00354300787 -0.0121358073 -0.000636946919
v -0.00277160456 -0.0122948325 -0.00117994523
v -0.00202642729 -0.0123683846 -0.00177539563
v -0.00131629755 -0.0123557484 -0.00241626477
v -0.000649440786 -0.0122570431 -0.00309504247
v -3.37248059e-05 -0.0120733416 -0.00380386091
v 0.000523578623 -0.0118069089 -0.00453437543
v 0.0010160322 -0.0114607251 -0.00527788377
v 0.00143779466 -0.0110389626 -0.00602592206
v 0.00178397844 -0.0105465091 -0.0067694304
v 0.0020504112 -0.00998920562 -0.00749994493
v 0.00223411272 -0.00937348964 -0.00820876336
v 0.00233293722 -0.00870663288 -0.00888754106
v 0.0023455734 -0.00799650314 -0.0095284102
v 0.00227190206 -0.00725132587 -0.0101238606
v 0.00211287687 -0.00647992256 -0.0106668589
v 0.00187040518 -0.0056912339 -0.011151087
v 0.00154722879 -0.00489467742 -0.011570823
v 0.00114704321 -0.00409943225 -0.0119211791
v 0.000674736002 -0.00331491592 -0.012197983
v 0.000135790804 -0.00255030754 -0.0123981354
v -0.000463474295 -0.00181442859 -0.0125191329
v -0.00111614516 -0.00111621978 -0.012559664
v -0.00181447317 -0.000463548923 -0.0125191329
v -0.00255023291 0.000135835385 -0.0123981354
v -0.0033149605 0.000674780583 -0.012197983
v -0.00409947684 0.00114708779 -0.0119211791
v -0.00489472201 0.00154715416 -0.011570823
v -0.00569127848 0.00187044976 -0.011151087
v -0.00647996714 0.00211292145 -0.0106668589
v -0.00725137045 0.00227194664 -0.0101238606
v -0.00799642851 0.00234549878 -0.0095284102
v -0.00870667746 0.00233286259 -0.00888754106
v -0.00937341501 0.0022341573 -0.00820876336
v -0.00998913099 0.00205045578 -0.00749994493
v -0.0105464344 0.00178402302 -0.0067694304
v -0.011038888 0.00143783925 -0.00602592206
v -0.0114606505 0.00101607678 -0.00527788377
v -0.0118068342 0.000523623204 -0.00453437543
v -0.0120733862 -3.36802249e-05 -0.00380386091
v -0.0122570877 -0.000649396205 -0.00309504247
v -0.012355793 -0.00131625297 -0.00241626477
v -0.0123684292 -0.00202638271 -0.00177539563
v -0.0122947579 -0.00277155998 -0.00117994523
v -0.0121358519 -0.00354296329 -0.000636946919
v -0.011893261 -0.00433165195 -0.000152718785
v -0.0115700846 -0.00512820842 0.000267017124
v -0.0111700182 -0.00592345359 0.000617373226
v -0.010697711 -0.00670796993 0.000894296405
v -0.0101586466 -0.00747257831 0.00109432959
v -0.00955938151 -0.00820845726 0.00121532702
v -0.00890671065 -0.00890666606 0.00125585818
v -0.00825094034 -0.00957745674 0.000977862117
v -0.00752853205 -0.010165993 0.000859010455
v -0.00677775194 -0.010695163 0.000662553546
v -0.00600742151 -0.0111590064 0.000390637157
v -0.00522648146 -0.011551801 4.67183565e-05
v -0.00444434931 -0.0118691361 -0.000365507367
v -0.00366996577 -0.0121073163 -0.000840914014
v -0.00291250994 -0.0122634804 -0.00137413717
v -0.00218080332 -0.0123357213 -0.00195873952
v -0.00148354819 -0.0123233235 -0.00258804536
v -0.000828850767 -0.0122264064 -0.00325466371
v -0.000224221251 -0.0120460427 -0.00395060754
v 0.000322949388 -0.0117843783 -0.00466788984
v 0.000806581476 -0.0114443934 -0.00539792753
v 0.00122071455 -0.0110302603 -0.00613237596
v 0.00156058023 -0.0105467475 -0.00686253286
v 0.00182224462 -0.00999957683 -0.00757969594
v 0.00200260828 -0.00939494731 -0.00827575898
v 0.00209952543 -0.0087402499 -0.00894225812
v 0.0021119232 -0.00804287555 -0.00957156396
v 0.00203968237 -0.00731128814 -0.0101562855
v 0.0018835182 -0.00655383232 -0.0106893895
v 0.00164545725 -0.00577944877 -0.0111649153
v 0.00132812212 -0.00499719741 -0.0115770218
v 0.0009352083 -0.00421637657 -0.0119210598
v 0.000471484163 -0.00344604614 -0.012192857
v -5.78050824e-05 -0.00269526603 -0.0123893139
v -0.000646222136 -0.00197273853 -0.0125081656
v -0.00128709128 -0.0012870467 -0.0125478623
v -0.00197278311 -0.000646296764 -0.0125081656
v -0.00269531061 -5.77605014e-05 -0.0123893139
v -0.00344609072 0.000471409535 -0.012192857
v -0.00421642115 0.000935252881 -0.0119210598
v -0.00499724199 0.00132804749 -0.0115770218
v -0.00577937414 0.00164538262 -0.0111649153
v -0.00655375769 0.00188356278 -0.0106893895
v -0.00731121351 0.00203972695 -0.0101562855
v -0.00804292013 0.00211196778 -0.00957156396
v -0.00874017527 0.00209957001 -0.00894225812
v -0.0093949919 0.00200265286 -0.00827575898
v -0.0099995022 0.0018222892 -0.00757969594
v -0.0105467921 0.0015605056 -0.00686253286
v -0.0110303049 0.00122063992 -0.00613237596
v -0.011444438 0.000806506848 -0.00539792753
v -0.0117843037 0.000322993969 -0.00466788984
v -0.0120459681 -0.000224295879 -0.00395060754
v -0.0122263317 -0.000828806186 -0.00325466371
v -0.0123233681 -0.0014835036 -0.00258804536
v -0.0123357659 -0.00218087795 -0.00195873952
v -0.0122634058 -0.00291258457 -0.00137413717
v -0.0121073609 -0.00367004039 -0.000840914014
v -0.0118691807 -0.00444430473 -0.000365507367
v -0.0115518456 -0.00522655609 4.67183565e-05
v -0.0111589318 -0.00600737693 0.000390637157
v -0.0106952076 -0.00677770736 0.000662553546
v -0.0101659184 -0.00752848747 0.000859010455
v -0.00957750132 -0.00825101497 0.000977862117
v -0.00893663218 -0.00893670681 0.00101755881
v -0.00825535109 -0.00955146911 0.000737297771
v -0.00754939367 -0.0101264155 0.000621187923
v -0.00681577971 -0.0106435454 0.000429141757
v -0.00606309225 -0.0110966599 0.00016354346
v -0.0053001528 -0.0114805138 -0.000172507527
v -0.00453590204 -0.0117905772 -0.000575196507
v -0.00377928068 -0.0120232737 -0.00103975511
v -0.00303922941 -0.0121758616 -0.00156081891
v -0.0023243313 -0.0122464335 -0.00213206983
v -0.00164305021 -0.0122342742 -0.00274695134
v -0.00100325396 -0.012139622 -0.00339819169
v -0.000412571928 -0.0119633115 -0.00407816148
v 0.000122200945 -0.0117076075 -0.00477899289
v 0.000594627359 -0.0113756097 -0.00549234128
v 0.000999223688 -0.0109708941 -0.00620998121
v 0.00133134077 -0.0104984677 -0.00692332959
v 0.00158704469 -0.00996381404 -0.00762416101
v 0.00176323602 -0.00937301281 -0.00830425
v 0.00185800741 -0.00873333576 -0.00895549035
v 0.00187016676 -0.00805193546 -0.00957037187
v 0.00179947565 -0.00733703735 -0.0101416228
v 0.00164700697 -0.00659698608 -0.0106625674
v 0.00141431043 -0.00584036472 -0.011127126
v 0.00110424707 -0.00507611396 -0.011529815
v 0.000720273951 -0.00431317451 -0.0118659852
v 0.000267159441 -0.00356048706 -0.0121315835
v -0.000249851248 -0.00282687309 -0.0123235104
v -0.000824916861 -0.00212103488 -0.0124396203
v -0.00145100405 -0.00145107868 -0.0124784825
v -0.00212096026 -0.00082487228 -0.0124396203
v -0.00282691767 -0.000249925876 -0.0123235104
v -0.00356053164 0.000267204022 -0.0121315835
v -0.00431321909 0.000720318532 -0.0118659852
v -0.00507615854 0.00110417244 -0.011529815
v -0.0058404093 0.00141423581 -0.011127126
v -0.00659703066 0.00164693234 -0.0106625674
v -0.00733708193 0.00179952023 -0.0101416228
v -0.00805198004 0.00187009213 -0.00957037187
v -0.00873326113 0.00185805199 -0.00895549035
v -0.00937305739 0.00176328061 -0.00830425
v -0.00996373942 0.00158697007 -0.00762416101
v -0.0104985123 0.00133138535 -0.00692332959
v -0.0109709387 0.000999268269 -0.00620998121
v -0.011375535 0.000594552731 -0.00549234128
v -0.0117076521 0.000122126317 -0.00477899289
v -0.011963356 -0.000412527347 -0.00407816148
v -0.0121395474 -0.00100320938 -0.00339819169
v -0.0122343188 -0.00164300563 -0.00274695134
v -0.0122464781 -0.00232428672 -0.00213206983
v -0.012175787 -0.00303918483 -0.00156081891
v -0.0120233183 -0.00377935531 -0.00103975511
v -0.0117906218 -0.00453585746 -0.000575196507
v -0.0114804392 -0.00530010822 -0.000172507527
v -0.0110965853 -0.00606304767 0.00016354346
v -0.0106434708 -0.00681573513 0.000429141757
v -0.0101263409 -0.00754934909 0.000621187923
v -0.00955139448 -0.00825530651 0.000737297771
v -0.00892530729 -0.00892526271 0.00077604079
v -0.00822113802 -0.00948256614 0.000507700679
v -0.00753401568 -0.0100422538 0.000394809482
v -0.00681995203 -0.0105455554 0.000207889316
v -0.00608741095 -0.0109866297 -5.06756331e-05
v -0.00534485628 -0.0113602317 -0.000377785924
v -0.00460099032 -0.0116620696 -0.000769746068
v -0.00386451533 -0.0118885672 -0.0012219069
v -0.00314413359 -0.0120369828 -0.00172890401
v -0.00244830897 -0.0121057666 -0.00228501535
v -0.00178514769 -0.0120939648 -0.00288344598
v -0.00116251757 -0.0120016968 -0.00351728177
v -0.000587571165 -0.0118301547 -0.00417925096
v -6.7103407e-05 -0.0115813649 -0.00486136651
v 0.000392686823 -0.0112580693 -0.00555564142
v 0.000786554316 -0.0108642018 -0.00625408864
v 0.0011097307 -0.0104044116 -0.00694848275
v 0.0013586397 -0.00988394382 -0.00763059831
v 0.00153018186 -0.00930899742 -0.00829244828
v 0.00162233064 -0.0086863673 -0.00892628408
v 0.00163413236 -0.00802320602 -0.00952483392
v 0.00156546781 -0.0073273814 -0.010080826
v 0.00141693304 -0.00660699966 -0.0105879424
v 0.00119043539 -0.00587064388 -0.0110401032
v 0.000888716677 -0.00512677791 -0.0114320633
v 0.000515114763 -0.00438422325 -0.0117591736
v 7.40403919e-05 -0.00365156295 -0.0120177386
v -0.000429261229 -0.00293749931 -0.0122045395
v -0.000988948843 -0.00225049617 -0.0123175499
v -0.00159834673 -0.00159842136 -0.0123553393
v -0.00225042155 -0.000988904262 -0.0123175499
v -0.00293754389 -0.000429335857 -0.0122045395
v -0.00365160753 7.39657636e-05 -0.0120177386
v -0.00438414862 0.000515040135 -0.0117591736
v -0.00512670328 0.000888642048 -0.0114320633
v -0.00587056925 0.00119047997 -0.0110401032
v -0.00660704424 0.00141697762 -0.0105879424
v -0.00732742598 0.00156539319 -0.010080826
v -0.0080232506 0.00163417695 -0.00952483392
v -0.00868629267 0.00162237523 -0.00892628408
v -0.009309042 0.00153022644 -0.00829244828
v -0.0098839884 0.00135868428 -0.00763059831
v -0.0104044562 0.00110977528 -0.00694848275
v -0.0108642464 0.000786598897 -0.00625408864
v -0.0112581139 0.000392731404 -0.00555564142
v -0.0115812903 -6.71780353e-05 -0.00486136651
v -0.0118301993 -0.000587526584 -0.00417925096
v -0.0120017414 -0.00116247299 -0.00351728177
v -0.0120938902 -0.00178522232 -0.00288344598
v -0.0121056919 -0.00244838359 -0.00228501535
v -0.0120370274 -0.00314420822 -0.00172890401
v -0.0118884926 -0.00386447074 -0.0012219069
v -0.011661995 -0.00460094574 -0.000769746068
v -0.0113602762 -0.0053448117 -0.000377785924
v -0.0109865551 -0.00608736637 -5.06756331e-05
v -0.0105456 -0.00682002666 0.000207889316
v -0.0100422983 -0.0075339711 0.000394809482
v -0.00948261072 -0.00822109344 0.000507700679
v -0.00887321284 -0.00887316825 0.000545609233
f 1 2 3
f 3 2 4
f 3 4 5
f 5 4 6
f 5 6 7
f 7 6 8
f 7 8 9
f 9 8 10
f 9 10 11
f 11 10 12
f 11 12 13
f 13 12 14
f 13 14 15
f 15 14 16
f 15 16 17
f 17 16 18
f 17 18 19
f 19 18 20
f 19 20 21
f 21 20 22
f 21 22 23
f 23 22 24
f 23 24 25
f 25 24 26
f 25 26 27
f 27 26 28
f 27 28 29
f 29 28 30
f 29 30 31
f 31 30 32
f 31 32 33
f 33 32 34
f 33 34 35
f 35 34 36
f 35 36 37
f 37 36 38
f 37 38 39
f 39 38 40
f 39 40 41
f 41 40 42
f 41 42 43
f 43 42 44
f 43 44 45
f 45 44 46
f 45 46 47
f 47 46 48
f 47 48 1
f 1 48 2
f 28 26 49
f 49 26 24
f 49 24 22
f 34 32 49
f 49 32 30
f 49 30 28
f 40 38 49
f 49 38 36
f 49 36 34
f 46 44 49
f 49 44 42
f 49 42 40
f 4 2 49
f 49 2 48
f 49 48 46
f 10 8 49
f 49 8 6
f 49 6 4
f 16 14 49
f 49 14 12
f 49 12 10
f 22 20 49
f 49 20 18
f 49 18 16
f 21 23 50
f 50 23 25
f 50 25 27
f 15 17 50
f 50 17 19
f 50 19 21
f 9 11 50
f 50 11 13
f 50 13 15
f 3 5 50
f 50 5 7
f 50 7 9
f 45 47 50
f 50 47 1
f 50 1 3
f 39 41 50
f 50 41 43
f 50 43 45
f 33 35 50
f 50 35 37
f 50 37 39
f 27 29 50
f 50 29 31
f 50 31 33
f 51 52 53
f 53 52 54
f 51 53 55
f 55 53 56
f 55 56 57
f 57 56 58
f 58 56 59
f 58 59 60
f 61 62 63
f 64 65 62
f 62 65 66
f 62 66 63
f 67 68 69
f 69 68 70
f 71 72 73
f 73 72 74
f 71 73 75
f 75 73 76
f 75 76 77
f 77 76 78
f 78 76 79
f 78 79 80
f 81 82 83
f 52 84 54
f 54 84 85
f 54 85 82
f 82 85 86
f 82 86 83
f 60 59 87
f 87 59 88
f 87 88 89
f 90 91 88
f 88 91 92
f 88 92 89
f 93 94 95
f 95 94 96
f 68 97 70
f 70 97 98
f 70 98 64
f 64 98 99
f 64 99 65
f 72 100 74
f 74 100 101
f 74 101 102
f 103 104 90
f 90 104 105
f 90 105 91
f 94 106 96
f 96 106 107
f 96 107 108
f 93 95 109
f 109 95 110
f 109 110 111
f 67 69 112
f 112 69 113
f 112 113 114
f 83 115 81
f 81 115 116
f 81 116 79
f 79 116 117
f 79 117 80
f 107 118 108
f 108 118 119
f 108 119 103
f 103 119 120
f 103 120 104
f 114 113 121
f 121 113 122
f 121 122 123
f 124 125 126
f 101 127 102
f 102 127 128
f 102 128 125
f 125 128 129
f 125 129 126
f 63 130 61
f 61 130 131
f 61 131 110
f 110 131 132
f 110 132 111
f 126 133 124
f 124 133 134
f 124 134 122
f 122 134 135
f 122 135 123
f 136 137 138
f 139 140 141
f 142 143 144
f 145 146 147
f 148 149 150
f 151 152 153
f 154 155 156
f 157 158 159
f 160 161 162
f 163 164 165
f 166 167 168
f 169 170 171
f 172 173 174
f 175 176 177
f 178 179 180
f 181 182 183
f 184 185 186
f 187 188 189
f 190 191 192
f 193 194 195
f 196 197 198
f 199 200 201
f 202 203 204
f 205 206 207
f 208 209 210
f 211 212 213
f 214 215 216
f 217 218 219
f 220 221 222
f 223 224 225
f 226 227 228
f 229 230 231
f 232 233 234
f 235 236 237
f 238 239 240
f 241 242 243
f 244 245 246
f 247 248 249
f 250 251 252
f 253 254 255
f 256 257 258
f 259 260 261
f 262 263 264
f 265 266 267
f 268 269 270
f 271 272 273
f 274 275 276
f 277 278 279
f 280 281 282
f 283 284 285
f 286 287 288
f 289 290 291
f 292 293 294
f 295 296 297
f 298 299 300
f 301 302 303
f 304 305 306
f 307 308 309
f 310 311 312
f 313 314 315
f 316 317 318
f 319 320 321
f 322 323 290
f 290 323 324
f 290 324 291
f 291 324 325
f 291 325 326
f 326 327 328
f 328 327 329
f 329 330 331
f 331 330 332
f 332 333 334
f 334 333 335
f 335 336 337
f 337 336 338
f 338 339 340
f 340 339 341
f 341 342 343
f 343 342 344
f 344 345 346
f 346 345 310
f 347 348 349
f 350 351 352
f 353 354 355
f 356 357 358
f 359 360 361
f 362 363 364
f 365 366 367
f 368 369 370
f 371 372 373
f 374 375 376
f 377 378 379
f 380 381 382
f 383 384 385
f 307 309 386
f 387 388 287
f 287 388 389
f 287 389 288
f 288 389 390
f 288 390 391
f 391 392 393
f 393 392 394
f 394 395 396
f 396 395 397
f 397 398 399
f 399 398 400
f 400 401 402
f 402 401 403
f 403 404 405
f 405 404 406
f 406 407 408
f 408 407 409
f 409 410 411
f 411 410 295
f 412 413 414
f 415 416 417
f 418 419 420
f 421 422 423
f 424 425 426
f 427 428 429
f 430 431 432
f 433 434 435
f 436 437 438
f 439 440 441
f 442 443 444
f 445 446 447
f 448 449 450
f 292 294 451
f 314 322 315
f 315 322 290
f 315 290 452
f 452 290 289
f 452 289 453
f 299 387 300
f 300 387 287
f 300 287 454
f 454 287 286
f 454 286 455
f 317 313 318
f 318 313 315
f 318 315 456
f 456 315 452
f 456 452 457
f 457 452 453
f 457 453 458
f 302 298 303
f 303 298 300
f 303 300 459
f 459 300 454
f 459 454 460
f 460 454 455
f 460 455 461
f 320 316 321
f 321 316 318
f 321 318 462
f 462 318 456
f 462 456 463
f 463 456 457
f 463 457 464
f 464 457 458
f 464 458 465
f 305 301 306
f 306 301 303
f 306 303 466
f 466 303 459
f 466 459 467
f 467 459 460
f 467 460 468
f 468 460 461
f 468 461 469
f 470 319 471
f 471 319 321
f 471 321 472
f 472 321 462
f 472 462 473
f 473 462 463
f 473 463 474
f 474 463 464
f 474 464 475
f 475 464 465
f 475 465 285
f 476 304 477
f 477 304 306
f 477 306 478
f 478 306 466
f 478 466 479
f 479 466 467
f 479 467 480
f 480 467 468
f 480 468 481
f 481 468 469
f 481 469 210
f 482 483 484
f 485 486 487
f 488 470 489
f 489 470 471
f 489 471 490
f 490 471 472
f 490 472 491
f 491 472 473
f 491 473 492
f 492 473 474
f 492 474 493
f 493 474 475
f 493 475 494
f 494 475 285
f 494 285 495
f 495 285 284
f 326 328 291
f 291 328 496
f 291 496 289
f 289 496 497
f 289 497 453
f 453 497 498
f 453 498 458
f 458 498 499
f 458 499 465
f 465 499 282
f 465 282 285
f 285 282 281
f 285 281 283
f 329 331 328
f 328 331 500
f 328 500 496
f 496 500 501
f 496 501 497
f 497 501 502
f 497 502 498
f 498 502 503
f 498 503 499
f 499 503 279
f 499 279 282
f 282 279 278
f 282 278 280
f 332 334 331
f 331 334 504
f 331 504 500
f 500 504 505
f 500 505 501
f 501 505 506
f 501 506 502
f 502 506 507
f 502 507 503
f 503 507 276
f 503 276 279
f 279 276 275
f 279 275 277
f 335 337 334
f 334 337 508
f 334 508 504
f 504 508 509
f 504 509 505
f 505 509 510
f 505 510 506
f 506 510 511
f 506 511 507
f 507 511 273
f 507 273 276
f 276 273 272
f 276 272 274
f 338 340 337
f 337 340 512
f 337 512 508
f 508 512 513
f 508 513 509
f 509 513 514
f 509 514 510
f 510 514 515
f 510 515 511
f 511 515 270
f 511 270 273
f 273 270 269
f 273 269 271
f 341 343 340
f 340 343 516
f 340 516 512
f 512 516 517
f 512 517 513
f 513 517 518
f 513 518 514
f 514 518 519
f 514 519 515
f 515 519 267
f 515 267 270
f 270 267 266
f 270 266 268
f 344 346 343
f 343 346 520
f 343 520 516
f 516 520 521
f 516 521 517
f 517 521 522
f 517 522 518
f 518 522 523
f 518 523 519
f 519 523 264
f 519 264 267
f 267 264 263
f 267 263 265
f 310 312 346
f 346 312 524
f 346 524 520
f 520 524 525
f 520 525 521
f 521 525 526
f 521 526 522
f 522 526 527
f 522 527 523
f 523 527 261
f 523 261 264
f 264 261 260
f 264 260 262
f 312 528 524
f 524 528 529
f 524 529 525
f 525 529 530
f 525 530 526
f 526 530 531
f 526 531 527
f 527 531 258
f 527 258 261
f 261 258 257
f 261 257 259
f 528 532 529
f 529 532 533
f 529 533 530
f 530 533 534
f 530 534 531
f 531 534 255
f 531 255 258
f 258 255 254
f 258 254 256
f 532 535 533
f 533 535 536
f 533 536 534
f 534 536 252
f 534 252 255
f 255 252 251
f 255 251 253
f 535 482 536
f 536 482 484
f 536 484 252
f 252 484 537
f 252 537 250
f 538 539 540
f 540 539 483
f 540 483 541
f 541 483 482
f 541 482 542
f 542 482 535
f 542 535 543
f 543 535 532
f 543 532 544
f 544 532 528
f 544 528 545
f 545 528 312
f 545 312 546
f 546 312 311
f 539 547 483
f 483 547 548
f 483 548 484
f 484 548 549
f 484 549 537
f 248 538 249
f 249 538 540
f 249 540 550
f 550 540 541
f 550 541 551
f 551 541 542
f 551 542 552
f 552 542 543
f 552 543 553
f 553 543 544
f 553 544 349
f 349 544 545
f 349 545 347
f 347 545 546
f 245 247 246
f 246 247 249
f 246 249 554
f 554 249 550
f 554 550 555
f 555 550 551
f 555 551 556
f 556 551 552
f 556 552 557
f 557 552 553
f 557 553 352
f 352 553 349
f 352 349 350
f 350 349 348
f 242 244 243
f 243 244 246
f 243 246 558
f 558 246 554
f 558 554 559
f 559 554 555
f 559 555 560
f 560 555 556
f 560 556 561
f 561 556 557
f 561 557 355
f 355 557 352
f 355 352 353
f 353 352 351
f 239 241 240
f 240 241 243
f 240 243 562
f 562 243 558
f 562 558 563
f 563 558 559
f 563 559 564
f 564 559 560
f 564 560 565
f 565 560 561
f 565 561 358
f 358 561 355
f 358 355 356
f 356 355 354
f 236 238 237
f 237 238 240
f 237 240 566
f 566 240 562
f 566 562 567
f 567 562 563
f 567 563 568
f 568 563 564
f 568 564 569
f 569 564 565
f 569 565 361
f 361 565 358
f 361 358 359
f 359 358 357
f 233 235 234
f 234 235 237
f 234 237 570
f 570 237 566
f 570 566 571
f 571 566 567
f 571 567 572
f 572 567 568
f 572 568 573
f 573 568 569
f 573 569 364
f 364 569 361
f 364 361 362
f 362 361 360
f 230 232 231
f 231 232 234
f 231 234 574
f 574 234 570
f 574 570 575
f 575 570 571
f 575 571 576
f 576 571 572
f 576 572 577
f 577 572 573
f 577 573 367
f 367 573 364
f 367 364 365
f 365 364 363
f 227 229 228
f 228 229 231
f 228 231 578
f 578 231 574
f 578 574 579
f 579 574 575
f 579 575 580
f 580 575 576
f 580 576 581
f 581 576 577
f 581 577 370
f 370 577 367
f 370 367 368
f 368 367 366
f 224 226 225
f 225 226 228
f 225 228 582
f 582 228 578
f 582 578 583
f 583 578 579
f 583 579 584
f 584 579 580
f 584 580 585
f 585 580 581
f 585 581 373
f 373 581 370
f 373 370 371
f 371 370 369
f 221 223 222
f 222 223 225
f 222 225 586
f 586 225 582
f 586 582 587
f 587 582 583
f 587 583 588
f 588 583 584
f 588 584 589
f 589 584 585
f 589 585 376
f 376 585 373
f 376 373 374
f 374 373 372
f 218 220 219
f 219 220 222
f 219 222 590
f 590 222 586
f 590 586 591
f 591 586 587
f 591 587 592
f 592 587 588
f 592 588 593
f 593 588 589
f 593 589 379
f 379 589 376
f 379 376 377
f 377 376 375
f 215 217 216
f 216 217 219
f 216 219 594
f 594 219 590
f 594 590 595
f 595 590 591
f 595 591 596
f 596 591 592
f 596 592 597
f 597 592 593
f 597 593 382
f 382 593 379
f 382 379 380
f 380 379 378
f 212 214 213
f 213 214 216
f 213 216 598
f 598 216 594
f 598 594 599
f 599 594 595
f 599 595 600
f 600 595 596
f 600 596 601
f 601 596 597
f 601 597 385
f 385 597 382
f 385 382 383
f 383 382 381
f 602 211 603
f 603 211 213
f 603 213 604
f 604 213 598
f 604 598 605
f 605 598 599
f 605 599 606
f 606 599 600
f 606 600 607
f 607 600 601
f 607 601 309
f 309 601 385
f 309 385 386
f 386 385 384
f 308 608 309
f 309 608 609
f 309 609 607
f 607 609 610
f 607 610 606
f 606 610 611
f 606 611 605
f 605 611 612
f 605 612 604
f 604 612 613
f 604 613 603
f 603 613 614
f 603 614 602
f 602 614 615
f 608 476 609
f 609 476 477
f 609 477 610
f 610 477 478
f 610 478 611
f 611 478 479
f 611 479 612
f 612 479 480
f 612 480 613
f 613 480 481
f 613 481 614
f 614 481 210
f 614 210 615
f 615 210 209
f 391 393 288
f 288 393 616
f 288 616 286
f 286 616 617
f 286 617 455
f 455 617 618
f 455 618 461
f 461 618 619
f 461 619 469
f 469 619 207
f 469 207 210
f 210 207 206
f 210 206 208
f 394 396 393
f 393 396 620
f 393 620 616
f 616 620 621
f 616 621 617
f 617 621 622
f 617 622 618
f 618 622 623
f 618 623 619
f 619 623 204
f 619 204 207
f 207 204 203
f 207 203 205
f 397 399 396
f 396 399 624
f 396 624 620
f 620 624 625
f 620 625 621
f 621 625 626
f 621 626 622
f 622 626 627
f 622 627 623
f 623 627 201
f 623 201 204
f 204 201 200
f 204 200 202
f 400 402 399
f 399 402 628
f 399 628 624
f 624 628 629
f 624 629 625
f 625 629 630
f 625 630 626
f 626 630 631
f 626 631 627
f 627 631 198
f 627 198 201
f 201 198 197
f 201 197 199
f 403 405 402
f 402 405 632
f 402 632 628
f 628 632 633
f 628 633 629
f 629 633 634
f 629 634 630
f 630 634 635
f 630 635 631
f 631 635 195
f 631 195 198
f 198 195 194
f 198 194 196
f 406 408 405
f 405 408 636
f 405 636 632
f 632 636 637
f 632 637 633
f 633 637 638
f 633 638 634
f 634 638 639
f 634 639 635
f 635 639 192
f 635 192 195
f 195 192 191
f 195 191 193
f 409 411 408
f 408 411 640
f 408 640 636
f 636 640 641
f 636 641 637
f 637 641 642
f 637 642 638
f 638 642 643
f 638 643 639
f 639 643 189
f 639 189 192
f 192 189 188
f 192 188 190
f 295 297 411
f 411 297 644
f 411 644 640
f 640 644 645
f 640 645 641
f 641 645 646
f 641 646 642
f 642 646 647
f 642 647 643
f 643 647 186
f 643 186 189
f 189 186 185
f 189 185 187
f 297 648 644
f 644 648 649
f 644 649 645
f 645 649 650
f 645 650 646
f 646 650 651
f 646 651 647
f 647 651 183
f 647 183 186
f 186 183 182
f 186 182 184
f 648 652 649
f 649 652 653
f 649 653 650
f 650 653 654
f 650 654 651
f 651 654 180
f 651 180 183
f 183 180 179
f 183 179 181
f 652 655 653
f 653 655 656
f 653 656 654
f 654 656 177
f 654 177 180
f 180 177 176
f 180 176 178
f 655 485 656
f 656 485 487
f 656 487 177
f 177 487 657
f 177 657 175
f 658 659 660
f 660 659 486
f 660 486 661
f 661 486 485
f 661 485 662
f 662 485 655
f 662 655 663
f 663 655 652
f 663 652 664
f 664 652 648
f 664 648 665
f 665 648 297
f 665 297 666
f 666 297 296
f 659 667 486
f 486 667 668
f 486 668 487
f 487 668 669
f 487 669 657
f 173 658 174
f 174 658 660
f 174 660 670
f 670 660 661
f 670 661 671
f 671 661 662
f 671 662 672
f 672 662 663
f 672 663 673
f 673 663 664
f 673 664 414
f 414 664 665
f 414 665 412
f 412 665 666
f 170 172 171
f 171 172 174
f 171 174 674
f 674 174 670
f 674 670 675
f 675 670 671
f 675 671 676
f 676 671 672
f 676 672 677
f 677 672 673
f 677 673 417
f 417 673 414
f 417 414 415
f 415 414 413
f 167 169 168
f 168 169 171
f 168 171 678
f 678 171 674
f 678 674 679
f 679 674 675
f 679 675 680
f 680 675 676
f 680 676 681
f 681 676 677
f 681 677 420
f 420 677 417
f 420 417 418
f 418 417 416
f 164 166 165
f 165 166 168
f 165 168 682
f 682 168 678
f 682 678 683
f 683 678 679
f 683 679 684
f 684 679 680
f 684 680 685
f 685 680 681
f 685 681 423
f 423 681 420
f 423 420 421
f 421 420 419
f 161 163 162
f 162 163 165
f 162 165 686
f 686 165 682
f 686 682 687
f 687 682 683
f 687 683 688
f 688 683 684
f 688 684 689
f 689 684 685
f 689 685 426
f 426 685 423
f 426 423 424
f 424 423 422
f 158 160 159
f 159 160 162
f 159 162 690
f 690 162 686
f 690 686 691
f 691 686 687
f 691 687 692
f 692 687 688
f 692 688 693
f 693 688 689
f 693 689 429
f 429 689 426
f 429 426 427
f 427 426 425
f 155 157 156
f 156 157 159
f 156 159 694
f 694 159 690
f 694 690 695
f 695 690 691
f 695 691 696
f 696 691 692
f 696 692 697
f 697 692 693
f 697 693 432
f 432 693 429
f 432 429 430
f 430 429 428
f 152 154 153
f 153 154 156
f 153 156 698
f 698 156 694
f 698 694 699
f 699 694 695
f 699 695 700
f 700 695 696
f 700 696 701
f 701 696 697
f 701 697 435
f 435 697 432
f 435 432 433
f 433 432 431
f 149 151 150
f 150 151 153
f 150 153 702
f 702 153 698
f 702 698 703
f 703 698 699
f 703 699 704
f 704 699 700
f 704 700 705
f 705 700 701
f 705 701 438
f 438 701 435
f 438 435 436
f 436 435 434
f 146 148 147
f 147 148 150
f 147 150 706
f 706 150 702
f 706 702 707
f 707 702 703
f 707 703 708
f 708 703 704
f 708 704 709
f 709 704 705
f 709 705 441
f 441 705 438
f 441 438 439
f 439 438 437
f 143 145 144
f 144 145 147
f 144 147 710
f 710 147 706
f 710 706 711
f 711 706 707
f 711 707 712
f 712 707 708
f 712 708 713
f 713 708 709
f 713 709 444
f 444 709 441
f 444 441 442
f 442 441 440
f 140 142 141
f 141 142 144
f 141 144 714
f 714 144 710
f 714 710 715
f 715 710 711
f 715 711 716
f 716 711 712
f 716 712 717
f 717 712 713
f 717 713 447
f 447 713 444
f 447 444 445
f 445 444 443
f 137 139 138
f 138 139 141
f 138 141 718
f 718 141 714
f 718 714 719
f 719 714 715
f 719 715 720
f 720 715 716
f 720 716 721
f 721 716 717
f 721 717 450
f 450 717 447
f 450 447 448
f 448 447 446
f 722 136 723
f 723 136 138
f 723 138 724
f 724 138 718
f 724 718 725
f 725 718 719
f 725 719 726
f 726 719 720
f 726 720 727
f 727 720 721
f 727 721 294
f 294 721 450
f 294 450 451
f 451 450 449
f 293 488 294
f 294 488 489
f 294 489 727
f 727 489 490
f 727 490 726
f 726 490 491
f 726 491 725
f 725 491 492
f 725 492 724
f 724 492 493
f 724 493 723
f 723 493 494
f 723 494 722
f 722 494 495
f 728 729 730
f 730 729 731
f 732 733 734
f 729 735 731
f 731 735 736
f 731 736 734
f 734 736 737
f 734 737 732
f 738 739 740
f 740 739 741
f 738 740 742
f 742 740 743
f 742 743 744
f 739 745 741
f 741 745 746
f 741 746 747
f 748 749 750
f 732 751 733
f 733 751 752
f 733 752 749
f 749 752 753
f 749 753 750
f 754 755 756
f 756 755 757
f 758 759 760
f 746 761 747
f 747 761 762
f 747 762 763
f 750 764 748
f 748 764 765
f 748 765 743
f 743 765 766
f 743 766 744
f 758 760 767
f 759 758 768
f 768 758 769
f 768 769 770
f 770 769 771
f 771 769 772
f 771 772 773
f 773 772 774
f 774 772 775
f 774 775 776
f 728 730 777
f 777 730 778
f 777 778 779
f 780 781 778
f 778 781 782
f 778 782 779
f 783 784 780
f 780 784 785
f 780 785 781
f 755 786 757
f 757 786 787
f 757 787 783
f 783 787 788
f 783 788 784
f 754 756 789
f 789 756 790
f 789 790 791
f 791 790 792
f 792 790 793
f 792 793 794
f 776 775 795
f 795 775 796
f 795 796 797
f 798 799 796
f 796 799 800
f 796 800 797
f 762 801 763
f 763 801 802
f 763 802 798
f 798 802 803
f 798 803 799
f 760 804 767
f 767 804 805
f 767 805 806
f 794 793 807
f 807 793 808
f 807 808 809
f 805 810 806
f 806 810 811
f 806 811 808
f 808 811 812
f 808 812 809
f 813 758 814
f 814 758 767
f 814 767 815
f 815 767 806
f 815 806 816
f 816 806 808
f 816 808 817
f 817 808 793
f 817 793 818
f 818 793 790
f 818 790 819
f 819 790 756
f 819 756 820
f 820 756 757
f 820 757 821
f 821 757 783
f 821 783 822
f 822 783 780
f 822 780 823
f 823 780 778
f 823 778 824
f 824 778 730
f 824 730 825
f 825 730 731
f 825 731 826
f 826 731 734
f 826 734 827
f 827 734 733
f 827 733 828
f 828 733 749
f 828 749 829
f 829 749 748
f 829 748 830
f 830 748 743
f 830 743 831
f 831 743 740
f 831 740 832
f 832 740 741
f 832 741 833
f 833 741 747
f 833 747 834
f 834 747 763
f 834 763 835
f 835 763 798
f 835 798 836
f 836 798 796
f 836 796 837
f 837 796 775
f 837 775 838
f 838 775 772
f 838 772 839
f 839 772 769
f 839 769 813
f 813 769 758
f 840 826 841
f 841 826 827
f 841 827 842
f 842 827 828
f 842 828 843
f 843 828 829
f 843 829 844
f 844 829 830
f 844 830 845
f 845 830 831
f 845 831 846
f 846 831 832
f 846 832 847
f 847 832 833
f 847 833 848
f 849 817 850
f 850 817 818
f 850 818 851
f 851 818 819
f 851 819 852
f 852 819 820
f 852 820 853
f 853 820 821
f 853 821 854
f 854 821 822
f 854 822 855
f 855 822 823
f 855 823 856
f 856 823 824
f 856 824 840
f 840 824 825
f 840 825 826
f 833 834 848
f 848 834 835
f 848 835 857
f 857 835 836
f 857 836 858
f 858 836 837
f 858 837 859
f 859 837 838
f 859 838 860
f 860 838 839
f 860 839 861
f 861 839 813
f 861 813 862
f 862 813 814
f 862 814 863
f 863 814 815
f 863 815 849
f 849 815 816
f 849 816 817
f 864 861 865
f 865 861 862
f 865 862 866
f 866 862 863
f 866 863 867
f 867 863 849
f 867 849 868
f 868 849 850
f 868 850 869
f 869 850 851
f 869 851 870
f 870 851 852
f 870 852 871
f 871 852 853
f 871 853 872
f 872 853 854
f 872 854 873
f 873 854 855
f 873 855 874
f 874 855 856
f 874 856 875
f 875 856 840
f 875 840 876
f 876 840 841
f 876 841 877
f 877 841 842
f 877 842 878
f 878 842 843
f 878 843 879
f 879 843 844
f 879 844 880
f 880 844 845
f 880 845 881
f 881 845 846
f 881 846 882
f 882 846 847
f 882 847 883
f 883 847 848
f 883 848 884
f 884 848 857
f 884 857 885
f 885 857 858
f 885 858 886
f 886 858 859
f 886 859 887
f 887 859 860
f 887 860 864
f 864 860 861
f 868 888 867
f 867 888 889
f 867 889 866
f 866 889 890
f 866 890 865
f 865 890 891
f 865 891 864
f 864 891 892
f 864 892 887
f 887 892 893
f 887 893 886
f 886 893 894
f 886 894 885
f 885 894 895
f 885 895 884
f 895 896 884
f 884 896 897
f 884 897 883
f 883 897 898
f 883 898 882
f 882 898 899
f 882 899 881
f 881 899 900
f 881 900 880
f 880 900 901
f 880 901 879
f 879 901 902
f 879 902 878
f 878 902 903
f 878 903 877
f 877 903 904
f 877 904 876
f 904 905 876
f 876 905 906
f 876 906 875
f 875 906 907
f 875 907 874
f 874 907 908
f 874 908 873
f 873 908 909
f 873 909 872
f 872 909 910
f 872 910 871
f 871 910 911
f 871 911 870
f 870 911 912
f 870 912 869
f 869 912 913
f 869 913 868
f 868 913 914
f 868 914 888
f 70 892 69
f 69 892 891
f 69 891 113
f 113 891 890
f 113 890 122
f 122 890 889
f 122 889 124
f 124 889 888
f 124 888 125
f 125 888 914
f 125 914 102
f 102 914 913
f 102 913 74
f 74 913 912
f 74 912 73
f 73 912 911
f 73 911 76
f 76 911 910
f 76 910 79
f 79 910 909
f 79 909 81
f 81 909 908
f 81 908 82
f 82 908 907
f 82 907 54
f 54 907 906
f 54 906 53
f 53 906 905
f 53 905 56
f 56 905 904
f 56 904 59
f 59 904 903
f 59 903 88
f 88 903 902
f 88 902 90
f 90 902 901
f 90 901 103
f 103 901 900
f 103 900 108
f 108 900 899
f 108 899 96
f 96 899 898
f 96 898 95
f 95 898 897
f 95 897 110
f 110 897 896
f 110 896 61
f 61 896 895
f 61 895 62
f 62 895 894
f 62 894 64
f 64 894 893
f 64 893 70
f 70 893 892
f 293 292 915
f 451 449 916
f 448 446 917
f 436 434 918
f 433 431 919
f 430 428 920
f 427 425 921
f 424 422 922
f 421 419 923
f 418 416 924
f 308 307 925
f 386 384 926
f 383 381 927
f 371 369 928
f 368 366 929
f 365 363 930
f 362 360 931
f 359 357 932
f 356 354 933
f 353 351 934
f 935 812 811
f 936 809 812
f 937 807 809
f 938 794 807
f 939 792 794
f 940 791 792
f 941 789 791
f 942 754 789
f 943 755 754
f 944 786 755
f 945 787 786
f 946 788 787
f 947 784 788
f 948 785 784
f 949 781 785
f 950 782 781
f 951 779 782
f 952 777 779
f 953 728 777
f 954 729 728
f 955 765 764
f 956 766 765
f 957 744 766
f 958 742 744
f 959 738 742
f 960 739 738
f 961 745 739
f 962 746 745
f 963 761 746
f 964 762 761
f 965 801 762
f 966 802 801
f 967 803 802
f 968 799 803
f 969 800 799
f 970 797 800
f 971 795 797
f 972 776 795
f 973 774 776
f 974 773 774
f 771 773 975
f 975 773 974
f 975 974 976
f 735 729 977
f 977 729 954
f 977 954 978
f 770 771 979
f 979 771 975
f 979 975 980
f 980 975 976
f 980 976 981
f 736 735 982
f 982 735 977
f 982 977 983
f 983 977 978
f 983 978 984
f 768 770 985
f 985 770 979
f 985 979 986
f 986 979 980
f 986 980 987
f 987 980 981
f 987 981 988
f 737 736 989
f 989 736 982
f 989 982 990
f 990 982 983
f 990 983 991
f 991 983 984
f 991 984 992
f 759 768 993
f 993 768 985
f 993 985 994
f 994 985 986
f 994 986 995
f 995 986 987
f 995 987 996
f 996 987 988
f 996 988 997
f 732 737 998
f 998 737 989
f 998 989 999
f 999 989 990
f 999 990 1000
f 1000 990 991
f 1000 991 1001
f 1001 991 992
f 1001 992 1002
f 1003 1004 1005
f 1006 1007 1008
f 1009 319 470
f 774 973 974
f 974 973 1010
f 974 1010 976
f 976 1010 1011
f 976 1011 981
f 981 1011 1012
f 981 1012 988
f 988 1012 1009
f 988 1009 997
f 997 1009 470
f 997 470 488
f 1013 316 320
f 776 972 973
f 973 972 1014
f 973 1014 1010
f 1010 1014 1015
f 1010 1015 1011
f 1011 1015 1016
f 1011 1016 1012
f 1012 1016 1013
f 1012 1013 1009
f 1009 1013 320
f 1009 320 319
f 1017 313 317
f 795 971 972
f 972 971 1018
f 972 1018 1014
f 1014 1018 1019
f 1014 1019 1015
f 1015 1019 1020
f 1015 1020 1016
f 1016 1020 1017
f 1016 1017 1013
f 1013 1017 317
f 1013 317 316
f 1021 322 314
f 797 970 971
f 971 970 1022
f 971 1022 1018
f 1018 1022 1023
f 1018 1023 1019
f 1019 1023 1024
f 1019 1024 1020
f 1020 1024 1021
f 1020 1021 1017
f 1017 1021 314
f 1017 314 313
f 1025 324 323
f 800 969 970
f 970 969 1026
f 970 1026 1022
f 1022 1026 1027
f 1022 1027 1023
f 1023 1027 1028
f 1023 1028 1024
f 1024 1028 1025
f 1024 1025 1021
f 1021 1025 323
f 1021 323 322
f 1029 326 325
f 799 968 969
f 969 968 1030
f 969 1030 1026
f 1026 1030 1031
f 1026 1031 1027
f 1027 1031 1032
f 1027 1032 1028
f 1028 1032 1029
f 1028 1029 1025
f 1025 1029 325
f 1025 325 324
f 1033 329 327
f 803 967 968
f 968 967 1034
f 968 1034 1030
f 1030 1034 1035
f 1030 1035 1031
f 1031 1035 1036
f 1031 1036 1032
f 1032 1036 1033
f 1032 1033 1029
f 1029 1033 327
f 1029 327 326
f 1037 332 330
f 802 966 967
f 967 966 1038
f 967 1038 1034
f 1034 1038 1039
f 1034 1039 1035
f 1035 1039 1040
f 1035 1040 1036
f 1036 1040 1037
f 1036 1037 1033
f 1033 1037 330
f 1033 330 329
f 1041 335 333
f 801 965 966
f 966 965 1042
f 966 1042 1038
f 1038 1042 1043
f 1038 1043 1039
f 1039 1043 1044
f 1039 1044 1040
f 1040 1044 1041
f 1040 1041 1037
f 1037 1041 333
f 1037 333 332
f 1045 338 336
f 762 964 965
f 965 964 1046
f 965 1046 1042
f 1042 1046 1047
f 1042 1047 1043
f 1043 1047 1048
f 1043 1048 1044
f 1044 1048 1045
f 1044 1045 1041
f 1041 1045 336
f 1041 336 335
f 1049 341 339
f 761 963 964
f 964 963 1050
f 964 1050 1046
f 1046 1050 1051
f 1046 1051 1047
f 1047 1051 1052
f 1047 1052 1048
f 1048 1052 1049
f 1048 1049 1045
f 1045 1049 339
f 1045 339 338
f 1053 344 342
f 746 962 963
f 963 962 1054
f 963 1054 1050
f 1050 1054 1055
f 1050 1055 1051
f 1051 1055 1056
f 1051 1056 1052
f 1052 1056 1053
f 1052 1053 1049
f 1049 1053 342
f 1049 342 341
f 1057 310 345
f 745 961 962
f 962 961 1058
f 962 1058 1054
f 1054 1058 1059
f 1054 1059 1055
f 1055 1059 1060
f 1055 1060 1056
f 1056 1060 1057
f 1056 1057 1053
f 1053 1057 345
f 1053 345 344
f 1061 546 311
f 739 960 961
f 961 960 1062
f 961 1062 1058
f 1058 1062 1063
f 1058 1063 1059
f 1059 1063 1064
f 1059 1064 1060
f 1060 1064 1061
f 1060 1061 1057
f 1057 1061 311
f 1057 311 310
f 350 348 1065
f 1065 348 347
f 738 959 960
f 960 959 1066
f 960 1066 1062
f 1062 1066 1067
f 1062 1067 1063
f 1063 1067 1068
f 1063 1068 1064
f 1064 1068 1065
f 1064 1065 1061
f 1061 1065 347
f 1061 347 546
f 742 958 959
f 959 958 1069
f 959 1069 1066
f 1066 1069 1070
f 1066 1070 1067
f 1067 1070 1071
f 1067 1071 1068
f 1068 1071 934
f 1068 934 1065
f 1065 934 351
f 1065 351 350
f 744 957 958
f 958 957 1072
f 958 1072 1069
f 1069 1072 1073
f 1069 1073 1070
f 1070 1073 1074
f 1070 1074 1071
f 1071 1074 933
f 1071 933 934
f 934 933 354
f 934 354 353
f 766 956 957
f 957 956 1075
f 957 1075 1072
f 1072 1075 1076
f 1072 1076 1073
f 1073 1076 1077
f 1073 1077 1074
f 1074 1077 932
f 1074 932 933
f 933 932 357
f 933 357 356
f 765 955 956
f 956 955 1078
f 956 1078 1075
f 1075 1078 1079
f 1075 1079 1076
f 1076 1079 1080
f 1076 1080 1077
f 1077 1080 931
f 1077 931 932
f 932 931 360
f 932 360 359
f 764 1081 955
f 955 1081 1082
f 955 1082 1078
f 1078 1082 1083
f 1078 1083 1079
f 1079 1083 1084
f 1079 1084 1080
f 1080 1084 930
f 1080 930 931
f 931 930 363
f 931 363 362
f 1081 1085 1082
f 1082 1085 1086
f 1082 1086 1083
f 1083 1086 1087
f 1083 1087 1084
f 1084 1087 929
f 1084 929 930
f 930 929 366
f 930 366 365
f 1085 1088 1086
f 1086 1088 1089
f 1086 1089 1087
f 1087 1089 928
f 1087 928 929
f 929 928 369
f 929 369 368
f 1088 1003 1089
f 1089 1003 1005
f 1089 1005 928
f 928 1005 372
f 928 372 371
f 380 378 1090
f 1090 378 1004
f 1090 1004 1091
f 1091 1004 1003
f 1091 1003 1092
f 1092 1003 1088
f 1092 1088 1093
f 1093 1088 1085
f 1093 1085 1094
f 1094 1085 1081
f 1094 1081 750
f 750 1081 764
f 378 377 1004
f 1004 377 375
f 1004 375 1005
f 1005 375 374
f 1005 374 372
f 381 380 927
f 927 380 1090
f 927 1090 1095
f 1095 1090 1091
f 1095 1091 1096
f 1096 1091 1092
f 1096 1092 1097
f 1097 1092 1093
f 1097 1093 1098
f 1098 1093 1094
f 1098 1094 753
f 753 1094 750
f 384 383 926
f 926 383 927
f 926 927 1099
f 1099 927 1095
f 1099 1095 1100
f 1100 1095 1096
f 1100 1096 1101
f 1101 1096 1097
f 1101 1097 1102
f 1102 1097 1098
f 1102 1098 752
f 752 1098 753
f 307 386 925
f 925 386 926
f 925 926 1103
f 1103 926 1099
f 1103 1099 1104
f 1104 1099 1100
f 1104 1100 1105
f 1105 1100 1101
f 1105 1101 1106
f 1106 1101 1102
f 1106 1102 751
f 751 1102 752
f 608 308 1002
f 1002 308 925
f 1002 925 1001
f 1001 925 1103
f 1001 1103 1000
f 1000 1103 1104
f 1000 1104 999
f 999 1104 1105
f 999 1105 998
f 998 1105 1106
f 998 1106 732
f 732 1106 751
f 1107 304 476
f 728 953 954
f 954 953 1108
f 954 1108 978
f 978 1108 1109
f 978 1109 984
f 984 1109 1110
f 984 1110 992
f 992 1110 1107
f 992 1107 1002
f 1002 1107 476
f 1002 476 608
f 1111 301 305
f 777 952 953
f 953 952 1112
f 953 1112 1108
f 1108 1112 1113
f 1108 1113 1109
f 1109 1113 1114
f 1109 1114 1110
f 1110 1114 1111
f 1110 1111 1107
f 1107 1111 305
f 1107 305 304
f 1115 298 302
f 779 951 952
f 952 951 1116
f 952 1116 1112
f 1112 1116 1117
f 1112 1117 1113
f 1113 1117 1118
f 1113 1118 1114
f 1114 1118 1115
f 1114 1115 1111
f 1111 1115 302
f 1111 302 301
f 1119 387 299
f 782 950 951
f 951 950 1120
f 951 1120 1116
f 1116 1120 1121
f 1116 1121 1117
f 1117 1121 1122
f 1117 1122 1118
f 1118 1122 1119
f 1118 1119 1115
f 1115 1119 299
f 1115 299 298
f 1123 389 388
f 781 949 950
f 950 949 1124
f 950 1124 1120
f 1120 1124 1125
f 1120 1125 1121
f 1121 1125 1126
f 1121 1126 1122
f 1122 1126 1123
f 1122 1123 1119
f 1119 1123 388
f 1119 388 387
f 1127 391 390
f 785 948 949
f 949 948 1128
f 949 1128 1124
f 1124 1128 1129
f 1124 1129 1125
f 1125 1129 1130
f 1125 1130 1126
f 1126 1130 1127
f 1126 1127 1123
f 1123 1127 390
f 1123 390 389
f 1131 394 392
f 784 947 948
f 948 947 1132
f 948 1132 1128
f 1128 1132 1133
f 1128 1133 1129
f 1129 1133 1134
f 1129 1134 1130
f 1130 1134 1131
f 1130 1131 1127
f 1127 1131 392
f 1127 392 391
f 1135 397 395
f 788 946 947
f 947 946 1136
f 947 1136 1132
f 1132 1136 1137
f 1132 1137 1133
f 1133 1137 1138
f 1133 1138 1134
f 1134 1138 1135
f 1134 1135 1131
f 1131 1135 395
f 1131 395 394
f 1139 400 398
f 787 945 946
f 946 945 1140
f 946 1140 1136
f 1136 1140 1141
f 1136 1141 1137
f 1137 1141 1142
f 1137 1142 1138
f 1138 1142 1139
f 1138 1139 1135
f 1135 1139 398
f 1135 398 397
f 1143 403 401
f 786 944 945
f 945 944 1144
f 945 1144 1140
f 1140 1144 1145
f 1140 1145 1141
f 1141 1145 1146
f 1141 1146 1142
f 1142 1146 1143
f 1142 1143 1139
f 1139 1143 401
f 1139 401 400
f 1147 406 404
f 755 943 944
f 944 943 1148
f 944 1148 1144
f 1144 1148 1149
f 1144 1149 1145
f 1145 1149 1150
f 1145 1150 1146
f 1146 1150 1147
f 1146 1147 1143
f 1143 1147 404
f 1143 404 403
f 1151 409 407
f 754 942 943
f 943 942 1152
f 943 1152 1148
f 1148 1152 1153
f 1148 1153 1149
f 1149 1153 1154
f 1149 1154 1150
f 1150 1154 1151
f 1150 1151 1147
f 1147 1151 407
f 1147 407 406
f 1155 295 410
f 789 941 942
f 942 941 1156
f 942 1156 1152
f 1152 1156 1157
f 1152 1157 1153
f 1153 1157 1158
f 1153 1158 1154
f 1154 1158 1155
f 1154 1155 1151
f 1151 1155 410
f 1151 410 409
f 1159 666 296
f 791 940 941
f 941 940 1160
f 941 1160 1156
f 1156 1160 1161
f 1156 1161 1157
f 1157 1161 1162
f 1157 1162 1158
f 1158 1162 1159
f 1158 1159 1155
f 1155 1159 296
f 1155 296 295
f 415 413 1163
f 1163 413 412
f 792 939 940
f 940 939 1164
f 940 1164 1160
f 1160 1164 1165
f 1160 1165 1161
f 1161 1165 1166
f 1161 1166 1162
f 1162 1166 1163
f 1162 1163 1159
f 1159 1163 412
f 1159 412 666
f 794 938 939
f 939 938 1167
f 939 1167 1164
f 1164 1167 1168
f 1164 1168 1165
f 1165 1168 1169
f 1165 1169 1166
f 1166 1169 924
f 1166 924 1163
f 1163 924 416
f 1163 416 415
f 807 937 938
f 938 937 1170
f 938 1170 1167
f 1167 1170 1171
f 1167 1171 1168
f 1168 1171 1172
f 1168 1172 1169
f 1169 1172 923
f 1169 923 924
f 924 923 419
f 924 419 418
f 809 936 937
f 937 936 1173
f 937 1173 1170
f 1170 1173 1174
f 1170 1174 1171
f 1171 1174 1175
f 1171 1175 1172
f 1172 1175 922
f 1172 922 923
f 923 922 422
f 923 422 421
f 812 935 936
f 936 935 1176
f 936 1176 1173
f 1173 1176 1177
f 1173 1177 1174
f 1174 1177 1178
f 1174 1178 1175
f 1175 1178 921
f 1175 921 922
f 922 921 425
f 922 425 424
f 811 1179 935
f 935 1179 1180
f 935 1180 1176
f 1176 1180 1181
f 1176 1181 1177
f 1177 1181 1182
f 1177 1182 1178
f 1178 1182 920
f 1178 920 921
f 921 920 428
f 921 428 427
f 1179 1183 1180
f 1180 1183 1184
f 1180 1184 1181
f 1181 1184 1185
f 1181 1185 1182
f 1182 1185 919
f 1182 919 920
f 920 919 431
f 920 431 430
f 1183 1186 1184
f 1184 1186 1187
f 1184 1187 1185
f 1185 1187 918
f 1185 918 919
f 919 918 434
f 919 434 433
f 1186 1006 1187
f 1187 1006 1008
f 1187 1008 918
f 918 1008 437
f 918 437 436
f 445 443 1188
f 1188 443 1007
f 1188 1007 1189
f 1189 1007 1006
f 1189 1006 1190
f 1190 1006 1186
f 1190 1186 1191
f 1191 1186 1183
f 1191 1183 1192
f 1192 1183 1179
f 1192 1179 810
f 810 1179 811
f 443 442 1007
f 1007 442 440
f 1007 440 1008
f 1008 440 439
f 1008 439 437
f 446 445 917
f 917 445 1188
f 917 1188 1193
f 1193 1188 1189
f 1193 1189 1194
f 1194 1189 1190
f 1194 1190 1195
f 1195 1190 1191
f 1195 1191 1196
f 1196 1191 1192
f 1196 1192 805
f 805 1192 810
f 449 448 916
f 916 448 917
f 916 917 1197
f 1197 917 1193
f 1197 1193 1198
f 1198 1193 1194
f 1198 1194 1199
f 1199 1194 1195
f 1199 1195 1200
f 1200 1195 1196
f 1200 1196 804
f 804 1196 805
f 292 451 915
f 915 451 916
f 915 916 1201
f 1201 916 1197
f 1201 1197 1202
f 1202 1197 1198
f 1202 1198 1203
f 1203 1198 1199
f 1203 1199 1204
f 1204 1199 1200
f 1204 1200 760
f 760 1200 804
f 488 293 997
f 997 293 915
f 997 915 996
f 996 915 1201
f 996 1201 995
f 995 1201 1202
f 995 1202 994
f 994 1202 1203
f 994 1203 993
f 993 1203 1204
f 993 1204 759
f 759 1204 760
f 284 1205 1206
f 284 283 1205
f 1205 283 281
f 1205 281 1207
f 281 280 1207
f 1207 280 278
f 1207 278 1208
f 278 277 1208
f 1208 277 275
f 1208 275 1209
f 1209 275 274
f 1209 274 1210
f 274 272 1210
f 1210 272 271
f 1210 271 1211
f 271 269 1211
f 1211 269 268
f 1211 268 1212
f 268 266 1212
f 1212 266 265
f 1212 265 1213
f 265 263 1213
f 1213 263 262
f 1213 262 1214
f 262 260 1214
f 1214 260 259
f 1214 259 1215
f 259 257 1215
f 1215 257 256
f 1215 256 1216
f 256 254 1216
f 1216 254 253
f 1216 253 1217
f 253 251 1217
f 1217 251 250
f 1217 250 1218
f 250 537 1218
f 1218 537 549
f 1218 549 1219
f 549 548 1219
f 1219 548 547
f 1219 547 1220
f 1220 547 539
f 539 538 1220
f 1220 538 248
f 1220 248 1221
f 248 247 1221
f 1221 247 245
f 1221 245 1222
f 245 244 1222
f 1222 244 242
f 1222 242 1223
f 242 241 1223
f 1223 241 239
f 1223 239 1224
f 239 238 1224
f 1224 238 236
f 1224 236 1225
f 236 235 1225
f 1225 235 233
f 1225 233 1226
f 233 232 1226
f 1226 232 230
f 1226 230 1227
f 230 229 1227
f 1227 229 227
f 1227 227 1228
f 227 226 1228
f 1228 226 224
f 1228 224 1229
f 224 223 1229
f 1229 223 221
f 1229 221 1230
f 221 220 1230
f 1230 220 218
f 1230 218 1231
f 218 217 1231
f 1231 217 215
f 1231 215 1232
f 215 214 1232
f 1232 214 212
f 1232 212 1233
f 212 211 1233
f 1233 211 602
f 1233 602 1234
f 1234 602 615
f 1234 615 1235
f 1235 615 209
f 209 208 1235
f 1235 208 206
f 1235 206 1236
f 206 205 1236
f 1236 205 203
f 1236 203 1237
f 203 202 1237
f 1237 202 200
f 1237 200 1238
f 1238 200 199
f 1238 199 1239
f 199 197 1239
f 1239 197 196
f 1239 196 1240
f 196 194 1240
f 1240 194 193
f 1240 193 1241
f 193 191 1241
f 1241 191 190
f 1241 190 1242
f 190 188 1242
f 1242 188 187
f 1242 187 1243
f 187 185 1243
f 1243 185 184
f 1243 184 1244
f 184 182 1244
f 1244 182 181
f 1244 181 1245
f 181 179 1245
f 1245 179 178
f 1245 178 1246
f 178 176 1246
f 1246 176 175
f 1246 175 1247
f 175 657 1247
f 1247 657 669
f 1247 669 1248
f 669 668 1248
f 1248 668 667
f 1248 667 1249
f 1249 667 659
f 659 658 1249
f 1249 658 173
f 1249 173 1250
f 173 172 1250
f 1250 172 170
f 1250 170 1251
f 170 169 1251
f 1251 169 167
f 1251 167 1252
f 167 166 1252
f 1252 166 164
f 1252 164 1253
f 164 163 1253
f 1253 163 161
f 1253 161 1254
f 161 160 1254
f 1254 160 158
f 1254 158 1255
f 158 157 1255
f 1255 157 155
f 1255 155 1256
f 155 154 1256
f 1256 154 152
f 1256 152 1257
f 152 151 1257
f 1257 151 149
f 1257 149 1258
f 149 148 1258
f 1258 148 146
f 1258 146 1259
f 146 145 1259
f 1259 145 143
f 1259 143 1260
f 143 142 1260
f 1260 142 140
f 1260 140 1261
f 140 139 1261
f 1261 139 137
f 1261 137 1262
f 137 136 1262
f 1262 136 722
f 1262 722 1206
f 1206 722 495
f 1206 495 284
f 1206 1263 1262
f 1262 1263 1264
f 1262 1264 1261
f 1261 1264 1265
f 1261 1265 1260
f 1260 1265 1266
f 1260 1266 1259
f 1259 1266 1267
f 1259 1267 1258
f 1258 1267 1268
f 1258 1268 1257
f 1257 1268 1269
f 1257 1269 1256
f 1256 1269 1270
f 1256 1270 1255
f 1255 1270 1271
f 1255 1271 1254
f 1254 1271 1272
f 1254 1272 1253
f 1253 1272 1273
f 1253 1273 1252
f 1252 1273 1274
f 1252 1274 1251
f 1251 1274 1275
f 1251 1275 1250
f 1250 1275 1276
f 1250 1276 1249
f 1249 1276 1277
f 1249 1277 1248
f 1248 1277 1278
f 1248 1278 1247
f 1247 1278 1279
f 1247 1279 1246
f 1246 1279 1280
f 1246 1280 1245
f 1245 1280 1281
f 1245 1281 1244
f 1244 1281 1282
f 1244 1282 1243
f 1243 1282 1283
f 1243 1283 1242
f 1242 1283 1284
f 1242 1284 1241
f 1241 1284 1285
f 1241 1285 1240
f 1240 1285 1286
f 1240 1286 1239
f 1239 1286 1287
f 1239 1287 1238
f 1238 1287 1288
f 1238 1288 1237
f 1237 1288 1289
f 1237 1289 1236
f 1236 1289 1290
f 1236 1290 1235
f 1235 1290 1291
f 1235 1291 1234
f 1234 1291 1292
f 1234 1292 1233
f 1233 1292 1293
f 1233 1293 1232
f 1232 1293 1294
f 1232 1294 1231
f 1231 1294 1295
f 1231 1295 1230
f 1230 1295 1296
f 1230 1296 1229
f 1229 1296 1297
f 1229 1297 1228
f 1228 1297 1298
f 1228 1298 1227
f 1227 1298 1299
f 1227 1299 1226
f 1226 1299 1300
f 1226 1300 1225
f 1225 1300 1301
f 1225 1301 1224
f 1224 1301 1302
f 1224 1302 1223
f 1223 1302 1303
f 1223 1303 1222
f 1222 1303 1304
f 1222 1304 1221
f 1221 1304 1305
f 1221 1305 1220
f 1220 1305 1306
f 1220 1306 1219
f 1219 1306 1307
f 1219 1307 1218
f 1218 1307 1308
f 1218 1308 1217
f 1217 1308 1309
f 1217 1309 1216
f 1216 1309 1310
f 1216 1310 1215
f 1215 1310 1311
f 1215 1311 1214
f 1214 1311 1312
f 1214 1312 1213
f 1213 1312 1313
f 1213 1313 1212
f 1212 1313 1314
f 1212 1314 1211
f 1211 1314 1315
f 1211 1315 1210
f 1210 1315 1316
f 1210 1316 1209
f 1209 1316 1317
f 1209 1317 1208
f 1208 1317 1318
f 1208 1318 1207
f 1207 1318 1319
f 1207 1319 1205
f 1205 1319 1320
f 1205 1320 1206
f 1206 1320 1263
f 1320 1321 1263
f 1263 1321 1322
f 1263 1322 1264
f 1264 1322 1323
f 1264 1323 1265
f 1265 1323 1324
f 1265 1324 1266
f 1266 1324 1325
f 1266 1325 1267
f 1267 1325 1326
f 1267 1326 1268
f 1268 1326 1327
f 1268 1327 1269
f 1269 1327 1328
f 1269 1328 1270
f 1270 1328 1329
f 1270 1329 1271
f 1271 1329 1330
f 1271 1330 1272
f 1272 1330 1331
f 1272 1331 1273
f 1273 1331 1332
f 1273 1332 1274
f 1274 1332 1333
f 1274 1333 1275
f 1275 1333 1334
f 1275 1334 1276
f 1276 1334 1335
f 1276 1335 1277
f 1277 1335 1336
f 1277 1336 1278
f 1278 1336 1337
f 1278 1337 1279
f 1279 1337 1338
f 1279 1338 1280
f 1280 1338 1339
f 1280 1339 1281
f 1281 1339 1340
f 1281 1340 1282
f 1282 1340 1341
f 1282 1341 1283
f 1283 1341 1342
f 1283 1342 1284
f 1284 1342 1343
f 1284 1343 1285
f 1285 1343 1344
f 1285 1344 1286
f 1286 1344 1345
f 1286 1345 1287
f 1287 1345 1346
f 1287 1346 1288
f 1288 1346 1347
f 1288 1347 1289
f 1289 1347 1348
f 1289 1348 1290
f 1290 1348 1349
f 1290 1349 1291
f 1291 1349 1350
f 1291 1350 1292
f 1292 1350 1351
f 1292 1351 1293
f 1293 1351 1352
f 1293 1352 1294
f 1294 1352 1353
f 1294 1353 1295
f 1295 1353 1354
f 1295 1354 1296
f 1296 1354 1355
f 1296 1355 1297
f 1297 1355 1356
f 1297 1356 1298
f 1298 1356 1357
f 1298 1357 1299
f 1299 1357 1358
f 1299 1358 1300
f 1300 1358 1359
f 1300 1359 1301
f 1301 1359 1360
f 1301 1360 1302
f 1302 1360 1361
f 1302 1361 1303
f 1303 1361 1362
f 1303 1362 1304
f 1304 1362 1363
f 1304 1363 1305
f 1305 1363 1364
f 1305 1364 1306
f 1306 1364 1365
f 1306 1365 1307
f 1307 1365 1366
f 1307 1366 1308
f 1308 1366 1367
f 1308 1367 1309
f 1309 1367 1368
f 1309 1368 1310
f 1310 1368 1369
f 1310 1369 1311
f 1311 1369 1370
f 1311 1370 1312
f 1312 1370 1371
f 1312 1371 1313
f 1313 1371 1372
f 1313 1372 1314
f 1314 1372 1373
f 1314 1373 1315
f 1315 1373 1374
f 1315 1374 1316
f 1316 1374 1375
f 1316 1375 1317
f 1317 1375 1376
f 1317 1376 1318
f 1318 1376 1377
f 1318 1377 1319
f 1319 1377 1378
f 1319 1378 1320
f 1320 1378 1321
f 1378 1379 1321
f 1321 1379 1380
f 1321 1380 1322
f 1322 1380 1381
f 1322 1381 1323
f 1323 1381 1382
f 1323 1382 1324
f 1324 1382 1383
f 1324 1383 1325
f 1325 1383 1384
f 1325 1384 1326
f 1326 1384 1385
f 1326 1385 1327
f 1327 1385 1386
f 1327 1386 1328
f 1328 1386 1387
f 1328 1387 1329
f 1329 1387 1388
f 1329 1388 1330
f 1330 1388 1389
f 1330 1389 1331
f 1331 1389 1390
f 1331 1390 1332
f 1332 1390 1391
f 1332 1391 1333
f 1333 1391 1392
f 1333 1392 1334
f 1334 1392 1393
f 1334 1393 1335
f 1335 1393 1394
f 1335 1394 1336
f 1336 1394 1395
f 1336 1395 1337
f 1337 1395 1396
f 1337 1396 1338
f 1338 1396 1397
f 1338 1397 1339
f 1339 1397 1398
f 1339 1398 1340
f 1340 1398 1399
f 1340 1399 1341
f 1341 1399 1400
f 1341 1400 1342
f 1342 1400 1401
f 1342 1401 1343
f 1343 1401 1402
f 1343 1402 1344
f 1344 1402 1403
f 1344 1403 1345
f 1345 1403 1404
f 1345 1404 1346
f 1346 1404 1405
f 1346 1405 1347
f 1347 1405 1406
f 1347 1406 1348
f 1348 1406 1407
f 1348 1407 1349
f 1349 1407 1408
f 1349 1408 1350
f 1350 1408 1409
f 1350 1409 1351
f 1351 1409 1410
f 1351 1410 1352
f 1352 1410 1411
f 1352 1411 1353
f 1353 1411 1412
f 1353 1412 1354
f 1354 1412 1413
f 1354 1413 1355
f 1355 1413 1414
f 1355 1414 1356
f 1356 1414 1415
f 1356 1415 1357
f 1357 1415 1416
f 1357 1416 1358
f 1358 1416 1417
f 1358 1417 1359
f 1359 1417 1418
f 1359 1418 1360
f 1360 1418 1419
f 1360 1419 1361
f 1361 1419 1420
f 1361 1420 1362
f 1362 1420 1421
f 1362 1421 1363
f 1363 1421 1422
f 1363 1422 1364
f 1364 1422 1423
f 1364 1423 1365
f 1365 1423 1424
f 1365 1424 1366
f 1366 1424 1425
f 1366 1425 1367
f 1367 1425 1426
f 1367 1426 1368
f 1368 1426 1427
f 1368 1427 1369
f 1369 1427 1428
f 1369 1428 1370
f 1370 1428 1429
f 1370 1429 1371
f 1371 1429 1430
f 1371 1430 1372
f 1372 1430 1431
f 1372 1431 1373
f 1373 1431 1432
f 1373 1432 1374
f 1374 1432 1433
f 1374 1433 1375
f 1375 1433 1434
f 1375 1434 1376
f 1376 1434 1435
f 1376 1435 1377
f 1377 1435 1436
f 1377 1436 1378
f 1378 1436 1379
f 1436 1437 1379
f 1379 1437 1438
f 1379 1438 1380
f 1380 1438 1439
f 1380 1439 1381
f 1381 1439 1440
f 1381 1440 1382
f 1382 1440 1441
f 1382 1441 1383
f 1383 1441 1442
f 1383 1442 1384
f 1384 1442 1443
f 1384 1443 1385
f 1385 1443 1444
f 1385 1444 1386
f 1386 1444 1445
f 1386 1445 1387
f 1387 1445 1446
f 1387 1446 1388
f 1388 1446 1447
f 1388 1447 1389
f 1389 1447 1448
f 1389 1448 1390
f 1390 1448 1449
f 1390 1449 1391
f 1391 1449 1450
f 1391 1450 1392
f 1392 1450 1451
f 1392 1451 1393
f 1393 1451 1452
f 1393 1452 1394
f 1394 1452 1453
f 1394 1453 1395
f 1395 1453 1454
f 1395 1454 1396
f 1396 1454 1455
f 1396 1455 1397
f 1397 1455 1456
f 1397 1456 1398
f 1398 1456 1457
f 1398 1457 1399
f 1399 1457 1458
f 1399 1458 1400
f 1400 1458 1459
f 1400 1459 1401
f 1401 1459 1460
f 1401 1460 1402
f 1402 1460 1461
f 1402 1461 1403
f 1403 1461 1462
f 1403 1462 1404
f 1404 1462 1463
f 1404 1463 1405
f 1405 1463 1464
f 1405 1464 1406
f 1406 1464 1465
f 1406 1465 1407
f 1407 1465 1466
f 1407 1466 1408
f 1408 1466 1467
f 1408 1467 1409
f 1409 1467 1468
f 1409 1468 1410
f 1410 1468 1469
f 1410 1469 1411
f 1411 1469 1470
f 1411 1470 1412
f 1412 1470 1471
f 1412 1471 1413
f 1413 1471 1472
f 1413 1472 1414
f 1414 1472 1473
f 1414 1473 1415
f 1415 1473 1474
f 1415 1474 1416
f 1416 1474 1475
f 1416 1475 1417
f 1417 1475 1476
f 1417 1476 1418
f 1418 1476 1477
f 1418 1477 1419
f 1419 1477 1478
f 1419 1478 1420
f 1420 1478 1479
f 1420 1479 1421
f 1421 1479 1480
f 1421 1480 1422
f 1422 1480 1481
f 1422 1481 1423
f 1423 1481 1482
f 1423 1482 1424
f 1424 1482 1483
f 1424 1483 1425
f 1425 1483 1484
f 1425 1484 1426
f 1426 1484 1485
f 1426 1485 1427
f 1427 1485 1486
f 1427 1486 1428
f 1428 1486 1487
f 1428 1487 1429
f 1429 1487 1488
f 1429 1488 1430
f 1430 1488 1489
f 1430 1489 1431
f 1431 1489 1490
f 1431 1490 1432
f 1432 1490 1491
f 1432 1491 1433
f 1433 1491 1492
f 1433 1492 1434
f 1434 1492 1493
f 1434 1493 1435
f 1435 1493 1494
f 1435 1494 1436
f 1436 1494 1437
f 1494 68 1437
f 1437 68 67
f 1437 67 1438
f 1438 67 112
f 1438 112 1439
f 1439 112 114
f 1439 114 1440
f 1440 114 121
f 1440 121 1441
f 1441 121 123
f 1441 123 1442
f 1442 123 135
f 1442 135 1443
f 1443 135 134
f 1443 134 1444
f 1444 134 133
f 1444 133 1445
f 1445 133 126
f 1445 126 1446
f 1446 126 129
f 1446 129 1447
f 1447 129 128
f 1447 128 1448
f 1448 128 127
f 1448 127 1449
f 1449 127 101
f 1449 101 1450
f 1450 101 100
f 1450 100 1451
f 1451 100 72
f 1451 72 1452
f 1452 72 71
f 1452 71 1453
f 1453 71 75
f 1453 75 1454
f 1454 75 77
f 1454 77 1455
f 1455 77 78
f 1455 78 1456
f 1456 78 80
f 1456 80 1457
f 1457 80 117
f 1457 117 1458
f 1458 117 116
f 1458 116 1459
f 1459 116 115
f 1459 115 1460
f 1460 115 83
f 1460 83 1461
f 1461 83 86
f 1461 86 1462
f 1462 86 85
f 1462 85 1463
f 1463 85 84
f 1463 84 1464
f 1464 84 52
f 1464 52 1465
f 1465 52 51
f 1465 51 1466
f 1466 51 55
f 1466 55 1467
f 1467 55 57
f 1467 57 1468
f 1468 57 58
f 1468 58 1469
f 1469 58 60
f 1469 60 1470
f 1470 60 87
f 1470 87 1471
f 1471 87 89
f 1471 89 1472
f 1472 89 92
f 1472 92 1473
f 1473 92 91
f 1473 91 1474
f 1474 91 105
f 1474 105 1475
f 1475 105 104
f 1475 104 1476
f 1476 104 120
f 1476 120 1477
f 1477 120 119
f 1477 119 1478
f 1478 119 118
f 1478 118 1479
f 1479 118 107
f 1479 107 1480
f 1480 107 106
f 1480 106 1481
f 1481 106 94
f 1481 94 1482
f 1482 94 93
f 1482 93 1483
f 1483 93 109
f 1483 109 1484
f 1484 109 111
f 1484 111 1485
f 1485 111 132
f 1485 132 1486
f 1486 132 131
f 1486 131 1487
f 1487 131 130
f 1487 130 1488
f 1488 130 63
f 1488 63 1489
f 1489 63 66
f 1489 66 1490
f 1490 66 65
f 1490 65 1491
f 1491 65 99
f 1491 99 1492
f 1492 99 98
f 1492 98 1493
f 1493 98 97
f 1493 97 1494
f 1494 97 68
