v 0.0105748055 -0.000557168239 -0.00650206288
v 0.0101876137 -0.00110439848 -0.00702896794
v 0.00735663147 0.00197948623 -0.00688627442
v 0.00694607468 0.00143058706 -0.00742736538
v 0.0108896372 4.3825394e-05 -0.00598564824
v 0.00760840149 0.00263919044 -0.00637236317
v 0.0111285326 0.000691787487 -0.00548544606
v 0.00801418991 -0.00264213871 -0.00912168702
v 0.00573741169 0.000768200642 -0.00848248681
v 0.0063971159 0.00101997066 -0.00796845635
v 0.00973247261 -0.00159166645 -0.00756040295
v 0.00921450825 -0.00201342892 -0.00809028824
v 0.00863956185 -0.00236491751 -0.00861266335
v -0.00235284595 0.00287045646 -0.0118590899
v -0.00263298778 0.00362922359 -0.0115892001
v 0.00104926796 0.00344230343 -0.00961819371
v 0.000783192828 0.00422205139 -0.00932851513
v -0.00199855594 0.0021266501 -0.0120787927
v 0.00147258015 0.00269992757 -0.00979808053
v -0.00157429008 0.00140620876 -0.0122456857
v -0.00108457832 0.000717298275 -0.0123581
v 0.00203226776 0.00203223634 -0.00985899647
v -0.000535261915 6.76672519e-05 -0.0124146052
v 0.00269995899 0.00147266794 -0.00979808053
v 0.00344227524 0.00104923654 -0.00961819371
v 0.00212668152 -0.00199858736 -0.0120787927
v 0.0112887499 0.00137932706 -0.00500741681
v 0.00768862934 0.0033764999 -0.00591126164
v 0.0113686201 0.00209875513 -0.00455680569
v 0.0073274252 0.00493432689 -0.00523653706
v 0.0069039938 0.00567664314 -0.00505676945
v 0.0101715204 0.00661362816 -0.00268581589
v 0.00731931896 0.00971384454 -0.0025459834
v 0.00798951359 0.0091936152 -0.00246146401
v 0.00567661495 0.00690396238 -0.00505676945
v 0.00634442539 0.00634439397 -0.0049957343
v 0.00661359997 0.010171489 -0.00268581589
v 0.00493429871 0.00732739378 -0.00523653706
v 0.00588046284 0.010561363 -0.00287941178
v -0.00296224384 0.00664104629 -0.0100764342
v 0.000768172457 0.00573743988 -0.00848248681
v 0.000687944605 0.00500007082 -0.00894346913
v -0.00283588199 0.00439424921 -0.0112722226
v -0.0029591444 0.00515700985 -0.0109116145
v -0.00300134449 0.00590874363 -0.0105115481
v 0.00734554501 -0.00284199309 -0.00961139878
v 0.00664101811 -0.00296221566 -0.0100764342
v 0.00500010224 0.00068797279 -0.00894346913
v 0.00759338112 0.00415457893 -0.00552633484
v 0.0112841007 0.00360013652 -0.00375774582
v 0.0113670704 0.00284178663 -0.0041386195
v 0.0105613348 0.00588043142 -0.00287941178
v 0.0108790276 0.00512810159 -0.00312450608
v 0.0111209032 0.00436510254 -0.00341847619
v 0.00861667366 0.00861664224 -0.0024330922
v 0.00919364662 0.00798948217 -0.00246146401
v 0.00971387596 0.00731928754 -0.0025459834
v 0.00140618057 -0.0015742619 -0.0122456857
v 0.000717270091 -0.00108460974 -0.0123581
v 6.76986719e-05 -0.00053523373 -0.0124146052
v 0.0042220232 0.000783221012 -0.00932851513
v 0.00362919541 -0.0026330192 -0.0115892001
v 0.00287042828 -0.00235287737 -0.0118590899
v 0.00590871544 -0.00300137591 -0.0105115481
v 0.00515698166 -0.00295911621 -0.0109116145
v 0.00439428063 -0.00283585381 -0.0112722226
v 0.00512813301 0.0108789961 -0.00312450608
v 0.00415455075 0.00759340931 -0.00552633484
v 0.00436507435 0.0111208718 -0.00341847619
v 0.00360010834 0.0112841289 -0.00375774582
v 0.00337647171 0.00768865753 -0.00591126164
v 0.00284181805 0.011367039 -0.0041386195
v 0.00209878655 0.0113685887 -0.00455680569
v 0.00263916226 0.00760842968 -0.00637236317
v 0.00137935848 0.0112887781 -0.00500741681
v 0.00197945805 0.00735665966 -0.00688627442
v 4.3856814e-05 0.0108896058 -0.00598564824
v 0.000691759303 0.0111285012 -0.00548544606
v -0.00284196167 0.00734551359 -0.00961139878
v -0.0026421669 0.0080142181 -0.00912168702
v 0.00101994248 0.00639708448 -0.00796845635
v 0.00143061848 0.00694604326 -0.00742736538
v -0.00110436706 0.0101876419 -0.00702896794
v -0.000557196424 0.0105748336 -0.00650206288
v -0.00236488609 0.00863959003 -0.00861266335
v -0.00201345711 0.00921447683 -0.00809028824
v -0.00159169464 0.0097325008 -0.00756040295
v 0.00807069512 0.00942410637 -0.00115349968
v 0.00736676426 0.00997056175 -0.0012423106
v 0.00638221474 0.00905706096 0.000827043452
v 0.00731741162 0.0100088875 -0.0012486287
v 0.00660215588 0.0104727309 -0.00139036854
v 0.00559722157 0.00957401205 0.000675886073
v 0.006524193 0.0105232756 -0.00140574654
v 0.0058081028 0.0109040301 -0.00159493168
v 0.00478159161 0.0100182455 0.000466554561
v 0.00570009918 0.010961489 -0.0016234227
v 0.00499294968 0.0112600486 -0.00185373505
v 0.00394414635 0.0103850524 0.000201194682
v 0.00485442848 0.0113185208 -0.00189891537
v 0.00416539879 0.0115369122 -0.00216427525
v 0.00309370728 0.0106706183 -0.000117451749
v 0.00399683686 0.0115903776 -0.00222924431
v 0.00333427162 0.0117317598 -0.00252309521
v 0.00223921509 0.0108718436 -0.000485808454
v 0.00313698025 0.0117739003 -0.00261059483
v 0.00250803204 0.0118426244 -0.00292649945
v 0.0013898489 0.0109865825 -0.000900060735
v 0.00228463383 0.0118670623 -0.00303867539
v 0.00169573994 0.011868314 -0.00337007721
v 0.000554430201 0.011013643 -0.00135591706
v 0.00144933434 0.0118687909 -0.00350871762
v 0.000905859187 0.0118085306 -0.00384917935
v -0.000257981107 0.0109527867 -0.00184837063
v 0.000640737727 0.0117790859 -0.00401523789
v 0.000146615222 0.0116639297 -0.00435891827
v -0.00103892116 0.0108046095 -0.00237229546
v -0.000132096097 0.0115989606 -0.00455263337
v -0.000573885724 0.0114361208 -0.00489357193
v -0.00178004532 0.0105706613 -0.0029220887
v -0.000860345647 0.0113304417 -0.00511470517
v -0.00124801426 0.0111274283 -0.00544777592
v -0.00247348575 0.010253505 -0.00349202832
v -0.00153590469 0.0109766285 -0.00569525441
v -0.00186861782 0.0107411306 -0.00601568898
v -0.00311197071 0.00985641885 -0.00407591542
v -0.00356782703 0.00880135704 -0.00806763848
v -0.00369550018 0.00851334739 -0.00830212315
v -0.0049905899 0.00756491829 -0.00642743786
v -0.00387944011 0.00809843946 -0.00863972386
v -0.00396419792 0.00781507898 -0.00884726723
v -0.00526655941 0.00684668232 -0.00698807915
v -0.00410414963 0.00734682489 -0.00919023236
v -0.00415064125 0.00707425285 -0.00937011918
v -0.00545789032 0.00608463693 -0.00752571305
v -0.00423921375 0.00655497718 -0.00971296509
v -0.00425292282 0.00629867721 -0.00986519536
v -0.00556255607 0.00528688837 -0.0080344983
v -0.00428320198 0.00573189664 -0.0102019616
v -0.00426996975 0.0054964583 -0.0103272506
v -0.00557948379 0.00446184087 -0.0085093089
v -0.00423575668 0.0048868816 -0.010651619
v -0.00420166282 0.00467617918 -0.010751278
v -0.00550843506 0.00361837555 -0.00894489964
v -0.00409723549 0.00402958799 -0.0110569306
v -0.0040485981 0.00384636331 -0.0111328669
v -0.00535024433 0.00276525427 -0.00933674057
v -0.00386918812 0.00316961218 -0.0114132472
v -0.00381244449 0.0030158918 -0.0114679643
v -0.00510646133 0.00191165615 -0.00968065938
v -0.00355423717 0.00231678892 -0.0117166348
v -0.0034955862 0.00219352651 -0.0117531129
v -0.00477994709 0.00106658149 -0.00997307976
v -0.00315607815 0.00148077417 -0.0119635173
v -0.00310136108 0.00138785053 -0.0119850942
v -0.00437380104 0.000238971001 -0.0102107831
v -0.00267912178 0.000670925862 -0.0121512719
v -0.00263406067 0.00060750652 -0.0121615239
v -0.00389255314 -0.000562353843 -0.010391266
v -0.00212873249 -0.000103398079 -0.0122775145
v -0.00209845333 -0.000139280075 -0.012280614
v -0.00334132938 -0.00132892918 -0.010512621
v -0.00151122837 -0.000833554977 -0.0123410531
v -0.0015001419 -0.000844641441 -0.0123410531
v -0.00272585182 -0.00205264878 -0.0105736562
v -0.000833523557 -0.00151125979 -0.0123410531
v -0.000139248655 -0.00209842514 -0.012280614
v -0.00132895736 -0.0033413012 -0.010512621
v -0.000103366659 -0.00212876391 -0.0122775145
v 0.000607478335 -0.00263403248 -0.0121615239
v -0.000562322423 -0.00389258456 -0.010391266
v 0.000670897677 -0.0026791532 -0.0121512719
v 0.00138782234 -0.0031013925 -0.0119850942
v 0.000239002421 -0.00437383246 -0.0102107831
v 0.00148068638 -0.00315610957 -0.0119635173
v 0.00219355793 -0.00349555802 -0.0117531129
v 0.00106655331 -0.0047799189 -0.00997307976
v 0.00231682034 -0.00355426859 -0.0117166348
v 0.00301586361 -0.00381241631 -0.0114679643
v 0.00191162796 -0.00510649275 -0.00968065938
v 0.0031696436 -0.00386915993 -0.0114132472
v 0.00384639473 -0.00404862952 -0.0111328669
v 0.00276528569 -0.00535021614 -0.00933674057
v 0.00402961941 -0.0040972073 -0.0110569306
v 0.0046762106 -0.00420169424 -0.010751278
v 0.00361834736 -0.00550840687 -0.00894489964
v 0.00488685341 -0.0042357285 -0.010651619
v 0.00549648972 -0.00427000117 -0.0103272506
v 0.00446187229 -0.00557945561 -0.0085093089
v 0.00573192806 -0.0042832334 -0.0102019616
v 0.00629864903 -0.00425295424 -0.00986519536
v 0.00528691979 -0.00556252789 -0.0080344983
v 0.006554949 -0.00423918557 -0.00971296509
v 0.00707422467 -0.00415061306 -0.00937011918
v 0.00608466835 -0.00545786213 -0.00752571305
v 0.00734685631 -0.00410412144 -0.00919023236
v 0.0078151104 -0.00396416973 -0.00884726723
v 0.00684665413 -0.00526653122 -0.00698807915
v 0.00809847088 -0.00387947153 -0.00863972386
v 0.00851331921 -0.0036955316 -0.00830212315
v 0.0075648901 -0.00499062132 -0.00642743786
v 0.00880132885 -0.00356785845 -0.00806763848
v 0.00916157933 -0.00334761929 -0.00774028977
v 0.00823174687 -0.00463299345 -0.00584974965
v 0.00944756241 -0.00317273926 -0.00748041352
v 0.00975297661 -0.00292406868 -0.00716796597
v 0.00884019108 -0.00419746231 -0.00526109417
v 0.0113304731 -0.000860377067 -0.00511470517
v 0.0114360926 -0.00057385754 -0.00489357193
v 0.0105706331 -0.00178007674 -0.0029220887
v 0.0115989325 -0.000132067913 -0.00455263337
v 0.0116639015 0.000146583802 -0.00435891827
v 0.010804641 -0.00103895258 -0.00237229546
v 0.0117790577 0.000640765911 -0.00401523789
v 0.0118085024 0.000905827767 -0.00384917935
v 0.0109528181 -0.000258012527 -0.00184837063
v 0.0118688223 0.00144936252 -0.00350871762
v 0.0118683455 0.00169576812 -0.00337007721
v 0.0110136148 0.000554458386 -0.00135591706
v 0.0118670342 0.00228460241 -0.00303867539
v 0.0118425962 0.00250806022 -0.00292649945
v 0.0109865543 0.00138981748 -0.000900060735
v 0.0117739317 0.00313694883 -0.00261059483
v 0.0117317316 0.0033342402 -0.00252309521
v 0.010871875 0.00223924328 -0.000485808454
v 0.0115903494 0.00399680544 -0.00222924431
v 0.0115369436 0.00416542698 -0.00216427525
v 0.0106706497 0.00309373546 -0.000117451749
v 0.0113185522 0.00485439706 -0.00189891537
v 0.0112600204 0.00499297786 -0.00185373505
v 0.0103850243 0.00394417453 0.000201194682
v 0.0109615204 0.00570006776 -0.0016234227
v 0.0109040615 0.00580807138 -0.00159493168
v 0.0100182173 0.00478161979 0.000466554561
v 0.010523307 0.00652416158 -0.00140574654
v 0.0104727623 0.00660212446 -0.00139036854
v 0.00957404347 0.00559719015 0.000675886073
v 0.010008919 0.0073173802 -0.0012486287
v 0.00997053356 0.00736673284 -0.0012423106
v 0.00905703278 0.00638218332 0.000827043452
v 0.00942407818 0.0080706637 -0.00115349968
v 0.00940285893 0.0080937903 -0.00115254601
v 0.00847290726 0.00712831426 0.000918357768
v -0.00925792484 -0.00330887627 -0.00235548695
v -0.0102115992 -0.00436513018 -0.000340611539
v -0.0105382326 -0.00351999592 -4.83103609e-05
v 0.00617300244 -0.000380798095 0.00799712459
v 0.00495337219 -0.00148747753 0.0098335437
v 0.00523887844 -0.00233797621 0.00951489727
v 0.000474559977 0.00182797123 0.0123172692
v 0.000497686579 0.00180675197 0.0123182229
v 0.00169669361 0.00304122377 0.010550826
v -0.0107689026 0.00185145546 0.00599035541
v -0.010520232 0.00215686966 0.00630280296
v -0.00962914257 0.00340844799 0.00437125484
v -0.0102752569 -0.00692520928 0.00131949703
v -0.0106974962 -0.00620828461 0.00148567478
v -0.00980557232 -0.00519268107 -0.000578314862
v -0.00972486763 -0.00769953322 0.00119325439
v -0.0102301958 -0.00698862862 0.00130912582
v -0.00932432441 -0.00599406552 -0.000758916936
v -0.00910736351 -0.00842969012 0.00112971584
v -0.00969458847 -0.00773541521 0.00119003574
v -0.00877298145 -0.00676064085 -0.000880271993
v -0.00877560405 -0.00877557587 0.00112172882
v -0.00909651546 -0.008441015 0.00112947742
v -0.00815750389 -0.00748436045 -0.000941307149
v 0.00338040562 -0.00913207125 0.00777551452
v 0.00314496727 -0.00946478438 0.00745507995
v 0.004424679 -0.0085437138 0.0055564336
v 0.0029271719 -0.00107197356 0.0120649032
v 0.00330792637 -0.00178806376 0.0118758372
v 0.00458656521 -0.000650032276 0.0100989036
v 0.00241278382 -0.000278754944 0.0122221402
v 0.00287662716 -0.000994010681 0.0120804004
v 0.00414227219 0.000165478474 0.0103082351
v 0.00182794304 0.000474528557 0.0123172692
v 0.00237439842 -0.000229402298 0.0122283391
v 0.00362538071 0.00095053125 0.0104593925
v 0.00336538525 -0.00189606737 0.0118473462
v 0.00366388531 -0.00260315728 0.0116169147
v 0.00372241707 -0.00274173807 0.0115718536
v 0.00394080849 -0.00343070816 0.0113064937
v 0.00399421425 -0.0035993297 0.0112415246
v 0.00413559647 -0.00426189494 0.0109476737
v 0.00544010372 -0.0031924684 0.00914654056
v 0.00417779656 -0.00445918631 0.0108601741
v 0.00424646111 -0.00508807492 0.0105442695
v 0.00555490227 -0.00404189419 0.00873228828
v 0.00427089901 -0.00531153273 0.0104319743
v 0.00427221031 -0.00590036702 0.0101006917
v 0.00558196278 -0.00487725329 0.00827655117
v 0.00427268715 -0.00614677262 0.00996205131
v 0.00421236725 -0.00669030737 0.00962147037
v 0.00552116604 -0.0056896646 0.00778409759
v 0.00418292256 -0.00695536923 0.00945541183
v 0.00406776638 -0.00744955134 0.00911185066
v 0.00537286968 -0.00647060465 0.00726017276
v 0.00400279732 -0.00772820305 0.00891813556
v 0.00383995743 -0.00816999268 0.00857707778
v 0.00513898106 -0.00721172881 0.00671026031
v 0.003734338 -0.00845651221 0.00835594455
v 0.00353132458 -0.00884412121 0.0080228738
v 0.00482176514 -0.00790522885 0.0061403207
v 0.00268529625 -0.0100254853 0.00687965671
v 0.00243364544 -0.0102948387 0.00658592502
v 0.0034084198 -0.00962917399 0.00437125484
v 0.00215684147 -0.0105202038 0.00630280296
v 0.00185142727 -0.0107688744 0.00599035541
v 0.0028000948 -0.0100647051 0.00378259937
v 0.00156544419 -0.0109437544 0.00573035995
v 0.00120519371 -0.0111639936 0.00540313045
v 0.00213323803 -0.010422333 0.00320491115
v 0.000917184069 -0.0112916667 0.00516864578
v 0.000502335742 -0.0114756067 0.00483104507
v 0.00141500206 -0.0106982429 0.00264426986
v 0.00021897526 -0.0115603049 0.0046235017
v -0.000249278829 -0.0117002566 0.00428053657
v 0.000652897074 -0.0108895738 0.00210675518
v -0.000521910474 -0.0117467482 0.00410053054
v -0.00104118614 -0.0118353803 0.00375780384
v -0.000144851491 -0.0109942396 0.00159785072
v -0.00129748611 -0.0118490894 0.00360557357
v -0.00186420707 -0.0118793685 0.00326880733
v -0.000969779775 -0.0110111077 0.00112304012
v -0.00209964542 -0.0118661363 0.00314351837
v -0.00270928173 -0.0118318636 0.00281914989
v -0.00181330471 -0.0109401185 0.000687449374
v -0.00291992454 -0.0117978294 0.00271949092
v -0.00356651573 -0.0116933424 0.00241383831
v -0.00266636638 -0.0107819278 0.000295608439
v -0.00374974041 -0.0116447647 0.00233790199
v -0.00442649154 -0.0114652951 0.00205740253
v -0.00352002411 -0.0105382044 -4.83103609e-05
v -0.00458027153 -0.0114085514 0.00200280468
v -0.0052793148 -0.0111504037 0.0017541341
v -0.00436509876 -0.010211571 -0.000340611539
v -0.00540257721 -0.0110916932 0.00171765605
v -0.00611544876 -0.0107522447 0.00150713245
v -0.00519264965 -0.00980554413 -0.000578314862
v -0.0062083128 -0.0106975276 0.00148567478
v -0.00692523746 -0.0102752883 0.00131949703
v -0.0059940937 -0.00932429623 -0.000758916936
v -0.0069886568 -0.0102301676 0.00130912582
v -0.0076995018 -0.00972489905 0.00119325439
v -0.00676060943 -0.00877301287 -0.000880271993
v -0.00773538379 -0.00969456028 0.00119003574
v -0.0084296587 -0.00910739493 0.00112971584
v -0.00748432903 -0.00815753531 -0.000941307149
v -0.00844098358 -0.00909648728 0.00112947742
v -0.0107522133 -0.00611542057 0.00150713245
v -0.0110917213 -0.00540260863 0.00171765605
v -0.0111503723 -0.00527934622 0.0017541341
v -0.0114085796 -0.00458024334 0.00200280468
v -0.0114653233 -0.00442652296 0.00205740253
v -0.0116447332 -0.00374977183 0.00233790199
v -0.0107818964 -0.0026663978 0.000295608439
v -0.0116933706 -0.00356654715 0.00241383831
v -0.011797798 -0.00291995596 0.00271949092
v -0.0109400871 -0.00181333613 0.000687449374
v -0.0118318918 -0.00270925354 0.00281914989
v -0.0118661049 -0.00209967684 0.00314351837
v -0.0110111359 -0.000969811195 0.00112304012
v -0.0118793371 -0.00186423849 0.00326880733
v -0.011849058 -0.00129745793 0.00360557357
v -0.0109942081 -0.000144823307 0.00159785072
v -0.0118353489 -0.00104115795 0.00375780384
v -0.0117467764 -0.00052188229 0.00410053054
v -0.0108895424 0.000652925259 0.00210675518
v -0.0117002848 -0.000249310249 0.00428053657
v -0.0115603331 0.00021894384 0.0046235017
v -0.0106982115 0.00141497064 0.00264426986
v -0.0114755753 0.000502304322 0.00483104507
v -0.0112916353 0.000917212254 0.00516864578
v -0.0104223612 0.00213320661 0.00320491115
v -0.0111639622 0.0012052219 0.00540313045
v -0.0109437826 0.00156541277 0.00573035995
v -0.0100647333 0.00280006338 0.00378259937
v -0.0100255135 0.00268526483 0.00687965671
v -0.00974715976 0.00294526029 0.00718328277
v -0.00854374199 0.00442470718 0.0055564336
v -0.00946475296 0.00314499546 0.00745507995
v -0.00913203983 0.00338049341 0.00777551452
v -0.00790525703 0.00482179332 0.0061403207
v -0.0088441494 0.00353129316 0.0080228738
v -0.00845648079 0.00373430658 0.00835594455
v -0.00721181659 0.00513900924 0.00671026031
v -0.00817002086 0.00383998562 0.00857707778
v -0.00772823124 0.0040028255 0.00891813556
v -0.00647057323 0.00537289787 0.00726017276
v -0.00744951992 0.00406779457 0.00911185066
v -0.00695539741 0.00418295074 0.00945541183
v -0.00568975239 0.00552113462 0.00778409759
v -0.00669027595 0.00421239544 0.00962147037
v -0.0061468008 0.00427265573 0.00996205131
v -0.00487722187 0.00558199096 0.00827655117
v -0.0059003952 0.00427217889 0.0101006917
v -0.00531150131 0.0042709272 0.0104319743
v -0.00404192238 0.00555487085 0.00873228828
v -0.0050881031 0.00424648929 0.0105442695
v -0.00445915489 0.00417776514 0.0108601741
v -0.00319243698 0.00544013191 0.00914654056
v -0.00426186352 0.00413562465 0.0109476737
v -0.00359929828 0.00399424244 0.0112415246
v -0.00233794479 0.00523890663 0.00951489727
v -0.00343073635 0.00394077707 0.0113064937
v -0.00274170665 0.00372238565 0.0115718536
v -0.00148750572 0.00495340038 0.0098335437
v -0.00260318546 0.00366391349 0.0116169147
v -0.00189603595 0.00336535383 0.0118473462
v -0.000650060461 0.00458653379 0.0100989036
v -0.00178803234 0.00330789495 0.0118758372
v -0.00107194214 0.00292714048 0.0120649032
v 0.000165450289 0.00414230037 0.0103082351
v -0.000993979261 0.00287659574 0.0120804004
v -0.000278842733 0.0024127524 0.0122221402
v 0.00095056267 0.00362534929 0.0104593925
v -0.000229370878 0.00237442661 0.0122283391
v 0.00579975815 0.000471309906 0.00826713363
v 0.00695072384 0.00157638002 0.00638601104
v -0.00884462623 -0.00415097069 -0.0025973626
v -0.00781990318 -0.00308577608 -0.00457218369
v 0.00534771652 0.00130118538 0.00848016063
v 0.00649486752 0.00241340805 0.00660082618
v 0.00758229466 0.00350089479 0.0046722583
v -0.00835503368 -0.00496636223 -0.00278106411
v -0.00732601909 -0.00390820097 -0.00475743493
v -0.00623859195 -0.00282071423 -0.00668600281
v 0.00482176514 0.00209994722 0.00863405982
v 0.00596426697 0.00321908403 0.00675603668
v 0.00705181332 0.00430657077 0.00482746879
v 0.00808309288 0.00536133457 0.00285038272
v -0.00779403476 -0.00574640822 -0.00290456494
v -0.00676025181 -0.00469498228 -0.00488200863
v -0.00567270546 -0.00360743594 -0.00681057652
v -0.00453270702 -0.00248502087 -0.00868812283
v 0.00180672379 0.000497655159 0.0123182229
v 0.00304125519 0.00169666219 0.010550826
v 0.00422726841 0.00285919119 0.00872692386
v 0.00536476345 0.0039848249 0.00684973518
v 0.0064523098 0.00507237125 0.00492116729
v 0.00748871536 0.00612057853 0.00294336597
v -0.00716782837 -0.0064828236 -0.00296667298
v -0.00612856178 -0.00543771576 -0.00494471272
v -0.00504113464 -0.00435022902 -0.00687328061
v -0.00390638141 -0.00322143626 -0.00875023087
v 0.00889645787 -0.00429938626 -0.00213852604
v 0.00985645027 -0.00311200213 -0.00407591542
v 0.0102535364 -0.00247351717 -0.00349202832
v -0.00540388851 0.00786240507 -0.00334456643
v -0.0041974905 0.00884015966 -0.00526109417
v -0.00463296203 0.00823177505 -0.00584974965
v 0.00117944451 0.00117947269 0.0123489789
v 0.00239597531 0.00239600349 0.0105813436
v 0.00357078285 0.00357081104 0.00875803749
v 0.00470255585 0.00470258403 0.00688108722
v 0.0057901022 0.00579013038 0.00495251934
v 0.00683222981 0.00683219839 0.00297447959
v 0.00782774658 0.00782771516 0.000948994556
v 0.00877557965 0.00877560783 -0.0011216708
v 0.00646363468 -0.00124619793 0.00767299453
v 0.00732718678 0.000716881043 0.00611361782
v 0.00803827019 0.00266392637 0.00445744316
v 0.00860904427 0.00456257272 0.00269660274
v 0.00666831703 -0.00211565089 0.00729808132
v 0.00762032242 -0.000155969375 0.00578662673
v 0.00841473313 0.00180442739 0.00418504993
v 0.00906108589 0.00373269725 0.00248357574
v 0.00678514214 -0.00297997784 0.00687655727
v 0.00782679291 -0.00103287291 0.00540861408
v 0.00870774956 0.000931576973 0.00385805885
v 0.00943444939 0.00288058925 0.0022135667
v 0.00681267948 -0.00382999968 0.00641283313
v 0.00794457169 -0.00190465044 0.00498339454
v 0.00891433926 5.46138347e-05 0.00348004619
v 0.00972496243 0.00201518942 0.00188931743
v 0.00675069065 -0.0046566565 0.00591167728
v 0.00797234745 -0.00276200365 0.00451561729
v 0.00903211804 -0.0008171637 0.00305482666
v 0.00992964478 0.00114573646 0.00151452343
v 0.0065998909 -0.00545130562 0.00537857334
v 0.00790988178 -0.00359587263 0.0040101699
v 0.0090598938 -0.00167451691 0.0025870494
v 0.0100464699 0.000281409508 0.00109299938
v 0.00636194916 -0.00620542359 0.00481912414
v 0.00775777073 -0.00439731669 0.00347253601
v 0.00899742813 -0.00250832629 0.00208160202
v 0.0100740072 -0.000568612331 0.000629156032
v 0.0060391304 -0.00691108298 0.00423917095
v 0.00751768322 -0.00515793156 0.00290819923
v 0.00884531708 -0.00330982994 0.00154396812
v 0.0100121376 -0.00139532875 0.000128119388
v 0.00563513012 -0.007560714 0.00364503185
v 0.00719224186 -0.00586967062 0.00232335845
v 0.00860522957 -0.00407044482 0.000979631343
v 0.00986133785 -0.00218991827 -0.000404984555
v 0.0067846653 -0.00652490448 0.00172397415
v 0.008279669 -0.00478218388 0.000394790568
v 0.0096232769 -0.00294409584 -0.000964433751
v 0.00787221165 -0.00543741774 -0.000204593739
v 0.00930057736 -0.00364969563 -0.00154438694
v 0.0111274597 -0.00124798607 -0.00544777592
v 0.0100297806 -0.00269870352 -0.00688484391
v 0.0102814314 -0.00242935013 -0.00659099301
v 0.00938366623 -0.00368867707 -0.00466778954
v 0.00841532917 -0.00488619398 -0.00274077137
v 0.00738691063 -0.00602929186 -0.00081196507
v 0.00629948349 -0.00711677861 0.00111660282
v 0.00515400143 -0.00814752173 0.00304278652
v 0.00395189495 -0.00912038874 0.00496467868
v 0.00294529171 -0.00974713158 0.00718328277
v 0.0105414269 -0.00215099644 -0.00628748616
v 0.0107411024 -0.00186864924 -0.00601568898
v 0.01097666 -0.00153587651 -0.00569525441
v 0.00786243649 -0.00540386032 -0.00334456643
v 0.00682924958 -0.00655148816 -0.00142088612
v 0.00574170323 -0.0076389749 0.000507681766
v 0.00460098953 -0.00866524767 0.00243911067
v 0.00724338265 -0.00584702086 -0.0039434739
v 0.00620483132 -0.00699846339 -0.0020250388
v 0.00511728497 -0.00808595013 -9.64709138e-05
v 0.00398193569 -0.00910840821 0.00184008399
v 0.00656484337 -0.00621090721 -0.0045312949
v 0.00552045079 -0.00736544918 -0.00261798581
v 0.00443290444 -0.00845299553 -0.00068941792
v 0.00330339642 -0.00947229456 0.00125226299
v 0.00583397122 -0.0064917047 -0.00510183056
v 0.00478326054 -0.00764863085 -0.00319328984
v 0.00369571419 -0.0087361772 -0.00126472195
v 0.00257252426 -0.00975303244 0.000681846538
v 0.00505851479 -0.00668637347 -0.00564876278
v 0.00400112839 -0.00784496855 -0.00374510964
v 0.00291370125 -0.0089325149 -0.00181654175
v 0.00179718704 -0.00994770121 0.000134795108
v 0.00424681874 -0.00679282736 -0.00616660794
v 0.00318239899 -0.00795243573 -0.00426736554
v 0.00209497185 -0.00903992247 -0.00233879765
v 0.000985490992 -0.0100542147 -0.000383050046
v 0.00340734692 -0.0068100531 -0.00664964398
v 0.00233577461 -0.00796978068 -0.0047545739
v 0.00124822827 -0.00905726742 -0.00282600602
v 0.000146019175 -0.0100714405 -0.000866086087
v 0.00254904003 -0.00673781227 -0.00709298333
v 0.00146995754 -0.0078968842 -0.00520160874
v 0.000382530406 -0.00898437094 -0.00327304085
v -0.00071228771 -0.00999914002 -0.00130930623
v 0.00168095799 -0.00657682013 -0.00749161919
v 0.000594484522 -0.00773452114 -0.00560382088
v -0.000493061826 -0.00882200789 -0.003675253
v -0.00158036976 -0.00983820748 -0.0017080613
v 0.000812399104 -0.00632886481 -0.00784161767
v -0.000281584547 -0.00748442006 -0.00595679959
v -0.0013691309 -0.0085719068 -0.0040282317
v -0.00244892864 -0.00959019255 -0.00205805977
v -4.74575018e-05 -0.00599650931 -0.00813904484
v -0.00114883213 -0.00714920353 -0.00625684937
v -0.00223637848 -0.00823669028 -0.00432828148
v -0.00330890445 -0.00925789666 -0.00235548695
v -0.000889551923 -0.00558332991 -0.00838092049
v -0.00199831753 -0.00673244786 -0.00650075158
v -0.00308574466 -0.0078199346 -0.00457218369
v -0.00415099888 -0.00884465765 -0.0025973626
v -0.00170494346 -0.00509361815 -0.00856462201
v -0.00282074241 -0.00623856377 -0.00668600281
v -0.00390816955 -0.00732605051 -0.00475743493
v -0.00496639042 -0.0083550055 -0.00278106411
v -0.00248504905 -0.00453267884 -0.00868812283
v -0.00360740452 -0.00567273688 -0.00681057652
v -0.00469495086 -0.00676028323 -0.00488200863
v -0.0057463768 -0.00779406618 -0.00290456494
v -0.000844610021 -0.00150011372 -0.0123410531
v -0.00205267696 -0.00272582363 -0.0105736562
v -0.00322140484 -0.00390641283 -0.00875023087
v -0.0043501976 -0.00504110646 -0.00687328061
v -0.00543774395 -0.0061285932 -0.00494471272
v -0.00648285179 -0.00716780018 -0.00296667298
v -0.00959028034 -0.00244896006 -0.00205805977
v -0.00823665886 -0.0022364099 -0.00432828148
v -0.00673247604 -0.00199828934 -0.00650075158
v -0.00509358673 -0.00170497488 -0.00856462201
v -0.00983823566 -0.00158040118 -0.0017080613
v -0.00857187538 -0.00136910271 -0.0040282317
v -0.00714923172 -0.00114886355 -0.00625684937
v -0.00558329849 -0.000889583343 -0.00838092049
v -0.0099991682 -0.00071231913 -0.00130930623
v -0.00882197647 -0.000493033641 -0.003675253
v -0.00748444824 -0.000281556362 -0.00595679959
v -0.00599647789 -4.74889218e-05 -0.00813904484
v -0.010071409 0.000145987755 -0.000866086087
v -0.00898433952 0.000382498986 -0.00327304085
v -0.00773454933 0.000594512707 -0.00560382088
v -0.00632883339 0.000812427288 -0.00784161767
v -0.0100542429 0.000985459572 -0.000383050046
v -0.00905729561 0.00124819685 -0.00282600602
v -0.00789691238 0.00146998573 -0.00520160874
v -0.00657678871 0.00168098617 -0.00749161919
v -0.00994766979 0.00179715562 0.000134795108
v -0.00903989105 0.00209494043 -0.00233879765
v -0.00796974926 0.00233574319 -0.0047545739
v -0.00673784046 0.00254900861 -0.00709298333
v -0.00975300102 0.00257255245 0.000681846538
v -0.00893248348 0.00291366983 -0.00181654175
v -0.00795246391 0.00318242717 -0.00426736554
v -0.00681008129 0.0034073155 -0.00664964398
v -0.00947226314 0.0033034246 0.00125226299
v -0.00873614578 0.00369574237 -0.00126472195
v -0.00784493713 0.00400115657 -0.00374510964
v -0.00679291515 0.00424678732 -0.00616660794
v -0.00910843639 0.00398196388 0.00184008399
v -0.00845302372 0.00443287302 -0.00068941792
v -0.00764859943 0.00478328872 -0.00319328984
v -0.00668634205 0.00505854297 -0.00564876278
v -0.00866521625 0.00460101772 0.00243911067
v -0.00808597831 0.00511731315 -9.64709138e-05
v -0.00736547737 0.00552041937 -0.00261798581
v -0.00649167328 0.0058339398 -0.00510183056
v -0.00763894348 0.00574167181 0.000507681766
v -0.00699843197 0.0062047999 -0.0020250388
v -0.0062109354 0.00656481195 -0.0045312949
v -0.00655151634 0.00682921816 -0.00142088612
v -0.00584698944 0.00724335123 -0.0039434739
v -0.00334764747 0.00916160751 -0.00774028977
v -0.00215102463 0.0105413954 -0.00628748616
v -0.00242937832 0.0102814 -0.00659099301
v -0.00368870525 0.00938363481 -0.00466778954
v -0.00488616256 0.00841541696 -0.00274077137
v -0.00602926044 0.00738693882 -0.00081196507
v -0.00711680679 0.00629945207 0.00111660282
v -0.00814749031 0.00515402961 0.00304278652
v -0.00912035732 0.00395192314 0.00496467868
v -0.0102948072 0.00243367363 0.00658592502
v -0.0026986721 0.0100298088 -0.00688484391
v -0.00292409687 0.0097530048 -0.00716796597
v -0.00317276745 0.0094475906 -0.00748041352
v -0.00429941444 0.00889648605 -0.00213852604
v -0.00543738632 0.00787218023 -0.000204593739
v -0.00652493267 0.00678469349 0.00172397415
v -0.00756074219 0.0056350987 0.00364503185
v -0.00364972381 0.00930054594 -0.00154438694
v -0.00478221206 0.00827969719 0.000394790568
v -0.0058696392 0.00719221044 0.00232335845
v -0.00691105156 0.00603915859 0.00423917095
v -0.00294412403 0.00962324548 -0.000964433751
v -0.0040704134 0.00860525776 0.000979631343
v -0.00515795974 0.00751771141 0.00290819923
v -0.00620545177 0.00636191774 0.00481912414
v -0.00218988685 0.00986130643 -0.000404984555
v -0.00330985813 0.00884534526 0.00154396812
v -0.00439728527 0.00775779892 0.00347253601
v -0.00545133381 0.00659991909 0.00537857334
v -0.00139535694 0.0100121062 0.000128119388
v -0.00250829487 0.00899739671 0.00208160202
v -0.00359584121 0.00790990997 0.0040101699
v -0.00465668468 0.00675071884 0.00591167728
v -0.000568640516 0.0100740354 0.000629156032
v -0.00167454509 0.00905986238 0.0025870494
v -0.00276197223 0.00797237564 0.00451561729
v -0.00382996826 0.00681264806 0.00641283313
v 0.000281440928 0.0100464385 0.00109299938
v -0.000817191884 0.00903208662 0.00305482666
v -0.00190461902 0.00794459987 0.00498339454
v -0.00298000602 0.00678511072 0.00687655727
v 0.00114570828 0.00992967296 0.00151452343
v 5.458565e-05 0.00891430784 0.00348004619
v -0.00103284149 0.00782682109 0.00540861408
v -0.00211561947 0.00666834522 0.00729808132
v 0.00201522084 0.00972493101 0.00188931743
v 0.000931608393 0.00870777774 0.00385805885
v -0.000155937955 0.007620291 0.00578662673
v -0.00124622612 0.00646360326 0.00767299453
v 0.00288056107 0.00943441797 0.0022135667
v 0.00180445881 0.00841476131 0.00418504993
v 0.000716912463 0.00732721496 0.00611361782
v -0.000380766675 0.00617303062 0.00799712459
v 0.00373266907 0.00906111408 0.00248357574
v 0.00266395779 0.00803823877 0.00445744316
v 0.00157641144 0.00695075203 0.00638601104
v 0.000471341326 0.00579978634 0.00826713363
v 0.00456260414 0.00860907245 0.00269660274
v 0.00350092621 0.00758232284 0.0046722583
v 0.00241337986 0.0064948361 0.00660082618
v 0.00130115719 0.00534774471 0.00848016063
v 0.00536130638 0.00808312107 0.00285038272
v 0.00430654259 0.0070517819 0.00482746879
v 0.00321899624 0.00596429515 0.00675603668
v 0.00209997864 0.00482173372 0.00863405982
v 0.00809382172 0.00940288711 -0.00115254601
v 0.00712834568 0.00847287584 0.000918357768
v 0.00612055035 0.00748868395 0.00294336597
v 0.00507234307 0.00645227838 0.00492116729
v 0.00398479672 0.00536473203 0.00684973518
v 0.00285922261 0.0042273562 0.00872692386
v 0.00274430485 -0.00401149582 0.0114363126
v 0.0025024292 -0.00324849676 0.0117302827
v -0.000783217237 -0.00422201943 0.00932845394
v -0.00104917316 -0.00344227146 0.00961825172
v -0.00143064289 -0.0069460113 0.0074274234
v 0.00135587425 -0.00996826481 0.00729450504
v 0.00181101532 -0.00948099684 0.00782582084
v -0.00101996689 -0.00639711213 0.00796851436
v 0.000837909892 -0.0103900273 0.00676450054
v -0.00197948246 -0.0073566277 0.00688633243
v 0.000262963488 -0.0107415159 0.00624212543
v -0.000362408445 -0.0110187371 0.00573310176
v -0.00263918667 -0.00760839772 0.00637242118
v -0.00103105335 -0.0112185914 0.00524339
v 0.00290750237 -0.00477646183 0.011097043
v -0.000687969015 -0.00500009846 0.00894352714
v 0.00299047203 -0.00553481173 0.0107161693
v 0.00219820709 -0.0089337666 0.0083527259
v 0.00251303883 -0.00833277296 0.00886925975
v -0.000768196866 -0.00573740792 0.00848242561
v -0.00173558025 -0.011338814 0.00477835456
v -0.00337649612 -0.00768868517 0.00591131965
v -0.00246788292 -0.0113779743 0.00434335987
v -0.0032196167 -0.0113357146 0.00394317428
v -0.00415457515 -0.00759337735 0.00552627365
v -0.00398231773 -0.0112124522 0.00358268539
v -0.00474740295 -0.0110096176 0.00326558868
v -0.00493432312 -0.00732736182 0.00523659507
v -0.00550617008 -0.0107294757 0.00299569885
v -0.00422204761 -0.000783189052 0.00932845394
v -0.00344229965 -0.00104920458 0.00961825172
v -0.00324846534 0.00250239778 0.0117302827
v -0.0026999834 -0.00147263598 0.00979801933
v -0.00176299839 0.00179489065 0.0121689729
v -0.00249613552 0.00218476463 0.011975377
v 0.00218473645 -0.00249616694 0.011975377
v 0.00179492207 -0.0017629702 0.0121689729
v -0.00147260456 -0.00269995522 0.00979801933
v 0.00275193424 -0.00768481087 0.00936934272
v 0.00291215153 -0.00699727129 0.00984737197
v 0.00299202175 -0.00627784323 0.0102981023
v -0.00624991684 -0.0103751857 0.00277599613
v -0.00567663936 -0.00690399002 0.00505670825
v -0.00697041778 -0.00995086026 0.00260910312
v -0.0073273304 -0.00493435454 0.00523659507
v -0.00759340553 -0.00415454697 0.00552627365
v -0.0110095861 -0.00474743437 0.00326558868
v -0.0107414844 0.000262991673 0.00624212543
v -0.0110187653 -0.00036238026 0.00573310176
v -0.00735665588 -0.00197951388 0.00688633243
v -0.0076084259 -0.00263915848 0.00637242118
v -0.0103900555 0.000837878472 0.00676450054
v -0.00694597988 -0.0014306147 0.0074274234
v -0.009968293 0.00135590244 0.00729450504
v -0.00948096542 0.00181104351 0.00782582084
v -0.00639714031 -0.0010199387 0.00796851436
v -0.00893379478 0.00219823528 0.0083527259
v -0.00833274154 0.00251300741 0.00886925975
v -0.0057374361 -0.000768228286 0.00848242561
v -0.00768483906 0.00275190282 0.00936934272
v -0.00401152401 0.00274427343 0.0114363126
v -0.00477649002 0.00290753055 0.011097043
v -0.00500012665 -0.00068794083 0.00894352714
v 0.00133727761 -0.00105731081 0.0123088054
v 0.000817048266 -0.000387116188 0.012393444
v -0.00203217296 -0.00203220438 0.00985905448
v -0.00765932827 -0.0094612081 0.00249668876
v -0.00634433059 -0.00634436201 0.00499579231
v -0.00830889969 -0.00891183209 0.00244018356
v -0.00768865375 -0.00337652754 0.00591131965
v -0.0113357428 -0.00321958851 0.00394317428
v -0.0112124804 -0.00398234915 0.00358268539
v -0.01121856 -0.00103108477 0.00524339
v -0.0113388422 -0.00173555207 0.00477835456
v -0.0113779428 -0.00246785473 0.00434335987
v -0.00553478031 0.00299044061 0.0107161693
v -0.00627781181 0.00299199033 0.0102981023
v -0.00699723987 0.00291217971 0.00984737197
v 0.000240075305 0.000240043885 0.0124216966
v -0.000387084768 0.000817016846 0.012393444
v -0.00105727939 0.00133724619 0.0123088054
v -0.0107294443 -0.00550614189 0.00299569885
v -0.0103751543 -0.00624994826 0.00277599613
v -0.00690401821 -0.00567667078 0.00505670825
v -0.00995088844 -0.0069703896 0.00260910312
v -0.00946117668 -0.00765930008 0.00249668876
v -0.00891186027 -0.00830893111 0.00244018356
v 0.00017212601 0.000172154194 0.00594982425
v -0.000495565221 0.000731722599 0.00588890831
v -0.00123788147 0.001155154 0.00570902149
v -0.00201762943 0.00142116953 0.00541934291
v -0.00279570846 0.00151641775 0.00503429691
v -0.00353301792 0.0014361899 0.00457331459
v -0.00419272213 0.00118441988 0.00405928413
v -0.00474168091 0.000773803479 0.00351819316
v -0.0051522377 0.0002248447 0.0029771022
v -0.00540400772 -0.000434799904 0.00246319095
v -0.00548423557 -0.00117216896 0.00200220863
v -0.00538898735 -0.00195018839 0.00161716262
v -0.00512303142 -0.00272993636 0.00132748405
v -0.00469960003 -0.00347231221 0.00114759723
v -0.00414003162 -0.00414000344 0.00108668128
v -0.00347234039 -0.00469957184 0.00114759723
v -0.00272990494 -0.00512300324 0.00132748405
v -0.00195015697 -0.00538901877 0.00161716262
v -0.00117219715 -0.00548426699 0.00200220863
v -0.000434768484 -0.00540403914 0.00246319095
v 0.000224816516 -0.00515226912 0.0029771022
v 0.000773775294 -0.00474165272 0.00351819316
v 0.0011844513 -0.00419275355 0.00405928413
v 0.00143622132 -0.00353304934 0.00457331459
v 0.00151644917 -0.00279573988 0.00503429691
v 0.00142120095 -0.00201766085 0.00541934291
v 0.00115512581 -0.00123791289 0.00570902149
v 0.000731694415 -0.000495596641 0.00588890831
v -0.00171126156 -0.00421123099 0.00241610328
v -0.00114406376 -0.00420592617 0.00273892204
v -0.000634086416 -0.00404916596 0.00311478893
v -0.000216138647 -0.00375167918 0.00351819316
v 8.12885309e-05 -0.00333373141 0.00392171661
v 0.000238048747 -0.00282381367 0.0042975835
v -0.00225664406 0.000243381745 0.00462040226
v -0.00282384186 0.000238017327 0.0042975835
v -0.00333369999 8.13167156e-05 0.00392171661
v -0.00375164776 -0.000216170067 0.00351819316
v -0.00404919414 -0.000634117836 0.00311478893
v -0.00420595436 -0.00114403557 0.00273892204
v -0.00421119957 -0.00171123337 0.00241610328
v -0.00406469135 -0.00229696822 0.00216838638
v -0.00377644329 -0.0028614242 0.00201257984
v -0.0033660057 -0.00336603712 0.0019595317
v -0.00286139278 -0.00377647471 0.00201257984
v -0.0022969368 -0.00406472277 0.00216838638
v 0.000243413165 -0.00225661587 0.00462040226
v 9.69049478e-05 -0.00167088103 0.00486811916
v -0.000191343114 -0.00110648465 0.00502380649
v -0.000601780698 -0.000601812118 0.00507697383
v -0.00110651283 -0.000191374534 0.00502380649
v -0.00167084961 9.68735278e-05 0.00486811916
v 0.0033659813 0.00336600948 -0.00195947369
v 0.00286136837 0.00377644706 -0.00201264103
v 0.0022970316 0.00406475473 -0.00216832837
v 0.00171123715 0.00421120334 -0.00241604527
v 0.00114403935 0.00420589853 -0.00273886403
v 0.000634062007 0.00404919792 -0.00311485013
v 0.000216114237 0.00375171114 -0.00351825436
v -8.13129401e-05 0.00333376337 -0.0039216586
v -0.000238073156 0.00282378603 -0.0042976447
v -0.000243318365 0.00225664783 -0.00462046345
v -9.6929357e-05 0.00167091299 -0.00486818036
v 0.000191437914 0.001106457 -0.00502386769
v 0.000601875498 0.000601844078 -0.00507691582
v 0.00110648842 0.000191406494 -0.00502386769
v 0.00167094441 -9.69011723e-05 -0.00486818036
v 0.00225661965 -0.000243349785 -0.00462046345
v 0.00282381745 -0.000238044971 -0.0042976447
v 0.00333379479 -8.12847554e-05 -0.0039216586
v 0.00375174256 0.000216142422 -0.00351825436
v 0.00404916973 0.000634090191 -0.00311485013
v 0.00420592995 0.00114406753 -0.00273886403
v 0.00421117516 0.00171120573 -0.00241604527
v 0.00406478615 0.00229700018 -0.00216832837
v 0.00377641888 0.00286139656 -0.00201264103
v -0.00151647358 0.00279571224 -0.00503435811
v -0.00143612652 0.0035330813 -0.00457325657
v -0.0011843565 0.0041927259 -0.00405934533
v -0.000773799703 0.00474162508 -0.00351825436
v -0.000224840925 0.00515230108 -0.0029771634
v 0.00279568405 -0.00151644539 -0.00503435811
v 0.00201760502 -0.00142113757 -0.00541940411
v 0.00123785706 -0.00115512204 -0.00570908268
v 0.000495540812 -0.000731750244 -0.00588885029
v -0.000172150419 -0.000172122234 -0.00594988545
v -0.000731718824 0.000495568997 -0.00588885029
v -0.00115515022 0.00123788524 -0.00570908268
v -0.00142110615 0.00201763321 -0.00541940411
v 0.000434744074 0.00540401149 -0.00246325215
v 0.00117217274 0.00548429895 -0.00200215062
v 0.00195025177 0.00538905073 -0.00161710461
v 0.00272999974 0.0051230352 -0.00132742604
v 0.00347231598 0.0046996038 -0.00114753922
v 0.00414000721 0.00413997579 -0.00108662327
v 0.00469957562 0.00347228456 -0.00114753922
v 0.00512300701 0.00272996832 -0.00132742604
v 0.00538908215 0.00195022035 -0.00161710461
v 0.00548433037 0.00117214132 -0.00200215062
v 0.00540398331 0.000434772259 -0.00246325215
v 0.0051523325 -0.000224872345 -0.0029771634
v 0.0047416565 -0.000773771518 -0.00351825436
v 0.00419269772 -0.00118438792 -0.00405934533
v 0.00353311272 -0.00143615794 -0.00457325657
v 0.000343906596 0.00168879438 0.0124660424
v -0.000404727743 0.00226993967 0.0123716287
v -0.00119282036 0.0027810495 0.0122153453
v -0.00455869465 0.00402380634 0.0110181264
v -0.00540579586 0.00411637235 0.0105926685
v -0.00623573093 0.00411810089 0.0101256065
v -0.00703920154 0.00402899194 0.00962230484
v -0.00780714779 0.0038499992 0.00908824722
v -0.00853086738 0.0035831492 0.0085297517
v -0.00920213489 0.0032315414 0.00795289794
v -0.00981344013 0.0027990501 0.00736436168
v -0.00700928001 -0.0103382308 0.00153753082
v -0.0062044981 -0.010812207 0.00172409336
v -0.00281978874 -0.011885031 0.00302776615
v -0.00198019771 -0.0119322379 0.00347456256
v -0.00116230278 -0.011888488 0.00396045963
v -0.000375402257 -0.0117541988 0.0044798545
v 0.000371563151 -0.0115309794 0.00502690593
v 0.00107001038 -0.0112213333 0.00559541503
v 0.00171219082 -0.0108287175 0.00617894451
v -0.00399328499 0.00296510864 0.0115337066
v -0.00478125839 0.00313325334 0.0111841849
v -0.00556231766 0.0032186668 0.0107919864
v -0.00632764129 0.00322021652 0.0103612832
v -0.00706864624 0.00313802171 0.00989708225
v -0.00777674942 0.00297297645 0.00940462867
v -0.00844420223 0.00272692848 0.00888952533
v -0.00906313686 0.00240267921 0.00835761348
v -0.00962687759 0.00200386453 0.0078149728
v -0.0101286295 0.001535074 0.00726756374
v -0.0105631474 0.00100155283 0.0067217044
v -0.010925186 0.00040938068 0.00618371288
v -0.0112106922 -0.000234707111 0.00565943042
v -0.0114165667 -0.000923498386 0.00515493671
v -0.0115403059 -0.00164906573 0.00467595378
v -0.0115807178 -0.0024033029 0.00422796527
v -0.0115372065 -0.00317762684 0.00381585876
v -0.0114102486 -0.00396327566 0.00344440261
v -0.0112012747 -0.00475124907 0.00311788837
v -0.0109127882 -0.00553278517 0.00283989231
v -0.0105478886 -0.00629888367 0.00261363307
v -0.0101107481 -0.00704090189 0.00244161407
v -0.00396324424 -0.0114102204 0.00344440261
v -0.00317765503 -0.0115371783 0.00381585876
v -0.00240327148 -0.0115806897 0.00422796527
v -0.00164903431 -0.0115403373 0.00467595378
v -0.000923526571 -0.0114165385 0.00515493671
v -0.000234735296 -0.0112107236 0.00565943042
v 0.000409352496 -0.0109251578 0.00618371288
v 0.00100158425 -0.0105631192 0.0067217044
v 0.00153504582 -0.0101286609 0.00726756374
v 0.00200389595 -0.0096267898 0.0078149728
v 0.00240265103 -0.00906316828 0.00835761348
v 0.00272690029 -0.00844417405 0.00888952533
v 0.00297294827 -0.00777678084 0.00940462867
v 0.00313805313 -0.00706861805 0.00989708225
v 0.00322018833 -0.00632761311 0.0103612832
v 0.00321863861 -0.00556228947 0.0107919864
v 0.00313328476 -0.0047811706 0.0111841849
v 0.00296508045 -0.0039932568 0.0115337066
v 0.00271593304 -0.00320736956 0.011836379
v 0.00238882275 -0.00243250918 0.0120888642
v 0.00198732586 -0.00167731833 0.0122883014
v 0.00219415398 -0.00157086443 0.0123548202
v -0.0096064928 -0.00775049519 0.00232598106
v -0.00971735744 -0.00781051707 0.00211939136
v 0.00151585312 -0.00095049929 0.0124323062
v 0.00170992584 -0.000824137443 0.0125027589
v 0.00190793247 -0.000685556644 0.0125161103
v -0.00904060631 -0.00841961693 0.00226768772
v -0.00913597374 -0.00849793743 0.0020595483
v -0.00919235973 -0.00853942227 0.00182792465
v 0.000980007365 -0.000260158294 0.0125194482
v 0.00115929814 -0.000114901775 0.0125922851
v 0.00134443016 4.030872e-05 0.0126076631
v 0.00152443619 0.000196294075 0.0125647477
v -0.00841964512 -0.00904057812 0.00226768772
v -0.00849796562 -0.00913594555 0.0020595483
v -0.00853945045 -0.00919239115 0.00182792465
v -0.00854159622 -0.00920657706 0.00158628742
v 0.000385749056 0.000385777241 0.0125485353
v 0.000548827365 0.000548795945 0.0126222066
v 0.000719535067 0.000719563252 0.0126382999
v 0.000887977793 0.000888005978 0.0125959806
v 0.00104438038 0.00104440857 0.0124976329
v -0.00775052337 -0.00960646462 0.00232598106
v -0.00781048565 -0.00971732926 0.00211939136
v -0.00783587723 -0.00978742432 0.00188907901
v -0.00782502918 -0.00981257748 0.00164863388
v -0.00777865677 -0.00979129862 0.00141200344
v -0.00461317329 -0.011520489 0.00249668876
v -0.00452626972 -0.011520787 0.00227090637
v -0.00367177753 -0.0117473442 0.00262495796
v -0.00295985965 0.00338347364 0.0118332795
v -0.00285209446 0.00357128788 0.0117252759
v -0.00370432167 0.00384141613 0.0113970927
v 0.0016888258 0.00034393478 0.0124660424
v 0.00260673733 -0.00234673809 0.0121498994
v 0.00240348549 -0.001449867 0.0123645953
v 0.00209830971 -0.000542982334 0.0124715261
v 0.00226997109 -0.000404699558 0.0123716287
v 0.00294290753 -0.00314287733 0.0118905
v 0.00282572479 -0.00224392008 0.0121550254
v 0.00260304184 -0.00132135939 0.0123172692
v 0.00278102131 -0.00119285178 0.0122153453
v 0.00319884987 -0.00395028185 0.0115796022
v 0.0031697628 -0.00305871558 0.0118895463
v 0.00303302975 -0.00213001561 0.0121036462
v 0.00321649285 -0.00201175999 0.0119990997
v 0.00337158413 -0.00475983214 0.0112205438
v 0.00343166561 -0.00388507437 0.0115712575
v 0.00338338585 -0.00295989107 0.0118332795
v 0.00357125969 -0.00285206627 0.0117252759
v 0.00345932217 -0.00556228947 0.0108174972
v 0.0036085722 -0.00471357893 0.0112037353
v 0.00365017624 -0.00380144905 0.0115091495
v 0.00384138794 -0.00370429348 0.0113970927
v 0.0034609911 -0.00634865355 0.0103749923
v 0.00369833679 -0.00553493094 0.0107912711
v 0.00383030148 -0.00464527201 0.0111349515
v 0.00402377815 -0.00455872607 0.0110181264
v 0.00337647171 -0.00710992407 0.00989803592
v 0.00370000572 -0.00633971285 0.010338395
v 0.003921735 -0.00548170399 0.010714858
v 0.00411640377 -0.00540576767 0.0105926685
v 0.0032069561 -0.00783751797 0.0093921117
v 0.00361357899 -0.00711886477 0.009850233
v 0.00392340393 -0.00630132746 0.0102536372
v 0.0041180727 -0.00623570275 0.0101256065
v 0.0029541132 -0.0085232098 0.00886294166
v 0.00344001026 -0.0078635056 0.00933250705
v 0.00383542748 -0.00709478449 0.0097565345
v 0.00402902336 -0.00703923296 0.00962230484
v 0.00262092324 -0.00915919136 0.00831636707
v 0.00318132611 -0.00856529068 0.00879082004
v 0.0036586401 -0.00785319399 0.0092291526
v 0.00384997101 -0.00780717921 0.00908824722
v 0.00221120091 -0.00973825049 0.00775882522
v 0.00284038754 -0.0092161734 0.00823149005
v 0.00339518757 -0.00856791329 0.00867757122
v 0.00358318062 -0.0085308988 0.0085297517
v 0.00172959538 -0.0102538903 0.007196515
v 0.00242100926 -0.00980882239 0.00766083519
v 0.00304793091 -0.00923077654 0.00810798923
v 0.00323151322 -0.00920216631 0.00795289794
v 0.00118147106 -0.0107002098 0.00663563529
v 0.00192807884 -0.0103365619 0.00708529274
v 0.00262080403 -0.00983439278 0.00752672473
v 0.00279902191 -0.00981341195 0.00736436168
v 0.00057302685 -0.0110722024 0.00608286182
v 0.00136707993 -0.0107933719 0.00651141922
v 0.00211881371 -0.0103718479 0.00694057266
v 0.0022907135 -0.010357662 0.00677081863
v -8.8703916e-05 -0.0113655765 0.00554427425
v 0.000744330599 -0.0111740668 0.00594553272
v 0.00154744358 -0.0108370621 0.00635608951
v -0.000796330259 -0.0115770538 0.00502595226
v 6.71026254e-05 -0.011474355 0.00539430896
v 0.000913369372 -0.0112247307 0.00577983181
v -0.00154186516 -0.0117042501 0.00453385631
v -0.000657213018 -0.0116907794 0.00486382762
v 0.000223505213 -0.0115305622 0.00521847526
v -0.00231672554 -0.0117457349 0.00407347003
v -0.00142015247 -0.011820956 0.00436016838
v -0.000514042661 -0.0117509801 0.00467821876
v -0.00311232834 -0.0117009718 0.00365015785
v -0.00221325187 -0.0118633945 0.00388905326
v -0.00129104881 -0.0118836005 0.00416526119
v -0.00475121765 -0.0112012465 0.00311788837
v -0.00391949444 -0.0115705569 0.00326856891
v -0.00302745132 -0.0118176181 0.0034557275
v -0.00209881096 -0.0119268138 0.0036854438
v -0.00472904472 -0.0113559205 0.00293299476
v -0.0038535717 -0.0116841037 0.00306519786
v -0.00292803077 -0.0118801434 0.00324413101
v -0.00468207626 -0.011464401 0.00272187511
v -0.00376929073 -0.0117441852 0.00284644882
v -0.00537372856 -0.0112078626 0.00196942607
v -0.00545014171 -0.0112114389 0.00219902317
v -0.0055039051 -0.0111610134 0.00242957393
v -0.0055320385 -0.011059447 0.0026473693
v -0.00553275375 -0.01091276 0.00283989231
v -0.00627054004 -0.0108207304 0.00195678989
v -0.00630952148 -0.0107773383 0.00219163219
v -0.00631905823 -0.0106845934 0.00241491119
v -0.00629891186 -0.0105478604 0.00261363307
v -0.00706518917 -0.0103526552 0.00177261154
v -0.00708974628 -0.0103177268 0.0020107917
v -0.00708152084 -0.010235532 0.00223824302
v -0.00704087047 -0.0101107795 0.00244161407
v -0.0102355602 -0.00708149266 0.00223824302
v -0.0097874525 -0.00783590865 0.00188907901
v -0.00920654564 -0.00854156803 0.00158628742
v -0.00850428371 -0.0091776688 0.00134894172
v -0.00917769699 -0.00850425553 0.00134894172
v -0.0106846216 -0.00631908965 0.00241491119
v -0.0103176954 -0.0070897181 0.0020107917
v -0.00981260566 -0.0078250606 0.00164863388
v -0.0097912672 -0.00777868819 0.00141200344
v -0.0110594156 -0.00553201031 0.0026473693
v -0.0107773664 -0.00630943369 0.00219163219
v -0.0103526237 -0.00706516098 0.00177261154
v -0.0103381994 -0.00700925183 0.00153753082
v -0.0113558891 -0.00472907614 0.00293299476
v -0.0111609819 -0.00550387692 0.00242957393
v -0.0108207586 -0.00627051186 0.00195678989
v -0.0108121756 -0.00620452952 0.00172409336
v -0.0115705851 -0.00391946625 0.00326856891
v -0.0114643696 -0.00468210768 0.00272187511
v -0.0112114075 -0.00545011353 0.00219902317
v -0.0112078312 -0.00537375998 0.00196942607
v -0.011701 -0.00311230015 0.00365015785
v -0.0116840723 -0.00385354351 0.00306519786
v -0.0115205172 -0.00461320471 0.00249668876
v -0.0115207556 -0.00452630114 0.00227090637
v -0.0117457035 -0.00231675696 0.00407347003
v -0.0118175867 -0.00302742314 0.0034557275
v -0.0117441538 -0.00376932215 0.00284644882
v -0.0117473724 -0.00367174935 0.00262495796
v -0.0117042187 -0.00154183697 0.00453385631
v -0.0118633631 -0.00221322369 0.00388905326
v -0.0118801716 -0.00292800259 0.00324413101
v -0.0118850592 -0.00281982016 0.00302776615
v -0.0115770224 -0.000796361679 0.00502595226
v -0.0118209246 -0.00142012429 0.00436016838
v -0.0119267824 -0.00209878277 0.0036854438
v -0.011932266 -0.00198016953 0.00347456256
v -0.0113655451 -8.8735336e-05 0.00554427425
v -0.011690748 -0.000657184833 0.00486382762
v -0.0118836287 -0.00129108023 0.00416526119
v -0.0118885162 -0.00116221499 0.00396045963
v -0.011072171 0.000573055035 0.00608286182
v -0.0114743832 6.70712055e-05 0.00539430896
v -0.0117509487 -0.000514014476 0.00467821876
v -0.0117541674 -0.000375374073 0.0044798545
v -0.010700238 0.00118143964 0.00663563529
v -0.011174095 0.000744358784 0.00594553272
v -0.0115305307 0.000223533398 0.00521847526
v -0.0115310076 0.000371531731 0.00502690593
v -0.0102539185 0.00172956396 0.007196515
v -0.0107933405 0.00136704851 0.00651141922
v -0.0112247589 0.000913337952 0.00577983181
v -0.0112213018 0.00106997896 0.00559541503
v -0.00973833828 0.00221122909 0.00775882522
v -0.0103365305 0.00192804742 0.00708529274
v -0.0108370903 0.00154747177 0.00635608951
v -0.0108287456 0.0017121594 0.00617894451
v -0.00915921955 0.00262095142 0.00831636707
v -0.00980879097 0.00242097784 0.00766083519
v -0.0103718164 0.00211878229 0.00694057266
v -0.0103576305 0.00229068208 0.00677081863
v -0.00852323799 0.00295414138 0.00886294166
v -0.00921620159 0.00284035612 0.00823149005
v -0.00983442096 0.00262083221 0.00752672473
v -0.00783754616 0.00320692468 0.0093921117
v -0.00856531887 0.00318129469 0.00879082004
v -0.00923074512 0.00304789949 0.00810798923
v -0.00710989265 0.0033764999 0.00989803592
v -0.00786353378 0.00344003845 0.00933250705
v -0.00856794147 0.00339515615 0.00867757122
v -0.00634862213 0.00346095968 0.0103749923
v -0.00711883335 0.00361360717 0.009850233
v -0.00785316257 0.00365866829 0.0092291526
v -0.00556231766 0.00345929075 0.0108174972
v -0.00633968143 0.00370003391 0.010338395
v -0.00709475307 0.00383539606 0.0097565345
v -0.00475980072 0.00337161232 0.0112205438
v -0.00553489952 0.00369836498 0.0107912711
v -0.00630129604 0.00392343212 0.0102536372
v -0.00320733814 0.00271602083 0.011836379
v -0.00395025043 0.00319881845 0.0115796022
v -0.00471366672 0.00360854078 0.0112037353
v -0.00548173218 0.00392170358 0.010714858
v -0.00314284591 0.00294287611 0.0118905
v -0.00388504295 0.0034316938 0.0115712575
v -0.00464524059 0.00383032966 0.0111349515
v -0.00305868416 0.00316979099 0.0118895463
v -0.00380147724 0.00365020443 0.0115091495
v -0.00201178818 0.00321652103 0.0119990997
v -0.00213004379 0.00303305793 0.0121036462
v -0.00224388866 0.00282575298 0.0121550254
v -0.00234676628 0.00260676551 0.0121498994
v -0.00243247776 0.00238879133 0.0120888642
v -0.00132132797 0.00260307003 0.0123172692
v -0.00144983558 0.00240351368 0.0123645953
v -0.00157083301 0.00219418216 0.0123548202
v -0.00167728691 0.00198729444 0.0122883014
v -0.000543010518 0.00209827829 0.0124715261
v -0.000685584829 0.00190790105 0.0125161103
v -0.000824106023 0.00170989442 0.0125027589
v -0.00095046787 0.00151588131 0.0124323062
v 0.000196325495 0.00152440477 0.0125647477
v 4.02805353e-05 0.00134439874 0.0126076631
v -0.00011492996 0.00115932632 0.0125922851
v -0.000260126874 0.000980035549 0.0125194482
v 0.0094923851 0.00814749408 -0.00137260636
v 0.00884793968 0.00884796787 -0.0013410159
v 0.0100735304 0.00739891935 -0.00146702012
v 0.0105846998 0.00661070753 -0.00162330349
v 0.0110201714 0.00579179931 -0.00183954915
v 0.0113749382 0.00495149303 -0.00211337288
v 0.0116450665 0.00409932542 -0.00244155606
v 0.0118274567 0.00324483324 -0.00282052239
v 0.0119199631 0.00239785123 -0.00324598034
v 0.0119217512 0.00156791616 -0.00371304234
v 0.0118325827 0.000764385945 -0.00421634396
v 0.0116536495 -3.61990325e-06 -0.00475040158
v 0.0113867399 -0.0007273395 -0.0053088971
v 0.0110351917 -0.00139860701 -0.00588575085
v 0.0106027004 -0.00200979304 -0.00647428711
v 0.0100942728 -0.00255404305 -0.00706783017
v 0.00951575012 -0.00302509856 -0.00765970429
v 0.00887356968 -0.00341771435 -0.00824323376
v 0.00817512245 -0.00372742009 -0.00881174286
v 0.00742815705 -0.00395063948 -0.00935879429
v 0.00664137573 -0.00408486914 -0.00987818917
v 0.0058234808 -0.00412861895 -0.0103640862
v 0.00498377056 -0.00408141207 -0.0108108826
v 0.00413190098 -0.00394372534 -0.0112136908
v 0.00327728958 -0.00371716809 -0.0115677424
v 0.00242983074 -0.0034042437 -0.0118692227
v 0.00159906121 -0.00300858807 -0.0121145554
v 0.000794398501 -0.00253461193 -0.012301118
v 2.49025369e-05 -0.00198773932 -0.0124266454
v -0.000700724409 -0.0013741095 -0.0124897071
v -0.00137413769 -0.000700696224 -0.0124897071
v -0.0019877079 2.4871117e-05 -0.0124266454
v -0.00253464012 0.000794367081 -0.012301118
v -0.00300861625 0.00159908939 -0.0121145554
v -0.00340427189 0.00242985893 -0.0118692227
v -0.00371719627 0.00327731777 -0.0115677424
v -0.00394369392 0.00413186956 -0.0112136908
v -0.00408138065 0.00498379875 -0.0108108826
v -0.00412858753 0.00582344938 -0.0103640862
v -0.00408483772 0.00664134431 -0.00987818917
v -0.00395060806 0.00742818523 -0.00935879429
v -0.00372744827 0.00817509103 -0.00881174286
v -0.00341774254 0.00887359787 -0.00824323376
v -0.00302506714 0.00951577831 -0.00765970429
v -0.00255407123 0.010094301 -0.00706783017
v -0.00200976162 0.010602669 -0.00647428711
v -0.00139857559 0.0110351603 -0.00588575085
v -0.00072730808 0.0113867681 -0.0053088971
v -3.58848328e-06 0.0116536181 -0.00475040158
v 0.00076435776 0.0118326109 -0.00421634396
v 0.00156782837 0.0119217198 -0.00371304234
v 0.00239788265 0.0119199913 -0.00324598034
v 0.00324486466 0.0118274252 -0.00282052239
v 0.00409923764 0.011645035 -0.00244155606
v 0.00495146485 0.0113749068 -0.00211337288
v 0.00579177113 0.0110201399 -0.00183954915
v 0.00661073895 0.0105846684 -0.00162330349
v 0.00739895077 0.010073499 -0.00146702012
v 0.0081474659 0.00949241329 -0.00137260636
v 0.00818930836 0.00951738763 -0.00160971364
v 0.00744997235 0.0100912612 -0.0017029353
v 0.00667165489 0.0105960529 -0.00185731133
v 0.00586293907 0.0110260408 -0.00207081517
v 0.00503312321 0.0113763969 -0.00234118184
v 0.00419150563 0.0116431873 -0.00266531189
v 0.00334774227 0.0118232529 -0.00303950985
v 0.00251125069 0.0119146864 -0.0034597226
v 0.00169168682 0.011916415 -0.00392094334
v 0.000898229792 0.0118283789 -0.00441792687
v 0.000139820292 0.0116516512 -0.00494530877
v -0.000574958608 0.011388139 -0.00549689015
v -0.00123776226 0.0110408824 -0.00606659134
v -0.0018414381 0.0106138151 -0.00664773663
v -0.00237883358 0.0101117652 -0.00723388871
v -0.00284410743 0.00954045463 -0.00781837185
v -0.00323177604 0.00890632082 -0.00839462956
v -0.00353754787 0.00821651626 -0.0089559861
v -0.00375808506 0.00747890878 -0.0094962426
v -0.00389064579 0.00670190263 -0.0100092002
v -0.00393379955 0.00589420009 -0.0104890176
v -0.00388718872 0.00506498027 -0.0109303304
v -0.00375117092 0.00422366071 -0.0113280125
v -0.00352753429 0.00337977815 -0.0116777726
v -0.00321854381 0.00254286934 -0.0119754382
v -0.00282777576 0.001722471 -0.0122177907
v -0.00235964088 0.000927821881 -0.0124018498
v -0.0018196228 0.000167922264 -0.0125258275
v -0.00121356277 -0.00054858517 -0.0125881739
v -0.000548613355 -0.00121359419 -0.0125881739
v 0.000167953684 -0.00181959462 -0.0125258275
v 0.000927793696 -0.0023596723 -0.0124018498
v 0.00172244282 -0.00282774758 -0.0122177907
v 0.00254284115 -0.00321851563 -0.0119754382
v 0.00337980957 -0.00352750611 -0.0116777726
v 0.00422369213 -0.00375120234 -0.0113280125
v 0.00506495209 -0.00388716053 -0.0109303304
v 0.00589417191 -0.00393383097 -0.0104890176
v 0.00670193405 -0.0038906176 -0.0100092002
v 0.0074789402 -0.00375799727 -0.0094962426
v 0.00821648808 -0.00353757929 -0.0089559861
v 0.00890635224 -0.00323174786 -0.00839462956
v 0.00954042645 -0.00284407925 -0.00781837185
v 0.0101117966 -0.002378865 -0.00723388871
v 0.0106137869 -0.00184140992 -0.00664773663
v 0.0110409138 -0.00123779368 -0.00606659134
v 0.0113881704 -0.000574930423 -0.00549689015
v 0.011651623 0.000139788872 -0.00494530877
v 0.0118284103 0.000898198372 -0.00441792687
v 0.0119163868 0.0016916554 -0.00392094334
v 0.0119147179 0.00251127887 -0.0034597226
v 0.0118232843 0.00334771085 -0.00303950985
v 0.0116431591 0.00419153381 -0.00266531189
v 0.0113763687 0.00503309179 -0.00234118184
v 0.0110260126 0.00586296726 -0.00207081517
v 0.0105960247 0.00667162347 -0.00185731133
v 0.0100912926 0.00745000053 -0.0017029353
v 0.00951741905 0.00818927694 -0.00160971364
v 0.00888096066 0.00888098884 -0.0015784808
v 0.00819348068 0.00949759889 -0.00185087403
v 0.00746761532 0.0100610416 -0.00194242676
v 0.00670336457 0.0105567138 -0.00209394177
v 0.00590931149 0.0109789531 -0.00230363091
v 0.00509439678 0.0113229911 -0.00256911
v 0.00426803799 0.0115848939 -0.0028873988
v 0.00343953343 0.0117617409 -0.00325480183
v 0.00261830063 0.0118515055 -0.00366738518
v 0.00181351872 0.0118531745 -0.00412026127
v 0.0010343668 0.0117667477 -0.0046083041
v 0.000289666369 0.011593179 -0.00512614926
v -0.000412118719 0.0113344948 -0.00566771706
v -0.00106300144 0.0109934967 -0.00622704705
v -0.00165571003 0.010574178 -0.00679770192
v -0.00218333034 0.0100812476 -0.00737324437
v -0.00264014034 0.00952024866 -0.0079472371
v -0.00302089481 0.00889755893 -0.00851300438
v -0.00332118301 0.00822027135 -0.00906422814
v -0.00353754787 0.00749601532 -0.00959470948
v -0.00366772442 0.00673301626 -0.0100983687
v -0.00371016292 0.00593991686 -0.0105694838
v -0.00366438656 0.00512577701 -0.0110028096
v -0.00353087215 0.00429965664 -0.0113933392
v -0.00331116943 0.00347103286 -0.0117367812
v -0.00300778179 0.00264932323 -0.0120290824
v -0.0026241663 0.00184370685 -0.0122669049
v -0.00216461448 0.00106342245 -0.0124477454
v -0.00163425236 0.000317291504 -0.0125694581
v -0.00103927879 -0.000386222118 -0.0126307317
v -0.000386250303 -0.00103925061 -0.0126307317
v 0.000317322924 -0.00163422417 -0.0125694581
v 0.00106345387 -0.00216452669 -0.0124477454
v 0.00184367867 -0.00262413811 -0.0122669049
v 0.00264929505 -0.00300781321 -0.0120290824
v 0.00347100468 -0.00331120085 -0.0117367812
v 0.00429962845 -0.00353090357 -0.0113933392
v 0.00512574883 -0.00366441798 -0.0110028096
v 0.00593994828 -0.00371019434 -0.0105694838
v 0.00673304768 -0.00366775584 -0.0100983687
v 0.00749598713 -0.00353757929 -0.00959470948
v 0.00822030277 -0.00332115483 -0.00906422814
v 0.00889753075 -0.00302086663 -0.00851300438
v 0.00952028008 -0.00264017176 -0.0079472371
v 0.0100811598 -0.00218336176 -0.00737324437
v 0.0105742094 -0.00165568184 -0.00679770192
v 0.0109934685 -0.00106297325 -0.00622704705
v 0.0113345263 -0.000412090534 -0.00566771706
v 0.0115932104 0.000289694554 -0.00512614926
v 0.0117667791 0.00103433538 -0.0046083041
v 0.0118532059 0.0018134873 -0.00412026127
v 0.0118515369 0.00261826921 -0.00366738518
v 0.0117617723 0.00343956161 -0.00325480183
v 0.0115848658 0.00426806617 -0.0028873988
v 0.011322963 0.00509442497 -0.00256911
v 0.0109789249 0.00590928007 -0.00230363091
v 0.0105566856 0.00670333315 -0.00209394177
v 0.0100610134 0.00746764351 -0.00194242676
v 0.00949763031 0.00819350887 -0.00185087403
v 0.00887273522 0.0088727038 -0.00182023724
v 0.00815998287 0.00943417955 -0.00208202084
v 0.0074506876 0.00998468805 -0.00217154702
v 0.00670396061 0.0104690354 -0.00231948575
v 0.00592802735 0.0108815591 -0.00252440651
v 0.00513194771 0.0112177293 -0.00278380593
v 0.00432454319 0.0114736121 -0.00309470376
v 0.00351499291 0.0116464059 -0.00345376214
v 0.00271247597 0.011734144 -0.00385680874
v 0.0019261715 0.0117357533 -0.00429931363
v 0.00116490097 0.0116513531 -0.00477626999
v 0.000437247469 0.0114817183 -0.00528219422
v -0.000248325155 0.011228935 -0.00581136425
v -0.000884425924 0.0108958046 -0.00635793885
v -0.00146342544 0.0104860823 -0.00691548069
v -0.00197912483 0.0100044172 -0.00747779091
v -0.00242544441 0.00945629287 -0.00803867062
v -0.00279737739 0.00884784866 -0.0085914441
v -0.00309075145 0.00818611789 -0.00913003167
v -0.00330222873 0.00747849155 -0.00964835366
v -0.00342942505 0.00673295665 -0.0101404496
v -0.00347090988 0.00595803667 -0.0106008359
v -0.0034262064 0.00516249347 -0.0110241481
v -0.00329579143 0.00435538698 -0.011405737
v -0.0030810955 0.00354577709 -0.0117413112
v -0.002784622 0.00274284292 -0.0120269366
v -0.00240970878 0.00195570398 -0.0122593947
v -0.00196064739 0.00119330097 -0.0124360629
v -0.00144256382 0.000464276558 -0.0125549146
v -0.000861180112 -0.00022314381 -0.0126147576
v -0.000223171995 -0.000861151928 -0.0126147576
v 0.000464307978 -0.00144253563 -0.0125549146
v 0.00119327278 -0.00196067881 -0.0124360629
v 0.0019557354 -0.0024097402 -0.0122593947
v 0.00274287434 -0.00278459381 -0.0120269366
v 0.0035457489 -0.00308106732 -0.0117413112
v 0.0043554184 -0.00329576325 -0.011405737
v 0.00516246529 -0.00342617821 -0.0110241481
v 0.00595806809 -0.0034709413 -0.0106008359
v 0.00673292847 -0.00342945647 -0.0101404496
v 0.00747846337 -0.00330226015 -0.00964835366
v 0.00818608971 -0.00309078287 -0.00913003167
v 0.00884782048 -0.00279734921 -0.0085914441
v 0.00945626469 -0.00242541623 -0.00803867062
v 0.010004389 -0.00197909665 -0.00747779091
v 0.0104861137 -0.00146345686 -0.00691548069
v 0.0108958361 -0.000884397739 -0.00635793885
v 0.0112289068 -0.000248356575 -0.00581136425
v 0.0114817497 0.000437275654 -0.00528219422
v 0.0116513845 0.00116486955 -0.00477626999
v 0.0117357847 0.00192619968 -0.00429931363
v 0.0117341158 0.00271250415 -0.00385680874
v 0.0116463778 0.00351502109 -0.00345376214
v 0.0114736435 0.00432451177 -0.00309470376
v 0.0112177012 0.00513191629 -0.00278380593
v 0.010881531 0.00592805553 -0.00252440651
v 0.0104690668 0.00670392919 -0.00231948575
v 0.00998471947 0.00745071579 -0.00217154702
v 0.00943421097 0.00815995145 -0.00208202084
v 0.00882362099 0.00882358957 -0.00205209931
v 0.00809060307 0.0093308251 -0.00228956421
v 0.00740026207 0.00986667085 -0.0023767062
v 0.00667344303 0.0103380244 -0.00252071103
v 0.00591825218 0.0107395809 -0.00272014817
v 0.0051433918 0.0110667508 -0.00297263344
v 0.00435756417 0.0113158386 -0.00327530583
v 0.00356959076 0.0114840429 -0.00362482747
v 0.0027885315 0.0115693967 -0.00401702603
v 0.00202320786 0.0115710061 -0.00444772919
v 0.00128220291 0.0114888113 -0.00491193017
v 0.000573980525 0.011323766 -0.00540438374
v -9.33530783e-05 0.011077718 -0.00591948708
v -0.000712406919 0.0107534688 -0.00645139893
v -0.00127602844 0.0103546541 -0.00699403962
v -0.00177789955 0.00988586355 -0.00754144867
v -0.0022122982 0.00935234237 -0.00808730801
v -0.00257433681 0.00876017023 -0.00862529953
v -0.00285996227 0.00811608244 -0.00914958199
v -0.0030657175 0.00742729116 -0.0096540757
v -0.00318957596 0.00670166422 -0.0101330586
v -0.0032299879 0.00594748665 -0.0105810471
v -0.0031863573 0.0051731627 -0.0109931537
v -0.00305939941 0.00438751388 -0.0113646098
v -0.00285054474 0.00359954048 -0.011691124
v -0.00256193905 0.00281800438 -0.0119691201
v -0.00219703941 0.00205190588 -0.0121953793
v -0.00176001816 0.00130982805 -0.0123672791
v -0.00125564365 0.000600294358 -0.0124830314
v -0.000689757154 -6.88273846e-05 -0.0125413247
v -6.87959647e-05 -0.000689788574 -0.0125413247
v 0.000600325778 -0.00125567507 -0.0124830314
v 0.00130985947 -0.00175998997 -0.0123672791
v 0.0020519373 -0.00219707083 -0.0121953793
v 0.00281797619 -0.00256197047 -0.0119691201
v 0.00359951229 -0.00285051655 -0.011691124
v 0.0043874857 -0.00305943083 -0.0113646098
v 0.00517319412 -0.00318638872 -0.0109931537
v 0.00594745846 -0.00322995972 -0.0105810471
v 0.00670169564 -0.00318960738 -0.0101330586
v 0.00742732258 -0.00306574892 -0.0096540757
v 0.00811611386 -0.00285993409 -0.00914958199
v 0.00876020165 -0.00257436823 -0.00862529953
v 0.00935231419 -0.00221232962 -0.00808730801
v 0.00988589497 -0.00177793097 -0.00754144867
v 0.0103546259 -0.00127605986 -0.00699403962
v 0.0107535002 -0.000712378734 -0.00645139893
v 0.0110777494 -9.33844983e-05 -0.00591948708
v 0.0113237974 0.000574008709 -0.00540438374
v 0.0114887831 0.00128217149 -0.00491193017
v 0.0115710375 0.00202317644 -0.00444772919
v 0.0115693686 0.00278850008 -0.00401702603
v 0.0114840147 0.00356955934 -0.00362482747
v 0.0113158104 0.00435753275 -0.00327530583
v 0.0110667822 0.00514336038 -0.00297263344
v 0.0107395527 0.00591828037 -0.00272014817
v 0.0103380558 0.00667341161 -0.00252071103
v 0.00986670227 0.00740029026 -0.0023767062
v 0.00933085652 0.00809057165 -0.00228956421
v 0.00873659821 0.00873656679 -0.00226047715
v -0.00468171863 -0.00468169045 0.0107081823
v 0.00603746147 0.00658644844 -0.00886955937
v -0.00498439102 -0.00443540406 0.0106762342
v 0.00569878788 0.00675942112 -0.00896290024
v -0.00532306461 -0.00426243138 0.0105827741
v 0.00534723969 0.00684727836 -0.00911155423
v -0.0056744936 -0.00417457413 0.0104342393
v 0.00500701638 0.00684411932 -0.00930526932
v -0.00601483612 -0.00417773318 0.0102405242
v 0.00470100613 0.00675006319 -0.0095308133
v -0.00632084636 -0.00427178931 0.0100149802
v 0.00445030899 0.00657160688 -0.00977292737
v -0.0065715435 -0.00445024561 0.00977286617
v 0.00427173348 0.00632079054 -0.0100149222
v -0.00675011902 -0.00470100235 0.00953087131
v 0.00417767735 0.00601483989 -0.0102404662
v -0.00684405594 -0.0050070126 0.00930532733
v 0.00417457791 0.00567455698 -0.0104341813
v -0.00684727459 -0.00534729552 0.00911161224
v 0.00426243515 0.00532306839 -0.0105828353
v -0.00675941734 -0.0056987245 0.00896295825
v 0.00443540783 0.0049844544 -0.0106762954
v -0.00658644466 -0.00603739809 0.00886949817
v 0.00468169422 0.0046816628 -0.0107081242
v -0.00634015827 -0.00634018969 0.00883766929
v 0.00498448582 0.00443537641 -0.0106762954
v -0.00603736667 -0.00658641648 0.00886949817
v 0.0053230402 0.00426246334 -0.0105828353
v -0.00569869308 -0.00675938916 0.00896295825
v 0.0056745884 0.00417454649 -0.0104341813
v -0.0053472641 -0.00684730601 0.00911161224
v 0.00601481171 0.00417776514 -0.0102404662
v -0.00500704078 -0.00684408736 0.00930532733
v 0.00632082196 0.00427176166 -0.0100149222
v -0.00470103054 -0.00675009083 0.00953087131
v 0.0065716383 0.00445027757 -0.00977292737
v -0.00445021419 -0.00657157492 0.00977286617
v 0.00675009461 0.00470103431 -0.0095308133
v -0.00427175789 -0.00632081818 0.0100149802
v 0.00684415074 0.00500698496 -0.00930526932
v -0.00417770176 -0.00601486754 0.0102405242
v 0.00684725018 0.00534726787 -0.00911155423
v -0.00417460232 -0.00567452502 0.0104342393
v 0.00675939293 0.00569875646 -0.00896290024
v -0.00426245956 -0.00532309603 0.0105827741
v 0.00658642025 0.00603743005 -0.00886955937
v -0.00443543224 -0.00498442244 0.0106762342
v 0.00634013386 0.00634016204 -0.00883761128
v 0.00551091404 0.00551094223 -0.00977292737
v -0.00551093845 -0.00551091027 0.00977286617
f 1 2 3
f 3 2 4
f 1 3 5
f 5 3 6
f 5 6 7
f 8 9 10
f 2 11 4
f 4 11 12
f 4 12 10
f 10 12 13
f 10 13 8
f 14 15 16
f 16 15 17
f 14 16 18
f 18 16 19
f 18 19 20
f 20 19 21
f 21 19 22
f 21 22 23
f 24 25 26
f 7 6 27
f 27 6 28
f 27 28 29
f 30 31 32
f 33 34 35
f 35 34 36
f 33 35 37
f 37 35 38
f 37 38 39
f 40 41 42
f 15 43 17
f 17 43 44
f 17 44 42
f 42 44 45
f 42 45 40
f 8 46 9
f 9 46 47
f 9 47 48
f 49 50 28
f 28 50 51
f 28 51 29
f 32 52 30
f 30 52 53
f 30 53 49
f 49 53 54
f 49 54 50
f 34 55 36
f 36 55 56
f 36 56 31
f 31 56 57
f 31 57 32
f 26 58 24
f 24 58 59
f 24 59 22
f 22 59 60
f 22 60 23
f 61 62 25
f 25 62 63
f 25 63 26
f 47 64 48
f 48 64 65
f 48 65 61
f 61 65 66
f 61 66 62
f 39 38 67
f 67 38 68
f 67 68 69
f 69 68 70
f 70 68 71
f 70 71 72
f 72 71 73
f 73 71 74
f 73 74 75
f 76 77 74
f 74 77 78
f 74 78 75
f 40 79 41
f 41 79 80
f 41 80 81
f 82 83 76
f 76 83 84
f 76 84 77
f 80 85 81
f 81 85 86
f 81 86 82
f 82 86 87
f 82 87 83
f 88 89 90
f 91 92 93
f 94 95 96
f 97 98 99
f 100 101 102
f 103 104 105
f 106 107 108
f 109 110 111
f 112 113 114
f 115 116 117
f 118 119 120
f 121 122 123
f 124 125 126
f 127 128 129
f 130 131 132
f 133 134 135
f 136 137 138
f 139 140 141
f 142 143 144
f 145 146 147
f 148 149 150
f 151 152 153
f 154 155 156
f 157 158 159
f 160 161 162
f 163 164 165
f 166 167 168
f 169 170 171
f 172 173 174
f 175 176 177
f 178 179 180
f 181 182 183
f 184 185 186
f 187 188 189
f 190 191 192
f 193 194 195
f 196 197 198
f 199 200 201
f 202 203 204
f 205 206 207
f 208 209 210
f 211 212 213
f 214 215 216
f 217 218 219
f 220 221 222
f 223 224 225
f 226 227 228
f 229 230 231
f 232 233 234
f 235 236 237
f 238 239 240
f 241 242 243
f 244 245 246
f 247 248 249
f 250 251 252
f 253 254 255
f 256 257 258
f 259 260 261
f 262 263 264
f 265 266 267
f 268 269 270
f 271 272 273
f 274 275 276
f 277 278 279
f 280 281 248
f 248 281 282
f 248 282 249
f 249 282 283
f 249 283 284
f 284 285 286
f 286 285 287
f 287 288 289
f 289 288 290
f 290 291 292
f 292 291 293
f 293 294 295
f 295 294 296
f 296 297 298
f 298 297 299
f 299 300 301
f 301 300 302
f 302 303 304
f 304 303 268
f 305 306 307
f 308 309 310
f 311 312 313
f 314 315 316
f 317 318 319
f 320 321 322
f 323 324 325
f 326 327 328
f 329 330 331
f 332 333 334
f 335 336 337
f 338 339 340
f 341 342 343
f 344 345 346
f 347 348 349
f 265 267 350
f 351 352 245
f 245 352 353
f 245 353 246
f 246 353 354
f 246 354 355
f 355 356 357
f 357 356 358
f 358 359 360
f 360 359 361
f 361 362 363
f 363 362 364
f 364 365 366
f 366 365 367
f 367 368 369
f 369 368 370
f 370 371 372
f 372 371 373
f 373 374 375
f 375 374 376
f 376 377 378
f 378 377 253
f 379 380 381
f 382 383 384
f 385 386 387
f 388 389 390
f 391 392 393
f 394 395 396
f 397 398 399
f 400 401 402
f 403 404 405
f 406 407 408
f 409 410 411
f 412 413 414
f 415 416 417
f 250 252 418
f 272 280 273
f 273 280 248
f 273 248 419
f 419 248 247
f 419 247 420
f 257 351 258
f 258 351 245
f 258 245 421
f 421 245 244
f 421 244 422
f 275 271 276
f 276 271 273
f 276 273 423
f 423 273 419
f 423 419 424
f 424 419 420
f 424 420 425
f 260 256 261
f 261 256 258
f 261 258 426
f 426 258 421
f 426 421 427
f 427 421 422
f 427 422 428
f 278 274 279
f 279 274 276
f 279 276 429
f 429 276 423
f 429 423 430
f 430 423 424
f 430 424 431
f 431 424 425
f 431 425 432
f 263 259 264
f 264 259 261
f 264 261 433
f 433 261 426
f 433 426 434
f 434 426 427
f 434 427 435
f 435 427 428
f 435 428 436
f 437 277 438
f 438 277 279
f 438 279 439
f 439 279 429
f 439 429 440
f 440 429 430
f 440 430 441
f 441 430 431
f 441 431 442
f 442 431 432
f 442 432 243
f 266 262 267
f 267 262 264
f 267 264 443
f 443 264 433
f 443 433 444
f 444 433 434
f 444 434 445
f 445 434 435
f 445 435 446
f 446 435 436
f 446 436 165
f 447 448 449
f 450 451 452
f 453 437 454
f 454 437 438
f 454 438 455
f 455 438 439
f 455 439 456
f 456 439 440
f 456 440 457
f 457 440 441
f 457 441 458
f 458 441 442
f 458 442 459
f 459 442 243
f 459 243 460
f 460 243 242
f 284 286 249
f 249 286 461
f 249 461 247
f 247 461 462
f 247 462 420
f 420 462 463
f 420 463 425
f 425 463 464
f 425 464 432
f 432 464 240
f 432 240 243
f 243 240 239
f 243 239 241
f 287 289 286
f 286 289 465
f 286 465 461
f 461 465 466
f 461 466 462
f 462 466 467
f 462 467 463
f 463 467 468
f 463 468 464
f 464 468 237
f 464 237 240
f 240 237 236
f 240 236 238
f 290 292 289
f 289 292 469
f 289 469 465
f 465 469 470
f 465 470 466
f 466 470 471
f 466 471 467
f 467 471 472
f 467 472 468
f 468 472 234
f 468 234 237
f 237 234 233
f 237 233 235
f 293 295 292
f 292 295 473
f 292 473 469
f 469 473 474
f 469 474 470
f 470 474 475
f 470 475 471
f 471 475 476
f 471 476 472
f 472 476 231
f 472 231 234
f 234 231 230
f 234 230 232
f 296 298 295
f 295 298 477
f 295 477 473
f 473 477 478
f 473 478 474
f 474 478 479
f 474 479 475
f 475 479 480
f 475 480 476
f 476 480 228
f 476 228 231
f 231 228 227
f 231 227 229
f 299 301 298
f 298 301 481
f 298 481 477
f 477 481 482
f 477 482 478
f 478 482 483
f 478 483 479
f 479 483 484
f 479 484 480
f 480 484 225
f 480 225 228
f 228 225 224
f 228 224 226
f 302 304 301
f 301 304 485
f 301 485 481
f 481 485 486
f 481 486 482
f 482 486 487
f 482 487 483
f 483 487 488
f 483 488 484
f 484 488 222
f 484 222 225
f 225 222 221
f 225 221 223
f 268 270 304
f 304 270 489
f 304 489 485
f 485 489 490
f 485 490 486
f 486 490 491
f 486 491 487
f 487 491 492
f 487 492 488
f 488 492 219
f 488 219 222
f 222 219 218
f 222 218 220
f 270 493 489
f 489 493 494
f 489 494 490
f 490 494 495
f 490 495 491
f 491 495 496
f 491 496 492
f 492 496 216
f 492 216 219
f 219 216 215
f 219 215 217
f 493 497 494
f 494 497 498
f 494 498 495
f 495 498 499
f 495 499 496
f 496 499 213
f 496 213 216
f 216 213 212
f 216 212 214
f 497 500 498
f 498 500 501
f 498 501 499
f 499 501 210
f 499 210 213
f 213 210 209
f 213 209 211
f 500 447 501
f 501 447 449
f 501 449 210
f 210 449 502
f 210 502 208
f 503 504 505
f 505 504 448
f 505 448 506
f 506 448 447
f 506 447 507
f 507 447 500
f 507 500 508
f 508 500 497
f 508 497 509
f 509 497 493
f 509 493 510
f 510 493 270
f 510 270 511
f 511 270 269
f 504 512 448
f 448 512 513
f 448 513 449
f 449 513 514
f 449 514 502
f 206 503 207
f 207 503 505
f 207 505 515
f 515 505 506
f 515 506 516
f 516 506 507
f 516 507 517
f 517 507 508
f 517 508 518
f 518 508 509
f 518 509 307
f 307 509 510
f 307 510 305
f 305 510 511
f 203 205 204
f 204 205 207
f 204 207 519
f 519 207 515
f 519 515 520
f 520 515 516
f 520 516 521
f 521 516 517
f 521 517 522
f 522 517 518
f 522 518 310
f 310 518 307
f 310 307 308
f 308 307 306
f 200 202 201
f 201 202 204
f 201 204 523
f 523 204 519
f 523 519 524
f 524 519 520
f 524 520 525
f 525 520 521
f 525 521 526
f 526 521 522
f 526 522 313
f 313 522 310
f 313 310 311
f 311 310 309
f 197 199 198
f 198 199 201
f 198 201 527
f 527 201 523
f 527 523 528
f 528 523 524
f 528 524 529
f 529 524 525
f 529 525 530
f 530 525 526
f 530 526 316
f 316 526 313
f 316 313 314
f 314 313 312
f 194 196 195
f 195 196 198
f 195 198 531
f 531 198 527
f 531 527 532
f 532 527 528
f 532 528 533
f 533 528 529
f 533 529 534
f 534 529 530
f 534 530 319
f 319 530 316
f 319 316 317
f 317 316 315
f 191 193 192
f 192 193 195
f 192 195 535
f 535 195 531
f 535 531 536
f 536 531 532
f 536 532 537
f 537 532 533
f 537 533 538
f 538 533 534
f 538 534 322
f 322 534 319
f 322 319 320
f 320 319 318
f 188 190 189
f 189 190 192
f 189 192 539
f 539 192 535
f 539 535 540
f 540 535 536
f 540 536 541
f 541 536 537
f 541 537 542
f 542 537 538
f 542 538 325
f 325 538 322
f 325 322 323
f 323 322 321
f 185 187 186
f 186 187 189
f 186 189 543
f 543 189 539
f 543 539 544
f 544 539 540
f 544 540 545
f 545 540 541
f 545 541 546
f 546 541 542
f 546 542 328
f 328 542 325
f 328 325 326
f 326 325 324
f 182 184 183
f 183 184 186
f 183 186 547
f 547 186 543
f 547 543 548
f 548 543 544
f 548 544 549
f 549 544 545
f 549 545 550
f 550 545 546
f 550 546 331
f 331 546 328
f 331 328 329
f 329 328 327
f 179 181 180
f 180 181 183
f 180 183 551
f 551 183 547
f 551 547 552
f 552 547 548
f 552 548 553
f 553 548 549
f 553 549 554
f 554 549 550
f 554 550 334
f 334 550 331
f 334 331 332
f 332 331 330
f 176 178 177
f 177 178 180
f 177 180 555
f 555 180 551
f 555 551 556
f 556 551 552
f 556 552 557
f 557 552 553
f 557 553 558
f 558 553 554
f 558 554 337
f 337 554 334
f 337 334 335
f 335 334 333
f 173 175 174
f 174 175 177
f 174 177 559
f 559 177 555
f 559 555 560
f 560 555 556
f 560 556 561
f 561 556 557
f 561 557 562
f 562 557 558
f 562 558 340
f 340 558 337
f 340 337 338
f 338 337 336
f 170 172 171
f 171 172 174
f 171 174 563
f 563 174 559
f 563 559 564
f 564 559 560
f 564 560 565
f 565 560 561
f 565 561 566
f 566 561 562
f 566 562 343
f 343 562 340
f 343 340 341
f 341 340 339
f 167 169 168
f 168 169 171
f 168 171 567
f 567 171 563
f 567 563 568
f 568 563 564
f 568 564 569
f 569 564 565
f 569 565 570
f 570 565 566
f 570 566 346
f 346 566 343
f 346 343 344
f 344 343 342
f 571 166 572
f 572 166 168
f 572 168 573
f 573 168 567
f 573 567 574
f 574 567 568
f 574 568 575
f 575 568 569
f 575 569 576
f 576 569 570
f 576 570 349
f 349 570 346
f 349 346 347
f 347 346 345
f 348 350 349
f 349 350 267
f 349 267 576
f 576 267 443
f 576 443 575
f 575 443 444
f 575 444 574
f 574 444 445
f 574 445 573
f 573 445 446
f 573 446 572
f 572 446 165
f 572 165 571
f 571 165 164
f 355 357 246
f 246 357 577
f 246 577 244
f 244 577 578
f 244 578 422
f 422 578 579
f 422 579 428
f 428 579 580
f 428 580 436
f 436 580 162
f 436 162 165
f 165 162 161
f 165 161 163
f 358 360 357
f 357 360 581
f 357 581 577
f 577 581 582
f 577 582 578
f 578 582 583
f 578 583 579
f 579 583 584
f 579 584 580
f 580 584 159
f 580 159 162
f 162 159 158
f 162 158 160
f 361 363 360
f 360 363 585
f 360 585 581
f 581 585 586
f 581 586 582
f 582 586 587
f 582 587 583
f 583 587 588
f 583 588 584
f 584 588 156
f 584 156 159
f 159 156 155
f 159 155 157
f 364 366 363
f 363 366 589
f 363 589 585
f 585 589 590
f 585 590 586
f 586 590 591
f 586 591 587
f 587 591 592
f 587 592 588
f 588 592 153
f 588 153 156
f 156 153 152
f 156 152 154
f 367 369 366
f 366 369 593
f 366 593 589
f 589 593 594
f 589 594 590
f 590 594 595
f 590 595 591
f 591 595 596
f 591 596 592
f 592 596 150
f 592 150 153
f 153 150 149
f 153 149 151
f 370 372 369
f 369 372 597
f 369 597 593
f 593 597 598
f 593 598 594
f 594 598 599
f 594 599 595
f 595 599 600
f 595 600 596
f 596 600 147
f 596 147 150
f 150 147 146
f 150 146 148
f 373 375 372
f 372 375 601
f 372 601 597
f 597 601 602
f 597 602 598
f 598 602 603
f 598 603 599
f 599 603 604
f 599 604 600
f 600 604 144
f 600 144 147
f 147 144 143
f 147 143 145
f 376 378 375
f 375 378 605
f 375 605 601
f 601 605 606
f 601 606 602
f 602 606 607
f 602 607 603
f 603 607 608
f 603 608 604
f 604 608 141
f 604 141 144
f 144 141 140
f 144 140 142
f 253 255 378
f 378 255 609
f 378 609 605
f 605 609 610
f 605 610 606
f 606 610 611
f 606 611 607
f 607 611 612
f 607 612 608
f 608 612 138
f 608 138 141
f 141 138 137
f 141 137 139
f 255 613 609
f 609 613 614
f 609 614 610
f 610 614 615
f 610 615 611
f 611 615 616
f 611 616 612
f 612 616 135
f 612 135 138
f 138 135 134
f 138 134 136
f 613 617 614
f 614 617 618
f 614 618 615
f 615 618 619
f 615 619 616
f 616 619 132
f 616 132 135
f 135 132 131
f 135 131 133
f 617 620 618
f 618 620 621
f 618 621 619
f 619 621 129
f 619 129 132
f 132 129 128
f 132 128 130
f 620 450 621
f 621 450 452
f 621 452 129
f 129 452 622
f 129 622 127
f 623 624 625
f 625 624 451
f 625 451 626
f 626 451 450
f 626 450 627
f 627 450 620
f 627 620 628
f 628 620 617
f 628 617 629
f 629 617 613
f 629 613 630
f 630 613 255
f 630 255 631
f 631 255 254
f 624 632 451
f 451 632 633
f 451 633 452
f 452 633 634
f 452 634 622
f 125 623 126
f 126 623 625
f 126 625 635
f 635 625 626
f 635 626 636
f 636 626 627
f 636 627 637
f 637 627 628
f 637 628 638
f 638 628 629
f 638 629 381
f 381 629 630
f 381 630 379
f 379 630 631
f 122 124 123
f 123 124 126
f 123 126 639
f 639 126 635
f 639 635 640
f 640 635 636
f 640 636 641
f 641 636 637
f 641 637 642
f 642 637 638
f 642 638 384
f 384 638 381
f 384 381 382
f 382 381 380
f 119 121 120
f 120 121 123
f 120 123 643
f 643 123 639
f 643 639 644
f 644 639 640
f 644 640 645
f 645 640 641
f 645 641 646
f 646 641 642
f 646 642 387
f 387 642 384
f 387 384 385
f 385 384 383
f 116 118 117
f 117 118 120
f 117 120 647
f 647 120 643
f 647 643 648
f 648 643 644
f 648 644 649
f 649 644 645
f 649 645 650
f 650 645 646
f 650 646 390
f 390 646 387
f 390 387 388
f 388 387 386
f 113 115 114
f 114 115 117
f 114 117 651
f 651 117 647
f 651 647 652
f 652 647 648
f 652 648 653
f 653 648 649
f 653 649 654
f 654 649 650
f 654 650 393
f 393 650 390
f 393 390 391
f 391 390 389
f 110 112 111
f 111 112 114
f 111 114 655
f 655 114 651
f 655 651 656
f 656 651 652
f 656 652 657
f 657 652 653
f 657 653 658
f 658 653 654
f 658 654 396
f 396 654 393
f 396 393 394
f 394 393 392
f 107 109 108
f 108 109 111
f 108 111 659
f 659 111 655
f 659 655 660
f 660 655 656
f 660 656 661
f 661 656 657
f 661 657 662
f 662 657 658
f 662 658 399
f 399 658 396
f 399 396 397
f 397 396 395
f 104 106 105
f 105 106 108
f 105 108 663
f 663 108 659
f 663 659 664
f 664 659 660
f 664 660 665
f 665 660 661
f 665 661 666
f 666 661 662
f 666 662 402
f 402 662 399
f 402 399 400
f 400 399 398
f 101 103 102
f 102 103 105
f 102 105 667
f 667 105 663
f 667 663 668
f 668 663 664
f 668 664 669
f 669 664 665
f 669 665 670
f 670 665 666
f 670 666 405
f 405 666 402
f 405 402 403
f 403 402 401
f 98 100 99
f 99 100 102
f 99 102 671
f 671 102 667
f 671 667 672
f 672 667 668
f 672 668 673
f 673 668 669
f 673 669 674
f 674 669 670
f 674 670 408
f 408 670 405
f 408 405 406
f 406 405 404
f 95 97 96
f 96 97 99
f 96 99 675
f 675 99 671
f 675 671 676
f 676 671 672
f 676 672 677
f 677 672 673
f 677 673 678
f 678 673 674
f 678 674 411
f 411 674 408
f 411 408 409
f 409 408 407
f 92 94 93
f 93 94 96
f 93 96 679
f 679 96 675
f 679 675 680
f 680 675 676
f 680 676 681
f 681 676 677
f 681 677 682
f 682 677 678
f 682 678 414
f 414 678 411
f 414 411 412
f 412 411 410
f 89 91 90
f 90 91 93
f 90 93 683
f 683 93 679
f 683 679 684
f 684 679 680
f 684 680 685
f 685 680 681
f 685 681 686
f 686 681 682
f 686 682 417
f 417 682 414
f 417 414 415
f 415 414 413
f 687 88 688
f 688 88 90
f 688 90 689
f 689 90 683
f 689 683 690
f 690 683 684
f 690 684 691
f 691 684 685
f 691 685 692
f 692 685 686
f 692 686 252
f 252 686 417
f 252 417 418
f 418 417 416
f 251 453 252
f 252 453 454
f 252 454 692
f 692 454 455
f 692 455 691
f 691 455 456
f 691 456 690
f 690 456 457
f 690 457 689
f 689 457 458
f 689 458 688
f 688 458 459
f 688 459 687
f 687 459 460
f 693 694 695
f 695 694 696
f 697 698 699
f 697 699 700
f 698 697 701
f 701 697 702
f 701 702 703
f 703 702 704
f 704 702 705
f 704 705 706
f 693 695 707
f 707 695 708
f 707 708 709
f 699 710 700
f 700 710 711
f 700 711 712
f 706 705 713
f 713 705 714
f 713 714 715
f 715 714 716
f 716 714 717
f 716 717 718
f 718 717 719
f 719 717 720
f 719 720 721
f 722 723 724
f 725 726 723
f 723 726 727
f 723 727 724
f 694 728 696
f 696 728 729
f 696 729 730
f 711 731 712
f 712 731 732
f 712 732 708
f 708 732 733
f 708 733 709
f 721 720 734
f 734 720 735
f 734 735 736
f 737 738 739
f 740 741 742
f 742 741 743
f 740 742 744
f 744 742 745
f 744 745 746
f 746 745 747
f 747 745 748
f 747 748 749
f 749 748 750
f 750 748 751
f 750 751 752
f 724 753 722
f 722 753 754
f 722 754 755
f 729 756 730
f 730 756 757
f 730 757 758
f 736 735 759
f 759 735 760
f 759 760 761
f 762 763 738
f 738 763 764
f 738 764 739
f 741 765 743
f 743 765 766
f 743 766 762
f 762 766 767
f 762 767 763
f 754 768 755
f 755 768 769
f 755 769 751
f 751 769 770
f 751 770 752
f 757 771 758
f 758 771 772
f 758 772 725
f 725 772 773
f 725 773 726
f 739 774 737
f 737 774 775
f 737 775 776
f 775 777 776
f 776 777 778
f 776 778 760
f 760 778 779
f 760 779 761
f 780 758 781
f 781 758 725
f 781 725 782
f 782 725 723
f 782 723 783
f 783 723 722
f 783 722 784
f 784 722 755
f 784 755 785
f 785 755 751
f 785 751 786
f 786 751 748
f 786 748 787
f 787 748 745
f 787 745 788
f 788 745 742
f 788 742 789
f 789 742 743
f 789 743 790
f 790 743 762
f 790 762 791
f 791 762 738
f 791 738 792
f 792 738 737
f 792 737 793
f 793 737 776
f 793 776 794
f 794 776 760
f 794 760 795
f 795 760 735
f 795 735 796
f 796 735 720
f 796 720 797
f 797 720 717
f 797 717 798
f 798 717 714
f 798 714 799
f 799 714 705
f 799 705 800
f 800 705 702
f 800 702 801
f 801 702 697
f 801 697 802
f 802 697 700
f 802 700 803
f 803 700 712
f 803 712 804
f 804 712 708
f 804 708 805
f 805 708 695
f 805 695 806
f 806 695 696
f 806 696 807
f 807 696 730
f 807 730 780
f 780 730 758
f 808 798 809
f 809 798 799
f 809 799 810
f 810 799 800
f 810 800 811
f 811 800 801
f 811 801 812
f 812 801 802
f 812 802 813
f 814 784 815
f 815 784 785
f 815 785 816
f 816 785 786
f 816 786 817
f 817 786 787
f 817 787 818
f 818 787 788
f 818 788 819
f 788 789 819
f 819 789 790
f 819 790 820
f 820 790 791
f 820 791 821
f 821 791 792
f 821 792 822
f 822 792 793
f 822 793 823
f 823 793 794
f 823 794 824
f 824 794 795
f 824 795 825
f 825 795 796
f 825 796 808
f 808 796 797
f 808 797 798
f 802 803 813
f 813 803 804
f 813 804 826
f 826 804 805
f 826 805 827
f 827 805 806
f 827 806 828
f 828 806 807
f 828 807 829
f 829 807 780
f 829 780 830
f 830 780 781
f 830 781 831
f 831 781 782
f 831 782 814
f 814 782 783
f 814 783 784
f 832 829 833
f 833 829 830
f 833 830 834
f 834 830 831
f 834 831 835
f 835 831 814
f 835 814 836
f 836 814 815
f 836 815 837
f 837 815 816
f 837 816 838
f 838 816 817
f 838 817 839
f 839 817 818
f 839 818 840
f 840 818 819
f 840 819 841
f 841 819 820
f 841 820 842
f 842 820 821
f 842 821 843
f 843 821 822
f 843 822 844
f 844 822 823
f 844 823 845
f 845 823 824
f 845 824 846
f 846 824 825
f 846 825 847
f 847 825 808
f 847 808 848
f 848 808 809
f 848 809 849
f 849 809 810
f 849 810 850
f 850 810 811
f 850 811 851
f 851 811 812
f 851 812 852
f 852 812 813
f 852 813 853
f 853 813 826
f 853 826 854
f 854 826 827
f 854 827 855
f 855 827 828
f 855 828 832
f 832 828 829
f 841 856 840
f 840 856 857
f 840 857 839
f 839 857 858
f 839 858 838
f 838 858 859
f 838 859 837
f 837 859 860
f 837 860 836
f 848 861 847
f 847 861 862
f 847 862 846
f 846 862 863
f 846 863 845
f 845 863 864
f 845 864 844
f 844 864 865
f 844 865 843
f 843 865 866
f 843 866 842
f 842 866 867
f 842 867 841
f 841 867 868
f 841 868 856
f 860 869 836
f 836 869 870
f 836 870 835
f 835 870 871
f 835 871 834
f 834 871 872
f 834 872 833
f 833 872 873
f 833 873 832
f 832 873 874
f 832 874 855
f 855 874 875
f 855 875 854
f 854 875 876
f 854 876 853
f 876 877 853
f 853 877 878
f 853 878 852
f 852 878 879
f 852 879 851
f 851 879 880
f 851 880 850
f 850 880 881
f 850 881 849
f 849 881 882
f 849 882 848
f 848 882 883
f 848 883 861
f 36 874 35
f 35 874 873
f 35 873 38
f 38 873 872
f 38 872 68
f 68 872 871
f 68 871 71
f 71 871 870
f 71 870 74
f 74 870 869
f 74 869 76
f 76 869 860
f 76 860 82
f 82 860 859
f 82 859 81
f 81 859 858
f 81 858 41
f 41 858 857
f 41 857 42
f 42 857 856
f 42 856 17
f 17 856 868
f 17 868 16
f 16 868 867
f 16 867 19
f 19 867 866
f 19 866 22
f 22 866 865
f 22 865 24
f 24 865 864
f 24 864 25
f 25 864 863
f 25 863 61
f 61 863 862
f 61 862 48
f 48 862 861
f 48 861 9
f 9 861 883
f 9 883 10
f 10 883 882
f 10 882 4
f 4 882 881
f 4 881 3
f 3 881 880
f 3 880 6
f 6 880 879
f 6 879 28
f 28 879 878
f 28 878 49
f 49 878 877
f 49 877 30
f 30 877 876
f 30 876 31
f 31 876 875
f 31 875 36
f 36 875 874
f 251 250 884
f 418 416 885
f 415 413 886
f 403 401 887
f 400 398 888
f 397 395 889
f 394 392 890
f 391 389 891
f 388 386 892
f 385 383 893
f 382 380 894
f 344 342 895
f 341 339 896
f 329 327 897
f 326 324 898
f 323 321 899
f 320 318 900
f 317 315 901
f 314 312 902
f 311 309 903
f 904 753 724
f 905 754 753
f 906 768 754
f 907 769 768
f 908 770 769
f 909 752 770
f 910 750 752
f 911 749 750
f 912 747 749
f 913 746 747
f 914 744 746
f 915 740 744
f 916 741 740
f 917 765 741
f 918 766 765
f 919 767 766
f 920 763 767
f 921 764 763
f 922 739 764
f 923 774 739
f 924 775 774
f 925 777 775
f 926 718 719
f 927 716 718
f 928 715 716
f 929 713 715
f 930 706 713
f 931 704 706
f 932 703 704
f 933 701 703
f 934 698 701
f 935 699 698
f 936 710 699
f 937 711 710
f 938 731 711
f 939 732 731
f 940 733 732
f 941 709 733
f 942 707 709
f 943 693 707
f 944 694 693
f 945 728 694
f 729 728 946
f 946 728 945
f 946 945 947
f 778 777 948
f 948 777 925
f 948 925 949
f 756 729 950
f 950 729 946
f 950 946 951
f 951 946 947
f 951 947 952
f 779 778 953
f 953 778 948
f 953 948 954
f 954 948 949
f 954 949 955
f 757 756 956
f 956 756 950
f 956 950 957
f 957 950 951
f 957 951 958
f 958 951 952
f 958 952 959
f 761 779 960
f 960 779 953
f 960 953 961
f 961 953 954
f 961 954 962
f 962 954 955
f 962 955 963
f 771 757 964
f 964 757 956
f 964 956 965
f 965 956 957
f 965 957 966
f 966 957 958
f 966 958 967
f 967 958 959
f 967 959 968
f 759 761 969
f 969 761 960
f 969 960 970
f 970 960 961
f 970 961 971
f 971 961 962
f 971 962 972
f 972 962 963
f 972 963 973
f 974 975 976
f 977 978 979
f 980 277 437
f 694 944 945
f 945 944 981
f 945 981 947
f 947 981 982
f 947 982 952
f 952 982 983
f 952 983 959
f 959 983 980
f 959 980 968
f 968 980 437
f 968 437 453
f 984 274 278
f 693 943 944
f 944 943 985
f 944 985 981
f 981 985 986
f 981 986 982
f 982 986 987
f 982 987 983
f 983 987 984
f 983 984 980
f 980 984 278
f 980 278 277
f 988 271 275
f 707 942 943
f 943 942 989
f 943 989 985
f 985 989 990
f 985 990 986
f 986 990 991
f 986 991 987
f 987 991 988
f 987 988 984
f 984 988 275
f 984 275 274
f 992 280 272
f 709 941 942
f 942 941 993
f 942 993 989
f 989 993 994
f 989 994 990
f 990 994 995
f 990 995 991
f 991 995 992
f 991 992 988
f 988 992 272
f 988 272 271
f 996 282 281
f 733 940 941
f 941 940 997
f 941 997 993
f 993 997 998
f 993 998 994
f 994 998 999
f 994 999 995
f 995 999 996
f 995 996 992
f 992 996 281
f 992 281 280
f 1000 284 283
f 732 939 940
f 940 939 1001
f 940 1001 997
f 997 1001 1002
f 997 1002 998
f 998 1002 1003
f 998 1003 999
f 999 1003 1000
f 999 1000 996
f 996 1000 283
f 996 283 282
f 1004 287 285
f 731 938 939
f 939 938 1005
f 939 1005 1001
f 1001 1005 1006
f 1001 1006 1002
f 1002 1006 1007
f 1002 1007 1003
f 1003 1007 1004
f 1003 1004 1000
f 1000 1004 285
f 1000 285 284
f 1008 290 288
f 711 937 938
f 938 937 1009
f 938 1009 1005
f 1005 1009 1010
f 1005 1010 1006
f 1006 1010 1011
f 1006 1011 1007
f 1007 1011 1008
f 1007 1008 1004
f 1004 1008 288
f 1004 288 287
f 1012 293 291
f 710 936 937
f 937 936 1013
f 937 1013 1009
f 1009 1013 1014
f 1009 1014 1010
f 1010 1014 1015
f 1010 1015 1011
f 1011 1015 1012
f 1011 1012 1008
f 1008 1012 291
f 1008 291 290
f 1016 296 294
f 699 935 936
f 936 935 1017
f 936 1017 1013
f 1013 1017 1018
f 1013 1018 1014
f 1014 1018 1019
f 1014 1019 1015
f 1015 1019 1016
f 1015 1016 1012
f 1012 1016 294
f 1012 294 293
f 1020 299 297
f 698 934 935
f 935 934 1021
f 935 1021 1017
f 1017 1021 1022
f 1017 1022 1018
f 1018 1022 1023
f 1018 1023 1019
f 1019 1023 1020
f 1019 1020 1016
f 1016 1020 297
f 1016 297 296
f 1024 302 300
f 701 933 934
f 934 933 1025
f 934 1025 1021
f 1021 1025 1026
f 1021 1026 1022
f 1022 1026 1027
f 1022 1027 1023
f 1023 1027 1024
f 1023 1024 1020
f 1020 1024 300
f 1020 300 299
f 1028 268 303
f 703 932 933
f 933 932 1029
f 933 1029 1025
f 1025 1029 1030
f 1025 1030 1026
f 1026 1030 1031
f 1026 1031 1027
f 1027 1031 1028
f 1027 1028 1024
f 1024 1028 303
f 1024 303 302
f 1032 511 269
f 704 931 932
f 932 931 1033
f 932 1033 1029
f 1029 1033 1034
f 1029 1034 1030
f 1030 1034 1035
f 1030 1035 1031
f 1031 1035 1032
f 1031 1032 1028
f 1028 1032 269
f 1028 269 268
f 308 306 1036
f 1036 306 305
f 706 930 931
f 931 930 1037
f 931 1037 1033
f 1033 1037 1038
f 1033 1038 1034
f 1034 1038 1039
f 1034 1039 1035
f 1035 1039 1036
f 1035 1036 1032
f 1032 1036 305
f 1032 305 511
f 713 929 930
f 930 929 1040
f 930 1040 1037
f 1037 1040 1041
f 1037 1041 1038
f 1038 1041 1042
f 1038 1042 1039
f 1039 1042 903
f 1039 903 1036
f 1036 903 309
f 1036 309 308
f 715 928 929
f 929 928 1043
f 929 1043 1040
f 1040 1043 1044
f 1040 1044 1041
f 1041 1044 1045
f 1041 1045 1042
f 1042 1045 902
f 1042 902 903
f 903 902 312
f 903 312 311
f 716 927 928
f 928 927 1046
f 928 1046 1043
f 1043 1046 1047
f 1043 1047 1044
f 1044 1047 1048
f 1044 1048 1045
f 1045 1048 901
f 1045 901 902
f 902 901 315
f 902 315 314
f 718 926 927
f 927 926 1049
f 927 1049 1046
f 1046 1049 1050
f 1046 1050 1047
f 1047 1050 1051
f 1047 1051 1048
f 1048 1051 900
f 1048 900 901
f 901 900 318
f 901 318 317
f 719 1052 926
f 926 1052 1053
f 926 1053 1049
f 1049 1053 1054
f 1049 1054 1050
f 1050 1054 1055
f 1050 1055 1051
f 1051 1055 899
f 1051 899 900
f 900 899 321
f 900 321 320
f 1052 1056 1053
f 1053 1056 1057
f 1053 1057 1054
f 1054 1057 1058
f 1054 1058 1055
f 1055 1058 898
f 1055 898 899
f 899 898 324
f 899 324 323
f 1056 1059 1057
f 1057 1059 1060
f 1057 1060 1058
f 1058 1060 897
f 1058 897 898
f 898 897 327
f 898 327 326
f 1059 974 1060
f 1060 974 976
f 1060 976 897
f 897 976 330
f 897 330 329
f 338 336 1061
f 1061 336 975
f 1061 975 1062
f 1062 975 974
f 1062 974 1063
f 1063 974 1059
f 1063 1059 1064
f 1064 1059 1056
f 1064 1056 1065
f 1065 1056 1052
f 1065 1052 721
f 721 1052 719
f 336 335 975
f 975 335 333
f 975 333 976
f 976 333 332
f 976 332 330
f 339 338 896
f 896 338 1061
f 896 1061 1066
f 1066 1061 1062
f 1066 1062 1067
f 1067 1062 1063
f 1067 1063 1068
f 1068 1063 1064
f 1068 1064 1069
f 1069 1064 1065
f 1069 1065 734
f 734 1065 721
f 342 341 895
f 895 341 896
f 895 896 1070
f 1070 896 1066
f 1070 1066 1071
f 1071 1066 1067
f 1071 1067 1072
f 1072 1067 1068
f 1072 1068 1073
f 1073 1068 1069
f 1073 1069 736
f 736 1069 734
f 345 344 973
f 973 344 895
f 973 895 972
f 972 895 1070
f 972 1070 971
f 971 1070 1071
f 971 1071 970
f 970 1071 1072
f 970 1072 969
f 969 1072 1073
f 969 1073 759
f 759 1073 736
f 775 924 925
f 925 924 1074
f 925 1074 949
f 949 1074 1075
f 949 1075 955
f 955 1075 1076
f 955 1076 963
f 963 1076 1077
f 963 1077 973
f 973 1077 347
f 973 347 345
f 1078 262 266
f 265 350 1077
f 1077 350 348
f 1077 348 347
f 774 923 924
f 924 923 1079
f 924 1079 1074
f 1074 1079 1080
f 1074 1080 1075
f 1075 1080 1081
f 1075 1081 1076
f 1076 1081 1078
f 1076 1078 1077
f 1077 1078 266
f 1077 266 265
f 1082 259 263
f 739 922 923
f 923 922 1083
f 923 1083 1079
f 1079 1083 1084
f 1079 1084 1080
f 1080 1084 1085
f 1080 1085 1081
f 1081 1085 1082
f 1081 1082 1078
f 1078 1082 263
f 1078 263 262
f 1086 256 260
f 764 921 922
f 922 921 1087
f 922 1087 1083
f 1083 1087 1088
f 1083 1088 1084
f 1084 1088 1089
f 1084 1089 1085
f 1085 1089 1086
f 1085 1086 1082
f 1082 1086 260
f 1082 260 259
f 1090 351 257
f 763 920 921
f 921 920 1091
f 921 1091 1087
f 1087 1091 1092
f 1087 1092 1088
f 1088 1092 1093
f 1088 1093 1089
f 1089 1093 1090
f 1089 1090 1086
f 1086 1090 257
f 1086 257 256
f 1094 353 352
f 767 919 920
f 920 919 1095
f 920 1095 1091
f 1091 1095 1096
f 1091 1096 1092
f 1092 1096 1097
f 1092 1097 1093
f 1093 1097 1094
f 1093 1094 1090
f 1090 1094 352
f 1090 352 351
f 1098 355 354
f 766 918 919
f 919 918 1099
f 919 1099 1095
f 1095 1099 1100
f 1095 1100 1096
f 1096 1100 1101
f 1096 1101 1097
f 1097 1101 1098
f 1097 1098 1094
f 1094 1098 354
f 1094 354 353
f 1102 358 356
f 765 917 918
f 918 917 1103
f 918 1103 1099
f 1099 1103 1104
f 1099 1104 1100
f 1100 1104 1105
f 1100 1105 1101
f 1101 1105 1102
f 1101 1102 1098
f 1098 1102 356
f 1098 356 355
f 1106 361 359
f 741 916 917
f 917 916 1107
f 917 1107 1103
f 1103 1107 1108
f 1103 1108 1104
f 1104 1108 1109
f 1104 1109 1105
f 1105 1109 1106
f 1105 1106 1102
f 1102 1106 359
f 1102 359 358
f 1110 364 362
f 740 915 916
f 916 915 1111
f 916 1111 1107
f 1107 1111 1112
f 1107 1112 1108
f 1108 1112 1113
f 1108 1113 1109
f 1109 1113 1110
f 1109 1110 1106
f 1106 1110 362
f 1106 362 361
f 1114 367 365
f 744 914 915
f 915 914 1115
f 915 1115 1111
f 1111 1115 1116
f 1111 1116 1112
f 1112 1116 1117
f 1112 1117 1113
f 1113 1117 1114
f 1113 1114 1110
f 1110 1114 365
f 1110 365 364
f 1118 370 368
f 746 913 914
f 914 913 1119
f 914 1119 1115
f 1115 1119 1120
f 1115 1120 1116
f 1116 1120 1121
f 1116 1121 1117
f 1117 1121 1118
f 1117 1118 1114
f 1114 1118 368
f 1114 368 367
f 1122 373 371
f 747 912 913
f 913 912 1123
f 913 1123 1119
f 1119 1123 1124
f 1119 1124 1120
f 1120 1124 1125
f 1120 1125 1121
f 1121 1125 1122
f 1121 1122 1118
f 1118 1122 371
f 1118 371 370
f 1126 376 374
f 749 911 912
f 912 911 1127
f 912 1127 1123
f 1123 1127 1128
f 1123 1128 1124
f 1124 1128 1129
f 1124 1129 1125
f 1125 1129 1126
f 1125 1126 1122
f 1122 1126 374
f 1122 374 373
f 1130 253 377
f 750 910 911
f 911 910 1131
f 911 1131 1127
f 1127 1131 1132
f 1127 1132 1128
f 1128 1132 1133
f 1128 1133 1129
f 1129 1133 1130
f 1129 1130 1126
f 1126 1130 377
f 1126 377 376
f 379 631 1134
f 1134 631 254
f 752 909 910
f 910 909 1135
f 910 1135 1131
f 1131 1135 1136
f 1131 1136 1132
f 1132 1136 1137
f 1132 1137 1133
f 1133 1137 1134
f 1133 1134 1130
f 1130 1134 254
f 1130 254 253
f 770 908 909
f 909 908 1138
f 909 1138 1135
f 1135 1138 1139
f 1135 1139 1136
f 1136 1139 1140
f 1136 1140 1137
f 1137 1140 894
f 1137 894 1134
f 1134 894 380
f 1134 380 379
f 769 907 908
f 908 907 1141
f 908 1141 1138
f 1138 1141 1142
f 1138 1142 1139
f 1139 1142 1143
f 1139 1143 1140
f 1140 1143 893
f 1140 893 894
f 894 893 383
f 894 383 382
f 768 906 907
f 907 906 1144
f 907 1144 1141
f 1141 1144 1145
f 1141 1145 1142
f 1142 1145 1146
f 1142 1146 1143
f 1143 1146 892
f 1143 892 893
f 893 892 386
f 893 386 385
f 754 905 906
f 906 905 1147
f 906 1147 1144
f 1144 1147 1148
f 1144 1148 1145
f 1145 1148 1149
f 1145 1149 1146
f 1146 1149 891
f 1146 891 892
f 892 891 389
f 892 389 388
f 753 904 905
f 905 904 1150
f 905 1150 1147
f 1147 1150 1151
f 1147 1151 1148
f 1148 1151 1152
f 1148 1152 1149
f 1149 1152 890
f 1149 890 891
f 891 890 392
f 891 392 391
f 724 1153 904
f 904 1153 1154
f 904 1154 1150
f 1150 1154 1155
f 1150 1155 1151
f 1151 1155 1156
f 1151 1156 1152
f 1152 1156 889
f 1152 889 890
f 890 889 395
f 890 395 394
f 1153 1157 1154
f 1154 1157 1158
f 1154 1158 1155
f 1155 1158 1159
f 1155 1159 1156
f 1156 1159 888
f 1156 888 889
f 889 888 398
f 889 398 397
f 1157 1160 1158
f 1158 1160 1161
f 1158 1161 1159
f 1159 1161 887
f 1159 887 888
f 888 887 401
f 888 401 400
f 1160 977 1161
f 1161 977 979
f 1161 979 887
f 887 979 404
f 887 404 403
f 412 410 1162
f 1162 410 978
f 1162 978 1163
f 1163 978 977
f 1163 977 1164
f 1164 977 1160
f 1164 1160 1165
f 1165 1160 1157
f 1165 1157 1166
f 1166 1157 1153
f 1166 1153 727
f 727 1153 724
f 410 409 978
f 978 409 407
f 978 407 979
f 979 407 406
f 979 406 404
f 413 412 886
f 886 412 1162
f 886 1162 1167
f 1167 1162 1163
f 1167 1163 1168
f 1168 1163 1164
f 1168 1164 1169
f 1169 1164 1165
f 1169 1165 1170
f 1170 1165 1166
f 1170 1166 726
f 726 1166 727
f 416 415 885
f 885 415 886
f 885 886 1171
f 1171 886 1167
f 1171 1167 1172
f 1172 1167 1168
f 1172 1168 1173
f 1173 1168 1169
f 1173 1169 1174
f 1174 1169 1170
f 1174 1170 773
f 773 1170 726
f 250 418 884
f 884 418 885
f 884 885 1175
f 1175 885 1171
f 1175 1171 1176
f 1176 1171 1172
f 1176 1172 1177
f 1177 1172 1173
f 1177 1173 1178
f 1178 1173 1174
f 1178 1174 772
f 772 1174 773
f 453 251 968
f 968 251 884
f 968 884 967
f 967 884 1175
f 967 1175 966
f 966 1175 1176
f 966 1176 965
f 965 1176 1177
f 965 1177 964
f 964 1177 1178
f 964 1178 771
f 771 1178 772
f 242 1179 1180
f 242 241 1179
f 1179 241 239
f 1179 239 1181
f 239 238 1181
f 1181 238 236
f 1181 236 1182
f 236 235 1182
f 1182 235 233
f 1182 233 1183
f 1183 233 232
f 1183 232 1184
f 232 230 1184
f 1184 230 229
f 1184 229 1185
f 229 227 1185
f 1185 227 226
f 1185 226 1186
f 226 224 1186
f 1186 224 223
f 1186 223 1187
f 223 221 1187
f 1187 221 220
f 1187 220 1188
f 220 218 1188
f 1188 218 217
f 1188 217 1189
f 217 215 1189
f 1189 215 214
f 1189 214 1190
f 214 212 1190
f 1190 212 211
f 1190 211 1191
f 211 209 1191
f 1191 209 208
f 1191 208 1192
f 208 502 1192
f 1192 502 514
f 1192 514 1193
f 514 513 1193
f 1193 513 512
f 1193 512 1194
f 1194 512 504
f 504 503 1194
f 1194 503 206
f 1194 206 1195
f 206 205 1195
f 1195 205 203
f 1195 203 1196
f 203 202 1196
f 1196 202 200
f 1196 200 1197
f 200 199 1197
f 1197 199 197
f 1197 197 1198
f 197 196 1198
f 1198 196 194
f 1198 194 1199
f 194 193 1199
f 1199 193 191
f 1199 191 1200
f 191 190 1200
f 1200 190 188
f 1200 188 1201
f 188 187 1201
f 1201 187 185
f 1201 185 1202
f 185 184 1202
f 1202 184 182
f 1202 182 1203
f 182 181 1203
f 1203 181 179
f 1203 179 1204
f 179 178 1204
f 1204 178 176
f 1204 176 1205
f 176 175 1205
f 1205 175 173
f 1205 173 1206
f 173 172 1206
f 1206 172 170
f 1206 170 1207
f 166 1208 167
f 167 1208 1207
f 167 1207 169
f 169 1207 170
f 166 571 1208
f 1208 571 164
f 1208 164 1209
f 164 163 1209
f 1209 163 161
f 1209 161 1210
f 161 160 1210
f 1210 160 158
f 1210 158 1211
f 158 157 1211
f 1211 157 155
f 1211 155 1212
f 155 154 1212
f 1212 154 152
f 1212 152 1213
f 1213 152 151
f 1213 151 1214
f 151 149 1214
f 1214 149 148
f 1214 148 1215
f 148 146 1215
f 1215 146 145
f 1215 145 1216
f 145 143 1216
f 1216 143 142
f 1216 142 1217
f 142 140 1217
f 1217 140 139
f 1217 139 1218
f 139 137 1218
f 1218 137 136
f 1218 136 1219
f 136 134 1219
f 1219 134 133
f 1219 133 1220
f 133 131 1220
f 1220 131 130
f 1220 130 1221
f 130 128 1221
f 1221 128 127
f 1221 127 1222
f 127 622 1222
f 1222 622 634
f 1222 634 1223
f 1223 634 633
f 633 632 1223
f 1223 632 624
f 1223 624 1224
f 624 623 1224
f 1224 623 125
f 1224 125 1225
f 125 124 1225
f 1225 124 122
f 1225 122 1226
f 122 121 1226
f 1226 121 119
f 1226 119 1227
f 119 118 1227
f 1227 118 116
f 1227 116 1228
f 116 115 1228
f 1228 115 113
f 1228 113 1229
f 113 112 1229
f 1229 112 110
f 1229 110 1230
f 110 109 1230
f 1230 109 107
f 1230 107 1231
f 107 106 1231
f 1231 106 104
f 1231 104 1232
f 104 103 1232
f 1232 103 101
f 1232 101 1233
f 101 100 1233
f 1233 100 98
f 1233 98 1234
f 98 97 1234
f 1234 97 95
f 1234 95 1235
f 95 94 1235
f 1235 94 92
f 1235 92 1236
f 92 91 1236
f 1236 91 89
f 1236 89 1237
f 89 88 1237
f 1237 88 687
f 1237 687 1180
f 1180 687 460
f 1180 460 242
f 1180 1238 1237
f 1237 1238 1239
f 1237 1239 1236
f 1236 1239 1240
f 1236 1240 1235
f 1235 1240 1241
f 1235 1241 1234
f 1234 1241 1242
f 1234 1242 1233
f 1233 1242 1243
f 1233 1243 1232
f 1232 1243 1244
f 1232 1244 1231
f 1231 1244 1245
f 1231 1245 1230
f 1230 1245 1246
f 1230 1246 1229
f 1229 1246 1247
f 1229 1247 1228
f 1228 1247 1248
f 1228 1248 1227
f 1227 1248 1249
f 1227 1249 1226
f 1226 1249 1250
f 1226 1250 1225
f 1225 1250 1251
f 1225 1251 1224
f 1224 1251 1252
f 1224 1252 1223
f 1223 1252 1253
f 1223 1253 1222
f 1222 1253 1254
f 1222 1254 1221
f 1221 1254 1255
f 1221 1255 1220
f 1220 1255 1256
f 1220 1256 1219
f 1219 1256 1257
f 1219 1257 1218
f 1218 1257 1258
f 1218 1258 1217
f 1217 1258 1259
f 1217 1259 1216
f 1216 1259 1260
f 1216 1260 1215
f 1215 1260 1261
f 1215 1261 1214
f 1214 1261 1262
f 1214 1262 1213
f 1213 1262 1263
f 1213 1263 1212
f 1212 1263 1264
f 1212 1264 1211
f 1211 1264 1265
f 1211 1265 1210
f 1210 1265 1266
f 1210 1266 1209
f 1209 1266 1267
f 1209 1267 1208
f 1208 1267 1268
f 1208 1268 1207
f 1207 1268 1269
f 1207 1269 1206
f 1206 1269 1270
f 1206 1270 1205
f 1205 1270 1271
f 1205 1271 1204
f 1204 1271 1272
f 1204 1272 1203
f 1203 1272 1273
f 1203 1273 1202
f 1202 1273 1274
f 1202 1274 1201
f 1201 1274 1275
f 1201 1275 1200
f 1200 1275 1276
f 1200 1276 1199
f 1199 1276 1277
f 1199 1277 1198
f 1198 1277 1278
f 1198 1278 1197
f 1197 1278 1279
f 1197 1279 1196
f 1196 1279 1280
f 1196 1280 1195
f 1195 1280 1281
f 1195 1281 1194
f 1194 1281 1282
f 1194 1282 1193
f 1193 1282 1283
f 1193 1283 1192
f 1192 1283 1284
f 1192 1284 1191
f 1191 1284 1285
f 1191 1285 1190
f 1190 1285 1286
f 1190 1286 1189
f 1189 1286 1287
f 1189 1287 1188
f 1188 1287 1288
f 1188 1288 1187
f 1187 1288 1289
f 1187 1289 1186
f 1186 1289 1290
f 1186 1290 1185
f 1185 1290 1291
f 1185 1291 1184
f 1184 1291 1292
f 1184 1292 1183
f 1183 1292 1293
f 1183 1293 1182
f 1182 1293 1294
f 1182 1294 1181
f 1181 1294 1295
f 1181 1295 1179
f 1179 1295 1296
f 1179 1296 1180
f 1180 1296 1238
f 1296 1297 1238
f 1238 1297 1298
f 1238 1298 1239
f 1239 1298 1299
f 1239 1299 1240
f 1240 1299 1300
f 1240 1300 1241
f 1241 1300 1301
f 1241 1301 1242
f 1242 1301 1302
f 1242 1302 1243
f 1243 1302 1303
f 1243 1303 1244
f 1244 1303 1304
f 1244 1304 1245
f 1245 1304 1305
f 1245 1305 1246
f 1246 1305 1306
f 1246 1306 1247
f 1247 1306 1307
f 1247 1307 1248
f 1248 1307 1308
f 1248 1308 1249
f 1249 1308 1309
f 1249 1309 1250
f 1250 1309 1310
f 1250 1310 1251
f 1251 1310 1311
f 1251 1311 1252
f 1252 1311 1312
f 1252 1312 1253
f 1253 1312 1313
f 1253 1313 1254
f 1254 1313 1314
f 1254 1314 1255
f 1255 1314 1315
f 1255 1315 1256
f 1256 1315 1316
f 1256 1316 1257
f 1257 1316 1317
f 1257 1317 1258
f 1258 1317 1318
f 1258 1318 1259
f 1259 1318 1319
f 1259 1319 1260
f 1260 1319 1320
f 1260 1320 1261
f 1261 1320 1321
f 1261 1321 1262
f 1262 1321 1322
f 1262 1322 1263
f 1263 1322 1323
f 1263 1323 1264
f 1264 1323 1324
f 1264 1324 1265
f 1265 1324 1325
f 1265 1325 1266
f 1266 1325 1326
f 1266 1326 1267
f 1267 1326 1327
f 1267 1327 1268
f 1268 1327 1328
f 1268 1328 1269
f 1269 1328 1329
f 1269 1329 1270
f 1270 1329 1330
f 1270 1330 1271
f 1271 1330 1331
f 1271 1331 1272
f 1272 1331 1332
f 1272 1332 1273
f 1273 1332 1333
f 1273 1333 1274
f 1274 1333 1334
f 1274 1334 1275
f 1275 1334 1335
f 1275 1335 1276
f 1276 1335 1336
f 1276 1336 1277
f 1277 1336 1337
f 1277 1337 1278
f 1278 1337 1338
f 1278 1338 1279
f 1279 1338 1339
f 1279 1339 1280
f 1280 1339 1340
f 1280 1340 1281
f 1281 1340 1341
f 1281 1341 1282
f 1282 1341 1342
f 1282 1342 1283
f 1283 1342 1343
f 1283 1343 1284
f 1284 1343 1344
f 1284 1344 1285
f 1285 1344 1345
f 1285 1345 1286
f 1286 1345 1346
f 1286 1346 1287
f 1287 1346 1347
f 1287 1347 1288
f 1288 1347 1348
f 1288 1348 1289
f 1289 1348 1349
f 1289 1349 1290
f 1290 1349 1350
f 1290 1350 1291
f 1291 1350 1351
f 1291 1351 1292
f 1292 1351 1352
f 1292 1352 1293
f 1293 1352 1353
f 1293 1353 1294
f 1294 1353 1354
f 1294 1354 1295
f 1295 1354 1355
f 1295 1355 1296
f 1296 1355 1297
f 1355 1356 1297
f 1297 1356 1357
f 1297 1357 1298
f 1298 1357 1358
f 1298 1358 1299
f 1299 1358 1359
f 1299 1359 1300
f 1300 1359 1360
f 1300 1360 1301
f 1301 1360 1361
f 1301 1361 1302
f 1302 1361 1362
f 1302 1362 1303
f 1303 1362 1363
f 1303 1363 1304
f 1304 1363 1364
f 1304 1364 1305
f 1305 1364 1365
f 1305 1365 1306
f 1306 1365 1366
f 1306 1366 1307
f 1307 1366 1367
f 1307 1367 1308
f 1308 1367 1368
f 1308 1368 1309
f 1309 1368 1369
f 1309 1369 1310
f 1310 1369 1370
f 1310 1370 1311
f 1311 1370 1371
f 1311 1371 1312
f 1312 1371 1372
f 1312 1372 1313
f 1313 1372 1373
f 1313 1373 1314
f 1314 1373 1374
f 1314 1374 1315
f 1315 1374 1375
f 1315 1375 1316
f 1316 1375 1376
f 1316 1376 1317
f 1317 1376 1377
f 1317 1377 1318
f 1318 1377 1378
f 1318 1378 1319
f 1319 1378 1379
f 1319 1379 1320
f 1320 1379 1380
f 1320 1380 1321
f 1321 1380 1381
f 1321 1381 1322
f 1322 1381 1382
f 1322 1382 1323
f 1323 1382 1383
f 1323 1383 1324
f 1324 1383 1384
f 1324 1384 1325
f 1325 1384 1385
f 1325 1385 1326
f 1326 1385 1386
f 1326 1386 1327
f 1327 1386 1387
f 1327 1387 1328
f 1328 1387 1388
f 1328 1388 1329
f 1329 1388 1389
f 1329 1389 1330
f 1330 1389 1390
f 1330 1390 1331
f 1331 1390 1391
f 1331 1391 1332
f 1332 1391 1392
f 1332 1392 1333
f 1333 1392 1393
f 1333 1393 1334
f 1334 1393 1394
f 1334 1394 1335
f 1335 1394 1395
f 1335 1395 1336
f 1336 1395 1396
f 1336 1396 1337
f 1337 1396 1397
f 1337 1397 1338
f 1338 1397 1398
f 1338 1398 1339
f 1339 1398 1399
f 1339 1399 1340
f 1340 1399 1400
f 1340 1400 1341
f 1341 1400 1401
f 1341 1401 1342
f 1342 1401 1402
f 1342 1402 1343
f 1343 1402 1403
f 1343 1403 1344
f 1344 1403 1404
f 1344 1404 1345
f 1345 1404 1405
f 1345 1405 1346
f 1346 1405 1406
f 1346 1406 1347
f 1347 1406 1407
f 1347 1407 1348
f 1348 1407 1408
f 1348 1408 1349
f 1349 1408 1409
f 1349 1409 1350
f 1350 1409 1410
f 1350 1410 1351
f 1351 1410 1411
f 1351 1411 1352
f 1352 1411 1412
f 1352 1412 1353
f 1353 1412 1413
f 1353 1413 1354
f 1354 1413 1414
f 1354 1414 1355
f 1355 1414 1356
f 1414 1415 1356
f 1356 1415 1416
f 1356 1416 1357
f 1357 1416 1417
f 1357 1417 1358
f 1358 1417 1418
f 1358 1418 1359
f 1359 1418 1419
f 1359 1419 1360
f 1360 1419 1420
f 1360 1420 1361
f 1361 1420 1421
f 1361 1421 1362
f 1362 1421 1422
f 1362 1422 1363
f 1363 1422 1423
f 1363 1423 1364
f 1364 1423 1424
f 1364 1424 1365
f 1365 1424 1425
f 1365 1425 1366
f 1366 1425 1426
f 1366 1426 1367
f 1367 1426 1427
f 1367 1427 1368
f 1368 1427 1428
f 1368 1428 1369
f 1369 1428 1429
f 1369 1429 1370
f 1370 1429 1430
f 1370 1430 1371
f 1371 1430 1431
f 1371 1431 1372
f 1372 1431 1432
f 1372 1432 1373
f 1373 1432 1433
f 1373 1433 1374
f 1374 1433 1434
f 1374 1434 1375
f 1375 1434 1435
f 1375 1435 1376
f 1376 1435 1436
f 1376 1436 1377
f 1377 1436 1437
f 1377 1437 1378
f 1378 1437 1438
f 1378 1438 1379
f 1379 1438 1439
f 1379 1439 1380
f 1380 1439 1440
f 1380 1440 1381
f 1381 1440 1441
f 1381 1441 1382
f 1382 1441 1442
f 1382 1442 1383
f 1383 1442 1443
f 1383 1443 1384
f 1384 1443 1444
f 1384 1444 1385
f 1385 1444 1445
f 1385 1445 1386
f 1386 1445 1446
f 1386 1446 1387
f 1387 1446 1447
f 1387 1447 1388
f 1388 1447 1448
f 1388 1448 1389
f 1389 1448 1449
f 1389 1449 1390
f 1390 1449 1450
f 1390 1450 1391
f 1391 1450 1451
f 1391 1451 1392
f 1392 1451 1452
f 1392 1452 1393
f 1393 1452 1453
f 1393 1453 1394
f 1394 1453 1454
f 1394 1454 1395
f 1395 1454 1455
f 1395 1455 1396
f 1396 1455 1456
f 1396 1456 1397
f 1397 1456 1457
f 1397 1457 1398
f 1398 1457 1458
f 1398 1458 1399
f 1399 1458 1459
f 1399 1459 1400
f 1400 1459 1460
f 1400 1460 1401
f 1401 1460 1461
f 1401 1461 1402
f 1402 1461 1462
f 1402 1462 1403
f 1403 1462 1463
f 1403 1463 1404
f 1404 1463 1464
f 1404 1464 1405
f 1405 1464 1465
f 1405 1465 1406
f 1406 1465 1466
f 1406 1466 1407
f 1407 1466 1467
f 1407 1467 1408
f 1408 1467 1468
f 1408 1468 1409
f 1409 1468 1469
f 1409 1469 1410
f 1410 1469 1470
f 1410 1470 1411
f 1411 1470 1471
f 1411 1471 1412
f 1412 1471 1472
f 1412 1472 1413
f 1413 1472 1473
f 1413 1473 1414
f 1414 1473 1415
f 1473 34 1415
f 1415 34 33
f 1415 33 1416
f 1416 33 37
f 1416 37 1417
f 1417 37 39
f 1417 39 1418
f 1418 39 67
f 1418 67 1419
f 1419 67 69
f 1419 69 1420
f 1420 69 70
f 1420 70 1421
f 1421 70 72
f 1421 72 1422
f 1422 72 73
f 1422 73 1423
f 1423 73 75
f 1423 75 1424
f 1424 75 78
f 1424 78 1425
f 1425 78 77
f 1425 77 1426
f 1426 77 84
f 1426 84 1427
f 1427 84 83
f 1427 83 1428
f 1428 83 87
f 1428 87 1429
f 1429 87 86
f 1429 86 1430
f 1430 86 85
f 1430 85 1431
f 1431 85 80
f 1431 80 1432
f 1432 80 79
f 1432 79 1433
f 1433 79 40
f 1433 40 1434
f 1434 40 45
f 1434 45 1435
f 1435 45 44
f 1435 44 1436
f 1436 44 43
f 1436 43 1437
f 1437 43 15
f 1437 15 1438
f 1438 15 14
f 1438 14 1439
f 1439 14 18
f 1439 18 1440
f 1440 18 20
f 1440 20 1441
f 1441 20 21
f 1441 21 1442
f 1442 21 23
f 1442 23 1443
f 1443 23 60
f 1443 60 1444
f 1444 60 59
f 1444 59 1445
f 1445 59 58
f 1445 58 1446
f 1446 58 26
f 1446 26 1447
f 1447 26 63
f 1447 63 1448
f 1448 63 62
f 1448 62 1449
f 1449 62 66
f 1449 66 1450
f 1450 66 65
f 1450 65 1451
f 1451 65 64
f 1451 64 1452
f 1452 64 47
f 1452 47 1453
f 1453 47 46
f 1453 46 1454
f 1454 46 8
f 1454 8 1455
f 1455 8 13
f 1455 13 1456
f 1456 13 12
f 1456 12 1457
f 1457 12 11
f 1457 11 1458
f 1458 11 2
f 1458 2 1459
f 1459 2 1
f 1459 1 1460
f 1460 1 5
f 1460 5 1461
f 1461 5 7
f 1461 7 1462
f 1462 7 27
f 1462 27 1463
f 1463 27 29
f 1463 29 1464
f 1464 29 51
f 1464 51 1465
f 1465 51 50
f 1465 50 1466
f 1466 50 54
f 1466 54 1467
f 1467 54 53
f 1467 53 1468
f 1468 53 52
f 1468 52 1469
f 1469 52 32
f 1469 32 1470
f 1470 32 57
f 1470 57 1471
f 1471 57 56
f 1471 56 1472
f 1472 56 55
f 1472 55 1473
f 1473 55 34
f 1474 1475 1476
f 1476 1475 1477
f 1476 1477 1478
f 1478 1477 1479
f 1478 1479 1480
f 1480 1479 1481
f 1480 1481 1482
f 1482 1481 1483
f 1482 1483 1484
f 1484 1483 1485
f 1484 1485 1486
f 1486 1485 1487
f 1486 1487 1488
f 1488 1487 1489
f 1488 1489 1490
f 1490 1489 1491
f 1490 1491 1492
f 1492 1491 1493
f 1492 1493 1494
f 1494 1493 1495
f 1494 1495 1496
f 1496 1495 1497
f 1496 1497 1498
f 1498 1497 1499
f 1498 1499 1500
f 1500 1499 1501
f 1500 1501 1502
f 1502 1501 1503
f 1502 1503 1504
f 1504 1503 1505
f 1504 1505 1506
f 1506 1505 1507
f 1506 1507 1508
f 1508 1507 1509
f 1508 1509 1510
f 1510 1509 1511
f 1510 1511 1512
f 1512 1511 1513
f 1512 1513 1514
f 1514 1513 1515
f 1514 1515 1516
f 1516 1515 1517
f 1516 1517 1518
f 1518 1517 1519
f 1518 1519 1520
f 1520 1519 1521
f 1520 1521 1474
f 1474 1521 1475
f 1501 1499 1522
f 1522 1499 1497
f 1522 1497 1495
f 1507 1505 1522
f 1522 1505 1503
f 1522 1503 1501
f 1513 1511 1522
f 1522 1511 1509
f 1522 1509 1507
f 1519 1517 1522
f 1522 1517 1515
f 1522 1515 1513
f 1477 1475 1522
f 1522 1475 1521
f 1522 1521 1519
f 1483 1481 1522
f 1522 1481 1479
f 1522 1479 1477
f 1489 1487 1522
f 1522 1487 1485
f 1522 1485 1483
f 1495 1493 1522
f 1522 1493 1491
f 1522 1491 1489
f 1494 1496 1523
f 1523 1496 1498
f 1523 1498 1500
f 1488 1490 1523
f 1523 1490 1492
f 1523 1492 1494
f 1482 1484 1523
f 1523 1484 1486
f 1523 1486 1488
f 1476 1478 1523
f 1523 1478 1480
f 1523 1480 1482
f 1518 1520 1523
f 1523 1520 1474
f 1523 1474 1476
f 1512 1514 1523
f 1523 1514 1516
f 1523 1516 1518
f 1506 1508 1523
f 1523 1508 1510
f 1523 1510 1512
f 1500 1502 1523
f 1523 1502 1504
f 1523 1504 1506
