v -0.00360499007 0.0047086148 -0.0109199861
v -0.00282059295 0.00465765283 -0.0111697296
v -0.00340793712 0.000795689084 -0.00965469873
v -0.00260553939 0.000732269742 -0.00990634954
v -0.00882862193 -0.00708535626 -0.00512510335
v -0.00929198844 -0.0064070554 -0.00519829786
v -0.00568280799 -0.0050865145 -0.00687700307
v -0.00614975078 -0.00438860371 -0.0069556812
v 0.000409621172 -0.0100838871 -0.00724988973
v -0.000313383169 -0.0103125305 -0.00692575967
v -0.0012724219 -0.00639614775 -0.00793283975
v -0.00202642066 -0.00659147217 -0.00760954416
v 0.00109745877 -0.00977924778 -0.00758784806
v -0.000595193929 -0.00603798344 -0.00828546083
v 0.00174273866 -0.00940183117 -0.0079360584
v -0.0104312716 -0.00340095475 -0.005834041
v -0.00661490542 -0.00282195523 -0.00733071363
v -0.00646529777 -0.00362184956 -0.00710922277
v -0.00968776328 -0.00569174006 -0.00530713594
v -0.0100116549 -0.00494698002 -0.0054504255
v -0.0102604447 -0.0041806431 -0.00562661683
v -0.00106404407 -0.0104627938 -0.00661903417
v -0.00183437449 -0.0105330081 -0.00633281266
v -0.00282190425 -0.0066148968 -0.00733071363
v -0.00438199622 0.00467869327 -0.0106452087
v -0.00418732745 0.00068565891 -0.00935178792
v -0.00514338595 0.00456830547 -0.0103483776
v -0.00490711314 0.000407305218 -0.00901192224
v -0.00658772571 0.00411161468 -0.00970107114
v -0.00588129146 0.00437864349 -0.010032473
v -0.00553379638 -2.64377815e-05 -0.0086508373
v -0.00787661654 0.00335779474 -0.00900548494
v -0.00725517852 0.00377013967 -0.00935750997
v -0.00603793246 -0.000595185302 -0.00828546083
v -0.00895557982 0.00233873413 -0.00829094445
v -0.00844536406 0.00287899063 -0.00864869153
v -0.00639615638 -0.00127241328 -0.00793283975
v -0.00977919681 0.0010974674 -0.00758784806
v -0.00940178019 0.00174280689 -0.0079360584
v -0.0105224667 -0.00261602118 -0.0060701946
v -0.0105329571 -0.00183430626 -0.00633281266
v -0.0065915404 -0.00202641203 -0.00760954416
v -0.00830255134 -0.00771943047 -0.00508826768
v -0.00508652312 -0.00568285897 -0.00687700307
v -0.00771937949 -0.00830260231 -0.00508826768
v -0.00438867194 -0.00614974215 -0.0069556812
v -0.00640700442 -0.00929197981 -0.00519829786
v -0.00708530528 -0.0088286133 -0.00512510335
v -0.00362179858 -0.00646534874 -0.00710922277
v -0.00494692904 -0.0100117059 -0.0054504255
v -0.00569174869 -0.00968775465 -0.00530713594
v -0.00261602981 -0.0105224581 -0.0060701946
v -0.00340090377 -0.010431263 -0.005834041
v -0.00418065173 -0.0102604361 -0.00562661683
v -0.0104627429 -0.00106409504 -0.00661903417
v -0.0103125392 -0.000313434146 -0.00692575967
v -0.0100838957 0.0004096298 -0.00724988973
v 0.0023386659 -0.0089556308 -0.00829094445
v -2.64464088e-05 -0.00553378775 -0.0086508373
v 0.0028789224 -0.00844541504 -0.00864869153
v 0.00335778611 -0.00787654831 -0.00900548494
v 0.000407236987 -0.00490710451 -0.00901192224
v 0.00377013104 -0.00725511029 -0.00935750997
v 0.00411166566 -0.00658765747 -0.00970107114
v 0.000685709887 -0.00418725922 -0.00935178792
v 0.00437869447 -0.00588128283 -0.010032473
v 0.000732320719 -0.00260553076 -0.00990634954
v 0.000498312884 -0.00181755736 -0.0100949386
v 0.00431634801 -0.00126323416 -0.0115838627
v 0.00010468381 -0.00108090355 -0.0102117637
v 0.0036693992 0.000224318959 -0.0118700842
v 0.00402964967 -0.000506732009 -0.0117438415
v 0.0015790643 0.0027438669 -0.0120162348
v -0.000429969854 -0.000430020831 -0.0102513412
v -0.00108097178 0.000104752042 -0.0102117637
v -0.00181756598 0.000498321511 -0.0100949386
v 0.000224250727 0.00366934822 -0.0118700842
v 0.000921982699 0.0032392411 -0.0119611601
v -0.0020372687 0.00452646301 -0.0113918165
v -0.00126324279 0.00431641624 -0.0115838627
v -0.000506740636 0.0040296583 -0.0117438415
v 0.00452651399 -0.00203726008 -0.0113918165
v 0.00465764421 -0.00282064392 -0.0111697296
v 0.000795740061 -0.00340792849 -0.00965469873
v 0.0021885814 0.00218853042 -0.0120347122
v 0.00274385827 0.00157907293 -0.0120162348
v 0.00323917287 0.000922050931 -0.0119611601
v 0.00470854657 -0.00360498144 -0.0109199861
v 0.00467874425 -0.00438198759 -0.0106452087
v 0.00456835645 -0.00514343693 -0.0103483776
v 0.00240792649 0.00371715114 -0.0116475204
v 0.0017162742 0.00423863218 -0.0115895847
v 0.00258852857 0.00517961071 -0.0094824413
v 0.00166942494 0.00427397773 -0.0115856508
v 0.000959772044 0.00471141622 -0.011492906
v 0.00181199925 0.00566640184 -0.00938385522
v 0.000885147028 0.00475743101 -0.01148325
v 0.000167745524 0.00511100576 -0.0113592724
v 0.000998634272 0.00607803152 -0.00924700296
v 6.34373956e-05 0.00516244457 -0.0113412718
v -0.000651937551 0.0054335861 -0.0111899952
v 0.000156539851 0.00641050623 -0.00907343423
v -0.000786882467 0.00548472688 -0.0111615041
v -0.00149129016 0.00567587898 -0.0109867433
v -0.000705939359 0.0066604285 -0.00886493718
v -0.00165687186 0.00572082088 -0.0109456161
v -0.00234184844 0.00583555982 -0.0107514242
v -0.00158010108 0.00682547376 -0.00862341916
v -0.00253735167 0.00586828277 -0.0106959919
v -0.00319514853 0.0059110193 -0.0104865411
v -0.00245736224 0.00690379427 -0.00835138356
v -0.00341902358 0.00592556284 -0.010415254
v -0.004042965 0.00590154216 -0.0101947168
v -0.00332890136 0.00689479397 -0.00805145299
v -0.00429235084 0.00589194582 -0.0101065019
v -0.00487659556 0.00580724762 -0.00987869298
v -0.00418625457 0.00679847286 -0.00772672689
v -0.00514827353 0.00576790855 -0.00977271592
v -0.0056880532 0.00562908933 -0.00954168832
v -0.00502071959 0.00661578462 -0.0073804239
v -0.00597761256 0.00555464313 -0.00941771066
v -0.00646923167 0.00536885545 -0.00918704068
v -0.00582419021 0.006348577 -0.00701588189
v -0.00677166564 0.00525453375 -0.00904518163
v -0.00721226317 0.00502910898 -0.00881832635
v -0.00658844096 0.0059994726 -0.00663667714
v -0.0075218497 0.00487073944 -0.00865894353
v -0.00790987594 0.00461318777 -0.0084391216
v -0.00730596168 0.00557198808 -0.00624674356
v -0.00822041614 0.00440725372 -0.0082632879
v -0.00855527503 0.00412532375 -0.00805324113
v -0.007969719 0.00507029579 -0.00584989583
v -0.0103590308 0.00186660574 -0.00666993653
v -0.0104948102 0.00155982063 -0.00651913678
v -0.0099639712 0.00243177698 -0.0042723993
v -0.0107013999 0.00109347389 -0.00629001653
v -0.0107952176 0.000796761967 -0.00615709817
v -0.0102724848 0.00164696262 -0.00389998948
v -0.0109584151 0.000280704953 -0.00592571294
v -0.0110146819 -4.50156425e-07 -0.00581079519
v -0.0104976712 0.000826981522 -0.00354414975
v -0.0111273347 -0.000562998794 -0.00558095967
v -0.0111510573 -0.000824067138 -0.00548392331
v -0.0106373845 -1.99408753e-05 -0.00320809877
v -0.0112062512 -0.00142881586 -0.0052592138
v -0.0112030326 -0.00166580393 -0.005179582
v -0.0106901942 -0.000885519527 -0.0028954128
v -0.0111943303 -0.00230744793 -0.0049640516
v -0.0111700116 -0.0025174351 -0.00490087068
v -0.0106553851 -0.00176105215 -0.00260907209
v -0.0110919295 -0.00318965628 -0.00469857251
v -0.0110522328 -0.00337043717 -0.00465053117
v -0.0105335532 -0.00263783648 -0.00235205686
v -0.0108998833 -0.00406608298 -0.00446551835
v -0.0108510075 -0.00421640589 -0.00443094766
v -0.0103258906 -0.00350722983 -0.0021267513
v -0.0106202183 -0.0049274297 -0.00426739251
v -0.0105682431 -0.00504693701 -0.00424438512
v -0.0100343047 -0.00436052992 -0.00193542039
v -0.0102561532 -0.00576457693 -0.00410634076
v -0.0102068005 -0.00585380509 -0.0040927509
v -0.00966177566 -0.0051892729 -0.00178009069
v -0.0098112641 -0.00656858399 -0.00398403203
v -0.00977001769 -0.0066290231 -0.00397747552
v -0.00921199901 -0.00598523333 -0.0016621927
v -0.00929043872 -0.007330987 -0.00390177762
v -0.00926230533 -0.00736490204 -0.00389975106
v -0.00868950469 -0.00674048378 -0.00158291852
v -0.00869916064 -0.00804373934 -0.003860412
v -0.00868878943 -0.00805411055 -0.003860412
v -0.0080992995 -0.00744751408 -0.00154310262
v -0.00804374797 -0.00869921162 -0.003860412
v -0.00736497027 -0.0092623563 -0.00389975106
v -0.00674043281 -0.00868943646 -0.00158291852
v -0.00733099563 -0.0092904897 -0.00390177762
v -0.00662909133 -0.00977000906 -0.00397747552
v -0.00598524196 -0.00921199038 -0.0016621927
v -0.00656853301 -0.00981131508 -0.00398403203
v -0.00585387332 -0.0102067323 -0.0040927509
v -0.00518928153 -0.00966176703 -0.00178009069
v -0.00576458556 -0.0102561445 -0.00410634076
v -0.00504694564 -0.0105682941 -0.00424438512
v -0.00436053855 -0.0100342961 -0.00193542039
v -0.00492737872 -0.0106202693 -0.00426739251
v -0.00421641452 -0.0108510585 -0.00443094766
v -0.00350723845 -0.0103258224 -0.0021267513
v -0.0040660916 -0.0108998151 -0.00446551835
v -0.0033705054 -0.0110522838 -0.00465053117
v -0.00263784511 -0.0105336042 -0.00235205686
v -0.00318966491 -0.0110918613 -0.00469857251
v -0.00251744372 -0.011170003 -0.00490087068
v -0.00176106078 -0.0106554361 -0.00260907209
v -0.00230751616 -0.0111943813 -0.0049640516
v -0.00166581256 -0.0112030239 -0.005179582
v -0.000885468549 -0.010690126 -0.0028954128
v -0.00142882449 -0.0112062426 -0.0052592138
v -0.000824075765 -0.0111511083 -0.00548392331
v -2.00091071e-05 -0.0106373759 -0.00320809877
v -0.000563007421 -0.0111272664 -0.00558095967
v -4.58783629e-07 -0.0110146733 -0.00581079519
v 0.000826972895 -0.0104977222 -0.00354414975
v 0.00028075593 -0.0109584065 -0.00592571294
v 0.000796812945 -0.010795209 -0.00615709817
v 0.0016470136 -0.0102724762 -0.00389998948
v 0.00109340566 -0.0107013912 -0.00629001653
v 0.00155987161 -0.0104948611 -0.00651913678
v 0.00243176835 -0.00996396258 -0.0042723993
v 0.00186659711 -0.0103589626 -0.00666993653
v 0.00228108781 -0.0101165505 -0.00689357316
v 0.00317360776 -0.00957516148 -0.0046573261
v 0.00259198564 -0.0099347563 -0.00706141984
v 0.0029534282 -0.00966409161 -0.00727659261
v 0.00386514085 -0.00911000683 -0.00505119359
v 0.00487067121 -0.00752184107 -0.00865894353
v 0.00502910035 -0.00721225455 -0.00881832635
v 0.00599946397 -0.00658843233 -0.00663667714
v 0.00525452512 -0.00677159741 -0.00904518163
v 0.00536884683 -0.00646916344 -0.00918704068
v 0.00634862798 -0.00582412197 -0.00701588189
v 0.00555469411 -0.00597760393 -0.00941771066
v 0.00562908071 -0.00568804457 -0.00954168832
v 0.006615776 -0.00502077057 -0.0073804239
v 0.00576784032 -0.00514826491 -0.00977271592
v 0.00580729859 -0.00487664654 -0.00987869298
v 0.00679852384 -0.00418624594 -0.00772672689
v 0.00589193719 -0.00429240181 -0.0101065019
v 0.00590159314 -0.00404289677 -0.0101947168
v 0.00689484494 -0.00332895233 -0.00805145299
v 0.00592555421 -0.00341901495 -0.010415254
v 0.00591101068 -0.00319519951 -0.0104865411
v 0.00690378564 -0.00245729401 -0.00835138356
v 0.00586833375 -0.00253740265 -0.0106959919
v 0.0058355512 -0.00234183981 -0.0107514242
v 0.00682546514 -0.00158009245 -0.00862341916
v 0.00572087186 -0.00165692284 -0.0109456161
v 0.00567592996 -0.00149128153 -0.0109867433
v 0.00666047948 -0.000705871127 -0.00886493718
v 0.00548471826 -0.00078687384 -0.0111615041
v 0.00543357747 -0.000651988528 -0.0111899952
v 0.0064104976 0.000156548478 -0.00907343423
v 0.00516249555 6.34460228e-05 -0.0113412718
v 0.00511099713 0.000167754151 -0.0113592724
v 0.00607802289 0.000998583295 -0.00924700296
v 0.00475742238 0.000885096051 -0.01148325
v 0.0047114076 0.000959780671 -0.011492906
v 0.00566639321 0.00181194828 -0.00938385522
v 0.0042739095 0.00166937397 -0.0115856508
v 0.00423862355 0.00171622322 -0.0115895847
v 0.00517966168 0.00258853719 -0.0094824413
v 0.00371720212 0.00240793512 -0.0116475204
v 0.00369741338 0.00242969082 -0.0116482357
v 0.00462259667 0.00332060144 -0.00954204595
v -0.00715242011 -0.00137910559 0.00701052153
v -0.00625441653 -0.000580641769 0.00916475261
v -0.00654600245 0.000272658326 0.0089734217
v 0.00958074945 0.00321712778 -0.00025266206
v 0.0101903858 0.00393643663 0.00202673877
v 0.0104403676 0.00307401703 0.00223523581
v 0.00769402402 0.00900330827 0.00387591327
v 0.00771583932 0.00898345993 0.00387531722
v 0.00710048097 0.00840249345 0.00155812705
v -0.0046486674 0.00787803219 0.00846213305
v -0.00437794311 0.00823953436 0.00824684108
v -0.0053300677 0.00764503763 0.0060489794
v -0.00452516658 -0.00128248646 0.0115394017
v -0.00492058379 -0.000567707561 0.0114306828
v -0.0058818875 -0.00140938475 0.00932008231
v -0.00400434119 -0.00204488947 0.0116216561
v -0.00448392016 -0.00134292557 0.0115459582
v -0.00543211085 -0.00220534518 0.0094379803
v -0.00341306312 -0.00275758221 0.0116630217
v -0.0039762078 -0.00207880452 0.0116236826
v -0.00490961654 -0.00296059563 0.00951725447
v -0.00309298617 -0.00309297755 0.0116682669
v -0.00340293033 -0.00276825144 0.0116632601
v -0.00431941134 -0.00366762593 0.00955707038
v 0.00969340222 -0.00293425038 0.00726014579
v 0.00941147225 -0.00326916888 0.00747019255
v 0.00885023492 -0.00418988182 0.00525027716
v 0.0100435199 0.00617125318 0.00404030288
v 0.0103970947 0.00545385168 0.00416416133
v 0.00985791104 0.00477847145 0.00185317004
v 0.00956012624 0.0069555311 0.00393778289
v 0.00999750512 0.0062458782 0.00403052771
v 0.00944628137 0.00559183643 0.00171643698
v 0.00900329965 0.00769403265 0.00387591327
v 0.00952472108 0.00700238035 0.00393384898
v 0.00895954984 0.00636842535 0.00161773169
v 0.0104485931 0.00534960315 0.00418216193
v 0.010719675 0.004634109 0.00433343852
v 0.0107708158 0.00449922369 0.00436192954
v 0.0109620275 0.003794816 0.00453669036
v 0.0110069694 0.00362917469 0.00457781756
v 0.0111216487 0.00294431732 0.00477200949
v 0.0106053533 0.0021997957 0.00247675383
v 0.0111544313 0.00274869487 0.00482744181
v 0.0111971082 0.00209095762 0.00503689254
v 0.0106836738 0.00132259414 0.00274878943
v 0.0112116517 0.00186708257 0.00510817969
v 0.0111876907 0.00124320076 0.00532871688
v 0.0106747331 0.000450935818 0.00304872
v 0.0111780347 0.000993695714 0.00541693175
v 0.0110933961 0.00040951059 0.0056447407
v 0.010578412 -0.000406357787 0.00337344611
v 0.0110540571 0.000137832619 0.00575071776
v 0.0109151782 -0.000401947044 0.00598174537
v 0.0103956641 -0.00124088242 0.0037197491
v 0.0108407916 -0.000691506408 0.00610572303
v 0.0106549444 -0.00118306591 0.006336393
v 0.0101285161 -0.00204423382 0.00408441031
v 0.0105406226 -0.00148549988 0.00647825206
v 0.0103151979 -0.00192615702 0.00670510733
v 0.00977935212 -0.00280854418 0.00446349585
v 0.0101568879 -0.00223574354 0.00686449015
v 0.00989927667 -0.00262382939 0.00708431208
v 0.00935186761 -0.0035261245 0.00485342944
v 0.00885631459 -0.00385585739 0.00785893405
v 0.00854792016 -0.00414714529 0.00806325877
v 0.007645029 -0.00533011868 0.0060489794
v 0.00823952573 -0.00437799408 0.00824684108
v 0.00787808316 -0.00464865877 0.00846213305
v 0.00695349591 -0.00579527333 0.0064428469
v 0.00756718534 -0.00483045294 0.00862986052
v 0.00715269464 -0.00507286503 0.00885349715
v 0.0062116565 -0.00618407442 0.0068278929
v 0.00684596913 -0.00520876362 0.0090042969
v 0.00637962239 -0.00541529372 0.00923341716
v 0.00542690175 -0.00649258807 0.00720018351
v 0.00608291047 -0.00550911143 0.00936633551
v 0.00556685346 -0.00567230894 0.00959772075
v 0.00460686105 -0.00671783402 0.00755602324
v 0.00528563874 -0.00572857573 0.0097126385
v 0.00472309011 -0.0058411689 0.00994247401
v 0.00375987905 -0.0068574877 0.00789207423
v 0.00446202176 -0.00586495116 0.0100395104
v 0.00385727304 -0.00592008545 0.0102642199
v 0.0028944196 -0.00691023781 0.0082047602
v 0.00362028497 -0.00591692641 0.0103438517
v 0.00297870057 -0.00590828373 0.0105593821
v 0.00201882737 -0.00687554791 0.00849110091
v 0.0027686538 -0.00588384583 0.010622563
v 0.00209643262 -0.00580576374 0.0108248612
v 0.00114204305 -0.00675371601 0.00874811614
v 0.00191571134 -0.00576618626 0.0108730217
v 0.00122000592 -0.00561371758 0.0110579153
v 0.000272649699 -0.00654593422 0.0089734217
v 0.00106968301 -0.00556496098 0.011092486
v 0.000358718806 -0.00533417179 0.0112560412
v -0.000580650396 -0.0062544079 0.00916475261
v 0.000239151888 -0.00528213694 0.0112790486
v -0.000478488035 -0.00497004702 0.0114170929
v -0.00140939338 -0.00588187887 0.00932008231
v -0.000567656583 -0.00492063477 0.0114306828
v -0.00128243548 -0.00452521756 0.0115394017
v -0.0022053538 -0.00543210223 0.0094379803
v -0.00134287459 -0.00448391154 0.0115459582
v -0.0020448981 -0.00400439217 0.0116216561
v -0.00296054465 -0.0049095483 0.00951725447
v -0.00207875354 -0.00397625878 0.0116236826
v -0.00275765044 -0.00341311409 0.0116630217
v -0.00366769416 -0.00431946232 0.00955707038
v -0.00276826007 -0.0034029217 0.0116632601
v -0.00497005565 -0.000478419803 0.0114170929
v -0.00528214557 0.000239160516 0.0112790486
v -0.00533412082 0.000358667828 0.0112560412
v -0.00556491 0.00106969164 0.011092486
v -0.0056136666 0.00122001455 0.0110579153
v -0.00576613528 0.00191566036 0.0108730217
v -0.00675366504 0.00114205167 0.00874811614
v -0.00580571277 0.00209644125 0.0108248612
v -0.00588391406 0.00276866243 0.010622563
v -0.00687549693 0.002018836 0.00849110091
v -0.00590823276 0.00297864959 0.0105593821
v -0.00591693503 0.0036202936 0.0103438517
v -0.00691030604 0.00289436863 0.0082047602
v -0.00592015368 0.00385734127 0.0102642199
v -0.00586495978 0.00446203039 0.0100395104
v -0.00685749633 0.00375994728 0.00789207423
v -0.00584111793 0.00472309873 0.00994247401
v -0.00572858436 0.00528564737 0.0097126385
v -0.00671778304 0.00460686968 0.00755602324
v -0.00567231757 0.00556686208 0.00959772075
v -0.00550912005 0.0060829191 0.00936633551
v -0.00649259669 0.00542685077 0.00720018351
v -0.00541530234 0.00637957142 0.00923341716
v -0.00520871264 0.00684597776 0.0090042969
v -0.00618408305 0.00621166513 0.0068278929
v -0.00507281405 0.00715270326 0.00885349715
v -0.00483046157 0.00756719396 0.00862986052
v -0.00579534156 0.00695350454 0.0064428469
v -0.00385580642 0.00885632322 0.00785893405
v -0.00357363803 0.0091551213 0.00766116584
v -0.00418983085 0.00885018394 0.00525027716
v -0.0032691775 0.00941142128 0.00747019255
v -0.0029341994 0.00969335125 0.00726014579
v -0.00352607352 0.00935187624 0.00485342944
v -0.00262377841 0.0098993449 0.00708431208
v -0.00223575217 0.010156837 0.00686449015
v -0.00280855281 0.00977936075 0.00446349585
v -0.00192616565 0.0103152065 0.00670510733
v -0.0014854489 0.0105406909 0.00647825206
v -0.00204430205 0.0101284652 0.00408441031
v -0.00118301494 0.0106550126 0.006336393
v -0.000691515035 0.0108408003 0.00610572303
v -0.00124083144 0.0103956728 0.0037197491
v -0.000401955671 0.0109152465 0.00598174537
v 0.000137823992 0.0110540061 0.00575071776
v -0.000406366415 0.010578361 0.00337344611
v 0.000409501963 0.0110934047 0.0056447407
v 0.000993746691 0.0111780433 0.00541693175
v 0.000450986796 0.0106746821 0.00304872
v 0.00124325173 0.0111876397 0.00532871688
v 0.00186707395 0.0112116604 0.00510817969
v 0.00132252591 0.0106836824 0.00274878943
v 0.00209094899 0.0111971168 0.00503689254
v 0.00274874585 0.0111544399 0.00482744181
v 0.00219978707 0.0106053619 0.00247675383
v 0.00294424909 0.0111216573 0.00477200949
v 0.00362922566 0.011006978 0.00457781756
v 0.00307394879 0.0104403167 0.00223523581
v 0.00379480737 0.0109619765 0.00453669036
v 0.00449921506 0.0107708244 0.00436192954
v 0.003936428 0.0101903944 0.00202673877
v 0.00463415998 0.0107196836 0.00433343852
v 0.00534953492 0.0104485421 0.00418216193
v 0.00477852243 0.00985791967 0.00185317004
v 0.00545384305 0.0103971629 0.00416416133
v 0.00617124455 0.0100435285 0.00404030288
v 0.00559188741 0.00944628999 0.00171643698
v 0.00624586957 0.00999751375 0.00403052771
v 0.00695552247 0.00956007526 0.00393778289
v 0.00636841672 0.00895949886 0.00161773169
v 0.00700237172 0.00952472971 0.00393384898
v 0.00924243348 0.00407400415 -0.000429330227
v 0.00855602639 0.00334295318 -0.00268298185
v -0.00677333457 -0.0022223921 0.00716859305
v -0.00759790523 -0.0030077429 0.00498038733
v 0.00882365125 0.00490161464 -0.000568447468
v 0.00813354867 0.00417771623 -0.00282329118
v 0.00737668889 0.00342091606 -0.00504582917
v -0.00631569011 -0.00303230002 0.0072885176
v -0.00713632686 -0.00382462456 0.00510138476
v -0.00789306743 -0.00458142474 0.00287896598
v 0.00832833665 0.00569179342 -0.000668940899
v 0.00763394254 0.00497468994 -0.00292461908
v 0.00687720197 0.00421788976 -0.00514703786
v 0.00605871099 0.00342222736 -0.00733381307
v -0.00578401668 -0.00380084231 0.00736922229
v -0.00660000426 -0.00459978297 0.0051826855
v -0.00735686404 -0.00535658314 0.00296026671
v -0.00805352313 -0.00607040837 0.000704230907
v 0.0089835109 0.00771578834 0.00387531722
v 0.00840248483 0.00710048959 0.00155812705
v 0.00776149648 0.00643673227 -0.000729499218
v 0.00706233399 0.00572600649 -0.00298577344
v 0.00630547422 0.00496920631 -0.00520831144
v 0.00549199002 0.00416716621 -0.0073944906
v -0.00518355948 -0.00452027037 0.00740963424
v -0.00599442107 -0.00532540991 0.00522357428
v -0.00675116164 -0.00608221009 0.0030011555
v -0.00745306594 -0.00678983643 0.000744762066
v 0.00594748872 -0.00732121184 -0.00363749063
v 0.00507034677 -0.00796976998 -0.00584989583
v 0.00557197946 -0.00730601265 -0.00624674356
v -0.00848148448 0.00472125099 -0.0028248409
v -0.00910995585 0.00386514948 -0.00505119359
v -0.00957522971 0.00317361639 -0.0046573261
v 0.00837911981 0.00837906883 0.00385517085
v 0.00778080838 0.00778075741 0.00153809989
v 0.00712897199 0.00712892101 -0.000749884007
v 0.00642420667 0.00642421529 -0.00300627744
v 0.0056674661 0.00566741512 -0.00522869622
v 0.00485934632 0.00485935495 -0.00741475618
v 0.00400092023 0.00400086925 -0.00956207311
v 0.00309290307 0.0030929713 -0.0116682628
v 0.00983514207 0.0023396282 -4.04695244e-05
v 0.00889720338 0.00247868583 -0.00250488317
v 0.00779916661 0.00258615301 -0.00490540063
v 0.00655402558 0.00263204858 -0.00723343885
v 0.0100029887 0.00145008848 0.000205220821
v 0.00915374177 0.00159361646 -0.00229078328
v 0.00814046281 0.00172188566 -0.00472730195
v 0.00697292703 0.00180443809 -0.0070942024
v 0.0100827398 0.000557449319 0.000482024792
v 0.00932313817 0.00069644735 -0.00204294717
v 0.0083970012 0.000836816289 -0.00451320207
v 0.00731124299 0.000947561719 -0.00691765344
v 0.0100735606 -0.000329467796 0.000787200573
v 0.00940348523 -0.000203880809 -0.00176375901
v 0.00856627839 -6.03528244e-05 -0.00426536596
v 0.00756551641 7.00621383e-05 -0.0067054609
v 0.00997557061 -0.00120178177 0.00111764872
v 0.00939430612 -0.00109848692 -0.00145596063
v 0.00864674466 -0.000960680984 -0.0039861778
v 0.00773348229 -0.00081947758 -0.00645965135
v 0.00978972333 -0.00205090954 0.00147003138
v 0.00929536241 -0.00197831108 -0.00112265145
v 0.00863744634 -0.00185522749 -0.00367837941
v 0.00781323331 -0.00171211674 -0.00618284738
v 0.00951780694 -0.00286838724 0.00184101069
v 0.0091079654 -0.00283477022 -0.000767169354
v 0.00853862184 -0.00273511126 -0.00334518945
v 0.00780405419 -0.00259903385 -0.00587779081
v 0.00916256326 -0.00364610865 0.00222677195
v 0.00883366483 -0.00365928128 -0.000393090603
v 0.00835110562 -0.0035915704 -0.00298970735
v 0.00770594495 -0.00347134783 -0.00554734266
v 0.00872756856 -0.00437626555 0.00262361968
v 0.00847544091 -0.0044436784 -3.99148183e-06
v 0.00807692426 -0.00441608145 -0.00261550939
v 0.00752009767 -0.0043204756 -0.00519484079
v 0.00821711438 -0.00505164578 0.00302738154
v 0.00803663152 -0.00518015339 0.000396194103
v 0.00771858113 -0.00520047858 -0.00222641027
v 0.00724818128 -0.0051379533 -0.00482386148
v 0.0075217666 -0.00586137488 0.000803532246
v 0.00727989095 -0.00593695357 -0.00182622468
v 0.00689293759 -0.00591567471 -0.00443810022
v 0.00676502603 -0.00661817505 -0.00141888654
v 0.0064579429 -0.00664583161 -0.0040413717
v 0.00461317914 -0.00790992691 -0.0084391216
v 0.00326182263 -0.00943324282 -0.00746029412
v 0.00357021707 -0.00914195492 -0.00766449964
v 0.00449945348 -0.00857308819 -0.00545006787
v 0.00536670106 -0.00793513968 -0.00323062932
v 0.00617911237 -0.00723740771 -0.00100856816
v 0.00693597215 -0.00648060753 0.00121385062
v 0.00763620751 -0.00566557362 0.00343424285
v 0.00827934163 -0.00479320004 0.00565010512
v 0.00915517228 -0.0035736294 0.00766116584
v 0.00386907476 -0.00885972693 -0.00786226785
v 0.00412525552 -0.0085552664 -0.00805324113
v 0.00440718549 -0.0082203479 -0.0082632879
v 0.00472118276 -0.00848147585 -0.0028248409
v 0.00552811044 -0.00778839304 -0.000599203465
v 0.00628485101 -0.00703165247 0.00162321532
v 0.00699080842 -0.00621190979 0.00384003127
v 0.00401760953 -0.00895479634 -0.00242405927
v 0.00481833833 -0.00826582625 -0.000194964764
v 0.00557519811 -0.00750902607 0.00202745402
v 0.00628711598 -0.00668523028 0.0042408129
v 0.0032626571 -0.00935039236 -0.00203233754
v 0.0040570678 -0.00866481974 0.000200094822
v 0.00481380837 -0.00790801956 0.00242263282
v 0.00553228276 -0.0070808263 0.00463265384
v 0.00246419328 -0.00966433003 -0.00165349042
v 0.00325157064 -0.00898149922 0.000582279804
v 0.00400831121 -0.00822469904 0.00280469859
v 0.00473369973 -0.00739476397 0.00501150096
v 0.00162984746 -0.00989350989 -0.0012913326
v 0.00241007226 -0.00921264603 0.000947537067
v 0.00316681283 -0.00845584585 0.00316995585
v 0.00389935391 -0.00762394383 0.00537365878
v 0.000767964297 -0.0100356074 -0.000949440357
v 0.00154079812 -0.0093559952 0.00129229033
v 0.00229753869 -0.00859919503 0.00351482833
v 0.00303758996 -0.0077660413 0.00571543181
v -0.000112753934 -0.0100893111 -0.000631270763
v 0.000652450495 -0.00941011622 0.00161332095
v 0.00140931027 -0.00865331604 0.00383573973
v 0.00215687173 -0.00781974509 0.00603360141
v -0.00100360496 -0.0100539656 -0.00033992326
v -0.000246149129 -0.00937447264 0.00190717185
v 0.00051071065 -0.00861767247 0.00412959063
v 0.0012659015 -0.00778439953 0.00632494891
v -0.00189576728 -0.00992998793 -7.83780785e-05
v -0.00114594085 -0.0092494221 0.00217098201
v -0.000389200277 -0.00849262192 0.00439340079
v 0.000373739176 -0.00766042187 0.0065866133
v -0.00278041942 -0.00971862986 0.000150980595
v -0.00203822238 -0.00903621628 0.00240224803
v -0.00128148181 -0.00827941611 0.00462466681
v -0.000510793752 -0.0074490638 0.00681585276
v -0.00364873988 -0.00942191794 0.000345530155
v -0.00291393382 -0.00873700096 0.00259846652
v -0.00215719325 -0.00798020079 0.00482100451
v -0.00137911422 -0.00715235188 0.00701052153
v -0.0044920264 -0.009042892 0.000503601673
v -0.0037644921 -0.00835469677 0.00275796855
v -0.00300775153 -0.0075978966 0.00498038733
v -0.00222240073 -0.00677332594 0.00716859305
v -0.00530193431 -0.00858524754 0.000623645428
v -0.00458143336 -0.0078930588 0.00287896598
v -0.00382457358 -0.00713625862 0.00510138476
v -0.00303230864 -0.00631568148 0.0072885176
v -0.00607035739 -0.0080535145 0.000704230907
v -0.00535653216 -0.00735679581 0.00296026671
v -0.00459979159 -0.00659999564 0.0051826855
v -0.00380085093 -0.00578394844 0.00736922229
v -0.00805411918 -0.00868884041 -0.003860412
v -0.00744758231 -0.00809935047 -0.00154310262
v -0.00678978545 -0.00745311692 0.000744762066
v -0.00608215911 -0.00675115301 0.0030011555
v -0.00532541854 -0.00599435284 0.00522357428
v -0.004520279 -0.00518349125 0.00740963424
v -0.00744901282 -0.00051084473 0.00681585276
v -0.00798020942 -0.00215718462 0.00482100451
v -0.0083546458 -0.00376454308 0.00275796855
v -0.00858519656 -0.00530186608 0.000623645428
v -0.0076604901 0.000373747803 0.0065866133
v -0.00827942473 -0.00128141358 0.00462466681
v -0.00873694999 -0.0029139848 0.00259846652
v -0.00904284102 -0.00449195816 0.000503601673
v -0.00778434855 0.00126596973 0.00632494891
v -0.00849269015 -0.00038919165 0.00439340079
v -0.00903628451 -0.00203821375 0.00240224803
v -0.00942192656 -0.00364867165 0.000345530155
v -0.00781975371 0.00215682075 0.00603360141
v -0.0086177407 0.000510719277 0.00412959063
v -0.00924943072 -0.00114599182 0.00217098201
v -0.00971863849 -0.00278041079 0.000150980595
v -0.00776610953 0.00303753898 0.00571543181
v -0.00865326507 0.0014092593 0.00383573973
v -0.00937448127 -0.000246080898 0.00190717185
v -0.00992999656 -0.00189581826 -7.83780785e-05
v -0.00762389285 0.00389936254 0.00537365878
v -0.00859914405 0.00229760692 0.00351482833
v -0.00941012485 0.000652459122 0.00161332095
v -0.0100539742 -0.00100359633 -0.00033992326
v -0.0073947726 0.00473370836 0.00501150096
v -0.00845585448 0.00316682146 0.00316995585
v -0.00935600383 0.00154080675 0.00129229033
v -0.0100892602 -0.000112745307 -0.000631270763
v -0.00708077533 0.00553229139 0.00463265384
v -0.00822470767 0.00400837944 0.00280469859
v -0.00921259505 0.00241002128 0.000947537067
v -0.010035616 0.000767972924 -0.000949440357
v -0.0066852389 0.00628712461 0.0042408129
v -0.0079080878 0.004813817 0.00242263282
v -0.00898144824 0.00325157926 0.000582279804
v -0.00989351851 0.00162979648 -0.0012913326
v -0.00621185882 0.00699081705 0.00384003127
v -0.0075089751 0.00557520673 0.00202745402
v -0.00866482837 0.00405701683 0.000200094822
v -0.00966427905 0.0024641423 -0.00165349042
v -0.0070316611 0.00628491924 0.00162321532
v -0.00826583487 0.00481840656 -0.000194964764
v -0.00935040099 0.00326272533 -0.00203233754
v -0.00778840167 0.00552811907 -0.000599203465
v -0.00895474536 0.00401755855 -0.00242405927
v -0.0101165591 0.00228109644 -0.00689357316
v -0.00885973556 0.00386902378 -0.00786226785
v -0.00914190394 0.00357022569 -0.00766449964
v -0.00857315642 0.00449946211 -0.00545006787
v -0.00793514831 0.00536670969 -0.00323062932
v -0.00723741633 0.006179121 -0.00100856816
v -0.00648055655 0.00693592117 0.00121385062
v -0.00566552264 0.00763627575 0.00343424285
v -0.00479326827 0.00827935026 0.00565010512
v -0.00414715392 0.00854786918 0.00806325877
v -0.00943325145 0.00326177166 -0.00746029412
v -0.00966404063 0.00295343683 -0.00727659261
v -0.00993476493 0.00259193466 -0.00706141984
v -0.00732122046 0.00594755695 -0.00363749063
v -0.00661812407 0.00676497505 -0.00141888654
v -0.0058613835 0.00752177522 0.000803532246
v -0.0050515948 0.00821712301 0.00302738154
v -0.00664578063 0.00645801113 -0.0040413717
v -0.00593696219 0.00727983997 -0.00182622468
v -0.00518010241 0.00803664015 0.000396194103
v -0.00437627418 0.00872757719 0.00262361968
v -0.00591562373 0.00689300583 -0.00443810022
v -0.0052004872 0.00771858976 -0.00222641027
v -0.00444374663 0.00847538994 -3.99148183e-06
v -0.00364611728 0.00916257188 0.00222677195
v -0.00513802154 0.0072481899 -0.00482386148
v -0.00441609008 0.00807687328 -0.00261550939
v -0.00365934951 0.00883367346 -0.000393090603
v -0.00286839587 0.00951775596 0.00184101069
v -0.00432048423 0.00752010629 -0.00519484079
v -0.00359163863 0.00835111425 -0.00298970735
v -0.00283477885 0.00910791443 -0.000767169354
v -0.00205097777 0.00978967235 0.00147003138
v -0.00347135646 0.00770601318 -0.00554734266
v -0.00273511989 0.00853857086 -0.00334518945
v -0.00197837932 0.00929537103 -0.00112265145
v -0.00120185 0.00997557924 0.00111764872
v -0.00259898288 0.00780400322 -0.00587779081
v -0.00185523612 0.00863745496 -0.00367837941
v -0.00109849555 0.00939425514 -0.00145596063
v -0.000329476423 0.0100735693 0.000787200573
v -0.00171206576 0.00781318233 -0.00618284738
v -0.000960689611 0.00864669368 -0.0039861778
v -0.000203949041 0.00940349386 -0.00176375901
v 0.000557440691 0.0100827484 0.000482024792
v -0.000819426603 0.00773343132 -0.00645965135
v -6.04210563e-05 0.00856628702 -0.00426536596
v 0.000696438723 0.00932308719 -0.00204294717
v 0.00145007985 0.0100029974 0.000205220821
v 6.99939065e-05 0.00756558464 -0.0067054609
v 0.000836867266 0.00839695022 -0.00451320207
v 0.00159360784 0.0091537504 -0.00229078328
v 0.00233961957 0.0098351507 -4.04695244e-05
v 0.000947612696 0.00731119201 -0.00691765344
v 0.00172187703 0.00814041183 -0.00472730195
v 0.00247873681 0.00889721201 -0.00250488317
v 0.00321711915 0.00958075807 -0.00025266206
v 0.00180436986 0.00697293565 -0.0070942024
v 0.00258614438 0.00779917524 -0.00490540063
v 0.00334288495 0.00855597542 -0.00268298185
v 0.00407399552 0.00924250171 -0.000429330227
v 0.00263203996 0.00655403421 -0.00723343885
v 0.00342084783 0.00737669752 -0.00504582917
v 0.00417770761 0.00813349769 -0.00282329118
v 0.00490166562 0.00882360027 -0.000568447468
v 0.00342227834 0.00605877922 -0.00733381307
v 0.00421788114 0.00687715099 -0.00514703786
v 0.00497474092 0.00763395116 -0.00292461908
v 0.00569178479 0.00832834528 -0.000668940899
v 0.00242962258 0.0036973624 -0.0116482357
v 0.00332059281 0.0046226053 -0.00954204595
v 0.00416709798 0.00549199865 -0.0073944906
v 0.00496925729 0.00630548284 -0.00520831144
v 0.00572599786 0.00706228302 -0.00298577344
v 0.00643672364 0.00776156471 -0.000729499218
v 0.00164856332 -0.00443116143 0.0114917179
v 0.00242831128 -0.00460204794 0.011284413
v 0.00220741647 -0.000636074088 0.010009112
v 0.0030073108 -0.000785681747 0.00978774035
v 0.000882286005 -0.00418243124 0.0116680285
v 0.00144066232 -0.000320467494 0.0101627728
v 0.000137585574 -0.00385848 0.011811318
v 0.00321318524 -0.00469324305 0.0110481402
v 0.00399495976 -0.00470373347 0.0107856413
v 0.00380279439 -0.000762257121 0.00950879062
v -0.000577789373 -0.00346276476 0.0119201561
v 0.000742691927 0.000146415688 0.0102414509
v -0.00125609023 -0.00299939825 0.0119933506
v 0.000146407061 0.000742700555 0.0102414509
v -0.000320535726 0.00144061134 0.0101627728
v -0.00346277339 -0.000577780746 0.0119201561
v -0.000636082716 0.0022074251 0.010009112
v -0.00418243987 0.000882294633 0.0116680285
v -0.00385854823 0.000137534596 0.011811318
v -0.000785690374 0.00300725982 0.00978774035
v -0.00460205657 0.00242831991 0.011284413
v -0.00443122966 0.00164857195 0.0114917179
v -0.00448332412 0.00551584051 0.0101925751
v -0.000762206144 0.00380280302 0.00950879062
v -0.000566941328 0.00455680177 0.00918549502
v -0.000208717412 0.00523402975 0.00883299315
v -0.00394998176 0.00692674205 0.00953060592
v -0.0042546807 0.00623890445 0.00986856425
v -5.2076406e-05 0.0102078585 0.0070858618
v -0.000758391447 0.00994088934 0.00741738284
v 0.00164200681 0.00651493356 0.00776654685
v 0.000922101908 0.00623652027 0.00810653174
v 0.00242127793 0.00662496374 0.00746375525
v 0.00322367566 0.00656148479 0.00721210444
v 0.0030086221 0.0104869275 0.00594860518
v -0.00463352782 0.00476517961 0.0104994198
v -0.00470374209 0.00399490879 0.0107856413
v -0.00469325168 0.00321319387 0.0110481402
v 0.000295418673 0.00580277727 0.00846761668
v -0.00312636477 0.00816794918 0.00882739032
v -0.00357256515 0.00757202194 0.00918227637
v -0.00142584426 0.00959941433 0.00776094401
v -0.00204728229 0.00918706939 0.00811296904
v -0.00261614901 0.00870820568 0.00846976245
v 0.00401164907 0.00632753656 0.00702339614
v 0.00456597226 0.0101456313 0.00553447211
v 0.00379194634 0.0103557377 0.00572651828
v 0.00474836247 0.00593396709 0.00690657103
v 0.00605358499 0.00949856327 0.00524836982
v 0.00532247441 0.00985893295 0.00537449324
v 0.00906850713 0.00675126598 0.00515717471
v 0.00857307332 0.00740834758 0.00510210002
v 0.00593401807 0.0047483115 0.00690657103
v 0.0053992452 0.00539925382 0.00686711276
v 0.00949861424 0.00605353401 0.00524836982
v 0.00632752793 0.00401165769 0.00702339614
v 0.00985886472 0.00532254265 0.00537449324
v 0.0101456823 0.00456598089 0.00553447211
v 0.00656153577 0.00322368429 0.00721210444
v 0.010355729 0.00379195497 0.00572651828
v 0.0104868593 0.00300863073 0.00594860518
v 0.00662495511 0.00242128656 0.00746375525
v 0.0105378808 0.00222429321 0.00619834864
v 0.00523402112 -0.000208708785 0.00883299315
v 0.00455679315 -0.000566873096 0.00918549502
v 0.00692667382 -0.00394997313 0.00953060592
v 0.00476517098 -0.00463351919 0.0104994198
v 0.00551583188 -0.00448331549 0.0101925751
v 0.00623883622 -0.00425461247 0.00986856425
v -0.00299940688 -0.0012560816 0.0119933506
v -0.00247333629 -0.00189015581 0.0120300671
v -0.00189016444 -0.00247332766 0.0120300671
v 0.00222422498 0.0105378299 0.00619834864
v 0.00144721883 0.0105079679 0.00647312606
v 0.000685829096 0.0103975801 0.0067700764
v 0.00801779645 0.00801774547 0.00508374179
v 0.00740827935 0.00857308195 0.00510210002
v 0.00675131696 0.00906845615 0.00515717471
v 0.0105079593 0.00144728706 0.00647312606
v 0.00651492494 0.00164195583 0.00776654685
v 0.0103975715 0.000685778119 0.0067700764
v 0.00623657125 0.000922110535 0.00810653174
v 0.00994088071 -0.000758442424 0.00741738284
v 0.0102079095 -5.20677788e-05 0.0070858618
v 0.00580276864 0.000295486905 0.00846761668
v 0.00918700116 -0.00204733326 0.00811296904
v 0.00959934609 -0.00142589524 0.00776094401
v 0.00757207292 -0.00357255652 0.00918227637
v 0.00816800015 -0.00312641575 0.00882739032
v 0.00870825666 -0.00261619999 0.00846976245
v 0.00386526006 0.00386520908 0.00236219371
v 0.00321425813 0.00439998195 0.00240177119
v 0.00247766393 0.00479355142 0.00251859629
v 0.00168969052 0.00502749965 0.0027073046
v 0.000887292796 0.005090919 0.0029588362
v 0.000107902461 0.00498088882 0.00326174701
v -0.00061188323 0.00470253513 0.00360161269
v -0.00123856646 0.00426879213 0.00396269763
v -0.00174270255 0.00370004461 0.0043280741
v -0.00210092647 0.00302281664 0.00468069518
v -0.00229631049 0.00226881788 0.00500399077
v -0.00231967551 0.00147327469 0.0052828213
v -0.00217006785 0.000673380353 0.00550431216
v -0.00185452086 -9.33737976e-05 0.00565797293
v -0.00138757808 -0.000791284583 0.00573653186
v -0.000791293211 -0.00138762905 0.00573653186
v -9.34420295e-05 -0.00185451224 0.00565797293
v 0.00067343133 -0.00217011883 0.00550431216
v 0.00147332566 -0.00231966688 0.0052828213
v 0.00226880925 -0.00229624226 0.00500399077
v 0.00302280801 -0.00210091784 0.00468069518
v 0.00370003598 -0.00174275353 0.0043280741
v 0.0042687835 -0.00123855784 0.00396269763
v 0.0047024669 -0.000611874603 0.00360161269
v 0.0049809398 0.000107970692 0.00326174701
v 0.00509096997 0.000887301423 0.0029588362
v 0.00502755063 0.00168969915 0.0027073046
v 0.0047935428 0.00247767255 0.00251859629
v 0.00439991372 0.00321432636 0.00240177119
v -0.000212055273 -0.00021210625 0.0051390549
v 0.000299710207 -0.000615331672 0.00510210002
v 0.000885147028 -0.000882598899 0.00499373877
v 0.00150443929 -0.000995609306 0.00482136214
v 0.00211514848 -0.000946673892 0.00459677184
v 0.00267590898 -0.000739130519 0.00433510745
v 0.00314833539 -0.000387165092 0.00405436957
v 0.00350036042 8.53209274e-05 0.00377363169
v 0.0037079038 0.000646021821 0.0035119673
v 0.0037567796 0.00125685022 0.003287377
v -0.000739198751 0.0026759176 0.00433510745
v -0.000946622915 0.00211521671 0.00459677184
v -0.000995617933 0.00150438831 0.00482136214
v -0.000882607526 0.000885155656 0.00499373877
v -0.000615340299 0.000299718835 0.00510210002
v 0.00187601464 0.00364383743 0.00311500037
v 0.00125684159 0.00375684784 0.003287377
v 0.000646013194 0.00370791242 0.0035119673
v 8.52526956e-05 0.00350036905 0.00377363169
v -0.000387173719 0.00314840362 0.00405436957
v 0.0036437692 0.00187602327 0.00311500037
v 0.00337662118 0.0024615197 0.00300663913
v 0.00297333615 0.00297328518 0.00296968425
v 0.00246145146 0.0033765702 0.00300663913
v 0.00021209138 0.000212100007 -0.00513905084
v -0.0002996741 0.000615325429 -0.00510209596
v -0.000885230131 0.000882592656 -0.00499373471
v -0.00150440318 0.000995603062 -0.00482135808
v -0.00211523158 0.000946667649 -0.00459676778
v -0.00267587287 0.000739124276 -0.00433510339
v -0.00314841849 0.000387158849 -0.00405436551
v -0.00350032432 -8.53271706e-05 -0.00377362764
v -0.00370786769 -0.000646028064 -0.00351196325
v -0.00375686271 -0.00125679686 -0.00328737294
v -0.0036438523 -0.00187602951 -0.00311499631
v -0.00337658507 -0.00246152594 -0.00300663507
v -0.00297330005 -0.00297329142 -0.00296968019
v -0.00246153457 -0.00337657645 -0.00300663507
v -0.00187609775 -0.00364384367 -0.00311499631
v -0.00125680549 -0.00375679447 -0.00328737294
v -0.000645977087 -0.00370791867 -0.00351196325
v -8.53357978e-05 -0.00350037529 -0.00377362764
v 0.000387209826 -0.00314835026 -0.00405436551
v 0.000739115649 -0.00267592385 -0.00433510339
v 0.000946659022 -0.00211516335 -0.00459676778
v 0.00099565404 -0.00150439455 -0.00482135808
v 0.000882643633 -0.000885161899 -0.00499373471
v 0.000615376406 -0.000299725078 -0.00510209596
v 0.00226630586 -0.00107154562 -0.00540143048
v 0.0023297252 -0.00187394335 -0.00514977967
v 0.00221969502 -0.00265327408 -0.00484698808
v 0.00194134133 -0.00337311938 -0.00450700319
v 0.00150753873 -0.00399974301 -0.00414591825
v -0.00107155425 0.00226625488 -0.00540143048
v -0.000283580846 0.00203230665 -0.00559013879
v 0.000453132563 0.00163873718 -0.00570696389
v 0.00110401528 0.00110402391 -0.00574654138
v 0.00163878816 0.000453081586 -0.00570696389
v 0.00203229802 -0.000283572219 -0.00559013879
v -0.00486217124 0.000261571862 -0.00342803991
v -0.00450394732 0.000938799836 -0.00378054177
v -0.00399981124 0.00150754736 -0.00414591825
v -0.003373128 0.00194129036 -0.00450700319
v -0.0026532231 0.00221970365 -0.00484698808
v -0.00187395198 0.00232973383 -0.00514977967
v 0.000938791209 -0.0045039387 -0.00378054177
v 0.000261563235 -0.00486210301 -0.00342803991
v -0.000492435522 -0.00505748703 -0.00310474431
v -0.00128791911 -0.00508091166 -0.00282591378
v -0.00208781344 -0.004931304 -0.00260442292
v -0.00285456759 -0.00461569741 -0.00245076215
v -0.00355253798 -0.00414881422 -0.00237208402
v -0.00414882285 -0.00355252936 -0.00237208402
v -0.00461576564 -0.00285461857 -0.00245076215
v -0.00493131263 -0.00208780482 -0.00260442292
v -0.00508092029 -0.00128797009 -0.00282591378
v -0.00505743606 -0.000492426894 -0.00310474431
v 0.00773443597 0.00903543518 0.0041124245
v 0.00700058358 0.00958868549 0.00417393649
v 0.00622119325 0.0100690989 0.00427562201
v 0.00282027143 0.0111730366 0.00505787337
v 0.00194420236 0.0112298994 0.00533682311
v 0.00107623952 0.0111965208 0.00564378703
v 0.000225800448 0.0110732584 0.00597530806
v -0.000598293371 0.0108613639 0.00632816756
v -0.00138733966 0.0105631022 0.0066983124
v -0.00213287456 0.0101816921 0.00708204711
v -0.00282691104 0.00972112701 0.00747531855
v -0.00118551833 -0.00440785601 0.0117276331
v -0.000386577672 -0.00484988406 0.0116060396
v 0.00304867642 -0.00578221991 0.0107536932
v 0.00392188447 -0.00579402163 0.0104604384
v 0.00478221791 -0.00571558192 0.0101407191
v 0.00562061685 -0.00554773524 0.00979811156
v 0.00642825978 -0.00529238894 0.00943619216
v 0.00719656365 -0.00495210602 0.00905865634
v 0.00791730302 -0.00453052237 0.00866967643
v 0.00858284848 -0.00403216793 0.00827330554
v 0.00380923169 0.0105698972 0.0056151768
v 0.00300242322 0.0107050209 0.00584393943
v 0.00219454186 0.010757473 0.00610119307
v 0.0013942899 0.010726717 0.00638419593
v 0.000610011988 0.0106129913 0.00668996775
v -0.000149947233 0.0104176073 0.00701528991
v -0.000877600736 0.0101425915 0.00735670531
v -0.00156508071 0.00979086445 0.00771063769
v -0.00220511538 0.00936618135 0.00807315314
v -0.00279102904 0.00887295292 0.00844067538
v -0.00331650359 0.00831654356 0.00880903209
v -0.00377617461 0.00770273493 0.00917464698
v -0.0041649161 0.00703808353 0.00953334773
v -0.00447867495 0.00632962272 0.00988143885
v -0.0047141133 0.00558486269 0.0102152249
v -0.00486884696 0.00481167123 0.0105311295
v -0.004941207 0.00401833341 0.0108259341
v -0.00493035895 0.00321313427 0.0110964199
v -0.00483642203 0.00240471647 0.0113397261
v -0.00466046912 0.00160166309 0.0115533491
v -0.00440428836 0.000812378384 0.0117347857
v -0.00407062156 4.52666061e-05 0.011882486
v -0.003663045 -0.000691506408 0.0119945427
v 0.00240470784 -0.00483647301 0.0113397261
v 0.00321318524 -0.00493035033 0.0110964199
v 0.00401832479 -0.00494119837 0.0108259341
v 0.00481166261 -0.00486889794 0.0105311295
v 0.00558485406 -0.00471416428 0.0102152249
v 0.00632955449 -0.00447866633 0.00988143885
v 0.0070380153 -0.00416484787 0.00953334773
v 0.0077027263 -0.00377610638 0.00917464698
v 0.00831653493 -0.00331655457 0.00880903209
v 0.00887300389 -0.00279102042 0.00844067538
v 0.00936617272 -0.00220510676 0.00807315314
v 0.00979091542 -0.00156507208 0.00771063769
v 0.0101425828 -0.000877592109 0.00735670531
v 0.0104175987 -0.00014999821 0.00701528991
v 0.0106129827 0.000609961011 0.00668996775
v 0.0107267083 0.00139423893 0.00638419593
v 0.0107574643 0.0021946101 0.00610119307
v 0.0107050123 0.00300243185 0.00584393943
v 0.0105699481 0.00380929992 0.0056151768
v 0.0103535833 0.00460651205 0.00541740859
v 0.0100581827 0.00538578317 0.00525266135
v 0.00968708413 0.00613870905 0.00512260402
v 0.00984658616 0.00620087669 0.00495153868
v -0.003185731 -0.00139019205 0.012069883
v -0.00337920768 -0.00153437569 0.0120893141
v 0.00924410241 0.00685736225 0.0050287863
v 0.00939132588 0.00693925903 0.00485509837
v 0.0095018329 0.00699218795 0.0046463629
v -0.00264392478 -0.00204328015 0.0121077915
v -0.0028225003 -0.00220534518 0.0121281763
v -0.00299857242 -0.00236699297 0.0120900294
v 0.00873388665 0.00753411338 0.00497204268
v 0.00886716264 0.00763460682 0.00479680503
v 0.00896527188 0.00770380781 0.00458675826
v 0.00902249234 0.00773778246 0.00435406173
v -0.00204322917 -0.00264391615 0.0121077915
v -0.0022053538 -0.00282249167 0.0121281763
v -0.0023670016 -0.00299856379 0.0120900294
v -0.00251863582 -0.00316182091 0.0119956156
v 0.00816180127 0.0081618099 0.00495308841
v 0.00827946084 0.00827946947 0.00477737391
v 0.00836386102 0.00836386964 0.0045667311
v 0.00840999501 0.00840994404 0.00433367694
v 0.00841512101 0.00841512964 0.00409180129
v -0.00139020068 -0.00318572237 0.012069883
v -0.00153432471 -0.00337913945 0.0120893141
v -0.00168023688 -0.00356826498 0.0120502135
v -0.00181923491 -0.00374207213 0.0119550844
v -0.00194321258 -0.00389030888 0.0118094107
v 0.00138475316 -0.0053213568 0.0114018341
v 0.00130118745 -0.0054895611 0.011249127
v 0.00217213052 -0.00568041518 0.0110176226
v 0.00460256951 0.0107570557 0.00483101809
v 0.00455977338 0.0107918648 0.00459534133
v 0.0036951484 0.0110264687 0.00480979884
v 0.00903536695 0.0077344446 0.0041124245
v 0.0102278175 0.00542732761 0.0050851723
v 0.0099677028 0.00623646066 0.0047450682
v 0.00956894773 0.00701298998 0.00441473925
v 0.00958873647 0.0070005326 0.00417393649
v 0.0105313243 0.00462671802 0.00525444949
v 0.0103578748 0.00544479177 0.00488180125
v 0.0100432815 0.0062433748 0.00451523269
v 0.0100691499 0.00622120187 0.00427562201
v 0.0107535304 0.00380763099 0.00545770133
v 0.010668415 0.00462540672 0.00505501235
v 0.0104407253 0.00543710277 0.00465446914
v 0.0104716005 0.00540473745 0.0044166466
v 0.0108924093 0.00297864959 0.00569266284
v 0.0108959855 0.00378706739 0.00526303256
v 0.0107569875 0.00460263775 0.00483101809
v 0.0107917966 0.0045597224 0.00459534133
v 0.0109462919 0.00214865492 0.00595694983
v 0.011038083 0.00293865488 0.0055035969
v 0.0109887304 0.00374886081 0.005042853
v 0.0110265197 0.00369515703 0.00480979884
v 0.0109147014 0.00132640884 0.00624770129
v 0.0110931577 0.00208922908 0.00577408278
v 0.0111334504 0.00288483188 0.00528770888
v 0.0111730279 0.00282022045 0.00505787337
v 0.0107978763 0.000520613648 0.00656181777
v 0.011060852 0.00124767111 0.00607162917
v 0.011189598 0.00201967046 0.00556320155
v 0.0112298908 0.00194415138 0.00533682311
v 0.0105971278 -0.000260207198 0.00689608062
v 0.0109412851 0.000422921635 0.00639313662
v 0.0111566963 0.00116261528 0.00586623156
v 0.0111965122 0.00107630775 0.00564378703
v 0.0103146018 -0.00100770905 0.00724691356
v 0.0107358875 -0.000376138232 0.00673526728
v 0.0110348644 0.000322726228 0.00619369948
v 0.0110732498 0.000225809075 0.00597530806
v 0.00995315927 -0.00171402409 0.00761050189
v 0.0104466857 -0.00114122345 0.00709420646
v 0.0108256521 -0.000491115592 0.00654214824
v 0.0108614148 -0.000598344348 0.00632816756
v 0.00951685327 -0.00237164213 0.00798303092
v 0.0100767793 -0.00186410858 0.00746637786
v 0.0105312051 -0.00127026751 0.00690776313
v 0.0105631532 -0.00138733103 0.0066983124
v 0.00901009458 -0.00297364905 0.00836056674
v 0.0096302213 -0.00253716423 0.00784760917
v 0.0101545038 -0.00200650408 0.00728672946
v 0.0101816835 -0.00213280632 0.00708204711
v 0.00843848603 -0.00351354792 0.00873905623
v 0.00911166089 -0.00315323784 0.00823396647
v 0.00969972032 -0.0026919575 0.00767499411
v 0.00972117799 -0.00282696202 0.00747531855
v 0.00780774968 -0.00398573592 0.00911456549
v 0.00852646249 -0.0037058325 0.00862139666
v 0.00917150395 -0.00331941559 0.00806850398
v 0.00918628591 -0.00346228792 0.007873716
v 0.00712491887 -0.00438508704 0.00948316062
v 0.0078810634 -0.00418910696 0.00900572741
v 0.00857557672 -0.00388214304 0.00846308673
v 0.00639702695 -0.00470748856 0.00984078849
v 0.00718213933 -0.00459787562 0.00938290561
v 0.00791825669 -0.00437429859 0.00885445082
v 0.00563182252 -0.00494948342 0.0101837536
v 0.00643720048 -0.00492778733 0.00974899733
v 0.00720657723 -0.00479057743 0.00923866236
v 0.00483753102 -0.005108449 0.0105083605
v 0.00565411466 -0.00517544463 0.0100999495
v 0.00644781011 -0.00512662842 0.00961142981
v 0.0040223779 -0.005182776 0.0108112713
v 0.0048411073 -0.00533816531 0.0104321858
v 0.00565029996 -0.00537881567 0.00996881926
v 0.00319518464 -0.00517162993 0.0110891482
v 0.00400688069 -0.00541422083 0.0107422491
v 0.00482227223 -0.00554457619 0.0103072544
v 0.00160159486 -0.00466046049 0.0115533491
v 0.00236453431 -0.00507513001 0.01133913
v 0.00316025632 -0.00540277674 0.0110265633
v 0.00397266763 -0.00562200262 0.0106229206
v 0.00153948682 -0.00489428952 0.0115584751
v 0.00231017488 -0.00530407145 0.0112825056
v 0.00311042684 -0.00561037972 0.0109125992
v 0.00146569627 -0.00511899903 0.0115069767
v 0.00224472898 -0.00550982668 0.0111731907
v 0.00044526475 -0.00521174385 0.0114460608
v 0.000539440089 -0.00504699662 0.0115962645
v 0.000635761195 -0.00484958603 0.0116978308
v 0.000728506022 -0.00463113501 0.0117450377
v 0.000812310153 -0.00440427973 0.0117347857
v -0.000282031126 -0.00468966677 0.011754336
v -0.000170808858 -0.00449875309 0.0118530413
v -5.95865912e-05 -0.00428828909 0.0118966719
v 4.51983743e-05 -0.00407061293 0.011882486
v -0.00107107741 -0.00425318196 0.0118743798
v -0.000945550031 -0.00407013609 0.0119709393
v -0.00081656558 -0.00386950686 0.0120118281
v -0.000691515035 -0.00366297676 0.0119945427
v -0.00386951549 -0.000816556953 0.0120118281
v -0.00356827361 -0.00168022826 0.0120502135
v -0.00316188914 -0.00251862719 0.0119956156
v -0.00265143496 -0.0033027859 0.0118504187
v -0.00330279452 -0.00265142634 0.0118504187
v -0.00428829772 -5.9577964e-05 0.0118966719
v -0.00407014472 -0.000945601009 0.0119709393
v -0.00374208075 -0.00181922629 0.0119550844
v -0.00389037711 -0.00194320395 0.0118094107
v -0.00463114364 0.000728514649 0.0117450377
v -0.00449870212 -0.000170859836 0.0118530413
v -0.00425313098 -0.00107100918 0.0118743798
v -0.00440786464 -0.00118556931 0.0117276331
v -0.00489435775 0.00153943584 0.0115584751
v -0.00484965426 0.000635769822 0.0116978308
v -0.0046896754 -0.000282022498 0.011754336
v -0.00484989268 -0.000386569045 0.0116060396
v -0.00507507903 0.00236460254 0.01133913
v -0.00511894805 0.0014657049 0.0115069767
v -0.00504706485 0.000539448716 0.0115962645
v -0.00521169288 0.000445273377 0.0114460608
v -0.00517163856 0.00319513366 0.0110891482
v -0.00530408008 0.0023101835 0.0112825056
v -0.00532136542 0.00138470218 0.0114018341
v -0.00548956973 0.00130119608 0.011249127
v -0.00518272502 0.00402238653 0.0108112713
v -0.00540278537 0.00316026495 0.0110265633
v -0.00550983531 0.0022447376 0.0111731907
v -0.0056804238 0.00217207954 0.0110176226
v -0.00510845763 0.00483748005 0.0105083605
v -0.00541422946 0.00400688932 0.0107422491
v -0.00561044795 0.00311049507 0.0109125992
v -0.00578222854 0.00304874466 0.0107536932
v -0.00494943244 0.00563183115 0.0101837536
v -0.00533817393 0.00484111593 0.0104321858
v -0.00562201125 0.00397267626 0.0106229206
v -0.00579403026 0.00392183349 0.0104604384
v -0.00470755679 0.00639703558 0.00984078849
v -0.00517545325 0.00565412328 0.0100999495
v -0.00554452521 0.00482234047 0.0103072544
v -0.00571559054 0.00478216694 0.0101407191
v -0.00438509566 0.0071249275 0.00948316062
v -0.00492785556 0.00643720911 0.00974899733
v -0.0053788243 0.00565030859 0.00996881926
v -0.00554774386 0.00562062547 0.00979811156
v -0.00398574454 0.00780781791 0.00911456549
v -0.00459788424 0.00718220756 0.00938290561
v -0.00512669665 0.00644781873 0.00961142981
v -0.00529239757 0.00642826841 0.00943619216
v -0.00351355655 0.00843843506 0.00873905623
v -0.00418911559 0.00788107202 0.00900572741
v -0.00479064567 0.00720652626 0.00923866236
v -0.00495205504 0.00719651268 0.00905865634
v -0.00297365767 0.00901016281 0.00836056674
v -0.00370584113 0.00852653072 0.00862139666
v -0.00437436683 0.00791832493 0.00885445082
v -0.004530531 0.00791725204 0.00866967643
v -0.00237165076 0.00951686189 0.00798303092
v -0.00315330607 0.00911160991 0.00823396647
v -0.00388215167 0.00857564495 0.00846308673
v -0.00403223617 0.00858291671 0.00827330554
v -0.00171409232 0.0099532275 0.00761050189
v -0.00253711326 0.00963022993 0.00784760917
v -0.00331936461 0.00917151258 0.00806850398
v -0.00346229655 0.00918629453 0.007873716
v -0.00100765807 0.0103145509 0.00724691356
v -0.00186405761 0.0100768475 0.00746637786
v -0.00269196612 0.00969966934 0.00767499411
v -0.000260215826 0.0105971365 0.00689608062
v -0.00114117248 0.0104466944 0.00709420646
v -0.00200651271 0.0101545124 0.00728672946
v 0.000520605021 0.0107978849 0.00656181777
v -0.000376206464 0.0107358365 0.00673526728
v -0.00127027614 0.0105311541 0.00690776313
v 0.00132645982 0.0109146504 0.00624770129
v 0.000422972613 0.0109412937 0.00639313662
v -0.000491124219 0.0108256607 0.00654214824
v 0.00214864629 0.0109463005 0.00595694983
v 0.00124766248 0.0110608606 0.00607162917
v 0.0003227176 0.0110349326 0.00619369948
v 0.00297870057 0.0108924179 0.00569266284
v 0.00208916085 0.0110932259 0.00577408278
v 0.00116266625 0.0111566453 0.00586623156
v 0.00460650342 0.0103535323 0.00541740859
v 0.00380756276 0.0107535987 0.00545770133
v 0.00293864625 0.011038032 0.0055035969
v 0.00201966184 0.0111896066 0.00556320155
v 0.004626769 0.0105312733 0.00525444949
v 0.00378705876 0.0108959942 0.00526303256
v 0.00288476365 0.0111334591 0.00528770888
v 0.0046254577 0.0106684236 0.00505501235
v 0.00374879258 0.010988739 0.005042853
v 0.00540472882 0.0104716091 0.0044166466
v 0.00543703454 0.0104407935 0.00465446914
v 0.00544478314 0.010357943 0.00488180125
v 0.00542725938 0.0102278261 0.0050851723
v 0.00538577455 0.0100581913 0.00525266135
v 0.00624336618 0.0100433497 0.00451523269
v 0.00623645204 0.00996765182 0.0047450682
v 0.00620092767 0.00984653518 0.00495153868
v 0.00613870042 0.00968709276 0.00512260402
v 0.00701298135 0.00956889675 0.00441473925
v 0.00699211972 0.00950178192 0.0046463629
v 0.00693931001 0.00939139412 0.00485509837
v 0.00685729402 0.00924405143 0.0050287863
v 0.00773777383 0.00902250097 0.00435406173
v 0.00770379918 0.00896534012 0.00458675826
v 0.00763453858 0.00886717127 0.00479680503
v 0.00753416436 0.00873383568 0.00497204268
v 0.00360490697 0.00230398462 -0.0118350366
v 0.00298466104 0.00298466966 -0.0118556598
v 0.00415815728 0.00157007263 -0.0117735246
v 0.00463868993 0.000790741898 -0.0116717199
v 0.00504114049 -2.57821305e-05 -0.0115308145
v 0.00536133664 -0.000870797179 -0.0113521198
v 0.00559594052 -0.00173530295 -0.0111375431
v 0.00574256795 -0.00261023953 -0.0108895878
v 0.00579943078 -0.0034863086 -0.010610638
v 0.00576605218 -0.00435421183 -0.0103036741
v 0.00564278977 -0.00520471051 -0.00997203386
v 0.00543083566 -0.00602880432 -0.00961929357
v 0.00513269322 -0.00681779101 -0.00924902951
v 0.0047512235 -0.0075633259 -0.00886529481
v 0.0042905988 -0.00825742199 -0.00847214257
v 0.00375582593 -0.00889280751 -0.00807362592
v 0.00315238851 -0.00946268751 -0.00767415559
v 0.00248672383 -0.00996104195 -0.0072777847
v 0.00176598447 -0.010382566 -0.00688880479
v 0.000997799807 -0.0107228489 -0.00651126897
v 0.00019015687 -0.0109782548 -0.00614934957
v -0.000648242063 -0.0111460419 -0.00580662286
v -0.00150857551 -0.0112244816 -0.00548702275
v -0.00238178355 -0.0112127395 -0.00519364869
v -0.00325844867 -0.0111108752 -0.00492983854
v -0.00412927253 -0.0109200211 -0.00469821489
v -0.00498519523 -0.0106422038 -0.00450140035
v -0.00581703765 -0.0102804036 -0.00434130227
v -0.00661609752 -0.00983837559 -0.00421982801
v -0.00737367255 -0.00932082846 -0.00413805043
v -0.00808189494 -0.00873324587 -0.00409692323
v -0.0087332545 -0.00808188631 -0.00409692323
v -0.00932083709 -0.00737366392 -0.00413805043
v -0.00983832461 -0.00661602928 -0.00421982801
v -0.0102803527 -0.00581708863 -0.00434130227
v -0.0106422721 -0.0049852462 -0.00450140035
v -0.0109200297 -0.0041293235 -0.00469821489
v -0.0111108838 -0.00325844004 -0.00492983854
v -0.0112126885 -0.00238177492 -0.00519364869
v -0.0112244902 -0.00150862648 -0.00548702275
v -0.0111460505 -0.00064829304 -0.00580662286
v -0.0109782038 0.000190105893 -0.00614934957
v -0.0107228575 0.00099774883 -0.00651126897
v -0.0103826342 0.0017659931 -0.00688880479
v -0.00996099097 0.00248679207 -0.0072777847
v -0.00946269614 0.00315239713 -0.00767415559
v -0.00889275653 0.00375583456 -0.00807362592
v -0.00825749022 0.00429066703 -0.00847214257
v -0.00756333453 0.00475123213 -0.00886529481
v -0.00681779963 0.00513264225 -0.00924902951
v -0.00602887256 0.00543084428 -0.00961929357
v -0.00520465953 0.0056427388 -0.00997203386
v -0.00435422046 0.0057660012 -0.0103036741
v -0.00348625762 0.0057993798 -0.010610638
v -0.00261030776 0.00574251697 -0.0108895878
v -0.00173531157 0.00559600876 -0.0111375431
v -0.000870805807 0.00536134527 -0.0113521198
v -2.5731153e-05 0.00504108951 -0.0115308145
v 0.000790733271 0.00463863895 -0.0116717199
v 0.0015700044 0.00415822551 -0.0117735246
v 0.00230397599 0.0036049156 -0.0118350366
v 0.00217546838 0.00346025512 -0.0119803528
v 0.0014506759 0.0040065913 -0.0119196752
v 0.000681060725 0.00448104427 -0.0118191818
v -0.0001251517 0.00487848804 -0.0116799453
v -0.000959616727 0.00519475029 -0.0115035156
v -0.00181339366 0.00542649315 -0.0112916807
v -0.00267742259 0.00557115362 -0.0110467056
v -0.00354264361 0.0056273608 -0.0107712129
v -0.0043996392 0.00559439943 -0.0104681829
v -0.00523958785 0.00547262714 -0.010140715
v -0.00605342967 0.00526341484 -0.00979226625
v -0.00683258159 0.00496890829 -0.00942665136
v -0.00756881816 0.00459220693 -0.00904768502
v -0.00825427157 0.00413742349 -0.00865942037
v -0.00888167006 0.00360926674 -0.0082659105
v -0.00944445712 0.0030133395 -0.00787132776
v -0.00993655307 0.00235601947 -0.00747996366
v -0.0103528319 0.00164422081 -0.00709575212
v -0.0106888829 0.000885572888 -0.00672298467
v -0.0109411298 8.80031364e-05 -0.00636559522
v -0.0111068307 -0.000739964984 -0.00602716005
v -0.0111843167 -0.00158956959 -0.00571149385
v -0.0111726342 -0.00245181038 -0.00542181527
v -0.0110721408 -0.00331756785 -0.00516134298
v -0.0108836709 -0.00417760327 -0.00493258035
v -0.0106092511 -0.00502279713 -0.00473815
v -0.0102519808 -0.00584432795 -0.00458007848
v -0.00981543643 -0.00663331463 -0.00446015393
v -0.00930438621 -0.00738147213 -0.00437933004
v -0.00872407538 -0.00808087303 -0.00433879888
v -0.00808094127 -0.00872412636 -0.00433879888
v -0.00738154036 -0.00930437758 -0.00437933004
v -0.00663326365 -0.0098154278 -0.00446015393
v -0.00584433658 -0.0102519722 -0.00458007848
v -0.00502286536 -0.0106093021 -0.00473815
v -0.00417755229 -0.0108836622 -0.00493258035
v -0.00331757647 -0.0110720725 -0.00516134298
v -0.0024517594 -0.0111726852 -0.00542181527
v -0.00158951861 -0.0111843081 -0.00571149385
v -0.000739914007 -0.011106822 -0.00602716005
v 8.79945092e-05 -0.0109411211 -0.00636559522
v 0.000885504656 -0.0106889339 -0.00672298467
v 0.00164427178 -0.0103528829 -0.00709575212
v 0.00235607045 -0.00993660405 -0.00747996366
v 0.00301339047 -0.00944444849 -0.00787132776
v 0.0036091985 -0.00888166144 -0.0082659105
v 0.00413741487 -0.00825420334 -0.00865942037
v 0.00459219831 -0.00756874993 -0.00904768502
v 0.00496889966 -0.00683257296 -0.00942665136
v 0.00526346582 -0.00605342104 -0.00979226625
v 0.00547267812 -0.00523957922 -0.010140715
v 0.0055943908 -0.00439963057 -0.0104681829
v 0.00562729257 -0.00354257538 -0.0107712129
v 0.00557114499 -0.00267747357 -0.0110467056
v 0.00542642491 -0.00181344464 -0.0112916807
v 0.00519480126 -0.000959667705 -0.0115035156
v 0.00487853902 -0.000125202678 -0.0116799453
v 0.00448109525 0.000681128957 -0.0118191818
v 0.00400664228 0.00145074413 -0.0119196752
v 0.00346018689 0.00217547701 -0.0119803528
v 0.00284768956 0.00284769819 -0.0120007375
v 0.00203003305 0.00329157398 -0.0120751241
v 0.00131835359 0.00382807539 -0.0120155195
v 0.0005626859 0.00429388569 -0.0119168142
v -0.000228982992 0.0046841769 -0.0117800812
v -0.00104830844 0.00499465749 -0.0116067508
v -0.00188670737 0.00522222803 -0.0113988498
v -0.00273511989 0.0053642659 -0.0111582855
v -0.00358460528 0.0054194598 -0.0108877996
v -0.00442610366 0.00538709448 -0.0105902532
v -0.00525079352 0.00526752756 -0.0102686266
v -0.0060499726 0.00506207035 -0.00992661512
v -0.00681493861 0.00477292822 -0.00956755674
v -0.00753782374 0.00440308139 -0.00919550454
v -0.00821087939 0.00395646379 -0.00881427324
v -0.00882707221 0.00343784378 -0.00842779672
v -0.00937960727 0.00285276458 -0.00804036653
v -0.00986288173 0.00220730589 -0.00765603578
v -0.0102716504 0.00150844143 -0.00727885759
v -0.0106015025 0.000763442971 -0.00691288507
v -0.0108492194 -1.9642852e-05 -0.00656181371
v -0.0110119401 -0.000832650207 -0.00622957742
v -0.0110879956 -0.00166687682 -0.00591963327
v -0.0110765515 -0.00251350119 -0.0056351999
v -0.0109778462 -0.00336358263 -0.00537937677
v -0.0107927142 -0.00420806124 -0.00515478646
v -0.0105234204 -0.00503799631 -0.00496393239
v -0.0101724683 -0.00584462597 -0.0048087219
v -0.00974391086 -0.00661936714 -0.00469082391
v -0.00924203975 -0.00735399439 -0.00461154973
v -0.00867233855 -0.00804075911 -0.00457173383
v -0.00804076774 -0.00867232992 -0.00457173383
v -0.00735400302 -0.00924203112 -0.00461154973
v -0.00661931617 -0.00974390223 -0.00469082391
v -0.00584457499 -0.0101725192 -0.0048087219
v -0.00503800494 -0.0105233522 -0.00496393239
v -0.00420806987 -0.0107927652 -0.00515478646
v -0.00336359126 -0.010977778 -0.00537937677
v -0.00251350982 -0.0110765429 -0.0056351999
v -0.00166688544 -0.011087987 -0.00591963327
v -0.000832658834 -0.0110119314 -0.00622957742
v -1.96514792e-05 -0.0108492108 -0.00656181371
v 0.000763434344 -0.0106015535 -0.00691288507
v 0.00150837319 -0.0102715821 -0.00727885759
v 0.00220729726 -0.0098628731 -0.00765603578
v 0.00285269635 -0.00937959864 -0.00804036653
v 0.00343789475 -0.00882700398 -0.00842779672
v 0.00395645516 -0.00821093037 -0.00881427324
v 0.00440301316 -0.00753787472 -0.00919550454
v 0.00477291959 -0.00681498959 -0.00956755674
v 0.00506212133 -0.00604990437 -0.00992661512
v 0.00526751893 -0.0052507849 -0.0102686266
v 0.00538708585 -0.00442609503 -0.0105902532
v 0.00541939157 -0.00358453705 -0.0108877996
v 0.00536431687 -0.00273511126 -0.0111582855
v 0.0052222194 -0.00188669874 -0.0113988498
v 0.00499464887 -0.00104835942 -0.0116067508
v 0.00468410867 -0.000228974364 -0.0117800812
v 0.00429393666 0.000562694527 -0.0119168142
v 0.00382806676 0.00131842182 -0.0120155195
v 0.00329150575 0.00203004167 -0.0120751241
v 0.00269009488 0.00269010351 -0.0120950321
v 0.00187613385 0.00310876653 -0.0121136287
v 0.00118078607 0.00363292978 -0.0120553354
v 0.000442522936 0.00408813045 -0.0119588951
v -0.000331145353 0.00446942136 -0.0118252615
v -0.00113163573 0.00477286861 -0.0116559843
v -0.00195084197 0.00499513433 -0.0114527324
v -0.00277970416 0.00513401315 -0.0112177709
v -0.00360975844 0.00518789575 -0.0109534839
v -0.00443206412 0.00515624569 -0.0106627325
v -0.00523779971 0.00503948019 -0.0103484968
v -0.00601862056 0.00483873174 -0.0100143532
v -0.00676618201 0.00455614612 -0.00966352021
v -0.00747249705 0.00419482277 -0.00929993188
v -0.00813005549 0.00375845716 -0.00892740285
v -0.00873206241 0.00325169847 -0.00854986703
v -0.00927196128 0.00268003032 -0.00817137754
v -0.00974414927 0.00204935358 -0.00779586827
v -0.0101435004 0.00136652277 -0.00742727315
v -0.0104659615 0.000638630845 -0.00706964528
v -0.0107078372 -0.000126573585 -0.00672668016
v -0.0108668624 -0.000920924686 -0.00640207326
v -0.0109411298 -0.0017360182 -0.00609916246
v -0.0109300433 -0.00256327107 -0.0058212856
v -0.0108334838 -0.00339380219 -0.00557130372
v -0.0106527625 -0.00421896889 -0.00535195863
v -0.0103895484 -0.00502989008 -0.00516539609
v -0.0100467025 -0.0058179827 -0.00501376188
v -0.00962792022 -0.00657496168 -0.0048986057
v -0.00913761241 -0.00729278042 -0.00482111966
v -0.00858090503 -0.00796374991 -0.00478225743
v -0.00796375853 -0.0085808964 -0.00478225743
v -0.00729272944 -0.00913754418 -0.00482111966
v -0.00657497031 -0.00962791159 -0.0048986057
v -0.00581799132 -0.0100466938 -0.00501376188
v -0.00502989871 -0.0103895397 -0.00516539609
v -0.00421891791 -0.0106527539 -0.00535195863
v -0.00339387042 -0.0108335347 -0.00557130372
v -0.00256322009 -0.0109300347 -0.0058212856
v -0.00173602683 -0.0109411807 -0.00609916246
v -0.000920873708 -0.0108668537 -0.00640207326
v -0.000126582212 -0.0107078881 -0.00672668016
v 0.000638622218 -0.0104658933 -0.00706964528
v 0.00136651414 -0.0101435514 -0.00742727315
v 0.00204934495 -0.00974414065 -0.00779586827
v 0.00267996209 -0.00927195265 -0.00817137754
v 0.00325168984 -0.00873205378 -0.00854986703
v 0.00375844853 -0.00813004687 -0.00892740285
v 0.00419475453 -0.00747242882 -0.00929993188
v 0.0045561971 -0.00676611378 -0.00966352021
v 0.00483872312 -0.00601861193 -0.0100143532
v 0.00503947156 -0.00523779108 -0.0103484968
v 0.00515629666 -0.00443199589 -0.0106627325
v 0.00518788713 -0.00360974982 -0.0109534839
v 0.00513400453 -0.00277975514 -0.0112177709
v 0.0049951257 -0.00195077374 -0.0114527324
v 0.00477280038 -0.00113168671 -0.0116559843
v 0.00446941274 -0.000331077121 -0.0118252615
v 0.00408818143 0.000442471959 -0.0119588951
v 0.00363292115 0.0011808543 -0.0120553354
v 0.00310875791 0.00187614248 -0.0121136287
v 0.00252105611 0.00252106474 -0.0121330599
v 0.00172283071 0.00292256162 -0.0120936016
v 0.00104607957 0.00343277738 -0.012036858
v 0.000327366763 0.00387581871 -0.0119430402
v -0.00042555911 0.00424691723 -0.0118129829
v -0.00120471103 0.00454225824 -0.0116482357
v -0.00200198276 0.0047586231 -0.0114503483
v -0.00280879123 0.00489374683 -0.0112217048
v -0.00361667258 0.00494619892 -0.0109644512
v -0.00441704375 0.00491544292 -0.0106814483
v -0.00520132167 0.00480171726 -0.0103756765
v -0.00596128089 0.00460633323 -0.0100503544
v -0.00668881518 0.00433137701 -0.00970893895
v -0.00737629516 0.00397965 -0.00935500657
v -0.00801644904 0.0035549073 -0.00899249112
v -0.0086023627 0.00306173847 -0.00862496888
v -0.00912783725 0.00250526951 -0.00825649297
v -0.00958738906 0.00189146087 -0.00789099729
v -0.00997613055 0.00122680948 -0.00753229654
v -0.0102898894 0.000518348672 -0.00718420541
v -0.010525447 -0.000226411365 -0.0068504194
v -0.0106801806 -0.000999602817 -0.00653439557
v -0.0107525407 -0.00179294064 -0.00623971021
v -0.0107416926 -0.00259808018 -0.00596922433
v -0.0106477557 -0.00340649798 -0.00572591817
v -0.0104718028 -0.00420961096 -0.00551229512
v -0.0102155028 -0.00499889567 -0.00533073938
v -0.009881836 -0.00576600745 -0.00518315828
v -0.00947425944 -0.00650278046 -0.00507110154
v -0.00899706466 -0.0072014065 -0.00499576127
v -0.00845513923 -0.0078545542 -0.00495785272
v -0.00785456283 -0.0084551902 -0.00495785272
v -0.00720141513 -0.00899699642 -0.00499576127
v -0.00650284869 -0.00947425082 -0.00507110154
v -0.00576601607 -0.00988188698 -0.00518315828
v -0.00499890429 -0.0102155538 -0.00533073938
v -0.00420961959 -0.0104717345 -0.00551229512
v -0.0034065066 -0.0106477471 -0.00572591817
v -0.00259814841 -0.0107416244 -0.00596922433
v -0.00179300887 -0.0107524724 -0.00623971021
v -0.000999551839 -0.010680172 -0.00653439557
v -0.000226479597 -0.0105254383 -0.0068504194
v 0.000518340044 -0.0102899404 -0.00718420541
v 0.00122680085 -0.00997612192 -0.00753229654
v 0.00189139264 -0.00958738043 -0.00789099729
v 0.00250520127 -0.00912782862 -0.00825649297
v 0.00306167024 -0.00860229447 -0.00862496888
v 0.00355495828 -0.00801638081 -0.00899249112
v 0.00397958177 -0.00737634613 -0.00935500657
v 0.00433136838 -0.00668886616 -0.00970893895
v 0.00460638421 -0.00596127226 -0.0100503544
v 0.00480176824 -0.00520131304 -0.0103756765
v 0.00491537469 -0.00441697552 -0.0106814483
v 0.0049462499 -0.00361666395 -0.0109644512
v 0.00489379781 -0.0028088422 -0.0112217048
v 0.00475861447 -0.00200197413 -0.0114503483
v 0.00454224961 -0.001204762 -0.0116482357
v 0.0042469682 -0.000425490878 -0.0118129829
v 0.00387575048 0.000327434994 -0.0119430402
v 0.00343276876 0.0010460882 -0.012036858
v 0.002922553 0.00172283933 -0.0120936016
v 0.00235058682 0.00235059545 -0.0121125559
v 0.00479068177 0.0047906308 0.0106112381
v -0.00318644626 -0.00263741925 -0.0118907074
v 0.00448359864 0.00503262565 0.0106334111
v -0.00353775603 -0.00247708275 -0.0118257383
v 0.00413228887 0.00519296215 0.0106984993
v -0.00390933139 -0.00240931227 -0.0117222646
v 0.00376071351 0.00526073263 0.0108018538
v -0.00427578074 -0.00243863776 -0.0115875581
v 0.00339426415 0.00523140714 0.0109366795
v -0.00461218936 -0.00256315186 -0.0114305595
v 0.00305785554 0.00510689304 0.0110936781
v -0.00489566905 -0.00277439072 -0.0112621168
v 0.00277437585 0.00489571378 0.0112621208
v -0.00510690791 -0.00305787041 -0.0110936741
v 0.00256313699 0.00461223409 0.0114305636
v -0.00523136241 -0.00339427903 -0.0109366754
v 0.00243868249 0.00427576587 0.0115875622
v -0.0052608071 -0.00376072838 -0.0108018497
v 0.002409357 0.00390931652 0.0117222687
v -0.00519297702 -0.00413230374 -0.0106984953
v 0.00247706788 0.00353774116 0.0118257424
v -0.00503264052 -0.00448355391 -0.010633407
v 0.00263740438 0.00318649099 0.0118907114
v -0.00479064567 -0.00479063704 -0.0106112341
v 0.00287939923 0.00287940786 0.0119128844
v -0.00448356254 -0.0050326319 -0.010633407
v 0.00318648236 0.00263747261 0.0118907114
v -0.00413225276 -0.00519296839 -0.0106984953
v 0.00353779214 0.00247707651 0.0118257424
v -0.00376079661 -0.00526073887 -0.0108018497
v 0.00390924829 0.00240930603 0.0117222687
v -0.00339422805 -0.00523141339 -0.0109366754
v 0.00427581685 0.00243863151 0.0115875622
v -0.00305781943 -0.00510689928 -0.0110936741
v 0.00461222547 0.00256314562 0.0114305636
v -0.00277433974 -0.00489566042 -0.0112621168
v 0.00489570516 0.00277438448 0.0112621208
v -0.00256322009 -0.00461224034 -0.0114305595
v 0.00510682481 0.00305786417 0.0110936781
v -0.00243864638 -0.00427577212 -0.0115875581
v 0.00523139852 0.00339427278 0.0109366795
v -0.0024093209 -0.00390932276 -0.0117222646
v 0.005260724 0.00376078174 0.0108018538
v -0.00247715098 -0.00353774741 -0.0118257383
v 0.00519289392 0.00413229749 0.0106984993
v -0.00263748748 -0.00318649723 -0.0118907074
v 0.00503255742 0.00448354767 0.0106334111
v -0.00287936313 -0.0028794141 -0.0119128803
v -0.003835064 -0.00383505537 -0.0112621168
v 0.0038349809 0.00383504913 0.0112621208
f 1 2 3
f 3 2 4
f 5 6 7
f 7 6 8
f 9 10 11
f 11 10 12
f 9 11 13
f 13 11 14
f 13 14 15
f 16 17 18
f 6 19 8
f 8 19 20
f 8 20 18
f 18 20 21
f 18 21 16
f 10 22 12
f 12 22 23
f 12 23 24
f 1 3 25
f 25 3 26
f 25 26 27
f 28 29 26
f 26 29 30
f 26 30 27
f 31 32 28
f 28 32 33
f 28 33 29
f 34 35 31
f 31 35 36
f 31 36 32
f 37 38 34
f 34 38 39
f 34 39 35
f 16 40 17
f 17 40 41
f 17 41 42
f 5 7 43
f 43 7 44
f 43 44 45
f 46 47 44
f 44 47 48
f 44 48 45
f 49 50 46
f 46 50 51
f 46 51 47
f 23 52 24
f 24 52 53
f 24 53 49
f 49 53 54
f 49 54 50
f 41 55 42
f 42 55 56
f 42 56 37
f 37 56 57
f 37 57 38
f 15 14 58
f 58 14 59
f 58 59 60
f 60 59 61
f 61 59 62
f 61 62 63
f 63 62 64
f 64 62 65
f 64 65 66
f 67 68 69
f 70 71 68
f 68 71 72
f 68 72 69
f 73 74 75
f 76 77 75
f 75 77 78
f 75 78 73
f 2 79 4
f 4 79 80
f 4 80 76
f 76 80 81
f 76 81 77
f 69 82 67
f 67 82 83
f 67 83 84
f 73 85 74
f 74 85 86
f 74 86 70
f 70 86 87
f 70 87 71
f 83 88 84
f 84 88 89
f 84 89 65
f 65 89 90
f 65 90 66
f 91 92 93
f 94 95 96
f 97 98 99
f 100 101 102
f 103 104 105
f 106 107 108
f 109 110 111
f 112 113 114
f 115 116 117
f 118 119 120
f 121 122 123
f 124 125 126
f 127 128 129
f 130 131 132
f 133 134 135
f 136 137 138
f 139 140 141
f 142 143 144
f 145 146 147
f 148 149 150
f 151 152 153
f 154 155 156
f 157 158 159
f 160 161 162
f 163 164 165
f 166 167 168
f 169 170 171
f 172 173 174
f 175 176 177
f 178 179 180
f 181 182 183
f 184 185 186
f 187 188 189
f 190 191 192
f 193 194 195
f 196 197 198
f 199 200 201
f 202 203 204
f 205 206 207
f 208 209 210
f 211 212 213
f 214 215 216
f 217 218 219
f 220 221 222
f 223 224 225
f 226 227 228
f 229 230 231
f 232 233 234
f 235 236 237
f 238 239 240
f 241 242 243
f 244 245 246
f 247 248 249
f 250 251 252
f 253 254 255
f 256 257 258
f 259 260 261
f 262 263 264
f 265 266 267
f 268 269 270
f 271 272 273
f 274 275 276
f 277 278 279
f 280 281 282
f 283 284 285
f 286 287 288
f 289 290 257
f 257 290 291
f 257 291 258
f 258 291 292
f 258 292 293
f 293 294 295
f 295 294 296
f 296 297 298
f 298 297 299
f 299 300 301
f 301 300 302
f 302 303 304
f 304 303 305
f 305 306 307
f 307 306 308
f 308 309 310
f 310 309 311
f 311 312 313
f 313 312 314
f 314 315 316
f 316 315 277
f 317 318 319
f 320 321 322
f 323 324 325
f 326 327 328
f 329 330 331
f 332 333 334
f 335 336 337
f 338 339 340
f 341 342 343
f 344 345 346
f 347 348 349
f 350 351 352
f 353 354 355
f 356 357 358
f 359 360 361
f 274 276 362
f 363 364 254
f 254 364 365
f 254 365 255
f 255 365 366
f 255 366 367
f 367 368 369
f 369 368 370
f 370 371 372
f 372 371 373
f 373 374 375
f 375 374 376
f 376 377 378
f 378 377 379
f 379 380 381
f 381 380 382
f 382 383 384
f 384 383 385
f 385 386 387
f 387 386 388
f 388 389 390
f 390 389 262
f 391 392 393
f 394 395 396
f 397 398 399
f 400 401 402
f 403 404 405
f 406 407 408
f 409 410 411
f 412 413 414
f 415 416 417
f 418 419 420
f 421 422 423
f 424 425 426
f 427 428 429
f 430 431 432
f 259 261 433
f 281 289 282
f 282 289 257
f 282 257 434
f 434 257 256
f 434 256 435
f 266 363 267
f 267 363 254
f 267 254 436
f 436 254 253
f 436 253 437
f 284 280 285
f 285 280 282
f 285 282 438
f 438 282 434
f 438 434 439
f 439 434 435
f 439 435 440
f 269 265 270
f 270 265 267
f 270 267 441
f 441 267 436
f 441 436 442
f 442 436 437
f 442 437 443
f 287 283 288
f 288 283 285
f 288 285 444
f 444 285 438
f 444 438 445
f 445 438 439
f 445 439 446
f 446 439 440
f 446 440 447
f 272 268 273
f 273 268 270
f 273 270 448
f 448 270 441
f 448 441 449
f 449 441 442
f 449 442 450
f 450 442 443
f 450 443 451
f 452 286 453
f 453 286 288
f 453 288 454
f 454 288 444
f 454 444 455
f 455 444 445
f 455 445 456
f 456 445 446
f 456 446 457
f 457 446 447
f 457 447 252
f 275 271 276
f 276 271 273
f 276 273 458
f 458 273 448
f 458 448 459
f 459 448 449
f 459 449 460
f 460 449 450
f 460 450 461
f 461 450 451
f 461 451 171
f 462 463 464
f 465 466 467
f 468 452 469
f 469 452 453
f 469 453 470
f 470 453 454
f 470 454 471
f 471 454 455
f 471 455 472
f 472 455 456
f 472 456 473
f 473 456 457
f 473 457 474
f 474 457 252
f 474 252 475
f 475 252 251
f 293 295 258
f 258 295 476
f 258 476 256
f 256 476 477
f 256 477 435
f 435 477 478
f 435 478 440
f 440 478 479
f 440 479 447
f 447 479 249
f 447 249 252
f 252 249 248
f 252 248 250
f 296 298 295
f 295 298 480
f 295 480 476
f 476 480 481
f 476 481 477
f 477 481 482
f 477 482 478
f 478 482 483
f 478 483 479
f 479 483 246
f 479 246 249
f 249 246 245
f 249 245 247
f 299 301 298
f 298 301 484
f 298 484 480
f 480 484 485
f 480 485 481
f 481 485 486
f 481 486 482
f 482 486 487
f 482 487 483
f 483 487 243
f 483 243 246
f 246 243 242
f 246 242 244
f 302 304 301
f 301 304 488
f 301 488 484
f 484 488 489
f 484 489 485
f 485 489 490
f 485 490 486
f 486 490 491
f 486 491 487
f 487 491 240
f 487 240 243
f 243 240 239
f 243 239 241
f 305 307 304
f 304 307 492
f 304 492 488
f 488 492 493
f 488 493 489
f 489 493 494
f 489 494 490
f 490 494 495
f 490 495 491
f 491 495 237
f 491 237 240
f 240 237 236
f 240 236 238
f 308 310 307
f 307 310 496
f 307 496 492
f 492 496 497
f 492 497 493
f 493 497 498
f 493 498 494
f 494 498 499
f 494 499 495
f 495 499 234
f 495 234 237
f 237 234 233
f 237 233 235
f 311 313 310
f 310 313 500
f 310 500 496
f 496 500 501
f 496 501 497
f 497 501 502
f 497 502 498
f 498 502 503
f 498 503 499
f 499 503 231
f 499 231 234
f 234 231 230
f 234 230 232
f 314 316 313
f 313 316 504
f 313 504 500
f 500 504 505
f 500 505 501
f 501 505 506
f 501 506 502
f 502 506 507
f 502 507 503
f 503 507 228
f 503 228 231
f 231 228 227
f 231 227 229
f 277 279 316
f 316 279 508
f 316 508 504
f 504 508 509
f 504 509 505
f 505 509 510
f 505 510 506
f 506 510 511
f 506 511 507
f 507 511 225
f 507 225 228
f 228 225 224
f 228 224 226
f 279 512 508
f 508 512 513
f 508 513 509
f 509 513 514
f 509 514 510
f 510 514 515
f 510 515 511
f 511 515 222
f 511 222 225
f 225 222 221
f 225 221 223
f 512 516 513
f 513 516 517
f 513 517 514
f 514 517 518
f 514 518 515
f 515 518 219
f 515 219 222
f 222 219 218
f 222 218 220
f 516 519 517
f 517 519 520
f 517 520 518
f 518 520 216
f 518 216 219
f 219 216 215
f 219 215 217
f 519 462 520
f 520 462 464
f 520 464 216
f 216 464 521
f 216 521 214
f 522 523 524
f 524 523 463
f 524 463 525
f 525 463 462
f 525 462 526
f 526 462 519
f 526 519 527
f 527 519 516
f 527 516 528
f 528 516 512
f 528 512 529
f 529 512 279
f 529 279 530
f 530 279 278
f 523 531 463
f 463 531 532
f 463 532 464
f 464 532 533
f 464 533 521
f 212 522 213
f 213 522 524
f 213 524 534
f 534 524 525
f 534 525 535
f 535 525 526
f 535 526 536
f 536 526 527
f 536 527 537
f 537 527 528
f 537 528 319
f 319 528 529
f 319 529 317
f 317 529 530
f 209 211 210
f 210 211 213
f 210 213 538
f 538 213 534
f 538 534 539
f 539 534 535
f 539 535 540
f 540 535 536
f 540 536 541
f 541 536 537
f 541 537 322
f 322 537 319
f 322 319 320
f 320 319 318
f 206 208 207
f 207 208 210
f 207 210 542
f 542 210 538
f 542 538 543
f 543 538 539
f 543 539 544
f 544 539 540
f 544 540 545
f 545 540 541
f 545 541 325
f 325 541 322
f 325 322 323
f 323 322 321
f 203 205 204
f 204 205 207
f 204 207 546
f 546 207 542
f 546 542 547
f 547 542 543
f 547 543 548
f 548 543 544
f 548 544 549
f 549 544 545
f 549 545 328
f 328 545 325
f 328 325 326
f 326 325 324
f 200 202 201
f 201 202 204
f 201 204 550
f 550 204 546
f 550 546 551
f 551 546 547
f 551 547 552
f 552 547 548
f 552 548 553
f 553 548 549
f 553 549 331
f 331 549 328
f 331 328 329
f 329 328 327
f 197 199 198
f 198 199 201
f 198 201 554
f 554 201 550
f 554 550 555
f 555 550 551
f 555 551 556
f 556 551 552
f 556 552 557
f 557 552 553
f 557 553 334
f 334 553 331
f 334 331 332
f 332 331 330
f 194 196 195
f 195 196 198
f 195 198 558
f 558 198 554
f 558 554 559
f 559 554 555
f 559 555 560
f 560 555 556
f 560 556 561
f 561 556 557
f 561 557 337
f 337 557 334
f 337 334 335
f 335 334 333
f 191 193 192
f 192 193 195
f 192 195 562
f 562 195 558
f 562 558 563
f 563 558 559
f 563 559 564
f 564 559 560
f 564 560 565
f 565 560 561
f 565 561 340
f 340 561 337
f 340 337 338
f 338 337 336
f 188 190 189
f 189 190 192
f 189 192 566
f 566 192 562
f 566 562 567
f 567 562 563
f 567 563 568
f 568 563 564
f 568 564 569
f 569 564 565
f 569 565 343
f 343 565 340
f 343 340 341
f 341 340 339
f 185 187 186
f 186 187 189
f 186 189 570
f 570 189 566
f 570 566 571
f 571 566 567
f 571 567 572
f 572 567 568
f 572 568 573
f 573 568 569
f 573 569 346
f 346 569 343
f 346 343 344
f 344 343 342
f 182 184 183
f 183 184 186
f 183 186 574
f 574 186 570
f 574 570 575
f 575 570 571
f 575 571 576
f 576 571 572
f 576 572 577
f 577 572 573
f 577 573 349
f 349 573 346
f 349 346 347
f 347 346 345
f 179 181 180
f 180 181 183
f 180 183 578
f 578 183 574
f 578 574 579
f 579 574 575
f 579 575 580
f 580 575 576
f 580 576 581
f 581 576 577
f 581 577 352
f 352 577 349
f 352 349 350
f 350 349 348
f 176 178 177
f 177 178 180
f 177 180 582
f 582 180 578
f 582 578 583
f 583 578 579
f 583 579 584
f 584 579 580
f 584 580 585
f 585 580 581
f 585 581 355
f 355 581 352
f 355 352 353
f 353 352 351
f 173 175 174
f 174 175 177
f 174 177 586
f 586 177 582
f 586 582 587
f 587 582 583
f 587 583 588
f 588 583 584
f 588 584 589
f 589 584 585
f 589 585 358
f 358 585 355
f 358 355 356
f 356 355 354
f 590 172 591
f 591 172 174
f 591 174 592
f 592 174 586
f 592 586 593
f 593 586 587
f 593 587 594
f 594 587 588
f 594 588 595
f 595 588 589
f 595 589 361
f 361 589 358
f 361 358 359
f 359 358 357
f 360 362 361
f 361 362 276
f 361 276 595
f 595 276 458
f 595 458 594
f 594 458 459
f 594 459 593
f 593 459 460
f 593 460 592
f 592 460 461
f 592 461 591
f 591 461 171
f 591 171 590
f 590 171 170
f 367 369 255
f 255 369 596
f 255 596 253
f 253 596 597
f 253 597 437
f 437 597 598
f 437 598 443
f 443 598 599
f 443 599 451
f 451 599 168
f 451 168 171
f 171 168 167
f 171 167 169
f 370 372 369
f 369 372 600
f 369 600 596
f 596 600 601
f 596 601 597
f 597 601 602
f 597 602 598
f 598 602 603
f 598 603 599
f 599 603 165
f 599 165 168
f 168 165 164
f 168 164 166
f 373 375 372
f 372 375 604
f 372 604 600
f 600 604 605
f 600 605 601
f 601 605 606
f 601 606 602
f 602 606 607
f 602 607 603
f 603 607 162
f 603 162 165
f 165 162 161
f 165 161 163
f 376 378 375
f 375 378 608
f 375 608 604
f 604 608 609
f 604 609 605
f 605 609 610
f 605 610 606
f 606 610 611
f 606 611 607
f 607 611 159
f 607 159 162
f 162 159 158
f 162 158 160
f 379 381 378
f 378 381 612
f 378 612 608
f 608 612 613
f 608 613 609
f 609 613 614
f 609 614 610
f 610 614 615
f 610 615 611
f 611 615 156
f 611 156 159
f 159 156 155
f 159 155 157
f 382 384 381
f 381 384 616
f 381 616 612
f 612 616 617
f 612 617 613
f 613 617 618
f 613 618 614
f 614 618 619
f 614 619 615
f 615 619 153
f 615 153 156
f 156 153 152
f 156 152 154
f 385 387 384
f 384 387 620
f 384 620 616
f 616 620 621
f 616 621 617
f 617 621 622
f 617 622 618
f 618 622 623
f 618 623 619
f 619 623 150
f 619 150 153
f 153 150 149
f 153 149 151
f 388 390 387
f 387 390 624
f 387 624 620
f 620 624 625
f 620 625 621
f 621 625 626
f 621 626 622
f 622 626 627
f 622 627 623
f 623 627 147
f 623 147 150
f 150 147 146
f 150 146 148
f 262 264 390
f 390 264 628
f 390 628 624
f 624 628 629
f 624 629 625
f 625 629 630
f 625 630 626
f 626 630 631
f 626 631 627
f 627 631 144
f 627 144 147
f 147 144 143
f 147 143 145
f 264 632 628
f 628 632 633
f 628 633 629
f 629 633 634
f 629 634 630
f 630 634 635
f 630 635 631
f 631 635 141
f 631 141 144
f 144 141 140
f 144 140 142
f 632 636 633
f 633 636 637
f 633 637 634
f 634 637 638
f 634 638 635
f 635 638 138
f 635 138 141
f 141 138 137
f 141 137 139
f 636 639 637
f 637 639 640
f 637 640 638
f 638 640 135
f 638 135 138
f 138 135 134
f 138 134 136
f 639 465 640
f 640 465 467
f 640 467 135
f 135 467 641
f 135 641 133
f 642 643 644
f 644 643 466
f 644 466 645
f 645 466 465
f 645 465 646
f 646 465 639
f 646 639 647
f 647 639 636
f 647 636 648
f 648 636 632
f 648 632 649
f 649 632 264
f 649 264 650
f 650 264 263
f 643 651 466
f 466 651 652
f 466 652 467
f 467 652 653
f 467 653 641
f 131 642 132
f 132 642 644
f 132 644 654
f 654 644 645
f 654 645 655
f 655 645 646
f 655 646 656
f 656 646 647
f 656 647 657
f 657 647 648
f 657 648 393
f 393 648 649
f 393 649 391
f 391 649 650
f 128 130 129
f 129 130 132
f 129 132 658
f 658 132 654
f 658 654 659
f 659 654 655
f 659 655 660
f 660 655 656
f 660 656 661
f 661 656 657
f 661 657 396
f 396 657 393
f 396 393 394
f 394 393 392
f 125 127 126
f 126 127 129
f 126 129 662
f 662 129 658
f 662 658 663
f 663 658 659
f 663 659 664
f 664 659 660
f 664 660 665
f 665 660 661
f 665 661 399
f 399 661 396
f 399 396 397
f 397 396 395
f 122 124 123
f 123 124 126
f 123 126 666
f 666 126 662
f 666 662 667
f 667 662 663
f 667 663 668
f 668 663 664
f 668 664 669
f 669 664 665
f 669 665 402
f 402 665 399
f 402 399 400
f 400 399 398
f 119 121 120
f 120 121 123
f 120 123 670
f 670 123 666
f 670 666 671
f 671 666 667
f 671 667 672
f 672 667 668
f 672 668 673
f 673 668 669
f 673 669 405
f 405 669 402
f 405 402 403
f 403 402 401
f 116 118 117
f 117 118 120
f 117 120 674
f 674 120 670
f 674 670 675
f 675 670 671
f 675 671 676
f 676 671 672
f 676 672 677
f 677 672 673
f 677 673 408
f 408 673 405
f 408 405 406
f 406 405 404
f 113 115 114
f 114 115 117
f 114 117 678
f 678 117 674
f 678 674 679
f 679 674 675
f 679 675 680
f 680 675 676
f 680 676 681
f 681 676 677
f 681 677 411
f 411 677 408
f 411 408 409
f 409 408 407
f 110 112 111
f 111 112 114
f 111 114 682
f 682 114 678
f 682 678 683
f 683 678 679
f 683 679 684
f 684 679 680
f 684 680 685
f 685 680 681
f 685 681 414
f 414 681 411
f 414 411 412
f 412 411 410
f 107 109 108
f 108 109 111
f 108 111 686
f 686 111 682
f 686 682 687
f 687 682 683
f 687 683 688
f 688 683 684
f 688 684 689
f 689 684 685
f 689 685 417
f 417 685 414
f 417 414 415
f 415 414 413
f 104 106 105
f 105 106 108
f 105 108 690
f 690 108 686
f 690 686 691
f 691 686 687
f 691 687 692
f 692 687 688
f 692 688 693
f 693 688 689
f 693 689 420
f 420 689 417
f 420 417 418
f 418 417 416
f 101 103 102
f 102 103 105
f 102 105 694
f 694 105 690
f 694 690 695
f 695 690 691
f 695 691 696
f 696 691 692
f 696 692 697
f 697 692 693
f 697 693 423
f 423 693 420
f 423 420 421
f 421 420 419
f 98 100 99
f 99 100 102
f 99 102 698
f 698 102 694
f 698 694 699
f 699 694 695
f 699 695 700
f 700 695 696
f 700 696 701
f 701 696 697
f 701 697 426
f 426 697 423
f 426 423 424
f 424 423 422
f 95 97 96
f 96 97 99
f 96 99 702
f 702 99 698
f 702 698 703
f 703 698 699
f 703 699 704
f 704 699 700
f 704 700 705
f 705 700 701
f 705 701 429
f 429 701 426
f 429 426 427
f 427 426 425
f 92 94 93
f 93 94 96
f 93 96 706
f 706 96 702
f 706 702 707
f 707 702 703
f 707 703 708
f 708 703 704
f 708 704 709
f 709 704 705
f 709 705 432
f 432 705 429
f 432 429 430
f 430 429 428
f 710 91 711
f 711 91 93
f 711 93 712
f 712 93 706
f 712 706 713
f 713 706 707
f 713 707 714
f 714 707 708
f 714 708 715
f 715 708 709
f 715 709 261
f 261 709 432
f 261 432 433
f 433 432 431
f 260 468 261
f 261 468 469
f 261 469 715
f 715 469 470
f 715 470 714
f 714 470 471
f 714 471 713
f 713 471 472
f 713 472 712
f 712 472 473
f 712 473 711
f 711 473 474
f 711 474 710
f 710 474 475
f 716 717 718
f 718 717 719
f 716 718 720
f 720 718 721
f 720 721 722
f 717 723 719
f 719 723 724
f 719 724 725
f 722 721 726
f 726 721 727
f 726 727 728
f 729 730 731
f 732 733 730
f 730 733 734
f 730 734 731
f 735 736 732
f 732 736 737
f 732 737 733
f 738 739 740
f 741 742 740
f 740 742 743
f 740 743 738
f 744 745 746
f 746 745 747
f 748 749 750
f 738 751 739
f 739 751 752
f 739 752 735
f 735 752 753
f 735 753 736
f 754 755 741
f 741 755 756
f 741 756 742
f 745 757 747
f 747 757 758
f 747 758 754
f 754 758 759
f 754 759 755
f 760 761 749
f 749 761 762
f 749 762 750
f 763 764 760
f 760 764 765
f 760 765 761
f 766 767 768
f 768 767 769
f 766 768 770
f 770 768 771
f 770 771 772
f 772 771 773
f 773 771 774
f 773 774 775
f 775 774 776
f 776 774 777
f 776 777 778
f 779 780 781
f 724 782 725
f 725 782 783
f 725 783 780
f 780 783 784
f 780 784 781
f 731 785 729
f 729 785 786
f 729 786 727
f 727 786 787
f 727 787 728
f 750 788 748
f 748 788 789
f 748 789 746
f 746 789 790
f 746 790 744
f 767 791 769
f 769 791 792
f 769 792 763
f 763 792 793
f 763 793 764
f 778 777 794
f 794 777 795
f 794 795 796
f 797 798 795
f 795 798 799
f 795 799 796
f 800 801 797
f 797 801 802
f 797 802 798
f 781 803 779
f 779 803 804
f 779 804 800
f 800 804 805
f 800 805 801
f 806 769 807
f 807 769 763
f 807 763 808
f 808 763 760
f 808 760 809
f 809 760 749
f 809 749 810
f 810 749 748
f 810 748 811
f 811 748 746
f 811 746 812
f 812 746 747
f 812 747 813
f 813 747 754
f 813 754 814
f 814 754 741
f 814 741 815
f 815 741 740
f 815 740 816
f 816 740 739
f 816 739 817
f 817 739 735
f 817 735 818
f 818 735 732
f 818 732 819
f 819 732 730
f 819 730 820
f 820 730 729
f 820 729 821
f 821 729 727
f 821 727 822
f 822 727 721
f 822 721 823
f 823 721 718
f 823 718 824
f 824 718 719
f 824 719 825
f 825 719 725
f 825 725 826
f 826 725 780
f 826 780 827
f 827 780 779
f 827 779 828
f 828 779 800
f 828 800 829
f 829 800 797
f 829 797 830
f 830 797 795
f 830 795 831
f 831 795 777
f 831 777 832
f 832 777 774
f 832 774 833
f 833 774 771
f 833 771 834
f 834 771 768
f 834 768 806
f 806 768 769
f 835 821 836
f 836 821 822
f 836 822 837
f 837 822 823
f 837 823 838
f 838 823 824
f 838 824 839
f 824 825 839
f 839 825 826
f 839 826 840
f 840 826 827
f 840 827 841
f 841 827 828
f 841 828 842
f 842 828 829
f 842 829 843
f 843 829 830
f 843 830 844
f 845 815 846
f 846 815 816
f 846 816 847
f 847 816 817
f 847 817 848
f 848 817 818
f 848 818 849
f 849 818 819
f 849 819 835
f 835 819 820
f 835 820 821
f 850 809 851
f 851 809 810
f 851 810 852
f 852 810 811
f 852 811 853
f 853 811 812
f 853 812 854
f 854 812 813
f 854 813 845
f 845 813 814
f 845 814 815
f 830 831 844
f 844 831 832
f 844 832 855
f 855 832 833
f 855 833 856
f 856 833 834
f 856 834 857
f 857 834 806
f 857 806 858
f 858 806 807
f 858 807 850
f 850 807 808
f 850 808 809
f 859 857 860
f 860 857 858
f 860 858 861
f 861 858 850
f 861 850 862
f 862 850 851
f 862 851 863
f 863 851 852
f 863 852 864
f 864 852 853
f 864 853 865
f 865 853 854
f 865 854 866
f 866 854 845
f 866 845 867
f 867 845 846
f 867 846 868
f 868 846 847
f 868 847 869
f 869 847 848
f 869 848 870
f 870 848 849
f 870 849 871
f 871 849 835
f 871 835 872
f 872 835 836
f 872 836 873
f 873 836 837
f 873 837 874
f 874 837 838
f 874 838 875
f 875 838 839
f 875 839 876
f 876 839 840
f 876 840 877
f 877 840 841
f 877 841 878
f 878 841 842
f 878 842 879
f 879 842 843
f 879 843 880
f 880 843 844
f 880 844 881
f 881 844 855
f 881 855 882
f 882 855 856
f 882 856 859
f 859 856 857
f 881 883 880
f 880 883 884
f 880 884 879
f 879 884 885
f 879 885 878
f 878 885 886
f 878 886 877
f 877 886 887
f 877 887 876
f 862 888 861
f 861 888 889
f 861 889 860
f 860 889 890
f 860 890 859
f 859 890 891
f 859 891 882
f 882 891 892
f 882 892 881
f 881 892 893
f 881 893 883
f 867 894 866
f 866 894 895
f 866 895 865
f 865 895 896
f 865 896 864
f 864 896 897
f 864 897 863
f 863 897 898
f 863 898 862
f 862 898 899
f 862 899 888
f 887 900 876
f 876 900 901
f 876 901 875
f 875 901 902
f 875 902 874
f 874 902 903
f 874 903 873
f 873 903 904
f 873 904 872
f 872 904 905
f 872 905 871
f 905 906 871
f 871 906 907
f 871 907 870
f 870 907 908
f 870 908 869
f 869 908 909
f 869 909 868
f 868 909 910
f 868 910 867
f 867 910 911
f 867 911 894
f 74 891 75
f 75 891 890
f 75 890 76
f 76 890 889
f 76 889 4
f 4 889 888
f 4 888 3
f 3 888 899
f 3 899 26
f 26 899 898
f 26 898 28
f 28 898 897
f 28 897 31
f 31 897 896
f 31 896 34
f 34 896 895
f 34 895 37
f 37 895 894
f 37 894 42
f 42 894 911
f 42 911 17
f 17 911 910
f 17 910 18
f 18 910 909
f 18 909 8
f 8 909 908
f 8 908 7
f 7 908 907
f 7 907 44
f 44 907 906
f 44 906 46
f 46 906 905
f 46 905 49
f 49 905 904
f 49 904 24
f 24 904 903
f 24 903 12
f 12 903 902
f 12 902 11
f 11 902 901
f 11 901 14
f 14 901 900
f 14 900 59
f 59 900 887
f 59 887 62
f 62 887 886
f 62 886 65
f 65 886 885
f 65 885 84
f 84 885 884
f 84 884 67
f 67 884 883
f 67 883 68
f 68 883 893
f 68 893 70
f 70 893 892
f 70 892 74
f 74 892 891
f 260 259 912
f 433 431 913
f 430 428 914
f 418 416 915
f 415 413 916
f 412 410 917
f 409 407 918
f 406 404 919
f 403 401 920
f 400 398 921
f 397 395 922
f 356 354 923
f 353 351 924
f 341 339 925
f 338 336 926
f 335 333 927
f 332 330 928
f 329 327 929
f 326 324 930
f 323 321 931
f 320 318 932
f 933 762 761
f 934 750 762
f 935 788 750
f 936 789 788
f 937 790 789
f 938 744 790
f 939 745 744
f 940 757 745
f 941 758 757
f 942 759 758
f 943 755 759
f 944 756 755
f 945 742 756
f 946 743 742
f 947 738 743
f 948 751 738
f 949 752 751
f 950 753 752
f 951 736 753
f 952 737 736
f 953 733 737
f 954 734 733
f 955 731 734
f 956 717 716
f 957 723 717
f 958 724 723
f 959 782 724
f 960 783 782
f 961 784 783
f 962 781 784
f 963 803 781
f 964 804 803
f 965 805 804
f 966 801 805
f 967 802 801
f 968 798 802
f 969 799 798
f 970 796 799
f 971 794 796
f 972 778 794
f 973 776 778
f 974 775 776
f 975 773 775
f 976 772 773
f 770 772 977
f 977 772 976
f 977 976 978
f 785 731 979
f 979 731 955
f 979 955 980
f 766 770 981
f 981 770 977
f 981 977 982
f 982 977 978
f 982 978 983
f 786 785 984
f 984 785 979
f 984 979 985
f 985 979 980
f 985 980 986
f 767 766 987
f 987 766 981
f 987 981 988
f 988 981 982
f 988 982 989
f 989 982 983
f 989 983 990
f 787 786 991
f 991 786 984
f 991 984 992
f 992 984 985
f 992 985 993
f 993 985 986
f 993 986 994
f 791 767 995
f 995 767 987
f 995 987 996
f 996 987 988
f 996 988 997
f 997 988 989
f 997 989 998
f 998 989 990
f 998 990 999
f 728 787 1000
f 1000 787 991
f 1000 991 1001
f 1001 991 992
f 1001 992 1002
f 1002 992 993
f 1002 993 1003
f 1003 993 994
f 1003 994 1004
f 1005 1006 1007
f 1008 1009 1010
f 1011 286 452
f 773 975 976
f 976 975 1012
f 976 1012 978
f 978 1012 1013
f 978 1013 983
f 983 1013 1014
f 983 1014 990
f 990 1014 1011
f 990 1011 999
f 999 1011 452
f 999 452 468
f 1015 283 287
f 775 974 975
f 975 974 1016
f 975 1016 1012
f 1012 1016 1017
f 1012 1017 1013
f 1013 1017 1018
f 1013 1018 1014
f 1014 1018 1015
f 1014 1015 1011
f 1011 1015 287
f 1011 287 286
f 1019 280 284
f 776 973 974
f 974 973 1020
f 974 1020 1016
f 1016 1020 1021
f 1016 1021 1017
f 1017 1021 1022
f 1017 1022 1018
f 1018 1022 1019
f 1018 1019 1015
f 1015 1019 284
f 1015 284 283
f 1023 289 281
f 778 972 973
f 973 972 1024
f 973 1024 1020
f 1020 1024 1025
f 1020 1025 1021
f 1021 1025 1026
f 1021 1026 1022
f 1022 1026 1023
f 1022 1023 1019
f 1019 1023 281
f 1019 281 280
f 1027 291 290
f 794 971 972
f 972 971 1028
f 972 1028 1024
f 1024 1028 1029
f 1024 1029 1025
f 1025 1029 1030
f 1025 1030 1026
f 1026 1030 1027
f 1026 1027 1023
f 1023 1027 290
f 1023 290 289
f 1031 293 292
f 796 970 971
f 971 970 1032
f 971 1032 1028
f 1028 1032 1033
f 1028 1033 1029
f 1029 1033 1034
f 1029 1034 1030
f 1030 1034 1031
f 1030 1031 1027
f 1027 1031 292
f 1027 292 291
f 1035 296 294
f 799 969 970
f 970 969 1036
f 970 1036 1032
f 1032 1036 1037
f 1032 1037 1033
f 1033 1037 1038
f 1033 1038 1034
f 1034 1038 1035
f 1034 1035 1031
f 1031 1035 294
f 1031 294 293
f 1039 299 297
f 798 968 969
f 969 968 1040
f 969 1040 1036
f 1036 1040 1041
f 1036 1041 1037
f 1037 1041 1042
f 1037 1042 1038
f 1038 1042 1039
f 1038 1039 1035
f 1035 1039 297
f 1035 297 296
f 1043 302 300
f 802 967 968
f 968 967 1044
f 968 1044 1040
f 1040 1044 1045
f 1040 1045 1041
f 1041 1045 1046
f 1041 1046 1042
f 1042 1046 1043
f 1042 1043 1039
f 1039 1043 300
f 1039 300 299
f 1047 305 303
f 801 966 967
f 967 966 1048
f 967 1048 1044
f 1044 1048 1049
f 1044 1049 1045
f 1045 1049 1050
f 1045 1050 1046
f 1046 1050 1047
f 1046 1047 1043
f 1043 1047 303
f 1043 303 302
f 1051 308 306
f 805 965 966
f 966 965 1052
f 966 1052 1048
f 1048 1052 1053
f 1048 1053 1049
f 1049 1053 1054
f 1049 1054 1050
f 1050 1054 1051
f 1050 1051 1047
f 1047 1051 306
f 1047 306 305
f 1055 311 309
f 804 964 965
f 965 964 1056
f 965 1056 1052
f 1052 1056 1057
f 1052 1057 1053
f 1053 1057 1058
f 1053 1058 1054
f 1054 1058 1055
f 1054 1055 1051
f 1051 1055 309
f 1051 309 308
f 1059 314 312
f 803 963 964
f 964 963 1060
f 964 1060 1056
f 1056 1060 1061
f 1056 1061 1057
f 1057 1061 1062
f 1057 1062 1058
f 1058 1062 1059
f 1058 1059 1055
f 1055 1059 312
f 1055 312 311
f 1063 277 315
f 781 962 963
f 963 962 1064
f 963 1064 1060
f 1060 1064 1065
f 1060 1065 1061
f 1061 1065 1066
f 1061 1066 1062
f 1062 1066 1063
f 1062 1063 1059
f 1059 1063 315
f 1059 315 314
f 317 530 1067
f 1067 530 278
f 784 961 962
f 962 961 1068
f 962 1068 1064
f 1064 1068 1069
f 1064 1069 1065
f 1065 1069 1070
f 1065 1070 1066
f 1066 1070 1067
f 1066 1067 1063
f 1063 1067 278
f 1063 278 277
f 783 960 961
f 961 960 1071
f 961 1071 1068
f 1068 1071 1072
f 1068 1072 1069
f 1069 1072 1073
f 1069 1073 1070
f 1070 1073 932
f 1070 932 1067
f 1067 932 318
f 1067 318 317
f 782 959 960
f 960 959 1074
f 960 1074 1071
f 1071 1074 1075
f 1071 1075 1072
f 1072 1075 1076
f 1072 1076 1073
f 1073 1076 931
f 1073 931 932
f 932 931 321
f 932 321 320
f 724 958 959
f 959 958 1077
f 959 1077 1074
f 1074 1077 1078
f 1074 1078 1075
f 1075 1078 1079
f 1075 1079 1076
f 1076 1079 930
f 1076 930 931
f 931 930 324
f 931 324 323
f 723 957 958
f 958 957 1080
f 958 1080 1077
f 1077 1080 1081
f 1077 1081 1078
f 1078 1081 1082
f 1078 1082 1079
f 1079 1082 929
f 1079 929 930
f 930 929 327
f 930 327 326
f 717 956 957
f 957 956 1083
f 957 1083 1080
f 1080 1083 1084
f 1080 1084 1081
f 1081 1084 1085
f 1081 1085 1082
f 1082 1085 928
f 1082 928 929
f 929 928 330
f 929 330 329
f 716 1086 956
f 956 1086 1087
f 956 1087 1083
f 1083 1087 1088
f 1083 1088 1084
f 1084 1088 1089
f 1084 1089 1085
f 1085 1089 927
f 1085 927 928
f 928 927 333
f 928 333 332
f 1086 1090 1087
f 1087 1090 1091
f 1087 1091 1088
f 1088 1091 1092
f 1088 1092 1089
f 1089 1092 926
f 1089 926 927
f 927 926 336
f 927 336 335
f 1090 1093 1091
f 1091 1093 1094
f 1091 1094 1092
f 1092 1094 925
f 1092 925 926
f 926 925 339
f 926 339 338
f 1093 1005 1094
f 1094 1005 1007
f 1094 1007 925
f 925 1007 342
f 925 342 341
f 350 348 1095
f 1095 348 1006
f 1095 1006 1096
f 1096 1006 1005
f 1096 1005 1097
f 1097 1005 1093
f 1097 1093 1098
f 1098 1093 1090
f 1098 1090 1099
f 1099 1090 1086
f 1099 1086 720
f 720 1086 716
f 348 347 1006
f 1006 347 345
f 1006 345 1007
f 1007 345 344
f 1007 344 342
f 351 350 924
f 924 350 1095
f 924 1095 1100
f 1100 1095 1096
f 1100 1096 1101
f 1101 1096 1097
f 1101 1097 1102
f 1102 1097 1098
f 1102 1098 1103
f 1103 1098 1099
f 1103 1099 722
f 722 1099 720
f 354 353 923
f 923 353 924
f 923 924 1104
f 1104 924 1100
f 1104 1100 1105
f 1105 1100 1101
f 1105 1101 1106
f 1106 1101 1102
f 1106 1102 1107
f 1107 1102 1103
f 1107 1103 726
f 726 1103 722
f 357 356 1004
f 1004 356 923
f 1004 923 1003
f 1003 923 1104
f 1003 1104 1002
f 1002 1104 1105
f 1002 1105 1001
f 1001 1105 1106
f 1001 1106 1000
f 1000 1106 1107
f 1000 1107 728
f 728 1107 726
f 734 954 955
f 955 954 1108
f 955 1108 980
f 980 1108 1109
f 980 1109 986
f 986 1109 1110
f 986 1110 994
f 994 1110 1111
f 994 1111 1004
f 1004 1111 359
f 1004 359 357
f 1112 271 275
f 274 362 1111
f 1111 362 360
f 1111 360 359
f 733 953 954
f 954 953 1113
f 954 1113 1108
f 1108 1113 1114
f 1108 1114 1109
f 1109 1114 1115
f 1109 1115 1110
f 1110 1115 1112
f 1110 1112 1111
f 1111 1112 275
f 1111 275 274
f 1116 268 272
f 737 952 953
f 953 952 1117
f 953 1117 1113
f 1113 1117 1118
f 1113 1118 1114
f 1114 1118 1119
f 1114 1119 1115
f 1115 1119 1116
f 1115 1116 1112
f 1112 1116 272
f 1112 272 271
f 1120 265 269
f 736 951 952
f 952 951 1121
f 952 1121 1117
f 1117 1121 1122
f 1117 1122 1118
f 1118 1122 1123
f 1118 1123 1119
f 1119 1123 1120
f 1119 1120 1116
f 1116 1120 269
f 1116 269 268
f 1124 363 266
f 753 950 951
f 951 950 1125
f 951 1125 1121
f 1121 1125 1126
f 1121 1126 1122
f 1122 1126 1127
f 1122 1127 1123
f 1123 1127 1124
f 1123 1124 1120
f 1120 1124 266
f 1120 266 265
f 1128 365 364
f 752 949 950
f 950 949 1129
f 950 1129 1125
f 1125 1129 1130
f 1125 1130 1126
f 1126 1130 1131
f 1126 1131 1127
f 1127 1131 1128
f 1127 1128 1124
f 1124 1128 364
f 1124 364 363
f 1132 367 366
f 751 948 949
f 949 948 1133
f 949 1133 1129
f 1129 1133 1134
f 1129 1134 1130
f 1130 1134 1135
f 1130 1135 1131
f 1131 1135 1132
f 1131 1132 1128
f 1128 1132 366
f 1128 366 365
f 1136 370 368
f 738 947 948
f 948 947 1137
f 948 1137 1133
f 1133 1137 1138
f 1133 1138 1134
f 1134 1138 1139
f 1134 1139 1135
f 1135 1139 1136
f 1135 1136 1132
f 1132 1136 368
f 1132 368 367
f 1140 373 371
f 743 946 947
f 947 946 1141
f 947 1141 1137
f 1137 1141 1142
f 1137 1142 1138
f 1138 1142 1143
f 1138 1143 1139
f 1139 1143 1140
f 1139 1140 1136
f 1136 1140 371
f 1136 371 370
f 1144 376 374
f 742 945 946
f 946 945 1145
f 946 1145 1141
f 1141 1145 1146
f 1141 1146 1142
f 1142 1146 1147
f 1142 1147 1143
f 1143 1147 1144
f 1143 1144 1140
f 1140 1144 374
f 1140 374 373
f 1148 379 377
f 756 944 945
f 945 944 1149
f 945 1149 1145
f 1145 1149 1150
f 1145 1150 1146
f 1146 1150 1151
f 1146 1151 1147
f 1147 1151 1148
f 1147 1148 1144
f 1144 1148 377
f 1144 377 376
f 1152 382 380
f 755 943 944
f 944 943 1153
f 944 1153 1149
f 1149 1153 1154
f 1149 1154 1150
f 1150 1154 1155
f 1150 1155 1151
f 1151 1155 1152
f 1151 1152 1148
f 1148 1152 380
f 1148 380 379
f 1156 385 383
f 759 942 943
f 943 942 1157
f 943 1157 1153
f 1153 1157 1158
f 1153 1158 1154
f 1154 1158 1159
f 1154 1159 1155
f 1155 1159 1156
f 1155 1156 1152
f 1152 1156 383
f 1152 383 382
f 1160 388 386
f 758 941 942
f 942 941 1161
f 942 1161 1157
f 1157 1161 1162
f 1157 1162 1158
f 1158 1162 1163
f 1158 1163 1159
f 1159 1163 1160
f 1159 1160 1156
f 1156 1160 386
f 1156 386 385
f 1164 262 389
f 757 940 941
f 941 940 1165
f 941 1165 1161
f 1161 1165 1166
f 1161 1166 1162
f 1162 1166 1167
f 1162 1167 1163
f 1163 1167 1164
f 1163 1164 1160
f 1160 1164 389
f 1160 389 388
f 1168 650 263
f 745 939 940
f 940 939 1169
f 940 1169 1165
f 1165 1169 1170
f 1165 1170 1166
f 1166 1170 1171
f 1166 1171 1167
f 1167 1171 1168
f 1167 1168 1164
f 1164 1168 263
f 1164 263 262
f 394 392 1172
f 1172 392 391
f 744 938 939
f 939 938 1173
f 939 1173 1169
f 1169 1173 1174
f 1169 1174 1170
f 1170 1174 1175
f 1170 1175 1171
f 1171 1175 1172
f 1171 1172 1168
f 1168 1172 391
f 1168 391 650
f 790 937 938
f 938 937 1176
f 938 1176 1173
f 1173 1176 1177
f 1173 1177 1174
f 1174 1177 1178
f 1174 1178 1175
f 1175 1178 922
f 1175 922 1172
f 1172 922 395
f 1172 395 394
f 789 936 937
f 937 936 1179
f 937 1179 1176
f 1176 1179 1180
f 1176 1180 1177
f 1177 1180 1181
f 1177 1181 1178
f 1178 1181 921
f 1178 921 922
f 922 921 398
f 922 398 397
f 788 935 936
f 936 935 1182
f 936 1182 1179
f 1179 1182 1183
f 1179 1183 1180
f 1180 1183 1184
f 1180 1184 1181
f 1181 1184 920
f 1181 920 921
f 921 920 401
f 921 401 400
f 750 934 935
f 935 934 1185
f 935 1185 1182
f 1182 1185 1186
f 1182 1186 1183
f 1183 1186 1187
f 1183 1187 1184
f 1184 1187 919
f 1184 919 920
f 920 919 404
f 920 404 403
f 762 933 934
f 934 933 1188
f 934 1188 1185
f 1185 1188 1189
f 1185 1189 1186
f 1186 1189 1190
f 1186 1190 1187
f 1187 1190 918
f 1187 918 919
f 919 918 407
f 919 407 406
f 761 1191 933
f 933 1191 1192
f 933 1192 1188
f 1188 1192 1193
f 1188 1193 1189
f 1189 1193 1194
f 1189 1194 1190
f 1190 1194 917
f 1190 917 918
f 918 917 410
f 918 410 409
f 1191 1195 1192
f 1192 1195 1196
f 1192 1196 1193
f 1193 1196 1197
f 1193 1197 1194
f 1194 1197 916
f 1194 916 917
f 917 916 413
f 917 413 412
f 1195 1198 1196
f 1196 1198 1199
f 1196 1199 1197
f 1197 1199 915
f 1197 915 916
f 916 915 416
f 916 416 415
f 1198 1008 1199
f 1199 1008 1010
f 1199 1010 915
f 915 1010 419
f 915 419 418
f 427 425 1200
f 1200 425 1009
f 1200 1009 1201
f 1201 1009 1008
f 1201 1008 1202
f 1202 1008 1198
f 1202 1198 1203
f 1203 1198 1195
f 1203 1195 1204
f 1204 1195 1191
f 1204 1191 765
f 765 1191 761
f 425 424 1009
f 1009 424 422
f 1009 422 1010
f 1010 422 421
f 1010 421 419
f 428 427 914
f 914 427 1200
f 914 1200 1205
f 1205 1200 1201
f 1205 1201 1206
f 1206 1201 1202
f 1206 1202 1207
f 1207 1202 1203
f 1207 1203 1208
f 1208 1203 1204
f 1208 1204 764
f 764 1204 765
f 431 430 913
f 913 430 914
f 913 914 1209
f 1209 914 1205
f 1209 1205 1210
f 1210 1205 1206
f 1210 1206 1211
f 1211 1206 1207
f 1211 1207 1212
f 1212 1207 1208
f 1212 1208 793
f 793 1208 764
f 259 433 912
f 912 433 913
f 912 913 1213
f 1213 913 1209
f 1213 1209 1214
f 1214 1209 1210
f 1214 1210 1215
f 1215 1210 1211
f 1215 1211 1216
f 1216 1211 1212
f 1216 1212 792
f 792 1212 793
f 468 260 999
f 999 260 912
f 999 912 998
f 998 912 1213
f 998 1213 997
f 997 1213 1214
f 997 1214 996
f 996 1214 1215
f 996 1215 995
f 995 1215 1216
f 995 1216 791
f 791 1216 792
f 251 1217 1218
f 251 250 1217
f 1217 250 248
f 1217 248 1219
f 248 247 1219
f 1219 247 245
f 1219 245 1220
f 245 244 1220
f 1220 244 242
f 1220 242 1221
f 1221 242 241
f 1221 241 1222
f 241 239 1222
f 1222 239 238
f 1222 238 1223
f 238 236 1223
f 1223 236 235
f 1223 235 1224
f 235 233 1224
f 1224 233 232
f 1224 232 1225
f 232 230 1225
f 1225 230 229
f 1225 229 1226
f 229 227 1226
f 1226 227 226
f 1226 226 1227
f 226 224 1227
f 1227 224 223
f 1227 223 1228
f 223 221 1228
f 1228 221 220
f 1228 220 1229
f 220 218 1229
f 1229 218 217
f 1229 217 1230
f 217 215 1230
f 1230 215 214
f 1230 214 1231
f 214 521 1231
f 1231 521 533
f 1231 533 1232
f 1232 533 532
f 532 531 1232
f 1232 531 523
f 1232 523 1233
f 523 522 1233
f 1233 522 212
f 1233 212 1234
f 212 211 1234
f 1234 211 209
f 1234 209 1235
f 209 208 1235
f 1235 208 206
f 1235 206 1236
f 206 205 1236
f 1236 205 203
f 1236 203 1237
f 203 202 1237
f 1237 202 200
f 1237 200 1238
f 200 199 1238
f 1238 199 197
f 1238 197 1239
f 197 196 1239
f 1239 196 194
f 1239 194 1240
f 194 193 1240
f 1240 193 191
f 1240 191 1241
f 191 190 1241
f 1241 190 188
f 1241 188 1242
f 188 187 1242
f 1242 187 185
f 1242 185 1243
f 185 184 1243
f 1243 184 182
f 1243 182 1244
f 182 181 1244
f 1244 181 179
f 1244 179 1245
f 179 178 1245
f 1245 178 176
f 1245 176 1246
f 172 1247 173
f 173 1247 1246
f 173 1246 175
f 175 1246 176
f 172 590 1247
f 1247 590 170
f 1247 170 1248
f 170 169 1248
f 1248 169 167
f 1248 167 1249
f 167 166 1249
f 1249 166 164
f 1249 164 1250
f 164 163 1250
f 1250 163 161
f 1250 161 1251
f 161 160 1251
f 1251 160 158
f 1251 158 1252
f 1252 158 157
f 1252 157 1253
f 157 155 1253
f 1253 155 154
f 1253 154 1254
f 154 152 1254
f 1254 152 151
f 1254 151 1255
f 151 149 1255
f 1255 149 148
f 1255 148 1256
f 148 146 1256
f 1256 146 145
f 1256 145 1257
f 145 143 1257
f 1257 143 142
f 1257 142 1258
f 142 140 1258
f 1258 140 139
f 1258 139 1259
f 139 137 1259
f 1259 137 136
f 1259 136 1260
f 136 134 1260
f 1260 134 133
f 1260 133 1261
f 133 641 1261
f 1261 641 653
f 1261 653 1262
f 653 652 1262
f 1262 652 651
f 1262 651 1263
f 1263 651 643
f 643 642 1263
f 1263 642 131
f 1263 131 1264
f 131 130 1264
f 1264 130 128
f 1264 128 1265
f 128 127 1265
f 1265 127 125
f 1265 125 1266
f 125 124 1266
f 1266 124 122
f 1266 122 1267
f 122 121 1267
f 1267 121 119
f 1267 119 1268
f 119 118 1268
f 1268 118 116
f 1268 116 1269
f 116 115 1269
f 1269 115 113
f 1269 113 1270
f 113 112 1270
f 1270 112 110
f 1270 110 1271
f 110 109 1271
f 1271 109 107
f 1271 107 1272
f 107 106 1272
f 1272 106 104
f 1272 104 1273
f 104 103 1273
f 1273 103 101
f 1273 101 1274
f 101 100 1274
f 1274 100 98
f 1274 98 1275
f 98 97 1275
f 1275 97 95
f 1275 95 1276
f 95 94 1276
f 1276 94 92
f 1276 92 1277
f 92 91 1277
f 1277 91 710
f 1277 710 1218
f 1218 710 475
f 1218 475 251
f 1218 1278 1277
f 1277 1278 1279
f 1277 1279 1276
f 1276 1279 1280
f 1276 1280 1275
f 1275 1280 1281
f 1275 1281 1274
f 1274 1281 1282
f 1274 1282 1273
f 1273 1282 1283
f 1273 1283 1272
f 1272 1283 1284
f 1272 1284 1271
f 1271 1284 1285
f 1271 1285 1270
f 1270 1285 1286
f 1270 1286 1269
f 1269 1286 1287
f 1269 1287 1268
f 1268 1287 1288
f 1268 1288 1267
f 1267 1288 1289
f 1267 1289 1266
f 1266 1289 1290
f 1266 1290 1265
f 1265 1290 1291
f 1265 1291 1264
f 1264 1291 1292
f 1264 1292 1263
f 1263 1292 1293
f 1263 1293 1262
f 1262 1293 1294
f 1262 1294 1261
f 1261 1294 1295
f 1261 1295 1260
f 1260 1295 1296
f 1260 1296 1259
f 1259 1296 1297
f 1259 1297 1258
f 1258 1297 1298
f 1258 1298 1257
f 1257 1298 1299
f 1257 1299 1256
f 1256 1299 1300
f 1256 1300 1255
f 1255 1300 1301
f 1255 1301 1254
f 1254 1301 1302
f 1254 1302 1253
f 1253 1302 1303
f 1253 1303 1252
f 1252 1303 1304
f 1252 1304 1251
f 1251 1304 1305
f 1251 1305 1250
f 1250 1305 1306
f 1250 1306 1249
f 1249 1306 1307
f 1249 1307 1248
f 1248 1307 1308
f 1248 1308 1247
f 1247 1308 1309
f 1247 1309 1246
f 1246 1309 1310
f 1246 1310 1245
f 1245 1310 1311
f 1245 1311 1244
f 1244 1311 1312
f 1244 1312 1243
f 1243 1312 1313
f 1243 1313 1242
f 1242 1313 1314
f 1242 1314 1241
f 1241 1314 1315
f 1241 1315 1240
f 1240 1315 1316
f 1240 1316 1239
f 1239 1316 1317
f 1239 1317 1238
f 1238 1317 1318
f 1238 1318 1237
f 1237 1318 1319
f 1237 1319 1236
f 1236 1319 1320
f 1236 1320 1235
f 1235 1320 1321
f 1235 1321 1234
f 1234 1321 1322
f 1234 1322 1233
f 1233 1322 1323
f 1233 1323 1232
f 1232 1323 1324
f 1232 1324 1231
f 1231 1324 1325
f 1231 1325 1230
f 1230 1325 1326
f 1230 1326 1229
f 1229 1326 1327
f 1229 1327 1228
f 1228 1327 1328
f 1228 1328 1227
f 1227 1328 1329
f 1227 1329 1226
f 1226 1329 1330
f 1226 1330 1225
f 1225 1330 1331
f 1225 1331 1224
f 1224 1331 1332
f 1224 1332 1223
f 1223 1332 1333
f 1223 1333 1222
f 1222 1333 1334
f 1222 1334 1221
f 1221 1334 1335
f 1221 1335 1220
f 1220 1335 1336
f 1220 1336 1219
f 1219 1336 1337
f 1219 1337 1217
f 1217 1337 1338
f 1217 1338 1218
f 1218 1338 1278
f 1338 1339 1278
f 1278 1339 1340
f 1278 1340 1279
f 1279 1340 1341
f 1279 1341 1280
f 1280 1341 1342
f 1280 1342 1281
f 1281 1342 1343
f 1281 1343 1282
f 1282 1343 1344
f 1282 1344 1283
f 1283 1344 1345
f 1283 1345 1284
f 1284 1345 1346
f 1284 1346 1285
f 1285 1346 1347
f 1285 1347 1286
f 1286 1347 1348
f 1286 1348 1287
f 1287 1348 1349
f 1287 1349 1288
f 1288 1349 1350
f 1288 1350 1289
f 1289 1350 1351
f 1289 1351 1290
f 1290 1351 1352
f 1290 1352 1291
f 1291 1352 1353
f 1291 1353 1292
f 1292 1353 1354
f 1292 1354 1293
f 1293 1354 1355
f 1293 1355 1294
f 1294 1355 1356
f 1294 1356 1295
f 1295 1356 1357
f 1295 1357 1296
f 1296 1357 1358
f 1296 1358 1297
f 1297 1358 1359
f 1297 1359 1298
f 1298 1359 1360
f 1298 1360 1299
f 1299 1360 1361
f 1299 1361 1300
f 1300 1361 1362
f 1300 1362 1301
f 1301 1362 1363
f 1301 1363 1302
f 1302 1363 1364
f 1302 1364 1303
f 1303 1364 1365
f 1303 1365 1304
f 1304 1365 1366
f 1304 1366 1305
f 1305 1366 1367
f 1305 1367 1306
f 1306 1367 1368
f 1306 1368 1307
f 1307 1368 1369
f 1307 1369 1308
f 1308 1369 1370
f 1308 1370 1309
f 1309 1370 1371
f 1309 1371 1310
f 1310 1371 1372
f 1310 1372 1311
f 1311 1372 1373
f 1311 1373 1312
f 1312 1373 1374
f 1312 1374 1313
f 1313 1374 1375
f 1313 1375 1314
f 1314 1375 1376
f 1314 1376 1315
f 1315 1376 1377
f 1315 1377 1316
f 1316 1377 1378
f 1316 1378 1317
f 1317 1378 1379
f 1317 1379 1318
f 1318 1379 1380
f 1318 1380 1319
f 1319 1380 1381
f 1319 1381 1320
f 1320 1381 1382
f 1320 1382 1321
f 1321 1382 1383
f 1321 1383 1322
f 1322 1383 1384
f 1322 1384 1323
f 1323 1384 1385
f 1323 1385 1324
f 1324 1385 1386
f 1324 1386 1325
f 1325 1386 1387
f 1325 1387 1326
f 1326 1387 1388
f 1326 1388 1327
f 1327 1388 1389
f 1327 1389 1328
f 1328 1389 1390
f 1328 1390 1329
f 1329 1390 1391
f 1329 1391 1330
f 1330 1391 1392
f 1330 1392 1331
f 1331 1392 1393
f 1331 1393 1332
f 1332 1393 1394
f 1332 1394 1333
f 1333 1394 1395
f 1333 1395 1334
f 1334 1395 1396
f 1334 1396 1335
f 1335 1396 1397
f 1335 1397 1336
f 1336 1397 1398
f 1336 1398 1337
f 1337 1398 1399
f 1337 1399 1338
f 1338 1399 1339
f 1399 1400 1339
f 1339 1400 1401
f 1339 1401 1340
f 1340 1401 1402
f 1340 1402 1341
f 1341 1402 1403
f 1341 1403 1342
f 1342 1403 1404
f 1342 1404 1343
f 1343 1404 1405
f 1343 1405 1344
f 1344 1405 1406
f 1344 1406 1345
f 1345 1406 1407
f 1345 1407 1346
f 1346 1407 1408
f 1346 1408 1347
f 1347 1408 1409
f 1347 1409 1348
f 1348 1409 1410
f 1348 1410 1349
f 1349 1410 1411
f 1349 1411 1350
f 1350 1411 1412
f 1350 1412 1351
f 1351 1412 1413
f 1351 1413 1352
f 1352 1413 1414
f 1352 1414 1353
f 1353 1414 1415
f 1353 1415 1354
f 1354 1415 1416
f 1354 1416 1355
f 1355 1416 1417
f 1355 1417 1356
f 1356 1417 1418
f 1356 1418 1357
f 1357 1418 1419
f 1357 1419 1358
f 1358 1419 1420
f 1358 1420 1359
f 1359 1420 1421
f 1359 1421 1360
f 1360 1421 1422
f 1360 1422 1361
f 1361 1422 1423
f 1361 1423 1362
f 1362 1423 1424
f 1362 1424 1363
f 1363 1424 1425
f 1363 1425 1364
f 1364 1425 1426
f 1364 1426 1365
f 1365 1426 1427
f 1365 1427 1366
f 1366 1427 1428
f 1366 1428 1367
f 1367 1428 1429
f 1367 1429 1368
f 1368 1429 1430
f 1368 1430 1369
f 1369 1430 1431
f 1369 1431 1370
f 1370 1431 1432
f 1370 1432 1371
f 1371 1432 1433
f 1371 1433 1372
f 1372 1433 1434
f 1372 1434 1373
f 1373 1434 1435
f 1373 1435 1374
f 1374 1435 1436
f 1374 1436 1375
f 1375 1436 1437
f 1375 1437 1376
f 1376 1437 1438
f 1376 1438 1377
f 1377 1438 1439
f 1377 1439 1378
f 1378 1439 1440
f 1378 1440 1379
f 1379 1440 1441
f 1379 1441 1380
f 1380 1441 1442
f 1380 1442 1381
f 1381 1442 1443
f 1381 1443 1382
f 1382 1443 1444
f 1382 1444 1383
f 1383 1444 1445
f 1383 1445 1384
f 1384 1445 1446
f 1384 1446 1385
f 1385 1446 1447
f 1385 1447 1386
f 1386 1447 1448
f 1386 1448 1387
f 1387 1448 1449
f 1387 1449 1388
f 1388 1449 1450
f 1388 1450 1389
f 1389 1450 1451
f 1389 1451 1390
f 1390 1451 1452
f 1390 1452 1391
f 1391 1452 1453
f 1391 1453 1392
f 1392 1453 1454
f 1392 1454 1393
f 1393 1454 1455
f 1393 1455 1394
f 1394 1455 1456
f 1394 1456 1395
f 1395 1456 1457
f 1395 1457 1396
f 1396 1457 1458
f 1396 1458 1397
f 1397 1458 1459
f 1397 1459 1398
f 1398 1459 1460
f 1398 1460 1399
f 1399 1460 1400
f 1460 1461 1400
f 1400 1461 1462
f 1400 1462 1401
f 1401 1462 1463
f 1401 1463 1402
f 1402 1463 1464
f 1402 1464 1403
f 1403 1464 1465
f 1403 1465 1404
f 1404 1465 1466
f 1404 1466 1405
f 1405 1466 1467
f 1405 1467 1406
f 1406 1467 1468
f 1406 1468 1407
f 1407 1468 1469
f 1407 1469 1408
f 1408 1469 1470
f 1408 1470 1409
f 1409 1470 1471
f 1409 1471 1410
f 1410 1471 1472
f 1410 1472 1411
f 1411 1472 1473
f 1411 1473 1412
f 1412 1473 1474
f 1412 1474 1413
f 1413 1474 1475
f 1413 1475 1414
f 1414 1475 1476
f 1414 1476 1415
f 1415 1476 1477
f 1415 1477 1416
f 1416 1477 1478
f 1416 1478 1417
f 1417 1478 1479
f 1417 1479 1418
f 1418 1479 1480
f 1418 1480 1419
f 1419 1480 1481
f 1419 1481 1420
f 1420 1481 1482
f 1420 1482 1421
f 1421 1482 1483
f 1421 1483 1422
f 1422 1483 1484
f 1422 1484 1423
f 1423 1484 1485
f 1423 1485 1424
f 1424 1485 1486
f 1424 1486 1425
f 1425 1486 1487
f 1425 1487 1426
f 1426 1487 1488
f 1426 1488 1427
f 1427 1488 1489
f 1427 1489 1428
f 1428 1489 1490
f 1428 1490 1429
f 1429 1490 1491
f 1429 1491 1430
f 1430 1491 1492
f 1430 1492 1431
f 1431 1492 1493
f 1431 1493 1432
f 1432 1493 1494
f 1432 1494 1433
f 1433 1494 1495
f 1433 1495 1434
f 1434 1495 1496
f 1434 1496 1435
f 1435 1496 1497
f 1435 1497 1436
f 1436 1497 1498
f 1436 1498 1437
f 1437 1498 1499
f 1437 1499 1438
f 1438 1499 1500
f 1438 1500 1439
f 1439 1500 1501
f 1439 1501 1440
f 1440 1501 1502
f 1440 1502 1441
f 1441 1502 1503
f 1441 1503 1442
f 1442 1503 1504
f 1442 1504 1443
f 1443 1504 1505
f 1443 1505 1444
f 1444 1505 1506
f 1444 1506 1445
f 1445 1506 1507
f 1445 1507 1446
f 1446 1507 1508
f 1446 1508 1447
f 1447 1508 1509
f 1447 1509 1448
f 1448 1509 1510
f 1448 1510 1449
f 1449 1510 1511
f 1449 1511 1450
f 1450 1511 1512
f 1450 1512 1451
f 1451 1512 1513
f 1451 1513 1452
f 1452 1513 1514
f 1452 1514 1453
f 1453 1514 1515
f 1453 1515 1454
f 1454 1515 1516
f 1454 1516 1455
f 1455 1516 1517
f 1455 1517 1456
f 1456 1517 1518
f 1456 1518 1457
f 1457 1518 1519
f 1457 1519 1458
f 1458 1519 1520
f 1458 1520 1459
f 1459 1520 1521
f 1459 1521 1460
f 1460 1521 1461
f 1521 73 1461
f 1461 73 78
f 1461 78 1462
f 1462 78 77
f 1462 77 1463
f 1463 77 81
f 1463 81 1464
f 1464 81 80
f 1464 80 1465
f 1465 80 79
f 1465 79 1466
f 1466 79 2
f 1466 2 1467
f 1467 2 1
f 1467 1 1468
f 1468 1 25
f 1468 25 1469
f 1469 25 27
f 1469 27 1470
f 1470 27 30
f 1470 30 1471
f 1471 30 29
f 1471 29 1472
f 1472 29 33
f 1472 33 1473
f 1473 33 32
f 1473 32 1474
f 1474 32 36
f 1474 36 1475
f 1475 36 35
f 1475 35 1476
f 1476 35 39
f 1476 39 1477
f 1477 39 38
f 1477 38 1478
f 1478 38 57
f 1478 57 1479
f 1479 57 56
f 1479 56 1480
f 1480 56 55
f 1480 55 1481
f 1481 55 41
f 1481 41 1482
f 1482 41 40
f 1482 40 1483
f 1483 40 16
f 1483 16 1484
f 1484 16 21
f 1484 21 1485
f 1485 21 20
f 1485 20 1486
f 1486 20 19
f 1486 19 1487
f 1487 19 6
f 1487 6 1488
f 1488 6 5
f 1488 5 1489
f 1489 5 43
f 1489 43 1490
f 1490 43 45
f 1490 45 1491
f 1491 45 48
f 1491 48 1492
f 1492 48 47
f 1492 47 1493
f 1493 47 51
f 1493 51 1494
f 1494 51 50
f 1494 50 1495
f 1495 50 54
f 1495 54 1496
f 1496 54 53
f 1496 53 1497
f 1497 53 52
f 1497 52 1498
f 1498 52 23
f 1498 23 1499
f 1499 23 22
f 1499 22 1500
f 1500 22 10
f 1500 10 1501
f 1501 10 9
f 1501 9 1502
f 1502 9 13
f 1502 13 1503
f 1503 13 15
f 1503 15 1504
f 1504 15 58
f 1504 58 1505
f 1505 58 60
f 1505 60 1506
f 1506 60 61
f 1506 61 1507
f 1507 61 63
f 1507 63 1508
f 1508 63 64
f 1508 64 1509
f 1509 64 66
f 1509 66 1510
f 1510 66 90
f 1510 90 1511
f 1511 90 89
f 1511 89 1512
f 1512 89 88
f 1512 88 1513
f 1513 88 83
f 1513 83 1514
f 1514 83 82
f 1514 82 1515
f 1515 82 69
f 1515 69 1516
f 1516 69 72
f 1516 72 1517
f 1517 72 71
f 1517 71 1518
f 1518 71 87
f 1518 87 1519
f 1519 87 86
f 1519 86 1520
f 1520 86 85
f 1520 85 1521
f 1521 85 73
f 1522 1523 1524
f 1524 1523 1525
f 1524 1525 1526
f 1526 1525 1527
f 1526 1527 1528
f 1528 1527 1529
f 1528 1529 1530
f 1530 1529 1531
f 1530 1531 1532
f 1532 1531 1533
f 1532 1533 1534
f 1534 1533 1535
f 1534 1535 1536
f 1536 1535 1537
f 1536 1537 1538
f 1538 1537 1539
f 1538 1539 1540
f 1540 1539 1541
f 1540 1541 1542
f 1542 1541 1543
f 1542 1543 1544
f 1544 1543 1545
f 1544 1545 1546
f 1546 1545 1547
f 1546 1547 1548
f 1548 1547 1549
f 1548 1549 1550
f 1550 1549 1551
f 1550 1551 1552
f 1552 1551 1553
f 1552 1553 1554
f 1554 1553 1555
f 1554 1555 1556
f 1556 1555 1557
f 1556 1557 1558
f 1558 1557 1559
f 1558 1559 1560
f 1560 1559 1561
f 1560 1561 1562
f 1562 1561 1563
f 1562 1563 1564
f 1564 1563 1565
f 1564 1565 1566
f 1566 1565 1567
f 1566 1567 1568
f 1568 1567 1569
f 1568 1569 1522
f 1522 1569 1523
f 1549 1547 1570
f 1570 1547 1545
f 1570 1545 1543
f 1555 1553 1570
f 1570 1553 1551
f 1570 1551 1549
f 1561 1559 1570
f 1570 1559 1557
f 1570 1557 1555
f 1567 1565 1570
f 1570 1565 1563
f 1570 1563 1561
f 1525 1523 1570
f 1570 1523 1569
f 1570 1569 1567
f 1531 1529 1570
f 1570 1529 1527
f 1570 1527 1525
f 1537 1535 1570
f 1570 1535 1533
f 1570 1533 1531
f 1543 1541 1570
f 1570 1541 1539
f 1570 1539 1537
f 1542 1544 1571
f 1571 1544 1546
f 1571 1546 1548
f 1536 1538 1571
f 1571 1538 1540
f 1571 1540 1542
f 1530 1532 1571
f 1571 1532 1534
f 1571 1534 1536
f 1524 1526 1571
f 1571 1526 1528
f 1571 1528 1530
f 1566 1568 1571
f 1571 1568 1522
f 1571 1522 1524
f 1560 1562 1571
f 1571 1562 1564
f 1571 1564 1566
f 1554 1556 1571
f 1571 1556 1558
f 1571 1558 1560
f 1548 1550 1571
f 1571 1550 1552
f 1571 1552 1554
