v -0.00219821018 -0.0089337666 0.0083527259
v -0.0018110184 -0.00948099684 0.00782582084
v 0.0010199638 -0.00639711213 0.00796851436
v 0.00143063981 -0.0069460113 0.0074274234
v -0.00251304191 -0.00833277297 0.00886925975
v 0.000768193785 -0.00573740792 0.00848242561
v -0.00275193733 -0.00768481087 0.00936934272
v 0.0107294412 -0.0055061419 0.00299569885
v 0.0110095831 -0.00474743437 0.00326558868
v 0.00732732731 -0.00493435454 0.00523659507
v 0.00759340245 -0.00415454697 0.00552627365
v 0.0103752704 -0.00624994826 0.00277599613
v 0.00690401513 -0.00567667079 0.00505670826
v 0.00995088536 -0.0069703896 0.00260910312
v 0.000362405363 -0.0110187371 0.00573310176
v 0.00263918358 -0.00760839772 0.00637242118
v 0.00197947938 -0.0073566277 0.00688633243
v -0.00135587734 -0.00996826481 0.00729450504
v -0.000837912973 -0.0103900273 0.00676450054
v -0.000262966569 -0.0107415159 0.00624212543
v 0.00567663628 -0.00690399003 0.00505670826
v 0.00493432004 -0.00732736182 0.00523659507
v 0.00624991376 -0.0103751857 0.00277599613
v 0.00103105027 -0.0112185914 0.00524339
v 0.00173557717 -0.011338814 0.00477835456
v 0.00337649304 -0.00768868518 0.00591131965
v 0.000387081686 0.000817016844 0.012393444
v 0.00203228909 -0.00203220439 0.00985905449
v 0.00269998032 -0.00147263598 0.00979801933
v 0.0113388391 -0.00173555207 0.00477835456
v 0.00760842282 -0.00263915848 0.00637242118
v 0.00768865067 -0.00337652754 0.00591131965
v 0.0112124773 -0.00398234915 0.00358268539
v 0.0113357397 -0.00321958851 0.00394317428
v 0.0113779398 -0.00246785473 0.00434335987
v 0.0069704147 -0.00995086026 0.00260910312
v 0.00765932519 -0.0094612081 0.00249668876
v 0.00634432751 -0.00634436202 0.00499579231
v 0.00415457207 -0.00759337735 0.00552627365
v 0.00474739987 -0.0110096176 0.00326558868
v 0.005506167 -0.0107294757 0.00299569885
v 0.00246787984 -0.0113779743 0.00434335987
v 0.00321961362 -0.0113357146 0.00394317428
v 0.00398231465 -0.0112124522 0.00358268539
v 0.00104917008 -0.00344227147 0.00961825172
v 0.00147260148 -0.00269995522 0.00979801933
v -0.00179492515 -0.00176297021 0.0121689729
v -0.000240078386 0.000240043882 0.0124216966
v -0.000817051347 -0.00038711619 0.012393444
v -0.00133728069 -0.00105731082 0.0123088054
v 0.0083088966 -0.00891183209 0.00244018356
v 0.00891185719 -0.00830893111 0.00244018356
v 0.0094611736 -0.00765930009 0.00249668876
v -0.00218473953 -0.00249616694 0.011975377
v -0.00250243228 -0.00324849677 0.0117302827
v 0.000783214156 -0.00422201943 0.00932845394
v 0.00553477723 0.00299044061 0.0107161693
v 0.00477648694 0.00290753055 0.011097043
v 0.00500012356 -0.000687940832 0.00894352714
v 0.00422204453 -0.000783189055 0.00932845394
v 0.00627780873 0.00299199033 0.0102981023
v 0.00573743302 -0.000768228289 0.00848242561
v 0.00699723679 0.00291217971 0.00984737198
v 0.0112186762 -0.00103108477 0.00524339
v 0.0110187622 -0.000362380262 0.00573310176
v 0.0073566528 -0.00197951388 0.00688633243
v -0.00291215461 -0.0069972713 0.00984737198
v 0.000687965933 -0.00500009846 0.00894352714
v -0.00299202484 -0.00627784323 0.0102981023
v -0.00274430793 -0.00401149582 0.0114363126
v -0.00290750545 -0.00477646184 0.011097043
v -0.00299047511 -0.00553481173 0.0107161693
v 0.00344229657 -0.00104920458 0.00961825172
v 0.00176299531 0.00179489065 0.0121689729
v 0.00105727631 0.00133724618 0.0123088054
v 0.00401152093 0.00274427343 0.0114363126
v 0.00324846226 0.00250239778 0.0117302827
v 0.00249613244 0.00218476463 0.011975377
v 0.0107414814 0.000262991671 0.00624212543
v 0.0103900524 0.000837878469 0.00676450054
v 0.0069459768 -0.00143061471 0.0074274234
v 0.00639713723 -0.0010199387 0.00796851436
v 0.00833273846 0.00251300741 0.00886925975
v 0.00768483597 0.00275190282 0.00936934272
v 0.00996828992 0.00135590244 0.00729450504
v 0.00948096234 0.0018110435 0.00782582084
v 0.0089337917 0.00219823528 0.0083527259
v -0.000474563058 0.00182797122 0.0123172692
v 0.000229367796 0.00237442661 0.0122283391
v -0.000950565752 0.00362534929 0.0104593925
v 0.000278839652 0.00241275239 0.0122221402
v 0.00099397618 0.00287659574 0.0120804004
v -0.000165453371 0.00414230037 0.0103082351
v 0.00107193905 0.00292714048 0.0120649032
v 0.00178802926 0.00330789495 0.0118758372
v 0.000650057379 0.00458653379 0.0100989036
v 0.00189603287 0.00336535383 0.0118473462
v 0.00260318238 0.00366391349 0.0116169147
v 0.00148750264 0.00495340038 0.0098335437
v 0.00274170357 0.00372238565 0.0115718536
v 0.00343073327 0.00394077707 0.0113064937
v 0.00233794171 0.00523890663 0.00951489727
v 0.0035992952 0.00399424243 0.0112415246
v 0.00426186043 0.00413562465 0.0109476737
v 0.0031924339 0.00544013191 0.00914654056
v 0.00445915181 0.00417776513 0.0108601741
v 0.00508810002 0.00424648929 0.0105442695
v 0.00404191929 0.00555487085 0.00873228828
v 0.00531149823 0.00427092719 0.0104319743
v 0.00590039212 0.00427217889 0.0101006917
v 0.00487721879 0.00558199096 0.00827655117
v 0.00614679772 0.00427265573 0.00996205131
v 0.00669027287 0.00421239543 0.00962147037
v 0.0056897493 0.00552113462 0.00778409759
v 0.00695539433 0.00418295074 0.00945541183
v 0.00744951684 0.00406779457 0.00911185066
v 0.00647057015 0.00537289787 0.00726017276
v 0.00772822816 0.0040028255 0.00891813556
v 0.00817001778 0.00383998561 0.00857707779
v 0.00721181351 0.00513900924 0.00671026031
v 0.00845647771 0.00373430658 0.00835594455
v 0.00884414632 0.00353129316 0.0080228738
v 0.00790525395 0.00482179332 0.0061403207
v 0.00913203675 0.00338049341 0.00777551452
v 0.00946474988 0.00314499545 0.00745507995
v 0.00854373891 0.00442470718 0.0055564336
v 0.0111639591 0.0012052219 0.00540313045
v 0.0112916322 0.000917212252 0.00516864578
v 0.0104223581 0.00213320661 0.00320491115
v 0.0114755722 0.000502304319 0.00483104507
v 0.01156033 0.000218943838 0.0046235017
v 0.0106982084 0.00141497064 0.00264426986
v 0.0117002817 -0.000249310251 0.00428053657
v 0.0117467733 -0.000521882292 0.00410053054
v 0.0108895393 0.000652925257 0.00210675518
v 0.0118353458 -0.00104115796 0.00375780384
v 0.0118490549 -0.00129745793 0.00360557357
v 0.0109942051 -0.000144823309 0.00159785072
v 0.011879334 -0.0018642385 0.00326880733
v 0.0118661018 -0.00209967684 0.00314351837
v 0.0110111328 -0.000969811197 0.00112304012
v 0.0118318887 -0.00270925355 0.00281914989
v 0.0117977949 -0.00291995597 0.00271949093
v 0.010940084 -0.00181333613 0.000687449375
v 0.0116933675 -0.00356654715 0.00241383831
v 0.0116447302 -0.00374977183 0.00233790199
v 0.0107818933 -0.00266639781 0.000295608441
v 0.0114653202 -0.00442652297 0.00205740253
v 0.0114085766 -0.00458024335 0.00200280468
v 0.0105382295 -0.00351999592 -4.83103597e-05
v 0.0111504884 -0.00527934622 0.0017541341
v 0.0110917183 -0.00540260863 0.00171765606
v 0.0102115961 -0.00436513018 -0.000340611538
v 0.0107522102 -0.00611542058 0.00150713245
v 0.0106974931 -0.00620828461 0.00148567478
v 0.00980556924 -0.00519268107 -0.000578314861
v 0.0102752538 -0.00692520928 0.00131949703
v 0.0102301927 -0.00698862862 0.00130912582
v 0.00932432133 -0.00599406552 -0.000758916935
v 0.00972486455 -0.00769953322 0.00119325439
v 0.00969458539 -0.00773541522 0.00119003574
v 0.00877297837 -0.00676064086 -0.000880271991
v 0.00910736043 -0.00842969012 0.00112971584
v 0.00909627396 -0.00844077658 0.00112971584
v 0.00815750081 -0.00748436045 -0.000941307148
v 0.00842965562 -0.00910739493 0.00112971584
v 0.00773538071 -0.00969456029 0.00119003574
v 0.00676060635 -0.00877301287 -0.000880271991
v 0.00769949872 -0.00972489905 0.00119325439
v 0.00698865372 -0.0102301676 0.00130912582
v 0.00599409062 -0.00932429623 -0.000758916935
v 0.00692523438 -0.0102752883 0.00131949703
v 0.00620830971 -0.0106975276 0.00148567478
v 0.00519264657 -0.00980554413 -0.000578314861
v 0.00611544568 -0.0107522447 0.00150713245
v 0.00540257413 -0.0110916932 0.00171765606
v 0.00436509568 -0.010211571 -0.000340611538
v 0.00527931172 -0.0111504037 0.0017541341
v 0.00458026845 -0.0114085515 0.00200280468
v 0.00352002103 -0.0105382044 -4.83103597e-05
v 0.00442648846 -0.0114652951 0.00205740253
v 0.00374973733 -0.0116447647 0.00233790199
v 0.0026663633 -0.0107819278 0.000295608441
v 0.00356651265 -0.0116933424 0.00241383831
v 0.00291992146 -0.0117978294 0.00271949093
v 0.00181330163 -0.0109401185 0.000687449375
v 0.00270927865 -0.0118318636 0.00281914989
v 0.00209964234 -0.0118661363 0.00314351837
v 0.000969776694 -0.0110111077 0.00112304012
v 0.00186420399 -0.0118793685 0.00326880733
v 0.00129748303 -0.0118490894 0.00360557357
v 0.00014484841 -0.0109942396 0.00159785072
v 0.00104118306 -0.0118353803 0.00375780384
v 0.000521907393 -0.0117467482 0.00410053054
v -0.000652900156 -0.0108895738 0.00210675518
v 0.000249275748 -0.0117002566 0.00428053657
v -0.000218978342 -0.0115603049 0.0046235017
v -0.00141500514 -0.0106982429 0.00264426986
v -0.000502338823 -0.0114756067 0.00483104507
v -0.000917187151 -0.0112916667 0.00516864578
v -0.00213324111 -0.010422333 0.00320491115
v -0.00120519679 -0.0111639936 0.00540313045
v -0.00156544727 -0.0109437544 0.00573035995
v -0.00280009788 -0.0100647051 0.00378259937
v -0.00185143035 -0.0107688744 0.00599035541
v -0.00215684455 -0.0105202038 0.00630280296
v -0.00340842288 -0.00962917399 0.00437125484
v -0.00373434108 -0.00845651221 0.00835594455
v -0.00383996051 -0.00816999268 0.00857707779
v -0.00513898414 -0.00721172881 0.00671026031
v -0.0040028004 -0.00772820305 0.00891813556
v -0.00406776946 -0.00744955134 0.00911185066
v -0.00537287277 -0.00647060465 0.00726017276
v -0.00418292564 -0.00695536923 0.00945541183
v -0.00421237033 -0.00669030738 0.00962147037
v -0.00552116912 -0.0056896646 0.00778409759
v -0.00427269023 -0.00614677262 0.00996205131
v -0.0042722134 -0.00590036702 0.0101006917
v -0.00558196586 -0.00487725329 0.00827655117
v -0.00427090209 -0.00531153273 0.0104319743
v -0.00424646419 -0.00508807492 0.0105442695
v -0.00555490535 -0.00404189419 0.00873228828
v -0.00417779964 -0.00445918631 0.0108601741
v -0.00413559955 -0.00426189494 0.0109476737
v -0.00544010681 -0.0031924684 0.00914654056
v -0.00399421733 -0.00359932971 0.0112415246
v -0.00394081157 -0.00343070817 0.0113064937
v -0.00523888152 -0.00233797621 0.00951489727
v -0.00372242015 -0.00274173808 0.0115718536
v -0.00366388839 -0.00260315728 0.0116169147
v -0.00495337528 -0.00148747754 0.0098335437
v -0.00336538833 -0.00189606738 0.0118473462
v -0.00330792945 -0.00178806376 0.0118758372
v -0.00458656829 -0.000650032278 0.0100989036
v -0.00292717498 -0.00107197356 0.0120649032
v -0.00287663024 -0.000994010683 0.0120804004
v -0.00414227527 0.000165478472 0.0103082351
v -0.0024127869 -0.000278754946 0.0122221402
v -0.00237440151 -0.0002294023 0.0122283391
v -0.00362538379 0.000950531248 0.0104593925
v -0.00182794612 0.000474528555 0.0123172692
v -0.00180672687 0.000497655157 0.0123182229
v -0.00304125827 0.00169666219 0.010550826
v 0.00599647481 -4.74889241e-05 -0.00813904484
v 0.00477994401 0.00106658149 -0.00997307976
v 0.00510657746 0.00191165615 -0.00968065937
v -0.00943445247 0.00288058925 0.0022135667
v -0.0103850273 0.00394417453 0.000201194683
v -0.0106706528 0.00309373546 -0.000117451748
v -0.0080706982 0.00942410636 -0.00115349968
v -0.0080938248 0.00940288711 -0.00115254601
v -0.00712834876 0.00847287584 0.000918357769
v 0.00317276436 0.00944759059 -0.00748041352
v 0.00292409379 0.00975300479 -0.00716796597
v 0.00419748742 0.00884015966 -0.00526109417
v 0.0026791187 0.000670925859 -0.0121512719
v 0.003101358 0.00138785053 -0.0119850942
v 0.00437379796 0.000238970999 -0.0102107831
v 0.00212872941 -0.000103398081 -0.0122775145
v 0.00263405759 0.000607506517 -0.0121615239
v 0.00389255005 -0.000562353846 -0.0103912659
v 0.00151122529 -0.000833554979 -0.0123410531
v 0.00209845025 -0.000139280077 -0.012280614
v 0.0033413263 -0.00132892918 -0.010512621
v 0.00117946583 -0.00117944073 -0.0123490401
v 0.00150037724 -0.000844879862 -0.0123412915
v 0.00272584874 -0.00205264878 -0.0105736562
v -0.0109765438 -0.00153587651 -0.00569525441
v -0.0107411055 -0.00186864924 -0.00601568898
v -0.00985645336 -0.00311200213 -0.00407591542
v -0.0105233101 0.00652416158 -0.00140574654
v -0.0109040646 0.00580807138 -0.00159493168
v -0.0100182204 0.00478161979 0.000466554562
v -0.010008922 0.00731738019 -0.0012486287
v -0.0104727654 0.00660212446 -0.00139036854
v -0.00957404655 0.00559719015 0.000675886074
v -0.00942408126 0.00807066369 -0.00115349968
v -0.00997053665 0.00736673284 -0.0012423106
v -0.00905703586 0.00638218332 0.000827043453
v -0.0109615235 0.00570006776 -0.0016234227
v -0.0112600235 0.00499297786 -0.00185373505
v -0.0113185553 0.00485439706 -0.00189891537
v -0.0115369467 0.00416542697 -0.00216427525
v -0.0115903525 0.00399680543 -0.00222924431
v -0.0117317347 0.0033342402 -0.00252309521
v -0.0108718781 0.00223924327 -0.000485808452
v -0.0117739348 0.00313694883 -0.00261059483
v -0.0118425993 0.00250806022 -0.00292649945
v -0.0109865574 0.00138981748 -0.000900060734
v -0.0118670372 0.00228460241 -0.00303867539
v -0.0118683485 0.00169576812 -0.00337007721
v -0.0110136179 0.000554458383 -0.00135591706
v -0.0118688254 0.00144936252 -0.00350871762
v -0.0118085055 0.000905827764 -0.00384917935
v -0.0109528212 -0.000258012529 -0.00184837063
v -0.0117790608 0.000640765909 -0.00401523789
v -0.0116639046 0.000146583799 -0.00435891827
v -0.010804644 -0.00103895259 -0.00237229546
v -0.0115989355 -0.000132067915 -0.00455263337
v -0.0114360957 -0.000573857542 -0.00489357193
v -0.0105706362 -0.00178007674 -0.0029220887
v -0.0113304762 -0.00086037707 -0.00511470517
v -0.0111274628 -0.00124798607 -0.00544777592
v -0.0102535395 -0.00247351718 -0.00349202832
v -0.0102814345 -0.00242935013 -0.00659099301
v -0.0100297837 -0.00269870352 -0.00688484391
v -0.00884019416 -0.00419746232 -0.00526109417
v -0.00975297969 -0.00292406869 -0.00716796597
v -0.00944756549 -0.00317273926 -0.00748041352
v -0.00823174995 -0.00463299346 -0.00584974964
v -0.00916158241 -0.00334761929 -0.00774028977
v -0.00880133193 -0.00356785845 -0.00806763848
v -0.00756489318 -0.00499062132 -0.00642743786
v -0.00851332229 -0.0036955316 -0.00830212315
v -0.00809847396 -0.00387947154 -0.00863972386
v -0.00684665721 -0.00526653123 -0.00698807915
v -0.00781511348 -0.00396416974 -0.00884726723
v -0.00734685939 -0.00410412144 -0.00919023236
v -0.00608467143 -0.00545786214 -0.00752571305
v -0.00707422775 -0.00415061307 -0.00937011917
v -0.00655495208 -0.00423918557 -0.00971296509
v -0.00528692287 -0.00556252789 -0.00803449829
v -0.00629865211 -0.00425295424 -0.00986519535
v -0.00573193115 -0.0042832334 -0.0102019616
v -0.00446187538 -0.00557945561 -0.00850930889
v -0.0054964928 -0.00427000117 -0.0103272506
v -0.00488685649 -0.0042357285 -0.010651619
v -0.00361835044 -0.00550840687 -0.00894489964
v -0.00467621368 -0.00420169425 -0.010751278
v -0.00402962249 -0.0040972073 -0.0110569306
v -0.00276528877 -0.00535021615 -0.00933674057
v -0.00384639781 -0.00404862952 -0.0111328669
v -0.00316964668 -0.00386915993 -0.0114132472
v -0.00191163104 -0.00510649275 -0.00968065937
v -0.00301586669 -0.00381241631 -0.0114679643
v -0.00231682342 -0.00355426859 -0.0117166348
v -0.00106655639 -0.00477991891 -0.00997307976
v -0.00219356101 -0.00349555802 -0.0117531129
v -0.00148068946 -0.00315610957 -0.0119635173
v -0.000239005502 -0.00437383246 -0.0102107831
v -0.00138782543 -0.0031013925 -0.0119850942
v -0.000670900758 -0.0026791532 -0.0121512719
v 0.000562319342 -0.00389258456 -0.0103912659
v -0.000607481416 -0.00263403248 -0.0121615239
v 0.000103363577 -0.00212876391 -0.0122775145
v 0.00132895428 -0.0033413012 -0.010512621
v 0.000139245573 -0.00209842515 -0.012280614
v 0.000833520476 -0.00151125979 -0.0123410531
v 0.00205267388 -0.00272582364 -0.0105736562
v 0.000844845358 -0.00150035214 -0.0123412915
v 0.00315607506 0.00148077417 -0.0119635173
v 0.00349558312 0.00219352651 -0.0117531129
v 0.00355423409 0.00231678892 -0.0117166348
v 0.00381244141 0.00301589179 -0.0114679643
v 0.00386918503 0.00316961217 -0.0114132472
v 0.00404859501 0.00384636331 -0.0111328669
v 0.00535024125 0.00276525426 -0.00933674057
v 0.00409723241 0.00402958799 -0.0110569306
v 0.00420165974 0.00467617917 -0.010751278
v 0.00550843197 0.00361837554 -0.00894489964
v 0.0042357536 0.00488688159 -0.010651619
v 0.00426996667 0.0054964583 -0.0103272506
v 0.00557948071 0.00446184087 -0.00850930889
v 0.0042831989 0.00573189664 -0.0102019616
v 0.00425291974 0.00629867721 -0.00986519535
v 0.00556255299 0.00528688836 -0.00803449829
v 0.00423921067 0.00655497718 -0.00971296509
v 0.00415063817 0.00707425285 -0.00937011917
v 0.00545788724 0.00608463693 -0.00752571305
v 0.00410414654 0.00734682489 -0.00919023236
v 0.00396419484 0.00781507898 -0.00884726723
v 0.00526655633 0.00684668231 -0.00698807915
v 0.00387943703 0.00809843946 -0.00863972386
v 0.0036954971 0.00851334739 -0.00830212315
v 0.00499058682 0.00756491828 -0.00642743786
v 0.00356782395 0.00880135703 -0.00806763848
v 0.00334764439 0.00916160751 -0.00774028977
v 0.00463295895 0.00823177505 -0.00584974964
v 0.00242937524 0.0102814 -0.00659099301
v 0.00215102154 0.0105413954 -0.00628748616
v 0.00311196763 0.00985641885 -0.00407591542
v 0.00186861474 0.0107411306 -0.00601568898
v 0.00153590161 0.0109766285 -0.00569525441
v 0.00247348267 0.010253505 -0.00349202832
v 0.00124801118 0.0111274283 -0.00544777592
v 0.000860342566 0.0113304417 -0.00511470517
v 0.00178004223 0.0105706613 -0.0029220887
v 0.000573882643 0.0114361208 -0.00489357193
v 0.000132093016 0.0115989606 -0.00455263337
v 0.00103891808 0.0108046095 -0.00237229546
v -0.000146618303 0.0116639297 -0.00435891827
v -0.000640740808 0.0117790859 -0.00401523789
v 0.000257978026 0.0109527867 -0.00184837063
v -0.000905862268 0.0118085306 -0.00384917935
v -0.00144933742 0.0118687909 -0.00350871762
v -0.000554433282 0.011013643 -0.00135591706
v -0.00169574302 0.011868314 -0.00337007721
v -0.00228463691 0.0118670623 -0.00303867539
v -0.00138985198 0.0109865825 -0.000900060734
v -0.00250803512 0.0118426244 -0.00292649945
v -0.00313698333 0.0117739003 -0.00261059483
v -0.00223921817 0.0108718436 -0.000485808452
v -0.00333427471 0.0117317598 -0.00252309521
v -0.00399683994 0.0115903776 -0.00222924431
v -0.00309371036 0.0106706183 -0.000117451748
v -0.00416540187 0.0115369122 -0.00216427525
v -0.00485443157 0.0113185208 -0.00189891537
v -0.00394414943 0.0103850524 0.000201194683
v -0.00499295276 0.0112600486 -0.00185373505
v -0.00570010227 0.010961489 -0.0016234227
v -0.00478159469 0.0100182455 0.000466554562
v -0.00580810588 0.0109040301 -0.00159493168
v -0.00652419608 0.0105232756 -0.00140574654
v -0.00559722465 0.00957401204 0.000675886074
v -0.00660215896 0.0104727309 -0.00139036854
v -0.00731729549 0.0100088875 -0.0012486287
v -0.00638221782 0.00905706096 0.000827043453
v -0.00736676734 0.00997056175 -0.0012423106
v -0.00906108898 0.00373269725 0.00248357574
v -0.00803827327 0.00266392637 0.00445744316
v 0.00558329541 -0.000889583345 -0.00838092049
v 0.00673247296 -0.00199828934 -0.00650075158
v -0.00860904735 0.00456257272 0.00269660274
v -0.00758229774 0.00350089479 0.0046722583
v -0.0064948706 0.00241340804 0.00660082618
v 0.00509370286 -0.00170497489 -0.00856462201
v 0.00623858887 -0.00282071423 -0.00668600281
v 0.00732601601 -0.00390820098 -0.00475743492
v -0.00808309596 0.00536133457 0.00285038273
v -0.0070518164 0.00430657077 0.00482746879
v -0.00596427005 0.00321908403 0.00675603668
v -0.00482176822 0.00209994722 0.00863405983
v 0.00453270394 -0.00248502087 -0.00868812283
v 0.00567282159 -0.00360743594 -0.00681057652
v 0.00676024872 -0.00469498229 -0.00488200863
v 0.00779403168 -0.00574640822 -0.00290456494
v -0.00940286201 0.0080937903 -0.00115254601
v -0.00847291034 0.00712831426 0.000918357769
v -0.00748871845 0.00612057853 0.00294336597
v -0.00645231288 0.00507237125 0.00492116729
v -0.00536476653 0.0039848249 0.00684973518
v -0.00422727149 0.00285919118 0.00872692386
v 0.00390637833 -0.00322143626 -0.00875023087
v 0.00504113156 -0.00435022902 -0.00687328061
v 0.0061285587 -0.00543771577 -0.00494471272
v 0.00716782529 -0.00648282361 -0.00296667298
v -0.0056351332 -0.007560714 0.00364503185
v -0.00442468208 -0.0085437138 0.0055564336
v -0.00482176822 -0.00790522885 0.0061403207
v 0.00866521317 0.00460101772 0.00243911068
v 0.00962913949 0.00340844798 0.00437125484
v 0.0100647302 0.00280006338 0.00378259937
v -0.00877558273 0.00877560783 -0.0011216708
v -0.00782774967 0.00782771516 0.000948994557
v -0.00683223289 0.00683219839 0.0029744796
v -0.00579010528 0.00579013038 0.00495251934
v -0.00470255893 0.00470258403 0.00688108722
v -0.00357078594 0.00357081104 0.00875803749
v -0.00239597839 0.00239600349 0.0105813436
v -0.00117944759 0.00117947269 0.0123489789
v -0.00972496551 0.00201518941 0.00188931743
v -0.00841473621 0.00180442739 0.00418504993
v -0.00695072692 0.00157638002 0.00638601104
v -0.00534771961 0.00130118537 0.00848016063
v -0.00992964786 0.00114573646 0.00151452343
v -0.00870775264 0.000931576971 0.00385805885
v -0.00732718986 0.00071688104 0.00611361782
v -0.00579976123 0.000471309904 0.00826713363
v -0.010046473 0.000281409506 0.00109299938
v -0.00891434234 5.46138324e-05 0.00348004619
v -0.0076203255 -0.000155969378 0.00578662674
v -0.00617300552 -0.000380798098 0.00799712459
v -0.0100740103 -0.000568612333 0.000629156033
v -0.00903212112 -0.000817163702 0.00305482666
v -0.00782679599 -0.00103287291 0.00540861408
v -0.00646351856 -0.00124619794 0.00767299453
v -0.0100121407 -0.00139532876 0.000128119389
v -0.00905989688 -0.00167451691 0.0025870494
v -0.00794457477 -0.00190465045 0.00498339454
v -0.00666832012 -0.00211565089 0.00729808132
v -0.00986134094 -0.00218991828 -0.000404984554
v -0.00899743121 -0.00250832629 0.00208160202
v -0.00797235053 -0.00276200366 0.00451561729
v -0.00678514522 -0.00297997784 0.00687655727
v -0.00962327999 -0.00294409585 -0.00096443375
v -0.00884532016 -0.00330982995 0.00154396812
v -0.00790988487 -0.00359587264 0.0040101699
v -0.00681268257 -0.00382999968 0.00641283313
v -0.00930046123 -0.00364969563 -0.00154438694
v -0.00860523265 -0.00407044482 0.000979631344
v -0.00775777381 -0.00439731669 0.00347253601
v -0.00675069373 -0.0046566565 0.00591167728
v -0.00889646095 -0.00429938626 -0.00213852604
v -0.00827967208 -0.00478218388 0.00039479057
v -0.0075176863 -0.00515793156 0.00290819923
v -0.00659989398 -0.00545130562 0.00537857334
v -0.00787221473 -0.00543741774 -0.000204593738
v -0.00719224494 -0.00586967063 0.00232335846
v -0.00636195224 -0.00620542359 0.00481912414
v -0.00678466838 -0.00652490449 0.00172397415
v -0.00603913349 -0.00691108298 0.00423917095
v -0.00353132766 -0.00884412121 0.0080228738
v -0.00243364852 -0.0102948387 0.00658592502
v -0.00268529933 -0.0100254853 0.00687965671
v -0.00395189803 -0.00912038874 0.00496467868
v -0.00515400451 -0.00814752173 0.00304278652
v -0.00629948657 -0.00711677861 0.00111660282
v -0.00738691371 -0.00602929186 -0.000811965069
v -0.00841533225 -0.00488619399 -0.00274077137
v -0.00938366931 -0.00368867707 -0.00466778954
v -0.0105414299 -0.00215099644 -0.00628748616
v -0.00294529479 -0.00974713158 0.00718328277
v -0.00314497035 -0.00946478438 0.00745507995
v -0.0033804087 -0.00913207125 0.00777551452
v -0.00460099262 -0.00866524768 0.00243911068
v -0.00574170631 -0.0076389749 0.000507681767
v -0.00682925266 -0.00655148816 -0.00142088612
v -0.00786243957 -0.00540386033 -0.00334456643
v -0.00398193878 -0.00910840821 0.001840084
v -0.00511728805 -0.00808595013 -9.64709127e-05
v -0.0062048344 -0.00699846339 -0.0020250388
v -0.00724338573 -0.00584702086 -0.0039434739
v -0.0033033995 -0.00947229457 0.00125226299
v -0.00443290752 -0.00845299553 -0.000689417919
v -0.00552045387 -0.00736544919 -0.00261798581
v -0.00656484645 -0.00621090722 -0.0045312949
v -0.00257252735 -0.00975303244 0.000681846539
v -0.00369571727 -0.0087361772 -0.00126472195
v -0.00478326362 -0.00764863085 -0.00319328984
v -0.0058339743 -0.0064917047 -0.00510183056
v -0.00179719013 -0.00994770121 0.000134795109
v -0.00291370433 -0.0089325149 -0.00181654175
v -0.00400113147 -0.00784496855 -0.00374510964
v -0.00505851787 -0.00668637347 -0.00564876278
v -0.000985374864 -0.0100542147 -0.000383050045
v -0.00209485572 -0.00903992247 -0.00233879765
v -0.00318240207 -0.00795243573 -0.00426736554
v -0.00424682182 -0.00679282736 -0.00616660794
v -0.000145903047 -0.0100714405 -0.000866086086
v -0.00124823135 -0.00905726742 -0.00282600602
v -0.00233565849 -0.00796978068 -0.0047545739
v -0.00340735 -0.00681005311 -0.00664964398
v 0.000712403838 -0.00999914002 -0.00130930622
v -0.000382533487 -0.00898437094 -0.00327304085
v -0.00146996063 -0.0078968842 -0.00520160874
v -0.00254904312 -0.00673781228 -0.00709298333
v 0.00158036667 -0.00983820748 -0.0017080613
v 0.000493058745 -0.00882200789 -0.00367525299
v -0.000594487604 -0.00773452115 -0.00560382088
v -0.00168096107 -0.00657682013 -0.00749161919
v 0.00244892556 -0.00959019255 -0.00205805977
v 0.00136912781 -0.0085719068 -0.0040282317
v 0.000281581465 -0.00748442006 -0.00595679959
v -0.000812402185 -0.00632886481 -0.00784161766
v 0.00330890137 -0.00925789666 -0.00235548695
v 0.0022363754 -0.00823669028 -0.00432828148
v 0.00114894826 -0.00714920354 -0.00625684937
v 4.74544205e-05 -0.00599650931 -0.00813904484
v 0.00415099579 -0.00884465766 -0.0025973626
v 0.00308574158 -0.0078199346 -0.00457218369
v 0.00199831444 -0.00673244786 -0.00650075158
v 0.000889548842 -0.00558332991 -0.00838092049
v 0.00496638734 -0.0083550055 -0.00278106411
v 0.00390816647 -0.00732605052 -0.00475743492
v 0.00282073933 -0.00623856377 -0.00668600281
v 0.00170505959 -0.00509361815 -0.00856462201
v 0.00574637372 -0.00779406619 -0.00290456494
v 0.00469494778 -0.00676028323 -0.00488200863
v 0.00360740143 -0.00567273688 -0.00681057652
v 0.00248504597 -0.00453267884 -0.00868812283
v 0.00844074208 -0.00909630847 0.00112971584
v 0.00748432595 -0.00815753531 -0.000941307148
v 0.00648284871 -0.00716780018 -0.00296667298
v 0.00543774087 -0.0061285932 -0.00494471272
v 0.00435019452 -0.00504110646 -0.00687328061
v 0.00322140175 -0.00390641284 -0.00875023087
v 0.00632883031 0.000812427286 -0.00784161766
v 0.00714922864 -0.00114886355 -0.00625684937
v 0.0078199001 -0.00308577609 -0.00457218369
v 0.0083550306 -0.00496636223 -0.00278106411
v 0.00657678563 0.00168098617 -0.00749161919
v 0.00748444516 -0.000281556364 -0.00595679959
v 0.00823665578 -0.0022364099 -0.00432828148
v 0.00884462315 -0.00415097069 -0.0025973626
v 0.00673783738 0.00254900861 -0.00709298333
v 0.00773454625 0.000594512705 -0.00560382088
v 0.0085718723 -0.00136910271 -0.0040282317
v 0.00925792176 -0.00330887627 -0.00235548695
v 0.00681007821 0.0034073155 -0.00664964398
v 0.0078969093 0.00146998573 -0.00520160874
v 0.00882197339 -0.000493033644 -0.00367525299
v 0.00959027726 -0.00244896006 -0.00205805977
v 0.00679291207 0.00424678731 -0.00616660794
v 0.00796974618 0.00233574319 -0.0047545739
v 0.00898433644 0.000382498983 -0.00327304085
v 0.00983823258 -0.00158040118 -0.0017080613
v 0.00668633896 0.00505854297 -0.00564876278
v 0.00795246083 0.00318242717 -0.00426736554
v 0.00905729252 0.00124819684 -0.00282600602
v 0.00999916512 -0.000712319132 -0.00130930622
v 0.0064916702 0.00583393979 -0.00510183056
v 0.00784493405 0.00400115657 -0.00374510964
v 0.00903988797 0.00209494043 -0.00233879765
v 0.010071406 0.000145987753 -0.000866086086
v 0.00621093232 0.00656481195 -0.0045312949
v 0.00764859635 0.00478328872 -0.00319328984
v 0.0089324804 0.00291366983 -0.00181654175
v 0.0100542398 0.00098545957 -0.000383050045
v 0.00584698636 0.00724335122 -0.0039434739
v 0.00736547429 0.00552041936 -0.00261798581
v 0.0087361427 0.00369574237 -0.00126472195
v 0.00994766671 0.00179715562 0.000134795109
v 0.00540388543 0.00786240507 -0.00334456643
v 0.00699842888 0.00620479989 -0.0020250388
v 0.00845302064 0.00443287301 -0.000689417919
v 0.00975299794 0.00257255245 0.000681846539
v 0.00655151326 0.00682921815 -0.00142088612
v 0.00808597523 0.00511731315 -9.64709127e-05
v 0.00947226006 0.0033034246 0.00125226299
v 0.0076389404 0.0057416718 0.000507681767
v 0.00910843331 0.00398196388 0.001840084
v 0.0109437795 0.00156541276 0.00573035995
v 0.00974715668 0.00294526029 0.00718328277
v 0.0100255104 0.00268526483 0.00687965671
v 0.00912035424 0.00395192314 0.00496467868
v 0.00814748723 0.00515402961 0.00304278652
v 0.00711680371 0.00629945207 0.00111660282
v 0.00602925736 0.00738693881 -0.000811965069
v 0.00488615948 0.00841541696 -0.00274077137
v 0.00368870217 0.00938363481 -0.00466778954
v 0.00269866902 0.0100298088 -0.00688484391
v 0.0102948042 0.00243367362 0.00658592502
v 0.0105202289 0.00215686965 0.00630280296
v 0.0107688995 0.00185145545 0.00599035541
v 0.0075607391 0.0056350987 0.00364503185
v 0.00652492959 0.00678469348 0.00172397415
v 0.00543738324 0.00787218023 -0.000204593738
v 0.00429941136 0.00889648605 -0.00213852604
v 0.00691104848 0.00603915859 0.00423917095
v 0.00586963612 0.00719221044 0.00232335846
v 0.00478220898 0.00827969718 0.00039479057
v 0.00364972073 0.00930054593 -0.00154438694
v 0.00620544869 0.00636191774 0.00481912414
v 0.00515795666 0.0075177114 0.00290819923
v 0.00407041031 0.00860525775 0.000979631344
v 0.00294412095 0.00962324548 -0.00096443375
v 0.00545133073 0.00659991908 0.00537857334
v 0.00439728219 0.00775779891 0.00347253601
v 0.00330985505 0.00884534526 0.00154396812
v 0.00219000298 0.00986130643 -0.000404984554
v 0.0046566816 0.00675071884 0.00591167728
v 0.00359583813 0.00790990997 0.0040101699
v 0.00250829178 0.00899739671 0.00208160202
v 0.00139535386 0.0100121062 0.000128119389
v 0.00382996518 0.00681264806 0.00641283313
v 0.00276196915 0.00797237564 0.00451561729
v 0.00167454201 0.00905986238 0.0025870494
v 0.000568637434 0.0100740354 0.000629156033
v 0.00298000294 0.00678511072 0.00687655727
v 0.00190461594 0.00794459987 0.00498339454
v 0.000817188803 0.00903208661 0.00305482666
v -0.000281444009 0.0100464385 0.00109299938
v 0.00211561638 0.00666834522 0.00729808132
v 0.00103283841 0.00782682109 0.00540861408
v -5.45887314e-05 0.00891430784 0.00348004619
v -0.00114571136 0.00992967296 0.00151452343
v 0.00124622304 0.00646360326 0.00767299453
v 0.000155934874 0.007620291 0.00578662674
v -0.000931611475 0.00870777774 0.00385805885
v -0.00201522392 0.00972493101 0.00188931743
v 0.000380763594 0.00617303062 0.00799712459
v -0.000716915544 0.00732721496 0.00611361782
v -0.00180446189 0.00841476131 0.00418504993
v -0.00288056415 0.00943441797 0.0022135667
v -0.000471344408 0.00579978633 0.00826713363
v -0.00157641452 0.00695075202 0.00638601104
v -0.00266384166 0.00803823877 0.00445744316
v -0.00373267215 0.00906111408 0.00248357574
v -0.00130116027 0.00534774471 0.00848016063
v -0.00241338294 0.0064948361 0.00660082618
v -0.00350092929 0.00758232284 0.0046722583
v -0.00456260723 0.00860907245 0.00269660274
v -0.00209998172 0.00482173372 0.00863405983
v -0.00321899932 0.00596429515 0.00675603668
v -0.00430654567 0.0070517819 0.00482746879
v -0.00536130947 0.00808312107 0.00285038273
v -0.000497689661 0.00180675197 0.0123182229
v -0.00169669669 0.00304122377 0.010550826
v -0.00285922569 0.0042273562 0.00872692386
v -0.0039847998 0.00536473203 0.00684973518
v -0.00507234615 0.00645227838 0.00492116729
v -0.00612055343 0.00748868394 0.00294336597
v -0.0113670735 0.00284178663 -0.0041386195
v -0.0112841038 0.00360013652 -0.00375774582
v -0.00768863242 0.0033764999 -0.00591126164
v -0.0075933842 0.00415457893 -0.00552633484
v -0.00573741477 0.00076820064 -0.0084824868
v -0.00734554809 -0.00284199309 -0.00961139878
v -0.00801419299 -0.00264213872 -0.00912168702
v -0.00919364971 0.00798948217 -0.00246146401
v -0.00634442848 0.00634439397 -0.00499573429
v -0.00690399688 0.00567664314 -0.00505676945
v -0.00732742828 0.00493432689 -0.00523653706
v -0.0101715235 0.00661362815 -0.00268581589
v -0.00971387905 0.00731928754 -0.00254598339
v -0.0111209063 0.00436510253 -0.00341847618
v -0.0108790306 0.00512810159 -0.00312450608
v -0.0105613379 0.00588043142 -0.00287941178
v -0.00760840457 0.00263919044 -0.00637236317
v -0.011288753 0.00137932706 -0.0050074168
v -0.0113686232 0.00209875512 -0.00455680569
v -0.00639711898 0.00101997066 -0.00796845635
v -0.00664102119 -0.00296221566 -0.0100764342
v -0.00500010532 0.000687972788 -0.00894346913
v -0.00590871852 -0.00300137591 -0.0105115481
v -0.00515698474 -0.00295911622 -0.0109116145
v -0.00422202628 0.00078322101 -0.00932851513
v -0.00439428371 -0.00283585381 -0.0112722226
v -0.00362919849 -0.00263301921 -0.0115892001
v -0.00344227832 0.00104923654 -0.00961819371
v -0.00287043136 -0.00235287737 -0.0118590899
v -0.0021266846 -0.00199858737 -0.0120787927
v -0.00269996208 0.00147266794 -0.00979808052
v -0.00140618366 -0.0015742619 -0.0122456857
v 0.00264216382 0.0080142181 -0.00912168702
v -0.000768175539 0.00573743987 -0.0084824868
v -0.00101994556 0.00639708448 -0.00796845635
v -0.000691762384 0.0111285012 -0.00548544606
v -4.38598953e-05 0.0108896058 -0.00598564824
v -0.00263916534 0.00760842967 -0.00637236317
v -0.00197946113 0.00735665965 -0.00688627442
v -0.00861667674 0.00861664224 -0.0024330922
v -0.00798951667 0.0091936152 -0.00246146401
v -0.00567661804 0.00690396238 -0.00505676945
v -0.00735663455 0.00197948623 -0.00688627442
v -0.0108896403 4.38253917e-05 -0.00598564824
v -0.0111285357 0.000691787485 -0.00548544606
v -0.000717273172 -0.00108460974 -0.0123581
v -0.00203227085 0.00203223634 -0.00985899647
v -6.77017532e-05 -0.000535233732 -0.0124146052
v -0.00147258323 0.00269992757 -0.00979808052
v 0.00108457524 0.000717298273 -0.0123581
v 0.000535258833 6.76672496e-05 -0.0124146052
v -0.00104927104 0.00344230342 -0.00961819371
v 0.00199855286 0.0021266501 -0.0120787927
v 0.001574287 0.00140620876 -0.0122456857
v -0.00143062156 0.00694604326 -0.00742736538
v 0.00201345402 0.00921447683 -0.00809028824
v 0.00236488301 0.00863959003 -0.00861266335
v 0.000557193343 0.0105748336 -0.00650206288
v 0.00110436398 0.0101876419 -0.00702896794
v 0.00159169156 0.0097325008 -0.00756040295
v -0.00694607776 0.00143058706 -0.00742736538
v -0.0101876168 -0.00110439849 -0.00702896794
v -0.0105748085 -0.000557168242 -0.00650206288
v -0.00863956493 -0.00236491751 -0.00861266335
v -0.00921451133 -0.00201342892 -0.00809028824
v -0.00973247569 -0.00159166646 -0.00756040295
v -0.000783195909 0.00422205139 -0.00932851513
v 0.0026329847 0.00362922359 -0.0115892001
v 0.00235284287 0.00287045646 -0.0118590899
v -0.000687947687 0.00500007081 -0.00894346913
v 0.00295914132 0.00515700984 -0.0109116145
v 0.00283587891 0.0043942492 -0.0112722226
v 0.00284195859 0.00734551359 -0.00961139878
v 0.00296224076 0.00664104629 -0.0100764342
v 0.00300134141 0.00590874362 -0.0105115481
v -0.00337647479 0.00768865753 -0.00591126164
v -0.00209878963 0.0113685887 -0.00455680569
v -0.00137936157 0.0112887781 -0.0050074168
v -0.00415455383 0.0075934093 -0.00552633484
v -0.00360011142 0.0112841289 -0.00375774582
v -0.00284182113 0.011367039 -0.0041386195
v -0.00493430179 0.00732739377 -0.00523653706
v -0.00512813609 0.0108789961 -0.00312450608
v -0.00436507743 0.0111208718 -0.00341847618
v -0.00731932205 0.00971384454 -0.00254598339
v -0.00661360305 0.010171489 -0.00268581589
v -0.00588046592 0.010561363 -0.00287941178
v -0.00414001029 0.00413997579 -0.00108662327
v -0.00347231906 0.0046996038 -0.00114753922
v -0.00273000282 0.0051230352 -0.00132742604
v -0.00195025485 0.00538905073 -0.00161710461
v -0.00117217582 0.00548429895 -0.00200215062
v -0.000434747156 0.00540401149 -0.00246325215
v 0.000224837843 0.00515230108 -0.00297716339
v 0.000773796622 0.00474162507 -0.00351825436
v 0.00118435341 0.0041927259 -0.00405934533
v 0.00143612343 0.0035330813 -0.00457325657
v 0.0015164705 0.00279571224 -0.0050343581
v 0.00142110306 0.0020176332 -0.00541940411
v 0.00115514714 0.00123788524 -0.00570908268
v 0.000731715743 0.000495568994 -0.00588885029
v 0.000172147337 -0.000172122236 -0.00594988545
v -0.000495543893 -0.000731750246 -0.00588885029
v -0.00123786014 -0.00115512204 -0.00570908268
v -0.0020176081 -0.00142113757 -0.00541940411
v -0.00279568714 -0.00151644539 -0.0050343581
v -0.0035331158 -0.00143615794 -0.00457325657
v -0.0041927008 -0.00118438792 -0.00405934533
v -0.00474165958 -0.000773771521 -0.00351825436
v -0.00515233558 -0.000224872347 -0.00297716339
v -0.00540398639 0.000434772257 -0.00246325215
v -0.00548433345 0.00117214132 -0.00200215062
v -0.00538896602 0.00195022035 -0.00161710461
v -0.0051230101 0.00272996831 -0.00132742604
v -0.0046995787 0.00347228456 -0.00114753922
v -0.00421117824 0.00171120572 -0.00241604527
v -0.00406478923 0.00229700017 -0.00216832837
v -0.00377642196 0.00286139655 -0.00201264103
v -0.00336598438 0.00336600948 -0.00195947369
v -0.00286137145 0.00377644706 -0.00201264103
v -0.00229703468 0.00406475473 -0.00216832837
v -0.00167082828 -9.69011746e-05 -0.00486818035
v -0.00225662273 -0.000243349787 -0.00462046345
v -0.00282382053 -0.000238044973 -0.0042976447
v -0.00333379787 -8.12847577e-05 -0.0039216586
v -0.00375174564 0.00021614242 -0.00351825436
v -0.00404917281 0.000634090189 -0.00311485012
v -0.00420593303 0.00114406753 -0.00273886402
v -0.00171124023 0.00421120334 -0.00241604527
v -0.00114404243 0.00420589853 -0.00273886402
v -0.000634065088 0.00404919792 -0.00311485012
v -0.000216117319 0.00375171113 -0.00351825436
v 8.13098587e-05 0.00333376336 -0.0039216586
v 0.000238070074 0.00282378602 -0.0042976447
v 0.000243315283 0.00225664783 -0.00462046345
v 9.69262757e-05 0.00167091298 -0.00486818035
v -0.000191440996 0.001106457 -0.00502386769
v -0.00060187858 0.000601844076 -0.00507691582
v -0.0011064915 0.000191406492 -0.00502386769
v 0.000601777617 -0.000601812121 0.00507697384
v 0.00110650975 -0.000191374537 0.00502380649
v 0.00167084653 9.68735255e-05 0.00486811916
v 0.00225664097 0.000243381742 0.00462040226
v 0.00282383877 0.000238017324 0.0042975835
v 0.00333369691 8.13167132e-05 0.00392171661
v 0.00375164467 -0.000216170069 0.00351819317
v 0.00404919106 -0.000634117838 0.00311478893
v 0.00420595128 -0.00114403557 0.00273892204
v 0.00421119649 -0.00171123337 0.00241610328
v 0.00406468827 -0.00229696822 0.00216838638
v 0.00377644021 -0.0028614242 0.00201257984
v 0.00336600262 -0.00336603713 0.0019595317
v 0.0028613897 -0.00377647471 0.00201257984
v 0.00229693371 -0.00406472277 0.00216838638
v 0.00171125847 -0.00421123099 0.00241610328
v 0.00114406068 -0.00420592618 0.00273892204
v 0.000634083334 -0.00404916596 0.00311478893
v 0.000216135565 -0.00375167918 0.00351819317
v -8.12916122e-05 -0.00333373141 0.00392171661
v -0.000238051828 -0.00282381367 0.0042975835
v -0.000243416246 -0.00225661587 0.00462040226
v -9.69080292e-05 -0.00167088103 0.00486811916
v 0.000191340033 -0.00110648465 0.00502380649
v 0.00117219407 -0.00548426699 0.00200220863
v 0.00195015389 -0.00538901877 0.00161716262
v 0.00272990185 -0.00512300324 0.00132748405
v 0.00347233731 -0.00469957184 0.00114759723
v 0.00414002854 -0.00414000344 0.00108668129
v 0.00469959695 -0.00347231221 0.00114759723
v -0.00142120403 -0.00201766085 0.00541934291
v -0.00151645225 -0.00279573989 0.00503429691
v -0.0014362244 -0.00353304934 0.00457331459
v -0.00118445438 -0.00419275355 0.00405928413
v -0.000773778375 -0.00474165272 0.00351819317
v -0.000224819597 -0.00515226912 0.0029771022
v 0.000434765402 -0.00540403914 0.00246319095
v 0.00512302834 -0.00272993636 0.00132748405
v 0.00538898427 -0.00195018839 0.00161716262
v 0.00548423249 -0.00117216897 0.00200220863
v 0.00540400464 -0.000434799906 0.00246319095
v 0.00515223462 0.000224844698 0.0029771022
v 0.00474167782 0.000773803476 0.00351819317
v 0.00419271905 0.00118441987 0.00405928413
v 0.00353301484 0.00143618989 0.00457331459
v 0.00279570538 0.00151641775 0.00503429691
v 0.00201762635 0.00142116952 0.00541934291
v 0.00123787839 0.00115515399 0.00570902149
v 0.00049556214 0.000731722597 0.00588890831
v -0.000172129091 0.000172154192 0.00594982425
v -0.000731697496 -0.000495596644 0.00588890831
v -0.00115512889 -0.00123791289 0.00570902149
v -0.00814746898 0.00949241329 -0.00137260636
v -0.00739895385 0.010073499 -0.00146702011
v -0.00661074203 0.0105846684 -0.00162330349
v -0.00324486774 0.0118274252 -0.00282052239
v -0.00239788574 0.0119199913 -0.00324598034
v -0.00156783145 0.0119217198 -0.00371304234
v -0.000764360841 0.0118326108 -0.00421634396
v 3.58540194e-06 0.0116536181 -0.00475040158
v 0.000727304999 0.0113867681 -0.0053088971
v 0.00139857251 0.0110351603 -0.00588575085
v 0.00200975854 0.010602669 -0.00647428711
v -0.000794401582 -0.00253461194 -0.012301118
v -0.00159906429 -0.00300858807 -0.0121145554
v -0.00498377364 -0.00408141207 -0.0108108826
v -0.00582348388 -0.00412861895 -0.0103640862
v -0.00664137882 -0.00408486914 -0.00987818917
v -0.00742816013 -0.00395063948 -0.00935879429
v -0.00817512554 -0.00372742009 -0.00881174286
v -0.00887357276 -0.00341771435 -0.00824323376
v -0.00951575321 -0.00302509856 -0.00765970429
v -0.00435756725 0.0113158386 -0.00327530583
v -0.00356959384 0.0114840429 -0.00362482746
v -0.00278853458 0.0115693967 -0.00401702603
v -0.00202321094 0.0115710061 -0.00444772919
v -0.001282206 0.0114888113 -0.00491193016
v -0.000573983606 0.011323766 -0.00540438374
v 9.3349997e-05 0.011077718 -0.00591948708
v 0.000712403838 0.0107534688 -0.00645139893
v 0.00127602536 0.0103546541 -0.00699403962
v 0.00177789647 0.00988586355 -0.00754144867
v 0.00221229512 0.00935234237 -0.00808730801
v 0.00257433373 0.00876017023 -0.00862529953
v 0.00285995919 0.00811608243 -0.00914958199
v 0.00306583363 0.00742729116 -0.0096540757
v 0.00318957287 0.00670166421 -0.0101330586
v 0.00322998482 0.00594748664 -0.0105810471
v 0.00318635422 0.0051731627 -0.0109931537
v 0.00305939633 0.00438751388 -0.0113646098
v 0.00285054165 0.00359954048 -0.011691124
v 0.00256193596 0.00281800437 -0.0119691201
v 0.00219703633 0.00205190587 -0.0121953793
v 0.00176001507 0.00130982805 -0.0123672791
v -0.00438748878 -0.00305943083 -0.0113646098
v -0.00517319721 -0.00318638873 -0.0109931537
v -0.00594746154 -0.00322995972 -0.0105810471
v -0.00670169872 -0.00318960738 -0.0101330586
v -0.00742732566 -0.00306574893 -0.0096540757
v -0.00811611694 -0.00285993409 -0.00914958199
v -0.00876020473 -0.00257436823 -0.00862529953
v -0.00935231727 -0.00221232962 -0.00808730801
v -0.00988589805 -0.00177793097 -0.00754144867
v -0.010354629 -0.00127605986 -0.00699403962
v -0.0107535033 -0.000712378737 -0.00645139893
v -0.0110777525 -9.33845006e-05 -0.00591948708
v -0.0113238005 0.000574008707 -0.00540438374
v -0.0114887862 0.00128217149 -0.00491193016
v -0.0115710406 0.00202317644 -0.00444772919
v -0.0115693716 0.00278850007 -0.00401702603
v -0.0114840178 0.00356955934 -0.00362482746
v -0.0113158135 0.00435753274 -0.00327530583
v -0.0110667853 0.00514336038 -0.00297263344
v -0.0107395558 0.00591828037 -0.00272014817
v -0.0103380589 0.00667341161 -0.00252071102
v -0.0104689507 0.00670392919 -0.00231948574
v 0.00125564057 0.000600294355 -0.0124830314
v 0.00144256074 0.000464276556 -0.0125549146
v -0.00986670535 0.00740029025 -0.0023767062
v -0.00998472255 0.00745071578 -0.00217154702
v -0.0100610165 0.0074676435 -0.00194242676
v 0.000689754073 -6.88273869e-05 -0.0125413247
v 0.000861177031 -0.000223143812 -0.0126147576
v 0.00103927571 -0.00038622212 -0.0126307317
v -0.0093308596 0.00809057165 -0.00228956421
v -0.00943421405 0.00815995145 -0.00208202084
v -0.00949763339 0.00819350887 -0.00185087403
v -0.00951742214 0.00818927694 -0.00160971363
v 6.87928833e-05 -0.000689788576 -0.0125413247
v 0.000223168913 -0.00086115193 -0.0126147576
v 0.000386247221 -0.00103925061 -0.0126307317
v 0.000548610274 -0.00121359419 -0.0125881739
v -0.00873660129 0.00873656679 -0.00226047715
v -0.00882362407 0.00882358957 -0.00205209931
v -0.0088727383 0.00887270379 -0.00182023724
v -0.00888096374 0.00888098884 -0.0015784808
v -0.00884794277 0.00884796787 -0.0013410159
v -0.00060020965 -0.00125567507 -0.0124830314
v -0.00046431106 -0.00144253564 -0.0125549146
v -0.000317326006 -0.00163422417 -0.0125694581
v -0.000167956766 -0.00181959462 -0.0125258275
v -2.49056183e-05 -0.00198773932 -0.0124266454
v -0.00337981265 -0.00352750611 -0.0116777726
v -0.00327729267 -0.00371716809 -0.0115677424
v -0.00413190406 -0.00394372534 -0.0112136908
v -0.00503312629 0.0113763969 -0.00234118183
v -0.00495146793 0.0113749068 -0.00211337288
v -0.00409924072 0.011645035 -0.00244155606
v -0.00949238819 0.00814749408 -0.00137260636
v -0.010881534 0.00592805553 -0.00252440651
v -0.0105566887 0.00670333314 -0.00209394177
v -0.0100912957 0.00745000053 -0.0017029353
v -0.0100735335 0.00739891935 -0.00146702011
v -0.0112177042 0.00513191629 -0.00278380593
v -0.010978928 0.00590928007 -0.00230363091
v -0.0105960278 0.00667162347 -0.00185731133
v -0.0105847029 0.00661070753 -0.00162330349
v -0.0114736466 0.00432451177 -0.00309470375
v -0.011322966 0.00509442497 -0.00256911
v -0.0110260157 0.00586296726 -0.00207081517
v -0.0110201744 0.00579179931 -0.00183954914
v -0.0116463808 0.00351502109 -0.00345376213
v -0.0115848688 0.00426806617 -0.0028873988
v -0.0113763718 0.00503309179 -0.00234118183
v -0.0113749413 0.00495149303 -0.00211337288
v -0.0117341189 0.00271250415 -0.00385680874
v -0.0117617754 0.00343956161 -0.00325480183
v -0.0116431622 0.00419153381 -0.00266531189
v -0.0116450695 0.00409932542 -0.00244155606
v -0.0117357878 0.00192619968 -0.00429931363
v -0.01185154 0.00261826921 -0.00366738518
v -0.0118232874 0.00334771085 -0.00303950985
v -0.0118274597 0.00324483323 -0.00282052239
v -0.0116512684 0.00116486955 -0.00477626999
v -0.011853209 0.0018134873 -0.00412026127
v -0.0119147209 0.00251127887 -0.0034597226
v -0.0119199662 0.00239785123 -0.00324598034
v -0.0114817528 0.000437275652 -0.00528219422
v -0.0117667822 0.00103433538 -0.0046083041
v -0.0119163899 0.0016916554 -0.00392094334
v -0.0119217543 0.00156791616 -0.00371304234
v -0.0112289099 -0.000248356577 -0.00581136425
v -0.0115932135 0.000289694551 -0.00512614926
v -0.0118284134 0.00089819837 -0.00441792687
v -0.0118325857 0.000764385942 -0.00421634396
v -0.0108958392 -0.000884397741 -0.00635793885
v -0.0113345293 -0.000412090536 -0.00566771706
v -0.011651626 0.00013978887 -0.00494530877
v -0.0116536526 -3.61990556e-06 -0.00475040158
v -0.0104861168 -0.00146345687 -0.00691548069
v -0.0109934716 -0.00106297326 -0.00622704705
v -0.0113881735 -0.000574930426 -0.00549689015
v -0.011386743 -0.000727339502 -0.0053088971
v -0.0100043921 -0.00197909665 -0.00747779091
v -0.0105742125 -0.00165568184 -0.00679770192
v -0.0110409169 -0.00123779368 -0.00606659134
v -0.0110351948 -0.00139860701 -0.00588575085
v -0.00945626777 -0.00242541623 -0.00803867062
v -0.0100811629 -0.00218336176 -0.00737324437
v -0.01061379 -0.00184140992 -0.00664773663
v -0.0106027035 -0.00200979304 -0.00647428711
v -0.00884782356 -0.00279734921 -0.0085914441
v -0.00952028316 -0.00264017176 -0.00794723709
v -0.0101117997 -0.002378865 -0.00723388871
v -0.0100942759 -0.00255404305 -0.00706783017
v -0.00818609279 -0.00309078288 -0.00913003167
v -0.00889753383 -0.00302086663 -0.00851300438
v -0.00954042953 -0.00284407925 -0.00781837185
v -0.00747846645 -0.00330226016 -0.00964835366
v -0.00822030586 -0.00332115483 -0.00906422814
v -0.00890635532 -0.00323174786 -0.00839462956
v -0.00673293155 -0.00342945647 -0.0101404496
v -0.00749599021 -0.00353757929 -0.00959470948
v -0.00821649116 -0.00353757929 -0.0089559861
v -0.00595807117 -0.0034709413 -0.0106008359
v -0.00673305076 -0.00366775584 -0.0100983687
v -0.00747894328 -0.00375799727 -0.0094962426
v -0.00516246837 -0.00342617821 -0.0110241481
v -0.00593995136 -0.00371019435 -0.0105694838
v -0.00670193714 -0.00389061761 -0.0100092002
v -0.00359951537 -0.00285051655 -0.011691124
v -0.00435542148 -0.00329576325 -0.011405737
v -0.00512575191 -0.00366441798 -0.0110028096
v -0.00589417499 -0.00393383097 -0.0104890176
v -0.00354575199 -0.00308106732 -0.0117413112
v -0.00429963153 -0.00353090357 -0.0113933392
v -0.00506495517 -0.00388716054 -0.0109303304
v -0.00347100776 -0.00331120085 -0.0117367812
v -0.00422369521 -0.00375120234 -0.0113280125
v -0.00242983383 -0.0034042437 -0.0118692227
v -0.00254284423 -0.00321851563 -0.0119754382
v -0.00264929813 -0.00300781321 -0.0120290824
v -0.00274287742 -0.00278459382 -0.0120269366
v -0.00281797927 -0.00256197047 -0.0119691201
v -0.0017224459 -0.00282774758 -0.0122177907
v -0.00184368175 -0.00262413811 -0.0122669049
v -0.00195573848 -0.00240974021 -0.0122593947
v -0.00205194038 -0.00219707083 -0.0121953793
v -0.000927796777 -0.0023596723 -0.0124018498
v -0.00106345695 -0.0021645267 -0.0124477454
v -0.00119327587 -0.00196067881 -0.0124360629
v -0.00130986255 -0.00175998997 -0.0123672791
v 0.00196064431 0.00119330097 -0.0124360629
v 0.00163424927 0.000317291502 -0.0125694581
v 0.00121355969 -0.000548585173 -0.0125881739
v 0.000700721327 -0.0013741095 -0.0124897071
v 0.0013741346 -0.000700696226 -0.0124897071
v 0.0024097057 0.00195570398 -0.0122593947
v 0.0021646114 0.00106342245 -0.0124477454
v 0.00181961972 0.000167922262 -0.0125258275
v 0.00198770482 2.48711146e-05 -0.0124266454
v 0.00278461892 0.00274284292 -0.0120269366
v 0.00262416321 0.00184370685 -0.0122669049
v 0.0023596378 0.000927821878 -0.0124018498
v 0.00253463704 0.000794367079 -0.012301118
v 0.00308109242 0.00354577709 -0.0117413112
v 0.00300777871 0.00264932323 -0.0120290824
v 0.00282777268 0.001722471 -0.0122177907
v 0.00300861317 0.00159908939 -0.0121145554
v 0.00329578835 0.00435538698 -0.011405737
v 0.00331128556 0.00347103286 -0.0117367812
v 0.00321854073 0.00254286933 -0.0119754382
v 0.0034042688 0.00242985893 -0.0118692227
v 0.00342620331 0.00516249347 -0.0110241481
v 0.00353086907 0.00429965663 -0.0113933392
v 0.00352753121 0.00337977815 -0.0116777726
v 0.00371719319 0.00327731777 -0.0115677424
v 0.0034709068 0.00595803666 -0.0106008359
v 0.00366438347 0.00512577701 -0.0110028096
v 0.00375128705 0.00422366071 -0.0113280125
v 0.00394369084 0.00413186956 -0.0112136908
v 0.00342942197 0.00673295665 -0.0101404496
v 0.00371015984 0.00593991685 -0.0105694838
v 0.00388718564 0.00506498027 -0.0109303304
v 0.00408137757 0.00498379875 -0.0108108826
v 0.00330222565 0.00747849155 -0.00964835366
v 0.00366784054 0.00673301626 -0.0100983687
v 0.00393379647 0.00589420009 -0.0104890176
v 0.00412858445 0.00582344938 -0.0103640862
v 0.00309074837 0.00818611789 -0.00913003167
v 0.00353754479 0.00749601531 -0.00959470948
v 0.00389064271 0.00670190263 -0.0100092002
v 0.00408483464 0.00664134431 -0.00987818917
v 0.00279737431 0.00884784866 -0.0085914441
v 0.00332117993 0.00822027135 -0.00906422814
v 0.00375808198 0.00747890878 -0.0094962426
v 0.00395060498 0.00742818523 -0.00935879429
v 0.00242544133 0.00945629287 -0.00803867062
v 0.00302089173 0.00889755893 -0.00851300438
v 0.00353754479 0.00821651626 -0.0089559861
v 0.00372744519 0.00817509103 -0.00881174286
v 0.00197912175 0.0100044172 -0.00747779091
v 0.00264013726 0.00952024866 -0.00794723709
v 0.00323177296 0.00890632081 -0.00839462956
v 0.00341773945 0.00887359786 -0.00824323376
v 0.00146342236 0.0104860823 -0.00691548069
v 0.00218344647 0.0100812476 -0.00737324437
v 0.00284410435 0.00954045463 -0.00781837185
v 0.00302518326 0.00951577831 -0.00765970429
v 0.000884422842 0.0108958046 -0.00635793885
v 0.00165570695 0.010574178 -0.00679770192
v 0.0023788305 0.0101117651 -0.00723388871
v 0.00255406815 0.010094301 -0.00706783017
v 0.000248441283 0.011228935 -0.00581136425
v 0.00106299836 0.0109934967 -0.00622704705
v 0.00184143502 0.0106138151 -0.00664773663
v -0.000437250551 0.0114817183 -0.00528219422
v 0.000412115637 0.0113344948 -0.00566771706
v 0.00123775918 0.0110408824 -0.00606659134
v -0.00116490405 0.0116513531 -0.00477626999
v -0.00028966945 0.011593179 -0.00512614926
v 0.000574955527 0.011388139 -0.00549689015
v -0.00192617458 0.0117357533 -0.00429931363
v -0.00103436988 0.0117667477 -0.0046083041
v -0.000139823373 0.0116516511 -0.00494530877
v -0.00271247905 0.011734144 -0.00385680874
v -0.0018135218 0.0118531745 -0.00412026127
v -0.000898232874 0.0118283789 -0.00441792687
v -0.00351499599 0.0116464059 -0.00345376213
v -0.00261830371 0.0118515055 -0.00366738518
v -0.0016916899 0.011916415 -0.00392094334
v -0.00514339488 0.0110667508 -0.00297263344
v -0.00432454627 0.0114736121 -0.00309470375
v -0.00343953651 0.0117617409 -0.00325480183
v -0.00251125377 0.0119146864 -0.0034597226
v -0.00513195079 0.0112177293 -0.00278380593
v -0.00426804107 0.0115848939 -0.0028873988
v -0.00334774536 0.0118232529 -0.00303950985
v -0.00509439987 0.0113229911 -0.00256911
v -0.00419150871 0.0116431873 -0.00266531189
v -0.00579177421 0.0110201399 -0.00183954914
v -0.00586294216 0.0110260408 -0.00207081517
v -0.00590931457 0.0109789531 -0.00230363091
v -0.00592803043 0.0108815591 -0.00252440651
v -0.00591825527 0.0107395809 -0.00272014817
v -0.00667165798 0.0105960529 -0.00185731133
v -0.00670336765 0.0105567138 -0.00209394177
v -0.00670396369 0.0104690354 -0.00231948574
v -0.00667344612 0.0103380244 -0.00252071102
v -0.00744997543 0.0100912612 -0.0017029353
v -0.0074676184 0.0100610416 -0.00194242676
v -0.00745069068 0.00998468805 -0.00217154702
v -0.00740026515 0.00986667085 -0.0023767062
v -0.00818931144 0.00951738763 -0.00160971363
v -0.00819348377 0.00949759889 -0.00185087403
v -0.00815998596 0.00943417955 -0.00208202084
v -0.00809060615 0.00933082509 -0.00228956421
v -0.00168882888 0.000343934778 0.0124660424
v -0.00104438346 0.00104440856 0.0124976329
v -0.00226985496 -0.00040469956 0.0123716287
v -0.00278102439 -0.00119285178 0.0122153453
v -0.00321649593 -0.00201175999 0.0119990997
v -0.00357126277 -0.00285206627 0.0117252759
v -0.00384139102 -0.00370429349 0.0113970927
v -0.00402378124 -0.00455872607 0.0110181264
v -0.00411640685 -0.00540576768 0.0105926685
v -0.00411807578 -0.00623570275 0.0101256065
v -0.00402902644 -0.00703923297 0.00962230484
v -0.00384997409 -0.00780717921 0.00908824722
v -0.0035831837 -0.00853089881 0.0085297517
v -0.0032315163 -0.00920216632 0.00795289795
v -0.002799025 -0.00981341195 0.00736436168
v -0.00229071658 -0.010357662 0.00677081863
v -0.0017121939 -0.0108287175 0.00617894451
v -0.00107001346 -0.0112213333 0.00559541504
v -0.000371566232 -0.0115309794 0.00502690593
v 0.000375399176 -0.0117541988 0.0044798545
v 0.0011622997 -0.0118884881 0.00396045963
v 0.00198019463 -0.0119322379 0.00347456257
v 0.00281978566 -0.011885031 0.00302776615
v 0.00367177445 -0.0117473443 0.00262495796
v 0.00452626664 -0.011520787 0.00227090637
v 0.00537372548 -0.0112078626 0.00196942608
v 0.00620449502 -0.010812207 0.00172409336
v 0.00700927693 -0.0103382308 0.00153753082
v 0.00777877289 -0.00979129862 0.00141200344
v 0.00850428063 -0.00917766881 0.00134894172
v 0.00917769391 -0.00850425553 0.00134894172
v 0.00979126412 -0.00777868819 0.00141200344
v 0.0103381963 -0.00700925183 0.00153753082
v 0.0108121725 -0.00620452952 0.00172409336
v 0.0112078281 -0.00537375998 0.00196942608
v 0.0115207525 -0.00452630114 0.00227090637
v 0.0117473694 -0.00367174935 0.00262495796
v 0.0118850561 -0.00281982016 0.00302776615
v 0.011932263 -0.00198016953 0.00347456257
v 0.0118885132 -0.00116221499 0.00396045963
v 0.0117541643 -0.000375374075 0.0044798545
v 0.0115310045 0.000371531729 0.00502690593
v 0.0112212988 0.00106997896 0.00559541504
v 0.0108287426 0.0017121594 0.00617894451
v 0.0103576275 0.00229068208 0.00677081863
v 0.00981343705 0.0027990501 0.00736436168
v 0.00920213181 0.0032315414 0.00795289795
v 0.0085308643 0.0035831492 0.0085297517
v 0.00780714471 0.00384999919 0.00908824722
v 0.00703919846 0.00402899194 0.00962230484
v 0.00623572785 0.00411810089 0.0101256065
v 0.00540579278 0.00411637235 0.0105926685
v 0.00455869156 0.00402380634 0.0110181264
v 0.00370431859 0.00384141612 0.0113970927
v 0.00285209138 0.00357128787 0.0117252759
v 0.00201178509 0.00321652103 0.0119990997
v 0.00119293648 0.00278104949 0.0122153453
v 0.000404724661 0.00226993966 0.0123716287
v -0.000343909677 0.00168879438 0.0124660424
v -0.000196328577 0.00152440477 0.0125647477
v 0.000543007437 0.00209827829 0.0124715261
v 0.00132132489 0.00260307002 0.0123172692
v 0.00213004071 0.00303305793 0.0121036462
v 0.00295985657 0.00338347364 0.0118332795
v 0.00380147416 0.00365020442 0.0115091495
v 0.00464523751 0.00383032966 0.0111349515
v 0.00548172909 0.00392170358 0.010714858
v 0.00630129296 0.00392343212 0.0102536372
v 0.00709474999 0.00383539606 0.0097565345
v 0.00785315949 0.00365866828 0.0092291526
v 0.00856793839 0.00339515615 0.00867757122
v 0.00923074204 0.00304789949 0.00810798923
v 0.00983441788 0.00262083221 0.00752672474
v 0.0103718134 0.00211878229 0.00694057266
v 0.0108370872 0.00154747177 0.00635608951
v 0.0112247558 0.00091333795 0.00577983181
v 0.0115305277 0.000223533396 0.00521847526
v 0.0117510648 -0.000514014479 0.00467821876
v 0.0118836256 -0.00129108023 0.00416526119
v 0.0119267793 -0.00209878277 0.0036854438
v 0.0118801685 -0.00292800259 0.00324413101
v 0.0117441507 -0.00376932215 0.00284644882
v 0.0115205141 -0.00461320471 0.00249668876
v 0.0112115236 -0.00545011353 0.00219902317
v 0.0108207555 -0.00627051186 0.00195678989
v 0.0103526207 -0.00706516099 0.00177261154
v 0.00981260258 -0.0078250606 0.00164863388
v 0.00920654256 -0.00854156804 0.00158628742
v 0.00854159314 -0.00920657706 0.00158628742
v 0.0078250261 -0.00981257748 0.00164863388
v 0.00706518609 -0.0103526552 0.00177261154
v 0.00627053696 -0.0108207304 0.00195678989
v 0.00545013863 -0.0112114389 0.00219902317
v 0.00461317021 -0.011520489 0.00249668876
v 0.00376928765 -0.0117441852 0.00284644882
v 0.00292802769 -0.0118801434 0.00324413101
v 0.00209880788 -0.0119268138 0.0036854438
v 0.00129104573 -0.0118836005 0.00416526119
v 0.00051403958 -0.0117509801 0.00467821876
v -0.000223508295 -0.0115305622 0.00521847526
v -0.000913372453 -0.0112247307 0.00577983181
v -0.00154744666 -0.0108370621 0.00635608951
v -0.00211881679 -0.0103718479 0.00694057266
v -0.00262080711 -0.00983439278 0.00752672474
v -0.00304793399 -0.00923077654 0.00810798923
v -0.00339519065 -0.00856791329 0.00867757122
v -0.00365864318 -0.00785319399 0.0092291526
v -0.00383543056 -0.00709478449 0.0097565345
v -0.00392340701 -0.00630132746 0.0102536372
v -0.00392173808 -0.00548170399 0.010714858
v -0.00383030456 -0.00464527201 0.0111349515
v -0.00365017932 -0.00380144906 0.0115091495
v -0.00338338893 -0.00295989108 0.0118332795
v -0.00303303283 -0.00213001561 0.0121036462
v -0.00260304492 -0.00132135939 0.0123172692
v -0.00209831279 -0.000542982336 0.0124715261
v -0.00152443927 0.000196294073 0.0125647477
v -0.000887980875 0.000888005976 0.0125959806
v -4.02836166e-05 0.00134439874 0.0126076631
v 0.000685581747 0.00190790105 0.0125161103
v 0.0014498325 0.00240351367 0.0123645953
v 0.00224388558 0.00282575298 0.0121550254
v 0.00305868107 0.00316979099 0.0118895463
v 0.00388503987 0.0034316938 0.0115712575
v 0.00471366364 0.00360854078 0.0112037353
v 0.00553489644 0.00369836498 0.0107912711
v 0.00633967835 0.00370003391 0.010338395
v 0.00711883027 0.00361360717 0.009850233
v 0.0078635307 0.00344003845 0.00933250705
v 0.00856531579 0.00318129468 0.00879082004
v 0.00921619851 0.00284035612 0.00823149006
v 0.00980878789 0.00242097783 0.00766083519
v 0.0103365274 0.00192804742 0.00708529274
v 0.0107933374 0.00136704851 0.00651141922
v 0.0111740919 0.000744358782 0.00594553272
v 0.0114743801 6.70712031e-05 0.00539430896
v 0.0116907449 -0.000657184836 0.00486382763
v 0.0118209215 -0.00142012429 0.00436016838
v 0.01186336 -0.00221322369 0.00388905326
v 0.0118175836 -0.00302742314 0.0034557275
v 0.0116840692 -0.00385354352 0.00306519786
v 0.0114643665 -0.00468210768 0.00272187511
v 0.0111609789 -0.00550387692 0.00242957393
v 0.0107773634 -0.00630943369 0.00219163219
v 0.0103176923 -0.0070897181 0.0020107917
v 0.00978744942 -0.00783590865 0.00188907901
v 0.00919235665 -0.00853942227 0.00182792465
v 0.00853944737 -0.00919239115 0.00182792465
v 0.00783587414 -0.00978742432 0.00188907901
v 0.0070897432 -0.0103177268 0.0020107917
v 0.0063095184 -0.0107773383 0.00219163219
v 0.00550390202 -0.0111610134 0.00242957393
v 0.00468207318 -0.011464401 0.00272187511
v 0.00385356862 -0.0116841037 0.00306519786
v 0.00302744824 -0.0118176181 0.0034557275
v 0.00221324879 -0.0118633945 0.00388905326
v 0.00142014939 -0.011820956 0.00436016838
v 0.000657209937 -0.0116907794 0.00486382763
v -6.71057068e-05 -0.011474355 0.00539430896
v -0.000744333681 -0.0111740668 0.00594553272
v -0.00136708301 -0.0107933719 0.00651141922
v -0.00192808193 -0.0103365619 0.00708529274
v -0.00242101234 -0.00980882239 0.00766083519
v -0.00284039062 -0.00921617341 0.00823149006
v -0.00318132919 -0.00856529069 0.00879082004
v -0.00344001335 -0.0078635056 0.00933250705
v -0.00361358207 -0.00711886477 0.009850233
v -0.00370000881 -0.00633971285 0.010338395
v -0.00369833988 -0.00553493094 0.0107912711
v -0.00360857528 -0.00471357894 0.0112037353
v -0.0034316687 -0.00388507437 0.0115712575
v -0.00316976589 -0.00305871558 0.0118895463
v -0.00282572788 -0.00224392008 0.0121550254
v -0.00240348857 -0.00144986701 0.0123645953
v -0.00190793556 -0.000685556646 0.0125161103
v -0.00134443324 4.03087176e-05 0.0126076631
v -0.000719538148 0.00071956325 0.0126382999
v 0.000114926878 0.00115932632 0.0125922851
v 0.000824102942 0.00170989442 0.0125027589
v 0.00157082993 0.00219418216 0.0123548202
v 0.0023467632 0.00260676551 0.0121498994
v 0.00314284283 0.0029428761 0.0118905
v 0.00395024735 0.00319881845 0.0115796022
v 0.00475979764 0.00337161231 0.0112205438
v 0.00556231457 0.00345929075 0.0108174972
v 0.00634861905 0.00346095968 0.0103749923
v 0.00710988957 0.0033764999 0.00989803592
v 0.00783754307 0.00320692468 0.0093921117
v 0.00852323491 0.00295414138 0.00886294166
v 0.00915921647 0.00262095142 0.00831636707
v 0.0097383352 0.00221122909 0.00775882522
v 0.0102539154 0.00172956396 0.007196515
v 0.010700235 0.00118143964 0.0066356353
v 0.0110721679 0.000573055033 0.00608286182
v 0.011365542 -8.87353383e-05 0.00554427425
v 0.0115770193 -0.000796361681 0.00502595226
v 0.0117043348 -0.00154183697 0.00453385631
v 0.0117457004 -0.00231675696 0.00407347004
v 0.0117009969 -0.00311230015 0.00365015785
v 0.011570582 -0.00391946625 0.00326856891
v 0.011355886 -0.00472907614 0.00293299476
v 0.0110594125 -0.00553201031 0.0026473693
v 0.0106846185 -0.00631908965 0.00241491119
v 0.0102355571 -0.00708149266 0.00223824302
v 0.00971735436 -0.00781051707 0.00211939136
v 0.00913597066 -0.00849793744 0.0020595483
v 0.00849796254 -0.00913594555 0.0020595483
v 0.00781048257 -0.00971732926 0.00211939136
v 0.00708151776 -0.010235532 0.00223824302
v 0.00631905514 -0.0106845934 0.00241491119
v 0.00553203541 -0.011059447 0.0026473693
v 0.00472904164 -0.0113559205 0.00293299476
v 0.00391949135 -0.0115705569 0.00326856891
v 0.00311232525 -0.0117009718 0.00365015785
v 0.00231672246 -0.0117457349 0.00407347004
v 0.00154186207 -0.0117042501 0.00453385631
v 0.000796327177 -0.0115770538 0.00502595226
v 8.87008347e-05 -0.0113655765 0.00554427425
v -0.000573029932 -0.0110722024 0.00608286182
v -0.00118147415 -0.0107002099 0.0066356353
v -0.00172959846 -0.0102538903 0.007196515
v -0.00221120399 -0.00973825049 0.00775882522
v -0.00262092632 -0.00915919137 0.00831636707
v -0.00295411628 -0.00852320981 0.00886294166
v -0.00320695918 -0.00783751797 0.0093921117
v -0.00337647479 -0.00710992407 0.00989803592
v -0.00346099418 -0.00634865355 0.0103749923
v -0.00345932525 -0.00556228947 0.0108174972
v -0.00337158721 -0.00475983214 0.0112205438
v -0.00319885295 -0.00395028185 0.0115796022
v -0.00294291061 -0.00314287734 0.0118905
v -0.00260674041 -0.0023467381 0.0121498994
v -0.00219415706 -0.00157086444 0.0123548202
v -0.00170992893 -0.000824137446 0.0125027589
v -0.00115930122 -0.000114901777 0.0125922851
v -0.000548830446 0.000548795942 0.0126222066
v 0.000260123793 0.000980035547 0.0125194482
v 0.000950464789 0.0015158813 0.0124323062
v 0.00167728383 0.00198729444 0.0122883014
v 0.00243247468 0.00238879133 0.0120888642
v 0.00320745427 0.00271602083 0.011836379
v 0.0039932819 0.00296510864 0.0115337066
v 0.00478125531 0.00313325334 0.0111841849
v 0.00556231457 0.0032186668 0.0107919864
v 0.00632763821 0.00322021652 0.0103612832
v 0.00706864316 0.00313802171 0.00989708225
v 0.00777674634 0.00297297645 0.00940462867
v 0.00844419915 0.00272692848 0.00888952533
v 0.00906313378 0.00240267921 0.00835761348
v 0.00962687451 0.00200386453 0.0078149728
v 0.0101287456 0.001535074 0.00726756374
v 0.0105631443 0.00100155282 0.0067217044
v 0.0109251829 0.000409380678 0.00618371288
v 0.0112106891 -0.000234707113 0.00565943042
v 0.0114165636 -0.000923498388 0.00515493671
v 0.0115403028 -0.00164906573 0.00467595379
v 0.0115807148 -0.0024033029 0.00422796528
v 0.0115372034 -0.00317762684 0.00381585876
v 0.0114102455 -0.00396327567 0.00344440261
v 0.0112012716 -0.00475124907 0.00311788837
v 0.0109127851 -0.00553278517 0.00283989231
v 0.0105478855 -0.00629888367 0.00261363308
v 0.010110745 -0.0070409019 0.00244161407
v 0.00960648972 -0.00775049519 0.00232598106
v 0.00904060322 -0.00841961693 0.00226768772
v 0.00841964203 -0.00904057812 0.00226768772
v 0.00775052029 -0.00960646462 0.00232598106
v 0.00704086739 -0.0101107795 0.00244161407
v 0.00629890877 -0.0105478604 0.00261363308
v 0.00553275067 -0.01091276 0.00283989231
v 0.00475121457 -0.0112012465 0.00311788837
v 0.00396324116 -0.0114102204 0.00344440261
v 0.00317765195 -0.0115371783 0.00381585876
v 0.0024032684 -0.0115806897 0.00422796528
v 0.00164903123 -0.0115403373 0.00467595379
v 0.000923523489 -0.0114165385 0.00515493671
v 0.000234732214 -0.0112107236 0.00565943042
v -0.000409355577 -0.0109251578 0.00618371288
v -0.00100158733 -0.0105631192 0.0067217044
v -0.0015350489 -0.0101286609 0.00726756374
v -0.00200389903 -0.0096267898 0.0078149728
v -0.00240265411 -0.00906316828 0.00835761348
v -0.00272690338 -0.00844417405 0.00888952533
v -0.00297295135 -0.00777678084 0.00940462867
v -0.00313805621 -0.00706861806 0.00989708225
v -0.00322019142 -0.00632761311 0.0103612832
v -0.00321864169 -0.00556228947 0.0107919864
v -0.00313328784 -0.0047811706 0.0111841849
v -0.00296508354 -0.0039932568 0.0115337066
v -0.00271593612 -0.00320736956 0.011836379
v -0.00238882583 -0.00243250918 0.0120888642
v -0.00198732894 -0.00167731833 0.0122883014
v -0.0015158562 -0.000950499292 0.0124323062
v -0.000980010446 -0.000260158297 0.0125194482
v -0.000385752138 0.000385777239 0.0125485353
v -0.00634013694 0.00634016204 -0.00883761128
v 0.00498438794 -0.00443540406 0.0106762342
v -0.00603746456 0.00658644843 -0.00886955937
v 0.00532306153 -0.00426243138 0.0105827741
v -0.00569879096 0.00675942111 -0.00896290024
v 0.00567449052 -0.00417457413 0.0104342393
v -0.00534724277 0.00684727836 -0.00911155423
v 0.00601483304 -0.00417773318 0.0102405242
v -0.00500701946 0.00684411931 -0.00930526932
v 0.00632084328 -0.00427178931 0.0100149802
v -0.00470100921 0.00675006318 -0.0095308133
v 0.00657154042 -0.00445024562 0.00977286617
v -0.00445031207 0.00657160688 -0.00977292736
v 0.00675011593 -0.00470100236 0.00953087131
v -0.00427173656 0.00632079053 -0.0100149222
v 0.00684405285 -0.0050070126 0.00930532734
v -0.00417768043 0.00601483989 -0.0102404662
v 0.00684727151 -0.00534729552 0.00911161224
v -0.00417458099 0.00567455697 -0.0104341813
v 0.00675941426 -0.0056987245 0.00896295826
v -0.00426243823 0.00532306838 -0.0105828353
v 0.00658644158 -0.0060373981 0.00886949817
v -0.00443541091 0.0049844544 -0.0106762954
v 0.00634015519 -0.00634018969 0.00883766929
v -0.00468169731 0.0046816628 -0.0107081242
v 0.00603736359 -0.00658641648 0.00886949817
v -0.0049844889 0.00443537641 -0.0106762954
v 0.00569880921 -0.00675938916 0.00896295826
v -0.00532304328 0.00426246333 -0.0105828353
v 0.00534726102 -0.00684730601 0.00911161224
v -0.00567459148 0.00417454648 -0.0104341813
v 0.0050070377 -0.00684408736 0.00930532734
v -0.00601481479 0.00417776513 -0.0102404662
v 0.00470102746 -0.00675009083 0.00953087131
v -0.00632082504 0.00427176166 -0.0100149222
v 0.00445021111 -0.00657157492 0.00977286617
v -0.00657164138 0.00445027757 -0.00977292736
v 0.00427175481 -0.00632081818 0.0100149802
v -0.00675009769 0.00470103431 -0.0095308133
v 0.00417769868 -0.00601486754 0.0102405242
v -0.00684415382 0.00500698495 -0.00930526932
v 0.00417459923 -0.00567452502 0.0104342393
v -0.00684725326 0.00534726787 -0.00911155423
v 0.00426245648 -0.00532309603 0.0105827741
v -0.00675939601 0.00569875646 -0.00896290024
v 0.00443542916 -0.00498442244 0.0106762342
v -0.00658642333 0.00603743005 -0.00886955937
v 0.00468171555 -0.00468169045 0.0107081823
v 0.00551093537 -0.00551091027 0.00977286617
v -0.00551091712 0.00551094222 -0.00977292736
f 1 2 3
f 3 2 4
f 1 3 5
f 5 3 6
f 5 6 7
f 8 9 10
f 10 9 11
f 8 10 12
f 12 10 13
f 12 13 14
f 15 16 17
f 2 18 4
f 4 18 19
f 4 19 17
f 17 19 20
f 17 20 15
f 21 22 23
f 15 24 16
f 16 24 25
f 16 25 26
f 27 28 29
f 30 31 32
f 9 33 11
f 11 33 34
f 11 34 32
f 32 34 35
f 32 35 30
f 23 36 21
f 21 36 37
f 21 37 38
f 39 40 22
f 22 40 41
f 22 41 23
f 25 42 26
f 26 42 43
f 26 43 39
f 39 43 44
f 39 44 40
f 45 46 47
f 27 48 28
f 28 48 49
f 28 49 46
f 46 49 50
f 46 50 47
f 37 51 38
f 38 51 52
f 38 52 13
f 13 52 53
f 13 53 14
f 47 54 45
f 45 54 55
f 45 55 56
f 57 58 59
f 59 58 60
f 57 59 61
f 61 59 62
f 61 62 63
f 30 64 31
f 31 64 65
f 31 65 66
f 7 6 67
f 67 6 68
f 67 68 69
f 55 70 56
f 56 70 71
f 56 71 68
f 68 71 72
f 68 72 69
f 73 74 29
f 29 74 75
f 29 75 27
f 58 76 60
f 60 76 77
f 60 77 73
f 73 77 78
f 73 78 74
f 65 79 66
f 66 79 80
f 66 80 81
f 82 83 62
f 62 83 84
f 62 84 63
f 80 85 81
f 81 85 86
f 81 86 82
f 82 86 87
f 82 87 83
f 88 89 90
f 91 92 93
f 94 95 96
f 97 98 99
f 100 101 102
f 103 104 105
f 106 107 108
f 109 110 111
f 112 113 114
f 115 116 117
f 118 119 120
f 121 122 123
f 124 125 126
f 127 128 129
f 130 131 132
f 133 134 135
f 136 137 138
f 139 140 141
f 142 143 144
f 145 146 147
f 148 149 150
f 151 152 153
f 154 155 156
f 157 158 159
f 160 161 162
f 163 164 165
f 166 167 168
f 169 170 171
f 172 173 174
f 175 176 177
f 178 179 180
f 181 182 183
f 184 185 186
f 187 188 189
f 190 191 192
f 193 194 195
f 196 197 198
f 199 200 201
f 202 203 204
f 205 206 207
f 208 209 210
f 211 212 213
f 214 215 216
f 217 218 219
f 220 221 222
f 223 224 225
f 226 227 228
f 229 230 231
f 232 233 234
f 235 236 237
f 238 239 240
f 241 242 243
f 244 245 246
f 247 248 249
f 250 251 252
f 253 254 255
f 256 257 258
f 259 260 261
f 262 263 264
f 265 266 267
f 268 269 270
f 271 272 273
f 274 275 276
f 277 278 279
f 280 281 248
f 248 281 282
f 248 282 249
f 249 282 283
f 249 283 284
f 284 285 286
f 286 285 287
f 287 288 289
f 289 288 290
f 290 291 292
f 292 291 293
f 293 294 295
f 295 294 296
f 296 297 298
f 298 297 299
f 299 300 301
f 301 300 302
f 302 303 304
f 304 303 268
f 305 306 307
f 308 309 310
f 311 312 313
f 314 315 316
f 317 318 319
f 320 321 322
f 323 324 325
f 326 327 328
f 329 330 331
f 332 333 334
f 335 336 337
f 338 339 340
f 341 342 343
f 344 345 346
f 347 348 349
f 265 267 350
f 351 352 245
f 245 352 353
f 245 353 246
f 246 353 354
f 246 354 355
f 355 356 357
f 357 356 358
f 358 359 360
f 360 359 361
f 361 362 363
f 363 362 364
f 364 365 366
f 366 365 367
f 367 368 369
f 369 368 370
f 370 371 372
f 372 371 373
f 373 374 375
f 375 374 376
f 376 377 378
f 378 377 253
f 379 380 381
f 382 383 384
f 385 386 387
f 388 389 390
f 391 392 393
f 394 395 396
f 397 398 399
f 400 401 402
f 403 404 405
f 406 407 408
f 409 410 411
f 412 413 414
f 415 416 417
f 250 252 418
f 272 280 273
f 273 280 248
f 273 248 419
f 419 248 247
f 419 247 420
f 257 351 258
f 258 351 245
f 258 245 421
f 421 245 244
f 421 244 422
f 275 271 276
f 276 271 273
f 276 273 423
f 423 273 419
f 423 419 424
f 424 419 420
f 424 420 425
f 260 256 261
f 261 256 258
f 261 258 426
f 426 258 421
f 426 421 427
f 427 421 422
f 427 422 428
f 278 274 279
f 279 274 276
f 279 276 429
f 429 276 423
f 429 423 430
f 430 423 424
f 430 424 431
f 431 424 425
f 431 425 432
f 263 259 264
f 264 259 261
f 264 261 433
f 433 261 426
f 433 426 434
f 434 426 427
f 434 427 435
f 435 427 428
f 435 428 436
f 437 277 438
f 438 277 279
f 438 279 439
f 439 279 429
f 439 429 440
f 440 429 430
f 440 430 441
f 441 430 431
f 441 431 442
f 442 431 432
f 442 432 243
f 266 262 267
f 267 262 264
f 267 264 443
f 443 264 433
f 443 433 444
f 444 433 434
f 444 434 445
f 445 434 435
f 445 435 446
f 446 435 436
f 446 436 165
f 447 448 449
f 450 451 452
f 453 437 454
f 454 437 438
f 454 438 455
f 455 438 439
f 455 439 456
f 456 439 440
f 456 440 457
f 457 440 441
f 457 441 458
f 458 441 442
f 458 442 459
f 459 442 243
f 459 243 460
f 460 243 242
f 284 286 249
f 249 286 461
f 249 461 247
f 247 461 462
f 247 462 420
f 420 462 463
f 420 463 425
f 425 463 464
f 425 464 432
f 432 464 240
f 432 240 243
f 243 240 239
f 243 239 241
f 287 289 286
f 286 289 465
f 286 465 461
f 461 465 466
f 461 466 462
f 462 466 467
f 462 467 463
f 463 467 468
f 463 468 464
f 464 468 237
f 464 237 240
f 240 237 236
f 240 236 238
f 290 292 289
f 289 292 469
f 289 469 465
f 465 469 470
f 465 470 466
f 466 470 471
f 466 471 467
f 467 471 472
f 467 472 468
f 468 472 234
f 468 234 237
f 237 234 233
f 237 233 235
f 293 295 292
f 292 295 473
f 292 473 469
f 469 473 474
f 469 474 470
f 470 474 475
f 470 475 471
f 471 475 476
f 471 476 472
f 472 476 231
f 472 231 234
f 234 231 230
f 234 230 232
f 296 298 295
f 295 298 477
f 295 477 473
f 473 477 478
f 473 478 474
f 474 478 479
f 474 479 475
f 475 479 480
f 475 480 476
f 476 480 228
f 476 228 231
f 231 228 227
f 231 227 229
f 299 301 298
f 298 301 481
f 298 481 477
f 477 481 482
f 477 482 478
f 478 482 483
f 478 483 479
f 479 483 484
f 479 484 480
f 480 484 225
f 480 225 228
f 228 225 224
f 228 224 226
f 302 304 301
f 301 304 485
f 301 485 481
f 481 485 486
f 481 486 482
f 482 486 487
f 482 487 483
f 483 487 488
f 483 488 484
f 484 488 222
f 484 222 225
f 225 222 221
f 225 221 223
f 268 270 304
f 304 270 489
f 304 489 485
f 485 489 490
f 485 490 486
f 486 490 491
f 486 491 487
f 487 491 492
f 487 492 488
f 488 492 219
f 488 219 222
f 222 219 218
f 222 218 220
f 270 493 489
f 489 493 494
f 489 494 490
f 490 494 495
f 490 495 491
f 491 495 496
f 491 496 492
f 492 496 216
f 492 216 219
f 219 216 215
f 219 215 217
f 493 497 494
f 494 497 498
f 494 498 495
f 495 498 499
f 495 499 496
f 496 499 213
f 496 213 216
f 216 213 212
f 216 212 214
f 497 500 498
f 498 500 501
f 498 501 499
f 499 501 210
f 499 210 213
f 213 210 209
f 213 209 211
f 500 447 501
f 501 447 449
f 501 449 210
f 210 449 502
f 210 502 208
f 503 504 505
f 505 504 448
f 505 448 506
f 506 448 447
f 506 447 507
f 507 447 500
f 507 500 508
f 508 500 497
f 508 497 509
f 509 497 493
f 509 493 510
f 510 493 270
f 510 270 511
f 511 270 269
f 504 512 448
f 448 512 513
f 448 513 449
f 449 513 514
f 449 514 502
f 206 503 207
f 207 503 505
f 207 505 515
f 515 505 506
f 515 506 516
f 516 506 507
f 516 507 517
f 517 507 508
f 517 508 518
f 518 508 509
f 518 509 307
f 307 509 510
f 307 510 305
f 305 510 511
f 203 205 204
f 204 205 207
f 204 207 519
f 519 207 515
f 519 515 520
f 520 515 516
f 520 516 521
f 521 516 517
f 521 517 522
f 522 517 518
f 522 518 310
f 310 518 307
f 310 307 308
f 308 307 306
f 200 202 201
f 201 202 204
f 201 204 523
f 523 204 519
f 523 519 524
f 524 519 520
f 524 520 525
f 525 520 521
f 525 521 526
f 526 521 522
f 526 522 313
f 313 522 310
f 313 310 311
f 311 310 309
f 197 199 198
f 198 199 201
f 198 201 527
f 527 201 523
f 527 523 528
f 528 523 524
f 528 524 529
f 529 524 525
f 529 525 530
f 530 525 526
f 530 526 316
f 316 526 313
f 316 313 314
f 314 313 312
f 194 196 195
f 195 196 198
f 195 198 531
f 531 198 527
f 531 527 532
f 532 527 528
f 532 528 533
f 533 528 529
f 533 529 534
f 534 529 530
f 534 530 319
f 319 530 316
f 319 316 317
f 317 316 315
f 191 193 192
f 192 193 195
f 192 195 535
f 535 195 531
f 535 531 536
f 536 531 532
f 536 532 537
f 537 532 533
f 537 533 538
f 538 533 534
f 538 534 322
f 322 534 319
f 322 319 320
f 320 319 318
f 188 190 189
f 189 190 192
f 189 192 539
f 539 192 535
f 539 535 540
f 540 535 536
f 540 536 541
f 541 536 537
f 541 537 542
f 542 537 538
f 542 538 325
f 325 538 322
f 325 322 323
f 323 322 321
f 185 187 186
f 186 187 189
f 186 189 543
f 543 189 539
f 543 539 544
f 544 539 540
f 544 540 545
f 545 540 541
f 545 541 546
f 546 541 542
f 546 542 328
f 328 542 325
f 328 325 326
f 326 325 324
f 182 184 183
f 183 184 186
f 183 186 547
f 547 186 543
f 547 543 548
f 548 543 544
f 548 544 549
f 549 544 545
f 549 545 550
f 550 545 546
f 550 546 331
f 331 546 328
f 331 328 329
f 329 328 327
f 179 181 180
f 180 181 183
f 180 183 551
f 551 183 547
f 551 547 552
f 552 547 548
f 552 548 553
f 553 548 549
f 553 549 554
f 554 549 550
f 554 550 334
f 334 550 331
f 334 331 332
f 332 331 330
f 176 178 177
f 177 178 180
f 177 180 555
f 555 180 551
f 555 551 556
f 556 551 552
f 556 552 557
f 557 552 553
f 557 553 558
f 558 553 554
f 558 554 337
f 337 554 334
f 337 334 335
f 335 334 333
f 173 175 174
f 174 175 177
f 174 177 559
f 559 177 555
f 559 555 560
f 560 555 556
f 560 556 561
f 561 556 557
f 561 557 562
f 562 557 558
f 562 558 340
f 340 558 337
f 340 337 338
f 338 337 336
f 170 172 171
f 171 172 174
f 171 174 563
f 563 174 559
f 563 559 564
f 564 559 560
f 564 560 565
f 565 560 561
f 565 561 566
f 566 561 562
f 566 562 343
f 343 562 340
f 343 340 341
f 341 340 339
f 167 169 168
f 168 169 171
f 168 171 567
f 567 171 563
f 567 563 568
f 568 563 564
f 568 564 569
f 569 564 565
f 569 565 570
f 570 565 566
f 570 566 346
f 346 566 343
f 346 343 344
f 344 343 342
f 571 166 572
f 572 166 168
f 572 168 573
f 573 168 567
f 573 567 574
f 574 567 568
f 574 568 575
f 575 568 569
f 575 569 576
f 576 569 570
f 576 570 349
f 349 570 346
f 349 346 347
f 347 346 345
f 348 350 349
f 349 350 267
f 349 267 576
f 576 267 443
f 576 443 575
f 575 443 444
f 575 444 574
f 574 444 445
f 574 445 573
f 573 445 446
f 573 446 572
f 572 446 165
f 572 165 571
f 571 165 164
f 355 357 246
f 246 357 577
f 246 577 244
f 244 577 578
f 244 578 422
f 422 578 579
f 422 579 428
f 428 579 580
f 428 580 436
f 436 580 162
f 436 162 165
f 165 162 161
f 165 161 163
f 358 360 357
f 357 360 581
f 357 581 577
f 577 581 582
f 577 582 578
f 578 582 583
f 578 583 579
f 579 583 584
f 579 584 580
f 580 584 159
f 580 159 162
f 162 159 158
f 162 158 160
f 361 363 360
f 360 363 585
f 360 585 581
f 581 585 586
f 581 586 582
f 582 586 587
f 582 587 583
f 583 587 588
f 583 588 584
f 584 588 156
f 584 156 159
f 159 156 155
f 159 155 157
f 364 366 363
f 363 366 589
f 363 589 585
f 585 589 590
f 585 590 586
f 586 590 591
f 586 591 587
f 587 591 592
f 587 592 588
f 588 592 153
f 588 153 156
f 156 153 152
f 156 152 154
f 367 369 366
f 366 369 593
f 366 593 589
f 589 593 594
f 589 594 590
f 590 594 595
f 590 595 591
f 591 595 596
f 591 596 592
f 592 596 150
f 592 150 153
f 153 150 149
f 153 149 151
f 370 372 369
f 369 372 597
f 369 597 593
f 593 597 598
f 593 598 594
f 594 598 599
f 594 599 595
f 595 599 600
f 595 600 596
f 596 600 147
f 596 147 150
f 150 147 146
f 150 146 148
f 373 375 372
f 372 375 601
f 372 601 597
f 597 601 602
f 597 602 598
f 598 602 603
f 598 603 599
f 599 603 604
f 599 604 600
f 600 604 144
f 600 144 147
f 147 144 143
f 147 143 145
f 376 378 375
f 375 378 605
f 375 605 601
f 601 605 606
f 601 606 602
f 602 606 607
f 602 607 603
f 603 607 608
f 603 608 604
f 604 608 141
f 604 141 144
f 144 141 140
f 144 140 142
f 253 255 378
f 378 255 609
f 378 609 605
f 605 609 610
f 605 610 606
f 606 610 611
f 606 611 607
f 607 611 612
f 607 612 608
f 608 612 138
f 608 138 141
f 141 138 137
f 141 137 139
f 255 613 609
f 609 613 614
f 609 614 610
f 610 614 615
f 610 615 611
f 611 615 616
f 611 616 612
f 612 616 135
f 612 135 138
f 138 135 134
f 138 134 136
f 613 617 614
f 614 617 618
f 614 618 615
f 615 618 619
f 615 619 616
f 616 619 132
f 616 132 135
f 135 132 131
f 135 131 133
f 617 620 618
f 618 620 621
f 618 621 619
f 619 621 129
f 619 129 132
f 132 129 128
f 132 128 130
f 620 450 621
f 621 450 452
f 621 452 129
f 129 452 622
f 129 622 127
f 623 624 625
f 625 624 451
f 625 451 626
f 626 451 450
f 626 450 627
f 627 450 620
f 627 620 628
f 628 620 617
f 628 617 629
f 629 617 613
f 629 613 630
f 630 613 255
f 630 255 631
f 631 255 254
f 624 632 451
f 451 632 633
f 451 633 452
f 452 633 634
f 452 634 622
f 125 623 126
f 126 623 625
f 126 625 635
f 635 625 626
f 635 626 636
f 636 626 627
f 636 627 637
f 637 627 628
f 637 628 638
f 638 628 629
f 638 629 381
f 381 629 630
f 381 630 379
f 379 630 631
f 122 124 123
f 123 124 126
f 123 126 639
f 639 126 635
f 639 635 640
f 640 635 636
f 640 636 641
f 641 636 637
f 641 637 642
f 642 637 638
f 642 638 384
f 384 638 381
f 384 381 382
f 382 381 380
f 119 121 120
f 120 121 123
f 120 123 643
f 643 123 639
f 643 639 644
f 644 639 640
f 644 640 645
f 645 640 641
f 645 641 646
f 646 641 642
f 646 642 387
f 387 642 384
f 387 384 385
f 385 384 383
f 116 118 117
f 117 118 120
f 117 120 647
f 647 120 643
f 647 643 648
f 648 643 644
f 648 644 649
f 649 644 645
f 649 645 650
f 650 645 646
f 650 646 390
f 390 646 387
f 390 387 388
f 388 387 386
f 113 115 114
f 114 115 117
f 114 117 651
f 651 117 647
f 651 647 652
f 652 647 648
f 652 648 653
f 653 648 649
f 653 649 654
f 654 649 650
f 654 650 393
f 393 650 390
f 393 390 391
f 391 390 389
f 110 112 111
f 111 112 114
f 111 114 655
f 655 114 651
f 655 651 656
f 656 651 652
f 656 652 657
f 657 652 653
f 657 653 658
f 658 653 654
f 658 654 396
f 396 654 393
f 396 393 394
f 394 393 392
f 107 109 108
f 108 109 111
f 108 111 659
f 659 111 655
f 659 655 660
f 660 655 656
f 660 656 661
f 661 656 657
f 661 657 662
f 662 657 658
f 662 658 399
f 399 658 396
f 399 396 397
f 397 396 395
f 104 106 105
f 105 106 108
f 105 108 663
f 663 108 659
f 663 659 664
f 664 659 660
f 664 660 665
f 665 660 661
f 665 661 666
f 666 661 662
f 666 662 402
f 402 662 399
f 402 399 400
f 400 399 398
f 101 103 102
f 102 103 105
f 102 105 667
f 667 105 663
f 667 663 668
f 668 663 664
f 668 664 669
f 669 664 665
f 669 665 670
f 670 665 666
f 670 666 405
f 405 666 402
f 405 402 403
f 403 402 401
f 98 100 99
f 99 100 102
f 99 102 671
f 671 102 667
f 671 667 672
f 672 667 668
f 672 668 673
f 673 668 669
f 673 669 674
f 674 669 670
f 674 670 408
f 408 670 405
f 408 405 406
f 406 405 404
f 95 97 96
f 96 97 99
f 96 99 675
f 675 99 671
f 675 671 676
f 676 671 672
f 676 672 677
f 677 672 673
f 677 673 678
f 678 673 674
f 678 674 411
f 411 674 408
f 411 408 409
f 409 408 407
f 92 94 93
f 93 94 96
f 93 96 679
f 679 96 675
f 679 675 680
f 680 675 676
f 680 676 681
f 681 676 677
f 681 677 682
f 682 677 678
f 682 678 414
f 414 678 411
f 414 411 412
f 412 411 410
f 89 91 90
f 90 91 93
f 90 93 683
f 683 93 679
f 683 679 684
f 684 679 680
f 684 680 685
f 685 680 681
f 685 681 686
f 686 681 682
f 686 682 417
f 417 682 414
f 417 414 415
f 415 414 413
f 687 88 688
f 688 88 90
f 688 90 689
f 689 90 683
f 689 683 690
f 690 683 684
f 690 684 691
f 691 684 685
f 691 685 692
f 692 685 686
f 692 686 252
f 252 686 417
f 252 417 418
f 418 417 416
f 251 453 252
f 252 453 454
f 252 454 692
f 692 454 455
f 692 455 691
f 691 455 456
f 691 456 690
f 690 456 457
f 690 457 689
f 689 457 458
f 689 458 688
f 688 458 459
f 688 459 687
f 687 459 460
f 693 694 695
f 695 694 696
f 697 698 699
f 700 701 702
f 703 704 702
f 702 704 705
f 702 705 700
f 694 706 696
f 696 706 707
f 696 707 703
f 703 707 708
f 703 708 704
f 709 710 695
f 695 710 711
f 695 711 693
f 697 699 712
f 698 697 713
f 713 697 714
f 713 714 715
f 715 714 716
f 716 714 717
f 716 717 718
f 718 717 719
f 719 717 720
f 719 720 721
f 721 720 722
f 722 720 723
f 722 723 724
f 725 726 727
f 728 729 730
f 730 729 731
f 700 732 701
f 701 732 733
f 701 733 734
f 735 736 709
f 709 736 737
f 709 737 710
f 724 723 738
f 738 723 739
f 738 739 740
f 741 742 739
f 739 742 743
f 739 743 740
f 744 745 741
f 741 745 746
f 741 746 742
f 747 748 727
f 727 748 749
f 727 749 725
f 729 750 731
f 731 750 751
f 731 751 747
f 747 751 752
f 747 752 748
f 753 754 735
f 735 754 755
f 735 755 736
f 699 756 712
f 712 756 757
f 712 757 753
f 753 757 758
f 753 758 754
f 759 760 744
f 744 760 761
f 744 761 745
f 762 763 759
f 759 763 764
f 759 764 760
f 725 765 726
f 726 765 766
f 726 766 762
f 762 766 767
f 762 767 763
f 768 769 730
f 730 769 770
f 730 770 728
f 771 772 768
f 768 772 773
f 768 773 769
f 774 775 771
f 771 775 776
f 771 776 772
f 733 777 734
f 734 777 778
f 734 778 774
f 774 778 779
f 774 779 775
f 780 701 781
f 781 701 734
f 781 734 782
f 782 734 774
f 782 774 783
f 783 774 771
f 783 771 784
f 784 771 768
f 784 768 785
f 785 768 730
f 785 730 786
f 786 730 731
f 786 731 787
f 787 731 747
f 787 747 788
f 788 747 727
f 788 727 789
f 789 727 726
f 789 726 790
f 790 726 762
f 790 762 791
f 791 762 759
f 791 759 792
f 792 759 744
f 792 744 793
f 793 744 741
f 793 741 794
f 794 741 739
f 794 739 795
f 795 739 723
f 795 723 796
f 796 723 720
f 796 720 797
f 797 720 717
f 797 717 798
f 798 717 714
f 798 714 799
f 799 714 697
f 799 697 800
f 800 697 712
f 800 712 801
f 801 712 753
f 801 753 802
f 802 753 735
f 802 735 803
f 803 735 709
f 803 709 804
f 804 709 695
f 804 695 805
f 805 695 696
f 805 696 806
f 806 696 703
f 806 703 807
f 807 703 702
f 807 702 780
f 780 702 701
f 808 805 809
f 809 805 806
f 809 806 810
f 810 806 807
f 810 807 811
f 811 807 780
f 811 780 812
f 812 780 781
f 812 781 813
f 814 797 815
f 815 797 798
f 815 798 816
f 816 798 799
f 816 799 817
f 817 799 800
f 817 800 818
f 818 800 801
f 818 801 819
f 819 801 802
f 819 802 820
f 820 802 803
f 820 803 808
f 808 803 804
f 808 804 805
f 781 782 813
f 813 782 783
f 813 783 821
f 821 783 784
f 821 784 822
f 822 784 785
f 822 785 823
f 823 785 786
f 823 786 824
f 824 786 787
f 824 787 825
f 825 787 788
f 825 788 826
f 826 788 789
f 826 789 827
f 789 790 827
f 827 790 791
f 827 791 828
f 828 791 792
f 828 792 829
f 829 792 793
f 829 793 830
f 830 793 794
f 830 794 831
f 831 794 795
f 831 795 814
f 814 795 796
f 814 796 797
f 832 811 833
f 833 811 812
f 833 812 834
f 834 812 813
f 834 813 835
f 835 813 821
f 835 821 836
f 836 821 822
f 836 822 837
f 837 822 823
f 837 823 838
f 838 823 824
f 838 824 839
f 839 824 825
f 839 825 840
f 840 825 826
f 840 826 841
f 841 826 827
f 841 827 842
f 842 827 828
f 842 828 843
f 843 828 829
f 843 829 844
f 844 829 830
f 844 830 845
f 845 830 831
f 845 831 846
f 846 831 814
f 846 814 847
f 847 814 815
f 847 815 848
f 848 815 816
f 848 816 849
f 849 816 817
f 849 817 850
f 850 817 818
f 850 818 851
f 851 818 819
f 851 819 852
f 852 819 820
f 852 820 853
f 853 820 808
f 853 808 854
f 854 808 809
f 854 809 855
f 855 809 810
f 855 810 832
f 832 810 811
f 848 856 847
f 847 856 857
f 847 857 846
f 846 857 858
f 846 858 845
f 845 858 859
f 845 859 844
f 844 859 860
f 844 860 843
f 843 860 861
f 843 861 842
f 854 862 853
f 853 862 863
f 853 863 852
f 852 863 864
f 852 864 851
f 851 864 865
f 851 865 850
f 850 865 866
f 850 866 849
f 849 866 867
f 849 867 848
f 848 867 868
f 848 868 856
f 861 869 842
f 842 869 870
f 842 870 841
f 841 870 871
f 841 871 840
f 840 871 872
f 840 872 839
f 839 872 873
f 839 873 838
f 838 873 874
f 838 874 837
f 837 874 875
f 837 875 836
f 836 875 876
f 836 876 835
f 876 877 835
f 835 877 878
f 835 878 834
f 834 878 879
f 834 879 833
f 833 879 880
f 833 880 832
f 832 880 881
f 832 881 855
f 855 881 882
f 855 882 854
f 854 882 883
f 854 883 862
f 28 881 29
f 29 881 880
f 29 880 73
f 73 880 879
f 73 879 60
f 60 879 878
f 60 878 59
f 59 878 877
f 59 877 62
f 62 877 876
f 62 876 82
f 82 876 875
f 82 875 81
f 81 875 874
f 81 874 66
f 66 874 873
f 66 873 31
f 31 873 872
f 31 872 32
f 32 872 871
f 32 871 11
f 11 871 870
f 11 870 10
f 10 870 869
f 10 869 13
f 13 869 861
f 13 861 38
f 38 861 860
f 38 860 21
f 21 860 859
f 21 859 22
f 22 859 858
f 22 858 39
f 39 858 857
f 39 857 26
f 26 857 856
f 26 856 16
f 16 856 868
f 16 868 17
f 17 868 867
f 17 867 4
f 4 867 866
f 4 866 3
f 3 866 865
f 3 865 6
f 6 865 864
f 6 864 68
f 68 864 863
f 68 863 56
f 56 863 862
f 56 862 45
f 45 862 883
f 45 883 46
f 46 883 882
f 46 882 28
f 28 882 881
f 251 250 884
f 418 416 885
f 415 413 886
f 403 401 887
f 400 398 888
f 397 395 889
f 394 392 890
f 391 389 891
f 388 386 892
f 385 383 893
f 382 380 894
f 344 342 895
f 341 339 896
f 329 327 897
f 326 324 898
f 323 321 899
f 320 318 900
f 317 315 901
f 314 312 902
f 311 309 903
f 904 776 775
f 905 772 776
f 906 773 772
f 907 769 773
f 908 770 769
f 909 728 770
f 910 729 728
f 911 750 729
f 912 751 750
f 913 752 751
f 914 748 752
f 915 749 748
f 916 725 749
f 917 765 725
f 918 766 765
f 919 767 766
f 920 763 767
f 921 764 763
f 922 760 764
f 923 761 760
f 924 745 761
f 925 746 745
f 926 718 719
f 927 716 718
f 928 715 716
f 929 713 715
f 930 698 713
f 931 699 698
f 932 756 699
f 933 757 756
f 934 758 757
f 935 754 758
f 936 755 754
f 937 736 755
f 938 737 736
f 939 710 737
f 940 711 710
f 941 693 711
f 942 694 693
f 943 706 694
f 944 707 706
f 945 708 707
f 704 708 946
f 946 708 945
f 946 945 947
f 742 746 948
f 948 746 925
f 948 925 949
f 705 704 950
f 950 704 946
f 950 946 951
f 951 946 947
f 951 947 952
f 743 742 953
f 953 742 948
f 953 948 954
f 954 948 949
f 954 949 955
f 700 705 956
f 956 705 950
f 956 950 957
f 957 950 951
f 957 951 958
f 958 951 952
f 958 952 959
f 740 743 960
f 960 743 953
f 960 953 961
f 961 953 954
f 961 954 962
f 962 954 955
f 962 955 963
f 732 700 964
f 964 700 956
f 964 956 965
f 965 956 957
f 965 957 966
f 966 957 958
f 966 958 967
f 967 958 959
f 967 959 968
f 738 740 969
f 969 740 960
f 969 960 970
f 970 960 961
f 970 961 971
f 971 961 962
f 971 962 972
f 972 962 963
f 972 963 973
f 974 975 976
f 977 978 979
f 980 277 437
f 707 944 945
f 945 944 981
f 945 981 947
f 947 981 982
f 947 982 952
f 952 982 983
f 952 983 959
f 959 983 980
f 959 980 968
f 968 980 437
f 968 437 453
f 984 274 278
f 706 943 944
f 944 943 985
f 944 985 981
f 981 985 986
f 981 986 982
f 982 986 987
f 982 987 983
f 983 987 984
f 983 984 980
f 980 984 278
f 980 278 277
f 988 271 275
f 694 942 943
f 943 942 989
f 943 989 985
f 985 989 990
f 985 990 986
f 986 990 991
f 986 991 987
f 987 991 988
f 987 988 984
f 984 988 275
f 984 275 274
f 992 280 272
f 693 941 942
f 942 941 993
f 942 993 989
f 989 993 994
f 989 994 990
f 990 994 995
f 990 995 991
f 991 995 992
f 991 992 988
f 988 992 272
f 988 272 271
f 996 282 281
f 711 940 941
f 941 940 997
f 941 997 993
f 993 997 998
f 993 998 994
f 994 998 999
f 994 999 995
f 995 999 996
f 995 996 992
f 992 996 281
f 992 281 280
f 1000 284 283
f 710 939 940
f 940 939 1001
f 940 1001 997
f 997 1001 1002
f 997 1002 998
f 998 1002 1003
f 998 1003 999
f 999 1003 1000
f 999 1000 996
f 996 1000 283
f 996 283 282
f 1004 287 285
f 737 938 939
f 939 938 1005
f 939 1005 1001
f 1001 1005 1006
f 1001 1006 1002
f 1002 1006 1007
f 1002 1007 1003
f 1003 1007 1004
f 1003 1004 1000
f 1000 1004 285
f 1000 285 284
f 1008 290 288
f 736 937 938
f 938 937 1009
f 938 1009 1005
f 1005 1009 1010
f 1005 1010 1006
f 1006 1010 1011
f 1006 1011 1007
f 1007 1011 1008
f 1007 1008 1004
f 1004 1008 288
f 1004 288 287
f 1012 293 291
f 755 936 937
f 937 936 1013
f 937 1013 1009
f 1009 1013 1014
f 1009 1014 1010
f 1010 1014 1015
f 1010 1015 1011
f 1011 1015 1012
f 1011 1012 1008
f 1008 1012 291
f 1008 291 290
f 1016 296 294
f 754 935 936
f 936 935 1017
f 936 1017 1013
f 1013 1017 1018
f 1013 1018 1014
f 1014 1018 1019
f 1014 1019 1015
f 1015 1019 1016
f 1015 1016 1012
f 1012 1016 294
f 1012 294 293
f 1020 299 297
f 758 934 935
f 935 934 1021
f 935 1021 1017
f 1017 1021 1022
f 1017 1022 1018
f 1018 1022 1023
f 1018 1023 1019
f 1019 1023 1020
f 1019 1020 1016
f 1016 1020 297
f 1016 297 296
f 1024 302 300
f 757 933 934
f 934 933 1025
f 934 1025 1021
f 1021 1025 1026
f 1021 1026 1022
f 1022 1026 1027
f 1022 1027 1023
f 1023 1027 1024
f 1023 1024 1020
f 1020 1024 300
f 1020 300 299
f 1028 268 303
f 756 932 933
f 933 932 1029
f 933 1029 1025
f 1025 1029 1030
f 1025 1030 1026
f 1026 1030 1031
f 1026 1031 1027
f 1027 1031 1028
f 1027 1028 1024
f 1024 1028 303
f 1024 303 302
f 1032 511 269
f 699 931 932
f 932 931 1033
f 932 1033 1029
f 1029 1033 1034
f 1029 1034 1030
f 1030 1034 1035
f 1030 1035 1031
f 1031 1035 1032
f 1031 1032 1028
f 1028 1032 269
f 1028 269 268
f 308 306 1036
f 1036 306 305
f 698 930 931
f 931 930 1037
f 931 1037 1033
f 1033 1037 1038
f 1033 1038 1034
f 1034 1038 1039
f 1034 1039 1035
f 1035 1039 1036
f 1035 1036 1032
f 1032 1036 305
f 1032 305 511
f 713 929 930
f 930 929 1040
f 930 1040 1037
f 1037 1040 1041
f 1037 1041 1038
f 1038 1041 1042
f 1038 1042 1039
f 1039 1042 903
f 1039 903 1036
f 1036 903 309
f 1036 309 308
f 715 928 929
f 929 928 1043
f 929 1043 1040
f 1040 1043 1044
f 1040 1044 1041
f 1041 1044 1045
f 1041 1045 1042
f 1042 1045 902
f 1042 902 903
f 903 902 312
f 903 312 311
f 716 927 928
f 928 927 1046
f 928 1046 1043
f 1043 1046 1047
f 1043 1047 1044
f 1044 1047 1048
f 1044 1048 1045
f 1045 1048 901
f 1045 901 902
f 902 901 315
f 902 315 314
f 718 926 927
f 927 926 1049
f 927 1049 1046
f 1046 1049 1050
f 1046 1050 1047
f 1047 1050 1051
f 1047 1051 1048
f 1048 1051 900
f 1048 900 901
f 901 900 318
f 901 318 317
f 719 1052 926
f 926 1052 1053
f 926 1053 1049
f 1049 1053 1054
f 1049 1054 1050
f 1050 1054 1055
f 1050 1055 1051
f 1051 1055 899
f 1051 899 900
f 900 899 321
f 900 321 320
f 1052 1056 1053
f 1053 1056 1057
f 1053 1057 1054
f 1054 1057 1058
f 1054 1058 1055
f 1055 1058 898
f 1055 898 899
f 899 898 324
f 899 324 323
f 1056 1059 1057
f 1057 1059 1060
f 1057 1060 1058
f 1058 1060 897
f 1058 897 898
f 898 897 327
f 898 327 326
f 1059 974 1060
f 1060 974 976
f 1060 976 897
f 897 976 330
f 897 330 329
f 338 336 1061
f 1061 336 975
f 1061 975 1062
f 1062 975 974
f 1062 974 1063
f 1063 974 1059
f 1063 1059 1064
f 1064 1059 1056
f 1064 1056 1065
f 1065 1056 1052
f 1065 1052 721
f 721 1052 719
f 336 335 975
f 975 335 333
f 975 333 976
f 976 333 332
f 976 332 330
f 339 338 896
f 896 338 1061
f 896 1061 1066
f 1066 1061 1062
f 1066 1062 1067
f 1067 1062 1063
f 1067 1063 1068
f 1068 1063 1064
f 1068 1064 1069
f 1069 1064 1065
f 1069 1065 722
f 722 1065 721
f 342 341 895
f 895 341 896
f 895 896 1070
f 1070 896 1066
f 1070 1066 1071
f 1071 1066 1067
f 1071 1067 1072
f 1072 1067 1068
f 1072 1068 1073
f 1073 1068 1069
f 1073 1069 724
f 724 1069 722
f 345 344 973
f 973 344 895
f 973 895 972
f 972 895 1070
f 972 1070 971
f 971 1070 1071
f 971 1071 970
f 970 1071 1072
f 970 1072 969
f 969 1072 1073
f 969 1073 738
f 738 1073 724
f 745 924 925
f 925 924 1074
f 925 1074 949
f 949 1074 1075
f 949 1075 955
f 955 1075 1076
f 955 1076 963
f 963 1076 1077
f 963 1077 973
f 973 1077 347
f 973 347 345
f 1078 262 266
f 265 350 1077
f 1077 350 348
f 1077 348 347
f 761 923 924
f 924 923 1079
f 924 1079 1074
f 1074 1079 1080
f 1074 1080 1075
f 1075 1080 1081
f 1075 1081 1076
f 1076 1081 1078
f 1076 1078 1077
f 1077 1078 266
f 1077 266 265
f 1082 259 263
f 760 922 923
f 923 922 1083
f 923 1083 1079
f 1079 1083 1084
f 1079 1084 1080
f 1080 1084 1085
f 1080 1085 1081
f 1081 1085 1082
f 1081 1082 1078
f 1078 1082 263
f 1078 263 262
f 1086 256 260
f 764 921 922
f 922 921 1087
f 922 1087 1083
f 1083 1087 1088
f 1083 1088 1084
f 1084 1088 1089
f 1084 1089 1085
f 1085 1089 1086
f 1085 1086 1082
f 1082 1086 260
f 1082 260 259
f 1090 351 257
f 763 920 921
f 921 920 1091
f 921 1091 1087
f 1087 1091 1092
f 1087 1092 1088
f 1088 1092 1093
f 1088 1093 1089
f 1089 1093 1090
f 1089 1090 1086
f 1086 1090 257
f 1086 257 256
f 1094 353 352
f 767 919 920
f 920 919 1095
f 920 1095 1091
f 1091 1095 1096
f 1091 1096 1092
f 1092 1096 1097
f 1092 1097 1093
f 1093 1097 1094
f 1093 1094 1090
f 1090 1094 352
f 1090 352 351
f 1098 355 354
f 766 918 919
f 919 918 1099
f 919 1099 1095
f 1095 1099 1100
f 1095 1100 1096
f 1096 1100 1101
f 1096 1101 1097
f 1097 1101 1098
f 1097 1098 1094
f 1094 1098 354
f 1094 354 353
f 1102 358 356
f 765 917 918
f 918 917 1103
f 918 1103 1099
f 1099 1103 1104
f 1099 1104 1100
f 1100 1104 1105
f 1100 1105 1101
f 1101 1105 1102
f 1101 1102 1098
f 1098 1102 356
f 1098 356 355
f 1106 361 359
f 725 916 917
f 917 916 1107
f 917 1107 1103
f 1103 1107 1108
f 1103 1108 1104
f 1104 1108 1109
f 1104 1109 1105
f 1105 1109 1106
f 1105 1106 1102
f 1102 1106 359
f 1102 359 358
f 1110 364 362
f 749 915 916
f 916 915 1111
f 916 1111 1107
f 1107 1111 1112
f 1107 1112 1108
f 1108 1112 1113
f 1108 1113 1109
f 1109 1113 1110
f 1109 1110 1106
f 1106 1110 362
f 1106 362 361
f 1114 367 365
f 748 914 915
f 915 914 1115
f 915 1115 1111
f 1111 1115 1116
f 1111 1116 1112
f 1112 1116 1117
f 1112 1117 1113
f 1113 1117 1114
f 1113 1114 1110
f 1110 1114 365
f 1110 365 364
f 1118 370 368
f 752 913 914
f 914 913 1119
f 914 1119 1115
f 1115 1119 1120
f 1115 1120 1116
f 1116 1120 1121
f 1116 1121 1117
f 1117 1121 1118
f 1117 1118 1114
f 1114 1118 368
f 1114 368 367
f 1122 373 371
f 751 912 913
f 913 912 1123
f 913 1123 1119
f 1119 1123 1124
f 1119 1124 1120
f 1120 1124 1125
f 1120 1125 1121
f 1121 1125 1122
f 1121 1122 1118
f 1118 1122 371
f 1118 371 370
f 1126 376 374
f 750 911 912
f 912 911 1127
f 912 1127 1123
f 1123 1127 1128
f 1123 1128 1124
f 1124 1128 1129
f 1124 1129 1125
f 1125 1129 1126
f 1125 1126 1122
f 1122 1126 374
f 1122 374 373
f 1130 253 377
f 729 910 911
f 911 910 1131
f 911 1131 1127
f 1127 1131 1132
f 1127 1132 1128
f 1128 1132 1133
f 1128 1133 1129
f 1129 1133 1130
f 1129 1130 1126
f 1126 1130 377
f 1126 377 376
f 379 631 1134
f 1134 631 254
f 728 909 910
f 910 909 1135
f 910 1135 1131
f 1131 1135 1136
f 1131 1136 1132
f 1132 1136 1137
f 1132 1137 1133
f 1133 1137 1134
f 1133 1134 1130
f 1130 1134 254
f 1130 254 253
f 770 908 909
f 909 908 1138
f 909 1138 1135
f 1135 1138 1139
f 1135 1139 1136
f 1136 1139 1140
f 1136 1140 1137
f 1137 1140 894
f 1137 894 1134
f 1134 894 380
f 1134 380 379
f 769 907 908
f 908 907 1141
f 908 1141 1138
f 1138 1141 1142
f 1138 1142 1139
f 1139 1142 1143
f 1139 1143 1140
f 1140 1143 893
f 1140 893 894
f 894 893 383
f 894 383 382
f 773 906 907
f 907 906 1144
f 907 1144 1141
f 1141 1144 1145
f 1141 1145 1142
f 1142 1145 1146
f 1142 1146 1143
f 1143 1146 892
f 1143 892 893
f 893 892 386
f 893 386 385
f 772 905 906
f 906 905 1147
f 906 1147 1144
f 1144 1147 1148
f 1144 1148 1145
f 1145 1148 1149
f 1145 1149 1146
f 1146 1149 891
f 1146 891 892
f 892 891 389
f 892 389 388
f 776 904 905
f 905 904 1150
f 905 1150 1147
f 1147 1150 1151
f 1147 1151 1148
f 1148 1151 1152
f 1148 1152 1149
f 1149 1152 890
f 1149 890 891
f 891 890 392
f 891 392 391
f 775 1153 904
f 904 1153 1154
f 904 1154 1150
f 1150 1154 1155
f 1150 1155 1151
f 1151 1155 1156
f 1151 1156 1152
f 1152 1156 889
f 1152 889 890
f 890 889 395
f 890 395 394
f 1153 1157 1154
f 1154 1157 1158
f 1154 1158 1155
f 1155 1158 1159
f 1155 1159 1156
f 1156 1159 888
f 1156 888 889
f 889 888 398
f 889 398 397
f 1157 1160 1158
f 1158 1160 1161
f 1158 1161 1159
f 1159 1161 887
f 1159 887 888
f 888 887 401
f 888 401 400
f 1160 977 1161
f 1161 977 979
f 1161 979 887
f 887 979 404
f 887 404 403
f 412 410 1162
f 1162 410 978
f 1162 978 1163
f 1163 978 977
f 1163 977 1164
f 1164 977 1160
f 1164 1160 1165
f 1165 1160 1157
f 1165 1157 1166
f 1166 1157 1153
f 1166 1153 779
f 779 1153 775
f 410 409 978
f 978 409 407
f 978 407 979
f 979 407 406
f 979 406 404
f 413 412 886
f 886 412 1162
f 886 1162 1167
f 1167 1162 1163
f 1167 1163 1168
f 1168 1163 1164
f 1168 1164 1169
f 1169 1164 1165
f 1169 1165 1170
f 1170 1165 1166
f 1170 1166 778
f 778 1166 779
f 416 415 885
f 885 415 886
f 885 886 1171
f 1171 886 1167
f 1171 1167 1172
f 1172 1167 1168
f 1172 1168 1173
f 1173 1168 1169
f 1173 1169 1174
f 1174 1169 1170
f 1174 1170 777
f 777 1170 778
f 250 418 884
f 884 418 885
f 884 885 1175
f 1175 885 1171
f 1175 1171 1176
f 1176 1171 1172
f 1176 1172 1177
f 1177 1172 1173
f 1177 1173 1178
f 1178 1173 1174
f 1178 1174 733
f 733 1174 777
f 453 251 968
f 968 251 884
f 968 884 967
f 967 884 1175
f 967 1175 966
f 966 1175 1176
f 966 1176 965
f 965 1176 1177
f 965 1177 964
f 964 1177 1178
f 964 1178 732
f 732 1178 733
f 242 1179 1180
f 242 241 1179
f 1179 241 239
f 1179 239 1181
f 239 238 1181
f 1181 238 236
f 1181 236 1182
f 236 235 1182
f 1182 235 233
f 1182 233 1183
f 1183 233 232
f 1183 232 1184
f 232 230 1184
f 1184 230 229
f 1184 229 1185
f 229 227 1185
f 1185 227 226
f 1185 226 1186
f 226 224 1186
f 1186 224 223
f 1186 223 1187
f 223 221 1187
f 1187 221 220
f 1187 220 1188
f 220 218 1188
f 1188 218 217
f 1188 217 1189
f 217 215 1189
f 1189 215 214
f 1189 214 1190
f 214 212 1190
f 1190 212 211
f 1190 211 1191
f 211 209 1191
f 1191 209 208
f 1191 208 1192
f 208 502 1192
f 1192 502 514
f 1192 514 1193
f 514 513 1193
f 1193 513 512
f 1193 512 1194
f 1194 512 504
f 504 503 1194
f 1194 503 206
f 1194 206 1195
f 206 205 1195
f 1195 205 203
f 1195 203 1196
f 203 202 1196
f 1196 202 200
f 1196 200 1197
f 200 199 1197
f 1197 199 197
f 1197 197 1198
f 197 196 1198
f 1198 196 194
f 1198 194 1199
f 194 193 1199
f 1199 193 191
f 1199 191 1200
f 191 190 1200
f 1200 190 188
f 1200 188 1201
f 188 187 1201
f 1201 187 185
f 1201 185 1202
f 185 184 1202
f 1202 184 182
f 1202 182 1203
f 182 181 1203
f 1203 181 179
f 1203 179 1204
f 179 178 1204
f 1204 178 176
f 1204 176 1205
f 176 175 1205
f 1205 175 173
f 1205 173 1206
f 173 172 1206
f 1206 172 170
f 1206 170 1207
f 166 1208 167
f 167 1208 1207
f 167 1207 169
f 169 1207 170
f 166 571 1208
f 1208 571 164
f 1208 164 1209
f 164 163 1209
f 1209 163 161
f 1209 161 1210
f 161 160 1210
f 1210 160 158
f 1210 158 1211
f 158 157 1211
f 1211 157 155
f 1211 155 1212
f 155 154 1212
f 1212 154 152
f 1212 152 1213
f 1213 152 151
f 1213 151 1214
f 151 149 1214
f 1214 149 148
f 1214 148 1215
f 148 146 1215
f 1215 146 145
f 1215 145 1216
f 145 143 1216
f 1216 143 142
f 1216 142 1217
f 142 140 1217
f 1217 140 139
f 1217 139 1218
f 139 137 1218
f 1218 137 136
f 1218 136 1219
f 136 134 1219
f 1219 134 133
f 1219 133 1220
f 133 131 1220
f 1220 131 130
f 1220 130 1221
f 130 128 1221
f 1221 128 127
f 1221 127 1222
f 127 622 1222
f 1222 622 634
f 1222 634 1223
f 1223 634 633
f 633 632 1223
f 1223 632 624
f 1223 624 1224
f 624 623 1224
f 1224 623 125
f 1224 125 1225
f 125 124 1225
f 1225 124 122
f 1225 122 1226
f 122 121 1226
f 1226 121 119
f 1226 119 1227
f 119 118 1227
f 1227 118 116
f 1227 116 1228
f 116 115 1228
f 1228 115 113
f 1228 113 1229
f 113 112 1229
f 1229 112 110
f 1229 110 1230
f 110 109 1230
f 1230 109 107
f 1230 107 1231
f 107 106 1231
f 1231 106 104
f 1231 104 1232
f 104 103 1232
f 1232 103 101
f 1232 101 1233
f 101 100 1233
f 1233 100 98
f 1233 98 1234
f 98 97 1234
f 1234 97 95
f 1234 95 1235
f 95 94 1235
f 1235 94 92
f 1235 92 1236
f 92 91 1236
f 1236 91 89
f 1236 89 1237
f 89 88 1237
f 1237 88 687
f 1237 687 1180
f 1180 687 460
f 1180 460 242
f 1180 1238 1237
f 1237 1238 1239
f 1237 1239 1236
f 1236 1239 1240
f 1236 1240 1235
f 1235 1240 1241
f 1235 1241 1234
f 1234 1241 1242
f 1234 1242 1233
f 1233 1242 1243
f 1233 1243 1232
f 1232 1243 1244
f 1232 1244 1231
f 1231 1244 1245
f 1231 1245 1230
f 1230 1245 1246
f 1230 1246 1229
f 1229 1246 1247
f 1229 1247 1228
f 1228 1247 1248
f 1228 1248 1227
f 1227 1248 1249
f 1227 1249 1226
f 1226 1249 1250
f 1226 1250 1225
f 1225 1250 1251
f 1225 1251 1224
f 1224 1251 1252
f 1224 1252 1223
f 1223 1252 1253
f 1223 1253 1222
f 1222 1253 1254
f 1222 1254 1221
f 1221 1254 1255
f 1221 1255 1220
f 1220 1255 1256
f 1220 1256 1219
f 1219 1256 1257
f 1219 1257 1218
f 1218 1257 1258
f 1218 1258 1217
f 1217 1258 1259
f 1217 1259 1216
f 1216 1259 1260
f 1216 1260 1215
f 1215 1260 1261
f 1215 1261 1214
f 1214 1261 1262
f 1214 1262 1213
f 1213 1262 1263
f 1213 1263 1212
f 1212 1263 1264
f 1212 1264 1211
f 1211 1264 1265
f 1211 1265 1210
f 1210 1265 1266
f 1210 1266 1209
f 1209 1266 1267
f 1209 1267 1208
f 1208 1267 1268
f 1208 1268 1207
f 1207 1268 1269
f 1207 1269 1206
f 1206 1269 1270
f 1206 1270 1205
f 1205 1270 1271
f 1205 1271 1204
f 1204 1271 1272
f 1204 1272 1203
f 1203 1272 1273
f 1203 1273 1202
f 1202 1273 1274
f 1202 1274 1201
f 1201 1274 1275
f 1201 1275 1200
f 1200 1275 1276
f 1200 1276 1199
f 1199 1276 1277
f 1199 1277 1198
f 1198 1277 1278
f 1198 1278 1197
f 1197 1278 1279
f 1197 1279 1196
f 1196 1279 1280
f 1196 1280 1195
f 1195 1280 1281
f 1195 1281 1194
f 1194 1281 1282
f 1194 1282 1193
f 1193 1282 1283
f 1193 1283 1192
f 1192 1283 1284
f 1192 1284 1191
f 1191 1284 1285
f 1191 1285 1190
f 1190 1285 1286
f 1190 1286 1189
f 1189 1286 1287
f 1189 1287 1188
f 1188 1287 1288
f 1188 1288 1187
f 1187 1288 1289
f 1187 1289 1186
f 1186 1289 1290
f 1186 1290 1185
f 1185 1290 1291
f 1185 1291 1184
f 1184 1291 1292
f 1184 1292 1183
f 1183 1292 1293
f 1183 1293 1182
f 1182 1293 1294
f 1182 1294 1181
f 1181 1294 1295
f 1181 1295 1179
f 1179 1295 1296
f 1179 1296 1180
f 1180 1296 1238
f 1296 1297 1238
f 1238 1297 1298
f 1238 1298 1239
f 1239 1298 1299
f 1239 1299 1240
f 1240 1299 1300
f 1240 1300 1241
f 1241 1300 1301
f 1241 1301 1242
f 1242 1301 1302
f 1242 1302 1243
f 1243 1302 1303
f 1243 1303 1244
f 1244 1303 1304
f 1244 1304 1245
f 1245 1304 1305
f 1245 1305 1246
f 1246 1305 1306
f 1246 1306 1247
f 1247 1306 1307
f 1247 1307 1248
f 1248 1307 1308
f 1248 1308 1249
f 1249 1308 1309
f 1249 1309 1250
f 1250 1309 1310
f 1250 1310 1251
f 1251 1310 1311
f 1251 1311 1252
f 1252 1311 1312
f 1252 1312 1253
f 1253 1312 1313
f 1253 1313 1254
f 1254 1313 1314
f 1254 1314 1255
f 1255 1314 1315
f 1255 1315 1256
f 1256 1315 1316
f 1256 1316 1257
f 1257 1316 1317
f 1257 1317 1258
f 1258 1317 1318
f 1258 1318 1259
f 1259 1318 1319
f 1259 1319 1260
f 1260 1319 1320
f 1260 1320 1261
f 1261 1320 1321
f 1261 1321 1262
f 1262 1321 1322
f 1262 1322 1263
f 1263 1322 1323
f 1263 1323 1264
f 1264 1323 1324
f 1264 1324 1265
f 1265 1324 1325
f 1265 1325 1266
f 1266 1325 1326
f 1266 1326 1267
f 1267 1326 1327
f 1267 1327 1268
f 1268 1327 1328
f 1268 1328 1269
f 1269 1328 1329
f 1269 1329 1270
f 1270 1329 1330
f 1270 1330 1271
f 1271 1330 1331
f 1271 1331 1272
f 1272 1331 1332
f 1272 1332 1273
f 1273 1332 1333
f 1273 1333 1274
f 1274 1333 1334
f 1274 1334 1275
f 1275 1334 1335
f 1275 1335 1276
f 1276 1335 1336
f 1276 1336 1277
f 1277 1336 1337
f 1277 1337 1278
f 1278 1337 1338
f 1278 1338 1279
f 1279 1338 1339
f 1279 1339 1280
f 1280 1339 1340
f 1280 1340 1281
f 1281 1340 1341
f 1281 1341 1282
f 1282 1341 1342
f 1282 1342 1283
f 1283 1342 1343
f 1283 1343 1284
f 1284 1343 1344
f 1284 1344 1285
f 1285 1344 1345
f 1285 1345 1286
f 1286 1345 1346
f 1286 1346 1287
f 1287 1346 1347
f 1287 1347 1288
f 1288 1347 1348
f 1288 1348 1289
f 1289 1348 1349
f 1289 1349 1290
f 1290 1349 1350
f 1290 1350 1291
f 1291 1350 1351
f 1291 1351 1292
f 1292 1351 1352
f 1292 1352 1293
f 1293 1352 1353
f 1293 1353 1294
f 1294 1353 1354
f 1294 1354 1295
f 1295 1354 1355
f 1295 1355 1296
f 1296 1355 1297
f 1355 1356 1297
f 1297 1356 1357
f 1297 1357 1298
f 1298 1357 1358
f 1298 1358 1299
f 1299 1358 1359
f 1299 1359 1300
f 1300 1359 1360
f 1300 1360 1301
f 1301 1360 1361
f 1301 1361 1302
f 1302 1361 1362
f 1302 1362 1303
f 1303 1362 1363
f 1303 1363 1304
f 1304 1363 1364
f 1304 1364 1305
f 1305 1364 1365
f 1305 1365 1306
f 1306 1365 1366
f 1306 1366 1307
f 1307 1366 1367
f 1307 1367 1308
f 1308 1367 1368
f 1308 1368 1309
f 1309 1368 1369
f 1309 1369 1310
f 1310 1369 1370
f 1310 1370 1311
f 1311 1370 1371
f 1311 1371 1312
f 1312 1371 1372
f 1312 1372 1313
f 1313 1372 1373
f 1313 1373 1314
f 1314 1373 1374
f 1314 1374 1315
f 1315 1374 1375
f 1315 1375 1316
f 1316 1375 1376
f 1316 1376 1317
f 1317 1376 1377
f 1317 1377 1318
f 1318 1377 1378
f 1318 1378 1319
f 1319 1378 1379
f 1319 1379 1320
f 1320 1379 1380
f 1320 1380 1321
f 1321 1380 1381
f 1321 1381 1322
f 1322 1381 1382
f 1322 1382 1323
f 1323 1382 1383
f 1323 1383 1324
f 1324 1383 1384
f 1324 1384 1325
f 1325 1384 1385
f 1325 1385 1326
f 1326 1385 1386
f 1326 1386 1327
f 1327 1386 1387
f 1327 1387 1328
f 1328 1387 1388
f 1328 1388 1329
f 1329 1388 1389
f 1329 1389 1330
f 1330 1389 1390
f 1330 1390 1331
f 1331 1390 1391
f 1331 1391 1332
f 1332 1391 1392
f 1332 1392 1333
f 1333 1392 1393
f 1333 1393 1334
f 1334 1393 1394
f 1334 1394 1335
f 1335 1394 1395
f 1335 1395 1336
f 1336 1395 1396
f 1336 1396 1337
f 1337 1396 1397
f 1337 1397 1338
f 1338 1397 1398
f 1338 1398 1339
f 1339 1398 1399
f 1339 1399 1340
f 1340 1399 1400
f 1340 1400 1341
f 1341 1400 1401
f 1341 1401 1342
f 1342 1401 1402
f 1342 1402 1343
f 1343 1402 1403
f 1343 1403 1344
f 1344 1403 1404
f 1344 1404 1345
f 1345 1404 1405
f 1345 1405 1346
f 1346 1405 1406
f 1346 1406 1347
f 1347 1406 1407
f 1347 1407 1348
f 1348 1407 1408
f 1348 1408 1349
f 1349 1408 1409
f 1349 1409 1350
f 1350 1409 1410
f 1350 1410 1351
f 1351 1410 1411
f 1351 1411 1352
f 1352 1411 1412
f 1352 1412 1353
f 1353 1412 1413
f 1353 1413 1354
f 1354 1413 1414
f 1354 1414 1355
f 1355 1414 1356
f 1414 1415 1356
f 1356 1415 1416
f 1356 1416 1357
f 1357 1416 1417
f 1357 1417 1358
f 1358 1417 1418
f 1358 1418 1359
f 1359 1418 1419
f 1359 1419 1360
f 1360 1419 1420
f 1360 1420 1361
f 1361 1420 1421
f 1361 1421 1362
f 1362 1421 1422
f 1362 1422 1363
f 1363 1422 1423
f 1363 1423 1364
f 1364 1423 1424
f 1364 1424 1365
f 1365 1424 1425
f 1365 1425 1366
f 1366 1425 1426
f 1366 1426 1367
f 1367 1426 1427
f 1367 1427 1368
f 1368 1427 1428
f 1368 1428 1369
f 1369 1428 1429
f 1369 1429 1370
f 1370 1429 1430
f 1370 1430 1371
f 1371 1430 1431
f 1371 1431 1372
f 1372 1431 1432
f 1372 1432 1373
f 1373 1432 1433
f 1373 1433 1374
f 1374 1433 1434
f 1374 1434 1375
f 1375 1434 1435
f 1375 1435 1376
f 1376 1435 1436
f 1376 1436 1377
f 1377 1436 1437
f 1377 1437 1378
f 1378 1437 1438
f 1378 1438 1379
f 1379 1438 1439
f 1379 1439 1380
f 1380 1439 1440
f 1380 1440 1381
f 1381 1440 1441
f 1381 1441 1382
f 1382 1441 1442
f 1382 1442 1383
f 1383 1442 1443
f 1383 1443 1384
f 1384 1443 1444
f 1384 1444 1385
f 1385 1444 1445
f 1385 1445 1386
f 1386 1445 1446
f 1386 1446 1387
f 1387 1446 1447
f 1387 1447 1388
f 1388 1447 1448
f 1388 1448 1389
f 1389 1448 1449
f 1389 1449 1390
f 1390 1449 1450
f 1390 1450 1391
f 1391 1450 1451
f 1391 1451 1392
f 1392 1451 1452
f 1392 1452 1393
f 1393 1452 1453
f 1393 1453 1394
f 1394 1453 1454
f 1394 1454 1395
f 1395 1454 1455
f 1395 1455 1396
f 1396 1455 1456
f 1396 1456 1397
f 1397 1456 1457
f 1397 1457 1398
f 1398 1457 1458
f 1398 1458 1399
f 1399 1458 1459
f 1399 1459 1400
f 1400 1459 1460
f 1400 1460 1401
f 1401 1460 1461
f 1401 1461 1402
f 1402 1461 1462
f 1402 1462 1403
f 1403 1462 1463
f 1403 1463 1404
f 1404 1463 1464
f 1404 1464 1405
f 1405 1464 1465
f 1405 1465 1406
f 1406 1465 1466
f 1406 1466 1407
f 1407 1466 1467
f 1407 1467 1408
f 1408 1467 1468
f 1408 1468 1409
f 1409 1468 1469
f 1409 1469 1410
f 1410 1469 1470
f 1410 1470 1411
f 1411 1470 1471
f 1411 1471 1412
f 1412 1471 1472
f 1412 1472 1413
f 1413 1472 1473
f 1413 1473 1414
f 1414 1473 1415
f 1473 27 1415
f 1415 27 75
f 1415 75 1416
f 1416 75 74
f 1416 74 1417
f 1417 74 78
f 1417 78 1418
f 1418 78 77
f 1418 77 1419
f 1419 77 76
f 1419 76 1420
f 1420 76 58
f 1420 58 1421
f 1421 58 57
f 1421 57 1422
f 1422 57 61
f 1422 61 1423
f 1423 61 63
f 1423 63 1424
f 1424 63 84
f 1424 84 1425
f 1425 84 83
f 1425 83 1426
f 1426 83 87
f 1426 87 1427
f 1427 87 86
f 1427 86 1428
f 1428 86 85
f 1428 85 1429
f 1429 85 80
f 1429 80 1430
f 1430 80 79
f 1430 79 1431
f 1431 79 65
f 1431 65 1432
f 1432 65 64
f 1432 64 1433
f 1433 64 30
f 1433 30 1434
f 1434 30 35
f 1434 35 1435
f 1435 35 34
f 1435 34 1436
f 1436 34 33
f 1436 33 1437
f 1437 33 9
f 1437 9 1438
f 1438 9 8
f 1438 8 1439
f 1439 8 12
f 1439 12 1440
f 1440 12 14
f 1440 14 1441
f 1441 14 53
f 1441 53 1442
f 1442 53 52
f 1442 52 1443
f 1443 52 51
f 1443 51 1444
f 1444 51 37
f 1444 37 1445
f 1445 37 36
f 1445 36 1446
f 1446 36 23
f 1446 23 1447
f 1447 23 41
f 1447 41 1448
f 1448 41 40
f 1448 40 1449
f 1449 40 44
f 1449 44 1450
f 1450 44 43
f 1450 43 1451
f 1451 43 42
f 1451 42 1452
f 1452 42 25
f 1452 25 1453
f 1453 25 24
f 1453 24 1454
f 1454 24 15
f 1454 15 1455
f 1455 15 20
f 1455 20 1456
f 1456 20 19
f 1456 19 1457
f 1457 19 18
f 1457 18 1458
f 1458 18 2
f 1458 2 1459
f 1459 2 1
f 1459 1 1460
f 1460 1 5
f 1460 5 1461
f 1461 5 7
f 1461 7 1462
f 1462 7 67
f 1462 67 1463
f 1463 67 69
f 1463 69 1464
f 1464 69 72
f 1464 72 1465
f 1465 72 71
f 1465 71 1466
f 1466 71 70
f 1466 70 1467
f 1467 70 55
f 1467 55 1468
f 1468 55 54
f 1468 54 1469
f 1469 54 47
f 1469 47 1470
f 1470 47 50
f 1470 50 1471
f 1471 50 49
f 1471 49 1472
f 1472 49 48
f 1472 48 1473
f 1473 48 27
f 1474 1475 1476
f 1476 1475 1477
f 1476 1477 1478
f 1478 1477 1479
f 1478 1479 1480
f 1480 1479 1481
f 1480 1481 1482
f 1482 1481 1483
f 1482 1483 1484
f 1484 1483 1485
f 1484 1485 1486
f 1486 1485 1487
f 1486 1487 1488
f 1488 1487 1489
f 1488 1489 1490
f 1490 1489 1491
f 1490 1491 1492
f 1492 1491 1493
f 1492 1493 1494
f 1494 1493 1495
f 1494 1495 1496
f 1496 1495 1497
f 1496 1497 1498
f 1498 1497 1499
f 1498 1499 1500
f 1500 1499 1501
f 1500 1501 1502
f 1502 1501 1503
f 1502 1503 1504
f 1504 1503 1505
f 1504 1505 1506
f 1506 1505 1507
f 1506 1507 1508
f 1508 1507 1509
f 1508 1509 1510
f 1510 1509 1511
f 1510 1511 1512
f 1512 1511 1513
f 1512 1513 1514
f 1514 1513 1515
f 1514 1515 1516
f 1516 1515 1517
f 1516 1517 1518
f 1518 1517 1519
f 1518 1519 1520
f 1520 1519 1521
f 1520 1521 1474
f 1474 1521 1475
f 1501 1499 1522
f 1522 1499 1497
f 1522 1497 1495
f 1507 1505 1522
f 1522 1505 1503
f 1522 1503 1501
f 1513 1511 1522
f 1522 1511 1509
f 1522 1509 1507
f 1519 1517 1522
f 1522 1517 1515
f 1522 1515 1513
f 1477 1475 1522
f 1522 1475 1521
f 1522 1521 1519
f 1483 1481 1522
f 1522 1481 1479
f 1522 1479 1477
f 1489 1487 1522
f 1522 1487 1485
f 1522 1485 1483
f 1495 1493 1522
f 1522 1493 1491
f 1522 1491 1489
f 1494 1496 1523
f 1523 1496 1498
f 1523 1498 1500
f 1488 1490 1523
f 1523 1490 1492
f 1523 1492 1494
f 1482 1484 1523
f 1523 1484 1486
f 1523 1486 1488
f 1476 1478 1523
f 1523 1478 1480
f 1523 1480 1482
f 1518 1520 1523
f 1523 1520 1474
f 1523 1474 1476
f 1512 1514 1523
f 1523 1514 1516
f 1523 1516 1518
f 1506 1508 1523
f 1523 1508 1510
f 1523 1510 1512
f 1500 1502 1523
f 1523 1502 1504
f 1523 1504 1506
