v -0.00235353758 0.00112878689 0.0121490873
v -0.00172041705 0.00172048219 0.0121858038
v -0.00386427691 0.00322400936 0.00895165575
v -0.00322400382 0.00386434206 0.00895165575
v -0.00678049376 0.00200402149 0.00744771135
v -0.00740073969 0.00211697229 0.00679766309
v -0.00920664122 -0.0013169705 0.00824116838
v -0.0118209009 0.00129728922 0.00360511911
v -0.0116543656 0.000739151323 0.00424777639
v -0.00846515944 0.00340079674 0.00471543443
v -0.00826631834 0.00283473142 0.00539361608
v -0.00302063277 0.000585430944 0.0120394148
v -0.00457941344 0.00269305118 0.00878845823
v -0.00371383479 9.67920659e-05 0.0118579782
v -0.00442515662 -0.000331407702 0.0116069235
v -0.00533078959 0.00230001816 0.00847064626
v -0.0051461344 -0.00069416157 0.0112893499
v -0.0086020117 -0.00140649668 0.00885664594
v -0.00795828154 -0.00141794077 0.00943767202
v -0.00607787421 0.00206612953 0.0080156244
v -0.0114127283 0.000233823144 0.00490998399
v -0.0110989695 -0.000212615645 0.00558411253
v -0.00790499499 0.00239896187 0.00610040796
v -0.00802611163 0.00555079588 0.00319837701
v -0.00756095698 0.00628905901 0.00295614374
v -0.0104070788 0.00679003605 -1.16907352e-05
v -0.00112878134 0.00235354313 0.0121490873
v -0.0005854254 0.00302063831 0.0120394148
v -0.00269304564 0.00457941898 0.00878845823
v -0.0072827225 -0.00135118357 0.00997745168
v -0.00658332159 -0.00120705954 0.010469786
v -0.00586830428 -0.000987178004 0.0109088339
v -0.0107165461 -0.000594979441 0.00626217496
v -0.0102701073 -0.000908797896 0.0069363035
v -0.00976477911 -0.00115043513 0.00759863031
v -0.0119104271 0.00190185913 0.00298964155
v -0.00849078944 0.00406669983 0.00410234106
v -0.0119218712 0.0025457085 0.00240861547
v -0.0108352785 0.00607877382 0.000239364029
v -0.0111980324 0.00535779604 0.000556937576
v -0.00834177782 0.0047964991 0.00358735693
v -0.00748323252 0.00991850504 -0.000193008065
v -0.00815032771 0.00937514909 -0.00030279982
v -0.00628899386 0.00756102213 0.00295614374
v -0.00697134783 0.00697135338 0.00287400854
v -0.0067900305 0.0104071439 -1.16907352e-05
v -0.00555084994 0.00802611717 0.00319837701
v -0.00607882788 0.0108353437 0.000239364029
v -0.0053578501 0.0111980976 0.000556937576
v -0.00479649355 0.00834172376 0.00358735693
v -0.00463556101 0.011491114 0.000937572837
v -9.67865223e-05 0.00371389993 0.0118579782
v 0.000331413246 0.00442516216 0.0116069235
v -0.00230001261 0.00533079513 0.00847064626
v -0.00878344824 0.00878345379 -0.000339516282
v -0.00937520316 0.00815033325 -0.00030279982
v -0.00991843989 0.00748329767 -0.000193008065
v 0.00115038106 0.00976478466 0.00759863031
v 0.000908863044 0.0102701128 0.0069363035
v -0.00211702635 0.00740068563 0.00679766309
v -0.00239895632 0.00790506014 0.00610040796
v 0.00131691644 0.00920658716 0.00824116838
v -0.00200401595 0.0067804993 0.00744771135
v 0.00140644262 0.00860207685 0.00885664594
v 0.00141800592 0.00795822748 0.00943767202
v -0.00206612399 0.00607793936 0.0080156244
v 0.00135124872 0.00728266844 0.00997745168
v 0.000694167114 0.00514613994 0.0112893499
v 0.000987183548 0.00586830982 0.0109088339
v 0.00120700548 0.00658326753 0.010469786
v -0.0114910488 0.00463562616 0.000937572837
v -0.01171099 0.00392060884 0.00137650144
v -0.011855114 0.00322126755 0.00186883581
v -0.00406669428 0.00849073538 0.00410234106
v -0.003221262 0.0118551196 0.00186883581
v -0.0039206629 0.0117109955 0.00137650144
v -0.00340079119 0.00846516498 0.00471543443
v -0.00190185358 0.0119104327 0.00298964155
v -0.00254570296 0.0119218768 0.00240861547
v -0.00283466628 0.00826638349 0.00539361608
v -0.000739086174 0.0116543711 0.00424777639
v -0.00129734328 0.0118209065 0.00360511911
v 0.000594984985 0.0107165516 0.00626217496
v 0.000212561584 0.0110989154 0.00558411253
v -0.000233877205 0.0114127339 0.00490998399
v -0.00802050879 0.00939714321 -0.00162673819
v -0.00732063105 0.00996720203 -0.00151170123
v -0.00603364756 0.00875245937 -0.00323046076
v -0.00727068236 0.0100078524 -0.00150347578
v -0.00656937411 0.0105022133 -0.00131989348
v -0.00526212504 0.00930308708 -0.00303471911
v -0.00649141123 0.0105571092 -0.00129950869
v -0.00579844763 0.0109742821 -0.00105501044
v -0.00447033694 0.00978910335 -0.00276351798
v -0.00569199374 0.0110384167 -0.00101745951
v -0.0050165539 0.0113782228 -0.000719793915
v -0.00366686633 0.0102051438 -0.0024199568
v -0.00488160899 0.0114461721 -0.000660427689
v -0.00423215678 0.0117096842 -0.000318177819
v -0.00286041548 0.010546738 -0.00200785029
v -0.00406979372 0.0117754877 -0.000232704758
v -0.00345360091 0.0119650305 0.000145665527
v -0.00206004431 0.0108100713 -0.00153160918
v -0.0032662039 0.0120226682 0.000260821701
v -0.00268958857 0.0121415199 0.000666610122
v -0.00127445509 0.0109922231 -0.000996597886
v -0.00248013785 0.0121846736 0.000814191223
v -0.00194846442 0.0122371853 0.00123893392
v -0.000512111687 0.0110913456 -0.000408419251
v -0.00172077467 0.0122597159 0.00142096651
v -0.00123821547 0.0122511328 0.00185631883
v 0.000218522049 0.0111061872 0.000226131797
v -0.000997055077 0.0122468413 0.00207399499
v -0.000566709542 0.0121830643 0.00251220834
v 0.000909459091 0.0110366882 0.000900379539
v -0.000317562127 0.012146169 0.0027657665
v 5.89008098e-05 0.0120338739 0.00319921148
v 0.00155307005 0.0108836234 0.00160681379
v 0.000309836364 0.0119590104 0.00348805559
v 0.000631701446 0.0118051113 0.00390993726
v 0.00214232156 0.0106486023 0.00233768594
v 0.000877868629 0.0116874517 0.00423239839
v 0.00114549348 0.0114992798 0.00463663709
v 0.00267077634 0.0103341878 0.00308512819
v 0.00243378828 0.00983511814 0.00725447309
v 0.00250865171 0.00958418258 0.0075433172
v 0.00407243917 0.00836413511 0.00607477796
v 0.00262094686 0.00920771965 0.00797676218
v 0.00265778253 0.00895857223 0.00823043954
v 0.00422562311 0.00772052416 0.00678121221
v 0.0027215595 0.00852816709 0.00866853368
v 0.00272585104 0.0082870067 0.00888620985
v 0.00429512212 0.00702964672 0.00745545995
v 0.0027344341 0.0078045071 0.00932168138
v 0.00271190355 0.00757675775 0.00950359476
v 0.00428022096 0.00629901298 0.008090011
v 0.00265945146 0.00704514393 0.00992845666
v 0.0026162977 0.0068356336 0.0100759186
v 0.00418115804 0.00553672918 0.00867807043
v 0.00249744604 0.00625907787 0.0104818262
v 0.00243974874 0.00607162126 0.0105968632
v 0.00399888704 0.00475108036 0.00921320093
v 0.00225020597 0.00545542845 0.0109752334
v 0.00218440244 0.005293125 0.0110607065
v 0.00373555372 0.00395064958 0.00968944204
v 0.00192094991 0.00464367279 0.0114029564
v 0.00185300062 0.00450866827 0.0114624418
v 0.0033940191 0.00314431795 0.0101015486
v 0.00151313493 0.00383328804 0.0117599882
v 0.00144900034 0.00372677454 0.0117975391
v 0.00297797868 0.00234078773 0.0104451097
v 0.00103188703 0.00303381094 0.0120420374
v 0.000976931549 0.00295590767 0.0120624222
v 0.00249196241 0.00154894003 0.0107161917
v 0.000482570625 0.00225459942 0.0122460045
v 0.000441920257 0.00220465072 0.0122542299
v 0.0019413347 0.000777477109 0.0109120525
v -0.000128138565 0.00150477298 0.0123692669
v -0.000150311493 0.00148110994 0.0123706974
v 0.00133217523 3.47436307e-05 0.0110304273
v -0.00150476744 0.000128084504 0.0123692669
v -0.00220464518 -0.000441914714 0.0122542299
v -0.000777471566 -0.00194132916 0.0109120525
v -0.00225459387 -0.000482624686 0.0122460045
v -0.00295590212 -0.00097698561 0.0120624222
v -0.00154899409 -0.00249195687 0.0107161917
v -0.00303374579 -0.00103188149 0.0120420374
v -0.00372670939 -0.0014490544 0.0117975391
v -0.00234078219 -0.00297797314 0.0104451097
v -0.00383328249 -0.00151318899 0.0117599882
v -0.00450872233 -0.00185299507 0.0114624418
v -0.0031442528 -0.00339401356 0.0101015486
v -0.00464366724 -0.00192088476 0.0114029564
v -0.00529311945 -0.0021843969 0.0110607065
v -0.00395070364 -0.00373560778 0.00968944204
v -0.0054553633 -0.00225026003 0.0109752334
v -0.00607167532 -0.0024397432 0.0105968632
v -0.00475107481 -0.0039989411 0.00921320093
v -0.00625907233 -0.00249738089 0.0104818262
v -0.00683556845 -0.00261623255 0.0100759186
v -0.00553666403 -0.0041811525 0.00867807043
v -0.00704513838 -0.00265944592 0.00992845666
v -0.00757681181 -0.00271195761 0.00950359476
v -0.00629900744 -0.00428021542 0.008090011
v -0.00780450156 -0.00273442856 0.00932168138
v -0.00828706076 -0.00272584549 0.00888620985
v -0.00702964117 -0.00429505698 0.00745545995
v -0.00852822115 -0.00272155396 0.00866853368
v -0.00895856669 -0.00265783659 0.00823043954
v -0.00772057822 -0.00422561756 0.00678121221
v -0.0092077141 -0.00262094132 0.00797676218
v -0.00958417704 -0.00250864617 0.0075433172
v -0.00836418917 -0.00407249323 0.00607477796
v -0.0098351126 -0.00243372313 0.00725447309
v -0.0101569777 -0.00227982394 0.00683259142
v -0.00895344069 -0.00383747212 0.0053437866
v -0.0104030257 -0.00216216437 0.00651013029
v -0.0106707697 -0.00197405211 0.0061060108
v -0.00948189547 -0.00352305762 0.00459646356
v -0.0119589453 -0.000309890425 0.00348805559
v -0.0120339279 -5.89548709e-05 0.00319921148
v -0.0108835583 -0.0015530049 0.00160681379
v -0.0121462231 0.00031756767 0.0027657665
v -0.0121830588 0.000566655481 0.00251220834
v -0.0110367422 -0.000909393943 0.000900379539
v -0.0122468357 0.000997060621 0.00207399499
v -0.0122511273 0.00123822101 0.00185631883
v -0.0111062412 -0.000218516505 0.000226131797
v -0.0122597103 0.00172078022 0.00142096651
v -0.0122371798 0.00194846996 0.00123893392
v -0.0110913401 0.000512117231 -0.000408419251
v -0.0121847277 0.00248008379 0.000814191223
v -0.0121414547 0.00268965372 0.000666610122
v -0.0109922772 0.00127440103 -0.000996597886
v -0.0120226031 0.00326620945 0.000260821701
v -0.011965025 0.00345360645 0.000145665527
v -0.0108100062 0.00206004986 -0.00153160918
v -0.0117754822 0.00406985887 -0.000232704758
v -0.0117096787 0.00423210272 -0.000318177819
v -0.0105466728 0.00286048063 -0.00200785029
v -0.0114461069 0.00488161453 -0.000660427689
v -0.0113782768 0.00501661905 -0.000719793915
v -0.0102051382 0.00366681226 -0.0024199568
v -0.0110384112 0.00569199928 -0.00101745951
v -0.0109742766 0.00579851278 -0.00105501044
v -0.00978909781 0.00447034248 -0.00276351798
v -0.0105571633 0.00649147638 -0.00129950869
v -0.0105022078 0.00656932005 -0.00131989348
v -0.00930308154 0.00526219019 -0.00303471911
v -0.0100078469 0.0072706879 -0.00150347578
v -0.00996719649 0.00732063659 -0.00151170123
v -0.00875245383 0.0060336531 -0.00323046076
v -0.00939713767 0.00802045473 -0.00162673819
v -0.00937496474 0.00804417738 -0.0016281687
v -0.00814329436 0.00677638658 -0.00334883559
v 0.00896359632 -0.00231063954 0.0040644325
v 0.0102051611 -0.00366682402 0.00241994035
v 0.0105466957 -0.00286043278 0.00200783384
v -0.00487397959 -0.00177896611 -0.00867665636
v -0.00339399626 -0.0031443297 -0.010101565
v -0.00373565009 -0.00395066134 -0.00968933928
v 0.00150479028 -0.000128096259 -0.0123692833
v 0.00148106763 -0.000150269187 -0.0123707138
v 3.4701324e-05 0.00133209833 -0.0110304438
v 0.0116874094 0.000877791726 -0.00423241484
v 0.0114992971 0.00114547619 -0.00463653433
v 0.0103341455 0.00267081865 -0.00308514464
v 0.0105570669 -0.00649142853 0.00129949224
v 0.0109742994 -0.00579852453 0.00105499399
v 0.00978912065 -0.00447035424 0.00276350153
v 0.0100078697 -0.00727064005 0.00150345933
v 0.0105022306 -0.0065693318 0.00131987703
v 0.00930310438 -0.00526214234 0.00303470266
v 0.00939716051 -0.00802046648 0.00162672174
v 0.00996721933 -0.00732058874 0.00151168478
v 0.00875247667 -0.00603366486 0.00323056352
v 0.00802041242 -0.00939715496 0.00162672174
v 0.00804413507 -0.00937498204 0.00162815225
v 0.00677634428 -0.00814325205 0.00334893835
v -0.00216220667 -0.0104030429 -0.00651014674
v -0.00197409441 -0.0106707274 -0.00610602724
v -0.00352309992 -0.00948197237 -0.00459648001
v -0.00103186419 -0.00303382269 -0.0120420538
v -0.00144897749 -0.00372672669 -0.0117975556
v -0.00297795584 -0.00234079949 -0.010445007
v -0.000482666993 -0.00225461117 -0.0122460209
v -0.000977027916 -0.00295591942 -0.0120624386
v -0.00249193957 -0.00154895178 -0.0107162081
v 0.000128161407 -0.00150478474 -0.0123692833
v -0.000441897416 -0.00220466248 -0.0122542464
v -0.00194131186 -0.000777488864 -0.010912069
v -0.00151311209 -0.00383329979 -0.0117600046
v -0.00185297778 -0.00450868002 -0.0114624583
v -0.00192092707 -0.00464362494 -0.0114029728
v -0.0021843796 -0.00529313675 -0.0110607229
v -0.00225030234 -0.0054554402 -0.0109752499
v -0.0024397259 -0.00607163302 -0.0105968796
v -0.0039988642 -0.00475109211 -0.00921321738
v -0.0024974232 -0.00625908963 -0.0104817234
v -0.00261627486 -0.00683558575 -0.010075935
v -0.0041811352 -0.00553674094 -0.00867808688
v -0.00265942862 -0.00704515568 -0.00992847311
v -0.00271199992 -0.00757676951 -0.00950361121
v -0.00428019812 -0.00629902474 -0.00809002745
v -0.00273441126 -0.00780451885 -0.00932157862
v -0.00272582819 -0.00828701845 -0.0088862263
v -0.00429509928 -0.00702959887 -0.0074554764
v -0.00272153666 -0.00852817885 -0.00866855013
v -0.0026578789 -0.00895858399 -0.00823033678
v -0.00422560027 -0.00772053591 -0.00678122866
v -0.00262092402 -0.0092077314 -0.00797677863
v -0.00250862887 -0.00958419434 -0.00754333365
v -0.00407253554 -0.00836414686 -0.00607479441
v -0.00243376543 -0.00983512989 -0.00725448954
v -0.00227986624 -0.010156995 -0.00683260786
v -0.00383745482 -0.00895345799 -0.00534380305
v -0.00159453204 -0.0111197888 -0.00537122118
v -0.00137959769 -0.0113346635 -0.00499022829
v -0.00267087271 -0.0103341996 -0.00308514464
v -0.00114547064 -0.0114992916 -0.00463653433
v -0.000877845787 -0.0116874634 -0.00423241484
v -0.00214229872 -0.0106485545 -0.00233770239
v -0.000631678605 -0.011805123 -0.00390995371
v -0.000309813523 -0.0119590222 -0.00348807204
v -0.0015530472 -0.0108836352 -0.00160683024
v -5.88779683e-05 -0.0120338856 -0.00319922793
v 0.000317584968 -0.0121461808 -0.00276578295
v -0.000909436249 -0.0110366999 -0.000900395989
v 0.000566613174 -0.0121830761 -0.00251222479
v 0.000997077919 -0.012246853 -0.00207401144
v -0.000218499207 -0.0111061989 -0.000226148247
v 0.00123823831 -0.0122511446 -0.00185633528
v 0.00172079752 -0.0122597276 -0.00142098296
v 0.000512134529 -0.0110913574 0.00040852201
v 0.00194848726 -0.0122371971 -0.00123895037
v 0.00248004148 -0.0121846854 -0.000814088463
v 0.00127435873 -0.0109922349 0.000996581436
v 0.00268961141 -0.012141472 -0.000666626572
v 0.00326622675 -0.01202268 -0.00026083815
v 0.00206006715 -0.0108100235 0.00153159273
v 0.00345362375 -0.0119650423 -0.000145681977
v 0.00406981657 -0.0117754995 0.000232688308
v 0.00286043832 -0.0105466901 0.00200783384
v 0.00423206041 -0.011709696 0.000318161369
v 0.00488163183 -0.0114461242 0.000660411239
v 0.00366676996 -0.0102051555 0.00241994035
v 0.00501657674 -0.0113782345 0.000719896675
v 0.00569201658 -0.0110384285 0.00101744306
v 0.00447035978 -0.0097890555 0.00276350153
v 0.00579847047 -0.0109742939 0.00105499399
v 0.00649143407 -0.010557121 0.00129949224
v 0.00526214788 -0.00930309883 0.00303470266
v 0.00656927774 -0.0105022251 0.00131987703
v 0.0072707052 -0.0100078642 0.00150345933
v 0.0060336704 -0.00875247113 0.00323056352
v 0.00732065389 -0.00996721379 0.00151168478
v 0.011038434 -0.00569195143 0.00101744306
v 0.0113781805 -0.0050165712 0.000719896675
v 0.0114461298 -0.00488162628 0.000660411239
v 0.0117097015 -0.00423211447 0.000318161369
v 0.011775505 -0.00406981102 0.000232688308
v 0.0119650478 -0.0034536182 -0.000145681977
v 0.010810029 -0.00206006161 0.00153159273
v 0.0120226259 -0.0032661616 -0.00026083815
v 0.0121414776 -0.00268966547 -0.000666626572
v 0.0109923 -0.00127441279 0.000996581436
v 0.0121847505 -0.00248009554 -0.000814088463
v 0.0122372026 -0.00194848171 -0.00123895037
v 0.0110913629 -0.00051206938 0.00040852201
v 0.0122597332 -0.00172073237 -0.00142098296
v 0.0122511501 -0.00123823277 -0.00185633528
v 0.0111062641 0.000218504751 -0.000226148247
v 0.0122468586 -0.000997072375 -0.00207401144
v 0.0121830816 -0.000566667235 -0.00251222479
v 0.0110367651 0.000909382188 -0.000900395989
v 0.0121462459 -0.00031751982 -0.00276578295
v 0.0120338316 5.89431165e-05 -0.00319922793
v 0.0108835811 0.00155305275 -0.00160683024
v 0.0119589681 0.000309878671 -0.00348807204
v 0.0118050689 0.000631743753 -0.00390995371
v 0.0106486196 0.00214230427 -0.00233770239
v 0.0111197347 0.00159453758 -0.00537122118
v 0.0109049196 0.00180941232 -0.00575233328
v 0.00948191831 0.00352304586 -0.00459648001
v 0.0106706733 0.00197404035 -0.00610602724
v 0.0104030485 0.00216221222 -0.00651014674
v 0.00895346353 0.00383746036 -0.00534380305
v 0.0101570005 0.00227987179 -0.00683260786
v 0.00983513544 0.00243377098 -0.00725448954
v 0.0083640928 0.00407248148 -0.00607479441
v 0.00958419988 0.00250863441 -0.00754333365
v 0.00920773695 0.00262092956 -0.00797677863
v 0.00772048185 0.00422560581 -0.00678122866
v 0.00895858953 0.00265782484 -0.00823033678
v 0.00852812479 0.0027215422 -0.00866855013
v 0.00702966402 0.00429510483 -0.0074554764
v 0.00828696439 0.00272583374 -0.0088862263
v 0.0078045244 0.00273447641 -0.00932157862
v 0.00629903028 0.00428020366 -0.00809002745
v 0.00757671545 0.00271194586 -0.00950361121
v 0.00704516122 0.00265943416 -0.00992847311
v 0.00553668687 0.00418114074 -0.00867808688
v 0.00683559129 0.0026162208 -0.010075935
v 0.00625909517 0.00249742874 -0.0104817234
v 0.00475109766 0.00399892935 -0.00921321738
v 0.00607157896 0.00243979105 -0.0105968796
v 0.00545538614 0.00225024828 -0.0109752499
v 0.00395072649 0.00373559602 -0.00968933928
v 0.0052931423 0.00218444475 -0.0110607229
v 0.00464369009 0.00192087301 -0.0114029728
v 0.00314427564 0.00339400181 -0.010101565
v 0.00450862596 0.00185298332 -0.0114624583
v 0.00383330534 0.00151317724 -0.0117600046
v 0.00234080503 0.00297796139 -0.010445007
v 0.00372673223 0.00144904264 -0.0117975556
v 0.00303376863 0.00103186973 -0.0120420538
v 0.00154901693 0.00249194511 -0.0107162081
v 0.00295592496 0.000976973855 -0.0120624386
v 0.00225461671 0.000482612932 -0.0122460209
v 0.000777494407 0.0019413174 -0.010912069
v 0.00220466802 0.000441962564 -0.0122542464
v -0.0044506674 -0.000961369193 -0.009026178
v -0.00586961558 0.000410908544 -0.00754702914
v 0.00854028413 -0.00312823645 0.00441395414
v 0.00723327348 -0.00177461497 0.00600909364
v -0.00395606806 -0.000155633605 -0.00930214751
v -0.00537084391 0.00122361788 -0.00782538283
v -0.00673447897 0.00258731254 -0.00628734457
v 0.00804568479 -0.00393397204 0.00468992364
v 0.00673450182 -0.0025873243 0.00628732812
v 0.00537086675 -0.00122357003 0.00782536638
v -0.0033957844 0.000629359567 -0.00950146544
v -0.00480567267 0.00201540598 -0.00802636969
v -0.00616942694 0.00337910064 -0.00648833144
v -0.0074854975 0.00471901306 -0.00488913882
v 0.00748552034 -0.00471902481 0.00488912237
v 0.00616944978 -0.0033791124 0.00648831499
v 0.00480569551 -0.00201541773 0.00802635324
v 0.00339580724 -0.000629371321 0.00950144899
v 0.000150215126 -0.00148106209 -0.0123707138
v -0.00133215239 -3.47553851e-05 -0.0110304438
v -0.0027760153 0.00138508686 -0.00962186682
v -0.00418053915 0.00277763017 -0.00814784396
v -0.00554417422 0.00414132484 -0.0066098057
v -0.00686560919 0.00547474035 -0.00500965941
v 0.00937498758 -0.00804418913 0.00162815225
v 0.00814319799 -0.00677633873 0.00334893835
v 0.00686563203 -0.0054747521 0.00500964296
v 0.00554419706 -0.0041413366 0.00660978925
v 0.00418044279 -0.00277764193 0.00814782751
v 0.00277591894 -0.00138509861 0.00962185037
v -0.00909494212 -0.00413811795 0.00153719556
v -0.0103342419 -0.0026708304 0.00308512819
v -0.0106485968 -0.00214231602 0.00233768594
v 0.00500537107 0.00822775968 0.0030749954
v 0.00352312276 0.00948196062 0.00459646356
v 0.00383747766 0.00895344623 0.0053437866
v 0.000793230033 -0.000793164885 -0.0124105297
v -0.00067101767 0.000671023214 -0.0110700213
v -0.00210319807 0.00210326322 -0.00966215956
v -0.00350199988 0.00350200542 -0.00818849432
v -0.00486563494 0.00486570009 -0.00665045607
v -0.00619291117 0.00619285711 -0.00504995215
v -0.00748215964 0.00748216518 -0.00338853228
v -0.00873206904 0.00873207458 -0.0016679846
v -0.00522159388 -0.00259948365 -0.00825727808
v -0.00629662325 -0.000413721717 -0.00719440806
v -0.00723336985 0.00177460321 -0.00600899088
v -0.00804578116 0.00393396028 -0.00468994009
v -0.00548957636 -0.00341392151 -0.00777269232
v -0.00664721777 -0.0012412726 -0.0067714535
v -0.00766037753 0.000949972951 -0.00565648901
v -0.00854026129 0.00312822469 -0.00441397059
v -0.00567494681 -0.00421333901 -0.0072282635
v -0.00691746523 -0.00206274382 -0.00628269541
v -0.00801085284 0.000122422063 -0.00523353445
v -0.00896369269 0.00231062778 -0.00406444895
v -0.00577567866 -0.00498903385 -0.00662995207
v -0.0071043854 -0.00286907545 -0.00573361742
v -0.0082811003 -0.000699049151 -0.00474477637
v -0.00931118777 0.00149016985 -0.00364507067
v -0.00579081824 -0.00573242298 -0.00598419535
v -0.00720607092 -0.00365144602 -0.00513006079
v -0.00846813967 -0.00150538079 -0.00419557917
v -0.00957917025 0.000675731981 -0.00316048491
v -0.00572012713 -0.00643545977 -0.00529814589
v -0.00722144892 -0.00440127245 -0.00447870123
v -0.0085698252 -0.00228775135 -0.00359202254
v -0.0097645407 -0.00012374512 -0.00261605608
v -0.00556432059 -0.007090336 -0.00457931387
v -0.00715004256 -0.00511032931 -0.00378681052
v -0.00858508398 -0.00303757778 -0.00294078219
v -0.00986539175 -0.000899380362 -0.00201762545
v -0.00532518675 -0.00768995873 -0.00383556712
v -0.00699292471 -0.00577086798 -0.00306177962
v -0.00851379683 -0.00374663464 -0.00224877226
v -0.00988053133 -0.0016428291 -0.00137186873
v -0.00500534823 -0.00822777144 -0.00307501185
v -0.00675176432 -0.00637567631 -0.00231159556
v -0.00835667899 -0.00440717331 -0.00152374136
v -0.00980984023 -0.00234580628 -0.000685819268
v -0.00642906477 -0.00691807858 -0.00154448378
v -0.00811539938 -0.00501198164 -0.000773557305
v -0.00965403368 -0.00300074211 3.30127483e-05
v -0.00779281905 -0.00555438391 -6.56473579e-06
v -0.00941489985 -0.00360036484 0.000776759506
v -0.0118051653 -0.000631695903 0.00390993726
v -0.0109048968 -0.00180942408 0.00575243604
v -0.0111198311 -0.00159454933 0.00537132394
v -0.00994383147 -0.0031327664 0.00384079588
v -0.00869773676 -0.00460816017 0.00230609548
v -0.00739215662 -0.00602847925 0.000769010902
v -0.00602852156 -0.00739217392 -0.000769027352
v -0.00460814288 -0.00869781367 -0.00230611193
v -0.00313280871 -0.00994390837 -0.00384081232
v -0.00180946639 -0.0109049141 -0.00575233328
v -0.0113346462 -0.00137961499 0.00499021185
v -0.0114992743 -0.00114542834 0.00463663709
v -0.0116873865 -0.000877803481 0.00423239839
v -0.00822781374 -0.00500530592 0.0030749954
v -0.00691806128 -0.00642908207 0.00154458654
v -0.00555442622 -0.00779277674 6.54828606e-06
v -0.00413810065 -0.00909495941 -0.00153721201
v -0.00768994143 -0.00532520405 0.00383555067
v -0.00637565901 -0.00675172201 0.00231157911
v -0.00501202395 -0.00811541668 0.000773660064
v -0.00360034754 -0.00941485754 -0.000776775956
v -0.0070903187 -0.00556439749 0.00457929742
v -0.00577091029 -0.00699294201 0.00306176317
v -0.00440715601 -0.00835663668 0.00152372491
v -0.00300072482 -0.00965399138 -3.30291981e-05
v -0.00643550208 -0.00572014443 0.00529812944
v -0.00511037161 -0.00715005986 0.00378679407
v -0.00374661734 -0.00851375452 0.00224875581
v -0.00234578898 -0.00980979792 0.000685802818
v -0.00573240569 -0.00579089514 0.0059841789
v -0.00440131476 -0.00722140661 0.00447868478
v -0.00303756049 -0.00858510128 0.00294076574
v -0.0016428118 -0.00988048903 0.00137185228
v -0.00498901656 -0.00577575556 0.00662993562
v -0.00365148833 -0.00720614783 0.00513004434
v -0.00228773405 -0.00856984249 0.0035921253
v -0.000899422669 -0.00986534945 0.002017609
v -0.00421332171 -0.0056749045 0.00722824705
v -0.00286911776 -0.0071044623 0.00573360097
v -0.00150536349 -0.00846815697 0.00419556272
v -0.000123727822 -0.00976455799 0.00261603963
v -0.00341390421 -0.00548953406 0.00777279508
v -0.00206278613 -0.00691742293 0.00628267896
v -0.000699031853 -0.00828111759 0.00474475992
v 0.000675689674 -0.00957912794 0.00316046846
v -0.00259946635 -0.00522155157 0.00825726163
v -0.00124131491 -0.00664717547 0.00677143705
v 0.000122439361 -0.00801087014 0.005233518
v 0.00149012754 -0.00931120507 0.00364505422
v -0.00177894881 -0.00487399689 0.00867663992
v -0.000413764023 -0.00629664055 0.00719439161
v 0.000949990249 -0.00766033522 0.00565647256
v 0.00231064508 -0.00896365038 0.0040644325
v -0.000961411499 -0.0044506251 0.00902616155
v 0.000410925842 -0.00586963288 0.00754701269
v 0.00177468011 -0.00723332754 0.00600909364
v 0.0031283016 -0.00854027859 0.00441395414
v -0.000155675911 -0.00395614496 0.00930213106
v 0.00122357557 -0.0053708016 0.00782536638
v 0.00258732984 -0.00673449627 0.00628732812
v 0.00393391798 -0.00804573885 0.00468992364
v 0.00062943647 -0.0033958613 0.00950144899
v 0.00201536367 -0.00480568997 0.00802635324
v 0.00337911794 -0.00616938463 0.00648831499
v 0.00471903036 -0.00748545519 0.00488912237
v -0.00148104479 0.000150257432 0.0123706974
v -3.47976918e-05 -0.00133211008 0.0110304273
v 0.00138510416 -0.002775973 0.00962185037
v 0.00277758787 -0.00418049685 0.00814782751
v 0.00414134214 -0.00554419152 0.00660978925
v 0.00547469804 -0.00686556689 0.00500964296
v 0.00873209188 -0.00873208634 0.00166796815
v 0.00748218248 -0.00748211733 0.00338851583
v 0.00619293401 -0.00619286886 0.0050499357
v 0.00486565778 -0.00486565224 0.00665043962
v 0.00350202272 -0.00350195757 0.00818847787
v 0.00210322092 -0.00210327498 0.00966214311
v 0.000671040512 -0.000671034968 0.0110700048
v -0.000793207192 0.000793153131 0.0124105133
v 0.00931121061 -0.001490122 0.00364505422
v 0.00766028116 -0.000949984706 0.00565647256
v 0.00586963842 -0.000410920298 0.00754701269
v 0.0039560909 0.00015562185 0.00930213106
v 0.00957919309 -0.00067568413 0.00316046846
v 0.00801087568 -0.000122374213 0.005233518
v 0.00629664609 0.000413709962 0.00719439161
v 0.00445069025 0.000961357438 0.00902616155
v 0.00976456354 0.000123733365 0.00261603963
v 0.00828112314 0.000699037397 0.00474475992
v 0.00664712141 0.00124132045 0.00677143705
v 0.00487400243 0.00177895435 0.00867663992
v 0.0098654146 0.000899368608 0.002017609
v 0.00846816251 0.00150536903 0.00419556272
v 0.00691748807 0.00206273206 0.00628267896
v 0.00522161672 0.00259947189 0.00825726163
v 0.00988055418 0.00164281734 0.00137185228
v 0.00856984804 0.0022877396 0.0035921253
v 0.00710440824 0.0028690637 0.00573360097
v 0.00548948 0.00341390976 0.00777279508
v 0.00980974386 0.00234579452 0.000685802818
v 0.00858510683 0.00303756603 0.00294076574
v 0.00720609376 0.00365143427 0.00513004434
v 0.00567496965 0.00421332725 0.00722824705
v 0.00965405653 0.00300073036 -3.30291981e-05
v 0.00851381967 0.00374662288 0.00224875581
v 0.00722135255 0.0044012607 0.00447868478
v 0.0057757015 0.0049890221 0.00662993562
v 0.00941480348 0.00360035309 -0.000776775956
v 0.00835658262 0.00440716156 0.00152372491
v 0.0071500654 0.00511031755 0.00378679407
v 0.00579084108 0.00573241123 0.0059841789
v 0.00909496496 0.00413810619 -0.00153721201
v 0.00811542223 0.00501196989 0.000773660064
v 0.00699294756 0.00577091583 0.00306176317
v 0.00572014997 0.00643544801 0.00529812944
v 0.00779272268 0.00555443176 6.54828606e-06
v 0.00675166795 0.00637566456 0.00231157911
v 0.00556434343 0.00709032425 0.00457929742
v 0.00642908762 0.00691812643 0.00154458654
v 0.00532520959 0.00769000658 0.00383555067
v 0.00227988908 0.0101569832 0.00683259142
v 0.00137962053 0.0113347114 0.00499021185
v 0.00159455488 0.011119777 0.00537132394
v 0.00313271234 0.00994389662 0.00384079588
v 0.00460816572 0.00869780191 0.00230609548
v 0.0060285444 0.00739222177 0.000769010902
v 0.00739217947 0.0060284675 -0.000769027352
v 0.0086977596 0.00460814842 -0.00230611193
v 0.00994385431 0.00313275465 -0.00384081232
v 0.0113346691 0.00137960323 -0.00499022829
v 0.00180948923 0.0109049023 0.00575243604
v 0.00197399805 0.0106707157 0.0061060108
v 0.00216222951 0.0104030908 0.00651013029
v 0.00413812349 0.00909494766 0.00153719556
v 0.00555444906 0.00779276499 -6.56473579e-06
v 0.00691808412 0.00642907032 -0.00154448378
v 0.00822771738 0.00500529417 -0.00307501185
v 0.00360037038 0.00941484579 0.000776759506
v 0.00501204679 0.00811540493 -0.000773557305
v 0.00637568185 0.00675171026 -0.00231159556
v 0.00768996427 0.0053251923 -0.00383556712
v 0.00300074766 0.00965397962 3.30127483e-05
v 0.00440717886 0.00835662492 -0.00152374136
v 0.00577093313 0.00699293026 -0.00306177962
v 0.00709034154 0.00556438574 -0.00457931387
v 0.00234581182 0.00980978616 -0.000685819268
v 0.00374664018 0.00851374277 -0.00224877226
v 0.00511039445 0.0071500481 -0.00378681052
v 0.00643540571 0.00572013267 -0.00529814589
v 0.00164283464 0.00988047727 -0.00137186873
v 0.00303758333 0.00858508953 -0.00294078219
v 0.00440121839 0.00722139486 -0.00447870123
v 0.00573242853 0.00579088339 -0.00598419535
v 0.00089944551 0.00986533769 -0.00201762545
v 0.0022877569 0.00856983074 -0.00359202254
v 0.00365139196 0.00720613607 -0.00513006079
v 0.0049890394 0.00577574381 -0.00662995207
v 0.000123750663 0.00976454624 -0.00261605608
v 0.00150538633 0.00846814522 -0.00419557917
v 0.00286902139 0.00710445055 -0.00573361742
v 0.00421334455 0.00567489275 -0.0072282635
v -0.000675666832 0.00957911619 -0.00316048491
v 0.000699054695 0.00828116544 -0.00474477637
v 0.00206280897 0.00691741117 -0.00628269541
v 0.00341392705 0.0054895223 -0.00777269232
v -0.0014901047 0.00931119331 -0.00364507067
v -0.00012241652 0.00801085838 -0.00523353445
v 0.00124133775 0.00664716371 -0.0067714535
v 0.00259948919 0.00522159942 -0.00825727808
v -0.00231062224 0.00896363863 -0.00406444895
v -0.000949967408 0.00766032346 -0.00565648901
v 0.000413667656 0.0062966288 -0.00719440806
v 0.00177897165 0.00487398514 -0.00867665636
v -0.00312827876 0.00854026684 -0.00441397059
v -0.00177465727 0.00723331579 -0.00600899088
v -0.000410903 0.00586962112 -0.00754702914
v 0.000961434341 0.00445067295 -0.009026178
v -0.00393401434 0.0080457271 -0.00468994009
v -0.002587307 0.00673454412 -0.00628734457
v -0.00122355273 0.00537078985 -0.00782538283
v 0.000155698753 0.00395613321 -0.00930214751
v -0.00471900752 0.00748544344 -0.00488913882
v -0.0033790951 0.00616943248 -0.00648833144
v -0.00201534083 0.00480573782 -0.00802636969
v -0.000629413628 0.00339584955 -0.00950146544
v -0.00804411223 0.00937497028 -0.0016281687
v -0.00677632143 0.0081432403 -0.00334883559
v -0.0054746752 0.00686555513 -0.00500965941
v -0.0041413193 0.00554417976 -0.0066098057
v -0.00277768424 0.00418048509 -0.00814784396
v -0.00138508131 0.00277596124 -0.00962186682
v 0.00878347108 -0.00878346554 0.000339499832
v 0.00663961122 -0.00727987877 -0.00289464819
v 0.00727988432 -0.00663960568 -0.00289464819
v 0.00781084249 -0.00592446915 -0.00305784571
v 0.00991846273 -0.00748330942 0.000193110824
v 0.00937510679 -0.008150345 0.000302783371
v 0.0049531574 -0.00247777096 -0.00864792693
v 0.00421489427 -0.00294292561 -0.0088901602
v 0.00371385763 -9.68038203e-05 -0.0118579947
v 0.000585448242 -0.00302065007 -0.012039312
v 0.00112880418 -0.00235355488 -0.0121491038
v 0.00294293115 -0.00421488873 -0.0088901602
v 0.0035325403 -0.00353253475 -0.0089722954
v 0.00442517946 0.000331395948 -0.0116069399
v 0.00514615724 0.000694149816 -0.0112893664
v 0.00570739458 -0.00216222397 -0.00825894701
v 0.00172043989 -0.00172049395 -0.0121858202
v 0.00235356042 -0.00112879864 -0.0121491038
v 0.00302065561 -0.000585442698 -0.012039312
v 0.00129736612 -0.0118209182 -0.00360513556
v 0.00310326765 -0.00838697544 -0.00504864085
v 0.00372339437 -0.00849992625 -0.00439859259
v 0.00535787294 -0.0111980497 -0.000556954026
v 0.00517309854 -0.00820386997 -0.00337565768
v 0.00607873151 -0.0108353554 -0.000239380478
v 0.00592447469 -0.00781089655 -0.00305784571
v 0.00815035055 -0.00937516085 0.000302783371
v 0.00748325536 -0.00991851679 0.000193110824
v 0.00679005334 -0.0104071557 1.16742855e-05
v 9.68093639e-05 -0.00371391169 -0.0118579947
v 0.0024777765 -0.00495309225 -0.00864792693
v -0.000331390404 -0.00442517391 -0.0116069399
v 0.00442601392 -0.0084377586 -0.00383067954
v 0.0025457258 -0.0119218885 -0.00240863192
v 0.00190187643 -0.0119104444 -0.002989658
v 0.0102701301 0.000908845746 -0.00693631995
v 0.0107165689 0.000594967687 -0.00626219141
v 0.00766922185 -0.00223756424 -0.00645268786
v 0.00810493181 -0.0025988876 -0.00574589598
v 0.00976480196 0.00115042337 -0.00759852755
v 0.00710309694 -0.00203878275 -0.00713086951
v 0.00920666406 0.00131695875 -0.00824118483
v 0.00860203455 0.00140648493 -0.00885666239
v 0.00643719385 -0.00201315275 -0.00774396288
v 0.00795818517 0.00141792902 -0.00943768847
v -0.000694144272 -0.00514609209 -0.0112893664
v 0.00216222951 -0.00570744864 -0.00825894701
v -0.000987160706 -0.00586832157 -0.0109087311
v 0.00203872869 -0.0071030914 -0.00713086951
v 0.00223756979 -0.00766921631 -0.00645268786
v -0.00115047743 -0.00976479641 -0.00759852755
v 0.000739109016 -0.0116543233 -0.00424767363
v 0.000233900047 -0.0114127456 -0.00491000044
v 0.00259889314 -0.00810498587 -0.00574589598
v 0.00463558385 -0.0114911257 -0.000937470078
v 0.00392068574 -0.0117110073 -0.00137651789
v 0.00322128484 -0.0118551313 -0.00186885226
v 0.00849987218 -0.00372338883 -0.00439859259
v 0.00838698099 -0.0031032621 -0.00504864085
v 0.0118209238 -0.00129730097 -0.00360513556
v 0.0110988731 0.000212603891 -0.00558412898
v 0.0114127512 -0.000233834899 -0.00491000044
v 0.0116543884 -0.000739103472 -0.00424767363
v 0.00586832712 0.00098716625 -0.0109087311
v 0.00658334444 0.00120704778 -0.0104698025
v 0.00728262613 0.00135123142 -0.00997746813
v -0.000212657952 -0.0110989272 -0.00558412898
v -0.000594962143 -0.0107165634 -0.00626219141
v -0.000908840203 -0.010270065 -0.00693631995
v 0.00820387552 -0.005173093 -0.00337565768
v 0.0108353014 -0.00607878557 -0.000239380478
v 0.0104071016 -0.0067900478 1.16742855e-05
v 0.0118551368 -0.0032212793 -0.00186885226
v 0.00843776414 -0.00442600838 -0.00383067954
v 0.0119218941 -0.00254572026 -0.00240863192
v 0.01191045 -0.00190187088 -0.002989658
v -0.00120710185 -0.00658327929 -0.0104698025
v 0.0020132179 -0.00643724791 -0.00774396288
v -0.00135122588 -0.00728268019 -0.00997746813
v -0.00131701281 -0.00920659891 -0.00824118483
v -0.00140653899 -0.008602029 -0.00885666239
v -0.00141798308 -0.00795823923 -0.00943768847
v 0.0117110128 -0.0039206206 -0.00137651789
v 0.0114910717 -0.00463563792 -0.000937470078
v 0.0111980552 -0.00535780779 -0.000556954026
v 0.000768315292 -0.000768369353 -0.00585485327
v 0.00145066927 -0.000178760207 -0.00577259886
v 0.0021889324 0.000286394441 -0.00553048479
v 0.00294328878 0.000602001035 -0.00514150488
v 0.00367308805 0.000751012647 -0.00462652075
v 0.00433887193 0.000725442254 -0.00401342738
v 0.00490499685 0.000526601159 -0.00333512652
v 0.00534082601 0.000165277803 -0.00262845385
v 0.00562275598 -0.000339037097 -0.00193119872
v 0.00573576639 -0.000959223426 -0.00128115046
v 0.00567353914 -0.00166178337 -0.000713237404
v 0.00543965051 -0.0024089276 -0.000258215546
v 0.00504673669 -0.00316030375 5.95964199e-05
v 0.00451565931 -0.00387538067 0.000222793937
v 0.00387538621 -0.00451571337 0.000222793937
v 0.00316024969 -0.00504667155 5.95964199e-05
v 0.00240887353 -0.00543970457 -0.000258215546
v 0.00166178892 -0.0056735932 -0.000713237404
v 0.000959169365 -0.00573570124 -0.00128115046
v 0.00033904264 -0.00562275044 -0.00193119872
v -0.000165331864 -0.00534082047 -0.00262845385
v -0.00052665522 -0.00490499131 -0.00333512652
v -0.000725377106 -0.00433892599 -0.00401342738
v -0.000751007103 -0.0036730229 -0.00462652075
v -0.000601995491 -0.00294328324 -0.00514150488
v -0.000286448502 -0.00218892685 -0.00553048479
v 0.000178706146 -0.00145066372 -0.00577259886
v 0.00358999918 -0.00358993403 -0.000851162552
v 0.003094923 -0.00400990835 -0.000917681336
v 0.00255836198 -0.0043261706 -0.00111294615
v 0.00201715181 -0.00451714388 -0.00142360556
v 0.00150788972 -0.00456977478 -0.00182844031
v 0.00106550405 -0.00448054663 -0.00229979384
v 0.00072003553 -0.0042555391 -0.00280571806
v 0.000494968391 -0.00391001097 -0.00331164229
v 0.00346757124 -0.000405734694 -0.00378299582
v 0.00391007612 -0.000494962847 -0.00331164229
v 0.00425554464 -0.000720029986 -0.00280571806
v 0.00448061178 -0.00106549851 -0.00229979384
v 0.00456978033 -0.00150794379 -0.00182844031
v 0.00451708982 -0.00201714627 -0.00142360556
v 0.00432611654 -0.00255841604 -0.00111294615
v 0.0040099735 -0.00309485785 -0.000917681336
v 0.000405799842 -0.0034676253 -0.00378299582
v 0.000458371139 -0.00295842282 -0.00418783057
v 0.000649344421 -0.00241715304 -0.00449837077
v 0.000965606666 -0.00188065163 -0.00469363558
v 0.00138558099 -0.00138557545 -0.00476027358
v 0.00188065717 -0.000965601123 -0.00469363558
v 0.00241709898 -0.000649398482 -0.00449837077
v 0.00295842836 -0.0004584252 -0.00418783057
v -0.00358997633 0.00358998188 0.000851146103
v -0.00309490015 0.0040099562 0.000917784095
v -0.00255845835 0.00432615885 0.0011129297
v -0.00201712897 0.00451713213 0.00142358911
v -0.00150798609 0.00456982263 0.00182842386
v -0.00106548121 0.00448059448 0.00229977739
v -0.000720012688 0.00425552734 0.00280570161
v -0.000494945549 0.00391005882 0.00331162584
v -0.000405777001 0.00346761354 0.00378297937
v -0.000458467507 0.00295841106 0.00418781412
v -0.000649321579 0.00241714128 0.00449847353
v -0.000965583825 0.00188069948 0.00469373834
v -0.00138555815 0.0013855637 0.00476025713
v -0.00188063433 0.000965589368 0.00469373834
v -0.00241719534 0.000649386728 0.00449847353
v -0.00295840552 0.000458413446 0.00418781412
v -0.0034676676 0.00040572294 0.00378297937
v -0.00391005328 0.000494951093 0.00331162584
v -0.0042555218 0.000720018232 0.00280570161
v -0.00448058894 0.00106548675 0.00229977739
v -0.00456975748 0.00150793203 0.00182842386
v -0.00451718619 0.00201713451 0.00142358911
v -0.00432621291 0.00255840429 0.0011129297
v -0.00400995066 0.00309484609 0.000917784095
v -0.00570093443 0.000636631334 0.0015979923
v -0.00550221255 7.05064176e-05 0.00227617395
v -0.00514088919 -0.00036526314 0.00298296583
v -0.00463651469 -0.00064719311 0.00368022096
v -0.00401626875 -0.000760203517 0.00433026922
v -0.00331376841 -0.000698035872 0.00489818227
v -0.00256656458 -0.000464147246 0.00535320413
v -0.00181530764 -7.11142184e-05 0.0056710161
v -0.00110017111 0.000459843957 0.00583421362
v -0.000459898018 0.00110011705 0.00583421362
v 7.11793666e-05 0.00181525358 0.0056710161
v 0.000464212394 0.00256662973 0.00535320413
v 0.00069810102 0.00331371435 0.00489818227
v 0.00076020906 0.0040163339 0.00433026922
v 0.000647198654 0.00463652023 0.00368022096
v 0.000365268684 0.00514083513 0.00298296583
v -7.05604786e-05 0.00550215849 0.00227617395
v -0.000636566185 0.00570099958 0.0015979923
v -0.00130246928 0.00572656997 0.000984898925
v -0.00203226855 0.00557755836 0.000469914795
v -0.00278662493 0.00526195177 8.09348827e-05
v -0.00352488806 0.00479679712 -0.000161298394
v -0.00420712283 0.00420718797 -0.000243433594
v -0.00479685118 0.003524834 -0.000161298394
v -0.00526200583 0.00278663048 8.09348827e-05
v -0.00557755282 0.00203227409 0.000469914795
v -0.00572656443 0.00130247482 0.000984898925
v 0.00165535162 -0.00028735987 -0.0124719225
v 0.00240040968 0.000319534623 -0.0123493754
v 0.00317479322 0.000865274751 -0.0121468388
v 0.00637973497 0.00232159504 -0.0105962836
v 0.00716091344 0.00248264679 -0.0100463711
v 0.00791538904 0.00255715259 -0.00944341052
v 0.00863457868 0.0025443972 -0.00879443514
v 0.0093097801 0.00244438061 -0.00810707438
v 0.00993324468 0.00225835451 -0.00738931525
v 0.0104975815 0.00198852428 -0.00664962161
v 0.00813008497 -0.00949806563 0.00143598688
v 0.0073849077 -0.0101049005 0.00131343973
v 0.00661064336 -0.0106507002 0.00111078394
v 0.00340570161 -0.0121070205 -0.000439652085
v 0.00262452314 -0.0122680127 -0.000989564537
v 0.00186992834 -0.0123425781 -0.00159252512
v 0.0011508579 -0.0123297631 -0.0022415005
v 0.000475656486 -0.0122298061 -0.00292886126
v -0.000147808098 -0.01204378 -0.00364662039
v -0.000712264084 -0.0117738902 -0.00438631403
v -0.00121091654 -0.0114233553 -0.00513923991
v 0.00587059209 0.00119047769 -0.0110400997
v 0.00660706708 0.00141697534 -0.0105879389
v 0.00732732961 0.00156545051 -0.0100808226
v 0.00802315424 0.00163417467 -0.00952483046
v 0.00868631551 0.00162237295 -0.00892639983
v 0.00930906484 0.00153016456 -0.00829244482
v 0.00988401125 0.0013586224 -0.00763059485
v 0.0104043598 0.001109773 -0.00694847929
v 0.0108642692 0.000786537015 -0.00625408518
v 0.0112581367 0.000392669523 -0.00555563796
v 0.0115813131 -6.71207072e-05 -0.00486136305
v 0.0118302221 -0.000587588465 -0.0041792475
v 0.0120017643 -0.00116253487 -0.00351727831
v 0.0120939131 -0.00178522459 -0.00288344252
v 0.0121057148 -0.00244832627 -0.00228501189
v 0.012036931 -0.00314415089 -0.00172890055
v 0.0118885154 -0.00386453263 -0.00122190344
v 0.0116620178 -0.00460094801 -0.000769742607
v 0.0113601799 -0.00534481398 -0.000377782463
v 0.010986578 -0.00608736864 -5.06721729e-05
v 0.00460089395 -0.0116620123 -0.000769742607
v 0.00386453817 -0.0118885099 -0.00122190344
v 0.00314415643 -0.0120369851 -0.00172890055
v 0.00244833181 -0.0121057092 -0.00228501189
v 0.00178517053 -0.0120939075 -0.00288344252
v 0.00116254041 -0.0120016991 -0.00351727831
v 0.000587594009 -0.011830157 -0.0041792475
v 6.71262508e-05 -0.0115813076 -0.00486136305
v -0.000392663979 -0.0112580716 -0.00555563796
v -0.000786531472 -0.0108642637 -0.00625408518
v -0.00110982706 -0.0104044139 -0.00694847929
v -0.00135861685 -0.0098839461 -0.00763059485
v -0.00153015902 -0.0093090593 -0.00829244482
v -0.00162242701 -0.00868636957 -0.00892639983
v -0.00163422873 -0.0080232083 -0.00952483046
v -0.00156544497 -0.00732738367 -0.0100808226
v -0.00141691019 -0.00660706154 -0.0105879389
v -0.00119053175 -0.00587058655 -0.0110400997
v -0.000888693833 -0.00512672058 -0.0114320599
v -0.000515091919 -0.00438416592 -0.0117591702
v -7.4017548e-05 -0.00365156523 -0.0120177351
v -0.000267136597 -0.00356048933 -0.01213158
v 0.0105455036 -0.00681996933 0.000207892776
v 0.0106434936 -0.00681579701 0.000429145218
v 0.000429284072 -0.00293756119 -0.0122045361
v 0.000249874092 -0.00282693497 -0.012323507
v 5.78279262e-05 -0.00269526831 -0.0123893105
v 0.0100423212 -0.00753403298 0.000394812942
v 0.0101263637 -0.00754941098 0.000621191383
v 0.0101659412 -0.00752848974 0.000859013916
v 0.000988971687 -0.00225043885 -0.0123175465
v 0.000824939704 -0.00212097756 -0.0124396168
v 0.000646244979 -0.00197280041 -0.0125081621
v 0.000463497139 -0.00181449047 -0.0125191294
v 0.00948263357 -0.00822109572 0.000507704139
v 0.00955141733 -0.00825530878 0.000737301231
v 0.00957752416 -0.00825101725 0.000977865577
v 0.00955940435 -0.00820839993 0.00121533048
v 0.00159836958 -0.00159836403 -0.0123553358
v 0.00145102689 -0.00145102135 -0.012478479
v 0.00128711412 -0.00128710858 -0.0125478588
v 0.001116168 -0.00111616246 -0.0125596606
v 0.00094820211 -0.000948256171 -0.0125129305
v 0.00887323568 -0.00887317053 0.000545612693
v 0.00892521093 -0.00892526499 0.00077604425
v 0.00893665502 -0.00893664948 0.00101756227
v 0.00890673349 -0.00890672795 0.00125586164
v 0.00883711526 -0.00883716933 0.00147699487
v 0.00512815664 -0.0115700423 0.000267020584
v 0.00501097391 -0.0115341603 0.00047575605
v 0.00420428464 -0.0118614494 5.06557232e-05
v 0.00489474485 0.00154721149 -0.0115708195
v 0.00477446268 0.0017487348 -0.0115116917
v 0.00558115194 0.0020760239 -0.0110865914
v 0.000287425018 -0.00165540568 -0.0124719225
v -0.000720370316 -0.00431317679 -0.0118659817
v -0.000471461319 -0.00344604841 -0.0121928536
v -0.00013576796 -0.00255025021 -0.012398132
v -0.000319469475 -0.00240046374 -0.0123493754
v -0.00110422423 -0.00507611624 -0.0115298115
v -0.000935185456 -0.00421637884 -0.0119210564
v -0.000674832367 -0.0033149182 -0.0121980988
v -0.000865328812 -0.00317478768 -0.0121468388
v -0.00141428759 -0.005840367 -0.0111271225
v -0.00132809927 -0.0049972593 -0.0115770184
v -0.00114713957 -0.00409943453 -0.0119211756
v -0.00134359648 -0.00396919838 -0.0118664585
v -0.00164698412 -0.00659698836 -0.0106625639
v -0.0016454344 -0.00577945105 -0.0111649119
v -0.00154720595 -0.0048946797 -0.0115708195
v -0.00174878886 -0.00477445713 -0.0115116917
v -0.0017994528 -0.00733709923 -0.0101416193
v -0.00188361456 -0.00655377499 -0.010689386
v -0.00187038233 -0.00569129578 -0.0111510836
v -0.00207601836 -0.0055811464 -0.0110865914
v -0.00187014391 -0.00805199734 -0.00957036841
v -0.00203965952 -0.00731123081 -0.0101562821
v -0.00211297324 -0.00647992483 -0.0106668555
v -0.00232158949 -0.00637972943 -0.0105962836
v -0.00185798457 -0.00873333803 -0.00895548689
v -0.00211201956 -0.00804287783 -0.0095715605
v -0.00227187922 -0.00725132815 -0.0101238571
v -0.00248264124 -0.0071608483 -0.0100463711
v -0.00176321318 -0.00937307469 -0.00830424654
v -0.0020996218 -0.00874019257 -0.00894225466
v -0.00234555056 -0.00799650542 -0.00952840674
v -0.00255714705 -0.0079154431 -0.00944341052
v -0.00158702185 -0.00996375672 -0.00762415755
v -0.00200258543 -0.00939494959 -0.00827575552
v -0.00233291438 -0.00870663515 -0.0088875376
v -0.00254439166 -0.00863457314 -0.00879443514
v -0.00133131792 -0.01049847 -0.00692332613
v -0.00182222178 -0.0099995195 -0.00757969248
v -0.00223420908 -0.00937343231 -0.0082087599
v -0.00244437506 -0.00930977455 -0.00810707438
v -0.000999200844 -0.0109708964 -0.00620997775
v -0.00156055739 -0.0105467497 -0.0068625294
v -0.00205050757 -0.0099891483 -0.00749994147
v -0.00225840857 -0.00993323914 -0.00738931525
v -0.000594604515 -0.0113755523 -0.00549233782
v -0.0012206917 -0.0110303222 -0.0061323725
v -0.0017839556 -0.0105465113 -0.00676942694
v -0.00198851874 -0.0104976355 -0.00664962161
v -0.000122178101 -0.0117076694 -0.00477898943
v -0.000806558632 -0.0114444553 -0.00539792407
v -0.00143777182 -0.0110389053 -0.0060259186
v -0.00163792422 -0.010996288 -0.00589669573
v 0.000412594772 -0.0119633137 -0.00407815802
v -0.000323045754 -0.011784321 -0.00466788638
v -0.00101600935 -0.0114606678 -0.00527788031
v 0.0010032768 -0.0121395647 -0.00339818823
v 0.000224244094 -0.0120459854 -0.00395060408
v -0.000523555779 -0.0118068515 -0.00453437197
v 0.00164295385 -0.0122342764 -0.00274694788
v 0.000828754402 -0.012226349 -0.00325466025
v 3.37476497e-05 -0.0120733439 -0.00380385745
v 0.00232435415 -0.0122464358 -0.00213206637
v 0.00148357103 -0.0123233258 -0.0025880419
v 0.00064946363 -0.0122570454 -0.00309503901
v 0.00303925226 -0.0121758043 -0.00156081545
v 0.00218082616 -0.0123357236 -0.00195873606
v 0.00131620119 -0.0123558103 -0.00241626131
v 0.00377930353 -0.012023276 -0.00103975165
v 0.00291253278 -0.0122634827 -0.00137413371
v 0.00202645013 -0.0123684465 -0.00177539217
v 0.00534475992 -0.0113602339 -0.000377782463
v 0.00453592489 -0.0117905795 -0.000575193047
v 0.00366998861 -0.0121073186 -0.000840910553
v 0.00277150819 -0.0122948348 -0.00117994177
v 0.00530017564 -0.0114805161 -0.000172504067
v 0.00444437215 -0.011869198 -0.000365503907
v 0.00354291151 -0.0121358096 -0.000636943459
v 0.0052265043 -0.0115518033 4.67218166e-05
v 0.00433160017 -0.0118932783 -0.000152715325
v 0.00581623266 -0.0111289679 0.000830522895
v 0.00592340181 -0.0111699759 0.000617376686
v 0.00600732515 -0.0111589491 0.000390640617
v 0.0060631151 -0.0110966026 0.00016354692
v 0.00608743379 -0.010986632 -5.06721729e-05
v 0.00670791814 -0.0106976687 0.000894299865
v 0.00677765558 -0.0106952249 0.000662557006
v 0.00681580255 -0.0106434881 0.000429145218
v 0.00681997488 -0.0105455577 0.000207892776
v 0.00747264574 -0.0101586639 0.00109433305
v 0.00752855489 -0.0101659953 0.000859013916
v 0.00754941652 -0.0101264178 0.000621191383
v 0.00753403852 -0.010042256 0.000394812942
v 0.00820840547 -0.0095593392 0.00121533048
v 0.00825096319 -0.00957751862 0.000977865577
v 0.00825525472 -0.00955141178 0.000737301231
v 0.00822104166 -0.00948262802 0.000507704139
v 0.00949801157 -0.00813001982 0.00143598688
v 0.0110966081 -0.00606310955 0.00016354692
v 0.0106952305 -0.00677770964 0.000662557006
v 0.0101586694 -0.00747258059 0.00109433305
v 0.0101049061 -0.00738496176 0.00131343973
v 0.0114804621 -0.0053001701 -0.000172504067
v 0.0111589546 -0.00600737921 0.000390640617
v 0.0106976146 -0.0067079722 0.000894299865
v 0.0106507654 -0.00661063782 0.00111078394
v 0.0117905254 -0.00453591934 -0.000575193047
v 0.0115518684 -0.00522649876 4.67218166e-05
v 0.0111699219 -0.00592339627 0.000617376686
v 0.0111290331 -0.00581622711 0.000830522895
v 0.0120232219 -0.00377929798 -0.00103975165
v 0.0118692035 -0.00444436661 -0.000365503907
v 0.0115701074 -0.0051282107 0.000267020584
v 0.0115341062 -0.00501090876 0.00047575605
v 0.0121758098 -0.00303918711 -0.00156081545
v 0.0121073837 -0.00366998307 -0.000840910553
v 0.0118932838 -0.00433159462 -0.000152715325
v 0.0118614549 -0.0042042791 5.06557232e-05
v 0.0122463817 -0.002324289 -0.00213206637
v 0.0122634287 -0.00291252724 -0.00137413371
v 0.0121357555 -0.00354296557 -0.000636943459
v 0.0121070261 -0.00340569607 -0.000439652085
v 0.0122343416 -0.00164300791 -0.00274694788
v 0.0123357887 -0.00218088022 -0.00195873606
v 0.0122947807 -0.00277156225 -0.00117994177
v 0.0122680778 -0.0026245176 -0.000989564537
v 0.0121395702 -0.00100321165 -0.00339818823
v 0.0123232717 -0.00148356549 -0.0025880419
v 0.012368452 -0.00202638499 -0.00177539217
v 0.0123425836 -0.0018699824 -0.00159252512
v 0.0119633789 -0.000412529624 -0.00407815802
v 0.0122263546 -0.000828808463 -0.00325466025
v 0.0123558159 -0.00131625525 -0.00241626131
v 0.0123298282 -0.00115085236 -0.0022415005
v 0.011707675 0.000122183645 -0.00477898943
v 0.0120459909 -0.000224238551 -0.00395060408
v 0.0122569914 -0.000649398482 -0.00309503901
v 0.0122298116 -0.000475591338 -0.00292886126
v 0.0113755579 0.000594610059 -0.00549233782
v 0.0117843265 0.000322991693 -0.00466788638
v 0.0120732898 -3.37421061e-05 -0.00380385745
v 0.0120437259 0.000147873246 -0.00364662039
v 0.0109709615 0.000999265992 -0.00620997775
v 0.0114444608 0.000806504571 -0.00539792407
v 0.0118068571 0.000523620927 -0.00453437197
v 0.0117739553 0.000712210023 -0.00438631403
v 0.0104984159 0.00133138307 -0.00692332613
v 0.0110303278 0.00122063764 -0.0061323725
v 0.0114606733 0.0010160149 -0.00527788031
v 0.0114233608 0.00121086248 -0.00513923991
v 0.00996376226 0.00158702739 -0.00762415755
v 0.0105468149 0.00156056293 -0.0068625294
v 0.0110389108 0.00143783697 -0.0060259186
v 0.0109962339 0.00163798937 -0.00589669573
v 0.00937308023 0.00176327833 -0.00830424654
v 0.00999952505 0.00182222732 -0.00757969248
v 0.0105464573 0.00178396114 -0.00676942694
v 0.00873328397 0.00185799011 -0.00895548689
v 0.00939501474 0.00200259098 -0.00827575552
v 0.00998915384 0.00205045351 -0.00749994147
v 0.00805200288 0.00187014946 -0.00957036841
v 0.00874019811 0.00209956774 -0.00894225466
v 0.00937343786 0.00223415502 -0.0082087599
v 0.00733710477 0.00179951795 -0.0101416193
v 0.00804294298 0.0021119655 -0.0095715605
v 0.00870658109 0.00233291992 -0.0088875376
v 0.0065970535 0.00164698967 -0.0106625639
v 0.00731123636 0.00203972467 -0.0101562821
v 0.00799645135 0.0023455561 -0.00952840674
v 0.00512672613 0.000888699376 -0.0114320599
v 0.00584043214 0.00141429313 -0.0111271225
v 0.00655378053 0.0018835605 -0.010689386
v 0.00725127409 0.00227194437 -0.0101238571
v 0.00507618139 0.00110417017 -0.0115298115
v 0.00577939699 0.00164543995 -0.0111649119
v 0.00647987077 0.00211291918 -0.0106668555
v 0.00499726484 0.00132804521 -0.0115770184
v 0.00569130132 0.00187038788 -0.0111510836
v 0.00396920393 0.00134360203 -0.0118664585
v 0.00409949968 0.00114708551 -0.0119211756
v 0.00421644399 0.000935190999 -0.0119210564
v 0.00431324194 0.000720316255 -0.0118659817
v 0.00438417146 0.000515037858 -0.0117591702
v 0.00331486414 0.000674778306 -0.0121980988
v 0.00344611356 0.000471407258 -0.0121928536
v 0.00356055448 0.000267201745 -0.01213158
v 0.00365151117 7.40230916e-05 -0.0120177351
v 0.00255025575 0.000135773504 -0.012398132
v 0.00269521425 -5.7762778e-05 -0.0123893105
v 0.00282694051 -0.000249928153 -0.012323507
v 0.00293756673 -0.000429278529 -0.0122045361
v 0.00181449602 -0.0004635512 -0.0125191294
v 0.00197280595 -0.000646239436 -0.0125081621
v 0.0021209831 -0.000824874556 -0.0124396168
v 0.00225044439 -0.000988906539 -0.0123175465
v -0.00949798872 0.00813000807 -0.00143600333
v -0.00883721163 0.00883715757 -0.00147701132
v -0.0101048832 0.00738495001 -0.00131345618
v -0.0106507426 0.00661062607 -0.00111080038
v -0.0111290102 0.00581621536 -0.000830539345
v -0.0115340834 0.00501095661 -0.00047565329
v -0.0118614321 0.00420426735 -5.06721729e-05
v -0.0121070032 0.00340568432 0.000439635635
v -0.012268055 0.00262456545 0.000989548088
v -0.0123425608 0.00186997064 0.00159250867
v -0.0123298054 0.0011508406 0.00224148405
v -0.0122297888 0.000475579583 0.00292884481
v -0.0120438223 -0.000147885001 0.00364660394
v -0.0117739325 -0.000712221778 0.00438629758
v -0.011423338 -0.00121087424 0.00513922346
v -0.0109963303 -0.00163800112 0.00589667928
v -0.0104976778 -0.00198853604 0.00664960516
v -0.00993322184 -0.00225836626 0.0073892988
v -0.00930975726 -0.00244439236 0.00810705793
v -0.00863455584 -0.00254434935 0.0087945379
v -0.00791548541 -0.00255716435 0.00944351327
v -0.0071608906 -0.00248265854 0.0100464739
v -0.00637971213 -0.00232160679 0.0105962671
v -0.0055811291 -0.00207603565 0.0110865749
v -0.00477443984 -0.00174874655 0.0115116752
v -0.00396918108 -0.00134355418 0.0118664421
v -0.00317477038 -0.000865286505 0.0121468223
v -0.00240050604 -0.000319546378 0.0123493589
v -0.00165532877 0.000287348115 0.0124719061
v -0.000948298478 0.000948244417 0.0125129141
v -0.000287402176 0.00165539392 0.0124719061
v 0.000319492317 0.00240045198 0.0123493589
v 0.000865351654 0.00317477592 0.0121468223
v 0.00134361932 0.00396918663 0.0118664421
v 0.00174869249 0.00477450498 0.0115116752
v 0.0020760412 0.00558113464 0.0110865749
v 0.00232161233 0.00637971767 0.0105962671
v 0.00248266408 0.00716089615 0.0100464739
v 0.00255716989 0.00791543134 0.00944351327
v 0.0025444145 0.00863456138 0.0087945379
v 0.0024443979 0.0093098224 0.00810705793
v 0.0022583122 0.00993328699 0.0073892988
v 0.00198854158 0.0104976238 0.00664960516
v 0.00163794706 0.0109962762 0.00589667928
v 0.00121093938 0.0114234031 0.00513922346
v 0.000712167717 0.011773938 0.00438629758
v 0.00014783094 0.0120437683 0.00364660394
v -0.000475633645 0.0122297943 0.00292884481
v -0.00115083506 0.0123297513 0.00224148405
v -0.0018700247 0.0123425663 0.00159250867
v -0.0026245003 0.0122680605 0.000989548088
v -0.00340567877 0.0121070088 0.000439635635
v -0.0042042618 0.0118614376 -5.06721729e-05
v -0.00501095107 0.0115341485 -0.00047565329
v -0.00581620982 0.0111289562 -0.000830539345
v -0.00661062052 0.0106506885 -0.00111080038
v -0.00738500407 0.0101049484 -0.00131345618
v -0.00813006213 0.00949805387 -0.00143600333
v -0.00820838263 0.00955932745 -0.00121534693
v -0.00747262289 0.0101586522 -0.0010943495
v -0.00670801451 0.010697657 -0.000894316315
v -0.00592337897 0.0111699642 -0.000617393135
v -0.0051281338 0.0115700901 -0.000267037033
v -0.00433157732 0.0118932665 0.000152698875
v -0.00354300787 0.0121357978 0.000636927009
v -0.00277160456 0.012294823 0.00117992532
v -0.00202642729 0.0123684348 0.00177537572
v -0.00131629755 0.0123557986 0.00241624487
v -0.000649440789 0.0122570337 0.00309502256
v -3.37248082e-05 0.0120733322 0.003803841
v 0.00052357862 0.0118068398 0.00453435552
v 0.0010160322 0.0114607156 0.00527786386
v 0.00143779466 0.0110388935 0.00602590215
v 0.00178397844 0.0105464996 0.00676941049
v 0.0020504112 0.00998913654 0.00749992502
v 0.00223411272 0.00937348016 0.00820874345
v 0.00233293722 0.0087066234 0.00888752115
v 0.0023455734 0.00799649366 0.00952839029
v 0.00227190206 0.00725131639 0.0101238407
v 0.00211287687 0.00647991308 0.010666839
v 0.00187040517 0.00569128402 0.0111510671
v 0.00154722879 0.00489466795 0.011570803
v 0.0011470432 0.00409948238 0.0119211591
v 0.000674736 0.00331490644 0.0121980823
v 0.000135790802 0.00255029806 0.0123981155
v -0.000463474297 0.00181447872 0.0125191129
v -0.00111614516 0.0011161507 0.0125596441
v -0.00181447318 0.000463539445 0.0125191129
v -0.00255023291 -0.000135785258 0.0123981155
v -0.0033149605 -0.000674790061 0.0121980823
v -0.00409947684 -0.00114709727 0.0119211591
v -0.00489472201 -0.00154716364 0.011570803
v -0.00569127848 -0.00187039963 0.0111510671
v -0.00647996714 -0.00211293093 0.010666839
v -0.00725137045 -0.00227195612 0.0101238407
v -0.00799642851 -0.00234556786 0.00952839029
v -0.00870667746 -0.00233293167 0.00888752115
v -0.00937341502 -0.00223416678 0.00820874345
v -0.009989131 -0.00205046526 0.00749992502
v -0.0105464344 -0.0017839729 0.00676941049
v -0.011038888 -0.00143778912 0.00602590215
v -0.0114606505 -0.00101602665 0.00527786386
v -0.0118068342 -0.000523632682 0.00453435552
v -0.0120733862 3.37303517e-05 0.003803841
v -0.0122570877 0.000649386728 0.00309502256
v -0.012355793 0.00131624349 0.00241624487
v -0.0123684292 0.00202637323 0.00177537572
v -0.0122947579 0.0027715505 0.00117992532
v -0.0121358519 0.00354295381 0.000636927009
v -0.011893261 0.00433158287 0.000152698875
v -0.0115700846 0.00512819895 -0.000267037033
v -0.0111700182 0.00592344412 -0.000617393135
v -0.010697711 0.00670796045 -0.000894316315
v -0.0101586466 0.00747262844 -0.0010943495
v -0.00955938151 0.00820838817 -0.00121534693
v -0.00890671065 0.00890671619 -0.00125587809
v -0.00825094035 0.00957750686 -0.000977762818
v -0.00752853205 0.0101659835 -0.000859030365
v -0.00677775195 0.0106952132 -0.000662573456
v -0.00600742152 0.0111589373 -0.000390657067
v -0.00522648146 0.0115518511 -4.66190571e-05
v -0.00444434931 0.0118691862 0.000365487457
v -0.00366996577 0.0121073068 0.000840894104
v -0.00291250994 0.012263471 0.00137411726
v -0.00218080332 0.0123357118 0.00195871961
v -0.00148354819 0.012323314 0.00258802545
v -0.000828850769 0.0122263969 0.0032546438
v -0.000224221253 0.0120459736 0.00395058763
v 0.000322949386 0.0117843092 0.00466786993
v 0.000806581474 0.0114444435 0.00539790762
v 0.00122071455 0.0110303105 0.00613235605
v 0.00156058023 0.010546738 0.00686251295
v 0.00182224462 0.00999950775 0.00757979524
v 0.00200260828 0.00939499744 0.00827573907
v 0.00209952543 0.00874018081 0.00894223821
v 0.00211192319 0.00804292568 0.00957154405
v 0.00203968236 0.00731121906 0.0101562656
v 0.0018835182 0.00655376323 0.0106893696
v 0.00164545724 0.00577943929 0.0111648954
v 0.00132812212 0.00499724754 0.0115770019
v 0.000935208297 0.00421642669 0.0119210399
v 0.000471484161 0.00344603666 0.0121928371
v -5.78050847e-05 0.00269525655 0.012389294
v -0.000646222138 0.00197278866 0.0125081457
v -0.00128709128 0.00128709682 0.0125479616
v -0.00197278311 0.000646287286 0.0125081457
v -0.00269531062 5.78106282e-05 0.012389294
v -0.00344609072 -0.000471419013 0.0121928371
v -0.00421642115 -0.000935202754 0.0119210399
v -0.004997242 -0.00132805697 0.0115770019
v -0.00577937415 -0.0016454517 0.0111648954
v -0.00655375769 -0.00188357226 0.0106893696
v -0.00731121352 -0.00203967682 0.0101562656
v -0.00804292014 -0.00211197726 0.00957154405
v -0.00874017527 -0.00209957949 0.00894223821
v -0.0093949919 -0.00200260273 0.00827573907
v -0.00999950221 -0.00182223908 0.00757979524
v -0.0105467921 -0.00156057469 0.00686251295
v -0.0110303049 -0.0012206494 0.00613235605
v -0.011444438 -0.000806516326 0.00539790762
v -0.0117843037 -0.000323003447 0.00466786993
v -0.0120459681 0.000224226796 0.00395058763
v -0.0122263317 0.000828796708 0.0032546438
v -0.0123233681 0.00148355373 0.00258802545
v -0.0123357659 0.00218086847 0.00195871961
v -0.0122634058 0.00291251549 0.00137411726
v -0.0121073609 0.00366997131 0.000840894104
v -0.0118691807 0.00444435486 0.000365487457
v -0.0115518456 0.00522654661 -4.66190571e-05
v -0.0111589318 0.00600736746 -0.000390657067
v -0.0106952076 0.00677769788 -0.000662573456
v -0.0101659184 0.0075285376 -0.000859030365
v -0.00957750132 0.00825100549 -0.000977762818
v -0.00893663218 0.00893663772 -0.00101757872
v -0.00825535109 0.00955140003 -0.000737198471
v -0.00754939368 0.010126406 -0.000621207833
v -0.00681577971 0.0106434763 -0.000429161667
v -0.00606309226 0.0110966504 -0.00016356337
v -0.0053001528 0.0114805044 0.000172606826
v -0.00453590205 0.0117905677 0.000575295807
v -0.00377928069 0.0120232643 0.00103985441
v -0.00303922942 0.0121757925 0.001560799
v -0.00232433131 0.012246424 0.00213204992
v -0.00164305022 0.0122343243 0.00274693143
v -0.00100325396 0.0121395529 0.00339817178
v -0.00041257193 0.011963302 0.00407814157
v 0.000122200943 0.0117076577 0.00477897298
v 0.000594627357 0.0113755406 0.00549244058
v 0.000999223686 0.0109708846 0.0062099613
v 0.00133134077 0.0104984582 0.00692330968
v 0.00158704469 0.00996374496 0.0076241411
v 0.00176323602 0.00937306293 0.00830423009
v 0.00185800741 0.00873332628 0.00895547044
v 0.00187016676 0.00805198559 0.00957035196
v 0.00179947565 0.00733708748 0.0101416029
v 0.00164700697 0.0065969766 0.0106625475
v 0.00141431043 0.00584041485 0.0111271061
v 0.00110424707 0.00507616409 0.0115297951
v 0.000720273948 0.00431322464 0.0118659652
v 0.000267159439 0.00356053718 0.0121315635
v -0.00024985125 0.00282692322 0.0123234905
v -0.000824916863 0.0021209658 0.0124396003
v -0.00145100405 0.0014510096 0.0124784626
v -0.00212096026 0.000824862802 0.0124396003
v -0.00282691767 0.000249916398 0.0123234905
v -0.00356053164 -0.0002672135 0.0121315635
v -0.00431321909 -0.000720328009 0.0118659652
v -0.00507615855 -0.00110418192 0.0115297951
v -0.0058404093 -0.00141430489 0.0111271061
v -0.00659703066 -0.00164694182 0.0106625475
v -0.00733708193 -0.00179952971 0.0101416029
v -0.00805198004 -0.00187010161 0.00957035196
v -0.00873326113 -0.00185800186 0.00895547044
v -0.00937305739 -0.00176329008 0.00830423009
v -0.00996373942 -0.00158703915 0.0076241411
v -0.0104985123 -0.00133133522 0.00692330968
v -0.0109709387 -0.000999277747 0.0062099613
v -0.011375535 -0.000594621813 0.00549244058
v -0.0117076521 -0.000122135794 0.00477897298
v -0.011963356 0.000412517869 0.00407814157
v -0.0121395474 0.0010032595 0.00339817178
v -0.0122343188 0.00164299616 0.00274693143
v -0.0122464781 0.00232433685 0.00213204992
v -0.012175787 0.00303923496 0.001560799
v -0.0120233183 0.00377928623 0.00103985441
v -0.0117906218 0.00453590759 0.000575295807
v -0.0114804392 0.00530015835 0.000172606826
v -0.0110965853 0.0060630978 -0.00016356337
v -0.0106434708 0.00681578525 -0.000429161667
v -0.0101263409 0.00754939922 -0.000621207833
v -0.00955139449 0.00825529703 -0.000737198471
v -0.0089253073 0.00892525324 -0.0007760607
v -0.00822113802 0.00948261627 -0.000507720589
v -0.00753401568 0.0100422443 -0.000394710183
v -0.00681995203 0.0105455459 -0.000207909226
v -0.00608741095 0.0109866203 5.06557232e-05
v -0.00534485629 0.0113602222 0.000377766014
v -0.00460099032 0.0116620601 0.000769726158
v -0.00386451533 0.0118884982 0.00122188699
v -0.00314413359 0.0120369733 0.00172900331
v -0.00244830897 0.0121057571 0.00228499544
v -0.00178514769 0.0120938958 0.00288342607
v -0.00116251757 0.0120016874 0.00351738107
v -0.000587571167 0.0118302048 0.00417923105
v -6.71034092e-05 0.0115813554 0.0048613466
v 0.000392686821 0.0112580598 0.00555562151
v 0.000786554313 0.0108642519 0.00625406873
v 0.0011097307 0.0104044021 0.00694846284
v 0.00135863969 0.00988393434 0.0076305784
v 0.00153018186 0.00930904754 0.00829242837
v 0.00162233064 0.00868635782 0.00892638338
v 0.00163413236 0.00802319654 0.00952481401
v 0.00156546781 0.00732737192 0.0100808061
v 0.00141693304 0.00660704979 0.0105879225
v 0.00119043539 0.0058706344 0.0110400833
v 0.000888716674 0.00512676843 0.0114320434
v 0.000515114761 0.00438415416 0.0117591537
v 7.40403896e-05 0.00365155348 0.0120177187
v -0.000429261231 0.00293754944 0.0122045196
v -0.000988948845 0.00225042709 0.01231753
v -0.00159834673 0.00159835228 0.0123553194
v -0.00225042155 0.000988954389 0.01231753
v -0.00293754389 0.000429266774 0.0122045196
v -0.00365160754 -7.4034846e-05 0.0120177187
v -0.00438414862 -0.000515049613 0.0117591537
v -0.00512670329 -0.000888651526 0.0114320434
v -0.00587056925 -0.00119048945 0.0110400833
v -0.00660704424 -0.0014169871 0.0105879225
v -0.00732742598 -0.00156546227 0.0100808061
v -0.0080232506 -0.00163418642 0.00952481401
v -0.00868629267 -0.0016223847 0.00892638338
v -0.009309042 -0.00153017632 0.00829242837
v -0.0098839884 -0.00135863415 0.0076305784
v -0.0104044562 -0.00110978476 0.00694846284
v -0.0108642464 -0.00078654877 0.00625406873
v -0.0112581139 -0.000392681277 0.00555562151
v -0.0115812903 6.71685575e-05 0.0048613466
v -0.0118301993 0.000587576711 0.00417923105
v -0.0120017414 0.00116252311 0.00351738107
v -0.0120938902 0.00178521284 0.00288342607
v -0.0121056919 0.00244837412 0.00228499544
v -0.0120370274 0.00314413913 0.00172900331
v -0.0118884926 0.00386452087 0.00122188699
v -0.011661995 0.00460093626 0.000769726158
v -0.0113602762 0.00534480222 0.000377766014
v -0.0109865551 0.00608735689 5.06557232e-05
v -0.0105456 0.00681995758 -0.000207909226
v -0.0100422983 0.00753402122 -0.000394710183
v -0.00948261073 0.00822108396 -0.000507720589
v -0.00887321284 0.00887315878 -0.000545509934
v 0.0062492008 -0.00624919525 -0.00896633494
v -0.00727473547 0.0078237594 0.00666081083
v 0.00654627035 -0.00599718682 -0.00892639983
v -0.00695287039 0.00801354059 0.00677799356
v 0.00686813543 -0.00580746523 -0.00880921709
v -0.00662814429 0.00812810072 0.00696431768
v 0.00719286153 -0.0056928455 -0.00862289298
v -0.00632261088 0.00815969118 0.00720726621
v 0.00749839494 -0.00566125504 -0.00837994444
v -0.00605713179 0.00810616621 0.00749014986
v 0.00776387403 -0.00571478001 -0.00809718001
v -0.00584982684 0.00797116169 0.00779365671
v 0.00797117899 -0.00584984413 -0.00779367316
v -0.00571476271 0.00776385673 0.00809716356
v 0.0081061239 -0.00605714909 -0.0074900471
v -0.00566123774 0.00749837764 0.0083800472
v 0.00815964887 -0.00632256857 -0.00720728266
v -0.0056928282 0.00719284424 0.00862287653
v 0.00812805841 -0.00662810198 -0.00696433413
v -0.00580738833 0.00686811813 0.00880920065
v 0.00801349828 -0.00695288769 -0.00677801001
v -0.00599716952 0.00654619344 0.00892638338
v 0.00782371709 -0.00727475277 -0.00666082728
v -0.00624917796 0.0062491835 0.00896631849
v 0.00757182787 -0.00757176272 -0.00662089217
v -0.00654624751 0.00599717506 0.00892638338
v 0.00727475832 -0.00782377116 -0.00666082728
v -0.00686811259 0.00580745348 0.00880920065
v 0.00695289323 -0.00801349274 -0.00677801001
v -0.00719283869 0.00569283375 0.00862287653
v 0.00662804792 -0.00812811247 -0.00696433413
v -0.0074983721 0.00566124328 0.0083800472
v 0.00632263372 -0.00815970293 -0.00720728266
v -0.00776385119 0.00571482786 0.00809716356
v 0.00605715463 -0.00810617796 -0.0074900471
v -0.00797115614 0.00584983238 0.00779365671
v 0.00584984968 -0.00797111384 -0.00779367316
v -0.00810610106 0.00605713733 0.00749014986
v 0.00571478555 -0.00776380888 -0.00809718001
v -0.00815974524 0.00632255682 0.00720726621
v 0.00566126058 -0.0074983894 -0.00837994444
v -0.00812815478 0.00662809023 0.00696431768
v 0.00569285104 -0.00719285599 -0.00862289298
v -0.00801347544 0.00695287594 0.00677799356
v 0.00580741117 -0.00686807028 -0.00880921709
v -0.00782381346 0.00727474102 0.00666081083
v 0.00599719236 -0.0065462052 -0.00892639983
v -0.00757180502 0.00757181057 0.00662087572
v -0.00691043189 0.00691049703 0.00779365671
v 0.00691045473 -0.00691050879 -0.00779367316
f 1 2 3
f 3 2 4
f 5 6 7
f 8 9 10
f 10 9 11
f 1 3 12
f 12 3 13
f 12 13 14
f 14 13 15
f 15 13 16
f 15 16 17
f 7 18 5
f 5 18 19
f 5 19 20
f 9 21 11
f 11 21 22
f 11 22 23
f 24 25 26
f 2 27 4
f 4 27 28
f 4 28 29
f 19 30 20
f 20 30 31
f 20 31 16
f 16 31 32
f 16 32 17
f 22 33 23
f 23 33 34
f 23 34 6
f 6 34 35
f 6 35 7
f 8 10 36
f 36 10 37
f 36 37 38
f 26 39 24
f 24 39 40
f 24 40 41
f 42 43 44
f 44 43 45
f 42 44 46
f 46 44 47
f 46 47 48
f 48 47 49
f 49 47 50
f 49 50 51
f 28 52 29
f 29 52 53
f 29 53 54
f 43 55 45
f 45 55 56
f 45 56 25
f 25 56 57
f 25 57 26
f 58 59 60
f 60 59 61
f 58 60 62
f 62 60 63
f 62 63 64
f 64 63 65
f 65 63 66
f 65 66 67
f 53 68 54
f 54 68 69
f 54 69 66
f 66 69 70
f 66 70 67
f 40 71 41
f 41 71 72
f 41 72 37
f 37 72 73
f 37 73 38
f 74 75 50
f 50 75 76
f 50 76 51
f 77 78 74
f 74 78 79
f 74 79 75
f 80 81 77
f 77 81 82
f 77 82 78
f 59 83 61
f 61 83 84
f 61 84 80
f 80 84 85
f 80 85 81
f 86 87 88
f 89 90 91
f 92 93 94
f 95 96 97
f 98 99 100
f 101 102 103
f 104 105 106
f 107 108 109
f 110 111 112
f 113 114 115
f 116 117 118
f 119 120 121
f 122 123 124
f 125 126 127
f 128 129 130
f 131 132 133
f 134 135 136
f 137 138 139
f 140 141 142
f 143 144 145
f 146 147 148
f 149 150 151
f 152 153 154
f 155 156 157
f 158 159 160
f 161 162 163
f 164 165 166
f 167 168 169
f 170 171 172
f 173 174 175
f 176 177 178
f 179 180 181
f 182 183 184
f 185 186 187
f 188 189 190
f 191 192 193
f 194 195 196
f 197 198 199
f 200 201 202
f 203 204 205
f 206 207 208
f 209 210 211
f 212 213 214
f 215 216 217
f 218 219 220
f 221 222 223
f 224 225 226
f 227 228 229
f 230 231 232
f 233 234 235
f 236 237 238
f 239 240 241
f 242 243 244
f 245 246 247
f 248 249 250
f 251 252 253
f 254 255 256
f 257 258 259
f 260 261 262
f 263 264 265
f 266 267 268
f 269 270 271
f 272 273 240
f 240 273 274
f 240 274 241
f 241 274 275
f 241 275 276
f 276 277 278
f 278 277 279
f 279 280 281
f 281 280 282
f 282 283 284
f 284 283 285
f 285 286 287
f 287 286 288
f 288 289 290
f 290 289 291
f 291 292 293
f 293 292 294
f 294 295 296
f 296 295 260
f 297 298 299
f 300 301 302
f 303 304 305
f 306 307 308
f 309 310 311
f 312 313 314
f 315 316 317
f 318 319 320
f 321 322 323
f 324 325 326
f 327 328 329
f 330 331 332
f 333 334 335
f 257 259 336
f 337 338 237
f 237 338 339
f 237 339 238
f 238 339 340
f 238 340 341
f 341 342 343
f 343 342 344
f 344 345 346
f 346 345 347
f 347 348 349
f 349 348 350
f 350 351 352
f 352 351 353
f 353 354 355
f 355 354 356
f 356 357 358
f 358 357 359
f 359 360 361
f 361 360 245
f 362 363 364
f 365 366 367
f 368 369 370
f 371 372 373
f 374 375 376
f 377 378 379
f 380 381 382
f 383 384 385
f 386 387 388
f 389 390 391
f 392 393 394
f 395 396 397
f 398 399 400
f 242 244 401
f 264 272 265
f 265 272 240
f 265 240 402
f 402 240 239
f 402 239 403
f 249 337 250
f 250 337 237
f 250 237 404
f 404 237 236
f 404 236 405
f 267 263 268
f 268 263 265
f 268 265 406
f 406 265 402
f 406 402 407
f 407 402 403
f 407 403 408
f 252 248 253
f 253 248 250
f 253 250 409
f 409 250 404
f 409 404 410
f 410 404 405
f 410 405 411
f 270 266 271
f 271 266 268
f 271 268 412
f 412 268 406
f 412 406 413
f 413 406 407
f 413 407 414
f 414 407 408
f 414 408 415
f 255 251 256
f 256 251 253
f 256 253 416
f 416 253 409
f 416 409 417
f 417 409 410
f 417 410 418
f 418 410 411
f 418 411 419
f 420 269 421
f 421 269 271
f 421 271 422
f 422 271 412
f 422 412 423
f 423 412 413
f 423 413 424
f 424 413 414
f 424 414 425
f 425 414 415
f 425 415 235
f 426 254 427
f 427 254 256
f 427 256 428
f 428 256 416
f 428 416 429
f 429 416 417
f 429 417 430
f 430 417 418
f 430 418 431
f 431 418 419
f 431 419 160
f 432 433 434
f 435 436 437
f 438 420 439
f 439 420 421
f 439 421 440
f 440 421 422
f 440 422 441
f 441 422 423
f 441 423 442
f 442 423 424
f 442 424 443
f 443 424 425
f 443 425 444
f 444 425 235
f 444 235 445
f 445 235 234
f 276 278 241
f 241 278 446
f 241 446 239
f 239 446 447
f 239 447 403
f 403 447 448
f 403 448 408
f 408 448 449
f 408 449 415
f 415 449 232
f 415 232 235
f 235 232 231
f 235 231 233
f 279 281 278
f 278 281 450
f 278 450 446
f 446 450 451
f 446 451 447
f 447 451 452
f 447 452 448
f 448 452 453
f 448 453 449
f 449 453 229
f 449 229 232
f 232 229 228
f 232 228 230
f 282 284 281
f 281 284 454
f 281 454 450
f 450 454 455
f 450 455 451
f 451 455 456
f 451 456 452
f 452 456 457
f 452 457 453
f 453 457 226
f 453 226 229
f 229 226 225
f 229 225 227
f 285 287 284
f 284 287 458
f 284 458 454
f 454 458 459
f 454 459 455
f 455 459 460
f 455 460 456
f 456 460 461
f 456 461 457
f 457 461 223
f 457 223 226
f 226 223 222
f 226 222 224
f 288 290 287
f 287 290 462
f 287 462 458
f 458 462 463
f 458 463 459
f 459 463 464
f 459 464 460
f 460 464 465
f 460 465 461
f 461 465 220
f 461 220 223
f 223 220 219
f 223 219 221
f 291 293 290
f 290 293 466
f 290 466 462
f 462 466 467
f 462 467 463
f 463 467 468
f 463 468 464
f 464 468 469
f 464 469 465
f 465 469 217
f 465 217 220
f 220 217 216
f 220 216 218
f 294 296 293
f 293 296 470
f 293 470 466
f 466 470 471
f 466 471 467
f 467 471 472
f 467 472 468
f 468 472 473
f 468 473 469
f 469 473 214
f 469 214 217
f 217 214 213
f 217 213 215
f 260 262 296
f 296 262 474
f 296 474 470
f 470 474 475
f 470 475 471
f 471 475 476
f 471 476 472
f 472 476 477
f 472 477 473
f 473 477 211
f 473 211 214
f 214 211 210
f 214 210 212
f 262 478 474
f 474 478 479
f 474 479 475
f 475 479 480
f 475 480 476
f 476 480 481
f 476 481 477
f 477 481 208
f 477 208 211
f 211 208 207
f 211 207 209
f 478 482 479
f 479 482 483
f 479 483 480
f 480 483 484
f 480 484 481
f 481 484 205
f 481 205 208
f 208 205 204
f 208 204 206
f 482 485 483
f 483 485 486
f 483 486 484
f 484 486 202
f 484 202 205
f 205 202 201
f 205 201 203
f 485 432 486
f 486 432 434
f 486 434 202
f 202 434 487
f 202 487 200
f 488 489 490
f 490 489 433
f 490 433 491
f 491 433 432
f 491 432 492
f 492 432 485
f 492 485 493
f 493 485 482
f 493 482 494
f 494 482 478
f 494 478 495
f 495 478 262
f 495 262 496
f 496 262 261
f 489 497 433
f 433 497 498
f 433 498 434
f 434 498 499
f 434 499 487
f 198 488 199
f 199 488 490
f 199 490 500
f 500 490 491
f 500 491 501
f 501 491 492
f 501 492 502
f 502 492 493
f 502 493 503
f 503 493 494
f 503 494 299
f 299 494 495
f 299 495 297
f 297 495 496
f 195 197 196
f 196 197 199
f 196 199 504
f 504 199 500
f 504 500 505
f 505 500 501
f 505 501 506
f 506 501 502
f 506 502 507
f 507 502 503
f 507 503 302
f 302 503 299
f 302 299 300
f 300 299 298
f 192 194 193
f 193 194 196
f 193 196 508
f 508 196 504
f 508 504 509
f 509 504 505
f 509 505 510
f 510 505 506
f 510 506 511
f 511 506 507
f 511 507 305
f 305 507 302
f 305 302 303
f 303 302 301
f 189 191 190
f 190 191 193
f 190 193 512
f 512 193 508
f 512 508 513
f 513 508 509
f 513 509 514
f 514 509 510
f 514 510 515
f 515 510 511
f 515 511 308
f 308 511 305
f 308 305 306
f 306 305 304
f 186 188 187
f 187 188 190
f 187 190 516
f 516 190 512
f 516 512 517
f 517 512 513
f 517 513 518
f 518 513 514
f 518 514 519
f 519 514 515
f 519 515 311
f 311 515 308
f 311 308 309
f 309 308 307
f 183 185 184
f 184 185 187
f 184 187 520
f 520 187 516
f 520 516 521
f 521 516 517
f 521 517 522
f 522 517 518
f 522 518 523
f 523 518 519
f 523 519 314
f 314 519 311
f 314 311 312
f 312 311 310
f 180 182 181
f 181 182 184
f 181 184 524
f 524 184 520
f 524 520 525
f 525 520 521
f 525 521 526
f 526 521 522
f 526 522 527
f 527 522 523
f 527 523 317
f 317 523 314
f 317 314 315
f 315 314 313
f 177 179 178
f 178 179 181
f 178 181 528
f 528 181 524
f 528 524 529
f 529 524 525
f 529 525 530
f 530 525 526
f 530 526 531
f 531 526 527
f 531 527 320
f 320 527 317
f 320 317 318
f 318 317 316
f 174 176 175
f 175 176 178
f 175 178 532
f 532 178 528
f 532 528 533
f 533 528 529
f 533 529 534
f 534 529 530
f 534 530 535
f 535 530 531
f 535 531 323
f 323 531 320
f 323 320 321
f 321 320 319
f 171 173 172
f 172 173 175
f 172 175 536
f 536 175 532
f 536 532 537
f 537 532 533
f 537 533 538
f 538 533 534
f 538 534 539
f 539 534 535
f 539 535 326
f 326 535 323
f 326 323 324
f 324 323 322
f 168 170 169
f 169 170 172
f 169 172 540
f 540 172 536
f 540 536 541
f 541 536 537
f 541 537 542
f 542 537 538
f 542 538 543
f 543 538 539
f 543 539 329
f 329 539 326
f 329 326 327
f 327 326 325
f 165 167 166
f 166 167 169
f 166 169 544
f 544 169 540
f 544 540 545
f 545 540 541
f 545 541 546
f 546 541 542
f 546 542 547
f 547 542 543
f 547 543 332
f 332 543 329
f 332 329 330
f 330 329 328
f 162 164 163
f 163 164 166
f 163 166 548
f 548 166 544
f 548 544 549
f 549 544 545
f 549 545 550
f 550 545 546
f 550 546 551
f 551 546 547
f 551 547 335
f 335 547 332
f 335 332 333
f 333 332 331
f 552 161 553
f 553 161 163
f 553 163 554
f 554 163 548
f 554 548 555
f 555 548 549
f 555 549 556
f 556 549 550
f 556 550 557
f 557 550 551
f 557 551 259
f 259 551 335
f 259 335 336
f 336 335 334
f 258 558 259
f 259 558 559
f 259 559 557
f 557 559 560
f 557 560 556
f 556 560 561
f 556 561 555
f 555 561 562
f 555 562 554
f 554 562 563
f 554 563 553
f 553 563 564
f 553 564 552
f 552 564 565
f 558 426 559
f 559 426 427
f 559 427 560
f 560 427 428
f 560 428 561
f 561 428 429
f 561 429 562
f 562 429 430
f 562 430 563
f 563 430 431
f 563 431 564
f 564 431 160
f 564 160 565
f 565 160 159
f 341 343 238
f 238 343 566
f 238 566 236
f 236 566 567
f 236 567 405
f 405 567 568
f 405 568 411
f 411 568 569
f 411 569 419
f 419 569 157
f 419 157 160
f 160 157 156
f 160 156 158
f 344 346 343
f 343 346 570
f 343 570 566
f 566 570 571
f 566 571 567
f 567 571 572
f 567 572 568
f 568 572 573
f 568 573 569
f 569 573 154
f 569 154 157
f 157 154 153
f 157 153 155
f 347 349 346
f 346 349 574
f 346 574 570
f 570 574 575
f 570 575 571
f 571 575 576
f 571 576 572
f 572 576 577
f 572 577 573
f 573 577 151
f 573 151 154
f 154 151 150
f 154 150 152
f 350 352 349
f 349 352 578
f 349 578 574
f 574 578 579
f 574 579 575
f 575 579 580
f 575 580 576
f 576 580 581
f 576 581 577
f 577 581 148
f 577 148 151
f 151 148 147
f 151 147 149
f 353 355 352
f 352 355 582
f 352 582 578
f 578 582 583
f 578 583 579
f 579 583 584
f 579 584 580
f 580 584 585
f 580 585 581
f 581 585 145
f 581 145 148
f 148 145 144
f 148 144 146
f 356 358 355
f 355 358 586
f 355 586 582
f 582 586 587
f 582 587 583
f 583 587 588
f 583 588 584
f 584 588 589
f 584 589 585
f 585 589 142
f 585 142 145
f 145 142 141
f 145 141 143
f 359 361 358
f 358 361 590
f 358 590 586
f 586 590 591
f 586 591 587
f 587 591 592
f 587 592 588
f 588 592 593
f 588 593 589
f 589 593 139
f 589 139 142
f 142 139 138
f 142 138 140
f 245 247 361
f 361 247 594
f 361 594 590
f 590 594 595
f 590 595 591
f 591 595 596
f 591 596 592
f 592 596 597
f 592 597 593
f 593 597 136
f 593 136 139
f 139 136 135
f 139 135 137
f 247 598 594
f 594 598 599
f 594 599 595
f 595 599 600
f 595 600 596
f 596 600 601
f 596 601 597
f 597 601 133
f 597 133 136
f 136 133 132
f 136 132 134
f 598 602 599
f 599 602 603
f 599 603 600
f 600 603 604
f 600 604 601
f 601 604 130
f 601 130 133
f 133 130 129
f 133 129 131
f 602 605 603
f 603 605 606
f 603 606 604
f 604 606 127
f 604 127 130
f 130 127 126
f 130 126 128
f 605 435 606
f 606 435 437
f 606 437 127
f 127 437 607
f 127 607 125
f 608 609 610
f 610 609 436
f 610 436 611
f 611 436 435
f 611 435 612
f 612 435 605
f 612 605 613
f 613 605 602
f 613 602 614
f 614 602 598
f 614 598 615
f 615 598 247
f 615 247 616
f 616 247 246
f 609 617 436
f 436 617 618
f 436 618 437
f 437 618 619
f 437 619 607
f 123 608 124
f 124 608 610
f 124 610 620
f 620 610 611
f 620 611 621
f 621 611 612
f 621 612 622
f 622 612 613
f 622 613 623
f 623 613 614
f 623 614 364
f 364 614 615
f 364 615 362
f 362 615 616
f 120 122 121
f 121 122 124
f 121 124 624
f 624 124 620
f 624 620 625
f 625 620 621
f 625 621 626
f 626 621 622
f 626 622 627
f 627 622 623
f 627 623 367
f 367 623 364
f 367 364 365
f 365 364 363
f 117 119 118
f 118 119 121
f 118 121 628
f 628 121 624
f 628 624 629
f 629 624 625
f 629 625 630
f 630 625 626
f 630 626 631
f 631 626 627
f 631 627 370
f 370 627 367
f 370 367 368
f 368 367 366
f 114 116 115
f 115 116 118
f 115 118 632
f 632 118 628
f 632 628 633
f 633 628 629
f 633 629 634
f 634 629 630
f 634 630 635
f 635 630 631
f 635 631 373
f 373 631 370
f 373 370 371
f 371 370 369
f 111 113 112
f 112 113 115
f 112 115 636
f 636 115 632
f 636 632 637
f 637 632 633
f 637 633 638
f 638 633 634
f 638 634 639
f 639 634 635
f 639 635 376
f 376 635 373
f 376 373 374
f 374 373 372
f 108 110 109
f 109 110 112
f 109 112 640
f 640 112 636
f 640 636 641
f 641 636 637
f 641 637 642
f 642 637 638
f 642 638 643
f 643 638 639
f 643 639 379
f 379 639 376
f 379 376 377
f 377 376 375
f 105 107 106
f 106 107 109
f 106 109 644
f 644 109 640
f 644 640 645
f 645 640 641
f 645 641 646
f 646 641 642
f 646 642 647
f 647 642 643
f 647 643 382
f 382 643 379
f 382 379 380
f 380 379 378
f 102 104 103
f 103 104 106
f 103 106 648
f 648 106 644
f 648 644 649
f 649 644 645
f 649 645 650
f 650 645 646
f 650 646 651
f 651 646 647
f 651 647 385
f 385 647 382
f 385 382 383
f 383 382 381
f 99 101 100
f 100 101 103
f 100 103 652
f 652 103 648
f 652 648 653
f 653 648 649
f 653 649 654
f 654 649 650
f 654 650 655
f 655 650 651
f 655 651 388
f 388 651 385
f 388 385 386
f 386 385 384
f 96 98 97
f 97 98 100
f 97 100 656
f 656 100 652
f 656 652 657
f 657 652 653
f 657 653 658
f 658 653 654
f 658 654 659
f 659 654 655
f 659 655 391
f 391 655 388
f 391 388 389
f 389 388 387
f 93 95 94
f 94 95 97
f 94 97 660
f 660 97 656
f 660 656 661
f 661 656 657
f 661 657 662
f 662 657 658
f 662 658 663
f 663 658 659
f 663 659 394
f 394 659 391
f 394 391 392
f 392 391 390
f 90 92 91
f 91 92 94
f 91 94 664
f 664 94 660
f 664 660 665
f 665 660 661
f 665 661 666
f 666 661 662
f 666 662 667
f 667 662 663
f 667 663 397
f 397 663 394
f 397 394 395
f 395 394 393
f 87 89 88
f 88 89 91
f 88 91 668
f 668 91 664
f 668 664 669
f 669 664 665
f 669 665 670
f 670 665 666
f 670 666 671
f 671 666 667
f 671 667 400
f 400 667 397
f 400 397 398
f 398 397 396
f 672 86 673
f 673 86 88
f 673 88 674
f 674 88 668
f 674 668 675
f 675 668 669
f 675 669 676
f 676 669 670
f 676 670 677
f 677 670 671
f 677 671 244
f 244 671 400
f 244 400 401
f 401 400 399
f 243 438 244
f 244 438 439
f 244 439 677
f 677 439 440
f 677 440 676
f 676 440 441
f 676 441 675
f 675 441 442
f 675 442 674
f 674 442 443
f 674 443 673
f 673 443 444
f 673 444 672
f 672 444 445
f 678 679 680
f 681 682 680
f 680 682 683
f 680 683 678
f 684 685 686
f 687 688 689
f 689 688 690
f 686 691 684
f 684 691 692
f 684 692 693
f 688 694 690
f 690 694 695
f 690 695 685
f 685 695 696
f 685 696 686
f 697 698 699
f 700 701 702
f 702 701 703
f 678 704 679
f 679 704 705
f 679 705 703
f 703 705 706
f 703 706 702
f 687 689 707
f 707 689 708
f 707 708 709
f 710 711 699
f 699 711 712
f 699 712 697
f 713 714 715
f 715 714 716
f 713 715 717
f 717 715 718
f 717 718 719
f 719 718 720
f 720 718 721
f 720 721 722
f 709 708 723
f 723 708 724
f 723 724 725
f 726 727 728
f 697 729 698
f 698 729 730
f 698 730 731
f 700 732 701
f 701 732 733
f 701 733 710
f 710 733 734
f 710 734 711
f 735 736 737
f 714 738 716
f 716 738 739
f 716 739 736
f 736 739 740
f 736 740 737
f 692 741 693
f 693 741 742
f 693 742 721
f 721 742 743
f 721 743 722
f 730 744 731
f 731 744 745
f 731 745 727
f 727 745 746
f 727 746 728
f 747 748 681
f 681 748 749
f 681 749 682
f 750 751 752
f 752 751 735
f 752 735 753
f 753 735 737
f 725 724 754
f 754 724 755
f 754 755 756
f 728 757 726
f 726 757 758
f 726 758 755
f 755 758 759
f 755 759 756
f 750 760 751
f 751 760 761
f 751 761 747
f 747 761 762
f 747 762 748
f 763 690 764
f 764 690 685
f 764 685 765
f 765 685 684
f 765 684 766
f 766 684 693
f 766 693 767
f 767 693 721
f 767 721 768
f 768 721 718
f 768 718 769
f 769 718 715
f 769 715 770
f 770 715 716
f 770 716 771
f 771 716 736
f 771 736 772
f 772 736 735
f 772 735 773
f 773 735 751
f 773 751 774
f 774 751 747
f 774 747 775
f 775 747 681
f 775 681 776
f 776 681 680
f 776 680 777
f 777 680 679
f 777 679 778
f 778 679 703
f 778 703 779
f 779 703 701
f 779 701 780
f 780 701 710
f 780 710 781
f 781 710 699
f 781 699 782
f 782 699 698
f 782 698 783
f 783 698 731
f 783 731 784
f 784 731 727
f 784 727 785
f 785 727 726
f 785 726 786
f 786 726 755
f 786 755 787
f 787 755 724
f 787 724 788
f 788 724 708
f 788 708 789
f 789 708 689
f 789 689 763
f 763 689 690
f 790 777 791
f 791 777 778
f 791 778 792
f 792 778 779
f 792 779 793
f 793 779 780
f 793 780 794
f 794 780 781
f 794 781 795
f 795 781 782
f 795 782 796
f 796 782 783
f 796 783 797
f 798 768 799
f 799 768 769
f 799 769 800
f 800 769 770
f 800 770 801
f 801 770 771
f 801 771 802
f 802 771 772
f 802 772 803
f 803 772 773
f 803 773 804
f 804 773 774
f 804 774 805
f 805 774 775
f 805 775 790
f 790 775 776
f 790 776 777
f 783 784 797
f 797 784 785
f 797 785 806
f 806 785 786
f 806 786 807
f 807 786 787
f 807 787 808
f 808 787 788
f 808 788 809
f 809 788 789
f 809 789 810
f 810 789 763
f 810 763 811
f 811 763 764
f 811 764 812
f 812 764 765
f 812 765 813
f 813 765 766
f 813 766 798
f 798 766 767
f 798 767 768
f 814 810 815
f 815 810 811
f 815 811 816
f 816 811 812
f 816 812 817
f 817 812 813
f 817 813 818
f 818 813 798
f 818 798 819
f 819 798 799
f 819 799 820
f 820 799 800
f 820 800 821
f 821 800 801
f 821 801 822
f 822 801 802
f 822 802 823
f 823 802 803
f 823 803 824
f 824 803 804
f 824 804 825
f 825 804 805
f 825 805 826
f 826 805 790
f 826 790 827
f 827 790 791
f 827 791 828
f 828 791 792
f 828 792 829
f 829 792 793
f 829 793 830
f 830 793 794
f 830 794 831
f 831 794 795
f 831 795 832
f 832 795 796
f 832 796 833
f 833 796 797
f 833 797 834
f 834 797 806
f 834 806 835
f 835 806 807
f 835 807 836
f 836 807 808
f 836 808 837
f 837 808 809
f 837 809 814
f 814 809 810
f 834 838 833
f 833 838 839
f 833 839 832
f 832 839 840
f 832 840 831
f 831 840 841
f 831 841 830
f 830 841 842
f 830 842 829
f 829 842 843
f 829 843 828
f 828 843 844
f 828 844 827
f 844 845 827
f 827 845 846
f 827 846 826
f 826 846 847
f 826 847 825
f 825 847 848
f 825 848 824
f 824 848 849
f 824 849 823
f 823 849 850
f 823 850 822
f 822 850 851
f 822 851 821
f 821 851 852
f 821 852 820
f 820 852 853
f 820 853 819
f 853 854 819
f 819 854 855
f 819 855 818
f 818 855 856
f 818 856 817
f 817 856 857
f 817 857 816
f 816 857 858
f 816 858 815
f 815 858 859
f 815 859 814
f 814 859 860
f 814 860 837
f 837 860 861
f 837 861 836
f 836 861 862
f 836 862 835
f 835 862 863
f 835 863 834
f 834 863 864
f 834 864 838
f 45 860 44
f 44 860 859
f 44 859 47
f 47 859 858
f 47 858 50
f 50 858 857
f 50 857 74
f 74 857 856
f 74 856 77
f 77 856 855
f 77 855 80
f 80 855 854
f 80 854 61
f 61 854 853
f 61 853 60
f 60 853 852
f 60 852 63
f 63 852 851
f 63 851 66
f 66 851 850
f 66 850 54
f 54 850 849
f 54 849 29
f 29 849 848
f 29 848 4
f 4 848 847
f 4 847 3
f 3 847 846
f 3 846 13
f 13 846 845
f 13 845 16
f 16 845 844
f 16 844 20
f 20 844 843
f 20 843 5
f 5 843 842
f 5 842 6
f 6 842 841
f 6 841 23
f 23 841 840
f 23 840 11
f 11 840 839
f 11 839 10
f 10 839 838
f 10 838 37
f 37 838 864
f 37 864 41
f 41 864 863
f 41 863 24
f 24 863 862
f 24 862 25
f 25 862 861
f 25 861 45
f 45 861 860
f 243 242 865
f 401 399 866
f 398 396 867
f 386 384 868
f 383 381 869
f 380 378 870
f 377 375 871
f 374 372 872
f 371 369 873
f 368 366 874
f 258 257 875
f 336 334 876
f 333 331 877
f 321 319 878
f 318 316 879
f 315 313 880
f 312 310 881
f 309 307 882
f 306 304 883
f 303 301 884
f 300 298 885
f 886 741 692
f 887 742 741
f 888 743 742
f 889 722 743
f 890 720 722
f 891 719 720
f 892 717 719
f 893 713 717
f 894 714 713
f 895 738 714
f 896 739 738
f 897 740 739
f 898 737 740
f 899 753 737
f 900 752 753
f 901 750 752
f 902 760 750
f 903 761 760
f 904 762 761
f 905 748 762
f 906 732 700
f 907 733 732
f 908 734 733
f 909 711 734
f 910 712 711
f 911 697 712
f 912 729 697
f 913 730 729
f 914 744 730
f 915 745 744
f 916 746 745
f 917 728 746
f 918 757 728
f 919 758 757
f 920 759 758
f 921 756 759
f 922 754 756
f 923 725 754
f 924 723 725
f 925 709 723
f 707 709 926
f 926 709 925
f 926 925 927
f 749 748 928
f 928 748 905
f 928 905 929
f 687 707 930
f 930 707 926
f 930 926 931
f 931 926 927
f 931 927 932
f 682 749 933
f 933 749 928
f 933 928 934
f 934 928 929
f 934 929 935
f 688 687 936
f 936 687 930
f 936 930 937
f 937 930 931
f 937 931 938
f 938 931 932
f 938 932 939
f 683 682 940
f 940 682 933
f 940 933 941
f 941 933 934
f 941 934 942
f 942 934 935
f 942 935 943
f 694 688 944
f 944 688 936
f 944 936 945
f 945 936 937
f 945 937 946
f 946 937 938
f 946 938 947
f 947 938 939
f 947 939 948
f 678 683 949
f 949 683 940
f 949 940 950
f 950 940 941
f 950 941 951
f 951 941 942
f 951 942 952
f 952 942 943
f 952 943 953
f 954 955 956
f 957 958 959
f 960 269 420
f 723 924 925
f 925 924 961
f 925 961 927
f 927 961 962
f 927 962 932
f 932 962 963
f 932 963 939
f 939 963 960
f 939 960 948
f 948 960 420
f 948 420 438
f 964 266 270
f 725 923 924
f 924 923 965
f 924 965 961
f 961 965 966
f 961 966 962
f 962 966 967
f 962 967 963
f 963 967 964
f 963 964 960
f 960 964 270
f 960 270 269
f 968 263 267
f 754 922 923
f 923 922 969
f 923 969 965
f 965 969 970
f 965 970 966
f 966 970 971
f 966 971 967
f 967 971 968
f 967 968 964
f 964 968 267
f 964 267 266
f 972 272 264
f 756 921 922
f 922 921 973
f 922 973 969
f 969 973 974
f 969 974 970
f 970 974 975
f 970 975 971
f 971 975 972
f 971 972 968
f 968 972 264
f 968 264 263
f 976 274 273
f 759 920 921
f 921 920 977
f 921 977 973
f 973 977 978
f 973 978 974
f 974 978 979
f 974 979 975
f 975 979 976
f 975 976 972
f 972 976 273
f 972 273 272
f 980 276 275
f 758 919 920
f 920 919 981
f 920 981 977
f 977 981 982
f 977 982 978
f 978 982 983
f 978 983 979
f 979 983 980
f 979 980 976
f 976 980 275
f 976 275 274
f 984 279 277
f 757 918 919
f 919 918 985
f 919 985 981
f 981 985 986
f 981 986 982
f 982 986 987
f 982 987 983
f 983 987 984
f 983 984 980
f 980 984 277
f 980 277 276
f 988 282 280
f 728 917 918
f 918 917 989
f 918 989 985
f 985 989 990
f 985 990 986
f 986 990 991
f 986 991 987
f 987 991 988
f 987 988 984
f 984 988 280
f 984 280 279
f 992 285 283
f 746 916 917
f 917 916 993
f 917 993 989
f 989 993 994
f 989 994 990
f 990 994 995
f 990 995 991
f 991 995 992
f 991 992 988
f 988 992 283
f 988 283 282
f 996 288 286
f 745 915 916
f 916 915 997
f 916 997 993
f 993 997 998
f 993 998 994
f 994 998 999
f 994 999 995
f 995 999 996
f 995 996 992
f 992 996 286
f 992 286 285
f 1000 291 289
f 744 914 915
f 915 914 1001
f 915 1001 997
f 997 1001 1002
f 997 1002 998
f 998 1002 1003
f 998 1003 999
f 999 1003 1000
f 999 1000 996
f 996 1000 289
f 996 289 288
f 1004 294 292
f 730 913 914
f 914 913 1005
f 914 1005 1001
f 1001 1005 1006
f 1001 1006 1002
f 1002 1006 1007
f 1002 1007 1003
f 1003 1007 1004
f 1003 1004 1000
f 1000 1004 292
f 1000 292 291
f 1008 260 295
f 729 912 913
f 913 912 1009
f 913 1009 1005
f 1005 1009 1010
f 1005 1010 1006
f 1006 1010 1011
f 1006 1011 1007
f 1007 1011 1008
f 1007 1008 1004
f 1004 1008 295
f 1004 295 294
f 297 496 1012
f 1012 496 261
f 697 911 912
f 912 911 1013
f 912 1013 1009
f 1009 1013 1014
f 1009 1014 1010
f 1010 1014 1015
f 1010 1015 1011
f 1011 1015 1012
f 1011 1012 1008
f 1008 1012 261
f 1008 261 260
f 712 910 911
f 911 910 1016
f 911 1016 1013
f 1013 1016 1017
f 1013 1017 1014
f 1014 1017 1018
f 1014 1018 1015
f 1015 1018 885
f 1015 885 1012
f 1012 885 298
f 1012 298 297
f 711 909 910
f 910 909 1019
f 910 1019 1016
f 1016 1019 1020
f 1016 1020 1017
f 1017 1020 1021
f 1017 1021 1018
f 1018 1021 884
f 1018 884 885
f 885 884 301
f 885 301 300
f 734 908 909
f 909 908 1022
f 909 1022 1019
f 1019 1022 1023
f 1019 1023 1020
f 1020 1023 1024
f 1020 1024 1021
f 1021 1024 883
f 1021 883 884
f 884 883 304
f 884 304 303
f 733 907 908
f 908 907 1025
f 908 1025 1022
f 1022 1025 1026
f 1022 1026 1023
f 1023 1026 1027
f 1023 1027 1024
f 1024 1027 882
f 1024 882 883
f 883 882 307
f 883 307 306
f 732 906 907
f 907 906 1028
f 907 1028 1025
f 1025 1028 1029
f 1025 1029 1026
f 1026 1029 1030
f 1026 1030 1027
f 1027 1030 881
f 1027 881 882
f 882 881 310
f 882 310 309
f 700 1031 906
f 906 1031 1032
f 906 1032 1028
f 1028 1032 1033
f 1028 1033 1029
f 1029 1033 1034
f 1029 1034 1030
f 1030 1034 880
f 1030 880 881
f 881 880 313
f 881 313 312
f 1031 1035 1032
f 1032 1035 1036
f 1032 1036 1033
f 1033 1036 1037
f 1033 1037 1034
f 1034 1037 879
f 1034 879 880
f 880 879 316
f 880 316 315
f 1035 1038 1036
f 1036 1038 1039
f 1036 1039 1037
f 1037 1039 878
f 1037 878 879
f 879 878 319
f 879 319 318
f 1038 954 1039
f 1039 954 956
f 1039 956 878
f 878 956 322
f 878 322 321
f 330 328 1040
f 1040 328 955
f 1040 955 1041
f 1041 955 954
f 1041 954 1042
f 1042 954 1038
f 1042 1038 1043
f 1043 1038 1035
f 1043 1035 1044
f 1044 1035 1031
f 1044 1031 702
f 702 1031 700
f 328 327 955
f 955 327 325
f 955 325 956
f 956 325 324
f 956 324 322
f 331 330 877
f 877 330 1040
f 877 1040 1045
f 1045 1040 1041
f 1045 1041 1046
f 1046 1041 1042
f 1046 1042 1047
f 1047 1042 1043
f 1047 1043 1048
f 1048 1043 1044
f 1048 1044 706
f 706 1044 702
f 334 333 876
f 876 333 877
f 876 877 1049
f 1049 877 1045
f 1049 1045 1050
f 1050 1045 1046
f 1050 1046 1051
f 1051 1046 1047
f 1051 1047 1052
f 1052 1047 1048
f 1052 1048 705
f 705 1048 706
f 257 336 875
f 875 336 876
f 875 876 1053
f 1053 876 1049
f 1053 1049 1054
f 1054 1049 1050
f 1054 1050 1055
f 1055 1050 1051
f 1055 1051 1056
f 1056 1051 1052
f 1056 1052 704
f 704 1052 705
f 558 258 953
f 953 258 875
f 953 875 952
f 952 875 1053
f 952 1053 951
f 951 1053 1054
f 951 1054 950
f 950 1054 1055
f 950 1055 949
f 949 1055 1056
f 949 1056 678
f 678 1056 704
f 1057 254 426
f 762 904 905
f 905 904 1058
f 905 1058 929
f 929 1058 1059
f 929 1059 935
f 935 1059 1060
f 935 1060 943
f 943 1060 1057
f 943 1057 953
f 953 1057 426
f 953 426 558
f 1061 251 255
f 761 903 904
f 904 903 1062
f 904 1062 1058
f 1058 1062 1063
f 1058 1063 1059
f 1059 1063 1064
f 1059 1064 1060
f 1060 1064 1061
f 1060 1061 1057
f 1057 1061 255
f 1057 255 254
f 1065 248 252
f 760 902 903
f 903 902 1066
f 903 1066 1062
f 1062 1066 1067
f 1062 1067 1063
f 1063 1067 1068
f 1063 1068 1064
f 1064 1068 1065
f 1064 1065 1061
f 1061 1065 252
f 1061 252 251
f 1069 337 249
f 750 901 902
f 902 901 1070
f 902 1070 1066
f 1066 1070 1071
f 1066 1071 1067
f 1067 1071 1072
f 1067 1072 1068
f 1068 1072 1069
f 1068 1069 1065
f 1065 1069 249
f 1065 249 248
f 1073 339 338
f 752 900 901
f 901 900 1074
f 901 1074 1070
f 1070 1074 1075
f 1070 1075 1071
f 1071 1075 1076
f 1071 1076 1072
f 1072 1076 1073
f 1072 1073 1069
f 1069 1073 338
f 1069 338 337
f 1077 341 340
f 753 899 900
f 900 899 1078
f 900 1078 1074
f 1074 1078 1079
f 1074 1079 1075
f 1075 1079 1080
f 1075 1080 1076
f 1076 1080 1077
f 1076 1077 1073
f 1073 1077 340
f 1073 340 339
f 1081 344 342
f 737 898 899
f 899 898 1082
f 899 1082 1078
f 1078 1082 1083
f 1078 1083 1079
f 1079 1083 1084
f 1079 1084 1080
f 1080 1084 1081
f 1080 1081 1077
f 1077 1081 342
f 1077 342 341
f 1085 347 345
f 740 897 898
f 898 897 1086
f 898 1086 1082
f 1082 1086 1087
f 1082 1087 1083
f 1083 1087 1088
f 1083 1088 1084
f 1084 1088 1085
f 1084 1085 1081
f 1081 1085 345
f 1081 345 344
f 1089 350 348
f 739 896 897
f 897 896 1090
f 897 1090 1086
f 1086 1090 1091
f 1086 1091 1087
f 1087 1091 1092
f 1087 1092 1088
f 1088 1092 1089
f 1088 1089 1085
f 1085 1089 348
f 1085 348 347
f 1093 353 351
f 738 895 896
f 896 895 1094
f 896 1094 1090
f 1090 1094 1095
f 1090 1095 1091
f 1091 1095 1096
f 1091 1096 1092
f 1092 1096 1093
f 1092 1093 1089
f 1089 1093 351
f 1089 351 350
f 1097 356 354
f 714 894 895
f 895 894 1098
f 895 1098 1094
f 1094 1098 1099
f 1094 1099 1095
f 1095 1099 1100
f 1095 1100 1096
f 1096 1100 1097
f 1096 1097 1093
f 1093 1097 354
f 1093 354 353
f 1101 359 357
f 713 893 894
f 894 893 1102
f 894 1102 1098
f 1098 1102 1103
f 1098 1103 1099
f 1099 1103 1104
f 1099 1104 1100
f 1100 1104 1101
f 1100 1101 1097
f 1097 1101 357
f 1097 357 356
f 1105 245 360
f 717 892 893
f 893 892 1106
f 893 1106 1102
f 1102 1106 1107
f 1102 1107 1103
f 1103 1107 1108
f 1103 1108 1104
f 1104 1108 1105
f 1104 1105 1101
f 1101 1105 360
f 1101 360 359
f 1109 616 246
f 719 891 892
f 892 891 1110
f 892 1110 1106
f 1106 1110 1111
f 1106 1111 1107
f 1107 1111 1112
f 1107 1112 1108
f 1108 1112 1109
f 1108 1109 1105
f 1105 1109 246
f 1105 246 245
f 365 363 1113
f 1113 363 362
f 720 890 891
f 891 890 1114
f 891 1114 1110
f 1110 1114 1115
f 1110 1115 1111
f 1111 1115 1116
f 1111 1116 1112
f 1112 1116 1113
f 1112 1113 1109
f 1109 1113 362
f 1109 362 616
f 722 889 890
f 890 889 1117
f 890 1117 1114
f 1114 1117 1118
f 1114 1118 1115
f 1115 1118 1119
f 1115 1119 1116
f 1116 1119 874
f 1116 874 1113
f 1113 874 366
f 1113 366 365
f 743 888 889
f 889 888 1120
f 889 1120 1117
f 1117 1120 1121
f 1117 1121 1118
f 1118 1121 1122
f 1118 1122 1119
f 1119 1122 873
f 1119 873 874
f 874 873 369
f 874 369 368
f 742 887 888
f 888 887 1123
f 888 1123 1120
f 1120 1123 1124
f 1120 1124 1121
f 1121 1124 1125
f 1121 1125 1122
f 1122 1125 872
f 1122 872 873
f 873 872 372
f 873 372 371
f 741 886 887
f 887 886 1126
f 887 1126 1123
f 1123 1126 1127
f 1123 1127 1124
f 1124 1127 1128
f 1124 1128 1125
f 1125 1128 871
f 1125 871 872
f 872 871 375
f 872 375 374
f 692 1129 886
f 886 1129 1130
f 886 1130 1126
f 1126 1130 1131
f 1126 1131 1127
f 1127 1131 1132
f 1127 1132 1128
f 1128 1132 870
f 1128 870 871
f 871 870 378
f 871 378 377
f 1129 1133 1130
f 1130 1133 1134
f 1130 1134 1131
f 1131 1134 1135
f 1131 1135 1132
f 1132 1135 869
f 1132 869 870
f 870 869 381
f 870 381 380
f 1133 1136 1134
f 1134 1136 1137
f 1134 1137 1135
f 1135 1137 868
f 1135 868 869
f 869 868 384
f 869 384 383
f 1136 957 1137
f 1137 957 959
f 1137 959 868
f 868 959 387
f 868 387 386
f 395 393 1138
f 1138 393 958
f 1138 958 1139
f 1139 958 957
f 1139 957 1140
f 1140 957 1136
f 1140 1136 1141
f 1141 1136 1133
f 1141 1133 1142
f 1142 1133 1129
f 1142 1129 691
f 691 1129 692
f 393 392 958
f 958 392 390
f 958 390 959
f 959 390 389
f 959 389 387
f 396 395 867
f 867 395 1138
f 867 1138 1143
f 1143 1138 1139
f 1143 1139 1144
f 1144 1139 1140
f 1144 1140 1145
f 1145 1140 1141
f 1145 1141 1146
f 1146 1141 1142
f 1146 1142 686
f 686 1142 691
f 399 398 866
f 866 398 867
f 866 867 1147
f 1147 867 1143
f 1147 1143 1148
f 1148 1143 1144
f 1148 1144 1149
f 1149 1144 1145
f 1149 1145 1150
f 1150 1145 1146
f 1150 1146 696
f 696 1146 686
f 242 401 865
f 865 401 866
f 865 866 1151
f 1151 866 1147
f 1151 1147 1152
f 1152 1147 1148
f 1152 1148 1153
f 1153 1148 1149
f 1153 1149 1154
f 1154 1149 1150
f 1154 1150 695
f 695 1150 696
f 438 243 948
f 948 243 865
f 948 865 947
f 947 865 1151
f 947 1151 946
f 946 1151 1152
f 946 1152 945
f 945 1152 1153
f 945 1153 944
f 944 1153 1154
f 944 1154 694
f 694 1154 695
f 234 1155 1156
f 234 233 1155
f 1155 233 231
f 1155 231 1157
f 231 230 1157
f 1157 230 228
f 1157 228 1158
f 228 227 1158
f 1158 227 225
f 1158 225 1159
f 1159 225 224
f 1159 224 1160
f 224 222 1160
f 1160 222 221
f 1160 221 1161
f 221 219 1161
f 1161 219 218
f 1161 218 1162
f 218 216 1162
f 1162 216 215
f 1162 215 1163
f 215 213 1163
f 1163 213 212
f 1163 212 1164
f 212 210 1164
f 1164 210 209
f 1164 209 1165
f 209 207 1165
f 1165 207 206
f 1165 206 1166
f 206 204 1166
f 1166 204 203
f 1166 203 1167
f 203 201 1167
f 1167 201 200
f 1167 200 1168
f 200 487 1168
f 1168 487 499
f 1168 499 1169
f 499 498 1169
f 1169 498 497
f 1169 497 1170
f 1170 497 489
f 489 488 1170
f 1170 488 198
f 1170 198 1171
f 198 197 1171
f 1171 197 195
f 1171 195 1172
f 195 194 1172
f 1172 194 192
f 1172 192 1173
f 192 191 1173
f 1173 191 189
f 1173 189 1174
f 189 188 1174
f 1174 188 186
f 1174 186 1175
f 186 185 1175
f 1175 185 183
f 1175 183 1176
f 183 182 1176
f 1176 182 180
f 1176 180 1177
f 180 179 1177
f 1177 179 177
f 1177 177 1178
f 177 176 1178
f 1178 176 174
f 1178 174 1179
f 174 173 1179
f 1179 173 171
f 1179 171 1180
f 171 170 1180
f 1180 170 168
f 1180 168 1181
f 168 167 1181
f 1181 167 165
f 1181 165 1182
f 165 164 1182
f 1182 164 162
f 1182 162 1183
f 162 161 1183
f 1183 161 552
f 1183 552 1184
f 552 565 1184
f 1184 565 159
f 1184 159 1185
f 159 158 1185
f 1185 158 156
f 1185 156 1186
f 156 155 1186
f 1186 155 153
f 1186 153 1187
f 153 152 1187
f 1187 152 150
f 1187 150 1188
f 1188 150 149
f 1188 149 1189
f 149 147 1189
f 1189 147 146
f 1189 146 1190
f 146 144 1190
f 1190 144 143
f 1190 143 1191
f 143 141 1191
f 1191 141 140
f 1191 140 1192
f 140 138 1192
f 1192 138 137
f 1192 137 1193
f 137 135 1193
f 1193 135 134
f 1193 134 1194
f 134 132 1194
f 1194 132 131
f 1194 131 1195
f 131 129 1195
f 1195 129 128
f 1195 128 1196
f 128 126 1196
f 1196 126 125
f 1196 125 1197
f 125 607 1197
f 1197 607 619
f 1197 619 1198
f 1198 619 618
f 618 617 1198
f 1198 617 609
f 1198 609 1199
f 609 608 1199
f 1199 608 123
f 1199 123 1200
f 123 122 1200
f 1200 122 120
f 1200 120 1201
f 120 119 1201
f 1201 119 117
f 1201 117 1202
f 117 116 1202
f 1202 116 114
f 1202 114 1203
f 114 113 1203
f 1203 113 111
f 1203 111 1204
f 111 110 1204
f 1204 110 108
f 1204 108 1205
f 108 107 1205
f 1205 107 105
f 1205 105 1206
f 105 104 1206
f 1206 104 102
f 1206 102 1207
f 102 101 1207
f 1207 101 99
f 1207 99 1208
f 99 98 1208
f 1208 98 96
f 1208 96 1209
f 96 95 1209
f 1209 95 93
f 1209 93 1210
f 93 92 1210
f 1210 92 90
f 1210 90 1211
f 90 89 1211
f 1211 89 87
f 1211 87 1212
f 87 86 1212
f 1212 86 672
f 1212 672 1156
f 1156 672 445
f 1156 445 234
f 1156 1213 1212
f 1212 1213 1214
f 1212 1214 1211
f 1211 1214 1215
f 1211 1215 1210
f 1210 1215 1216
f 1210 1216 1209
f 1209 1216 1217
f 1209 1217 1208
f 1208 1217 1218
f 1208 1218 1207
f 1207 1218 1219
f 1207 1219 1206
f 1206 1219 1220
f 1206 1220 1205
f 1205 1220 1221
f 1205 1221 1204
f 1204 1221 1222
f 1204 1222 1203
f 1203 1222 1223
f 1203 1223 1202
f 1202 1223 1224
f 1202 1224 1201
f 1201 1224 1225
f 1201 1225 1200
f 1200 1225 1226
f 1200 1226 1199
f 1199 1226 1227
f 1199 1227 1198
f 1198 1227 1228
f 1198 1228 1197
f 1197 1228 1229
f 1197 1229 1196
f 1196 1229 1230
f 1196 1230 1195
f 1195 1230 1231
f 1195 1231 1194
f 1194 1231 1232
f 1194 1232 1193
f 1193 1232 1233
f 1193 1233 1192
f 1192 1233 1234
f 1192 1234 1191
f 1191 1234 1235
f 1191 1235 1190
f 1190 1235 1236
f 1190 1236 1189
f 1189 1236 1237
f 1189 1237 1188
f 1188 1237 1238
f 1188 1238 1187
f 1187 1238 1239
f 1187 1239 1186
f 1186 1239 1240
f 1186 1240 1185
f 1185 1240 1241
f 1185 1241 1184
f 1184 1241 1242
f 1184 1242 1183
f 1183 1242 1243
f 1183 1243 1182
f 1182 1243 1244
f 1182 1244 1181
f 1181 1244 1245
f 1181 1245 1180
f 1180 1245 1246
f 1180 1246 1179
f 1179 1246 1247
f 1179 1247 1178
f 1178 1247 1248
f 1178 1248 1177
f 1177 1248 1249
f 1177 1249 1176
f 1176 1249 1250
f 1176 1250 1175
f 1175 1250 1251
f 1175 1251 1174
f 1174 1251 1252
f 1174 1252 1173
f 1173 1252 1253
f 1173 1253 1172
f 1172 1253 1254
f 1172 1254 1171
f 1171 1254 1255
f 1171 1255 1170
f 1170 1255 1256
f 1170 1256 1169
f 1169 1256 1257
f 1169 1257 1168
f 1168 1257 1258
f 1168 1258 1167
f 1167 1258 1259
f 1167 1259 1166
f 1166 1259 1260
f 1166 1260 1165
f 1165 1260 1261
f 1165 1261 1164
f 1164 1261 1262
f 1164 1262 1163
f 1163 1262 1263
f 1163 1263 1162
f 1162 1263 1264
f 1162 1264 1161
f 1161 1264 1265
f 1161 1265 1160
f 1160 1265 1266
f 1160 1266 1159
f 1159 1266 1267
f 1159 1267 1158
f 1158 1267 1268
f 1158 1268 1157
f 1157 1268 1269
f 1157 1269 1155
f 1155 1269 1270
f 1155 1270 1156
f 1156 1270 1213
f 1270 1271 1213
f 1213 1271 1272
f 1213 1272 1214
f 1214 1272 1273
f 1214 1273 1215
f 1215 1273 1274
f 1215 1274 1216
f 1216 1274 1275
f 1216 1275 1217
f 1217 1275 1276
f 1217 1276 1218
f 1218 1276 1277
f 1218 1277 1219
f 1219 1277 1278
f 1219 1278 1220
f 1220 1278 1279
f 1220 1279 1221
f 1221 1279 1280
f 1221 1280 1222
f 1222 1280 1281
f 1222 1281 1223
f 1223 1281 1282
f 1223 1282 1224
f 1224 1282 1283
f 1224 1283 1225
f 1225 1283 1284
f 1225 1284 1226
f 1226 1284 1285
f 1226 1285 1227
f 1227 1285 1286
f 1227 1286 1228
f 1228 1286 1287
f 1228 1287 1229
f 1229 1287 1288
f 1229 1288 1230
f 1230 1288 1289
f 1230 1289 1231
f 1231 1289 1290
f 1231 1290 1232
f 1232 1290 1291
f 1232 1291 1233
f 1233 1291 1292
f 1233 1292 1234
f 1234 1292 1293
f 1234 1293 1235
f 1235 1293 1294
f 1235 1294 1236
f 1236 1294 1295
f 1236 1295 1237
f 1237 1295 1296
f 1237 1296 1238
f 1238 1296 1297
f 1238 1297 1239
f 1239 1297 1298
f 1239 1298 1240
f 1240 1298 1299
f 1240 1299 1241
f 1241 1299 1300
f 1241 1300 1242
f 1242 1300 1301
f 1242 1301 1243
f 1243 1301 1302
f 1243 1302 1244
f 1244 1302 1303
f 1244 1303 1245
f 1245 1303 1304
f 1245 1304 1246
f 1246 1304 1305
f 1246 1305 1247
f 1247 1305 1306
f 1247 1306 1248
f 1248 1306 1307
f 1248 1307 1249
f 1249 1307 1308
f 1249 1308 1250
f 1250 1308 1309
f 1250 1309 1251
f 1251 1309 1310
f 1251 1310 1252
f 1252 1310 1311
f 1252 1311 1253
f 1253 1311 1312
f 1253 1312 1254
f 1254 1312 1313
f 1254 1313 1255
f 1255 1313 1314
f 1255 1314 1256
f 1256 1314 1315
f 1256 1315 1257
f 1257 1315 1316
f 1257 1316 1258
f 1258 1316 1317
f 1258 1317 1259
f 1259 1317 1318
f 1259 1318 1260
f 1260 1318 1319
f 1260 1319 1261
f 1261 1319 1320
f 1261 1320 1262
f 1262 1320 1321
f 1262 1321 1263
f 1263 1321 1322
f 1263 1322 1264
f 1264 1322 1323
f 1264 1323 1265
f 1265 1323 1324
f 1265 1324 1266
f 1266 1324 1325
f 1266 1325 1267
f 1267 1325 1326
f 1267 1326 1268
f 1268 1326 1327
f 1268 1327 1269
f 1269 1327 1328
f 1269 1328 1270
f 1270 1328 1271
f 1328 1329 1271
f 1271 1329 1330
f 1271 1330 1272
f 1272 1330 1331
f 1272 1331 1273
f 1273 1331 1332
f 1273 1332 1274
f 1274 1332 1333
f 1274 1333 1275
f 1275 1333 1334
f 1275 1334 1276
f 1276 1334 1335
f 1276 1335 1277
f 1277 1335 1336
f 1277 1336 1278
f 1278 1336 1337
f 1278 1337 1279
f 1279 1337 1338
f 1279 1338 1280
f 1280 1338 1339
f 1280 1339 1281
f 1281 1339 1340
f 1281 1340 1282
f 1282 1340 1341
f 1282 1341 1283
f 1283 1341 1342
f 1283 1342 1284
f 1284 1342 1343
f 1284 1343 1285
f 1285 1343 1344
f 1285 1344 1286
f 1286 1344 1345
f 1286 1345 1287
f 1287 1345 1346
f 1287 1346 1288
f 1288 1346 1347
f 1288 1347 1289
f 1289 1347 1348
f 1289 1348 1290
f 1290 1348 1349
f 1290 1349 1291
f 1291 1349 1350
f 1291 1350 1292
f 1292 1350 1351
f 1292 1351 1293
f 1293 1351 1352
f 1293 1352 1294
f 1294 1352 1353
f 1294 1353 1295
f 1295 1353 1354
f 1295 1354 1296
f 1296 1354 1355
f 1296 1355 1297
f 1297 1355 1356
f 1297 1356 1298
f 1298 1356 1357
f 1298 1357 1299
f 1299 1357 1358
f 1299 1358 1300
f 1300 1358 1359
f 1300 1359 1301
f 1301 1359 1360
f 1301 1360 1302
f 1302 1360 1361
f 1302 1361 1303
f 1303 1361 1362
f 1303 1362 1304
f 1304 1362 1363
f 1304 1363 1305
f 1305 1363 1364
f 1305 1364 1306
f 1306 1364 1365
f 1306 1365 1307
f 1307 1365 1366
f 1307 1366 1308
f 1308 1366 1367
f 1308 1367 1309
f 1309 1367 1368
f 1309 1368 1310
f 1310 1368 1369
f 1310 1369 1311
f 1311 1369 1370
f 1311 1370 1312
f 1312 1370 1371
f 1312 1371 1313
f 1313 1371 1372
f 1313 1372 1314
f 1314 1372 1373
f 1314 1373 1315
f 1315 1373 1374
f 1315 1374 1316
f 1316 1374 1375
f 1316 1375 1317
f 1317 1375 1376
f 1317 1376 1318
f 1318 1376 1377
f 1318 1377 1319
f 1319 1377 1378
f 1319 1378 1320
f 1320 1378 1379
f 1320 1379 1321
f 1321 1379 1380
f 1321 1380 1322
f 1322 1380 1381
f 1322 1381 1323
f 1323 1381 1382
f 1323 1382 1324
f 1324 1382 1383
f 1324 1383 1325
f 1325 1383 1384
f 1325 1384 1326
f 1326 1384 1385
f 1326 1385 1327
f 1327 1385 1386
f 1327 1386 1328
f 1328 1386 1329
f 1386 1387 1329
f 1329 1387 1388
f 1329 1388 1330
f 1330 1388 1389
f 1330 1389 1331
f 1331 1389 1390
f 1331 1390 1332
f 1332 1390 1391
f 1332 1391 1333
f 1333 1391 1392
f 1333 1392 1334
f 1334 1392 1393
f 1334 1393 1335
f 1335 1393 1394
f 1335 1394 1336
f 1336 1394 1395
f 1336 1395 1337
f 1337 1395 1396
f 1337 1396 1338
f 1338 1396 1397
f 1338 1397 1339
f 1339 1397 1398
f 1339 1398 1340
f 1340 1398 1399
f 1340 1399 1341
f 1341 1399 1400
f 1341 1400 1342
f 1342 1400 1401
f 1342 1401 1343
f 1343 1401 1402
f 1343 1402 1344
f 1344 1402 1403
f 1344 1403 1345
f 1345 1403 1404
f 1345 1404 1346
f 1346 1404 1405
f 1346 1405 1347
f 1347 1405 1406
f 1347 1406 1348
f 1348 1406 1407
f 1348 1407 1349
f 1349 1407 1408
f 1349 1408 1350
f 1350 1408 1409
f 1350 1409 1351
f 1351 1409 1410
f 1351 1410 1352
f 1352 1410 1411
f 1352 1411 1353
f 1353 1411 1412
f 1353 1412 1354
f 1354 1412 1413
f 1354 1413 1355
f 1355 1413 1414
f 1355 1414 1356
f 1356 1414 1415
f 1356 1415 1357
f 1357 1415 1416
f 1357 1416 1358
f 1358 1416 1417
f 1358 1417 1359
f 1359 1417 1418
f 1359 1418 1360
f 1360 1418 1419
f 1360 1419 1361
f 1361 1419 1420
f 1361 1420 1362
f 1362 1420 1421
f 1362 1421 1363
f 1363 1421 1422
f 1363 1422 1364
f 1364 1422 1423
f 1364 1423 1365
f 1365 1423 1424
f 1365 1424 1366
f 1366 1424 1425
f 1366 1425 1367
f 1367 1425 1426
f 1367 1426 1368
f 1368 1426 1427
f 1368 1427 1369
f 1369 1427 1428
f 1369 1428 1370
f 1370 1428 1429
f 1370 1429 1371
f 1371 1429 1430
f 1371 1430 1372
f 1372 1430 1431
f 1372 1431 1373
f 1373 1431 1432
f 1373 1432 1374
f 1374 1432 1433
f 1374 1433 1375
f 1375 1433 1434
f 1375 1434 1376
f 1376 1434 1435
f 1376 1435 1377
f 1377 1435 1436
f 1377 1436 1378
f 1378 1436 1437
f 1378 1437 1379
f 1379 1437 1438
f 1379 1438 1380
f 1380 1438 1439
f 1380 1439 1381
f 1381 1439 1440
f 1381 1440 1382
f 1382 1440 1441
f 1382 1441 1383
f 1383 1441 1442
f 1383 1442 1384
f 1384 1442 1443
f 1384 1443 1385
f 1385 1443 1444
f 1385 1444 1386
f 1386 1444 1387
f 1444 43 1387
f 1387 43 42
f 1387 42 1388
f 1388 42 46
f 1388 46 1389
f 1389 46 48
f 1389 48 1390
f 1390 48 49
f 1390 49 1391
f 1391 49 51
f 1391 51 1392
f 1392 51 76
f 1392 76 1393
f 1393 76 75
f 1393 75 1394
f 1394 75 79
f 1394 79 1395
f 1395 79 78
f 1395 78 1396
f 1396 78 82
f 1396 82 1397
f 1397 82 81
f 1397 81 1398
f 1398 81 85
f 1398 85 1399
f 1399 85 84
f 1399 84 1400
f 1400 84 83
f 1400 83 1401
f 1401 83 59
f 1401 59 1402
f 1402 59 58
f 1402 58 1403
f 1403 58 62
f 1403 62 1404
f 1404 62 64
f 1404 64 1405
f 1405 64 65
f 1405 65 1406
f 1406 65 67
f 1406 67 1407
f 1407 67 70
f 1407 70 1408
f 1408 70 69
f 1408 69 1409
f 1409 69 68
f 1409 68 1410
f 1410 68 53
f 1410 53 1411
f 1411 53 52
f 1411 52 1412
f 1412 52 28
f 1412 28 1413
f 1413 28 27
f 1413 27 1414
f 1414 27 2
f 1414 2 1415
f 1415 2 1
f 1415 1 1416
f 1416 1 12
f 1416 12 1417
f 1417 12 14
f 1417 14 1418
f 1418 14 15
f 1418 15 1419
f 1419 15 17
f 1419 17 1420
f 1420 17 32
f 1420 32 1421
f 1421 32 31
f 1421 31 1422
f 1422 31 30
f 1422 30 1423
f 1423 30 19
f 1423 19 1424
f 1424 19 18
f 1424 18 1425
f 1425 18 7
f 1425 7 1426
f 1426 7 35
f 1426 35 1427
f 1427 35 34
f 1427 34 1428
f 1428 34 33
f 1428 33 1429
f 1429 33 22
f 1429 22 1430
f 1430 22 21
f 1430 21 1431
f 1431 21 9
f 1431 9 1432
f 1432 9 8
f 1432 8 1433
f 1433 8 36
f 1433 36 1434
f 1434 36 38
f 1434 38 1435
f 1435 38 73
f 1435 73 1436
f 1436 73 72
f 1436 72 1437
f 1437 72 71
f 1437 71 1438
f 1438 71 40
f 1438 40 1439
f 1439 40 39
f 1439 39 1440
f 1440 39 26
f 1440 26 1441
f 1441 26 57
f 1441 57 1442
f 1442 57 56
f 1442 56 1443
f 1443 56 55
f 1443 55 1444
f 1444 55 43
f 1445 1446 1447
f 1447 1446 1448
f 1447 1448 1449
f 1449 1448 1450
f 1449 1450 1451
f 1451 1450 1452
f 1451 1452 1453
f 1453 1452 1454
f 1453 1454 1455
f 1455 1454 1456
f 1455 1456 1457
f 1457 1456 1458
f 1457 1458 1459
f 1459 1458 1460
f 1459 1460 1461
f 1461 1460 1462
f 1461 1462 1463
f 1463 1462 1464
f 1463 1464 1465
f 1465 1464 1466
f 1465 1466 1467
f 1467 1466 1468
f 1467 1468 1469
f 1469 1468 1470
f 1469 1470 1471
f 1471 1470 1472
f 1471 1472 1473
f 1473 1472 1474
f 1473 1474 1475
f 1475 1474 1476
f 1475 1476 1477
f 1477 1476 1478
f 1477 1478 1479
f 1479 1478 1480
f 1479 1480 1481
f 1481 1480 1482
f 1481 1482 1483
f 1483 1482 1484
f 1483 1484 1485
f 1485 1484 1486
f 1485 1486 1487
f 1487 1486 1488
f 1487 1488 1489
f 1489 1488 1490
f 1489 1490 1491
f 1491 1490 1492
f 1491 1492 1445
f 1445 1492 1446
f 1472 1470 1493
f 1493 1470 1468
f 1493 1468 1466
f 1478 1476 1493
f 1493 1476 1474
f 1493 1474 1472
f 1484 1482 1493
f 1493 1482 1480
f 1493 1480 1478
f 1490 1488 1493
f 1493 1488 1486
f 1493 1486 1484
f 1448 1446 1493
f 1493 1446 1492
f 1493 1492 1490
f 1454 1452 1493
f 1493 1452 1450
f 1493 1450 1448
f 1460 1458 1493
f 1493 1458 1456
f 1493 1456 1454
f 1466 1464 1493
f 1493 1464 1462
f 1493 1462 1460
f 1465 1467 1494
f 1494 1467 1469
f 1494 1469 1471
f 1459 1461 1494
f 1494 1461 1463
f 1494 1463 1465
f 1453 1455 1494
f 1494 1455 1457
f 1494 1457 1459
f 1447 1449 1494
f 1494 1449 1451
f 1494 1451 1453
f 1489 1491 1494
f 1494 1491 1445
f 1494 1445 1447
f 1483 1485 1494
f 1494 1485 1487
f 1494 1487 1489
f 1477 1479 1494
f 1494 1479 1481
f 1494 1481 1483
f 1471 1473 1494
f 1494 1473 1475
f 1494 1475 1477
