v -0.00213363178 0.00772079791 -0.00950003666
v -0.00140120991 0.00788667764 -0.00950003666
v -0.00107290752 0.00374951925 -0.00950003666
v -0.000296139793 0.0038887557 -0.00950003666
v -0.00284721859 0.0074870881 -0.00950003666
v -0.00180568703 0.00345680083 -0.00950003666
v -0.00353577145 0.00718757476 -0.00950003666
v -0.00419332989 0.0068248805 -0.00950003666
v -0.00246455677 0.003022581 -0.00950003666
v -0.00481393345 0.00640222396 -0.00950003666
v -0.00195195682 -0.00776872073 -0.00950003666
v -0.00267090805 -0.00755181943 -0.00950003666
v -0.000881576614 -0.00379905139 -0.00950003666
v -0.0016283036 -0.0035438243 -0.00950003666
v -0.00121595867 -0.00791737471 -0.00950003666
v -9.88484186e-05 -0.00389876996 -0.00950003666
v -0.000469231681 -0.00799647008 -0.00950003666
v 0.00662086002 -0.00450858508 -0.00950003666
v 0.00616953365 -0.00510880385 -0.00950003666
v 0.00325641625 -0.00214615498 -0.00950003666
v 0.00275776379 -0.00275769864 -0.00950003666
v -0.00539233692 0.00592336024 -0.00950003666
v -0.00302257545 0.00246456231 -0.00950003666
v -0.0059232951 0.00539234246 -0.00950003666
v -0.00796570785 -0.000843495472 -0.00950003666
v -0.00800969608 -9.39074591e-05 -0.00950003666
v -0.00386872299 -0.000492722137 -0.00950003666
v -0.00388875015 0.000296145336 -0.00950003666
v -0.00785162456 -0.00158575211 -0.00950003666
v -0.00369038589 -0.00126138364 -0.00950003666
v -0.00766863831 -0.00231400166 -0.00950003666
v -0.00798323162 0.000656574623 -0.00950003666
v -0.0078866721 0.00140121545 -0.00950003666
v -0.0037495137 0.00107285346 -0.00950003666
v 0.00566408627 -0.00566408072 -0.00950003666
v 0.0051088094 -0.00616958772 -0.00950003666
v 0.00214610092 -0.0032564107 -0.00950003666
v 0.00701401226 -0.00386878882 -0.00950003666
v 0.00362179272 -0.00144669448 -0.00950003666
v 0.00734541409 -0.00319501792 -0.00950003666
v 0.00761232369 -0.00249311362 -0.00950003666
v 0.00383887283 -0.000688046558 -0.00950003666
v 0.00781235687 -0.00176933442 -0.00950003666
v 0.00302193157 0.00741830434 -0.00950003666
v 0.00370333187 0.00710269775 -0.00950003666
v 0.00126144878 0.00369039144 -0.00950003666
v 0.00197849266 0.00336089696 -0.00950003666
v -0.0034568549 0.00180569257 -0.00950003666
v -0.00682487495 0.00419333543 -0.00950003666
v -0.00640227802 0.0048139986 -0.00950003666
v -0.00772085197 0.00213357772 -0.00950003666
v -0.00748708256 0.00284722413 -0.00950003666
v -0.00718762882 0.00353577699 -0.00950003666
v -0.0074182988 -0.00302192603 -0.00950003666
v -0.00336089142 -0.00197842751 -0.00950003666
v -0.00710275181 -0.00370332633 -0.00950003666
v -0.00289382942 -0.00261452828 -0.00950003666
v -0.00628759869 -0.00496277247 -0.00950003666
v -0.00672473915 -0.00435218249 -0.00950003666
v -0.00230827339 -0.0031435195 -0.00950003666
v -0.00525202759 -0.00604811345 -0.00950003666
v -0.00579526432 -0.00552973185 -0.00950003666
v -0.00336637505 -0.00726851855 -0.00950003666
v -0.00403215893 -0.00692132149 -0.00950003666
v -0.00466253765 -0.0065133277 -0.00950003666
v 0.000281667634 -0.00800523196 -0.00950003666
v 0.000688052102 -0.00383880769 -0.00950003666
v 0.00103006355 -0.00794371997 -0.00950003666
v 0.000492668076 0.00386872853 -0.00950003666
v 0.00158569805 0.00785168971 -0.00950003666
v 0.0023139476 0.00766870345 -0.00950003666
v -0.000656509475 0.00798323716 -0.00950003666
v 9.39130026e-05 0.00800964202 -0.00950003666
v 0.000843501015 0.00796565379 -0.00950003666
v 0.00144670002 -0.00362172757 -0.00950003666
v 0.00249311916 -0.00761231814 -0.00950003666
v 0.00176939957 -0.00781235133 -0.00950003666
v 0.00450859062 -0.00662085448 -0.00950003666
v 0.00386879437 -0.00701394711 -0.00950003666
v 0.00319502346 -0.00734540854 -0.00950003666
v 0.00794372551 -0.00102999841 -0.00950003666
v 0.0038987159 9.87943574e-05 -0.00950003666
v 0.0080052375 -0.00028166209 -0.00950003666
v 0.00379905693 0.000881582157 -0.00950003666
v 0.00791738026 0.00121596421 -0.00950003666
v 0.00799641602 0.000469237225 -0.00950003666
v 0.00354382984 0.00162830915 -0.00950003666
v 0.00755176537 0.00267091359 -0.00950003666
v 0.00776872627 0.00195202197 -0.00950003666
v 0.00314352505 0.00230833854 -0.00950003666
v 0.00692138664 0.00403216447 -0.00950003666
v 0.00726852409 0.00336632098 -0.00950003666
v 0.00261447422 0.00289383496 -0.00950003666
v 0.00604805939 0.00525203313 -0.00950003666
v 0.00651333324 0.0046626028 -0.00950003666
v 0.00435218803 0.00672474469 -0.00950003666
v 0.00496277802 0.00628766383 -0.00950003666
v 0.0055297374 0.00579526986 -0.00950003666
v 0.00693473808 -0.00574234162 -0.00861490768
v 0.00742707245 -0.0050875846 -0.00861490768
v 0.00762841694 -0.00522556935 -0.00616014999
v 0.00744197361 -0.00506773625 -0.00861490768
v 0.00786433212 -0.00438031588 -0.00861490768
v 0.00807807438 -0.00449940596 -0.00616014999
v 0.00788376324 -0.00434860621 -0.00861490768
v 0.00823447697 -0.00363579427 -0.00861490768
v 0.00845870964 -0.00373491679 -0.00616014999
v 0.00825641148 -0.0035912696 -0.00861490768
v 0.00853428833 -0.00286027823 -0.00861490768
v 0.00876722328 -0.00293847953 -0.00616014999
v 0.00855634205 -0.00280234252 -0.00861490768
v 0.00876138203 -0.00206050311 -0.00861490768
v 0.0090009927 -0.00211700831 -0.00616014999
v 0.00878117077 -0.00198879872 -0.00861490768
v 0.00891361229 -0.00124326382 -0.00861490768
v 0.00915787212 -0.00127747689 -0.00616014999
v 0.00892887108 -0.00115779076 -0.00861490768
v 0.00898990624 -0.000415474518 -0.00861490768
v 0.00923666946 -0.000427037819 -0.00616014999
v 0.00899801247 -0.000316590412 -0.00861490768
v 0.0089894294 0.000415771858 -0.00861490768
v 0.00923666946 0.000427037136 -0.00616014999
v 0.0089881181 0.000527411358 -0.00861490768
v 0.00891230099 0.00124338235 -0.00861490768
v 0.00915787212 0.00127747621 -0.00616014999
v 0.00889918797 0.00136676397 -0.00861490768
v 0.00875911705 0.00206032361 -0.00861490768
v 0.0090009927 0.00211700763 -0.00616014999
v 0.00873217575 0.00219407644 -0.00861490768
v 0.0085313081 0.0028596219 -0.00861490768
v 0.00876722328 0.00293847884 -0.00616014999
v 0.00848827354 0.0030021366 -0.00861490768
v 0.00823078148 0.00363442268 -0.00861490768
v 0.00845870964 0.00373491611 -0.00616014999
v 0.00816986553 0.00378379192 -0.00861490768
v 0.00786004059 0.00437816943 -0.00861490768
v 0.00807807438 0.00449940528 -0.00616014999
v 0.00777969353 0.00453224744 -0.00861490768
v 0.00742218487 0.00508454408 -0.00861490768
v 0.00762841694 0.00522556867 -0.00616014999
v 0.00732109539 0.00524082746 -0.00861490768
v 0.00692114822 0.00574752654 -0.00861490768
v 0.00711367123 0.00590714778 -0.00616014999
v 0.00679812424 0.00590333308 -0.00861490768
v 0.00636110298 0.00636139478 -0.00861490768
v 0.0065383672 0.00653830137 -0.00616014999
v 0.00621554844 0.00651398267 -0.00861490768
v 0.00574681751 0.00692096318 -0.00861490768
v 0.00590715401 0.00711372461 -0.00616014999
v 0.00557825558 0.0070674118 -0.00861490768
v 0.00508365624 0.00742146339 -0.00861490768
v 0.0052256345 0.00762841071 -0.00616014999
v 0.00489184849 0.00755867328 -0.00861490768
v 0.00437710278 0.00785860385 -0.00861490768
v 0.00449941151 0.00807800855 -0.00616014999
v 0.00416264526 0.00798359479 -0.00861490768
v 0.00363323681 0.0082287487 -0.00861490768
v 0.00373492233 0.00845870342 -0.00616014999
v 0.00339672558 0.00833830203 -0.00861490768
v 0.00285837643 0.00852867927 -0.00861490768
v 0.00293848507 0.00876727666 -0.00616014999
v 0.00260100357 0.00861969556 -0.00861490768
v 0.00205919735 0.00875583257 -0.00861490768
v 0.00211701386 0.00900098647 -0.00616014999
v 0.00178239338 0.00882539119 -0.00861490768
v 0.00124249451 0.00890830125 -0.00861490768
v 0.00127742283 0.0091579255 -0.00616014999
v 0.000948166772 0.00895354118 -0.00861490768
v 0.000415301247 0.00898477401 -0.00861490768
v 0.000426983758 0.00923672284 -0.00616014999
v 0.000105595513 0.00900295343 -0.00861490768
v -0.000415468292 0.0089846548 -0.00861490768
v -0.000427031593 0.00923672284 -0.00616014999
v -0.00073792942 0.00897327031 -0.00861490768
v -0.00124266155 0.00890782441 -0.00861490768
v -0.00127747066 0.0091579255 -0.00616014999
v -0.00157501705 0.00886473026 -0.00861490768
v -0.00205924519 0.00875505771 -0.00861490768
v -0.00211706169 0.00900098647 -0.00616014999
v -0.0023981572 0.00867834653 -0.00861490768
v -0.00285830505 0.00852766599 -0.00861490768
v -0.0029385329 0.00876727666 -0.00616014999
v -0.0032003165 0.00841560926 -0.00861490768
v -0.00363280781 0.008227497 -0.00861490768
v -0.00373485096 0.00845870342 -0.00616014999
v -0.00397434242 0.00807896222 -0.00861490768
v -0.00437643536 0.00785711374 -0.00861490768
v -0.00449945934 0.00807800855 -0.00616014999
v -0.00471332081 0.00767132606 -0.00861490768
v -0.0050827504 0.00741979446 -0.00861490768
v -0.00522556312 0.00762841071 -0.00616014999
v -0.00541105278 0.00719621743 -0.00861490768
v -0.00574555405 0.00691917505 -0.00861490768
v -0.00590720184 0.00711372461 -0.00616014999
v -0.00767126091 0.00471332635 -0.00861490768
v -0.00785710819 0.0043764409 -0.00861490768
v -0.00807800301 0.00449940528 -0.00616014999
v -0.00807895668 0.00397428836 -0.00861490768
v -0.00822749145 0.00363287296 -0.00861490768
v -0.00845875748 0.00373491611 -0.00616014999
v -0.00841560371 0.00320032205 -0.00861490768
v -0.00852766045 0.00285825099 -0.00861490768
v -0.00876727112 0.00293847884 -0.00616014999
v -0.00867834099 0.00239816274 -0.00861490768
v -0.00875511177 0.00205925073 -0.00861490768
v -0.00900104053 0.00211700763 -0.00616014999
v -0.00886478432 0.00157502259 -0.00861490768
v -0.00890781887 0.0012426671 -0.00861490768
v -0.00915791996 0.00127747621 -0.00616014999
v -0.00897326477 0.000737994568 -0.00861490768
v -0.00898458965 0.000415473835 -0.00861490768
v -0.0092367173 0.000427037136 -0.00616014999
v -0.00900294788 -0.000105530365 -0.00861490768
v -0.00898482807 -0.000415295704 -0.00861490768
v -0.0092367173 -0.000427037819 -0.00616014999
v -0.00895347603 -0.000948101623 -0.00861490768
v -0.00890829571 -0.00124254857 -0.00861490768
v -0.00915791996 -0.00127747689 -0.00616014999
v -0.00882544525 -0.00178238784 -0.00861490768
v -0.00875582703 -0.00205919181 -0.00861490768
v -0.00900104053 -0.00211700831 -0.00616014999
v -0.00861969002 -0.00260099803 -0.00861490768
v -0.00852873333 -0.00285837088 -0.00861490768
v -0.00876727112 -0.00293847953 -0.00616014999
v -0.00833823688 -0.00339672004 -0.00861490768
v -0.00822880276 -0.00363317166 -0.00861490768
v -0.00845875748 -0.00373491679 -0.00616014999
v -0.00798358925 -0.00416258012 -0.00861490768
v -0.00785865791 -0.00437703763 -0.00861490768
v -0.00807800301 -0.00449940596 -0.00616014999
v -0.00755872734 -0.00489190255 -0.00861490768
v -0.00742139824 -0.00508359109 -0.00861490768
v -0.00762846477 -0.00522556935 -0.00616014999
v -0.00706734665 -0.00557819043 -0.00861490768
v -0.00692095764 -0.00574687157 -0.00861490768
v -0.00711371906 -0.00590714846 -0.00616014999
v -0.00651397713 -0.00621548329 -0.00861490768
v -0.00636138924 -0.00636109744 -0.00861490768
v -0.00653829582 -0.00653830205 -0.00616014999
v -0.00590338715 -0.0067981783 -0.00861490768
v -0.00574746139 -0.00692120229 -0.00861490768
v -0.00590720184 -0.00711372529 -0.00616014999
v -0.00524082191 -0.00732108985 -0.00861490768
v -0.00508453854 -0.00742223893 -0.00861490768
v -0.00522556312 -0.0076284114 -0.00616014999
v -0.0045322419 -0.00777968798 -0.00861490768
v -0.00437822349 -0.00785997544 -0.00861490768
v -0.00449945934 -0.00807800923 -0.00616014999
v -0.00378384598 -0.00816991959 -0.00861490768
v -0.00363447674 -0.00823077594 -0.00861490768
v -0.00373485096 -0.0084587041 -0.00616014999
v -0.00300219067 -0.00848832761 -0.00861490768
v -0.00285961636 -0.00853136216 -0.00861490768
v -0.0029385329 -0.00876727734 -0.00616014999
v -0.00219407089 -0.00873217021 -0.00861490768
v -0.00206031807 -0.00875917111 -0.00861490768
v -0.00211706169 -0.00900098716 -0.00616014999
v -0.00136675842 -0.00889924203 -0.00861490768
v -0.00124337681 -0.00891229544 -0.00861490768
v -0.00127747066 -0.00915792619 -0.00616014999
v -0.000527405814 -0.00898811255 -0.00861490768
v -0.00041570671 -0.00898942385 -0.00861490768
v -0.000427031593 -0.00923672353 -0.00616014999
v 0.000316595956 -0.00899800692 -0.00861490768
v 0.000415420457 -0.00898990069 -0.00861490768
v 0.000426983758 -0.00923672353 -0.00616014999
v 0.0011577367 -0.00892886554 -0.00861490768
v 0.00124320976 -0.00891366635 -0.00861490768
v 0.00127742283 -0.00915792619 -0.00616014999
v 0.00198874466 -0.00878116523 -0.00861490768
v 0.00206050865 -0.00876137648 -0.00861490768
v 0.00211701386 -0.00900098716 -0.00616014999
v 0.00280234806 -0.00855639611 -0.00861490768
v 0.00286028378 -0.00853434239 -0.00861490768
v 0.00293848507 -0.00876727734 -0.00616014999
v 0.00359127514 -0.00825634633 -0.00861490768
v 0.0036357402 -0.00823447142 -0.00861490768
v 0.00373492233 -0.0084587041 -0.00616014999
v 0.00434861176 -0.0078838173 -0.00861490768
v 0.00438032143 -0.00786432658 -0.00861490768
v 0.00449941151 -0.00807800923 -0.00616014999
v 0.0050678014 -0.00744196807 -0.00861490768
v 0.00508759014 -0.0074270073 -0.00861490768
v 0.0052256345 -0.0076284114 -0.00616014999
v 0.00574240677 -0.00693467294 -0.00861490768
v 0.00575146668 -0.00692632829 -0.00861490768
v 0.00590715401 -0.00711372529 -0.00616014999
v 0.00298998348 -0.00892099772 0.00369869667
v 0.00293848507 -0.00876727734 0.00616013008
v 0.00211701386 -0.00900098716 0.00616013008
v 0.00693473808 -0.00574234162 0.00861488777
v 0.00692639343 -0.00575152074 0.00861488777
v 0.00711367123 -0.00590714846 0.00616013008
v -0.00719621189 0.00541099872 0.00861488777
v -0.0069191695 0.00574561919 0.00861488777
v -0.00711371906 0.00590714778 0.00616013008
v 0.00434861176 -0.0078838173 0.00861488777
v 0.0036357402 -0.00823447142 0.00861488777
v 0.00373492233 -0.0084587041 0.00616013008
v 0.0050678014 -0.00744196807 0.00861488777
v 0.00438032143 -0.00786432658 0.00861488777
v 0.00449941151 -0.00807800923 0.00616013008
v 0.00574240677 -0.00693467294 0.00861488777
v 0.00508759014 -0.0074270073 0.00861488777
v 0.0052256345 -0.0076284114 0.00616013008
v 0.00359127514 -0.00825634633 0.00861488777
v 0.00286028378 -0.00853434239 0.00861488777
v 0.00280234806 -0.00855639611 0.00861488777
v 0.00206050865 -0.00876137648 0.00861488777
v 0.00198874466 -0.00878116523 0.00861488777
v 0.00124320976 -0.00891366635 0.00861488777
v 0.00127742283 -0.00915792619 0.00616013008
v 0.0011577367 -0.00892886554 0.00861488777
v 0.000415420457 -0.00898990069 0.00861488777
v 0.000426983758 -0.00923672353 0.00616013008
v 0.000316595956 -0.00899800692 0.00861488777
v -0.00041570671 -0.00898942385 0.00861488777
v -0.000427031593 -0.00923672353 0.00616013008
v -0.000527405814 -0.00898811255 0.00861488777
v -0.00124337681 -0.00891229544 0.00861488777
v -0.00127747066 -0.00915792619 0.00616013008
v -0.00136675842 -0.00889924203 0.00861488777
v -0.00206031807 -0.00875917111 0.00861488777
v -0.00211706169 -0.00900098716 0.00616013008
v -0.00219407089 -0.00873217021 0.00861488777
v -0.00285961636 -0.00853136216 0.00861488777
v -0.0029385329 -0.00876727734 0.00616013008
v -0.00300219067 -0.00848832761 0.00861488777
v -0.00363447674 -0.00823077594 0.00861488777
v -0.00373485096 -0.0084587041 0.00616013008
v -0.00378384598 -0.00816991959 0.00861488777
v -0.00437822349 -0.00785997544 0.00861488777
v -0.00449945934 -0.00807800923 0.00616013008
v -0.0045322419 -0.00777968798 0.00861488777
v -0.00508453854 -0.00742223893 0.00861488777
v -0.00522556312 -0.0076284114 0.00616013008
v -0.00524082191 -0.00732108985 0.00861488777
v -0.00574746139 -0.00692120229 0.00861488777
v -0.00590720184 -0.00711372529 0.00616013008
v -0.00590338715 -0.0067981783 0.00861488777
v -0.00636138924 -0.00636109744 0.00861488777
v -0.00653829582 -0.00653830205 0.00616013008
v -0.00651397713 -0.00621548329 0.00861488777
v -0.00692095764 -0.00574687157 0.00861488777
v -0.00711371906 -0.00590714846 0.00616013008
v -0.00706734665 -0.00557819043 0.00861488777
v -0.00742139824 -0.00508359109 0.00861488777
v -0.00762846477 -0.00522556935 0.00616013008
v -0.00755872734 -0.00489190255 0.00861488777
v -0.00785865791 -0.00437703763 0.00861488777
v -0.00807800301 -0.00449940596 0.00616013008
v -0.00798358925 -0.00416258012 0.00861488777
v -0.00822880276 -0.00363317166 0.00861488777
v -0.00845875748 -0.00373491679 0.00616013008
v -0.00833823688 -0.00339672004 0.00861488777
v -0.00852873333 -0.00285837088 0.00861488777
v -0.00876727112 -0.00293847953 0.00616013008
v -0.00861969002 -0.00260099803 0.00861488777
v -0.00875582703 -0.00205919181 0.00861488777
v -0.00900104053 -0.00211700831 0.00616013008
v -0.00882544525 -0.00178238784 0.00861488777
v -0.00890829571 -0.00124254857 0.00861488777
v -0.00915791996 -0.00127747689 0.00616013008
v -0.00895347603 -0.000948101623 0.00861488777
v -0.00898482807 -0.000415295704 0.00861488777
v -0.0092367173 -0.000427037819 0.00616013008
v -0.00900294788 -0.000105530365 0.00861488777
v -0.00898458965 0.000415473835 0.00861488777
v -0.0092367173 0.000427037136 0.00616013008
v -0.00897326477 0.000737994568 0.00861488777
v -0.00890781887 0.0012426671 0.00861488777
v -0.00915791996 0.00127747621 0.00616013008
v -0.00886478432 0.00157502259 0.00861488777
v -0.00875511177 0.00205925073 0.00861488777
v -0.00900104053 0.00211700763 0.00616013008
v -0.00867834099 0.00239816274 0.00861488777
v -0.00852766045 0.00285825099 0.00861488777
v -0.00876727112 0.00293847884 0.00616013008
v -0.00841560371 0.00320032205 0.00861488777
v -0.00822749145 0.00363287296 0.00861488777
v -0.00845875748 0.00373491611 0.00616013008
v -0.00807895668 0.00397428836 0.00861488777
v -0.00785710819 0.0043764409 0.00861488777
v -0.00807800301 0.00449940528 0.00616013008
v -0.00767126091 0.00471332635 0.00861488777
v -0.00741972931 0.00508269633 0.00861488777
v -0.00762846477 0.00522556867 0.00616013008
v -0.00636651524 0.00636652078 0.00861488777
v -0.00606110104 0.00665792789 0.00861488777
v -0.00590720184 0.00711372461 0.00616013008
v -0.00574555405 0.00691917505 0.00861488777
v -0.00541105278 0.00719621743 0.00861488777
v -0.00522556312 0.00762841071 0.00616013008
v -0.0050827504 0.00741979446 0.00861488777
v -0.00471332081 0.00767132606 0.00861488777
v -0.00449945934 0.00807800855 0.00616013008
v -0.00437643536 0.00785711374 0.00861488777
v -0.00397434242 0.00807896222 0.00861488777
v -0.00373485096 0.00845870342 0.00616013008
v -0.00363280781 0.008227497 0.00861488777
v -0.0032003165 0.00841560926 0.00861488777
v -0.0029385329 0.00876727666 0.00616013008
v -0.00285830505 0.00852766599 0.00861488777
v -0.0023981572 0.00867834653 0.00861488777
v -0.00211706169 0.00900098647 0.00616013008
v -0.00205924519 0.00875505771 0.00861488777
v -0.00157501705 0.00886473026 0.00861488777
v -0.00127747066 0.0091579255 0.00616013008
v -0.00124266155 0.00890782441 0.00861488777
v -0.00073792942 0.00897327031 0.00861488777
v -0.000427031593 0.00923672284 0.00616013008
v -0.000415468292 0.0089846548 0.00861488777
v 0.000105595513 0.00900295343 0.00861488777
v 0.000426983758 0.00923672284 0.00616013008
v 0.000415301247 0.00898477401 0.00861488777
v 0.000948166772 0.00895354118 0.00861488777
v 0.00127742283 0.0091579255 0.00616013008
v 0.00124249451 0.00890830125 0.00861488777
v 0.00178239338 0.00882539119 0.00861488777
v 0.00211701386 0.00900098647 0.00616013008
v 0.00205919735 0.00875583257 0.00861488777
v 0.00260100357 0.00861969556 0.00861488777
v 0.00293848507 0.00876727666 0.00616013008
v 0.00285837643 0.00852867927 0.00861488777
v 0.00339672558 0.00833830203 0.00861488777
v 0.00373492233 0.00845870342 0.00616013008
v 0.00363323681 0.0082287487 0.00861488777
v 0.00416264526 0.00798359479 0.00861488777
v 0.00449941151 0.00807800855 0.00616013008
v 0.00437710278 0.00785860385 0.00861488777
v 0.00489184849 0.00755867328 0.00861488777
v 0.0052256345 0.00762841071 0.00616013008
v 0.00508365624 0.00742146339 0.00861488777
v 0.00557825558 0.0070674118 0.00861488777
v 0.00590715401 0.00711372461 0.00616013008
v 0.00574681751 0.00692096318 0.00861488777
v 0.00621554844 0.00651398267 0.00861488777
v 0.0065383672 0.00653830137 0.00616013008
v 0.00636110298 0.00636139478 0.00861488777
v 0.00679812424 0.00590333308 0.00861488777
v 0.00711367123 0.00590714778 0.00616013008
v 0.00692114822 0.00574752654 0.00861488777
v 0.00732109539 0.00524082746 0.00861488777
v 0.00762841694 0.00522556867 0.00616013008
v 0.00742218487 0.00508454408 0.00861488777
v 0.00777969353 0.00453224744 0.00861488777
v 0.00807807438 0.00449940528 0.00616013008
v 0.00786004059 0.00437816943 0.00861488777
v 0.00816986553 0.00378379192 0.00861488777
v 0.00845870964 0.00373491611 0.00616013008
v 0.00823078148 0.00363442268 0.00861488777
v 0.00848827354 0.0030021366 0.00861488777
v 0.00876722328 0.00293847884 0.00616013008
v 0.0085313081 0.0028596219 0.00861488777
v 0.00873217575 0.00219407644 0.00861488777
v 0.0090009927 0.00211700763 0.00616013008
v 0.00875911705 0.00206032361 0.00861488777
v 0.00889918797 0.00136676397 0.00861488777
v 0.00915787212 0.00127747621 0.00616013008
v 0.00891230099 0.00124338235 0.00861488777
v 0.0089881181 0.000527411358 0.00861488777
v 0.00923666946 0.000427037136 0.00616013008
v 0.0089894294 0.000415771858 0.00861488777
v 0.00899801247 -0.000316590412 0.00861488777
v 0.00923666946 -0.000427037819 0.00616013008
v 0.00898990624 -0.000415474518 0.00861488777
v 0.00892887108 -0.00115779076 0.00861488777
v 0.00915787212 -0.00127747689 0.00616013008
v 0.00891361229 -0.00124326382 0.00861488777
v 0.00878117077 -0.00198879872 0.00861488777
v 0.0090009927 -0.00211700831 0.00616013008
v 0.00876138203 -0.00206050311 0.00861488777
v 0.00855634205 -0.00280234252 0.00861488777
v 0.00876722328 -0.00293847953 0.00616013008
v 0.00853428833 -0.00286027823 0.00861488777
v 0.00825641148 -0.0035912696 0.00861488777
v 0.00845870964 -0.00373491679 0.00616013008
v 0.00823447697 -0.00363579427 0.00861488777
v 0.00788376324 -0.00434860621 0.00861488777
v 0.00807807438 -0.00449940596 0.00616013008
v 0.00786433212 -0.00438031588 0.00861488777
v 0.00744197361 -0.00506773625 0.00861488777
v 0.00762841694 -0.00522556935 0.00616013008
v 0.00742707245 -0.0050875846 0.00861488777
v 0.00380036823 -0.00860706006 0.00369869667
v 0.00383315079 -0.00868126784 0.00123332936
v 0.00457832806 -0.00821968947 0.00369869667
v 0.00461778633 -0.00829055939 0.00123332936
v 0.00461778633 -0.00829055939 -0.00123334926
v 0.00531718723 -0.00776216422 0.00369869667
v 0.00536308281 -0.00782910023 0.00123332936
v 0.00536308281 -0.00782910023 -0.00123334926
v 0.00531718723 -0.00776216422 -0.00369871658
v 0.00575146668 -0.00692632829 0.00861488777
v 0.00590715401 -0.00711372529 0.00616013008
v 0.00601074688 -0.00723847781 0.00369869667
v 0.00606260292 -0.00730088387 0.00123332936
v 0.00606260292 -0.00730088387 -0.00123334926
v 0.00601074688 -0.00723847781 -0.00369871658
v -0.00723841198 0.00601074065 -0.00369871658
v -0.00711371906 0.00590714778 -0.00616014999
v -0.00762846477 0.00522556867 -0.00616014999
v 0.0063664674 -0.00636652146 0.00861488777
v 0.0065383672 -0.00653830205 0.00616013008
v 0.00665292732 -0.00665298138 0.00369869667
v 0.0067103862 -0.00671032105 0.00123332936
v 0.0067103862 -0.00671032105 -0.00123334926
v 0.00665292732 -0.00665298138 -0.00369871658
v 0.0065383672 -0.00653830205 -0.00616014999
v 0.0063664674 -0.00636652146 -0.00861490768
v 0.00215408794 -0.00915882026 0.00369869667
v 0.0030158519 -0.00899788771 0.00123332936
v 0.00383315079 -0.00868126784 -0.00123334926
v 0.00457832806 -0.00821968947 -0.00369871658
v 0.00129983418 -0.0093185011 0.00369869667
v 0.00217268459 -0.00923779641 0.00123332936
v 0.0030158519 -0.00899788771 -0.00123334926
v 0.00380036823 -0.00860706006 -0.00369871658
v 0.000434493943 -0.00939872895 0.00369869667
v 0.00131103985 -0.00939884816 0.00123332936
v 0.00217268459 -0.00923779641 -0.00123334926
v 0.00298998348 -0.00892099772 -0.00369871658
v -0.000434541778 -0.00939872895 0.00369869667
v 0.00043830864 -0.00947973166 0.00123332936
v 0.00131103985 -0.00939884816 -0.00123334926
v 0.00215408794 -0.00915882026 -0.00369871658
v -0.00129988201 -0.0093185011 0.00369869667
v -0.000438237266 -0.00947973166 0.00123332936
v 0.00043830864 -0.00947973166 -0.00123334926
v 0.00129983418 -0.0093185011 -0.00369871658
v -0.00215413578 -0.00915882026 0.00369869667
v -0.00131108768 -0.00939884816 0.00123332936
v -0.000438237266 -0.00947973166 -0.00123334926
v 0.000434493943 -0.00939872895 -0.00369871658
v -0.00299003132 -0.00892099772 0.00369869667
v -0.00217273243 -0.00923779641 0.00123332936
v -0.00131108768 -0.00939884816 -0.00123334926
v -0.000434541778 -0.00939872895 -0.00369871658
v -0.00380041607 -0.00860706006 0.00369869667
v -0.00301578052 -0.00899788771 0.00123332936
v -0.00217273243 -0.00923779641 -0.00123334926
v -0.00129988201 -0.0093185011 -0.00369871658
v -0.00457837589 -0.00821968947 0.00369869667
v -0.00383319862 -0.00868126784 0.00123332936
v -0.00301578052 -0.00899788771 -0.00123334926
v -0.00215413578 -0.00915882026 -0.00369871658
v -0.00531723507 -0.00776216422 0.00369869667
v -0.00461783417 -0.00829055939 0.00123332936
v -0.00383319862 -0.00868126784 -0.00123334926
v -0.00299003132 -0.00892099772 -0.00369871658
v -0.00601079472 -0.00723847781 0.00369869667
v -0.00536301144 -0.00782910023 0.00123332936
v -0.00461783417 -0.00829055939 -0.00123334926
v -0.00380041607 -0.00860706006 -0.00369871658
v -0.00665297516 -0.00665298138 0.00369869667
v -0.00606253155 -0.00730088387 0.00123332936
v -0.00536301144 -0.00782910023 -0.00123334926
v -0.00457837589 -0.00821968947 -0.00369871658
v -0.00723841198 -0.00601074134 0.00369869667
v -0.00671031483 -0.00671032105 0.00123332936
v -0.00606253155 -0.00730088387 -0.00123334926
v -0.00531723507 -0.00776216422 -0.00369871658
v -0.0077622176 -0.00531724129 0.00369869667
v -0.00730087765 -0.00606253777 0.00123332936
v -0.00671031483 -0.00671032105 -0.00123334926
v -0.00601079472 -0.00723847781 -0.00369871658
v -0.00821974285 -0.00457832251 0.00369869667
v -0.00782909401 -0.00536307727 0.00123332936
v -0.00730087765 -0.00606253777 -0.00123334926
v -0.00665297516 -0.00665298138 -0.00369871658
v -0.00860705383 -0.00380036269 0.00369869667
v -0.00829055317 -0.00461778079 0.00123332936
v -0.00782909401 -0.00536307727 -0.00123334926
v -0.00723841198 -0.00601074134 -0.00369871658
v -0.0089210511 -0.00299003754 0.00369869667
v -0.00868132122 -0.00383314524 0.00123332936
v -0.00829055317 -0.00461778079 -0.00123334926
v -0.0077622176 -0.00531724129 -0.00369871658
v -0.00915887363 -0.00215414201 0.00369869667
v -0.00899794109 -0.00301578675 0.00123332936
v -0.00868132122 -0.00383314524 -0.00123334926
v -0.00821974285 -0.00457832251 -0.00369871658
v -0.00931849487 -0.00129988824 0.00369869667
v -0.00923779018 -0.00217267905 0.00123332936
v -0.00899794109 -0.00301578675 -0.00123334926
v -0.00860705383 -0.00380036269 -0.00369871658
v -0.00939872272 -0.000434548004 0.00369869667
v -0.00939884193 -0.00131109391 0.00123332936
v -0.00923779018 -0.00217267905 -0.00123334926
v -0.0089210511 -0.00299003754 -0.00369871658
v -0.00939872272 0.000434547321 0.00369869667
v -0.00947978504 -0.000438303097 0.00123332936
v -0.00939884193 -0.00131109391 -0.00123334926
v -0.00915887363 -0.00215414201 -0.00369871658
v -0.00931849487 0.00129988755 0.00369869667
v -0.00947978504 0.000438302414 0.00123332936
v -0.00947978504 -0.000438303097 -0.00123334926
v -0.00931849487 -0.00129988824 -0.00369871658
v -0.00915887363 0.00215414132 0.00369869667
v -0.00939884193 0.00131109323 0.00123332936
v -0.00947978504 0.000438302414 -0.00123334926
v -0.00939872272 -0.000434548004 -0.00369871658
v -0.0089210511 0.00299003686 0.00369869667
v -0.00923779018 0.00217273797 0.00123332936
v -0.00939884193 0.00131109323 -0.00123334926
v -0.00939872272 0.000434547321 -0.00369871658
v -0.00860705383 0.00380036201 0.00369869667
v -0.00899794109 0.00301578607 0.00123332936
v -0.00923779018 0.00217273797 -0.00123334926
v -0.00931849487 0.00129988755 -0.00369871658
v -0.00821974285 0.00457832183 0.00369869667
v -0.00868132122 0.00383314456 0.00123332936
v -0.00899794109 0.00301578607 -0.00123334926
v -0.00915887363 0.00215414132 -0.00369871658
v -0.0077622176 0.00531724061 0.00369869667
v -0.00829055317 0.00461778011 0.00123332936
v -0.00868132122 0.00383314456 -0.00123334926
v -0.0089210511 0.00299003686 -0.00369871658
v -0.00723841198 0.00601074065 0.00369869667
v -0.00782909401 0.00536307658 0.00123332936
v -0.00829055317 0.00461778011 -0.00123334926
v -0.00860705383 0.00380036201 -0.00369871658
v -0.00730087765 0.00606253709 0.00123332936
v -0.00782909401 0.00536307658 -0.00123334926
v -0.00821974285 0.00457832183 -0.00369871658
v -0.00730087765 0.00606253709 -0.00123334926
v -0.0077622176 0.00531724061 -0.00369871658
v -0.00741972931 0.00508269633 -0.00861490768
v -0.00606110104 0.00665792789 -0.00861490768
v -0.00635948189 0.00635948743 -0.00861490768
v -0.00653829582 0.00653830137 -0.00616014999
v -0.00665297516 0.0066529807 -0.00369871658
v -0.00671031483 0.00671032037 -0.00123334926
v -0.00671031483 0.00671032037 0.00123332936
v -0.00665297516 0.0066529807 0.00369869667
v -0.00653829582 0.00653830137 0.00616013008
v -0.00665786274 0.00606110658 0.00861488777
v -0.00665786274 0.00606110658 -0.00861490768
v -0.0069191695 0.00574561919 -0.00861490768
v -0.00719621189 0.00541099872 -0.00861490768
v -0.00601079472 0.00723847713 -0.00369871658
v -0.00606253155 0.00730088319 -0.00123334926
v -0.00606253155 0.00730088319 0.00123332936
v -0.00601079472 0.00723847713 0.00369869667
v -0.00531723507 0.00776216354 -0.00369871658
v -0.00536301144 0.00782909955 -0.00123334926
v -0.00536301144 0.00782909955 0.00123332936
v -0.00531723507 0.00776216354 0.00369869667
v -0.00457837589 0.00821968879 -0.00369871658
v -0.00461783417 0.00829055871 -0.00123334926
v -0.00461783417 0.00829055871 0.00123332936
v -0.00457837589 0.00821968879 0.00369869667
v -0.00380041607 0.00860705938 -0.00369871658
v -0.00383319862 0.00868126716 -0.00123334926
v -0.00383319862 0.00868126716 0.00123332936
v -0.00380041607 0.00860705938 0.00369869667
v -0.00299003132 0.00892099704 -0.00369871658
v -0.00301578052 0.00899788703 -0.00123334926
v -0.00301578052 0.00899788703 0.00123332936
v -0.00299003132 0.00892099704 0.00369869667
v -0.00215413578 0.00915881957 -0.00369871658
v -0.00217273243 0.00923779573 -0.00123334926
v -0.00217273243 0.00923779573 0.00123332936
v -0.00215413578 0.00915881957 0.00369869667
v -0.00129988201 0.00931850042 -0.00369871658
v -0.00131108768 0.00939884748 -0.00123334926
v -0.00131108768 0.00939884748 0.00123332936
v -0.00129988201 0.00931850042 0.00369869667
v -0.000434541778 0.00939872827 -0.00369871658
v -0.000438237266 0.00947973098 -0.00123334926
v -0.000438237266 0.00947973098 0.00123332936
v -0.000434541778 0.00939872827 0.00369869667
v 0.000434493943 0.00939872827 -0.00369871658
v 0.00043830864 0.00947973098 -0.00123334926
v 0.00043830864 0.00947973098 0.00123332936
v 0.000434493943 0.00939872827 0.00369869667
v 0.00129983418 0.00931850042 -0.00369871658
v 0.00131103985 0.00939884748 -0.00123334926
v 0.00131103985 0.00939884748 0.00123332936
v 0.00129983418 0.00931850042 0.00369869667
v 0.00215408794 0.00915881957 -0.00369871658
v 0.00217268459 0.00923779573 -0.00123334926
v 0.00217268459 0.00923779573 0.00123332936
v 0.00215408794 0.00915881957 0.00369869667
v 0.00298998348 0.00892099704 -0.00369871658
v 0.0030158519 0.00899788703 -0.00123334926
v 0.0030158519 0.00899788703 0.00123332936
v 0.00298998348 0.00892099704 0.00369869667
v 0.00380036823 0.00860705938 -0.00369871658
v 0.00383315079 0.00868126716 -0.00123334926
v 0.00383315079 0.00868126716 0.00123332936
v 0.00380036823 0.00860705938 0.00369869667
v 0.00457832806 0.00821968879 -0.00369871658
v 0.00461778633 0.00829055871 -0.00123334926
v 0.00461778633 0.00829055871 0.00123332936
v 0.00457832806 0.00821968879 0.00369869667
v 0.00531718723 0.00776216354 -0.00369871658
v 0.00536308281 0.00782909955 -0.00123334926
v 0.00536308281 0.00782909955 0.00123332936
v 0.00531718723 0.00776216354 0.00369869667
v 0.00601074688 0.00723847713 -0.00369871658
v 0.00606260292 0.00730088319 -0.00123334926
v 0.00606260292 0.00730088319 0.00123332936
v 0.00601074688 0.00723847713 0.00369869667
v 0.00665292732 0.0066529807 -0.00369871658
v 0.0067103862 0.00671032037 -0.00123334926
v 0.0067103862 0.00671032037 0.00123332936
v 0.00665292732 0.0066529807 0.00369869667
v 0.00723848335 0.00601074065 -0.00369871658
v 0.00730082981 0.00606253709 -0.00123334926
v 0.00730082981 0.00606253709 0.00123332936
v 0.00723848335 0.00601074065 0.00369869667
v 0.00776216976 0.00531724061 -0.00369871658
v 0.00782916538 0.00536307658 -0.00123334926
v 0.00782916538 0.00536307658 0.00123332936
v 0.00776216976 0.00531724061 0.00369869667
v 0.00821969502 0.00457832183 -0.00369871658
v 0.00829050533 0.00461778011 -0.00123334926
v 0.00829050533 0.00461778011 0.00123332936
v 0.00821969502 0.00457832183 0.00369869667
v 0.008607006 0.00380036201 -0.00369871658
v 0.00868127338 0.00383314456 -0.00123334926
v 0.00868127338 0.00383314456 0.00123332936
v 0.008607006 0.00380036201 0.00369869667
v 0.00892100327 0.00299003686 -0.00369871658
v 0.00899789326 0.00301578607 -0.00123334926
v 0.00899789326 0.00301578607 0.00123332936
v 0.00892100327 0.00299003686 0.00369869667
v 0.0091588258 0.00215414132 -0.00369871658
v 0.00923774235 0.00217273797 -0.00123334926
v 0.00923774235 0.00217273797 0.00123332936
v 0.0091588258 0.00215414132 0.00369869667
v 0.00931856625 0.00129988755 -0.00369871658
v 0.00939891331 0.00131109323 -0.00123334926
v 0.00939891331 0.00131109323 0.00123332936
v 0.00931856625 0.00129988755 0.00369869667
v 0.00939867489 0.000434547321 -0.00369871658
v 0.00947973721 0.000438302414 -0.00123334926
v 0.00947973721 0.000438302414 0.00123332936
v 0.00939867489 0.000434547321 0.00369869667
v 0.00939867489 -0.000434548004 -0.00369871658
v 0.00947973721 -0.000438303097 -0.00123334926
v 0.00947973721 -0.000438303097 0.00123332936
v 0.00939867489 -0.000434548004 0.00369869667
v 0.00931856625 -0.00129988824 -0.00369871658
v 0.00939891331 -0.00131109391 -0.00123334926
v 0.00939891331 -0.00131109391 0.00123332936
v 0.00931856625 -0.00129988824 0.00369869667
v 0.0091588258 -0.00215414201 -0.00369871658
v 0.00923774235 -0.00217267905 -0.00123334926
v 0.00923774235 -0.00217267905 0.00123332936
v 0.0091588258 -0.00215414201 0.00369869667
v 0.00892100327 -0.00299003754 -0.00369871658
v 0.00899789326 -0.00301578675 -0.00123334926
v 0.00899789326 -0.00301578675 0.00123332936
v 0.00892100327 -0.00299003754 0.00369869667
v 0.008607006 -0.00380036269 -0.00369871658
v 0.00868127338 -0.00383314524 -0.00123334926
v 0.00868127338 -0.00383314524 0.00123332936
v 0.008607006 -0.00380036269 0.00369869667
v 0.00821969502 -0.00457832251 -0.00369871658
v 0.00829050533 -0.00461778079 -0.00123334926
v 0.00829050533 -0.00461778079 0.00123332936
v 0.00821969502 -0.00457832251 0.00369869667
v 0.00776216976 -0.00531724129 -0.00369871658
v 0.00782916538 -0.00536307727 -0.00123334926
v 0.00782916538 -0.00536307727 0.00123332936
v 0.00776216976 -0.00531724129 0.00369869667
v 0.00692639343 -0.00575152074 -0.00861490768
v 0.00711367123 -0.00590714846 -0.00616014999
v 0.00723848335 -0.00601074134 -0.00369871658
v 0.00730082981 -0.00606253777 -0.00123334926
v 0.00730082981 -0.00606253777 0.00123332936
v 0.00723848335 -0.00601074134 0.00369869667
v -0.00466253765 -0.0065133277 0.00950001675
v -0.00403215893 -0.00692132149 0.00950001675
v -0.00230827339 -0.0031435195 0.00950001675
v -0.0016283036 -0.0035438243 0.00950001675
v -0.00525202759 -0.00604811345 0.00950001675
v -0.00289382942 -0.00261452828 0.00950001675
v -0.00579526432 -0.00552973185 0.00950001675
v -0.00386872299 -0.000492722137 0.00950001675
v -0.00796570785 -0.000843495472 0.00950001675
v -0.00785162456 -0.00158575211 0.00950001675
v 0.0023139476 0.00766870345 0.00950001675
v 0.00158569805 0.00785168971 0.00950001675
v 0.00126144878 0.00369039144 0.00950001675
v 0.000492668076 0.00386872853 0.00950001675
v 0.00275776379 -0.00275769864 0.00950001675
v 0.00566408627 -0.00566408072 0.00950001675
v 0.00616953365 -0.00510880385 0.00950001675
v -9.88484186e-05 -0.00389876996 0.00950001675
v -0.000881576614 -0.00379905139 0.00950001675
v -0.00121595867 -0.00791737471 0.00950001675
v -0.00336637505 -0.00726851855 0.00950001675
v -0.00267090805 -0.00755181943 0.00950001675
v -0.00195195682 -0.00776872073 0.00950001675
v -0.00628759869 -0.00496277247 0.00950001675
v -0.00336089142 -0.00197842751 0.00950001675
v -0.00672473915 -0.00435218249 0.00950001675
v -0.00369038589 -0.00126138364 0.00950001675
v -0.00800969608 -9.39074591e-05 0.00950001675
v -0.00388875015 0.000296145336 0.00950001675
v -0.00798323162 0.000656574623 0.00950001675
v 0.000843501015 0.00796565379 0.00950001675
v 9.39130026e-05 0.00800964202 0.00950001675
v -0.000296139793 0.0038887557 0.00950001675
v 0.00325641625 -0.00214615498 0.00950001675
v 0.0051088094 -0.00616958772 0.00950001675
v 0.00214610092 -0.0032564107 0.00950001675
v 0.00450859062 -0.00662085448 0.00950001675
v -0.0078866721 0.00140121545 0.00950001675
v -0.0037495137 0.00107285346 0.00950001675
v -0.00772085197 0.00213357772 0.00950001675
v -0.00246455677 0.003022581 0.00950001675
v -0.00180568703 0.00345680083 0.00950001675
v -0.00419332989 0.0068248805 0.00950001675
v -0.00107290752 0.00374951925 0.00950001675
v -0.00284721859 0.0074870881 0.00950001675
v -0.00353577145 0.00718757476 0.00950001675
v -0.000656509475 0.00798323716 0.00950001675
v -0.00140120991 0.00788667764 0.00950001675
v -0.00213363178 0.00772079791 0.00950001675
v 0.00302193157 0.00741830434 0.00950001675
v 0.00197849266 0.00336089696 0.00950001675
v 0.00370333187 0.00710269775 0.00950001675
v 0.00261447422 0.00289383496 0.00950001675
v 0.00496277802 0.00628766383 0.00950001675
v 0.00435218803 0.00672474469 0.00950001675
v 0.00776872627 0.00195202197 0.00950001675
v 0.00755176537 0.00267091359 0.00950001675
v 0.00379905693 0.000881582157 0.00950001675
v 0.00354382984 0.00162830915 0.00950001675
v -0.00766863831 -0.00231400166 0.00950001675
v -0.0074182988 -0.00302192603 0.00950001675
v -0.00710275181 -0.00370332633 0.00950001675
v -0.00748708256 0.00284722413 0.00950001675
v -0.0034568549 0.00180569257 0.00950001675
v -0.00718762882 0.00353577699 0.00950001675
v -0.00682487495 0.00419333543 0.00950001675
v -0.00302257545 0.00246456231 0.00950001675
v -0.00640227802 0.0048139986 0.00950001675
v -0.00481393345 0.00640222396 0.00950001675
v -0.00539233692 0.00592336024 0.00950001675
v -0.0059232951 0.00539234246 0.00950001675
v 0.00791738026 0.00121596421 0.00950001675
v 0.0038987159 9.87943574e-05 0.00950001675
v 0.00799641602 0.000469237225 0.00950001675
v 0.00386879437 -0.00701394711 0.00950001675
v 0.00144670002 -0.00362172757 0.00950001675
v 0.00319502346 -0.00734540854 0.00950001675
v 0.00249311916 -0.00761231814 0.00950001675
v 0.000688052102 -0.00383880769 0.00950001675
v 0.00176939957 -0.00781235133 0.00950001675
v 0.00314352505 0.00230833854 0.00950001675
v 0.00604805939 0.00525203313 0.00950001675
v 0.0055297374 0.00579526986 0.00950001675
v 0.00726852409 0.00336632098 0.00950001675
v 0.00692138664 0.00403216447 0.00950001675
v 0.00651333324 0.0046626028 0.00950001675
v 0.00383887283 -0.000688046558 0.00950001675
v 0.00362179272 -0.00144669448 0.00950001675
v 0.00761232369 -0.00249311362 0.00950001675
v 0.00662086002 -0.00450858508 0.00950001675
v 0.00701401226 -0.00386878882 0.00950001675
v 0.00734541409 -0.00319501792 0.00950001675
v -0.000469231681 -0.00799647008 0.00950001675
v 0.000281667634 -0.00800523196 0.00950001675
v 0.00103006355 -0.00794371997 0.00950001675
v 0.00781235687 -0.00176933442 0.00950001675
v 0.00794372551 -0.00102999841 0.00950001675
v 0.0080052375 -0.00028166209 0.00950001675
v 0.00275776379 -0.00275769864 0.00450002152
v 0.00325641625 -0.00214615498 0.00450002152
v 0.00362179272 -0.00144669448 0.00450002152
v 0.00383887283 -0.000688046558 0.00450002152
v 0.0038987159 9.87943574e-05 0.00450002152
v 0.00379905693 0.000881582157 0.00450002152
v 0.00354382984 0.00162830915 0.00450002152
v 0.00314352505 0.00230833854 0.00450002152
v 0.00261447422 0.00289383496 0.00450002152
v 0.00197849266 0.00336089696 0.00450002152
v 0.00126144878 0.00369039144 0.00450002152
v 0.000492668076 0.00386872853 0.00450002152
v -0.000296139793 0.0038887557 0.00450002152
v -0.00107290752 0.00374951925 0.00450002152
v -0.00180568703 0.00345680083 0.00450002152
v -0.00246455677 0.003022581 0.00450002152
v -0.00302257545 0.00246456231 0.00450002152
v -0.0034568549 0.00180569257 0.00450002152
v -0.0037495137 0.00107285346 0.00450002152
v -0.00388875015 0.000296145336 0.00450002152
v -0.00386872299 -0.000492722137 0.00450002152
v -0.00369038589 -0.00126138364 0.00450002152
v -0.00336089142 -0.00197842751 0.00450002152
v -0.00289382942 -0.00261452828 0.00450002152
v -0.00230827339 -0.0031435195 0.00450002152
v -0.0016283036 -0.0035438243 0.00450002152
v -0.000881576614 -0.00379905139 0.00450002152
v -9.88484186e-05 -0.00389876996 0.00450002152
v 0.000688052102 -0.00383880769 0.00450002152
v 0.00144670002 -0.00362172757 0.00450002152
v 0.00214610092 -0.0032564107 0.00450002152
v 7.85350043e-05 -0.00249877606 0.00450002152
v 0.000697469636 -0.00240072642 0.00450002152
v 0.00127265446 -0.00215187703 0.00450002152
v 0.00176773064 -0.0017677847 0.00450002152
v 0.00215182297 -0.00127258931 0.00450002152
v 0.00240073196 -0.000697464092 0.00450002152
v -0.00229444511 0.000992864029 0.00450002152
v -0.00246920593 0.000391095535 0.00450002152
v -0.00248887546 -0.000235289677 0.00450002152
v -0.00235214241 -0.000846833332 0.00450002152
v -0.00206770904 -0.00140520964 0.00450002152
v 0.002498722 -7.85294608e-05 0.00450002152
v 0.00243983261 0.000545352356 0.00450002152
v 0.00222752087 0.0011349615 0.00450002152
v 0.00187525742 0.00165328349 0.00450002152
v -0.00165333755 -0.00187525187 0.00450002152
v -0.00113501556 -0.00222751532 0.00450002152
v -0.000545406417 -0.00243976746 0.00450002152
v -0.000391030387 0.00246921148 0.00450002152
v -0.00099291809 0.00229439105 0.00450002152
v -0.00153222092 0.00197538699 0.00450002152
v -0.00197544105 0.00153228606 0.00450002152
v 0.00140521519 0.00206771459 0.00450002152
v 0.000846838875 0.00235220756 0.00450002152
v 0.00023529522 0.00248888101 0.00450002152
v 0.00176773064 -0.0017677847 -0.00450004143
v 0.00215182297 -0.00127258931 -0.00450004143
v 0.00240073196 -0.000697464092 -0.00450004143
v 0.002498722 -7.85294608e-05 -0.00450004143
v 0.00243983261 0.000545352356 -0.00450004143
v 0.00222752087 0.0011349615 -0.00450004143
v 0.00187525742 0.00165328349 -0.00450004143
v 0.00140521519 0.00206771459 -0.00450004143
v 0.000846838875 0.00235220756 -0.00450004143
v 0.00023529522 0.00248888101 -0.00450004143
v -0.000391030387 0.00246921148 -0.00450004143
v -0.00099291809 0.00229439105 -0.00450004143
v -0.00153222092 0.00197538699 -0.00450004143
v -0.00197544105 0.00153228606 -0.00450004143
v -0.00229444511 0.000992864029 -0.00450004143
v -0.00246920593 0.000391095535 -0.00450004143
v -0.00248887546 -0.000235289677 -0.00450004143
v -0.00235214241 -0.000846833332 -0.00450004143
v -0.00206770904 -0.00140520964 -0.00450004143
v -0.00165333755 -0.00187525187 -0.00450004143
v -0.00113501556 -0.00222751532 -0.00450004143
v -0.000545406417 -0.00243976746 -0.00450004143
v 7.85350043e-05 -0.00249877606 -0.00450004143
v 0.000697469636 -0.00240072642 -0.00450004143
v 0.00127265446 -0.00215187703 -0.00450004143
v -0.00107290752 0.00374951925 -0.00450004143
v -0.000296139793 0.0038887557 -0.00450004143
v 0.000492668076 0.00386872853 -0.00450004143
v 0.00126144878 0.00369039144 -0.00450004143
v -0.0037495137 0.00107285346 -0.00450004143
v -0.0034568549 0.00180569257 -0.00450004143
v -0.00302257545 0.00246456231 -0.00450004143
v -0.00246455677 0.003022581 -0.00450004143
v -0.00180568703 0.00345680083 -0.00450004143
v 0.00197849266 0.00336089696 -0.00450004143
v 0.00261447422 0.00289383496 -0.00450004143
v 0.00314352505 0.00230833854 -0.00450004143
v 0.00354382984 0.00162830915 -0.00450004143
v 0.00379905693 0.000881582157 -0.00450004143
v -0.00289382942 -0.00261452828 -0.00450004143
v -0.00336089142 -0.00197842751 -0.00450004143
v -0.00369038589 -0.00126138364 -0.00450004143
v -0.00386872299 -0.000492722137 -0.00450004143
v -0.00388875015 0.000296145336 -0.00450004143
v 0.0038987159 9.87943574e-05 -0.00450004143
v 0.00383887283 -0.000688046558 -0.00450004143
v 0.00362179272 -0.00144669448 -0.00450004143
v 0.00325641625 -0.00214615498 -0.00450004143
v 0.00275776379 -0.00275769864 -0.00450004143
v 0.00214610092 -0.0032564107 -0.00450004143
v 0.00144670002 -0.00362172757 -0.00450004143
v 0.000688052102 -0.00383880769 -0.00450004143
v -9.88484186e-05 -0.00389876996 -0.00450004143
v -0.000881576614 -0.00379905139 -0.00450004143
v -0.0016283036 -0.0035438243 -0.00450004143
v -0.00230827339 -0.0031435195 -0.00450004143
v 0.00689098827 -0.00570622121 0.00885020691
v 0.00739512436 -0.00503584777 0.00885020691
v 0.00783417217 -0.00432124768 0.00885020691
v 0.00820443623 -0.00356861983 0.00885020691
v 0.00850245945 -0.00278469954 0.00885020691
v 0.00872585766 -0.00197628175 0.00885020691
v 0.00887260429 -0.00115045939 0.00885020691
v 0.00894138805 -0.000314563854 0.00885020691
v 0.00893149368 0.000524073498 0.00885020691
v 0.0088431596 0.0013581809 0.00885020691
v 0.00773069851 0.00450369682 0.00885020691
v 0.0072749614 0.00520780648 0.00885020691
v 0.0067553281 0.00586619939 0.00885020691
v 0.00617632858 0.00647297467 0.00885020691
v 0.00554308884 0.00702288713 0.00885020691
v 0.00486109249 0.00751110877 0.00885020691
v 0.00413641922 0.00793328847 0.00885020691
v 0.00337526791 0.00828579034 0.00885020691
v 0.00258455269 0.00856545533 0.00885020691
v 0.00177118771 0.00876983966 0.00885020691
v 0.000942206307 0.00889715518 0.00885020691
v 0.000104880257 0.00894626941 0.00885020691
v -0.000733280258 0.00891676511 0.00885020691
v -0.00156512268 0.00880894031 0.00885020691
v -0.00238313682 0.00862368907 0.00885020691
v -0.00318017013 0.00836262073 0.00885020691
v -0.00394930847 0.00802805986 0.00885020691
v -0.00468363769 0.00762298669 0.00885020691
v -0.00537695892 0.0071509179 0.00885020691
v 0.00748655788 0.00346729125 0.00947069126
v 0.00712893002 0.0041531023 0.00947069126
v 0.00670871727 0.0048024353 0.00947069126
v 0.00622949593 0.0054095086 0.00947069126
v 0.00569555752 0.00596907701 0.00947069126
v 0.00511155121 0.00647619333 0.00947069126
v 0.00448272221 0.00692644681 0.00947069126
v 0.00381443493 0.00731572475 0.00947069126
v 0.00311253063 0.00764080848 0.00947069126
v 0.00238344662 0.00789865817 0.00947069126
v 0.00163326256 0.00808718766 0.00947069126
v 0.000868773385 0.00820454921 0.00947069126
v 9.66548163e-05 0.00824984874 0.00947069126
v -0.000676298217 0.00822266902 0.00947069126
v -0.00144329079 0.00812324847 0.00947069126
v -0.00219752796 0.00795236196 0.00947069126
v -0.00293257244 0.0077116784 0.00947069126
v -0.00364186771 0.00740316476 0.00947069126
v -0.00431909569 0.00702962245 0.00947069126
v -0.00495841511 0.00659427013 0.00947069126
v -0.00555410393 0.00610098209 0.00947069126
v -0.00610103615 0.00555410947 0.00947069126
v -0.00659432419 0.00495836105 0.00947069126
v -0.0070295573 0.00431910123 0.00947069126
v -0.00740315922 0.00364187326 0.00947069126
v -0.00771167286 0.00293257798 0.00947069126
v -0.00795235641 0.00219759311 0.00947069126
v -0.00812318333 0.00144323672 0.00947069126
v -0.00822272308 0.000676244156 0.00947069126
v -0.0082499028 -9.67088774e-05 0.00947069126
v -0.00820460327 -0.000868827446 0.00947069126
v -0.00808718212 -0.00163331662 0.00947069126
v -0.00789871223 -0.00238338147 0.00947069126
v -0.00764074333 -0.00311258469 0.00947069126
v -0.00731577881 -0.00381436978 0.00947069126
v -0.00692644127 -0.00448271666 0.00947069126
v -0.00647618778 -0.00511160527 0.00947069126
v -0.00596907146 -0.00569555198 0.00947069126
v -0.00540950306 -0.00622949038 0.00947069126
v -0.00480237015 -0.00670871173 0.00947069126
v -0.00415315636 -0.00712892447 0.00947069126
v -0.00346734531 -0.00748649274 0.00947069126
v -0.00275101669 -0.00777825747 0.00947069126
v -0.0020106078 -0.00800171529 0.00947069126
v -0.00125243671 -0.00815483962 0.00947069126
v -0.000483298377 -0.00823625956 0.00947069126
v 0.000290131493 -0.00824531947 0.00947069126
v 0.00106093876 -0.00818195973 0.00947069126
v 0.0018224477 -0.00804665719 0.00947069126
v 0.00256786339 -0.00784066354 0.00947069126
v 0.00329086773 -0.00756570731 0.00947069126
v 0.00398490421 -0.0072242919 0.00947069126
v 0.00464389317 -0.00681945716 0.00947069126
v 0.00477108948 -0.00700637732 0.00938462216
v 0.00526199333 -0.00635460053 0.00947069126
v 0.00540623657 -0.00652882491 0.00938462216
v 0.00553307526 -0.00668194924 0.0092465778
v 0.0058339595 -0.00583395396 0.00947069126
v 0.00599381916 -0.00599387322 0.00938462216
v 0.00613448612 -0.00613448058 0.0092465778
v 0.00624749653 -0.00624755059 0.00906490284
v 0.00635466568 -0.00526198779 0.00947069126
v 0.00652883045 -0.00540623103 0.00938462216
v 0.00668201439 -0.00553306971 0.0092465778
v 0.00680515759 -0.00563505326 0.00906490284
v 0.00832972519 0.00294604863 0.00906490284
v 0.00843486778 0.00298324193 0.00885020691
v 0.00811848633 0.00376000966 0.00885020691
v 0.00570616715 -0.00689104234 0.00885020691
v 0.00338110916 -0.00777313147 0.00938462216
v 0.00409409992 -0.00742235814 0.00938462216
v 0.00419018261 -0.00759646331 0.0092465778
v 0.004883027 -0.00717070733 0.0092465778
v 0.00497303001 -0.00730291043 0.00906490284
v 0.0056349992 -0.00680509244 0.00906490284
v 0.00632641308 -0.00632640754 0.00885020691
v 0.00503585331 -0.00739505921 0.00885020691
v 0.00263831608 -0.00805559788 0.00938462216
v 0.00346038334 -0.00795546208 0.0092465778
v 0.00426731102 -0.00773647462 0.00906490284
v 0.00432119362 -0.00783416663 0.00885020691
v 0.00187239639 -0.00826725398 0.00938462216
v 0.0027001857 -0.00824454461 0.0092465778
v 0.00352416031 -0.00810208951 0.00906490284
v 0.00356862537 -0.00820437108 0.00885020691
v 0.00109002583 -0.00840625201 0.00938462216
v 0.00191626541 -0.00846114789 0.0092465778
v 0.00275001518 -0.00839647685 0.00906490284
v 0.00278470509 -0.00850251351 0.00885020691
v 0.000297999306 -0.00847139989 0.00938462216
v 0.00111553661 -0.00860342418 0.0092465778
v 0.00195167057 -0.00861713324 0.00906490284
v 0.00197622768 -0.00872591172 0.00885020691
v -0.000496530608 -0.00846204196 0.00938462216
v 0.000305032654 -0.00867012177 0.0092465778
v 0.00113615982 -0.00876197253 0.00906490284
v 0.00115046494 -0.00887259875 0.00885020691
v -0.00128676899 -0.00837835704 0.00938462216
v -0.000508213119 -0.00866058503 0.0092465778
v 0.000310635491 -0.00882986222 0.00906490284
v 0.000314569398 -0.00894138251 0.00885020691
v -0.00206568249 -0.00822106038 0.00938462216
v -0.00131692894 -0.00857493315 0.0092465778
v -0.000517511443 -0.00882014666 0.00906490284
v -0.000524067954 -0.00893154774 0.00885020691
v -0.00282647617 -0.00799152289 0.00938462216
v -0.00211408146 -0.00841394101 0.0092465778
v -0.00134124763 -0.00873294507 0.00906490284
v -0.00135817535 -0.00884321366 0.00885020691
v -0.00356235512 -0.00769171153 0.00938462216
v -0.00289275654 -0.0081789795 0.0092465778
v -0.0021530629 -0.00856897269 0.00906490284
v -0.00218024261 -0.00867715512 0.00885020691
v -0.00426700123 -0.0073243681 0.00938462216
v -0.00364592083 -0.00787213479 0.0092465778
v -0.00294604309 -0.00832971965 0.00906490284
v -0.00298323639 -0.00843486224 0.00885020691
v -0.00493409641 -0.00689259206 0.00938462216
v -0.00436701782 -0.00749614869 0.0092465778
v -0.00371315487 -0.00801721249 0.00906490284
v -0.00376000412 -0.00811848079 0.00885020691
v -0.00555779941 -0.00640025769 0.00938462216
v -0.00504984863 -0.00705429946 0.0092465778
v -0.00444748409 -0.00763431226 0.00906490284
v -0.00450363167 -0.00773069297 0.00885020691
v -0.00613274582 -0.00585171614 0.00938462216
v -0.00568821438 -0.00655040179 0.0092465778
v -0.00514283188 -0.00718429719 0.00906490284
v -0.00520780094 -0.00727501546 0.00885020691
v -0.00665369041 -0.00525173579 0.00938462216
v -0.00627663143 -0.00598898564 0.0092465778
v -0.00579299934 -0.0066711608 0.00906490284
v -0.00586619385 -0.00675538216 0.00885020691
v -0.00711634167 -0.00460556184 0.00938462216
v -0.00680985458 -0.00537493859 0.0092465778
v -0.00639226444 -0.00609937344 0.00906490284
v -0.00647296913 -0.00617638264 0.00885020691
v -0.00751628883 -0.00391897593 0.00938462216
v -0.00728323467 -0.00471362506 0.0092465778
v -0.00693538197 -0.00547400151 0.00906490284
v -0.00702288158 -0.00554308329 0.00885020691
v -0.00785019405 -0.00319787894 0.00938462216
v -0.00769259937 -0.0040108863 0.0092465778
v -0.00741746433 -0.00480046902 0.00906490284
v -0.00751116283 -0.00486108695 0.00885020691
v -0.0081151963 -0.00244876776 0.00938462216
v -0.00803437241 -0.00327292119 0.0092465778
v -0.00783433922 -0.00408479605 0.00906490284
v -0.00793328293 -0.00413641368 0.00885020691
v -0.0083089114 -0.00167807971 0.00938462216
v -0.00830557354 -0.00250616704 0.0092465778
v -0.00818243034 -0.00333324109 0.00906490284
v -0.0082857848 -0.00337532197 0.00885020691
v -0.00842943199 -0.000892609699 0.00938462216
v -0.00850381859 -0.00171741877 0.0092465778
v -0.00845863827 -0.00255236064 0.00906490284
v -0.00856544979 -0.00258460675 0.00885020691
v -0.00847604282 -9.93910864e-05 0.00938462216
v -0.0086272002 -0.000913590534 0.0092465778
v -0.00866045959 -0.00174906884 0.00906490284
v -0.00876977451 -0.00177118216 0.00885020691
v -0.00844814785 0.000694781201 0.00938462216
v -0.00867488392 -0.000101715668 0.0092465778
v -0.00878622539 -0.000930399044 0.00906490284
v -0.00889720924 -0.000942141159 0.00885020691
v -0.00834586628 0.00148281421 0.00938462216
v -0.00864627369 0.000711053269 0.0092465778
v -0.00883474358 -0.000103563412 0.00906490284
v -0.00894632347 -0.000104874714 0.00885020691
v -0.0081703902 0.00225785341 0.00938462216
v -0.00854172714 0.00151762332 0.0092465778
v -0.00880565651 0.00072416629 0.00906490284
v -0.00891675957 0.000733345406 0.00885020691
v -0.00792303093 0.00301298465 0.00938462216
v -0.00836207874 0.00231078233 0.0092465778
v -0.0086990834 0.0015455779 0.00906490284
v -0.00880899437 0.00156506862 0.00885020691
v -0.00760605343 0.00374165143 0.00938462216
v -0.00810887821 0.00308367576 0.0092465778
v -0.00851609714 0.00235339965 0.00906490284
v -0.00862362392 0.00238308276 0.00885020691
v -0.00722231872 0.00443747606 0.00938462216
v -0.00778450973 0.00382944907 0.0092465778
v -0.00825836666 0.00314047898 0.00906490284
v -0.00836267479 0.00318017568 0.00885020691
v -0.00677504547 0.00509431924 0.00938462216
v -0.00739171513 0.00454160537 0.0092465778
v -0.00792803772 0.00390002097 0.00906490284
v -0.00802805431 0.00394925441 0.00885020691
v -0.00626828678 0.00570633973 0.00938462216
v -0.00693395145 0.00521382655 0.0092465778
v -0.00752797134 0.00462529029 0.00906490284
v -0.00762298115 0.00468370284 0.00885020691
v -0.00570633419 0.00626823272 0.00938462216
v -0.00641527183 0.00584021177 0.0092465778
v -0.00706174381 0.00530990924 0.00906490284
v -0.00715091236 0.00537690486 0.00885020691
v -0.0050943137 0.00677505101 0.00938462216
v -0.00584020622 0.00641527738 0.0092465778
v -0.00653352745 0.00594785775 0.00906490284
v -0.00661602028 0.0060229 0.00885020691
v -0.00443747051 0.00722232427 0.00938462216
v -0.00521376141 0.006933957 0.0092465778
v -0.00594785221 0.00653347339 0.00906490284
v -0.00602295406 0.00661596622 0.00885020691
v -0.00374164589 0.00760611858 0.00938462216
v -0.00454154022 0.00739172067 0.0092465778
v -0.00530984409 0.00706174936 0.00906490284
v -0.00301303871 0.00792303647 0.00938462216
v -0.00382950314 0.00778451528 0.0092465778
v -0.00462522514 0.00752797689 0.00906490284
v -0.00225784786 0.00817039575 0.00938462216
v -0.00308372982 0.00810894336 0.0092465778
v -0.00390007503 0.00792798366 0.00906490284
v -0.00148286827 0.00834593143 0.00938462216
v -0.00231077679 0.00836202468 0.0092465778
v -0.00314047344 0.0082583722 0.00906490284
v -0.000694775657 0.00844809379 0.00938462216
v -0.00151755817 0.00854167308 0.0092465778
v -0.0023533345 0.00851616229 0.00906490284
v 9.939663e-05 0.00847604837 0.00938462216
v -0.00071110733 0.00864627923 0.0092465778
v -0.00154557236 0.00869908895 0.00906490284
v 0.000892615243 0.00842949714 0.00938462216
v 0.000101661606 0.00867488946 0.0092465778
v -0.000724220352 0.00880560245 0.00906490284
v 0.00167808525 0.00830885734 0.00938462216
v 0.000913596078 0.00862720575 0.0092465778
v 0.000103568955 0.00883474912 0.00906490284
v 0.00244877331 0.00811520185 0.00938462216
v 0.00171742432 0.00850376453 0.0092465778
v 0.000930404587 0.00878623094 0.00906490284
v 0.00319788448 0.0078502592 0.00938462216
v 0.00250623219 0.00830557908 0.0092465778
v 0.00174913399 0.00866046514 0.00906490284
v 0.00391898148 0.00751629438 0.00938462216
v 0.00327286713 0.00803437795 0.0092465778
v 0.00255236618 0.00845864381 0.00906490284
v 0.00460562698 0.00711628761 0.00938462216
v 0.00401089184 0.00769260492 0.0092465778
v 0.00333318703 0.00818249549 0.00906490284
v 0.00525174133 0.00665375556 0.00938462216
v 0.0047136306 0.00728324022 0.0092465778
v 0.0040848016 0.00783440437 0.00906490284
v 0.00585172169 0.00613275136 0.00938462216
v 0.00537488453 0.00680986013 0.0092465778
v 0.00480053417 0.00741746988 0.00906490284
v 0.00640032284 0.00555780496 0.00938462216
v 0.00598893158 0.00627657737 0.0092465778
v 0.00547394745 0.0069353279 0.00906490284
v 0.006892538 0.00493404235 0.00938462216
v 0.00655040733 0.00568821992 0.0092465778
v 0.00609931938 0.00639226999 0.00906490284
v 0.00732431404 0.00426694717 0.00938462216
v 0.007054305 0.00504979457 0.0092465778
v 0.00667116634 0.00579300489 0.00906490284
v 0.00777826302 0.00275102224 0.00947069126
v 0.00769171707 0.00356236066 0.00938462216
v 0.00749621384 0.00436708297 0.0092465778
v 0.00718424313 0.00514289703 0.00906490284
v 0.00799152844 0.00282642211 0.00938462216
v 0.00787219994 0.00364592637 0.0092465778
v 0.00763425819 0.00444754924 0.00906490284
v 0.00817892544 0.00289276208 0.0092465778
v 0.00801727764 0.00371310081 0.00906490284
v 0.00867722027 0.00218024816 0.00885020691
v 0.00856897823 0.00215306844 0.00906490284
v 0.00841388695 0.00211414661 0.0092465778
v 0.00822112553 0.00206568803 0.00938462216
v 0.00800166122 0.00201055373 0.00947069126
v 0.00873301022 0.00134119357 0.00906490284
v 0.0085749387 0.00131693448 0.0092465778
v 0.00837836258 0.00128677453 0.00938462216
v 0.00815484516 0.00125244226 0.00947069126
v 0.00882015221 0.000517576592 0.00906490284
v 0.00866053097 0.000508218662 0.0092465778
v 0.0084620475 0.000496536152 0.00938462216
v 0.00823626511 0.000483303921 0.00947069126
v 0.00882992737 -0.000310629948 0.00906490284
v 0.00867006771 -0.000305027111 0.0092465778
v 0.00847134583 -0.000298053367 0.00938462216
v 0.00824532501 -0.000290066345 0.00947069126
v 0.00876197807 -0.00113615428 0.00906490284
v 0.00860342972 -0.00111559068 0.0092465778
v 0.00840625755 -0.00109002028 0.00938462216
v 0.00818190567 -0.00106093322 0.00947069126
v 0.00861713879 -0.00195160542 0.00906490284
v 0.00846121304 -0.00191631947 0.0092465778
v 0.00826725952 -0.00187239085 0.00938462216
v 0.00804660313 -0.00182244216 0.00947069126
v 0.00839648239 -0.00274995003 0.00906490284
v 0.00824449055 -0.00270018016 0.0092465778
v 0.00805554382 -0.00263831054 0.00938462216
v 0.00784060947 -0.00256791745 0.00947069126
v 0.00810203545 -0.00352415477 0.00906490284
v 0.00795552723 -0.0034603778 0.0092465778
v 0.00777313702 -0.00338104401 0.00938462216
v 0.00756571285 -0.00329086219 0.00947069126
v 0.00773642056 -0.00426736508 0.00906490284
v 0.00759646885 -0.00419011746 0.0092465778
v 0.00742230408 -0.00409409438 0.00938462216
v 0.00722429745 -0.00398483907 0.00947069126
v 0.00730285637 -0.00497302447 0.00906490284
v 0.00717077248 -0.00488308106 0.0092465778
v 0.00700638287 -0.00477114354 0.00938462216
v 0.0068194627 -0.00464382802 0.00947069126
v 0.00570616715 -0.00689104234 -0.00885010761
v 0.00503585331 -0.00739505921 -0.00885010761
v 0.00432119362 -0.00783416663 -0.00885010761
v 0.00356862537 -0.00820437108 -0.00885010761
v 0.00278470509 -0.00850251351 -0.00885010761
v 0.00197622768 -0.00872591172 -0.00885010761
v 0.00115046494 -0.00887259875 -0.00885010761
v 0.000314569398 -0.00894138251 -0.00885010761
v -0.000524067954 -0.00893154774 -0.00885010761
v -0.00135817535 -0.00884321366 -0.00885010761
v -0.00218024261 -0.00867715512 -0.00885010761
v -0.00298323639 -0.00843486224 -0.00885010761
v -0.00376000412 -0.00811848079 -0.00885010761
v -0.00450363167 -0.00773069297 -0.00885010761
v -0.00520780094 -0.00727501546 -0.00885010761
v -0.00586619385 -0.00675538216 -0.00885010761
v -0.00647296913 -0.00617638264 -0.00885010761
v -0.00702288158 -0.00554308329 -0.00885010761
v -0.00751116283 -0.00486108695 -0.00885010761
v -0.00793328293 -0.00413641368 -0.00885010761
v -0.0082857848 -0.00337532197 -0.00885010761
v -0.00856544979 -0.00258460675 -0.00885010761
v -0.00876977451 -0.00177118216 -0.00885010761
v -0.00889720924 -0.000942141159 -0.00885010761
v -0.00894632347 -0.000104874714 -0.00885010761
v -0.00891675957 0.000733345406 -0.00885010761
v -0.00880899437 0.00156506862 -0.00885010761
v -0.00862362392 0.00238308276 -0.00885010761
v -0.00836267479 0.00318017568 -0.00885010761
v -0.00802805431 0.00394925441 -0.00885010761
v -0.00762298115 0.00468370284 -0.00885010761
v -0.00715091236 0.00537690486 -0.00885010761
v -0.00661602028 0.0060229 -0.00885010761
v -0.00602295406 0.00661596622 -0.00885010761
v -0.00537695892 0.0071509179 -0.00885010761
v -0.00468363769 0.00762298669 -0.00885010761
v -0.00394930847 0.00802805986 -0.00885010761
v -0.00318017013 0.00836262073 -0.00885010761
v -0.00238313682 0.00862368907 -0.00885010761
v -0.00156512268 0.00880894031 -0.00885010761
v -0.000733280258 0.00891676511 -0.00885010761
v 0.000104880257 0.00894626941 -0.00885010761
v 0.000942206307 0.00889715518 -0.00885010761
v 0.00177118771 0.00876983966 -0.00885010761
v 0.00258455269 0.00856545533 -0.00885010761
v 0.00337526791 0.00828579034 -0.00885010761
v 0.00413641922 0.00793328847 -0.00885010761
v 0.00486109249 0.00751110877 -0.00885010761
v 0.00554308884 0.00702288713 -0.00885010761
v 0.00617632858 0.00647297467 -0.00885010761
v 0.0067553281 0.00586619939 -0.00885010761
v 0.0072749614 0.00520780648 -0.00885010761
v 0.00773069851 0.00450369682 -0.00885010761
v 0.00811848633 0.00376000966 -0.00885010761
v 0.00843486778 0.00298324193 -0.00885010761
v 0.00867722027 0.00218024816 -0.00885010761
v 0.0088431596 0.0013581809 -0.00885010761
v 0.00893149368 0.000524073498 -0.00885010761
v 0.00894138805 -0.000314563854 -0.00885010761
v 0.00887260429 -0.00115045939 -0.00885010761
v 0.00872585766 -0.00197628175 -0.00885010761
v 0.00850245945 -0.00278469954 -0.00885010761
v 0.00820443623 -0.00356861983 -0.00885010761
v 0.00783417217 -0.00432124768 -0.00885010761
v 0.00739512436 -0.00503584777 -0.00885010761
v 0.00689098827 -0.00570622121 -0.00885010761
v 0.00632641308 -0.00632640754 -0.00885010761
v 0.00680515759 -0.00563505326 -0.00906492275
v 0.00730285637 -0.00497302447 -0.00906492275
v 0.00773642056 -0.00426736508 -0.00906492275
v 0.00810203545 -0.00352415477 -0.00906492275
v 0.00839648239 -0.00274995003 -0.00906492275
v 0.00861713879 -0.00195160542 -0.00906492275
v 0.00876197807 -0.00113615428 -0.00906492275
v 0.00882992737 -0.000310629948 -0.00906492275
v 0.00882015221 0.000517576592 -0.00906492275
v 0.00873301022 0.00134119357 -0.00906492275
v 0.00856897823 0.00215306844 -0.00906492275
v 0.00832972519 0.00294604863 -0.00906492275
v 0.00801727764 0.00371310081 -0.00906492275
v 0.00763425819 0.00444754924 -0.00906492275
v 0.00718424313 0.00514289703 -0.00906492275
v 0.00667116634 0.00579300489 -0.00906492275
v 0.00609931938 0.00639226999 -0.00906492275
v 0.00547394745 0.0069353279 -0.00906492275
v 0.00480053417 0.00741746988 -0.00906492275
v 0.0040848016 0.00783440437 -0.00906492275
v 0.00333318703 0.00818249549 -0.00906492275
v 0.00255236618 0.00845864381 -0.00906492275
v 0.00174913399 0.00866046514 -0.00906492275
v 0.000930404587 0.00878623094 -0.00906492275
v 0.000103568955 0.00883474912 -0.00906492275
v -0.000724220352 0.00880560245 -0.00906492275
v -0.00154557236 0.00869908895 -0.00906492275
v -0.0023533345 0.00851616229 -0.00906492275
v -0.00314047344 0.0082583722 -0.00906492275
v -0.00390007503 0.00792798366 -0.00906492275
v -0.00462522514 0.00752797689 -0.00906492275
v -0.00530984409 0.00706174936 -0.00906492275
v -0.00594785221 0.00653347339 -0.00906492275
v -0.00653352745 0.00594785775 -0.00906492275
v -0.00706174381 0.00530990924 -0.00906492275
v -0.00752797134 0.00462529029 -0.00906492275
v -0.00792803772 0.00390002097 -0.00906492275
v -0.00825836666 0.00314047898 -0.00906492275
v -0.00851609714 0.00235339965 -0.00906492275
v -0.0086990834 0.0015455779 -0.00906492275
v -0.00880565651 0.00072416629 -0.00906492275
v -0.00883474358 -0.000103563412 -0.00906492275
v -0.00878622539 -0.000930399044 -0.00906492275
v -0.00866045959 -0.00174906884 -0.00906492275
v -0.00845863827 -0.00255236064 -0.00906492275
v -0.00818243034 -0.00333324109 -0.00906492275
v -0.00783433922 -0.00408479605 -0.00906492275
v -0.00741746433 -0.00480046902 -0.00906492275
v -0.00693538197 -0.00547400151 -0.00906492275
v -0.00639226444 -0.00609937344 -0.00906492275
v -0.00579299934 -0.0066711608 -0.00906492275
v -0.00514283188 -0.00718429719 -0.00906492275
v -0.00444748409 -0.00763431226 -0.00906492275
v -0.00371315487 -0.00801721249 -0.00906492275
v -0.00294604309 -0.00832971965 -0.00906492275
v -0.0021530629 -0.00856897269 -0.00906492275
v -0.00134124763 -0.00873294507 -0.00906492275
v -0.000517511443 -0.00882014666 -0.00906492275
v 0.000310635491 -0.00882986222 -0.00906492275
v 0.00113615982 -0.00876197253 -0.00906492275
v 0.00195167057 -0.00861713324 -0.00906492275
v 0.00275001518 -0.00839647685 -0.00906492275
v 0.00352416031 -0.00810208951 -0.00906492275
v 0.00426731102 -0.00773647462 -0.00906492275
v 0.00497303001 -0.00730291043 -0.00906492275
v 0.0056349992 -0.00680509244 -0.00906492275
v 0.00624749653 -0.00624755059 -0.00906492275
v 0.00668201439 -0.00553306971 -0.00924659771
v 0.00717077248 -0.00488308106 -0.00924659771
v 0.00759646885 -0.00419011746 -0.00924659771
v 0.00795552723 -0.0034603778 -0.00924659771
v 0.00824449055 -0.00270018016 -0.00924659771
v 0.00846121304 -0.00191631947 -0.00924659771
v 0.00860342972 -0.00111559068 -0.00924659771
v 0.00867006771 -0.000305027111 -0.00924659771
v 0.00866053097 0.000508218662 -0.00924659771
v 0.0085749387 0.00131693448 -0.00924659771
v 0.00841388695 0.00211414661 -0.00924659771
v 0.00817892544 0.00289276208 -0.00924659771
v 0.00787219994 0.00364592637 -0.00924659771
v 0.00749621384 0.00436708297 -0.00924659771
v 0.007054305 0.00504979457 -0.00924659771
v 0.00655040733 0.00568821992 -0.00924659771
v 0.00598893158 0.00627657737 -0.00924659771
v 0.00537488453 0.00680986013 -0.00924659771
v 0.0047136306 0.00728324022 -0.00924659771
v 0.00401089184 0.00769260492 -0.00924659771
v 0.00327286713 0.00803437795 -0.00924659771
v 0.00250623219 0.00830557908 -0.00924659771
v 0.00171742432 0.00850376453 -0.00924659771
v 0.000913596078 0.00862720575 -0.00924659771
v 0.000101661606 0.00867488946 -0.00924659771
v -0.00071110733 0.00864627923 -0.00924659771
v -0.00151755817 0.00854167308 -0.00924659771
v -0.00231077679 0.00836202468 -0.00924659771
v -0.00308372982 0.00810894336 -0.00924659771
v -0.00382950314 0.00778451528 -0.00924659771
v -0.00454154022 0.00739172067 -0.00924659771
v -0.00521376141 0.006933957 -0.00924659771
v -0.00584020622 0.00641527738 -0.00924659771
v -0.00641527183 0.00584021177 -0.00924659771
v -0.00693395145 0.00521382655 -0.00924659771
v -0.00739171513 0.00454160537 -0.00924659771
v -0.00778450973 0.00382944907 -0.00924659771
v -0.00810887821 0.00308367576 -0.00924659771
v -0.00836207874 0.00231078233 -0.00924659771
v -0.00854172714 0.00151762332 -0.00924659771
v -0.00864627369 0.000711053269 -0.00924659771
v -0.00867488392 -0.000101715668 -0.00924659771
v -0.0086272002 -0.000913590534 -0.00924659771
v -0.00850381859 -0.00171741877 -0.00924659771
v -0.00830557354 -0.00250616704 -0.00924659771
v -0.00803437241 -0.00327292119 -0.00924659771
v -0.00769259937 -0.0040108863 -0.00924659771
v -0.00728323467 -0.00471362506 -0.00924659771
v -0.00680985458 -0.00537493859 -0.00924659771
v -0.00627663143 -0.00598898564 -0.00924659771
v -0.00568821438 -0.00655040179 -0.00924659771
v -0.00504984863 -0.00705429946 -0.00924659771
v -0.00436701782 -0.00749614869 -0.00924659771
v -0.00364592083 -0.00787213479 -0.00924659771
v -0.00289275654 -0.0081789795 -0.00924659771
v -0.00211408146 -0.00841394101 -0.00924659771
v -0.00131692894 -0.00857493315 -0.00924659771
v -0.000508213119 -0.00866058503 -0.00924659771
v 0.000305032654 -0.00867012177 -0.00924659771
v 0.00111553661 -0.00860342418 -0.00924659771
v 0.00191626541 -0.00846114789 -0.00924659771
v 0.0027001857 -0.00824454461 -0.00924659771
v 0.00346038334 -0.00795546208 -0.00924659771
v 0.00419018261 -0.00759646331 -0.00924659771
v 0.004883027 -0.00717070733 -0.00924659771
v 0.00553307526 -0.00668194924 -0.00924659771
v 0.00613448612 -0.00613448058 -0.00924659771
v 0.00652883045 -0.00540623103 -0.00938452286
v 0.00700638287 -0.00477114354 -0.00938452286
v 0.00742230408 -0.00409409438 -0.00938452286
v 0.00777313702 -0.00338104401 -0.00938452286
v 0.00805554382 -0.00263831054 -0.00938452286
v 0.00826725952 -0.00187239085 -0.00938452286
v 0.00840625755 -0.00109002028 -0.00938452286
v 0.00847134583 -0.000298053367 -0.00938452286
v 0.0084620475 0.000496536152 -0.00938452286
v 0.00837836258 0.00128677453 -0.00938452286
v 0.00822112553 0.00206568803 -0.00938452286
v 0.00799152844 0.00282642211 -0.00938452286
v 0.00769171707 0.00356236066 -0.00938452286
v 0.00732431404 0.00426694717 -0.00938452286
v 0.006892538 0.00493404235 -0.00938452286
v 0.00640032284 0.00555780496 -0.00938452286
v 0.00585172169 0.00613275136 -0.00938452286
v 0.00525174133 0.00665375556 -0.00938452286
v 0.00460562698 0.00711628761 -0.00938452286
v 0.00391898148 0.00751629438 -0.00938452286
v 0.00319788448 0.0078502592 -0.00938452286
v 0.00244877331 0.00811520185 -0.00938452286
v 0.00167808525 0.00830885734 -0.00938452286
v 0.000892615243 0.00842949714 -0.00938452286
v 9.939663e-05 0.00847604837 -0.00938452286
v -0.000694775657 0.00844809379 -0.00938452286
v -0.00148286827 0.00834593143 -0.00938452286
v -0.00225784786 0.00817039575 -0.00938452286
v -0.00301303871 0.00792303647 -0.00938452286
v -0.00374164589 0.00760611858 -0.00938452286
v -0.00443747051 0.00722232427 -0.00938452286
v -0.0050943137 0.00677505101 -0.00938452286
v -0.00570633419 0.00626823272 -0.00938452286
v -0.00626828678 0.00570633973 -0.00938452286
v -0.00677504547 0.00509431924 -0.00938452286
v -0.00722231872 0.00443747606 -0.00938452286
v -0.00760605343 0.00374165143 -0.00938452286
v -0.00792303093 0.00301298465 -0.00938452286
v -0.0081703902 0.00225785341 -0.00938452286
v -0.00834586628 0.00148281421 -0.00938452286
v -0.00844814785 0.000694781201 -0.00938452286
v -0.00847604282 -9.93910864e-05 -0.00938452286
v -0.00842943199 -0.000892609699 -0.00938452286
v -0.0083089114 -0.00167807971 -0.00938452286
v -0.0081151963 -0.00244876776 -0.00938452286
v -0.00785019405 -0.00319787894 -0.00938452286
v -0.00751628883 -0.00391897593 -0.00938452286
v -0.00711634167 -0.00460556184 -0.00938452286
v -0.00665369041 -0.00525173579 -0.00938452286
v -0.00613274582 -0.00585171614 -0.00938452286
v -0.00555779941 -0.00640025769 -0.00938452286
v -0.00493409641 -0.00689259206 -0.00938452286
v -0.00426700123 -0.0073243681 -0.00938452286
v -0.00356235512 -0.00769171153 -0.00938452286
v -0.00282647617 -0.00799152289 -0.00938452286
v -0.00206568249 -0.00822106038 -0.00938452286
v -0.00128676899 -0.00837835704 -0.00938452286
v -0.000496530608 -0.00846204196 -0.00938452286
v 0.000297999306 -0.00847139989 -0.00938452286
v 0.00109002583 -0.00840625201 -0.00938452286
v 0.00187239639 -0.00826725398 -0.00938452286
v 0.00263831608 -0.00805559788 -0.00938452286
v 0.00338110916 -0.00777313147 -0.00938452286
v 0.00409409992 -0.00742235814 -0.00938452286
v 0.00477108948 -0.00700637732 -0.00938452286
v 0.00540623657 -0.00652882491 -0.00938452286
v 0.00599381916 -0.00599387322 -0.00938452286
v 0.00635466568 -0.00526198779 -0.00947071117
v 0.0068194627 -0.00464382802 -0.00947071117
v 0.00722429745 -0.00398483907 -0.00947071117
v 0.00756571285 -0.00329086219 -0.00947071117
v 0.00784060947 -0.00256791745 -0.00947071117
v 0.00804660313 -0.00182244216 -0.00947071117
v 0.00818190567 -0.00106093322 -0.00947071117
v 0.00824532501 -0.000290066345 -0.00947071117
v 0.00823626511 0.000483303921 -0.00947071117
v 0.00815484516 0.00125244226 -0.00947071117
v 0.00800166122 0.00201055373 -0.00947071117
v 0.00777826302 0.00275102224 -0.00947071117
v 0.00748655788 0.00346729125 -0.00947071117
v 0.00712893002 0.0041531023 -0.00947071117
v 0.00670871727 0.0048024353 -0.00947071117
v 0.00622949593 0.0054095086 -0.00947071117
v 0.00569555752 0.00596907701 -0.00947071117
v 0.00511155121 0.00647619333 -0.00947071117
v 0.00448272221 0.00692644681 -0.00947071117
v 0.00381443493 0.00731572475 -0.00947071117
v 0.00311253063 0.00764080848 -0.00947071117
v 0.00238344662 0.00789865817 -0.00947071117
v 0.00163326256 0.00808718766 -0.00947071117
v 0.000868773385 0.00820454921 -0.00947071117
v 9.66548163e-05 0.00824984874 -0.00947071117
v -0.000676298217 0.00822266902 -0.00947071117
v -0.00144329079 0.00812324847 -0.00947071117
v -0.00219752796 0.00795236196 -0.00947071117
v -0.00293257244 0.0077116784 -0.00947071117
v -0.00364186771 0.00740316476 -0.00947071117
v -0.00431909569 0.00702962245 -0.00947071117
v -0.00495841511 0.00659427013 -0.00947071117
v -0.00555410393 0.00610098209 -0.00947071117
v -0.00610103615 0.00555410947 -0.00947071117
v -0.00659432419 0.00495836105 -0.00947071117
v -0.0070295573 0.00431910123 -0.00947071117
v -0.00740315922 0.00364187326 -0.00947071117
v -0.00771167286 0.00293257798 -0.00947071117
v -0.00795235641 0.00219759311 -0.00947071117
v -0.00812318333 0.00144323672 -0.00947071117
v -0.00822272308 0.000676244156 -0.00947071117
v -0.0082499028 -9.67088774e-05 -0.00947071117
v -0.00820460327 -0.000868827446 -0.00947071117
v -0.00808718212 -0.00163331662 -0.00947071117
v -0.00789871223 -0.00238338147 -0.00947071117
v -0.00764074333 -0.00311258469 -0.00947071117
v -0.00731577881 -0.00381436978 -0.00947071117
v -0.00692644127 -0.00448271666 -0.00947071117
v -0.00647618778 -0.00511160527 -0.00947071117
v -0.00596907146 -0.00569555198 -0.00947071117
v -0.00540950306 -0.00622949038 -0.00947071117
v -0.00480237015 -0.00670871173 -0.00947071117
v -0.00415315636 -0.00712892447 -0.00947071117
v -0.00346734531 -0.00748649274 -0.00947071117
v -0.00275101669 -0.00777825747 -0.00947071117
v -0.0020106078 -0.00800171529 -0.00947071117
v -0.00125243671 -0.00815483962 -0.00947071117
v -0.000483298377 -0.00823625956 -0.00947071117
v 0.000290131493 -0.00824531947 -0.00947071117
v 0.00106093876 -0.00818195973 -0.00947071117
v 0.0018224477 -0.00804665719 -0.00947071117
v 0.00256786339 -0.00784066354 -0.00947071117
v 0.00329086773 -0.00756570731 -0.00947071117
v 0.00398490421 -0.0072242919 -0.00947071117
v 0.00464389317 -0.00681945716 -0.00947071117
v 0.00526199333 -0.00635460053 -0.00947071117
v 0.0058339595 -0.00583395396 -0.00947071117
v 0.00106070034 -0.00106063519 0.0125000377
v 0.00122878544 -0.000860363586 -0.0125000576
v 0.00122878544 -0.000860363586 0.0125000377
v 0.00135943882 -0.000633925541 -0.0125000576
v 0.00135943882 -0.000633925541 0.0125000377
v 0.00144884579 -0.000388235195 -0.0125000576
v 0.00144884579 -0.000388235195 0.0125000377
v 0.00149426453 -0.00013074313 -0.0125000576
v 0.00149426453 -0.00013074313 0.0125000377
v 0.00149426453 0.000130742447 -0.0125000576
v 0.00149426453 0.000130742447 0.0125000377
v 0.00144884579 0.000388234512 -0.0125000576
v 0.00144884579 0.000388234512 0.0125000377
v 0.00135943882 0.000633924858 -0.0125000576
v 0.00135943882 0.000633924858 0.0125000377
v 0.00122878544 0.000860362904 -0.0125000576
v 0.00122878544 0.000860362904 0.0125000377
v 0.00106070034 0.00106063451 -0.0125000576
v 0.00106070034 0.00106063451 0.0125000377
v 0.000860309525 0.00122871961 -0.0125000576
v 0.000860309525 0.00122871961 0.0125000377
v 0.000633931084 0.00135943259 -0.0125000576
v 0.000633931084 0.00135943259 0.0125000377
v 0.000388240739 0.00144889917 -0.0125000576
v 0.000388240739 0.00144889917 0.0125000377
v 0.000130748673 0.00149431791 -0.0125000576
v 0.000130748673 0.00149431791 0.0125000377
v -0.000130677299 0.00149431791 -0.0125000576
v -0.000130677299 0.00149431791 0.0125000377
v -0.000388169364 0.00144889917 -0.0125000576
v -0.000388169364 0.00144889917 0.0125000377
v -0.000633978919 0.00135943259 -0.0125000576
v -0.000633978919 0.00135943259 0.0125000377
v -0.00086035736 0.00122871961 -0.0125000576
v -0.00086035736 0.00122871961 0.0125000377
v -0.00106062897 0.00106063451 -0.0125000576
v -0.00106062897 0.00106063451 0.0125000377
v -0.00122871406 0.000860362904 -0.0125000576
v -0.00122871406 0.000860362904 0.0125000377
v -0.00135948666 0.000633924858 -0.0125000576
v -0.00135948666 0.000633924858 0.0125000377
v -0.00144889362 0.000388234512 -0.0125000576
v -0.00144889362 0.000388234512 0.0125000377
v -0.00149431236 0.000130742447 -0.0125000576
v -0.00149431236 0.000130742447 0.0125000377
v -0.00149431236 -0.00013074313 -0.0125000576
v -0.00149431236 -0.00013074313 0.0125000377
v -0.00144889362 -0.000388235195 -0.0125000576
v -0.00144889362 -0.000388235195 0.0125000377
v -0.00135948666 -0.000633925541 -0.0125000576
v -0.00135948666 -0.000633925541 0.0125000377
v -0.00122871406 -0.000860363586 -0.0125000576
v -0.00122871406 -0.000860363586 0.0125000377
v -0.00106062897 -0.00106063519 -0.0125000576
v -0.00106062897 -0.00106063519 0.0125000377
v -0.00086035736 -0.00122872029 -0.0125000576
v -0.00086035736 -0.00122872029 0.0125000377
v -0.000633978919 -0.00135943328 -0.0125000576
v -0.000633978919 -0.00135943328 0.0125000377
v -0.000388169364 -0.00144889985 -0.0125000576
v -0.000388169364 -0.00144889985 0.0125000377
v -0.000130677299 -0.00149431859 -0.0125000576
v -0.000130677299 -0.00149431859 0.0125000377
v 0.000130748673 -0.00149431859 -0.0125000576
v 0.000130748673 -0.00149431859 0.0125000377
v 0.000388240739 -0.00144889985 -0.0125000576
v 0.000388240739 -0.00144889985 0.0125000377
v 0.000633931084 -0.00135943328 -0.0125000576
v 0.000633931084 -0.00135943328 0.0125000377
v 0.000860309525 -0.00122872029 -0.0125000576
v 0.000860309525 -0.00122872029 0.0125000377
v 0.00106070034 -0.00106063519 -0.0125000576
v -2.39175184e-08 2.94610433e-08 -0.0125000576
v -2.39175184e-08 2.94610433e-08 0.0125000377
f 1 2 3
f 3 2 4
f 1 3 5
f 5 3 6
f 5 6 7
f 7 6 8
f 8 6 9
f 8 9 10
f 11 12 13
f 13 12 14
f 11 13 15
f 15 13 16
f 15 16 17
f 18 19 20
f 20 19 21
f 10 9 22
f 22 9 23
f 22 23 24
f 25 26 27
f 27 26 28
f 25 27 29
f 29 27 30
f 29 30 31
f 26 32 28
f 28 32 33
f 28 33 34
f 19 35 21
f 21 35 36
f 21 36 37
f 18 20 38
f 38 20 39
f 38 39 40
f 40 39 41
f 41 39 42
f 41 42 43
f 44 45 46
f 46 45 47
f 48 49 23
f 23 49 50
f 23 50 24
f 33 51 34
f 34 51 52
f 34 52 48
f 48 52 53
f 48 53 49
f 31 30 54
f 54 30 55
f 54 55 56
f 57 58 55
f 55 58 59
f 55 59 56
f 60 61 57
f 57 61 62
f 57 62 58
f 12 63 14
f 14 63 64
f 14 64 60
f 60 64 65
f 60 65 61
f 17 16 66
f 66 16 67
f 66 67 68
f 69 70 46
f 46 70 71
f 46 71 44
f 2 72 4
f 4 72 73
f 4 73 69
f 69 73 74
f 69 74 70
f 75 76 67
f 67 76 77
f 67 77 68
f 36 78 37
f 37 78 79
f 37 79 75
f 75 79 80
f 75 80 76
f 43 42 81
f 81 42 82
f 81 82 83
f 84 85 82
f 82 85 86
f 82 86 83
f 87 88 84
f 84 88 89
f 84 89 85
f 90 91 87
f 87 91 92
f 87 92 88
f 93 94 90
f 90 94 95
f 90 95 91
f 45 96 47
f 47 96 97
f 47 97 93
f 93 97 98
f 93 98 94
f 99 100 101
f 102 103 104
f 105 106 107
f 108 109 110
f 111 112 113
f 114 115 116
f 117 118 119
f 120 121 122
f 123 124 125
f 126 127 128
f 129 130 131
f 132 133 134
f 135 136 137
f 138 139 140
f 141 142 143
f 144 145 146
f 147 148 149
f 150 151 152
f 153 154 155
f 156 157 158
f 159 160 161
f 162 163 164
f 165 166 167
f 168 169 170
f 171 172 173
f 174 175 176
f 177 178 179
f 180 181 182
f 183 184 185
f 186 187 188
f 189 190 191
f 192 193 194
f 195 196 197
f 198 199 200
f 201 202 203
f 204 205 206
f 207 208 209
f 210 211 212
f 213 214 215
f 216 217 218
f 219 220 221
f 222 223 224
f 225 226 227
f 228 229 230
f 231 232 233
f 234 235 236
f 237 238 239
f 240 241 242
f 243 244 245
f 246 247 248
f 249 250 251
f 252 253 254
f 255 256 257
f 258 259 260
f 261 262 263
f 264 265 266
f 267 268 269
f 270 271 272
f 273 274 275
f 276 277 278
f 279 280 281
f 282 283 284
f 285 286 287
f 288 289 290
f 291 292 293
f 294 295 296
f 297 298 299
f 300 301 302
f 303 304 305
f 306 307 289
f 289 307 308
f 289 308 290
f 290 308 309
f 290 309 310
f 310 311 312
f 312 311 313
f 313 314 315
f 315 314 316
f 316 317 318
f 318 317 319
f 319 320 321
f 321 320 322
f 322 323 324
f 324 323 325
f 325 326 327
f 327 326 328
f 328 329 330
f 330 329 331
f 331 332 333
f 333 332 334
f 334 335 336
f 336 335 337
f 337 338 339
f 339 338 340
f 340 341 342
f 342 341 343
f 343 344 345
f 345 344 346
f 346 347 348
f 348 347 349
f 349 350 351
f 351 350 352
f 352 353 354
f 354 353 355
f 355 356 357
f 357 356 358
f 358 359 360
f 360 359 361
f 361 362 363
f 363 362 364
f 364 365 366
f 366 365 367
f 367 368 369
f 369 368 370
f 370 371 372
f 372 371 373
f 373 374 375
f 375 374 376
f 376 377 378
f 378 377 379
f 379 380 381
f 381 380 382
f 382 383 384
f 384 383 385
f 385 386 387
f 387 386 294
f 388 389 390
f 391 392 393
f 394 395 396
f 397 398 399
f 400 401 402
f 403 404 405
f 406 407 408
f 409 410 411
f 412 413 414
f 415 416 417
f 418 419 420
f 421 422 423
f 424 425 426
f 427 428 429
f 430 431 432
f 433 434 435
f 436 437 438
f 439 440 441
f 442 443 444
f 445 446 447
f 448 449 450
f 451 452 453
f 454 455 456
f 457 458 459
f 460 461 462
f 463 464 465
f 466 467 468
f 469 470 471
f 472 473 474
f 475 476 477
f 478 479 480
f 481 482 483
f 291 293 484
f 298 306 299
f 299 306 289
f 299 289 485
f 485 289 288
f 485 288 486
f 301 297 302
f 302 297 299
f 302 299 487
f 487 299 485
f 487 485 488
f 488 485 486
f 488 486 489
f 304 300 305
f 305 300 302
f 305 302 490
f 490 302 487
f 490 487 491
f 491 487 488
f 491 488 492
f 492 488 489
f 492 489 493
f 494 303 495
f 495 303 305
f 495 305 496
f 496 305 490
f 496 490 497
f 497 490 491
f 497 491 498
f 498 491 492
f 498 492 499
f 499 492 493
f 499 493 287
f 500 501 502
f 503 494 504
f 504 494 495
f 504 495 505
f 505 495 496
f 505 496 506
f 506 496 497
f 506 497 507
f 507 497 498
f 507 498 508
f 508 498 499
f 508 499 509
f 509 499 287
f 509 287 510
f 510 287 286
f 310 312 290
f 290 312 511
f 290 511 288
f 288 511 512
f 288 512 486
f 486 512 513
f 486 513 489
f 489 513 514
f 489 514 493
f 493 514 284
f 493 284 287
f 287 284 283
f 287 283 285
f 313 315 312
f 312 315 515
f 312 515 511
f 511 515 516
f 511 516 512
f 512 516 517
f 512 517 513
f 513 517 518
f 513 518 514
f 514 518 281
f 514 281 284
f 284 281 280
f 284 280 282
f 316 318 315
f 315 318 519
f 315 519 515
f 515 519 520
f 515 520 516
f 516 520 521
f 516 521 517
f 517 521 522
f 517 522 518
f 518 522 278
f 518 278 281
f 281 278 277
f 281 277 279
f 319 321 318
f 318 321 523
f 318 523 519
f 519 523 524
f 519 524 520
f 520 524 525
f 520 525 521
f 521 525 526
f 521 526 522
f 522 526 275
f 522 275 278
f 278 275 274
f 278 274 276
f 322 324 321
f 321 324 527
f 321 527 523
f 523 527 528
f 523 528 524
f 524 528 529
f 524 529 525
f 525 529 530
f 525 530 526
f 526 530 272
f 526 272 275
f 275 272 271
f 275 271 273
f 325 327 324
f 324 327 531
f 324 531 527
f 527 531 532
f 527 532 528
f 528 532 533
f 528 533 529
f 529 533 534
f 529 534 530
f 530 534 269
f 530 269 272
f 272 269 268
f 272 268 270
f 328 330 327
f 327 330 535
f 327 535 531
f 531 535 536
f 531 536 532
f 532 536 537
f 532 537 533
f 533 537 538
f 533 538 534
f 534 538 266
f 534 266 269
f 269 266 265
f 269 265 267
f 331 333 330
f 330 333 539
f 330 539 535
f 535 539 540
f 535 540 536
f 536 540 541
f 536 541 537
f 537 541 542
f 537 542 538
f 538 542 263
f 538 263 266
f 266 263 262
f 266 262 264
f 334 336 333
f 333 336 543
f 333 543 539
f 539 543 544
f 539 544 540
f 540 544 545
f 540 545 541
f 541 545 546
f 541 546 542
f 542 546 260
f 542 260 263
f 263 260 259
f 263 259 261
f 337 339 336
f 336 339 547
f 336 547 543
f 543 547 548
f 543 548 544
f 544 548 549
f 544 549 545
f 545 549 550
f 545 550 546
f 546 550 257
f 546 257 260
f 260 257 256
f 260 256 258
f 340 342 339
f 339 342 551
f 339 551 547
f 547 551 552
f 547 552 548
f 548 552 553
f 548 553 549
f 549 553 554
f 549 554 550
f 550 554 254
f 550 254 257
f 257 254 253
f 257 253 255
f 343 345 342
f 342 345 555
f 342 555 551
f 551 555 556
f 551 556 552
f 552 556 557
f 552 557 553
f 553 557 558
f 553 558 554
f 554 558 251
f 554 251 254
f 254 251 250
f 254 250 252
f 346 348 345
f 345 348 559
f 345 559 555
f 555 559 560
f 555 560 556
f 556 560 561
f 556 561 557
f 557 561 562
f 557 562 558
f 558 562 248
f 558 248 251
f 251 248 247
f 251 247 249
f 349 351 348
f 348 351 563
f 348 563 559
f 559 563 564
f 559 564 560
f 560 564 565
f 560 565 561
f 561 565 566
f 561 566 562
f 562 566 245
f 562 245 248
f 248 245 244
f 248 244 246
f 352 354 351
f 351 354 567
f 351 567 563
f 563 567 568
f 563 568 564
f 564 568 569
f 564 569 565
f 565 569 570
f 565 570 566
f 566 570 242
f 566 242 245
f 245 242 241
f 245 241 243
f 355 357 354
f 354 357 571
f 354 571 567
f 567 571 572
f 567 572 568
f 568 572 573
f 568 573 569
f 569 573 574
f 569 574 570
f 570 574 239
f 570 239 242
f 242 239 238
f 242 238 240
f 358 360 357
f 357 360 575
f 357 575 571
f 571 575 576
f 571 576 572
f 572 576 577
f 572 577 573
f 573 577 578
f 573 578 574
f 574 578 236
f 574 236 239
f 239 236 235
f 239 235 237
f 361 363 360
f 360 363 579
f 360 579 575
f 575 579 580
f 575 580 576
f 576 580 581
f 576 581 577
f 577 581 582
f 577 582 578
f 578 582 233
f 578 233 236
f 236 233 232
f 236 232 234
f 364 366 363
f 363 366 583
f 363 583 579
f 579 583 584
f 579 584 580
f 580 584 585
f 580 585 581
f 581 585 586
f 581 586 582
f 582 586 230
f 582 230 233
f 233 230 229
f 233 229 231
f 367 369 366
f 366 369 587
f 366 587 583
f 583 587 588
f 583 588 584
f 584 588 589
f 584 589 585
f 585 589 590
f 585 590 586
f 586 590 227
f 586 227 230
f 230 227 226
f 230 226 228
f 370 372 369
f 369 372 591
f 369 591 587
f 587 591 592
f 587 592 588
f 588 592 593
f 588 593 589
f 589 593 594
f 589 594 590
f 590 594 224
f 590 224 227
f 227 224 223
f 227 223 225
f 373 375 372
f 372 375 595
f 372 595 591
f 591 595 596
f 591 596 592
f 592 596 597
f 592 597 593
f 593 597 598
f 593 598 594
f 594 598 221
f 594 221 224
f 224 221 220
f 224 220 222
f 376 378 375
f 375 378 599
f 375 599 595
f 595 599 600
f 595 600 596
f 596 600 601
f 596 601 597
f 597 601 602
f 597 602 598
f 598 602 218
f 598 218 221
f 221 218 217
f 221 217 219
f 379 381 378
f 378 381 603
f 378 603 599
f 599 603 604
f 599 604 600
f 600 604 605
f 600 605 601
f 601 605 606
f 601 606 602
f 602 606 215
f 602 215 218
f 218 215 214
f 218 214 216
f 382 384 381
f 381 384 607
f 381 607 603
f 603 607 608
f 603 608 604
f 604 608 609
f 604 609 605
f 605 609 610
f 605 610 606
f 606 610 212
f 606 212 215
f 215 212 211
f 215 211 213
f 385 387 384
f 384 387 611
f 384 611 607
f 607 611 612
f 607 612 608
f 608 612 613
f 608 613 609
f 609 613 614
f 609 614 610
f 610 614 209
f 610 209 212
f 212 209 208
f 212 208 210
f 294 296 387
f 387 296 615
f 387 615 611
f 611 615 616
f 611 616 612
f 612 616 617
f 612 617 613
f 613 617 618
f 613 618 614
f 614 618 206
f 614 206 209
f 209 206 205
f 209 205 207
f 296 619 615
f 615 619 620
f 615 620 616
f 616 620 621
f 616 621 617
f 617 621 622
f 617 622 618
f 618 622 203
f 618 203 206
f 206 203 202
f 206 202 204
f 619 623 620
f 620 623 624
f 620 624 621
f 621 624 625
f 621 625 622
f 622 625 200
f 622 200 203
f 203 200 199
f 203 199 201
f 623 626 624
f 624 626 627
f 624 627 625
f 625 627 197
f 625 197 200
f 200 197 196
f 200 196 198
f 626 500 627
f 627 500 502
f 627 502 197
f 197 502 628
f 197 628 195
f 629 630 631
f 631 630 501
f 631 501 632
f 632 501 500
f 632 500 633
f 633 500 626
f 633 626 634
f 634 626 623
f 634 623 635
f 635 623 619
f 635 619 636
f 636 619 296
f 636 296 637
f 637 296 295
f 630 638 501
f 501 638 639
f 501 639 502
f 502 639 640
f 502 640 628
f 193 629 194
f 194 629 631
f 194 631 641
f 641 631 632
f 641 632 642
f 642 632 633
f 642 633 643
f 643 633 634
f 643 634 644
f 644 634 635
f 644 635 390
f 390 635 636
f 390 636 388
f 388 636 637
f 190 192 191
f 191 192 194
f 191 194 645
f 645 194 641
f 645 641 646
f 646 641 642
f 646 642 647
f 647 642 643
f 647 643 648
f 648 643 644
f 648 644 393
f 393 644 390
f 393 390 391
f 391 390 389
f 187 189 188
f 188 189 191
f 188 191 649
f 649 191 645
f 649 645 650
f 650 645 646
f 650 646 651
f 651 646 647
f 651 647 652
f 652 647 648
f 652 648 396
f 396 648 393
f 396 393 394
f 394 393 392
f 184 186 185
f 185 186 188
f 185 188 653
f 653 188 649
f 653 649 654
f 654 649 650
f 654 650 655
f 655 650 651
f 655 651 656
f 656 651 652
f 656 652 399
f 399 652 396
f 399 396 397
f 397 396 395
f 181 183 182
f 182 183 185
f 182 185 657
f 657 185 653
f 657 653 658
f 658 653 654
f 658 654 659
f 659 654 655
f 659 655 660
f 660 655 656
f 660 656 402
f 402 656 399
f 402 399 400
f 400 399 398
f 178 180 179
f 179 180 182
f 179 182 661
f 661 182 657
f 661 657 662
f 662 657 658
f 662 658 663
f 663 658 659
f 663 659 664
f 664 659 660
f 664 660 405
f 405 660 402
f 405 402 403
f 403 402 401
f 175 177 176
f 176 177 179
f 176 179 665
f 665 179 661
f 665 661 666
f 666 661 662
f 666 662 667
f 667 662 663
f 667 663 668
f 668 663 664
f 668 664 408
f 408 664 405
f 408 405 406
f 406 405 404
f 172 174 173
f 173 174 176
f 173 176 669
f 669 176 665
f 669 665 670
f 670 665 666
f 670 666 671
f 671 666 667
f 671 667 672
f 672 667 668
f 672 668 411
f 411 668 408
f 411 408 409
f 409 408 407
f 169 171 170
f 170 171 173
f 170 173 673
f 673 173 669
f 673 669 674
f 674 669 670
f 674 670 675
f 675 670 671
f 675 671 676
f 676 671 672
f 676 672 414
f 414 672 411
f 414 411 412
f 412 411 410
f 166 168 167
f 167 168 170
f 167 170 677
f 677 170 673
f 677 673 678
f 678 673 674
f 678 674 679
f 679 674 675
f 679 675 680
f 680 675 676
f 680 676 417
f 417 676 414
f 417 414 415
f 415 414 413
f 163 165 164
f 164 165 167
f 164 167 681
f 681 167 677
f 681 677 682
f 682 677 678
f 682 678 683
f 683 678 679
f 683 679 684
f 684 679 680
f 684 680 420
f 420 680 417
f 420 417 418
f 418 417 416
f 160 162 161
f 161 162 164
f 161 164 685
f 685 164 681
f 685 681 686
f 686 681 682
f 686 682 687
f 687 682 683
f 687 683 688
f 688 683 684
f 688 684 423
f 423 684 420
f 423 420 421
f 421 420 419
f 157 159 158
f 158 159 161
f 158 161 689
f 689 161 685
f 689 685 690
f 690 685 686
f 690 686 691
f 691 686 687
f 691 687 692
f 692 687 688
f 692 688 426
f 426 688 423
f 426 423 424
f 424 423 422
f 154 156 155
f 155 156 158
f 155 158 693
f 693 158 689
f 693 689 694
f 694 689 690
f 694 690 695
f 695 690 691
f 695 691 696
f 696 691 692
f 696 692 429
f 429 692 426
f 429 426 427
f 427 426 425
f 151 153 152
f 152 153 155
f 152 155 697
f 697 155 693
f 697 693 698
f 698 693 694
f 698 694 699
f 699 694 695
f 699 695 700
f 700 695 696
f 700 696 432
f 432 696 429
f 432 429 430
f 430 429 428
f 148 150 149
f 149 150 152
f 149 152 701
f 701 152 697
f 701 697 702
f 702 697 698
f 702 698 703
f 703 698 699
f 703 699 704
f 704 699 700
f 704 700 435
f 435 700 432
f 435 432 433
f 433 432 431
f 145 147 146
f 146 147 149
f 146 149 705
f 705 149 701
f 705 701 706
f 706 701 702
f 706 702 707
f 707 702 703
f 707 703 708
f 708 703 704
f 708 704 438
f 438 704 435
f 438 435 436
f 436 435 434
f 142 144 143
f 143 144 146
f 143 146 709
f 709 146 705
f 709 705 710
f 710 705 706
f 710 706 711
f 711 706 707
f 711 707 712
f 712 707 708
f 712 708 441
f 441 708 438
f 441 438 439
f 439 438 437
f 139 141 140
f 140 141 143
f 140 143 713
f 713 143 709
f 713 709 714
f 714 709 710
f 714 710 715
f 715 710 711
f 715 711 716
f 716 711 712
f 716 712 444
f 444 712 441
f 444 441 442
f 442 441 440
f 136 138 137
f 137 138 140
f 137 140 717
f 717 140 713
f 717 713 718
f 718 713 714
f 718 714 719
f 719 714 715
f 719 715 720
f 720 715 716
f 720 716 447
f 447 716 444
f 447 444 445
f 445 444 443
f 133 135 134
f 134 135 137
f 134 137 721
f 721 137 717
f 721 717 722
f 722 717 718
f 722 718 723
f 723 718 719
f 723 719 724
f 724 719 720
f 724 720 450
f 450 720 447
f 450 447 448
f 448 447 446
f 130 132 131
f 131 132 134
f 131 134 725
f 725 134 721
f 725 721 726
f 726 721 722
f 726 722 727
f 727 722 723
f 727 723 728
f 728 723 724
f 728 724 453
f 453 724 450
f 453 450 451
f 451 450 449
f 127 129 128
f 128 129 131
f 128 131 729
f 729 131 725
f 729 725 730
f 730 725 726
f 730 726 731
f 731 726 727
f 731 727 732
f 732 727 728
f 732 728 456
f 456 728 453
f 456 453 454
f 454 453 452
f 124 126 125
f 125 126 128
f 125 128 733
f 733 128 729
f 733 729 734
f 734 729 730
f 734 730 735
f 735 730 731
f 735 731 736
f 736 731 732
f 736 732 459
f 459 732 456
f 459 456 457
f 457 456 455
f 121 123 122
f 122 123 125
f 122 125 737
f 737 125 733
f 737 733 738
f 738 733 734
f 738 734 739
f 739 734 735
f 739 735 740
f 740 735 736
f 740 736 462
f 462 736 459
f 462 459 460
f 460 459 458
f 118 120 119
f 119 120 122
f 119 122 741
f 741 122 737
f 741 737 742
f 742 737 738
f 742 738 743
f 743 738 739
f 743 739 744
f 744 739 740
f 744 740 465
f 465 740 462
f 465 462 463
f 463 462 461
f 115 117 116
f 116 117 119
f 116 119 745
f 745 119 741
f 745 741 746
f 746 741 742
f 746 742 747
f 747 742 743
f 747 743 748
f 748 743 744
f 748 744 468
f 468 744 465
f 468 465 466
f 466 465 464
f 112 114 113
f 113 114 116
f 113 116 749
f 749 116 745
f 749 745 750
f 750 745 746
f 750 746 751
f 751 746 747
f 751 747 752
f 752 747 748
f 752 748 471
f 471 748 468
f 471 468 469
f 469 468 467
f 109 111 110
f 110 111 113
f 110 113 753
f 753 113 749
f 753 749 754
f 754 749 750
f 754 750 755
f 755 750 751
f 755 751 756
f 756 751 752
f 756 752 474
f 474 752 471
f 474 471 472
f 472 471 470
f 106 108 107
f 107 108 110
f 107 110 757
f 757 110 753
f 757 753 758
f 758 753 754
f 758 754 759
f 759 754 755
f 759 755 760
f 760 755 756
f 760 756 477
f 477 756 474
f 477 474 475
f 475 474 473
f 103 105 104
f 104 105 107
f 104 107 761
f 761 107 757
f 761 757 762
f 762 757 758
f 762 758 763
f 763 758 759
f 763 759 764
f 764 759 760
f 764 760 480
f 480 760 477
f 480 477 478
f 478 477 476
f 100 102 101
f 101 102 104
f 101 104 765
f 765 104 761
f 765 761 766
f 766 761 762
f 766 762 767
f 767 762 763
f 767 763 768
f 768 763 764
f 768 764 483
f 483 764 480
f 483 480 481
f 481 480 479
f 769 99 770
f 770 99 101
f 770 101 771
f 771 101 765
f 771 765 772
f 772 765 766
f 772 766 773
f 773 766 767
f 773 767 774
f 774 767 768
f 774 768 293
f 293 768 483
f 293 483 484
f 484 483 482
f 292 503 293
f 293 503 504
f 293 504 774
f 774 504 505
f 774 505 773
f 773 505 506
f 773 506 772
f 772 506 507
f 772 507 771
f 771 507 508
f 771 508 770
f 770 508 509
f 770 509 769
f 769 509 510
f 775 776 777
f 777 776 778
f 775 777 779
f 779 777 780
f 779 780 781
f 782 783 784
f 785 786 787
f 787 786 788
f 789 790 791
f 792 793 794
f 776 795 778
f 778 795 796
f 778 796 793
f 793 796 797
f 793 797 794
f 781 780 798
f 798 780 799
f 798 799 800
f 782 784 801
f 783 782 802
f 802 782 803
f 802 803 804
f 786 805 788
f 788 805 806
f 788 806 807
f 789 791 808
f 790 789 809
f 809 789 810
f 809 810 811
f 804 803 812
f 812 803 813
f 812 813 814
f 815 816 817
f 818 819 816
f 816 819 820
f 816 820 817
f 806 821 807
f 807 821 822
f 807 822 818
f 818 822 823
f 818 823 819
f 785 787 824
f 824 787 825
f 824 825 826
f 827 828 825
f 825 828 829
f 825 829 826
f 830 831 832
f 832 831 833
f 784 834 801
f 801 834 835
f 801 835 799
f 799 835 836
f 799 836 800
f 814 813 837
f 837 813 838
f 837 838 839
f 839 838 840
f 840 838 841
f 840 841 842
f 817 843 815
f 815 843 844
f 815 844 841
f 841 844 845
f 841 845 842
f 830 832 846
f 846 832 847
f 846 847 848
f 811 810 849
f 849 810 850
f 849 850 851
f 851 850 852
f 852 850 853
f 852 853 854
f 855 856 827
f 827 856 857
f 827 857 828
f 831 858 833
f 833 858 859
f 833 859 855
f 855 859 860
f 855 860 856
f 861 862 863
f 791 864 808
f 808 864 865
f 808 865 862
f 862 865 866
f 862 866 863
f 794 867 792
f 792 867 868
f 792 868 853
f 853 868 869
f 853 869 854
f 863 870 861
f 861 870 871
f 861 871 847
f 847 871 872
f 847 872 848
f 873 789 874
f 874 789 808
f 874 808 875
f 875 808 862
f 875 862 876
f 876 862 861
f 876 861 877
f 877 861 847
f 877 847 878
f 878 847 832
f 878 832 879
f 879 832 833
f 879 833 880
f 880 833 855
f 880 855 881
f 881 855 827
f 881 827 882
f 882 827 825
f 882 825 883
f 883 825 787
f 883 787 884
f 884 787 788
f 884 788 885
f 885 788 807
f 885 807 886
f 886 807 818
f 886 818 887
f 887 818 816
f 887 816 888
f 888 816 815
f 888 815 889
f 889 815 841
f 889 841 890
f 890 841 838
f 890 838 891
f 891 838 813
f 891 813 892
f 892 813 803
f 892 803 893
f 893 803 782
f 893 782 894
f 894 782 801
f 894 801 895
f 895 801 799
f 895 799 896
f 896 799 780
f 896 780 897
f 897 780 777
f 897 777 898
f 898 777 778
f 898 778 899
f 899 778 793
f 899 793 900
f 900 793 792
f 900 792 901
f 901 792 853
f 901 853 902
f 902 853 850
f 902 850 903
f 903 850 810
f 903 810 873
f 873 810 789
f 904 901 905
f 905 901 902
f 905 902 906
f 906 902 903
f 906 903 907
f 907 903 873
f 907 873 908
f 908 873 874
f 908 874 909
f 910 891 911
f 911 891 892
f 911 892 912
f 912 892 893
f 912 893 913
f 913 893 894
f 913 894 914
f 874 875 909
f 909 875 876
f 909 876 915
f 915 876 877
f 915 877 916
f 916 877 878
f 916 878 917
f 917 878 879
f 917 879 918
f 894 895 914
f 914 895 896
f 914 896 919
f 919 896 897
f 919 897 920
f 920 897 898
f 920 898 921
f 921 898 899
f 921 899 904
f 904 899 900
f 904 900 901
f 922 886 923
f 923 886 887
f 923 887 924
f 924 887 888
f 924 888 925
f 925 888 889
f 925 889 910
f 910 889 890
f 910 890 891
f 879 880 918
f 918 880 881
f 918 881 926
f 926 881 882
f 926 882 927
f 927 882 883
f 927 883 928
f 928 883 884
f 928 884 922
f 922 884 885
f 922 885 886
f 929 907 930
f 930 907 908
f 930 908 931
f 931 908 909
f 931 909 932
f 932 909 915
f 932 915 933
f 933 915 916
f 933 916 934
f 934 916 917
f 934 917 935
f 935 917 918
f 935 918 936
f 936 918 926
f 936 926 937
f 937 926 927
f 937 927 938
f 938 927 928
f 938 928 939
f 939 928 922
f 939 922 940
f 940 922 923
f 940 923 941
f 941 923 924
f 941 924 942
f 942 924 925
f 942 925 943
f 943 925 910
f 943 910 944
f 944 910 911
f 944 911 945
f 945 911 912
f 945 912 946
f 946 912 913
f 946 913 947
f 947 913 914
f 947 914 948
f 948 914 919
f 948 919 949
f 949 919 920
f 949 920 950
f 950 920 921
f 950 921 951
f 951 921 904
f 951 904 952
f 952 904 905
f 952 905 953
f 953 905 906
f 953 906 929
f 929 906 907
f 940 954 939
f 939 954 955
f 939 955 938
f 938 955 956
f 938 956 937
f 937 956 957
f 937 957 936
f 944 958 943
f 943 958 959
f 943 959 942
f 942 959 960
f 942 960 941
f 941 960 961
f 941 961 940
f 940 961 962
f 940 962 954
f 957 963 936
f 936 963 964
f 936 964 935
f 935 964 965
f 935 965 934
f 934 965 966
f 934 966 933
f 933 966 967
f 933 967 932
f 948 968 947
f 947 968 969
f 947 969 946
f 946 969 970
f 946 970 945
f 945 970 971
f 945 971 944
f 944 971 972
f 944 972 958
f 967 973 932
f 932 973 974
f 932 974 931
f 931 974 975
f 931 975 930
f 930 975 976
f 930 976 929
f 929 976 977
f 929 977 953
f 953 977 978
f 953 978 952
f 978 979 952
f 952 979 980
f 952 980 951
f 951 980 981
f 951 981 950
f 950 981 982
f 950 982 949
f 949 982 983
f 949 983 948
f 948 983 984
f 948 984 968
f 21 977 20
f 20 977 976
f 20 976 39
f 39 976 975
f 39 975 42
f 42 975 974
f 42 974 82
f 82 974 973
f 82 973 84
f 84 973 967
f 84 967 87
f 87 967 966
f 87 966 90
f 90 966 965
f 90 965 93
f 93 965 964
f 93 964 47
f 47 964 963
f 47 963 46
f 46 963 957
f 46 957 69
f 69 957 956
f 69 956 4
f 4 956 955
f 4 955 3
f 3 955 954
f 3 954 6
f 6 954 962
f 6 962 9
f 9 962 961
f 9 961 23
f 23 961 960
f 23 960 48
f 48 960 959
f 48 959 34
f 34 959 958
f 34 958 28
f 28 958 972
f 28 972 27
f 27 972 971
f 27 971 30
f 30 971 970
f 30 970 55
f 55 970 969
f 55 969 57
f 57 969 968
f 57 968 60
f 60 968 984
f 60 984 14
f 14 984 983
f 14 983 13
f 13 983 982
f 13 982 16
f 16 982 981
f 16 981 67
f 67 981 980
f 67 980 75
f 75 980 979
f 75 979 37
f 37 979 978
f 37 978 21
f 21 978 977
f 292 291 985
f 484 482 986
f 481 479 987
f 478 476 988
f 475 473 989
f 472 470 990
f 469 467 991
f 466 464 992
f 463 461 993
f 460 458 994
f 448 446 995
f 445 443 996
f 442 440 997
f 439 437 998
f 436 434 999
f 433 431 1000
f 430 428 1001
f 427 425 1002
f 424 422 1003
f 421 419 1004
f 418 416 1005
f 415 413 1006
f 412 410 1007
f 409 407 1008
f 406 404 1009
f 403 401 1010
f 400 398 1011
f 397 395 1012
f 394 392 1013
f 1014 858 831
f 1015 859 858
f 1016 860 859
f 1017 856 860
f 1018 857 856
f 1019 828 857
f 1020 829 828
f 1021 826 829
f 1022 824 826
f 1023 785 824
f 1024 786 785
f 1025 805 786
f 1026 806 805
f 1027 821 806
f 1028 822 821
f 1029 823 822
f 1030 819 823
f 1031 820 819
f 1032 817 820
f 1033 843 817
f 1034 844 843
f 1035 845 844
f 1036 842 845
f 1037 840 842
f 1038 839 840
f 1039 837 839
f 1040 814 837
f 1041 812 814
f 1042 804 812
f 1043 802 804
f 1044 783 802
f 1045 784 783
f 1046 834 784
f 1047 835 834
f 1048 836 835
f 1049 800 836
f 1050 798 800
f 1051 781 798
f 1052 779 781
f 1053 775 779
f 1054 776 775
f 1055 795 776
f 1056 796 795
f 1057 797 796
f 1058 794 797
f 1059 867 794
f 1060 868 867
f 1061 869 868
f 1062 854 869
f 1063 852 854
f 1064 851 852
f 1065 849 851
f 811 849 1066
f 1066 849 1065
f 1066 1065 1067
f 809 811 1068
f 1068 811 1066
f 1068 1066 1069
f 1069 1066 1067
f 1069 1067 1070
f 790 809 1071
f 1071 809 1068
f 1071 1068 1072
f 1072 1068 1069
f 1072 1069 1073
f 1073 1069 1070
f 1073 1070 1074
f 791 790 1075
f 1075 790 1071
f 1075 1071 1076
f 1076 1071 1072
f 1076 1072 1077
f 1077 1072 1073
f 1077 1073 1078
f 1078 1073 1074
f 1078 1074 985
f 1079 1080 1081
f 1082 303 494
f 852 1063 1064
f 1064 1063 1083
f 1064 1083 1084
f 1084 1083 1085
f 1084 1085 1086
f 1086 1085 1087
f 1086 1087 1088
f 1088 1087 1082
f 1088 1082 1089
f 1089 1082 494
f 1089 494 503
f 1090 300 304
f 854 1062 1063
f 1063 1062 1091
f 1063 1091 1083
f 1083 1091 1092
f 1083 1092 1085
f 1085 1092 1093
f 1085 1093 1087
f 1087 1093 1090
f 1087 1090 1082
f 1082 1090 304
f 1082 304 303
f 1094 297 301
f 869 1061 1062
f 1062 1061 1095
f 1062 1095 1091
f 1091 1095 1096
f 1091 1096 1092
f 1092 1096 1097
f 1092 1097 1093
f 1093 1097 1094
f 1093 1094 1090
f 1090 1094 301
f 1090 301 300
f 1098 306 298
f 868 1060 1061
f 1061 1060 1099
f 1061 1099 1095
f 1095 1099 1100
f 1095 1100 1096
f 1096 1100 1101
f 1096 1101 1097
f 1097 1101 1098
f 1097 1098 1094
f 1094 1098 298
f 1094 298 297
f 1102 308 307
f 867 1059 1060
f 1060 1059 1103
f 1060 1103 1099
f 1099 1103 1104
f 1099 1104 1100
f 1100 1104 1105
f 1100 1105 1101
f 1101 1105 1102
f 1101 1102 1098
f 1098 1102 307
f 1098 307 306
f 1106 310 309
f 794 1058 1059
f 1059 1058 1107
f 1059 1107 1103
f 1103 1107 1108
f 1103 1108 1104
f 1104 1108 1109
f 1104 1109 1105
f 1105 1109 1106
f 1105 1106 1102
f 1102 1106 309
f 1102 309 308
f 1110 313 311
f 797 1057 1058
f 1058 1057 1111
f 1058 1111 1107
f 1107 1111 1112
f 1107 1112 1108
f 1108 1112 1113
f 1108 1113 1109
f 1109 1113 1110
f 1109 1110 1106
f 1106 1110 311
f 1106 311 310
f 1114 316 314
f 796 1056 1057
f 1057 1056 1115
f 1057 1115 1111
f 1111 1115 1116
f 1111 1116 1112
f 1112 1116 1117
f 1112 1117 1113
f 1113 1117 1114
f 1113 1114 1110
f 1110 1114 314
f 1110 314 313
f 1118 319 317
f 795 1055 1056
f 1056 1055 1119
f 1056 1119 1115
f 1115 1119 1120
f 1115 1120 1116
f 1116 1120 1121
f 1116 1121 1117
f 1117 1121 1118
f 1117 1118 1114
f 1114 1118 317
f 1114 317 316
f 1122 322 320
f 776 1054 1055
f 1055 1054 1123
f 1055 1123 1119
f 1119 1123 1124
f 1119 1124 1120
f 1120 1124 1125
f 1120 1125 1121
f 1121 1125 1122
f 1121 1122 1118
f 1118 1122 320
f 1118 320 319
f 1126 325 323
f 775 1053 1054
f 1054 1053 1127
f 1054 1127 1123
f 1123 1127 1128
f 1123 1128 1124
f 1124 1128 1129
f 1124 1129 1125
f 1125 1129 1126
f 1125 1126 1122
f 1122 1126 323
f 1122 323 322
f 1130 328 326
f 779 1052 1053
f 1053 1052 1131
f 1053 1131 1127
f 1127 1131 1132
f 1127 1132 1128
f 1128 1132 1133
f 1128 1133 1129
f 1129 1133 1130
f 1129 1130 1126
f 1126 1130 326
f 1126 326 325
f 1134 331 329
f 781 1051 1052
f 1052 1051 1135
f 1052 1135 1131
f 1131 1135 1136
f 1131 1136 1132
f 1132 1136 1137
f 1132 1137 1133
f 1133 1137 1134
f 1133 1134 1130
f 1130 1134 329
f 1130 329 328
f 1138 334 332
f 798 1050 1051
f 1051 1050 1139
f 1051 1139 1135
f 1135 1139 1140
f 1135 1140 1136
f 1136 1140 1141
f 1136 1141 1137
f 1137 1141 1138
f 1137 1138 1134
f 1134 1138 332
f 1134 332 331
f 1142 337 335
f 800 1049 1050
f 1050 1049 1143
f 1050 1143 1139
f 1139 1143 1144
f 1139 1144 1140
f 1140 1144 1145
f 1140 1145 1141
f 1141 1145 1142
f 1141 1142 1138
f 1138 1142 335
f 1138 335 334
f 1146 340 338
f 836 1048 1049
f 1049 1048 1147
f 1049 1147 1143
f 1143 1147 1148
f 1143 1148 1144
f 1144 1148 1149
f 1144 1149 1145
f 1145 1149 1146
f 1145 1146 1142
f 1142 1146 338
f 1142 338 337
f 1150 343 341
f 835 1047 1048
f 1048 1047 1151
f 1048 1151 1147
f 1147 1151 1152
f 1147 1152 1148
f 1148 1152 1153
f 1148 1153 1149
f 1149 1153 1150
f 1149 1150 1146
f 1146 1150 341
f 1146 341 340
f 1154 346 344
f 834 1046 1047
f 1047 1046 1155
f 1047 1155 1151
f 1151 1155 1156
f 1151 1156 1152
f 1152 1156 1157
f 1152 1157 1153
f 1153 1157 1154
f 1153 1154 1150
f 1150 1154 344
f 1150 344 343
f 1158 349 347
f 784 1045 1046
f 1046 1045 1159
f 1046 1159 1155
f 1155 1159 1160
f 1155 1160 1156
f 1156 1160 1161
f 1156 1161 1157
f 1157 1161 1158
f 1157 1158 1154
f 1154 1158 347
f 1154 347 346
f 1162 352 350
f 783 1044 1045
f 1045 1044 1163
f 1045 1163 1159
f 1159 1163 1164
f 1159 1164 1160
f 1160 1164 1165
f 1160 1165 1161
f 1161 1165 1162
f 1161 1162 1158
f 1158 1162 350
f 1158 350 349
f 1166 355 353
f 802 1043 1044
f 1044 1043 1167
f 1044 1167 1163
f 1163 1167 1168
f 1163 1168 1164
f 1164 1168 1169
f 1164 1169 1165
f 1165 1169 1166
f 1165 1166 1162
f 1162 1166 353
f 1162 353 352
f 1170 358 356
f 804 1042 1043
f 1043 1042 1171
f 1043 1171 1167
f 1167 1171 1172
f 1167 1172 1168
f 1168 1172 1173
f 1168 1173 1169
f 1169 1173 1170
f 1169 1170 1166
f 1166 1170 356
f 1166 356 355
f 1174 361 359
f 812 1041 1042
f 1042 1041 1175
f 1042 1175 1171
f 1171 1175 1176
f 1171 1176 1172
f 1172 1176 1177
f 1172 1177 1173
f 1173 1177 1174
f 1173 1174 1170
f 1170 1174 359
f 1170 359 358
f 1178 364 362
f 814 1040 1041
f 1041 1040 1179
f 1041 1179 1175
f 1175 1179 1180
f 1175 1180 1176
f 1176 1180 1181
f 1176 1181 1177
f 1177 1181 1178
f 1177 1178 1174
f 1174 1178 362
f 1174 362 361
f 1182 367 365
f 837 1039 1040
f 1040 1039 1183
f 1040 1183 1179
f 1179 1183 1184
f 1179 1184 1180
f 1180 1184 1185
f 1180 1185 1181
f 1181 1185 1182
f 1181 1182 1178
f 1178 1182 365
f 1178 365 364
f 1186 370 368
f 839 1038 1039
f 1039 1038 1187
f 1039 1187 1183
f 1183 1187 1188
f 1183 1188 1184
f 1184 1188 1189
f 1184 1189 1185
f 1185 1189 1186
f 1185 1186 1182
f 1182 1186 368
f 1182 368 367
f 1190 373 371
f 840 1037 1038
f 1038 1037 1191
f 1038 1191 1187
f 1187 1191 1192
f 1187 1192 1188
f 1188 1192 1193
f 1188 1193 1189
f 1189 1193 1190
f 1189 1190 1186
f 1186 1190 371
f 1186 371 370
f 1194 376 374
f 842 1036 1037
f 1037 1036 1195
f 1037 1195 1191
f 1191 1195 1196
f 1191 1196 1192
f 1192 1196 1197
f 1192 1197 1193
f 1193 1197 1194
f 1193 1194 1190
f 1190 1194 374
f 1190 374 373
f 1198 379 377
f 845 1035 1036
f 1036 1035 1199
f 1036 1199 1195
f 1195 1199 1200
f 1195 1200 1196
f 1196 1200 1201
f 1196 1201 1197
f 1197 1201 1198
f 1197 1198 1194
f 1194 1198 377
f 1194 377 376
f 1202 382 380
f 844 1034 1035
f 1035 1034 1203
f 1035 1203 1199
f 1199 1203 1204
f 1199 1204 1200
f 1200 1204 1205
f 1200 1205 1201
f 1201 1205 1202
f 1201 1202 1198
f 1198 1202 380
f 1198 380 379
f 1206 385 383
f 843 1033 1034
f 1034 1033 1207
f 1034 1207 1203
f 1203 1207 1208
f 1203 1208 1204
f 1204 1208 1209
f 1204 1209 1205
f 1205 1209 1206
f 1205 1206 1202
f 1202 1206 383
f 1202 383 382
f 1210 294 386
f 817 1032 1033
f 1033 1032 1211
f 1033 1211 1207
f 1207 1211 1212
f 1207 1212 1208
f 1208 1212 1213
f 1208 1213 1209
f 1209 1213 1210
f 1209 1210 1206
f 1206 1210 386
f 1206 386 385
f 1214 637 295
f 820 1031 1032
f 1032 1031 1215
f 1032 1215 1211
f 1211 1215 1216
f 1211 1216 1212
f 1212 1216 1217
f 1212 1217 1213
f 1213 1217 1214
f 1213 1214 1210
f 1210 1214 295
f 1210 295 294
f 391 389 1218
f 1218 389 388
f 819 1030 1031
f 1031 1030 1219
f 1031 1219 1215
f 1215 1219 1220
f 1215 1220 1216
f 1216 1220 1221
f 1216 1221 1217
f 1217 1221 1218
f 1217 1218 1214
f 1214 1218 388
f 1214 388 637
f 823 1029 1030
f 1030 1029 1222
f 1030 1222 1219
f 1219 1222 1223
f 1219 1223 1220
f 1220 1223 1224
f 1220 1224 1221
f 1221 1224 1013
f 1221 1013 1218
f 1218 1013 392
f 1218 392 391
f 822 1028 1029
f 1029 1028 1225
f 1029 1225 1222
f 1222 1225 1226
f 1222 1226 1223
f 1223 1226 1227
f 1223 1227 1224
f 1224 1227 1012
f 1224 1012 1013
f 1013 1012 395
f 1013 395 394
f 821 1027 1028
f 1028 1027 1228
f 1028 1228 1225
f 1225 1228 1229
f 1225 1229 1226
f 1226 1229 1230
f 1226 1230 1227
f 1227 1230 1011
f 1227 1011 1012
f 1012 1011 398
f 1012 398 397
f 806 1026 1027
f 1027 1026 1231
f 1027 1231 1228
f 1228 1231 1232
f 1228 1232 1229
f 1229 1232 1233
f 1229 1233 1230
f 1230 1233 1010
f 1230 1010 1011
f 1011 1010 401
f 1011 401 400
f 805 1025 1026
f 1026 1025 1234
f 1026 1234 1231
f 1231 1234 1235
f 1231 1235 1232
f 1232 1235 1236
f 1232 1236 1233
f 1233 1236 1009
f 1233 1009 1010
f 1010 1009 404
f 1010 404 403
f 786 1024 1025
f 1025 1024 1237
f 1025 1237 1234
f 1234 1237 1238
f 1234 1238 1235
f 1235 1238 1239
f 1235 1239 1236
f 1236 1239 1008
f 1236 1008 1009
f 1009 1008 407
f 1009 407 406
f 785 1023 1024
f 1024 1023 1240
f 1024 1240 1237
f 1237 1240 1241
f 1237 1241 1238
f 1238 1241 1242
f 1238 1242 1239
f 1239 1242 1007
f 1239 1007 1008
f 1008 1007 410
f 1008 410 409
f 824 1022 1023
f 1023 1022 1243
f 1023 1243 1240
f 1240 1243 1244
f 1240 1244 1241
f 1241 1244 1245
f 1241 1245 1242
f 1242 1245 1006
f 1242 1006 1007
f 1007 1006 413
f 1007 413 412
f 826 1021 1022
f 1022 1021 1246
f 1022 1246 1243
f 1243 1246 1247
f 1243 1247 1244
f 1244 1247 1248
f 1244 1248 1245
f 1245 1248 1005
f 1245 1005 1006
f 1006 1005 416
f 1006 416 415
f 829 1020 1021
f 1021 1020 1249
f 1021 1249 1246
f 1246 1249 1250
f 1246 1250 1247
f 1247 1250 1251
f 1247 1251 1248
f 1248 1251 1004
f 1248 1004 1005
f 1005 1004 419
f 1005 419 418
f 828 1019 1020
f 1020 1019 1252
f 1020 1252 1249
f 1249 1252 1253
f 1249 1253 1250
f 1250 1253 1254
f 1250 1254 1251
f 1251 1254 1003
f 1251 1003 1004
f 1004 1003 422
f 1004 422 421
f 857 1018 1019
f 1019 1018 1255
f 1019 1255 1252
f 1252 1255 1256
f 1252 1256 1253
f 1253 1256 1257
f 1253 1257 1254
f 1254 1257 1002
f 1254 1002 1003
f 1003 1002 425
f 1003 425 424
f 856 1017 1018
f 1018 1017 1258
f 1018 1258 1255
f 1255 1258 1259
f 1255 1259 1256
f 1256 1259 1260
f 1256 1260 1257
f 1257 1260 1001
f 1257 1001 1002
f 1002 1001 428
f 1002 428 427
f 860 1016 1017
f 1017 1016 1261
f 1017 1261 1258
f 1258 1261 1262
f 1258 1262 1259
f 1259 1262 1263
f 1259 1263 1260
f 1260 1263 1000
f 1260 1000 1001
f 1001 1000 431
f 1001 431 430
f 859 1015 1016
f 1016 1015 1264
f 1016 1264 1261
f 1261 1264 1265
f 1261 1265 1262
f 1262 1265 1266
f 1262 1266 1263
f 1263 1266 999
f 1263 999 1000
f 1000 999 434
f 1000 434 433
f 858 1014 1015
f 1015 1014 1267
f 1015 1267 1264
f 1264 1267 1268
f 1264 1268 1265
f 1265 1268 1269
f 1265 1269 1266
f 1266 1269 998
f 1266 998 999
f 999 998 437
f 999 437 436
f 831 1270 1014
f 1014 1270 1271
f 1014 1271 1267
f 1267 1271 1272
f 1267 1272 1268
f 1268 1272 1273
f 1268 1273 1269
f 1269 1273 997
f 1269 997 998
f 998 997 440
f 998 440 439
f 1270 1274 1271
f 1271 1274 1275
f 1271 1275 1272
f 1272 1275 1276
f 1272 1276 1273
f 1273 1276 996
f 1273 996 997
f 997 996 443
f 997 443 442
f 1274 1277 1275
f 1275 1277 1278
f 1275 1278 1276
f 1276 1278 995
f 1276 995 996
f 996 995 446
f 996 446 445
f 1277 1079 1278
f 1278 1079 1081
f 1278 1081 995
f 995 1081 449
f 995 449 448
f 457 455 1279
f 1279 455 1080
f 1279 1080 1280
f 1280 1080 1079
f 1280 1079 1281
f 1281 1079 1277
f 1281 1277 1282
f 1282 1277 1274
f 1282 1274 1283
f 1283 1274 1270
f 1283 1270 830
f 830 1270 831
f 455 454 1080
f 1080 454 452
f 1080 452 1081
f 1081 452 451
f 1081 451 449
f 458 457 994
f 994 457 1279
f 994 1279 1284
f 1284 1279 1280
f 1284 1280 1285
f 1285 1280 1281
f 1285 1281 1286
f 1286 1281 1282
f 1286 1282 1287
f 1287 1282 1283
f 1287 1283 846
f 846 1283 830
f 461 460 993
f 993 460 994
f 993 994 1288
f 1288 994 1284
f 1288 1284 1289
f 1289 1284 1285
f 1289 1285 1290
f 1290 1285 1286
f 1290 1286 1291
f 1291 1286 1287
f 1291 1287 848
f 848 1287 846
f 464 463 992
f 992 463 993
f 992 993 1292
f 1292 993 1288
f 1292 1288 1293
f 1293 1288 1289
f 1293 1289 1294
f 1294 1289 1290
f 1294 1290 1295
f 1295 1290 1291
f 1295 1291 872
f 872 1291 848
f 467 466 991
f 991 466 992
f 991 992 1296
f 1296 992 1292
f 1296 1292 1297
f 1297 1292 1293
f 1297 1293 1298
f 1298 1293 1294
f 1298 1294 1299
f 1299 1294 1295
f 1299 1295 871
f 871 1295 872
f 470 469 990
f 990 469 991
f 990 991 1300
f 1300 991 1296
f 1300 1296 1301
f 1301 1296 1297
f 1301 1297 1302
f 1302 1297 1298
f 1302 1298 1303
f 1303 1298 1299
f 1303 1299 870
f 870 1299 871
f 473 472 989
f 989 472 990
f 989 990 1304
f 1304 990 1300
f 1304 1300 1305
f 1305 1300 1301
f 1305 1301 1306
f 1306 1301 1302
f 1306 1302 1307
f 1307 1302 1303
f 1307 1303 863
f 863 1303 870
f 476 475 988
f 988 475 989
f 988 989 1308
f 1308 989 1304
f 1308 1304 1309
f 1309 1304 1305
f 1309 1305 1310
f 1310 1305 1306
f 1310 1306 1311
f 1311 1306 1307
f 1311 1307 866
f 866 1307 863
f 479 478 987
f 987 478 988
f 987 988 1312
f 1312 988 1308
f 1312 1308 1313
f 1313 1308 1309
f 1313 1309 1314
f 1314 1309 1310
f 1314 1310 1315
f 1315 1310 1311
f 1315 1311 865
f 865 1311 866
f 482 481 986
f 986 481 987
f 986 987 1316
f 1316 987 1312
f 1316 1312 1317
f 1317 1312 1313
f 1317 1313 1318
f 1318 1313 1314
f 1318 1314 1319
f 1319 1314 1315
f 1319 1315 864
f 864 1315 865
f 291 484 985
f 985 484 986
f 985 986 1078
f 1078 986 1316
f 1078 1316 1077
f 1077 1316 1317
f 1077 1317 1076
f 1076 1317 1318
f 1076 1318 1075
f 1075 1318 1319
f 1075 1319 791
f 791 1319 864
f 851 1064 1065
f 1065 1064 1084
f 1065 1084 1067
f 1067 1084 1086
f 1067 1086 1070
f 1070 1086 1088
f 1070 1088 1074
f 1074 1088 1089
f 1074 1089 985
f 985 1089 503
f 985 503 292
f 285 283 1320
f 1320 283 1321
f 283 282 1321
f 1321 282 280
f 1321 280 1322
f 280 279 1322
f 1322 279 277
f 1322 277 1323
f 277 276 1323
f 1323 276 274
f 1323 274 1324
f 274 273 1324
f 1324 273 271
f 1324 271 1325
f 271 270 1325
f 1325 270 268
f 1325 268 1326
f 268 267 1326
f 1326 267 265
f 1326 265 1327
f 265 264 1327
f 1327 264 262
f 1327 262 1328
f 262 261 1328
f 1328 261 259
f 1328 259 1329
f 259 258 1329
f 1329 258 256
f 1329 256 1330
f 1330 256 255
f 1330 255 1331
f 255 253 1331
f 1331 253 252
f 1331 252 1332
f 252 250 1332
f 1332 250 249
f 1332 249 1333
f 249 247 1333
f 1333 247 246
f 1333 246 1334
f 246 244 1334
f 1334 244 243
f 1334 243 1335
f 243 241 1335
f 1335 241 240
f 1335 240 1336
f 240 238 1336
f 1336 238 237
f 1336 237 1337
f 237 235 1337
f 1337 235 234
f 1337 234 1338
f 234 232 1338
f 1338 232 231
f 1338 231 1339
f 231 229 1339
f 1339 229 228
f 1339 228 1340
f 228 226 1340
f 1340 226 225
f 1340 225 1341
f 225 223 1341
f 1341 223 222
f 1341 222 1342
f 222 220 1342
f 1342 220 219
f 1342 219 1343
f 219 217 1343
f 1343 217 216
f 1343 216 1344
f 216 214 1344
f 1344 214 213
f 1344 213 1345
f 213 211 1345
f 1345 211 210
f 1345 210 1346
f 210 208 1346
f 1346 208 207
f 1346 207 1347
f 207 205 1347
f 1347 205 204
f 1347 204 1348
f 204 202 1348
f 1348 202 201
f 1348 201 1349
f 201 199 1349
f 1349 199 198
f 1349 198 1350
f 198 196 1350
f 1350 196 195
f 1350 195 1351
f 195 628 1351
f 1351 628 640
f 1351 640 1352
f 1352 640 639
f 639 638 1352
f 1352 638 630
f 1352 630 1353
f 630 629 1353
f 1353 629 193
f 1353 193 1354
f 193 192 1354
f 1354 192 190
f 1354 190 1355
f 190 189 1355
f 1355 189 187
f 1355 187 1356
f 187 186 1356
f 1356 186 184
f 1356 184 1357
f 184 183 1357
f 1357 183 181
f 1357 181 1358
f 181 180 1358
f 1358 180 178
f 1358 178 1359
f 178 177 1359
f 1359 177 175
f 1359 175 1360
f 175 174 1360
f 1360 174 172
f 1360 172 1361
f 172 171 1361
f 1361 171 169
f 1361 169 1362
f 169 168 1362
f 1362 168 166
f 1362 166 1363
f 166 165 1363
f 1363 165 163
f 1363 163 1364
f 163 162 1364
f 1364 162 160
f 1364 160 1365
f 160 159 1365
f 1365 159 157
f 1365 157 1366
f 157 156 1366
f 1366 156 154
f 1366 154 1367
f 154 153 1367
f 1367 153 151
f 1367 151 1368
f 151 150 1368
f 1368 150 148
f 1368 148 1369
f 148 147 1369
f 1369 147 145
f 1369 145 1370
f 145 144 1370
f 1370 144 142
f 1370 142 1371
f 142 141 1371
f 1371 141 139
f 1371 139 1372
f 139 138 1372
f 1372 138 136
f 1372 136 1373
f 136 135 1373
f 1373 135 133
f 1373 133 1374
f 133 132 1374
f 1374 132 130
f 1374 130 1375
f 130 129 1375
f 1375 129 127
f 1375 127 1376
f 127 126 1376
f 1376 126 124
f 1376 124 1377
f 124 123 1377
f 1377 123 121
f 1377 121 1378
f 121 120 1378
f 1378 120 118
f 1378 118 1379
f 118 117 1379
f 1379 117 115
f 1379 115 1380
f 115 114 1380
f 1380 114 112
f 1380 112 1381
f 112 111 1381
f 1381 111 109
f 1381 109 1382
f 109 108 1382
f 1382 108 106
f 1382 106 1383
f 106 105 1383
f 1383 105 103
f 1383 103 1384
f 103 102 1384
f 1384 102 100
f 1384 100 1385
f 100 99 1385
f 1385 99 769
f 1385 769 1386
f 1386 769 510
f 1386 510 1320
f 1320 510 286
f 1320 286 285
f 1386 1387 1385
f 1385 1387 1388
f 1385 1388 1384
f 1384 1388 1389
f 1384 1389 1383
f 1383 1389 1390
f 1383 1390 1382
f 1382 1390 1391
f 1382 1391 1381
f 1381 1391 1392
f 1381 1392 1380
f 1380 1392 1393
f 1380 1393 1379
f 1379 1393 1394
f 1379 1394 1378
f 1378 1394 1395
f 1378 1395 1377
f 1377 1395 1396
f 1377 1396 1376
f 1376 1396 1397
f 1376 1397 1375
f 1375 1397 1398
f 1375 1398 1374
f 1374 1398 1399
f 1374 1399 1373
f 1373 1399 1400
f 1373 1400 1372
f 1372 1400 1401
f 1372 1401 1371
f 1371 1401 1402
f 1371 1402 1370
f 1370 1402 1403
f 1370 1403 1369
f 1369 1403 1404
f 1369 1404 1368
f 1368 1404 1405
f 1368 1405 1367
f 1367 1405 1406
f 1367 1406 1366
f 1366 1406 1407
f 1366 1407 1365
f 1365 1407 1408
f 1365 1408 1364
f 1364 1408 1409
f 1364 1409 1363
f 1363 1409 1410
f 1363 1410 1362
f 1362 1410 1411
f 1362 1411 1361
f 1361 1411 1412
f 1361 1412 1360
f 1360 1412 1413
f 1360 1413 1359
f 1359 1413 1414
f 1359 1414 1358
f 1358 1414 1415
f 1358 1415 1357
f 1357 1415 1416
f 1357 1416 1356
f 1356 1416 1417
f 1356 1417 1355
f 1355 1417 1418
f 1355 1418 1354
f 1354 1418 1419
f 1354 1419 1353
f 1353 1419 1420
f 1353 1420 1352
f 1352 1420 1421
f 1352 1421 1351
f 1351 1421 1422
f 1351 1422 1350
f 1350 1422 1423
f 1350 1423 1349
f 1349 1423 1424
f 1349 1424 1348
f 1348 1424 1425
f 1348 1425 1347
f 1347 1425 1426
f 1347 1426 1346
f 1346 1426 1427
f 1346 1427 1345
f 1345 1427 1428
f 1345 1428 1344
f 1344 1428 1429
f 1344 1429 1343
f 1343 1429 1430
f 1343 1430 1342
f 1342 1430 1431
f 1342 1431 1341
f 1341 1431 1432
f 1341 1432 1340
f 1340 1432 1433
f 1340 1433 1339
f 1339 1433 1434
f 1339 1434 1338
f 1338 1434 1435
f 1338 1435 1337
f 1337 1435 1436
f 1337 1436 1336
f 1336 1436 1437
f 1336 1437 1335
f 1335 1437 1438
f 1335 1438 1334
f 1334 1438 1439
f 1334 1439 1333
f 1333 1439 1440
f 1333 1440 1332
f 1332 1440 1441
f 1332 1441 1331
f 1331 1441 1442
f 1331 1442 1330
f 1330 1442 1443
f 1330 1443 1329
f 1329 1443 1444
f 1329 1444 1328
f 1328 1444 1445
f 1328 1445 1327
f 1327 1445 1446
f 1327 1446 1326
f 1326 1446 1447
f 1326 1447 1325
f 1325 1447 1448
f 1325 1448 1324
f 1324 1448 1449
f 1324 1449 1323
f 1323 1449 1450
f 1323 1450 1322
f 1322 1450 1451
f 1322 1451 1321
f 1321 1451 1452
f 1321 1452 1320
f 1320 1452 1453
f 1320 1453 1386
f 1386 1453 1387
f 1453 1454 1387
f 1387 1454 1455
f 1387 1455 1388
f 1388 1455 1456
f 1388 1456 1389
f 1389 1456 1457
f 1389 1457 1390
f 1390 1457 1458
f 1390 1458 1391
f 1391 1458 1459
f 1391 1459 1392
f 1392 1459 1460
f 1392 1460 1393
f 1393 1460 1461
f 1393 1461 1394
f 1394 1461 1462
f 1394 1462 1395
f 1395 1462 1463
f 1395 1463 1396
f 1396 1463 1464
f 1396 1464 1397
f 1397 1464 1465
f 1397 1465 1398
f 1398 1465 1466
f 1398 1466 1399
f 1399 1466 1467
f 1399 1467 1400
f 1400 1467 1468
f 1400 1468 1401
f 1401 1468 1469
f 1401 1469 1402
f 1402 1469 1470
f 1402 1470 1403
f 1403 1470 1471
f 1403 1471 1404
f 1404 1471 1472
f 1404 1472 1405
f 1405 1472 1473
f 1405 1473 1406
f 1406 1473 1474
f 1406 1474 1407
f 1407 1474 1475
f 1407 1475 1408
f 1408 1475 1476
f 1408 1476 1409
f 1409 1476 1477
f 1409 1477 1410
f 1410 1477 1478
f 1410 1478 1411
f 1411 1478 1479
f 1411 1479 1412
f 1412 1479 1480
f 1412 1480 1413
f 1413 1480 1481
f 1413 1481 1414
f 1414 1481 1482
f 1414 1482 1415
f 1415 1482 1483
f 1415 1483 1416
f 1416 1483 1484
f 1416 1484 1417
f 1417 1484 1485
f 1417 1485 1418
f 1418 1485 1486
f 1418 1486 1419
f 1419 1486 1487
f 1419 1487 1420
f 1420 1487 1488
f 1420 1488 1421
f 1421 1488 1489
f 1421 1489 1422
f 1422 1489 1490
f 1422 1490 1423
f 1423 1490 1491
f 1423 1491 1424
f 1424 1491 1492
f 1424 1492 1425
f 1425 1492 1493
f 1425 1493 1426
f 1426 1493 1494
f 1426 1494 1427
f 1427 1494 1495
f 1427 1495 1428
f 1428 1495 1496
f 1428 1496 1429
f 1429 1496 1497
f 1429 1497 1430
f 1430 1497 1498
f 1430 1498 1431
f 1431 1498 1499
f 1431 1499 1432
f 1432 1499 1500
f 1432 1500 1433
f 1433 1500 1501
f 1433 1501 1434
f 1434 1501 1502
f 1434 1502 1435
f 1435 1502 1503
f 1435 1503 1436
f 1436 1503 1504
f 1436 1504 1437
f 1437 1504 1505
f 1437 1505 1438
f 1438 1505 1506
f 1438 1506 1439
f 1439 1506 1507
f 1439 1507 1440
f 1440 1507 1508
f 1440 1508 1441
f 1441 1508 1509
f 1441 1509 1442
f 1442 1509 1510
f 1442 1510 1443
f 1443 1510 1511
f 1443 1511 1444
f 1444 1511 1512
f 1444 1512 1445
f 1445 1512 1513
f 1445 1513 1446
f 1446 1513 1514
f 1446 1514 1447
f 1447 1514 1515
f 1447 1515 1448
f 1448 1515 1516
f 1448 1516 1449
f 1449 1516 1517
f 1449 1517 1450
f 1450 1517 1518
f 1450 1518 1451
f 1451 1518 1519
f 1451 1519 1452
f 1452 1519 1520
f 1452 1520 1453
f 1453 1520 1454
f 1520 1521 1454
f 1454 1521 1522
f 1454 1522 1455
f 1455 1522 1523
f 1455 1523 1456
f 1456 1523 1524
f 1456 1524 1457
f 1457 1524 1525
f 1457 1525 1458
f 1458 1525 1526
f 1458 1526 1459
f 1459 1526 1527
f 1459 1527 1460
f 1460 1527 1528
f 1460 1528 1461
f 1461 1528 1529
f 1461 1529 1462
f 1462 1529 1530
f 1462 1530 1463
f 1463 1530 1531
f 1463 1531 1464
f 1464 1531 1532
f 1464 1532 1465
f 1465 1532 1533
f 1465 1533 1466
f 1466 1533 1534
f 1466 1534 1467
f 1467 1534 1535
f 1467 1535 1468
f 1468 1535 1536
f 1468 1536 1469
f 1469 1536 1537
f 1469 1537 1470
f 1470 1537 1538
f 1470 1538 1471
f 1471 1538 1539
f 1471 1539 1472
f 1472 1539 1540
f 1472 1540 1473
f 1473 1540 1541
f 1473 1541 1474
f 1474 1541 1542
f 1474 1542 1475
f 1475 1542 1543
f 1475 1543 1476
f 1476 1543 1544
f 1476 1544 1477
f 1477 1544 1545
f 1477 1545 1478
f 1478 1545 1546
f 1478 1546 1479
f 1479 1546 1547
f 1479 1547 1480
f 1480 1547 1548
f 1480 1548 1481
f 1481 1548 1549
f 1481 1549 1482
f 1482 1549 1550
f 1482 1550 1483
f 1483 1550 1551
f 1483 1551 1484
f 1484 1551 1552
f 1484 1552 1485
f 1485 1552 1553
f 1485 1553 1486
f 1486 1553 1554
f 1486 1554 1487
f 1487 1554 1555
f 1487 1555 1488
f 1488 1555 1556
f 1488 1556 1489
f 1489 1556 1557
f 1489 1557 1490
f 1490 1557 1558
f 1490 1558 1491
f 1491 1558 1559
f 1491 1559 1492
f 1492 1559 1560
f 1492 1560 1493
f 1493 1560 1561
f 1493 1561 1494
f 1494 1561 1562
f 1494 1562 1495
f 1495 1562 1563
f 1495 1563 1496
f 1496 1563 1564
f 1496 1564 1497
f 1497 1564 1565
f 1497 1565 1498
f 1498 1565 1566
f 1498 1566 1499
f 1499 1566 1567
f 1499 1567 1500
f 1500 1567 1568
f 1500 1568 1501
f 1501 1568 1569
f 1501 1569 1502
f 1502 1569 1570
f 1502 1570 1503
f 1503 1570 1571
f 1503 1571 1504
f 1504 1571 1572
f 1504 1572 1505
f 1505 1572 1573
f 1505 1573 1506
f 1506 1573 1574
f 1506 1574 1507
f 1507 1574 1575
f 1507 1575 1508
f 1508 1575 1576
f 1508 1576 1509
f 1509 1576 1577
f 1509 1577 1510
f 1510 1577 1578
f 1510 1578 1511
f 1511 1578 1579
f 1511 1579 1512
f 1512 1579 1580
f 1512 1580 1513
f 1513 1580 1581
f 1513 1581 1514
f 1514 1581 1582
f 1514 1582 1515
f 1515 1582 1583
f 1515 1583 1516
f 1516 1583 1584
f 1516 1584 1517
f 1517 1584 1585
f 1517 1585 1518
f 1518 1585 1586
f 1518 1586 1519
f 1519 1586 1587
f 1519 1587 1520
f 1520 1587 1521
f 1587 1588 1521
f 1521 1588 1589
f 1521 1589 1522
f 1522 1589 1590
f 1522 1590 1523
f 1523 1590 1591
f 1523 1591 1524
f 1524 1591 1592
f 1524 1592 1525
f 1525 1592 1593
f 1525 1593 1526
f 1526 1593 1594
f 1526 1594 1527
f 1527 1594 1595
f 1527 1595 1528
f 1528 1595 1596
f 1528 1596 1529
f 1529 1596 1597
f 1529 1597 1530
f 1530 1597 1598
f 1530 1598 1531
f 1531 1598 1599
f 1531 1599 1532
f 1532 1599 1600
f 1532 1600 1533
f 1533 1600 1601
f 1533 1601 1534
f 1534 1601 1602
f 1534 1602 1535
f 1535 1602 1603
f 1535 1603 1536
f 1536 1603 1604
f 1536 1604 1537
f 1537 1604 1605
f 1537 1605 1538
f 1538 1605 1606
f 1538 1606 1539
f 1539 1606 1607
f 1539 1607 1540
f 1540 1607 1608
f 1540 1608 1541
f 1541 1608 1609
f 1541 1609 1542
f 1542 1609 1610
f 1542 1610 1543
f 1543 1610 1611
f 1543 1611 1544
f 1544 1611 1612
f 1544 1612 1545
f 1545 1612 1613
f 1545 1613 1546
f 1546 1613 1614
f 1546 1614 1547
f 1547 1614 1615
f 1547 1615 1548
f 1548 1615 1616
f 1548 1616 1549
f 1549 1616 1617
f 1549 1617 1550
f 1550 1617 1618
f 1550 1618 1551
f 1551 1618 1619
f 1551 1619 1552
f 1552 1619 1620
f 1552 1620 1553
f 1553 1620 1621
f 1553 1621 1554
f 1554 1621 1622
f 1554 1622 1555
f 1555 1622 1623
f 1555 1623 1556
f 1556 1623 1624
f 1556 1624 1557
f 1557 1624 1625
f 1557 1625 1558
f 1558 1625 1626
f 1558 1626 1559
f 1559 1626 1627
f 1559 1627 1560
f 1560 1627 1628
f 1560 1628 1561
f 1561 1628 1629
f 1561 1629 1562
f 1562 1629 1630
f 1562 1630 1563
f 1563 1630 1631
f 1563 1631 1564
f 1564 1631 1632
f 1564 1632 1565
f 1565 1632 1633
f 1565 1633 1566
f 1566 1633 1634
f 1566 1634 1567
f 1567 1634 1635
f 1567 1635 1568
f 1568 1635 1636
f 1568 1636 1569
f 1569 1636 1637
f 1569 1637 1570
f 1570 1637 1638
f 1570 1638 1571
f 1571 1638 1639
f 1571 1639 1572
f 1572 1639 1640
f 1572 1640 1573
f 1573 1640 1641
f 1573 1641 1574
f 1574 1641 1642
f 1574 1642 1575
f 1575 1642 1643
f 1575 1643 1576
f 1576 1643 1644
f 1576 1644 1577
f 1577 1644 1645
f 1577 1645 1578
f 1578 1645 1646
f 1578 1646 1579
f 1579 1646 1647
f 1579 1647 1580
f 1580 1647 1648
f 1580 1648 1581
f 1581 1648 1649
f 1581 1649 1582
f 1582 1649 1650
f 1582 1650 1583
f 1583 1650 1651
f 1583 1651 1584
f 1584 1651 1652
f 1584 1652 1585
f 1585 1652 1653
f 1585 1653 1586
f 1586 1653 1654
f 1586 1654 1587
f 1587 1654 1588
f 1654 19 1588
f 1588 19 18
f 1588 18 1589
f 1589 18 38
f 1589 38 1590
f 1590 38 40
f 1590 40 1591
f 1591 40 41
f 1591 41 1592
f 1592 41 43
f 1592 43 1593
f 1593 43 81
f 1593 81 1594
f 1594 81 83
f 1594 83 1595
f 1595 83 86
f 1595 86 1596
f 1596 86 85
f 1596 85 1597
f 1597 85 89
f 1597 89 1598
f 1598 89 88
f 1598 88 1599
f 1599 88 92
f 1599 92 1600
f 1600 92 91
f 1600 91 1601
f 1601 91 95
f 1601 95 1602
f 1602 95 94
f 1602 94 1603
f 1603 94 98
f 1603 98 1604
f 1604 98 97
f 1604 97 1605
f 1605 97 96
f 1605 96 1606
f 1606 96 45
f 1606 45 1607
f 1607 45 44
f 1607 44 1608
f 1608 44 71
f 1608 71 1609
f 1609 71 70
f 1609 70 1610
f 1610 70 74
f 1610 74 1611
f 1611 74 73
f 1611 73 1612
f 1612 73 72
f 1612 72 1613
f 1613 72 2
f 1613 2 1614
f 1614 2 1
f 1614 1 1615
f 1615 1 5
f 1615 5 1616
f 1616 5 7
f 1616 7 1617
f 1617 7 8
f 1617 8 1618
f 1618 8 10
f 1618 10 1619
f 1619 10 22
f 1619 22 1620
f 1620 22 24
f 1620 24 1621
f 1621 24 50
f 1621 50 1622
f 1622 50 49
f 1622 49 1623
f 1623 49 53
f 1623 53 1624
f 1624 53 52
f 1624 52 1625
f 1625 52 51
f 1625 51 1626
f 1626 51 33
f 1626 33 1627
f 1627 33 32
f 1627 32 1628
f 1628 32 26
f 1628 26 1629
f 1629 26 25
f 1629 25 1630
f 1630 25 29
f 1630 29 1631
f 1631 29 31
f 1631 31 1632
f 1632 31 54
f 1632 54 1633
f 1633 54 56
f 1633 56 1634
f 1634 56 59
f 1634 59 1635
f 1635 59 58
f 1635 58 1636
f 1636 58 62
f 1636 62 1637
f 1637 62 61
f 1637 61 1638
f 1638 61 65
f 1638 65 1639
f 1639 65 64
f 1639 64 1640
f 1640 64 63
f 1640 63 1641
f 1641 63 12
f 1641 12 1642
f 1642 12 11
f 1642 11 1643
f 1643 11 15
f 1643 15 1644
f 1644 15 17
f 1644 17 1645
f 1645 17 66
f 1645 66 1646
f 1646 66 68
f 1646 68 1647
f 1647 68 77
f 1647 77 1648
f 1648 77 76
f 1648 76 1649
f 1649 76 80
f 1649 80 1650
f 1650 80 79
f 1650 79 1651
f 1651 79 78
f 1651 78 1652
f 1652 78 36
f 1652 36 1653
f 1653 36 35
f 1653 35 1654
f 1654 35 19
f 1655 1656 1657
f 1657 1656 1658
f 1657 1658 1659
f 1659 1658 1660
f 1659 1660 1661
f 1661 1660 1662
f 1661 1662 1663
f 1663 1662 1664
f 1663 1664 1665
f 1665 1664 1666
f 1665 1666 1667
f 1667 1666 1668
f 1667 1668 1669
f 1669 1668 1670
f 1669 1670 1671
f 1671 1670 1672
f 1671 1672 1673
f 1673 1672 1674
f 1673 1674 1675
f 1675 1674 1676
f 1675 1676 1677
f 1677 1676 1678
f 1677 1678 1679
f 1679 1678 1680
f 1679 1680 1681
f 1681 1680 1682
f 1681 1682 1683
f 1683 1682 1684
f 1683 1684 1685
f 1685 1684 1686
f 1685 1686 1687
f 1687 1686 1688
f 1687 1688 1689
f 1689 1688 1690
f 1689 1690 1691
f 1691 1690 1692
f 1691 1692 1693
f 1693 1692 1694
f 1693 1694 1695
f 1695 1694 1696
f 1695 1696 1697
f 1697 1696 1698
f 1697 1698 1699
f 1699 1698 1700
f 1699 1700 1701
f 1701 1700 1702
f 1701 1702 1703
f 1703 1702 1704
f 1703 1704 1705
f 1705 1704 1706
f 1705 1706 1707
f 1707 1706 1708
f 1707 1708 1709
f 1709 1708 1710
f 1709 1710 1711
f 1711 1710 1712
f 1711 1712 1713
f 1713 1712 1714
f 1713 1714 1715
f 1715 1714 1716
f 1715 1716 1717
f 1717 1716 1718
f 1717 1718 1719
f 1719 1718 1720
f 1719 1720 1721
f 1721 1720 1722
f 1721 1722 1723
f 1723 1722 1724
f 1723 1724 1725
f 1725 1724 1726
f 1725 1726 1655
f 1655 1726 1656
f 1694 1692 1727
f 1727 1692 1690
f 1727 1690 1688
f 1700 1698 1727
f 1727 1698 1696
f 1727 1696 1694
f 1706 1704 1727
f 1727 1704 1702
f 1727 1702 1700
f 1712 1710 1727
f 1727 1710 1708
f 1727 1708 1706
f 1718 1716 1727
f 1727 1716 1714
f 1727 1714 1712
f 1724 1722 1727
f 1727 1722 1720
f 1727 1720 1718
f 1658 1656 1727
f 1727 1656 1726
f 1727 1726 1724
f 1664 1662 1727
f 1727 1662 1660
f 1727 1660 1658
f 1670 1668 1727
f 1727 1668 1666
f 1727 1666 1664
f 1676 1674 1727
f 1727 1674 1672
f 1727 1672 1670
f 1682 1680 1727
f 1727 1680 1678
f 1727 1678 1676
f 1688 1686 1727
f 1727 1686 1684
f 1727 1684 1682
f 1687 1689 1728
f 1728 1689 1691
f 1728 1691 1693
f 1681 1683 1728
f 1728 1683 1685
f 1728 1685 1687
f 1675 1677 1728
f 1728 1677 1679
f 1728 1679 1681
f 1669 1671 1728
f 1728 1671 1673
f 1728 1673 1675
f 1663 1665 1728
f 1728 1665 1667
f 1728 1667 1669
f 1657 1659 1728
f 1728 1659 1661
f 1728 1661 1663
f 1723 1725 1728
f 1728 1725 1655
f 1728 1655 1657
f 1717 1719 1728
f 1728 1719 1721
f 1728 1721 1723
f 1711 1713 1728
f 1728 1713 1715
f 1728 1715 1717
f 1705 1707 1728
f 1728 1707 1709
f 1728 1709 1711
f 1699 1701 1728
f 1728 1701 1703
f 1728 1703 1705
f 1693 1695 1728
f 1728 1695 1697
f 1728 1697 1699
