v -0.0121673005 0.0012521027 0.00219110426
v -0.0120392698 0.00086038097 0.00295428213
v -0.00903734143 0.00375359043 0.00311414179
v -0.00887485917 0.00336878284 0.0039176124
v -0.0122236865 0.00170009121 0.00145057615
v -0.00903877195 0.00426225647 0.00236503061
v -0.0122077125 0.00219910129 0.000741400091
v -0.0121194976 0.0027432917 7.18015112e-05
v -0.00887926992 0.00486748203 0.00171057161
v -0.011960234 0.00332634433 -0.000550232562
v -0.00620016034 0.00144355281 0.0106717723
v -0.00553187307 0.00191478714 0.0109610933
v -0.00622066434 0.00374536499 0.00726190981
v -0.00552400525 0.00425200447 0.00754097876
v -0.00856729921 0.00553660377 0.00118616995
v -0.0114364284 0.0045809029 -0.0016234738
v -0.0117315906 0.00394122585 -0.00111754957
v -0.00788303788 0.00910775646 -0.00305279318
v -0.00850984033 0.00850980266 -0.00309499327
v -0.00692054208 0.00756089672 0.000631846754
v -0.00756081517 0.00692050441 0.000631846754
v -0.00723477777 0.00966994747 -0.00292631212
v -0.00623341973 0.00811986908 0.000820078222
v -0.00657257016 0.0101897 -0.00271721903
v -0.0059044021 0.0106609343 -0.00242801729
v -0.00553652223 0.00856738075 0.00118616995
v -0.00523790296 0.0110781668 -0.00206204477
v -0.00486978467 0.00243453964 0.0111700672
v -0.00422152456 0.00299673065 0.0112965482
v -0.00485571798 0.00485579952 0.00763563093
v -0.00686665948 0.0010263203 0.0103057998
v -0.00690826352 0.0033630608 0.00681356367
v -0.00752362188 0.000668096386 0.00986722883
v -0.00811978753 0.00623350128 0.000820078222
v -0.010660972 0.00590436443 -0.00242801729
v -0.0110782045 0.00523786529 -0.00206204477
v -0.00910779412 0.00788300022 -0.00305279318
v -0.00966998513 0.0072347401 -0.00292631212
v -0.0101897376 0.00657265171 -0.00271721903
v -0.00458094056 0.0114365099 -0.0016234738
v -0.0048675197 0.00887923225 0.00171057161
v -0.00394126352 0.0117316721 -0.00111754957
v -0.0118410247 0.000529575192 0.00373116907
v -0.0115749496 0.000263500057 0.00451258597
v -0.00856026586 0.00312869533 0.00473205027
v -0.00375362809 0.00903730377 0.00311414179
v -0.00336882051 0.00887494072 0.0039176124
v -0.000860418636 0.0120393513 0.00295428213
v -0.003128733 0.0085603474 0.00473205027
v -0.000263418514 0.0115750311 0.00451258597
v -0.000529612858 0.0118411063 0.00373116907
v -0.00304612096 0.00811057075 0.00551358637
v 6.28573113e-05 0.0108523844 0.00605265078
v -6.51734656e-05 0.0112441061 0.00528947291
v -0.00374540265 0.00622062667 0.00726190981
v -0.00425204213 0.00552396759 0.00754097876
v -0.0019148248 0.00553195461 0.0109610933
v -0.00359472211 0.00359468444 0.0113388675
v -0.00299676831 0.00422148689 0.0112965482
v -0.0024345773 0.00486974701 0.0111700672
v -0.00754972871 0.0031257151 0.00622013983
v -0.00877818044 0.000144290768 0.0087939876
v -0.00816329892 0.000372934185 0.00936142382
v -0.00811048921 0.0030462025 0.00551358637
v -0.00990542348 -0.000103187717 0.00750235495
v -0.00936123307 -1.4972843e-05 0.00817195353
v -0.0112441438 6.52550089e-05 0.00528947291
v -0.0108524221 -6.27757681e-05 0.00605265078
v -0.0104044336 -0.000119161762 0.00679317888
v -0.00426229413 0.00903873428 0.00236503061
v -0.00274332936 0.0121194599 7.18015112e-05
v -0.00332626279 0.0119601963 -0.000550232562
v -0.00125214036 0.0121673821 0.00219110426
v -0.00170012887 0.0122236489 0.00145057615
v -0.00219913896 0.0122076748 0.000741400091
v -0.00312575277 0.00754981025 0.00622013983
v 0.000103150051 0.00990538581 0.00750235495
v 0.000119124096 0.0104043959 0.00679317888
v -0.000668134052 0.00752358421 0.00986722883
v -0.00336309846 0.00690834507 0.00681356367
v -0.00102635797 0.00686662181 0.0103057998
v -0.00144359048 0.00620012268 0.0106717723
v -0.000372971851 0.00816326126 0.00936142382
v -0.000144328434 0.00877826198 0.0087939876
v 1.49351769e-05 0.00936119541 0.00817195353
v -0.00343057092 0.00205390438 0.011802234
v -0.00411065992 0.00146405681 0.0116695541
v -0.0025089639 -0.000209760822 0.0108216184
v -0.00415929731 0.00142197593 0.0116601365
v -0.0048291343 0.000896143757 0.0114486593
v -0.00324698861 -0.00079400555 0.0105959552
v -0.0049035209 0.000837850414 0.011425175
v -0.00555452283 0.000378656231 0.0111433643
v -0.00399228509 -0.00132651345 0.0102833885
v -0.00565453942 0.000308084332 0.0111000913
v -0.00627895768 -8.26837194e-05 0.0107571262
v -0.00473686631 -0.00180144326 0.00988749441
v -0.00640376981 -0.000160765804 0.0106885808
v -0.00699457105 -0.000482988514 0.0102942365
v -0.00547250684 -0.00221366898 0.0094125646
v -0.00714215215 -0.000563573993 0.0101957696
v -0.00769349511 -0.000817966617 0.00975970205
v -0.00619133886 -0.00255866066 0.00886384424
v -0.00786122258 -0.000895333446 0.00962714132
v -0.00836810048 -0.00108368412 0.00915936407
v -0.00688513692 -0.00283260361 0.0082472938
v -0.00855239804 -0.00115222947 0.00898937163
v -0.00901111539 -0.00127763764 0.00849989828
v -0.00754662927 -0.0030326368 0.00756958899
v -0.00920769151 -0.00133128182 0.00829020914
v -0.00961550649 -0.00139732376 0.00778833803
v -0.00816842492 -0.00315625683 0.00683824
v -0.00981935437 -0.00143034474 0.00753752169
v -0.0101745981 -0.00144178883 0.00703267035
v -0.00874372895 -0.00320239083 0.00606123385
v -0.0103802341 -0.00144834534 0.00674036917
v -0.0106824296 -0.00141043679 0.00624088225
v -0.00926622327 -0.00317044274 0.00524715361
v -0.0108837741 -0.00138504521 0.00590804991
v -0.0111332792 -0.00130350605 0.00542191443
v -0.00973018583 -0.00306077019 0.00440482077
v -0.0113241332 -0.0012411596 0.00505021986
v -0.0115224975 -0.00112230793 0.00458446917
v -0.0101304906 -0.00287456528 0.00354365286
v -0.0123618501 9.29115641e-05 0.00156763968
v -0.0123871225 0.000294375263 0.00123480734
v -0.0110194343 -0.00141711251 9.83851828e-05
v -0.0124251502 0.000596451603 0.000735320417
v -0.0124185937 0.000802087628 0.000443019239
v -0.0110513824 -0.0008947374 -0.000715695056
v -0.0124071496 0.00115733131 -6.18321024e-05
v -0.0123741287 0.0013611792 -0.000312648448
v -0.0110052484 -0.000319433368 -0.0014927012
v -0.0123079675 0.00176911338 -0.000814519557
v -0.0122543233 0.00196557029 -0.0010242087
v -0.0108816284 0.000302362286 -0.00222393099
v -0.0121289151 0.00242440685 -0.00151368204
v -0.012060489 0.0026085852 -0.00168367449
v -0.0106817144 0.000963854634 -0.0029016358
v -0.0118720191 0.00311558231 -0.00215133253
v -0.0117946523 0.00328330978 -0.00228401247
v -0.0104076522 0.00165777191 -0.00351830545
v -0.0115402597 0.00383453354 -0.00271996084
v -0.0114597934 0.00398223384 -0.00281854692
v -0.0100626605 0.00237648471 -0.00406702581
v -0.0111375707 0.00457303508 -0.00321289125
v -0.0110594886 0.00469784721 -0.00328143659
v -0.00965043481 0.00311212524 -0.00454195562
v -0.0106686014 0.00532214626 -0.00362440172
v -0.0105980295 0.00542228206 -0.00366767469
v -0.009175505 0.00385670646 -0.00493784967
v -0.0101389545 0.00607328399 -0.00394948545
v -0.0100805419 0.00614767059 -0.00397296968
v -0.0086429971 0.00460212215 -0.00525041643
v -0.00955470975 0.00681750759 -0.00418444696
v -0.00951262887 0.00686602577 -0.0041938645
v -0.00805875238 0.00534002765 -0.00547607962
v -0.00892278131 0.00754611477 -0.00432654444
v -0.00890048917 0.007569599 -0.00432809416
v -0.00742932733 0.00606243595 -0.00561245504
v -0.00754615243 0.00892286285 -0.00432654444
v -0.00686606343 0.00951259121 -0.0041938645
v -0.00533994611 0.00805883392 -0.00547607962
v -0.00681754525 0.00955467209 -0.00418444696
v -0.00614758905 0.0100805043 -0.00397296968
v -0.00460204061 0.00864295944 -0.00525041643
v -0.00607320245 0.0101389168 -0.00394948545
v -0.00542220052 0.0105979918 -0.00366767469
v -0.00385674413 0.00917546733 -0.00493784967
v -0.00532218393 0.0106685637 -0.00362440172
v -0.00469776567 0.0110594509 -0.00328143659
v -0.00311216291 0.00965051635 -0.00454195562
v -0.00457295354 0.011137533 -0.00321289125
v -0.0039821523 0.0114597557 -0.00281854692
v -0.00237640317 0.0100627421 -0.00406702581
v -0.0038345712 0.011540222 -0.00271996084
v -0.00328322824 0.0117946146 -0.00228401247
v -0.00165769036 0.0104077338 -0.00351830545
v -0.00311561998 0.0118719815 -0.00215133253
v -0.00260862287 0.0120604514 -0.00168367449
v -0.00096377309 0.0106816767 -0.0029016358
v -0.00242432531 0.0121289967 -0.00151368204
v -0.00196560796 0.0122542857 -0.0010242087
v -0.000302399952 0.0108815907 -0.00222393099
v -0.00176903184 0.012308049 -0.000814519557
v -0.00136121686 0.012374091 -0.000312648448
v 0.000319395702 0.0110053299 -0.0014927012
v -0.00115736898 0.012407112 -6.18321024e-05
v -0.000802125294 0.0124185561 0.000443019239
v 0.000894699734 0.0110514639 -0.000715695056
v -0.000596489269 0.0124251126 0.000735320417
v -0.00029429372 0.0123870848 0.00123480734
v 0.00141719405 0.0110195158 9.83851828e-05
v -9.29492301e-05 0.0123618124 0.00156763968
v 0.000156555813 0.0122802733 0.00205377516
v 0.0018811566 0.0109097241 0.000940718023
v 0.000347409885 0.0122179268 0.00242546972
v 0.000545654934 0.0120990752 0.00289122042
v 0.0022814614 0.0107235192 0.00180200514
v 0.00138500754 0.0108838557 0.00590804991
v 0.00141039912 0.010682392 0.00624088225
v 0.00317040507 0.0092661856 0.00524715361
v 0.00144842688 0.0103801964 0.00674036917
v 0.00144175116 0.0101746796 0.00703267035
v 0.00320235316 0.00874369129 0.00606123385
v 0.00143042628 0.00981931671 0.00753752169
v 0.00139740531 0.00961546882 0.00778833803
v 0.00315633838 0.00816838726 0.00683824
v 0.00133124415 0.00920765384 0.00829020914
v 0.00127759997 0.00901107772 0.00849989828
v 0.00303259913 0.00754671081 0.00756958899
v 0.0011521918 0.00855236038 0.00898937163
v 0.00108376567 0.00836806282 0.00915936407
v 0.00283268515 0.00688521846 0.0082472938
v 0.00089529578 0.00786118492 0.00962714132
v 0.000817928951 0.00769345745 0.00975970205
v 0.00255874221 0.00619130119 0.00886384424
v 0.000563536327 0.00714211448 0.0101957696
v 0.000483070057 0.00699453338 0.0102942365
v 0.00221375052 0.00547258838 0.0094125646
v 0.000160847347 0.00640373214 0.0106885808
v 8.26460534e-05 0.00627892002 0.0107571262
v 0.00180140559 0.00473682865 0.00988749441
v -0.000308121998 0.00565462097 0.0111000913
v -0.000378693897 0.00555448516 0.0111433643
v 0.00132647578 0.00399224743 0.0102833885
v -0.000837768871 0.00490348323 0.011425175
v -0.000896181423 0.00482909664 0.0114486593
v 0.000793967884 0.00324695095 0.0105959552
v -0.0014220136 0.00415925964 0.0116601365
v -0.00146409448 0.00411074146 0.0116695541
v 0.000209723156 0.00250904544 0.0108216184
v -0.00205394204 0.00343053325 0.011802234
v -0.00207623418 0.00340716823 0.0118037837
v -0.000419701893 0.00178663715 0.0109579938
v -0.00347002919 -0.00318295971 -0.00894614282
v -0.00180145677 -0.0047368528 -0.00988753858
v -0.00221368249 -0.00547261254 -0.00941260877
v 0.00818279807 -0.00152976529 0.00573650774
v 0.00965050284 -0.00311214939 0.00454203066
v 0.0100627286 -0.00237650887 0.00406710085
v 0.00754610125 -0.008922887 0.00432650026
v 0.00756958548 -0.00890047566 0.00432816919
v 0.00606242244 -0.00742931382 0.00561241087
v -0.00124117311 -0.0113241197 -0.00505026403
v -0.00112232145 -0.011522484 -0.00458451334
v -0.00287457879 -0.0101304771 -0.00354357782
v 0.000837836903 -0.00490350739 -0.0114252192
v 0.000378761929 -0.00555450932 -0.0111434084
v -0.00132652696 -0.00399227158 -0.0102834326
v 0.00142208163 -0.00415928379 -0.0116601807
v 0.000896249455 -0.00482912079 -0.0114487034
v -0.000794019062 -0.0032469751 -0.0105958802
v 0.00205389087 -0.00343055741 -0.0118022782
v 0.00146416251 -0.0041106464 -0.0116695983
v -0.000209774334 -0.0025090696 -0.0108216626
v 0.00343063895 -0.00205392853 -0.0118022782
v 0.00340715472 -0.00207633988 -0.0118038279
v 0.00178662364 -0.000419688381 -0.010958038
v 0.0122179133 0.000347423397 -0.0024255139
v 0.0120990616 0.000545668446 -0.00289114538
v 0.0107235057 0.00228147491 -0.0018019301
v 0.0101389033 -0.00607330815 0.00394944128
v 0.0105979783 -0.00542218701 0.00366763052
v 0.00917545382 -0.00385673062 0.0049378055
v 0.00955465857 -0.00681753174 0.00418440279
v 0.0100804907 -0.00614757553 0.00397292551
v 0.00864294593 -0.0046020271 0.00525037226
v 0.00892284934 -0.00754613892 0.00432650026
v 0.00951257769 -0.00686604992 0.00419393953
v 0.00805882041 -0.00534005181 0.00547603544
v 0.0106685502 -0.00532217041 0.00362435755
v 0.0110594374 -0.00469775216 0.00328151163
v 0.0111375195 -0.00457305924 0.00321296629
v 0.0114597422 -0.003982258 0.00281850275
v 0.0115403277 -0.00383455769 0.00272003588
v 0.0117946011 -0.00328321473 0.0022839683
v 0.0104077202 -0.00165767685 0.00351826128
v 0.0118720872 -0.00311560646 0.00215140757
v 0.0120604378 -0.00260860936 0.00168374952
v 0.0106816632 -0.000963878788 0.00290171084
v 0.0121289832 -0.00242431179 0.00151375708
v 0.0122542721 -0.00196559445 0.00102416453
v 0.0108815772 -0.00030238644 0.00222400602
v 0.0123080355 -0.00176901833 0.000814475385
v 0.0123740775 -0.00136120335 0.000312723485
v 0.0110053164 0.000319409214 0.00149265703
v 0.0124070985 -0.00115735546 6.19071402e-05
v 0.0124185425 -0.000802111782 -0.00044306341
v 0.0110514504 0.000894713246 0.000715650884
v 0.0124250991 -0.000596475757 -0.000735364588
v 0.0123871905 -0.000294280208 -0.0012347323
v 0.0110195023 0.00141720756 -9.84293543e-05
v 0.0123617989 -9.29357183e-05 -0.00156768385
v 0.0122802598 0.000156569325 -0.00205381933
v 0.0109098298 0.00188117012 -0.000940642985
v 0.0118455035 0.00086884483 -0.00373788896
v 0.011696015 0.00101833328 -0.00417705599
v 0.0101304394 0.00287454113 -0.00354357782
v 0.0115224463 0.00112228378 -0.00458451334
v 0.0113240821 0.00124113544 -0.00505026403
v 0.00973013465 0.00306074604 -0.00440486494
v 0.0111333472 0.0013034819 -0.0054219586
v 0.0108838422 0.00138502105 -0.00590797487
v 0.00926617209 0.00317041858 -0.00524719778
v 0.0106823785 0.00141041263 -0.00624092642
v 0.0103803021 0.0014484404 -0.00674041334
v 0.00874367778 0.00320236667 -0.00606127802
v 0.0101746661 0.00144176468 -0.00703259531
v 0.0098193032 0.00143043979 -0.00753756586
v 0.00816837375 0.00315623268 -0.00683828417
v 0.00961545531 0.00139741882 -0.0077883822
v 0.00920764033 0.00133125766 -0.0082901341
v 0.0075466973 0.00303261264 -0.00756951395
v 0.00901118342 0.00127761348 -0.00849994245
v 0.00855234687 0.00115220531 -0.0089894158
v 0.00688520495 0.00283269867 -0.00824721876
v 0.00836816851 0.00108377918 -0.00915940824
v 0.00786117141 0.000895309292 -0.00962706629
v 0.00619128768 0.00255863651 -0.00886388841
v 0.00769344394 0.000817942463 -0.00975974623
v 0.00714210097 0.000563549839 -0.0101956946
v 0.00547257487 0.00221364483 -0.00941260877
v 0.00699451987 0.000483083569 -0.0102942807
v 0.00640371863 0.000160860859 -0.010688625
v 0.00473681514 0.0018014191 -0.00988753858
v 0.00627890651 8.26595652e-05 -0.0107571704
v 0.00565460746 -0.000308108486 -0.0111000163
v 0.00399223391 0.00132648929 -0.0102834326
v 0.00555447165 -0.000378680385 -0.0111434084
v 0.00490346972 -0.000837874569 -0.0114252192
v 0.00324693744 0.000793981396 -0.0105958802
v 0.00482908313 -0.000896167911 -0.0114487034
v 0.00415924613 -0.00142200009 -0.0116601807
v 0.00250903193 0.000209736668 -0.0108216626
v 0.00411072795 -0.00146408097 -0.0116695983
v 0.000308190029 -0.00565452591 -0.0111000163
v -8.26972312e-05 -0.00627894417 -0.0107571704
v -0.000160779316 -0.0064037563 -0.010688625
v -0.000483002026 -0.00699455754 -0.0102942807
v -0.000563587505 -0.00714213864 -0.0101956946
v -0.00081786092 -0.0076934816 -0.00975974623
v -0.00255867418 -0.00619132534 -0.00886388841
v -0.000895346958 -0.00786120907 -0.00962706629
v -0.00108369764 -0.00836808697 -0.00915940824
v -0.00283261712 -0.00688524262 -0.00824721876
v -0.00115224298 -0.00855238453 -0.0089894158
v -0.00127753194 -0.00901110188 -0.00849994245
v -0.0030325311 -0.00754661576 -0.00756951395
v -0.00133129533 -0.009207678 -0.0082901341
v -0.00139733728 -0.00961549298 -0.0077883822
v -0.00315627034 -0.00816841141 -0.00683828417
v -0.00143035825 -0.00981934086 -0.00753756586
v -0.00144180234 -0.0101745845 -0.00703259531
v -0.00320240434 -0.00874371544 -0.00606127802
v -0.00144835885 -0.0103802206 -0.00674041334
v -0.0014104503 -0.0106824161 -0.00624092642
v -0.00317045625 -0.00926620976 -0.00524719778
v -0.00138505872 -0.0108837606 -0.00590797487
v -0.00130351957 -0.0111332657 -0.0054219586
v -0.0030607837 -0.00973017231 -0.00440486494
v -0.000868763286 -0.0118455412 -0.00373788896
v -0.000719274837 -0.0119950296 -0.00329872194
v -0.00228151258 -0.0107235433 -0.0018019301
v -0.000545706112 -0.0120990993 -0.00289114538
v -0.000347341854 -0.0122178318 -0.0024255139
v -0.00188108857 -0.0109097482 -0.000940642985
v -0.000156606991 -0.0122802974 -0.00205381933
v 9.28980523e-05 -0.0123618366 -0.00156768385
v -0.00141712602 -0.0110194208 -9.84293543e-05
v 0.000294361752 -0.012387109 -0.0012347323
v 0.000596438091 -0.0124251367 -0.000735364588
v -0.000894631702 -0.0110513689 0.000715650884
v 0.000802074116 -0.0124185802 -0.00044306341
v 0.00115743701 -0.0124071361 6.19071402e-05
v -0.00031944688 -0.0110053541 0.00149265703
v 0.00136128489 -0.0123741151 0.000312723485
v 0.00176909987 -0.0123080732 0.000814475385
v 0.000302348774 -0.0108816148 0.00222400602
v 0.00196555678 -0.0122543098 0.00102416453
v 0.00242439334 -0.0121289016 0.00151375708
v 0.000963841122 -0.0106817009 0.00290171084
v 0.00260857169 -0.0120604755 0.00168374952
v 0.0031155688 -0.0118720056 0.00215140757
v 0.0016577584 -0.0104077579 0.00351826128
v 0.00328329627 -0.0117946388 0.0022839683
v 0.00383463923 -0.0115402462 0.00272003588
v 0.0023764712 -0.0100627662 0.00406710085
v 0.00398222033 -0.0114597799 0.00281850275
v 0.00457302157 -0.0111375572 0.00321296629
v 0.00311211173 -0.0096504213 0.00454203066
v 0.0046978337 -0.0110594751 0.00328151163
v 0.00532213275 -0.0106685878 0.00362435755
v 0.00385669295 -0.00917549149 0.0049378055
v 0.00542226855 -0.0105980159 0.00366763052
v 0.00607327048 -0.010138941 0.00394944128
v 0.00460210864 -0.00864298359 0.00525037226
v 0.00614765708 -0.0100805284 0.00397292551
v 0.00681749408 -0.00955469624 0.00418440279
v 0.00534001414 -0.00805873886 0.00547603544
v 0.00686601226 -0.00951261536 0.00419393953
v 0.00769952361 -0.00228745953 0.00613931593
v 0.0061748368 -0.000716161884 0.00727573809
v -0.00298663552 -0.00242538468 -0.00934895101
v -0.00460335191 -0.000855279125 -0.00834604326
v 0.00715759818 -0.00304586903 0.00645724711
v 0.00562838141 -0.0014811279 0.00759641108
v 0.00405684535 9.0408169e-05 0.00866679129
v -0.0024448293 -0.00166697518 -0.00966688219
v -0.00405689653 -9.0313114e-05 -0.00866671625
v -0.00562831338 0.00148110374 -0.00759645525
v 0.00656322066 -0.00379676834 0.00668696341
v 0.00502875869 -0.00223846451 0.00782803473
v 0.00345734183 -0.000666928448 0.00889841494
v 0.00185040061 0.000916051708 0.00989655432
v -0.00185033258 -0.000916075863 -0.00989659849
v -0.0034572738 0.000667023503 -0.0088983399
v -0.00502880986 0.00223844036 -0.0078280789
v -0.00656315263 0.00379674419 -0.00668688837
v 0.00890043799 -0.00756962315 0.00432816919
v 0.00742927615 -0.0060624601 0.00561241087
v 0.00592258994 -0.00453181282 0.00682572302
v 0.00438276355 -0.00297994629 0.00796810564
v 0.00281122748 -0.00140841023 0.00903836664
v 0.00120976989 0.000181007229 0.0100353139
v 0.00207630221 -0.00340707318 -0.0118038279
v 0.000419769924 -0.0017866613 -0.010958038
v -0.00120982106 -0.000181031383 -0.0100353581
v -0.00281127866 0.00140838607 -0.00903841081
v -0.00438269551 0.00297992214 -0.00796814981
v -0.00592264112 0.00453178867 -0.00682576719
v 0.0045618159 0.00867121204 0.00249091562
v 0.00287452761 0.010130453 0.00354365286
v 0.00306073252 0.00973014816 0.00440482077
v -0.00927468713 -0.00395841614 0.000718750326
v -0.0107235568 -0.00228149907 0.00180200514
v -0.0109097617 -0.00188107506 0.000940718023
v 0.00825062815 -0.00825066582 0.00437406477
v 0.0067613465 -0.00676138417 0.00565806803
v 0.00524297778 -0.00524301545 0.00687209543
v 0.00369731013 -0.00369722859 0.00801495489
v 0.00212577407 -0.00212581173 0.00908521589
v 0.000530157726 -0.000530195392 0.0100818056
v -0.00108763154 0.00108759388 0.011003651
v -0.00272604402 0.00272600635 0.0118497985
v 0.00860229556 -0.000781250156 0.00525323328
v 0.00666240279 4.79696619e-05 0.00686947283
v 0.00460341994 0.000855254971 0.00834599909
v 0.00244477813 0.00166695102 0.00966695723
v 0.00895324771 -4.99011648e-05 0.00469473776
v 0.00708547656 0.000803041302 0.00638202604
v 0.00509086673 0.00161950573 0.00793973383
v 0.00298670356 0.00242536052 0.00934890684
v 0.00923207824 0.000656175457 0.00406733927
v 0.00743952815 0.00154070839 0.00581876215
v 0.00551394049 0.00237457737 0.00745228705
v 0.00346997802 0.00318305477 0.00894609865
v 0.00943544928 0.00132923111 0.00337783274
v 0.00772074286 0.00225286468 0.00518599924
v 0.00586799208 0.00311212524 0.00688902315
v 0.00388947551 0.0039315699 0.00846282419
v 0.00956133429 0.00196199401 0.00263360914
v 0.00792590205 0.00293164238 0.00449041304
v 0.0061492068 0.00382428154 0.00625626024
v 0.00424054686 0.00466291889 0.00790444788
v 0.00960830275 0.00254731163 0.00184301314
v 0.00805285994 0.0035697697 0.00373987135
v 0.00635436599 0.00450317844 0.00556079325
v 0.00451925818 0.00536899551 0.00727704939
v 0.00957575862 0.00307898506 0.00101474699
v 0.00810018603 0.00416021331 0.00294248041
v 0.00648132388 0.00514130577 0.00481013235
v 0.00472262923 0.00604205116 0.00658742365
v 0.00946417872 0.00355105384 0.0001576322
v 0.00806740348 0.0046964167 0.0021069425
v 0.00652864997 0.00573174938 0.00401274141
v 0.00484851424 0.00667469486 0.00584331926
v 0.00927463595 0.00395839199 -0.000718794497
v 0.0079547507 0.00517265781 0.00124255594
v 0.00649586741 0.00626795276 0.0031772035
v 0.0048954827 0.00726013168 0.00505272326
v 0.00776365821 0.00558345302 0.000358619062
v 0.00638333384 0.00674407467 0.00231281695
v 0.00486293856 0.00779180511 0.0042243379
v 0.00619212214 0.00715498909 0.00142888006
v 0.00475135867 0.0082638739 0.00336734232
v 0.00130346839 0.0111333607 0.00542191443
v 0.00071922366 0.0119951247 0.00329867777
v 0.000868831318 0.011845517 0.00373784479
v 0.0026138169 0.0104628085 0.002672829
v 0.00429657523 0.00900940879 0.00160483297
v 0.0059246165 0.00749604686 0.00053516802
v 0.00749615256 0.00592463001 -0.000535092982
v 0.00900939528 0.00429658874 -0.00160487715
v 0.0104627949 0.00261383041 -0.00267275396
v 0.0119951111 0.000719237171 -0.00329872194
v 0.00101831977 0.0116960286 0.00417701182
v 0.00112227027 0.0115224598 0.00458446917
v 0.00124112193 0.0113240956 0.00505021986
v 0.00395837848 0.00927464946 0.000718750326
v 0.00558343951 0.00776367172 -0.000358544024
v 0.00715497557 0.00619213565 -0.00142880503
v 0.00867119853 0.00456182941 -0.0024909598
v 0.00355104033 0.00946419223 -0.000157676371
v 0.0051726443 0.00795476421 -0.00124248091
v 0.00674418036 0.00638334736 -0.00231274191
v 0.00826386039 0.00475137218 -0.00336726728
v 0.00307897155 0.00957577213 -0.00101467195
v 0.00469640319 0.00806741699 -0.00210698667
v 0.00626793925 0.00649588092 -0.00317724768
v 0.0077917916 0.00486295208 -0.00422438207
v 0.00254729811 0.00960831627 -0.00184305731
v 0.0041601998 0.00810019954 -0.00294252458
v 0.00573173587 0.00652866348 -0.00401278559
v 0.00726011817 0.00489549621 -0.00505276743
v 0.0019619805 0.00956134781 -0.00263365332
v 0.0035698754 0.00805287346 -0.00373991552
v 0.00514129226 0.00648133739 -0.00481017652
v 0.00667480056 0.00484852775 -0.00584336344
v 0.00132921759 0.0094354628 -0.0033777577
v 0.00293162886 0.00792591556 -0.00449045721
v 0.00450316493 0.0063543795 -0.00556071821
v 0.00604203765 0.00472264274 -0.00658746782
v 0.000656161945 0.00923209175 -0.00406738344
v 0.00225285117 0.00772063717 -0.0051859242
v 0.00382438723 0.00614922031 -0.00625630442
v 0.005368982 0.00451927169 -0.00727709356
v -4.99146766e-05 0.00895326122 -0.00469478193
v 0.00154069487 0.00743954166 -0.00581880632
v 0.00311223094 0.0058680056 -0.00688906732
v 0.00466290538 0.00424044117 -0.00790449205
v -0.000781263668 0.00860230907 -0.00525315824
v 0.00080302779 0.00708549007 -0.00638207022
v 0.00237456385 0.00551395401 -0.00745233122
v 0.00393155639 0.00388948902 -0.00846286836
v -0.0015297788 0.00818281158 -0.0057364327
v 4.79561501e-05 0.0066624163 -0.00686939779
v 0.00161949221 0.00509088024 -0.00793965879
v 0.00318304126 0.00346999153 -0.00894614282
v -0.00228747304 0.00769941791 -0.00613924089
v -0.000716175396 0.00617485031 -0.00727578226
v 0.000855241459 0.00460343345 -0.00834604326
v 0.00242534701 0.00298671707 -0.00934895101
v -0.00304588254 0.00715761169 -0.00645729128
v -0.00148114141 0.00562839492 -0.00759645525
v 9.03946572e-05 0.00405685886 -0.00866671625
v 0.00166693751 0.00244479164 -0.00966688219
v -0.00379666265 0.00656323417 -0.00668688837
v -0.00223847802 0.0050287722 -0.0078280789
v -0.000666941959 0.00345723613 -0.0088983399
v 0.000916038197 0.00185041412 -0.00989659849
v -0.00756963666 0.0089004515 -0.00432809416
v -0.0060623544 0.00742928966 -0.00561245504
v -0.00453182634 0.00592260345 -0.00682576719
v -0.0029798406 0.00438277706 -0.00796814981
v -0.00140842374 0.00281124099 -0.00903841081
v 0.000180993717 0.0012097834 -0.0100353581
v 0.00272599284 -0.00272603051 -0.0118498427
v 0.00108758036 -0.00108761803 -0.0110036952
v -0.000530208904 0.000530171238 -0.0100818497
v -0.00212570604 0.00212578758 -0.00908526007
v -0.0036972421 0.00369720443 -0.00801487985
v -0.00524302896 0.00524299129 -0.00687213961
v -0.00676139768 0.00676136001 -0.0056581122
v -0.00825067933 0.00825064167 -0.00437410894
v -0.00388940747 -0.00393159405 -0.00846286836
v -0.0050909179 -0.00161952988 -0.00793965879
v -0.00617488797 0.000716256939 -0.00727578226
v -0.00715764936 0.00304584488 -0.00645729128
v -0.00424047883 -0.00466294304 -0.00790449205
v -0.00551399167 -0.00237448231 -0.00745233122
v -0.00666233476 -4.79938162e-05 -0.00686939779
v -0.00769945558 0.00228743538 -0.00613924089
v -0.00451930936 -0.00536901966 -0.00727709356
v -0.00586804326 -0.00311214939 -0.00688906732
v -0.00708540853 -0.000803065456 -0.00638207022
v -0.00818273004 0.00152974113 -0.0057364327
v -0.00472268041 -0.00604207531 -0.00658746782
v -0.00614913877 -0.00382430569 -0.00625630442
v -0.00743957933 -0.00154061333 -0.00581880632
v -0.00860222753 0.000781226002 -0.00525315824
v -0.00484856542 -0.00667471901 -0.00584336344
v -0.00635441716 -0.00450320259 -0.00556071821
v -0.00772067483 -0.00225276963 -0.0051859242
v -0.00895329889 4.98770105e-05 -0.00469478193
v -0.00489553388 -0.00726015583 -0.00505276743
v -0.00648137506 -0.00514132992 -0.00481017652
v -0.00792583402 -0.00293166653 -0.00449045721
v -0.0092320102 -0.000656199611 -0.00406738344
v -0.00486298974 -0.00779171006 -0.00422438207
v -0.00652870115 -0.00573177353 -0.00401278559
v -0.00805279191 -0.00356979386 -0.00373991552
v -0.00943550046 -0.00132925526 -0.0033777577
v -0.00475140985 -0.00826389805 -0.00336726728
v -0.00649591859 -0.00626797692 -0.00317724768
v -0.008100118 -0.00416023747 -0.00294252458
v -0.00956138547 -0.00196189896 -0.00263365332
v -0.00456186708 -0.00867123619 -0.0024909598
v -0.00638326581 -0.00674409882 -0.00231274191
v -0.00806733545 -0.00469644085 -0.00210698667
v -0.00960835393 -0.00254733578 -0.00184305731
v -0.00619217332 -0.00715501324 -0.00142880503
v -0.00795480188 -0.00517256276 -0.00124248091
v -0.0095758098 -0.00307889 -0.00101467195
v -0.00776370938 -0.00558347718 -0.000358544024
v -0.00946411069 -0.003551078 -0.000157676371
v -0.0122801917 -0.000156593479 0.00205377516
v -0.011695947 -0.00101835743 0.00417701182
v -0.0118455547 -0.000868749775 0.00373784479
v -0.0104628461 -0.00261385456 0.002672829
v -0.00900944646 -0.0042966129 0.00160483297
v -0.00749608453 -0.00592453495 0.00053516802
v -0.00592454847 -0.00749607102 -0.000535092982
v -0.00429662641 -0.00900943295 -0.00160487715
v -0.00261386808 -0.0104628326 -0.00267275396
v -0.00101837094 -0.0116959335 -0.00417705599
v -0.0119950431 -0.000719261326 0.00329867777
v -0.0120989936 -0.0005456926 0.00289122042
v -0.0122178453 -0.000347328342 0.00242546972
v -0.00867124971 -0.00456185357 0.00249091562
v -0.00715502675 -0.00619215981 0.00142888006
v -0.00558349069 -0.00776369587 0.000358619062
v -0.00395842965 -0.00927467362 -0.000718794497
v -0.00826379235 -0.00475139634 0.00336734232
v -0.00674411233 -0.0063832523 0.00231281695
v -0.00517257627 -0.00795478836 0.00124255594
v -0.00355109151 -0.00946421639 0.0001576322
v -0.00779172357 -0.00486297623 0.0042243379
v -0.00626799043 -0.00649590508 0.0031772035
v -0.00469645436 -0.00806732193 0.0021069425
v -0.00307890351 -0.00957579628 0.00101474699
v -0.00726016935 -0.00489552037 0.00505272326
v -0.00573178704 -0.00652868763 0.00401274141
v -0.00416025098 -0.0081002237 0.00294248041
v -0.00254734929 -0.00960834042 0.00184301314
v -0.00667473252 -0.00484855191 0.00584331926
v -0.00514134343 -0.00648136155 0.00481013235
v -0.00356980737 -0.0080527784 0.00373987135
v -0.00196191247 -0.00956137196 0.00263360914
v -0.00604208883 -0.0047226669 0.00658742365
v -0.00450321611 -0.00635440365 0.00556079325
v -0.00293168004 -0.00792582051 0.00449041304
v -0.00132926877 -0.00943548695 0.00337783274
v -0.00536903318 -0.00451929585 0.00727704939
v -0.0038243192 -0.00614912526 0.00625626024
v -0.00225278314 -0.00772066132 0.00518599924
v -0.000656213123 -0.0092321159 0.00406733927
v -0.00466295655 -0.00424046532 0.00790444788
v -0.00311216291 -0.00586802975 0.00688902315
v -0.00154062684 -0.00743956581 0.00581876215
v 4.98634988e-05 -0.00895328537 0.00469473776
v -0.00393160756 -0.00388939396 0.00846282419
v -0.00237449582 -0.00551397816 0.00745228705
v -0.000803078968 -0.00708539502 0.00638202604
v 0.00078121249 -0.00860221402 0.00525323328
v -0.00318297322 -0.00347001568 0.00894609865
v -0.00161942418 -0.00509090439 0.00793973383
v -4.80073279e-05 -0.00666232125 0.00686947283
v 0.00152984683 -0.00818283574 0.00573650774
v -0.00242539819 -0.00298662201 0.00934890684
v -0.000855292637 -0.0046033384 0.00834599909
v 0.000716243427 -0.00617487446 0.00727573809
v 0.00228742186 -0.00769944207 0.00613931593
v -0.00166698869 -0.00244481579 0.00966695723
v -9.03266257e-05 -0.00405688301 0.00866679129
v 0.00148120944 -0.00562841908 0.00759641108
v 0.00304583136 -0.00715763584 0.00645724711
v -0.000916089374 -0.00185031906 0.00989655432
v 0.000667009991 -0.00345726029 0.00889841494
v 0.00223842685 -0.00502879635 0.00782803473
v 0.00379673068 -0.00656313912 0.00668696341
v -0.00340708669 0.00207631572 0.0118037837
v -0.00178667482 0.000419783436 0.0109579938
v -0.000181044895 -0.00120980755 0.0100353139
v 0.00140837256 -0.00281126515 0.00903836664
v 0.00297990863 -0.004382682 0.00796810564
v 0.00453177516 -0.00592262761 0.00682572302
v 0.00191477362 -0.00553185955 -0.0109610182
v 0.00243452613 -0.00486977116 -0.0111701113
v 0.00398472373 -0.00587112919 -0.00742372099
v 0.00454369609 -0.00518400685 -0.00761195246
v 0.0014435393 -0.00620014683 -0.0106718165
v 0.00353721206 -0.0065680267 -0.00705762926
v 0.001026426 -0.00686664597 -0.010305844
v 0.0108523709 6.27516138e-05 -0.00605257574
v 0.0112440926 -6.52791632e-05 -0.00528951708
v 0.00835100238 -0.00306720749 -0.00512965742
v 0.00873569075 -0.00322968975 -0.00432618681
v 0.00299671714 -0.00422151104 -0.0112965924
v 0.00359467093 -0.0035947086 -0.0113387925
v 0.00518396918 -0.00454373375 -0.00761195246
v 0.0115750176 -0.000263405002 -0.00451263014
v 0.0118410927 -0.000529599346 -0.00373121324
v 0.00897589747 -0.00354428307 -0.00351174894
v 0.00966993396 -0.00723476426 0.00292626795
v 0.00910786216 -0.00788302437 0.00305274901
v 0.00785246913 -0.00658054367 -0.000702820452
v 0.00724879329 -0.00724883095 -0.000608168276
v 0.0101896865 -0.00657267586 0.00271729406
v 0.00835922782 -0.00588388459 -0.000981889399
v 0.0106609208 -0.00590438858 0.00242797312
v 0.0110781533 -0.00523788945 0.0020620006
v 0.00874153201 -0.0051962854 -0.00143023554
v 0.0114364964 -0.00458092705 0.00162342962
v 0.0120393378 -0.000860405124 -0.0029543263
v 0.0121673686 -0.00125212685 -0.00219114843
v 0.0090583903 -0.00399405972 -0.00273021284
v 0.0104043824 0.000119137608 -0.00679310385
v 0.00784221713 -0.00306577698 -0.0058787686
v 0.0099053723 0.000103163563 -0.00750239912
v 0.0093611819 1.49486887e-05 -0.0081719977
v 0.00723711078 -0.00322527901 -0.00653322759
v 0.00877824847 -0.000144314922 -0.00879403177
v 0.00816324775 -0.000372958339 -0.00936134878
v 0.00656798903 -0.00353724972 -0.00705762926
v 0.0075235707 -0.00066812054 -0.00986727301
v 0.00587109153 -0.00398476139 -0.00742372099
v 0.00620010917 -0.00144357697 -0.0106718165
v 0.0068666083 -0.00102634446 -0.010305844
v 0.00422147338 -0.0029967548 -0.0112965924
v 0.00486973349 -0.00243456379 -0.0111701113
v 0.0055319411 -0.00191481129 -0.0109610182
v 0.00170007769 -0.012223673 -0.00145062033
v 0.00125208918 -0.0121674062 -0.00219114843
v 0.00399402205 -0.00905842797 -0.00273021284
v 0.0035442454 -0.00897581593 -0.00351174894
v 0.00219908778 -0.012207699 -0.000741444262
v 0.00455478255 -0.00897879616 -0.00202365938
v 0.00274327819 -0.0121194841 -7.18456827e-05
v 0.00588384692 -0.00835914627 -0.000981889399
v 0.00658062522 -0.00785250679 -0.000702820452
v 0.0065726382 -0.0101897241 0.00271729406
v 0.00850978915 -0.00850982682 0.0030950683
v 0.00788298671 -0.00910778061 0.00305274901
v 0.00723472659 -0.00966997162 0.00292626795
v 0.0117316586 -0.00394125 0.00111762461
v 0.0089787585 -0.00455470101 -0.00202365938
v 0.0119601828 -0.00332636849 0.000550307599
v 0.0122236354 -0.00170011536 -0.00145062033
v 0.0122076613 -0.00219912545 -0.000741444262
v 0.0121194464 -0.00274331585 -7.18456827e-05
v 0.000860367458 -0.0120392563 -0.0029543263
v 0.00052956168 -0.0118411304 -0.00373121324
v 0.00322965209 -0.00873572842 -0.00432618681
v 0.00590435092 -0.0106609584 0.00242797312
v 0.00523785178 -0.011078191 0.0020620006
v 0.00519624774 -0.00874145047 -0.00143023554
v 0.00306573932 -0.00784225479 -0.0058787686
v 0.00306728904 -0.00835092083 -0.00512965742
v -0.000119175274 -0.0104044201 -0.00679310385
v 0.000263486546 -0.0115749361 -0.00451263014
v 6.52414971e-05 -0.0112441303 -0.00528951708
v -6.27892798e-05 -0.0108524086 -0.00605257574
v 0.00458100859 -0.0114364149 0.00162342962
v 0.00394121234 -0.0117315771 0.00111762461
v 0.00332633082 -0.0119602205 0.000550307599
v 0.000668082874 -0.00752360836 -0.00986727301
v 0.00322524134 -0.00723702923 -0.00653322759
v 0.000372920673 -0.00816328541 -0.00936134878
v -0.00010308202 -0.00990540997 -0.00750239912
v -1.49863547e-05 -0.00936121956 -0.0081719977
v 0.000144396465 -0.00877828614 -0.00879403177
v 0.00406340186 -0.00406343953 0.00156132158
v 0.00339511458 -0.00466711537 0.0014665502
v 0.00269845549 -0.00517375485 0.00118760046
v 0.00201085631 -0.00555605904 0.000739254323
v 0.00136939112 -0.00579340474 0.00014583048
v 0.000808630627 -0.00587291733 -0.000560722979
v 0.000358853977 -0.0057904245 -0.00134225908
v 4.42606622e-05 -0.00555033699 -0.00215681616
v -0.000118221599 -0.00516552941 -0.00296028677
v -0.000119652111 -0.00465686337 -0.00370939794
v 3.98499185e-05 -0.00405163781 -0.00436373773
v 0.000351820629 -0.00338251606 -0.0048881394
v 0.000799332302 -0.00268573777 -0.00525435034
v 0.00135830466 -0.00199861542 -0.0054424626
v 0.00199857776 -0.00135822312 -0.0054424626
v 0.0026857001 -0.000799250759 -0.00525435034
v 0.00338259761 -0.000351739086 -0.0048881394
v 0.00405160014 -3.98875845e-05 -0.00436373773
v 0.0046568257 0.000119614445 -0.00370939794
v 0.00516561095 0.000118183933 -0.00296028677
v 0.00555029933 -4.42983282e-05 -0.00215681616
v 0.00579050605 -0.000358772434 -0.00134225908
v 0.00587299887 -0.000808549084 -0.000560722979
v 0.00579336707 -0.00136930958 0.00014583048
v 0.00555614058 -0.00201077477 0.000739254323
v 0.00517383639 -0.00269849316 0.00118760046
v 0.0046670777 -0.00339515225 0.0014665502
v 0.00209990565 -0.00209982411 -0.00420495096
v 0.00258353774 -0.00166840569 -0.00412818018
v 0.00308648173 -0.00131876484 -0.00390311304
v 0.00357452456 -0.00107450501 -0.00354512754
v 0.00401428763 -0.000952434696 -0.00307866159
v 0.00437584941 -0.000960779346 -0.00253542486
v 0.00463465277 -0.00109906212 -0.00195249143
v 0.00477293555 -0.00135786549 -0.00136955801
v 0.0047812802 -0.00171942726 -0.000826321276
v 0.00465920989 -0.00215919033 -0.000359736117
v 0.00441495005 -0.00264723317 -1.86982973e-06
v 0.00406530921 -0.00315017716 0.000223197309
v 0.00363389079 -0.00363392846 0.000299968091
v 0.0031502587 -0.00406522766 0.000223197309
v 0.0026471955 -0.00441498772 -1.86982973e-06
v 0.00215927188 -0.00465924755 -0.000359736117
v 0.0017193896 -0.00478131787 -0.000826321276
v 0.00135782782 -0.00477285401 -0.00136955801
v 0.00109914367 -0.00463469044 -0.00195249143
v 0.00096086089 -0.00437588707 -0.00253542486
v 0.00095239703 -0.0040143253 -0.00307866159
v 0.00107446734 -0.00357456223 -0.00354512754
v 0.00131872718 -0.0030865194 -0.00390311304
v 0.00166848723 -0.0025835754 -0.00412818018
v -0.00209983762 0.00209991916 0.00420490679
v -0.00258346971 0.00166850074 0.00412813601
v -0.00308653291 0.00131874069 0.00390318808
v -0.00357445653 0.00107448085 0.00354520258
v -0.00401433881 0.000952410542 0.00307873663
v -0.00437590059 0.000960874401 0.0025354999
v -0.00463458474 0.00109915718 0.00195244726
v -0.00477286752 0.00135784134 0.00136951384
v -0.00478133138 0.00171940311 0.000826277105
v -0.00465926107 0.00215916618 0.000359811155
v -0.00441500123 0.00264720901 1.82565824e-06
v -0.00406524118 0.003150153 -0.00022324148
v -0.00363382276 0.0036339043 -0.000299893054
v -0.00315019067 0.00406532272 -0.00022324148
v -0.00264724668 0.00441496357 1.82565824e-06
v -0.00215920385 0.0046592234 0.000359811155
v -0.00171944078 0.00478129371 0.000826277105
v -0.001357879 0.00477294906 0.00136951384
v -0.00109907563 0.00463466629 0.00195244726
v -0.000960792858 0.00437586292 0.0025354999
v -0.000952448208 0.00401430114 0.00307873663
v -0.00107451852 0.00357453807 0.00354520258
v -0.00131877835 0.00308649524 0.00390318808
v -0.0016684192 0.00258355125 0.00412813601
v 0.000139270466 0.00492517933 0.00334421572
v 5.67776376e-05 0.00537495597 0.00256267962
v -0.000183429081 0.00568943008 0.00174812254
v -0.000568117458 0.00585191234 0.000944771139
v -0.00107690271 0.00585334285 0.000195540754
v -0.00168212827 0.00569384082 -0.000458799037
v -0.0023511308 0.00538198932 -0.000983200701
v -0.00492509778 -0.000139188923 0.00334421572
v -0.00436433728 -5.96763266e-05 0.00405076918
v -0.0037228721 0.000177669369 0.00464419302
v -0.00303527291 0.000559973561 0.00509253916
v -0.00233861383 0.00106661304 0.0053714889
v -0.00167032655 0.00167028888 0.00546626028
v -0.00106665071 0.00233857616 0.0053714889
v -0.000559892017 0.00303523525 0.00509253916
v -0.000177587826 0.00372295364 0.00464419302
v 5.96386605e-05 0.00436441883 0.00405076918
v -0.00304802831 0.00493447765 -0.00134941164
v -0.00373515065 0.00437550529 -0.0015375239
v -0.00437542375 0.00373511299 -0.0015375239
v -0.00493439611 0.00304799064 -0.00134941164
v -0.00538190778 0.00235121235 -0.000983200701
v -0.00569387849 0.0016820906 -0.000458799037
v -0.00585338052 0.00107686504 0.000195540754
v -0.00585195001 0.000568199002 0.000944771139
v -0.00568946775 0.000183391415 0.00174812254
v -0.00537487443 -5.66960943e-05 0.00256267962
v 0.00768307273 -0.0090511562 0.00417367396
v 0.0069589955 -0.00967903153 0.00403253016
v 0.00621942107 -0.0102595808 0.00379899916
v 0.00328043525 -0.0119817974 0.00201217112
v 0.00259355132 -0.0122370245 0.00137857374
v 0.00194243018 -0.0124150039 0.000683702794
v 0.00133458201 -0.0125134708 -6.40970789e-05
v 0.000777159374 -0.0125313522 -0.000856242808
v 0.000276837986 -0.0124684097 -0.00168343607
v -0.000160779316 -0.0123253585 -0.00253578249
v 0.00359347884 -0.0022254707 -0.0118535382
v 0.00431755606 -0.00159747616 -0.0117123944
v 0.00505701129 -0.00101704613 -0.0114788634
v 0.00799611632 0.000705170475 -0.00969215456
v 0.00868300025 0.000960516773 -0.00905843798
v 0.00933412139 0.00113849624 -0.00836356703
v 0.00994196955 0.00123696312 -0.00761576715
v 0.0104993922 0.00125484451 -0.00682362142
v 0.0109997136 0.001191902 -0.00599642816
v 0.0114372117 0.00104885086 -0.00514408174
v 0.0045181853 -0.0115792276 0.00180844244
v 0.00385931556 -0.0118833305 0.00128737864
v 0.0032259566 -0.0121187688 0.000703133909
v 0.0026253802 -0.0122828008 6.23839773e-05
v 0.00206485812 -0.0123736383 -0.000627360972
v 0.00155094687 -0.0123900892 -0.00135775629
v 0.00108948771 -0.0123320343 -0.00212057653
v 0.000686083477 -0.0122001888 -0.00290664259
v 0.000345264118 -0.0119959833 -0.00370677534
v 7.12019616e-05 -0.0117219211 -0.00451167646
v -0.000133003551 -0.011381221 -0.00531180921
v -0.000264849026 -0.0109776975 -0.00609787527
v -0.00032290395 -0.0105163576 -0.0068605763
v -0.000306453068 -0.0100023271 -0.00759109083
v -0.000215615589 -0.00944180504 -0.00828071657
v -5.14643973e-05 -0.00884134785 -0.0089214665
v 0.00018397395 -0.0082079889 -0.00950583044
v 0.000487957638 -0.00754899994 -0.0100268942
v 0.000857029598 -0.00687236802 -0.0104785782
v 0.00128665988 -0.00618596093 -0.010855518
v 0.00754908149 -0.000487995304 -0.0100268942
v 0.00820795123 -0.000183892406 -0.00950583044
v 0.00884131018 5.15459406e-05 -0.0089214665
v 0.00944176738 0.000215577923 -0.00828071657
v 0.0100022895 0.000306415402 -0.00759109083
v 0.0105163199 0.000322866284 -0.0068605763
v 0.0109777791 0.00026481136 -0.00609787527
v 0.0113811833 0.000132965885 -0.00531180921
v 0.0117220027 -7.12396276e-05 -0.00451167646
v 0.0119960648 -0.000345301784 -0.00370677534
v 0.0122002703 -0.000686001934 -0.00290664259
v 0.0123321158 -0.00108952538 -0.00212057653
v 0.0123901707 -0.00155098454 -0.00135775629
v 0.0123736006 -0.00206489579 -0.000627360972
v 0.0122827632 -0.00262541787 6.23839773e-05
v 0.0121187312 -0.00322587506 0.000703133909
v 0.0118832928 -0.00385923401 0.00128737864
v 0.0115793091 -0.00451822297 0.00180844244
v 0.0112102372 -0.00519485489 0.00226012644
v 0.0107804877 -0.00588126198 0.00263718542
v 0.0102951867 -0.00656957642 0.00293508944
v 0.0103570563 -0.00652940289 0.00316552099
v 0.0017720801 -0.00549764649 -0.011153422
v 0.00160041873 -0.00542802826 -0.0113092286
v 0.00975981776 -0.00725157277 0.00315038141
v 0.00980702464 -0.00723011509 0.00338677344
v 0.0098090512 -0.00717158333 0.00362161574
v 0.00230744902 -0.00481565014 -0.0113688332
v 0.00215033118 -0.00472743527 -0.011530481
v 0.00197270934 -0.00461013333 -0.011645518
v 0.00918081824 -0.007919264 0.00328067717
v 0.00921217028 -0.00791604535 0.00352052626
v 0.00920013015 -0.00787360684 0.00375858721
v 0.00914541308 -0.00779445187 0.00398055491
v 0.00288644854 -0.00414795891 -0.0114990098
v 0.00274530474 -0.00404138581 -0.0116642338
v 0.00258151118 -0.00390810982 -0.0117824895
v 0.00240484301 -0.00375576035 -0.0118468625
v 0.00856486384 -0.00856490151 0.00332418856
v 0.00857940738 -0.00857932583 0.00356534895
v 0.00855246608 -0.00855250374 0.00380436358
v 0.00848582808 -0.00848574654 0.00402728495
v 0.00838318888 -0.00838322655 0.00422088083
v 0.00350240294 -0.0035023214 -0.0115426404
v 0.00337806765 -0.00337810532 -0.0117089373
v 0.00322917525 -0.00322921292 -0.0118282658
v 0.00306442801 -0.00306434647 -0.0118934733
v 0.00289336268 -0.00289328114 -0.0119008643
v 0.00667337004 -0.000231456913 -0.0107540709
v 0.00654784266 -2.46287954e-05 -0.0107469184
v 0.00728157584 0.00037555679 -0.0102570874
v 0.00487688605 -0.0113187553 0.00288776335
v 0.0047287089 -0.0112518789 0.00306705412
v 0.00399485652 -0.0116520645 0.00257722315
v 0.00905111853 -0.00768311039 0.00417367396
v 0.010855828 -0.00582225338 0.00285951075
v 0.0103719575 -0.00645442025 0.00339523729
v 0.0097654206 -0.00707943455 0.00384108004
v 0.00967899386 -0.00695903317 0.00403253016
v 0.01129726 -0.00511689202 0.00247219977
v 0.0108822924 -0.00573070065 0.00308195528
v 0.0103386981 -0.00634903923 0.00361052927
v 0.0102595431 -0.00621945874 0.00379899916
v 0.0116764647 -0.00442178265 0.002008118
v 0.0113340956 -0.0050088884 0.00268546518
v 0.0108585698 -0.0056119682 0.00329152521
v 0.0107858521 -0.00547308937 0.00347594198
v 0.0119887931 -0.00374479309 0.00147274908
v 0.0117222411 -0.00429732815 0.00221053538
v 0.0113187176 -0.00487680451 0.00288776335
v 0.0112518412 -0.00472862736 0.00306705412
v 0.0122306687 -0.00309402958 0.0008724111
v 0.0120418412 -0.00360448376 0.00166264948
v 0.0117138964 -0.00415225045 0.00240401205
v 0.0116520268 -0.00399489418 0.00257722315
v 0.0123992306 -0.00247712151 0.000214018194
v 0.0122894389 -0.00293846146 0.0010482448
v 0.012039457 -0.00344665066 0.00184611258
v 0.0119817597 -0.0032803537 0.00201217112
v 0.0124925715 -0.00190122143 -0.000494442614
v 0.0124619347 -0.00230712906 0.000374473897
v 0.0122915847 -0.0027683498 0.00122026381
v 0.0122369868 -0.00259358899 0.00137857374
v 0.0125094992 -0.00137312428 -0.0012449843
v 0.0125574214 -0.00171763913 -0.000350676211
v 0.0124672991 -0.0021253349 0.000534095136
v 0.0124149663 -0.00194234864 0.000683702794
v 0.0124498946 -0.000899028934 -0.00202866617
v 0.0125748259 -0.00117726342 -0.00111886087
v 0.0125645739 -0.00152499691 -0.000204406413
v 0.0125134331 -0.00133450047 -6.40970789e-05
v 0.0123143536 -0.000484538235 -0.00283630911
v 0.0125137908 -0.000692081608 -0.00192090097
v 0.0125822169 -0.000974607624 -0.000986657771
v 0.0125313145 -0.00077719704 -0.000856242808
v 0.0121046645 -0.000134420551 -0.00365837637
v 0.0123751504 -0.000267815746 -0.00274737898
v 0.0125201089 -0.000480485119 -0.00180347982
v 0.012468372 -0.000276756443 -0.00168343607
v 0.0118229729 0.000147151791 -0.00448533121
v 0.0121604544 9.05273783e-05 -0.00358875814
v 0.0123788459 -4.83514441e-05 -0.00264533583
v 0.0123254401 0.00016074165 -0.00253578249
v 0.0114728553 0.00035696014 -0.00530739847
v 0.0118722064 0.00037877544 -0.0044351441
v 0.012160216 0.000316548191 -0.0035022122
v 0.0121039492 0.000530290447 -0.00340350691
v 0.0110583646 0.000492381893 -0.0061149222
v 0.0115138632 0.000593471371 -0.00527652326
v 0.0118667227 0.000610041462 -0.00436409536
v 0.0118067605 0.000827479206 -0.00427635733
v 0.0105842692 0.000551986538 -0.00689860407
v 0.0110895974 0.000732111775 -0.00610300127
v 0.0115018231 0.000828671299 -0.00522097174
v 0.0100561721 0.000535058819 -0.00764914575
v 0.0106044156 0.000793146931 -0.00690504137
v 0.0110696894 0.000969934307 -0.00606270853
v 0.00948039119 0.000441717945 -0.00835772577
v 0.0100640399 0.000775742375 -0.00767322603
v 0.0105755669 0.00103204235 -0.00687953058
v 0.0088633639 0.00027315601 -0.00901599947
v 0.00947454993 0.000680255734 -0.00839837614
v 0.0100251776 0.00101439937 -0.00766178194
v 0.00821260039 3.12803614e-05 -0.00961633745
v 0.00884321753 0.000507759892 -0.00907214704
v 0.00942483966 0.000917124592 -0.0084004027
v 0.00687244956 -0.000856948055 -0.0104785782
v 0.00753573005 -0.000281047977 -0.0101517064
v 0.00817719523 0.000260162197 -0.00968655172
v 0.00878182475 0.000741410099 -0.00908657137
v 0.00684050147 -0.000660133518 -0.0106157881
v 0.00748435084 -5.9437908e-05 -0.0102344376
v 0.00810352389 0.000489282452 -0.00971230093
v 0.00677279059 -0.000447583355 -0.0107093674
v 0.00739792411 0.000163721882 -0.0102703196
v 0.00580338065 -0.000490617908 -0.0111558062
v 0.00593820636 -0.00069160477 -0.0111577136
v 0.00605097834 -0.000899386562 -0.0111058575
v 0.00613525931 -0.00110168473 -0.0110030991
v 0.00618592326 -0.00128669754 -0.010855518
v 0.00520113532 -0.00121147648 -0.0114768368
v 0.00532725875 -0.00140972153 -0.0114191395
v 0.00542810981 -0.00160033718 -0.0113092286
v 0.00549760882 -0.00177211777 -0.011153422
v 0.00447085921 -0.00178475396 -0.0117073876
v 0.00461009566 -0.00197274701 -0.011645518
v 0.0047273976 -0.00215036885 -0.011530481
v 0.00481561248 -0.00230736748 -0.0113688332
v 0.00375572268 -0.00240476147 -0.0118468625
v 0.00390807216 -0.00258154885 -0.0117824895
v 0.00404134814 -0.00274534241 -0.0116642338
v 0.00414792125 -0.00288648621 -0.0114990098
v 0.00222543303 -0.0035933973 -0.0118535382
v 0.00110164706 -0.00613517777 -0.0110030991
v 0.00140980307 -0.00532729641 -0.0114191395
v 0.00178471629 -0.00447077767 -0.0117073876
v 0.00159755771 -0.00431747452 -0.0117123944
v 0.000660215061 -0.00684053913 -0.0106157881
v 0.000899348896 -0.00605101601 -0.0111058575
v 0.00121143882 -0.00520117298 -0.0114768368
v 0.00101700846 -0.00505704895 -0.0114788634
v 0.000281010311 -0.00753576771 -0.0101517064
v 0.000447545689 -0.00677282826 -0.0107093674
v 0.000691686314 -0.00593824402 -0.0111577136
v 0.000490699452 -0.00580341832 -0.0111558062
v -3.13180274e-05 -0.00821263806 -0.00961633745
v 5.95194512e-05 -0.00748438851 -0.0102344376
v 0.000231419247 -0.00667340771 -0.0107540709
v 2.45911294e-05 -0.00654788033 -0.0107469184
v -0.000273193676 -0.00886340157 -0.00901599947
v -0.000260199863 -0.0081772329 -0.00968655172
v -0.000163759548 -0.00739796177 -0.0102703196
v -0.000375475246 -0.00728161351 -0.0102570874
v -0.000441755611 -0.00948030964 -0.00835772577
v -0.000507678348 -0.00884313599 -0.00907214704
v -0.000489320118 -0.00810356156 -0.00971230093
v -0.000705208141 -0.00799615399 -0.00969215456
v -0.000535096485 -0.0100562097 -0.00764914575
v -0.0006802934 -0.0094745876 -0.00839837614
v -0.000741447765 -0.00878186242 -0.00908657137
v -0.000960554439 -0.00868303791 -0.00905843798
v -0.000552024204 -0.0105843069 -0.00689860407
v -0.000775780041 -0.0100639583 -0.00767322603
v -0.000917162258 -0.00942487732 -0.0084004027
v -0.0011384147 -0.00933415905 -0.00836356703
v -0.000492419559 -0.0110584022 -0.0061149222
v -0.000793065388 -0.0106044532 -0.00690504137
v -0.00101443704 -0.0100250961 -0.00766178194
v -0.00123700078 -0.00994200722 -0.00761576715
v -0.000356878597 -0.0114728929 -0.00530739847
v -0.000732149441 -0.0110896351 -0.00610300127
v -0.00103208001 -0.0105756046 -0.00687953058
v -0.00125488218 -0.0104993106 -0.00682362142
v -0.000147189457 -0.0118230106 -0.00448533121
v -0.000593389828 -0.0115139009 -0.00527652326
v -0.000969852764 -0.0110697271 -0.00606270853
v -0.00119193967 -0.0109997512 -0.00599642816
v 0.000134502094 -0.0121045829 -0.00365837637
v -0.000378693897 -0.011872244 -0.0044351441
v -0.000828708965 -0.0115017416 -0.00522097174
v -0.00104888852 -0.0114372493 -0.00514408174
v 0.000484619778 -0.0123143913 -0.00283630911
v -9.05650443e-05 -0.0121603729 -0.00358875814
v -0.000610079128 -0.0118667604 -0.00436409536
v -0.000827516872 -0.0118067981 -0.00427635733
v 0.000899110478 -0.012449813 -0.00202866617
v 0.00026777808 -0.0123750688 -0.00274737898
v -0.000316466648 -0.0121602537 -0.0035022122
v -0.000530208904 -0.0121039869 -0.00340350691
v 0.00137320582 -0.0125095369 -0.0012449843
v 0.000692043942 -0.0125138284 -0.00192090097
v 4.84329873e-05 -0.0123788835 -0.00264533583
v 0.00190118377 -0.0124926092 -0.000494442614
v 0.00117722575 -0.0125748636 -0.00111886087
v 0.000480447453 -0.0125201465 -0.00180347982
v 0.00247708384 -0.0123992683 0.000214018194
v 0.00171772067 -0.012557459 -0.000350676211
v 0.000974569958 -0.0125822546 -0.000986657771
v 0.00309411113 -0.0122307064 0.0008724111
v 0.0023070914 -0.0124619724 0.000374473897
v 0.00152507846 -0.0125646116 -0.000204406413
v 0.00374475543 -0.0119887115 0.00147274908
v 0.002938543 -0.0122894766 0.0010482448
v 0.00212529723 -0.0124673368 0.000534095136
v 0.00519481723 -0.0112102749 0.00226012644
v 0.00442174498 -0.0116763832 0.002008118
v 0.0036045653 -0.0120418789 0.00166264948
v 0.00276831214 -0.0122916223 0.00122026381
v 0.00511697356 -0.0112972976 0.00247219977
v 0.00429729049 -0.0117221595 0.00221053538
v 0.003446613 -0.0120394947 0.00184611258
v 0.00500885073 -0.0113341333 0.00268546518
v 0.00415221278 -0.0117139341 0.00240401205
v 0.00547305171 -0.0107858898 0.00347594198
v 0.00561204974 -0.0108584882 0.00329152521
v 0.00573066298 -0.0108823301 0.00308195528
v 0.00582221572 -0.0108557464 0.00285951075
v 0.00588134353 -0.0107805254 0.00263718542
v 0.00634900157 -0.0103387357 0.00361052927
v 0.00645438258 -0.0103718759 0.00339523729
v 0.00652936522 -0.010357094 0.00316552099
v 0.00656953875 -0.0102951051 0.00293508944
v 0.00707939689 -0.00976545826 0.00384108004
v 0.00717154567 -0.00980896965 0.00362161574
v 0.00723007743 -0.00980706231 0.00338677344
v 0.0072515351 -0.00975985543 0.00315038141
v 0.0077944142 -0.00914533154 0.00398055491
v 0.00787368838 -0.00920016781 0.00375858721
v 0.00791612689 -0.00921220795 0.00352052626
v 0.00791922633 -0.0091807367 0.00328067717
v -0.002225365 0.00359349235 0.0118536132
v -0.00289329465 0.00289337619 0.0119008201
v -0.00159748967 0.00431745037 0.0117123502
v -0.00101694043 0.0050570248 0.0114788192
v -0.00049063142 0.00580339416 0.011155762
v -2.46423072e-05 0.00654785617 0.0107469934
v 0.000375543278 0.00728158935 0.0102571624
v 0.000705156963 0.00799612983 0.00969211039
v 0.000960503262 0.00868301376 0.0090583938
v 0.00113848273 0.0093341349 0.00836364206
v 0.0012369496 0.00994198307 0.00761572298
v 0.001254831 0.0104994057 0.00682357725
v 0.00119188849 0.0109997271 0.0059965032
v 0.00104883735 0.0114372252 0.00514403757
v 0.000827465695 0.011806774 0.00427631315
v 0.000530276936 0.0121039627 0.00340358194
v 0.000160728138 0.0123254536 0.00253585753
v -0.000276769955 0.0124683855 0.0016833919
v -0.000777210552 0.012531328 0.000856317846
v -0.00133451398 0.0125134467 6.41721167e-05
v -0.00194236215 0.0124149798 -0.000683746966
v -0.00259348329 0.0122370003 -0.00137861791
v -0.00328036721 0.0119817732 -0.00201221529
v -0.0039949077 0.0116520403 -0.00257726732
v -0.00472864087 0.0112518547 -0.00306709829
v -0.00547310289 0.0107858656 -0.00347586695
v -0.00621947225 0.0102595566 -0.00379892412
v -0.00695904668 0.00967900737 -0.00403245512
v -0.00768312391 0.00905113205 -0.00417371813
v -0.00838324006 0.0083832024 -0.00422092501
v -0.0090510505 0.00768308624 -0.00417371813
v -0.00967904504 0.00695900901 -0.00403245512
v -0.0102595943 0.00621943458 -0.00379892412
v -0.0107859033 0.00547306522 -0.00347586695
v -0.0112518924 0.00472872242 -0.00306709829
v -0.011652078 0.00399487003 -0.00257726732
v -0.0119816917 0.00328044876 -0.00201221529
v -0.012237038 0.00259356483 -0.00137861791
v -0.0124150174 0.00194232448 -0.000683746966
v -0.0125134843 0.00133459552 6.41721167e-05
v -0.0125313657 0.000777172886 0.000856317846
v -0.0124684232 0.000276851498 0.0016833919
v -0.0123253721 -0.000160765804 0.00253585753
v -0.0121040004 -0.000530314602 0.00340358194
v -0.0118068116 -0.000827503361 0.00427631315
v -0.0114372629 -0.00104887501 0.00514403757
v -0.0109997648 -0.00119192616 0.0059965032
v -0.0104993242 -0.00125486866 0.00682357725
v -0.00994202073 -0.00123698727 0.00761572298
v -0.00933417257 -0.00113840119 0.00836364206
v -0.00868293222 -0.000960540928 0.0090583938
v -0.0079961675 -0.000705194629 0.00969211039
v -0.00728162702 -0.000375580944 0.0102571624
v -0.00654789384 2.46046412e-05 0.0107469934
v -0.00580343183 0.000490593754 0.011155762
v -0.00505706247 0.00101702198 0.0114788192
v -0.00431748803 0.00159757122 0.0117123502
v -0.00359341081 0.00222544654 0.0118536132
v -0.00375577386 0.00240485653 0.0118468183
v -0.00447079118 0.0017847298 0.0117073434
v -0.0052011865 0.00121145233 0.0114767927
v -0.00593825753 0.000691699825 0.0111577886
v -0.00667330201 0.000231432759 0.0107540267
v -0.00739797528 -0.000163746036 0.0102702754
v -0.00810357507 -0.000489306606 0.00971237597
v -0.00878187593 -0.000741434254 0.0090865272
v -0.00942489083 -0.000917148746 0.00840035853
v -0.0100251096 -0.00101442353 0.00766185698
v -0.0105756181 -0.0010320665 0.00687960562
v -0.0110697406 -0.000969958462 0.00606278357
v -0.0115017551 -0.000828695453 0.00522092756
v -0.0118666547 -0.000610065616 0.00436405119
v -0.0121602672 -0.000316572346 0.00350216803
v -0.012378897 4.84464991e-05 0.00264529165
v -0.0125200408 0.000480460964 0.00180355486
v -0.0125822681 0.00097458347 0.000986732809
v -0.0125646251 0.00152509197 0.000204362241
v -0.0124673503 0.00212531074 -0.000534139308
v -0.0122916358 0.00276832565 -0.00122030798
v -0.0120395082 0.00344662651 -0.00184603754
v -0.0117139476 0.00415222629 -0.00240405622
v -0.0113187688 0.00487689956 -0.00288780752
v -0.0108585018 0.00561194404 -0.00329156938
v -0.0103387492 0.00634901508 -0.00361057344
v -0.00976547177 0.0070794104 -0.00384112421
v -0.00914534505 0.00779442772 -0.00398059908
v -0.00848576005 0.00848584159 -0.00402720991
v -0.00779446538 0.00914542659 -0.00398059908
v -0.00707932885 0.00976543411 -0.00384112421
v -0.00634905275 0.0103387116 -0.00361057344
v -0.00561198171 0.0108585833 -0.00329156938
v -0.00487681802 0.0113187312 -0.00288780752
v -0.00415226396 0.0117139099 -0.00240405622
v -0.00344666417 0.0120394705 -0.00184603754
v -0.00276836332 0.0122915982 -0.00122030798
v -0.00212534841 0.0124673127 -0.000534139308
v -0.00152501043 0.0125645874 0.000204362241
v -0.000974621136 0.0125822304 0.000986732809
v -0.00048049863 0.0125201224 0.00180355486
v -4.83649558e-05 0.0123788594 0.00264529165
v 0.00031653468 0.0121602295 0.00350216803
v 0.00061002795 0.0118667363 0.00436405119
v 0.000828657787 0.0115018366 0.00522092756
v 0.000969920796 0.0110697029 0.00606278357
v 0.00103202884 0.0105755804 0.00687960562
v 0.00101438586 0.0100251912 0.00766185698
v 0.00091711108 0.00942485317 0.00840035853
v 0.000741396587 0.00878183826 0.0090865272
v 0.00048926894 0.0081035374 0.00971237597
v 0.00016370837 0.00739793762 0.0102702754
v -0.000231470425 0.00667338356 0.0107540267
v -0.000691618282 0.00593821987 0.0111577886
v -0.00121148999 0.00520114883 0.0114767927
v -0.00178476747 0.00447075351 0.0117073434
v -0.00240477498 0.00375573619 0.0118468183
v -0.00306435998 0.00306444152 0.0118935483
v -0.00390800412 0.00258152469 0.0117824453
v -0.00461014684 0.00197272285 0.011645593
v -0.00532730992 0.00140981659 0.0114190954
v -0.00605102952 0.000899362408 0.0111058134
v -0.00677284177 0.0004475592 0.0107094425
v -0.00748440202 5.9532963e-05 0.0102345127
v -0.0081771272 -0.000260186352 0.00968662676
v -0.0088431495 -0.000507784046 0.00907210287
v -0.00947460111 -0.000680279888 0.00839833197
v -0.0100639718 -0.000775766529 0.00767318186
v -0.0106044668 -0.000793171085 0.00690511641
v -0.0110896486 -0.000732135929 0.00610307631
v -0.0115139144 -0.000593376316 0.00527647909
v -0.0118722575 -0.000378680385 0.00443509993
v -0.0121603864 -9.05515326e-05 0.00358883318
v -0.0123750823 0.000267791592 0.00274745402
v -0.0125138419 0.000692057453 0.0019208568
v -0.0125747579 0.00117723926 0.0011188167
v -0.0125574725 0.00171773418 0.000350751249
v -0.0124619859 0.00230710491 -0.000374518069
v -0.0122893709 0.00293843731 -0.00104816976
v -0.0120418924 0.00360445961 -0.00166269365
v -0.0117221731 0.004297304 -0.00221057955
v -0.0113341468 0.00500886425 -0.00268550936
v -0.0108823436 0.00573067649 -0.00308199945
v -0.0103718894 0.00645439609 -0.00339516226
v -0.00980898317 0.00717155918 -0.00362165991
v -0.00920018132 0.00787358268 -0.00375851217
v -0.00855251725 0.00855247959 -0.00380440775
v -0.00787362035 0.00920014366 -0.00375851217
v -0.00717147763 0.0098089455 -0.00362165991
v -0.00645443376 0.010371971 -0.00339516226
v -0.00573071416 0.0108823059 -0.00308199945
v -0.00500890191 0.0113341092 -0.00268550936
v -0.00429734166 0.0117221354 -0.00221057955
v -0.00360449727 0.0120418547 -0.00166269365
v -0.00293847497 0.0122894524 -0.00104816976
v -0.00230714257 0.0124619482 -0.000374518069
v -0.00171765264 0.0125574349 0.000350751249
v -0.00117727693 0.0125748394 0.0011188167
v -0.00069197591 0.0125138043 0.0019208568
v -0.000267829258 0.0123751639 0.00274745402
v 9.05138665e-05 0.0121604679 0.00358883318
v 0.000378761929 0.0118722199 0.00443509993
v 0.000593457859 0.0115138768 0.00527647909
v 0.000732098263 0.0110896109 0.00610307631
v 0.000793133419 0.0106044291 0.00690511641
v 0.000775728863 0.0100639342 0.00767318186
v 0.000680242222 0.00947456344 0.00839833197
v 0.00050774638 0.00884323104 0.00907210287
v 0.000260148686 0.00817720874 0.00968662676
v -5.94514197e-05 0.00748436435 0.0102345127
v -0.000447477657 0.0067728041 0.0107094425
v -0.000899400074 0.00605099186 0.0111058134
v -0.00140973504 0.00532727226 0.0114190954
v -0.00197264131 0.00461010917 0.011645593
v -0.00258156236 0.00390808567 0.0117824453
v -0.00322922643 0.00322918876 0.0118282216
v -0.00404139932 0.00274531826 0.0116641897
v -0.00472744878 0.00215034469 0.0115304368
v -0.00542804177 0.00160043224 0.0113091844
v -0.00613519128 0.00110166057 0.0110030549
v -0.00684055265 0.000660228573 0.010615744
v -0.00753566201 0.000281023823 0.0101516622
v -0.00821265157 -3.13045156e-05 0.00961641249
v -0.00886341508 -0.000273180164 0.0090159553
v -0.00948032315 -0.0004417421 0.0083576816
v -0.0100562232 -0.000535082973 0.00764910158
v -0.0105843204 -0.000552010692 0.0068985599
v -0.0110584157 -0.000492406048 0.00611499724
v -0.0114729064 -0.000356865085 0.0053073543
v -0.0118230241 -0.000147175945 0.00448528704
v -0.0121045965 0.000134396397 0.0036583322
v -0.0123144048 0.00048451408 0.00283626494
v -0.0124498266 0.000899123989 0.002028622
v -0.0125095504 0.00137321933 0.00124505934
v -0.0124925035 0.00190119728 0.000494517652
v -0.0123992818 0.00247709736 -0.000214062365
v -0.0122306007 0.00309400543 -0.000872336062
v -0.011988725 0.00374476894 -0.00147279325
v -0.0116763967 0.0044217585 -0.00200804296
v -0.0112973111 0.00511698707 -0.00247212473
v -0.0108557599 0.00582222923 -0.00285943571
v -0.0103571075 0.00652937873 -0.00316556517
v -0.00980707582 0.00723009094 -0.00338681761
v -0.00921222146 0.00791602119 -0.00352057043
v -0.00857933934 0.00857942089 -0.00356539312
v -0.00791605886 0.0092121838 -0.00352057043
v -0.0072301286 0.00980703815 -0.00338681761
v -0.0065294164 0.0103570698 -0.00316556517
v -0.0058222669 0.0108557223 -0.00285943571
v -0.00511690553 0.0112972735 -0.00247212473
v -0.00442179616 0.0116764782 -0.00200804296
v -0.00374480661 0.0119888066 -0.00147279325
v -0.00309404309 0.0122306822 -0.000872336062
v -0.00247713502 0.0123992442 -0.000214062365
v -0.00190123494 0.012492585 0.000494517652
v -0.00137313779 0.0125095127 0.00124505934
v -0.000899042446 0.0124499081 0.002028622
v -0.000484551746 0.0123143671 0.00283626494
v -0.000134434063 0.0121045588 0.0036583322
v 0.000147138279 0.0118229864 0.00448528704
v 0.000356946629 0.0114728688 0.0053073543
v 0.000492368382 0.0110583781 0.00611499724
v 0.000551973026 0.0105842827 0.0068985599
v 0.000535045307 0.0100561856 0.00764910158
v 0.000441823643 0.0094804047 0.0083576816
v 0.000273142498 0.00886337741 0.0090159553
v 3.12668496e-05 0.0082126139 0.00961641249
v -0.000281061489 0.00753574356 0.0101516622
v -0.00066014703 0.00684051498 0.010615744
v -0.00110169824 0.00613527282 0.0110030549
v -0.0016003507 0.00542812332 0.0113091844
v -0.00215038236 0.00472741111 0.0115304368
v -0.00274523671 0.00404136165 0.0116641897
v -0.00337811883 0.00337808117 0.0117090124
v -0.00414797242 0.00288646206 0.0114989656
v -0.00481566365 0.00230746254 0.011368789
v -0.00549766 0.00177209362 0.0111534971
v -0.00618597444 0.00128667339 0.0108555931
v -0.00687238153 0.000856923901 0.0104785341
v -0.00754901345 0.00048797115 0.0100268501
v -0.0082078832 0.000183987461 0.00950578627
v -0.00884136136 -5.14508856e-05 0.00892142233
v -0.00944181855 -0.000215602077 0.0082806724
v -0.0100023406 -0.000306439556 0.00759104666
v -0.0105162519 -0.000322890438 0.00686053213
v -0.010977711 -0.000264835514 0.0060978311
v -0.0113812345 -0.00013299004 0.00531176504
v -0.0117219346 7.12154734e-05 0.00451163229
v -0.0119959968 0.00034527763 0.00370673117
v -0.0122002023 0.00068597778 0.00290659842
v -0.0123320478 0.00108950122 0.00212053236
v -0.0123901027 0.00155096038 0.00135783133
v -0.0123736518 0.00206487163 0.000627316801
v -0.0122828143 0.00262539371 -6.23089395e-05
v -0.0121187824 0.0032258509 -0.000703058871
v -0.011883344 0.00385932907 -0.00128742281
v -0.0115792411 0.00451819881 -0.00180848661
v -0.0112102884 0.00519483074 -0.00226017061
v -0.0107805389 0.00588135704 -0.00263722959
v -0.0102951186 0.00656955227 -0.00293513361
v -0.00975986894 0.00725154861 -0.00315042559
v -0.00918075021 0.00791923984 -0.00328060213
v -0.00856491502 0.00856487735 -0.00332423273
v -0.00791927751 0.00918083175 -0.00328060213
v -0.00725158628 0.00975983127 -0.00315042559
v -0.00656958993 0.0102952002 -0.00293513361
v -0.00588127549 0.0107805012 -0.00263722959
v -0.0051948684 0.0112102507 -0.00226017061
v -0.00451811727 0.0115793227 -0.00180848661
v -0.00385924752 0.0118833063 -0.00128742281
v -0.00322588857 0.0121187447 -0.000703058871
v -0.00262543138 0.0122827767 -6.23089395e-05
v -0.0020649093 0.0123736142 0.000627316801
v -0.00155087884 0.0123901842 0.00135783133
v -0.00108953889 0.0123321293 0.00212053236
v -0.000686015446 0.0122001646 0.00290659842
v -0.000345315296 0.0119960783 0.00370673117
v -7.11339301e-05 0.0117220162 0.00451163229
v 0.000132952374 0.0113811968 0.00531176504
v 0.000264917057 0.0109776734 0.0060978311
v 0.000322852772 0.0105163334 0.00686053213
v 0.00030640189 0.010002303 0.00759104666
v 0.000215564411 0.00944178089 0.0082806724
v 5.15324288e-05 0.0088413237 0.00892142233
v -0.000183905918 0.00820796474 0.00950578627
v -0.000487889606 0.007549095 0.0100268501
v -0.000856961567 0.00687234386 0.0104785341
v -0.00128671106 0.00618593677 0.0108555931
v -0.00177213128 0.00549762233 0.0111534971
v -0.00230738099 0.00481562599 0.011368789
v -0.00288638051 0.00414793476 0.0114989656
v -0.00350233491 0.00350241645 0.0115425962
v 0.00842372004 -0.00842375771 -0.00407215181
v -0.00779351171 0.00724451526 0.00672892508
v 0.00813356463 -0.00868256108 -0.0041181666
v -0.00809534963 0.0070345877 0.00659398016
v 0.00783172671 -0.00889236943 -0.00425311151
v -0.00838812764 0.00688807949 0.00637916502
v 0.0075389487 -0.00903887764 -0.00446792665
v -0.0086519378 0.00681488498 0.00609926161
v 0.00727501933 -0.00911219136 -0.00474783007
v -0.00886889871 0.00681989177 0.00577334341
v 0.00705805842 -0.00910718457 -0.00507374826
v -0.00902422841 0.00690286144 0.00542358336
v 0.00690284793 -0.0090242149 -0.00542350832
v -0.00910719808 0.00705807193 0.0050738233
v 0.00681987826 -0.0088688852 -0.00577338758
v -0.00911220487 0.00727503284 0.00474778589
v 0.00681487147 -0.00865192429 -0.00609930578
v -0.00903889116 0.00753896221 0.00446788248
v 0.00688806598 -0.00838811413 -0.00637920919
v -0.00889238294 0.00783174022 0.00425318655
v 0.0070346934 -0.00809533612 -0.00659390512
v -0.00868257459 0.00813345893 0.00411812243
v 0.00724450175 -0.0077934982 -0.00672896925
v -0.00842377122 0.00842373356 0.00407210764
v 0.00750330512 -0.00750334278 -0.00677498403
v -0.0081334966 0.00868253692 0.00411812243
v 0.00779346053 -0.00724442021 -0.00672896925
v -0.00783177789 0.00889234527 0.00425318655
v 0.00809529845 -0.00703461186 -0.00659390512
v -0.00753888066 0.0090389727 0.00446788248
v 0.00838807647 -0.00688810364 -0.00637920919
v -0.00727507051 0.0091121672 0.00474778589
v 0.00865200583 -0.00681490914 -0.00609930578
v -0.0070581096 0.00910716041 0.0050738233
v 0.00886896674 -0.00681991593 -0.00577338758
v -0.0069028991 0.00902419075 0.00542358336
v 0.00902417723 -0.00690288559 -0.00542350832
v -0.00681992944 0.00886898025 0.00577334341
v 0.0091071469 -0.00705809609 -0.00507374826
v -0.00681480344 0.00865201934 0.00609926161
v 0.00911215369 -0.007275057 -0.00474783007
v -0.00688811715 0.00838808998 0.00637916502
v 0.00903895919 -0.00753898636 -0.00446792665
v -0.00703462537 0.00809531196 0.00659398016
v 0.00889245097 -0.00783176438 -0.00425311151
v -0.00724443372 0.00779347404 0.00672892508
v 0.00868252341 -0.00813348309 -0.0041181666
v -0.0075033563 0.00750331863 0.00677505907
v -0.00796350415 0.00796346649 0.00542358336
v 0.00796357219 -0.00796349064 -0.00542350832
f 1 2 3
f 3 2 4
f 1 3 5
f 5 3 6
f 5 6 7
f 7 6 8
f 8 6 9
f 8 9 10
f 11 12 13
f 13 12 14
f 15 16 9
f 9 16 17
f 9 17 10
f 18 19 20
f 20 19 21
f 18 20 22
f 22 20 23
f 22 23 24
f 24 23 25
f 25 23 26
f 25 26 27
f 12 28 14
f 14 28 29
f 14 29 30
f 11 13 31
f 31 13 32
f 31 32 33
f 34 35 15
f 15 35 36
f 15 36 16
f 19 37 21
f 21 37 38
f 21 38 34
f 34 38 39
f 34 39 35
f 27 26 40
f 40 26 41
f 40 41 42
f 2 43 4
f 4 43 44
f 4 44 45
f 46 47 48
f 49 50 47
f 47 50 51
f 47 51 48
f 52 53 49
f 49 53 54
f 49 54 50
f 55 56 57
f 29 58 30
f 30 58 59
f 30 59 56
f 56 59 60
f 56 60 57
f 61 62 32
f 32 62 63
f 32 63 33
f 64 65 61
f 61 65 66
f 61 66 62
f 44 67 45
f 45 67 68
f 45 68 64
f 64 68 69
f 64 69 65
f 70 71 41
f 41 71 72
f 41 72 42
f 48 73 46
f 46 73 74
f 46 74 70
f 70 74 75
f 70 75 71
f 76 77 52
f 52 77 78
f 52 78 53
f 79 80 81
f 81 80 55
f 81 55 82
f 82 55 57
f 79 83 80
f 80 83 84
f 80 84 76
f 76 84 85
f 76 85 77
f 86 87 88
f 89 90 91
f 92 93 94
f 95 96 97
f 98 99 100
f 101 102 103
f 104 105 106
f 107 108 109
f 110 111 112
f 113 114 115
f 116 117 118
f 119 120 121
f 122 123 124
f 125 126 127
f 128 129 130
f 131 132 133
f 134 135 136
f 137 138 139
f 140 141 142
f 143 144 145
f 146 147 148
f 149 150 151
f 152 153 154
f 155 156 157
f 158 159 160
f 161 162 163
f 164 165 166
f 167 168 169
f 170 171 172
f 173 174 175
f 176 177 178
f 179 180 181
f 182 183 184
f 185 186 187
f 188 189 190
f 191 192 193
f 194 195 196
f 197 198 199
f 200 201 202
f 203 204 205
f 206 207 208
f 209 210 211
f 212 213 214
f 215 216 217
f 218 219 220
f 221 222 223
f 224 225 226
f 227 228 229
f 230 231 232
f 233 234 235
f 236 237 238
f 239 240 241
f 242 243 244
f 245 246 247
f 248 249 250
f 251 252 253
f 254 255 256
f 257 258 259
f 260 261 262
f 263 264 265
f 266 267 268
f 269 270 271
f 272 273 240
f 240 273 274
f 240 274 241
f 241 274 275
f 241 275 276
f 276 277 278
f 278 277 279
f 279 280 281
f 281 280 282
f 282 283 284
f 284 283 285
f 285 286 287
f 287 286 288
f 288 289 290
f 290 289 291
f 291 292 293
f 293 292 294
f 294 295 296
f 296 295 260
f 297 298 299
f 300 301 302
f 303 304 305
f 306 307 308
f 309 310 311
f 312 313 314
f 315 316 317
f 318 319 320
f 321 322 323
f 324 325 326
f 327 328 329
f 330 331 332
f 333 334 335
f 257 259 336
f 337 338 237
f 237 338 339
f 237 339 238
f 238 339 340
f 238 340 341
f 341 342 343
f 343 342 344
f 344 345 346
f 346 345 347
f 347 348 349
f 349 348 350
f 350 351 352
f 352 351 353
f 353 354 355
f 355 354 356
f 356 357 358
f 358 357 359
f 359 360 361
f 361 360 245
f 362 363 364
f 365 366 367
f 368 369 370
f 371 372 373
f 374 375 376
f 377 378 379
f 380 381 382
f 383 384 385
f 386 387 388
f 389 390 391
f 392 393 394
f 395 396 397
f 398 399 400
f 242 244 401
f 264 272 265
f 265 272 240
f 265 240 402
f 402 240 239
f 402 239 403
f 249 337 250
f 250 337 237
f 250 237 404
f 404 237 236
f 404 236 405
f 267 263 268
f 268 263 265
f 268 265 406
f 406 265 402
f 406 402 407
f 407 402 403
f 407 403 408
f 252 248 253
f 253 248 250
f 253 250 409
f 409 250 404
f 409 404 410
f 410 404 405
f 410 405 411
f 270 266 271
f 271 266 268
f 271 268 412
f 412 268 406
f 412 406 413
f 413 406 407
f 413 407 414
f 414 407 408
f 414 408 415
f 255 251 256
f 256 251 253
f 256 253 416
f 416 253 409
f 416 409 417
f 417 409 410
f 417 410 418
f 418 410 411
f 418 411 419
f 420 269 421
f 421 269 271
f 421 271 422
f 422 271 412
f 422 412 423
f 423 412 413
f 423 413 424
f 424 413 414
f 424 414 425
f 425 414 415
f 425 415 235
f 426 254 427
f 427 254 256
f 427 256 428
f 428 256 416
f 428 416 429
f 429 416 417
f 429 417 430
f 430 417 418
f 430 418 431
f 431 418 419
f 431 419 160
f 432 433 434
f 435 436 437
f 438 420 439
f 439 420 421
f 439 421 440
f 440 421 422
f 440 422 441
f 441 422 423
f 441 423 442
f 442 423 424
f 442 424 443
f 443 424 425
f 443 425 444
f 444 425 235
f 444 235 445
f 445 235 234
f 276 278 241
f 241 278 446
f 241 446 239
f 239 446 447
f 239 447 403
f 403 447 448
f 403 448 408
f 408 448 449
f 408 449 415
f 415 449 232
f 415 232 235
f 235 232 231
f 235 231 233
f 279 281 278
f 278 281 450
f 278 450 446
f 446 450 451
f 446 451 447
f 447 451 452
f 447 452 448
f 448 452 453
f 448 453 449
f 449 453 229
f 449 229 232
f 232 229 228
f 232 228 230
f 282 284 281
f 281 284 454
f 281 454 450
f 450 454 455
f 450 455 451
f 451 455 456
f 451 456 452
f 452 456 457
f 452 457 453
f 453 457 226
f 453 226 229
f 229 226 225
f 229 225 227
f 285 287 284
f 284 287 458
f 284 458 454
f 454 458 459
f 454 459 455
f 455 459 460
f 455 460 456
f 456 460 461
f 456 461 457
f 457 461 223
f 457 223 226
f 226 223 222
f 226 222 224
f 288 290 287
f 287 290 462
f 287 462 458
f 458 462 463
f 458 463 459
f 459 463 464
f 459 464 460
f 460 464 465
f 460 465 461
f 461 465 220
f 461 220 223
f 223 220 219
f 223 219 221
f 291 293 290
f 290 293 466
f 290 466 462
f 462 466 467
f 462 467 463
f 463 467 468
f 463 468 464
f 464 468 469
f 464 469 465
f 465 469 217
f 465 217 220
f 220 217 216
f 220 216 218
f 294 296 293
f 293 296 470
f 293 470 466
f 466 470 471
f 466 471 467
f 467 471 472
f 467 472 468
f 468 472 473
f 468 473 469
f 469 473 214
f 469 214 217
f 217 214 213
f 217 213 215
f 260 262 296
f 296 262 474
f 296 474 470
f 470 474 475
f 470 475 471
f 471 475 476
f 471 476 472
f 472 476 477
f 472 477 473
f 473 477 211
f 473 211 214
f 214 211 210
f 214 210 212
f 262 478 474
f 474 478 479
f 474 479 475
f 475 479 480
f 475 480 476
f 476 480 481
f 476 481 477
f 477 481 208
f 477 208 211
f 211 208 207
f 211 207 209
f 478 482 479
f 479 482 483
f 479 483 480
f 480 483 484
f 480 484 481
f 481 484 205
f 481 205 208
f 208 205 204
f 208 204 206
f 482 485 483
f 483 485 486
f 483 486 484
f 484 486 202
f 484 202 205
f 205 202 201
f 205 201 203
f 485 432 486
f 486 432 434
f 486 434 202
f 202 434 487
f 202 487 200
f 488 489 490
f 490 489 433
f 490 433 491
f 491 433 432
f 491 432 492
f 492 432 485
f 492 485 493
f 493 485 482
f 493 482 494
f 494 482 478
f 494 478 495
f 495 478 262
f 495 262 496
f 496 262 261
f 489 497 433
f 433 497 498
f 433 498 434
f 434 498 499
f 434 499 487
f 198 488 199
f 199 488 490
f 199 490 500
f 500 490 491
f 500 491 501
f 501 491 492
f 501 492 502
f 502 492 493
f 502 493 503
f 503 493 494
f 503 494 299
f 299 494 495
f 299 495 297
f 297 495 496
f 195 197 196
f 196 197 199
f 196 199 504
f 504 199 500
f 504 500 505
f 505 500 501
f 505 501 506
f 506 501 502
f 506 502 507
f 507 502 503
f 507 503 302
f 302 503 299
f 302 299 300
f 300 299 298
f 192 194 193
f 193 194 196
f 193 196 508
f 508 196 504
f 508 504 509
f 509 504 505
f 509 505 510
f 510 505 506
f 510 506 511
f 511 506 507
f 511 507 305
f 305 507 302
f 305 302 303
f 303 302 301
f 189 191 190
f 190 191 193
f 190 193 512
f 512 193 508
f 512 508 513
f 513 508 509
f 513 509 514
f 514 509 510
f 514 510 515
f 515 510 511
f 515 511 308
f 308 511 305
f 308 305 306
f 306 305 304
f 186 188 187
f 187 188 190
f 187 190 516
f 516 190 512
f 516 512 517
f 517 512 513
f 517 513 518
f 518 513 514
f 518 514 519
f 519 514 515
f 519 515 311
f 311 515 308
f 311 308 309
f 309 308 307
f 183 185 184
f 184 185 187
f 184 187 520
f 520 187 516
f 520 516 521
f 521 516 517
f 521 517 522
f 522 517 518
f 522 518 523
f 523 518 519
f 523 519 314
f 314 519 311
f 314 311 312
f 312 311 310
f 180 182 181
f 181 182 184
f 181 184 524
f 524 184 520
f 524 520 525
f 525 520 521
f 525 521 526
f 526 521 522
f 526 522 527
f 527 522 523
f 527 523 317
f 317 523 314
f 317 314 315
f 315 314 313
f 177 179 178
f 178 179 181
f 178 181 528
f 528 181 524
f 528 524 529
f 529 524 525
f 529 525 530
f 530 525 526
f 530 526 531
f 531 526 527
f 531 527 320
f 320 527 317
f 320 317 318
f 318 317 316
f 174 176 175
f 175 176 178
f 175 178 532
f 532 178 528
f 532 528 533
f 533 528 529
f 533 529 534
f 534 529 530
f 534 530 535
f 535 530 531
f 535 531 323
f 323 531 320
f 323 320 321
f 321 320 319
f 171 173 172
f 172 173 175
f 172 175 536
f 536 175 532
f 536 532 537
f 537 532 533
f 537 533 538
f 538 533 534
f 538 534 539
f 539 534 535
f 539 535 326
f 326 535 323
f 326 323 324
f 324 323 322
f 168 170 169
f 169 170 172
f 169 172 540
f 540 172 536
f 540 536 541
f 541 536 537
f 541 537 542
f 542 537 538
f 542 538 543
f 543 538 539
f 543 539 329
f 329 539 326
f 329 326 327
f 327 326 325
f 165 167 166
f 166 167 169
f 166 169 544
f 544 169 540
f 544 540 545
f 545 540 541
f 545 541 546
f 546 541 542
f 546 542 547
f 547 542 543
f 547 543 332
f 332 543 329
f 332 329 330
f 330 329 328
f 162 164 163
f 163 164 166
f 163 166 548
f 548 166 544
f 548 544 549
f 549 544 545
f 549 545 550
f 550 545 546
f 550 546 551
f 551 546 547
f 551 547 335
f 335 547 332
f 335 332 333
f 333 332 331
f 552 161 553
f 553 161 163
f 553 163 554
f 554 163 548
f 554 548 555
f 555 548 549
f 555 549 556
f 556 549 550
f 556 550 557
f 557 550 551
f 557 551 259
f 259 551 335
f 259 335 336
f 336 335 334
f 258 558 259
f 259 558 559
f 259 559 557
f 557 559 560
f 557 560 556
f 556 560 561
f 556 561 555
f 555 561 562
f 555 562 554
f 554 562 563
f 554 563 553
f 553 563 564
f 553 564 552
f 552 564 565
f 558 426 559
f 559 426 427
f 559 427 560
f 560 427 428
f 560 428 561
f 561 428 429
f 561 429 562
f 562 429 430
f 562 430 563
f 563 430 431
f 563 431 564
f 564 431 160
f 564 160 565
f 565 160 159
f 341 343 238
f 238 343 566
f 238 566 236
f 236 566 567
f 236 567 405
f 405 567 568
f 405 568 411
f 411 568 569
f 411 569 419
f 419 569 157
f 419 157 160
f 160 157 156
f 160 156 158
f 344 346 343
f 343 346 570
f 343 570 566
f 566 570 571
f 566 571 567
f 567 571 572
f 567 572 568
f 568 572 573
f 568 573 569
f 569 573 154
f 569 154 157
f 157 154 153
f 157 153 155
f 347 349 346
f 346 349 574
f 346 574 570
f 570 574 575
f 570 575 571
f 571 575 576
f 571 576 572
f 572 576 577
f 572 577 573
f 573 577 151
f 573 151 154
f 154 151 150
f 154 150 152
f 350 352 349
f 349 352 578
f 349 578 574
f 574 578 579
f 574 579 575
f 575 579 580
f 575 580 576
f 576 580 581
f 576 581 577
f 577 581 148
f 577 148 151
f 151 148 147
f 151 147 149
f 353 355 352
f 352 355 582
f 352 582 578
f 578 582 583
f 578 583 579
f 579 583 584
f 579 584 580
f 580 584 585
f 580 585 581
f 581 585 145
f 581 145 148
f 148 145 144
f 148 144 146
f 356 358 355
f 355 358 586
f 355 586 582
f 582 586 587
f 582 587 583
f 583 587 588
f 583 588 584
f 584 588 589
f 584 589 585
f 585 589 142
f 585 142 145
f 145 142 141
f 145 141 143
f 359 361 358
f 358 361 590
f 358 590 586
f 586 590 591
f 586 591 587
f 587 591 592
f 587 592 588
f 588 592 593
f 588 593 589
f 589 593 139
f 589 139 142
f 142 139 138
f 142 138 140
f 245 247 361
f 361 247 594
f 361 594 590
f 590 594 595
f 590 595 591
f 591 595 596
f 591 596 592
f 592 596 597
f 592 597 593
f 593 597 136
f 593 136 139
f 139 136 135
f 139 135 137
f 247 598 594
f 594 598 599
f 594 599 595
f 595 599 600
f 595 600 596
f 596 600 601
f 596 601 597
f 597 601 133
f 597 133 136
f 136 133 132
f 136 132 134
f 598 602 599
f 599 602 603
f 599 603 600
f 600 603 604
f 600 604 601
f 601 604 130
f 601 130 133
f 133 130 129
f 133 129 131
f 602 605 603
f 603 605 606
f 603 606 604
f 604 606 127
f 604 127 130
f 130 127 126
f 130 126 128
f 605 435 606
f 606 435 437
f 606 437 127
f 127 437 607
f 127 607 125
f 608 609 610
f 610 609 436
f 610 436 611
f 611 436 435
f 611 435 612
f 612 435 605
f 612 605 613
f 613 605 602
f 613 602 614
f 614 602 598
f 614 598 615
f 615 598 247
f 615 247 616
f 616 247 246
f 609 617 436
f 436 617 618
f 436 618 437
f 437 618 619
f 437 619 607
f 123 608 124
f 124 608 610
f 124 610 620
f 620 610 611
f 620 611 621
f 621 611 612
f 621 612 622
f 622 612 613
f 622 613 623
f 623 613 614
f 623 614 364
f 364 614 615
f 364 615 362
f 362 615 616
f 120 122 121
f 121 122 124
f 121 124 624
f 624 124 620
f 624 620 625
f 625 620 621
f 625 621 626
f 626 621 622
f 626 622 627
f 627 622 623
f 627 623 367
f 367 623 364
f 367 364 365
f 365 364 363
f 117 119 118
f 118 119 121
f 118 121 628
f 628 121 624
f 628 624 629
f 629 624 625
f 629 625 630
f 630 625 626
f 630 626 631
f 631 626 627
f 631 627 370
f 370 627 367
f 370 367 368
f 368 367 366
f 114 116 115
f 115 116 118
f 115 118 632
f 632 118 628
f 632 628 633
f 633 628 629
f 633 629 634
f 634 629 630
f 634 630 635
f 635 630 631
f 635 631 373
f 373 631 370
f 373 370 371
f 371 370 369
f 111 113 112
f 112 113 115
f 112 115 636
f 636 115 632
f 636 632 637
f 637 632 633
f 637 633 638
f 638 633 634
f 638 634 639
f 639 634 635
f 639 635 376
f 376 635 373
f 376 373 374
f 374 373 372
f 108 110 109
f 109 110 112
f 109 112 640
f 640 112 636
f 640 636 641
f 641 636 637
f 641 637 642
f 642 637 638
f 642 638 643
f 643 638 639
f 643 639 379
f 379 639 376
f 379 376 377
f 377 376 375
f 105 107 106
f 106 107 109
f 106 109 644
f 644 109 640
f 644 640 645
f 645 640 641
f 645 641 646
f 646 641 642
f 646 642 647
f 647 642 643
f 647 643 382
f 382 643 379
f 382 379 380
f 380 379 378
f 102 104 103
f 103 104 106
f 103 106 648
f 648 106 644
f 648 644 649
f 649 644 645
f 649 645 650
f 650 645 646
f 650 646 651
f 651 646 647
f 651 647 385
f 385 647 382
f 385 382 383
f 383 382 381
f 99 101 100
f 100 101 103
f 100 103 652
f 652 103 648
f 652 648 653
f 653 648 649
f 653 649 654
f 654 649 650
f 654 650 655
f 655 650 651
f 655 651 388
f 388 651 385
f 388 385 386
f 386 385 384
f 96 98 97
f 97 98 100
f 97 100 656
f 656 100 652
f 656 652 657
f 657 652 653
f 657 653 658
f 658 653 654
f 658 654 659
f 659 654 655
f 659 655 391
f 391 655 388
f 391 388 389
f 389 388 387
f 93 95 94
f 94 95 97
f 94 97 660
f 660 97 656
f 660 656 661
f 661 656 657
f 661 657 662
f 662 657 658
f 662 658 663
f 663 658 659
f 663 659 394
f 394 659 391
f 394 391 392
f 392 391 390
f 90 92 91
f 91 92 94
f 91 94 664
f 664 94 660
f 664 660 665
f 665 660 661
f 665 661 666
f 666 661 662
f 666 662 667
f 667 662 663
f 667 663 397
f 397 663 394
f 397 394 395
f 395 394 393
f 87 89 88
f 88 89 91
f 88 91 668
f 668 91 664
f 668 664 669
f 669 664 665
f 669 665 670
f 670 665 666
f 670 666 671
f 671 666 667
f 671 667 400
f 400 667 397
f 400 397 398
f 398 397 396
f 672 86 673
f 673 86 88
f 673 88 674
f 674 88 668
f 674 668 675
f 675 668 669
f 675 669 676
f 676 669 670
f 676 670 677
f 677 670 671
f 677 671 244
f 244 671 400
f 244 400 401
f 401 400 399
f 243 438 244
f 244 438 439
f 244 439 677
f 677 439 440
f 677 440 676
f 676 440 441
f 676 441 675
f 675 441 442
f 675 442 674
f 674 442 443
f 674 443 673
f 673 443 444
f 673 444 672
f 672 444 445
f 678 679 680
f 680 679 681
f 678 680 682
f 682 680 683
f 682 683 684
f 685 686 687
f 687 686 688
f 679 689 681
f 681 689 690
f 681 690 691
f 686 692 688
f 688 692 693
f 688 693 694
f 695 696 697
f 697 696 698
f 695 697 699
f 699 697 700
f 699 700 701
f 701 700 702
f 702 700 703
f 702 703 704
f 693 705 694
f 694 705 706
f 694 706 707
f 685 687 708
f 708 687 709
f 708 709 710
f 710 709 711
f 711 709 712
f 711 712 713
f 713 712 714
f 714 712 715
f 714 715 716
f 717 718 715
f 715 718 719
f 715 719 716
f 690 720 691
f 691 720 721
f 691 721 717
f 717 721 722
f 717 722 718
f 723 724 725
f 725 724 726
f 723 725 727
f 727 725 728
f 727 728 729
f 730 731 732
f 696 733 698
f 698 733 734
f 698 734 731
f 731 734 735
f 731 735 732
f 704 703 736
f 736 703 737
f 736 737 738
f 706 739 707
f 707 739 740
f 707 740 737
f 737 740 741
f 737 741 738
f 724 742 726
f 726 742 743
f 726 743 744
f 732 745 730
f 730 745 746
f 730 746 747
f 748 749 750
f 743 751 744
f 744 751 752
f 744 752 749
f 749 752 753
f 749 753 750
f 746 754 747
f 747 754 755
f 747 755 728
f 728 755 756
f 728 756 729
f 684 683 757
f 757 683 758
f 757 758 759
f 750 760 748
f 748 760 761
f 748 761 758
f 758 761 762
f 758 762 759
f 763 698 764
f 764 698 731
f 764 731 765
f 765 731 730
f 765 730 766
f 766 730 747
f 766 747 767
f 767 747 728
f 767 728 768
f 768 728 725
f 768 725 769
f 769 725 726
f 769 726 770
f 770 726 744
f 770 744 771
f 771 744 749
f 771 749 772
f 772 749 748
f 772 748 773
f 773 748 758
f 773 758 774
f 774 758 683
f 774 683 775
f 775 683 680
f 775 680 776
f 776 680 681
f 776 681 777
f 777 681 691
f 777 691 778
f 778 691 717
f 778 717 779
f 779 717 715
f 779 715 780
f 780 715 712
f 780 712 781
f 781 712 709
f 781 709 782
f 782 709 687
f 782 687 783
f 783 687 688
f 783 688 784
f 784 688 694
f 784 694 785
f 785 694 707
f 785 707 786
f 786 707 737
f 786 737 787
f 787 737 703
f 787 703 788
f 788 703 700
f 788 700 789
f 789 700 697
f 789 697 763
f 763 697 698
f 790 777 791
f 791 777 778
f 791 778 792
f 792 778 779
f 792 779 793
f 793 779 780
f 793 780 794
f 794 780 781
f 794 781 795
f 795 781 782
f 795 782 796
f 796 782 783
f 796 783 797
f 783 784 797
f 797 784 785
f 797 785 798
f 798 785 786
f 798 786 799
f 799 786 787
f 799 787 800
f 800 787 788
f 800 788 801
f 801 788 789
f 801 789 802
f 802 789 763
f 802 763 803
f 803 763 764
f 803 764 804
f 804 764 765
f 804 765 805
f 805 765 766
f 805 766 806
f 766 767 806
f 806 767 768
f 806 768 807
f 807 768 769
f 807 769 808
f 808 769 770
f 808 770 809
f 809 770 771
f 809 771 810
f 810 771 772
f 810 772 811
f 811 772 773
f 811 773 812
f 812 773 774
f 812 774 813
f 813 774 775
f 813 775 790
f 790 775 776
f 790 776 777
f 814 802 815
f 815 802 803
f 815 803 816
f 816 803 804
f 816 804 817
f 817 804 805
f 817 805 818
f 818 805 806
f 818 806 819
f 819 806 807
f 819 807 820
f 820 807 808
f 820 808 821
f 821 808 809
f 821 809 822
f 822 809 810
f 822 810 823
f 823 810 811
f 823 811 824
f 824 811 812
f 824 812 825
f 825 812 813
f 825 813 826
f 826 813 790
f 826 790 827
f 827 790 791
f 827 791 828
f 828 791 792
f 828 792 829
f 829 792 793
f 829 793 830
f 830 793 794
f 830 794 831
f 831 794 795
f 831 795 832
f 832 795 796
f 832 796 833
f 833 796 797
f 833 797 834
f 834 797 798
f 834 798 835
f 835 798 799
f 835 799 836
f 836 799 800
f 836 800 837
f 837 800 801
f 837 801 814
f 814 801 802
f 834 838 833
f 833 838 839
f 833 839 832
f 832 839 840
f 832 840 831
f 831 840 841
f 831 841 830
f 830 841 842
f 830 842 829
f 829 842 843
f 829 843 828
f 828 843 844
f 828 844 827
f 819 845 818
f 818 845 846
f 818 846 817
f 817 846 847
f 817 847 816
f 816 847 848
f 816 848 815
f 815 848 849
f 815 849 814
f 814 849 850
f 814 850 837
f 837 850 851
f 837 851 836
f 836 851 852
f 836 852 835
f 835 852 853
f 835 853 834
f 834 853 854
f 834 854 838
f 844 855 827
f 827 855 856
f 827 856 826
f 826 856 857
f 826 857 825
f 825 857 858
f 825 858 824
f 824 858 859
f 824 859 823
f 823 859 860
f 823 860 822
f 822 860 861
f 822 861 821
f 821 861 862
f 821 862 820
f 820 862 863
f 820 863 819
f 819 863 864
f 819 864 845
f 30 850 14
f 14 850 849
f 14 849 13
f 13 849 848
f 13 848 32
f 32 848 847
f 32 847 61
f 61 847 846
f 61 846 64
f 64 846 845
f 64 845 45
f 45 845 864
f 45 864 4
f 4 864 863
f 4 863 3
f 3 863 862
f 3 862 6
f 6 862 861
f 6 861 9
f 9 861 860
f 9 860 15
f 15 860 859
f 15 859 34
f 34 859 858
f 34 858 21
f 21 858 857
f 21 857 20
f 20 857 856
f 20 856 23
f 23 856 855
f 23 855 26
f 26 855 844
f 26 844 41
f 41 844 843
f 41 843 70
f 70 843 842
f 70 842 46
f 46 842 841
f 46 841 47
f 47 841 840
f 47 840 49
f 49 840 839
f 49 839 52
f 52 839 838
f 52 838 76
f 76 838 854
f 76 854 80
f 80 854 853
f 80 853 55
f 55 853 852
f 55 852 56
f 56 852 851
f 56 851 30
f 30 851 850
f 243 242 865
f 401 399 866
f 398 396 867
f 386 384 868
f 383 381 869
f 380 378 870
f 377 375 871
f 374 372 872
f 371 369 873
f 368 366 874
f 258 257 875
f 336 334 876
f 333 331 877
f 321 319 878
f 318 316 879
f 315 313 880
f 312 310 881
f 309 307 882
f 306 304 883
f 303 301 884
f 885 754 746
f 886 755 754
f 887 756 755
f 888 729 756
f 889 727 729
f 890 723 727
f 891 724 723
f 892 742 724
f 893 743 742
f 894 751 743
f 895 752 751
f 896 753 752
f 897 750 753
f 898 760 750
f 899 761 760
f 900 762 761
f 901 759 762
f 902 757 759
f 903 684 757
f 904 682 684
f 905 716 719
f 906 714 716
f 907 713 714
f 908 711 713
f 909 710 711
f 910 708 710
f 911 685 708
f 912 686 685
f 913 692 686
f 914 693 692
f 915 705 693
f 916 706 705
f 917 739 706
f 918 740 739
f 919 741 740
f 920 738 741
f 921 736 738
f 922 704 736
f 923 702 704
f 924 701 702
f 699 701 925
f 925 701 924
f 925 924 926
f 678 682 927
f 927 682 904
f 927 904 928
f 695 699 929
f 929 699 925
f 929 925 930
f 930 925 926
f 930 926 931
f 679 678 932
f 932 678 927
f 932 927 933
f 933 927 928
f 933 928 934
f 696 695 935
f 935 695 929
f 935 929 936
f 936 929 930
f 936 930 937
f 937 930 931
f 937 931 938
f 689 679 939
f 939 679 932
f 939 932 940
f 940 932 933
f 940 933 941
f 941 933 934
f 941 934 942
f 733 696 943
f 943 696 935
f 943 935 944
f 944 935 936
f 944 936 945
f 945 936 937
f 945 937 946
f 946 937 938
f 946 938 947
f 690 689 948
f 948 689 939
f 948 939 949
f 949 939 940
f 949 940 950
f 950 940 941
f 950 941 951
f 951 941 942
f 951 942 952
f 953 954 955
f 956 957 958
f 959 269 420
f 702 923 924
f 924 923 960
f 924 960 926
f 926 960 961
f 926 961 931
f 931 961 962
f 931 962 938
f 938 962 959
f 938 959 947
f 947 959 420
f 947 420 438
f 963 266 270
f 704 922 923
f 923 922 964
f 923 964 960
f 960 964 965
f 960 965 961
f 961 965 966
f 961 966 962
f 962 966 963
f 962 963 959
f 959 963 270
f 959 270 269
f 967 263 267
f 736 921 922
f 922 921 968
f 922 968 964
f 964 968 969
f 964 969 965
f 965 969 970
f 965 970 966
f 966 970 967
f 966 967 963
f 963 967 267
f 963 267 266
f 971 272 264
f 738 920 921
f 921 920 972
f 921 972 968
f 968 972 973
f 968 973 969
f 969 973 974
f 969 974 970
f 970 974 971
f 970 971 967
f 967 971 264
f 967 264 263
f 975 274 273
f 741 919 920
f 920 919 976
f 920 976 972
f 972 976 977
f 972 977 973
f 973 977 978
f 973 978 974
f 974 978 975
f 974 975 971
f 971 975 273
f 971 273 272
f 979 276 275
f 740 918 919
f 919 918 980
f 919 980 976
f 976 980 981
f 976 981 977
f 977 981 982
f 977 982 978
f 978 982 979
f 978 979 975
f 975 979 275
f 975 275 274
f 983 279 277
f 739 917 918
f 918 917 984
f 918 984 980
f 980 984 985
f 980 985 981
f 981 985 986
f 981 986 982
f 982 986 983
f 982 983 979
f 979 983 277
f 979 277 276
f 987 282 280
f 706 916 917
f 917 916 988
f 917 988 984
f 984 988 989
f 984 989 985
f 985 989 990
f 985 990 986
f 986 990 987
f 986 987 983
f 983 987 280
f 983 280 279
f 991 285 283
f 705 915 916
f 916 915 992
f 916 992 988
f 988 992 993
f 988 993 989
f 989 993 994
f 989 994 990
f 990 994 991
f 990 991 987
f 987 991 283
f 987 283 282
f 995 288 286
f 693 914 915
f 915 914 996
f 915 996 992
f 992 996 997
f 992 997 993
f 993 997 998
f 993 998 994
f 994 998 995
f 994 995 991
f 991 995 286
f 991 286 285
f 999 291 289
f 692 913 914
f 914 913 1000
f 914 1000 996
f 996 1000 1001
f 996 1001 997
f 997 1001 1002
f 997 1002 998
f 998 1002 999
f 998 999 995
f 995 999 289
f 995 289 288
f 1003 294 292
f 686 912 913
f 913 912 1004
f 913 1004 1000
f 1000 1004 1005
f 1000 1005 1001
f 1001 1005 1006
f 1001 1006 1002
f 1002 1006 1003
f 1002 1003 999
f 999 1003 292
f 999 292 291
f 1007 260 295
f 685 911 912
f 912 911 1008
f 912 1008 1004
f 1004 1008 1009
f 1004 1009 1005
f 1005 1009 1010
f 1005 1010 1006
f 1006 1010 1007
f 1006 1007 1003
f 1003 1007 295
f 1003 295 294
f 1011 496 261
f 708 910 911
f 911 910 1012
f 911 1012 1008
f 1008 1012 1013
f 1008 1013 1009
f 1009 1013 1014
f 1009 1014 1010
f 1010 1014 1011
f 1010 1011 1007
f 1007 1011 261
f 1007 261 260
f 300 298 1015
f 1015 298 297
f 710 909 910
f 910 909 1016
f 910 1016 1012
f 1012 1016 1017
f 1012 1017 1013
f 1013 1017 1018
f 1013 1018 1014
f 1014 1018 1015
f 1014 1015 1011
f 1011 1015 297
f 1011 297 496
f 711 908 909
f 909 908 1019
f 909 1019 1016
f 1016 1019 1020
f 1016 1020 1017
f 1017 1020 1021
f 1017 1021 1018
f 1018 1021 884
f 1018 884 1015
f 1015 884 301
f 1015 301 300
f 713 907 908
f 908 907 1022
f 908 1022 1019
f 1019 1022 1023
f 1019 1023 1020
f 1020 1023 1024
f 1020 1024 1021
f 1021 1024 883
f 1021 883 884
f 884 883 304
f 884 304 303
f 714 906 907
f 907 906 1025
f 907 1025 1022
f 1022 1025 1026
f 1022 1026 1023
f 1023 1026 1027
f 1023 1027 1024
f 1024 1027 882
f 1024 882 883
f 883 882 307
f 883 307 306
f 716 905 906
f 906 905 1028
f 906 1028 1025
f 1025 1028 1029
f 1025 1029 1026
f 1026 1029 1030
f 1026 1030 1027
f 1027 1030 881
f 1027 881 882
f 882 881 310
f 882 310 309
f 719 1031 905
f 905 1031 1032
f 905 1032 1028
f 1028 1032 1033
f 1028 1033 1029
f 1029 1033 1034
f 1029 1034 1030
f 1030 1034 880
f 1030 880 881
f 881 880 313
f 881 313 312
f 1031 1035 1032
f 1032 1035 1036
f 1032 1036 1033
f 1033 1036 1037
f 1033 1037 1034
f 1034 1037 879
f 1034 879 880
f 880 879 316
f 880 316 315
f 1035 1038 1036
f 1036 1038 1039
f 1036 1039 1037
f 1037 1039 878
f 1037 878 879
f 879 878 319
f 879 319 318
f 1038 953 1039
f 1039 953 955
f 1039 955 878
f 878 955 322
f 878 322 321
f 330 328 1040
f 1040 328 954
f 1040 954 1041
f 1041 954 953
f 1041 953 1042
f 1042 953 1038
f 1042 1038 1043
f 1043 1038 1035
f 1043 1035 1044
f 1044 1035 1031
f 1044 1031 718
f 718 1031 719
f 328 327 954
f 954 327 325
f 954 325 955
f 955 325 324
f 955 324 322
f 331 330 877
f 877 330 1040
f 877 1040 1045
f 1045 1040 1041
f 1045 1041 1046
f 1046 1041 1042
f 1046 1042 1047
f 1047 1042 1043
f 1047 1043 1048
f 1048 1043 1044
f 1048 1044 722
f 722 1044 718
f 334 333 876
f 876 333 877
f 876 877 1049
f 1049 877 1045
f 1049 1045 1050
f 1050 1045 1046
f 1050 1046 1051
f 1051 1046 1047
f 1051 1047 1052
f 1052 1047 1048
f 1052 1048 721
f 721 1048 722
f 257 336 875
f 875 336 876
f 875 876 1053
f 1053 876 1049
f 1053 1049 1054
f 1054 1049 1050
f 1054 1050 1055
f 1055 1050 1051
f 1055 1051 1056
f 1056 1051 1052
f 1056 1052 720
f 720 1052 721
f 558 258 952
f 952 258 875
f 952 875 951
f 951 875 1053
f 951 1053 950
f 950 1053 1054
f 950 1054 949
f 949 1054 1055
f 949 1055 948
f 948 1055 1056
f 948 1056 690
f 690 1056 720
f 1057 254 426
f 684 903 904
f 904 903 1058
f 904 1058 928
f 928 1058 1059
f 928 1059 934
f 934 1059 1060
f 934 1060 942
f 942 1060 1057
f 942 1057 952
f 952 1057 426
f 952 426 558
f 1061 251 255
f 757 902 903
f 903 902 1062
f 903 1062 1058
f 1058 1062 1063
f 1058 1063 1059
f 1059 1063 1064
f 1059 1064 1060
f 1060 1064 1061
f 1060 1061 1057
f 1057 1061 255
f 1057 255 254
f 1065 248 252
f 759 901 902
f 902 901 1066
f 902 1066 1062
f 1062 1066 1067
f 1062 1067 1063
f 1063 1067 1068
f 1063 1068 1064
f 1064 1068 1065
f 1064 1065 1061
f 1061 1065 252
f 1061 252 251
f 1069 337 249
f 762 900 901
f 901 900 1070
f 901 1070 1066
f 1066 1070 1071
f 1066 1071 1067
f 1067 1071 1072
f 1067 1072 1068
f 1068 1072 1069
f 1068 1069 1065
f 1065 1069 249
f 1065 249 248
f 1073 339 338
f 761 899 900
f 900 899 1074
f 900 1074 1070
f 1070 1074 1075
f 1070 1075 1071
f 1071 1075 1076
f 1071 1076 1072
f 1072 1076 1073
f 1072 1073 1069
f 1069 1073 338
f 1069 338 337
f 1077 341 340
f 760 898 899
f 899 898 1078
f 899 1078 1074
f 1074 1078 1079
f 1074 1079 1075
f 1075 1079 1080
f 1075 1080 1076
f 1076 1080 1077
f 1076 1077 1073
f 1073 1077 340
f 1073 340 339
f 1081 344 342
f 750 897 898
f 898 897 1082
f 898 1082 1078
f 1078 1082 1083
f 1078 1083 1079
f 1079 1083 1084
f 1079 1084 1080
f 1080 1084 1081
f 1080 1081 1077
f 1077 1081 342
f 1077 342 341
f 1085 347 345
f 753 896 897
f 897 896 1086
f 897 1086 1082
f 1082 1086 1087
f 1082 1087 1083
f 1083 1087 1088
f 1083 1088 1084
f 1084 1088 1085
f 1084 1085 1081
f 1081 1085 345
f 1081 345 344
f 1089 350 348
f 752 895 896
f 896 895 1090
f 896 1090 1086
f 1086 1090 1091
f 1086 1091 1087
f 1087 1091 1092
f 1087 1092 1088
f 1088 1092 1089
f 1088 1089 1085
f 1085 1089 348
f 1085 348 347
f 1093 353 351
f 751 894 895
f 895 894 1094
f 895 1094 1090
f 1090 1094 1095
f 1090 1095 1091
f 1091 1095 1096
f 1091 1096 1092
f 1092 1096 1093
f 1092 1093 1089
f 1089 1093 351
f 1089 351 350
f 1097 356 354
f 743 893 894
f 894 893 1098
f 894 1098 1094
f 1094 1098 1099
f 1094 1099 1095
f 1095 1099 1100
f 1095 1100 1096
f 1096 1100 1097
f 1096 1097 1093
f 1093 1097 354
f 1093 354 353
f 1101 359 357
f 742 892 893
f 893 892 1102
f 893 1102 1098
f 1098 1102 1103
f 1098 1103 1099
f 1099 1103 1104
f 1099 1104 1100
f 1100 1104 1101
f 1100 1101 1097
f 1097 1101 357
f 1097 357 356
f 1105 245 360
f 724 891 892
f 892 891 1106
f 892 1106 1102
f 1102 1106 1107
f 1102 1107 1103
f 1103 1107 1108
f 1103 1108 1104
f 1104 1108 1105
f 1104 1105 1101
f 1101 1105 360
f 1101 360 359
f 1109 616 246
f 723 890 891
f 891 890 1110
f 891 1110 1106
f 1106 1110 1111
f 1106 1111 1107
f 1107 1111 1112
f 1107 1112 1108
f 1108 1112 1109
f 1108 1109 1105
f 1105 1109 246
f 1105 246 245
f 365 363 1113
f 1113 363 362
f 727 889 890
f 890 889 1114
f 890 1114 1110
f 1110 1114 1115
f 1110 1115 1111
f 1111 1115 1116
f 1111 1116 1112
f 1112 1116 1113
f 1112 1113 1109
f 1109 1113 362
f 1109 362 616
f 729 888 889
f 889 888 1117
f 889 1117 1114
f 1114 1117 1118
f 1114 1118 1115
f 1115 1118 1119
f 1115 1119 1116
f 1116 1119 874
f 1116 874 1113
f 1113 874 366
f 1113 366 365
f 756 887 888
f 888 887 1120
f 888 1120 1117
f 1117 1120 1121
f 1117 1121 1118
f 1118 1121 1122
f 1118 1122 1119
f 1119 1122 873
f 1119 873 874
f 874 873 369
f 874 369 368
f 755 886 887
f 887 886 1123
f 887 1123 1120
f 1120 1123 1124
f 1120 1124 1121
f 1121 1124 1125
f 1121 1125 1122
f 1122 1125 872
f 1122 872 873
f 873 872 372
f 873 372 371
f 754 885 886
f 886 885 1126
f 886 1126 1123
f 1123 1126 1127
f 1123 1127 1124
f 1124 1127 1128
f 1124 1128 1125
f 1125 1128 871
f 1125 871 872
f 872 871 375
f 872 375 374
f 746 1129 885
f 885 1129 1130
f 885 1130 1126
f 1126 1130 1131
f 1126 1131 1127
f 1127 1131 1132
f 1127 1132 1128
f 1128 1132 870
f 1128 870 871
f 871 870 378
f 871 378 377
f 1129 1133 1130
f 1130 1133 1134
f 1130 1134 1131
f 1131 1134 1135
f 1131 1135 1132
f 1132 1135 869
f 1132 869 870
f 870 869 381
f 870 381 380
f 1133 1136 1134
f 1134 1136 1137
f 1134 1137 1135
f 1135 1137 868
f 1135 868 869
f 869 868 384
f 869 384 383
f 1136 956 1137
f 1137 956 958
f 1137 958 868
f 868 958 387
f 868 387 386
f 395 393 1138
f 1138 393 957
f 1138 957 1139
f 1139 957 956
f 1139 956 1140
f 1140 956 1136
f 1140 1136 1141
f 1141 1136 1133
f 1141 1133 1142
f 1142 1133 1129
f 1142 1129 745
f 745 1129 746
f 393 392 957
f 957 392 390
f 957 390 958
f 958 390 389
f 958 389 387
f 396 395 867
f 867 395 1138
f 867 1138 1143
f 1143 1138 1139
f 1143 1139 1144
f 1144 1139 1140
f 1144 1140 1145
f 1145 1140 1141
f 1145 1141 1146
f 1146 1141 1142
f 1146 1142 732
f 732 1142 745
f 399 398 866
f 866 398 867
f 866 867 1147
f 1147 867 1143
f 1147 1143 1148
f 1148 1143 1144
f 1148 1144 1149
f 1149 1144 1145
f 1149 1145 1150
f 1150 1145 1146
f 1150 1146 735
f 735 1146 732
f 242 401 865
f 865 401 866
f 865 866 1151
f 1151 866 1147
f 1151 1147 1152
f 1152 1147 1148
f 1152 1148 1153
f 1153 1148 1149
f 1153 1149 1154
f 1154 1149 1150
f 1154 1150 734
f 734 1150 735
f 438 243 947
f 947 243 865
f 947 865 946
f 946 865 1151
f 946 1151 945
f 945 1151 1152
f 945 1152 944
f 944 1152 1153
f 944 1153 943
f 943 1153 1154
f 943 1154 733
f 733 1154 734
f 234 1155 1156
f 234 233 1155
f 1155 233 231
f 1155 231 1157
f 231 230 1157
f 1157 230 228
f 1157 228 1158
f 228 227 1158
f 1158 227 225
f 1158 225 1159
f 1159 225 224
f 1159 224 1160
f 224 222 1160
f 1160 222 221
f 1160 221 1161
f 221 219 1161
f 1161 219 218
f 1161 218 1162
f 218 216 1162
f 1162 216 215
f 1162 215 1163
f 215 213 1163
f 1163 213 212
f 1163 212 1164
f 212 210 1164
f 1164 210 209
f 1164 209 1165
f 209 207 1165
f 1165 207 206
f 1165 206 1166
f 206 204 1166
f 1166 204 203
f 1166 203 1167
f 203 201 1167
f 1167 201 200
f 1167 200 1168
f 200 487 1168
f 1168 487 499
f 1168 499 1169
f 499 498 1169
f 1169 498 497
f 1169 497 1170
f 1170 497 489
f 489 488 1170
f 1170 488 198
f 1170 198 1171
f 198 197 1171
f 1171 197 195
f 1171 195 1172
f 195 194 1172
f 1172 194 192
f 1172 192 1173
f 192 191 1173
f 1173 191 189
f 1173 189 1174
f 189 188 1174
f 1174 188 186
f 1174 186 1175
f 186 185 1175
f 1175 185 183
f 1175 183 1176
f 183 182 1176
f 1176 182 180
f 1176 180 1177
f 180 179 1177
f 1177 179 177
f 1177 177 1178
f 177 176 1178
f 1178 176 174
f 1178 174 1179
f 174 173 1179
f 1179 173 171
f 1179 171 1180
f 171 170 1180
f 1180 170 168
f 1180 168 1181
f 168 167 1181
f 1181 167 165
f 1181 165 1182
f 165 164 1182
f 1182 164 162
f 1182 162 1183
f 162 161 1183
f 1183 161 552
f 1183 552 1184
f 552 565 1184
f 1184 565 159
f 1184 159 1185
f 159 158 1185
f 1185 158 156
f 1185 156 1186
f 156 155 1186
f 1186 155 153
f 1186 153 1187
f 153 152 1187
f 1187 152 150
f 1187 150 1188
f 1188 150 149
f 1188 149 1189
f 149 147 1189
f 1189 147 146
f 1189 146 1190
f 146 144 1190
f 1190 144 143
f 1190 143 1191
f 143 141 1191
f 1191 141 140
f 1191 140 1192
f 140 138 1192
f 1192 138 137
f 1192 137 1193
f 137 135 1193
f 1193 135 134
f 1193 134 1194
f 134 132 1194
f 1194 132 131
f 1194 131 1195
f 131 129 1195
f 1195 129 128
f 1195 128 1196
f 128 126 1196
f 1196 126 125
f 1196 125 1197
f 125 607 1197
f 1197 607 619
f 1197 619 1198
f 1198 619 618
f 618 617 1198
f 1198 617 609
f 1198 609 1199
f 609 608 1199
f 1199 608 123
f 1199 123 1200
f 123 122 1200
f 1200 122 120
f 1200 120 1201
f 120 119 1201
f 1201 119 117
f 1201 117 1202
f 117 116 1202
f 1202 116 114
f 1202 114 1203
f 114 113 1203
f 1203 113 111
f 1203 111 1204
f 111 110 1204
f 1204 110 108
f 1204 108 1205
f 108 107 1205
f 1205 107 105
f 1205 105 1206
f 105 104 1206
f 1206 104 102
f 1206 102 1207
f 102 101 1207
f 1207 101 99
f 1207 99 1208
f 99 98 1208
f 1208 98 96
f 1208 96 1209
f 96 95 1209
f 1209 95 93
f 1209 93 1210
f 93 92 1210
f 1210 92 90
f 1210 90 1211
f 90 89 1211
f 1211 89 87
f 1211 87 1212
f 87 86 1212
f 1212 86 672
f 1212 672 1156
f 1156 672 445
f 1156 445 234
f 1156 1213 1212
f 1212 1213 1214
f 1212 1214 1211
f 1211 1214 1215
f 1211 1215 1210
f 1210 1215 1216
f 1210 1216 1209
f 1209 1216 1217
f 1209 1217 1208
f 1208 1217 1218
f 1208 1218 1207
f 1207 1218 1219
f 1207 1219 1206
f 1206 1219 1220
f 1206 1220 1205
f 1205 1220 1221
f 1205 1221 1204
f 1204 1221 1222
f 1204 1222 1203
f 1203 1222 1223
f 1203 1223 1202
f 1202 1223 1224
f 1202 1224 1201
f 1201 1224 1225
f 1201 1225 1200
f 1200 1225 1226
f 1200 1226 1199
f 1199 1226 1227
f 1199 1227 1198
f 1198 1227 1228
f 1198 1228 1197
f 1197 1228 1229
f 1197 1229 1196
f 1196 1229 1230
f 1196 1230 1195
f 1195 1230 1231
f 1195 1231 1194
f 1194 1231 1232
f 1194 1232 1193
f 1193 1232 1233
f 1193 1233 1192
f 1192 1233 1234
f 1192 1234 1191
f 1191 1234 1235
f 1191 1235 1190
f 1190 1235 1236
f 1190 1236 1189
f 1189 1236 1237
f 1189 1237 1188
f 1188 1237 1238
f 1188 1238 1187
f 1187 1238 1239
f 1187 1239 1186
f 1186 1239 1240
f 1186 1240 1185
f 1185 1240 1241
f 1185 1241 1184
f 1184 1241 1242
f 1184 1242 1183
f 1183 1242 1243
f 1183 1243 1182
f 1182 1243 1244
f 1182 1244 1181
f 1181 1244 1245
f 1181 1245 1180
f 1180 1245 1246
f 1180 1246 1179
f 1179 1246 1247
f 1179 1247 1178
f 1178 1247 1248
f 1178 1248 1177
f 1177 1248 1249
f 1177 1249 1176
f 1176 1249 1250
f 1176 1250 1175
f 1175 1250 1251
f 1175 1251 1174
f 1174 1251 1252
f 1174 1252 1173
f 1173 1252 1253
f 1173 1253 1172
f 1172 1253 1254
f 1172 1254 1171
f 1171 1254 1255
f 1171 1255 1170
f 1170 1255 1256
f 1170 1256 1169
f 1169 1256 1257
f 1169 1257 1168
f 1168 1257 1258
f 1168 1258 1167
f 1167 1258 1259
f 1167 1259 1166
f 1166 1259 1260
f 1166 1260 1165
f 1165 1260 1261
f 1165 1261 1164
f 1164 1261 1262
f 1164 1262 1163
f 1163 1262 1263
f 1163 1263 1162
f 1162 1263 1264
f 1162 1264 1161
f 1161 1264 1265
f 1161 1265 1160
f 1160 1265 1266
f 1160 1266 1159
f 1159 1266 1267
f 1159 1267 1158
f 1158 1267 1268
f 1158 1268 1157
f 1157 1268 1269
f 1157 1269 1155
f 1155 1269 1270
f 1155 1270 1156
f 1156 1270 1213
f 1270 1271 1213
f 1213 1271 1272
f 1213 1272 1214
f 1214 1272 1273
f 1214 1273 1215
f 1215 1273 1274
f 1215 1274 1216
f 1216 1274 1275
f 1216 1275 1217
f 1217 1275 1276
f 1217 1276 1218
f 1218 1276 1277
f 1218 1277 1219
f 1219 1277 1278
f 1219 1278 1220
f 1220 1278 1279
f 1220 1279 1221
f 1221 1279 1280
f 1221 1280 1222
f 1222 1280 1281
f 1222 1281 1223
f 1223 1281 1282
f 1223 1282 1224
f 1224 1282 1283
f 1224 1283 1225
f 1225 1283 1284
f 1225 1284 1226
f 1226 1284 1285
f 1226 1285 1227
f 1227 1285 1286
f 1227 1286 1228
f 1228 1286 1287
f 1228 1287 1229
f 1229 1287 1288
f 1229 1288 1230
f 1230 1288 1289
f 1230 1289 1231
f 1231 1289 1290
f 1231 1290 1232
f 1232 1290 1291
f 1232 1291 1233
f 1233 1291 1292
f 1233 1292 1234
f 1234 1292 1293
f 1234 1293 1235
f 1235 1293 1294
f 1235 1294 1236
f 1236 1294 1295
f 1236 1295 1237
f 1237 1295 1296
f 1237 1296 1238
f 1238 1296 1297
f 1238 1297 1239
f 1239 1297 1298
f 1239 1298 1240
f 1240 1298 1299
f 1240 1299 1241
f 1241 1299 1300
f 1241 1300 1242
f 1242 1300 1301
f 1242 1301 1243
f 1243 1301 1302
f 1243 1302 1244
f 1244 1302 1303
f 1244 1303 1245
f 1245 1303 1304
f 1245 1304 1246
f 1246 1304 1305
f 1246 1305 1247
f 1247 1305 1306
f 1247 1306 1248
f 1248 1306 1307
f 1248 1307 1249
f 1249 1307 1308
f 1249 1308 1250
f 1250 1308 1309
f 1250 1309 1251
f 1251 1309 1310
f 1251 1310 1252
f 1252 1310 1311
f 1252 1311 1253
f 1253 1311 1312
f 1253 1312 1254
f 1254 1312 1313
f 1254 1313 1255
f 1255 1313 1314
f 1255 1314 1256
f 1256 1314 1315
f 1256 1315 1257
f 1257 1315 1316
f 1257 1316 1258
f 1258 1316 1317
f 1258 1317 1259
f 1259 1317 1318
f 1259 1318 1260
f 1260 1318 1319
f 1260 1319 1261
f 1261 1319 1320
f 1261 1320 1262
f 1262 1320 1321
f 1262 1321 1263
f 1263 1321 1322
f 1263 1322 1264
f 1264 1322 1323
f 1264 1323 1265
f 1265 1323 1324
f 1265 1324 1266
f 1266 1324 1325
f 1266 1325 1267
f 1267 1325 1326
f 1267 1326 1268
f 1268 1326 1327
f 1268 1327 1269
f 1269 1327 1328
f 1269 1328 1270
f 1270 1328 1271
f 1328 1329 1271
f 1271 1329 1330
f 1271 1330 1272
f 1272 1330 1331
f 1272 1331 1273
f 1273 1331 1332
f 1273 1332 1274
f 1274 1332 1333
f 1274 1333 1275
f 1275 1333 1334
f 1275 1334 1276
f 1276 1334 1335
f 1276 1335 1277
f 1277 1335 1336
f 1277 1336 1278
f 1278 1336 1337
f 1278 1337 1279
f 1279 1337 1338
f 1279 1338 1280
f 1280 1338 1339
f 1280 1339 1281
f 1281 1339 1340
f 1281 1340 1282
f 1282 1340 1341
f 1282 1341 1283
f 1283 1341 1342
f 1283 1342 1284
f 1284 1342 1343
f 1284 1343 1285
f 1285 1343 1344
f 1285 1344 1286
f 1286 1344 1345
f 1286 1345 1287
f 1287 1345 1346
f 1287 1346 1288
f 1288 1346 1347
f 1288 1347 1289
f 1289 1347 1348
f 1289 1348 1290
f 1290 1348 1349
f 1290 1349 1291
f 1291 1349 1350
f 1291 1350 1292
f 1292 1350 1351
f 1292 1351 1293
f 1293 1351 1352
f 1293 1352 1294
f 1294 1352 1353
f 1294 1353 1295
f 1295 1353 1354
f 1295 1354 1296
f 1296 1354 1355
f 1296 1355 1297
f 1297 1355 1356
f 1297 1356 1298
f 1298 1356 1357
f 1298 1357 1299
f 1299 1357 1358
f 1299 1358 1300
f 1300 1358 1359
f 1300 1359 1301
f 1301 1359 1360
f 1301 1360 1302
f 1302 1360 1361
f 1302 1361 1303
f 1303 1361 1362
f 1303 1362 1304
f 1304 1362 1363
f 1304 1363 1305
f 1305 1363 1364
f 1305 1364 1306
f 1306 1364 1365
f 1306 1365 1307
f 1307 1365 1366
f 1307 1366 1308
f 1308 1366 1367
f 1308 1367 1309
f 1309 1367 1368
f 1309 1368 1310
f 1310 1368 1369
f 1310 1369 1311
f 1311 1369 1370
f 1311 1370 1312
f 1312 1370 1371
f 1312 1371 1313
f 1313 1371 1372
f 1313 1372 1314
f 1314 1372 1373
f 1314 1373 1315
f 1315 1373 1374
f 1315 1374 1316
f 1316 1374 1375
f 1316 1375 1317
f 1317 1375 1376
f 1317 1376 1318
f 1318 1376 1377
f 1318 1377 1319
f 1319 1377 1378
f 1319 1378 1320
f 1320 1378 1379
f 1320 1379 1321
f 1321 1379 1380
f 1321 1380 1322
f 1322 1380 1381
f 1322 1381 1323
f 1323 1381 1382
f 1323 1382 1324
f 1324 1382 1383
f 1324 1383 1325
f 1325 1383 1384
f 1325 1384 1326
f 1326 1384 1385
f 1326 1385 1327
f 1327 1385 1386
f 1327 1386 1328
f 1328 1386 1329
f 1386 1387 1329
f 1329 1387 1388
f 1329 1388 1330
f 1330 1388 1389
f 1330 1389 1331
f 1331 1389 1390
f 1331 1390 1332
f 1332 1390 1391
f 1332 1391 1333
f 1333 1391 1392
f 1333 1392 1334
f 1334 1392 1393
f 1334 1393 1335
f 1335 1393 1394
f 1335 1394 1336
f 1336 1394 1395
f 1336 1395 1337
f 1337 1395 1396
f 1337 1396 1338
f 1338 1396 1397
f 1338 1397 1339
f 1339 1397 1398
f 1339 1398 1340
f 1340 1398 1399
f 1340 1399 1341
f 1341 1399 1400
f 1341 1400 1342
f 1342 1400 1401
f 1342 1401 1343
f 1343 1401 1402
f 1343 1402 1344
f 1344 1402 1403
f 1344 1403 1345
f 1345 1403 1404
f 1345 1404 1346
f 1346 1404 1405
f 1346 1405 1347
f 1347 1405 1406
f 1347 1406 1348
f 1348 1406 1407
f 1348 1407 1349
f 1349 1407 1408
f 1349 1408 1350
f 1350 1408 1409
f 1350 1409 1351
f 1351 1409 1410
f 1351 1410 1352
f 1352 1410 1411
f 1352 1411 1353
f 1353 1411 1412
f 1353 1412 1354
f 1354 1412 1413
f 1354 1413 1355
f 1355 1413 1414
f 1355 1414 1356
f 1356 1414 1415
f 1356 1415 1357
f 1357 1415 1416
f 1357 1416 1358
f 1358 1416 1417
f 1358 1417 1359
f 1359 1417 1418
f 1359 1418 1360
f 1360 1418 1419
f 1360 1419 1361
f 1361 1419 1420
f 1361 1420 1362
f 1362 1420 1421
f 1362 1421 1363
f 1363 1421 1422
f 1363 1422 1364
f 1364 1422 1423
f 1364 1423 1365
f 1365 1423 1424
f 1365 1424 1366
f 1366 1424 1425
f 1366 1425 1367
f 1367 1425 1426
f 1367 1426 1368
f 1368 1426 1427
f 1368 1427 1369
f 1369 1427 1428
f 1369 1428 1370
f 1370 1428 1429
f 1370 1429 1371
f 1371 1429 1430
f 1371 1430 1372
f 1372 1430 1431
f 1372 1431 1373
f 1373 1431 1432
f 1373 1432 1374
f 1374 1432 1433
f 1374 1433 1375
f 1375 1433 1434
f 1375 1434 1376
f 1376 1434 1435
f 1376 1435 1377
f 1377 1435 1436
f 1377 1436 1378
f 1378 1436 1437
f 1378 1437 1379
f 1379 1437 1438
f 1379 1438 1380
f 1380 1438 1439
f 1380 1439 1381
f 1381 1439 1440
f 1381 1440 1382
f 1382 1440 1441
f 1382 1441 1383
f 1383 1441 1442
f 1383 1442 1384
f 1384 1442 1443
f 1384 1443 1385
f 1385 1443 1444
f 1385 1444 1386
f 1386 1444 1387
f 1444 29 1387
f 1387 29 28
f 1387 28 1388
f 1388 28 12
f 1388 12 1389
f 1389 12 11
f 1389 11 1390
f 1390 11 31
f 1390 31 1391
f 1391 31 33
f 1391 33 1392
f 1392 33 63
f 1392 63 1393
f 1393 63 62
f 1393 62 1394
f 1394 62 66
f 1394 66 1395
f 1395 66 65
f 1395 65 1396
f 1396 65 69
f 1396 69 1397
f 1397 69 68
f 1397 68 1398
f 1398 68 67
f 1398 67 1399
f 1399 67 44
f 1399 44 1400
f 1400 44 43
f 1400 43 1401
f 1401 43 2
f 1401 2 1402
f 1402 2 1
f 1402 1 1403
f 1403 1 5
f 1403 5 1404
f 1404 5 7
f 1404 7 1405
f 1405 7 8
f 1405 8 1406
f 1406 8 10
f 1406 10 1407
f 1407 10 17
f 1407 17 1408
f 1408 17 16
f 1408 16 1409
f 1409 16 36
f 1409 36 1410
f 1410 36 35
f 1410 35 1411
f 1411 35 39
f 1411 39 1412
f 1412 39 38
f 1412 38 1413
f 1413 38 37
f 1413 37 1414
f 1414 37 19
f 1414 19 1415
f 1415 19 18
f 1415 18 1416
f 1416 18 22
f 1416 22 1417
f 1417 22 24
f 1417 24 1418
f 1418 24 25
f 1418 25 1419
f 1419 25 27
f 1419 27 1420
f 1420 27 40
f 1420 40 1421
f 1421 40 42
f 1421 42 1422
f 1422 42 72
f 1422 72 1423
f 1423 72 71
f 1423 71 1424
f 1424 71 75
f 1424 75 1425
f 1425 75 74
f 1425 74 1426
f 1426 74 73
f 1426 73 1427
f 1427 73 48
f 1427 48 1428
f 1428 48 51
f 1428 51 1429
f 1429 51 50
f 1429 50 1430
f 1430 50 54
f 1430 54 1431
f 1431 54 53
f 1431 53 1432
f 1432 53 78
f 1432 78 1433
f 1433 78 77
f 1433 77 1434
f 1434 77 85
f 1434 85 1435
f 1435 85 84
f 1435 84 1436
f 1436 84 83
f 1436 83 1437
f 1437 83 79
f 1437 79 1438
f 1438 79 81
f 1438 81 1439
f 1439 81 82
f 1439 82 1440
f 1440 82 57
f 1440 57 1441
f 1441 57 60
f 1441 60 1442
f 1442 60 59
f 1442 59 1443
f 1443 59 58
f 1443 58 1444
f 1444 58 29
f 1445 1446 1447
f 1447 1446 1448
f 1447 1448 1449
f 1449 1448 1450
f 1449 1450 1451
f 1451 1450 1452
f 1451 1452 1453
f 1453 1452 1454
f 1453 1454 1455
f 1455 1454 1456
f 1455 1456 1457
f 1457 1456 1458
f 1457 1458 1459
f 1459 1458 1460
f 1459 1460 1461
f 1461 1460 1462
f 1461 1462 1463
f 1463 1462 1464
f 1463 1464 1465
f 1465 1464 1466
f 1465 1466 1467
f 1467 1466 1468
f 1467 1468 1469
f 1469 1468 1470
f 1469 1470 1471
f 1471 1470 1472
f 1471 1472 1473
f 1473 1472 1474
f 1473 1474 1475
f 1475 1474 1476
f 1475 1476 1477
f 1477 1476 1478
f 1477 1478 1479
f 1479 1478 1480
f 1479 1480 1481
f 1481 1480 1482
f 1481 1482 1483
f 1483 1482 1484
f 1483 1484 1485
f 1485 1484 1486
f 1485 1486 1487
f 1487 1486 1488
f 1487 1488 1489
f 1489 1488 1490
f 1489 1490 1491
f 1491 1490 1492
f 1491 1492 1445
f 1445 1492 1446
f 1472 1470 1493
f 1493 1470 1468
f 1493 1468 1466
f 1478 1476 1493
f 1493 1476 1474
f 1493 1474 1472
f 1484 1482 1493
f 1493 1482 1480
f 1493 1480 1478
f 1490 1488 1493
f 1493 1488 1486
f 1493 1486 1484
f 1448 1446 1493
f 1493 1446 1492
f 1493 1492 1490
f 1454 1452 1493
f 1493 1452 1450
f 1493 1450 1448
f 1460 1458 1493
f 1493 1458 1456
f 1493 1456 1454
f 1466 1464 1493
f 1493 1464 1462
f 1493 1462 1460
f 1465 1467 1494
f 1494 1467 1469
f 1494 1469 1471
f 1459 1461 1494
f 1494 1461 1463
f 1494 1463 1465
f 1453 1455 1494
f 1494 1455 1457
f 1494 1457 1459
f 1447 1449 1494
f 1494 1449 1451
f 1494 1451 1453
f 1489 1491 1494
f 1494 1491 1445
f 1494 1445 1447
f 1483 1485 1494
f 1494 1485 1487
f 1494 1487 1489
f 1477 1479 1494
f 1494 1479 1481
f 1494 1481 1483
f 1471 1473 1494
f 1494 1473 1475
f 1494 1475 1477
