v 0.0118815248 -0.000749600663 -0.0035609939
v 0.0120945518 -0.000802529588 -0.00273701929
v 0.00910108736 -0.00372399165 -0.00296005987
v 0.00930684259 -0.0037913449 -0.00211391233
v 0.0116081779 -0.000762356057 -0.00436839842
v 0.00876742056 -0.00379825903 -0.00376364969
v 0.0112773721 -0.00084067656 -0.00515041136
v 0.00832253149 -0.00401045157 -0.00448462748
v 0.00778871229 -0.00434995963 -0.00508663439
v 0.00946503332 -0.00178099944 -0.00785205149
v 0.00287228277 -0.0117825396 0.00270858027
v 0.00241594961 -0.0120192893 0.00202825285
v 0.00477557829 -0.00908781363 0.000256683598
v 0.00433068922 -0.00930000617 -0.000464174976
v 0.012304837 -0.00164843871 0.000535275708
v 0.00929992845 -0.00433076693 -0.000464174976
v 0.00937419584 -0.00399710013 -0.00126788401
v 0.0122447555 -0.000920546784 -0.00190601133
v 0.0123303478 -0.00110246016 -0.00107738756
v 0.0123504942 -0.00134600474 -0.000260565509
v 0.00998168638 -0.00145651175 -0.00725648188
v 0.0104595964 -0.00118972136 -0.00660261892
v 0.0108930414 -0.000983608498 -0.00589797281
v 0.0020064657 -0.0121940501 0.00130119539
v 0.0016484802 -0.0123047955 0.000535275708
v 0.00399702242 -0.00937427355 -0.00126788401
v 0.0121939724 -0.00200654341 0.00130119539
v 0.0120192116 -0.00241602732 0.00202825285
v 0.00908773592 -0.004775656 0.000256683598
v 0.00719278505 -0.00479973628 -0.00553962969
v 0.00833862474 -0.00258780791 -0.00884208464
v 0.00891524007 -0.00215948893 -0.00838265203
v 0.00656443288 -0.00533713175 -0.0058208444
v 0.00713139227 -0.00357354952 -0.0095281341
v 0.00774186304 -0.00306083037 -0.00922546171
v 0.0117824619 -0.00287236048 0.00270858027
v 0.0114864652 -0.00337029768 0.00333407141
v 0.00874822786 -0.0053094752 0.00085869051
v 0.00145655325 -0.00998176409 -0.00725648188
v 0.00178104093 -0.00946499182 -0.00785205149
v 0.00401037386 -0.0083226092 -0.00448462748
v 0.00434988191 -0.00778867079 -0.00508663439
v 0.00379818132 -0.00876749827 -0.00376364969
v 0.00372391393 -0.00910116507 -0.00296005987
v 0.000762278344 -0.0116081364 -0.00436839842
v 0.00337033918 -0.0114864237 0.00333407141
v 0.00530939748 -0.00874830557 0.00085869051
v 0.00390427759 -0.0111343987 0.00389793135
v 0.00446825674 -0.0107305176 0.00439372278
v 0.00590544393 -0.00829852892 0.00131168581
v 0.00505583933 -0.0102791913 0.00481572367
v 0.00215953043 -0.00891519858 -0.00838265203
v 0.00258773019 -0.00833870245 -0.00884208464
v 0.00479965856 -0.00719274355 -0.00553962969
v 0.000840598847 -0.0112774499 -0.00515041136
v 0.000983649994 -0.0108931191 -0.00589797281
v 0.00118976286 -0.0104595549 -0.00660261892
v 0.00379138639 -0.00930680109 -0.00211391233
v 0.000802571084 -0.0120945103 -0.00273701929
v 0.00074952295 -0.0118816025 -0.0035609939
v 0.00134592703 -0.0123504527 -0.000260565509
v 0.00110238245 -0.0123303063 -0.00107738756
v 0.00092058828 -0.012244714 -0.00190601133
v 0.00566034963 -0.0097855456 0.00515916563
v 0.00653367689 -0.00776101424 0.00159290052
v 0.00627487352 -0.00925530268 0.00542023397
v 0.00716274431 -0.00716270281 0.00168826796
v 0.00776105573 -0.0065337546 0.00159290052
v 0.00869434526 -0.00689245535 0.00559594847
v 0.00593548467 -0.00593544318 -0.00591621183
v 0.00589793375 -0.00469375922 -0.00987908625
v 0.00651448419 -0.0041198857 -0.00974688314
v 0.00533717325 -0.0065645106 -0.0058208444
v 0.00469380071 -0.00589789225 -0.00987908625
v 0.00528877428 -0.00528873278 -0.00992331289
v 0.00306087186 -0.00774182154 -0.00922546171
v 0.00357359102 -0.00713146998 -0.0095281341
v 0.00411992719 -0.0065144427 -0.00974688314
v 0.00810914686 -0.00750626399 0.00568440176
v 0.00750618627 -0.00810910536 0.00568440176
v 0.00689249685 -0.00869442297 0.00559594847
v 0.00829845121 -0.00590540244 0.00131168581
v 0.0097855871 -0.00566030814 0.00515916563
v 0.00925534418 -0.00627483202 0.00542023397
v 0.0111344402 -0.0039043553 0.00389793135
v 0.0107304399 -0.00446833445 0.00439372278
v 0.0102791136 -0.00505579783 0.00481572367
v 0.00385349443 -0.00520695521 -0.0106451251
v 0.00325077226 -0.00585461928 -0.0105062463
v 0.00148504427 -0.00415994002 -0.0101948717
v 0.00320845297 -0.00590003802 -0.0104964712
v 0.00265472582 -0.00652529074 -0.0102748611
v 0.000872308518 -0.00484908892 -0.00995847963
v 0.00259428671 -0.00659347846 -0.0102506616
v 0.00209360769 -0.00718964411 -0.00995502256
v 0.000295216347 -0.00553180052 -0.00963113092
v 0.00201814821 -0.00727952792 -0.00991043829
v 0.00157337835 -0.00784052683 -0.00955018782
v -0.000239914154 -0.00620092226 -0.00921616339
v 0.00148635557 -0.0079504378 -0.00947961592
v 0.00109964063 -0.00847102477 -0.00906464838
v -0.000727599357 -0.00684930159 -0.00871798777
v 0.00100498846 -0.0085984595 -0.00896308207
v 0.000677043702 -0.00907470061 -0.00850353025
v -0.00116247485 -0.00747014357 -0.00814208769
v 0.000579530503 -0.00921644045 -0.00836667799
v 0.000310355927 -0.00964499785 -0.0078727939
v -0.00154001067 -0.00805677248 -0.00749430441
v 0.000214750077 -0.00979722811 -0.00769731783
v 3.39200642e-06 -0.0101758368 -0.00717923426
v -0.0018561537 -0.00860298945 -0.00678155207
v -8.50612864e-05 -0.0103343852 -0.00696239256
v -0.000240748619 -0.0106618531 -0.00642988466
v -0.0021076853 -0.00910307242 -0.00601146006
v -0.000316684936 -0.0108215935 -0.00617024683
v -0.000419562553 -0.0110978015 -0.00563297056
v -0.00229186365 -0.00955165698 -0.00519225382
v -0.000477498268 -0.011253608 -0.00533005976
v -0.000530904029 -0.011479152 -0.0047968366
v -0.0024066622 -0.00994409396 -0.00433251642
v -0.000565474723 -0.0116253026 -0.00445112967
v -0.000573700164 -0.0118017323 -0.00393030428
v -0.00245100806 -0.0102759726 -0.00344130777
v -0.000579899047 -0.0119326241 -0.00354347013
v -0.00054759333 -0.0120622046 -0.00304243349
v -0.00242430518 -0.0105440743 -0.00252828382
v 9.05339971e-05 -0.0124597676 0.000166203747
v 0.000229889657 -0.0124386675 0.000532772313
v -0.00162453005 -0.0109310277 0.00114872671
v 0.000430518891 -0.0124085076 0.00106075026
v 0.000582272316 -0.0123615391 0.00138535715
v -0.00126177618 -0.0108513959 0.00202539183
v 0.000832969452 -0.0122839339 0.00192167975
v 0.000991398598 -0.012216223 0.00220289446
v -0.000840848182 -0.010701669 0.00286593653
v 0.00129323652 -0.012087477 0.00273897863
v 0.00145297697 -0.0120045073 0.00297703959
v -0.000365799163 -0.010483516 0.00366165854
v 0.00180619409 -0.0118212826 0.00350358702
v 0.00196211984 -0.011728657 0.00369944788
v 0.000158006455 -0.010199321 0.00440397478
v 0.00236588171 -0.0114885695 0.00420668341
v 0.00251346281 -0.0113912947 0.00436248995
v 0.000725204255 -0.00985194518 0.00508513666
v 0.00296610048 -0.0110929139 0.0048405192
v 0.0031011646 -0.0109961159 0.00495925165
v 0.00132971456 -0.00944520308 0.00569787241
v 0.00360005548 -0.0106388457 0.00539770342
v 0.00371902635 -0.0105474122 0.00548317648
v 0.00196521928 -0.00898338629 0.00623562552
v 0.00426047495 -0.010131491 0.00587203718
v 0.00436061075 -0.0100497134 0.00592901922
v 0.00262480428 -0.00847126318 0.00669279314
v 0.00493984869 -0.00957669093 0.00625815607
v 0.00501912286 -0.009508384 0.00629177309
v 0.00330167463 -0.00791443659 0.00706448771
v 0.00563066652 -0.00898076369 0.00655164934
v 0.00568752935 -0.00892902686 0.0065677426
v 0.00398843935 -0.00731874777 0.0073467753
v 0.00632482221 -0.00835026576 0.00674905993
v 0.00635879686 -0.00831784083 0.00675394751
v 0.00467806509 -0.00669039561 0.00753655649
v 0.00701468637 -0.00769234969 0.00684836126
v 0.00702577284 -0.00768126322 0.00684836126
v 0.00536304166 -0.00603629424 0.00763204313
v 0.00769239118 -0.00701476408 0.00684836126
v 0.00831788232 -0.00635875536 0.00675394751
v 0.0066904371 -0.00467802359 0.00753655649
v 0.00835018804 -0.00632489993 0.00674905993
v 0.00892906835 -0.00568748785 0.0065677426
v 0.00731878927 -0.00398851706 0.0073467753
v 0.00898068597 -0.00563062502 0.00655164934
v 0.0095084255 -0.00501908137 0.00629177309
v 0.00791447809 -0.00330163313 0.00706448771
v 0.00957673242 -0.0049399264 0.00625815607
v 0.0100497549 -0.00436068846 0.00592901922
v 0.00847130468 -0.002624882 0.00669279314
v 0.0101315325 -0.00426043345 0.00587203718
v 0.0105474537 -0.00371910407 0.00548317648
v 0.00898342779 -0.00196517779 0.00623562552
v 0.0106388872 -0.00360001399 0.00539770342
v 0.0109961574 -0.00310112311 0.00495925165
v 0.00944524458 -0.00132979228 0.00569787241
v 0.0110928362 -0.00296617819 0.0048405192
v 0.0113913362 -0.00251342131 0.00436248995
v 0.00985198667 -0.000725162759 0.00508513666
v 0.0114884918 -0.00236595942 0.00420668341
v 0.0117285793 -0.00196207835 0.00369944788
v 0.0101993625 -0.000157964959 0.00440397478
v 0.0118213241 -0.0018061526 0.00350358702
v 0.0120045488 -0.00145293547 0.00297703959
v 0.0104835575 0.000365840659 0.00366165854
v 0.0120873993 -0.00129319502 0.00273897863
v 0.0122162645 -0.000991357102 0.00220289446
v 0.0107017105 0.000840770469 0.00286593653
v 0.0122838562 -0.000832927956 0.00192167975
v 0.0123614614 -0.00058223082 0.00138535715
v 0.0108514374 0.00126181768 0.00202539183
v 0.0124084299 -0.000430477395 0.00106075026
v 0.012438709 -0.000229848161 0.000532772313
v 0.0109310692 0.00162445234 0.00114872671
v 0.0124596899 -9.04925011e-05 0.000166203747
v 0.0124470537 6.20953896e-05 -0.000345561733
v 0.0109398906 0.00192485975 0.000245358715
v 0.0124370401 0.000183212028 -0.000751946201
v 0.0123866146 0.000290500388 -0.00124058508
v 0.0108777826 0.00215982126 -0.000675056209
v 0.0116253441 0.000565516219 -0.00445112967
v 0.0114790743 0.000530826316 -0.0047968366
v 0.00994401624 0.0024067037 -0.00433251642
v 0.0112535303 0.000477420554 -0.00533005976
v 0.011097843 0.00041948484 -0.00563297056
v 0.00955169847 0.00229190515 -0.00519225382
v 0.010821635 0.000316726432 -0.00617024683
v 0.0106618946 0.000240790115 -0.00642988466
v 0.00910311391 0.0021077268 -0.00601146006
v 0.0103343075 8.51027824e-05 -0.00696239256
v 0.0101758783 -3.3505104e-06 -0.00717923426
v 0.00860303095 0.0018561952 -0.00678155207
v 0.00979726961 -0.000214708581 -0.00769731783
v 0.00964492014 -0.00031043364 -0.0078727939
v 0.00805681398 0.00154005216 -0.00749430441
v 0.00921648195 -0.000579489007 -0.00836667799
v 0.00907462289 -0.000677121415 -0.00850353025
v 0.00747006586 0.00116251634 -0.00814208769
v 0.00859850099 -0.00100494696 -0.00896308207
v 0.00847106626 -0.00109959914 -0.00906464838
v 0.00684934309 0.000727521644 -0.00871798777
v 0.00795036009 -0.00148631407 -0.00947961592
v 0.00784044912 -0.00157345606 -0.00955018782
v 0.00620096376 0.00023995565 -0.00921616339
v 0.00727956941 -0.00201810671 -0.00991043829
v 0.0071895664 -0.0020936854 -0.00995502256
v 0.00553184202 -0.000295174851 -0.00963113092
v 0.00659351995 -0.00259436442 -0.0102506616
v 0.00652533224 -0.00265468432 -0.0102748611
v 0.00484901121 -0.000872267022 -0.00995847963
v 0.0058999603 -0.00320841147 -0.0104964712
v 0.00585454157 -0.00325073077 -0.0105062463
v 0.00415998151 -0.00148512198 -0.0101948717
v 0.0052069967 -0.00385357214 -0.0106451251
v 0.00518458536 -0.00387538744 -0.0106466749
v 0.00347178629 -0.00212718321 -0.0103376844
v -0.00420016596 -0.00174893214 0.00902798391
v -0.00586849997 2.20410683e-05 0.00943436838
v -0.00652808497 -0.00049008204 0.00897720076
v -0.000561302398 0.00711511301 -0.00715992235
v -0.0022924597 0.0087332599 -0.00647470736
v -0.00164396117 0.00922094511 -0.00597653173
v -0.00802428076 0.00667081998 -0.00681111597
v -0.00800234625 0.00669323133 -0.0068127849
v -0.00636619875 0.00502155946 -0.00759622835
v -0.0120610649 -0.000559342637 0.00308206297
v -0.0121682341 -0.000508797898 0.00259342409
v -0.0106532032 -0.00238443686 0.00206651903
v -0.00624722788 0.00289713071 0.0103855393
v -0.00685865233 0.00236939119 0.0101257823
v -0.00519162962 0.00057886766 0.00980606295
v -0.00555295298 0.00352762865 0.0105830691
v -0.00619036505 0.00294874834 0.0104017518
v -0.00450486491 0.00117455648 0.0100882313
v -0.00486308882 0.00418542551 0.0106823704
v -0.00551897833 0.00355993436 0.0105879567
v -0.00381523917 0.00180290864 0.0102781317
v -0.00452226946 0.00452219175 0.0106948874
v -0.00485188315 0.00419639276 0.0106828473
v -0.00313026259 0.00245712923 0.0103736184
v -0.00418538401 0.00486301111 0.0106823704
v -0.00419647047 0.00485192464 0.0106828473
v -0.00245708773 0.00313030408 0.0103736184
v 5.48904195e-05 0.0124575965 0.000290539036
v 0.000184351708 0.01242541 0.00079157568
v 0.00205069235 0.0109176509 0.000213291417
v -0.00528437445 0.00928341077 -0.00641665243
v -0.00468820879 0.009784209 -0.00612101339
v -0.00296158144 0.0081981294 -0.00688967489
v -0.00597781489 0.00866936372 -0.00666246199
v -0.00535244295 0.00922309087 -0.00644085192
v -0.00364429304 0.00762103723 -0.0072170236
v -0.00667077849 0.00802432226 -0.00681111597
v -0.00602323363 0.00862704443 -0.00667223715
v -0.00433344195 0.00700830148 -0.00745341562
v -0.00459820578 0.00985966848 -0.00607642912
v -0.00403732607 0.0103043191 -0.00571617865
v -0.00392741511 0.0103914611 -0.00564560675
v -0.00340670893 0.0107781761 -0.00523063921
v -0.0032792742 0.0108728282 -0.00512907289
v -0.0028031523 0.0112006538 -0.00466952108
v -0.0010232384 0.00965582059 -0.00540051245
v -0.00266141245 0.0112982862 -0.00453278803
v -0.00223285506 0.0115674608 -0.00403890394
v -0.000436609481 0.0100333564 -0.00475272917
v -0.00208050558 0.0116630666 -0.00386330866
v -0.00170189688 0.0118744247 -0.00334522509
v 0.000109726693 0.0103494994 -0.00403997683
v -0.00154346773 0.011962878 -0.00312838339
v -0.00121588061 0.0121185653 -0.0025959947
v 0.000609809662 0.0106010311 -0.00327000402
v -0.00105614016 0.0121945016 -0.00233635687
v -0.000779932235 0.01229726 -0.0017990806
v 0.00105839422 0.0107852094 -0.00245067858
v -0.000624244903 0.012355315 -0.00149605059
v -0.000398700927 0.0124087207 -0.000962827434
v 0.00145071199 0.0109000079 -0.00159094118
v -0.000252431129 0.0124432914 -0.000617120494
v -7.61205897e-05 0.0124515169 -9.62951084e-05
v 0.00178270986 0.0109443538 -0.000699851741
v 0.000380093361 0.0123306386 0.00169124819
v 0.000463063027 0.0122654312 0.00215068079
v 0.00238447836 0.0106532447 0.00206651903
v 0.000508839394 0.0121682756 0.00259342409
v 0.000559264924 0.0120609872 0.00308206297
v 0.0024465864 0.010418164 0.00298693396
v 0.000569278504 0.0119398706 0.00348844744
v 0.000581914689 0.0117872827 0.00400021292
v 0.00243776491 0.0101177566 0.00389030195
v 0.000560933854 0.011647927 0.00436678148
v 0.000530654694 0.0114472978 0.00489475943
v 0.00235801389 0.00975512193 0.00476684786
v 0.000483686234 0.0112955444 0.00521924711
v 0.000406080987 0.0110448472 0.00575556971
v 0.00220840624 0.00933407472 0.00560751177
v 0.000338489319 0.0108864181 0.00603690363
v 0.000209624077 0.0105845802 0.0065729878
v 0.00199025324 0.00885914491 0.00640323378
v 0.000126773621 0.0104248397 0.00681104876
v -5.64510569e-05 0.0100716226 0.00733747698
v 0.00170593908 0.00833533929 0.00714555002
v -0.000149195884 0.00991569685 0.00753345705
v -0.000389283393 0.00951193498 0.00804069258
v 0.00135868242 0.00776814149 0.0078267119
v -0.000486558174 0.00936435388 0.00819649912
v -0.000784939025 0.00891171621 0.00867452837
v 0.000951940323 0.00716363119 0.00843944765
v -0.000881617759 0.00877665208 0.00879314161
v -0.00123900721 0.00827776121 0.00923171259
v 0.000490004326 0.00652812646 0.00897720076
v -0.00133044073 0.00815867113 0.00931718565
v -0.00174624274 0.00761734174 0.00970604635
v -2.19995723e-05 0.00586854146 0.00943436838
v -0.00182802031 0.00751720594 0.00976290918
v -0.00230104277 0.006937968 0.0100921652
v -0.000578826164 0.00519167112 0.00980606295
v -0.0023694689 0.00685869382 0.0101257823
v -0.00289708922 0.00624715017 0.0103855393
v -0.00117463419 0.00450478719 0.0100882313
v -0.00294870684 0.00619028734 0.0104017518
v -0.00352758715 0.00555287527 0.0105830691
v -0.00180286715 0.00381528066 0.0102781317
v -0.00355989287 0.00551901983 0.0105879567
v -0.00693792651 0.00230108427 0.0100921652
v -0.00751716444 0.0018280618 0.00976290918
v -0.00761730025 0.00174628423 0.00970604635
v -0.00815874884 0.00133036302 0.00931718565
v -0.00827771971 0.0012389295 0.00923171259
v -0.00877661059 0.000881659255 0.00879314161
v -0.00716358969 -0.000951898827 0.00843944765
v -0.00891167471 0.000784861312 0.00867452837
v -0.00936431239 0.00048648046 0.00819649912
v -0.0077681 -0.00135864092 0.0078267119
v -0.00951189349 0.00038920568 0.00804069258
v -0.00991565535 0.00014923738 0.00753345705
v -0.0083352978 -0.00170601679 0.00714555002
v -0.0100717003 5.6492553e-05 0.00733747698
v -0.0104247982 -0.000126732125 0.00681104876
v -0.00885922263 -0.00199021174 0.00640323378
v -0.0105845387 -0.000209582581 0.0065729878
v -0.0108863766 -0.000338447823 0.00603690363
v -0.00933415243 -0.00220836474 0.00560751177
v -0.0110448057 -0.000406039491 0.00575556971
v -0.0112955029 -0.000483644738 0.00521924711
v -0.00975519965 -0.00235809161 0.00476684786
v -0.0114472563 -0.000530613198 0.00489475943
v -0.0116480047 -0.000560892358 0.00436678148
v -0.0101178343 -0.00243772341 0.00389030195
v -0.0117872412 -0.000581873193 0.00400021292
v -0.0119398291 -0.000569356217 0.00348844744
v -0.0104182417 -0.0024465449 0.00298693396
v -0.0123307163 -0.000380051865 0.00169124819
v -0.0123981888 -0.000294221177 0.00121667601
v -0.0109177286 -0.00205077006 0.000213291417
v -0.0124254877 -0.000184429421 0.00079157568
v -0.0124576742 -5.48489235e-05 0.000290539036
v -0.0109443123 -0.00178266837 -0.000699851741
v -0.0124515946 7.61620857e-05 -9.62951084e-05
v -0.0124432499 0.000252472625 -0.000617120494
v -0.0109000857 -0.00145067049 -0.00159094118
v -0.0124086792 0.000398742423 -0.000962827434
v -0.0123552735 0.00062416719 -0.00149605059
v -0.0107851679 -0.00105835272 -0.00245067858
v -0.0122973377 0.000779973731 -0.0017990806
v -0.0121945793 0.00105618166 -0.00233635687
v -0.0106009896 -0.000609768166 -0.00327000402
v -0.012118643 0.0012159221 -0.0025959947
v -0.0119629557 0.00154350923 -0.00312838339
v -0.0103495772 -0.000109685197 -0.00403997683
v -0.0118745024 0.00170193838 -0.00334522509
v -0.0116630251 0.00208054708 -0.00386330866
v -0.0100333149 0.000436531768 -0.00475272917
v -0.0115674193 0.00223289655 -0.00403890394
v -0.0112983639 0.00266133474 -0.00453278803
v -0.0096557791 0.00102316068 -0.00540051245
v -0.0112007315 0.00280319379 -0.00466952108
v -0.0108729059 0.0032793157 -0.00512907289
v -0.00922090361 0.00164400266 -0.00597653173
v -0.0107782538 0.00340675043 -0.00523063921
v -0.0103915388 0.00392733739 -0.00564560675
v -0.00873333762 0.00229238199 -0.00647470736
v -0.0103043968 0.00403736757 -0.00571617865
v -0.00985974619 0.00459824728 -0.00607642912
v -0.00819808791 0.00296150373 -0.00688967489
v -0.0097841675 0.00468813108 -0.00612101339
v -0.00928348849 0.00528429674 -0.00641665243
v -0.00762111494 0.00364421533 -0.0072170236
v -0.00922304938 0.00535248445 -0.00644085192
v -0.00866932223 0.00597785638 -0.00666246199
v -0.00700825999 0.00433336423 -0.00745341562
v -0.00862712214 0.00602315591 -0.00667223715
v -0.00124222586 0.00657056497 -0.00758216166
v 0.000468665864 0.00490568803 -0.00820324205
v -0.00351137469 -0.00118233038 0.00940623499
v -0.0018201525 -0.00291408373 0.00893166281
v -0.00193685839 0.00598345922 -0.00791535162
v -0.00023204634 0.00431345628 -0.00853929304
v 0.00146847417 0.00261293577 -0.00908813261
v -0.00281256983 -0.000576151147 0.00969341017
v -0.00111526797 -0.00230265929 0.00922134138
v 0.000585252549 -0.0040031798 0.0086723826
v -0.00263804743 0.00535987543 -0.00815579676
v -0.000939315055 0.00368450807 -0.00878188395
v 0.00076120546 0.00198398756 -0.00933072351
v 0.00246160677 0.000260221229 -0.00980195784
v -0.00211090395 6.31682732e-05 0.00988664843
v -0.000407522415 -0.00165785624 0.00941612936
v 0.0012929981 -0.00335825755 0.00886728979
v 0.00298875024 -0.00503648592 0.00824048735
v -0.00669330904 0.00800238775 -0.0068127849
v -0.00502163718 0.00636612104 -0.00759622835
v -0.00333840201 0.00470648931 -0.00830123209
v -0.00164551089 0.00302551912 -0.00892839216
v 5.48904195e-05 0.0013249986 -0.00947735094
v 0.0017613714 -0.000393164887 -0.00994727396
v -0.00141388724 0.000728832946 0.00998368479
v 0.000295573975 -0.000986350312 0.0095141194
v 0.00199597528 -0.00268687083 0.00896516062
v 0.00368576696 -0.00437082125 0.00833764292
v 0.00895767858 0.00423811601 -0.00200078272
v 0.0105441158 0.00242434667 -0.00252828382
v 0.0102760141 0.00245104955 -0.00344130777
v -0.00396901915 -0.00929726435 -0.000115130176
v -0.00215989897 -0.0108777411 -0.000675056209
v -0.00192493746 -0.0109398492 0.000245358715
v -0.00735563586 0.00735555814 -0.00686082624
v -0.00570160696 0.00570152925 -0.00764403128
v -0.00403029272 0.00403021501 -0.00834975027
v -0.00234348128 0.00234340356 -0.00897750639
v -0.000642960762 0.000642883048 -0.00952634596
v 0.00106936147 -0.00106943919 -0.00999591135
v 0.00279169729 -0.002791775 -0.0103854873
v 0.00452225855 -0.00452221705 -0.0106948354
v 9.84018102e-05 0.00761126207 -0.00665304445
v 0.00115543058 0.00545488523 -0.00777742647
v 0.00216918638 0.00320516752 -0.00875220083
v 0.00316279581 0.000883685813 -0.00956139349
v 0.000730091836 0.00805376695 -0.00606701158
v 0.00182085683 0.00595532583 -0.00726613783
v 0.0028559511 0.00375436471 -0.00832626604
v 0.00385754755 0.00147091077 -0.00922832273
v 0.00132709196 0.00843797849 -0.00540778421
v 0.00245803049 0.00640164541 -0.00667497896
v 0.00352137735 0.00425480531 -0.0078149774
v 0.0045383518 0.00201545881 -0.00880608343
v 0.00188284567 0.00875972436 -0.00468263411
v 0.0030600374 0.00678919481 -0.00601014875
v 0.004158551 0.00470112489 -0.00722381853
v 0.00519817522 0.00251160787 -0.00829920553
v 0.00239175012 0.00901566671 -0.00389907145
v 0.00362067869 0.00711368249 -0.00527868055
v 0.00476055792 0.00508867429 -0.00655898832
v 0.00582986524 0.00295411275 -0.00771305346
v 0.00284820249 0.00920306371 -0.00306544088
v 0.00413399389 0.00737177061 -0.00448832296
v 0.0053211992 0.00541316198 -0.00582763933
v 0.00642674616 0.00333832429 -0.00705394529
v 0.0032474344 0.00931988882 -0.00219056391
v 0.00459438017 0.00756083654 -0.00364753984
v 0.0058343952 0.00567125009 -0.00503728174
v 0.00698261907 0.00366007017 -0.00632867598
v 0.00358527353 0.00936494993 -0.00128385805
v 0.00499706915 0.00767873453 -0.00276515268
v 0.00629478147 0.00586031602 -0.00419649862
v 0.00749140432 0.00391601251 -0.00554511332
v 0.00385802438 0.00933788942 -0.000354740848
v 0.0053377693 0.00772415327 -0.00185057901
v 0.00669747045 0.00597821401 -0.00331411146
v 0.00794785669 0.00410340951 -0.00471160196
v 0.00561278513 0.00769673513 -0.000913474788
v 0.0070381706 0.00602363275 -0.00239953779
v 0.0083470886 0.00422023462 -0.00383672499
v 0.00731330564 0.00599621461 -0.00146243357
v 0.00868492773 0.00426529573 -0.00292989992
v 0.0118016546 0.00057374166 -0.00393030428
v 0.0123408382 0.000387655959 -0.00168332838
v 0.0122578686 0.000452863441 -0.00214264177
v 0.0107453411 0.00232695268 -0.00160286211
v 0.00916248014 0.00413905309 -0.00105926775
v 0.00751989534 0.00589631723 -0.000512693157
v 0.00581937483 0.00759683774 3.62656215e-05
v 0.00406282594 0.00923870729 0.00058689333
v 0.00225203684 0.0108202569 0.00113859392
v 0.000294262673 0.0123981111 0.00121667601
v 0.0121720379 0.000520335899 -0.00261733316
v 0.0120621269 0.000547634826 -0.00304243349
v 0.0119326656 0.000579821334 -0.00354347013
v 0.00929718664 0.00396906065 -0.000115130176
v 0.00765579393 0.00572489427 0.000439550648
v 0.00595527342 0.00742529558 0.000988509426
v 0.00419753244 0.00906871484 0.00153091169
v 0.00936048677 0.00372992681 0.000821497212
v 0.0077195709 0.00548361467 0.00138428427
v 0.00601905039 0.00718413518 0.00193312384
v 0.00426071336 0.00882958101 0.00246753908
v 0.00935142687 0.00342427419 0.00174060083
v 0.00771051099 0.00517533945 0.00231137491
v 0.00600999048 0.00687585996 0.00286021448
v 0.00425177267 0.00852392839 0.00338676191
v 0.00927036455 0.00305520223 0.00263264395
v 0.00762873342 0.00480316804 0.00321104742
v 0.00592821291 0.00650368856 0.00375988699
v 0.00417071035 0.00815497564 0.00427868582
v 0.00911801508 0.00262688325 0.0034879706
v 0.00747507265 0.00437103437 0.00407376505
v 0.00577455213 0.00607155489 0.00462260462
v 0.00401836088 0.00772653745 0.00513413168
v 0.00889604738 0.00214360879 0.0042976401
v 0.0072511976 0.00388358758 0.00489034868
v 0.00555067709 0.0055841081 0.00543930746
v 0.00379639318 0.00724326299 0.00594368197
v 0.00860684564 0.00161050485 0.00505306936
v 0.00695949247 0.00334595369 0.00565221525
v 0.00525897195 0.0050464742 0.00620117403
v 0.00350719144 0.00671015905 0.00669911123
v 0.00825350931 0.00103341268 0.00574615217
v 0.00660305669 0.00276385473 0.00635137774
v 0.00490253618 0.00446437524 0.0069002173
v 0.0031537359 0.00613306688 0.00739219404
v 0.00783961466 0.000418292747 0.00636961676
v 0.00618558576 0.00214337038 0.00698020674
v 0.00448506525 0.00384389089 0.00752904631
v 0.00273984125 0.00551794694 0.00801565863
v 0.00736957243 -0.00022829844 0.0069167874
v 0.00571160963 0.00149129556 0.00753214575
v 0.00401108911 0.00319169687 0.00808098532
v 0.00226991823 0.00487135576 0.00856282927
v 0.00684862783 -0.000899565949 0.00738194204
v 0.00518601587 0.000814306007 0.0080012343
v 0.00348549535 0.00251470731 0.00855019308
v 0.00174885442 0.00420008825 0.00902798391
v 0.00628190687 -0.00158823801 0.00776019312
v 0.00461452654 0.000119673476 0.00838270403
v 0.00291400602 0.00182019399 0.00893166281
v 0.00118225267 0.00351141618 0.00940623499
v 0.00567572763 -0.00228716208 0.0080473683
v 0.00400310209 -0.000585330262 0.0086723826
v 0.00230258157 0.00111519025 0.00922134138
v 0.000576073433 0.00281249212 0.00969341017
v 0.00503640821 -0.00298882796 0.00824048735
v 0.00335829904 -0.0012929566 0.00886728979
v 0.00165777853 0.000407563911 0.00941612936
v -6.32459864e-05 0.00211082624 0.00988664843
v 0.00768130472 -0.00702585055 0.00684836126
v 0.00603621652 -0.00536311938 0.00763204313
v 0.00437074354 -0.00368584467 0.00833764292
v 0.00268691232 -0.00199605299 0.00896516062
v 0.000986391808 -0.000295532479 0.0095141194
v -0.000728910659 0.00141380952 0.00998368479
v -0.00487131426 -0.00226999594 0.00856282927
v -0.00251478503 -0.00348557307 0.00855019308
v -0.00011963198 -0.00461460425 0.00838270403
v 0.00228708437 -0.00567580534 0.0080473683
v -0.00551790545 -0.00273991896 0.00801565863
v -0.00319177458 -0.00401104762 0.00808098532
v -0.000814264511 -0.00518609358 0.0080012343
v 0.00158827951 -0.00628198458 0.00776019312
v -0.00613302538 -0.00315381361 0.00739219404
v -0.0038439686 -0.00448514296 0.00752904631
v -0.00149125407 -0.00571156813 0.00753214575
v 0.000899607445 -0.00684858633 0.00738194204
v -0.00671023676 -0.00350726916 0.00669911123
v -0.00446433375 -0.00490249468 0.0069002173
v -0.00214344809 -0.00618554427 0.00698020674
v 0.000228339936 -0.00736965014 0.0069167874
v -0.0072432215 -0.00379647089 0.00594368197
v -0.00504643271 -0.00525904967 0.00620117403
v -0.00276381323 -0.0066030152 0.00635137774
v -0.000418251251 -0.00783957316 0.00636961676
v -0.00772649596 -0.00401831938 0.00513413168
v -0.0055840666 -0.0055507548 0.00543930746
v -0.00334591219 -0.00695957018 0.00565221525
v -0.00103337118 -0.00825346781 0.00574615217
v -0.00815493414 -0.00417066885 0.00427868582
v -0.00607151339 -0.00577462985 0.00462260462
v -0.00388354609 -0.00725127532 0.00489034868
v -0.00161046336 -0.00860692336 0.00505306936
v -0.00852388689 -0.00425173117 0.00338676191
v -0.00650364706 -0.00592817141 0.00375988699
v -0.00437111208 -0.00747515036 0.00407376505
v -0.0021435673 -0.00889612509 0.0042976401
v -0.00882965872 -0.00426079108 0.00246753908
v -0.00687581847 -0.00600994898 0.00286021448
v -0.00480312655 -0.00762869193 0.00321104742
v -0.00262684176 -0.00911809279 0.0034879706
v -0.00906867335 -0.00419761015 0.00153091169
v -0.0071842129 -0.0060191281 0.00193312384
v -0.00517529795 -0.0077104695 0.00231137491
v -0.00305527994 -0.00927032305 0.00263264395
v -0.00742537329 -0.00595535113 0.000988509426
v -0.00548369238 -0.0077195294 0.00138428427
v -0.0034242327 -0.00935150458 0.00174060083
v -0.00572485278 -0.00765587164 0.000439550648
v -0.00372988531 -0.00936044528 0.000821497212
v -6.20538935e-05 -0.0124471314 -0.000345561733
v -0.000520294403 -0.0121721156 -0.00261733316
v -0.000452941154 -0.0122578271 -0.00214264177
v -0.00232691119 -0.0107454188 -0.00160286211
v -0.0041390116 -0.00916243865 -0.00105926775
v -0.00589627573 -0.00751997305 -0.000512693157
v -0.00759679625 -0.00581945254 3.62656215e-05
v -0.009238785 -0.00406278445 0.00058689333
v -0.0108203346 -0.00225199534 0.00113859392
v -0.0122653897 -0.000463021531 0.00215068079
v -0.000387614463 -0.0123407967 -0.00168332838
v -0.000290458892 -0.0123865731 -0.00124058508
v -0.000183289741 -0.0124371178 -0.000751946201
v -0.00423819373 -0.00895763709 -0.00200078272
v -0.00599629233 -0.00731338335 -0.00146243357
v -0.00769681284 -0.00561286284 -0.000913474788
v -0.00933784792 -0.00385798289 -0.000354740848
v -0.00426525423 -0.00868488623 -0.00292989992
v -0.00602371046 -0.00703824831 -0.00239953779
v -0.00772411177 -0.0053377278 -0.00185057901
v -0.00936502764 -0.00358523203 -0.00128385805
v -0.00422019312 -0.00834716631 -0.00383672499
v -0.00597817252 -0.00669754817 -0.00331411146
v -0.00767869303 -0.00499702765 -0.00276515268
v -0.00931984732 -0.00324739291 -0.00219056391
v -0.00410336802 -0.0079479344 -0.00471160196
v -0.00586027453 -0.00629485919 -0.00419649862
v -0.00756079504 -0.00459433867 -0.00364753984
v -0.00920302222 -0.002848161 -0.00306544088
v -0.00391597102 -0.00749148203 -0.00554511332
v -0.0056713278 -0.00583447291 -0.00503728174
v -0.00737184832 -0.00413395239 -0.00448832296
v -0.00901562521 -0.00239170863 -0.00389907145
v -0.00366002867 -0.00698257758 -0.00632867598
v -0.00541312048 -0.00532115771 -0.00582763933
v -0.007113641 -0.0036207564 -0.00527868055
v -0.00875968287 -0.00188292338 -0.00468263411
v -0.0033382828 -0.00642670466 -0.00705394529
v -0.0050886328 -0.00476063563 -0.00655898832
v -0.00678915331 -0.00306011511 -0.00601014875
v -0.008437937 -0.00132705046 -0.00540778421
v -0.00295419047 -0.00582982375 -0.00771305346
v -0.00470120261 -0.00415850951 -0.00722381853
v -0.00640172312 -0.00245798899 -0.00667497896
v -0.00805384467 -0.000730169549 -0.00606701158
v -0.00251168558 -0.00519813372 -0.00829920553
v -0.00425488303 -0.00352133585 -0.0078149774
v -0.00595540354 -0.00182081534 -0.00726613783
v -0.00761133978 -9.84795235e-05 -0.00665304445
v -0.00201541731 -0.0045383103 -0.00880608343
v -0.00375444243 -0.0028559096 -0.00832626604
v -0.00545496294 -0.00115538908 -0.00777742647
v -0.00711519072 0.000561343894 -0.00715992235
v -0.00147086928 -0.00385750605 -0.00922832273
v -0.00320512602 -0.00216914488 -0.00875220083
v -0.00490564654 -0.000468743577 -0.00820324205
v -0.00657064268 0.00124214815 -0.00758216166
v -0.000883763526 -0.00316275431 -0.00956139349
v -0.00261289427 -0.00146855189 -0.00908813261
v -0.00431341479 0.000231968627 -0.00853929304
v -0.00598341772 0.00193689989 -0.00791535162
v -0.000260179733 -0.00246156527 -0.00980195784
v -0.00198394606 -0.000761283173 -0.00933072351
v -0.00368446658 0.000939237342 -0.00878188395
v -0.00535983393 0.00263808893 -0.00815579676
v 0.00387542894 -0.00518454386 -0.0106466749
v 0.00212722471 -0.00347174479 -0.0103376844
v 0.000393206383 -0.0017613299 -0.00994727396
v -0.00132495711 -5.49681328e-05 -0.00947735094
v -0.00302547762 0.00164555238 -0.00892839216
v -0.00470644781 0.00333832429 -0.00830123209
v -0.0123485977 0.00121663736 0.000667001973
v -0.0122956688 0.00100361036 0.00149085737
v -0.00937420676 0.00399707483 0.00126781679
v -0.00930685351 0.00379131959 0.00211396433
v -0.0123358423 0.00149010347 -0.000140521755
v -0.00929993937 0.00433074163 0.000464226971
v -0.0122575218 0.00182079004 -0.000922534694
v -0.00281900713 0.00804232286 0.00904360033
v -0.00236768076 0.00862990545 0.00862159945
v -0.00479966948 0.00719271825 0.00553968168
v -0.00434989283 0.0077887647 0.00508668638
v -0.0033126528 0.00743793176 0.00938704229
v -0.00533718417 0.0065644853 0.0058208964
v -0.00384289572 0.00682340787 0.00964822985
v -0.0121776516 0.000853525863 0.00232186533
v -0.0119957382 0.000767814384 0.0031504891
v -0.00910109827 0.00372396635 0.00295999266
v -0.00379139731 0.00930677579 0.00211396433
v -0.00372392485 0.00910113977 0.00295999266
v -0.000767892097 0.0119957797 0.0031504891
v -0.00379819224 0.00876747297 0.00376370169
v -0.000793283676 0.011449682 0.00476315237
v -0.000747745727 0.0117522352 0.00396731115
v -0.00401038477 0.0083225839 0.00448456026
v -0.00107890913 0.0106822126 0.00625624872
v -0.000904148315 0.0110916965 0.00552907206
v -0.00196379969 0.0091938846 0.00812592722
v -0.00161177466 0.009727823 0.00756206728
v -0.00131565878 0.0102258794 0.00693645693
v -0.00440377543 0.00620566534 0.00982394434
v -0.00593549559 0.00593541788 0.00591614462
v -0.00498909304 0.00559197591 0.00991227842
v -0.00778872321 0.00434993433 0.00508668638
v -0.0083225424 0.00401042627 0.00448456026
v -0.00972790072 0.00161169694 0.00756206728
v -0.0117521937 0.000747668014 0.00396731115
v -0.0114497597 0.000793325172 0.00476315237
v -0.00876743147 0.00379823373 0.00376370169
v -0.00720030615 0.00840436147 -0.00565120958
v -0.00716275523 0.00716279672 -0.00168821596
v -0.0065336878 0.00776098894 -0.00159296774
v -0.00311643431 0.0116417281 -0.00302860521
v -0.00363320658 0.0113172405 -0.00362417482
v -0.0047755892 0.00908778833 -0.000256750812
v -0.0053094084 0.00874828027 -0.000858757724
v -0.00559193442 0.00498901533 0.00991227842
v -0.0065644438 0.00533722566 0.0058208964
v -0.00620574305 0.00440381692 0.00982394434
v -0.00719279597 0.00479971097 0.00553968168
v -0.00743789027 0.00331257509 0.00938704229
v -0.00682336638 0.00384293722 0.00964822985
v -0.0091938431 0.00196372198 0.00812592722
v -0.00862986395 0.00236772226 0.00862159945
v -0.00804240057 0.00281904863 0.00904360033
v -0.011091655 0.000904189811 0.00552907206
v -0.0106821711 0.00107895063 0.00625624872
v -0.0102258379 0.00131570028 0.00693645693
v -0.00874823878 0.0053094499 -0.000858757724
v -0.00829846213 0.00590549634 -0.00131175302
v -0.0105103905 0.00475953744 -0.00461420797
v -0.00590545485 0.00829850362 -0.00131175302
v -0.00596672842 0.00952469038 -0.00530025743
v -0.00658375571 0.00897823499 -0.00551900648
v -0.00418299982 0.0109386318 -0.00415477537
v -0.00475949595 0.010510432 -0.00461420797
v -0.00535637686 0.0100372903 -0.00499758505
v -0.000853484367 0.0121775739 0.00232186533
v -0.00100368807 0.0122957103 0.00149085737
v -0.00399703333 0.00937424825 0.00126781679
v -0.0109387095 0.00418292211 -0.00415477537
v -0.011317199 0.00363312887 -0.00362417482
v -0.00908774683 0.0047756307 -0.000256750812
v -0.00776094744 0.0065337293 -0.00159296774
v -0.00952464888 0.00596676992 -0.00530025743
v -0.0100372488 0.00535641836 -0.00499758505
v -0.00780946562 0.00780950712 -0.00569543623
v -0.00840443919 0.00720022844 -0.00565120958
v -0.00897831271 0.00658367799 -0.00551900648
v -0.00121659586 0.0123486392 0.000667001973
v -0.00149006197 0.0123358838 -0.000140521755
v -0.00433070013 0.00929998086 0.000464226971
v -0.0116416867 0.00311647581 -0.00302860521
v -0.011908477 0.00263856576 -0.00237474226
v -0.0121144707 0.00220512079 -0.00167009615
v -0.00182074854 0.0122575633 -0.000922534694
v -0.00220507929 0.0121145122 -0.00167009615
v -0.00263864348 0.0119085185 -0.00237474226
v -0.00371581862 0.00371586011 -0.00280091547
v -0.00431413004 0.00308679269 -0.00270554804
v -0.00485164473 0.00245855974 -0.00242433332
v -0.00530142138 0.00186251329 -0.00197133802
v -0.00564092944 0.00132869409 -0.00136933111
v -0.00585312197 0.000883805022 -0.000648353328
v -0.00592727015 0.000550138221 0.000155236493
v -0.0058599169 0.000344502197 0.00100138403
v -0.00565428088 0.000277029739 0.00184741236
v -0.00532061407 0.000351297126 0.00265112139
v -0.00487572501 0.000563489661 0.00337197996
v -0.0043417866 0.000902997718 0.00397398687
v -0.00374585936 0.00135277437 0.00442698217
v -0.0031176264 0.00189028905 0.00470819689
v -0.00248855898 0.00248860048 0.00480356432
v -0.00189024756 0.00311754869 0.00470819689
v -0.00135285208 0.00374590086 0.00442698217
v -0.000903075431 0.00434182809 0.00397398687
v -0.000563567375 0.00487564729 0.00337197996
v -0.000351374839 0.00532053636 0.00265112139
v -0.000277107452 0.00565420316 0.00184741236
v -0.0003444607 0.0058599584 0.00100138403
v -0.000550215934 0.00592731164 0.000155236493
v -0.000883882736 0.00585304426 -0.000648353328
v -0.0013287718 0.00564085172 -0.00136933111
v -0.001862591 0.00530134367 -0.00197133802
v -0.00245851824 0.00485156702 -0.00242433332
v -0.00308687041 0.00431417154 -0.00270554804
v -0.00187761137 0.00364540742 0.00311210371
v -0.00157410452 0.00407408403 0.00272479273
v -0.00137454817 0.00443648027 0.0022200606
v -0.00129288981 0.00470791982 0.00163212038
v -0.00133449385 0.00486992525 0.00100138403
v -0.00149649927 0.00491152929 0.000370528469
v -0.00176793883 0.00482987093 -0.000217292537
v -0.00407404253 0.00157402681 0.00272479273
v -0.00364536593 0.00187765287 0.00311210371
v -0.00317973444 0.00226472543 0.00335564829
v -0.00270885775 0.00270878004 0.00343861795
v -0.00226468394 0.00317977594 0.00335564829
v -0.00463039229 0.00213037656 -0.000722143879
v -0.00482982943 0.00176798032 -0.000217292537
v -0.00491148779 0.00149642156 0.000370528469
v -0.00487000296 0.00133441614 0.00100138403
v -0.00470787833 0.00129281209 0.00163212038
v -0.00443643877 0.00137458967 0.0022200606
v -0.00213033507 0.00463031457 -0.000722143879
v -0.00255901167 0.00432680772 -0.00110945486
v -0.00302464316 0.00393973516 -0.00135288023
v -0.00349551985 0.00349556135 -0.0014359691
v -0.00393969366 0.00302468465 -0.00135288023
v -0.00432676623 0.00255893396 -0.00110945486
v 0.00270884683 -0.00270880534 -0.00343868517
v 0.00226467302 -0.00317980124 -0.00335559629
v 0.00187760046 -0.00364543272 -0.00311217092
v 0.00157409361 -0.00407410933 -0.00272474073
v 0.00137453725 -0.00443650557 -0.0022200086
v 0.00129287889 -0.00470794512 -0.0016321876
v 0.00133448293 -0.00486995055 -0.00100133203
v 0.00149648836 -0.00491155459 -0.000370476474
v 0.00176792791 -0.00482977702 0.000217344532
v 0.00213032415 -0.00463033988 0.000722076664
v 0.00255900076 -0.00432671381 0.00110938765
v 0.00302463224 -0.00393964125 0.00135293222
v 0.00349550893 -0.00349558665 0.0014360211
v 0.00393968275 -0.00302459074 0.00135293222
v 0.00432675531 -0.00255895926 0.00110938765
v 0.00463038137 -0.00213040186 0.000722076664
v 0.00482981851 -0.00176800562 0.000217344532
v 0.00491159609 -0.00149644686 -0.000370476474
v 0.00486999204 -0.00133444144 -0.00100133203
v 0.00470786741 -0.0012928374 -0.0016321876
v 0.00443642786 -0.00137461497 -0.0022200086
v 0.00407403162 -0.00157405211 -0.00272474073
v 0.00364547422 -0.00187767817 -0.00311217092
v 0.00317972353 -0.00226475073 -0.00335559629
v 0.00530141046 -0.00186253859 0.00197139002
v 0.00485163381 -0.00245858504 0.00242438532
v 0.00431411913 -0.00308681799 0.00270560003
v 0.0037158077 -0.00371588541 0.00280084826
v 0.00308685949 -0.00431407763 0.00270560003
v 0.00245850732 -0.00485159232 0.00242438532
v 0.00186258009 -0.00530136897 0.00197139002
v 0.00132876089 -0.00564087702 0.0013692639
v 0.000883871819 -0.00585306956 0.000648405323
v 0.000550205018 -0.00592733695 -0.000155303707
v 0.000344449784 -0.00585986449 -0.00100133203
v 0.000277096535 -0.00565422846 -0.00184736036
v 0.00487571409 -0.000563514962 -0.00337204718
v 0.00532060316 -0.000351322427 -0.00265106939
v 0.00565426996 -0.000277055039 -0.00184736036
v 0.00585990598 -0.000344527497 -0.00100133203
v 0.00592737844 -0.000550163522 -0.000155303707
v 0.00585311105 -0.000883830323 0.000648405323
v 0.00564091852 -0.00132871939 0.0013692639
v 0.000351363923 -0.00532056166 -0.00265106939
v 0.000563556458 -0.00487567259 -0.00337204718
v 0.000903064515 -0.00434185339 -0.00397405409
v 0.00135284116 -0.00374580695 -0.00442704939
v 0.00189023664 -0.00311757399 -0.0047082641
v 0.00248854807 -0.00248850657 -0.00480351232
v 0.00311761549 -0.00189031435 -0.0047082641
v 0.00374584844 -0.00135279967 -0.00442704939
v 0.00434189489 -0.000903023019 -0.00397405409
v -0.00817329237 0.00682841466 -0.00670382761
v -0.00881439993 0.0061397426 -0.0065561273
v -0.00942463229 0.0054505937 -0.00631186747
v -0.0114267523 0.00284420179 -0.00443980478
v -0.0117891485 0.00226710962 -0.00377461695
v -0.0120871718 0.00173329042 -0.00304434084
v -0.0123173649 0.00124906229 -0.0022572019
v -0.0124771054 0.000819908843 -0.00142226004
v -0.012564605 0.000450479255 -0.000548813572
v -0.0125787909 0.000145065055 0.000353123913
v -0.0125196631 -9.28766869e-05 0.00127341963
v -0.00435859511 0.00503204988 0.0106795094
v -0.00370497057 0.0057176225 0.0105809233
v -0.00307840655 0.00640748666 0.0103845856
v -0.0024861748 0.00709377454 0.0100929997
v -0.000586455558 0.00965164827 0.00805452086
v -0.000255768989 0.0102078788 0.007355716
v 8.75642445e-06 0.0107174985 0.0065959952
v 0.000203902031 0.0111749046 0.00578382231
v 0.000327760483 0.0115747325 0.00492837645
v 0.00037866285 0.0119126909 0.00403943277
v 0.000356132294 0.0121847265 0.00312700487
v -0.0110501702 0.00409184621 -0.00434920572
v -0.0114399845 0.00352548288 -0.00380275034
v -0.0117742474 0.00299333261 -0.00318941854
v -0.0120490248 0.00250111745 -0.00251588606
v -0.0122612173 0.00205455946 -0.0017901399
v -0.01240856 0.00165878461 -0.0010201671
v -0.0124892647 0.00131808446 -0.000214669933
v -0.0125023777 0.00103651212 0.00061705328
v -0.0124477799 0.00081716703 0.00146570421
v -0.0123261864 0.000662433372 0.0023215077
v -0.0121389086 0.000574218497 0.00317504622
v -0.0118880923 0.00055359529 0.00401642538
v -0.0115764792 0.00060056375 0.00483610846
v -0.0112077648 0.000714647041 0.00562491632
v -0.0107860024 0.000894653068 0.00637390829
v -0.0103159601 0.00113855527 0.00707450129
v -0.00980300257 0.00144349264 0.00771894671
v -0.00925297091 0.00180600809 0.00829961515
v -0.00867206404 0.00222216772 0.00881030775
v -0.00806695769 0.00268696474 0.00924494482
v -0.00744432757 0.00319539236 0.00959875799
v -0.0018060858 0.0092530124 0.00829961515
v -0.00144345114 0.00980304407 0.00771894671
v -0.00113851378 0.0103160016 0.00707450129
v -0.000894730781 0.0107859247 0.00637390829
v -0.000714605545 0.0112076871 0.00562491632
v -0.000600522254 0.0115765207 0.00483610846
v -0.000553553794 0.0118881338 0.00401642538
v -0.000574296211 0.0121389501 0.00317504622
v -0.000662511085 0.0123262279 0.0023215077
v -0.000817125534 0.0124478214 0.00146570421
v -0.00103647063 0.0125024192 0.00061705328
v -0.00131816218 0.012489187 -0.000214669933
v -0.00165874312 0.0124086015 -0.0010201671
v -0.00205463717 0.0122612588 -0.0017901399
v -0.00250119517 0.0120490663 -0.00251588606
v -0.00299329111 0.0117741697 -0.00318941854
v -0.00352556059 0.011440026 -0.00380275034
v -0.00409180472 0.0110500924 -0.00434920572
v -0.0046857054 0.0106090181 -0.00482258581
v -0.0053004677 0.0101216905 -0.00521728777
v -0.00592905829 0.00959371255 -0.00552913927
v -0.00585324118 0.00961826967 -0.00575766348
v -0.00681144545 0.00374149011 0.00986757494
v -0.00675970862 0.00360571073 0.0100611708
v -0.00656456301 0.0090309255 -0.00575444483
v -0.00650615046 0.00904010461 -0.00598904871
v -0.00641185591 0.0090052955 -0.00620922827
v -0.00617522547 0.00431929754 0.0100486539
v -0.00610608408 0.00419937299 0.0102471373
v -0.00600249121 0.00405095743 0.0104078314
v -0.0071995909 0.00843988584 -0.00589058184
v -0.0071585829 0.00843285249 -0.00612900042
v -0.00707966635 0.00838373827 -0.00635251783
v -0.0069673712 0.00829552339 -0.00654790186
v -0.00554305861 0.00492201971 0.0101396105
v -0.00545663187 0.00481866525 0.0103405974
v -0.00533778021 0.00468479322 0.0105035565
v -0.00519341776 0.00452839063 0.0106187127
v -0.0078271086 0.00782703088 -0.00593611978
v -0.00780326674 0.00780330823 -0.00617584967
v -0.00773948977 0.00773941206 -0.00640043997
v -0.00763935397 0.00763939546 -0.00659665846
v -0.00750881979 0.00750886129 -0.00675318026
v -0.00492209742 0.0055431001 0.0101396105
v -0.00481862376 0.00545667337 0.0103405974
v -0.00468475172 0.00533782171 0.0105035565
v -0.00452846835 0.00519345926 0.0106187127
v -0.00163704703 0.00854431318 0.00919511534
v -0.00143069575 0.0084252231 0.00923803068
v -0.000979607795 0.00905512498 0.00868430353
v -0.0106185133 0.0042751901 -0.00540408873
v -0.0105256493 0.00410221742 -0.00554559015
v -0.0110040362 0.00345824884 -0.00503239416
v -0.00682837317 0.00817333387 -0.00670382761
v -0.00520736525 0.0101607911 -0.00543734812
v -0.00574368784 0.00959705041 -0.00597235941
v -0.0062872822 0.00892852472 -0.00640198969
v -0.0061397011 0.00881432222 -0.0065561273
v -0.00457579443 0.0106614702 -0.00503167891
v -0.00508267233 0.0101523273 -0.00564453386
v -0.00560683558 0.00953124689 -0.0061608293
v -0.00545067141 0.00942455457 -0.00631186747
v -0.00396556208 0.0111147039 -0.00454542421
v -0.00443620036 0.0106646888 -0.00522944712
v -0.00493354151 0.0100966565 -0.00582692408
v -0.00476891348 0.009997236 -0.00597378992
v -0.00338382075 0.0115152471 -0.00398394846
v -0.0038117821 0.0111285322 -0.00473174833
v -0.00427526781 0.0106185548 -0.00540408873
v -0.00410229513 0.0105256908 -0.00554559015
v -0.00283700774 0.0118585698 -0.00335368895
v -0.0032163317 0.0115384929 -0.00415715956
v -0.00363928625 0.011090862 -0.00489733004
v -0.00345820734 0.0110039584 -0.00503239416
v -0.00233132193 0.0121409767 -0.00266179823
v -0.00265664408 0.0118899219 -0.00351211809
v -0.0030328686 0.0115084522 -0.00431213163
v -0.00284416029 0.0114267938 -0.00443980478
v -0.00187260458 0.0123590104 -0.00191614412
v -0.00213915655 0.0121788852 -0.00280401491
v -0.00246292899 0.0118663185 -0.00365516924
v -0.00226706812 0.01178919 -0.00377461695
v -0.00146586249 0.012510287 -0.00112507128
v -0.00166959116 0.012402045 -0.00204071783
v -0.00193590472 0.0121606462 -0.00293395304
v -0.00173336813 0.0120872133 -0.00304434084
v -0.00111586401 0.0125932567 -0.000297520389
v -0.00125343153 0.0125568979 -0.00123104834
v -0.00145763705 0.0123878591 -0.00215670847
v -0.00124914 0.0123172872 -0.0022572019
v -0.000826543067 0.0126067273 0.000556971798
v -0.000895207618 0.0126417749 -0.000384185543
v -0.00103372881 0.0125456922 -0.00133213781
v -0.000819867347 0.0124770276 -0.00142226004
v -0.000601118301 0.012550699 0.00142886854
v -0.000599091743 0.0126556032 0.000490453015
v -0.000668948387 0.0126319997 -0.000469658603
v -0.000450437759 0.0125645273 -0.000548813572
v -0.000442212318 0.0124257676 0.00230827547
v -0.000368421768 0.0125982635 0.00138273455
v -0.000367348884 0.0126460664 0.000421073208
v -0.000145023559 0.0125788324 0.000353123913
v -0.000351613258 0.0122333639 0.0031850598
v -0.000205820297 0.0124703519 0.00228276468
v -0.000132506584 0.0125876539 0.00132992483
v 9.27989736e-05 0.0125197046 0.00127341963
v -0.000330394004 0.0119756334 0.00404956556
v -0.000113075469 0.0122734182 0.00318017221
v 3.31943288e-05 0.0124574773 0.00224640585
v 0.000260526444 0.0123877399 0.00220158316
v -0.000378673767 0.0116554372 0.00489177919
v -9.12601695e-05 0.012009608 0.00406482435
v 0.000127608086 0.0122568481 0.00316038347
v -0.000495856498 0.0112765901 0.00570216394
v -0.000140612815 0.0116820209 0.00492682673
v 0.000149781014 0.0119882696 0.00406136728
v -0.000680869316 0.0108432643 0.00647165991
v -0.00026065657 0.0112942331 0.00575628496
v 9.94746938e-05 0.0116546028 0.00493922449
v -0.000931447242 0.0103603475 0.00719156481
v -0.000449960922 0.0108507745 0.00654378153
v -2.2714828e-05 0.0112596624 0.00578406073
v -0.00124472926 0.00983344244 0.00785353399
v -0.000706380104 0.0103565328 0.00728061415
v -0.000215476249 0.0108079784 0.00658610083
v -0.00222212622 0.00867210554 0.00881030775
v -0.00161713908 0.00926827119 0.0084502957
v -0.00102705309 0.00981722997 0.00795808054
v -0.000476663803 0.0103046768 0.0073364041
v -0.00204462359 0.00867150949 0.00897481657
v -0.0014082844 0.0092388265 0.00856878973
v -0.000803178047 0.00975536035 0.00802638746
v -0.00184578249 0.0086279981 0.00910570837
v -0.0011914427 0.00916634725 0.00864830233
v -0.00193483183 0.00776897596 0.00970938421
v -0.00213486502 0.00789629148 0.00966062761
v -0.00233454058 0.00799165891 0.00956275679
v -0.00252229521 0.00804971384 0.00942137457
v -0.00268692324 0.00806699918 0.00924494482
v -0.00267929385 0.00722955392 0.0100394747
v -0.00286919424 0.0073370807 0.00993480898
v -0.00304455111 0.00741003679 0.0097849629
v -0.00319535086 0.00744436906 0.00959875799
v -0.00326413462 0.0065517299 0.0103274844
v -0.00344342539 0.00667141603 0.0102175734
v -0.00360578844 0.00675975011 0.0100611708
v -0.00374156782 0.00681136774 0.00986757494
v -0.00388295004 0.00587044881 0.0105213187
v -0.00405091593 0.00600253271 0.0104078314
v -0.0041993315 0.00610612558 0.0102471373
v -0.00431925604 0.00617526697 0.0100486539
v -0.00503200838 0.0043586366 0.0106795094
v -0.0074101145 0.0030445926 0.0097849629
v -0.00667149374 0.00344346689 0.0102175734
v -0.00587040732 0.00388287233 0.0105213187
v -0.00571758101 0.00370501207 0.0105809233
v -0.00804967234 0.0025222175 0.00942137457
v -0.00733703921 0.00286911653 0.00993480898
v -0.00655168841 0.00326417612 0.0103274844
v -0.00640744517 0.00307844804 0.0103845856
v -0.00867146799 0.00204466508 0.00897481657
v -0.00799173663 0.00233458208 0.00956275679
v -0.00722951243 0.00267933534 0.0100394747
v -0.00709385226 0.00248621629 0.0100929997
v -0.00926834891 0.00161718057 0.0084502957
v -0.00862807581 0.00184570478 0.00910570837
v -0.00789624998 0.00213490652 0.00966062761
v -0.00776893446 0.00193487333 0.00970938421
v -0.00983340094 0.00124465154 0.00785353399
v -0.00923890421 0.00140820669 0.00856878973
v -0.00854427168 0.00163708852 0.00919511534
v -0.0084251816 0.00143073724 0.00923803068
v -0.0103604252 0.000931369529 0.00719156481
v -0.00981718848 0.00102697538 0.00795808054
v -0.00916642496 0.0011914842 0.00864830233
v -0.0090552027 0.000979530082 0.00868430353
v -0.0108432228 0.000680910812 0.00647165991
v -0.0103564913 0.0007064216 0.00728061415
v -0.00975543806 0.000803219543 0.00802638746
v -0.00965160677 0.000586377845 0.00805452086
v -0.0112766678 0.000495897994 0.00570216394
v -0.010850733 0.000450002418 0.00654378153
v -0.0103046353 0.000476705299 0.0073364041
v -0.0102078373 0.000255691276 0.007355716
v -0.0116555149 0.000378596053 0.00489177919
v -0.0112943108 0.000260698066 0.00575628496
v -0.0108080561 0.000215517745 0.00658610083
v -0.010717457 -8.71492843e-06 0.0065959952
v -0.0119755919 0.000330316291 0.00404956556
v -0.0116820986 0.000140654311 0.00492682673
v -0.0112597401 2.2756324e-05 0.00578406073
v -0.0111748631 -0.000203979745 0.00578382231
v -0.0122333224 0.000351654754 0.0031850598
v -0.0120096857 9.11824562e-05 0.00406482435
v -0.0116545613 -9.95524071e-05 0.00493922449
v -0.0115748102 -0.000327718987 0.00492837645
v -0.0124257262 0.000442253814 0.00230827547
v -0.0122734959 0.000112997756 0.00318017221
v -0.0119882281 -0.000149858727 0.00406136728
v -0.0119126494 -0.000378621354 0.00403943277
v -0.0125506575 0.000601159797 0.00142886854
v -0.0124704296 0.000205742583 0.00228276468
v -0.0122569258 -0.00012756659 0.00316038347
v -0.012184685 -0.000356210007 0.00312700487
v -0.0126066859 0.000826584563 0.000556971798
v -0.012598222 0.000368463264 0.00138273455
v -0.0124574358 -3.31528328e-05 0.00224640585
v -0.0123878176 -0.000260484948 0.00220158316
v -0.0125932152 0.00111590551 -0.000297520389
v -0.0126555617 0.000599133239 0.000490453015
v -0.0125877316 0.00013242887 0.00132992483
v -0.0125103647 0.00146590398 -0.00112507128
v -0.0126417334 0.000895249114 -0.000384185543
v -0.0126461441 0.00036739038 0.000421073208
v -0.0123589689 0.00187252687 -0.00191614412
v -0.0125569756 0.00125335382 -0.00123104834
v -0.0126320774 0.000668989883 -0.000469658603
v -0.0121409352 0.00233136343 -0.00266179823
v -0.0124021227 0.00166963266 -0.00204071783
v -0.0125456507 0.00103377031 -0.00133213781
v -0.0118586476 0.00283704923 -0.00335368895
v -0.0121788437 0.00213919805 -0.00280401491
v -0.0123879368 0.00145767854 -0.00215670847
v -0.0115152056 0.00338386224 -0.00398394846
v -0.0118899996 0.00265668558 -0.00351211809
v -0.0121606047 0.001935827 -0.00293395304
v -0.0106090958 0.00468562768 -0.00482258581
v -0.0111146624 0.00396560358 -0.00454542421
v -0.0115384514 0.00321637319 -0.00415715956
v -0.0118663962 0.00246297048 -0.00365516924
v -0.0106615479 0.00457571672 -0.00503167891
v -0.0111286099 0.00381170438 -0.00473174833
v -0.0115084107 0.00303291009 -0.00431213163
v -0.0106647665 0.00443624185 -0.00522944712
v -0.0110909397 0.00363932775 -0.00489733004
v -0.0099971945 0.00476895498 -0.00597378992
v -0.0100967343 0.00493358301 -0.00582692408
v -0.0101522858 0.00508259462 -0.00564453386
v -0.0101608689 0.00520728754 -0.00543734812
v -0.0101217682 0.00530038999 -0.00521728777
v -0.00953120539 0.00560675787 -0.0061608293
v -0.00959712813 0.00574372934 -0.00597235941
v -0.00961834738 0.00585328268 -0.00575766348
v -0.00959367106 0.00592909978 -0.00552913927
v -0.00892860243 0.0062873237 -0.00640198969
v -0.00900537321 0.00641189741 -0.00620922827
v -0.00904018233 0.00650619195 -0.00598904871
v -0.009030884 0.00656460451 -0.00575444483
v -0.0082956011 0.0069674127 -0.00654790186
v -0.00838381598 0.00707970785 -0.00635251783
v -0.008432811 0.0071586244 -0.00612900042
v -0.00843984434 0.00719963239 -0.00589058184
v 0.0053737705 -0.0040288098 -0.0106425025
v 0.00469332388 -0.00469328238 -0.0106919744
v 0.00606244257 -0.00338782145 -0.0104948022
v 0.00675159147 -0.0027775891 -0.0102505424
v 0.0074333494 -0.00220502688 -0.00991246485
v 0.00809996774 -0.0016765721 -0.00948426508
v 0.00874393633 -0.00119818522 -0.00897106909
v 0.00935798338 -0.000775469079 -0.00837847971
v 0.00993519476 -0.000412953629 -0.00771329187
v 0.0104688947 -0.000115049615 -0.00698301577
v 0.0109531229 0.000115143523 -0.00619587683
v 0.0113822763 0.000274883971 -0.00536093496
v 0.0117517059 0.00036238359 -0.0044874885
v 0.0120571201 0.000376569495 -0.00358555101
v 0.0122950619 0.000317441688 -0.0026652553
v 0.0124627893 0.000185596214 -0.00173709177
v 0.0125583952 -1.75364159e-05 -0.000811670055
v 0.0125808065 -0.000289572015 0.000100757847
v 0.0125299042 -0.000627411141 0.000989701519
v 0.0124061649 -0.00102735831 0.00184514738
v 0.0122109001 -0.00148464514 0.00265732027
v 0.0119464939 -0.00199438406 0.00341704107
v 0.0116158073 -0.00255061461 0.00411584593
v 0.0112226551 -0.00314701869 0.00474562861
v 0.0107714479 -0.00377692057 0.00529935576
v 0.0102673118 -0.00443316771 0.00577070929
v 0.00971596887 -0.00510836913 0.00615432478
v 0.00912373712 -0.00579477622 0.0064459107
v 0.00849729231 -0.00648464037 0.00664212919
v 0.00784354856 -0.007170213 0.00674083448
v 0.00717013528 -0.00784362627 0.00674083448
v 0.00648468187 -0.00849725081 0.00664212919
v 0.00579481771 -0.00912381484 0.0064459107
v 0.00510841062 -0.00971604659 0.00615432478
v 0.00443320921 -0.0102673896 0.00577070929
v 0.00377696207 -0.0107714064 0.00529935576
v 0.00314706018 -0.0112226136 0.00474562861
v 0.00255065611 -0.0116157658 0.00411584593
v 0.00199442556 -0.0119464524 0.00341704107
v 0.00148468664 -0.0122109778 0.00265732027
v 0.00102728059 -0.0124061234 0.00184514738
v 0.000627452637 -0.0125299819 0.000989701519
v 0.000289494301 -0.0125808842 0.000100757847
v 1.74587026e-05 -0.0125583537 -0.000811670055
v -0.000185554718 -0.0124627478 -0.00173709177
v -0.000317519401 -0.0122950204 -0.0026652553
v -0.000376647209 -0.0120570786 -0.00358555101
v -0.000362342094 -0.0117517836 -0.0044874885
v -0.000274842475 -0.011382354 -0.00536093496
v -0.000115102027 -0.0109530814 -0.00619587683
v 0.000114971901 -0.0104688532 -0.00698301577
v 0.000412995125 -0.00993515326 -0.00771329187
v 0.000775391366 -0.00935794188 -0.00837847971
v 0.00119822672 -0.00874389483 -0.00897106909
v 0.00167649439 -0.00809992625 -0.00948426508
v 0.00220494917 -0.0074333079 -0.00991246485
v 0.00277763059 -0.00675154997 -0.0102505424
v 0.00338786295 -0.00606240107 -0.0104948022
v 0.0040288513 -0.005373729 -0.0106425025
v 0.00420277765 -0.00553084685 -0.0105821826
v 0.00356977632 -0.00621093585 -0.0104362705
v 0.00296705415 -0.00689150168 -0.0101951101
v 0.00240164449 -0.00756479575 -0.00986120485
v 0.00187974622 -0.00822306944 -0.0094383695
v 0.00140743902 -0.008859051 -0.00893161081
v 0.000989848877 -0.00946546866 -0.0083462932
v 0.00063198259 -0.0100354083 -0.00768945002
v 0.000337774064 -0.0105624325 -0.00696823381
v 0.000110441948 -0.0110407002 -0.00619098925
v -4.72719416e-05 -0.0114644892 -0.00536641859
v -0.000133698677 -0.0118293889 -0.00450382017
v -0.000147765373 -0.0121308692 -0.00361320757
v -8.93528208e-05 -0.0123658307 -0.00270435595
v 4.08237233e-05 -0.0125315316 -0.00178787493
v 0.000241452958 -0.0126259453 -0.000873897304
v 0.000510031487 -0.0126481183 2.72057155e-05
v 0.000843698288 -0.012597812 0.000905062924
v 0.00123863866 -0.0124756224 0.00174977995
v 0.00169032266 -0.012282861 0.00255182005
v 0.00219362428 -0.0120216735 0.00330212332
v 0.00274294069 -0.0116951592 0.00399210669
v 0.00333195379 -0.0113068946 0.00461402155
v 0.00395398786 -0.0108612902 0.00516083456
v 0.00460212877 -0.0103634722 0.00562634684
v 0.00526886633 -0.00981904341 0.00600519396
v 0.00594669035 -0.00923408343 0.0062932036
v 0.00662797144 -0.00861538722 0.00648703791
v 0.00730484178 -0.00796986891 0.0065844319
v 0.00796991041 -0.0073049195 0.0065844319
v 0.00861542871 -0.00662792994 0.00648703791
v 0.00923412492 -0.00594664885 0.0062932036
v 0.0098189657 -0.00526882483 0.00600519396
v 0.0103635137 -0.00460208727 0.00562634684
v 0.0108613317 -0.00395394637 0.00516083456
v 0.0113068168 -0.00333191229 0.00461402155
v 0.0116950815 -0.00274289919 0.00399210669
v 0.0120215957 -0.002193702 0.00330212332
v 0.0122827833 -0.00169028117 0.00255182005
v 0.0124755447 -0.00123859717 0.00174977995
v 0.0125978534 -0.000843776002 0.000905062924
v 0.0126481598 -0.0005101092 2.72057155e-05
v 0.0126259868 -0.000241411462 -0.000873897304
v 0.0125314539 -4.09014366e-05 -0.00178787493
v 0.0123658722 8.93943169e-05 -0.00270435595
v 0.0121309107 0.000147806869 -0.00361320757
v 0.0118293112 0.000133740173 -0.00450382017
v 0.0114645307 4.73134377e-05 -0.00536641859
v 0.0110406225 -0.000110400452 -0.00619098925
v 0.010562474 -0.000337732568 -0.00696823381
v 0.0100354498 -0.000631941094 -0.00768945002
v 0.00946539095 -0.000989926591 -0.0083462932
v 0.0088590925 -0.00140739752 -0.00893161081
v 0.00822311094 -0.00187982394 -0.0094383695
v 0.00756471803 -0.002401603 -0.00986120485
v 0.00689154318 -0.00296713187 -0.0101951101
v 0.00621097734 -0.00356973483 -0.0104362705
v 0.00553088834 -0.00420273615 -0.0105821826
v 0.00485890558 -0.00485898329 -0.0106309392
v 0.00436502149 -0.00566912962 -0.0104676225
v 0.00374346426 -0.00633694006 -0.0103244522
v 0.00315170934 -0.00700510813 -0.0100874641
v 0.00259655168 -0.00766624285 -0.00975963854
v 0.00208407095 -0.00831259562 -0.00934455179
v 0.0016202276 -0.00893713309 -0.00884685301
v 0.00121026685 -0.00953246428 -0.00827226423
v 0.000858837868 -0.0100921519 -0.00762722277
v 0.00056999376 -0.0106096394 -0.00691911959
v 0.00034671476 -0.0110792048 -0.00615582251
v 0.000191861893 -0.0114953644 -0.00534627222
v 0.000107104088 -0.0118535884 -0.00449929022
v 9.32758107e-05 -0.0121497042 -0.00362477087
v 0.000150615479 -0.0123803742 -0.00273237013
v 0.000278407837 -0.0125430949 -0.0018324592
v 0.000475341584 -0.0126358397 -0.00093493246
v 0.000739151742 -0.0126575358 -5.02803227e-05
v 0.00106673887 -0.0126081832 0.00081172205
v 0.00145452669 -0.0124881394 0.00164118029
v 0.00189810445 -0.0122988351 0.00242867685
v 0.00239222696 -0.0120424159 0.00316539026
v 0.00293164899 -0.0117218621 0.00384297586
v 0.00350993326 -0.0113405116 0.00445368506
v 0.00412076166 -0.0109030135 0.0049906037
v 0.00475710085 -0.0104142554 0.00544765211
v 0.00541179826 -0.00987972094 0.00581958509
v 0.00607734373 -0.00930537058 0.00610234953
v 0.00674634626 -0.00869788004 0.00629272677
v 0.00741105726 -0.00806404425 0.00638845182
v 0.00806396654 -0.00741101576 0.00638845182
v 0.00869780233 -0.00674630476 0.00629272677
v 0.00930541208 -0.00607742144 0.00610234953
v 0.00987964323 -0.00541175677 0.00581958509
v 0.0104142969 -0.00475717856 0.00544765211
v 0.010903055 -0.00412083937 0.0049906037
v 0.0113405531 -0.00351001097 0.00445368506
v 0.0117217844 -0.0029316075 0.00384297586
v 0.0120424574 -0.00239230467 0.00316539026
v 0.0122988765 -0.00189806296 0.00242867685
v 0.0124881809 -0.0014546044 0.00164118029
v 0.0126082247 -0.00106681658 0.00081172205
v 0.0126575773 -0.000739110246 -5.02803227e-05
v 0.012635762 -0.000475419297 -0.00093493246
v 0.0125430172 -0.000278485551 -0.0018324592
v 0.0123804157 -0.000150573983 -0.00273237013
v 0.0121497457 -9.32343147e-05 -0.00362477087
v 0.0118536299 -0.000107062592 -0.00449929022
v 0.0114954059 -0.000191939606 -0.00534627222
v 0.0110792463 -0.000346792474 -0.00615582251
v 0.0106096809 -0.000569952264 -0.00691911959
v 0.0100921934 -0.000858915582 -0.00762722277
v 0.00953250578 -0.00121034457 -0.00827226423
v 0.00893705537 -0.00162030531 -0.00884685301
v 0.00831263712 -0.00208402945 -0.00934455179
v 0.00766616514 -0.00259651019 -0.00975963854
v 0.00700514963 -0.00315178706 -0.0100874641
v 0.00633698156 -0.00374354197 -0.0103244522
v 0.00566917112 -0.00436509921 -0.0104676225
v 0.0050093477 -0.00500930621 -0.0105155446
v 0.00450616529 -0.0057804711 -0.0103054979
v 0.00389891317 -0.00643290354 -0.0101656654
v 0.00332074812 -0.00708581282 -0.00993416094
v 0.00277822664 -0.00773168875 -0.00961384558
v 0.00227754762 -0.00836325957 -0.00920817636
v 0.0018243139 -0.00897349192 -0.00872192167
v 0.00142377069 -0.00955523325 -0.00816044592
v 0.00108044794 -0.0101020463 -0.00753030561
v 0.000798041131 -0.0106077321 -0.00683829569
v 0.00058000734 -0.0110664494 -0.00609264158
v 0.000428730752 -0.0114731915 -0.00530156874
v 0.000345761086 -0.01182319 -0.00447401785
v 0.000332290436 -0.0121125109 -0.00361952566
v 0.000388318802 -0.0123378165 -0.00274762892
v 0.000513250138 -0.0124967225 -0.00186822199
v 0.000705653931 -0.0125874407 -0.000991437664
v 0.000963384415 -0.01260866 -0.000126931896
v 0.00128358057 -0.0125603802 0.000715281735
v 0.00166242769 -0.0124431975 0.00152566649
v 0.00209575346 -0.0122581847 0.00229516245
v 0.00257867029 -0.0120076068 0.00301506735
v 0.00310569456 -0.0116943247 0.00367703653
v 0.00367074659 -0.0113217957 0.00427367903
v 0.00426750829 -0.0108943112 0.00479831911
v 0.00488930395 -0.0104167588 0.00524487711
v 0.005528981 -0.00989438368 0.00560834623
v 0.00617926767 -0.00933326556 0.00588467337
v 0.0068328922 -0.0087397225 0.00607063986
v 0.00748234441 -0.00812043025 0.00616409994
v 0.00812035253 -0.00748242213 0.00616409994
v 0.00873964479 -0.00683285071 0.00607063986
v 0.00933330705 -0.00617922617 0.00588467337
v 0.00989442518 -0.0055289395 0.00560834623
v 0.0104168003 -0.00488926245 0.00524487711
v 0.0108943527 -0.00426758601 0.00479831911
v 0.0113218372 -0.00367070509 0.00427367903
v 0.0116943662 -0.00310565306 0.00367703653
v 0.0120076483 -0.00257862879 0.00301506735
v 0.0122582262 -0.00209571196 0.00229516245
v 0.0124431198 -0.00166238619 0.00152566649
v 0.0125604217 -0.00128353907 0.000715281735
v 0.0126087015 -0.000963462128 -0.000126931896
v 0.012587363 -0.000705731644 -0.000991437664
v 0.012496764 -0.000513327851 -0.00186822199
v 0.012337858 -0.000388396516 -0.00274762892
v 0.0121124332 -0.00033224894 -0.00361952566
v 0.0118231123 -0.000345838799 -0.00447401785
v 0.0114731138 -0.000428689256 -0.00530156874
v 0.0110664909 -0.000580085053 -0.00609264158
v 0.0106076544 -0.000798118844 -0.00683829569
v 0.0101020878 -0.00108040644 -0.00753030561
v 0.00955527475 -0.0014238484 -0.00816044592
v 0.00897341421 -0.00182439162 -0.00872192167
v 0.00836330106 -0.00227750613 -0.00920817636
v 0.00773173025 -0.00277818514 -0.00961384558
v 0.00708573511 -0.00332070662 -0.00993416094
v 0.00643294504 -0.00389887167 -0.0101656654
v 0.00578039339 -0.004506243 -0.0103054979
v 0.00513570955 -0.00513578726 -0.0103523471
v 0.0046179836 -0.00585819556 -0.0101054647
v 0.00402682474 -0.00649322344 -0.00996920847
v 0.00346415689 -0.00712872817 -0.00974402212
v 0.00293605974 -0.00775743796 -0.00943217062
v 0.00244873216 -0.00837220026 -0.00903746866
v 0.00200765779 -0.00896598174 -0.00856408857
v 0.00161784341 -0.00953222586 -0.00801763319
v 0.00128358057 -0.0100644953 -0.00740418219
v 0.00100880315 -0.0105567105 -0.00673076891
v 0.000796610619 -0.0110031493 -0.00600490355
v 0.000649267937 -0.0113990433 -0.00523493074
v 0.000568563248 -0.0117396243 -0.00442955278
v 0.000555450226 -0.0120213158 -0.00359782957
v 0.000609928872 -0.0122406609 -0.00274917864
v 0.000731641556 -0.0123953946 -0.00189325594
v 0.00091891935 -0.0124834902 -0.00103983664
v 0.0011697357 -0.0125042327 -0.00019845747
v 0.00148134878 -0.0124572642 0.000621225605
v 0.00185006311 -0.0123431809 0.00141003347
v 0.00227182558 -0.0121631749 0.00215902544
v 0.00274186781 -0.0119192727 0.00285973764
v 0.00325482538 -0.0116143353 0.00350406385
v 0.00380485704 -0.0112518199 0.00408485151
v 0.0043856447 -0.0108356602 0.0045954249
v 0.00499087026 -0.0103708632 0.00503006197
v 0.00561350038 -0.00986243559 0.00538387514
v 0.0062463825 -0.00931621863 0.0056528113
v 0.00688260248 -0.00873853041 0.005833771
v 0.00751476934 -0.00813568903 0.00592472769
v 0.00813573053 -0.00751472784 0.00592472769
v 0.00873857191 -0.00688256098 0.005833771
v 0.00931626012 -0.00624646021 0.0056528113
v 0.00986247709 -0.00561345889 0.00538387514
v 0.0103707855 -0.00499082877 0.00503006197
v 0.0108357017 -0.00438572241 0.0045954249
v 0.0112517421 -0.00380481554 0.00408485151
v 0.0116143768 -0.00325478388 0.00350406385
v 0.0119193142 -0.00274182631 0.00285973764
v 0.0121630972 -0.00227190329 0.00215902544
v 0.0123431032 -0.00185002161 0.00141003347
v 0.0124573057 -0.00148130728 0.000621225605
v 0.0125042742 -0.0011696942 -0.00019845747
v 0.0124835317 -0.000918877854 -0.00103983664
v 0.0123953169 -0.00073160006 -0.00189325594
v 0.0122407024 -0.000610006585 -0.00274917864
v 0.0120212381 -0.00055540873 -0.00359782957
v 0.0117396658 -0.000568640961 -0.00442955278
v 0.0113989656 -0.000649226441 -0.00523493074
v 0.0110031908 -0.000796569123 -0.00600490355
v 0.0105566328 -0.00100876166 -0.00673076891
v 0.0100645368 -0.00128353907 -0.00740418219
v 0.00953226736 -0.00161780192 -0.00801763319
v 0.00896602323 -0.0020076163 -0.00856408857
v 0.00837212255 -0.00244880988 -0.00903746866
v 0.00775736025 -0.00293613745 -0.00943217062
v 0.00712876966 -0.0034641154 -0.00974402212
v 0.00649326494 -0.00402690245 -0.00996920847
v 0.00585823705 -0.00461794211 -0.0101054647
v 0.00523071935 -0.00523067786 -0.0101510026
v -0.00885326216 0.00885330366 0.00131907679
v 0.0081147497 -0.00866378619 -0.00419411444
v -0.00911969492 0.00857065843 0.00136890627
v 0.00788253 -0.00894321276 -0.00404796385
v -0.00935191462 0.00829135107 0.00151505686
v 0.0077003782 -0.0092003472 -0.00381562494
v -0.00953406641 0.00803409742 0.00174739576
v 0.00758069208 -0.00941778494 -0.00351271414
v -0.00965375254 0.00781665967 0.00205030657
v 0.00753157785 -0.00958062483 -0.00315997385
v -0.00970286677 0.00765381979 0.00240304686
v 0.0075566118 -0.00967789961 -0.00278148436
v -0.00967783282 0.00755654501 0.00278153635
v 0.00765376737 -0.00970281435 -0.00240299486
v -0.00958067725 0.00753163026 0.00316002584
v 0.00781672647 -0.00965381934 -0.00205037378
v -0.00941771815 0.00758062528 0.00351276613
v 0.00803416422 -0.00953413321 -0.00174746298
v -0.0092002804 0.00770031141 0.00381555773
v 0.00829129865 -0.00935198142 -0.00151500486
v -0.00894314597 0.0078824632 0.00404801584
v 0.00857072523 -0.00911976172 -0.00136897348
v -0.00866371939 0.0081146829 0.00419404722
v 0.00885325124 -0.00885320975 -0.001319144
v -0.00838119337 0.00838123487 0.00424387671
v 0.00911968401 -0.00857068373 -0.00136897348
v -0.00811476061 0.00866376089 0.00419404722
v 0.0093519037 -0.00829125716 -0.00151500486
v -0.00788254092 0.00894318746 0.00404801584
v 0.00953417471 -0.00803412272 -0.00174746298
v -0.00770038912 0.0092003219 0.00381555773
v 0.00965374162 -0.00781668498 -0.00205037378
v -0.00758070299 0.00941775964 0.00351276613
v 0.00970285585 -0.00765384509 -0.00240299486
v -0.00753158877 0.00958071874 0.00316002584
v 0.00967794111 -0.00755657031 -0.00278148436
v -0.00755662272 0.00967787431 0.00278153635
v 0.00958066633 -0.00753165556 -0.00315997385
v -0.00765377829 0.00970278905 0.00240304686
v 0.00941782644 -0.00758065058 -0.00351271414
v -0.00781661818 0.00965379404 0.00205030657
v 0.0092003887 -0.00770033671 -0.00381562494
v -0.00803417513 0.00953410791 0.00174739576
v 0.00894313505 -0.0078824885 -0.00404796385
v -0.00829130957 0.00935195611 0.00151505686
v 0.00866382768 -0.0081147082 -0.00419411444
v -0.00857073614 0.00911973642 0.00136890627
v 0.00838118246 -0.00838126017 -0.00424394392
v 0.00861721685 -0.00861717535 -0.00278148436
v -0.00861722777 0.00861726926 0.00278153635
f 1 2 3
f 3 2 4
f 1 3 5
f 5 3 6
f 5 6 7
f 8 9 10
f 11 12 13
f 13 12 14
f 15 16 17
f 2 18 4
f 4 18 19
f 4 19 17
f 17 19 20
f 17 20 15
f 10 21 8
f 8 21 22
f 8 22 6
f 6 22 23
f 6 23 7
f 12 24 14
f 14 24 25
f 14 25 26
f 15 27 16
f 16 27 28
f 16 28 29
f 30 31 9
f 9 31 32
f 9 32 10
f 33 34 30
f 30 34 35
f 30 35 31
f 28 36 29
f 29 36 37
f 29 37 38
f 39 40 41
f 41 40 42
f 43 44 45
f 11 13 46
f 46 13 47
f 46 47 48
f 48 47 49
f 49 47 50
f 49 50 51
f 40 52 42
f 42 52 53
f 42 53 54
f 45 55 43
f 43 55 56
f 43 56 41
f 41 56 57
f 41 57 39
f 58 59 44
f 44 59 60
f 44 60 45
f 25 61 26
f 26 61 62
f 26 62 58
f 58 62 63
f 58 63 59
f 51 50 64
f 64 50 65
f 64 65 66
f 67 68 69
f 70 71 33
f 33 71 72
f 33 72 34
f 73 74 70
f 70 74 75
f 70 75 71
f 53 76 54
f 54 76 77
f 54 77 73
f 73 77 78
f 73 78 74
f 69 79 67
f 67 79 80
f 67 80 65
f 65 80 81
f 65 81 66
f 82 83 68
f 68 83 84
f 68 84 69
f 37 85 38
f 38 85 86
f 38 86 82
f 82 86 87
f 82 87 83
f 88 89 90
f 91 92 93
f 94 95 96
f 97 98 99
f 100 101 102
f 103 104 105
f 106 107 108
f 109 110 111
f 112 113 114
f 115 116 117
f 118 119 120
f 121 122 123
f 124 125 126
f 127 128 129
f 130 131 132
f 133 134 135
f 136 137 138
f 139 140 141
f 142 143 144
f 145 146 147
f 148 149 150
f 151 152 153
f 154 155 156
f 157 158 159
f 160 161 162
f 163 164 165
f 166 167 168
f 169 170 171
f 172 173 174
f 175 176 177
f 178 179 180
f 181 182 183
f 184 185 186
f 187 188 189
f 190 191 192
f 193 194 195
f 196 197 198
f 199 200 201
f 202 203 204
f 205 206 207
f 208 209 210
f 211 212 213
f 214 215 216
f 217 218 219
f 220 221 222
f 223 224 225
f 226 227 228
f 229 230 231
f 232 233 234
f 235 236 237
f 238 239 240
f 241 242 243
f 244 245 246
f 247 248 249
f 250 251 252
f 253 254 255
f 256 257 258
f 259 260 261
f 262 263 264
f 265 266 267
f 268 269 270
f 271 272 273
f 274 275 276
f 277 278 279
f 280 281 282
f 283 284 248
f 248 284 285
f 248 285 249
f 249 285 286
f 249 286 287
f 287 288 289
f 289 288 290
f 290 291 292
f 292 291 293
f 293 294 295
f 295 294 296
f 296 297 298
f 298 297 299
f 299 300 301
f 301 300 302
f 302 303 304
f 304 303 305
f 305 306 307
f 307 306 271
f 308 309 310
f 311 312 313
f 314 315 316
f 317 318 319
f 320 321 322
f 323 324 325
f 326 327 328
f 329 330 331
f 332 333 334
f 335 336 337
f 338 339 340
f 341 342 343
f 344 345 346
f 347 348 349
f 268 270 350
f 351 352 245
f 245 352 353
f 245 353 246
f 246 353 354
f 246 354 355
f 355 356 357
f 357 356 358
f 358 359 360
f 360 359 361
f 361 362 363
f 363 362 364
f 364 365 366
f 366 365 367
f 367 368 369
f 369 368 370
f 370 371 372
f 372 371 373
f 373 374 375
f 375 374 376
f 376 377 378
f 378 377 253
f 379 380 381
f 382 383 384
f 385 386 387
f 388 389 390
f 391 392 393
f 394 395 396
f 397 398 399
f 400 401 402
f 403 404 405
f 406 407 408
f 409 410 411
f 412 413 414
f 415 416 417
f 250 252 418
f 275 283 276
f 276 283 248
f 276 248 419
f 419 248 247
f 419 247 420
f 257 351 258
f 258 351 245
f 258 245 421
f 421 245 244
f 421 244 422
f 278 274 279
f 279 274 276
f 279 276 423
f 423 276 419
f 423 419 424
f 424 419 420
f 424 420 425
f 260 256 261
f 261 256 258
f 261 258 426
f 426 258 421
f 426 421 427
f 427 421 422
f 427 422 428
f 281 277 282
f 282 277 279
f 282 279 429
f 429 279 423
f 429 423 430
f 430 423 424
f 430 424 431
f 431 424 425
f 431 425 432
f 263 259 264
f 264 259 261
f 264 261 433
f 433 261 426
f 433 426 434
f 434 426 427
f 434 427 435
f 435 427 428
f 435 428 436
f 437 280 438
f 438 280 282
f 438 282 439
f 439 282 429
f 439 429 440
f 440 429 430
f 440 430 441
f 441 430 431
f 441 431 442
f 442 431 432
f 442 432 243
f 266 262 267
f 267 262 264
f 267 264 443
f 443 264 433
f 443 433 444
f 444 433 434
f 444 434 445
f 445 434 435
f 445 435 446
f 446 435 436
f 446 436 165
f 447 448 449
f 450 451 452
f 453 437 454
f 454 437 438
f 454 438 455
f 455 438 439
f 455 439 456
f 456 439 440
f 456 440 457
f 457 440 441
f 457 441 458
f 458 441 442
f 458 442 459
f 459 442 243
f 459 243 460
f 460 243 242
f 287 289 249
f 249 289 461
f 249 461 247
f 247 461 462
f 247 462 420
f 420 462 463
f 420 463 425
f 425 463 464
f 425 464 432
f 432 464 240
f 432 240 243
f 243 240 239
f 243 239 241
f 290 292 289
f 289 292 465
f 289 465 461
f 461 465 466
f 461 466 462
f 462 466 467
f 462 467 463
f 463 467 468
f 463 468 464
f 464 468 237
f 464 237 240
f 240 237 236
f 240 236 238
f 293 295 292
f 292 295 469
f 292 469 465
f 465 469 470
f 465 470 466
f 466 470 471
f 466 471 467
f 467 471 472
f 467 472 468
f 468 472 234
f 468 234 237
f 237 234 233
f 237 233 235
f 296 298 295
f 295 298 473
f 295 473 469
f 469 473 474
f 469 474 470
f 470 474 475
f 470 475 471
f 471 475 476
f 471 476 472
f 472 476 231
f 472 231 234
f 234 231 230
f 234 230 232
f 299 301 298
f 298 301 477
f 298 477 473
f 473 477 478
f 473 478 474
f 474 478 479
f 474 479 475
f 475 479 480
f 475 480 476
f 476 480 228
f 476 228 231
f 231 228 227
f 231 227 229
f 302 304 301
f 301 304 481
f 301 481 477
f 477 481 482
f 477 482 478
f 478 482 483
f 478 483 479
f 479 483 484
f 479 484 480
f 480 484 225
f 480 225 228
f 228 225 224
f 228 224 226
f 305 307 304
f 304 307 485
f 304 485 481
f 481 485 486
f 481 486 482
f 482 486 487
f 482 487 483
f 483 487 488
f 483 488 484
f 484 488 222
f 484 222 225
f 225 222 221
f 225 221 223
f 271 273 307
f 307 273 489
f 307 489 485
f 485 489 490
f 485 490 486
f 486 490 491
f 486 491 487
f 487 491 492
f 487 492 488
f 488 492 219
f 488 219 222
f 222 219 218
f 222 218 220
f 273 493 489
f 489 493 494
f 489 494 490
f 490 494 495
f 490 495 491
f 491 495 496
f 491 496 492
f 492 496 216
f 492 216 219
f 219 216 215
f 219 215 217
f 493 497 494
f 494 497 498
f 494 498 495
f 495 498 499
f 495 499 496
f 496 499 213
f 496 213 216
f 216 213 212
f 216 212 214
f 497 500 498
f 498 500 501
f 498 501 499
f 499 501 210
f 499 210 213
f 213 210 209
f 213 209 211
f 500 447 501
f 501 447 449
f 501 449 210
f 210 449 502
f 210 502 208
f 503 504 505
f 505 504 448
f 505 448 506
f 506 448 447
f 506 447 507
f 507 447 500
f 507 500 508
f 508 500 497
f 508 497 509
f 509 497 493
f 509 493 510
f 510 493 273
f 510 273 511
f 511 273 272
f 504 512 448
f 448 512 513
f 448 513 449
f 449 513 514
f 449 514 502
f 206 503 207
f 207 503 505
f 207 505 515
f 515 505 506
f 515 506 516
f 516 506 507
f 516 507 517
f 517 507 508
f 517 508 518
f 518 508 509
f 518 509 310
f 310 509 510
f 310 510 308
f 308 510 511
f 203 205 204
f 204 205 207
f 204 207 519
f 519 207 515
f 519 515 520
f 520 515 516
f 520 516 521
f 521 516 517
f 521 517 522
f 522 517 518
f 522 518 313
f 313 518 310
f 313 310 311
f 311 310 309
f 200 202 201
f 201 202 204
f 201 204 523
f 523 204 519
f 523 519 524
f 524 519 520
f 524 520 525
f 525 520 521
f 525 521 526
f 526 521 522
f 526 522 316
f 316 522 313
f 316 313 314
f 314 313 312
f 197 199 198
f 198 199 201
f 198 201 527
f 527 201 523
f 527 523 528
f 528 523 524
f 528 524 529
f 529 524 525
f 529 525 530
f 530 525 526
f 530 526 319
f 319 526 316
f 319 316 317
f 317 316 315
f 194 196 195
f 195 196 198
f 195 198 531
f 531 198 527
f 531 527 532
f 532 527 528
f 532 528 533
f 533 528 529
f 533 529 534
f 534 529 530
f 534 530 322
f 322 530 319
f 322 319 320
f 320 319 318
f 191 193 192
f 192 193 195
f 192 195 535
f 535 195 531
f 535 531 536
f 536 531 532
f 536 532 537
f 537 532 533
f 537 533 538
f 538 533 534
f 538 534 325
f 325 534 322
f 325 322 323
f 323 322 321
f 188 190 189
f 189 190 192
f 189 192 539
f 539 192 535
f 539 535 540
f 540 535 536
f 540 536 541
f 541 536 537
f 541 537 542
f 542 537 538
f 542 538 328
f 328 538 325
f 328 325 326
f 326 325 324
f 185 187 186
f 186 187 189
f 186 189 543
f 543 189 539
f 543 539 544
f 544 539 540
f 544 540 545
f 545 540 541
f 545 541 546
f 546 541 542
f 546 542 331
f 331 542 328
f 331 328 329
f 329 328 327
f 182 184 183
f 183 184 186
f 183 186 547
f 547 186 543
f 547 543 548
f 548 543 544
f 548 544 549
f 549 544 545
f 549 545 550
f 550 545 546
f 550 546 334
f 334 546 331
f 334 331 332
f 332 331 330
f 179 181 180
f 180 181 183
f 180 183 551
f 551 183 547
f 551 547 552
f 552 547 548
f 552 548 553
f 553 548 549
f 553 549 554
f 554 549 550
f 554 550 337
f 337 550 334
f 337 334 335
f 335 334 333
f 176 178 177
f 177 178 180
f 177 180 555
f 555 180 551
f 555 551 556
f 556 551 552
f 556 552 557
f 557 552 553
f 557 553 558
f 558 553 554
f 558 554 340
f 340 554 337
f 340 337 338
f 338 337 336
f 173 175 174
f 174 175 177
f 174 177 559
f 559 177 555
f 559 555 560
f 560 555 556
f 560 556 561
f 561 556 557
f 561 557 562
f 562 557 558
f 562 558 343
f 343 558 340
f 343 340 341
f 341 340 339
f 170 172 171
f 171 172 174
f 171 174 563
f 563 174 559
f 563 559 564
f 564 559 560
f 564 560 565
f 565 560 561
f 565 561 566
f 566 561 562
f 566 562 346
f 346 562 343
f 346 343 344
f 344 343 342
f 167 169 168
f 168 169 171
f 168 171 567
f 567 171 563
f 567 563 568
f 568 563 564
f 568 564 569
f 569 564 565
f 569 565 570
f 570 565 566
f 570 566 349
f 349 566 346
f 349 346 347
f 347 346 345
f 571 166 572
f 572 166 168
f 572 168 573
f 573 168 567
f 573 567 574
f 574 567 568
f 574 568 575
f 575 568 569
f 575 569 576
f 576 569 570
f 576 570 270
f 270 570 349
f 270 349 350
f 350 349 348
f 269 265 270
f 270 265 267
f 270 267 576
f 576 267 443
f 576 443 575
f 575 443 444
f 575 444 574
f 574 444 445
f 574 445 573
f 573 445 446
f 573 446 572
f 572 446 165
f 572 165 571
f 571 165 164
f 355 357 246
f 246 357 577
f 246 577 244
f 244 577 578
f 244 578 422
f 422 578 579
f 422 579 428
f 428 579 580
f 428 580 436
f 436 580 162
f 436 162 165
f 165 162 161
f 165 161 163
f 358 360 357
f 357 360 581
f 357 581 577
f 577 581 582
f 577 582 578
f 578 582 583
f 578 583 579
f 579 583 584
f 579 584 580
f 580 584 159
f 580 159 162
f 162 159 158
f 162 158 160
f 361 363 360
f 360 363 585
f 360 585 581
f 581 585 586
f 581 586 582
f 582 586 587
f 582 587 583
f 583 587 588
f 583 588 584
f 584 588 156
f 584 156 159
f 159 156 155
f 159 155 157
f 364 366 363
f 363 366 589
f 363 589 585
f 585 589 590
f 585 590 586
f 586 590 591
f 586 591 587
f 587 591 592
f 587 592 588
f 588 592 153
f 588 153 156
f 156 153 152
f 156 152 154
f 367 369 366
f 366 369 593
f 366 593 589
f 589 593 594
f 589 594 590
f 590 594 595
f 590 595 591
f 591 595 596
f 591 596 592
f 592 596 150
f 592 150 153
f 153 150 149
f 153 149 151
f 370 372 369
f 369 372 597
f 369 597 593
f 593 597 598
f 593 598 594
f 594 598 599
f 594 599 595
f 595 599 600
f 595 600 596
f 596 600 147
f 596 147 150
f 150 147 146
f 150 146 148
f 373 375 372
f 372 375 601
f 372 601 597
f 597 601 602
f 597 602 598
f 598 602 603
f 598 603 599
f 599 603 604
f 599 604 600
f 600 604 144
f 600 144 147
f 147 144 143
f 147 143 145
f 376 378 375
f 375 378 605
f 375 605 601
f 601 605 606
f 601 606 602
f 602 606 607
f 602 607 603
f 603 607 608
f 603 608 604
f 604 608 141
f 604 141 144
f 144 141 140
f 144 140 142
f 253 255 378
f 378 255 609
f 378 609 605
f 605 609 610
f 605 610 606
f 606 610 611
f 606 611 607
f 607 611 612
f 607 612 608
f 608 612 138
f 608 138 141
f 141 138 137
f 141 137 139
f 255 613 609
f 609 613 614
f 609 614 610
f 610 614 615
f 610 615 611
f 611 615 616
f 611 616 612
f 612 616 135
f 612 135 138
f 138 135 134
f 138 134 136
f 613 617 614
f 614 617 618
f 614 618 615
f 615 618 619
f 615 619 616
f 616 619 132
f 616 132 135
f 135 132 131
f 135 131 133
f 617 620 618
f 618 620 621
f 618 621 619
f 619 621 129
f 619 129 132
f 132 129 128
f 132 128 130
f 620 450 621
f 621 450 452
f 621 452 129
f 129 452 622
f 129 622 127
f 623 624 625
f 625 624 451
f 625 451 626
f 626 451 450
f 626 450 627
f 627 450 620
f 627 620 628
f 628 620 617
f 628 617 629
f 629 617 613
f 629 613 630
f 630 613 255
f 630 255 631
f 631 255 254
f 624 632 451
f 451 632 633
f 451 633 452
f 452 633 634
f 452 634 622
f 125 623 126
f 126 623 625
f 126 625 635
f 635 625 626
f 635 626 636
f 636 626 627
f 636 627 637
f 637 627 628
f 637 628 638
f 638 628 629
f 638 629 381
f 381 629 630
f 381 630 379
f 379 630 631
f 122 124 123
f 123 124 126
f 123 126 639
f 639 126 635
f 639 635 640
f 640 635 636
f 640 636 641
f 641 636 637
f 641 637 642
f 642 637 638
f 642 638 384
f 384 638 381
f 384 381 382
f 382 381 380
f 119 121 120
f 120 121 123
f 120 123 643
f 643 123 639
f 643 639 644
f 644 639 640
f 644 640 645
f 645 640 641
f 645 641 646
f 646 641 642
f 646 642 387
f 387 642 384
f 387 384 385
f 385 384 383
f 116 118 117
f 117 118 120
f 117 120 647
f 647 120 643
f 647 643 648
f 648 643 644
f 648 644 649
f 649 644 645
f 649 645 650
f 650 645 646
f 650 646 390
f 390 646 387
f 390 387 388
f 388 387 386
f 113 115 114
f 114 115 117
f 114 117 651
f 651 117 647
f 651 647 652
f 652 647 648
f 652 648 653
f 653 648 649
f 653 649 654
f 654 649 650
f 654 650 393
f 393 650 390
f 393 390 391
f 391 390 389
f 110 112 111
f 111 112 114
f 111 114 655
f 655 114 651
f 655 651 656
f 656 651 652
f 656 652 657
f 657 652 653
f 657 653 658
f 658 653 654
f 658 654 396
f 396 654 393
f 396 393 394
f 394 393 392
f 107 109 108
f 108 109 111
f 108 111 659
f 659 111 655
f 659 655 660
f 660 655 656
f 660 656 661
f 661 656 657
f 661 657 662
f 662 657 658
f 662 658 399
f 399 658 396
f 399 396 397
f 397 396 395
f 104 106 105
f 105 106 108
f 105 108 663
f 663 108 659
f 663 659 664
f 664 659 660
f 664 660 665
f 665 660 661
f 665 661 666
f 666 661 662
f 666 662 402
f 402 662 399
f 402 399 400
f 400 399 398
f 101 103 102
f 102 103 105
f 102 105 667
f 667 105 663
f 667 663 668
f 668 663 664
f 668 664 669
f 669 664 665
f 669 665 670
f 670 665 666
f 670 666 405
f 405 666 402
f 405 402 403
f 403 402 401
f 98 100 99
f 99 100 102
f 99 102 671
f 671 102 667
f 671 667 672
f 672 667 668
f 672 668 673
f 673 668 669
f 673 669 674
f 674 669 670
f 674 670 408
f 408 670 405
f 408 405 406
f 406 405 404
f 95 97 96
f 96 97 99
f 96 99 675
f 675 99 671
f 675 671 676
f 676 671 672
f 676 672 677
f 677 672 673
f 677 673 678
f 678 673 674
f 678 674 411
f 411 674 408
f 411 408 409
f 409 408 407
f 92 94 93
f 93 94 96
f 93 96 679
f 679 96 675
f 679 675 680
f 680 675 676
f 680 676 681
f 681 676 677
f 681 677 682
f 682 677 678
f 682 678 414
f 414 678 411
f 414 411 412
f 412 411 410
f 89 91 90
f 90 91 93
f 90 93 683
f 683 93 679
f 683 679 684
f 684 679 680
f 684 680 685
f 685 680 681
f 685 681 686
f 686 681 682
f 686 682 417
f 417 682 414
f 417 414 415
f 415 414 413
f 687 88 688
f 688 88 90
f 688 90 689
f 689 90 683
f 689 683 690
f 690 683 684
f 690 684 691
f 691 684 685
f 691 685 692
f 692 685 686
f 692 686 252
f 252 686 417
f 252 417 418
f 418 417 416
f 251 453 252
f 252 453 454
f 252 454 692
f 692 454 455
f 692 455 691
f 691 455 456
f 691 456 690
f 690 456 457
f 690 457 689
f 689 457 458
f 689 458 688
f 688 458 459
f 688 459 687
f 687 459 460
f 693 694 695
f 695 694 696
f 693 695 697
f 697 695 698
f 697 698 699
f 700 701 702
f 702 701 703
f 700 702 704
f 704 702 705
f 704 705 706
f 694 707 696
f 696 707 708
f 696 708 709
f 710 711 712
f 713 714 711
f 711 714 715
f 711 715 712
f 716 717 713
f 713 717 718
f 713 718 714
f 701 719 703
f 703 719 720
f 703 720 716
f 716 720 721
f 716 721 717
f 706 705 722
f 722 705 723
f 722 723 724
f 725 726 727
f 708 728 709
f 709 728 729
f 709 729 730
f 731 732 733
f 734 735 736
f 736 735 737
f 724 723 738
f 738 723 739
f 738 739 740
f 741 742 739
f 739 742 743
f 739 743 740
f 727 744 725
f 725 744 745
f 725 745 741
f 741 745 746
f 741 746 742
f 729 747 730
f 730 747 748
f 730 748 726
f 726 748 749
f 726 749 727
f 750 751 752
f 753 754 733
f 733 754 755
f 733 755 731
f 735 756 737
f 737 756 757
f 737 757 753
f 753 757 758
f 753 758 754
f 712 759 710
f 710 759 760
f 710 760 761
f 752 762 750
f 750 762 763
f 750 763 764
f 765 766 751
f 751 766 767
f 751 767 752
f 731 768 732
f 732 768 769
f 732 769 765
f 765 769 770
f 765 770 766
f 760 771 761
f 761 771 772
f 761 772 773
f 763 774 764
f 764 774 775
f 764 775 698
f 698 775 776
f 698 776 699
f 772 777 773
f 773 777 778
f 773 778 736
f 736 778 779
f 736 779 734
f 780 732 781
f 781 732 765
f 781 765 782
f 782 765 751
f 782 751 783
f 783 751 750
f 783 750 784
f 784 750 764
f 784 764 785
f 785 764 698
f 785 698 786
f 786 698 695
f 786 695 787
f 787 695 696
f 787 696 788
f 788 696 709
f 788 709 789
f 789 709 730
f 789 730 790
f 790 730 726
f 790 726 791
f 791 726 725
f 791 725 792
f 792 725 741
f 792 741 793
f 793 741 739
f 793 739 794
f 794 739 723
f 794 723 795
f 795 723 705
f 795 705 796
f 796 705 702
f 796 702 797
f 797 702 703
f 797 703 798
f 798 703 716
f 798 716 799
f 799 716 713
f 799 713 800
f 800 713 711
f 800 711 801
f 801 711 710
f 801 710 802
f 802 710 761
f 802 761 803
f 803 761 773
f 803 773 804
f 804 773 736
f 804 736 805
f 805 736 737
f 805 737 806
f 806 737 753
f 806 753 807
f 807 753 733
f 807 733 780
f 780 733 732
f 808 797 809
f 809 797 798
f 809 798 810
f 810 798 799
f 810 799 811
f 811 799 800
f 811 800 812
f 812 800 801
f 812 801 813
f 813 801 802
f 813 802 814
f 815 791 816
f 816 791 792
f 816 792 817
f 817 792 793
f 817 793 818
f 818 793 794
f 818 794 819
f 819 794 795
f 819 795 808
f 808 795 796
f 808 796 797
f 820 784 821
f 821 784 785
f 821 785 822
f 822 785 786
f 822 786 823
f 823 786 787
f 823 787 824
f 824 787 788
f 824 788 825
f 825 788 789
f 825 789 815
f 815 789 790
f 815 790 791
f 802 803 814
f 814 803 804
f 814 804 826
f 826 804 805
f 826 805 827
f 827 805 806
f 827 806 828
f 828 806 807
f 828 807 829
f 829 807 780
f 829 780 830
f 830 780 781
f 830 781 831
f 831 781 782
f 831 782 820
f 820 782 783
f 820 783 784
f 832 829 833
f 833 829 830
f 833 830 834
f 834 830 831
f 834 831 835
f 835 831 820
f 835 820 836
f 836 820 821
f 836 821 837
f 837 821 822
f 837 822 838
f 838 822 823
f 838 823 839
f 839 823 824
f 839 824 840
f 840 824 825
f 840 825 841
f 841 825 815
f 841 815 842
f 842 815 816
f 842 816 843
f 843 816 817
f 843 817 844
f 844 817 818
f 844 818 845
f 845 818 819
f 845 819 846
f 846 819 808
f 846 808 847
f 847 808 809
f 847 809 848
f 848 809 810
f 848 810 849
f 849 810 811
f 849 811 850
f 850 811 812
f 850 812 851
f 851 812 813
f 851 813 852
f 852 813 814
f 852 814 853
f 853 814 826
f 853 826 854
f 854 826 827
f 854 827 855
f 855 827 828
f 855 828 832
f 832 828 829
f 847 856 846
f 846 856 857
f 846 857 845
f 845 857 858
f 845 858 844
f 844 858 859
f 844 859 843
f 843 859 860
f 843 860 842
f 860 861 842
f 842 861 862
f 842 862 841
f 841 862 863
f 841 863 840
f 840 863 864
f 840 864 839
f 839 864 865
f 839 865 838
f 838 865 866
f 838 866 837
f 837 866 867
f 837 867 836
f 853 868 852
f 852 868 869
f 852 869 851
f 851 869 870
f 851 870 850
f 850 870 871
f 850 871 849
f 849 871 872
f 849 872 848
f 848 872 873
f 848 873 847
f 847 873 874
f 847 874 856
f 867 875 836
f 836 875 876
f 836 876 835
f 835 876 877
f 835 877 834
f 834 877 878
f 834 878 833
f 833 878 879
f 833 879 832
f 832 879 880
f 832 880 855
f 855 880 881
f 855 881 854
f 854 881 882
f 854 882 853
f 853 882 883
f 853 883 868
f 70 880 73
f 73 880 879
f 73 879 54
f 54 879 878
f 54 878 42
f 42 878 877
f 42 877 41
f 41 877 876
f 41 876 43
f 43 876 875
f 43 875 44
f 44 875 867
f 44 867 58
f 58 867 866
f 58 866 26
f 26 866 865
f 26 865 14
f 14 865 864
f 14 864 13
f 13 864 863
f 13 863 47
f 47 863 862
f 47 862 50
f 50 862 861
f 50 861 65
f 65 861 860
f 65 860 67
f 67 860 859
f 67 859 68
f 68 859 858
f 68 858 82
f 82 858 857
f 82 857 38
f 38 857 856
f 38 856 29
f 29 856 874
f 29 874 16
f 16 874 873
f 16 873 17
f 17 873 872
f 17 872 4
f 4 872 871
f 4 871 3
f 3 871 870
f 3 870 6
f 6 870 869
f 6 869 8
f 8 869 868
f 8 868 9
f 9 868 883
f 9 883 30
f 30 883 882
f 30 882 33
f 33 882 881
f 33 881 70
f 70 881 880
f 251 250 884
f 418 416 885
f 415 413 886
f 403 401 887
f 400 398 888
f 397 395 889
f 394 392 890
f 391 389 891
f 388 386 892
f 385 383 893
f 382 380 894
f 269 268 895
f 350 348 896
f 347 345 897
f 344 342 898
f 332 330 899
f 329 327 900
f 326 324 901
f 323 321 902
f 320 318 903
f 317 315 904
f 314 312 905
f 906 762 752
f 907 763 762
f 908 774 763
f 909 775 774
f 910 776 775
f 911 699 776
f 912 697 699
f 913 693 697
f 914 694 693
f 915 707 694
f 916 708 707
f 917 728 708
f 918 729 728
f 919 747 729
f 920 748 747
f 921 749 748
f 922 727 749
f 923 744 727
f 924 745 744
f 925 746 745
f 926 742 746
f 927 719 701
f 928 720 719
f 929 721 720
f 930 717 721
f 931 718 717
f 932 714 718
f 933 715 714
f 934 712 715
f 935 759 712
f 936 760 759
f 937 771 760
f 938 772 771
f 939 777 772
f 940 778 777
f 941 779 778
f 942 734 779
f 943 735 734
f 944 756 735
f 945 757 756
f 946 758 757
f 754 758 947
f 947 758 946
f 947 946 948
f 743 742 949
f 949 742 926
f 949 926 950
f 755 754 951
f 951 754 947
f 951 947 952
f 952 947 948
f 952 948 953
f 740 743 954
f 954 743 949
f 954 949 955
f 955 949 950
f 955 950 956
f 731 755 957
f 957 755 951
f 957 951 958
f 958 951 952
f 958 952 959
f 959 952 953
f 959 953 960
f 738 740 961
f 961 740 954
f 961 954 962
f 962 954 955
f 962 955 963
f 963 955 956
f 963 956 964
f 768 731 965
f 965 731 957
f 965 957 966
f 966 957 958
f 966 958 967
f 967 958 959
f 967 959 968
f 968 959 960
f 968 960 969
f 724 738 970
f 970 738 961
f 970 961 971
f 971 961 962
f 971 962 972
f 972 962 963
f 972 963 973
f 973 963 964
f 973 964 895
f 974 975 976
f 977 978 979
f 980 280 437
f 757 945 946
f 946 945 981
f 946 981 948
f 948 981 982
f 948 982 953
f 953 982 983
f 953 983 960
f 960 983 980
f 960 980 969
f 969 980 437
f 969 437 453
f 984 277 281
f 756 944 945
f 945 944 985
f 945 985 981
f 981 985 986
f 981 986 982
f 982 986 987
f 982 987 983
f 983 987 984
f 983 984 980
f 980 984 281
f 980 281 280
f 988 274 278
f 735 943 944
f 944 943 989
f 944 989 985
f 985 989 990
f 985 990 986
f 986 990 991
f 986 991 987
f 987 991 988
f 987 988 984
f 984 988 278
f 984 278 277
f 992 283 275
f 734 942 943
f 943 942 993
f 943 993 989
f 989 993 994
f 989 994 990
f 990 994 995
f 990 995 991
f 991 995 992
f 991 992 988
f 988 992 275
f 988 275 274
f 996 285 284
f 779 941 942
f 942 941 997
f 942 997 993
f 993 997 998
f 993 998 994
f 994 998 999
f 994 999 995
f 995 999 996
f 995 996 992
f 992 996 284
f 992 284 283
f 1000 287 286
f 778 940 941
f 941 940 1001
f 941 1001 997
f 997 1001 1002
f 997 1002 998
f 998 1002 1003
f 998 1003 999
f 999 1003 1000
f 999 1000 996
f 996 1000 286
f 996 286 285
f 1004 290 288
f 777 939 940
f 940 939 1005
f 940 1005 1001
f 1001 1005 1006
f 1001 1006 1002
f 1002 1006 1007
f 1002 1007 1003
f 1003 1007 1004
f 1003 1004 1000
f 1000 1004 288
f 1000 288 287
f 1008 293 291
f 772 938 939
f 939 938 1009
f 939 1009 1005
f 1005 1009 1010
f 1005 1010 1006
f 1006 1010 1011
f 1006 1011 1007
f 1007 1011 1008
f 1007 1008 1004
f 1004 1008 291
f 1004 291 290
f 1012 296 294
f 771 937 938
f 938 937 1013
f 938 1013 1009
f 1009 1013 1014
f 1009 1014 1010
f 1010 1014 1015
f 1010 1015 1011
f 1011 1015 1012
f 1011 1012 1008
f 1008 1012 294
f 1008 294 293
f 1016 299 297
f 760 936 937
f 937 936 1017
f 937 1017 1013
f 1013 1017 1018
f 1013 1018 1014
f 1014 1018 1019
f 1014 1019 1015
f 1015 1019 1016
f 1015 1016 1012
f 1012 1016 297
f 1012 297 296
f 1020 302 300
f 759 935 936
f 936 935 1021
f 936 1021 1017
f 1017 1021 1022
f 1017 1022 1018
f 1018 1022 1023
f 1018 1023 1019
f 1019 1023 1020
f 1019 1020 1016
f 1016 1020 300
f 1016 300 299
f 1024 305 303
f 712 934 935
f 935 934 1025
f 935 1025 1021
f 1021 1025 1026
f 1021 1026 1022
f 1022 1026 1027
f 1022 1027 1023
f 1023 1027 1024
f 1023 1024 1020
f 1020 1024 303
f 1020 303 302
f 1028 271 306
f 715 933 934
f 934 933 1029
f 934 1029 1025
f 1025 1029 1030
f 1025 1030 1026
f 1026 1030 1031
f 1026 1031 1027
f 1027 1031 1028
f 1027 1028 1024
f 1024 1028 306
f 1024 306 305
f 1032 511 272
f 714 932 933
f 933 932 1033
f 933 1033 1029
f 1029 1033 1034
f 1029 1034 1030
f 1030 1034 1035
f 1030 1035 1031
f 1031 1035 1032
f 1031 1032 1028
f 1028 1032 272
f 1028 272 271
f 311 309 1036
f 1036 309 308
f 718 931 932
f 932 931 1037
f 932 1037 1033
f 1033 1037 1038
f 1033 1038 1034
f 1034 1038 1039
f 1034 1039 1035
f 1035 1039 1036
f 1035 1036 1032
f 1032 1036 308
f 1032 308 511
f 717 930 931
f 931 930 1040
f 931 1040 1037
f 1037 1040 1041
f 1037 1041 1038
f 1038 1041 1042
f 1038 1042 1039
f 1039 1042 905
f 1039 905 1036
f 1036 905 312
f 1036 312 311
f 721 929 930
f 930 929 1043
f 930 1043 1040
f 1040 1043 1044
f 1040 1044 1041
f 1041 1044 1045
f 1041 1045 1042
f 1042 1045 904
f 1042 904 905
f 905 904 315
f 905 315 314
f 720 928 929
f 929 928 1046
f 929 1046 1043
f 1043 1046 1047
f 1043 1047 1044
f 1044 1047 1048
f 1044 1048 1045
f 1045 1048 903
f 1045 903 904
f 904 903 318
f 904 318 317
f 719 927 928
f 928 927 1049
f 928 1049 1046
f 1046 1049 1050
f 1046 1050 1047
f 1047 1050 1051
f 1047 1051 1048
f 1048 1051 902
f 1048 902 903
f 903 902 321
f 903 321 320
f 701 1052 927
f 927 1052 1053
f 927 1053 1049
f 1049 1053 1054
f 1049 1054 1050
f 1050 1054 1055
f 1050 1055 1051
f 1051 1055 901
f 1051 901 902
f 902 901 324
f 902 324 323
f 1052 1056 1053
f 1053 1056 1057
f 1053 1057 1054
f 1054 1057 1058
f 1054 1058 1055
f 1055 1058 900
f 1055 900 901
f 901 900 327
f 901 327 326
f 1056 1059 1057
f 1057 1059 1060
f 1057 1060 1058
f 1058 1060 899
f 1058 899 900
f 900 899 330
f 900 330 329
f 1059 974 1060
f 1060 974 976
f 1060 976 899
f 899 976 333
f 899 333 332
f 341 339 1061
f 1061 339 975
f 1061 975 1062
f 1062 975 974
f 1062 974 1063
f 1063 974 1059
f 1063 1059 1064
f 1064 1059 1056
f 1064 1056 1065
f 1065 1056 1052
f 1065 1052 700
f 700 1052 701
f 339 338 975
f 975 338 336
f 975 336 976
f 976 336 335
f 976 335 333
f 342 341 898
f 898 341 1061
f 898 1061 1066
f 1066 1061 1062
f 1066 1062 1067
f 1067 1062 1063
f 1067 1063 1068
f 1068 1063 1064
f 1068 1064 1069
f 1069 1064 1065
f 1069 1065 704
f 704 1065 700
f 345 344 897
f 897 344 898
f 897 898 1070
f 1070 898 1066
f 1070 1066 1071
f 1071 1066 1067
f 1071 1067 1072
f 1072 1067 1068
f 1072 1068 1073
f 1073 1068 1069
f 1073 1069 706
f 706 1069 704
f 348 347 896
f 896 347 897
f 896 897 1074
f 1074 897 1070
f 1074 1070 1075
f 1075 1070 1071
f 1075 1071 1076
f 1076 1071 1072
f 1076 1072 1077
f 1077 1072 1073
f 1077 1073 722
f 722 1073 706
f 268 350 895
f 895 350 896
f 895 896 973
f 973 896 1074
f 973 1074 972
f 972 1074 1075
f 972 1075 971
f 971 1075 1076
f 971 1076 970
f 970 1076 1077
f 970 1077 724
f 724 1077 722
f 262 266 1078
f 1078 266 265
f 746 925 926
f 926 925 1079
f 926 1079 950
f 950 1079 1080
f 950 1080 956
f 956 1080 1081
f 956 1081 964
f 964 1081 1078
f 964 1078 895
f 895 1078 265
f 895 265 269
f 1082 259 263
f 745 924 925
f 925 924 1083
f 925 1083 1079
f 1079 1083 1084
f 1079 1084 1080
f 1080 1084 1085
f 1080 1085 1081
f 1081 1085 1082
f 1081 1082 1078
f 1078 1082 263
f 1078 263 262
f 1086 256 260
f 744 923 924
f 924 923 1087
f 924 1087 1083
f 1083 1087 1088
f 1083 1088 1084
f 1084 1088 1089
f 1084 1089 1085
f 1085 1089 1086
f 1085 1086 1082
f 1082 1086 260
f 1082 260 259
f 1090 351 257
f 727 922 923
f 923 922 1091
f 923 1091 1087
f 1087 1091 1092
f 1087 1092 1088
f 1088 1092 1093
f 1088 1093 1089
f 1089 1093 1090
f 1089 1090 1086
f 1086 1090 257
f 1086 257 256
f 1094 353 352
f 749 921 922
f 922 921 1095
f 922 1095 1091
f 1091 1095 1096
f 1091 1096 1092
f 1092 1096 1097
f 1092 1097 1093
f 1093 1097 1094
f 1093 1094 1090
f 1090 1094 352
f 1090 352 351
f 1098 355 354
f 748 920 921
f 921 920 1099
f 921 1099 1095
f 1095 1099 1100
f 1095 1100 1096
f 1096 1100 1101
f 1096 1101 1097
f 1097 1101 1098
f 1097 1098 1094
f 1094 1098 354
f 1094 354 353
f 1102 358 356
f 747 919 920
f 920 919 1103
f 920 1103 1099
f 1099 1103 1104
f 1099 1104 1100
f 1100 1104 1105
f 1100 1105 1101
f 1101 1105 1102
f 1101 1102 1098
f 1098 1102 356
f 1098 356 355
f 1106 361 359
f 729 918 919
f 919 918 1107
f 919 1107 1103
f 1103 1107 1108
f 1103 1108 1104
f 1104 1108 1109
f 1104 1109 1105
f 1105 1109 1106
f 1105 1106 1102
f 1102 1106 359
f 1102 359 358
f 1110 364 362
f 728 917 918
f 918 917 1111
f 918 1111 1107
f 1107 1111 1112
f 1107 1112 1108
f 1108 1112 1113
f 1108 1113 1109
f 1109 1113 1110
f 1109 1110 1106
f 1106 1110 362
f 1106 362 361
f 1114 367 365
f 708 916 917
f 917 916 1115
f 917 1115 1111
f 1111 1115 1116
f 1111 1116 1112
f 1112 1116 1117
f 1112 1117 1113
f 1113 1117 1114
f 1113 1114 1110
f 1110 1114 365
f 1110 365 364
f 1118 370 368
f 707 915 916
f 916 915 1119
f 916 1119 1115
f 1115 1119 1120
f 1115 1120 1116
f 1116 1120 1121
f 1116 1121 1117
f 1117 1121 1118
f 1117 1118 1114
f 1114 1118 368
f 1114 368 367
f 1122 373 371
f 694 914 915
f 915 914 1123
f 915 1123 1119
f 1119 1123 1124
f 1119 1124 1120
f 1120 1124 1125
f 1120 1125 1121
f 1121 1125 1122
f 1121 1122 1118
f 1118 1122 371
f 1118 371 370
f 1126 376 374
f 693 913 914
f 914 913 1127
f 914 1127 1123
f 1123 1127 1128
f 1123 1128 1124
f 1124 1128 1129
f 1124 1129 1125
f 1125 1129 1126
f 1125 1126 1122
f 1122 1126 374
f 1122 374 373
f 1130 253 377
f 697 912 913
f 913 912 1131
f 913 1131 1127
f 1127 1131 1132
f 1127 1132 1128
f 1128 1132 1133
f 1128 1133 1129
f 1129 1133 1130
f 1129 1130 1126
f 1126 1130 377
f 1126 377 376
f 379 631 1134
f 1134 631 254
f 699 911 912
f 912 911 1135
f 912 1135 1131
f 1131 1135 1136
f 1131 1136 1132
f 1132 1136 1137
f 1132 1137 1133
f 1133 1137 1134
f 1133 1134 1130
f 1130 1134 254
f 1130 254 253
f 776 910 911
f 911 910 1138
f 911 1138 1135
f 1135 1138 1139
f 1135 1139 1136
f 1136 1139 1140
f 1136 1140 1137
f 1137 1140 894
f 1137 894 1134
f 1134 894 380
f 1134 380 379
f 775 909 910
f 910 909 1141
f 910 1141 1138
f 1138 1141 1142
f 1138 1142 1139
f 1139 1142 1143
f 1139 1143 1140
f 1140 1143 893
f 1140 893 894
f 894 893 383
f 894 383 382
f 774 908 909
f 909 908 1144
f 909 1144 1141
f 1141 1144 1145
f 1141 1145 1142
f 1142 1145 1146
f 1142 1146 1143
f 1143 1146 892
f 1143 892 893
f 893 892 386
f 893 386 385
f 763 907 908
f 908 907 1147
f 908 1147 1144
f 1144 1147 1148
f 1144 1148 1145
f 1145 1148 1149
f 1145 1149 1146
f 1146 1149 891
f 1146 891 892
f 892 891 389
f 892 389 388
f 762 906 907
f 907 906 1150
f 907 1150 1147
f 1147 1150 1151
f 1147 1151 1148
f 1148 1151 1152
f 1148 1152 1149
f 1149 1152 890
f 1149 890 891
f 891 890 392
f 891 392 391
f 752 1153 906
f 906 1153 1154
f 906 1154 1150
f 1150 1154 1155
f 1150 1155 1151
f 1151 1155 1156
f 1151 1156 1152
f 1152 1156 889
f 1152 889 890
f 890 889 395
f 890 395 394
f 1153 1157 1154
f 1154 1157 1158
f 1154 1158 1155
f 1155 1158 1159
f 1155 1159 1156
f 1156 1159 888
f 1156 888 889
f 889 888 398
f 889 398 397
f 1157 1160 1158
f 1158 1160 1161
f 1158 1161 1159
f 1159 1161 887
f 1159 887 888
f 888 887 401
f 888 401 400
f 1160 977 1161
f 1161 977 979
f 1161 979 887
f 887 979 404
f 887 404 403
f 412 410 1162
f 1162 410 978
f 1162 978 1163
f 1163 978 977
f 1163 977 1164
f 1164 977 1160
f 1164 1160 1165
f 1165 1160 1157
f 1165 1157 1166
f 1166 1157 1153
f 1166 1153 767
f 767 1153 752
f 410 409 978
f 978 409 407
f 978 407 979
f 979 407 406
f 979 406 404
f 413 412 886
f 886 412 1162
f 886 1162 1167
f 1167 1162 1163
f 1167 1163 1168
f 1168 1163 1164
f 1168 1164 1169
f 1169 1164 1165
f 1169 1165 1170
f 1170 1165 1166
f 1170 1166 766
f 766 1166 767
f 416 415 885
f 885 415 886
f 885 886 1171
f 1171 886 1167
f 1171 1167 1172
f 1172 1167 1168
f 1172 1168 1173
f 1173 1168 1169
f 1173 1169 1174
f 1174 1169 1170
f 1174 1170 770
f 770 1170 766
f 250 418 884
f 884 418 885
f 884 885 1175
f 1175 885 1171
f 1175 1171 1176
f 1176 1171 1172
f 1176 1172 1177
f 1177 1172 1173
f 1177 1173 1178
f 1178 1173 1174
f 1178 1174 769
f 769 1174 770
f 453 251 969
f 969 251 884
f 969 884 968
f 968 884 1175
f 968 1175 967
f 967 1175 1176
f 967 1176 966
f 966 1176 1177
f 966 1177 965
f 965 1177 1178
f 965 1178 768
f 768 1178 769
f 242 1179 1180
f 242 241 1179
f 1179 241 239
f 1179 239 1181
f 239 238 1181
f 1181 238 236
f 1181 236 1182
f 236 235 1182
f 1182 235 233
f 1182 233 1183
f 1183 233 232
f 1183 232 1184
f 232 230 1184
f 1184 230 229
f 1184 229 1185
f 229 227 1185
f 1185 227 226
f 1185 226 1186
f 226 224 1186
f 1186 224 223
f 1186 223 1187
f 223 221 1187
f 1187 221 220
f 1187 220 1188
f 220 218 1188
f 1188 218 217
f 1188 217 1189
f 217 215 1189
f 1189 215 214
f 1189 214 1190
f 214 212 1190
f 1190 212 211
f 1190 211 1191
f 211 209 1191
f 1191 209 208
f 1191 208 1192
f 208 502 1192
f 1192 502 514
f 1192 514 1193
f 514 513 1193
f 1193 513 512
f 1193 512 1194
f 1194 512 504
f 504 503 1194
f 1194 503 206
f 1194 206 1195
f 206 205 1195
f 1195 205 203
f 1195 203 1196
f 203 202 1196
f 1196 202 200
f 1196 200 1197
f 200 199 1197
f 1197 199 197
f 1197 197 1198
f 197 196 1198
f 1198 196 194
f 1198 194 1199
f 194 193 1199
f 1199 193 191
f 1199 191 1200
f 191 190 1200
f 1200 190 188
f 1200 188 1201
f 188 187 1201
f 1201 187 185
f 1201 185 1202
f 185 184 1202
f 1202 184 182
f 1202 182 1203
f 182 181 1203
f 1203 181 179
f 1203 179 1204
f 179 178 1204
f 1204 178 176
f 1204 176 1205
f 176 175 1205
f 1205 175 173
f 1205 173 1206
f 173 172 1206
f 1206 172 170
f 1206 170 1207
f 170 169 1207
f 1207 169 167
f 1207 167 1208
f 164 1209 571
f 571 1209 1208
f 571 1208 166
f 166 1208 167
f 164 163 1209
f 1209 163 161
f 1209 161 1210
f 161 160 1210
f 1210 160 158
f 1210 158 1211
f 158 157 1211
f 1211 157 155
f 1211 155 1212
f 155 154 1212
f 1212 154 152
f 1212 152 1213
f 1213 152 151
f 1213 151 1214
f 151 149 1214
f 1214 149 148
f 1214 148 1215
f 148 146 1215
f 1215 146 145
f 1215 145 1216
f 145 143 1216
f 1216 143 142
f 1216 142 1217
f 142 140 1217
f 1217 140 139
f 1217 139 1218
f 139 137 1218
f 1218 137 136
f 1218 136 1219
f 136 134 1219
f 1219 134 133
f 1219 133 1220
f 133 131 1220
f 1220 131 130
f 1220 130 1221
f 130 128 1221
f 1221 128 127
f 1221 127 1222
f 127 622 1222
f 1222 622 634
f 1222 634 1223
f 1223 634 633
f 633 632 1223
f 1223 632 624
f 1223 624 1224
f 624 623 1224
f 1224 623 125
f 1224 125 1225
f 125 124 1225
f 1225 124 122
f 1225 122 1226
f 122 121 1226
f 1226 121 119
f 1226 119 1227
f 119 118 1227
f 1227 118 116
f 1227 116 1228
f 116 115 1228
f 1228 115 113
f 1228 113 1229
f 113 112 1229
f 1229 112 110
f 1229 110 1230
f 110 109 1230
f 1230 109 107
f 1230 107 1231
f 107 106 1231
f 1231 106 104
f 1231 104 1232
f 104 103 1232
f 1232 103 101
f 1232 101 1233
f 101 100 1233
f 1233 100 98
f 1233 98 1234
f 98 97 1234
f 1234 97 95
f 1234 95 1235
f 95 94 1235
f 1235 94 92
f 1235 92 1236
f 92 91 1236
f 1236 91 89
f 1236 89 1237
f 89 88 1237
f 1237 88 687
f 1237 687 1180
f 1180 687 460
f 1180 460 242
f 1180 1238 1237
f 1237 1238 1239
f 1237 1239 1236
f 1236 1239 1240
f 1236 1240 1235
f 1235 1240 1241
f 1235 1241 1234
f 1234 1241 1242
f 1234 1242 1233
f 1233 1242 1243
f 1233 1243 1232
f 1232 1243 1244
f 1232 1244 1231
f 1231 1244 1245
f 1231 1245 1230
f 1230 1245 1246
f 1230 1246 1229
f 1229 1246 1247
f 1229 1247 1228
f 1228 1247 1248
f 1228 1248 1227
f 1227 1248 1249
f 1227 1249 1226
f 1226 1249 1250
f 1226 1250 1225
f 1225 1250 1251
f 1225 1251 1224
f 1224 1251 1252
f 1224 1252 1223
f 1223 1252 1253
f 1223 1253 1222
f 1222 1253 1254
f 1222 1254 1221
f 1221 1254 1255
f 1221 1255 1220
f 1220 1255 1256
f 1220 1256 1219
f 1219 1256 1257
f 1219 1257 1218
f 1218 1257 1258
f 1218 1258 1217
f 1217 1258 1259
f 1217 1259 1216
f 1216 1259 1260
f 1216 1260 1215
f 1215 1260 1261
f 1215 1261 1214
f 1214 1261 1262
f 1214 1262 1213
f 1213 1262 1263
f 1213 1263 1212
f 1212 1263 1264
f 1212 1264 1211
f 1211 1264 1265
f 1211 1265 1210
f 1210 1265 1266
f 1210 1266 1209
f 1209 1266 1267
f 1209 1267 1208
f 1208 1267 1268
f 1208 1268 1207
f 1207 1268 1269
f 1207 1269 1206
f 1206 1269 1270
f 1206 1270 1205
f 1205 1270 1271
f 1205 1271 1204
f 1204 1271 1272
f 1204 1272 1203
f 1203 1272 1273
f 1203 1273 1202
f 1202 1273 1274
f 1202 1274 1201
f 1201 1274 1275
f 1201 1275 1200
f 1200 1275 1276
f 1200 1276 1199
f 1199 1276 1277
f 1199 1277 1198
f 1198 1277 1278
f 1198 1278 1197
f 1197 1278 1279
f 1197 1279 1196
f 1196 1279 1280
f 1196 1280 1195
f 1195 1280 1281
f 1195 1281 1194
f 1194 1281 1282
f 1194 1282 1193
f 1193 1282 1283
f 1193 1283 1192
f 1192 1283 1284
f 1192 1284 1191
f 1191 1284 1285
f 1191 1285 1190
f 1190 1285 1286
f 1190 1286 1189
f 1189 1286 1287
f 1189 1287 1188
f 1188 1287 1288
f 1188 1288 1187
f 1187 1288 1289
f 1187 1289 1186
f 1186 1289 1290
f 1186 1290 1185
f 1185 1290 1291
f 1185 1291 1184
f 1184 1291 1292
f 1184 1292 1183
f 1183 1292 1293
f 1183 1293 1182
f 1182 1293 1294
f 1182 1294 1181
f 1181 1294 1295
f 1181 1295 1179
f 1179 1295 1296
f 1179 1296 1180
f 1180 1296 1238
f 1296 1297 1238
f 1238 1297 1298
f 1238 1298 1239
f 1239 1298 1299
f 1239 1299 1240
f 1240 1299 1300
f 1240 1300 1241
f 1241 1300 1301
f 1241 1301 1242
f 1242 1301 1302
f 1242 1302 1243
f 1243 1302 1303
f 1243 1303 1244
f 1244 1303 1304
f 1244 1304 1245
f 1245 1304 1305
f 1245 1305 1246
f 1246 1305 1306
f 1246 1306 1247
f 1247 1306 1307
f 1247 1307 1248
f 1248 1307 1308
f 1248 1308 1249
f 1249 1308 1309
f 1249 1309 1250
f 1250 1309 1310
f 1250 1310 1251
f 1251 1310 1311
f 1251 1311 1252
f 1252 1311 1312
f 1252 1312 1253
f 1253 1312 1313
f 1253 1313 1254
f 1254 1313 1314
f 1254 1314 1255
f 1255 1314 1315
f 1255 1315 1256
f 1256 1315 1316
f 1256 1316 1257
f 1257 1316 1317
f 1257 1317 1258
f 1258 1317 1318
f 1258 1318 1259
f 1259 1318 1319
f 1259 1319 1260
f 1260 1319 1320
f 1260 1320 1261
f 1261 1320 1321
f 1261 1321 1262
f 1262 1321 1322
f 1262 1322 1263
f 1263 1322 1323
f 1263 1323 1264
f 1264 1323 1324
f 1264 1324 1265
f 1265 1324 1325
f 1265 1325 1266
f 1266 1325 1326
f 1266 1326 1267
f 1267 1326 1327
f 1267 1327 1268
f 1268 1327 1328
f 1268 1328 1269
f 1269 1328 1329
f 1269 1329 1270
f 1270 1329 1330
f 1270 1330 1271
f 1271 1330 1331
f 1271 1331 1272
f 1272 1331 1332
f 1272 1332 1273
f 1273 1332 1333
f 1273 1333 1274
f 1274 1333 1334
f 1274 1334 1275
f 1275 1334 1335
f 1275 1335 1276
f 1276 1335 1336
f 1276 1336 1277
f 1277 1336 1337
f 1277 1337 1278
f 1278 1337 1338
f 1278 1338 1279
f 1279 1338 1339
f 1279 1339 1280
f 1280 1339 1340
f 1280 1340 1281
f 1281 1340 1341
f 1281 1341 1282
f 1282 1341 1342
f 1282 1342 1283
f 1283 1342 1343
f 1283 1343 1284
f 1284 1343 1344
f 1284 1344 1285
f 1285 1344 1345
f 1285 1345 1286
f 1286 1345 1346
f 1286 1346 1287
f 1287 1346 1347
f 1287 1347 1288
f 1288 1347 1348
f 1288 1348 1289
f 1289 1348 1349
f 1289 1349 1290
f 1290 1349 1350
f 1290 1350 1291
f 1291 1350 1351
f 1291 1351 1292
f 1292 1351 1352
f 1292 1352 1293
f 1293 1352 1353
f 1293 1353 1294
f 1294 1353 1354
f 1294 1354 1295
f 1295 1354 1355
f 1295 1355 1296
f 1296 1355 1297
f 1355 1356 1297
f 1297 1356 1357
f 1297 1357 1298
f 1298 1357 1358
f 1298 1358 1299
f 1299 1358 1359
f 1299 1359 1300
f 1300 1359 1360
f 1300 1360 1301
f 1301 1360 1361
f 1301 1361 1302
f 1302 1361 1362
f 1302 1362 1303
f 1303 1362 1363
f 1303 1363 1304
f 1304 1363 1364
f 1304 1364 1305
f 1305 1364 1365
f 1305 1365 1306
f 1306 1365 1366
f 1306 1366 1307
f 1307 1366 1367
f 1307 1367 1308
f 1308 1367 1368
f 1308 1368 1309
f 1309 1368 1369
f 1309 1369 1310
f 1310 1369 1370
f 1310 1370 1311
f 1311 1370 1371
f 1311 1371 1312
f 1312 1371 1372
f 1312 1372 1313
f 1313 1372 1373
f 1313 1373 1314
f 1314 1373 1374
f 1314 1374 1315
f 1315 1374 1375
f 1315 1375 1316
f 1316 1375 1376
f 1316 1376 1317
f 1317 1376 1377
f 1317 1377 1318
f 1318 1377 1378
f 1318 1378 1319
f 1319 1378 1379
f 1319 1379 1320
f 1320 1379 1380
f 1320 1380 1321
f 1321 1380 1381
f 1321 1381 1322
f 1322 1381 1382
f 1322 1382 1323
f 1323 1382 1383
f 1323 1383 1324
f 1324 1383 1384
f 1324 1384 1325
f 1325 1384 1385
f 1325 1385 1326
f 1326 1385 1386
f 1326 1386 1327
f 1327 1386 1387
f 1327 1387 1328
f 1328 1387 1388
f 1328 1388 1329
f 1329 1388 1389
f 1329 1389 1330
f 1330 1389 1390
f 1330 1390 1331
f 1331 1390 1391
f 1331 1391 1332
f 1332 1391 1392
f 1332 1392 1333
f 1333 1392 1393
f 1333 1393 1334
f 1334 1393 1394
f 1334 1394 1335
f 1335 1394 1395
f 1335 1395 1336
f 1336 1395 1396
f 1336 1396 1337
f 1337 1396 1397
f 1337 1397 1338
f 1338 1397 1398
f 1338 1398 1339
f 1339 1398 1399
f 1339 1399 1340
f 1340 1399 1400
f 1340 1400 1341
f 1341 1400 1401
f 1341 1401 1342
f 1342 1401 1402
f 1342 1402 1343
f 1343 1402 1403
f 1343 1403 1344
f 1344 1403 1404
f 1344 1404 1345
f 1345 1404 1405
f 1345 1405 1346
f 1346 1405 1406
f 1346 1406 1347
f 1347 1406 1407
f 1347 1407 1348
f 1348 1407 1408
f 1348 1408 1349
f 1349 1408 1409
f 1349 1409 1350
f 1350 1409 1410
f 1350 1410 1351
f 1351 1410 1411
f 1351 1411 1352
f 1352 1411 1412
f 1352 1412 1353
f 1353 1412 1413
f 1353 1413 1354
f 1354 1413 1414
f 1354 1414 1355
f 1355 1414 1356
f 1414 1415 1356
f 1356 1415 1416
f 1356 1416 1357
f 1357 1416 1417
f 1357 1417 1358
f 1358 1417 1418
f 1358 1418 1359
f 1359 1418 1419
f 1359 1419 1360
f 1360 1419 1420
f 1360 1420 1361
f 1361 1420 1421
f 1361 1421 1362
f 1362 1421 1422
f 1362 1422 1363
f 1363 1422 1423
f 1363 1423 1364
f 1364 1423 1424
f 1364 1424 1365
f 1365 1424 1425
f 1365 1425 1366
f 1366 1425 1426
f 1366 1426 1367
f 1367 1426 1427
f 1367 1427 1368
f 1368 1427 1428
f 1368 1428 1369
f 1369 1428 1429
f 1369 1429 1370
f 1370 1429 1430
f 1370 1430 1371
f 1371 1430 1431
f 1371 1431 1372
f 1372 1431 1432
f 1372 1432 1373
f 1373 1432 1433
f 1373 1433 1374
f 1374 1433 1434
f 1374 1434 1375
f 1375 1434 1435
f 1375 1435 1376
f 1376 1435 1436
f 1376 1436 1377
f 1377 1436 1437
f 1377 1437 1378
f 1378 1437 1438
f 1378 1438 1379
f 1379 1438 1439
f 1379 1439 1380
f 1380 1439 1440
f 1380 1440 1381
f 1381 1440 1441
f 1381 1441 1382
f 1382 1441 1442
f 1382 1442 1383
f 1383 1442 1443
f 1383 1443 1384
f 1384 1443 1444
f 1384 1444 1385
f 1385 1444 1445
f 1385 1445 1386
f 1386 1445 1446
f 1386 1446 1387
f 1387 1446 1447
f 1387 1447 1388
f 1388 1447 1448
f 1388 1448 1389
f 1389 1448 1449
f 1389 1449 1390
f 1390 1449 1450
f 1390 1450 1391
f 1391 1450 1451
f 1391 1451 1392
f 1392 1451 1452
f 1392 1452 1393
f 1393 1452 1453
f 1393 1453 1394
f 1394 1453 1454
f 1394 1454 1395
f 1395 1454 1455
f 1395 1455 1396
f 1396 1455 1456
f 1396 1456 1397
f 1397 1456 1457
f 1397 1457 1398
f 1398 1457 1458
f 1398 1458 1399
f 1399 1458 1459
f 1399 1459 1400
f 1400 1459 1460
f 1400 1460 1401
f 1401 1460 1461
f 1401 1461 1402
f 1402 1461 1462
f 1402 1462 1403
f 1403 1462 1463
f 1403 1463 1404
f 1404 1463 1464
f 1404 1464 1405
f 1405 1464 1465
f 1405 1465 1406
f 1406 1465 1466
f 1406 1466 1407
f 1407 1466 1467
f 1407 1467 1408
f 1408 1467 1468
f 1408 1468 1409
f 1409 1468 1469
f 1409 1469 1410
f 1410 1469 1470
f 1410 1470 1411
f 1411 1470 1471
f 1411 1471 1412
f 1412 1471 1472
f 1412 1472 1413
f 1413 1472 1473
f 1413 1473 1414
f 1414 1473 1415
f 1473 74 1415
f 1415 74 78
f 1415 78 1416
f 1416 78 77
f 1416 77 1417
f 1417 77 76
f 1417 76 1418
f 1418 76 53
f 1418 53 1419
f 1419 53 52
f 1419 52 1420
f 1420 52 40
f 1420 40 1421
f 1421 40 39
f 1421 39 1422
f 1422 39 57
f 1422 57 1423
f 1423 57 56
f 1423 56 1424
f 1424 56 55
f 1424 55 1425
f 1425 55 45
f 1425 45 1426
f 1426 45 60
f 1426 60 1427
f 1427 60 59
f 1427 59 1428
f 1428 59 63
f 1428 63 1429
f 1429 63 62
f 1429 62 1430
f 1430 62 61
f 1430 61 1431
f 1431 61 25
f 1431 25 1432
f 1432 25 24
f 1432 24 1433
f 1433 24 12
f 1433 12 1434
f 1434 12 11
f 1434 11 1435
f 1435 11 46
f 1435 46 1436
f 1436 46 48
f 1436 48 1437
f 1437 48 49
f 1437 49 1438
f 1438 49 51
f 1438 51 1439
f 1439 51 64
f 1439 64 1440
f 1440 64 66
f 1440 66 1441
f 1441 66 81
f 1441 81 1442
f 1442 81 80
f 1442 80 1443
f 1443 80 79
f 1443 79 1444
f 1444 79 69
f 1444 69 1445
f 1445 69 84
f 1445 84 1446
f 1446 84 83
f 1446 83 1447
f 1447 83 87
f 1447 87 1448
f 1448 87 86
f 1448 86 1449
f 1449 86 85
f 1449 85 1450
f 1450 85 37
f 1450 37 1451
f 1451 37 36
f 1451 36 1452
f 1452 36 28
f 1452 28 1453
f 1453 28 27
f 1453 27 1454
f 1454 27 15
f 1454 15 1455
f 1455 15 20
f 1455 20 1456
f 1456 20 19
f 1456 19 1457
f 1457 19 18
f 1457 18 1458
f 1458 18 2
f 1458 2 1459
f 1459 2 1
f 1459 1 1460
f 1460 1 5
f 1460 5 1461
f 1461 5 7
f 1461 7 1462
f 1462 7 23
f 1462 23 1463
f 1463 23 22
f 1463 22 1464
f 1464 22 21
f 1464 21 1465
f 1465 21 10
f 1465 10 1466
f 1466 10 32
f 1466 32 1467
f 1467 32 31
f 1467 31 1468
f 1468 31 35
f 1468 35 1469
f 1469 35 34
f 1469 34 1470
f 1470 34 72
f 1470 72 1471
f 1471 72 71
f 1471 71 1472
f 1472 71 75
f 1472 75 1473
f 1473 75 74
f 1474 1475 1476
f 1476 1475 1477
f 1476 1477 1478
f 1478 1477 1479
f 1478 1479 1480
f 1480 1479 1481
f 1480 1481 1482
f 1482 1481 1483
f 1482 1483 1484
f 1484 1483 1485
f 1484 1485 1486
f 1486 1485 1487
f 1486 1487 1488
f 1488 1487 1489
f 1488 1489 1490
f 1490 1489 1491
f 1490 1491 1492
f 1492 1491 1493
f 1492 1493 1494
f 1494 1493 1495
f 1494 1495 1496
f 1496 1495 1497
f 1496 1497 1498
f 1498 1497 1499
f 1498 1499 1500
f 1500 1499 1501
f 1500 1501 1502
f 1502 1501 1503
f 1502 1503 1504
f 1504 1503 1505
f 1504 1505 1506
f 1506 1505 1507
f 1506 1507 1508
f 1508 1507 1509
f 1508 1509 1510
f 1510 1509 1511
f 1510 1511 1512
f 1512 1511 1513
f 1512 1513 1514
f 1514 1513 1515
f 1514 1515 1516
f 1516 1515 1517
f 1516 1517 1518
f 1518 1517 1519
f 1518 1519 1520
f 1520 1519 1521
f 1520 1521 1474
f 1474 1521 1475
f 1501 1499 1522
f 1522 1499 1497
f 1522 1497 1495
f 1507 1505 1522
f 1522 1505 1503
f 1522 1503 1501
f 1513 1511 1522
f 1522 1511 1509
f 1522 1509 1507
f 1519 1517 1522
f 1522 1517 1515
f 1522 1515 1513
f 1477 1475 1522
f 1522 1475 1521
f 1522 1521 1519
f 1483 1481 1522
f 1522 1481 1479
f 1522 1479 1477
f 1489 1487 1522
f 1522 1487 1485
f 1522 1485 1483
f 1495 1493 1522
f 1522 1493 1491
f 1522 1491 1489
f 1494 1496 1523
f 1523 1496 1498
f 1523 1498 1500
f 1488 1490 1523
f 1523 1490 1492
f 1523 1492 1494
f 1482 1484 1523
f 1523 1484 1486
f 1523 1486 1488
f 1476 1478 1523
f 1523 1478 1480
f 1523 1480 1482
f 1518 1520 1523
f 1523 1520 1474
f 1523 1474 1476
f 1512 1514 1523
f 1523 1514 1516
f 1523 1516 1518
f 1506 1508 1523
f 1523 1508 1510
f 1523 1510 1512
f 1500 1502 1523
f 1523 1502 1504
f 1523 1504 1506
