v -0.0319995639 0.0397777171 0.0131200452
v -0.032281613 0.0400598259 0.0130522152
v -0.0316674468 0.0394455404 0.0174114605
v 0.0290892366 -0.0213110237 0.0431961914
v 0.0293561462 -0.0215780525 0.0428818365
v 0.023489857 -0.0157117634 0.0447518726
v 0.0324647668 -0.0246866136 0.0387667318
v 0.0297255758 -0.0219474225 0.0365383525
v 0.0303859952 -0.022607842 0.0406304498
v 0.0388686899 -0.0310905366 0.0262459417
v 0.0348270181 -0.0270488053 0.0274916788
v 0.0380162242 -0.0302380114 0.0284020801
v 0.0433995965 -0.0356213837 0.00372063118
v 0.0409041885 -0.0331259756 0.00555752712
v 0.0428270343 -0.0350488215 0.0101822515
v 0.0224222186 -0.0146440058 -0.0494878392
v 0.0233286861 -0.0155504732 -0.0437527995
v 0.0259226802 -0.0181445866 -0.0465298991
v 0.00881280931 -0.00103465607 -0.0555653672
v 0.00733103784 0.000447115404 -0.0553695063
v 0.00798013242 -0.000201919573 -0.0513481001
v 0.00421824487 0.00355996798 -0.0559980969
v -0.000380968728 0.00815912197 -0.05567349
v -0.000445818581 0.00822397183 -0.0528593163
v -0.0135876891 0.0213659019 -0.0502505402
v -0.00842270819 0.0162008018 -0.0502843956
v -0.00934455363 0.0171226473 -0.0527801613
v -0.031090593 0.0388687463 -0.0262459616
v -0.0270488021 0.0348270149 -0.0274916987
v -0.0302380082 0.038016221 -0.0284021
v -0.0328866002 0.0406647534 0.0107464691
v -0.0327040908 0.040482244 0.010434856
v -0.033488011 0.0412662239 0.00613044697
v -0.0280687567 0.0358469696 0.033066382
v -0.0298924204 0.0376705737 0.0284095903
v -0.030567145 0.0383452983 0.0275959869
v -0.0251382348 0.0329164476 0.038089623
v -0.0218152758 0.0295934291 0.0425978799
v -0.024841046 0.0326191993 0.0374723573
v -0.0219474789 0.0297256322 0.0365383525
v -0.0146440026 0.0224222154 0.0494878193
v -0.01555047 0.0233286829 0.0437527795
v -0.0181445834 0.0259227366 0.0465299984
v -0.00533673731 0.0131148906 0.0456730028
v -0.00817880599 0.0159569592 0.0487732788
v -0.00121626822 0.00899442146 0.0469480653
v -0.027763581 0.0355417342 -0.0158892969
v -0.0305988547 0.0383770079 -0.0170664887
v -0.028922176 0.0367003293 -0.0101536612
v -0.0239749905 0.0317531438 -0.0265224079
v -0.0260773656 0.0338555188 -0.0214541058
v 0.0131148342 -0.00533668091 -0.0456730227
v 0.0159569028 -0.00817874958 -0.0487732987
v 0.00899436506 -0.00121621181 -0.0469480852
v 0.020856643 -0.0130784302 -0.0409933428
v 0.0189919713 -0.0112138181 -0.0424270729
v 0.0355416778 -0.0277635842 0.015889277
v 0.0383770707 -0.0305988579 0.0170664688
v 0.0367002729 -0.0289221196 0.0101536413
v 0.0317532066 -0.0239749937 0.026522388
v 0.0338554624 -0.0260773091 0.0214540859
v 0.0228926185 -0.0151144056 0.0391660829
v 0.0262137893 -0.0184356361 0.0354889532
v 0.0406176093 -0.0328394561 0.00154887634
v 0.0403355602 -0.0325574069 0.00148116547
v 0.0278618577 -0.0200837045 0.0411120554
v 0.0277425292 -0.019964376 0.0414799352
v 0.0376004222 -0.029822269 -0.023874412
v 0.037820721 -0.0300425677 -0.0236162047
v 0.0383453611 -0.0305671482 -0.0275960068
v 0.0380858425 -0.0303076892 -0.0229069094
v 0.0381125453 -0.0303343921 -0.022503982
v 0.040377641 -0.0325994878 -0.0217523674
v 0.0375294927 -0.0297512798 -0.0211916069
v 0.0372611526 -0.0294829993 -0.0210508208
v 0.0373084787 -0.0295303254 -0.0167216162
v 0.0379863027 -0.0302081495 -0.0232862334
v 0.0362718347 -0.0284936814 -0.0236982207
v 0.0365051273 -0.028726974 -0.0239323477
v 0.0342717412 -0.0264935284 -0.0359137158
v 0.0367734674 -0.0289952545 -0.0240731339
v 0.0358469728 -0.0280688195 -0.0330664019
v 0.0370582584 -0.0292801051 -0.0241109232
v 0.0373403076 -0.0295622139 -0.0240430931
v 0.0380646232 -0.03028647 -0.0221051077
v 0.0379452947 -0.0301671415 -0.0217373471
v 0.0377627853 -0.029984632 -0.021425734
v 0.0360483173 -0.0282701044 -0.0218377213
v 0.0359487775 -0.0281706243 -0.0222170452
v 0.0360346082 -0.0282563954 -0.0163104634
v 0.036213899 -0.0284356861 -0.0215076308
v 0.0369763616 -0.0291981487 -0.0210130314
v 0.0366943124 -0.0289160996 -0.0210808615
v 0.0364341977 -0.0286560445 -0.0212495427
v 0.0336057189 -0.0258275061 -0.0331457953
v 0.0337052587 -0.0259270458 -0.0327663521
v 0.0337319616 -0.0259537487 -0.0323635439
v 0.0336840394 -0.0259058266 -0.0319645504
v 0.0360893253 -0.0283111124 -0.0233866076
v 0.0335647109 -0.0257865577 -0.0315967898
v 0.0359699968 -0.0281917839 -0.0230188469
v 0.0359220746 -0.0281438618 -0.0226198534
v 0.0152964834 -0.00751833011 -0.0528655152
v 0.0126542095 -0.00487599661 -0.0520086388
v 0.0128745082 -0.00509635498 -0.0517505507
v 0.0131663326 -0.00538817932 -0.050638328
v 0.0131396297 -0.00536141683 -0.0510411362
v 0.0130400899 -0.00526193668 -0.0514204602
v 0.00810959371 -0.000331440467 -0.0505455832
v 0.0111021045 -0.00332389166 -0.0499719481
v 0.0131184104 -0.00534025719 -0.0502393345
v 0.0129990819 -0.00522092869 -0.0498715739
v 0.0128165725 -0.00503835966 -0.04956008
v 0.0110025647 -0.0032243519 -0.0503513913
v 0.0109758619 -0.00319764902 -0.0507541994
v 0.011023784 -0.00324557115 -0.0511530737
v 0.0125831607 -0.00480506708 -0.0493258337
v 0.0123149398 -0.00453678657 -0.0491851668
v 0.0120301488 -0.00425193598 -0.0491473774
v 0.0117479804 -0.00396982719 -0.0492150883
v 0.011487985 -0.00370977213 -0.0493837695
v 0.0112676862 -0.00348947336 -0.0496419768
v 0.0150760654 -0.00729797174 -0.0537186961
v 0.0118272546 -0.00404904177 -0.0522073607
v 0.0121120456 -0.00433389236 -0.05224515
v 0.0111431125 -0.00336489965 -0.0515209536
v 0.0113256219 -0.00354740908 -0.0518324475
v 0.0115589145 -0.00378076126 -0.0520665745
v -0.00461599795 0.0123941512 -0.0492150883
v -0.00487599341 0.0126542063 -0.0493837695
v -0.00777361361 0.0155518265 -0.0462631087
v -0.00332388846 0.0111021013 -0.0514204602
v -0.0032243487 0.0110025616 -0.0510411362
v -0.00354740588 0.0113256187 -0.04956008
v 0.000203276 0.00757493685 -0.0488379101
v -0.00336489645 0.0111430497 -0.0498715739
v -0.00324556796 0.0110237808 -0.0502393345
v -0.00509629218 0.012874505 -0.0496419768
v -0.00526187388 0.0130400867 -0.0499719481
v -0.00536141364 0.0131396265 -0.0503513913
v -0.00319764582 0.0109758587 -0.050638328
v -0.00378081767 0.0115589709 -0.0493258337
v -0.00404903857 0.0118271918 -0.0491851668
v -0.00433394877 0.0121120424 -0.0491473774
v -0.00538811652 0.0131663294 -0.0507541994
v -0.00534019438 0.0131184072 -0.0511530737
v -0.00492224661 0.0127004595 -0.0545959572
v -0.00453684298 0.0123149962 -0.0522073607
v -0.00425193278 0.012030086 -0.05224515
v -0.0039698836 0.0117480368 -0.0521774392
v -0.00370976893 0.0114879818 -0.0520086388
v -0.00348947016 0.0112676234 -0.0517505507
v -0.00522098509 0.0129990787 -0.0515209536
v -0.00503835646 0.0128165693 -0.0518324475
v -0.00480506388 0.0125832171 -0.0520665745
v -0.0187133309 0.0264914841 -0.0421363215
v -0.0184532162 0.0262314291 -0.0419676403
v -0.00764415232 0.0154223056 -0.0454605917
v -0.0182329175 0.0260110707 -0.0417095522
v -0.0180673358 0.0258455486 -0.0413794617
v -0.017967796 0.0257460089 -0.0410001377
v -0.00762996642 0.0154081793 -0.0446192126
v -0.0114935395 0.0192716927 -0.0422256092
v -0.0179410931 0.025719306 -0.0405973296
v -0.0151144025 0.0228926153 -0.0391661028
v -0.0179890153 0.0257672281 -0.0401983361
v -0.0181083438 0.025886497 -0.0398305754
v -0.0182908532 0.026069066 -0.0395189623
v -0.018524265 0.0263024182 -0.0392848353
v -0.0187924859 0.0265706391 -0.0391440491
v -0.0219474789 0.0297256322 -0.0365383725
v -0.0190772769 0.0268554897 -0.039106379
v -0.0193594453 0.0271375985 -0.0391740898
v -0.0196194407 0.0273976536 -0.039342771
v -0.0198397395 0.0276179523 -0.0396009783
v -0.0200053212 0.027783534 -0.0399309496
v -0.0226078984 0.0303860516 -0.0406304697
v -0.0201048609 0.0278830738 -0.0403102736
v -0.0201315638 0.0279097767 -0.040713201
v -0.0226710793 0.0304492922 -0.0415344338
v -0.0227672812 0.0305454345 -0.0414110522
v -0.0197818038 0.0275600166 -0.041791449
v -0.0199644324 0.027742526 -0.0414798359
v -0.0200836417 0.0278618545 -0.0411120753
v -0.0189953801 0.0267735333 -0.0422041516
v -0.0192802903 0.0270584435 -0.0421663622
v -0.0195485112 0.0273266644 -0.0420255761
v 0.00284173521 0.00493641804 0.0515431066
v 0.0029610637 0.00481708954 0.051175346
v -0.00336489645 0.0111430497 0.0515209337
v 0.00314357313 0.00463458012 0.0508637329
v -0.00354740588 0.0113256187 0.0518324276
v -0.00378081767 0.0115589709 0.0520666738
v -0.00589976279 0.013677916 0.0542619129
v -0.00404903857 0.0118271918 0.0522073408
v -0.00433394877 0.0121120424 0.0522451301
v 0.00337698492 0.00440122793 0.0506296058
v 0.00364520582 0.00413294743 0.0504888197
v 0.00744547876 0.00033273409 0.0480353733
v 0.00393011602 0.00384809683 0.0504510303
v 0.0042121652 0.00356604765 0.0505188604
v -0.00751826731 0.0152964802 0.0528654953
v -0.00487599341 0.0126542063 0.0520086189
v -0.00509629218 0.012874505 0.0517505308
v -0.00534019438 0.0131184072 0.0502394338
v -0.00522098509 0.0129990787 0.049871554
v -0.00503835646 0.0128165693 0.0495600601
v -0.00480506388 0.0125832171 0.0493258138
v -0.00453684298 0.0123149962 0.0491851469
v -0.00425193278 0.012030086 0.0491473575
v -0.0039698836 0.0117480368 0.0492150684
v -0.0032243487 0.0110025616 0.0503513713
v -0.00319764582 0.0109758587 0.0507541795
v -0.00324556796 0.0110237808 0.051153173
v -0.00370976893 0.0114879818 0.0493838688
v -0.00348947016 0.0112676234 0.0496419569
v 0.00298478635 0.0047934265 0.0474828382
v -0.00526187388 0.0130400867 0.0514205595
v -0.00536141364 0.0131396265 0.0510411163
v -0.00538811652 0.0131663294 0.0506383081
v 0.0262314323 -0.0184532194 0.0419676204
v 0.0231991056 -0.0154209523 0.0429502626
v 0.0264914277 -0.0187132745 0.0421364208
v 0.0275600198 -0.019781807 0.0417914291
v 0.027326608 -0.0195485144 0.0420256754
v 0.0270583871 -0.0192802339 0.0421663423
v 0.0267735961 -0.0189953833 0.0422041317
v 0.0279097799 -0.0201316266 0.0407131811
v 0.0260111335 -0.0182329207 0.0417095323
v 0.0258455518 -0.018067339 0.041379561
v 0.0257460121 -0.0179677992 0.0410001178
v 0.0271375421 -0.0193593888 0.0391740699
v 0.0273976568 -0.0196194439 0.0393428703
v 0.0257193092 -0.0179410963 0.0405973096
v 0.0257672313 -0.0179890185 0.0401983162
v 0.0258865598 -0.018108347 0.0398305555
v 0.0260690692 -0.0182908564 0.0395190616
v 0.0263023618 -0.0185242086 0.0392848154
v 0.0265705827 -0.0187924891 0.0391441484
v 0.0268554929 -0.0190773397 0.0391063591
v 0.0276179555 -0.0198398023 0.0396009584
v 0.0277835372 -0.020005384 0.0399309297
v 0.027883077 -0.0201048641 0.0403103729
v 0.0401464942 -0.032368341 -0.00137032074
v 0.0404147151 -0.0326365619 -0.00151110691
v 0.0391291622 -0.0313510089 -0.00544060272
v 0.041462088 -0.0336838751 -0.00105429691
v 0.0416276697 -0.0338494568 -0.000724325598
v 0.0434378627 -0.0356596499 -0.00279141468
v 0.0417272094 -0.0339489966 -0.000344882429
v 0.0417539123 -0.0339756994 5.79257603e-05
v 0.0417059902 -0.0339277773 0.000456919252
v 0.0415866617 -0.0338085084 0.000824679911
v 0.0406996253 -0.0329214721 -0.00154889625
v 0.0409816745 -0.0332035213 -0.00148118538
v 0.0412417892 -0.0334635763 -0.00131238502
v 0.0414041522 -0.0336259394 0.00113617378
v 0.0411707404 -0.0333925872 0.00137042004
v 0.0409025195 -0.0331243663 0.001511087
v 0.0396301988 -0.0318521052 0.00596867996
v 0.0400755647 -0.0322973519 0.00131236511
v 0.0398551467 -0.0320770531 0.001054277
v 0.0395634416 -0.0317852287 -5.79456691e-05
v 0.0378552917 -0.0300770788 -0.00502944988
v 0.0395901445 -0.0318119316 0.00034486252
v 0.0396896842 -0.0319114714 0.000724305689
v 0.0396113637 -0.0318331509 -0.000456819952
v 0.039730573 -0.0319524198 -0.00082469982
v 0.0399132017 -0.0321349888 -0.00113619369
v -0.00332388846 0.0111021013 0.0499719282
v 0.00720002683 0.000578186017 0.0472686191
v 0.0113630536 -0.00358484079 0.0463091035
v 0.0154222492 -0.00764409592 0.0454605718
v 0.0154081825 -0.00763002922 0.0446191927
v 0.0192716363 -0.0114934831 0.0422255893
v 0.0315414909 -0.023763278 0.032363524
v 0.0291829351 -0.0214047818 0.0312521358
v 0.0315681938 -0.0237899809 0.0327663322
v 0.0325956586 -0.0248175054 0.033970346
v 0.0323136094 -0.0245354562 0.0339026352
v 0.032053614 -0.0242754011 0.0337338348
v 0.031833196 -0.0240550428 0.0334757467
v 0.0316677335 -0.0238895207 0.0331457754
v 0.0336840394 -0.0259058266 0.0328783889
v 0.0335647109 -0.0257865577 0.0332461496
v 0.0354539398 -0.0276757269 0.0338129898
v 0.0333822015 -0.0256039887 0.0335576435
v 0.0331487897 -0.0253706365 0.0337918897
v 0.0328805688 -0.0251024156 0.0339325567
v 0.0336057189 -0.0258275061 0.0316971441
v 0.0337052587 -0.0259270458 0.0320765873
v 0.031589413 -0.0238112002 0.0319646497
v 0.0317086223 -0.0239304691 0.0315967699
v 0.0318912509 -0.0241130381 0.031285276
v 0.0321245435 -0.0243463903 0.031051149
v 0.0323927644 -0.0246146112 0.0309103628
v 0.0326776746 -0.0248994618 0.0308725734
v 0.0337319616 -0.0259537487 0.0324793954
v 0.0329597238 -0.0251815705 0.0309402843
v 0.0332198385 -0.0254416256 0.0311090847
v 0.0334401372 -0.0256619244 0.0313671728
v 0.0379863027 -0.0302081495 0.0218377014
v 0.0380858425 -0.0303076892 0.0222170253
v 0.0401169303 -0.0323388367 0.0226070781
v 0.0338839534 -0.0261058002 0.0213743349
v 0.0359220746 -0.0281438618 0.0225039621
v 0.0381125453 -0.0303343921 0.0226199527
v 0.0380646232 -0.03028647 0.023018827
v 0.0379452947 -0.0301671415 0.0233865877
v 0.0377627853 -0.029984632 0.0236982008
v 0.0366943124 -0.0289160996 0.0240430732
v 0.0364341977 -0.0286560445 0.0238743921
v 0.0359699968 -0.0281917839 0.0221050878
v 0.0360893253 -0.0283111124 0.0217373272
v 0.0362718347 -0.0284936814 0.0214257141
v 0.037820721 -0.0300425677 0.0215077301
v 0.0376004222 -0.029822269 0.0212495227
v 0.0373403076 -0.0295622139 0.0210808416
v 0.0375294927 -0.0297512798 0.0239323278
v 0.0372611526 -0.0294829993 0.024073114
v 0.0369763616 -0.0291981487 0.0241109033
v 0.036213899 -0.0284356861 0.0236161848
v 0.0360483173 -0.0282701044 0.0232862135
v 0.0359487775 -0.0281706243 0.0229068895
v 0.0365051273 -0.028726974 0.021191587
v 0.0367734674 -0.0289952545 0.0210508009
v 0.0370582584 -0.0292801051 0.0210130115
v 0.0394137147 -0.0316355019 0.0130522152
v 0.0391536001 -0.0313754468 0.012883534
v 0.0407840255 -0.0330058723 0.0120279689
v 0.0406648162 -0.0328866034 0.0123957296
v 0.0412706378 -0.033492425 0.016132464
v 0.0404821876 -0.0327040343 0.0127073427
v 0.0389333013 -0.031155148 0.0126253267
v 0.0387677196 -0.0309895663 0.0122953554
v 0.0386681798 -0.0308900266 0.0119160314
v 0.038641477 -0.0308633237 0.011513104
v 0.040248895 -0.0324706822 0.0129414697
v 0.0399806741 -0.0322024613 0.0130822559
v 0.0396957639 -0.0319176107 0.0131200452
v 0.0394928697 -0.0317147165 0.0100599428
v 0.0397777799 -0.031999567 0.0100221534
v 0.0400598291 -0.0322816162 0.0100899835
v 0.0403198245 -0.0325416713 0.0102586647
v 0.0386893991 -0.0309112458 0.0111142297
v 0.0388087276 -0.0310305743 0.0107464691
v 0.0373414996 -0.0295632868 0.00425790745
v 0.038991237 -0.0312130838 0.010434856
v 0.0392246488 -0.0314464359 0.010200729
v 0.0374549869 -0.0296768336 -0.00170506042
v 0.0370391849 -0.0292610316 -0.007641087
v 0.0346540454 -0.0268758922 -0.0190600256
v 0.0361006502 -0.0283224373 -0.0134567122
v 0.0333822015 -0.0256039887 -0.0312852959
v 0.0327222589 -0.0249441056 -0.0243626933
v 0.0328805688 -0.0251024156 -0.0309103827
v 0.0331487897 -0.0253706365 -0.0310510497
v 0.031833196 -0.0240550428 -0.0313671927
v 0.0316677335 -0.0238895207 -0.031697164
v 0.0303358081 -0.0225576549 -0.0292812685
v 0.0326776746 -0.0248994618 -0.0339703659
v 0.0329597238 -0.0251815705 -0.0339026551
v 0.0326191429 -0.0248409896 -0.0374723772
v 0.0332198385 -0.0254416256 -0.0337338547
v 0.0334401372 -0.0256619244 -0.0334757666
v 0.0325956586 -0.0248175054 -0.0308725933
v 0.0323136094 -0.0245354562 -0.0309403042
v 0.032053614 -0.0242754011 -0.0311091046
v 0.0315681938 -0.0237899809 -0.0320766072
v 0.0315414909 -0.023763278 -0.0324794154
v 0.0297255758 -0.0219474225 -0.0365383725
v 0.031589413 -0.0238112002 -0.0328782896
v 0.0317086223 -0.0239304691 -0.0332461695
v 0.0318912509 -0.0241130381 -0.0335576634
v 0.0321245435 -0.0243463903 -0.0337917904
v 0.0323927644 -0.0246146112 -0.0339325766
v 0.0257460121 -0.0179677992 -0.0403102736
v 0.0258455518 -0.018067339 -0.0399309496
v 0.0243557933 -0.0165776401 -0.0376626353
v 0.0260111335 -0.0182329207 -0.0396009783
v 0.0257193092 -0.0179410963 -0.040713201
v 0.0257672313 -0.0179890185 -0.0411120753
v 0.0276179555 -0.0198398023 -0.0417095522
v 0.0277835372 -0.020005384 -0.0413794617
v 0.0295933727 -0.0218152194 -0.0425978999
v 0.027883077 -0.0201048641 -0.0410001377
v 0.0279097799 -0.0201316266 -0.0405973296
v 0.0329164508 -0.0251382976 -0.0380896429
v 0.0278618577 -0.0200837045 -0.0401983361
v 0.0277425292 -0.019964376 -0.0398305754
v 0.0275600198 -0.019781807 -0.0395189623
v 0.027326608 -0.0195485144 -0.0392848353
v 0.027532244 -0.0197540908 -0.033738027
v 0.0270583871 -0.0192802339 -0.0391440491
v 0.0258865598 -0.018108347 -0.0414798359
v 0.0260690692 -0.0182908564 -0.041791449
v 0.0263023618 -0.0185242086 -0.0420255761
v 0.0265705827 -0.0187924891 -0.0421663622
v 0.0268554929 -0.0190773397 -0.0422041516
v 0.0271375421 -0.0193593888 -0.0421363215
v 0.0273976568 -0.0196194439 -0.0419676403
v 0.0267735961 -0.0189953833 -0.039106379
v 0.0264914277 -0.0187132745 -0.0391740898
v 0.0262314323 -0.0184532194 -0.039342771
v 0.0219540838 -0.0141759305 -0.0498328308
v 0.0204259399 -0.012647727 -0.0481628279
v 0.0206462386 -0.0128680854 -0.0479046206
v 0.0170898679 -0.00931165506 -0.0436775784
v 0.0188738349 -0.0110956221 -0.0461261372
v 0.0208901409 -0.013111928 -0.0463935236
v 0.0207708124 -0.0129926591 -0.046025763
v 0.0177412275 -0.00996301462 -0.0524617533
v 0.0190973523 -0.0113191395 -0.0479866366
v 0.0193306449 -0.0115524917 -0.0482207636
v 0.0187742952 -0.0109960823 -0.0465054612
v 0.0187475923 -0.0109693794 -0.0469083886
v 0.0187955144 -0.0110173016 -0.0473072628
v 0.0189147237 -0.0111366301 -0.0476750235
v 0.0195988658 -0.0118207126 -0.0483615498
v 0.019883776 -0.0121056228 -0.0483993391
v 0.0201658252 -0.012387672 -0.0483315091
v 0.0205883029 -0.0128100901 -0.0457141499
v 0.0203548911 -0.0125767379 -0.0454800228
v 0.0200866702 -0.012308517 -0.0453392367
v 0.01980176 -0.0120236664 -0.0453014473
v 0.0195197109 -0.0117415576 -0.0453692774
v 0.0192597154 -0.0114815026 -0.0455379586
v 0.0190394166 -0.0112612038 -0.0457961659
v 0.0208118203 -0.0130336075 -0.0475746493
v 0.0209113601 -0.0131331473 -0.0471953253
v 0.020938063 -0.0131598501 -0.0467923979
v -0.00358483759 0.0113630504 -0.0463091235
v 0.000332737289 0.00744541596 -0.0480353932
v 0.000578189216 0.00720002363 -0.047268639
v 0.00479342969 0.00298472355 -0.0474827389
v -0.021404719 0.0291829319 -0.0312520365
v -0.0184355733 0.0262137861 -0.0354889731
v -0.0276757237 0.0354539366 -0.0338130097
v -0.0259537455 0.0337319584 -0.0324794154
v -0.0259058234 0.0336839766 -0.0328782896
v -0.0253706929 0.0331487865 -0.0337917904
v -0.0246865508 0.0324647636 -0.0387667517
v -0.0256039855 0.0333821387 -0.0335576634
v -0.0257864949 0.0335647077 -0.0332461695
v -0.0251023528 0.0328805656 -0.0339325766
v -0.0248175618 0.032595715 -0.0339703659
v -0.0245353934 0.0323136062 -0.0339026551
v -0.0242753979 0.0320535512 -0.0337338547
v -0.0240550992 0.0318332524 -0.0334757666
v -0.0238895175 0.0316676707 -0.0331457953
v -0.0237899777 0.031568131 -0.0327663521
v -0.0241130349 0.0318911881 -0.0312852959
v -0.0243463275 0.0321245403 -0.0310510497
v -0.0237632748 0.0315414281 -0.0323635439
v -0.023811197 0.0315893502 -0.0319645504
v -0.0239305255 0.0317086787 -0.0315967898
v -0.0246146676 0.0323928208 -0.0309103827
v -0.0248994586 0.0326776714 -0.0308725933
v -0.0259270426 0.0337051959 -0.0320766072
v -0.0258275029 0.0336056561 -0.031697164
v -0.0251815077 0.0329597206 -0.0309403042
v -0.0254416224 0.0332197757 -0.0311091046
v -0.0256619212 0.033440134 -0.0313671927
v -0.0302080866 0.0379862995 -0.0218377213
v -0.0303076264 0.0380858393 -0.0222170452
v -0.0323388335 0.0401169867 -0.022607098
v -0.0289160964 0.0366942496 -0.0240430931
v -0.0286559817 0.0364341945 -0.023874412
v -0.0261057374 0.0338839502 -0.0213743548
v -0.0281438586 0.0359220714 -0.022503982
v -0.0303343293 0.0381125421 -0.0226198534
v -0.0302864072 0.03806462 -0.0230188469
v -0.0301671979 0.0379453511 -0.0233866076
v -0.0299845692 0.0377627821 -0.0236982207
v -0.0284356829 0.0362138958 -0.0236162047
v -0.0282701012 0.0360483141 -0.0232862334
v -0.0281705615 0.0359487743 -0.0229069094
v -0.0281917807 0.0359699936 -0.0221051077
v -0.0283111092 0.0360892625 -0.0217373471
v -0.0284936186 0.0362718315 -0.021425734
v -0.0287270304 0.0365051837 -0.0211916069
v -0.0289952513 0.0367734046 -0.0210508208
v -0.0292801615 0.0370583148 -0.0210130314
v -0.0295622107 0.037340364 -0.0210808615
v -0.0298222062 0.037600419 -0.0212495427
v -0.0300426242 0.0378207178 -0.0215076308
v -0.0297512767 0.0375294299 -0.0239323477
v -0.0294830557 0.037261209 -0.0240731339
v -0.0291981455 0.0369762988 -0.0241109232
v -0.0317146536 0.0394928665 -0.0100599627
v -0.0296768901 0.0374549837 0.00170504051
v -0.0314464327 0.0392246456 -0.0102007489
v -0.0295632836 0.0373414368 -0.00425780815
v -0.0319995639 0.0397777171 -0.0100221733
v -0.0300770756 0.0378552289 0.00502942997
v -0.0292610881 0.0370392413 0.00764106709
v -0.0334924218 0.0412706346 -0.0161324839
v -0.0328866002 0.0406647534 -0.0123957495
v -0.0327040908 0.040482244 -0.0127073626
v -0.0316354987 0.0394137115 -0.0130522351
v -0.0313755032 0.0391536565 -0.0128835539
v -0.0308633801 0.0386414738 -0.0115131239
v -0.0309113022 0.0386894555 -0.0111142496
v -0.0310305115 0.0388087244 -0.010746489
v -0.0312131402 0.0389912934 -0.0104348759
v -0.032470679 0.0402488918 -0.0129414896
v -0.0322024581 0.0399806113 -0.0130822758
v -0.0319175479 0.0396957607 -0.0131199459
v -0.0311550852 0.0389332981 -0.0126253466
v -0.0309896228 0.038767776 -0.0122953753
v -0.030890083 0.0386682362 -0.0119160513
v -0.0268758294 0.0346540422 0.0190600057
v -0.0283224341 0.036100647 0.0134566923
v -0.0282563922 0.0360345454 0.0163104435
v -0.0240550992 0.0318332524 0.0313671728
v -0.0238895175 0.0316676707 0.0316971441
v -0.0225575921 0.0303358049 0.0292812486
v -0.0264813658 0.0342595787 0.0273085733
v -0.0253706929 0.0331487865 0.031051149
v -0.024944162 0.0327223153 0.0243626733
v -0.0251023528 0.0328805656 0.0309103628
v -0.0239305255 0.0317086787 0.0332461496
v -0.0241130349 0.0318911881 0.0335576435
v -0.0243463275 0.0321245403 0.0337918897
v -0.0246146676 0.0323928208 0.0339325567
v -0.0248994586 0.0326776714 0.033970346
v -0.0248175618 0.032595715 0.0308725734
v -0.0245353934 0.0323136062 0.0309402843
v -0.0242753979 0.0320535512 0.0311090847
v -0.0237899777 0.031568131 0.0320765873
v -0.0237632748 0.0315414281 0.0324793954
v -0.023811197 0.0315893502 0.0328783889
v -0.0198397395 0.0276179523 0.0417095323
v -0.0200053212 0.027783534 0.041379561
v -0.0195485112 0.0273266644 0.0392848154
v -0.0197818038 0.0275600166 0.0395190616
v -0.0199644324 0.027742526 0.0398305555
v -0.0201048609 0.0278830738 0.0410001178
v -0.0201315638 0.0279097767 0.0405973096
v -0.0200836417 0.0278618545 0.0401983162
v -0.019754028 0.0275322408 0.0337380071
v -0.0192802903 0.0270584435 0.0391441484
v -0.0179410931 0.025719306 0.0407131811
v -0.0179890153 0.0257672281 0.0411120554
v -0.013078427 0.0208566398 0.0409933229
v -0.0112137553 0.0189919681 0.042427053
v -0.0189953801 0.0267735333 0.0391063591
v -0.0187133309 0.0264914841 0.0391740699
v -0.0165776965 0.0243558497 0.0376626154
v -0.0184532162 0.0262314291 0.0393428703
v -0.0182329175 0.0260110707 0.0396009584
v -0.0180673358 0.0258455486 0.0399309297
v -0.017967796 0.0257460089 0.0403103729
v -0.0181083438 0.025886497 0.0414799352
v -0.0182908532 0.026069066 0.0417914291
v -0.018524265 0.0263024182 0.0420256754
v -0.0187924859 0.0265706391 0.0421663423
v -0.0190772769 0.0268554897 0.0422041317
v -0.0193594453 0.0271375985 0.0421364208
v -0.0196194407 0.0273976536 0.0419676204
v -0.0130336043 0.0208118172 0.0475746294
v -0.0131331441 0.0209113569 0.0471953054
v -0.0131119248 0.0208901377 0.0463935037
v -0.0129925963 0.0207708092 0.0460257431
v -0.0131598469 0.0209380598 0.046792378
v -0.0110956189 0.0188737721 0.0461261173
v -0.0109960791 0.0187742324 0.0465054412
v -0.0128680226 0.0206462354 0.0479046007
v -0.0141759869 0.0219540806 0.0498328109
v -0.0126477238 0.0204259367 0.048162808
v -0.0128100869 0.0205882997 0.04571413
v -0.0125767943 0.0203549475 0.0454800029
v -0.0123084542 0.020086667 0.0453392168
v -0.0120236632 0.0198018164 0.0453014274
v -0.011741614 0.0195197673 0.0453692575
v -0.0114814994 0.0192597122 0.0455379387
v -0.00931165186 0.0170898647 0.0436775585
v -0.0112612006 0.0190393538 0.045796146
v -0.0109693762 0.0187475295 0.0469083686
v -0.0110172984 0.0187954516 0.0473072429
v -0.0111366269 0.0189147801 0.0476750036
v -0.00996301142 0.0177411647 0.0524617334
v -0.0113191363 0.0190972895 0.0479866167
v -0.0115525481 0.0193306417 0.0482207437
v -0.011820769 0.0195989222 0.0483615299
v -0.01210556 0.0198837728 0.0483993192
v -0.0123877284 0.0201658816 0.0483314891
v 0.011487985 -0.00370977213 0.0520086189
v 0.0112676862 -0.00348947336 0.0517505308
v 0.00815906557 -0.000380912322 0.0556734701
v 0.0111021045 -0.00332389166 0.0514205595
v 0.00773623022 4.1982633e-05 0.0498369833
v 0.0110025647 -0.0032243519 0.0510411163
v 0.0109758619 -0.00319764902 0.0506383081
v 0.011023784 -0.00324557115 0.0502394338
v 0.0111431125 -0.00336489965 0.049871554
v 0.0113256219 -0.00354740908 0.0495600601
v 0.0123940948 -0.00461594154 0.0492150684
v 0.0126542095 -0.00487599661 0.0493838688
v 0.0157130006 -0.00793490698 0.0472621818
v 0.0128745082 -0.00509635498 0.0496419569
v 0.0115589145 -0.00378076126 0.0493258138
v 0.0118272546 -0.00404904177 0.0491851469
v 0.0121120456 -0.00433389236 0.0491473575
v 0.0130400899 -0.00526193668 0.0499719282
v 0.0131396297 -0.00536141683 0.0503513713
v 0.0171226505 -0.00934449722 0.0527801414
v 0.0131663326 -0.00538817932 0.0507541795
v 0.0131184104 -0.00534025719 0.051153173
v 0.0129990819 -0.00522092869 0.0515209337
v 0.0128165725 -0.00503835966 0.0518324276
v 0.0127004627 -0.00492230942 0.0545959373
v 0.0125831607 -0.00480506708 0.0520666738
v 0.0123149398 -0.00453678657 0.0522073408
v 0.0120301488 -0.00425193598 0.0522451301
v 0.0117479804 -0.00396982719 0.0521774192
v 0.00447216066 0.00330599259 0.0506875415
v 0.00469257864 0.00308563421 0.0509457489
v 0.00485804113 0.00292011212 0.0512757202
v 0.00495758089 0.00282057236 0.0516550441
v 0.00498428377 0.00279380987 0.0520579715
v 0.00493636163 0.00284179161 0.0524568458
v 0.00481715234 0.00296106051 0.0528246065
v 0.00413301023 0.00364520262 0.0535111328
v 0.00355997118 0.00421818207 0.055998077
v 0.00440123113 0.00337698172 0.0533703466
v 0.00463452371 0.00314362953 0.0531362196
v 0.00330593618 0.00447221707 0.0533124109
v -0.00103471247 0.00881286572 0.0555653473
v 0.00356605085 0.004212162 0.053481092
v 0.00384810003 0.00393005322 0.0535489221
v 0.00308563741 0.00469251583 0.0530543228
v 0.00292005571 0.00485809754 0.0527242323
v -0.00556275813 0.0133409114 0.0543812414
v 0.00282051595 0.00495763729 0.0523449083
v 0.00279381307 0.00498434017 0.0519421001
v -0.00461599795 0.0123941512 0.0521774192
v -0.00742242304 0.0152006359 0.0536665817
v -0.00840959517 0.016187808 0.0532305141
v -0.0259270426 0.0337051959 0.0327663322
v -0.0259537455 0.0337319584 0.032363524
v -0.0259058234 0.0336839766 0.0319646497
v -0.0257864949 0.0335647077 0.0315967699
v -0.0251815077 0.0329597206 0.0339026352
v -0.0254416224 0.0332197757 0.0337338348
v -0.0256619212 0.033440134 0.0334757467
v -0.0258275029 0.0336056561 0.0331457754
v -0.0270488021 0.0348270149 0.0274916788
v -0.0256039855 0.0333821387 0.031285276
v -0.03516314 0.0429412932 0.00926565129
v -0.0330538508 0.0408320041 0.011513104
v -0.0330059287 0.0407840819 0.0111142297
v -0.0325995442 0.0403776975 0.0217523475
v -0.0341384169 0.0419166298 0.0156146188
v -0.0325417277 0.0403198809 0.012883534
v -0.0327620265 0.0405401797 0.0126253267
v -0.0329276082 0.0407057614 0.0122953554
v -0.0330271479 0.0408053012 0.0119160314
v -0.0356596467 0.0434378595 0.00279139477
v -0.0356213805 0.0433995933 -0.00372065109
v -0.0318119284 0.0395900817 -0.000344882429
v -0.0317852255 0.0395633788 5.79257603e-05
v -0.0306445119 0.0384226651 0.00521265465
v -0.0318331477 0.0396113009 0.000456919252
v -0.0350488183 0.0428269715 -0.0101822714
v -0.0331243035 0.0409025163 -0.00151110691
v -0.0340757128 0.0418538661 -0.0159170727
v -0.0328395125 0.0406176657 -0.00154889625
v -0.0325574633 0.040335557 -0.00148118538
v -0.0322973487 0.0400755019 -0.00131238502
v -0.0320770499 0.0398552031 -0.00105429691
v -0.0319114682 0.0396896214 -0.000724325598
v -0.0329214093 0.0406996221 0.00154887634
v -0.0326366183 0.0404147715 0.001511087
v -0.0323682782 0.040146491 0.00137042004
v -0.0339277741 0.041705987 -0.000456819952
v -0.0338084456 0.0415866585 -0.00082469982
v -0.0336259362 0.041404149 -0.00113619369
v -0.0333926436 0.0411707969 -0.00137032074
v -0.0332035777 0.0409816713 0.00148116547
v -0.0334635731 0.0412417264 0.00131236511
v -0.0336838719 0.0414620848 0.001054277
v -0.0338494536 0.0416276665 0.000724305689
v -0.0339489934 0.0417271466 0.00034486252
v -0.0339756962 0.0417539091 -5.79456691e-05
v -0.0319524762 0.0397306294 0.000824679911
v -0.0321349856 0.0399131388 0.00113617378
v -0.0330271479 0.0408053012 -0.0112261872
v -0.0330538508 0.0408320041 -0.0116289954
v -0.032281613 0.0400598259 -0.0100900034
v -0.0325417277 0.0403198809 -0.0102586846
v -0.0327620265 0.0405401797 -0.0105167727
v -0.0329276082 0.0407057614 -0.0108468632
v -0.0330059287 0.0407840819 -0.0120279889
v -0.0340664145 0.0418445678 -0.0159611802
v -0.0339497086 0.0417278619 -0.0165063242
v -0.0235229489 0.0313011021 -0.0404124359
v -0.0131598469 0.0209380598 -0.0469083886
v -0.0175946709 0.0253728242 -0.0470414261
v -0.0131331441 0.0209113569 -0.0465054612
v -0.0213110205 0.0290891738 -0.0431962113
v -0.0130336043 0.0208118172 -0.0461261372
v -0.0123877284 0.0201658816 -0.0453692774
v -0.0126477238 0.0204259367 -0.0455379586
v -0.0128680226 0.0206462354 -0.0457961659
v -0.0131119248 0.0208901377 -0.0473072628
v -0.0129925963 0.0207708092 -0.0476750235
v -0.0128100869 0.0205882997 -0.0479866366
v -0.0125767943 0.0203549475 -0.0482207636
v -0.0123084542 0.020086667 -0.0483615498
v -0.0120236632 0.0198018164 -0.0483993391
v -0.011741614 0.0195197673 -0.0483315091
v -0.0114814994 0.0192597122 -0.0481628279
v -0.0109693762 0.0187475295 -0.0467923979
v -0.0110172984 0.0187954516 -0.0463935236
v -0.0111366269 0.0189147801 -0.046025763
v -0.0113191363 0.0190972895 -0.0457141499
v -0.0115525481 0.0193306417 -0.0454800228
v -0.011820769 0.0195989222 -0.0453392367
v -0.01210556 0.0198837728 -0.0453014473
v -0.0112612006 0.0190393538 -0.0479046206
v -0.0110956189 0.0188737721 -0.0475746493
v -0.0109960791 0.0187742324 -0.0471953253
v 0.0133409742 -0.00556276132 -0.0543812613
v 0.0123940948 -0.00461594154 -0.0521774392
v 0.0152006391 -0.00742248585 -0.0536664824
v 0.0161878112 -0.00840965797 -0.0532304148
v 0.0386681798 -0.0308900266 -0.0112261872
v 0.038641477 -0.0308633237 -0.0116289954
v 0.0386893991 -0.0309112458 -0.0120279889
v 0.0388087276 -0.0310305743 -0.0123957495
v 0.0394928697 -0.0317147165 -0.0130822758
v 0.0392246488 -0.0314464359 -0.0129414896
v 0.038991237 -0.0312130838 -0.0127073626
v 0.0397777799 -0.031999567 -0.0131199459
v 0.0400598291 -0.0322816162 -0.0130522351
v 0.041916633 -0.0341384201 -0.0156145195
v 0.0403198245 -0.0325416713 -0.0128835539
v 0.0405402425 -0.0327620297 -0.0126253466
v 0.040705705 -0.0329275518 -0.0122953753
v 0.0429412368 -0.0351630836 -0.00926567119
v 0.0408052448 -0.0330270915 -0.0119160513
v 0.0408319476 -0.033053854 -0.0115131239
v 0.0407840255 -0.0330058723 -0.0111142496
v 0.0406648162 -0.0328866034 -0.010746489
v 0.0404821876 -0.0327040343 -0.0104348759
v 0.040248895 -0.0324706822 -0.0102007489
v 0.0399806741 -0.0322024613 -0.0100599627
v 0.0396957639 -0.0319176107 -0.0100221733
v 0.0394137147 -0.0316355019 -0.0100900034
v 0.0391536001 -0.0313754468 -0.0102586846
v 0.0389333013 -0.031155148 -0.0105167727
v 0.0387677196 -0.0309895663 -0.0108468632
v 0.040705705 -0.0329275518 0.0108468433
v 0.0408052448 -0.0330270915 0.0112261673
v 0.0405402425 -0.0327620297 0.010516872
v 0.0408319476 -0.033053854 0.0116290947
v 0.0418446306 -0.0340664177 0.0159611602
v 0.0417278055 -0.0339496522 0.0165063043
v 0.0305454973 -0.0227672844 0.0414110323
v 0.0313010457 -0.0235228925 0.040412416
v 0.0208118203 -0.0130336075 0.0461261173
v 0.0209113601 -0.0131331473 0.0465054412
v 0.0253727678 -0.0175946741 0.0470414062
v 0.020938063 -0.0131598501 0.0469083686
v 0.0208901409 -0.013111928 0.0473072429
v 0.0207708124 -0.0129926591 0.0476750036
v 0.0213659051 -0.0135877519 0.0502505203
v 0.0205883029 -0.0128100901 0.0479866167
v 0.0187742952 -0.0109960823 0.0471953054
v 0.0187475923 -0.0109693794 0.046792378
v 0.0195197109 -0.0117415576 0.0483314891
v 0.0192597154 -0.0114815026 0.048162808
v 0.0190394166 -0.0112612038 0.0479046007
v 0.0188738349 -0.0110956221 0.0475746294
v 0.0203548911 -0.0125767379 0.0482207437
v 0.0200866702 -0.012308517 0.0483615299
v 0.01980176 -0.0120236664 0.0483993192
v 0.0187955144 -0.0110173016 0.0463935037
v 0.0189147237 -0.0111366301 0.0460257431
v 0.0190973523 -0.0113191395 0.04571413
v 0.0193306449 -0.0115524917 0.0454800029
v 0.0195988658 -0.0118207126 0.0453392168
v 0.019883776 -0.0121056228 0.0453014274
v 0.0201658252 -0.012387672 0.0453692575
v 0.0204259399 -0.012647727 0.0455379387
v 0.0206462386 -0.0128680854 0.045796146
v -0.0316354987 0.0394137115 0.0100899835
v -0.0313755032 0.0391536565 0.0102586647
v -0.0311550852 0.0389332981 0.010516872
v -0.0309896228 0.038767776 0.0108468433
v -0.030890083 0.0386682362 0.0112261673
v -0.0308633801 0.0386414738 0.0116290947
v -0.0288238284 0.0366020412 0.0164935489
v -0.0309113022 0.0386894555 0.0120279689
v -0.0310305115 0.0388087244 0.0123957296
v -0.0312131402 0.0389912934 0.0127073427
v -0.0314464327 0.0392246456 0.0129414697
v -0.0317146536 0.0394928665 0.0130822559
v -0.032470679 0.0402488918 0.010200729
v -0.0322024581 0.0399806113 0.0100599428
v -0.0319175479 0.0396957607 0.0100221534
v 0.00279381307 0.00498434017 -0.0520579914
v 0.00284173521 0.00493641804 -0.0524568657
v 0.00282051595 0.00495763729 -0.051655064
v 0.00292005571 0.00485809754 -0.0512757401
v 0.0029610637 0.00481708954 -0.0528246264
v 0.00314357313 0.00463458012 -0.0531362395
v 0.00337698492 0.00440122793 -0.0533703665
v 0.00364520582 0.00413294743 -0.0535111527
v 0.00356605085 0.004212162 -0.0505188803
v 0.00330593618 0.00447221707 -0.0506875615
v 0.00308563741 0.00469251583 -0.0509457688
v 0.00393011602 0.00384809683 -0.053548942
v 0.0042121652 0.00356604765 -0.0534811119
v 0.00447216066 0.00330599259 -0.0533124308
v 0.00498428377 0.00279380987 -0.0519420008
v 0.00493636163 0.00284179161 -0.0515431265
v 0.00481715234 0.00296106051 -0.0511753659
v 0.00463452371 0.00314362953 -0.0508637528
v 0.00440123113 0.00337698172 -0.0506296257
v 0.00413301023 0.00364520262 -0.0504888396
v 0.00384810003 0.00393005322 -0.0504510502
v 0.00469257864 0.00308563421 -0.0530542235
v 0.00485804113 0.00292011212 -0.0527242522
v 0.00495758089 0.00282057236 -0.0523449282
v -0.0302864072 0.03806462 0.0221050878
v -0.0301671979 0.0379453511 0.0217373272
v -0.0291981455 0.0369762988 0.0210130115
v -0.0289160964 0.0366942496 0.0210808416
v -0.0295622107 0.037340364 0.0240430732
v -0.0298222062 0.037600419 0.0238743921
v -0.0300426242 0.0378207178 0.0236161848
v -0.0302080866 0.0379862995 0.0232862135
v -0.0303076264 0.0380858393 0.0229068895
v -0.0303343293 0.0381125421 0.0225039621
v -0.0299845692 0.0377627821 0.0214257141
v -0.0297512767 0.0375294299 0.021191587
v -0.0294830557 0.037261209 0.0210508009
v -0.0286559817 0.0364341945 0.0212495227
v -0.0284356829 0.0362138958 0.0215077301
v -0.0282701012 0.0360483141 0.0218377014
v -0.0281705615 0.0359487743 0.0222170253
v -0.0281438586 0.0359220714 0.0226199527
v -0.0281917807 0.0359699936 0.023018827
v -0.0283111092 0.0360892625 0.0233865877
v -0.0284936186 0.0362718315 0.0236982008
v -0.0287270304 0.0365051837 0.0239323278
v -0.0289952513 0.0367734046 0.024073114
v -0.0292801615 0.0370583148 0.0241109033
v -0.0149127003 0.0127914162 0.0524617334
v -0.0131284949 0.0110072107 0.0487732788
v -0.0124680754 0.0103467316 0.0528654953
v -0.0230942723 0.0209729881 0.0465299984
v -0.0205002782 0.0183789344 0.0437527795
v -0.0195938107 0.0174724669 0.0494878193
v -0.0351878163 0.0330664725 -0.0284021
v -0.0319986102 0.0298772664 -0.0274916987
v -0.0360402819 0.0339189977 -0.0262459616
v -0.0142942425 0.0121728988 -0.0527801613
v -0.0133723971 0.0112510533 -0.0502843956
v -0.0185374972 0.0164161534 -0.0502505402
v 0.0378772262 -0.03999857 0.0101822515
v 0.0359543804 -0.0380757241 0.00555752712
v 0.0384497884 -0.0405711322 0.00372063118
v 0.0330664161 -0.0351877599 0.0284020801
v 0.02987721 -0.0319985538 0.0274916788
v 0.0339190009 -0.0360402851 0.0262459417
v 0.024233127 -0.0263545304 0.0312521358
v 0.0268033985 -0.0289247422 0.026522388
v 0.0247758869 -0.026897171 0.0365383525
v 0.031750584 -0.0338718682 0.0101536413
v 0.0334272626 -0.0355486064 0.0170664688
v 0.0305919889 -0.0327133327 0.015889277
v 0.0225825551 -0.0247038393 -0.033738027
v 0.0247758869 -0.026897171 -0.0365383725
v 0.0253861192 -0.0275074034 -0.0292812685
v 0.00404467615 -0.00616596033 -0.0469480852
v 0.0110072139 -0.0131284981 -0.0487732987
v 0.00816514524 -0.0102864294 -0.0456730227
v -0.000156378426 -0.00196496536 -0.0474827389
v -0.0043716189 0.00225027512 -0.047268639
v -0.00461695162 0.00249566744 -0.0480353932
v -0.0200642106 0.0179428668 -0.0391661028
v -0.0233853814 0.0212640376 -0.0354889731
v -0.0268971678 0.0247758837 -0.0365383725
v -0.0263545272 0.0242331834 -0.0312520365
v -0.033871865 0.0317505808 -0.0101536612
v -0.0355485436 0.0334272594 -0.0170664887
v -0.0327132699 0.0305919857 -0.0158892969
v -0.00616595713 0.00404467295 0.0469480653
v -0.0102864262 0.00816514204 0.0456730028
v 0.00641324552 -0.00853458931 0.0463091035
v 0.0104584936 -0.0125797777 0.0446191927
v 0.0104725602 -0.0125938444 0.0454605718
v 0.0351257566 -0.0372471004 0.00131236511
v 0.0353858713 -0.0375071554 0.00148116547
v -0.00827369658 0.00615235279 -0.0514204602
v -0.00843927828 0.00631787489 -0.0517505507
v -0.00539550749 0.00327422331 -0.0528593163
v 0.0315554384 -0.0336767225 -0.0239323477
v 0.0313220266 -0.03344343 -0.0236982207
v 0.0293219331 -0.0314432769 -0.0359137158
v 0.0354279521 -0.0375492363 -0.0217523674
v 0.0331149343 -0.0352362185 -0.0221051077
v 0.0331628564 -0.0352841406 -0.022503982
v 0.0323114637 -0.0344327479 -0.0210508208
v 0.0325796846 -0.0347010284 -0.0211916069
v 0.0323587898 -0.0344800739 -0.0167216162
v 0.0328130964 -0.0349343805 -0.021425734
v 0.0329956058 -0.03511689 -0.0217373471
v 0.0331361535 -0.0352574377 -0.0229069094
v 0.0330366138 -0.035157898 -0.0232862334
v 0.033395553 -0.0355168967 -0.0275960068
v 0.0328710321 -0.0349923163 -0.0236162047
v 0.0326507333 -0.0347720175 -0.023874412
v 0.0323906186 -0.0345119624 -0.0240430931
v 0.0308972839 -0.0330185681 -0.0330664019
v 0.0321085695 -0.0342298536 -0.0241109232
v 0.0318236593 -0.0339450031 -0.0240731339
v 0.0287554506 -0.0308767944 -0.0327663521
v 0.0286559108 -0.0307772546 -0.0331457953
v 0.0314843896 -0.033605793 -0.0212495427
v 0.0317445043 -0.0338658481 -0.0210808615
v 0.0320265535 -0.0341478973 -0.0210130314
v 0.0310201887 -0.0331415324 -0.0230188469
v 0.0309722665 -0.0330936103 -0.0226198534
v 0.0286149028 -0.0307363062 -0.0315967898
v 0.0287821534 -0.0309034972 -0.0323635439
v 0.0287342313 -0.0308555751 -0.0319645504
v 0.0311395172 -0.0332608609 -0.0233866076
v 0.0309989694 -0.0331203728 -0.0222170452
v 0.0310985092 -0.0332198529 -0.0218377213
v 0.0310848001 -0.0332061439 -0.0163104634
v 0.0312640909 -0.0333854346 -0.0215076308
v 0.0276694539 -0.0297907381 -0.0374723772
v 0.0282700303 -0.0303913741 -0.0337338547
v 0.0280100349 -0.0301313191 -0.0339026551
v 0.0277278665 -0.0298492103 -0.0339703659
v 0.0274430755 -0.0295643597 -0.0339325766
v 0.0284323934 -0.0305537372 -0.0312852959
v 0.0281991008 -0.030320385 -0.0310510497
v 0.0271748546 -0.0292961388 -0.0337917904
v 0.0269414428 -0.0290627866 -0.0335576634
v 0.0267589334 -0.0288802176 -0.0332461695
v 0.0266396049 -0.0287609487 -0.0328782896
v 0.0265916828 -0.0287130265 -0.0324794154
v 0.0266183856 -0.0287397294 -0.0320766072
v 0.0267179254 -0.0288392692 -0.031697164
v 0.0329054836 -0.0350268274 -0.00502944988
v 0.031150842 -0.0332721858 -0.0134567122
v 0.0297043565 -0.0318256407 -0.0190600256
v 0.02777257 -0.0298938542 -0.0243626933
v 0.0276459697 -0.0297672539 -0.0308725933
v 0.0279307607 -0.0300521641 -0.0309103827
v 0.0268835071 -0.0290047913 -0.0313671927
v 0.0271038059 -0.0292251496 -0.0311091046
v 0.0273639205 -0.0294852047 -0.0309403042
v 0.00786676439 -0.00998810818 -0.04956008
v 0.00804939302 -0.0101706772 -0.0498715739
v 0.00615229639 -0.00827364017 -0.0499719481
v 0.00605275663 -0.00817410042 -0.0503513913
v 0.0031599048 -0.00528118898 -0.0505455832
v 0.00602605375 -0.00814739754 -0.0507541994
v 0.00607397588 -0.00819531967 -0.0511530737
v 0.00631787809 -0.00843922188 -0.0496419768
v 0.00653817686 -0.00865952064 -0.0493837695
v 0.00679829153 -0.00891957571 -0.0492150883
v 0.00816860231 -0.0102900057 -0.0502393345
v 0.00821664365 -0.0103379278 -0.050638328
v 0.0103467944 -0.0124680786 -0.0528655152
v 0.00818982156 -0.0103111654 -0.0510411362
v 0.00809028181 -0.0102116852 -0.0514204602
v 0.00708034071 -0.00920168449 -0.0491473774
v 0.00736525091 -0.00948653509 -0.0491851668
v 0.00763347181 -0.0097548156 -0.0493258337
v 0.0071623567 -0.00928364088 -0.05224515
v 0.00687744649 -0.00899879028 -0.0522073607
v 0.0101263765 -0.0122477203 -0.0537186961
v 0.0102509502 -0.0123722344 -0.0536664824
v 0.0030303243 -0.00515166809 -0.0513481001
v 0.00792481931 -0.0100461035 -0.0517505507
v 0.00770440134 -0.00982574512 -0.0520086388
v 0.00744440588 -0.00956569006 -0.0521774392
v 0.00660922559 -0.00873050978 -0.0520665745
v 0.0063758138 -0.00849715759 -0.0518324475
v 0.00619330438 -0.00831464817 -0.0515209536
v -0.0127234217 0.0106020779 -0.0462631087
v -0.010211682 0.00809033821 -0.0499719481
v -0.0100461003 0.00792475651 -0.0496419768
v -0.0103112218 0.00818987797 -0.0503513913
v -0.0103379246 0.00821658085 -0.0507541994
v -0.00899872748 0.0068774433 -0.0491851668
v -0.00873050658 0.00660922239 -0.0493258337
v -0.00474653212 0.00262518833 -0.0488379101
v -0.008497214 0.00637587021 -0.04956008
v -0.00831458537 0.00619330118 -0.0498715739
v -0.00819537608 0.00607403229 -0.0502393345
v -0.00814745394 0.00602611015 -0.050638328
v -0.00817415682 0.00605281304 -0.0510411362
v -0.00982580153 0.00770445774 -0.0493837695
v -0.00956568686 0.00744440268 -0.0492150883
v -0.00928363768 0.00716229389 -0.0491473774
v -0.00865957705 0.00653823326 -0.0520086388
v -0.00533065764 0.00320937346 -0.05567349
v -0.00891957251 0.00679828833 -0.0521774392
v -0.00987205473 0.00775071095 -0.0545959572
v -0.00920162169 0.00708033751 -0.05224515
v -0.00948653189 0.00736524771 -0.0522073607
v -0.00975475279 0.00763346861 -0.0520665745
v -0.00998816458 0.00786682079 -0.0518324475
v -0.010170674 0.00804933022 -0.0515209536
v -0.0102900025 0.00816865872 -0.0511530737
v -0.0229176041 0.0207962603 -0.0410001377
v -0.0230171439 0.0208958001 -0.0413794617
v -0.0125938412 0.0104725571 -0.0454605917
v -0.0245692488 0.022447905 -0.039342771
v -0.0243091342 0.02218785 -0.0391740898
v -0.0275575873 0.0254363031 -0.0406304697
v -0.0249141213 0.0227927775 -0.0414798359
v -0.0250334498 0.022912106 -0.0411120753
v -0.0247895476 0.0226682038 -0.0396009783
v -0.0250813719 0.0229600282 -0.040713201
v -0.0250546691 0.0229333253 -0.0403102736
v -0.0249551293 0.0228337855 -0.0399309496
v -0.024027085 0.0219057412 -0.039106379
v -0.0237421748 0.0216208906 -0.0391440491
v -0.0234739539 0.0213526697 -0.0392848353
v -0.0232406613 0.0211193175 -0.0395189623
v -0.0230580327 0.0209367485 -0.0398305754
v -0.0229388234 0.0208174796 -0.0401983361
v -0.0164432284 0.0143219442 -0.0422256092
v -0.0228909012 0.0207695575 -0.0405973296
v -0.0125797745 0.0104584307 -0.0446192126
v -0.00853464571 0.00641330193 -0.0463091235
v -0.0231826064 0.0210613222 -0.0417095522
v -0.0234030244 0.0212816806 -0.0419676403
v -0.0236630198 0.0215417356 -0.0421363215
v -0.023945069 0.0218237848 -0.0422041516
v -0.0242299792 0.022108695 -0.0421663622
v -0.0276208874 0.0254995436 -0.0415344338
v -0.0244982001 0.0223769159 -0.0420255761
v -0.0377117154 0.0355904312 -0.0105167727
v -0.0374914166 0.0353701324 -0.0102586846
v -0.0350267645 0.0329054804 0.00502942997
v -0.0372314212 0.0351100774 -0.0100900034
v -0.0366644618 0.034543118 -0.0100599627
v -0.0363962409 0.0342748971 -0.0102007489
v -0.0345129725 0.0323916883 -0.00425780815
v -0.0361628291 0.0340415449 -0.0104348759
v -0.0359803197 0.0338589759 -0.010746489
v -0.0358609912 0.033739707 -0.0111142496
v -0.0361048934 0.0339835496 -0.0126253466
v -0.0363251921 0.0342039079 -0.0128835539
v -0.035813069 0.0336917252 -0.0115131239
v -0.0358397719 0.0337184877 -0.0119160513
v -0.0359393117 0.0338180275 -0.0122953753
v -0.0365853068 0.034463963 -0.0130522351
v -0.036867356 0.0347460122 -0.0131199459
v -0.0384422299 0.0363208861 -0.0161324839
v -0.0371522662 0.0350308628 -0.0130822758
v -0.0374204871 0.0352991433 -0.0129414896
v -0.034626579 0.0325052948 0.00170504051
v -0.0369492528 0.0348279686 -0.0100221733
v -0.0390254017 0.0369041176 -0.0159170727
v -0.0390162226 0.0368948788 -0.0159611802
v -0.0379556176 0.0358343334 -0.0120279889
v -0.0378362891 0.0357150049 -0.0123957495
v -0.0376537797 0.0355324955 -0.0127073626
v -0.0378772971 0.0357560129 -0.0108468632
v -0.0355942008 0.0334729166 0.00521265465
v -0.0379768368 0.0358555527 -0.0112261872
v -0.0380035397 0.0358822555 -0.0116289954
v -0.0363962409 0.0342748971 0.0129414697
v -0.0337736365 0.0316522927 0.0164935489
v -0.0366644618 0.034543118 0.0130822559
v -0.0366171357 0.0344957919 0.0174114605
v -0.0369492528 0.0348279686 0.0131200452
v -0.0361628291 0.0340415449 0.0127073427
v -0.0359803197 0.0338589759 0.0123957296
v -0.0358609912 0.033739707 0.0120279689
v -0.0361048934 0.0339835496 0.010516872
v -0.0363251921 0.0342039079 0.0102586647
v -0.035813069 0.0336917252 0.0116290947
v -0.0358397719 0.0337184877 0.0112261673
v -0.0359393117 0.0338180275 0.0108468433
v -0.0371522662 0.0350308628 0.0100599428
v -0.0384378192 0.0363164754 0.00613044697
v -0.036867356 0.0347460122 0.0100221534
v -0.0365853068 0.034463963 0.0100899835
v -0.0374204871 0.0352991433 0.010200729
v -0.0376537797 0.0355324955 0.010434856
v -0.0401128289 0.0379915447 0.00926565129
v -0.0378362891 0.0357150049 0.0107464691
v -0.0379556176 0.0358343334 0.0111142297
v -0.0378772971 0.0357560129 0.0122953554
v -0.039088225 0.0369668813 0.0156146188
v -0.0379768368 0.0358555527 0.0119160314
v -0.0380035397 0.0358822555 0.011513104
v -0.0377117154 0.0355904312 0.0126253267
v -0.0374914166 0.0353701324 0.012883534
v -0.0372314212 0.0351100774 0.0130522152
v -0.0306117293 0.0284903855 0.0334757467
v -0.0303913113 0.0282700271 0.0337338348
v -0.0297907349 0.0276694507 0.0374723573
v -0.0301313159 0.0280099721 0.0339026352
v -0.0300521609 0.0279308171 0.0309103628
v -0.0303203818 0.028199038 0.031051149
v -0.031431174 0.0293098302 0.0273085733
v -0.0305536744 0.0284323902 0.031285276
v -0.0298492667 0.0277279229 0.033970346
v -0.0295643565 0.0274430723 0.0339325567
v -0.0268971678 0.0247758837 0.0365383525
v -0.0292961356 0.0271747918 0.0337918897
v -0.0290627238 0.0269414396 0.0335576435
v -0.0288802144 0.0267589302 0.0332461496
v -0.0287608859 0.0266396017 0.0328783889
v -0.0287129637 0.0265916796 0.0324793954
v -0.0275074002 0.0253860564 0.0292812486
v -0.0287396666 0.0266183824 0.0320765873
v -0.0288392064 0.0267179222 0.0316971441
v -0.0290047881 0.0268835039 0.0313671728
v -0.0292250868 0.0271038027 0.0311090847
v -0.029893851 0.0277725668 0.0243626733
v -0.0294852015 0.0273638577 0.0309402843
v -0.0297672507 0.0276459665 0.0308725734
v -0.030736303 0.0286149592 0.0315967699
v -0.0330185649 0.0308972211 0.033066382
v -0.0319986102 0.0298772664 0.0274916788
v -0.0308556315 0.0287342281 0.0319646497
v -0.0309035536 0.0287822099 0.032363524
v -0.0308767316 0.0287554474 0.0327663322
v -0.030777311 0.0286559672 0.0331457754
v -0.0300880429 0.0279666991 0.038089623
v -0.0267649647 0.0246436806 0.0425978799
v -0.00956568686 0.00744440268 0.0521774192
v -0.00928363768 0.00716229389 0.0522451301
v -0.0108494517 0.00872816752 0.0542619129
v -0.00899872748 0.0068774433 0.0522073408
v -0.00873050658 0.00660922239 0.0520666738
v -0.0015728232 -0.000548520583 0.0506296058
v -0.00831458537 0.00619330118 0.0515209337
v -0.0013046023 -0.000816801089 0.0504888197
v 0.00249567064 -0.00461701443 0.0480353733
v -0.0010196921 -0.00110165169 0.0504510303
v -0.000737642922 -0.00138370087 0.0505188604
v -0.00180611578 -0.000315168399 0.0508637329
v -0.00198862521 -0.000132658976 0.051175346
v -0.008497214 0.00637587021 0.0518324276
v -0.00210795371 -1.33304774e-05 0.0515431066
v -0.00982580153 0.00770445774 0.0520086189
v -0.0100461003 0.00792475651 0.0517505308
v -0.010211682 0.00809033821 0.0514205595
v -0.00865957705 0.00653823326 0.0493838688
v -0.00891957251 0.00679828833 0.0492150684
v -0.00998816458 0.00786682079 0.0495600601
v -0.010170674 0.00804933022 0.049871554
v -0.00920162169 0.00708033751 0.0491473575
v -0.00948653189 0.00736524771 0.0491851469
v -0.00975475279 0.00763346861 0.0493258138
v -0.00819537608 0.00607403229 0.051153173
v -0.00814745394 0.00602611015 0.0507541795
v 0.00225021871 -0.0043715625 0.0472686191
v -0.00817415682 0.00605281304 0.0503513713
v -0.00196502177 -0.00015632202 0.0474828382
v -0.00827369658 0.00615235279 0.0499719282
v -0.00843927828 0.00631787489 0.0496419569
v -0.0102900025 0.00816865872 0.0502394338
v -0.0103379246 0.00821658085 0.0506383081
v -0.0103112218 0.00818987797 0.0510411163
v 7.89197469e-06 -0.00212917616 0.0516550441
v -9.16477821e-05 -0.0020296364 0.0512757202
v 0.0027864221 -0.00490776588 0.0498369833
v -0.000257229485 -0.0018641143 0.0509457489
v -0.000477528252 -0.00164375593 0.0506875415
v -0.0020296332 -9.16509806e-05 0.0527242323
v -0.00598440138 0.0038631172 0.0555653473
v -0.00212917296 7.88877615e-06 0.0523449083
v -0.010512447 0.00839116285 0.0543812414
v -0.00215587584 3.4591657e-05 0.0519421001
v -0.0018640515 -0.000257232684 0.0530543228
v -0.00164375273 -0.000477531451 0.0533124109
v -0.00138971774 -0.000731566447 0.055998077
v -0.00138375727 -0.000737586516 0.053481092
v -0.00110158888 -0.0010196953 0.0535489221
v -0.00081679789 -0.0013045459 0.0535111328
v 0.00320937665 -0.00533066084 0.0556734701
v -0.000548576989 -0.0015727668 0.0533703466
v -0.0003151652 -0.00180611898 0.0531362196
v -0.000132655778 -0.00198868801 0.0528246065
v -1.33272789e-05 -0.0021079569 0.0524568458
v 3.45948555e-05 -0.00215593864 0.0520579715
v 0.0204230789 -0.0225444226 0.0470414062
v 0.0158211234 -0.0179424076 0.0476750036
v 0.0159403327 -0.0180616765 0.0473072429
v 0.0159882549 -0.0181095987 0.0469083686
v 0.015961552 -0.0180828958 0.0465054412
v 0.0185401681 -0.0206615119 0.0447518726
v 0.0107633117 -0.0128846555 0.0472621818
v 0.0138457063 -0.0159670501 0.0463935037
v 0.0137977842 -0.015919128 0.046792378
v 0.0156384948 -0.0177598386 0.0479866167
v 0.0164162162 -0.0185375004 0.0502505203
v 0.0154052022 -0.0175264864 0.0482207437
v 0.0138244871 -0.0159458308 0.0471953054
v 0.0139240268 -0.0160453706 0.0475746294
v 0.0121729616 -0.0142942457 0.0527801414
v 0.0140896085 -0.0162109523 0.0479046007
v 0.0143099073 -0.0164312511 0.048162808
v 0.0145700219 -0.0166913061 0.0483314891
v 0.0148520711 -0.0169734149 0.0483993192
v 0.0151369813 -0.0172582655 0.0483615299
v 0.0158620122 -0.017983356 0.0461261173
v 0.0156964305 -0.0178178339 0.045796146
v 0.0182494167 -0.0203707009 0.0429502626
v 0.0154761318 -0.0175974755 0.0455379387
v 0.0152161363 -0.0173374205 0.0453692575
v 0.0139650348 -0.016086319 0.0460257431
v 0.0141475442 -0.016268888 0.04571413
v 0.0149340871 -0.0170553713 0.0453014274
v 0.0146491769 -0.0167704611 0.0453392168
v 0.014380956 -0.0165022402 0.0454800029
v 0.0223769191 -0.0244982629 0.0420256754
v 0.0244064573 -0.0265278011 0.0428818365
v 0.0221086982 -0.0242299824 0.0421663423
v 0.021823788 -0.0239451318 0.0422041317
v 0.0254363063 -0.0275575905 0.0406304498
v 0.0227928403 -0.0249141245 0.0414799352
v 0.0229120496 -0.025033453 0.0411120554
v 0.0208174232 -0.022938767 0.0401983162
v 0.0207695011 -0.0228908448 0.0405973096
v 0.0179428104 -0.0200641542 0.0391660829
v 0.0208957437 -0.0230170875 0.041379561
v 0.0210613254 -0.0231826692 0.0417095323
v 0.0212816242 -0.0234029679 0.0419676204
v 0.0215417388 -0.023663023 0.0421364208
v 0.0226682666 -0.0247895508 0.0396009584
v 0.0224478486 -0.0245691924 0.0393428703
v 0.0221878532 -0.0243091374 0.0391740699
v 0.021905804 -0.0240270882 0.0391063591
v 0.0216208938 -0.0237422376 0.0391441484
v 0.0213526729 -0.0234739571 0.0392848154
v 0.0207962039 -0.0229175477 0.0410001178
v 0.0229599717 -0.0250813751 0.0407131811
v 0.0229332689 -0.0250546127 0.0403103729
v 0.0228337291 -0.0249551325 0.0399309297
v 0.0211192611 -0.0232406049 0.0395190616
v 0.0209367517 -0.0230580955 0.0398305555
v 0.0339836124 -0.0361048966 0.0126253267
v 0.0342039111 -0.0363251953 0.012883534
v 0.0348279718 -0.0369493156 0.0100221534
v 0.0345430616 -0.036664465 0.0100599428
v 0.0323916915 -0.0345130353 0.00425790745
v 0.0344639066 -0.0365852504 0.0130522152
v 0.034746075 -0.0368673592 0.0131200452
v 0.0363208297 -0.0384421735 0.016132464
v 0.035030866 -0.0371522098 0.0130822559
v 0.0352990869 -0.0374204307 0.0129414697
v 0.0342748407 -0.0363961845 0.010200729
v 0.0340415481 -0.0361628323 0.010434856
v 0.0338590387 -0.0359803229 0.0107464691
v 0.0337397102 -0.0358609944 0.0111142297
v 0.033691788 -0.0358130722 0.011513104
v 0.0337184909 -0.0358397751 0.0119160314
v 0.0338180307 -0.0359393149 0.0122953554
v 0.0353701356 -0.0374914198 0.0102586647
v 0.035110021 -0.0372313647 0.0100899835
v 0.0346805099 -0.0368017941 0.00596867996
v 0.0358555559 -0.03797684 0.0112261673
v 0.0357560161 -0.0378773003 0.0108468433
v 0.0355324987 -0.0376537829 0.0127073427
v 0.0357150081 -0.0378363519 0.0123957296
v 0.0368948224 -0.0390161662 0.0159611602
v 0.0358343366 -0.0379556208 0.0120279689
v 0.0358822587 -0.0380035429 0.0116290947
v 0.0357498172 -0.0378712206 -0.00154889625
v 0.0354650262 -0.0375863104 -0.00151110691
v 0.034179354 -0.0363007574 -0.00544060272
v 0.0351968053 -0.0373180895 -0.00137032074
v 0.0384880546 -0.0406093984 -0.00279141468
v 0.0367774013 -0.0388987451 -0.000344882429
v 0.0366778615 -0.0387992053 -0.000724325598
v 0.0356679204 -0.0377892046 0.00154887634
v 0.0359528306 -0.0380741148 0.001511087
v 0.0362210515 -0.0383423357 0.00137042004
v 0.0364543441 -0.0385756879 0.00113617378
v 0.0366369727 -0.0387582569 0.000824679911
v 0.036756182 -0.0388775258 0.000456919252
v 0.0368041042 -0.038925448 5.79257603e-05
v 0.0365122798 -0.0386336236 -0.00105429691
v 0.0362919811 -0.0384133249 -0.00131238502
v 0.0360319856 -0.0381532698 -0.00148118538
v 0.0349633935 -0.0370847373 -0.00113619369
v 0.0347808841 -0.0369021683 -0.00082469982
v 0.0346615556 -0.0367828994 -0.000456819952
v 0.0346136335 -0.0367349773 -5.79456691e-05
v 0.0346403364 -0.0367616801 0.00034486252
v 0.0347398761 -0.0368612199 0.000724305689
v 0.0349054578 -0.0370268016 0.001054277
v 0.0355904344 -0.0377117782 0.010516872
v -0.016502237 0.0143808932 0.0482207437
v -0.0162689444 0.0141476006 0.0479866167
v -0.0180617329 0.0159403891 0.0463935037
v -0.0181096551 0.0159883113 0.046792378
v -0.0160863158 0.0139650316 0.0476750036
v -0.0159671065 0.0138457031 0.0473072429
v -0.0161635634 0.0140422196 0.042427053
v -0.0166913029 0.0145700188 0.0453692575
v -0.0169733521 0.0148520679 0.0453014274
v -0.0179834124 0.0158620686 0.0475746294
v -0.0191256758 0.017004332 0.0498328109
v -0.0178178307 0.0156964869 0.0479046007
v -0.0180829522 0.0159616084 0.0471953054
v -0.017597532 0.0154761882 0.048162808
v -0.0173374173 0.0152161331 0.0483314891
v -0.0170553681 0.0149340243 0.0483993192
v -0.0167704579 0.0146491737 0.0483615299
v -0.0159190652 0.013797781 0.0469083686
v -0.0159458872 0.0138245435 0.0465054412
v -0.01426146 0.0121401162 0.0436775585
v -0.0172582623 0.0151369185 0.0453392168
v -0.0175264832 0.015405199 0.0454800029
v -0.017759895 0.0156385512 0.04571413
v -0.0179424044 0.0158210606 0.0460257431
v -0.0160453078 0.0139240236 0.0461261173
v -0.0162108895 0.0140896053 0.045796146
v -0.0164313075 0.0143099637 0.0455379387
v -0.0250546691 0.0229333253 0.0410001178
v -0.0249551293 0.0228337855 0.041379561
v -0.0230171439 0.0208958001 0.0399309297
v -0.0215273854 0.0194061012 0.0376626154
v -0.0229176041 0.0207962603 0.0403103729
v -0.0180282351 0.0159068913 0.0409933229
v -0.0228909012 0.0207695575 0.0407131811
v -0.0229388234 0.0208174796 0.0411120554
v -0.0242299792 0.022108695 0.0391441484
v -0.0244982001 0.0223769159 0.0392848154
v -0.0247316119 0.0226102681 0.0395190616
v -0.0230580327 0.0209367485 0.0414799352
v -0.023945069 0.0218237848 0.0391063591
v -0.0247038361 0.0225824923 0.0337380071
v -0.0231826064 0.0210613222 0.0396009584
v -0.0234030244 0.0212816806 0.0393428703
v -0.0236630198 0.0215417356 0.0391740699
v -0.0247895476 0.0226682038 0.0417095323
v -0.0245692488 0.022447905 0.0419676204
v -0.0243091342 0.02218785 0.0421364208
v -0.024027085 0.0219057412 0.0422041317
v -0.0237421748 0.0216208906 0.0421663423
v -0.0234739539 0.0213526697 0.0420256754
v -0.0232406613 0.0211193175 0.0417914291
v -0.0249141213 0.0227927775 0.0398305555
v -0.0250334498 0.022912106 0.0401983162
v -0.0250813719 0.0229600282 0.0405973096
v -0.034210777 0.0320894928 0.00764106709
v -0.0332722422 0.0311508984 0.0134566923
v -0.0332060811 0.0310847969 0.0163104435
v -0.0318256375 0.0297042937 0.0190600057
v -0.0330936667 0.0309723229 -0.022503982
v -0.0310270545 0.0289057703 -0.0214541058
v -0.0331415888 0.0310202451 -0.0221051077
v -0.0310555455 0.0289342017 -0.0213743548
v -0.0332609173 0.031139514 -0.0217373471
v -0.0347009656 0.0325796814 -0.0239323477
v -0.0349343774 0.0328130336 -0.0236982207
v -0.0351168868 0.0329956026 -0.0233866076
v -0.0372885224 0.0351672382 -0.022607098
v -0.0352362153 0.0331148715 -0.0230188469
v -0.0331203696 0.0309990258 -0.0229069094
v -0.0332199093 0.0310985656 -0.0232862334
v -0.0333854911 0.0312641473 -0.0236162047
v -0.0336057898 0.031484446 -0.023874412
v -0.0338657853 0.0317445011 -0.0240430931
v -0.0341479537 0.0320266099 -0.0241109232
v -0.0344327447 0.0323114605 -0.0240731339
v -0.0352841374 0.0331627936 -0.0226198534
v -0.0352574345 0.0331360907 -0.0222170452
v -0.0351578948 0.033036551 -0.0218377213
v -0.0349923131 0.0328709693 -0.0215076308
v -0.0347720143 0.0326506705 -0.0212495427
v -0.0334434268 0.031322083 -0.021425734
v -0.0336767193 0.0315554352 -0.0211916069
v -0.0345118996 0.0323906154 -0.0210808615
v -0.0342298504 0.0321085663 -0.0210130314
v -0.0339449402 0.0318236561 -0.0210508208
v -0.0287396666 0.0266183824 -0.0327663521
v -0.0287129637 0.0265916796 -0.0323635439
v -0.0287608859 0.0266396017 -0.0319645504
v -0.0298492667 0.0277279229 -0.0308725933
v -0.0295643565 0.0274430723 -0.0309103827
v -0.0289246794 0.0268033953 -0.0265224079
v -0.0294852015 0.0273638577 -0.0339026551
v -0.0297672507 0.0276459665 -0.0339703659
v -0.0296363589 0.0275150151 -0.0387667517
v -0.0300521609 0.0279308171 -0.0339325766
v -0.0303203818 0.028199038 -0.0337917904
v -0.0326255318 0.030504188 -0.0338130097
v -0.0305536744 0.0284323902 -0.0335576634
v -0.030736303 0.0286149592 -0.0332461695
v -0.0301313159 0.0280099721 -0.0309403042
v -0.0292961356 0.0271747918 -0.0310510497
v -0.0290627238 0.0269414396 -0.0312852959
v -0.0288802144 0.0267589302 -0.0315967898
v -0.0288392064 0.0267179222 -0.0331457953
v -0.0290047881 0.0268835039 -0.0334757666
v -0.0292250868 0.0271038027 -0.0337338547
v -0.0308767316 0.0287554474 -0.0320766072
v -0.0309035536 0.0287822099 -0.0324794154
v -0.0308556315 0.0287342281 -0.0328782896
v -0.030777311 0.0286559672 -0.031697164
v -0.0306117293 0.0284903855 -0.0313671927
v -0.0303913113 0.0282700271 -0.0311091046
v 0.0159403327 -0.0180616765 -0.0463935236
v 0.0159882549 -0.0181095987 -0.0467923979
v 0.018378878 -0.0205002217 -0.0437527995
v 0.0174724105 -0.0195937543 -0.0494878392
v 0.0209729913 -0.0230943351 -0.0465298991
v 0.0138244871 -0.0159458308 -0.0465054612
v 0.0139240268 -0.0160453706 -0.0461261372
v 0.0140896085 -0.0162109523 -0.0457961659
v 0.0143099073 -0.0164312511 -0.0455379586
v 0.0151369813 -0.0172582655 -0.0453392367
v 0.0154052022 -0.0175264864 -0.0454800228
v 0.0156384948 -0.0177598386 -0.0457141499
v 0.0158211234 -0.0179424076 -0.046025763
v 0.0121400598 -0.0142614036 -0.0436775784
v 0.0140422824 -0.0161635666 -0.0424270729
v 0.0145700219 -0.0166913061 -0.0453692774
v 0.0148520711 -0.0169734149 -0.0453014473
v 0.015961552 -0.0180828958 -0.0471953253
v 0.0158620122 -0.017983356 -0.0475746493
v 0.0170043949 -0.019125679 -0.0498328308
v 0.0156964305 -0.0178178339 -0.0479046206
v 0.0141475442 -0.016268888 -0.0479866366
v 0.0127914193 -0.0149127631 -0.0524617533
v 0.014380956 -0.0165022402 -0.0482207636
v 0.0146491769 -0.0167704611 -0.0483615498
v 0.0139650348 -0.016086319 -0.0476750235
v 0.0138457063 -0.0159670501 -0.0473072628
v 0.0137977842 -0.015919128 -0.0469083886
v 0.0154761318 -0.0175974755 -0.0481628279
v 0.0152161363 -0.0173374205 -0.0483315091
v 0.0149340871 -0.0170553713 -0.0483993391
v 0.0229120496 -0.025033453 -0.0401983361
v 0.0229599717 -0.0250813751 -0.0405973296
v 0.0246436838 -0.0267649679 -0.0425978999
v 0.0229332689 -0.0250546127 -0.0410001377
v 0.0228337291 -0.0249551325 -0.0413794617
v 0.0226102117 -0.0247315555 -0.0395189623
v 0.0227928403 -0.0249141245 -0.0398305754
v 0.021823788 -0.0239451318 -0.039106379
v 0.0221086982 -0.0242299824 -0.0391440491
v 0.0159068349 -0.0180281787 -0.0409933428
v 0.0209367517 -0.0230580955 -0.0414798359
v 0.0208174232 -0.022938767 -0.0411120753
v 0.0279667619 -0.0300880461 -0.0380896429
v 0.0284903291 -0.0306116729 -0.0334757666
v 0.0223769191 -0.0244982629 -0.0392848353
v 0.0226682666 -0.0247895508 -0.0417095522
v 0.0224478486 -0.0245691924 -0.0419676403
v 0.0221878532 -0.0243091374 -0.0421363215
v 0.021905804 -0.0240270882 -0.0422041516
v 0.0216208938 -0.0237422376 -0.0421663622
v 0.0213526729 -0.0234739571 -0.0420255761
v 0.0211192611 -0.0232406049 -0.041791449
v 0.0207695011 -0.0228908448 -0.040713201
v 0.0207962039 -0.0229175477 -0.0403102736
v 0.0194061044 -0.0215273886 -0.0376626353
v 0.0208957437 -0.0230170875 -0.0399309496
v 0.0210613254 -0.0231826692 -0.0396009783
v 0.0212816242 -0.0234029679 -0.039342771
v 0.0215417388 -0.023663023 -0.0391740898
v 0.032505298 -0.0346265822 -0.00170506042
v 0.032089496 -0.0342107802 -0.007641087
v 0.0315554384 -0.0336767225 0.021191587
v 0.0313220266 -0.03344343 0.0214257141
v 0.0331628564 -0.0352841406 0.0226199527
v 0.0331361535 -0.0352574377 0.0222170253
v 0.0351672414 -0.0372885852 0.0226070781
v 0.0330366138 -0.035157898 0.0218377014
v 0.0289342645 -0.0310555487 0.0213743349
v 0.0309722665 -0.0330936103 0.0225039621
v 0.0289057735 -0.0310270577 0.0214540859
v 0.0310201887 -0.0331415324 0.0221050878
v 0.0311395172 -0.0332608609 0.0217373272
v 0.0309989694 -0.0331203728 0.0229068895
v 0.0310985092 -0.0332198529 0.0232862135
v 0.0312640909 -0.0333854346 0.0236161848
v 0.0314843896 -0.033605793 0.0238743921
v 0.0328710321 -0.0349923163 0.0215077301
v 0.0326507333 -0.0347720175 0.0212495227
v 0.0317445043 -0.0338658481 0.0240430732
v 0.0320265535 -0.0341478973 0.0241109033
v 0.0323114637 -0.0344327479 0.024073114
v 0.0325796846 -0.0347010284 0.0239323278
v 0.0328130964 -0.0349343805 0.0236982008
v 0.0329956058 -0.03511689 0.0233865877
v 0.0331149343 -0.0352362185 0.023018827
v 0.0323906186 -0.0345119624 0.0210808416
v 0.0321085695 -0.0342298536 0.0210130115
v 0.0318236593 -0.0339450031 0.0210508009
v 0.0212641004 -0.0233853846 0.0354889532
v 0.0266183856 -0.0287397294 0.0327663322
v 0.0267179254 -0.0288392692 0.0331457754
v 0.0268835071 -0.0290047913 0.0334757467
v 0.0271038059 -0.0292251496 0.0337338348
v 0.0273639205 -0.0294852047 0.0339026352
v 0.0276459697 -0.0297672539 0.033970346
v 0.0275150779 -0.0296363621 0.0387667318
v 0.0286149028 -0.0307363062 0.0332461496
v 0.0287342313 -0.0308555751 0.0328783889
v 0.0305041316 -0.0326254754 0.0338129898
v 0.0287821534 -0.0309034972 0.0324793954
v 0.0287554506 -0.0308767944 0.0320765873
v 0.0269414428 -0.0290627866 0.031285276
v 0.0267589334 -0.0288802176 0.0315967699
v 0.0266396049 -0.0287609487 0.0319646497
v 0.0265916828 -0.0287130265 0.032363524
v 0.0279307607 -0.0300521641 0.0339325567
v 0.0281991008 -0.030320385 0.0337918897
v 0.0284323934 -0.0305537372 0.0335576435
v 0.0280100349 -0.0301313191 0.0309402843
v 0.0277278665 -0.0298492103 0.0308725734
v 0.0274430755 -0.0295643597 0.0309103628
v 0.0271748546 -0.0292961388 0.031051149
v 0.0286559108 -0.0307772546 0.0316971441
v 0.0284903291 -0.0306116729 0.0313671728
v 0.0282700303 -0.0303913741 0.0311090847
v 0.0143219474 -0.0164432316 0.0422255893
v 0.00687744649 -0.00899879028 0.0491851469
v 0.00660922559 -0.00873050978 0.0493258138
v 0.0063758138 -0.00849715759 0.0495600601
v 0.00619330438 -0.00831464817 0.049871554
v 0.00607397588 -0.00819531967 0.0502394338
v 0.00744440588 -0.00956569006 0.0492150684
v 0.0071623567 -0.00928364088 0.0491473575
v 0.00602605375 -0.00814739754 0.0506383081
v 0.00605275663 -0.00817410042 0.0510411163
v 0.00615229639 -0.00827364017 0.0514205595
v 0.00631787809 -0.00843922188 0.0517505308
v 0.00653817686 -0.00865952064 0.0520086189
v 0.00679829153 -0.00891957571 0.0521774192
v 0.00775077375 -0.00987205793 0.0545959373
v 0.00708034071 -0.00920168449 0.0522451301
v 0.00736525091 -0.00948653509 0.0522073408
v 0.00763347181 -0.0097548156 0.0520666738
v 0.00786676439 -0.00998810818 0.0518324276
v 0.00804939302 -0.0101706772 0.0515209337
v 0.00816860231 -0.0102900057 0.051153173
v 0.00821664365 -0.0103379278 0.0507541795
v 0.00818982156 -0.0103111654 0.0503513713
v 0.00809028181 -0.0102116852 0.0499719282
v 0.00792481931 -0.0100461035 0.0496419569
v 0.00770440134 -0.00982574512 0.0493838688
v 0.0241394285 -0.0262607722 0.0431961914
v 0.0226102117 -0.0247315555 0.0417914291
v 0.0255956891 -0.0277170329 0.0414110323
v 0.0263513568 -0.028472641 0.040412416
v 0.0367781165 -0.0388994007 0.0165063043
v 0.0357560161 -0.0378773003 -0.0122953753
v 0.0369668249 -0.0390881686 -0.0156145195
v 0.0358555559 -0.03797684 -0.0119160513
v 0.0379915479 -0.0401128321 -0.00926567119
v 0.0358822587 -0.0380035429 -0.0115131239
v 0.0358343366 -0.0379556208 -0.0111142496
v 0.0348279718 -0.0369493156 -0.0131199459
v 0.0345430616 -0.036664465 -0.0130822758
v 0.0340415481 -0.0361628323 -0.0127073626
v 0.0338590387 -0.0359803229 -0.0123957495
v 0.0337397102 -0.0358609944 -0.0120279889
v 0.0342748407 -0.0363961845 -0.0129414896
v 0.033691788 -0.0358130722 -0.0116289954
v 0.0337184909 -0.0358397751 -0.0112261872
v 0.0355904344 -0.0377117782 -0.0126253466
v 0.0353701356 -0.0374914198 -0.0128835539
v 0.035110021 -0.0372313647 -0.0130522351
v 0.0338180307 -0.0359393149 -0.0108468632
v 0.0339836124 -0.0361048966 -0.0105167727
v 0.0342039111 -0.0363251953 -0.0102586846
v 0.035030866 -0.0371522098 -0.0100599627
v 0.034746075 -0.0368673592 -0.0100221733
v 0.0344639066 -0.0365852504 -0.0100900034
v 0.0352990869 -0.0374204307 -0.0102007489
v 0.0355324987 -0.0376537829 -0.0104348759
v 0.0357150081 -0.0378363519 -0.010746489
v 0.0112381223 -0.0133594065 -0.0532304148
v -0.000731563248 -0.00138978054 -0.0559980969
v 0.00238134893 -0.00450263311 -0.0553695063
v 0.0038631204 -0.00598440458 -0.0555653672
v 0.00839116605 -0.0105125098 -0.0543812613
v -0.0162689444 0.0141476006 -0.0457141499
v -0.0160863158 0.0139650316 -0.046025763
v -0.0159458872 0.0138245435 -0.0471953253
v -0.0160453078 0.0139240236 -0.0475746493
v -0.0162108895 0.0140896053 -0.0479046206
v -0.0159671065 0.0138457031 -0.0463935236
v -0.0159190652 0.013797781 -0.0467923979
v -0.0179424044 0.0158210606 -0.0476750235
v -0.0225443598 0.0204230757 -0.0470414261
v -0.017759895 0.0156385512 -0.0479866366
v -0.0175264832 0.015405199 -0.0482207636
v -0.0172582623 0.0151369185 -0.0483615498
v -0.0164313075 0.0143099637 -0.0481628279
v -0.0166913029 0.0145700188 -0.0483315091
v -0.0169733521 0.0148520679 -0.0483993391
v -0.0179834124 0.0158620686 -0.0461261372
v -0.0180829522 0.0159616084 -0.0465054612
v -0.0262607094 0.0241394253 -0.0431962113
v -0.0181096551 0.0159883113 -0.0469083886
v -0.0180617329 0.0159403891 -0.0473072628
v -0.0178178307 0.0156964869 -0.0457961659
v -0.017597532 0.0154761882 -0.0455379586
v -0.0173374173 0.0152161331 -0.0453692774
v -0.0170553681 0.0149340243 -0.0453014473
v -0.0167704579 0.0146491737 -0.0453392367
v -0.016502237 0.0143808932 -0.0454800228
v -0.0247316119 0.0226102681 -0.041791449
v -0.0277170893 0.0255956859 -0.0414110522
v -0.0284726378 0.0263513536 -0.0404124359
v -0.0388993975 0.0367781133 -0.0165063242
v -0.0370267388 0.0349054546 -0.00105429691
v -0.0372471568 0.0351257534 -0.00131238502
v -0.0367828366 0.0346615524 0.000456919252
v -0.0367349145 0.0346136303 5.79257603e-05
v -0.0367616173 0.0346403332 -0.000344882429
v -0.0368611571 0.0347398729 -0.000724325598
v -0.0375863072 0.035465023 0.001511087
v -0.0373180863 0.0351967425 0.00137042004
v -0.0375071522 0.0353858085 -0.00148118538
v -0.0377892014 0.0356679172 -0.00154889625
v -0.0399985072 0.037877223 -0.0101822714
v -0.0370846745 0.0349633903 0.00113617378
v -0.0369021651 0.0347808809 0.000824679911
v -0.0380741116 0.0359527678 -0.00151110691
v -0.0383423325 0.0362210483 -0.00137032074
v -0.0405711886 0.0384498448 -0.00372065109
v -0.0385757443 0.0364544005 -0.00113619369
v -0.0388988015 0.0367774577 0.00034486252
v -0.0387992617 0.0366779179 0.000724305689
v -0.0378712174 0.0357498736 0.00154887634
v -0.0381532666 0.0360319228 0.00148116547
v -0.03863368 0.0365123362 0.001054277
v -0.0384133813 0.0362920375 0.00131236511
v -0.0387582537 0.0366369099 -0.00082469982
v -0.0388775822 0.0367562384 -0.000456819952
v -0.0389255044 0.0368041606 -5.79456691e-05
v -0.0406094548 0.038488111 0.00279139477
v -0.0348421094 0.0327208252 0.0284095903
v -0.0355168339 0.0333955498 0.0275959869
v -0.0375492331 0.0354279489 0.0217523475
v -0.0123722312 0.0102508874 0.0536665817
v -0.0133594033 0.0112380595 0.0532305141
v -0.0341479537 0.0320266099 0.0210130115
v -0.0344327447 0.0323114605 0.0210508009
v -0.0349343774 0.0328130336 0.0214257141
v -0.0351168868 0.0329956026 0.0217373272
v -0.0352362153 0.0331148715 0.0221050878
v -0.0349923131 0.0328709693 0.0236161848
v -0.0347720143 0.0326506705 0.0238743921
v -0.0336767193 0.0315554352 0.0239323278
v -0.0334434268 0.031322083 0.0236982008
v -0.0332609173 0.031139514 0.0233865877
v -0.0331415888 0.0310202451 0.023018827
v -0.0347009656 0.0325796814 0.021191587
v -0.0352841374 0.0331627936 0.0225039621
v -0.0352574345 0.0331360907 0.0229068895
v -0.0351578948 0.033036551 0.0232862135
v -0.0345118996 0.0323906154 0.0240430732
v -0.0342298504 0.0321085663 0.0241109033
v -0.0339449402 0.0318236561 0.024073114
v -0.0333854911 0.0312641473 0.0215077301
v -0.0336057898 0.031484446 0.0212495227
v -0.0338657853 0.0317445011 0.0210808416
v -0.0330936667 0.0309723229 0.0226199527
v -0.0331203696 0.0309990258 0.0222170253
v -0.0332199093 0.0310985656 0.0218377014
v -0.00180611578 -0.000315168399 -0.0531362395
v -0.00198862521 -0.000132658976 -0.0528246264
v -0.000477528252 -0.00164375593 -0.0533124308
v -0.000737642922 -0.00138370087 -0.0534811119
v -0.000257229485 -0.0018641143 -0.0530542235
v -0.00081679789 -0.0013045459 -0.0504888396
v -0.000548576989 -0.0015727668 -0.0506296257
v -1.33272789e-05 -0.0021079569 -0.0515431265
v 3.45948555e-05 -0.00215593864 -0.0519420008
v 7.89197469e-06 -0.00212917616 -0.0523449282
v -9.16477821e-05 -0.0020296364 -0.0527242522
v -0.0010196921 -0.00110165169 -0.053548942
v -0.0013046023 -0.000816801089 -0.0535111527
v -0.0015728232 -0.000548520583 -0.0533703665
v -0.0020296332 -9.16509806e-05 -0.0512757401
v -0.0018640515 -0.000257232684 -0.0509457688
v -0.0003151652 -0.00180611898 -0.0508637528
v -0.000132655778 -0.00198868801 -0.0511753659
v -0.00210795371 -1.33304774e-05 -0.0524568657
v -0.00215587584 3.4591657e-05 -0.0520579914
v -0.00212917296 7.88877615e-06 -0.051655064
v -0.00164375273 -0.000477531451 -0.0506875615
v -0.00138375727 -0.000737586516 -0.0505188803
v -0.00110158888 -0.0010196953 -0.0504510502
v 0.00400712522 -0.00612846901 -0.0203898053
v 0.00423183473 -0.00635317852 -0.0208040575
v 0.00593938859 -0.00806067278 -0.0113136868
v 0.00618722471 -0.0083085685 -0.0216515164
v -0.00156066386 -0.00056067993 -0.00494969887
v -0.0123606679 0.0102393241 -0.013980637
v -0.0119945761 0.00987329195 -0.0140487055
v -0.0195519683 0.0174306841 0.00458799797
v -0.0177031514 0.0155818672 0.00475274521
v -0.0178444144 0.0157231302 0.005235066
v 0.00178232225 -0.00390372564 -0.0208040575
v 0.00200715097 -0.00412843515 -0.0203898053
v -0.0109464881 0.00882514427 -0.0159806113
v 0.00230004819 -0.00442133238 -0.0200719933
v 0.00264110597 -0.00476244976 -0.0198721985
v -0.0154784676 0.0133571238 0.00716697174
v -0.0152537581 0.0131323547 0.00675271946
v -0.00906071631 0.00693931292 0.00989948708
v -0.0151123759 0.0129910917 0.00627039868
v -0.00401017634 0.00188883255 0.00275694329
v -0.0150642153 0.0129429312 0.00575267273
v -0.00431356398 0.0021922798 0.00195883709
v -0.0111359116 0.00901456783 -0.0149805645
v 0.000888848624 -0.00301013281 -0.00417126221
v 0.000324511848 -0.00244579603 -0.00460029644
v 0.00437309774 -0.00649450113 -0.0212863783
v 0.0044213775 -0.00654266168 -0.0218039851
v 0.00612607034 -0.00824735453 -0.0226954321
v 0.00437309774 -0.00649450113 -0.022321711
v 0.0058958772 -0.00801716139 -0.0236910681
v 0.00423183473 -0.00635317852 -0.0228040318
v 0.00550904306 -0.00763038685 -0.0245844225
v 0.00400712522 -0.00612846901 -0.0232182841
v -0.0133607146 0.0112393112 -0.0173947911
v -0.0135854241 0.0114640803 -0.016980658
v -0.0151958224 0.0130744786 -0.0180236201
v -0.015434241 0.0133128972 -0.017145286
v -0.0137748477 0.0116535635 -0.0159806113
v -0.0137266871 0.0116053433 -0.0154630045
v -0.0116535184 0.00953223417 -0.0142486195
v -0.0113606211 0.00923933695 -0.0145664315
v -0.000920748391 -0.0012005954 -0.00499607128
v -0.000285362878 -0.00183592131 -0.0048782925
v -0.0109946486 0.00887330483 -0.0154630045
v -0.0135854241 0.0114640803 -0.0149805645
v -0.0133607146 0.0112393112 -0.0145664315
v -0.00456068484 0.00243934105 -0.00070715946
v -0.0130678174 0.0109464736 -0.0142486195
v -0.0127266404 0.0106053562 -0.0140487055
v -0.0161124226 0.0139910788 0.00382088619
v -0.0164783951 0.014357111 0.00375269848
v -0.0196591374 0.0175377936 0.00562452275
v -0.0178926942 0.0157713504 0.00575267273
v -0.0195939299 0.0174725861 0.00666796166
v -0.0178444144 0.0157231302 0.00627039868
v -0.0193599221 0.0172385187 0.0076618095
v -0.0177031514 0.0155818672 0.00675271946
v -0.0189696309 0.0168483467 0.0085523029
v -0.0174784419 0.0153570981 0.00716697174
v -0.018444514 0.0163231702 0.00929092365
v -0.0171855446 0.0150642605 0.00748478371
v -0.0178128239 0.0156914801 0.00983797508
v -0.0171087739 0.0149874301 0.0101635357
v -0.0168444869 0.0147231431 0.00768457848
v -0.0163706299 0.0142492862 0.0102500816
v 0.00300707849 -0.00512842228 -0.0198040108
v 0.00337317022 -0.0054944544 -0.0198721985
v 0.003714228 -0.00583557178 -0.0200719933
v 0.00200715097 -0.00412843515 -0.0232182841
v 0.00218358072 -0.0043048649 -0.0261507134
v 0.00230004819 -0.00442133238 -0.023536096
v 0.00264110597 -0.00476244976 -0.0237358908
v -0.0137266871 0.0116053433 -0.016498218
v -0.0045101401 0.00238885592 0.00109635788
v -0.0151123759 0.0129910917 0.005235066
v -0.00459346739 0.00247212361 0.000197877466
v -0.0152537581 0.0131323547 0.00475274521
v -0.0154784676 0.0133571238 0.00433849293
v -0.0157713648 0.0136500211 0.00402068096
v -0.0168444869 0.0147231431 0.00382088619
v -0.0171855446 0.0150642605 0.00402068096
v -0.0174784419 0.0153570981 0.00433849293
v -0.0164783951 0.014357111 0.00775276619
v -0.0161124226 0.0139910788 0.00768457848
v -0.0157713648 0.0136500211 0.00748478371
v 0.00159289869 -0.00371424248 -0.0218039851
v -0.0113606211 0.00923933695 -0.0173947911
v 0.00164105924 -0.00376240303 -0.022321711
v 0.00178232225 -0.00390372564 -0.0228040318
v 0.00164105924 -0.00376240303 -0.0212863783
v -0.0109946486 0.00887330483 -0.016498218
v -0.0111359116 0.00901456783 -0.016980658
v 0.00300707849 -0.00512842228 -0.0238040785
v 0.00291647943 -0.00503782322 -0.0263022284
v 0.00337317022 -0.0054944544 -0.0237358908
v 0.00365438493 -0.00577566912 -0.0262099604
v 0.003714228 -0.00583557178 -0.023536096
v 0.00435712369 -0.00647840788 -0.0258790354
v 0.00498666795 -0.00710801174 -0.0253272156
v -0.0119945761 0.00987329195 -0.017912517
v -0.0131841656 0.0110628815 -0.0203272204
v -0.0116535184 0.00953223417 -0.0177127222
v -0.0123606679 0.0102393241 -0.0179805855
v -0.0127266404 0.0106053562 -0.017912517
v -0.013805246 0.0116839022 -0.0199900965
v -0.0130678174 0.0109464736 -0.0177127222
v -0.0143631455 0.0122418017 -0.019477735
v -0.0148335454 0.0127122016 -0.0188125471
v 0.00251045259 0.00951041887 -0.00070715946
v 0.00247767004 0.00954314182 0.000197877466
v 0.00256087812 0.00945987414 0.00109635788
v 0.00275745424 0.00926329802 0.00195883709
v 0.00306096109 0.00895991037 0.00275694329
v -0.00929949252 0.0213203044 0.0102500816
v -0.00198957888 0.0140103907 0.00989948708
v -0.0145498273 0.0170501084 -0.00961662334
v -0.0142376181 0.0171873183 -0.0100786785
v -0.01248095 0.0245017619 0.00458799797
v -0.0125230309 0.0199222774 -0.00738597912
v -0.0128353593 0.0197850675 -0.00692392391
v -0.0149725434 0.017472765 -0.00738597912
v -0.0150118825 0.017229578 -0.00792397064
v -0.0149506089 0.0170719833 -0.00850130123
v -0.0147931334 0.0170107693 -0.00907863182
v -0.012100434 0.0194996209 -0.00961662334
v -0.0120610949 0.0197428078 -0.00907863182
v -0.00836310355 0.020383975 -0.017145286
v -0.0121222493 0.0199004025 -0.00850130123
v -0.012279844 0.0199616165 -0.00792397064
v -0.0136872288 0.0175545425 -0.0105621914
v -0.013494229 0.0177118988 -0.0106560091
v -0.0133020636 0.0178825469 -0.010712872
v -0.0131138322 0.0180635662 -0.0107320647
v -0.0129328725 0.0182517381 -0.010712872
v -0.0133857485 0.0194178433 -0.00644041103
v -0.0135786292 0.0192604871 -0.00634659332
v -0.0137709138 0.019089839 -0.00628973049
v -0.0139591452 0.0189088197 -0.00627053779
v -0.0141401049 0.0187206478 -0.00628973049
v -0.0127621647 0.018443963 -0.0106560091
v -0.0126048085 0.0186369033 -0.0105621914
v -0.0124633071 0.0188272805 -0.010433207
v -0.0143106934 0.0185284228 -0.00634659332
v -0.0144681689 0.0183354826 -0.00644041103
v -0.0146095511 0.0181451053 -0.00656939548
v -0.0140620228 0.0172899575 -0.0102710823
v -0.0138774869 0.0174130411 -0.010433207
v -0.0123401639 0.0190118165 -0.0102710823
v -0.0122376439 0.0191873522 -0.0100786785
v -0.0130108353 0.0196824283 -0.00673152012
v -0.0131953713 0.0195593448 -0.00656939548
v -0.0147326943 0.0179605694 -0.00673152012
v -0.0148353335 0.0177850337 -0.00692392391
v -0.00812480418 0.0201455564 -0.0180236201
v -0.00776240794 0.0197832794 -0.0188125471
v -0.00729212729 0.0193128795 -0.019477735
v -0.00673422781 0.0187549801 -0.0199900965
v -0.00611314742 0.0181339593 -0.0203272204
v 0.0130104068 -0.000989594954 -0.0113136868
v 0.0132583621 -0.00123755028 -0.0216515164
v 0.00564291509 -0.0014252453 -0.00641215843
v 0.00795986684 0.00406094502 -0.00417126221
v 0.00597491296 -0.00102511932 -0.00636399788
v 0.00637497934 -0.000693181056 -0.00641215843
v 0.0068159345 -0.000452020663 -0.00655342144
v 0.00726773771 -0.000318029421 -0.00677813095
v 0.0083891395 -0.000610926646 -0.00777817768
v 0.00808205637 -0.000400283831 -0.00741220516
v 0.00769963296 -0.000300386447 -0.00707102817
v 0.0085996631 -0.000917890566 -0.0081441502
v 0.00869956049 -0.00130037357 -0.00848532718
v 0.00868203672 -0.00173220922 -0.00877822441
v 0.00525012048 -0.00274989893 -0.00707102817
v 0.00526776346 -0.00231800367 -0.00677813095
v 0.0054017547 -0.00186620046 -0.00655342144
v 0.00854804548 -0.00218407204 -0.00900293392
v 0.00830676588 -0.0026250272 -0.00914419693
v 0.00797488721 -0.00302515318 -0.00919235748
v 0.00757482084 -0.00335709144 -0.00914419693
v 0.00713374647 -0.00359825184 -0.00900293392
v 0.00668194326 -0.00373224308 -0.00877822441
v 0.00625016721 -0.00374988605 -0.00848532718
v 0.0058676246 -0.00364998867 -0.0081441502
v 0.00556066068 -0.00343934585 -0.00777817768
v 0.00535001787 -0.00313232233 -0.00741220516
v -0.00628957716 0.018310389 -0.0145664315
v -0.00599667994 0.0180174918 -0.0142486195
v -0.00565562216 0.017676434 -0.0140487055
v -0.00528964964 0.0173104019 -0.013980637
v -0.00492355792 0.0169443698 -0.0140487055
v -0.00458250014 0.016603312 -0.0142486195
v -0.00428960291 0.0163104148 -0.0145664315
v -0.0040648934 0.0160856457 -0.0149805645
v -0.00392351119 0.0159443826 -0.0154630045
v -0.00387535063 0.0158962221 -0.0159806113
v -0.00392351119 0.0159443826 -0.016498218
v -0.0040648934 0.0160856457 -0.016980658
v -0.00428960291 0.0163104148 -0.0173947911
v -0.00458250014 0.016603312 -0.0177127222
v -0.00492355792 0.0169443698 -0.017912517
v -0.00528964964 0.0173104019 -0.0179805855
v -0.00565562216 0.017676434 -0.017912517
v -0.00599667994 0.0180174918 -0.0177127222
v -0.00628957716 0.018310389 -0.0173947911
v -0.00651428668 0.0185351581 -0.016980658
v -0.00665566889 0.0186764211 -0.016498218
v -0.00670382945 0.0187246413 -0.0159806113
v -0.00665566889 0.0186764211 -0.0154630045
v -0.00651428668 0.0185351581 -0.0149805645
v 0.00188877615 -0.00401017954 -0.00275696319
v 0.00592985185 -0.00281850387 -0.00477183861
v 0.00575568708 -0.00340590765 -0.00506402057
v 0.00970640214 -0.00380502035 -0.00813973945
v 0.0100199226 -0.00323174288 -0.00795615715
v 0.0140104535 -0.00198958208 -0.00989950699
v 0.0101940873 -0.0026443391 -0.00766397518
v 0.0102170947 -0.00208298256 -0.00728322071
v 0.00653555425 -0.00513742258 -0.00683976215
v 0.00703265699 -0.0052673011 -0.00728322071
v 0.00693931612 -0.0090606599 -0.00989950699
v 0.00759413274 -0.00524435331 -0.00766397518
v 0.00573267969 -0.0039673238 -0.00544477505
v 0.00586261781 -0.00446448614 -0.00588811439
v 0.00613644155 -0.00486359884 -0.00636399788
v 0.00818147691 -0.00507018854 -0.00795615715
v 0.00875475439 -0.00475666811 -0.00813973945
v 0.00927486452 -0.00432513048 -0.00820244354
v 0.0100871566 -0.00158576061 -0.00683976215
v 0.00981333288 -0.00118664791 -0.00636399788
v 0.00895991357 0.00306089829 -0.00275696319
v 0.00941422018 -0.000912824172 -0.00588811439
v 0.00891699823 -0.000782945651 -0.00544477505
v 0.00835564168 -0.000805893439 -0.00506402057
v 0.00776829752 -0.000980058211 -0.00477183861
v 0.00719502004 -0.00129357864 -0.00458813709
v 0.00667490991 -0.00172511627 -0.004525433
v 0.00624337228 -0.0022452264 -0.00458813709
v 0.0142492298 -0.0163705735 -0.0102501015
v 0.0213203672 -0.00929949571 -0.0102501015
v 0.0220762733 -0.0100554614 -0.0101584296
v 0.0150052551 -0.0171265392 -0.0101584296
v 0.0227953437 -0.0107745319 -0.00981617969
v 0.0157243255 -0.0178456097 -0.00981617969
v 0.0234366897 -0.0114158778 -0.00924290222
v 0.0163656715 -0.0184869557 -0.00924290222
v 0.0239638332 -0.0119430809 -0.00847126049
v 0.016892815 -0.0190141587 -0.00847126049
v 0.0243468526 -0.0123261004 -0.00754500431
v 0.0172758344 -0.0193971186 -0.00754500431
v 0.0245639327 -0.0125431209 -0.0065169434
v 0.0174929145 -0.0196141987 -0.0065169434
v 0.024602795 -0.0125819235 -0.00544525188
v 0.0175316575 -0.0196530013 -0.00544525188
v 0.0244610551 -0.0124402433 -0.00439120334
v 0.0173899177 -0.0195112615 -0.00439120334
v 0.0241469386 -0.0121260672 -0.00341452164
v 0.0170758012 -0.019197145 -0.00341452164
v 0.0236782077 -0.0116573959 -0.00257075828
v 0.0166070703 -0.0187284737 -0.00257075828
v 0.0126830581 -0.0148044019 0.0130985876
v 0.0100497249 -0.0121710687 0.00863276917
v 0.0197541955 -0.00773338367 0.0130985876
v 0.0171208623 -0.00509999086 0.00863276917
v -0.00287840334 0.000757119161 0.0249860187
v 0.00419261488 0.00782819698 0.0249860187
v 0.00359597238 0.00842483948 0.0256488224
v -0.00347504584 0.00135376166 0.0256488224
v 0.00290539297 0.0091154785 0.0260931154
v -0.00416574446 0.00204440067 0.0260931154
v 0.00215997728 0.00986083458 0.0262935062
v -0.00491104094 0.00278975676 0.0262935062
v 0.00140228303 0.0106185288 0.0262386699
v -0.00566873518 0.003547451 0.0262386699
v 0.000675225578 0.0113455267 0.025931706
v -0.00639579264 0.00427444885 0.025931706
v 2.02897408e-05 0.0120005221 0.025390019
v -0.00705072848 0.0049294443 0.025390019
v -0.000525331177 0.012546143 0.0246444841
v -0.0075963494 0.00547506521 0.0246444841
v -0.000930642762 0.0129515142 0.0237375398
v -0.00800178019 0.0058804364 0.0237375398
v -0.00117263762 0.0131934495 0.0227205654
v -0.00824377505 0.00612243126 0.0227205654
v -0.00123748747 0.0132583589 0.0216514965
v -0.0083086249 0.00618728111 0.0216514965
v 0.0133570674 -0.0154784708 -0.00433851284
v 0.0204282049 -0.008407393 -0.00433851284
v 0.0136499647 -0.015771368 -0.00402070087
v 0.0207211021 -0.00870029022 -0.00402070087
v 0.0139911416 -0.0161124258 -0.0038209061
v 0.0210621599 -0.009041348 -0.0038209061
v 0.0143571142 -0.0164784579 -0.00375271839
v 0.0214282516 -0.00940738012 -0.00375271839
v 0.0147232059 -0.0168444901 -0.0038209061
v 0.0217942241 -0.00977341225 -0.0038209061
v 0.0150642637 -0.0171855478 -0.00402070087
v 0.0221352819 -0.01011447 -0.00402070087
v 0.0153571609 -0.0174784451 -0.00433851284
v 0.0224281791 -0.0104073672 -0.00433851284
v 0.0155818704 -0.0177032142 -0.00475276512
v 0.0226528886 -0.0106321364 -0.00475276512
v 0.0157231334 -0.0178444772 -0.00523508591
v 0.0227942708 -0.0107733994 -0.00523508591
v 0.015771294 -0.0178926377 -0.00575269264
v 0.0228424314 -0.0108216195 -0.00575269264
v 0.0157231334 -0.0178444772 -0.00627029938
v 0.0227942708 -0.0107733994 -0.00627029938
v 0.0155818704 -0.0177032142 -0.00675273937
v 0.0226528886 -0.0106321364 -0.00675273937
v 0.0153571609 -0.0174784451 -0.00716687244
v 0.0224281791 -0.0104073672 -0.00716687244
v 0.0150642637 -0.0171855478 -0.00748480362
v 0.0221352819 -0.01011447 -0.00748480362
v 0.0147232059 -0.0168444901 -0.00768459839
v 0.0217942241 -0.00977341225 -0.00768459839
v 0.0143571142 -0.0164784579 -0.00775266689
v 0.0214282516 -0.00940738012 -0.00775266689
v 0.0139911416 -0.0161124258 -0.00768459839
v 0.0210621599 -0.009041348 -0.00768459839
v 0.0136499647 -0.015771368 -0.00748480362
v 0.0207211021 -0.00870029022 -0.00748480362
v 0.0133570674 -0.0154784708 -0.00716687244
v 0.0204282049 -0.008407393 -0.00716687244
v 0.0131323579 -0.0152537017 -0.00675273937
v 0.0202034953 -0.00818262388 -0.00675273937
v 0.0129910949 -0.0151124387 -0.00627029938
v 0.0200621131 -0.00804136087 -0.00627029938
v 0.0129429344 -0.0150642185 -0.00575269264
v 0.0200139526 -0.00799314072 -0.00575269264
v 0.0129910949 -0.0151124387 -0.00523508591
v 0.0200621131 -0.00804136087 -0.00523508591
v 0.0131323579 -0.0152537017 -0.00475276512
v 0.0202034953 -0.00818262388 -0.00475276512
v -0.00332508055 0.00827487419 0.00961660343
v 0.00409987005 0.000849863988 0.0201171537
v -0.00375661818 0.00775476406 0.00955401856
v 0.00366833242 0.000329753858 0.0200545688
v -0.00407013861 0.00718148659 0.00937031704
v 0.00335481199 -0.000243523616 0.0198708673
v -0.00424442259 0.00659408281 0.00907813507
v 0.00318064722 -0.000830867785 0.0195786853
v -0.00426731078 0.00603272627 0.0086973806
v 0.00315775903 -0.00139228393 0.0191979309
v -0.00413737265 0.00553550432 0.00825404125
v 0.00328757795 -0.00188950588 0.0187545915
v -0.00386354891 0.00513639162 0.00777815777
v 0.00356140169 -0.00228861858 0.018278708
v -0.00346443621 0.00486256788 0.0073023935
v 0.00396051439 -0.00256244232 0.0178028246
v -0.00296733347 0.00473268936 0.00685893494
v 0.00445773634 -0.00269232084 0.0173594852
v -0.00240585772 0.00475563715 0.00647818047
v 0.00501909288 -0.00266937305 0.0169787307
v -0.00181851355 0.00492980192 0.0061859985
v 0.00560643705 -0.00249520828 0.0166865488
v -0.00124523608 0.00524332235 0.00600229698
v 0.00617971452 -0.00218168785 0.0165028473
v -0.000725125947 0.00567485998 0.00593971211
v 0.00669982465 -0.00175015022 0.0164402624
v -0.000293588319 0.00619502972 0.00600229698
v 0.00713136228 -0.00122998049 0.0165028473
v 1.99321129e-05 0.00676830719 0.0061859985
v 0.00744500192 -0.000656703013 0.0166865488
v 0.000194096885 0.00735565136 0.00647818047
v 0.00761916669 -6.93588435e-05 0.0169787307
v 0.000216985069 0.00791706751 0.00685893494
v 0.00764205488 0.000492057306 0.0173594852
v 8.71661522e-05 0.00841422985 0.0073023935
v 0.00751211675 0.000989219648 0.0178028246
v -0.000186657586 0.00881334255 0.00777815777
v 0.00723829301 0.00138833235 0.018278708
v -0.000585770287 0.00908716629 0.00825404125
v 0.00683929952 0.00166215609 0.0187545915
v -0.00108299223 0.00921704481 0.0086973806
v 0.00634207757 0.00179203461 0.0191979309
v -0.00164434878 0.00919409702 0.00907813507
v 0.00578060182 0.00176908682 0.0195786853
v -0.00223169295 0.00901993225 0.00937031704
v 0.00519325765 0.00159492205 0.0198708673
v -0.00280497042 0.00870641182 0.00955401856
v 0.00461998018 0.00128140162 0.0200545688
v 0.0140998605 -0.00915012648 0.00597499806
v 0.0136683229 -0.00967023661 0.00591241318
v 0.0133548025 -0.0102435141 0.00572871166
v 0.0131806377 -0.0108308582 0.0054365297
v 0.0131577495 -0.0113922744 0.00505577522
v 0.0132875684 -0.0118894963 0.00461243588
v 0.0135613922 -0.012288609 0.00413655239
v 0.0139605049 -0.0125624328 0.00366078812
v 0.0144577268 -0.0126923113 0.00321732956
v 0.0150190833 -0.0126693635 0.00283657509
v 0.0156064275 -0.0124951987 0.00254439312
v 0.016179705 -0.0121816783 0.00236069161
v 0.0166998151 -0.0117501407 0.00229810673
v 0.0171313527 -0.0112299709 0.00236069161
v 0.0174449924 -0.0106566935 0.00254439312
v 0.0176191572 -0.0100693493 0.00283657509
v 0.0176420453 -0.00950793316 0.00321732956
v 0.0175122264 -0.00901077082 0.00366078812
v 0.0172384027 -0.00861165811 0.00413655239
v 0.01683929 -0.00833783438 0.00461243588
v 0.016342068 -0.00820795586 0.00505577522
v 0.0157805923 -0.00823090364 0.0054365297
v 0.0151932481 -0.00840506842 0.00572871166
v 0.0146199706 -0.00871858885 0.00591241318
f 1 2 3
f 4 5 6
f 7 8 9
f 10 11 12
f 13 14 15
f 16 17 18
f 19 20 21
f 22 23 24
f 25 26 27
f 28 29 30
f 31 32 33
f 34 35 36
f 37 38 39
f 39 38 40
f 41 42 43
f 44 45 46
f 47 48 49
f 50 29 51
f 52 53 54
f 55 17 56
f 57 58 59
f 60 11 61
f 62 8 63
f 64 65 14
f 66 67 9
f 68 69 70
f 71 72 73
f 74 75 76
f 70 69 73
f 73 69 77
f 73 77 71
f 78 79 80
f 80 79 81
f 80 81 82
f 82 81 83
f 82 83 70
f 70 83 84
f 70 84 68
f 72 85 73
f 73 85 86
f 73 86 76
f 76 86 87
f 76 87 74
f 88 89 90
f 88 90 91
f 75 92 76
f 76 92 93
f 76 93 90
f 90 93 94
f 90 94 91
f 95 96 80
f 80 96 97
f 80 97 78
f 78 97 98
f 78 98 99
f 99 98 100
f 99 100 101
f 101 100 102
f 103 104 105
f 106 53 107
f 107 53 103
f 107 103 108
f 108 103 105
f 109 54 110
f 106 111 53
f 53 111 112
f 53 112 113
f 110 114 109
f 109 114 115
f 109 115 116
f 113 117 53
f 53 117 118
f 53 118 54
f 54 118 119
f 54 119 120
f 120 121 54
f 54 121 122
f 54 122 110
f 123 124 125
f 126 127 21
f 21 127 128
f 21 128 124
f 129 130 131
f 24 132 133
f 134 135 136
f 136 135 137
f 130 138 131
f 131 138 139
f 131 139 26
f 26 139 140
f 24 133 135
f 135 133 141
f 135 141 137
f 134 142 135
f 135 142 143
f 135 143 131
f 131 143 144
f 131 144 129
f 140 145 26
f 26 145 146
f 26 146 27
f 147 148 149
f 147 149 23
f 149 150 23
f 23 150 151
f 23 151 24
f 24 151 152
f 24 152 132
f 146 153 27
f 27 153 154
f 27 154 147
f 147 154 155
f 147 155 148
f 156 157 158
f 158 157 159
f 158 159 160
f 160 161 162
f 162 161 163
f 163 161 164
f 163 164 165
f 164 166 165
f 165 166 167
f 165 167 168
f 168 169 165
f 165 169 170
f 165 170 171
f 170 172 171
f 171 172 173
f 171 173 174
f 174 175 171
f 171 175 176
f 171 176 177
f 177 176 178
f 177 178 179
f 180 181 177
f 182 180 183
f 183 180 177
f 183 177 184
f 184 177 179
f 185 131 186
f 186 131 180
f 186 180 187
f 187 180 182
f 188 189 190
f 190 189 191
f 190 192 188
f 188 192 193
f 188 193 194
f 194 193 195
f 194 195 196
f 191 197 190
f 190 197 198
f 190 198 199
f 199 198 200
f 199 200 201
f 202 203 204
f 205 206 45
f 45 206 207
f 207 208 45
f 45 208 209
f 45 209 46
f 46 209 210
f 46 210 211
f 212 213 199
f 199 213 214
f 199 214 190
f 211 215 46
f 46 215 216
f 46 216 217
f 204 218 202
f 202 218 219
f 202 219 45
f 45 219 220
f 45 220 205
f 221 222 223
f 223 222 6
f 224 225 5
f 5 225 226
f 5 226 6
f 6 226 227
f 6 227 223
f 66 9 228
f 221 229 222
f 222 229 230
f 222 230 231
f 8 232 233
f 234 235 62
f 62 235 236
f 62 236 237
f 237 238 62
f 62 238 239
f 62 239 8
f 8 239 240
f 8 240 232
f 233 241 8
f 8 241 242
f 8 242 9
f 9 242 243
f 9 243 228
f 244 245 246
f 247 248 249
f 248 250 249
f 249 250 251
f 249 251 13
f 13 251 252
f 13 252 253
f 245 254 246
f 246 254 255
f 246 255 249
f 249 255 256
f 249 256 247
f 253 257 13
f 13 257 258
f 13 258 14
f 14 258 259
f 14 259 64
f 260 261 262
f 263 264 265
f 265 264 260
f 265 260 266
f 266 260 262
f 263 267 264
f 264 267 268
f 264 268 246
f 246 268 269
f 246 269 244
f 216 270 217
f 217 270 212
f 217 212 271
f 271 212 199
f 271 199 272
f 272 199 273
f 272 273 274
f 274 273 275
f 275 273 222
f 275 222 62
f 62 222 231
f 62 231 234
f 276 277 278
f 278 277 63
f 279 280 8
f 280 281 8
f 8 281 282
f 8 282 63
f 63 282 283
f 63 283 278
f 284 285 286
f 286 285 287
f 286 287 7
f 7 287 288
f 7 288 8
f 8 288 289
f 8 289 279
f 12 290 291
f 276 292 277
f 277 292 293
f 277 293 60
f 60 293 294
f 60 294 295
f 295 296 60
f 60 296 297
f 60 297 11
f 12 291 286
f 286 291 298
f 286 298 284
f 297 299 11
f 11 299 300
f 11 300 12
f 12 300 301
f 12 301 290
f 302 303 304
f 305 61 306
f 303 307 304
f 304 307 308
f 304 308 10
f 10 308 309
f 10 309 310
f 11 311 312
f 306 313 305
f 305 313 314
f 305 314 57
f 57 314 315
f 316 58 317
f 317 58 318
f 310 319 10
f 10 319 320
f 10 320 11
f 11 320 321
f 11 321 311
f 312 322 11
f 11 322 323
f 11 323 61
f 61 323 324
f 61 324 306
f 315 325 57
f 57 325 326
f 57 326 58
f 58 326 327
f 58 327 318
f 328 329 58
f 330 331 332
f 332 331 333
f 329 334 58
f 58 334 335
f 58 335 59
f 59 335 336
f 59 336 337
f 333 338 332
f 332 338 339
f 332 339 58
f 58 339 340
f 58 340 328
f 341 342 260
f 260 342 343
f 260 343 344
f 337 345 59
f 59 345 346
f 59 346 347
f 347 346 348
f 347 348 349
f 349 341 347
f 347 341 260
f 347 260 350
f 350 260 264
f 350 264 351
f 352 353 90
f 354 90 100
f 100 90 89
f 100 89 102
f 355 352 356
f 356 352 90
f 356 90 357
f 357 90 354
f 358 359 360
f 361 362 363
f 363 362 364
f 363 364 80
f 80 364 365
f 80 365 95
f 356 366 355
f 355 366 367
f 355 367 360
f 360 367 368
f 360 368 358
f 369 370 371
f 371 370 372
f 371 372 373
f 373 374 371
f 371 374 375
f 371 375 363
f 363 375 376
f 363 376 361
f 377 55 378
f 378 55 379
f 378 379 380
f 377 381 55
f 55 381 382
f 55 382 17
f 383 384 385
f 385 384 386
f 385 386 387
f 80 388 363
f 363 388 385
f 363 385 371
f 371 385 387
f 371 387 389
f 389 390 371
f 371 390 391
f 371 391 392
f 359 369 360
f 360 369 371
f 360 371 393
f 393 371 392
f 393 392 394
f 382 395 17
f 17 395 396
f 17 396 18
f 18 396 397
f 18 397 398
f 398 399 18
f 18 399 400
f 18 400 385
f 385 400 401
f 385 401 383
f 394 402 393
f 393 402 403
f 393 403 379
f 379 403 404
f 379 404 380
f 405 406 407
f 52 408 409
f 405 407 16
f 410 411 17
f 412 413 414
f 409 415 52
f 52 415 416
f 52 416 53
f 53 416 417
f 53 417 418
f 414 419 412
f 412 419 420
f 412 420 405
f 405 420 421
f 405 421 406
f 411 422 17
f 17 422 423
f 17 423 56
f 56 423 424
f 56 424 425
f 425 426 56
f 56 426 427
f 56 427 408
f 408 427 428
f 408 428 409
f 407 429 16
f 16 429 430
f 16 430 17
f 17 430 431
f 17 431 410
f 160 162 158
f 158 162 432
f 158 432 433
f 433 432 434
f 433 434 109
f 109 434 435
f 109 435 54
f 50 436 171
f 171 436 437
f 171 437 165
f 438 439 440
f 441 442 443
f 443 442 438
f 443 438 444
f 444 438 440
f 441 445 442
f 442 445 446
f 442 446 447
f 448 449 171
f 171 449 450
f 171 450 451
f 452 453 50
f 451 454 171
f 171 454 455
f 171 455 50
f 50 455 456
f 50 456 452
f 453 457 50
f 50 457 458
f 50 458 29
f 439 438 459
f 459 438 30
f 459 30 460
f 458 461 29
f 29 461 462
f 29 462 30
f 30 462 463
f 30 463 460
f 464 465 466
f 467 468 29
f 469 51 470
f 465 471 466
f 466 471 472
f 466 472 28
f 28 472 473
f 28 473 474
f 468 475 29
f 29 475 476
f 29 476 51
f 51 476 477
f 51 477 470
f 470 478 469
f 469 478 479
f 469 479 47
f 47 479 480
f 480 481 47
f 47 481 482
f 47 482 48
f 48 482 483
f 483 484 48
f 48 484 485
f 48 485 486
f 474 487 28
f 28 487 488
f 28 488 29
f 29 488 489
f 29 489 467
f 490 491 492
f 492 491 493
f 490 494 491
f 491 494 495
f 491 495 496
f 497 498 499
f 48 500 501
f 502 503 49
f 49 503 504
f 49 504 493
f 493 504 505
f 493 505 492
f 499 506 497
f 497 506 507
f 497 507 48
f 48 507 508
f 48 508 500
f 501 509 48
f 48 509 510
f 48 510 49
f 49 510 511
f 49 511 502
f 512 513 514
f 515 516 517
f 518 519 520
f 520 519 521
f 522 523 40
f 40 523 524
f 40 524 39
f 39 524 525
f 39 525 526
f 521 527 520
f 520 527 528
f 520 528 517
f 517 528 529
f 517 529 515
f 530 531 40
f 40 531 532
f 40 532 522
f 533 534 38
f 535 40 536
f 536 40 537
f 534 538 38
f 38 538 539
f 38 539 40
f 40 539 540
f 40 540 537
f 516 530 517
f 517 530 40
f 517 40 541
f 541 40 535
f 541 535 542
f 543 544 545
f 545 544 42
f 545 42 546
f 542 547 541
f 541 547 548
f 541 548 549
f 549 548 550
f 550 551 549
f 549 551 552
f 549 552 545
f 545 552 553
f 545 553 543
f 544 554 42
f 42 554 555
f 42 555 43
f 43 555 556
f 43 556 557
f 557 558 43
f 43 558 559
f 43 559 38
f 38 559 560
f 38 560 533
f 41 561 562
f 563 564 42
f 41 562 42
f 42 562 565
f 42 565 563
f 566 567 45
f 561 41 568
f 568 41 569
f 568 569 570
f 564 571 42
f 42 571 572
f 42 572 546
f 546 572 573
f 546 573 574
f 574 575 546
f 546 575 576
f 546 576 577
f 577 576 44
f 44 576 45
f 45 576 578
f 45 578 566
f 567 579 45
f 45 579 580
f 45 580 581
f 582 583 584
f 584 585 582
f 582 585 586
f 582 586 569
f 569 586 587
f 569 587 570
f 588 589 590
f 590 589 591
f 590 591 592
f 592 591 593
f 592 593 594
f 594 595 592
f 592 595 596
f 592 596 597
f 598 599 600
f 600 599 601
f 597 602 592
f 592 602 603
f 592 603 600
f 600 603 604
f 600 604 598
f 601 605 600
f 600 605 606
f 600 606 607
f 607 606 608
f 607 608 609
f 609 610 607
f 607 610 611
f 607 611 612
f 612 611 613
f 613 614 612
f 612 614 615
f 612 615 590
f 590 615 616
f 590 616 588
f 617 618 592
f 592 618 619
f 619 620 592
f 592 620 621
f 592 621 590
f 590 621 622
f 590 622 623
f 624 625 626
f 626 625 590
f 626 590 627
f 627 590 623
f 628 629 630
f 630 629 625
f 630 625 631
f 631 625 624
f 628 632 629
f 629 632 633
f 629 633 634
f 634 633 635
f 634 635 194
f 194 635 636
f 194 636 188
f 196 637 194
f 194 637 203
f 194 203 638
f 638 203 202
f 638 202 639
f 639 202 45
f 639 45 582
f 582 45 581
f 582 581 583
f 640 641 34
f 34 641 642
f 34 642 643
f 526 644 39
f 39 644 645
f 39 645 37
f 37 645 646
f 37 646 34
f 34 646 647
f 34 647 640
f 35 34 648
f 648 34 643
f 648 643 518
f 518 643 649
f 518 649 519
f 650 651 652
f 36 35 653
f 653 35 3
f 653 3 654
f 654 3 2
f 654 2 655
f 655 656 654
f 654 656 657
f 654 657 650
f 650 657 658
f 650 658 651
f 652 31 650
f 650 31 33
f 650 33 659
f 659 33 660
f 661 662 663
f 663 662 664
f 665 666 667
f 667 666 668
f 667 668 669
f 669 670 667
f 667 670 671
f 667 671 672
f 673 33 674
f 674 33 663
f 674 663 675
f 676 677 660
f 660 677 678
f 660 678 665
f 665 678 679
f 665 679 666
f 673 680 33
f 33 680 681
f 33 681 682
f 682 683 33
f 33 683 684
f 33 684 660
f 660 684 685
f 660 685 676
f 664 686 663
f 663 686 687
f 663 687 675
f 667 688 689
f 494 690 495
f 495 690 691
f 495 691 663
f 663 691 692
f 663 692 693
f 672 661 667
f 667 661 663
f 667 663 688
f 688 663 693
f 689 694 667
f 667 694 498
f 667 498 695
f 695 498 497
f 695 497 696
f 696 497 48
f 696 48 466
f 466 48 486
f 466 486 464
f 181 697 177
f 177 697 442
f 177 442 171
f 171 442 447
f 171 447 448
f 698 699 700
f 700 699 701
f 700 701 702
f 702 701 180
f 703 704 180
f 180 704 705
f 180 705 702
f 698 706 699
f 699 706 707
f 699 707 25
f 25 707 708
f 25 708 709
f 709 710 25
f 25 710 711
f 25 711 26
f 26 711 712
f 26 712 713
f 714 715 131
f 131 715 716
f 131 716 717
f 717 718 131
f 131 718 719
f 131 719 180
f 180 719 720
f 180 720 703
f 713 721 26
f 26 721 722
f 26 722 131
f 131 722 723
f 131 723 714
f 124 123 21
f 21 123 724
f 21 724 19
f 125 725 123
f 123 725 104
f 123 104 726
f 726 104 103
f 726 103 727
f 727 103 53
f 727 53 412
f 412 53 418
f 412 418 413
f 728 729 76
f 76 729 730
f 76 730 731
f 732 73 733
f 733 73 76
f 733 76 734
f 734 76 731
f 732 735 73
f 73 735 736
f 73 736 737
f 737 736 738
f 738 739 737
f 737 739 740
f 737 740 741
f 741 740 742
f 741 742 743
f 743 744 741
f 741 744 745
f 741 745 249
f 249 745 746
f 746 747 249
f 249 747 748
f 249 748 246
f 246 748 749
f 246 749 750
f 750 751 246
f 246 751 752
f 246 752 753
f 754 755 15
f 754 15 756
f 756 15 344
f 344 15 14
f 344 14 260
f 260 14 65
f 260 65 261
f 755 757 15
f 15 757 330
f 15 330 758
f 758 330 332
f 758 332 759
f 759 332 58
f 759 58 304
f 304 58 316
f 304 316 302
f 224 5 67
f 67 5 760
f 67 760 9
f 9 760 761
f 9 761 7
f 6 762 763
f 4 6 764
f 764 6 763
f 764 763 765
f 765 766 764
f 764 766 767
f 764 767 768
f 768 767 769
f 600 770 771
f 772 773 607
f 607 773 774
f 607 774 600
f 600 774 775
f 600 775 770
f 769 776 768
f 768 776 777
f 768 777 607
f 607 777 778
f 607 778 772
f 779 780 273
f 273 780 781
f 781 782 273
f 273 782 783
f 273 783 222
f 222 783 784
f 784 785 222
f 222 785 786
f 222 786 6
f 6 786 787
f 6 787 762
f 788 789 663
f 663 789 790
f 663 790 791
f 792 793 794
f 794 793 795
f 794 795 796
f 796 797 794
f 794 797 798
f 794 798 3
f 3 798 799
f 3 799 1
f 32 800 33
f 33 800 801
f 33 801 663
f 663 801 802
f 663 802 788
f 753 728 246
f 246 728 76
f 246 76 264
f 264 76 90
f 264 90 351
f 351 90 353
f 24 803 804
f 803 24 805
f 805 24 135
f 805 135 806
f 804 807 24
f 24 807 808
f 24 808 809
f 19 22 20
f 20 22 24
f 20 24 810
f 810 24 809
f 811 812 135
f 135 812 813
f 135 813 806
f 810 814 20
f 20 814 815
f 20 815 816
f 817 818 21
f 21 818 819
f 21 819 820
f 820 821 21
f 21 821 822
f 21 822 135
f 135 822 823
f 135 823 811
f 816 824 20
f 20 824 825
f 20 825 21
f 21 825 826
f 21 826 817
f 771 779 600
f 600 779 273
f 600 273 592
f 592 273 199
f 592 199 617
f 617 199 201
f 116 126 109
f 109 126 21
f 109 21 433
f 433 21 135
f 433 135 158
f 158 135 131
f 158 131 156
f 156 131 185
f 513 496 514
f 514 496 495
f 514 495 794
f 794 495 663
f 794 663 792
f 792 663 791
f 827 828 3
f 829 830 794
f 831 832 35
f 35 832 833
f 833 834 35
f 35 834 835
f 35 835 3
f 3 835 836
f 3 836 827
f 828 837 3
f 3 837 838
f 3 838 794
f 794 838 839
f 794 839 829
f 830 840 794
f 794 840 841
f 794 841 842
f 648 843 844
f 520 512 518
f 518 512 514
f 518 514 648
f 648 514 794
f 648 794 843
f 843 794 842
f 844 845 648
f 648 845 846
f 648 846 847
f 847 848 648
f 648 848 849
f 648 849 35
f 35 849 850
f 35 850 831
f 851 852 853
f 854 855 856
f 857 858 859
f 860 861 862
f 863 864 865
f 866 867 868
f 869 870 871
f 872 873 874
f 875 876 877
f 878 879 880
f 881 882 883
f 884 885 886
f 886 885 887
f 888 889 890
f 891 852 892
f 893 894 895
f 896 897 864
f 898 899 900
f 901 902 903
f 904 905 906
f 907 908 909
f 909 908 910
f 909 910 904
f 904 910 911
f 904 911 905
f 906 912 904
f 904 912 913
f 904 913 914
f 914 913 915
f 915 916 914
f 914 916 917
f 914 917 918
f 918 917 919
f 918 919 903
f 903 919 920
f 903 920 901
f 921 922 903
f 923 924 909
f 909 924 925
f 909 925 907
f 926 927 928
f 921 903 929
f 929 903 902
f 929 902 930
f 930 902 928
f 928 902 931
f 928 931 926
f 932 933 934
f 934 933 935
f 936 937 938
f 938 939 936
f 936 939 940
f 936 940 876
f 927 932 928
f 928 932 934
f 928 934 941
f 941 934 942
f 940 943 876
f 876 943 944
f 876 944 945
f 945 946 876
f 876 946 947
f 876 947 877
f 877 947 948
f 877 948 949
f 950 951 934
f 934 951 952
f 934 952 942
f 953 954 952
f 952 954 955
f 952 955 942
f 949 956 877
f 877 956 957
f 877 957 953
f 953 957 958
f 953 958 954
f 959 960 879
f 961 878 962
f 962 878 963
f 962 963 964
f 964 963 965
f 961 966 878
f 878 966 967
f 878 967 968
f 960 969 879
f 879 969 970
f 879 970 971
f 971 970 972
f 971 972 973
f 968 974 878
f 878 974 975
f 878 975 879
f 879 975 976
f 879 976 959
f 977 978 979
f 979 980 971
f 979 978 981
f 973 982 971
f 971 982 983
f 971 983 979
f 979 983 984
f 979 984 977
f 978 985 981
f 981 985 986
f 981 986 963
f 963 986 987
f 963 987 965
f 988 989 990
f 989 988 991
f 991 988 861
f 991 861 992
f 993 994 995
f 995 994 996
f 995 996 997
f 997 998 995
f 995 998 999
f 995 999 900
f 900 999 1000
f 900 1000 898
f 990 1001 988
f 988 1001 1002
f 988 1002 1003
f 899 1004 1005
f 1005 1004 1006
f 1005 1006 1007
f 1007 1006 1008
f 1008 1009 1007
f 1007 1009 1010
f 1007 1010 860
f 1010 1011 860
f 860 1011 1012
f 860 1012 861
f 861 1012 1013
f 861 1013 992
f 1014 1015 1016
f 1017 1018 886
f 1019 1020 1021
f 1017 886 1022
f 1021 1023 1019
f 1019 1023 1024
f 1019 1024 886
f 886 1024 1025
f 886 1025 1022
f 1018 1026 886
f 886 1026 1027
f 886 1027 884
f 884 1027 1028
f 884 1028 1029
f 1029 1030 884
f 884 1030 1031
f 884 1031 1032
f 1031 1033 1032
f 1032 1033 1014
f 1032 1014 1034
f 1034 1014 1016
f 1034 1016 1035
f 1015 1036 1016
f 1016 1036 1037
f 1016 1037 988
f 988 1037 1038
f 1038 1039 988
f 988 1039 1040
f 988 1040 1041
f 1041 1040 1042
f 1043 1044 1045
f 1045 1044 1046
f 1047 1048 1049
f 1049 1048 1050
f 1049 1050 888
f 888 1050 1051
f 888 1051 1052
f 1053 1054 889
f 1052 1055 888
f 888 1055 1056
f 888 1056 889
f 889 1056 1057
f 889 1057 1053
f 1054 1058 889
f 889 1058 1059
f 889 1059 1060
f 1060 1059 1061
f 1060 1061 1062
f 1049 1063 1047
f 1047 1063 1045
f 1047 1045 1064
f 1064 1045 1046
f 1065 1066 1060
f 1067 1065 1068
f 1068 1065 1060
f 1068 1060 1069
f 1069 1060 1062
f 1070 1071 1072
f 1072 1071 1065
f 1072 1065 1073
f 1073 1065 1067
f 1074 1075 1076
f 1076 1075 1077
f 1076 1077 1078
f 1074 1079 1075
f 1075 1079 1080
f 1075 1080 1081
f 1082 1083 1071
f 1081 1084 1075
f 1075 1084 1085
f 1075 1085 1071
f 1071 1085 1086
f 1071 1086 1082
f 1087 1088 1089
f 1089 1088 1071
f 1089 1071 1090
f 1090 1071 1083
f 1087 1091 1088
f 1088 1091 1092
f 1088 1092 1093
f 1093 1092 1094
f 1093 1094 1095
f 1096 1097 1098
f 1098 1097 1093
f 1098 1093 1099
f 1099 1093 1095
f 1096 1100 1097
f 1097 1100 1101
f 1097 1101 1077
f 1077 1101 1102
f 1077 1102 1078
f 1103 1104 1105
f 1105 1104 1106
f 1107 1108 1109
f 1109 1108 1110
f 1106 1111 1105
f 1105 1111 1112
f 1105 1112 1113
f 1113 1112 1114
f 1113 1114 1115
f 1115 1116 1113
f 1113 1116 1117
f 1113 1117 1118
f 1119 1120 1121
f 1121 1122 1119
f 1119 1122 1123
f 1119 1123 1124
f 1124 1123 1125
f 1124 1125 1126
f 1127 1128 1129
f 1127 1130 1128
f 1128 1130 1131
f 1128 1131 1132
f 1132 1133 1128
f 1128 1133 1103
f 1128 1103 1134
f 1134 1103 1105
f 1134 1105 1135
f 1135 1105 1113
f 1136 1137 1138
f 1138 1137 1139
f 1138 1139 1140
f 1141 1142 1143
f 1143 1142 1144
f 1143 1144 1145
f 1145 1144 1146
f 1141 1147 1142
f 1142 1147 1148
f 1142 1148 1149
f 1149 1148 1150
f 1151 853 1152
f 1152 853 1153
f 1154 1155 891
f 1156 1157 852
f 1155 1158 891
f 891 1158 1159
f 891 1159 852
f 852 1159 1160
f 852 1160 1156
f 1142 1161 1144
f 1144 1161 1162
f 1144 1162 1163
f 1163 1162 1164
f 1163 1164 1165
f 1165 1164 1166
f 1165 1166 891
f 891 1166 1167
f 891 1167 1154
f 1157 1168 852
f 852 1168 1169
f 852 1169 853
f 853 1169 1170
f 853 1170 1153
f 1171 1172 1173
f 1173 1172 1174
f 1173 1174 1144
f 1144 1174 1175
f 1144 1175 1146
f 1176 1177 1178
f 1178 1177 1179
f 1178 1179 1180
f 1180 1179 1138
f 1180 1138 1150
f 1150 1138 1140
f 1150 1140 1149
f 1176 1181 1177
f 1177 1181 1182
f 1177 1182 1183
f 1183 1182 1184
f 1184 1185 1183
f 1183 1185 1186
f 1183 1186 1187
f 1187 1186 1188
f 1187 1188 1189
f 1189 1190 1187
f 1187 1190 1191
f 1187 1191 1173
f 1173 1191 1192
f 1173 1192 1171
f 1193 1194 1195
f 1196 1197 1198
f 1199 1200 1201
f 1194 1193 1202
f 1202 1193 1203
f 1202 1203 1204
f 1201 1205 1199
f 1199 1205 1206
f 1199 1206 1207
f 1207 1206 1208
f 1207 1208 1209
f 1209 1210 1207
f 1207 1210 1211
f 1207 1211 1203
f 1203 1211 1212
f 1203 1212 1204
f 1197 1213 1198
f 1198 1213 1214
f 1198 1214 1215
f 1215 1214 1216
f 1215 1216 1217
f 1200 1199 1218
f 1218 1199 895
f 1218 895 1219
f 1217 1220 1215
f 1215 1220 1221
f 1215 1221 895
f 895 1221 1222
f 895 1222 1219
f 1223 1224 1225
f 1225 1224 1198
f 1225 1198 1226
f 1227 1228 1229
f 1230 1231 1232
f 1233 1234 1215
f 1215 1234 1235
f 1215 1235 1198
f 1198 1235 1236
f 1198 1236 1226
f 1237 1238 871
f 1238 1239 871
f 871 1239 1240
f 871 1240 1241
f 1241 1242 1232
f 1232 1231 1215
f 1215 1231 1243
f 1215 1243 1233
f 1229 1244 1227
f 1227 1244 1245
f 1227 1245 871
f 871 1245 1246
f 871 1246 1237
f 1242 1247 1232
f 1232 1247 1248
f 1232 1248 1230
f 1249 1250 873
f 1251 1252 1253
f 1250 1254 873
f 873 1254 1255
f 873 1255 1256
f 1256 1255 1257
f 1256 1257 1258
f 1252 1259 1253
f 1253 1259 1260
f 1253 1260 872
f 872 1260 1261
f 872 1261 1262
f 1262 1263 872
f 872 1263 1264
f 872 1264 873
f 873 1264 1265
f 873 1265 1249
f 1266 1267 1268
f 1268 1267 1251
f 863 1269 1270
f 1258 1271 1256
f 1256 1271 1272
f 1256 1272 1273
f 1273 1272 1274
f 1273 1274 863
f 863 1274 1275
f 863 1275 1269
f 1276 1277 1278
f 1278 1277 1279
f 1280 1281 1282
f 897 1283 864
f 864 1283 1284
f 864 1284 865
f 865 1284 1285
f 865 1285 1286
f 1286 1287 865
f 865 1287 1288
f 865 1288 1280
f 1280 1288 1289
f 1280 1289 1281
f 1282 1290 1280
f 1280 1290 1291
f 1280 1291 1278
f 1278 1291 1292
f 1278 1292 1276
f 1293 1294 950
f 950 1294 1295
f 1295 1296 950
f 950 1296 1297
f 950 1297 1268
f 1268 1297 1298
f 1268 1298 1299
f 1299 896 1268
f 1268 896 864
f 1268 864 1266
f 1266 864 863
f 1266 863 1300
f 1300 863 1270
f 1301 1302 852
f 1303 1304 855
f 1302 1305 852
f 852 1305 1306
f 852 1306 892
f 1307 1308 1309
f 856 1310 1311
f 1311 1310 1312
f 855 1304 856
f 856 1304 1313
f 856 1313 1310
f 1312 1314 1311
f 1311 1314 1315
f 1311 1315 851
f 851 1315 1316
f 851 1316 852
f 852 1316 1317
f 852 1317 1301
f 1306 1318 892
f 892 1318 1319
f 892 1319 1320
f 1321 1322 855
f 1322 1323 855
f 855 1323 1324
f 855 1324 1303
f 1319 1325 1320
f 1320 1325 1326
f 1320 1326 1307
f 1307 1326 1327
f 1307 1327 1308
f 1328 1329 1135
f 1330 1331 1332
f 1332 1331 1333
f 1332 1333 1334
f 1334 1333 1335
f 1336 1337 1113
f 1113 1337 1338
f 1309 1321 1307
f 1307 1321 855
f 1307 855 1333
f 1333 855 1339
f 1333 1339 1335
f 1340 1336 1341
f 1341 1336 1113
f 1341 1113 1119
f 1119 1113 1118
f 1119 1118 1120
f 1330 1342 1331
f 1331 1342 1343
f 1331 1343 1341
f 1341 1343 1344
f 1341 1344 1340
f 1329 1345 1135
f 1135 1345 1346
f 1135 1346 854
f 854 1346 1347
f 854 1347 1348
f 1348 1349 854
f 854 1349 1350
f 854 1350 855
f 855 1350 1351
f 855 1351 1339
f 1338 1352 1113
f 1113 1352 1353
f 1113 1353 1135
f 1135 1353 1354
f 1135 1354 1328
f 1063 1355 1045
f 1045 1355 1356
f 1045 1356 1357
f 1357 1356 1358
f 1357 1358 1109
f 1109 1358 1124
f 1109 1124 1107
f 1107 1124 1126
f 1359 1360 1361
f 1361 1360 1362
f 1361 1362 1363
f 1364 1365 859
f 859 1365 1366
f 859 1366 1367
f 1367 1366 1368
f 1369 1370 858
f 858 1370 1371
f 858 1371 1372
f 1372 1373 858
f 858 1373 1374
f 858 1374 859
f 859 1374 1375
f 859 1375 1364
f 1368 1376 1367
f 1367 1376 1377
f 1367 1377 1378
f 889 1379 1380
f 1363 1362 1381
f 1381 1362 890
f 1381 890 1382
f 1380 1383 889
f 889 1383 1384
f 889 1384 890
f 890 1384 1385
f 890 1385 1382
f 1386 886 1387
f 1387 886 887
f 1387 887 1388
f 1389 1390 1391
f 1392 1393 1394
f 1393 1395 1394
f 1394 1395 1396
f 1394 1396 1397
f 1397 1396 1398
f 1397 1398 1399
f 1359 1369 1360
f 1360 1369 858
f 1360 858 1391
f 1391 858 1400
f 1391 1400 1389
f 1390 1401 1391
f 1391 1401 1402
f 1391 1402 887
f 887 1402 1403
f 887 1403 1388
f 1386 1404 886
f 886 1404 1405
f 886 1405 1406
f 1407 857 1408
f 1408 857 1397
f 1408 1397 1409
f 1409 1397 1399
f 1407 1410 857
f 857 1410 1411
f 857 1411 858
f 858 1411 1412
f 858 1412 1400
f 1413 1414 1415
f 1415 1414 1416
f 1415 1416 1417
f 1418 1419 879
f 879 1419 1420
f 879 1420 1421
f 1422 1423 1415
f 1423 1424 1415
f 1415 1424 1425
f 1415 1425 1413
f 880 879 1426
f 1426 879 1421
f 1426 1421 1427
f 1427 1421 1428
f 1427 1428 1429
f 1414 1430 1416
f 1416 1430 1431
f 1416 1431 1432
f 1432 1431 1433
f 1434 1435 1436
f 1436 1435 1437
f 1438 1439 879
f 879 1439 1440
f 879 1440 1418
f 1433 1441 1432
f 1432 1441 1442
f 1432 1442 1435
f 1435 1442 1443
f 1435 1443 1437
f 1444 1445 1446
f 1446 1445 1447
f 1446 1447 1448
f 1449 1450 876
f 1451 1452 875
f 1429 1422 1427
f 1427 1422 1415
f 1427 1415 1453
f 1453 1415 1454
f 1453 1454 1455
f 1450 1444 876
f 876 1444 1446
f 876 1446 936
f 936 1446 1456
f 936 1456 937
f 937 1456 903
f 937 903 1457
f 1457 903 922
f 875 1452 876
f 876 1452 1458
f 876 1458 1449
f 1448 1459 1446
f 1446 1459 1460
f 1446 1460 1417
f 1417 1460 1461
f 1417 1461 1462
f 1462 1463 1417
f 1417 1463 1464
f 1417 1464 1415
f 1415 1464 1465
f 1415 1465 1454
f 1455 1466 1453
f 1453 1466 1467
f 1453 1467 1468
f 1468 1467 1469
f 1469 1470 1468
f 1468 1470 1471
f 1468 1471 875
f 875 1471 1472
f 875 1472 1451
f 1251 1253 1268
f 1268 1253 1473
f 1268 1473 950
f 950 1473 1474
f 950 1474 951
f 874 1475 1476
f 1477 1478 1479
f 1479 1478 1480
f 874 1476 1481
f 1482 1483 1484
f 1484 1483 1481
f 1484 1481 1485
f 1485 1481 1476
f 1486 1487 867
f 867 1487 1488
f 867 1488 1489
f 873 1490 1491
f 1489 1492 867
f 867 1492 1493
f 867 1493 868
f 868 1493 1494
f 868 1494 1495
f 1495 1496 868
f 868 1496 1497
f 868 1497 1479
f 1479 1497 1498
f 1479 1498 1477
f 1491 1499 873
f 873 1499 1500
f 873 1500 874
f 874 1500 1501
f 874 1501 1475
f 1241 1232 871
f 871 1232 1502
f 871 1502 869
f 1503 1504 871
f 871 1504 1505
f 871 1505 1506
f 1507 1508 1509
f 1510 1511 1512
f 1512 1511 1513
f 1512 1513 866
f 866 1513 1514
f 1515 1516 870
f 870 1516 1517
f 870 1517 871
f 871 1517 1518
f 871 1518 1503
f 1508 1519 1509
f 1509 1519 1520
f 1509 1520 1512
f 1512 1520 1521
f 1512 1521 1510
f 1482 1486 1483
f 1483 1486 867
f 1483 867 870
f 870 867 1522
f 870 1522 1523
f 1523 1524 870
f 870 1524 1525
f 870 1525 1515
f 1514 1526 866
f 866 1526 1527
f 866 1527 867
f 867 1527 1528
f 867 1528 1522
f 895 894 1215
f 1215 894 1529
f 1215 1529 1232
f 1530 1531 1173
f 1531 1532 1173
f 1173 1532 1533
f 1173 1533 1534
f 1535 1536 1199
f 1534 1537 1173
f 1173 1537 1538
f 1173 1538 1187
f 1187 1538 1539
f 1187 1539 1540
f 1540 1541 1187
f 1187 1541 1542
f 1187 1542 1543
f 1543 1542 1544
f 1544 1545 1543
f 1543 1545 1546
f 1543 1546 1207
f 1207 1546 1547
f 1207 1547 1548
f 1548 1549 1207
f 1207 1549 1550
f 1207 1550 1199
f 1199 1550 1551
f 1199 1551 1552
f 1552 1553 1199
f 1199 1553 1554
f 1199 1554 1535
f 1195 1196 1193
f 1193 1196 1198
f 1193 1198 1555
f 1555 1198 1224
f 1223 1556 1224
f 1224 1556 1228
f 1224 1228 1557
f 1557 1228 1227
f 1557 1227 1558
f 1558 1227 871
f 1558 871 1509
f 1509 871 1506
f 1509 1506 1507
f 1273 1559 1256
f 1256 1559 1479
f 1256 1479 873
f 873 1479 1480
f 873 1480 1490
f 1560 1561 1562
f 1562 1561 1563
f 1562 1563 1564
f 1564 1563 1565
f 1566 1567 904
f 1568 1569 909
f 909 1569 1570
f 904 1567 909
f 909 1567 1571
f 909 1571 1568
f 1570 1572 909
f 909 1572 1573
f 909 1573 1278
f 1560 1574 1561
f 1561 1574 1575
f 1561 1575 904
f 904 1575 1576
f 904 1576 1566
f 1573 1577 1278
f 1278 1577 1578
f 1278 1578 1579
f 1580 1280 1581
f 1581 1280 1278
f 1581 1278 1582
f 1582 1278 1579
f 1580 1583 1280
f 1280 1583 1584
f 1280 1584 1563
f 1563 1584 1585
f 1563 1585 1565
f 980 1586 971
f 971 1586 1435
f 971 1435 879
f 879 1435 1434
f 879 1434 1438
f 899 1005 900
f 900 1005 1587
f 900 1587 1588
f 1588 1587 1589
f 1588 1589 981
f 981 1589 1590
f 981 1590 979
f 1591 1592 988
f 988 1593 861
f 861 1593 1594
f 861 1594 1595
f 1592 1596 988
f 988 1596 1597
f 988 1597 1593
f 1598 1599 1600
f 1600 1599 862
f 1600 862 1601
f 1601 862 1602
f 1595 1603 861
f 861 1603 1604
f 861 1604 862
f 862 1604 1605
f 862 1605 1602
f 1606 1041 1607
f 1607 1041 1608
f 1607 1608 1609
f 1609 1608 1599
f 1609 1599 1610
f 1610 1599 1598
f 1606 1611 1041
f 1041 1611 1612
f 1041 1612 1613
f 1613 1614 1041
f 1041 1614 1615
f 1041 1615 988
f 988 1615 1616
f 988 1616 1591
f 1042 1617 1041
f 1041 1617 1020
f 1041 1020 1618
f 1618 1020 1019
f 1618 1019 1619
f 1619 1019 886
f 1619 886 1394
f 1394 886 1406
f 1394 1406 1392
f 1066 1620 1060
f 1060 1620 1367
f 1060 1367 889
f 889 1367 1378
f 889 1378 1379
f 1621 1622 1065
f 1623 1624 1071
f 1071 1624 1625
f 1071 1625 1065
f 1065 1625 1626
f 1065 1626 1621
f 1071 1627 1628
f 1622 1629 1065
f 1065 1629 1630
f 1065 1630 1631
f 1628 1632 1071
f 1071 1632 1633
f 1071 1633 1623
f 1630 1634 1631
f 1631 1634 1635
f 1631 1635 1636
f 1636 1635 1637
f 1638 1639 1088
f 1627 1071 1640
f 1640 1071 1088
f 1640 1088 1641
f 1639 1642 1088
f 1088 1642 1643
f 1088 1643 1641
f 1637 1644 1636
f 1636 1644 1645
f 1636 1645 1646
f 1646 1638 1636
f 1636 1638 1088
f 1636 1088 1647
f 1647 1088 1093
f 1129 1128 1648
f 1648 1128 1649
f 1648 1649 1077
f 1077 1649 1650
f 1077 1650 1097
f 1136 1138 1151
f 1151 1138 1651
f 1151 1651 853
f 853 1651 1652
f 853 1652 851
f 1653 1654 1075
f 1655 1656 1077
f 1077 1656 1657
f 1658 1659 1648
f 1660 1661 1129
f 1129 1661 1662
f 1129 1662 1663
f 1075 1654 1077
f 1077 1654 1664
f 1077 1664 1655
f 1657 1665 1077
f 1077 1665 1666
f 1077 1666 1648
f 1648 1666 1667
f 1648 1667 1658
f 1659 1668 1648
f 1648 1668 1669
f 1648 1669 1129
f 1129 1669 1670
f 1129 1670 1660
f 1671 1672 1075
f 1075 1672 1673
f 1075 1673 1653
f 1663 1674 1129
f 1129 1674 1675
f 1129 1675 1075
f 1075 1675 1676
f 1075 1676 1671
f 1070 1043 1071
f 1071 1043 1045
f 1071 1045 1075
f 1075 1045 1357
f 1075 1357 1129
f 1129 1357 1109
f 1129 1109 1127
f 1127 1109 1110
f 1163 893 1144
f 1144 893 895
f 1144 895 1173
f 1173 895 1199
f 1173 1199 1530
f 1530 1199 1536
f 1003 993 988
f 988 993 995
f 988 995 1016
f 1016 995 883
f 1016 883 1035
f 1035 883 882
f 1677 1678 900
f 1679 1680 1588
f 1679 1588 1681
f 981 1682 1683
f 1684 1685 981
f 981 1685 1686
f 981 1686 1588
f 1588 1686 1687
f 1588 1687 1681
f 1680 1688 1588
f 1588 1688 1689
f 1588 1689 900
f 900 1689 1690
f 900 1690 1677
f 995 1691 1692
f 1683 1693 981
f 981 1693 1694
f 981 1694 1684
f 1678 1695 900
f 900 1695 1696
f 900 1696 995
f 995 1696 1697
f 995 1697 1691
f 1692 1698 995
f 995 1698 1699
f 995 1699 1700
f 878 881 963
f 963 881 883
f 963 883 981
f 981 883 995
f 981 995 1682
f 1682 995 1700
f 935 923 934
f 934 923 909
f 934 909 950
f 950 909 1278
f 950 1278 1293
f 1293 1278 1279
f 442 697 1619
f 1619 697 1618
f 1618 697 181
f 1618 181 1041
f 1041 181 180
f 1041 180 1608
f 1619 1394 442
f 442 1394 1397
f 442 1397 438
f 438 1397 857
f 438 857 30
f 30 857 28
f 28 857 859
f 28 859 466
f 859 1367 466
f 466 1367 1620
f 466 1620 696
f 696 1620 695
f 695 1620 1066
f 695 1066 667
f 667 1066 1065
f 667 1065 665
f 1065 1631 665
f 665 1631 1636
f 665 1636 660
f 660 1636 1647
f 660 1647 659
f 659 1647 1093
f 659 1093 650
f 650 1093 1097
f 650 1097 654
f 654 1097 1650
f 654 1650 653
f 653 1650 1649
f 653 1649 36
f 36 1649 1128
f 36 1128 34
f 34 1128 1134
f 34 1134 37
f 37 1134 1135
f 37 1135 38
f 38 1135 854
f 38 854 43
f 43 854 41
f 41 854 856
f 41 856 569
f 856 1311 569
f 569 1311 851
f 569 851 582
f 582 851 639
f 639 851 1652
f 639 1652 638
f 638 1652 1651
f 638 1651 194
f 194 1651 1138
f 194 1138 634
f 1138 1179 634
f 634 1179 1177
f 634 1177 629
f 629 1177 1183
f 629 1183 625
f 625 1183 1187
f 625 1187 590
f 590 1187 1543
f 590 1543 612
f 612 1543 1207
f 612 1207 607
f 607 1207 1203
f 607 1203 768
f 768 1203 1193
f 768 1193 764
f 764 1193 1555
f 764 1555 4
f 4 1555 5
f 5 1555 1224
f 5 1224 760
f 760 1224 1557
f 760 1557 761
f 761 1557 1558
f 761 1558 7
f 1558 1509 7
f 7 1509 1512
f 7 1512 286
f 286 1512 866
f 286 866 12
f 12 866 10
f 10 866 868
f 10 868 304
f 868 1479 304
f 304 1479 1559
f 304 1559 759
f 759 1559 758
f 758 1559 1273
f 758 1273 15
f 1273 863 15
f 15 863 865
f 15 865 13
f 13 865 1280
f 13 1280 249
f 249 1280 1563
f 249 1563 741
f 741 1563 1561
f 741 1561 737
f 737 1561 904
f 737 904 73
f 73 904 914
f 73 914 70
f 70 914 918
f 70 918 82
f 82 918 80
f 80 918 903
f 80 903 388
f 903 1456 388
f 388 1456 1446
f 388 1446 385
f 385 1446 1417
f 385 1417 18
f 18 1417 16
f 16 1417 1416
f 16 1416 405
f 1416 1432 405
f 405 1432 1435
f 405 1435 412
f 412 1435 727
f 727 1435 1586
f 727 1586 726
f 726 1586 980
f 726 980 123
f 123 980 979
f 123 979 724
f 180 701 1608
f 1608 701 699
f 1608 699 1599
f 1599 699 25
f 1599 25 862
f 862 25 27
f 862 27 860
f 860 27 147
f 860 147 1007
f 1007 147 23
f 1007 23 1005
f 1005 23 22
f 1005 22 1587
f 1587 22 19
f 1587 19 1589
f 1589 19 724
f 1589 724 1590
f 1590 724 979
f 432 1035 434
f 434 1035 882
f 434 882 435
f 435 882 881
f 435 881 54
f 54 881 878
f 54 878 52
f 52 878 880
f 52 880 408
f 408 880 1426
f 408 1426 56
f 56 1426 1427
f 56 1427 55
f 55 1427 1453
f 55 1453 379
f 379 1453 1468
f 379 1468 393
f 393 1468 875
f 393 875 360
f 360 875 877
f 360 877 355
f 355 877 953
f 355 953 352
f 352 953 952
f 352 952 353
f 353 952 951
f 353 951 351
f 351 951 1474
f 351 1474 350
f 350 1474 1473
f 350 1473 347
f 347 1473 1253
f 347 1253 59
f 59 1253 872
f 59 872 57
f 57 872 874
f 57 874 305
f 305 874 1481
f 305 1481 61
f 61 1481 1483
f 61 1483 60
f 60 1483 870
f 60 870 277
f 277 870 869
f 277 869 63
f 63 869 1502
f 63 1502 62
f 62 1502 1232
f 62 1232 275
f 275 1232 1529
f 275 1529 274
f 274 1529 894
f 274 894 272
f 272 894 893
f 272 893 271
f 271 893 1163
f 271 1163 217
f 217 1163 1165
f 217 1165 46
f 46 1165 891
f 46 891 44
f 44 891 892
f 44 892 577
f 577 892 1320
f 577 1320 546
f 546 1320 1307
f 546 1307 545
f 545 1307 1333
f 545 1333 549
f 549 1333 1331
f 549 1331 541
f 541 1331 1341
f 541 1341 517
f 517 1341 1119
f 517 1119 520
f 520 1119 1124
f 520 1124 512
f 512 1124 1358
f 512 1358 513
f 513 1358 1356
f 513 1356 496
f 496 1356 1355
f 496 1355 491
f 491 1355 1063
f 491 1063 493
f 493 1063 1049
f 493 1049 49
f 49 1049 888
f 49 888 47
f 47 888 890
f 47 890 469
f 469 890 1362
f 469 1362 51
f 51 1362 1360
f 51 1360 50
f 50 1360 1391
f 50 1391 436
f 436 1391 887
f 436 887 437
f 437 887 885
f 437 885 165
f 165 885 884
f 165 884 163
f 163 884 1032
f 163 1032 162
f 162 1032 1034
f 162 1034 432
f 432 1034 1035
f 732 1567 735
f 735 1567 1566
f 735 1566 736
f 736 1566 1576
f 736 1576 738
f 738 1576 1575
f 738 1575 739
f 739 1575 1574
f 739 1574 740
f 740 1574 1560
f 740 1560 742
f 742 1560 1562
f 742 1562 743
f 743 1562 1564
f 743 1564 744
f 744 1564 1565
f 744 1565 745
f 745 1565 1585
f 745 1585 746
f 746 1585 1584
f 746 1584 747
f 747 1584 1583
f 747 1583 748
f 748 1583 1580
f 748 1580 749
f 749 1580 1581
f 749 1581 750
f 750 1581 1582
f 750 1582 751
f 751 1582 1579
f 751 1579 752
f 752 1579 1578
f 752 1578 753
f 753 1578 1577
f 753 1577 728
f 728 1577 1573
f 728 1573 729
f 729 1573 1572
f 729 1572 730
f 730 1572 1570
f 730 1570 731
f 731 1570 1569
f 731 1569 734
f 734 1569 1568
f 734 1568 733
f 733 1568 1571
f 733 1571 732
f 732 1571 1567
f 245 1277 254
f 254 1277 1276
f 254 1276 255
f 255 1276 1292
f 255 1292 256
f 256 1292 1291
f 256 1291 247
f 247 1291 1290
f 247 1290 248
f 248 1290 1282
f 248 1282 250
f 250 1282 1281
f 250 1281 251
f 251 1281 1289
f 251 1289 252
f 252 1289 1288
f 252 1288 253
f 253 1288 1287
f 253 1287 257
f 257 1287 1286
f 257 1286 258
f 258 1286 1285
f 258 1285 259
f 259 1285 1284
f 259 1284 64
f 64 1284 1283
f 64 1283 65
f 65 1283 897
f 65 897 261
f 261 897 896
f 261 896 262
f 262 896 1299
f 262 1299 266
f 266 1299 1298
f 266 1298 265
f 265 1298 1297
f 265 1297 263
f 263 1297 1296
f 263 1296 267
f 267 1296 1295
f 267 1295 268
f 268 1295 1294
f 268 1294 269
f 269 1294 1293
f 269 1293 244
f 244 1293 1279
f 244 1279 245
f 245 1279 1277
f 341 1252 342
f 342 1252 1251
f 342 1251 343
f 343 1251 1267
f 343 1267 344
f 344 1267 1266
f 344 1266 756
f 756 1266 1300
f 756 1300 754
f 754 1300 1270
f 754 1270 755
f 755 1270 1269
f 755 1269 757
f 757 1269 1275
f 757 1275 330
f 330 1275 1274
f 330 1274 331
f 331 1274 1272
f 331 1272 333
f 333 1272 1271
f 333 1271 338
f 338 1271 1258
f 338 1258 339
f 339 1258 1257
f 339 1257 340
f 340 1257 1255
f 340 1255 328
f 328 1255 1254
f 328 1254 329
f 329 1254 1250
f 329 1250 334
f 334 1250 1249
f 334 1249 335
f 335 1249 1265
f 335 1265 336
f 336 1265 1264
f 336 1264 337
f 337 1264 1263
f 337 1263 345
f 345 1263 1262
f 345 1262 346
f 346 1262 1261
f 346 1261 348
f 348 1261 1260
f 348 1260 349
f 349 1260 1259
f 349 1259 341
f 341 1259 1252
f 326 1501 327
f 327 1501 1500
f 327 1500 318
f 318 1500 1499
f 318 1499 317
f 317 1499 1491
f 317 1491 316
f 316 1491 1490
f 316 1490 302
f 302 1490 1480
f 302 1480 303
f 303 1480 1478
f 303 1478 307
f 307 1478 1477
f 307 1477 308
f 308 1477 1498
f 308 1498 309
f 309 1498 1497
f 309 1497 310
f 310 1497 1496
f 310 1496 319
f 319 1496 1495
f 319 1495 320
f 320 1495 1494
f 320 1494 321
f 321 1494 1493
f 321 1493 311
f 311 1493 1492
f 311 1492 312
f 312 1492 1489
f 312 1489 322
f 322 1489 1488
f 322 1488 323
f 323 1488 1487
f 323 1487 324
f 324 1487 1486
f 324 1486 306
f 306 1486 1482
f 306 1482 313
f 313 1482 1484
f 313 1484 314
f 314 1484 1485
f 314 1485 315
f 315 1485 1476
f 315 1476 325
f 325 1476 1475
f 325 1475 326
f 326 1475 1501
f 296 1524 297
f 297 1524 1523
f 297 1523 299
f 299 1523 1522
f 299 1522 300
f 300 1522 1528
f 300 1528 301
f 301 1528 1527
f 301 1527 290
f 290 1527 1526
f 290 1526 291
f 291 1526 1514
f 291 1514 298
f 298 1514 1513
f 298 1513 284
f 284 1513 1511
f 284 1511 285
f 285 1511 1510
f 285 1510 287
f 287 1510 1521
f 287 1521 288
f 288 1521 1520
f 288 1520 289
f 289 1520 1519
f 289 1519 279
f 279 1519 1508
f 279 1508 280
f 280 1508 1507
f 280 1507 281
f 281 1507 1506
f 281 1506 282
f 282 1506 1505
f 282 1505 283
f 283 1505 1504
f 283 1504 278
f 278 1504 1503
f 278 1503 276
f 276 1503 1518
f 276 1518 292
f 292 1518 1517
f 292 1517 293
f 293 1517 1516
f 293 1516 294
f 294 1516 1515
f 294 1515 295
f 295 1515 1525
f 295 1525 296
f 296 1525 1524
f 239 1241 240
f 240 1241 1240
f 240 1240 232
f 232 1240 1239
f 232 1239 233
f 233 1239 1238
f 233 1238 241
f 241 1238 1237
f 241 1237 242
f 242 1237 1246
f 242 1246 243
f 243 1246 1245
f 243 1245 228
f 228 1245 1244
f 228 1244 66
f 66 1244 1229
f 66 1229 67
f 67 1229 1228
f 67 1228 224
f 224 1228 1556
f 224 1556 225
f 225 1556 1223
f 225 1223 226
f 226 1223 1225
f 226 1225 227
f 227 1225 1226
f 227 1226 223
f 223 1226 1236
f 223 1236 221
f 221 1236 1235
f 221 1235 229
f 229 1235 1234
f 229 1234 230
f 230 1234 1233
f 230 1233 231
f 231 1233 1243
f 231 1243 234
f 234 1243 1231
f 234 1231 235
f 235 1231 1230
f 235 1230 236
f 236 1230 1248
f 236 1248 237
f 237 1248 1247
f 237 1247 238
f 238 1247 1242
f 238 1242 239
f 239 1242 1241
f 783 1221 784
f 784 1221 1220
f 784 1220 785
f 785 1220 1217
f 785 1217 786
f 786 1217 1216
f 786 1216 787
f 787 1216 1214
f 787 1214 762
f 762 1214 1213
f 762 1213 763
f 763 1213 1197
f 763 1197 765
f 765 1197 1196
f 765 1196 766
f 766 1196 1195
f 766 1195 767
f 767 1195 1194
f 767 1194 769
f 769 1194 1202
f 769 1202 776
f 776 1202 1204
f 776 1204 777
f 777 1204 1212
f 777 1212 778
f 778 1212 1211
f 778 1211 772
f 772 1211 1210
f 772 1210 773
f 773 1210 1209
f 773 1209 774
f 774 1209 1208
f 774 1208 775
f 775 1208 1206
f 775 1206 770
f 770 1206 1205
f 770 1205 771
f 771 1205 1201
f 771 1201 779
f 779 1201 1200
f 779 1200 780
f 780 1200 1218
f 780 1218 781
f 781 1218 1219
f 781 1219 782
f 782 1219 1222
f 782 1222 783
f 783 1222 1221
f 603 1530 604
f 604 1530 1536
f 604 1536 598
f 598 1536 1535
f 598 1535 599
f 599 1535 1554
f 599 1554 601
f 601 1554 1553
f 601 1553 605
f 605 1553 1552
f 605 1552 606
f 606 1552 1551
f 606 1551 608
f 608 1551 1550
f 608 1550 609
f 609 1550 1549
f 609 1549 610
f 610 1549 1548
f 610 1548 611
f 611 1548 1547
f 611 1547 613
f 613 1547 1546
f 613 1546 614
f 614 1546 1545
f 614 1545 615
f 615 1545 1544
f 615 1544 616
f 616 1544 1542
f 616 1542 588
f 588 1542 1541
f 588 1541 589
f 589 1541 1540
f 589 1540 591
f 591 1540 1539
f 591 1539 593
f 593 1539 1538
f 593 1538 594
f 594 1538 1537
f 594 1537 595
f 595 1537 1534
f 595 1534 596
f 596 1534 1533
f 596 1533 597
f 597 1533 1532
f 597 1532 602
f 602 1532 1531
f 602 1531 603
f 603 1531 1530
f 198 1143 200
f 200 1143 1145
f 200 1145 201
f 201 1145 1146
f 201 1146 617
f 617 1146 1175
f 617 1175 618
f 618 1175 1174
f 618 1174 619
f 619 1174 1172
f 619 1172 620
f 620 1172 1171
f 620 1171 621
f 621 1171 1192
f 621 1192 622
f 622 1192 1191
f 622 1191 623
f 623 1191 1190
f 623 1190 627
f 627 1190 1189
f 627 1189 626
f 626 1189 1188
f 626 1188 624
f 624 1188 1186
f 624 1186 631
f 631 1186 1185
f 631 1185 630
f 630 1185 1184
f 630 1184 628
f 628 1184 1182
f 628 1182 632
f 632 1182 1181
f 632 1181 633
f 633 1181 1176
f 633 1176 635
f 635 1176 1178
f 635 1178 636
f 636 1178 1180
f 636 1180 188
f 188 1180 1150
f 188 1150 189
f 189 1150 1148
f 189 1148 191
f 191 1148 1147
f 191 1147 197
f 197 1147 1141
f 197 1141 198
f 198 1141 1143
f 209 1159 210
f 210 1159 1158
f 210 1158 211
f 211 1158 1155
f 211 1155 215
f 215 1155 1154
f 215 1154 216
f 216 1154 1167
f 216 1167 270
f 270 1167 1166
f 270 1166 212
f 212 1166 1164
f 212 1164 213
f 213 1164 1162
f 213 1162 214
f 214 1162 1161
f 214 1161 190
f 190 1161 1142
f 190 1142 192
f 192 1142 1149
f 192 1149 193
f 193 1149 1140
f 193 1140 195
f 195 1140 1139
f 195 1139 196
f 196 1139 1137
f 196 1137 637
f 637 1137 1136
f 637 1136 203
f 203 1136 1151
f 203 1151 204
f 204 1151 1152
f 204 1152 218
f 218 1152 1153
f 218 1153 219
f 219 1153 1170
f 219 1170 220
f 220 1170 1169
f 220 1169 205
f 205 1169 1168
f 205 1168 206
f 206 1168 1157
f 206 1157 207
f 207 1157 1156
f 207 1156 208
f 208 1156 1160
f 208 1160 209
f 209 1160 1159
f 573 1321 574
f 574 1321 1309
f 574 1309 575
f 575 1309 1308
f 575 1308 576
f 576 1308 1327
f 576 1327 578
f 578 1327 1326
f 578 1326 566
f 566 1326 1325
f 566 1325 567
f 567 1325 1319
f 567 1319 579
f 579 1319 1318
f 579 1318 580
f 580 1318 1306
f 580 1306 581
f 581 1306 1305
f 581 1305 583
f 583 1305 1302
f 583 1302 584
f 584 1302 1301
f 584 1301 585
f 585 1301 1317
f 585 1317 586
f 586 1317 1316
f 586 1316 587
f 587 1316 1315
f 587 1315 570
f 570 1315 1314
f 570 1314 568
f 568 1314 1312
f 568 1312 561
f 561 1312 1310
f 561 1310 562
f 562 1310 1313
f 562 1313 565
f 565 1313 1304
f 565 1304 563
f 563 1304 1303
f 563 1303 564
f 564 1303 1324
f 564 1324 571
f 571 1324 1323
f 571 1323 572
f 572 1323 1322
f 572 1322 573
f 573 1322 1321
f 542 1336 547
f 547 1336 1340
f 547 1340 548
f 548 1340 1344
f 548 1344 550
f 550 1344 1343
f 550 1343 551
f 551 1343 1342
f 551 1342 552
f 552 1342 1330
f 552 1330 553
f 553 1330 1332
f 553 1332 543
f 543 1332 1334
f 543 1334 544
f 544 1334 1335
f 544 1335 554
f 554 1335 1339
f 554 1339 555
f 555 1339 1351
f 555 1351 556
f 556 1351 1350
f 556 1350 557
f 557 1350 1349
f 557 1349 558
f 558 1349 1348
f 558 1348 559
f 559 1348 1347
f 559 1347 560
f 560 1347 1346
f 560 1346 533
f 533 1346 1345
f 533 1345 534
f 534 1345 1329
f 534 1329 538
f 538 1329 1328
f 538 1328 539
f 539 1328 1354
f 539 1354 540
f 540 1354 1353
f 540 1353 537
f 537 1353 1352
f 537 1352 536
f 536 1352 1338
f 536 1338 535
f 535 1338 1337
f 535 1337 542
f 542 1337 1336
f 521 1107 527
f 527 1107 1126
f 527 1126 528
f 528 1126 1125
f 528 1125 529
f 529 1125 1123
f 529 1123 515
f 515 1123 1122
f 515 1122 516
f 516 1122 1121
f 516 1121 530
f 530 1121 1120
f 530 1120 531
f 531 1120 1118
f 531 1118 532
f 532 1118 1117
f 532 1117 522
f 522 1117 1116
f 522 1116 523
f 523 1116 1115
f 523 1115 524
f 524 1115 1114
f 524 1114 525
f 525 1114 1112
f 525 1112 526
f 526 1112 1111
f 526 1111 644
f 644 1111 1106
f 644 1106 645
f 645 1106 1104
f 645 1104 646
f 646 1104 1103
f 646 1103 647
f 647 1103 1133
f 647 1133 640
f 640 1133 1132
f 640 1132 641
f 641 1132 1131
f 641 1131 642
f 642 1131 1130
f 642 1130 643
f 643 1130 1127
f 643 1127 649
f 649 1127 1110
f 649 1110 519
f 519 1110 1108
f 519 1108 521
f 521 1108 1107
f 839 1654 829
f 829 1654 1653
f 829 1653 830
f 830 1653 1673
f 830 1673 840
f 840 1673 1672
f 840 1672 841
f 841 1672 1671
f 841 1671 842
f 842 1671 1676
f 842 1676 843
f 843 1676 1675
f 843 1675 844
f 844 1675 1674
f 844 1674 845
f 845 1674 1663
f 845 1663 846
f 846 1663 1662
f 846 1662 847
f 847 1662 1661
f 847 1661 848
f 848 1661 1660
f 848 1660 849
f 849 1660 1670
f 849 1670 850
f 850 1670 1669
f 850 1669 831
f 831 1669 1668
f 831 1668 832
f 832 1668 1659
f 832 1659 833
f 833 1659 1658
f 833 1658 834
f 834 1658 1667
f 834 1667 835
f 835 1667 1666
f 835 1666 836
f 836 1666 1665
f 836 1665 827
f 827 1665 1657
f 827 1657 828
f 828 1657 1656
f 828 1656 837
f 837 1656 1655
f 837 1655 838
f 838 1655 1664
f 838 1664 839
f 839 1664 1654
f 801 1087 802
f 802 1087 1089
f 802 1089 788
f 788 1089 1090
f 788 1090 789
f 789 1090 1083
f 789 1083 790
f 790 1083 1082
f 790 1082 791
f 791 1082 1086
f 791 1086 792
f 792 1086 1085
f 792 1085 793
f 793 1085 1084
f 793 1084 795
f 795 1084 1081
f 795 1081 796
f 796 1081 1080
f 796 1080 797
f 797 1080 1079
f 797 1079 798
f 798 1079 1074
f 798 1074 799
f 799 1074 1076
f 799 1076 1
f 1 1076 1078
f 1 1078 2
f 2 1078 1102
f 2 1102 655
f 655 1102 1101
f 655 1101 656
f 656 1101 1100
f 656 1100 657
f 657 1100 1096
f 657 1096 658
f 658 1096 1098
f 658 1098 651
f 651 1098 1099
f 651 1099 652
f 652 1099 1095
f 652 1095 31
f 31 1095 1094
f 31 1094 32
f 32 1094 1092
f 32 1092 800
f 800 1092 1091
f 800 1091 801
f 801 1091 1087
f 666 1634 668
f 668 1634 1630
f 668 1630 669
f 669 1630 1629
f 669 1629 670
f 670 1629 1622
f 670 1622 671
f 671 1622 1621
f 671 1621 672
f 672 1621 1626
f 672 1626 661
f 661 1626 1625
f 661 1625 662
f 662 1625 1624
f 662 1624 664
f 664 1624 1623
f 664 1623 686
f 686 1623 1633
f 686 1633 687
f 687 1633 1632
f 687 1632 675
f 675 1632 1628
f 675 1628 674
f 674 1628 1627
f 674 1627 673
f 673 1627 1640
f 673 1640 680
f 680 1640 1641
f 680 1641 681
f 681 1641 1643
f 681 1643 682
f 682 1643 1642
f 682 1642 683
f 683 1642 1639
f 683 1639 684
f 684 1639 1638
f 684 1638 685
f 685 1638 1646
f 685 1646 676
f 676 1646 1645
f 676 1645 677
f 677 1645 1644
f 677 1644 678
f 678 1644 1637
f 678 1637 679
f 679 1637 1635
f 679 1635 666
f 666 1635 1634
f 507 1061 508
f 508 1061 1059
f 508 1059 500
f 500 1059 1058
f 500 1058 501
f 501 1058 1054
f 501 1054 509
f 509 1054 1053
f 509 1053 510
f 510 1053 1057
f 510 1057 511
f 511 1057 1056
f 511 1056 502
f 502 1056 1055
f 502 1055 503
f 503 1055 1052
f 503 1052 504
f 504 1052 1051
f 504 1051 505
f 505 1051 1050
f 505 1050 492
f 492 1050 1048
f 492 1048 490
f 490 1048 1047
f 490 1047 494
f 494 1047 1064
f 494 1064 690
f 690 1064 1046
f 690 1046 691
f 691 1046 1044
f 691 1044 692
f 692 1044 1043
f 692 1043 693
f 693 1043 1070
f 693 1070 688
f 688 1070 1072
f 688 1072 689
f 689 1072 1073
f 689 1073 694
f 694 1073 1067
f 694 1067 498
f 498 1067 1068
f 498 1068 499
f 499 1068 1069
f 499 1069 506
f 506 1069 1062
f 506 1062 507
f 507 1062 1061
f 488 1375 489
f 489 1375 1374
f 489 1374 467
f 467 1374 1373
f 467 1373 468
f 468 1373 1372
f 468 1372 475
f 475 1372 1371
f 475 1371 476
f 476 1371 1370
f 476 1370 477
f 477 1370 1369
f 477 1369 470
f 470 1369 1359
f 470 1359 478
f 478 1359 1361
f 478 1361 479
f 479 1361 1363
f 479 1363 480
f 480 1363 1381
f 480 1381 481
f 481 1381 1382
f 481 1382 482
f 482 1382 1385
f 482 1385 483
f 483 1385 1384
f 483 1384 484
f 484 1384 1383
f 484 1383 485
f 485 1383 1380
f 485 1380 486
f 486 1380 1379
f 486 1379 464
f 464 1379 1378
f 464 1378 465
f 465 1378 1377
f 465 1377 471
f 471 1377 1376
f 471 1376 472
f 472 1376 1368
f 472 1368 473
f 473 1368 1366
f 473 1366 474
f 474 1366 1365
f 474 1365 487
f 487 1365 1364
f 487 1364 488
f 488 1364 1375
f 445 1395 446
f 446 1395 1393
f 446 1393 447
f 447 1393 1392
f 447 1392 448
f 448 1392 1406
f 448 1406 449
f 449 1406 1405
f 449 1405 450
f 450 1405 1404
f 450 1404 451
f 451 1404 1386
f 451 1386 454
f 454 1386 1387
f 454 1387 455
f 455 1387 1388
f 455 1388 456
f 456 1388 1403
f 456 1403 452
f 452 1403 1402
f 452 1402 453
f 453 1402 1401
f 453 1401 457
f 457 1401 1390
f 457 1390 458
f 458 1390 1389
f 458 1389 461
f 461 1389 1400
f 461 1400 462
f 462 1400 1412
f 462 1412 463
f 463 1412 1411
f 463 1411 460
f 460 1411 1410
f 460 1410 459
f 459 1410 1407
f 459 1407 439
f 439 1407 1408
f 439 1408 440
f 440 1408 1409
f 440 1409 444
f 444 1409 1399
f 444 1399 443
f 443 1399 1398
f 443 1398 441
f 441 1398 1396
f 441 1396 445
f 445 1396 1395
f 186 1040 185
f 185 1040 1039
f 185 1039 156
f 156 1039 1038
f 156 1038 157
f 157 1038 1037
f 157 1037 159
f 159 1037 1036
f 159 1036 160
f 160 1036 1015
f 160 1015 161
f 161 1015 1014
f 161 1014 164
f 164 1014 1033
f 164 1033 166
f 166 1033 1031
f 166 1031 167
f 167 1031 1030
f 167 1030 168
f 168 1030 1029
f 168 1029 169
f 169 1029 1028
f 169 1028 170
f 170 1028 1027
f 170 1027 172
f 172 1027 1026
f 172 1026 173
f 173 1026 1018
f 173 1018 174
f 174 1018 1017
f 174 1017 175
f 175 1017 1022
f 175 1022 176
f 176 1022 1025
f 176 1025 178
f 178 1025 1024
f 178 1024 179
f 179 1024 1023
f 179 1023 184
f 184 1023 1021
f 184 1021 183
f 183 1021 1020
f 183 1020 182
f 182 1020 1617
f 182 1617 187
f 187 1617 1042
f 187 1042 186
f 186 1042 1040
f 710 1602 711
f 711 1602 1605
f 711 1605 712
f 712 1605 1604
f 712 1604 713
f 713 1604 1603
f 713 1603 721
f 721 1603 1595
f 721 1595 722
f 722 1595 1594
f 722 1594 723
f 723 1594 1593
f 723 1593 714
f 714 1593 1597
f 714 1597 715
f 715 1597 1596
f 715 1596 716
f 716 1596 1592
f 716 1592 717
f 717 1592 1591
f 717 1591 718
f 718 1591 1616
f 718 1616 719
f 719 1616 1615
f 719 1615 720
f 720 1615 1614
f 720 1614 703
f 703 1614 1613
f 703 1613 704
f 704 1613 1612
f 704 1612 705
f 705 1612 1611
f 705 1611 702
f 702 1611 1606
f 702 1606 700
f 700 1606 1607
f 700 1607 698
f 698 1607 1609
f 698 1609 706
f 706 1609 1610
f 706 1610 707
f 707 1610 1598
f 707 1598 708
f 708 1598 1600
f 708 1600 709
f 709 1600 1601
f 709 1601 710
f 710 1601 1602
f 148 1009 149
f 149 1009 1008
f 149 1008 150
f 150 1008 1006
f 150 1006 151
f 151 1006 1004
f 151 1004 152
f 152 1004 899
f 152 899 132
f 132 899 898
f 132 898 133
f 133 898 1000
f 133 1000 141
f 141 1000 999
f 141 999 137
f 137 999 998
f 137 998 136
f 136 998 997
f 136 997 134
f 134 997 996
f 134 996 142
f 142 996 994
f 142 994 143
f 143 994 993
f 143 993 144
f 144 993 1003
f 144 1003 129
f 129 1003 1002
f 129 1002 130
f 130 1002 1001
f 130 1001 138
f 138 1001 990
f 138 990 139
f 139 990 989
f 139 989 140
f 140 989 991
f 140 991 145
f 145 991 992
f 145 992 146
f 146 992 1013
f 146 1013 153
f 153 1013 1012
f 153 1012 154
f 154 1012 1011
f 154 1011 155
f 155 1011 1010
f 155 1010 148
f 148 1010 1009
f 810 1689 814
f 814 1689 1688
f 814 1688 815
f 815 1688 1680
f 815 1680 816
f 816 1680 1679
f 816 1679 824
f 824 1679 1681
f 824 1681 825
f 825 1681 1687
f 825 1687 826
f 826 1687 1686
f 826 1686 817
f 817 1686 1685
f 817 1685 818
f 818 1685 1684
f 818 1684 819
f 819 1684 1694
f 819 1694 820
f 820 1694 1693
f 820 1693 821
f 821 1693 1683
f 821 1683 822
f 822 1683 1682
f 822 1682 823
f 823 1682 1700
f 823 1700 811
f 811 1700 1699
f 811 1699 812
f 812 1699 1698
f 812 1698 813
f 813 1698 1692
f 813 1692 806
f 806 1692 1691
f 806 1691 805
f 805 1691 1697
f 805 1697 803
f 803 1697 1696
f 803 1696 804
f 804 1696 1695
f 804 1695 807
f 807 1695 1678
f 807 1678 808
f 808 1678 1677
f 808 1677 809
f 809 1677 1690
f 809 1690 810
f 810 1690 1689
f 124 978 125
f 125 978 977
f 125 977 725
f 725 977 984
f 725 984 104
f 104 984 983
f 104 983 105
f 105 983 982
f 105 982 108
f 108 982 973
f 108 973 107
f 107 973 972
f 107 972 106
f 106 972 970
f 106 970 111
f 111 970 969
f 111 969 112
f 112 969 960
f 112 960 113
f 113 960 959
f 113 959 117
f 117 959 976
f 117 976 118
f 118 976 975
f 118 975 119
f 119 975 974
f 119 974 120
f 120 974 968
f 120 968 121
f 121 968 967
f 121 967 122
f 122 967 966
f 122 966 110
f 110 966 961
f 110 961 114
f 114 961 962
f 114 962 115
f 115 962 964
f 115 964 116
f 116 964 965
f 116 965 126
f 126 965 987
f 126 987 127
f 127 987 986
f 127 986 128
f 128 986 985
f 128 985 124
f 124 985 978
f 419 1437 420
f 420 1437 1443
f 420 1443 421
f 421 1443 1442
f 421 1442 406
f 406 1442 1441
f 406 1441 407
f 407 1441 1433
f 407 1433 429
f 429 1433 1431
f 429 1431 430
f 430 1431 1430
f 430 1430 431
f 431 1430 1414
f 431 1414 410
f 410 1414 1413
f 410 1413 411
f 411 1413 1425
f 411 1425 422
f 422 1425 1424
f 422 1424 423
f 423 1424 1423
f 423 1423 424
f 424 1423 1422
f 424 1422 425
f 425 1422 1429
f 425 1429 426
f 426 1429 1428
f 426 1428 427
f 427 1428 1421
f 427 1421 428
f 428 1421 1420
f 428 1420 409
f 409 1420 1419
f 409 1419 415
f 415 1419 1418
f 415 1418 416
f 416 1418 1440
f 416 1440 417
f 417 1440 1439
f 417 1439 418
f 418 1439 1438
f 418 1438 413
f 413 1438 1434
f 413 1434 414
f 414 1434 1436
f 414 1436 419
f 419 1436 1437
f 398 1463 399
f 399 1463 1462
f 399 1462 400
f 400 1462 1461
f 400 1461 401
f 401 1461 1460
f 401 1460 383
f 383 1460 1459
f 383 1459 384
f 384 1459 1448
f 384 1448 386
f 386 1448 1447
f 386 1447 387
f 387 1447 1445
f 387 1445 389
f 389 1445 1444
f 389 1444 390
f 390 1444 1450
f 390 1450 391
f 391 1450 1449
f 391 1449 392
f 392 1449 1458
f 392 1458 394
f 394 1458 1452
f 394 1452 402
f 402 1452 1451
f 402 1451 403
f 403 1451 1472
f 403 1472 404
f 404 1472 1471
f 404 1471 380
f 380 1471 1470
f 380 1470 378
f 378 1470 1469
f 378 1469 377
f 377 1469 1467
f 377 1467 381
f 381 1467 1466
f 381 1466 382
f 382 1466 1455
f 382 1455 395
f 395 1455 1454
f 395 1454 396
f 396 1454 1465
f 396 1465 397
f 397 1465 1464
f 397 1464 398
f 398 1464 1463
f 376 940 361
f 361 940 939
f 361 939 362
f 362 939 938
f 362 938 364
f 364 938 937
f 364 937 365
f 365 937 1457
f 365 1457 95
f 95 1457 922
f 95 922 96
f 96 922 921
f 96 921 97
f 97 921 929
f 97 929 98
f 98 929 930
f 98 930 100
f 100 930 928
f 100 928 354
f 354 928 941
f 354 941 357
f 357 941 942
f 357 942 356
f 356 942 955
f 356 955 366
f 366 955 954
f 366 954 367
f 367 954 958
f 367 958 368
f 368 958 957
f 368 957 358
f 358 957 956
f 358 956 359
f 359 956 949
f 359 949 369
f 369 949 948
f 369 948 370
f 370 948 947
f 370 947 372
f 372 947 946
f 372 946 373
f 373 946 945
f 373 945 374
f 374 945 944
f 374 944 375
f 375 944 943
f 375 943 376
f 376 943 940
f 81 920 83
f 83 920 919
f 83 919 84
f 84 919 917
f 84 917 68
f 68 917 916
f 68 916 69
f 69 916 915
f 69 915 77
f 77 915 913
f 77 913 71
f 71 913 912
f 71 912 72
f 72 912 906
f 72 906 85
f 85 906 905
f 85 905 86
f 86 905 911
f 86 911 87
f 87 911 910
f 87 910 74
f 74 910 908
f 74 908 75
f 75 908 907
f 75 907 92
f 92 907 925
f 92 925 93
f 93 925 924
f 93 924 94
f 94 924 923
f 94 923 91
f 91 923 935
f 91 935 88
f 88 935 933
f 88 933 89
f 89 933 932
f 89 932 102
f 102 932 927
f 102 927 101
f 101 927 926
f 101 926 99
f 99 926 931
f 99 931 78
f 78 931 902
f 78 902 79
f 79 902 901
f 79 901 81
f 81 901 920
f 1701 1702 1703
f 1703 1702 1704
f 1705 1706 1707
f 1708 1709 1710
f 1711 1712 1713
f 1713 1712 1714
f 1713 1714 1715
f 1716 1717 1718
f 1718 1717 1719
f 1718 1719 1720
f 1720 1719 1721
f 1720 1721 1722
f 1723 1724 1725
f 1702 1726 1704
f 1704 1726 1727
f 1704 1727 1728
f 1728 1727 1729
f 1728 1729 1730
f 1730 1729 1731
f 1730 1731 1732
f 1732 1731 1733
f 1734 1735 1736
f 1737 1738 1739
f 1707 1740 1705
f 1705 1740 1741
f 1705 1741 1742
f 1742 1741 1723
f 1742 1723 1743
f 1743 1723 1725
f 1724 1723 1703
f 1703 1723 1744
f 1703 1744 1713
f 1739 1745 1737
f 1737 1745 1746
f 1737 1746 1747
f 1747 1746 1748
f 1747 1748 1705
f 1705 1748 1749
f 1705 1749 1706
f 1750 1751 1737
f 1708 1710 1752
f 1752 1710 1753
f 1752 1753 1754
f 1754 1753 1755
f 1754 1755 1756
f 1756 1755 1757
f 1756 1757 1758
f 1758 1757 1759
f 1758 1759 1760
f 1760 1759 1761
f 1760 1761 1762
f 1762 1761 1763
f 1763 1761 1764
f 1763 1764 1765
f 1715 1766 1713
f 1713 1766 1767
f 1713 1767 1703
f 1703 1767 1768
f 1703 1768 1701
f 1769 1770 1771
f 1771 1770 1772
f 1736 1735 1737
f 1737 1735 1773
f 1737 1773 1738
f 1722 1721 1774
f 1774 1721 1775
f 1774 1775 1776
f 1776 1775 1777
f 1776 1777 1747
f 1747 1777 1778
f 1747 1778 1737
f 1737 1778 1779
f 1737 1779 1750
f 1751 1780 1737
f 1737 1780 1781
f 1737 1781 1708
f 1708 1781 1782
f 1708 1782 1709
f 1764 1783 1765
f 1765 1783 1784
f 1765 1784 1718
f 1718 1784 1785
f 1718 1785 1716
f 1786 1787 1788
f 1788 1787 1789
f 1711 1713 1790
f 1790 1713 1791
f 1790 1791 1786
f 1786 1791 1792
f 1786 1792 1787
f 1772 1770 1793
f 1793 1770 1794
f 1793 1794 1795
f 1795 1794 1796
f 1795 1796 1797
f 1797 1796 1798
f 1797 1798 1733
f 1733 1798 1799
f 1733 1799 1732
f 1800 1801 1802
f 1802 1801 1770
f 1802 1770 1787
f 1787 1770 1769
f 1787 1769 1789
f 1800 1803 1801
f 1801 1803 1804
f 1801 1804 1805
f 1805 1804 1806
f 1805 1806 1807
f 1807 1806 1734
f 1807 1734 1808
f 1808 1734 1736
f 1747 1809 1776
f 1776 1809 1810
f 1776 1810 1774
f 1774 1810 1811
f 1774 1811 1722
f 1722 1811 1812
f 1722 1812 1720
f 1720 1812 1813
f 1765 1718 1814
f 1814 1718 1815
f 1737 1816 1817
f 1818 1819 1820
f 1821 1822 1708
f 1708 1822 1823
f 1708 1823 1737
f 1737 1823 1824
f 1737 1824 1816
f 1825 1826 1827
f 1827 1826 1828
f 1827 1828 1818
f 1818 1828 1829
f 1818 1829 1819
f 1830 1831 1737
f 1831 1832 1737
f 1737 1832 1833
f 1737 1833 1827
f 1827 1833 1834
f 1835 1836 1818
f 1836 1837 1818
f 1818 1837 1838
f 1818 1838 1708
f 1708 1838 1839
f 1834 1840 1827
f 1827 1840 1841
f 1827 1841 1842
f 1839 1843 1708
f 1708 1843 1844
f 1708 1844 1845
f 1817 1846 1737
f 1737 1846 1847
f 1737 1847 1830
f 1842 1848 1827
f 1827 1848 1849
f 1827 1849 1825
f 1820 1850 1818
f 1818 1850 1851
f 1818 1851 1835
f 1845 1852 1708
f 1708 1852 1853
f 1708 1853 1821
f 1737 1827 1854
f 1737 1854 1736
f 1736 1854 1855
f 1736 1855 1808
f 1808 1855 1856
f 1808 1856 1807
f 1807 1856 1857
f 1807 1857 1805
f 1805 1857 1858
f 1805 1858 1801
f 1703 1704 1859
f 1859 1704 1860
f 1724 1861 1862
f 1862 1861 1863
f 1863 1864 1862
f 1862 1864 1865
f 1862 1865 1866
f 1867 1859 1868
f 1868 1859 1862
f 1868 1862 1869
f 1869 1862 1866
f 1867 1870 1859
f 1859 1870 1871
f 1859 1871 1872
f 1873 1874 1724
f 1724 1874 1875
f 1724 1875 1861
f 1872 1876 1859
f 1859 1876 1877
f 1859 1877 1703
f 1703 1877 1878
f 1703 1878 1879
f 1879 1880 1703
f 1703 1880 1881
f 1703 1881 1882
f 1882 1883 1703
f 1703 1883 1884
f 1703 1884 1724
f 1724 1884 1885
f 1724 1885 1873
f 1746 1886 1748
f 1748 1886 1887
f 1748 1887 1749
f 1749 1887 1888
f 1749 1888 1706
f 1706 1888 1889
f 1706 1889 1707
f 1707 1889 1890
f 1707 1890 1740
f 1740 1890 1891
f 1740 1891 1741
f 1741 1891 1892
f 1741 1892 1723
f 1723 1892 1893
f 1723 1893 1744
f 1744 1893 1894
f 1744 1894 1713
f 1713 1894 1895
f 1713 1895 1791
f 1791 1895 1896
f 1791 1896 1792
f 1792 1896 1897
f 1792 1897 1787
f 1787 1897 1898
f 1787 1898 1802
f 1802 1898 1899
f 1802 1899 1800
f 1800 1899 1900
f 1800 1900 1803
f 1803 1900 1901
f 1803 1901 1804
f 1804 1901 1902
f 1804 1902 1806
f 1806 1902 1903
f 1806 1903 1734
f 1734 1903 1904
f 1734 1904 1735
f 1735 1904 1905
f 1735 1905 1773
f 1773 1905 1906
f 1773 1906 1738
f 1738 1906 1907
f 1738 1907 1739
f 1739 1907 1908
f 1739 1908 1745
f 1745 1908 1909
f 1745 1909 1746
f 1746 1909 1886
f 1910 1911 1912
f 1913 1914 1915
f 1915 1914 1916
f 1915 1916 1917
f 1918 1919 1920
f 1920 1919 1921
f 1912 1922 1910
f 1910 1922 1923
f 1910 1923 1920
f 1920 1923 1924
f 1920 1924 1918
f 1921 1925 1920
f 1920 1925 1926
f 1920 1926 1915
f 1915 1926 1927
f 1915 1927 1913
f 1917 1928 1915
f 1915 1928 1929
f 1915 1929 1930
f 1930 1929 1931
f 1931 1932 1930
f 1930 1932 1933
f 1930 1933 1934
f 1934 1935 1930
f 1930 1935 1936
f 1930 1936 1910
f 1910 1936 1937
f 1910 1937 1911
f 1938 1920 1939
f 1939 1920 1915
f 1938 1939 1940
f 1938 1940 1941
f 1941 1940 1942
f 1941 1942 1943
f 1943 1942 1944
f 1943 1944 1945
f 1945 1944 1946
f 1945 1946 1947
f 1947 1946 1948
f 1947 1948 1949
f 1949 1948 1950
f 1949 1950 1951
f 1951 1950 1952
f 1951 1952 1953
f 1953 1952 1954
f 1953 1954 1955
f 1955 1954 1956
f 1955 1956 1957
f 1957 1956 1958
f 1957 1958 1959
f 1960 1961 1962
f 1962 1961 1963
f 1964 1965 1966
f 1964 1966 1967
f 1967 1966 1968
f 1967 1968 1969
f 1969 1968 1970
f 1969 1970 1971
f 1971 1970 1972
f 1971 1972 1973
f 1973 1972 1974
f 1973 1974 1975
f 1975 1974 1976
f 1975 1976 1977
f 1977 1976 1978
f 1977 1978 1979
f 1979 1978 1980
f 1979 1980 1981
f 1981 1980 1982
f 1981 1982 1983
f 1983 1982 1984
f 1983 1984 1985
f 1986 1987 1988
f 1988 1987 1989
f 1988 1989 1990
f 1990 1989 1991
f 1990 1991 1992
f 1992 1991 1993
f 1992 1993 1994
f 1994 1993 1995
f 1994 1995 1996
f 1996 1995 1997
f 1996 1997 1998
f 1998 1997 1999
f 1998 1999 2000
f 2000 1999 2001
f 2000 2001 2002
f 2002 2001 2003
f 2002 2003 2004
f 2004 2003 2005
f 2004 2005 2006
f 2006 2005 2007
f 2006 2007 2008
f 2008 2007 2009
f 2008 2009 2010
f 2010 2009 2011
f 2010 2011 2012
f 2012 2011 2013
f 2012 2013 2014
f 2014 2013 2015
f 2014 2015 2016
f 2016 2015 2017
f 2016 2017 2018
f 2018 2017 2019
f 2018 2019 2020
f 2020 2019 2021
f 2020 2021 2022
f 2022 2021 2023
f 2022 2023 2024
f 2024 2023 2025
f 2024 2025 2026
f 2026 2025 2027
f 2026 2027 2028
f 2028 2027 2029
f 2028 2029 2030
f 2030 2029 2031
f 2030 2031 2032
f 2032 2031 2033
f 2032 2033 1986
f 1986 2033 1987
f 2034 2035 2036
f 2036 2035 2037
f 2036 2037 2038
f 2038 2037 2039
f 2038 2039 2040
f 2040 2039 2041
f 2040 2041 2042
f 2042 2041 2043
f 2042 2043 2044
f 2044 2043 2045
f 2044 2045 2046
f 2046 2045 2047
f 2046 2047 2048
f 2048 2047 2049
f 2048 2049 2050
f 2050 2049 2051
f 2050 2051 2052
f 2052 2051 2053
f 2052 2053 2054
f 2054 2053 2055
f 2054 2055 2056
f 2056 2055 2057
f 2056 2057 2058
f 2058 2057 2059
f 2058 2059 2060
f 2060 2059 2061
f 2060 2061 2062
f 2062 2061 2063
f 2062 2063 2064
f 2064 2063 2065
f 2064 2065 2066
f 2066 2065 2067
f 2066 2067 2068
f 2068 2067 2069
f 2068 2069 2070
f 2070 2069 2071
f 2070 2071 2072
f 2072 2071 2073
f 2072 2073 2074
f 2074 2073 2075
f 2074 2075 2076
f 2076 2075 2077
f 2076 2077 2078
f 2078 2077 2079
f 2078 2079 2080
f 2080 2079 2081
f 2080 2081 2034
f 2034 2081 2035
f 1936 2082 1937
f 1937 2082 2083
f 1937 2083 1911
f 1911 2083 2084
f 1911 2084 1912
f 1912 2084 2085
f 1912 2085 1922
f 1922 2085 2086
f 1922 2086 1923
f 1923 2086 2087
f 1923 2087 1924
f 1924 2087 2088
f 1924 2088 1918
f 1918 2088 2089
f 1918 2089 1919
f 1919 2089 2090
f 1919 2090 1921
f 1921 2090 2091
f 1921 2091 1925
f 1925 2091 2092
f 1925 2092 1926
f 1926 2092 2093
f 1926 2093 1927
f 1927 2093 2094
f 1927 2094 1913
f 1913 2094 2095
f 1913 2095 1914
f 1914 2095 2096
f 1914 2096 1916
f 1916 2096 2097
f 1916 2097 1917
f 1917 2097 2098
f 1917 2098 1928
f 1928 2098 2099
f 1928 2099 1929
f 1929 2099 2100
f 1929 2100 1931
f 1931 2100 2101
f 1931 2101 1932
f 1932 2101 2102
f 1932 2102 1933
f 1933 2102 2103
f 1933 2103 1934
f 1934 2103 2104
f 1934 2104 1935
f 1935 2104 2105
f 1935 2105 1936
f 1936 2105 2082
