# https://github.com/mikedh/trimesh
v -11.51475045 0.08251702 1.09467863
v -11.51102064 0.08251702 1.09273921
v -11.51190070 0.08054196 1.09319531
v -11.51385001 0.08054196 1.09421109
v -11.51168994 0.08056103 1.09308689
v -11.51405982 0.08056103 1.09431939
v -11.51149063 0.08061503 1.09298121
v -11.51426009 0.08061599 1.09442507
v -11.51129036 0.08070599 1.09288077
v -11.51444988 0.08070599 1.09452550
v -11.51112062 0.08082794 1.09278809
v -11.51463014 0.08082901 1.09461819
v -11.51096042 0.08098101 1.09270542
v -11.51479037 0.08098196 1.09470080
v -11.51082024 0.08115994 1.09263479
v -11.51493057 0.08116101 1.09477138
v -11.51098058 0.08251905 1.09271698
v -11.51071059 0.08136105 1.09257810
v -11.51482007 0.08252405 1.09471582
v -11.51504026 0.08136105 1.09482818
v -11.51063050 0.08157801 1.09253638
v -11.51489064 0.08254300 1.09475218
v -11.51512039 0.08157896 1.09486972
v -11.51090048 0.08253502 1.09267681
v -11.51057998 0.08180701 1.09251111
v -11.51517000 0.08180796 1.09489511
v -11.51057046 0.08204197 1.09250252
v -11.51518051 0.08204197 1.09490358
v -11.51496026 0.08257400 1.09478657
v -11.51057055 0.08298098 1.09250348
v -11.51056960 0.08302295 1.09250252
v -11.51083086 0.08256601 1.09263842
v -11.51065063 0.08273505 1.09254550
v -11.51061058 0.08281099 1.09252500
v -11.51058007 0.08289396 1.09251093
v -11.51076029 0.08261000 1.09260308
v -11.51070022 0.08266698 1.09257178
v -11.51518059 0.08287095 1.09490358
v -11.51516055 0.08280002 1.09489023
v -11.51512049 0.08273100 1.09487091
v -11.51507090 0.08266901 1.09484671
v -11.51502035 0.08261597 1.09481852
v -11.51917945 0.08425604 1.09878932
v -11.51907933 0.08437502 1.09873842
v -11.51920997 0.08423101 1.09880458
v -11.51899922 0.08437895 1.09869670
v -11.51902974 0.08442401 1.09871219
v -11.51880945 0.08446895 1.09859620
v -11.51890959 0.08449398 1.09864919
v -11.51896966 0.08446394 1.09868198
v -11.51863970 0.08451795 1.09850853
v -11.51877989 0.08451795 1.09857928
v -11.51883997 0.08451199 1.09861468
v -11.51878989 0.07906305 1.09858768
v -11.52099024 0.08153402 1.09973197
v -11.51872027 0.07897197 1.09854912
v -11.52103029 0.08158802 1.09975319
v -11.52802956 0.07390403 1.10339527
v -11.52804007 0.07407104 1.10340392
v -11.52804003 0.07366895 1.10340392
v -11.52797999 0.07413303 1.10336988
v -11.52804008 0.07414698 1.10340112
v -11.52789990 0.07434999 1.10332828
v -11.52800003 0.07429205 1.10337930
v -11.52802006 0.07422196 1.10339283
v -11.52795999 0.07435798 1.10336082
v -11.52778930 0.07455098 1.10327159
v -11.52791994 0.07441603 1.10333799
v -11.52776927 0.07458400 1.10326003
v -11.52766033 -0.03464294 1.10320561
v -11.52601985 -0.03650499 1.10234909
v -11.52597025 -0.03655196 1.10232412
v -11.52792071 -0.03435398 1.10334252
v -11.52780054 -0.03446401 1.10327618
v -11.52791023 -0.03426302 1.10333299
v -11.52797031 -0.03429497 1.10336553
v -11.52800083 -0.03423000 1.10338389
v -11.52799036 -0.03404499 1.10337447
v -11.52803040 -0.03415895 1.10339742
v -11.52805043 -0.03408504 1.10340570
v -11.52805044 -0.03400899 1.10340850
v -11.52803997 -0.03381694 1.10339992
v -11.52804953 -0.03358198 1.10340850
v -11.51861960 -0.04443897 1.09849601
v -11.51878935 -0.04445697 1.09858482
v -11.51840979 -0.04445697 1.09838759
v -11.51881987 -0.04438401 1.09860169
v -11.51884943 -0.04445101 1.09861999
v -11.51892000 -0.04443300 1.09865432
v -11.51897913 -0.04440404 1.09868692
v -11.51900966 -0.04429401 1.09870212
v -11.51903922 -0.04436398 1.09871702
v -11.51908977 -0.04431403 1.09874390
v -11.51934919 -0.04401804 1.09887742
v -11.52100016 -0.04216302 1.09973728
v -11.51918992 -0.04417099 1.09879469
v -11.52104022 -0.04210795 1.09975891
v -11.50566968 -0.04444004 1.09175931
v -11.50587948 -0.04445804 1.09186767
v -11.50552948 -0.04445804 1.09168230
v -11.50546941 -0.04438496 1.09165369
v -11.50545987 -0.04445303 1.09164797
v -11.50538930 -0.04443504 1.09161340
v -11.50527964 -0.04429496 1.09155332
v -11.50532922 -0.04440595 1.09158062
v -11.50526914 -0.04436506 1.09155022
v -11.50521955 -0.04431594 1.09152322
v -11.50506984 -0.04414798 1.09144561
v -11.50509940 -0.04417206 1.09146057
v -11.44930954 -0.04444505 1.06241911
v -11.44947929 -0.04446305 1.06250780
v -11.44909973 -0.04446304 1.06231068
v -11.44950981 -0.04438998 1.06252473
v -11.44954986 -0.04445696 1.06254302
v -11.44961948 -0.04443897 1.06257730
v -11.44967957 -0.04441000 1.06260990
v -11.44971009 -0.04429997 1.06262522
v -11.44973965 -0.04436995 1.06264000
v -11.44978925 -0.04432095 1.06266682
v -11.45004009 -0.04402400 1.06280052
v -11.45467063 -0.03881801 1.06520717
v -11.44988939 -0.04417695 1.06271778
v -11.45459052 -0.03890205 1.06516497
v -11.44171916 0.08251106 1.05666219
v -11.44239037 0.08055400 1.05700998
v -11.44260018 0.08053600 1.05711829
v -11.44544993 0.08251106 1.05860161
v -11.44455044 0.08053600 1.05813413
v -11.44475071 0.08055495 1.05824243
v -11.44218057 0.08060896 1.05690419
v -11.44496053 0.08060895 1.05834811
v -11.44199080 0.08069896 1.05680381
v -11.44515031 0.08070003 1.05844860
v -11.44181056 0.08082198 1.05671113
v -11.44533057 0.08082306 1.05854123
v -11.44165036 0.08097505 1.05662851
v -11.44549080 0.08097600 1.05862378
v -11.44152068 0.08115398 1.05655788
v -11.44562052 0.08115505 1.05869441
v -11.44168006 0.08251297 1.05663990
v -11.44141007 0.08135497 1.05650108
v -11.44551955 0.08251702 1.05863862
v -11.44573021 0.08135497 1.05875121
v -11.44132998 0.08157205 1.05645948
v -11.44558917 0.08253597 1.05867468
v -11.44581033 0.08157300 1.05879270
v -11.44159996 0.08252906 1.05659973
v -11.44127946 0.08180105 1.05643408
v -11.44585995 0.08180200 1.05881809
v -11.44126994 0.08203601 1.05642550
v -11.44587999 0.08203601 1.05882667
v -11.44564925 0.08256697 1.05870901
v -11.44131006 0.08280503 1.05644791
v -11.44127955 0.08288800 1.05643379
v -11.44127002 0.08297502 1.05642651
v -11.44127003 0.08300900 1.05642550
v -11.44152939 0.08255898 1.05656140
v -11.44145977 0.08260404 1.05652611
v -11.44139970 0.08266102 1.05649482
v -11.44134916 0.08272897 1.05646848
v -11.44588007 0.08286499 1.05882661
v -11.44584954 0.08279096 1.05881249
v -11.44580948 0.08272206 1.05879300
v -11.44576942 0.08266102 1.05876892
v -11.44570934 0.08260905 1.05874072
v -11.42694983 0.07406198 1.05077611
v -11.42698989 0.07412397 1.05079841
v -11.42694982 0.07393395 1.05077611
v -11.42694984 0.07413601 1.05077880
v -11.42696987 0.07421099 1.05078690
v -11.42707002 0.07434105 1.05084001
v -11.42699944 0.07428204 1.05080037
v -11.42702996 0.07434796 1.05081903
v -11.42707002 0.07440697 1.05084198
v -11.42715014 0.07448696 1.05087923
v -11.42663993 -0.00016499 1.05061619
v -11.42670955 -0.00013400 1.05065059
v -11.42693000 -0.03051902 1.05076902
v -11.42690031 0.00009202 1.05075418
v -11.42692988 0.00016295 1.05076759
v -11.42686978 0.00002300 1.05073493
v -11.42676964 -0.00009204 1.05068241
v -11.42682018 -0.00003899 1.05071073
v -11.42690997 -0.03044701 1.05075519
v -11.42649974 -0.00019098 1.05054252
v -11.42657031 -0.00018395 1.05057978
v -11.42458953 -0.00021494 1.04954951
v -11.42466010 -0.00019694 1.04958390
v -11.42472018 -0.00019098 1.04961913
v -11.42686993 -0.03037799 1.05073570
v -11.42429003 -0.00067795 1.04939400
v -11.42429958 -0.00060202 1.04939680
v -11.42431008 -0.00052799 1.04940509
v -11.42433965 -0.00045706 1.04941862
v -11.42437017 -0.00039197 1.04943698
v -11.42441976 -0.00033403 1.04945992
v -11.42447031 -0.00028397 1.04948681
v -11.42452945 -0.00024403 1.04951691
v -11.42682034 -0.03031600 1.05071120
v -11.42676980 -0.03026296 1.05068259
v -11.42670972 -0.03022004 1.05065053
v -11.42664011 -0.03019000 1.05061572
v -11.42657049 -0.03017105 1.05057900
v -11.42431986 -0.02982903 1.04940628
v -11.42429983 -0.02975501 1.04939811
v -11.42429030 -0.02967800 1.04939531
v -11.42649992 -0.03016497 1.05054377
v -11.42437992 -0.02996505 1.04943829
v -11.42433988 -0.02989996 1.04941981
v -11.42458972 -0.03014196 1.04955082
v -11.42472990 -0.03016604 1.04962032
v -11.42466029 -0.03015996 1.04958509
v -11.42452964 -0.03011204 1.04951810
v -11.42447051 -0.03007305 1.04948800
v -11.42441997 -0.03002299 1.04946117
v -11.42664021 0.03503501 1.05061458
v -11.42670030 0.03506600 1.05064910
v -11.42693028 0.00468098 1.05076747
v -11.42676038 0.03510796 1.05068092
v -11.42682047 0.03516101 1.05070918
v -11.42687007 0.03522300 1.05073332
v -11.42690059 0.03529202 1.05075269
v -11.42693016 0.03536295 1.05076622
v -11.42657059 0.03501605 1.05057829
v -11.42690072 0.00475501 1.05075328
v -11.42687021 0.00482296 1.05073379
v -11.42682062 0.00488495 1.05070971
v -11.42676055 0.00493704 1.05068152
v -11.42670047 0.00497901 1.05064981
v -11.42664039 0.00501000 1.05061548
v -11.42657078 0.00502800 1.05057942
v -11.42650002 0.03500902 1.05054097
v -11.42650020 0.00503503 1.05054240
v -11.42458046 0.00506400 1.04954188
v -11.42472065 0.00503503 1.04961883
v -11.42465008 0.00504195 1.04957973
v -11.42450990 0.00510000 1.04950630
v -11.42445077 0.00514900 1.04947423
v -11.42439070 0.00520896 1.04944651
v -11.42435065 0.00527798 1.04942392
v -11.42429059 0.00552200 1.04939370
v -11.42432014 0.00535499 1.04940741
v -11.42430012 0.00543701 1.04939722
v -11.42429032 0.03452205 1.04939263
v -11.42472047 0.03500902 1.04961752
v -11.42464990 0.03500198 1.04957848
v -11.42429986 0.03460597 1.04939591
v -11.42431990 0.03468799 1.04940610
v -11.42435042 0.03476500 1.04942267
v -11.42439048 0.03483497 1.04944520
v -11.42444008 0.03489505 1.04947292
v -11.42456979 0.03498005 1.04954063
v -11.42450970 0.03494405 1.04950510
v -11.42692090 0.07054697 1.05076199
v -11.42692091 0.07056295 1.05076461
v -11.42692961 0.03988003 1.05076598
v -11.42665003 0.07024001 1.05062049
v -11.42672061 0.07027804 1.05065792
v -11.42679023 0.07032894 1.05069171
v -11.42684078 0.07039296 1.05072080
v -11.42689038 0.07046603 1.05074452
v -11.42657088 0.07021701 1.05058073
v -11.42690005 0.03995501 1.05075168
v -11.42686000 0.04002296 1.05073242
v -11.42681995 0.04008495 1.05070822
v -11.42675988 0.04013704 1.05067997
v -11.42669980 0.04017901 1.05064832
v -11.42663972 0.04021000 1.05061399
v -11.42657011 0.04022895 1.05057793
v -11.42649077 0.07020902 1.05053960
v -11.42649953 0.04023503 1.05054079
v -11.42465990 0.04024004 1.04958378
v -11.42458933 0.04025804 1.04954897
v -11.42471998 0.04023503 1.04961728
v -11.42452925 0.04028701 1.04951589
v -11.42447013 0.04032694 1.04948538
v -11.42441959 0.04037701 1.04945819
v -11.42437000 0.04043602 1.04943501
v -11.42432995 0.04050194 1.04941641
v -11.42430993 0.04057395 1.04940300
v -11.42428991 0.04064905 1.04939478
v -11.42428992 0.04072200 1.04939227
v -11.42429060 0.06972205 1.04939102
v -11.42472075 0.07020902 1.04961603
v -11.42429061 0.06979405 1.04939352
v -11.42465018 0.07020306 1.04958062
v -11.42431064 0.06986903 1.04940151
v -11.42433068 0.06993996 1.04941492
v -11.42437074 0.07000600 1.04943328
v -11.42446039 0.07011496 1.04948311
v -11.42452048 0.07015597 1.04951333
v -11.42441080 0.07006501 1.04945623
v -11.42458056 0.07018506 1.04954611
v -11.42707938 -0.03436197 1.05084663
v -11.42718999 -0.03447295 1.05090140
v -11.42721002 -0.03450597 1.05091279
v -11.42707939 -0.03427197 1.05084460
v -11.42703933 -0.03430403 1.05082368
v -11.42699928 -0.03423894 1.05080520
v -11.42699930 -0.03405500 1.05080299
v -11.42697926 -0.03416801 1.05079179
v -11.42695924 -0.03409398 1.05078350
v -11.42695925 -0.03401805 1.05078070
v -11.42695926 -0.03386498 1.05078070
v -11.43178960 -0.03403498 1.05329948
v -11.42960070 -0.03651405 1.05215852
v -11.42955015 -0.03655995 1.05213391
v -11.43186971 -0.03395105 1.05334150
v -11.43637011 -0.04444600 1.05568241
v -11.43657992 -0.04446400 1.05579077
v -11.43621943 -0.04446495 1.05560528
v -11.43616984 -0.04439104 1.05557667
v -11.43615935 -0.04445899 1.05557089
v -11.43608973 -0.04444099 1.05553632
v -11.43596958 -0.04430104 1.05547630
v -11.43602965 -0.04441202 1.05550348
v -11.43596957 -0.04437197 1.05547320
v -11.43591999 -0.04432203 1.05544608
v -11.43576932 -0.04415298 1.05536829
v -11.43579984 -0.04417802 1.05538367
v -11.43731997 -0.04446400 1.05437152
v -11.43711017 -0.04444600 1.05426328
v -11.43695948 -0.04446496 1.05418598
v -11.43690990 -0.04439105 1.05415748
v -11.43689940 -0.04445900 1.05415170
v -11.43682979 -0.04444100 1.05411707
v -11.43676971 -0.04441203 1.05408429
v -11.43670964 -0.04430104 1.05405711
v -11.43670963 -0.04437197 1.05405401
v -11.43666004 -0.04432202 1.05402689
v -11.43653989 -0.04417801 1.05396443
v -11.43650938 -0.04415298 1.05394911
v -11.43034075 -0.03651405 1.05073928
v -11.43252965 -0.03403498 1.05188029
v -11.43029020 -0.03655995 1.05071472
v -11.43260977 -0.03395105 1.05192219
v -11.42793005 -0.03447295 1.04948222
v -11.42781943 -0.03436197 1.04942738
v -11.42795008 -0.03450597 1.04949372
v -11.42781944 -0.03427197 1.04942541
v -11.42777939 -0.03430403 1.04940449
v -11.42773934 -0.03423894 1.04938601
v -11.42773935 -0.03405500 1.04938381
v -11.42770978 -0.03416801 1.04937260
v -11.42769930 -0.03409398 1.04936432
v -11.42768977 -0.03401805 1.04936152
v -11.42768978 -0.03386498 1.04936152
v -11.42767127 -0.02759100 1.04934757
v -11.42736491 -0.03016687 1.04917960
v -11.42773968 -0.03045238 1.04919790
v -11.42503131 -0.02978469 1.04797392
v -11.42532310 -0.03016079 1.04802774
v -11.43237192 -0.02758742 1.05159520
v -11.43107623 -0.02370299 1.05069237
v -11.43299663 -0.02699185 1.05210190
v -11.43110207 -0.02270282 1.05067574
v -11.43092937 -0.02360297 1.05104469
v -11.43016756 -0.02167798 1.05065678
v -11.43092946 -0.02260304 1.05104439
v -11.43091142 -0.02167798 1.05104457
v -11.43017432 -0.02067805 1.05065672
v -11.43092105 -0.02067805 1.05104457
v -11.43019262 -0.01867796 1.05065673
v -11.43124729 -0.01967800 1.05104457
v -11.43049771 -0.01967801 1.05065672
v -11.43094507 -0.01867796 1.05104451
v -11.43031669 -0.01767803 1.05072932
v -11.43092799 -0.01767803 1.05104451
v -11.43018036 -0.01717795 1.05065643
v -11.43298825 -0.00337614 1.05211954
v -11.43018725 -0.01467801 1.05065649
v -11.43100151 -0.01667798 1.05104439
v -11.43023762 -0.01667798 1.05065661
v -11.43018048 -0.01575304 1.05065661
v -11.43018050 -0.01560295 1.05065661
v -11.43093012 -0.01517797 1.05104457
v -11.43093007 -0.01575304 1.05104439
v -11.43093008 -0.01560296 1.05104439
v -11.43017590 -0.01367796 1.05065643
v -11.43092921 -0.01475299 1.05104427
v -11.43092827 -0.01460303 1.05104427
v -11.43092167 -0.01367796 1.05104427
v -11.43016750 -0.01167799 1.05065643
v -11.42998907 -0.01267804 1.05065643
v -11.43091413 -0.01267804 1.05104427
v -11.43017994 -0.01117802 1.05065649
v -11.43092947 -0.01175297 1.05104422
v -11.43092952 -0.01117803 1.05104427
v -11.43092949 -0.01160301 1.05104421
v -11.43018003 -0.01017798 1.05065649
v -11.43017998 -0.01075304 1.05065661
v -11.43017999 -0.01060296 1.05065649
v -11.43093338 -0.01067794 1.05104421
v -11.43018007 -0.00975300 1.05065649
v -11.43018008 -0.00960303 1.05065649
v -11.43018012 -0.00917805 1.05065649
v -11.43090296 -0.00967802 1.05104410
v -11.42766969 -0.00259102 1.04934828
v -11.43090305 -0.00867797 1.05104410
v -11.43018120 -0.00767804 1.05065380
v -11.42735996 -0.00018896 1.04918211
v -11.42492713 -0.00022794 1.04819559
v -11.42772238 0.00009870 1.04923122
v -11.43104905 -0.00767804 1.05104398
v -11.43092992 -0.00675298 1.05104398
v -11.43092934 -0.00259102 1.05104427
v -11.43000773 -0.00665308 1.05100649
v -11.43238178 -0.00262023 1.05208861
v -11.42766964 0.00753497 1.04934876
v -11.42503709 0.03496122 1.04796540
v -11.42493047 0.00507640 1.04823421
v -11.42782295 0.00499295 1.04896741
v -11.43241607 0.00754654 1.05163972
v -11.43301980 0.00820159 1.05204355
v -11.43018010 0.01202201 1.05065482
v -11.43110035 0.01152193 1.05067604
v -11.43298976 0.01352202 1.05211835
v -11.43018691 0.01352202 1.05065529
v -11.43111379 0.01249730 1.05066507
v -11.43018015 0.01259696 1.05065529
v -11.43092410 0.01352202 1.05104320
v -11.43018700 0.01452195 1.05065518
v -11.43018037 0.01502203 1.05065470
v -11.43092037 0.01444696 1.05104320
v -11.43092042 0.01502203 1.05104308
v -11.43092038 0.01459705 1.05104308
v -11.43019386 0.01652204 1.05065517
v -11.43092046 0.01544701 1.05104308
v -11.43018041 0.01544701 1.05065518
v -11.43018042 0.01559698 1.05065518
v -11.43092051 0.01602196 1.05104308
v -11.43349929 0.01652240 1.05113470
v -11.43092047 0.01559698 1.05104308
v -11.43018059 0.01744699 1.05065512
v -11.43017969 0.01802205 1.05065488
v -11.43017965 0.01759695 1.05065512
v -11.43093400 0.01752197 1.05104302
v -11.43017986 0.02002203 1.05065500
v -11.43017982 0.01952206 1.05065500
v -11.43091977 0.01844703 1.05104302
v -11.43023600 0.01852202 1.05065500
v -11.43091991 0.02002203 1.05104308
v -11.43091979 0.01859700 1.05104302
v -11.43091987 0.01952206 1.05104290
v -11.43017995 0.02102195 1.05065500
v -11.43017990 0.02044701 1.05065500
v -11.43017992 0.02059697 1.05065500
v -11.43091996 0.02052199 1.05104290
v -11.43298757 0.03177797 1.05212050
v -11.43018200 0.02252196 1.05065488
v -11.42999117 0.02152204 1.05065488
v -11.43082563 0.02152204 1.05104284
v -11.43092109 0.02252196 1.05104278
v -11.43019925 0.02352201 1.05065488
v -11.43092022 0.02344703 1.05104273
v -11.43091928 0.02359699 1.05104272
v -11.43018027 0.02452194 1.05065500
v -11.43091936 0.02452194 1.05104272
v -11.43016224 0.02552198 1.05065482
v -11.43089752 0.02552199 1.05104272
v -11.42766996 0.03253495 1.04934811
v -11.43008603 0.02652203 1.05065494
v -11.43001078 0.02754699 1.05100172
v -11.43091573 0.02652203 1.05104261
v -11.42774458 0.03505217 1.04911553
v -11.43092058 0.02744698 1.05104249
v -11.43092008 0.03253495 1.05104308
v -11.43237157 0.03251707 1.05200129
v -11.42999847 0.02852201 1.05102222
v -11.42766896 0.04265999 1.04934834
v -11.42739599 0.04022848 1.04926996
v -11.42766585 0.03989255 1.04935490
v -11.42504522 0.04061984 1.04794489
v -11.42535609 0.04023766 1.04807352
v -11.43293519 0.04325055 1.05219292
v -11.43017903 0.04266094 1.05065315
v -11.43227806 0.04266261 1.05187969
v -11.42503026 0.05462825 1.04797249
v -11.43019664 0.04772197 1.05065380
v -11.43109682 0.04664694 1.05067920
v -11.43018035 0.04679703 1.05065392
v -11.43092040 0.04679703 1.05104171
v -11.43299003 0.04864704 1.05211698
v -11.43093574 0.04772197 1.05101221
v -11.43018347 0.04972195 1.05065380
v -11.43018051 0.04864704 1.05065380
v -11.43017576 0.04879700 1.05065380
v -11.43019214 0.05072199 1.05065369
v -11.43018365 0.05172204 1.05065368
v -11.43104568 0.05072199 1.05104159
v -11.43092179 0.05172204 1.05104147
v -11.43017706 0.05272197 1.05065363
v -11.43017997 0.05322205 1.05065351
v -11.43091711 0.05272197 1.05104141
v -11.43017447 0.05572199 1.05065351
v -11.43091643 0.05572199 1.05104129
v -11.43018010 0.05464696 1.05065351
v -11.43018011 0.05479705 1.05065351
v -11.43096679 0.05372202 1.05104141
v -11.43021816 0.05372202 1.05065363
v -11.43092020 0.05522203 1.05104159
v -11.43087247 0.05472194 1.05104141
v -11.43016797 0.05772196 1.05065339
v -11.43018028 0.05664705 1.05065339
v -11.43018029 0.05679702 1.05065339
v -11.43089744 0.05672204 1.05104129
v -11.43091574 0.05872201 1.05104118
v -11.43090516 0.05772196 1.05104129
v -11.43018051 0.05922198 1.05065351
v -11.43017964 0.06022202 1.05065351
v -11.43018056 0.05979704 1.05065351
v -11.43018054 0.05964696 1.05065351
v -11.43089390 0.05972194 1.05104118
v -11.43298879 0.06676423 1.05211758
v -11.43017968 0.06064700 1.05065333
v -11.43017969 0.06079697 1.05065351
v -11.43016356 0.06172203 1.05065345
v -11.43087777 0.06072199 1.05104112
v -11.43091982 0.06164705 1.05104112
v -11.43091987 0.06222295 1.05104159
v -11.43091983 0.06179701 1.05104112
v -11.42740249 0.07021975 1.04934435
v -11.42503258 0.06983089 1.04796915
v -11.42998245 0.06264686 1.05103670
v -11.42998627 0.06279694 1.05103307
v -11.43017995 0.06372201 1.05065416
v -11.42766261 0.06765949 1.04934548
v -11.43090379 0.06372200 1.05104100
v -11.43223070 0.06766032 1.05171757
v -11.43242713 0.06736540 1.05272983
v -11.42536163 0.07020461 1.04791241
v -11.43018347 0.04972195 1.05065380
v -11.43017576 0.04879700 1.05065380
v -11.43106085 0.04972195 1.05104159
v -11.43091574 0.05872201 1.05104118
v -11.43018051 0.05922198 1.05065351
v -11.42999163 0.05872201 1.05065339
v -11.42772995 0.07412397 1.04937922
v -11.42768989 0.07406198 1.04935693
v -11.42768987 0.07393395 1.04935693
v -11.42768989 0.07413601 1.04935961
v -11.42781007 0.07434105 1.04942082
v -11.42772996 0.07428204 1.04938119
v -11.42770993 0.07421099 1.04936771
v -11.42777002 0.07434796 1.04939972
v -11.42787970 0.07448696 1.04945998
v -11.42781008 0.07440697 1.04942279
v -11.44987989 0.08424996 1.06271230
v -11.44977976 0.08436906 1.06266128
v -11.44990945 0.08422600 1.06272738
v -11.44969965 0.08437299 1.06261968
v -11.44973018 0.08441805 1.06263499
v -11.44950988 0.08446299 1.06251918
v -11.44961002 0.08448803 1.06257157
v -11.44967010 0.08445799 1.06260460
v -11.44934013 0.08451103 1.06243150
v -11.44946983 0.08451103 1.06250231
v -11.44953945 0.08450602 1.06253682
v -11.43670969 0.08437204 1.05405163
v -11.43664961 0.08436798 1.05402153
v -11.43657998 0.08428704 1.05398421
v -11.43670015 0.08441698 1.05404829
v -11.43689948 0.08446204 1.05415200
v -11.43681937 0.08448600 1.05411099
v -11.43676024 0.08445703 1.05407839
v -11.43707019 0.08450996 1.05423980
v -11.43695003 0.08450996 1.05418049
v -11.43688994 0.08450400 1.05414539
v -11.43590955 0.08436798 1.05544071
v -11.43596963 0.08437203 1.05547081
v -11.43583992 0.08428704 1.05540340
v -11.43596010 0.08441698 1.05546748
v -11.43602018 0.08445703 1.05549758
v -11.43615942 0.08446204 1.05557119
v -11.43608027 0.08448600 1.05553018
v -11.43620997 0.08450996 1.05559980
v -11.43633013 0.08450996 1.05565899
v -11.43614989 0.08450400 1.05556457
v -11.50379976 0.07554101 1.08897888
v -11.50207092 0.07737827 1.08807950
v -11.45264953 0.07553696 1.06235080
v -11.44940073 0.07957422 1.06065999
v -11.45243973 0.07555496 1.06224250
v -11.50204040 0.07740020 1.08806531
v -11.50200989 0.07744001 1.08804833
v -11.45583030 0.07851802 1.06400799
v -11.45589992 0.07851195 1.06404500
v -11.50212146 0.07736432 1.08809071
v -11.50400957 0.07555996 1.08908730
v -11.50223018 0.07741832 1.08816187
v -11.50219966 0.07739054 1.08814644
v -11.50215865 0.07736897 1.08812552
v -11.45223946 0.07561003 1.06213682
v -11.50420985 0.07561504 1.08919298
v -11.44937117 0.07954573 1.06064450
v -11.45204015 0.07570003 1.06203638
v -11.50439963 0.07570504 1.08929329
v -11.45187041 0.07582294 1.06194370
v -11.50457989 0.07582795 1.08938609
v -11.45171021 0.07597600 1.06186103
v -11.50474012 0.07598101 1.08946859
v -11.50225784 0.07748472 1.08817827
v -11.44932825 0.07952224 1.06062018
v -11.44900014 0.07902598 1.06045251
v -11.50744978 0.07903098 1.09087699
v -11.50225880 0.07754551 1.08817749
v -11.50056994 0.07851600 1.08729612
v -11.50198891 0.07745897 1.08807020
v -11.50198987 0.07751500 1.08803903
v -11.50200036 0.07754098 1.08804010
v -11.50200036 0.07756602 1.08804320
v -11.50200990 0.07758998 1.08804833
v -11.50758044 0.07921003 1.09094762
v -11.50769014 0.07941102 1.09100430
v -11.50777026 0.07962798 1.09104590
v -11.50781987 0.07985698 1.09107130
v -11.50204042 0.07762813 1.08806382
v -11.50089038 0.07866596 1.08746349
v -11.50083030 0.07861399 1.08743518
v -11.50077021 0.07857203 1.08740359
v -11.50071013 0.07854103 1.08736931
v -11.50064051 0.07852196 1.08733307
v -11.50783992 0.08009194 1.09107982
v -11.50222734 0.07761561 1.08815967
v -11.50782983 0.08451700 1.09107970
v -11.50206999 0.07765125 1.08807873
v -11.50218061 0.07765149 1.08813779
v -11.50626008 0.08451604 1.09025757
v -11.50618951 0.08450996 1.09022241
v -11.50599972 0.08442306 1.09012531
v -11.50595013 0.08437394 1.09009849
v -11.50611989 0.08449303 1.09018808
v -11.50605981 0.08446299 1.09015541
v -11.50209955 0.07766306 1.08809631
v -11.50214151 0.07766461 1.08812248
v -11.45574924 0.07854354 1.06394880
v -11.44943030 0.07966899 1.06067430
v -11.44942077 0.07964300 1.06067323
v -11.44942076 0.07961797 1.06067013
v -11.44942077 0.07969498 1.06067323
v -11.45563004 0.07861005 1.06390588
v -11.45558045 0.07866203 1.06387757
v -11.44942173 0.07972144 1.06066685
v -11.45051982 0.08436905 1.06124209
v -11.44940075 0.07976495 1.06065809
v -11.44928152 0.07952069 1.06056117
v -11.44921858 0.07954585 1.06056689
v -11.44887046 0.07920503 1.06038188
v -11.44919379 0.07957815 1.06053512
v -11.44875985 0.07940601 1.06032508
v -11.44868071 0.07962298 1.06028347
v -11.44916137 0.07964420 1.06053470
v -11.44863019 0.07985197 1.06025808
v -11.44915851 0.07970153 1.06054156
v -11.44861018 0.08008706 1.06024962
v -11.44919285 0.07976936 1.06055378
v -11.44937119 0.07979285 1.06064336
v -11.44860949 0.08303606 1.06024950
v -11.44923958 0.07980548 1.06057696
v -11.44932732 0.07981586 1.06062095
v -11.44858949 0.08327304 1.06024079
v -11.44927773 0.07981884 1.06059836
v -11.45020989 0.08451104 1.06108301
v -11.45041015 0.08445798 1.06118541
v -11.45035008 0.08448803 1.06115233
v -11.45027951 0.08450603 1.06111758
v -11.45047023 0.08441805 1.06121581
v -11.44853992 0.08350300 1.06021510
v -11.44845983 0.08372103 1.06017302
v -11.44835017 0.08392298 1.06011551
v -11.44821954 0.08410202 1.06004422
v -11.44805933 0.08425497 1.05996071
v -11.44788005 0.08437704 1.05986707
v -11.44767979 0.08446597 1.05976580
v -11.44751958 0.08451104 1.05968301
v -11.50521007 0.08437394 1.09151768
v -11.50526920 0.08437800 1.09154778
v -11.50513949 0.08429300 1.09148060
v -11.50525967 0.08442306 1.09154462
v -11.50531975 0.08446299 1.09157472
v -11.50545994 0.08446800 1.09164821
v -11.50537983 0.08449303 1.09160720
v -11.50552003 0.08451604 1.09167682
v -11.50562970 0.08451604 1.09173601
v -11.50544945 0.08450996 1.09164159
v -11.51981939 0.08437501 1.09731918
v -11.51991951 0.08425604 1.09737008
v -11.51995003 0.08423101 1.09738540
v -11.51976979 0.08435999 1.09729408
v -11.51976980 0.08442401 1.09729301
v -11.51973928 0.08437895 1.09727739
v -11.51970972 0.08446395 1.09726279
v -11.51958002 0.08445596 1.09719448
v -11.51958003 0.08451199 1.09719550
v -11.51954950 0.08446895 1.09717690
v -11.51964964 0.08449399 1.09723001
v -11.51951995 0.08451795 1.09715997
v -11.51937976 0.08451795 1.09708922
v -11.52173029 0.08153402 1.09831290
v -11.51952995 0.07906305 1.09716849
v -11.51946032 0.07897197 1.09712987
v -11.52177035 0.08158802 1.09833412
v -11.52877917 0.07407104 1.10198461
v -11.52876962 0.07390403 1.10197609
v -11.52877914 0.07366895 1.10198461
v -11.52872005 0.07413303 1.10195069
v -11.52877918 0.07414698 1.10198193
v -11.52876011 0.07422196 1.10197358
v -11.52863996 0.07434999 1.10190909
v -11.52874009 0.07429205 1.10195999
v -11.52870004 0.07435702 1.10194169
v -11.52865999 0.07441603 1.10191869
v -11.52852935 0.07455098 1.10185229
v -11.52850933 0.07458400 1.10184079
v -11.52878966 0.01004397 1.10198741
v -11.52491052 0.01450013 1.09996633
v -11.52524010 0.01004302 1.10014032
v -11.52509991 0.01005601 1.10006808
v -11.52878954 0.03004395 1.10198652
v -11.52488192 0.01461767 1.09995370
v -11.52491148 0.01455187 1.09996514
v -11.52496926 0.01009201 1.09999763
v -11.52483956 0.01015197 1.09993069
v -11.52471941 0.01023399 1.09986900
v -11.52460974 0.01033603 1.09981381
v -11.52452011 0.01045500 1.09976678
v -11.52444955 0.01058900 1.09972887
v -11.52439997 0.01073395 1.09970121
v -11.52435993 0.01088702 1.09968423
v -11.52434945 0.01104294 1.09967862
v -11.52470929 0.01439213 1.09987073
v -11.52466256 0.01443123 1.09985309
v -11.52464445 0.01449107 1.09982501
v -11.52488477 0.01443135 1.09994863
v -11.52483994 0.01438212 1.09988867
v -11.52476078 0.01437508 1.09988682
v -11.52463873 0.01454829 1.09982960
v -11.52435011 0.02904295 1.09967779
v -11.52466639 0.01461684 1.09984415
v -11.52716038 0.02681803 1.10113858
v -11.52713177 0.02674781 1.10112326
v -11.52706310 0.02669572 1.10107951
v -11.52699348 0.02669715 1.10105424
v -11.52692863 0.02673840 1.10101472
v -11.52690098 0.02680050 1.10099744
v -11.52644904 0.02794313 1.10076939
v -11.52640232 0.02796017 1.10074513
v -11.52649768 0.02794634 1.10079293
v -11.52635845 0.02799796 1.10072344
v -11.52581019 0.02910601 1.10043930
v -11.52470073 0.01464926 1.09986030
v -11.52482852 0.01466500 1.09992509
v -11.52475127 0.01467430 1.09988879
v -11.52689240 0.02685343 1.10100781
v -11.52659974 0.02808427 1.10083823
v -11.52657684 0.02802765 1.10085373
v -11.52653583 0.02798235 1.10086810
v -11.52716229 0.02686929 1.10113656
v -11.52658448 0.02814387 1.10085105
v -11.52690862 0.02690398 1.10099827
v -11.52713655 0.02693628 1.10111832
v -11.52695726 0.02695631 1.10097813
v -11.52709173 0.02697550 1.10110073
v -11.52699827 0.02699017 1.10104029
v -11.52704119 0.02699398 1.10107671
v -11.52632985 0.02806639 1.10070740
v -11.52589315 0.02906989 1.10050701
v -11.52582926 0.02908467 1.10047542
v -11.52602859 0.02925216 1.10055600
v -11.52601523 0.02918147 1.10057329
v -11.52599615 0.02910756 1.10052209
v -11.52595610 0.02908265 1.10051458
v -11.52633176 0.02812039 1.10070657
v -11.52692700 0.02978694 1.10101603
v -11.52634893 0.02817988 1.10072493
v -11.52657304 0.02818596 1.10083144
v -11.52699757 0.02974569 1.10104405
v -11.52709198 0.02976357 1.10111402
v -11.52705383 0.02974211 1.10106229
v -11.52639948 0.02824198 1.10081821
v -11.52715589 0.02986490 1.10114627
v -11.52653967 0.02821695 1.10081672
v -11.52649294 0.02823936 1.10080390
v -11.52577872 0.02917658 1.10039919
v -11.52436061 0.02919995 1.09968351
v -11.52439019 0.02935194 1.09970038
v -11.52577396 0.02926957 1.10041182
v -11.52452087 0.02963101 1.09976589
v -11.52445028 0.02949702 1.09972810
v -11.52472021 0.02985202 1.09986811
v -11.52461052 0.02974998 1.09981297
v -11.52583691 0.02934121 1.10039513
v -11.52692605 0.02983975 1.10096322
v -11.52599427 0.02933871 1.10051768
v -11.52689077 0.02989196 1.10100101
v -11.52594945 0.02936505 1.10049467
v -11.52589032 0.02937101 1.10047792
v -11.52510646 0.03003024 1.10005538
v -11.52482989 0.02993404 1.09992992
v -11.52689554 0.02993762 1.10101591
v -11.52716161 0.02991759 1.10113727
v -11.52495959 0.02999400 1.09999679
v -11.52692129 0.02998530 1.10100858
v -11.52712538 0.02998196 1.10114073
v -11.52696517 0.03002619 1.10103380
v -11.52711203 0.03001689 1.10108321
v -11.52702906 0.03004300 1.10107022
v -11.52675991 -0.03650499 1.10092991
v -11.52840039 -0.03464294 1.10178642
v -11.52671031 -0.03655196 1.10090451
v -11.52866077 -0.03435398 1.10192328
v -11.52854059 -0.03446401 1.10185688
v -11.52865028 -0.03426302 1.10191380
v -11.52871036 -0.03429497 1.10194628
v -11.52874089 -0.03423000 1.10196470
v -11.52872946 -0.03404594 1.10195528
v -11.52877046 -0.03415895 1.10197817
v -11.52879049 -0.03408504 1.10198652
v -11.52878954 -0.03400899 1.10198920
v -11.52876953 -0.03381694 1.10198068
v -11.52878958 -0.03358198 1.10198920
v -11.51951987 -0.04445697 1.09716557
v -11.51934916 -0.04443897 1.09707682
v -11.51914984 -0.04445697 1.09696852
v -11.51955993 -0.04438401 1.09718250
v -11.51958949 -0.04445101 1.09720080
v -11.51965911 -0.04443301 1.09723507
v -11.51974972 -0.04429401 1.09728287
v -11.51971919 -0.04440404 1.09726768
v -11.51977927 -0.04436399 1.09729790
v -11.51982982 -0.04431404 1.09732472
v -11.52174022 -0.04216302 1.09831809
v -11.52008925 -0.04401804 1.09745817
v -11.51992997 -0.04417098 1.09737562
v -11.52177933 -0.04210795 1.09833972
v -11.51057932 -0.04292703 1.09250872
v -11.51057941 -0.04195798 1.09250783
v -11.51057932 -0.04296399 1.09250789
v -11.51058982 -0.04283906 1.09251582
v -11.51061939 -0.04275502 1.09252970
v -11.51518946 -0.04195798 1.09490888
v -11.51515983 -0.04273904 1.09489529
v -11.51518939 -0.04281105 1.09490888
v -11.51065945 -0.04267801 1.09255009
v -11.51512932 -0.04267002 1.09487568
v -11.51071001 -0.04261006 1.09257637
v -11.51507973 -0.04260803 1.09485130
v -11.51077009 -0.04255200 1.09260773
v -11.51501966 -0.04255498 1.09482269
v -11.51495958 -0.04251302 1.09479069
v -11.51083971 -0.04250694 1.09264319
v -11.51488996 -0.04248203 1.09475582
v -11.51058992 -0.04172195 1.09251647
v -11.51090933 -0.04247595 1.09268181
v -11.51516946 -0.04172195 1.09490030
v -11.51511989 -0.04149104 1.09487461
v -11.51481939 -0.04246295 1.09471922
v -11.51098944 -0.04245997 1.09272223
v -11.51071966 -0.04127301 1.09258418
v -11.51063953 -0.04149199 1.09254210
v -11.51503980 -0.04127300 1.09483253
v -11.51475931 -0.04245795 1.09468387
v -11.51102950 -0.04245795 1.09274458
v -11.51096956 -0.04089201 1.09271299
v -11.51083031 -0.04107202 1.09264158
v -11.51386018 -0.04045797 1.09421622
v -11.51190992 -0.04045797 1.09320038
v -11.51170964 -0.04047395 1.09309779
v -11.51151032 -0.04052795 1.09299128
v -11.51131004 -0.04061700 1.09289001
v -11.51112979 -0.04073895 1.09279649
v -11.51405949 -0.04047395 1.09431880
v -11.51493014 -0.04107095 1.09477513
v -11.51478997 -0.04089202 1.09470372
v -11.51462977 -0.04073895 1.09462022
v -11.51446002 -0.04061700 1.09452658
v -11.51425976 -0.04052795 1.09442531
v -11.45264033 -0.03820098 1.06234561
v -11.45261076 -0.03818370 1.06233000
v -11.44862004 -0.04446400 1.06025492
v -11.44862043 -0.04001404 1.06025468
v -11.45021935 -0.04446305 1.06108861
v -11.45028992 -0.04445697 1.06112372
v -11.50619840 -0.04011012 1.09022867
v -11.50619992 -0.04445304 1.09022873
v -11.50626954 -0.04445804 1.09026312
v -11.50624704 -0.04009867 1.09025138
v -11.50783929 -0.04445804 1.09108512
v -11.50783968 -0.04000796 1.09108500
v -11.50630999 -0.04003502 1.09028440
v -11.50626802 -0.04007722 1.09028404
v -11.45035000 -0.04444004 1.06115799
v -11.50612935 -0.04443503 1.09019421
v -11.45041962 -0.04441000 1.06119071
v -11.50606927 -0.04440595 1.09016131
v -11.45047971 -0.04436994 1.06122081
v -11.50600920 -0.04436601 1.09013097
v -11.45052930 -0.04432095 1.06124758
v -11.45266989 -0.03820980 1.06235819
v -11.50595961 -0.04431594 1.09010391
v -11.45274046 -0.03819681 1.06239574
v -11.45270994 -0.03820802 1.06238132
v -11.45559000 -0.03861297 1.06388258
v -11.45277003 -0.03817500 1.06241380
v -11.50615167 -0.04010416 1.09019827
v -11.50611544 -0.04008222 1.09017085
v -11.50608969 -0.04005695 1.09017139
v -11.50089993 -0.03860904 1.08746849
v -11.50605822 -0.03999139 1.09016215
v -11.50631953 -0.04000998 1.09029095
v -11.45255260 -0.03809262 1.06230043
v -11.44864048 -0.03977896 1.06026321
v -11.45258025 -0.03815604 1.06231623
v -11.50083986 -0.03855694 1.08744012
v -11.50783017 -0.03977395 1.09107642
v -11.50632049 -0.03991235 1.09029072
v -11.50077978 -0.03851403 1.08740811
v -11.50071016 -0.03848399 1.08737360
v -11.50605918 -0.03992975 1.09015827
v -11.50777964 -0.03954495 1.09105097
v -11.50770051 -0.03932799 1.09100943
v -11.50631000 -0.03988505 1.09028440
v -11.50609925 -0.03984702 1.09017669
v -11.50758990 -0.03912700 1.09095262
v -11.50628330 -0.03984703 1.09026401
v -11.50421994 -0.03553200 1.08919769
v -11.50744973 -0.03894795 1.09088199
v -11.50613358 -0.03982151 1.09019666
v -11.50624325 -0.03982497 1.09027277
v -11.50475015 -0.03589798 1.08947342
v -11.50458995 -0.03574503 1.08939080
v -11.50441067 -0.03562201 1.08929812
v -11.50618889 -0.03980864 1.09022628
v -11.44868056 -0.03954996 1.06028848
v -11.44875973 -0.03933300 1.06033008
v -11.44887038 -0.03913201 1.06038700
v -11.44901058 -0.03895295 1.06045752
v -11.45255165 -0.03802897 1.06230002
v -11.45171070 -0.03590299 1.06186591
v -11.45281104 -0.03810991 1.06243436
v -11.45278815 -0.03812958 1.06245666
v -11.45280914 -0.03801108 1.06243776
v -11.45564055 -0.03856195 1.06391018
v -11.45570063 -0.03851903 1.06394200
v -11.45577025 -0.03848804 1.06397640
v -11.45583987 -0.03846897 1.06401281
v -11.50064055 -0.03846503 1.08733718
v -11.45591045 -0.03846301 1.06405001
v -11.48616024 -0.03554751 1.07979553
v -11.50056998 -0.03845895 1.08730112
v -11.45280056 -0.03798498 1.06242930
v -11.48612877 -0.03561784 1.07977574
v -11.45273190 -0.03791905 1.06239509
v -11.45277005 -0.03794516 1.06241183
v -11.48608203 -0.03565324 1.07975589
v -11.48604103 -0.03566707 1.07973253
v -11.45258027 -0.03796304 1.06231623
v -11.45261269 -0.03793503 1.06233113
v -11.45187093 -0.03575004 1.06194853
v -11.45265180 -0.03791381 1.06235253
v -11.48598285 -0.03565908 1.07970261
v -11.48595234 -0.03564192 1.07968800
v -11.45204928 -0.03562702 1.06204109
v -11.45223907 -0.03553701 1.06214153
v -11.45268041 -0.03790999 1.06236928
v -11.48591896 -0.03560937 1.07967155
v -11.48589036 -0.03554345 1.07965909
v -11.48589036 -0.03549219 1.07965778
v -11.45265964 -0.03546298 1.06235563
v -11.45244983 -0.03548206 1.06224721
v -11.50381082 -0.03545905 1.08898358
v -11.48614976 -0.03546001 1.07979094
v -11.50402063 -0.03547705 1.08909201
v -11.48616025 -0.03549100 1.07979553
v -11.48590181 -0.03546012 1.07966434
v -11.44127976 -0.04292894 1.05643200
v -11.44127031 -0.04196394 1.05643093
v -11.44127022 -0.04296304 1.05643093
v -11.44129026 -0.04284204 1.05643933
v -11.44131983 -0.04275895 1.05645340
v -11.44588990 -0.04196394 1.05883198
v -11.44586026 -0.04274297 1.05881779
v -11.44588982 -0.04281796 1.05883198
v -11.44135989 -0.04268194 1.05647390
v -11.44582021 -0.04267503 1.05879830
v -11.44140948 -0.04261399 1.05650019
v -11.44578017 -0.04261399 1.05877422
v -11.44146957 -0.04255701 1.05653148
v -11.44572009 -0.04256202 1.05874603
v -11.44566001 -0.04252005 1.05871432
v -11.44152966 -0.04251302 1.05656682
v -11.44558944 -0.04248894 1.05867999
v -11.44129035 -0.04173006 1.05643939
v -11.44160977 -0.04248203 1.05660521
v -11.44582032 -0.04149998 1.05879800
v -11.44551983 -0.04246999 1.05864393
v -11.44586989 -0.04172898 1.05882340
v -11.44168988 -0.04246605 1.05664532
v -11.44142009 -0.04128302 1.05650638
v -11.44133997 -0.04150106 1.05646472
v -11.44574023 -0.04128302 1.05875652
v -11.44545021 -0.04246403 1.05860691
v -11.44172993 -0.04246403 1.05666761
v -11.44166045 -0.04090298 1.05663370
v -11.44152978 -0.04108299 1.05656313
v -11.44455966 -0.04046405 1.05813919
v -11.44259986 -0.04046405 1.05712341
v -11.44240054 -0.04048301 1.05701499
v -11.44218977 -0.04053701 1.05690937
v -11.44199999 -0.04062797 1.05680900
v -11.44181973 -0.04075099 1.05671631
v -11.44562962 -0.04108203 1.05869972
v -11.44549994 -0.04090298 1.05862903
v -11.44533974 -0.04075004 1.05854641
v -11.44516046 -0.04062701 1.05845373
v -11.44496973 -0.04053701 1.05835329
v -11.44475993 -0.04048205 1.05824762
v -11.60170973 -0.09466506 1.09250258
v -11.60090002 -0.09513296 1.09250360
v -11.60085996 -0.09515596 1.09250252
v -11.60096964 -0.09507705 1.09251093
v -11.60102973 -0.09501196 1.09252511
v -11.60106979 -0.09493996 1.09254562
v -11.60110985 -0.09486200 1.09257190
v -11.60111939 -0.09478200 1.09260320
v -11.60112989 -0.09470094 1.09263860
v -11.60111941 -0.09462202 1.09267693
v -11.60191001 -0.09453405 1.09251123
v -11.60207978 -0.09437705 1.09253650
v -11.60108985 -0.09454705 1.09271698
v -11.60222952 -0.09419895 1.09257810
v -11.60234970 -0.09400404 1.09263491
v -11.60108031 -0.09450901 1.09273927
v -11.60244032 -0.09379698 1.09270548
v -11.60248993 -0.09358300 1.09278821
v -11.60250997 -0.09336795 1.09288077
v -11.60248997 -0.09315599 1.09298133
v -11.60242990 -0.09295202 1.09308689
v -11.60234981 -0.09276295 1.09319531
v -11.59921044 -0.09128202 1.09467869
v -11.60137053 -0.09107304 1.09421109
v -11.60040070 -0.09045805 1.09474169
v -11.59917039 -0.09121800 1.09471970
v -11.60064007 -0.09050799 1.09465628
v -11.60123990 -0.09088398 1.09433137
v -11.60107016 -0.09072400 1.09444802
v -11.60086036 -0.09059704 1.09455739
v -11.59989048 -0.09048403 1.09486191
v -11.59911032 -0.09116305 1.09475957
v -11.60014988 -0.09045006 1.09481101
v -11.59964061 -0.09055794 1.09489320
v -11.59903975 -0.09112001 1.09479700
v -11.59940981 -0.09067095 1.09490370
v -11.59896059 -0.09108902 1.09483080
v -11.59888049 -0.09107197 1.09486001
v -11.59870978 -0.09108103 1.09490108
v -11.59868975 -0.09108496 1.09490358
v -11.59878989 -0.09106995 1.09488373
v -11.59546080 -0.08879400 1.09857928
v -11.59549037 -0.08874203 1.09859621
v -11.59553041 -0.08891202 1.09850853
v -11.59544078 -0.08873297 1.09861468
v -11.59542076 -0.08866597 1.09864919
v -11.59547036 -0.08852995 1.09869670
v -11.59541027 -0.08859695 1.09868197
v -11.59542077 -0.08852602 1.09871220
v -11.59544080 -0.08845795 1.09873842
v -11.59549041 -0.08831395 1.09878932
v -11.59549995 -0.08827604 1.09880458
v -11.60017983 -0.08605302 1.09858768
v -11.59693930 -0.08538497 1.09973197
v -11.60029999 -0.08607198 1.09854912
v -11.59688017 -0.08537603 1.09975319
v -11.59963999 -0.07582701 1.10333799
v -11.59958943 -0.07600499 1.10327159
v -11.59956940 -0.07604099 1.10326003
v -11.59970961 -0.07580996 1.10332828
v -11.59966956 -0.07576097 1.10336052
v -11.59970962 -0.07569695 1.10337918
v -11.59985935 -0.07563198 1.10336988
v -11.59975922 -0.07563795 1.10339289
v -11.59981930 -0.07558704 1.10340117
v -11.59987939 -0.07554496 1.10340392
v -11.60003007 -0.07547606 1.10339527
v -11.60022940 -0.07534398 1.10340392
v -11.69421977 -0.02151896 1.10320561
v -11.69664969 -0.02201296 1.10234909
v -11.69671931 -0.02203096 1.10232382
v -11.69383926 -0.02143598 1.10334252
v -11.69347972 -0.02149905 1.10340850
v -11.69331949 -0.02160896 1.10339992
v -11.69310968 -0.02171195 1.10340851
v -11.69353980 -0.02153695 1.10337447
v -11.69353980 -0.02146603 1.10340582
v -11.69360943 -0.02144195 1.10339760
v -11.69376964 -0.02149702 1.10333298
v -11.69399947 -0.02149106 1.10327618
v -11.69376011 -0.02142704 1.10336559
v -11.69368954 -0.02142895 1.10338413
v -11.70723050 -0.02445603 1.09849601
v -11.70715995 -0.02429999 1.09858482
v -11.70735065 -0.02462698 1.09838782
v -11.70708079 -0.02430797 1.09860169
v -11.70712085 -0.02424396 1.09861999
v -11.70690056 -0.02418603 1.09870212
v -11.70701023 -0.02415598 1.09868692
v -11.70707031 -0.02419604 1.09865432
v -11.70671078 -0.02409304 1.09879469
v -11.70688054 -0.02410604 1.09874390
v -11.70695015 -0.02412594 1.09871702
v -11.70650003 -0.02403201 1.09887742
v -11.70406057 -0.02352894 1.09973728
v -11.70399000 -0.02352096 1.09975891
v -11.71375070 -0.03629399 1.09146057
v -11.71382033 -0.03611804 1.09152322
v -11.71375069 -0.03633095 1.09144561
v -11.71377074 -0.03607798 1.09155332
v -11.71382987 -0.03604997 1.09154951
v -11.71375073 -0.03586603 1.09165369
v -11.71382989 -0.03590895 1.09161298
v -11.71384037 -0.03597904 1.09158002
v -11.71382036 -0.03584195 1.09164767
v -11.71370021 -0.03566302 1.09175931
v -11.71379080 -0.03578199 1.09168230
v -11.71361058 -0.03547395 1.09186767
v -11.74187989 -0.08447195 1.06241911
v -11.74181029 -0.08431495 1.06250780
v -11.74200004 -0.08464301 1.06231080
v -11.74173018 -0.08432305 1.06252473
v -11.74177024 -0.08425904 1.06254302
v -11.74155948 -0.08420098 1.06262522
v -11.74167011 -0.08417202 1.06260990
v -11.74173019 -0.08421100 1.06257730
v -11.74154041 -0.08412195 1.06266682
v -11.74161003 -0.08414102 1.06264000
v -11.74136017 -0.08410896 1.06271778
v -11.74115037 -0.08404804 1.06280052
v -11.73432980 -0.08264698 1.06520717
v -11.73444997 -0.08267499 1.06516497
v -11.63637056 -0.15468003 1.05642562
v -11.63555989 -0.15514803 1.05642657
v -11.63553033 -0.15516700 1.05642550
v -11.63561998 -0.15509296 1.05643402
v -11.63568007 -0.15502704 1.05644809
v -11.63573062 -0.15495504 1.05646860
v -11.63576019 -0.15487696 1.05649488
v -11.63578022 -0.15479697 1.05652629
v -11.63579072 -0.15471602 1.05656158
v -11.63578024 -0.15463699 1.05659990
v -11.63657084 -0.15454900 1.05643420
v -11.63674061 -0.15439202 1.05645948
v -11.63575068 -0.15456200 1.05664008
v -11.63689035 -0.15421403 1.05650120
v -11.63701053 -0.15401901 1.05655788
v -11.63573066 -0.15452398 1.05666243
v -11.63708978 -0.15296699 1.05700998
v -11.63699920 -0.15277803 1.05711841
v -11.63709066 -0.15381206 1.05662851
v -11.63715076 -0.15359904 1.05671119
v -11.63386936 -0.15129805 1.05860161
v -11.63717081 -0.15338302 1.05680387
v -11.63714984 -0.15317095 1.05690430
v -11.63602946 -0.15108801 1.05813419
v -11.63505009 -0.15047301 1.05866473
v -11.63381978 -0.15123297 1.05864267
v -11.63588928 -0.15089895 1.05825453
v -11.63571954 -0.15073897 1.05837100
v -11.63551928 -0.15061201 1.05848049
v -11.63529995 -0.15052295 1.05857937
v -11.63454941 -0.15049900 1.05878501
v -11.63375970 -0.15117896 1.05868261
v -11.63480022 -0.15046502 1.05873399
v -11.63429954 -0.15057302 1.05881618
v -11.63369962 -0.15113497 1.05871998
v -11.63406015 -0.15068603 1.05882667
v -11.63361952 -0.15110506 1.05875378
v -11.63353941 -0.15108801 1.05878298
v -11.63336012 -0.15109599 1.05882399
v -11.63334963 -0.15110004 1.05882667
v -11.63344977 -0.15108502 1.05880659
v -11.65006935 -0.16315604 1.05084198
v -11.65012944 -0.16312601 1.05084001
v -11.65014946 -0.16316498 1.05081921
v -11.65022003 -0.16316296 1.05080067
v -11.65028965 -0.16314996 1.05078720
v -11.64996922 -0.16313399 1.05087923
v -11.65035928 -0.16308702 1.05079852
v -11.65036976 -0.16312601 1.05077891
v -11.65042985 -0.16309298 1.05077617
v -11.65055002 -0.16302897 1.05077617
v -11.71641962 -0.12805702 1.04939680
v -11.71626989 -0.12809302 1.04941862
v -11.71620027 -0.12809503 1.04943698
v -11.71612970 -0.12808598 1.04945992
v -11.71635000 -0.12808002 1.04940503
v -11.71606008 -0.12806596 1.04948680
v -11.71600000 -0.12803603 1.04951691
v -11.71585029 -0.12789202 1.04961901
v -11.71649019 -0.12802303 1.04939400
v -11.71589034 -0.12794806 1.04958390
v -11.71593992 -0.12799598 1.04954951
v -11.74159982 -0.11352099 1.04939531
v -11.74092004 -0.11136700 1.05054377
v -11.71495969 -0.12635601 1.05054252
v -11.74089049 -0.11129499 1.05058490
v -11.71491964 -0.12629200 1.05058359
v -11.71486052 -0.12623705 1.05062352
v -11.71478995 -0.12619400 1.05066090
v -11.71470984 -0.12616301 1.05069469
v -11.71462974 -0.12614597 1.05072378
v -11.74099925 -0.11082805 1.05076622
v -11.74095060 -0.11089802 1.05074881
v -11.71443995 -0.12615895 1.05076759
v -11.74100974 -0.11081601 1.05076890
v -11.74091054 -0.11097396 1.05072521
v -11.74088002 -0.11105395 1.05069589
v -11.74087047 -0.11113597 1.05066221
v -11.74087047 -0.11121704 1.05062472
v -11.71445998 -0.12615502 1.05076503
v -11.71454963 -0.12614299 1.05074750
v -11.74167040 -0.11347902 1.04939799
v -11.74172000 -0.11342800 1.04940628
v -11.74177055 -0.11336995 1.04941969
v -11.74181061 -0.11330701 1.04943823
v -11.74184018 -0.11324001 1.04946118
v -11.74186021 -0.11317004 1.04948800
v -11.74186021 -0.11309994 1.04951810
v -11.74186022 -0.11303104 1.04955082
v -11.74181064 -0.11290301 1.04962020
v -11.74184020 -0.11296499 1.04958509
v -11.71052015 -0.12843097 1.05076479
v -11.68584992 -0.14568604 1.04940610
v -11.68576981 -0.14569701 1.04942267
v -11.68568016 -0.14569402 1.04944520
v -11.68561055 -0.14567805 1.04947292
v -11.68593003 -0.14566197 1.04939591
v -11.68553044 -0.14564897 1.04950510
v -11.68601014 -0.14562500 1.04939263
v -11.68547036 -0.14560796 1.04954063
v -11.71046006 -0.12849999 1.05074732
v -11.71042000 -0.12857605 1.05072360
v -11.71039997 -0.12865604 1.05069451
v -11.71037993 -0.12873806 1.05066072
v -11.71038946 -0.12881899 1.05062329
v -11.71040948 -0.12889696 1.05058341
v -11.71043999 -0.12896896 1.05054228
v -11.71111977 -0.13112295 1.04939370
v -11.68541029 -0.14555598 1.04957848
v -11.68537024 -0.14549495 1.04961758
v -11.68448059 -0.14395798 1.05054097
v -11.68444054 -0.14390303 1.05057608
v -11.71052969 -0.12841798 1.05076741
v -11.68439000 -0.14385105 1.05061250
v -11.68432992 -0.14380897 1.05064713
v -11.68427080 -0.14377701 1.05067908
v -11.68419069 -0.14375496 1.05070763
v -11.68404001 -0.14374699 1.05075167
v -11.68396086 -0.14376104 1.05076610
v -11.68412012 -0.14374496 1.05073212
v -11.71117986 -0.13108099 1.04939662
v -11.71123995 -0.13102902 1.04940491
v -11.71128954 -0.13097097 1.04941862
v -11.71132960 -0.13090695 1.04943727
v -11.71136013 -0.13083900 1.04946052
v -11.71136967 -0.13076998 1.04948758
v -11.71137921 -0.13069905 1.04951798
v -11.71136968 -0.13063002 1.04955088
v -11.71132964 -0.13050497 1.04961883
v -11.71134966 -0.13056398 1.04958551
v -11.65519916 -0.16329599 1.04944371
v -11.65498936 -0.16321004 1.04953908
v -11.65527927 -0.16329897 1.04942130
v -11.65536987 -0.16328801 1.04940473
v -11.65512001 -0.16328002 1.04947149
v -11.65504944 -0.16325106 1.04950361
v -11.65544998 -0.16326404 1.04939448
v -11.65551960 -0.16322697 1.04939108
v -11.68005059 -0.14601995 1.05076592
v -11.68000004 -0.14608098 1.05075150
v -11.67995044 -0.14614905 1.05073183
v -11.67991992 -0.14621998 1.05070751
v -11.67991038 -0.14629306 1.05067890
v -11.67989988 -0.14636803 1.05064689
v -11.67991036 -0.14644004 1.05061232
v -11.67993038 -0.14651002 1.05057590
v -11.68063972 -0.14872504 1.04939227
v -11.65492928 -0.16315795 1.04957699
v -11.65488923 -0.16309704 1.04961609
v -11.65399959 -0.16155995 1.05053960
v -11.65395000 -0.16149605 1.05058073
v -11.65388993 -0.16144098 1.05062060
v -11.65382985 -0.16139795 1.05065798
v -11.65374974 -0.16136695 1.05069177
v -11.65366964 -0.16135002 1.05072092
v -11.65348939 -0.16135896 1.05076199
v -11.65347985 -0.16136302 1.05076473
v -11.65357999 -0.16134704 1.05074458
v -11.68071030 -0.14867700 1.04939579
v -11.68077039 -0.14862003 1.04940592
v -11.68081998 -0.14855302 1.04942237
v -11.67995994 -0.14657105 1.05054079
v -11.68086004 -0.14848101 1.04944502
v -11.68088008 -0.14840496 1.04947268
v -11.68090011 -0.14832701 1.04950481
v -11.68088963 -0.14824999 1.04954039
v -11.68084005 -0.14810801 1.04961728
v -11.68086961 -0.14817597 1.04957830
v -11.74403972 -0.10899103 1.05080288
v -11.74402923 -0.10904694 1.05078058
v -11.74389952 -0.10912300 1.05078070
v -11.74408931 -0.10900403 1.05078350
v -11.74414940 -0.10895301 1.05079173
v -11.74418947 -0.10881401 1.05084448
v -11.74419995 -0.10889602 1.05080520
v -11.74424001 -0.10883201 1.05082368
v -11.74426958 -0.10876501 1.05084663
v -11.74430965 -0.10861899 1.05090140
v -11.74432968 -0.10858299 1.05091279
v -11.74163015 -0.10484803 1.05329948
v -11.74486973 -0.10550702 1.05215852
v -11.74492981 -0.10552503 1.05213391
v -11.74150999 -0.10482002 1.05334150
v -11.74840962 -0.09630895 1.05538367
v -11.74846972 -0.09613300 1.05544608
v -11.74840008 -0.09634698 1.05536829
v -11.74842967 -0.09609402 1.05547630
v -11.74848975 -0.09606398 1.05547302
v -11.74840966 -0.09588195 1.05557667
v -11.74848976 -0.09592498 1.05553572
v -11.74850025 -0.09599400 1.05550312
v -11.74846974 -0.09585906 1.05557011
v -11.74834960 -0.09567798 1.05568241
v -11.74844018 -0.09579695 1.05560528
v -11.74826950 -0.09548904 1.05579071
v -11.74809976 -0.09549404 1.05402689
v -11.74803966 -0.09566999 1.05396443
v -11.74803012 -0.09570695 1.05394911
v -11.74805970 -0.09545399 1.05405711
v -11.74811979 -0.09542395 1.05405377
v -11.74813028 -0.09535397 1.05408387
v -11.74803970 -0.09524203 1.05415748
v -11.74811980 -0.09528495 1.05411648
v -11.74809978 -0.09521903 1.05415093
v -11.74807976 -0.09515704 1.05418598
v -11.74797963 -0.09503794 1.05426328
v -11.74789954 -0.09484900 1.05437153
v -11.74449976 -0.10486699 1.05073928
v -11.74126019 -0.10420800 1.05188029
v -11.74455984 -0.10488499 1.05071472
v -11.74114003 -0.10417998 1.05192219
v -11.74366022 -0.10840703 1.04936152
v -11.74366976 -0.10835195 1.04938369
v -11.74352956 -0.10848404 1.04936152
v -11.74372984 -0.10836400 1.04936420
v -11.74377944 -0.10831297 1.04937248
v -11.74381950 -0.10817398 1.04942541
v -11.74382999 -0.10825599 1.04938589
v -11.74387005 -0.10819197 1.04940437
v -11.74389962 -0.10812498 1.04942738
v -11.74393968 -0.10797896 1.04948210
v -11.74395971 -0.10794295 1.04949372
v -11.71603058 -0.12743474 1.04797636
v -11.71646002 -0.12414206 1.04934852
v -11.71557472 -0.12740542 1.04811751
v -11.72875897 -0.12008727 1.04797958
v -11.71456589 -0.12565841 1.04915695
v -11.71411815 -0.12008430 1.05178546
v -11.71867959 -0.11995996 1.05065613
v -11.71880930 -0.11988497 1.05065613
v -11.71953985 -0.11946024 1.05065684
v -11.71409958 -0.12528826 1.04889493
v -11.72213970 -0.11795998 1.05065643
v -11.72126990 -0.11846018 1.05065684
v -11.71830008 -0.11931528 1.05104439
v -11.71842979 -0.11924029 1.05104451
v -11.72040964 -0.11896028 1.05065679
v -11.71966956 -0.11938501 1.05065619
v -11.71439384 -0.11923231 1.05217998
v -11.71916988 -0.11881496 1.05104398
v -11.71929959 -0.11874009 1.05104427
v -11.72226941 -0.11788511 1.05065667
v -11.72139961 -0.11838497 1.05065643
v -11.72053935 -0.11888505 1.05065631
v -11.72003967 -0.11831498 1.05104410
v -11.72016938 -0.11824001 1.05104410
v -11.72314015 -0.11738468 1.05065565
v -11.72104774 -0.11792171 1.05136465
v -11.71712149 -0.11761082 1.05211966
v -11.72176973 -0.11731494 1.05104404
v -11.72400041 -0.11688507 1.05065661
v -11.72386975 -0.11696030 1.05065684
v -11.72300949 -0.11746002 1.05065643
v -11.72189944 -0.11723996 1.05104410
v -11.72262999 -0.11681498 1.05104421
v -11.72275969 -0.11673999 1.05104422
v -11.72349978 -0.11631490 1.05104380
v -11.72386908 -0.11371650 1.05212044
v -11.72741665 -0.11495162 1.05071728
v -11.72573047 -0.11588551 1.05065762
v -11.72559981 -0.11596002 1.05065649
v -11.72473955 -0.11645998 1.05065643
v -11.72487021 -0.11638499 1.05065643
v -11.72436958 -0.11581518 1.05104445
v -11.72363044 -0.11624003 1.05104421
v -11.72450024 -0.11573995 1.05104427
v -11.72522984 -0.11531508 1.05104445
v -11.72993067 -0.11345972 1.05065607
v -11.72920011 -0.11388482 1.05065607
v -11.72631229 -0.11503673 1.04979955
v -11.72610059 -0.11481465 1.05104350
v -11.72536050 -0.11523999 1.05104427
v -11.72623029 -0.11474002 1.05104439
v -11.72695989 -0.11431504 1.05104439
v -11.74136910 -0.11280132 1.04797511
v -11.73080046 -0.11295939 1.05065750
v -11.72907041 -0.11396004 1.05065673
v -11.72873478 -0.11322368 1.05092626
v -11.72820061 -0.11446000 1.05065661
v -11.72833032 -0.11438502 1.05065661
v -11.72783064 -0.11381496 1.05104439
v -11.72709055 -0.11424029 1.05104487
v -11.72796035 -0.11373998 1.05104439
v -11.73006037 -0.11338497 1.05065672
v -11.72986011 -0.11318267 1.05194627
v -11.73093017 -0.11288454 1.05065571
v -11.73043049 -0.11231375 1.05104404
v -11.73261444 -0.11191309 1.05065822
v -11.73179996 -0.11238397 1.05065679
v -11.74149980 -0.11237003 1.04813777
v -11.73167026 -0.11246002 1.05065678
v -11.73056020 -0.11223853 1.05104356
v -11.73129075 -0.11181403 1.05104457
v -11.73142046 -0.11173869 1.05104386
v -11.74049954 -0.11063826 1.04917680
v -11.73811050 -0.11163998 1.04934960
v -11.73478636 -0.10741509 1.05211901
v -11.73215864 -0.11131538 1.05104529
v -11.73340031 -0.11145903 1.05065690
v -11.73302939 -0.11081399 1.05104469
v -11.73229025 -0.11123896 1.05104457
v -11.73571332 -0.10751010 1.05183344
v -11.73315910 -0.11073900 1.05104469
v -11.74051103 -0.11012066 1.04908942
v -11.73353002 -0.11138404 1.05065690
v -11.68604006 -0.14170599 1.04934709
v -11.68508705 -0.14499582 1.04811173
v -11.68553908 -0.14504147 1.04797303
v -11.69093907 -0.14192332 1.04797416
v -11.68401051 -0.14315713 1.04921346
v -11.68364765 -0.13754833 1.05184357
v -11.68819000 -0.13756205 1.05065470
v -11.68831971 -0.13748671 1.05065422
v -11.68359185 -0.14309801 1.04930948
v -11.69092051 -0.13598728 1.05065524
v -11.68992006 -0.13656259 1.05065595
v -11.69930322 -0.13709689 1.04797541
v -11.68782003 -0.13691701 1.05104249
v -11.68407115 -0.13670719 1.05213003
v -11.69078985 -0.13606203 1.05065470
v -11.69004976 -0.13648702 1.05065464
v -11.68895493 -0.13672996 1.04999833
v -11.68868983 -0.13641680 1.05104201
v -11.68794974 -0.13684202 1.05104249
v -11.68882049 -0.13634206 1.05104249
v -11.68967979 -0.13584197 1.05104272
v -11.68955009 -0.13591707 1.05104296
v -11.69041988 -0.13541675 1.05104213
v -11.69166060 -0.13556195 1.05065482
v -11.69179031 -0.13548697 1.05065482
v -11.69266200 -0.13515796 1.05095165
v -11.69055054 -0.13534165 1.05104207
v -11.69128014 -0.13491691 1.05104243
v -11.69140985 -0.13484240 1.05104362
v -11.69339066 -0.13456215 1.05065523
v -11.69352036 -0.13448704 1.05065476
v -11.69243029 -0.13475121 1.05186741
v -11.69306552 -0.13384414 1.05096405
v -11.69201376 -0.13211037 1.05211668
v -11.69525042 -0.13348723 1.05065565
v -11.69512071 -0.13356197 1.05065500
v -11.69424996 -0.13406193 1.05065488
v -11.69438062 -0.13398696 1.05065488
v -11.69387999 -0.13341701 1.05104278
v -11.69337552 -0.13320196 1.05127113
v -11.69401065 -0.13334204 1.05104290
v -11.69475074 -0.13291705 1.05104290
v -11.71083278 -0.13043774 1.04797291
v -11.69870957 -0.13148750 1.05065631
v -11.69599051 -0.13306201 1.05065500
v -11.69612021 -0.13298703 1.05065500
v -11.69561005 -0.13241769 1.05104445
v -11.69488045 -0.13284171 1.05104237
v -11.69574166 -0.13234318 1.05104553
v -11.69695376 -0.13259043 1.05080150
v -11.69666198 -0.13208271 1.05149179
v -11.69944966 -0.13106204 1.05065512
v -11.69857987 -0.13156200 1.05065517
v -11.69833959 -0.13099254 1.05129396
v -11.69784931 -0.13198699 1.05065512
v -11.69771961 -0.13206197 1.05065512
v -11.69667938 -0.12941743 1.05211823
v -11.69734964 -0.13141705 1.05104302
v -11.69747935 -0.13134195 1.05104302
v -11.70045012 -0.13048697 1.05065529
v -11.69957937 -0.13098766 1.05065649
v -11.69907969 -0.13041688 1.05104272
v -11.70130942 -0.12998701 1.05065541
v -11.70117972 -0.13006211 1.05065553
v -11.70031946 -0.13056196 1.05065518
v -11.69993995 -0.12991596 1.05104308
v -11.70006966 -0.12984133 1.05104410
v -11.71103977 -0.13001932 1.04810493
v -11.70213535 -0.12951792 1.05066221
v -11.69994970 -0.12752772 1.05211817
v -11.69920940 -0.13034082 1.05104284
v -11.70089558 -0.12941469 1.05112361
v -11.71000519 -0.12821174 1.04917966
v -11.70768958 -0.12920500 1.04934811
v -11.70167954 -0.12891985 1.05104958
v -11.70298988 -0.12904108 1.05069058
v -11.70181020 -0.12884105 1.05104320
v -11.71005101 -0.12774743 1.04915296
v -11.70529336 -0.12507546 1.05183308
v -11.70266951 -0.12834097 1.05104332
v -11.70253980 -0.12841595 1.05104320
v -11.70436830 -0.12497664 1.05211013
v -11.65507334 -0.16263211 1.04797481
v -11.65562009 -0.15927101 1.04934560
v -11.65462607 -0.16262723 1.04809349
v -11.66020437 -0.15967131 1.04797183
v -11.65357336 -0.16084744 1.04951714
v -11.65322864 -0.15511455 1.05184161
v -11.65770995 -0.15516400 1.05065309
v -11.65784061 -0.15508903 1.05065309
v -11.65858070 -0.15466440 1.05065196
v -11.65944001 -0.15416396 1.05065315
v -11.66547465 -0.15662767 1.04797356
v -11.67033482 -0.15382267 1.04797428
v -11.66290965 -0.15216339 1.05065202
v -11.65733998 -0.15451897 1.05104112
v -11.65364642 -0.15426256 1.05210744
v -11.66044046 -0.15358902 1.05065339
v -11.66031076 -0.15366341 1.05065208
v -11.65871041 -0.15458894 1.05065321
v -11.65820024 -0.15401888 1.05104094
v -11.65747064 -0.15444399 1.05104112
v -11.65833090 -0.15394438 1.05104201
v -11.65957067 -0.15408898 1.05065321
v -11.65906908 -0.15351904 1.05104112
v -11.65919974 -0.15344370 1.05104052
v -11.66203986 -0.15266420 1.05065398
v -11.66129977 -0.15308929 1.05065392
v -11.65993983 -0.15301896 1.05104117
v -11.66303936 -0.15208866 1.05065261
v -11.66116911 -0.15316404 1.05065333
v -11.66006954 -0.15294398 1.05104129
v -11.66080009 -0.15251900 1.05104118
v -11.66216956 -0.15258898 1.05065339
v -11.66092980 -0.15244437 1.05104195
v -11.66166989 -0.15201903 1.05104129
v -11.66179959 -0.15194406 1.05104129
v -11.66253015 -0.15151918 1.05104195
v -11.66476941 -0.15108896 1.05065351
v -11.66463971 -0.15116395 1.05065351
v -11.66385670 -0.15166474 1.05073809
v -11.66562584 -0.15073276 1.05088972
v -11.66339994 -0.15101899 1.05104129
v -11.66387129 -0.14836181 1.05211734
v -11.66265985 -0.15144432 1.05104207
v -11.66352965 -0.15094400 1.05104129
v -11.66432601 -0.15047455 1.05103027
v -11.68039947 -0.14800716 1.04797142
v -11.66822952 -0.14908946 1.05065464
v -11.66523013 -0.15004254 1.05117701
v -11.66910027 -0.14858902 1.05065357
v -11.66731012 -0.14981187 1.05056636
v -11.66622294 -0.14975930 1.04983859
v -11.66595213 -0.14928688 1.05060815
v -11.66809982 -0.14916397 1.05065369
v -11.66772985 -0.14851893 1.05104117
v -11.66737022 -0.14958896 1.05065363
v -11.66723956 -0.14966405 1.05065363
v -11.66683432 -0.14882398 1.05069231
v -11.66896961 -0.14866401 1.05065369
v -11.66785955 -0.14844358 1.05104082
v -11.66859011 -0.14801801 1.05104159
v -11.67083033 -0.14758898 1.05065386
v -11.66995958 -0.14808918 1.05065428
v -11.66982987 -0.14816405 1.05065380
v -11.66954859 -0.14752091 1.05113136
v -11.66871981 -0.14794303 1.05104159
v -11.67379860 -0.14262844 1.05212008
v -11.68053969 -0.14759339 1.04812430
v -11.67165244 -0.14711333 1.05064904
v -11.67069967 -0.14766397 1.05065380
v -11.67032970 -0.14701796 1.05104171
v -11.67046036 -0.14694311 1.05104195
v -11.67119091 -0.14651812 1.05104308
v -11.67727057 -0.14677001 1.04934662
v -11.67242972 -0.14666403 1.05065392
v -11.67132062 -0.14644302 1.05104171
v -11.67953086 -0.14580787 1.04933225
v -11.67496970 -0.14279342 1.05173760
v -11.67219041 -0.14594305 1.05104177
v -11.67256038 -0.14658904 1.05065392
v -11.67969016 -0.14540089 1.04939126
v -11.67205975 -0.14601804 1.05104177
v -11.67439561 -0.14248133 1.05199777
v -11.64975947 -0.16248704 1.04942082
v -11.64969939 -0.16251601 1.04942279
v -11.64977950 -0.16252494 1.04939990
v -11.64985007 -0.16252304 1.04938148
v -11.64998931 -0.16244699 1.04937922
v -11.64991969 -0.16251004 1.04936789
v -11.64959926 -0.16249395 1.04945998
v -11.64999980 -0.16248705 1.04935973
v -11.65006942 -0.16245294 1.04935693
v -11.65018005 -0.16238904 1.04935693
v -11.63011973 -0.14881004 1.06250231
v -11.63015025 -0.14875699 1.06251918
v -11.63019029 -0.14892698 1.06243150
v -11.63009017 -0.14874901 1.06253682
v -11.63007968 -0.14868296 1.06257157
v -11.63013024 -0.14854503 1.06261968
v -11.63007015 -0.14861298 1.06260460
v -11.63007969 -0.14854206 1.06263499
v -11.63009019 -0.14847399 1.06266128
v -11.63015029 -0.14832998 1.06271230
v -11.63015029 -0.14829195 1.06272738
v -11.63662951 -0.15979804 1.05405163
v -11.63666002 -0.15984595 1.05402153
v -11.63676969 -0.15986705 1.05398421
v -11.63658945 -0.15982605 1.05404829
v -11.63653033 -0.15979601 1.05407839
v -11.63645023 -0.15967597 1.05415200
v -11.63647025 -0.15975595 1.05411099
v -11.63641971 -0.15970803 1.05414538
v -11.63637966 -0.15965200 1.05418049
v -11.63633008 -0.15955401 1.05423980
v -11.63702999 -0.16048599 1.05544071
v -11.63699947 -0.16043795 1.05547081
v -11.63713012 -0.16050697 1.05540340
v -11.63695942 -0.16046596 1.05546748
v -11.63690029 -0.16043605 1.05549758
v -11.63682019 -0.16031600 1.05557119
v -11.63684021 -0.16039598 1.05553018
v -11.63678967 -0.16034795 1.05556457
v -11.63674962 -0.16029204 1.05559980
v -11.63670004 -0.16019404 1.05565899
v -11.63105992 -0.15032900 1.05977087
v -11.62974976 -0.14817000 1.06108301
v -11.63109996 -0.15049900 1.05968301
v -11.63103991 -0.15011705 1.05987119
v -11.63104947 -0.14990105 1.05996387
v -11.63110957 -0.14968694 1.06004660
v -11.63118970 -0.14947999 1.06011717
v -11.63130988 -0.14928497 1.06017398
v -11.63145962 -0.14910699 1.06021558
v -11.63163988 -0.14895095 1.06024097
v -11.63182967 -0.14881898 1.06024950
v -11.63432277 -0.14666308 1.06057392
v -11.63428939 -0.14663697 1.06059443
v -11.63436377 -0.14668036 1.06055348
v -11.63439042 -0.14734400 1.06024962
v -11.63425983 -0.14657534 1.06062954
v -11.62971925 -0.14810576 1.06111978
v -11.62970019 -0.14797295 1.06118517
v -11.62971927 -0.14783753 1.06124090
v -11.63425984 -0.14652825 1.06064992
v -11.63212985 -0.14059604 1.06387757
v -11.63458021 -0.14721299 1.06025808
v -11.63441050 -0.14667989 1.06054138
v -11.63474998 -0.14705600 1.06028347
v -11.63448299 -0.14664853 1.06053345
v -11.63445056 -0.14667095 1.06053679
v -11.63489972 -0.14687801 1.06032508
v -11.63452972 -0.14660764 1.06054543
v -11.63501990 -0.14668299 1.06038200
v -11.63511052 -0.14647604 1.06045251
v -11.63454975 -0.14651288 1.06058054
v -11.63454975 -0.14656103 1.06056051
v -11.63454022 -0.14648999 1.06059300
v -11.63427987 -0.14648200 1.06066500
v -11.63454022 -0.14646901 1.06060498
v -11.63214988 -0.14052296 1.06390588
v -11.63431230 -0.14644994 1.06067245
v -11.63214989 -0.14037706 1.06397193
v -11.63215942 -0.14044905 1.06393747
v -11.63640023 -0.14260805 1.06186103
v -11.63444009 -0.14640797 1.06065809
v -11.63448587 -0.14643122 1.06065523
v -11.63451543 -0.14644814 1.06063436
v -11.63212987 -0.14030696 1.06400799
v -11.63435045 -0.14641835 1.06066810
v -11.63630972 -0.14157404 1.06235080
v -11.63439908 -0.14640558 1.06066339
v -11.63644984 -0.14239396 1.06194370
v -11.63646988 -0.14217795 1.06203638
v -11.63644987 -0.14196600 1.06213682
v -11.63639935 -0.14176298 1.06224250
v -11.61072936 -0.09727706 1.08897888
v -11.61000054 -0.09968103 1.08808463
v -11.61000054 -0.09972871 1.08806353
v -11.63209936 -0.14024295 1.06404500
v -11.60997764 -0.09977794 1.08804684
v -11.60992900 -0.09982158 1.08803927
v -11.60990039 -0.09983898 1.08804010
v -11.60977054 -0.10156406 1.08729612
v -11.60986224 -0.09984864 1.08804648
v -11.60973049 -0.10150505 1.08733307
v -11.60967995 -0.10145498 1.08736931
v -11.60961987 -0.10141302 1.08740358
v -11.60955026 -0.10138095 1.08743518
v -11.60948064 -0.10135997 1.08746349
v -11.60981360 -0.09984947 1.08805983
v -11.60975066 -0.09982205 1.08808463
v -11.60200014 -0.09983004 1.09009849
v -11.60972015 -0.09978701 1.08810829
v -11.60971061 -0.09976591 1.08812069
v -11.60974018 -0.09980596 1.08809631
v -11.60971062 -0.09969522 1.08815276
v -11.60193053 -0.09981097 1.09012531
v -11.60187045 -0.09977997 1.09015541
v -11.60181037 -0.09974099 1.09018807
v -11.60177032 -0.09969295 1.09022241
v -11.60093979 -0.09826900 1.09107970
v -11.60173027 -0.09963704 1.09025757
v -11.60476995 -0.09605695 1.09107988
v -11.60972874 -0.09965171 1.08816778
v -11.60996812 -0.09960771 1.08808069
v -11.60975831 -0.09962226 1.08817505
v -11.60497977 -0.09595395 1.09107142
v -11.60995954 -0.09960938 1.08812820
v -11.60542991 -0.09584201 1.09100442
v -11.60520007 -0.09588195 1.09104602
v -11.60588004 -0.09586395 1.09087699
v -11.60565975 -0.09583606 1.09094762
v -11.60980123 -0.09958721 1.08817326
v -11.60987969 -0.09668196 1.08946859
v -11.60991853 -0.09958340 1.08815097
v -11.60984987 -0.09957553 1.08817099
v -11.60988992 -0.09957601 1.08816128
v -11.61008949 -0.09674300 1.08938609
v -11.61060921 -0.09710599 1.08908730
v -11.61045950 -0.09695805 1.08919298
v -11.61027926 -0.09683502 1.08929329
v -11.60237011 -0.10046996 1.09151768
v -11.60234055 -0.10042204 1.09154778
v -11.60248073 -0.10049201 1.09148060
v -11.60230049 -0.10045100 1.09154378
v -11.60224041 -0.10042096 1.09157412
v -11.60216985 -0.10029997 1.09164821
v -11.60218033 -0.10038103 1.09160678
v -11.60213075 -0.10033298 1.09164142
v -11.60210024 -0.10027696 1.09167682
v -11.60204016 -0.10017801 1.09173601
v -11.59512041 -0.08810199 1.09717690
v -11.59510037 -0.08815504 1.09715997
v -11.59516045 -0.08827199 1.09708922
v -11.59507082 -0.08809305 1.09719531
v -11.59512041 -0.08806694 1.09719448
v -11.59505079 -0.08802701 1.09722959
v -11.59504031 -0.08795798 1.09726219
v -11.59510040 -0.08789004 1.09727739
v -11.59505081 -0.08788801 1.09729229
v -11.59510040 -0.08785296 1.09729408
v -11.59507084 -0.08781803 1.09731918
v -11.59512044 -0.08767499 1.09737008
v -11.59513094 -0.08763696 1.09738539
v -11.59656933 -0.08474506 1.09831290
v -11.59980986 -0.08541299 1.09716849
v -11.59993002 -0.08543194 1.09712987
v -11.59651021 -0.08473600 1.09833412
v -11.59921947 -0.07536496 1.10185229
v -11.59927003 -0.07518698 1.10191869
v -11.59919944 -0.07540096 1.10184078
v -11.59933965 -0.07517005 1.10190909
v -11.59929960 -0.07511998 1.10194169
v -11.59948939 -0.07499195 1.10195069
v -11.59938925 -0.07499899 1.10197358
v -11.59933966 -0.07505704 1.10195999
v -11.59944934 -0.07494796 1.10198193
v -11.59966011 -0.07483603 1.10197609
v -11.59950942 -0.07490505 1.10198461
v -11.59985944 -0.07470394 1.10198461
v -11.64028066 -0.05637301 1.09972810
v -11.63980394 -0.05511368 1.10041969
v -11.64012998 -0.05637694 1.09976589
v -11.63998026 -0.05635799 1.09981297
v -11.64043039 -0.05634702 1.09970038
v -11.63984007 -0.05631805 1.09986811
v -11.64058013 -0.05629803 1.09968351
v -11.63986974 -0.05508853 1.10041576
v -11.63971038 -0.05625595 1.09992992
v -11.64072032 -0.05622996 1.09967779
v -11.63959022 -0.05617405 1.09999679
v -11.63991171 -0.05501629 1.10038434
v -11.63993937 -0.05494381 1.10046105
v -11.63995177 -0.05498887 1.10050147
v -11.65630989 -0.04722894 1.09967863
v -11.65313878 -0.04872704 1.09982966
v -11.63949009 -0.05607582 1.10006898
v -11.63975816 -0.05511404 1.10043113
v -11.63857566 -0.05446482 1.10103064
v -11.63850223 -0.05438364 1.10108780
v -11.63867675 -0.05446590 1.10099678
v -11.63863288 -0.05447114 1.10100203
v -11.63969427 -0.05509306 1.10045623
v -11.63873683 -0.05443646 1.10099809
v -11.63877117 -0.05440069 1.10101508
v -11.63878930 -0.05428303 1.10105817
v -11.63879025 -0.05435492 1.10102932
v -11.63964945 -0.05503131 1.10049843
v -11.63875974 -0.05424405 1.10108231
v -11.63877977 -0.05426205 1.10107027
v -11.63873971 -0.05422748 1.10113757
v -11.63964946 -0.05496062 1.10052692
v -11.63966949 -0.05491484 1.10054325
v -11.64060989 -0.05398775 1.10071712
v -11.63970191 -0.05487884 1.10055410
v -11.64054694 -0.05405606 1.10073029
v -11.64048305 -0.05407060 1.10073166
v -11.64041820 -0.05405463 1.10073959
v -11.63990982 -0.05488301 1.10049592
v -11.63985927 -0.05484606 1.10051792
v -11.63976295 -0.05484975 1.10056095
v -11.63763929 -0.05288900 1.10198651
v -11.63980301 -0.05483950 1.10054247
v -11.64034000 -0.05395831 1.10080068
v -11.64033810 -0.05389560 1.10081278
v -11.64038102 -0.05384887 1.10084938
v -11.64036956 -0.05401875 1.10076480
v -11.63848889 -0.05432786 1.10105925
v -11.63850987 -0.05429698 1.10112332
v -11.63854993 -0.05427111 1.10116821
v -11.63859476 -0.05421532 1.10114848
v -11.63866628 -0.05420328 1.10113721
v -11.64062992 -0.05394162 1.10073243
v -11.64062898 -0.05386401 1.10076897
v -11.64130998 -0.05294562 1.10099791
v -11.64124513 -0.05295397 1.10103058
v -11.64137865 -0.05291451 1.10100471
v -11.64117075 -0.05291022 1.10105221
v -11.64056890 -0.05378962 1.10076927
v -11.64043252 -0.05380048 1.10084753
v -11.64050501 -0.05378271 1.10082470
v -11.64118030 -0.05273748 1.10114341
v -11.64114977 -0.05286444 1.10112887
v -11.64114787 -0.05277408 1.10110782
v -11.64141012 -0.05287505 1.10101037
v -11.64122131 -0.05269362 1.10113715
v -11.65294043 -0.04858817 1.09994327
v -11.65296428 -0.04853524 1.09996061
v -11.65495986 -0.04288805 1.10198741
v -11.65294329 -0.04866947 1.09990447
v -11.64143015 -0.05282987 1.10102569
v -11.64142921 -0.05275084 1.10105972
v -11.64138344 -0.05269695 1.10109626
v -11.64130428 -0.05267204 1.10112296
v -11.65298810 -0.04872073 1.09986984
v -11.65306344 -0.04874504 1.09984623
v -11.65319029 -0.04869462 1.09984194
v -11.65321032 -0.04861678 1.09980803
v -11.65321986 -0.04862095 1.09985362
v -11.65323226 -0.04858018 1.09986584
v -11.65684020 -0.04641104 1.09990947
v -11.65320079 -0.04851128 1.09990888
v -11.65683068 -0.04625298 1.09998243
v -11.65673057 -0.04595996 1.10014032
v -11.65314548 -0.04847182 1.09994124
v -11.65679064 -0.04610099 1.10006010
v -11.65302913 -0.04848362 1.09996765
v -11.65307300 -0.04847003 1.09996681
v -11.65645009 -0.04713000 1.09968560
v -11.65681062 -0.04657102 1.09984361
v -11.65658075 -0.04701102 1.09970640
v -11.65667994 -0.04687596 1.09974038
v -11.65676006 -0.04672695 1.09978663
v -11.69628927 -0.02137304 1.10092990
v -11.69384981 -0.02087999 1.10178642
v -11.69634935 -0.02139200 1.10090451
v -11.69346930 -0.02079595 1.10192328
v -11.69294953 -0.02096904 1.10198068
v -11.69310976 -0.02085901 1.10198920
v -11.69273971 -0.02107204 1.10198920
v -11.69316984 -0.02089704 1.10195528
v -11.69316984 -0.02082599 1.10198658
v -11.69339967 -0.02085699 1.10191380
v -11.69331957 -0.02078904 1.10196482
v -11.69324995 -0.02080203 1.10197841
v -11.69362951 -0.02085198 1.10185688
v -11.69339014 -0.02078701 1.10194640
v -11.70679094 -0.02365996 1.09716557
v -11.70686054 -0.02381695 1.09707682
v -11.70698069 -0.02398802 1.09696852
v -11.70671083 -0.02366806 1.09718250
v -11.70675089 -0.02360404 1.09720080
v -11.70669939 -0.02355600 1.09723507
v -11.70652964 -0.02354599 1.09728288
v -11.70663931 -0.02351595 1.09726768
v -11.70650962 -0.02346600 1.09732472
v -11.70633987 -0.02345396 1.09737562
v -11.70657924 -0.02348603 1.09729790
v -11.70368965 -0.02288998 1.09831809
v -11.70612911 -0.02339304 1.09745817
v -11.70362957 -0.02288104 1.09833973
v -11.70937942 -0.03210903 1.09268211
v -11.70932984 -0.03205002 1.09272223
v -11.70835988 -0.03287900 1.09260051
v -11.70860974 -0.03284503 1.09254949
v -11.70811002 -0.03287102 1.09266971
v -11.70785920 -0.03282095 1.09275513
v -11.70885961 -0.03277100 1.09251832
v -11.70929932 -0.03201402 1.09274452
v -11.70763987 -0.03273202 1.09285401
v -11.70909995 -0.03265799 1.09250783
v -11.70943950 -0.03215803 1.09264373
v -11.70743960 -0.03260494 1.09296339
v -11.70992969 -0.03217400 1.09250890
v -11.70984958 -0.03220500 1.09251617
v -11.70996974 -0.03215504 1.09250783
v -11.70975993 -0.03222299 1.09253030
v -11.70967982 -0.03222705 1.09255080
v -11.70959018 -0.03221799 1.09257721
v -11.70951007 -0.03219403 1.09260838
v -11.70726986 -0.03244496 1.09307997
v -11.70712969 -0.03225602 1.09320031
v -11.70615995 -0.03056599 1.09421610
v -11.70743994 -0.02878798 1.09468387
v -11.70607032 -0.03037704 1.09432452
v -11.70601026 -0.03017295 1.09443020
v -11.70599979 -0.02996100 1.09453057
v -11.70601030 -0.02974595 1.09462332
v -11.70607040 -0.02953196 1.09470593
v -11.70614957 -0.02932502 1.09477662
v -11.70626975 -0.02912999 1.09483342
v -11.70741038 -0.02872301 1.09472089
v -11.70642045 -0.02895201 1.09487491
v -11.70739036 -0.02865399 1.09475701
v -11.70659021 -0.02879501 1.09490030
v -11.70679050 -0.02866400 1.09490888
v -11.70737988 -0.02858103 1.09479128
v -11.70739037 -0.02850796 1.09482299
v -11.70741041 -0.02843500 1.09485130
v -11.70743998 -0.02836395 1.09487538
v -11.70748004 -0.02829696 1.09489482
v -11.70752963 -0.02823604 1.09490900
v -11.73478166 -0.08482648 1.06230455
v -11.73728006 -0.08747996 1.06045752
v -11.73749940 -0.08750797 1.06038689
v -11.73772924 -0.08750201 1.06033008
v -11.73796003 -0.08746196 1.06028848
v -11.73474542 -0.08485735 1.06229829
v -11.73469106 -0.08487977 1.06230383
v -11.73327946 -0.08666194 1.06186591
v -11.73817938 -0.08738996 1.06026309
v -11.73839015 -0.08728696 1.06025462
v -11.74224987 -0.08506204 1.06025480
v -11.73481028 -0.08476282 1.06232487
v -11.73465673 -0.08488596 1.06231665
v -11.73459855 -0.08487571 1.06233083
v -11.73306966 -0.08660102 1.06194853
v -11.73287989 -0.08650899 1.06204109
v -11.73454706 -0.08483673 1.06235938
v -11.73269965 -0.08638705 1.06214153
v -11.73254994 -0.08623803 1.06224721
v -11.73242979 -0.08606697 1.06235563
v -11.73452417 -0.08477701 1.06241917
v -11.73452990 -0.08472897 1.06241380
v -11.71581071 -0.05727471 1.07966338
v -11.73480933 -0.08468354 1.06235968
v -11.74140600 -0.08361662 1.06112437
v -11.73453276 -0.08469451 1.06242733
v -11.74136022 -0.08357096 1.06115799
v -11.74130015 -0.08353199 1.06119071
v -11.74124007 -0.08350194 1.06122081
v -11.74117045 -0.08348203 1.06124758
v -11.71592993 -0.05716599 1.07967930
v -11.71592707 -0.05718542 1.07967656
v -11.73456615 -0.08465637 1.06243568
v -11.71594042 -0.05715681 1.07968246
v -11.71591848 -0.05720187 1.07966565
v -11.71589654 -0.05722786 1.07965659
v -11.71587938 -0.05724312 1.07965772
v -11.71584218 -0.05726529 1.07965862
v -11.73477310 -0.08464409 1.06240552
v -11.71593184 -0.05710043 1.07972812
v -11.71594043 -0.05709661 1.07970958
v -11.71106933 -0.04306902 1.08730112
v -11.71591945 -0.05705584 1.07973264
v -11.73459953 -0.08463097 1.06243848
v -11.73475021 -0.08462299 1.06240391
v -11.73368996 -0.08195198 1.06388258
v -11.73362034 -0.08193101 1.06391089
v -11.73464912 -0.08461250 1.06243544
v -11.73354977 -0.08189953 1.06394320
v -11.73344011 -0.08180703 1.06401299
v -11.73340006 -0.08174802 1.06405001
v -11.73469013 -0.08460773 1.06242483
v -11.71103977 -0.04300500 1.08733808
v -11.70684943 -0.04177094 1.08898359
v -11.71568103 -0.05706383 1.07979016
v -11.71570296 -0.05704309 1.07979398
v -11.71573158 -0.05702186 1.07979767
v -11.71586986 -0.05701805 1.07976412
v -11.71578403 -0.05700482 1.07979225
v -11.71582790 -0.05700315 1.07978105
v -11.71100736 -0.04286409 1.08739435
v -11.70954679 -0.03759373 1.09016626
v -11.70967268 -0.03753651 1.09016173
v -11.70963453 -0.03756941 1.09015660
v -11.70958112 -0.03758956 1.09015863
v -11.71101976 -0.04278899 1.08744030
v -11.71103980 -0.04271604 1.08746849
v -11.71345037 -0.03547801 1.09010391
v -11.70970988 -0.03744866 1.09018766
v -11.70948862 -0.03758431 1.09018504
v -11.70675980 -0.04158104 1.08909201
v -11.70671023 -0.04137803 1.08919768
v -11.70669022 -0.04116596 1.08929812
v -11.70671027 -0.04094995 1.08939080
v -11.70675987 -0.04073597 1.08947342
v -11.70943807 -0.03754736 1.09021442
v -11.70805054 -0.03686798 1.09088187
v -11.70941233 -0.03748191 1.09027039
v -11.70941996 -0.03743900 1.09026902
v -11.70970035 -0.03742505 1.09020071
v -11.70941997 -0.03741599 1.09027748
v -11.70970035 -0.03740181 1.09021221
v -11.70814020 -0.03666104 1.09095262
v -11.70944953 -0.03737653 1.09028899
v -11.70826038 -0.03646601 1.09100931
v -11.71345135 -0.03520668 1.09022736
v -11.70968032 -0.03736199 1.09023647
v -11.71347136 -0.03534246 1.09016179
v -11.70841012 -0.03628803 1.09105097
v -11.70948578 -0.03734244 1.09029417
v -11.71342083 -0.03514195 1.09026312
v -11.70963169 -0.03732694 1.09026353
v -11.70857989 -0.03613103 1.09107630
v -11.71262940 -0.03377498 1.09108513
v -11.70878017 -0.03600002 1.09108489
v -11.70953632 -0.03732527 1.09029536
v -11.70957447 -0.03731752 1.09028315
v -11.74402976 -0.09212400 1.05660509
v -11.74398018 -0.09206498 1.05664532
v -11.74301022 -0.09289396 1.05652361
v -11.74327057 -0.09285999 1.05647253
v -11.74276036 -0.09288598 1.05659281
v -11.74252003 -0.09283603 1.05667822
v -11.74352044 -0.09278596 1.05644130
v -11.74396015 -0.09202899 1.05666750
v -11.74229974 -0.09274698 1.05677699
v -11.74375029 -0.09267295 1.05643081
v -11.74410033 -0.09217299 1.05656682
v -11.74208995 -0.09262002 1.05688648
v -11.74459052 -0.09218896 1.05643188
v -11.74451041 -0.09222103 1.05643921
v -11.74462009 -0.09217394 1.05643093
v -11.74441981 -0.09223903 1.05645328
v -11.74433016 -0.09224297 1.05647390
v -11.74425005 -0.09223295 1.05650019
v -11.74416995 -0.09220899 1.05653142
v -11.74192021 -0.09246005 1.05700313
v -11.74179052 -0.09227098 1.05712341
v -11.74081029 -0.09058095 1.05813919
v -11.74209982 -0.08880294 1.05860679
v -11.74072066 -0.09039200 1.05824762
v -11.74067014 -0.09018804 1.05835317
v -11.74065013 -0.08997596 1.05845373
v -11.74067017 -0.08976102 1.05854629
v -11.74072074 -0.08954704 1.05862903
v -11.74081040 -0.08933998 1.05869960
v -11.74092963 -0.08914495 1.05875640
v -11.74206931 -0.08873905 1.05864393
v -11.74107937 -0.08896697 1.05879789
v -11.74204928 -0.08866895 1.05867999
v -11.74124914 -0.08881105 1.05882328
v -11.74144942 -0.08867896 1.05883192
v -11.74206933 -0.08844996 1.05877422
v -11.74209985 -0.08837903 1.05879830
v -11.74213991 -0.08831299 1.05881779
v -11.74218951 -0.08825196 1.05883192
v -11.74203975 -0.08859695 1.05871432
v -11.74204930 -0.08852304 1.05874603
v -11.70752967 0.06827401 1.09488927
v -11.70686976 0.06862699 1.09490358
v -11.70758975 0.06821298 1.09490358
v -11.70749058 0.06834101 1.09486990
v -11.70746007 0.06841098 1.09484582
v -11.70745054 0.06848406 1.09481763
v -11.70744005 0.06855797 1.09478592
v -11.70667046 0.06875895 1.09489511
v -11.70745055 0.06862997 1.09475170
v -11.70649976 0.06891595 1.09486972
v -11.70635005 0.06909405 1.09482818
v -11.70747058 0.06869995 1.09471558
v -11.70622991 0.06928801 1.09477137
v -11.70750015 0.06876396 1.09467863
v -11.70614028 0.06949495 1.09470080
v -11.70936011 0.07199096 1.09273927
v -11.70721055 0.07221996 1.09319531
v -11.70623002 0.07053005 1.09421109
v -11.70614989 0.07034003 1.09431939
v -11.70609075 0.07013701 1.09442507
v -11.70607070 0.06992494 1.09452550
v -11.70609071 0.06970905 1.09461819
v -11.70771986 0.07269501 1.09284889
v -11.70751957 0.07256901 1.09295832
v -11.70938014 0.07202696 1.09271698
v -11.70817954 0.07283496 1.09266471
v -11.70793921 0.07278501 1.09275000
v -11.70733931 0.07240795 1.09307503
v -11.70943069 0.07208597 1.09267681
v -11.70868975 0.07280897 1.09254431
v -11.70843989 0.07284295 1.09259539
v -11.70950032 0.07213401 1.09263848
v -11.70916944 0.07262205 1.09250252
v -11.70893961 0.07273494 1.09251307
v -11.70999051 0.07215106 1.09250348
v -11.71002007 0.07213198 1.09250252
v -11.70957089 0.07217096 1.09260319
v -11.70990086 0.07218205 1.09251093
v -11.70965005 0.07219397 1.09257178
v -11.70982076 0.07220005 1.09252499
v -11.70973016 0.07220398 1.09254550
v -11.70679018 0.06405698 1.09878932
v -11.70693991 0.06408297 1.09873842
v -11.70675013 0.06404399 1.09880458
v -11.70697997 0.06414997 1.09869670
v -11.70700000 0.06410204 1.09871208
v -11.70706962 0.06413197 1.09868162
v -11.70712970 0.06417202 1.09864860
v -11.70715928 0.06427204 1.09859620
v -11.70717930 0.06422102 1.09861379
v -11.70720982 0.06427597 1.09857928
v -11.70727945 0.06439399 1.09850852
v -11.70352001 0.06385004 1.09973197
v -11.70247984 0.06698905 1.09858768
v -11.70354957 0.06378805 1.09975319
v -11.70243979 0.06709897 1.09854912
v -11.69385048 0.06145905 1.10332828
v -11.69389053 0.06140994 1.10333799
v -11.69381996 0.06140100 1.10336052
v -11.69375034 0.06140303 1.10337918
v -11.69362065 0.06149899 1.10336988
v -11.69367023 0.06141602 1.10339289
v -11.69408032 0.06145298 1.10327159
v -11.69412037 0.06145595 1.10326003
v -11.69360062 0.06143998 1.10340117
v -11.69353005 0.06147300 1.10340391
v -11.69319056 0.06167399 1.10340391
v -11.69340036 0.06157099 1.10339527
v -11.59992983 0.11550699 1.10340850
v -11.60010053 0.11542498 1.10339992
v -11.60030079 0.11529302 1.10340851
v -11.59992984 0.11558103 1.10337447
v -11.59986976 0.11554896 1.10340558
v -11.59980968 0.11559998 1.10339742
v -11.59977918 0.11575901 1.10333299
v -11.59975914 0.11565804 1.10338389
v -11.59971909 0.11572098 1.10336553
v -11.59968953 0.11578905 1.10334252
v -11.59965998 0.11595404 1.10327618
v -11.59878951 0.11851704 1.10234909
v -11.59957989 0.11616098 1.10320561
v -11.59876949 0.11858200 1.10232412
v -11.59639072 0.12569105 1.09973728
v -11.59560987 0.12804901 1.09887742
v -11.59642028 0.12562799 1.09975891
v -11.59548021 0.12841999 1.09874390
v -11.59555935 0.12826299 1.09879469
v -11.59553934 0.12847899 1.09870212
v -11.59546972 0.12848901 1.09871702
v -11.59546019 0.12855898 1.09868692
v -11.59555939 0.12869095 1.09860169
v -11.59546974 0.12862801 1.09865432
v -11.59548977 0.12869405 1.09861999
v -11.59550980 0.12875604 1.09858482
v -11.59561949 0.12889396 1.09849601
v -11.59569961 0.12908398 1.09838759
v -11.60213984 0.14023899 1.09168230
v -11.60207975 0.14010202 1.09175931
v -11.60195957 0.13993095 1.09186767
v -11.60222949 0.14024996 1.09165369
v -11.60217990 0.14029502 1.09164720
v -11.60222950 0.14034294 1.09161281
v -11.60240974 0.14037203 1.09155332
v -11.60228958 0.14038300 1.09158008
v -11.60242024 0.14043294 1.09152322
v -11.60259953 0.14046501 1.09146057
v -11.60234967 0.14041304 1.09155010
v -11.60263959 0.14047800 1.09144561
v -11.63026045 0.18807101 1.06280052
v -11.63241993 0.18157600 1.06516497
v -11.63245997 0.18146394 1.06520717
v -11.63013078 0.18844103 1.06266682
v -11.63021088 0.18828498 1.06271778
v -11.63019087 0.18850004 1.06262522
v -11.63010981 0.18851100 1.06264000
v -11.63010981 0.18858099 1.06260990
v -11.63020996 0.18871199 1.06252473
v -11.63010982 0.18865001 1.06257730
v -11.63012985 0.18871604 1.06254302
v -11.63015942 0.18877696 1.06250780
v -11.63025957 0.18891596 1.06241911
v -11.63034923 0.18910503 1.06231068
v -11.74218025 0.12829505 1.05881243
v -11.74150985 0.12864899 1.05882667
v -11.74222983 0.12823498 1.05882661
v -11.74214020 0.12836205 1.05879300
v -11.74210969 0.12843298 1.05876892
v -11.74208967 0.12850605 1.05874061
v -11.74208967 0.12857901 1.05870890
v -11.74132008 0.12878000 1.05881809
v -11.74208968 0.12865197 1.05867468
v -11.74115034 0.12893700 1.05879270
v -11.74099967 0.12911498 1.05875121
v -11.74210971 0.12872099 1.05863862
v -11.74087953 0.12931000 1.05869441
v -11.74214024 0.12878596 1.05860161
v -11.74078990 0.12951695 1.05862378
v -11.74400020 0.13201200 1.05666231
v -11.74186017 0.13224100 1.05711829
v -11.74087964 0.13055097 1.05813413
v -11.74078998 0.13036202 1.05824243
v -11.74074037 0.13015806 1.05834811
v -11.74072032 0.12994599 1.05844860
v -11.74074033 0.12973105 1.05854123
v -11.74198035 0.13241195 1.05700998
v -11.74402976 0.13204800 1.05664002
v -11.74293025 0.13286399 1.05655788
v -11.74270995 0.13283598 1.05662851
v -11.74250014 0.13277506 1.05671113
v -11.74229986 0.13268303 1.05680381
v -11.74213009 0.13256096 1.05690419
v -11.74408031 0.13210701 1.05659990
v -11.74338992 0.13281905 1.05645948
v -11.74316009 0.13285898 1.05650108
v -11.74414040 0.13215601 1.05656152
v -11.74382001 0.13264405 1.05642550
v -11.74361021 0.13274705 1.05643408
v -11.74422051 0.13219201 1.05652617
v -11.74463059 0.13217198 1.05642657
v -11.74466015 0.13215696 1.05642550
v -11.74455049 0.13220404 1.05643391
v -11.74429013 0.13221597 1.05649488
v -11.74445989 0.13222205 1.05644809
v -11.74437978 0.13222598 1.05646860
v -11.74424967 0.14878403 1.05084001
v -11.74430975 0.14874804 1.05084198
v -11.74434026 0.14864600 1.05087923
v -11.74428019 0.14881503 1.05081909
v -11.74410950 0.14896201 1.05079841
v -11.74418960 0.14893602 1.05078708
v -11.74424014 0.14887905 1.05080061
v -11.74414002 0.14898704 1.05077891
v -11.74395978 0.14909397 1.05077611
v -11.74406945 0.14902996 1.05077611
v -11.65399006 0.20147300 1.05058109
v -11.68004020 0.18605195 1.05075418
v -11.68008025 0.18599402 1.05076759
v -11.65374018 0.20132803 1.05071198
v -11.65380980 0.20134806 1.05068373
v -11.65387943 0.20138000 1.05065190
v -11.65393951 0.20142197 1.05061739
v -11.65350940 0.20133399 1.05076902
v -11.65358950 0.20132100 1.05075549
v -11.65366007 0.20131802 1.05073612
v -11.67999062 0.18611895 1.05073493
v -11.67996011 0.18619000 1.05071073
v -11.67995058 0.18626403 1.05068241
v -11.67994009 0.18633805 1.05065059
v -11.67994010 0.18641102 1.05061619
v -11.67996013 0.18648099 1.05057978
v -11.67999066 0.18654596 1.05054252
v -11.65403012 0.20153104 1.05054377
v -11.68087962 0.18808197 1.04961913
v -11.65555997 0.20319902 1.04939531
v -11.68066987 0.18869996 1.04939400
v -11.68090919 0.18814396 1.04958390
v -11.68073948 0.18865799 1.04939680
v -11.68092922 0.18821001 1.04954951
v -11.68092923 0.18827902 1.04951691
v -11.68079002 0.18860696 1.04940503
v -11.68092924 0.18834899 1.04948680
v -11.68090922 0.18841801 1.04945992
v -11.68087966 0.18848598 1.04943698
v -11.68083961 0.18854903 1.04941862
v -11.65492004 0.20306801 1.04962032
v -11.65500969 0.20317195 1.04955082
v -11.65506978 0.20321094 1.04951810
v -11.65512986 0.20324099 1.04948800
v -11.65519948 0.20326100 1.04946118
v -11.65527006 0.20326995 1.04943829
v -11.65533967 0.20326900 1.04941981
v -11.65541978 0.20325600 1.04940628
v -11.65549035 0.20323205 1.04939811
v -11.65496010 0.20312404 1.04958509
v -11.68399965 0.18373596 1.05076747
v -11.71051997 0.16845404 1.05075269
v -11.71056956 0.16839599 1.05076622
v -11.71047992 0.16852104 1.05073332
v -11.71044941 0.16859197 1.05070918
v -11.71042939 0.16866600 1.05068092
v -11.71041986 0.16874002 1.05064910
v -11.71042940 0.16881299 1.05061458
v -11.71044944 0.16888296 1.05057829
v -11.68407022 0.18372296 1.05075328
v -11.68415033 0.18372106 1.05073379
v -11.68423044 0.18373000 1.05070971
v -11.68430006 0.18375097 1.05068152
v -11.71047996 0.16894805 1.05054097
v -11.71136988 0.17048406 1.04961752
v -11.68436968 0.18378304 1.05064981
v -11.71138991 0.17054604 1.04958229
v -11.71116013 0.17110205 1.04939263
v -11.71122020 0.17105996 1.04939531
v -11.71128028 0.17100905 1.04940348
v -11.71132987 0.17095100 1.04941713
v -11.71136992 0.17088805 1.04943549
v -11.71138994 0.17081999 1.04945837
v -11.71140996 0.17075096 1.04948532
v -11.71141949 0.17068099 1.04951542
v -11.71140994 0.17061198 1.04954802
v -11.68442977 0.18382406 1.05061548
v -11.68448032 0.18387495 1.05057942
v -11.68604069 0.18560099 1.04939370
v -11.68598061 0.18563400 1.04939662
v -11.68452038 0.18393301 1.05054240
v -11.68582993 0.18567096 1.04941832
v -11.68590050 0.18565797 1.04940479
v -11.68541030 0.18546998 1.04961883
v -11.68549041 0.18557404 1.04954927
v -11.68555050 0.18561303 1.04951673
v -11.68561058 0.18564294 1.04948663
v -11.68568020 0.18566297 1.04945968
v -11.68574982 0.18567204 1.04943680
v -11.68545035 0.18552601 1.04958360
v -11.71448037 0.16613805 1.05076592
v -11.74103979 0.15081095 1.05076199
v -11.74105028 0.15079796 1.05076461
v -11.74099020 0.15088105 1.05074452
v -11.74095015 0.15095698 1.05072080
v -11.74091964 0.15103697 1.05069171
v -11.74091011 0.15111898 1.05065792
v -11.74091012 0.15120004 1.05062049
v -11.74093016 0.15127801 1.05058073
v -11.71464059 0.16612303 1.05073242
v -11.71471021 0.16613196 1.05070822
v -11.71479032 0.16615294 1.05067997
v -11.71485040 0.16618501 1.05064832
v -11.71456048 0.16612505 1.05075179
v -11.74095973 0.15135001 1.05053960
v -11.74185060 0.15288602 1.04961603
v -11.74171046 0.15346396 1.04939352
v -11.74188017 0.15294801 1.04958062
v -11.74165038 0.15350400 1.04939102
v -11.71491049 0.16622603 1.05061399
v -11.74190020 0.15301500 1.04954611
v -11.74190021 0.15308404 1.04951333
v -11.74190021 0.15315496 1.04948311
v -11.74188019 0.15322398 1.04945623
v -11.74185064 0.15329205 1.04943328
v -11.74176005 0.15341305 1.04940151
v -11.74181059 0.15335499 1.04941492
v -11.71496008 0.16627704 1.05057793
v -11.71652999 0.16800296 1.04939227
v -11.71645942 0.16803597 1.04939507
v -11.71500014 0.16633605 1.05054079
v -11.71630970 0.16807305 1.04941713
v -11.71638980 0.16806006 1.04940342
v -11.71589006 0.16787195 1.04961728
v -11.71597972 0.16797399 1.04954939
v -11.71602931 0.16801405 1.04951649
v -11.71609989 0.16804503 1.04948609
v -11.71616951 0.16806494 1.04945903
v -11.71624008 0.16807401 1.04943578
v -11.71592917 0.16792499 1.04958402
v -11.65041964 0.20304500 1.05080299
v -11.65047019 0.20306396 1.05078070
v -11.65059988 0.20298694 1.05078070
v -11.65039962 0.20309698 1.05078350
v -11.65018981 0.20308398 1.05084460
v -11.65024990 0.20313298 1.05080520
v -11.65033000 0.20312106 1.05079179
v -11.64995998 0.20308994 1.05090140
v -11.65010971 0.20312595 1.05084663
v -11.65018028 0.20313500 1.05082368
v -11.64991992 0.20308804 1.05091279
v -11.64697964 0.20202004 1.05215852
v -11.64803984 0.19888197 1.05329948
v -11.64807035 0.19877004 1.05334150
v -11.64697011 0.20208406 1.05213391
v -11.63678946 0.20026098 1.05560528
v -11.63672937 0.20012294 1.05568241
v -11.63660919 0.19995199 1.05579077
v -11.63688006 0.20027195 1.05557667
v -11.63682952 0.20031702 1.05557011
v -11.63688007 0.20036505 1.05553572
v -11.63704983 0.20039402 1.05547630
v -11.63692967 0.20040404 1.05550312
v -11.63706986 0.20045398 1.05544608
v -11.63725011 0.20048605 1.05538367
v -11.63699929 0.20043396 1.05547302
v -11.63728921 0.20050000 1.05536829
v -11.63635929 0.19948398 1.05426328
v -11.63641939 0.19962095 1.05418598
v -11.63623911 0.19931304 1.05437152
v -11.63650999 0.19963204 1.05415748
v -11.63645945 0.19967698 1.05415093
v -11.63667975 0.19975399 1.05405711
v -11.63655959 0.19976496 1.05408387
v -11.63650999 0.19972503 1.05411648
v -11.63688003 0.19984697 1.05396443
v -11.63669978 0.19981396 1.05402689
v -11.63662921 0.19979500 1.05405377
v -11.63692009 0.19985997 1.05394911
v -11.64767072 0.19824205 1.05188029
v -11.64662006 0.20138001 1.05073928
v -11.64770027 0.19813000 1.05192219
v -11.64660003 0.20144402 1.05071472
v -11.65010011 0.20242405 1.04936152
v -11.65004957 0.20240496 1.04938381
v -11.65022980 0.20234702 1.04936152
v -11.65002954 0.20245694 1.04936432
v -11.64995993 0.20248103 1.04937260
v -11.64981973 0.20244502 1.04942541
v -11.64973963 0.20248698 1.04942738
v -11.64958990 0.20245097 1.04948222
v -11.64981020 0.20249605 1.04940449
v -11.64989031 0.20249401 1.04938601
v -11.64954984 0.20244800 1.04949372
v -11.67732993 0.18673204 1.04934852
v -11.67260064 0.18656205 1.05065613
v -11.67495204 0.18262827 1.05181693
v -11.67223055 0.18591702 1.05104398
v -11.67403555 0.18248592 1.05211650
v -11.67958052 0.18583690 1.04917424
v -11.67963293 0.18538402 1.04931783
v -11.67209990 0.18599200 1.05104398
v -11.67132270 0.18650292 1.05115168
v -11.67166704 0.18710362 1.05066531
v -11.67246999 0.18663704 1.05065613
v -11.68059443 0.18758594 1.04811095
v -11.67043869 0.18696938 1.05108284
v -11.66658392 0.18678975 1.05211901
v -11.67087076 0.18756198 1.05065631
v -11.66956708 0.18745756 1.05105095
v -11.67074011 0.18763732 1.05065714
v -11.66999915 0.18806195 1.05065631
v -11.66869737 0.18795775 1.05105143
v -11.66986945 0.18813716 1.05065661
v -11.66912944 0.18856203 1.05065625
v -11.68040851 0.18800102 1.04797970
v -11.66789919 0.18841719 1.05104469
v -11.66899975 0.18863677 1.05065589
v -11.66826927 0.18906198 1.05065643
v -11.66776949 0.18849205 1.05104421
v -11.66813958 0.18913722 1.05065708
v -11.66966115 0.19420396 1.04797714
v -11.66702948 0.18891595 1.05104427
v -11.66739956 0.18956195 1.05065643
v -11.66689979 0.18899226 1.05104493
v -11.66442990 0.19041561 1.05104362
v -11.66215433 0.18934762 1.05212133
v -11.66430020 0.19049083 1.05104416
v -11.66726987 0.18963705 1.05065643
v -11.66656802 0.19026183 1.05101584
v -11.66619031 0.18961989 1.05140470
v -11.66529960 0.18991601 1.05104427
v -11.66566969 0.19056224 1.05065708
v -11.66516991 0.18999110 1.05104463
v -11.66554000 0.19063686 1.05065625
v -11.66479998 0.19106161 1.05065577
v -11.66466934 0.19113695 1.05065661
v -11.66385875 0.19157159 1.05059480
v -11.66348104 0.19091272 1.05095368
v -11.66307011 0.19206189 1.05065643
v -11.65993894 0.19981682 1.04797571
v -11.66270002 0.19141601 1.05104451
v -11.66217370 0.19264900 1.05076670
v -11.66183031 0.19191598 1.05104451
v -11.66256937 0.19149100 1.05104451
v -11.66169967 0.19199096 1.05104451
v -11.66097015 0.19241594 1.05104451
v -11.65932206 0.19098102 1.05211901
v -11.66293946 0.19213605 1.05065661
v -11.66166260 0.19333851 1.05044823
v -11.66134023 0.19306206 1.05065672
v -11.66083950 0.19249104 1.05104457
v -11.66120958 0.19313632 1.05065762
v -11.66046957 0.19356095 1.05065673
v -11.66004418 0.19296943 1.05107992
v -11.65924027 0.19341623 1.05104505
v -11.66033988 0.19363605 1.05065673
v -11.65961035 0.19406116 1.05065702
v -11.65910962 0.19349097 1.05104457
v -11.65836961 0.19391559 1.05104398
v -11.65823992 0.19399094 1.05104439
v -11.65370998 0.19422613 1.05212735
v -11.65947971 0.19413602 1.05065678
v -11.65867580 0.19460093 1.05066221
v -11.65329044 0.19506787 1.05184935
v -11.65788048 0.19506096 1.05065690
v -11.65749990 0.19441603 1.05104469
v -11.65737021 0.19449101 1.05104469
v -11.65567977 0.19922863 1.04934918
v -11.65774983 0.19513594 1.05065690
v -11.65509834 0.20261061 1.04797636
v -11.65464248 0.20257652 1.04811453
v -11.65355894 0.20073008 1.04922097
v -11.65315839 0.20070528 1.04938887
v -11.70774961 0.16917096 1.04934709
v -11.70301842 0.16900074 1.05064790
v -11.70537078 0.16506754 1.05181455
v -11.70270936 0.16831897 1.05104249
v -11.70445333 0.16492509 1.05211293
v -11.71003357 0.16814588 1.04921638
v -11.71017659 0.16777538 1.04935496
v -11.71109232 0.17002426 1.04808639
v -11.70257967 0.16839397 1.05104249
v -11.70185015 0.16881894 1.05104249
v -11.70222023 0.16946398 1.05065470
v -11.70171950 0.16889404 1.05104249
v -11.70091464 0.16935706 1.05104374
v -11.70208959 0.16953908 1.05065506
v -11.70134957 0.16996395 1.05065470
v -11.70010978 0.16981935 1.05104350
v -11.70121988 0.17003905 1.05065470
v -11.70048940 0.17046368 1.05065386
v -11.69998009 0.16989397 1.05104273
v -11.69924961 0.17031908 1.05104308
v -11.69682719 0.16932975 1.05211758
v -11.70035971 0.17053901 1.05065476
v -11.69955485 0.17100166 1.05065512
v -11.71084250 0.17043196 1.04797136
v -11.69911992 0.17039406 1.05104272
v -11.69831124 0.17084931 1.05102657
v -11.69874999 0.17146395 1.05065488
v -11.69782402 0.17199933 1.05064981
v -11.69751974 0.17131780 1.05104225
v -11.69564968 0.17239367 1.05104445
v -11.69224311 0.17197893 1.05212026
v -11.69862030 0.17153905 1.05065488
v -11.69739004 0.17139374 1.05104231
v -11.69702011 0.17246401 1.05065488
v -11.69665003 0.17181801 1.05104278
v -11.69578032 0.17231798 1.05104290
v -11.69615994 0.17296373 1.05065452
v -11.69652034 0.17189299 1.05104290
v -11.69689042 0.17253899 1.05065488
v -11.69603025 0.17303895 1.05065500
v -11.69529024 0.17346382 1.05065434
v -11.69448641 0.17481087 1.05025696
v -11.69492015 0.17281806 1.05104290
v -11.69479046 0.17289304 1.05104290
v -11.69391980 0.17339301 1.05104302
v -11.69516055 0.17353892 1.05065464
v -11.69442053 0.17396294 1.05065500
v -11.69405045 0.17331801 1.05104302
v -11.69144991 0.17481803 1.05104302
v -11.68418879 0.17662739 1.05212193
v -11.69428989 0.17403900 1.05065500
v -11.69348693 0.17448579 1.05062227
v -11.69311685 0.17384075 1.05101018
v -11.69232057 0.17431795 1.05104302
v -11.69269066 0.17496311 1.05065559
v -11.69218992 0.17439305 1.05104302
v -11.69256001 0.17503773 1.05065470
v -11.69957732 0.17693971 1.04798024
v -11.69183049 0.17546296 1.05065518
v -11.69132022 0.17489325 1.05104368
v -11.69096078 0.17596304 1.05065506
v -11.69059070 0.17531800 1.05104308
v -11.69169984 0.17553758 1.05065410
v -11.69046005 0.17539298 1.05104320
v -11.68972004 0.17581747 1.05104225
v -11.68885033 0.17631851 1.05104416
v -11.69083013 0.17603802 1.05065518
v -11.69002527 0.17650055 1.05065547
v -11.68959034 0.17589306 1.05104320
v -11.68923090 0.17696272 1.05065482
v -11.68383788 0.17705869 1.05201732
v -11.68872064 0.17639314 1.05104350
v -11.68910026 0.17703794 1.05065529
v -11.69081065 0.18199717 1.04797404
v -11.68792531 0.17685580 1.05104392
v -11.68829444 0.17750072 1.05065571
v -11.68609469 0.18166709 1.04934560
v -11.68377976 0.17764532 1.05178445
v -11.68558001 0.18501256 1.04797487
v -11.68513560 0.18498337 1.04809951
v -11.68406541 0.18315541 1.04919695
v -11.68365246 0.18307756 1.04933803
v -11.73817026 0.15161001 1.04934548
v -11.73350295 0.15140044 1.05064618
v -11.73579142 0.14750682 1.05181604
v -11.73319962 0.15072094 1.05104100
v -11.73487778 0.14736782 1.05211877
v -11.72919146 0.15217852 1.05142622
v -11.72698558 0.15191685 1.05211054
v -11.74055531 0.15064036 1.04916250
v -11.74057720 0.15018379 1.04928194
v -11.73306993 0.15079604 1.05104100
v -11.73228987 0.15130221 1.05113851
v -11.73263897 0.15191065 1.05066912
v -11.74156732 0.15240227 1.04810463
v -11.73146021 0.15172147 1.05104225
v -11.73183983 0.15236604 1.05065309
v -11.73133051 0.15179621 1.05104165
v -11.73047035 0.15229582 1.05104070
v -11.73171014 0.15244114 1.05065339
v -11.73060004 0.15222096 1.05104112
v -11.73090528 0.15290355 1.05065339
v -11.74136709 0.15281259 1.04797082
v -11.72957392 0.15259933 1.05068760
v -11.72995354 0.15324497 1.05030106
v -11.72880532 0.15325820 1.05104046
v -11.73041565 0.15913533 1.04797499
v -11.72917540 0.15390360 1.05065345
v -11.72195139 0.15482521 1.05211382
v -11.72837054 0.15436649 1.05065452
v -11.72800046 0.15371989 1.05104094
v -11.72786981 0.15379618 1.05104195
v -11.72650036 0.15408098 1.05126958
v -11.72823989 0.15444099 1.05065339
v -11.72751037 0.15486574 1.05065279
v -11.72713075 0.15421998 1.05104129
v -11.72664066 0.15536605 1.05065351
v -11.72627058 0.15472006 1.05104129
v -11.72700010 0.15429496 1.05104129
v -11.72689541 0.15660381 1.05002939
v -11.72613993 0.15479504 1.05104129
v -11.72540087 0.15521990 1.05104118
v -11.72738068 0.15494096 1.05065339
v -11.72651002 0.15544104 1.05065363
v -11.72578050 0.15586601 1.05065351
v -11.72527023 0.15529501 1.05104141
v -11.72441006 0.15579496 1.05104129
v -11.72565080 0.15594101 1.05065351
v -11.72490984 0.15636598 1.05065363
v -11.72454070 0.15571998 1.05104141
v -11.72477919 0.15644096 1.05065363
v -11.72403918 0.15686583 1.05065345
v -11.72366909 0.15621995 1.05104141
v -11.72279938 0.15672004 1.05104147
v -11.72266969 0.15679561 1.05104284
v -11.72317996 0.15736496 1.05065369
v -11.72353940 0.15629505 1.05104141
v -11.72350802 0.15733002 1.05058371
v -11.72390948 0.15694105 1.05065363
v -11.71449500 0.15913343 1.05211805
v -11.72224445 0.15790295 1.05065470
v -11.72187628 0.15726124 1.05104988
v -11.72304931 0.15744065 1.05065285
v -11.72100371 0.15775644 1.05103933
v -11.72137379 0.15840148 1.05065166
v -11.72052125 0.15891349 1.05067842
v -11.72015689 0.15827930 1.05108999
v -11.71927574 0.15875911 1.05104523
v -11.71964582 0.15940440 1.05065792
v -11.72070012 0.16474163 1.04797297
v -11.71846993 0.15921997 1.05104171
v -11.71884955 0.15986502 1.05065392
v -11.71834023 0.15929495 1.05104177
v -11.71652201 0.16410922 1.04934733
v -11.71415939 0.16000926 1.05180137
v -11.71871985 0.15994000 1.05065392
v -11.71604166 0.16742896 1.04797356
v -11.71559629 0.16735827 1.04813020
v -11.71453850 0.16553342 1.04919957
v -11.71412937 0.16550933 1.04938560
v -11.74393967 0.14810800 1.04942279
v -11.74387959 0.14814399 1.04942082
v -11.74397018 0.14800596 1.04945998
v -11.74391012 0.14817500 1.04939978
v -11.74387007 0.14823901 1.04938142
v -11.74373942 0.14832198 1.04937922
v -11.74381953 0.14829695 1.04936789
v -11.74376994 0.14834796 1.04935973
v -11.74369937 0.14839005 1.04935693
v -11.74358971 0.14845394 1.04935693
v -11.74143027 0.12407803 1.06271230
v -11.74158000 0.12410402 1.06266128
v -11.74140070 0.12406598 1.06272738
v -11.74163055 0.12417101 1.06261968
v -11.74165057 0.12412404 1.06263428
v -11.74172019 0.12415397 1.06260400
v -11.74177074 0.12419402 1.06257122
v -11.74180031 0.12429296 1.06251918
v -11.74182034 0.12424301 1.06253659
v -11.74186040 0.12429701 1.06250231
v -11.74193002 0.12441503 1.06243150
v -11.74811941 0.13514100 1.05418049
v -11.74809938 0.13521301 1.05415200
v -11.74805932 0.13504302 1.05423980
v -11.74814993 0.13520299 1.05414538
v -11.74816996 0.13526903 1.05411099
v -11.74811943 0.13542496 1.05405163
v -11.74816997 0.13533806 1.05407839
v -11.74816997 0.13540803 1.05404829
v -11.74814995 0.13547706 1.05402153
v -11.74810991 0.13558005 1.05398421
v -11.74846946 0.13585304 1.05557119
v -11.74848948 0.13578104 1.05559980
v -11.74842939 0.13568198 1.05565899
v -11.74852001 0.13584303 1.05556457
v -11.74854004 0.13590895 1.05553018
v -11.74848951 0.13606500 1.05547081
v -11.74854005 0.13597798 1.05549758
v -11.74854005 0.13604795 1.05546748
v -11.74852003 0.13611698 1.05544071
v -11.74847999 0.13621902 1.05540340
v -11.70951743 0.08206045 1.08815842
v -11.70885026 0.07596397 1.09107982
v -11.71268002 0.07375204 1.09107970
v -11.70956321 0.08208048 1.08813690
v -11.71346978 0.07511996 1.09025757
v -11.71349935 0.07518100 1.09022241
v -11.71351939 0.07524704 1.09018808
v -11.71352988 0.07531594 1.09015541
v -11.71351940 0.07538604 1.09012531
v -11.71349938 0.07545601 1.09009849
v -11.71109010 0.08269297 1.08746349
v -11.70962044 0.08216499 1.08808463
v -11.70959182 0.08210324 1.08812027
v -11.70946975 0.08205985 1.08817171
v -11.70865954 0.07609605 1.09107130
v -11.70848026 0.07625197 1.09104591
v -11.70832959 0.07642995 1.09100430
v -11.70820945 0.07662498 1.09094762
v -11.70813031 0.07683205 1.09087699
v -11.70942302 0.08207296 1.08817731
v -11.70684034 0.08070003 1.08946859
v -11.70938297 0.08210241 1.08817564
v -11.70679077 0.08091401 1.08938609
v -11.70934864 0.08213591 1.08816801
v -11.70677076 0.08113002 1.08929329
v -11.70679081 0.08134197 1.08919297
v -11.70684042 0.08154499 1.08908730
v -11.70693008 0.08173405 1.08897888
v -11.70933052 0.08218014 1.08815275
v -11.70933053 0.08225011 1.08812111
v -11.70933911 0.08226954 1.08809083
v -11.70939634 0.08232092 1.08807420
v -11.73249928 0.12603604 1.06235080
v -11.70962044 0.08221304 1.08806436
v -11.70959947 0.08226072 1.08804785
v -11.71106817 0.08276629 1.08743345
v -11.71106914 0.08291303 1.08736931
v -11.71108917 0.08298205 1.08733307
v -11.71111970 0.08304702 1.08729612
v -11.70955274 0.08230304 1.08803933
v -11.73345066 0.12172996 1.06404500
v -11.70952032 0.08232295 1.08804010
v -11.70944021 0.08233308 1.08805560
v -11.70948217 0.08233177 1.08804469
v -11.73348977 0.12178802 1.06400799
v -11.73770928 0.12674701 1.06067323
v -11.73766827 0.12677382 1.06067329
v -11.73354032 0.12183904 1.06397193
v -11.73775028 0.12673961 1.06067203
v -11.73360040 0.12188004 1.06393747
v -11.73779701 0.12673770 1.06065588
v -11.73367002 0.12191200 1.06390588
v -11.73374060 0.12193297 1.06387757
v -11.74120992 0.12346398 1.06124209
v -11.74128049 0.12348400 1.06121527
v -11.73785805 0.12676369 1.06062542
v -11.74135011 0.12351405 1.06118517
v -11.74140066 0.12355398 1.06115263
v -11.74145026 0.12360202 1.06111817
v -11.74149032 0.12365805 1.06108301
v -11.74283998 0.12598705 1.05968301
v -11.74269787 0.12585127 1.05976169
v -11.74253001 0.12574303 1.05987119
v -11.74245944 0.12570404 1.05990701
v -11.74233927 0.12565004 1.05996387
v -11.74224008 0.12561702 1.06000488
v -11.74147047 0.12560021 1.06021391
v -11.74124922 0.12566995 1.06023913
v -11.74212946 0.12558900 1.06004648
v -11.74199975 0.12556898 1.06008940
v -11.74189962 0.12556099 1.06011711
v -11.74174989 0.12556195 1.06015782
v -11.74167932 0.12556695 1.06017392
v -11.73788953 0.12679898 1.06060498
v -11.74100986 0.12578200 1.06024950
v -11.73790002 0.12689077 1.06056039
v -11.73790002 0.12682008 1.06059288
v -11.73845987 0.12725603 1.06024962
v -11.73762917 0.12681400 1.06066494
v -11.73261946 0.12620698 1.06224250
v -11.73277016 0.12635504 1.06213682
v -11.73761010 0.12685703 1.06064950
v -11.73293992 0.12647700 1.06203638
v -11.73313925 0.12656998 1.06194370
v -11.73335002 0.12663101 1.06186103
v -11.73761011 0.12690781 1.06062781
v -11.73734981 0.12744903 1.06045251
v -11.73787523 0.12694847 1.06054746
v -11.73763968 0.12696801 1.06059300
v -11.73825007 0.12735998 1.06025808
v -11.73766829 0.12699031 1.06057661
v -11.73780657 0.12699662 1.06053476
v -11.73802977 0.12743198 1.06028347
v -11.73757011 0.12747704 1.06038188
v -11.73771216 0.12700807 1.06055169
v -11.73775794 0.12700807 1.06053679
v -11.73779994 0.12747096 1.06032508
v -11.71382938 0.07583105 1.09164821
v -11.71383986 0.07575904 1.09167682
v -11.71379026 0.07566106 1.09173601
v -11.71386943 0.07582103 1.09164159
v -11.71388947 0.07588696 1.09160720
v -11.71384942 0.07604300 1.09154778
v -11.71388947 0.07595598 1.09157472
v -11.71388948 0.07602595 1.09154462
v -11.71386946 0.07609605 1.09151768
v -11.71383990 0.07619797 1.09148060
v -11.70656984 0.06344306 1.09731917
v -11.70642011 0.06341695 1.09737008
v -11.70638005 0.06340396 1.09738539
v -11.70657938 0.06349205 1.09729408
v -11.70663946 0.06346201 1.09729289
v -11.70669954 0.06349205 1.09726249
v -11.70660990 0.06351005 1.09727739
v -11.70675963 0.06353199 1.09722941
v -11.70675963 0.06360899 1.09719448
v -11.70680922 0.06358098 1.09719460
v -11.70683974 0.06363606 1.09715997
v -11.70679015 0.06363200 1.09717690
v -11.70690937 0.06375395 1.09708922
v -11.70210976 0.06634998 1.09716849
v -11.70314994 0.06321000 1.09831290
v -11.70317949 0.06314801 1.09833412
v -11.70206972 0.06645905 1.09712987
v -11.69352045 0.06077098 1.10191869
v -11.69348040 0.06081902 1.10190909
v -11.69345084 0.06076204 1.10194170
v -11.69338026 0.06076299 1.10195999
v -11.69330016 0.06077599 1.10197358
v -11.69375029 0.06081604 1.10184078
v -11.69371024 0.06081294 1.10185229
v -11.69325057 0.06085896 1.10195069
v -11.69323054 0.06079995 1.10198193
v -11.69315997 0.06083297 1.10198461
v -11.69303028 0.06093096 1.10197608
v -11.69282048 0.06103395 1.10198461
v -11.65589820 0.08434879 1.10108243
v -11.65585338 0.08432447 1.10113185
v -11.65503022 0.08284401 1.10198652
v -11.65568363 0.08436154 1.10115932
v -11.65564072 0.08442556 1.10111843
v -11.65461659 0.08573185 1.10078936
v -11.65453553 0.08569645 1.10084151
v -11.65579520 0.08431017 1.10113751
v -11.65574943 0.08431612 1.10114252
v -11.65564274 0.08568691 1.10054551
v -11.64367105 0.09394907 1.09993689
v -11.64359953 0.09393965 1.09995990
v -11.63771048 0.09284305 1.10198741
v -11.64371970 0.09398400 1.09991001
v -11.65320898 0.08583903 1.10110931
v -11.65315366 0.08582830 1.10112350
v -11.65310884 0.08583306 1.10113107
v -11.65304972 0.08586799 1.10113858
v -11.65326143 0.08587574 1.10108071
v -11.65681006 0.08591699 1.10013949
v -11.65592968 0.08441459 1.10104375
v -11.65594018 0.08445513 1.10108214
v -11.65591920 0.08448505 1.10101723
v -11.65564836 0.08451878 1.10106795
v -11.65588010 0.08451115 1.10097389
v -11.65570272 0.08458006 1.10107910
v -11.65583814 0.08457064 1.10100226
v -11.65571140 0.08562933 1.10054784
v -11.65587353 0.08565198 1.10049253
v -11.65580868 0.08562218 1.10054009
v -11.65574850 0.08459030 1.10103535
v -11.65576290 0.08561694 1.10054218
v -11.65590882 0.08572291 1.10045634
v -11.65328909 0.08594154 1.10102664
v -11.65443253 0.08572637 1.10085677
v -11.65561986 0.08573924 1.10052859
v -11.65590978 0.08577203 1.10043930
v -11.65464998 0.08580099 1.10075342
v -11.65438104 0.08577573 1.10084574
v -11.65562177 0.08582329 1.10048925
v -11.65464998 0.08584761 1.10073255
v -11.65436006 0.08581542 1.10082220
v -11.65687015 0.08604395 1.10006730
v -11.65588403 0.08582638 1.10042154
v -11.65450980 0.08596801 1.10071348
v -11.65457179 0.08593308 1.10068410
v -11.65462996 0.08589267 1.10071539
v -11.65691023 0.08632099 1.09992992
v -11.65689976 0.08646404 1.09986811
v -11.65689973 0.08617901 1.09999680
v -11.64367203 0.09419214 1.09982758
v -11.65687021 0.08660697 1.09981298
v -11.65681014 0.08674502 1.09976589
v -11.65436006 0.08586394 1.10080038
v -11.65318230 0.08609950 1.10100322
v -11.65325382 0.08607446 1.10104023
v -11.65326335 0.08597492 1.10095768
v -11.65327956 0.08598506 1.10102593
v -11.65568186 0.08587801 1.10045044
v -11.65662991 0.08699297 1.09970038
v -11.65581633 0.08587920 1.10041403
v -11.65673004 0.08687496 1.09972810
v -11.64375022 0.09407328 1.09986561
v -11.64373686 0.09402358 1.09987854
v -11.65300681 0.08595573 1.10114252
v -11.64371399 0.09414911 1.09983080
v -11.65650976 0.08709799 1.09968351
v -11.65574480 0.08589517 1.10042565
v -11.65638007 0.08718501 1.09967779
v -11.65439345 0.08593260 1.10076182
v -11.65446307 0.08596873 1.10072987
v -11.65300205 0.08603239 1.10108017
v -11.65303924 0.08607554 1.10104953
v -11.65307549 0.08609961 1.10102927
v -11.65312698 0.08610808 1.10101496
v -11.64078925 0.09618400 1.09967863
v -11.64346412 0.09404539 1.09996205
v -11.64345268 0.09408759 1.09993105
v -11.63948937 0.09591602 1.10014032
v -11.64352610 0.09396445 1.09996771
v -11.64348700 0.09399604 1.09995453
v -11.64345936 0.09413218 1.09991001
v -11.63990997 0.09627198 1.09986900
v -11.63977931 0.09621000 1.09993069
v -11.63966963 0.09612905 1.09999763
v -11.63956949 0.09602998 1.10006808
v -11.64347939 0.09417199 1.09988611
v -11.64352993 0.09421145 1.09986960
v -11.64360241 0.09421872 1.09983866
v -11.64065002 0.09625303 1.09968423
v -11.64046407 0.09640109 1.09988366
v -11.64005016 0.09631299 1.09981381
v -11.64019989 0.09633099 1.09976678
v -11.59973046 0.11478495 1.10198067
v -11.59956071 0.11486697 1.10198920
v -11.59993072 0.11465298 1.10198920
v -11.59956072 0.11494194 1.10195528
v -11.59950063 0.11491000 1.10198652
v -11.59944056 0.11496102 1.10197817
v -11.59941005 0.11512004 1.10191380
v -11.59939002 0.11501800 1.10196470
v -11.59935092 0.11508202 1.10194628
v -11.59933090 0.11514901 1.10192328
v -11.59929086 0.11531400 1.10185687
v -11.59920982 0.11552094 1.10178642
v -11.59841943 0.11787700 1.10092991
v -11.59839941 0.11794197 1.10090487
v -11.59523980 0.12740897 1.09745817
v -11.59603018 0.12505101 1.09831809
v -11.59605020 0.12498795 1.09833973
v -11.59511967 0.12777995 1.09732472
v -11.59518927 0.12762295 1.09737562
v -11.59516926 0.12783896 1.09728288
v -11.59509964 0.12784897 1.09729790
v -11.59518931 0.12805103 1.09718250
v -11.59509966 0.12798797 1.09723507
v -11.59509011 0.12791895 1.09726768
v -11.59511969 0.12805401 1.09720080
v -11.59524941 0.12825405 1.09707682
v -11.59513972 0.12811600 1.09716557
v -11.59532953 0.12844395 1.09696852
v -11.60047002 0.13040804 1.09474682
v -11.59925989 0.13124501 1.09468388
v -11.60022016 0.13040005 1.09481608
v -11.59921983 0.13118600 1.09472089
v -11.59995981 0.13043295 1.09486710
v -11.60071035 0.13045704 1.09466141
v -11.59970995 0.13050806 1.09489839
v -11.60092971 0.13054703 1.09456258
v -11.59917023 0.13113605 1.09475701
v -11.59948013 0.13062000 1.09490888
v -11.60112999 0.13067400 1.09445308
v -11.59911014 0.13109397 1.09479128
v -11.59903957 0.13106202 1.09482287
v -11.59896995 0.13104104 1.09485112
v -11.59888984 0.13103198 1.09487521
v -11.59882022 0.13103401 1.09489470
v -11.59874011 0.13104700 1.09490888
v -11.60131025 0.13083397 1.09433650
v -11.60143997 0.13102304 1.09421622
v -11.60111985 0.13447105 1.09274458
v -11.60242050 0.13271295 1.09320038
v -11.60250062 0.13290202 1.09309201
v -11.60255977 0.13310503 1.09298627
v -11.60257982 0.13331806 1.09288590
v -11.60255981 0.13353299 1.09279327
v -11.60251024 0.13374697 1.09271060
v -11.60113988 0.13450896 1.09272229
v -11.60242061 0.13395404 1.09264009
v -11.60230047 0.13414895 1.09258329
v -11.60117040 0.13458394 1.09268211
v -11.60215076 0.13432705 1.09254168
v -11.60198006 0.13448297 1.09251641
v -11.60178076 0.13461505 1.09250783
v -11.60117994 0.13466297 1.09264379
v -11.60107030 0.13497495 1.09253042
v -11.60111988 0.13490199 1.09255092
v -11.60115040 0.13482498 1.09257721
v -11.60091010 0.13511800 1.09250789
v -11.60095015 0.13509499 1.09250890
v -11.60101022 0.13504004 1.09251617
v -11.60117041 0.13474404 1.09260850
v -11.60595033 0.13581502 1.09088199
v -11.60574066 0.13727819 1.09027772
v -11.60573003 0.13578700 1.09095262
v -11.60570442 0.13727771 1.09028678
v -11.60550020 0.13579201 1.09100943
v -11.60527036 0.13583194 1.09105097
v -11.60994917 0.13663303 1.08947342
v -11.60583794 0.13733744 1.09022503
v -11.60577499 0.13727688 1.09023349
v -11.60565292 0.13729035 1.09029358
v -11.60505007 0.13590394 1.09107642
v -11.60484027 0.13600695 1.09108501
v -11.60558331 0.13734530 1.09028684
v -11.60098000 0.13823198 1.09108513
v -11.60584938 0.13736116 1.09021222
v -11.60584939 0.13743042 1.09017931
v -11.61015994 0.13669394 1.08939080
v -11.61034972 0.13678705 1.08929812
v -11.61052998 0.13690900 1.08919769
v -11.61067972 0.13705706 1.08909200
v -11.61079990 0.13722800 1.08898358
v -11.60583127 0.13747501 1.09016465
v -11.60977032 0.14146899 1.08733808
v -11.60981038 0.14152705 1.08730112
v -11.61962374 0.15252064 1.07979195
v -11.60555947 0.13739800 1.09026902
v -11.60555947 0.13744592 1.09024822
v -11.60176976 0.13960003 1.09026312
v -11.60180982 0.13965498 1.09022789
v -11.60558904 0.13750779 1.09021388
v -11.60967303 0.14138102 1.08738231
v -11.60579695 0.13750933 1.09015708
v -11.60185942 0.13970303 1.09019350
v -11.60191950 0.13974296 1.09016101
v -11.60205016 0.13979303 1.09010391
v -11.60197959 0.13977300 1.09013091
v -11.60561861 0.13753104 1.09019594
v -11.60575594 0.13753735 1.09015333
v -11.60566248 0.13755035 1.09017419
v -11.60570921 0.13754820 1.09015440
v -11.60952044 0.14132404 1.08746849
v -11.60959960 0.14134501 1.08744030
v -11.63404796 0.18268322 1.06243866
v -11.63213943 0.18020998 1.06405001
v -11.61950072 0.15260886 1.07977038
v -11.61949977 0.15262997 1.07977532
v -11.61948356 0.15263175 1.07974570
v -11.61953315 0.15257239 1.07979249
v -11.61951217 0.15259563 1.07979058
v -11.61958846 0.15253161 1.07979529
v -11.61949978 0.15270995 1.07973932
v -11.61950455 0.15272556 1.07973002
v -11.61955603 0.15255284 1.07980238
v -11.61951027 0.15274094 1.07971780
v -11.63637006 0.18152903 1.06235563
v -11.63413951 0.18266760 1.06242143
v -11.61974869 0.15273331 1.07966422
v -11.63409946 0.18266915 1.06243299
v -11.61972676 0.15275394 1.07965993
v -11.61955319 0.15277480 1.07969611
v -11.61969910 0.15277575 1.07965814
v -11.61963902 0.15279305 1.07966434
v -11.61959516 0.15279304 1.07967668
v -11.63216996 0.18027496 1.06401299
v -11.63218999 0.18034505 1.06397687
v -11.63219953 0.18041706 1.06394248
v -11.63219000 0.18049097 1.06391089
v -11.63216998 0.18056404 1.06388258
v -11.63396023 0.18278824 1.06241374
v -11.62976070 0.18780099 1.06124758
v -11.63398026 0.18274103 1.06242858
v -11.63645972 0.18171906 1.06224721
v -11.63424919 0.18274319 1.06235938
v -11.63421963 0.18271099 1.06238132
v -11.63419864 0.18267928 1.06237494
v -11.63651028 0.18192195 1.06214153
v -11.63653033 0.18213402 1.06204109
v -11.63651032 0.18235003 1.06194853
v -11.63645980 0.18256402 1.06186591
v -11.63516982 0.18643199 1.06045752
v -11.63422632 0.18287491 1.06230681
v -11.63425015 0.18282198 1.06232481
v -11.63396119 0.18284106 1.06239467
v -11.63399648 0.18290733 1.06235241
v -11.63415766 0.18292844 1.06230055
v -11.62974068 0.18787097 1.06122081
v -11.63406324 0.18294059 1.06231909
v -11.63058960 0.18952404 1.06025492
v -11.62979030 0.18813705 1.06108861
v -11.62975882 0.18807279 1.06112300
v -11.62974069 0.18794095 1.06119071
v -11.63410997 0.18294118 1.06230586
v -11.63444034 0.18729996 1.06025468
v -11.63508020 0.18663894 1.06038700
v -11.63496005 0.18683397 1.06033008
v -11.63481034 0.18701194 1.06028848
v -11.63464060 0.18716800 1.06026321
v -11.63386945 0.19120799 1.05864393
v -11.63460943 0.19045495 1.05879020
v -11.63485929 0.19042097 1.05873912
v -11.63390951 0.19126605 1.05860691
v -11.63511011 0.19042896 1.05866991
v -11.63535997 0.19047904 1.05858450
v -11.63435957 0.19052899 1.05882143
v -11.63557933 0.19056796 1.05848562
v -11.63380936 0.19115698 1.05867999
v -11.63411926 0.19064199 1.05883198
v -11.63577961 0.19069504 1.05837618
v -11.63369014 0.19108402 1.05874603
v -11.63361957 0.19106304 1.05877422
v -11.63353946 0.19105303 1.05879830
v -11.63345935 0.19105505 1.05881779
v -11.63338020 0.19106900 1.05883198
v -11.63375023 0.19111501 1.05871432
v -11.63594938 0.19085501 1.05825948
v -11.63608959 0.19104396 1.05813919
v -11.63577042 0.19449304 1.05666761
v -11.63705963 0.19273400 1.05712341
v -11.63715978 0.19294594 1.05700313
v -11.63721035 0.19317400 1.05688648
v -11.63721991 0.19341099 1.05677711
v -11.63719037 0.19365000 1.05667822
v -11.63579045 0.19453096 1.05664532
v -11.63711028 0.19388496 1.05659287
v -11.63699014 0.19410705 1.05652361
v -11.63581048 0.19460606 1.05660521
v -11.63682994 0.19430994 1.05647259
v -11.63664017 0.19448900 1.05644142
v -11.63643038 0.19463597 1.05643093
v -11.63582003 0.19468497 1.05656682
v -11.63559023 0.19511698 1.05643200
v -11.63565985 0.19506096 1.05643933
v -11.63555972 0.19513594 1.05643093
v -11.63571992 0.19499599 1.05645340
v -11.63577046 0.19492399 1.05647390
v -11.63580002 0.19484603 1.05650019
v -11.63582004 0.19476604 1.05653148
f 1 2 3
f 4 1 3
f 2 5 3
f 34 35 27
f 35 30 27
f 32 36 27
f 36 37 27
f 37 33 27
f 38 39 28
f 39 40 28
f 40 41 28
f 6 1 4
f 2 7 5
f 8 1 6
f 41 42 28
f 42 29 28
f 14 1 12
f 24 32 27
f 33 34 27
f 10 1 8
f 2 9 7
f 2 11 9
f 12 1 10
f 2 13 11
f 28 29 26
f 29 22 26
f 30 31 27
f 2 15 13
f 19 1 16
f 2 17 15
f 17 18 15
f 16 1 14
f 20 19 16
f 17 21 18
f 22 19 20
f 23 22 20
f 24 25 21
f 17 24 21
f 26 22 23
f 24 27 25
f 51 52 48
f 52 53 48
f 50 47 46
f 48 49 46
f 43 44 45
f 46 44 43
f 53 49 48
f 49 50 46
f 46 47 44
f 54 55 56
f 57 55 54
f 67 69 68
f 58 59 60
f 63 64 61
f 67 68 63
f 61 62 59
f 61 59 58
f 68 66 63
f 63 66 64
f 65 62 61
f 64 65 61
f 78 79 75
f 78 80 79
f 79 77 75
f 74 73 70
f 70 73 71
f 70 71 72
f 75 73 74
f 82 83 81
f 82 81 78
f 78 81 80
f 75 77 76
f 75 76 73
f 91 96 93
f 97 95 94
f 84 87 85
f 87 88 85
f 91 92 90
f 94 95 93
f 96 94 93
f 91 93 92
f 87 90 89
f 87 89 88
f 84 85 86
f 87 91 90
f 102 101 100
f 101 98 100
f 98 99 100
f 103 101 102
f 104 101 103
f 107 104 106
f 109 104 107
f 108 109 107
f 105 104 103
f 106 104 105
f 120 121 119
f 113 114 111
f 110 113 111
f 110 111 112
f 117 119 118
f 117 122 119
f 117 118 116
f 113 115 114
f 113 116 115
f 113 117 116
f 123 121 120
f 122 120 119
f 154 155 150
f 147 150 148
f 153 154 150
f 152 145 149
f 151 152 149
f 124 130 125
f 129 127 128
f 128 127 126
f 127 124 126
f 124 125 126
f 124 140 138
f 140 141 138
f 139 127 137
f 164 165 151
f 165 152 151
f 163 164 151
f 158 159 150
f 159 160 150
f 160 153 150
f 161 162 151
f 162 163 151
f 131 127 129
f 124 132 130
f 133 127 131
f 124 134 132
f 135 127 133
f 124 136 134
f 137 127 135
f 124 138 136
f 146 145 143
f 145 142 143
f 140 144 141
f 143 142 139
f 142 127 139
f 147 148 144
f 149 145 146
f 140 147 144
f 155 156 150
f 157 158 150
f 147 157 150
f 169 167 166
f 166 167 168
f 173 174 171
f 173 171 172
f 174 175 171
f 172 171 170
f 170 171 167
f 169 170 167
f 215 208 207
f 214 215 207
f 210 213 207
f 213 214 207
f 212 210 211
f 210 207 211
f 209 204 203
f 208 209 203
f 204 205 203
f 206 191 203
f 205 206 203
f 207 208 203
f 184 185 178
f 185 186 178
f 186 176 178
f 187 188 184
f 188 189 184
f 189 185 184
f 190 191 184
f 191 192 184
f 192 193 184
f 193 194 184
f 194 195 184
f 195 196 184
f 196 197 184
f 197 198 184
f 198 187 184
f 199 191 190
f 200 191 199
f 201 191 200
f 202 191 201
f 203 191 202
f 181 179 178
f 177 182 178
f 182 183 178
f 183 181 178
f 176 177 178
f 179 180 178
f 233 232 231
f 232 224 231
f 240 242 233
f 241 232 233
f 239 240 233
f 238 239 233
f 253 252 251
f 252 246 251
f 251 246 250
f 250 246 249
f 216 217 218
f 217 219 218
f 219 220 218
f 220 221 218
f 249 246 248
f 248 246 247
f 247 246 244
f 246 245 244
f 245 232 244
f 244 232 241
f 243 241 233
f 242 243 233
f 237 238 233
f 234 237 233
f 236 234 235
f 234 233 235
f 229 224 228
f 228 224 227
f 227 224 226
f 226 224 225
f 225 224 218
f 224 216 218
f 231 224 230
f 230 224 229
f 222 223 218
f 221 222 218
f 272 273 274
f 273 271 274
f 276 277 271
f 277 278 271
f 273 275 271
f 275 276 271
f 289 286 288
f 288 286 287
f 293 286 289
f 291 293 289
f 290 291 289
f 292 290 289
f 265 262 264
f 264 262 263
f 263 262 256
f 262 257 256
f 261 254 256
f 260 261 256
f 259 260 256
f 258 259 256
f 257 258 256
f 254 255 256
f 271 270 269
f 270 262 269
f 269 262 268
f 268 262 267
f 267 262 266
f 266 262 265
f 278 279 271
f 279 280 271
f 280 281 271
f 281 282 271
f 282 270 271
f 283 270 282
f 284 270 283
f 285 284 283
f 286 284 285
f 287 286 285
f 299 297 298
f 303 304 300
f 302 300 301
f 294 297 295
f 298 297 294
f 299 300 297
f 303 300 302
f 294 295 296
f 301 300 299
f 305 306 307
f 305 308 306
f 314 312 313
f 318 315 317
f 309 310 311
f 315 312 314
f 317 315 316
f 316 315 314
f 313 312 311
f 320 315 318
f 319 320 318
f 312 309 311
f 322 324 323
f 324 325 323
f 321 322 323
f 324 327 326
f 324 326 325
f 328 330 329
f 328 329 327
f 331 332 330
f 324 328 327
f 328 331 330
f 336 334 333
f 333 334 335
f 347 346 343
f 343 345 344
f 344 342 340
f 343 344 340
f 340 342 341
f 340 341 338
f 337 338 339
f 340 338 337
f 343 346 345
f 395 396 390
f 394 395 390
f 393 390 392
f 370 393 388
f 393 391 386
f 388 393 386
f 392 390 386
f 391 392 386
f 390 351 386
f 388 386 389
f 389 386 383
f 388 389 387
f 370 388 385
f 397 394 390
f 393 397 390
f 396 351 390
f 405 407 400
f 370 406 399
f 404 405 400
f 407 398 400
f 406 398 407
f 406 407 405
f 408 406 370
f 355 366 362
f 369 351 367
f 368 367 363
f 366 368 363
f 355 368 366
f 367 351 363
f 366 363 365
f 364 366 365
f 398 401 351
f 383 351 379
f 370 382 381
f 381 382 379
f 384 383 379
f 385 383 384
f 385 384 379
f 382 385 379
f 370 385 382
f 368 372 369
f 372 373 369
f 374 375 369
f 375 371 369
f 373 374 369
f 355 370 368
f 368 369 367
f 371 351 369
f 372 377 373
f 370 376 368
f 376 372 368
f 377 374 373
f 378 371 375
f 376 378 377
f 376 377 372
f 376 371 378
f 355 362 360
f 360 362 358
f 362 361 358
f 348 349 350
f 355 354 353
f 349 351 352
f 348 351 349
f 353 354 348
f 357 356 354
f 357 354 355
f 356 348 354
f 355 356 357
f 360 358 356
f 358 348 356
f 359 356 355
f 359 360 356
f 370 397 393
f 397 396 395
f 396 398 351
f 399 400 396
f 400 398 396
f 355 360 359
f 358 351 348
f 361 351 358
f 401 402 351
f 403 401 398
f 399 404 400
f 405 404 399
f 406 405 399
f 386 351 383
f 385 387 383
f 388 387 385
f 379 351 371
f 376 380 371
f 381 380 376
f 370 381 376
f 381 379 371
f 397 399 396
f 370 399 397
f 366 364 362
f 364 365 361
f 365 363 361
f 362 364 361
f 363 351 361
f 427 410 423
f 425 423 422
f 426 425 422
f 423 410 422
f 421 422 418
f 422 410 418
f 417 421 419
f 425 426 424
f 417 425 421
f 425 424 421
f 424 422 421
f 419 420 415
f 432 437 434
f 436 435 434
f 435 410 434
f 432 434 427
f 431 432 427
f 434 410 427
f 431 427 430
f 433 431 430
f 412 409 411
f 413 414 409
f 415 410 409
f 421 418 420
f 419 421 420
f 417 419 415
f 420 418 415
f 418 410 415
f 467 461 469
f 467 469 463
f 469 461 463
f 467 463 466
f 468 467 464
f 449 468 464
f 467 466 464
f 464 466 463
f 459 410 457
f 449 458 456
f 458 457 454
f 456 458 454
f 457 410 454
f 449 456 453
f 456 455 453
f 453 455 450
f 458 460 457
f 460 459 457
f 449 460 458
f 459 461 410
f 462 463 459
f 463 461 459
f 464 462 459
f 460 464 459
f 451 450 445
f 450 410 445
f 448 445 447
f 449 448 442
f 432 449 442
f 442 448 438
f 448 446 438
f 447 445 438
f 437 435 436
f 438 410 435
f 439 438 435
f 437 440 435
f 440 441 435
f 441 439 435
f 442 440 437
f 432 442 437
f 452 451 445
f 448 452 445
f 453 452 448
f 449 453 448
f 452 450 451
f 453 450 452
f 454 410 450
f 455 454 450
f 442 443 440
f 443 444 441
f 444 439 441
f 442 444 443
f 444 438 439
f 442 438 444
f 445 410 438
f 446 447 438
f 431 433 428
f 432 431 425
f 417 432 425
f 431 428 425
f 425 428 423
f 430 427 423
f 429 430 423
f 428 429 423
f 409 410 411
f 417 415 416
f 417 416 414
f 414 416 409
f 416 415 409
f 449 464 460
f 465 410 461
f 464 463 462
f 506 503 505
f 507 478 503
f 506 508 503
f 483 508 506
f 508 507 503
f 509 478 507
f 483 507 508
f 510 478 509
f 513 512 509
f 511 510 509
f 512 511 509
f 507 513 509
f 498 496 493
f 497 498 493
f 494 499 493
f 515 516 510
f 520 519 518
f 516 517 510
f 517 478 510
f 513 518 510
f 518 515 510
f 514 518 513
f 518 517 516
f 518 519 517
f 522 523 478
f 514 520 518
f 520 521 519
f 521 520 517
f 496 506 495
f 506 504 495
f 483 506 496
f 527 522 478
f 526 527 478
f 517 524 478
f 520 524 517
f 525 524 520
f 528 525 520
f 529 528 520
f 514 529 520
f 528 526 525
f 528 529 526
f 529 527 526
f 530 529 514
f 522 531 523
f 483 514 507
f 514 513 507
f 513 510 511
f 525 526 478
f 524 525 478
f 499 500 493
f 501 499 494
f 500 497 493
f 499 502 500
f 502 497 500
f 501 502 499
f 483 501 494
f 501 496 502
f 483 496 501
f 503 478 495
f 504 505 495
f 505 503 495
f 483 485 487
f 489 478 488
f 502 496 498
f 486 487 479
f 483 484 482
f 484 483 479
f 480 481 476
f 482 480 475
f 483 482 475
f 482 479 481
f 479 478 470
f 488 478 485
f 487 485 479
f 483 486 479
f 485 478 479
f 491 490 485
f 483 491 485
f 490 491 488
f 482 484 479
f 479 470 476
f 475 480 476
f 481 479 476
f 496 495 493
f 491 494 492
f 493 495 478
f 494 493 492
f 483 494 491
f 492 478 489
f 491 492 489
f 493 478 492
f 491 489 488
f 485 490 488
f 471 470 474
f 470 473 474
f 470 471 472
f 475 476 477
f 470 478 473
f 534 532 533
f 535 536 537
f 544 541 538
f 547 545 542
f 542 545 543
f 538 539 540
f 542 543 538
f 543 544 538
f 538 541 539
f 546 547 542
f 548 549 550
f 555 552 551
f 556 557 553
f 558 554 553
f 554 555 551
f 551 549 548
f 551 552 549
f 557 558 553
f 553 554 551
f 568 564 563
f 566 567 563
f 565 562 559
f 567 568 563
f 559 560 561
f 559 562 560
f 564 565 559
f 563 564 559
f 572 573 570
f 569 570 571
f 572 570 569
f 575 578 574
f 575 574 573
f 576 577 574
f 578 576 574
f 573 574 570
f 628 629 627
f 642 640 641
f 641 640 636
f 640 637 636
f 639 582 586
f 638 639 586
f 652 653 651
f 652 651 649
f 649 651 650
f 649 650 648
f 647 649 648
f 603 646 604
f 647 648 604
f 646 647 604
f 645 643 642
f 644 645 642
f 663 673 672
f 663 672 671
f 663 671 670
f 663 670 669
f 663 669 668
f 663 668 661
f 663 661 662
f 667 664 660
f 644 667 660
f 666 663 660
f 665 666 660
f 664 665 660
f 663 662 660
f 662 661 659
f 661 658 659
f 644 660 657
f 663 674 673
f 663 675 674
f 611 607 610
f 610 607 609
f 605 613 606
f 597 590 594
f 595 598 596
f 612 607 611
f 599 590 597
f 595 600 598
f 602 590 599
f 601 602 599
f 603 604 600
f 595 603 600
f 605 606 601
f 606 602 601
f 643 640 642
f 613 614 606
f 615 616 606
f 614 615 606
f 617 618 612
f 618 619 612
f 619 620 612
f 620 621 612
f 621 622 612
f 622 607 612
f 623 624 606
f 616 623 606
f 623 625 624
f 626 618 617
f 625 627 624
f 625 628 627
f 655 653 654
f 607 587 585
f 637 638 586
f 636 637 586
f 635 631 634
f 631 635 627
f 634 631 626
f 631 618 626
f 633 630 627
f 632 633 627
f 629 632 627
f 630 631 627
f 659 658 656
f 658 655 656
f 644 657 645
f 656 655 654
f 590 591 579
f 654 653 652
f 582 595 593
f 595 596 593
f 594 590 589
f 582 593 583
f 592 588 579
f 591 592 579
f 587 586 581
f 589 590 579
f 588 580 579
f 585 587 581
f 584 585 581
f 586 582 581
f 609 607 608
f 608 607 585
f 580 584 581
f 582 583 581
f 579 580 581
f 680 681 677
f 685 683 681
f 682 685 681
f 679 680 677
f 682 681 680
f 679 677 676
f 676 677 678
f 683 684 681
f 690 691 689
f 686 687 688
f 686 689 687
f 686 690 689
f 690 692 691
f 694 695 693
f 692 696 693
f 696 694 693
f 697 698 695
f 692 693 691
f 694 697 695
f 699 702 700
f 699 700 701
f 711 712 709
f 712 713 709
f 711 709 710
f 710 709 708
f 708 709 706
f 707 708 706
f 703 704 705
f 703 706 704
f 714 713 712
f 707 706 703
f 770 771 766
f 771 772 766
f 772 767 766
f 773 769 766
f 774 769 773
f 775 774 773
f 747 749 737
f 749 750 737
f 750 738 737
f 751 740 739
f 719 752 720
f 753 740 751
f 719 753 752
f 719 740 753
f 754 755 745
f 755 756 745
f 784 785 738
f 750 784 738
f 784 786 785
f 787 786 784
f 788 789 787
f 789 786 787
f 762 759 760
f 719 763 761
f 764 759 762
f 719 765 763
f 765 759 764
f 719 759 765
f 766 767 749
f 767 768 749
f 768 750 749
f 769 770 766
f 798 799 790
f 800 798 790
f 795 800 790
f 719 801 781
f 798 802 799
f 803 798 800
f 719 776 759
f 777 774 775
f 778 779 775
f 779 777 775
f 780 781 775
f 781 778 775
f 719 782 776
f 719 781 782
f 781 783 782
f 781 780 783
f 790 791 787
f 791 788 787
f 797 790 792
f 795 796 794
f 793 795 794
f 774 793 769
f 793 794 769
f 792 790 787
f 795 790 797
f 795 797 796
f 757 748 745
f 719 807 806
f 719 806 804
f 807 798 805
f 805 798 803
f 719 804 801
f 756 757 745
f 759 755 754
f 719 758 740
f 760 759 754
f 719 761 758
f 716 727 726
f 716 725 724
f 716 726 725
f 719 720 715
f 716 718 717
f 715 716 717
f 716 724 723
f 716 723 722
f 716 722 718
f 721 716 715
f 720 721 715
f 744 745 737
f 746 747 737
f 743 744 737
f 745 748 737
f 748 746 737
f 741 742 737
f 742 743 737
f 740 741 737
f 739 740 737
f 737 738 730
f 733 737 730
f 736 731 730
f 735 736 730
f 734 735 730
f 716 734 730
f 732 733 730
f 716 728 727
f 716 729 728
f 716 730 729
f 731 732 730
f 821 820 819
f 819 816 818
f 819 820 816
f 815 816 813
f 818 816 817
f 817 816 815
f 815 813 814
f 814 813 811
f 811 813 812
f 808 809 810
f 811 812 809
f 811 809 808
f 832 835 833
f 832 833 831
f 831 828 830
f 829 828 827
f 828 825 827
f 827 825 826
f 825 823 822
f 833 834 831
f 822 823 824
f 830 828 829
f 826 825 822
f 834 828 831
f 855 856 852
f 836 837 838
f 840 837 839
f 839 837 836
f 867 868 863
f 866 867 863
f 856 861 857
f 861 862 857
f 863 864 858
f 864 865 858
f 865 859 858
f 862 866 863
f 860 853 854
f 859 860 854
f 841 847 845
f 848 837 846
f 841 849 847
f 841 850 849
f 851 837 848
f 841 852 850
f 844 837 840
f 841 842 843
f 861 873 862
f 872 866 862
f 871 864 863
f 870 871 863
f 846 837 844
f 841 845 842
f 869 870 863
f 868 869 863
f 856 857 852
f 858 859 854
f 854 853 851
f 853 837 851
f 841 855 852
f 877 872 862
f 874 875 862
f 875 876 862
f 876 877 862
f 873 874 862
f 911 938 937
f 909 908 907
f 889 910 890
f 911 912 881
f 879 913 881
f 913 911 881
f 914 908 909
f 915 916 889
f 916 910 889
f 917 914 909
f 918 917 909
f 927 930 933
f 911 934 912
f 911 935 934
f 911 936 935
f 911 937 936
f 966 967 965
f 938 939 937
f 940 941 903
f 942 940 903
f 943 942 903
f 941 904 903
f 944 942 943
f 945 942 944
f 946 942 945
f 926 947 918
f 948 942 946
f 926 949 947
f 949 950 947
f 950 942 948
f 951 942 950
f 949 952 950
f 954 951 950
f 952 955 950
f 955 956 950
f 956 953 950
f 958 939 957
f 957 939 938
f 959 939 958
f 960 959 958
f 964 963 960
f 956 961 953
f 961 962 953
f 963 959 960
f 966 965 953
f 965 964 960
f 962 966 953
f 967 964 965
f 975 969 968
f 968 964 967
f 969 970 964
f 968 969 964
f 973 971 926
f 971 972 926
f 972 974 926
f 974 949 926
f 898 899 896
f 899 878 896
f 884 893 885
f 924 925 922
f 896 878 894
f 884 897 895
f 884 895 893
f 894 878 892
f 921 922 916
f 920 921 916
f 923 918 919
f 953 954 950
f 921 924 922
f 926 918 923
f 924 927 925
f 928 926 923
f 927 929 925
f 930 931 928
f 932 926 928
f 931 932 928
f 933 930 928
f 927 933 929
f 902 899 898
f 905 906 900
f 906 907 900
f 907 908 900
f 884 900 897
f 901 902 898
f 890 891 888
f 889 890 888
f 892 878 883
f 891 887 888
f 884 885 886
f 883 878 882
f 882 878 880
f 879 881 880
f 878 879 880
f 884 905 900
f 888 887 886
f 887 884 886
f 903 904 898
f 904 901 898
f 915 920 916
f 919 918 909
f 1016 1017 1002
f 981 987 985
f 988 977 986
f 981 989 987
f 994 993 991
f 995 996 992
f 997 995 992
f 981 997 992
f 998 999 994
f 999 1000 994
f 1000 993 994
f 1001 1002 996
f 1003 1004 998
f 1004 1005 998
f 1005 999 998
f 1006 1007 1003
f 981 990 989
f 991 977 988
f 981 992 990
f 993 977 991
f 986 977 984
f 995 1001 996
f 976 977 978
f 979 977 976
f 980 977 979
f 981 982 983
f 984 977 980
f 981 985 982
f 1017 1006 1002
f 1015 1016 1002
f 1013 1014 1002
f 1014 1015 1002
f 1001 1012 1002
f 1011 1004 1003
f 1010 1011 1003
f 1012 1013 1002
f 1009 1010 1003
f 1008 1009 1003
f 1002 1006 1003
f 1007 1008 1003
f 1037 1038 1033
f 1036 1037 1033
f 1035 1036 1033
f 1034 1035 1033
f 1032 1033 1030
f 1031 1032 1030
f 1029 1031 1030
f 1028 1029 1027
f 1029 1030 1027
f 1028 1027 1018
f 1018 1027 1026
f 1018 1026 1025
f 1018 1025 1024
f 1018 1024 1023
f 1018 1023 1022
f 1018 1022 1021
f 1018 1021 1019
f 1018 1019 1020
f 1042 1050 1043
f 1032 1034 1033
f 1051 1053 1052
f 1050 1048 1043
f 1041 1045 1040
f 1048 1049 1043
f 1046 1047 1040
f 1045 1046 1040
f 1044 1042 1040
f 1047 1044 1040
f 1042 1043 1040
f 1041 1040 1039
f 1038 1039 1033
f 1039 1040 1033
f 1048 1051 1049
f 1051 1052 1049
f 1056 1053 1057
f 1053 1055 1054
f 1053 1058 1055
f 1053 1054 1052
f 1058 1053 1056
f 1066 1067 1064
f 1059 1060 1061
f 1062 1060 1059
f 1062 1063 1060
f 1063 1064 1060
f 1066 1064 1065
f 1065 1064 1063
f 1067 1068 1064
f 1069 1068 1067
f 1070 1071 1072
f 1073 1071 1070
f 1083 1084 1080
f 1085 1084 1083
f 1082 1083 1080
f 1078 1077 1074
f 1078 1079 1077
f 1079 1080 1077
f 1081 1080 1079
f 1082 1080 1081
f 1074 1077 1075
f 1074 1075 1076
f 1086 1087 1088
f 1094 1095 1093
f 1090 1094 1093
f 1090 1093 1091
f 1099 1098 1096
f 1097 1089 1086
f 1090 1091 1092
f 1098 1089 1096
f 1086 1089 1087
f 1095 1096 1093
f 1095 1099 1096
f 1089 1097 1096
f 1109 1110 1105
f 1110 1106 1105
f 1103 1101 1100
f 1100 1101 1102
f 1113 1112 1111
f 1104 1101 1103
f 1106 1107 1103
f 1107 1104 1103
f 1108 1111 1109
f 1111 1112 1109
f 1105 1106 1103
f 1108 1109 1105
f 1121 1118 1117
f 1123 1124 1119
f 1120 1121 1117
f 1119 1120 1117
f 1117 1118 1115
f 1117 1115 1114
f 1119 1122 1120
f 1123 1125 1124
f 1114 1115 1116
f 1124 1122 1119
f 1131 1132 1129
f 1136 1137 1134
f 1136 1134 1131
f 1126 1127 1128
f 1135 1132 1131
f 1132 1133 1129
f 1133 1130 1129
f 1134 1135 1131
f 1129 1127 1126
f 1130 1127 1129
f 1139 1138 1137
f 1137 1138 1134
f 1162 1156 1155
f 1156 1157 1155
f 1153 1154 1152
f 1154 1155 1152
f 1150 1151 1149
f 1151 1152 1149
f 1150 1149 1140
f 1140 1141 1142
f 1173 1175 1174
f 1154 1158 1155
f 1157 1160 1155
f 1158 1159 1155
f 1159 1161 1155
f 1161 1162 1155
f 1163 1160 1157
f 1164 1165 1160
f 1166 1167 1160
f 1163 1166 1160
f 1167 1168 1160
f 1168 1169 1160
f 1169 1164 1160
f 1170 1171 1165
f 1164 1172 1165
f 1172 1170 1165
f 1180 1175 1178
f 1173 1174 1171
f 1175 1176 1174
f 1170 1173 1171
f 1175 1180 1177
f 1175 1177 1176
f 1140 1143 1141
f 1151 1153 1152
f 1140 1149 1148
f 1140 1148 1147
f 1178 1175 1179
f 1140 1147 1146
f 1140 1145 1144
f 1140 1144 1143
f 1140 1146 1145
f 1181 1182 1183
f 1187 1188 1185
f 1182 1184 1183
f 1182 1185 1184
f 1186 1182 1181
f 1187 1189 1188
f 1182 1187 1185
f 1187 1190 1189
f 1200 1198 1191
f 1191 1192 1193
f 1194 1191 1193
f 1191 1195 1192
f 1196 1191 1194
f 1197 1191 1196
f 1203 1229 1228
f 1207 1205 1206
f 1208 1205 1207
f 1209 1205 1208
f 1210 1205 1209
f 1211 1212 1213
f 1214 1211 1213
f 1212 1215 1213
f 1216 1217 1213
f 1217 1218 1213
f 1201 1200 1191
f 1197 1201 1191
f 1198 1202 1199
f 1203 1202 1198
f 1204 1203 1198
f 1205 1203 1204
f 1206 1205 1204
f 1198 1199 1191
f 1215 1216 1213
f 1203 1225 1224
f 1203 1224 1223
f 1203 1223 1222
f 1203 1222 1221
f 1203 1221 1202
f 1220 1205 1210
f 1205 1220 1219
f 1205 1219 1213
f 1218 1205 1213
f 1229 1230 1228
f 1203 1227 1226
f 1203 1228 1227
f 1203 1226 1225
f 1246 1266 1265
f 1246 1267 1266
f 1246 1268 1267
f 1268 1269 1267
f 1246 1265 1264
f 1255 1252 1254
f 1256 1252 1255
f 1252 1257 1258
f 1239 1231 1237
f 1231 1238 1236
f 1237 1231 1235
f 1240 1241 1238
f 1231 1236 1232
f 1231 1232 1233
f 1234 1231 1233
f 1235 1231 1234
f 1248 1231 1239
f 1244 1245 1238
f 1245 1246 1238
f 1259 1252 1256
f 1252 1259 1257
f 1246 1260 1247
f 1246 1261 1260
f 1246 1262 1261
f 1246 1263 1262
f 1246 1264 1263
f 1249 1231 1248
f 1250 1231 1249
f 1251 1252 1250
f 1252 1231 1250
f 1253 1252 1251
f 1254 1252 1253
f 1231 1240 1238
f 1241 1242 1238
f 1242 1243 1238
f 1246 1247 1238
f 1243 1244 1238
f 1283 1284 1277
f 1284 1285 1277
f 1285 1300 1299
f 1275 1271 1270
f 1282 1283 1277
f 1281 1282 1277
f 1278 1297 1295
f 1278 1295 1296
f 1270 1271 1272
f 1274 1275 1270
f 1271 1273 1272
f 1279 1280 1277
f 1278 1279 1277
f 1271 1277 1276
f 1301 1303 1302
f 1285 1299 1298
f 1285 1301 1300
f 1301 1302 1300
f 1301 1304 1303
f 1306 1307 1305
f 1301 1306 1305
f 1301 1305 1304
f 1271 1276 1273
f 1280 1281 1277
f 1285 1298 1286
f 1297 1278 1294
f 1285 1286 1277
f 1294 1278 1293
f 1271 1278 1277
f 1292 1278 1291
f 1293 1278 1292
f 1287 1278 1271
f 1288 1278 1287
f 1290 1278 1289
f 1289 1278 1288
f 1291 1278 1290
f 1317 1316 1313
f 1314 1312 1308
f 1317 1318 1316
f 1308 1312 1311
f 1313 1316 1315
f 1313 1315 1314
f 1313 1314 1308
f 1308 1311 1309
f 1308 1309 1310
f 1319 1322 1320
f 1319 1320 1321
f 1326 1324 1323
f 1326 1327 1324
f 1328 1331 1329
f 1330 1327 1326
f 1333 1331 1328
f 1332 1333 1328
f 1323 1324 1325
f 1328 1329 1326
f 1329 1330 1326
f 1332 1334 1333
f 1346 1345 1344
f 1343 1344 1341
f 1343 1341 1342
f 1339 1340 1338
f 1344 1345 1341
f 1342 1341 1340
f 1339 1338 1335
f 1335 1336 1337
f 1335 1338 1336
f 1340 1341 1338
f 1347 1348 1349
f 1350 1348 1347
f 1355 1352 1354
f 1355 1356 1352
f 1359 1360 1356
f 1359 1356 1358
f 1361 1360 1359
f 1358 1356 1357
f 1351 1352 1353
f 1354 1352 1351
f 1357 1356 1355
f 1407 1408 1365
f 1398 1409 1399
f 1410 1411 1399
f 1409 1410 1399
f 1397 1396 1403
f 1406 1397 1403
f 1398 1412 1409
f 1410 1406 1411
f 1397 1412 1398
f 1397 1406 1410
f 1413 1397 1398
f 1412 1397 1410
f 1414 1407 1365
f 1394 1393 1392
f 1391 1395 1386
f 1396 1395 1391
f 1418 1398 1365
f 1417 1419 1365
f 1419 1418 1365
f 1418 1420 1398
f 1420 1421 1398
f 1413 1421 1397
f 1417 1422 1419
f 1407 1417 1408
f 1422 1421 1420
f 1417 1421 1422
f 1423 1407 1415
f 1417 1397 1421
f 1424 1417 1407
f 1403 1396 1404
f 1406 1405 1400
f 1406 1403 1405
f 1424 1397 1417
f 1426 1397 1424
f 1427 1428 1414
f 1429 1427 1414
f 1428 1430 1414
f 1430 1425 1414
f 1430 1431 1425
f 1432 1431 1430
f 1427 1433 1428
f 1431 1397 1426
f 1434 1435 1429
f 1435 1427 1429
f 1432 1436 1431
f 1414 1415 1407
f 1416 1365 1408
f 1416 1417 1365
f 1439 1440 1427
f 1433 1436 1432
f 1441 1442 1435
f 1434 1443 1435
f 1442 1444 1435
f 1444 1438 1435
f 1437 1436 1433
f 1436 1397 1431
f 1440 1436 1437
f 1439 1436 1440
f 1442 1436 1439
f 1441 1436 1442
f 1415 1424 1423
f 1414 1425 1415
f 1426 1424 1415
f 1438 1439 1427
f 1435 1438 1427
f 1437 1433 1427
f 1367 1363 1365
f 1372 1387 1382
f 1388 1380 1385
f 1389 1387 1372
f 1388 1378 1375
f 1388 1375 1380
f 1390 1391 1386
f 1392 1381 1386
f 1392 1393 1381
f 1390 1386 1365
f 1389 1388 1387
f 1365 1386 1381
f 1387 1388 1373
f 1388 1385 1373
f 1379 1375 1370
f 1376 1380 1377
f 1381 1372 1365
f 1374 1367 1368
f 1374 1378 1367
f 1376 1377 1370
f 1376 1370 1365
f 1370 1375 1369
f 1382 1373 1372
f 1363 1366 1364
f 1365 1363 1362
f 1362 1363 1364
f 1375 1378 1374
f 1379 1380 1375
f 1373 1383 1365
f 1383 1376 1365
f 1368 1367 1365
f 1369 1368 1365
f 1384 1380 1376
f 1400 1405 1402
f 1403 1404 1390
f 1401 1403 1390
f 1400 1402 1365
f 1402 1401 1365
f 1401 1390 1365
f 1399 1400 1365
f 1398 1399 1365
f 1396 1397 1395
f 1395 1397 1394
f 1372 1373 1365
f 1363 1371 1366
f 1370 1369 1365
f 1384 1385 1380
f 1373 1385 1383
f 1394 1397 1393
f 1397 1389 1393
f 1397 1388 1389
f 1456 1454 1448
f 1445 1446 1447
f 1451 1450 1448
f 1459 1455 1454
f 1458 1450 1451
f 1457 1458 1451
f 1459 1460 1455
f 1461 1462 1452
f 1452 1451 1448
f 1449 1445 1453
f 1454 1455 1448
f 1476 1473 1470
f 1474 1470 1456
f 1474 1456 1475
f 1494 1493 1456
f 1456 1493 1490
f 1478 1473 1477
f 1492 1478 1484
f 1478 1477 1484
f 1486 1492 1484
f 1489 1491 1479
f 1491 1492 1479
f 1490 1489 1456
f 1489 1479 1456
f 1487 1488 1456
f 1486 1484 1485
f 1485 1484 1483
f 1462 1458 1463
f 1463 1458 1457
f 1455 1464 1461
f 1483 1484 1475
f 1481 1483 1475
f 1480 1482 1456
f 1482 1481 1456
f 1481 1475 1456
f 1479 1480 1456
f 1478 1458 1467
f 1478 1467 1471
f 1473 1478 1472
f 1478 1471 1472
f 1476 1477 1473
f 1477 1476 1474
f 1474 1476 1470
f 1450 1445 1448
f 1445 1449 1446
f 1448 1445 1447
f 1470 1473 1469
f 1472 1471 1468
f 1458 1466 1465
f 1467 1458 1465
f 1468 1471 1454
f 1470 1469 1456
f 1469 1468 1456
f 1468 1454 1456
f 1467 1465 1459
f 1466 1458 1462
f 1466 1462 1464
f 1466 1464 1455
f 1465 1460 1459
f 1462 1463 1452
f 1461 1452 1448
f 1455 1461 1448
f 1497 1498 1456
f 1501 1495 1494
f 1498 1499 1456
f 1499 1500 1456
f 1500 1494 1456
f 1493 1478 1491
f 1498 1503 1499
f 1501 1493 1495
f 1503 1501 1502
f 1498 1501 1503
f 1500 1502 1494
f 1502 1501 1494
f 1478 1492 1491
f 1518 1513 1512
f 1501 1515 1514
f 1501 1506 1515
f 1519 1516 1513
f 1520 1521 1513
f 1518 1520 1513
f 1517 1522 1518
f 1523 1524 1518
f 1524 1520 1518
f 1519 1514 1516
f 1514 1511 1516
f 1525 1521 1520
f 1521 1514 1519
f 1487 1504 1496
f 1504 1505 1496
f 1496 1506 1488
f 1506 1498 1488
f 1506 1501 1498
f 1507 1504 1487
f 1507 1508 1504
f 1509 1505 1504
f 1501 1478 1493
f 1510 1505 1509
f 1508 1511 1504
f 1512 1507 1487
f 1512 1513 1507
f 1510 1514 1505
f 1514 1515 1505
f 1516 1511 1508
f 1495 1493 1494
f 1496 1488 1487
f 1497 1456 1488
f 1486 1485 1480
f 1480 1485 1482
f 1484 1477 1475
f 1526 1514 1525
f 1517 1518 1512
f 1511 1514 1510
f 1513 1516 1507
f 1523 1526 1524
f 1525 1514 1521
f 1524 1526 1525
f 1567 1568 1554
f 1568 1569 1554
f 1541 1559 1562
f 1569 1541 1562
f 1559 1541 1550
f 1564 1570 1565
f 1571 1570 1564
f 1566 1571 1563
f 1570 1568 1567
f 1571 1568 1570
f 1572 1573 1538
f 1550 1541 1547
f 1553 1550 1543
f 1538 1554 1539
f 1566 1563 1538
f 1565 1567 1554
f 1584 1585 1573
f 1586 1585 1584
f 1587 1575 1572
f 1587 1588 1575
f 1589 1575 1588
f 1590 1591 1575
f 1589 1590 1575
f 1586 1592 1585
f 1591 1592 1586
f 1590 1592 1591
f 1593 1587 1572
f 1574 1571 1566
f 1538 1574 1566
f 1575 1573 1572
f 1576 1538 1573
f 1576 1577 1538
f 1596 1592 1590
f 1592 1580 1585
f 1592 1568 1580
f 1598 1597 1594
f 1599 1600 1594
f 1600 1601 1594
f 1593 1599 1594
f 1597 1592 1596
f 1602 1599 1593
f 1598 1592 1597
f 1603 1604 1599
f 1578 1568 1574
f 1568 1571 1574
f 1580 1583 1581
f 1580 1568 1583
f 1575 1584 1573
f 1607 1592 1601
f 1604 1592 1607
f 1608 1592 1604
f 1603 1608 1604
f 1595 1588 1587
f 1595 1590 1588
f 1596 1590 1595
f 1593 1594 1587
f 1594 1597 1587
f 1549 1547 1536
f 1548 1536 1537
f 1604 1605 1599
f 1601 1592 1598
f 1607 1601 1600
f 1602 1606 1599
f 1605 1600 1599
f 1581 1582 1576
f 1555 1542 1552
f 1568 1541 1569
f 1576 1578 1577
f 1580 1581 1576
f 1577 1574 1538
f 1559 1550 1557
f 1537 1550 1548
f 1535 1545 1534
f 1545 1546 1534
f 1536 1547 1544
f 1546 1541 1540
f 1545 1541 1546
f 1578 1574 1577
f 1579 1580 1576
f 1579 1576 1573
f 1562 1559 1561
f 1542 1537 1539
f 1542 1543 1537
f 1536 1544 1535
f 1555 1556 1542
f 1561 1559 1560
f 1557 1556 1555
f 1562 1561 1539
f 1539 1558 1551
f 1551 1559 1552
f 1557 1550 1556
f 1560 1559 1551
f 1539 1561 1558
f 1553 1556 1550
f 1547 1541 1545
f 1568 1578 1576
f 1534 1533 1530
f 1533 1532 1530
f 1532 1528 1530
f 1528 1531 1529
f 1530 1528 1527
f 1527 1528 1529
f 1549 1550 1547
f 1543 1550 1537
f 1551 1552 1542
f 1551 1542 1539
f 1541 1532 1533
f 1540 1541 1533
f 1538 1539 1537
f 1537 1536 1530
f 1536 1535 1530
f 1535 1534 1530
f 1563 1564 1538
f 1582 1583 1576
f 1564 1565 1538
f 1565 1554 1538
f 1583 1568 1576
f 1609 1615 1610
f 1616 1613 1614
f 1613 1609 1612
f 1609 1610 1611
f 1612 1609 1611
f 1617 1613 1616
f 1614 1613 1612
f 1618 1613 1617
f 1622 1623 1620
f 1625 1624 1623
f 1627 1628 1624
f 1626 1624 1625
f 1619 1620 1621
f 1622 1620 1619
f 1626 1627 1624
f 1629 1628 1627
f 1623 1624 1620
f 1630 1633 1631
f 1630 1634 1633
f 1636 1634 1630
f 1635 1636 1630
f 1635 1637 1636
f 1639 1638 1635
f 1635 1638 1637
f 1630 1631 1632
f 1647 1645 1646
f 1648 1645 1647
f 1644 1641 1643
f 1643 1641 1640
f 1640 1641 1642
f 1648 1649 1645
f 1644 1645 1641
f 1646 1645 1644
f 1676 1677 1673
f 1675 1672 1671
f 1674 1675 1671
f 1704 1693 1695
f 1702 1703 1695
f 1701 1702 1695
f 1700 1695 1697
f 1699 1700 1697
f 1698 1699 1697
f 1697 1695 1689
f 1689 1695 1690
f 1695 1696 1690
f 1696 1695 1694
f 1695 1693 1686
f 1662 1651 1659
f 1661 1662 1659
f 1692 1684 1679
f 1691 1692 1679
f 1690 1691 1679
f 1716 1720 1717
f 1718 1719 1717
f 1709 1715 1714
f 1716 1717 1714
f 1715 1716 1714
f 1709 1714 1713
f 1709 1713 1712
f 1709 1712 1711
f 1709 1711 1710
f 1709 1710 1708
f 1707 1709 1708
f 1678 1677 1676
f 1677 1674 1673
f 1706 1704 1695
f 1705 1706 1695
f 1703 1705 1695
f 1735 1732 1731
f 1734 1735 1731
f 1701 1733 1730
f 1732 1728 1729
f 1731 1732 1729
f 1701 1730 1702
f 1727 1725 1721
f 1729 1728 1721
f 1728 1726 1721
f 1726 1727 1721
f 1721 1725 1724
f 1694 1695 1686
f 1693 1687 1686
f 1719 1721 1717
f 1721 1722 1717
f 1720 1718 1717
f 1746 1741 1742
f 1746 1743 1741
f 1701 1744 1742
f 1744 1745 1742
f 1745 1746 1742
f 1701 1742 1740
f 1741 1739 1738
f 1707 1708 1704
f 1743 1739 1741
f 1706 1707 1704
f 1736 1737 1731
f 1737 1734 1731
f 1738 1739 1731
f 1650 1651 1652
f 1654 1651 1653
f 1657 1651 1656
f 1721 1724 1723
f 1721 1723 1722
f 1679 1682 1680
f 1683 1670 1669
f 1679 1684 1682
f 1685 1670 1683
f 1686 1687 1683
f 1687 1688 1683
f 1688 1685 1683
f 1689 1690 1679
f 1658 1651 1657
f 1659 1651 1658
f 1660 1661 1659
f 1680 1681 1678
f 1679 1680 1678
f 1701 1740 1733
f 1681 1677 1678
f 1739 1736 1731
f 1663 1661 1660
f 1664 1663 1660
f 1662 1665 1651
f 1665 1666 1651
f 1665 1667 1666
f 1665 1668 1667
f 1669 1670 1668
f 1665 1669 1668
f 1671 1672 1664
f 1672 1663 1664
f 1673 1674 1671
f 1655 1651 1654
f 1656 1651 1655
f 1653 1651 1650
f 1750 1748 1747
f 1747 1748 1749
f 1751 1748 1750
f 1754 1752 1753
f 1751 1752 1748
f 1755 1756 1752
f 1753 1752 1751
f 1755 1752 1754
f 1757 1760 1758
f 1757 1758 1759
f 1761 1762 1760
f 1768 1767 1766
f 1768 1769 1767
f 1764 1765 1763
f 1766 1765 1764
f 1764 1763 1761
f 1763 1762 1761
f 1761 1760 1757
f 1766 1767 1765
f 1770 1773 1771
f 1770 1771 1772
f 1784 1782 1779
f 1783 1784 1779
f 1779 1782 1780
f 1774 1775 1776
f 1780 1781 1777
f 1777 1775 1774
f 1783 1785 1784
f 1781 1778 1777
f 1777 1778 1775
f 1779 1780 1777
f 1815 1811 1813
f 1816 1814 1813
f 1801 1819 1798
f 1820 1816 1818
f 1817 1816 1813
f 1818 1816 1817
f 1801 1858 1857
f 1801 1859 1858
f 1859 1855 1851
f 1860 1855 1859
f 1801 1861 1859
f 1861 1860 1859
f 1819 1821 1798
f 1849 1847 1846
f 1801 1850 1842
f 1823 1824 1798
f 1823 1825 1824
f 1826 1827 1820
f 1827 1816 1820
f 1823 1828 1825
f 1828 1827 1826
f 1829 1830 1828
f 1872 1854 1853
f 1873 1854 1872
f 1869 1854 1870
f 1854 1873 1870
f 1874 1866 1800
f 1875 1866 1874
f 1876 1875 1874
f 1877 1875 1876
f 1878 1875 1877
f 1847 1851 1827
f 1852 1853 1827
f 1853 1854 1827
f 1855 1852 1827
f 1851 1855 1827
f 1801 1856 1850
f 1801 1857 1856
f 1866 1868 1867
f 1871 1869 1867
f 1869 1870 1867
f 1868 1871 1867
f 1866 1867 1865
f 1800 1866 1865
f 1800 1862 1801
f 1800 1863 1862
f 1800 1864 1863
f 1837 1827 1836
f 1801 1838 1819
f 1801 1839 1838
f 1840 1841 1839
f 1801 1842 1839
f 1842 1840 1839
f 1843 1844 1839
f 1797 1793 1795
f 1822 1823 1798
f 1821 1822 1798
f 1787 1803 1802
f 1804 1805 1802
f 1847 1827 1845
f 1846 1847 1845
f 1843 1846 1844
f 1845 1827 1831
f 1841 1843 1839
f 1814 1815 1813
f 1812 1810 1808
f 1787 1796 1794
f 1795 1793 1792
f 1787 1794 1791
f 1793 1787 1790
f 1801 1798 1795
f 1787 1802 1796
f 1800 1801 1795
f 1787 1791 1789
f 1790 1787 1786
f 1787 1789 1788
f 1786 1787 1788
f 1809 1806 1802
f 1811 1812 1808
f 1810 1809 1808
f 1813 1811 1808
f 1843 1848 1846
f 1848 1849 1846
f 1836 1827 1835
f 1827 1837 1816
f 1808 1809 1802
f 1792 1793 1790
f 1798 1799 1795
f 1833 1827 1805
f 1803 1808 1802
f 1807 1804 1802
f 1806 1807 1802
f 1800 1865 1864
f 1834 1827 1833
f 1835 1827 1834
f 1831 1827 1828
f 1830 1831 1828
f 1832 1829 1828
f 1823 1832 1828
f 1799 1797 1795
f 1886 1884 1883
f 1879 1880 1881
f 1890 1887 1886
f 1883 1884 1885
f 1887 1884 1886
f 1889 1890 1886
f 1891 1882 1888
f 1882 1891 1880
f 1882 1892 1888
f 1892 1889 1888
f 1882 1880 1879
f 1888 1889 1886
f 1904 1905 1901
f 1898 1899 1896
f 1897 1898 1896
f 1893 1894 1895
f 1893 1896 1894
f 1893 1897 1896
f 1904 1906 1905
f 1901 1902 1899
f 1900 1903 1899
f 1905 1902 1901
f 1900 1899 1898
f 1903 1901 1899
f 1929 1933 1932
f 1929 1935 1934
f 1939 1940 1938
f 1929 1937 1936
f 1937 1938 1936
f 1929 1936 1935
f 1929 1934 1933
f 1920 1922 1916
f 1922 1923 1916
f 1923 1924 1916
f 1939 1941 1940
f 1945 1946 1941
f 1944 1945 1941
f 1943 1944 1941
f 1937 1939 1938
f 1939 1942 1941
f 1914 1915 1912
f 1924 1925 1916
f 1929 1931 1930
f 1929 1930 1928
f 1929 1928 1914
f 1914 1928 1927
f 1914 1927 1926
f 1914 1926 1918
f 1925 1917 1916
f 1929 1932 1931
f 1908 1914 1912
f 1910 1907 1909
f 1913 1907 1910
f 1908 1912 1911
f 1908 1911 1909
f 1916 1917 1913
f 1907 1908 1909
f 1942 1943 1941
f 1946 1947 1941
f 1917 1907 1913
f 1919 1920 1916
f 1914 1918 1915
f 1921 1919 1916
f 2010 2011 2008
f 2009 2001 2000
f 2008 2009 2000
f 1989 2006 2007
f 1989 2007 2005
f 2006 1989 2004
f 1989 2000 2004
f 1973 1970 1969
f 1972 1971 1958
f 1971 1959 1958
f 1964 1968 1967
f 1969 1970 1967
f 1968 1969 1967
f 1964 1967 1966
f 1998 1989 1991
f 1997 1998 1991
f 2026 2024 2025
f 2025 2024 2023
f 2017 2023 2022
f 2023 2024 2022
f 2017 2022 2021
f 2017 2021 2020
f 2017 2020 2019
f 1989 1990 1980
f 1988 1981 1980
f 1987 1988 1980
f 1977 1986 1971
f 1985 1970 1973
f 1984 1985 1973
f 1983 1984 1973
f 2012 2009 2008
f 2011 2012 2008
f 2042 2040 2037
f 2038 2041 2039
f 2040 2036 2037
f 2033 2038 2034
f 2038 2039 2034
f 2037 2036 2031
f 2036 2032 2031
f 1989 2005 1990
f 2004 2000 2003
f 2003 2000 2002
f 2000 2001 2002
f 1999 1993 1995
f 1977 1993 1999
f 1977 1999 1992
f 2028 2024 2026
f 2015 2027 2016
f 2017 2019 2018
f 2041 2044 2039
f 2013 2010 2008
f 2014 2010 2013
f 2015 2016 2014
f 2016 2010 2014
f 2009 2017 2001
f 2017 2018 2001
f 2043 2042 2037
f 2033 2034 2029
f 2035 2033 2029
f 2031 2030 2028
f 2030 2024 2028
f 2015 2029 2027
f 2032 2030 2031
f 2015 2035 2029
f 1964 1965 1963
f 1972 1974 1971
f 1951 1948 1950
f 1952 1948 1951
f 1953 1954 1949
f 1954 1955 1949
f 1948 1953 1949
f 2041 2042 2044
f 2044 2042 2043
f 1964 1966 1965
f 1974 1975 1971
f 1975 1976 1971
f 1978 1979 1973
f 1976 1977 1971
f 1981 1978 1973
f 1980 1981 1973
f 1979 1982 1973
f 1982 1983 1973
f 1991 1989 1980
f 1977 1992 1986
f 1993 1994 1991
f 1995 1993 1991
f 1994 1996 1991
f 1956 1948 1952
f 1957 1948 1956
f 1990 1987 1980
f 1996 1997 1991
f 1954 1960 1955
f 1961 1962 1955
f 1960 1961 1955
f 1961 1964 1963
f 1961 1963 1962
f 1958 1959 1957
f 1948 1949 1950
f 1959 1948 1957
f 2067 2075 2074
f 2046 2049 2047
f 2046 2050 2049
f 2084 2085 2079
f 2045 2046 2047
f 2055 2045 2051
f 2059 2057 2054
f 2048 2045 2047
f 2061 2062 2054
f 2052 2064 2056
f 2052 2065 2064
f 2060 2061 2054
f 2058 2060 2054
f 2067 2074 2073
f 2067 2070 2069
f 2067 2072 2071
f 2067 2073 2072
f 2067 2071 2070
f 2067 2068 2066
f 2067 2069 2068
f 2051 2045 2048
f 2075 2076 2074
f 2063 2055 2054
f 2085 2080 2079
f 2052 2056 2053
f 2046 2052 2050
f 2054 2055 2051
f 2052 2053 2050
f 2057 2058 2054
f 2077 2079 2078
f 2080 2081 2079
f 2081 2082 2079
f 2082 2083 2079
f 2077 2084 2079
f 2052 2066 2065
f 2067 2066 2052
f 2062 2063 2054
f 2077 2078 2076
f 2075 2077 2076
f 2086 2087 2088
f 2089 2087 2086
f 2090 2087 2089
f 2119 2115 2114
f 2118 2119 2114
f 2115 2116 2110
f 2114 2115 2110
f 2113 2102 2101
f 2109 2113 2101
f 2112 2108 2101
f 2100 2098 2099
f 2101 2102 2099
f 2116 2111 2110
f 2117 2118 2114
f 2107 2100 2099
f 2093 2087 2092
f 2108 2109 2101
f 2110 2111 2101
f 2118 2120 2121
f 2111 2112 2101
f 2118 2123 2120
f 2124 2118 2122
f 2118 2125 2123
f 2122 2118 2117
f 2126 2118 2124
f 2118 2126 2125
f 2096 2095 2094
f 2095 2093 2094
f 2097 2096 2094
f 2098 2096 2097
f 2099 2098 2097
f 2091 2087 2090
f 2094 2093 2092
f 2102 2103 2099
f 2103 2104 2099
f 2104 2105 2099
f 2105 2106 2099
f 2106 2107 2099
f 2092 2087 2091
f 2130 2133 2132
f 2127 2128 2129
f 2130 2128 2127
f 2130 2131 2128
f 2130 2132 2131
f 2134 2135 2133
f 2134 2133 2130
f 2137 2136 2134
f 2134 2136 2135
f 2141 2139 2138
f 2138 2139 2140
f 2153 2146 2151
f 2152 2153 2151
f 2142 2143 2144
f 2148 2149 2143
f 2146 2142 2145
f 2151 2146 2150
f 2142 2148 2143
f 2145 2142 2144
f 2150 2146 2147
f 2147 2146 2145
f 2165 2166 2163
f 2166 2164 2163
f 2163 2160 2162
f 2162 2160 2161
f 2161 2160 2159
f 2159 2160 2157
f 2159 2157 2158
f 2158 2157 2154
f 2165 2167 2166
f 2154 2157 2155
f 2154 2155 2156
f 2163 2164 2160
f 2171 2169 2168
f 2168 2169 2170
f 2171 2172 2169
f 2177 2176 2175
f 2175 2176 2173
f 2171 2173 2172
f 2178 2176 2177
f 2179 2180 2176
f 2174 2175 2173
f 2174 2173 2171
f 2178 2179 2176
f 2181 2180 2179
f 2192 2190 2188
f 2182 2185 2183
f 2187 2188 2185
f 2190 2191 2188
f 2186 2187 2185
f 2193 2191 2190
f 2189 2192 2188
f 2189 2188 2187
f 2182 2183 2184
f 2186 2185 2182
f 2203 2202 2201
f 2204 2202 2203
f 2194 2195 2196
f 2200 2199 2197
f 2200 2201 2199
f 2197 2198 2194
f 2204 2205 2202
f 2207 2206 2205
f 2197 2194 2196
f 2201 2202 2199
f 2197 2199 2198
f 2205 2206 2202
f 2231 2232 2223
f 2234 2235 2223
f 2230 2224 2223
f 2227 2228 2221
f 2226 2227 2221
f 2232 2233 2223
f 2233 2234 2223
f 2218 2217 2216
f 2217 2215 2216
f 2220 2218 2219
f 2221 2220 2219
f 2215 2209 2214
f 2219 2218 2216
f 2216 2215 2214
f 2208 2209 2210
f 2211 2209 2208
f 2238 2239 2231
f 2237 2238 2231
f 2236 2230 2223
f 2235 2236 2223
f 2214 2209 2213
f 2222 2220 2221
f 2249 2241 2247
f 2241 2248 2246
f 2247 2241 2243
f 2213 2209 2212
f 2212 2209 2211
f 2241 2249 2248
f 2223 2224 2221
f 2228 2229 2221
f 2241 2242 2237
f 2242 2238 2237
f 2243 2241 2240
f 2229 2222 2221
f 2241 2244 2245
f 2241 2246 2244
f 2239 2232 2231
f 2240 2241 2237
f 2225 2226 2221
f 2224 2225 2221
f 2250 2253 2251
f 2259 2257 2254
f 2255 2256 2250
f 2254 2255 2250
f 2250 2251 2252
f 2256 2253 2250
f 2258 2259 2254
f 2254 2257 2255
f 2280 2282 2281
f 2285 2289 2288
f 2285 2288 2287
f 2285 2287 2286
f 2282 2285 2284
f 2285 2286 2284
f 2282 2284 2283
f 2282 2283 2281
f 2290 2291 2277
f 2277 2278 2276
f 2260 2277 2276
f 2260 2276 2275
f 2299 2291 2290
f 2298 2279 2277
f 2263 2264 2262
f 2260 2261 2262
f 2277 2279 2278
f 2260 2275 2274
f 2293 2294 2277
f 2292 2293 2277
f 2264 2265 2262
f 2295 2296 2277
f 2265 2266 2262
f 2279 2280 2278
f 2280 2281 2278
f 2291 2292 2277
f 2294 2295 2277
f 2260 2270 2261
f 2269 2263 2262
f 2268 2269 2262
f 2296 2297 2277
f 2297 2298 2277
f 2266 2260 2262
f 2260 2272 2271
f 2260 2271 2270
f 2260 2274 2273
f 2267 2268 2262
f 2260 2273 2272
f 2336 2337 2330
f 2333 2334 2330
f 2323 2324 2316
f 2315 2317 2316
f 2332 2329 2327
f 2319 2320 2316
f 2318 2319 2316
f 2317 2318 2316
f 2320 2321 2316
f 2315 2316 2314
f 2339 2334 2333
f 2338 2331 2330
f 2300 2309 2308
f 2309 2310 2308
f 2312 2313 2308
f 2337 2338 2330
f 2334 2335 2330
f 2300 2307 2306
f 2300 2301 2302
f 2321 2322 2316
f 2322 2323 2316
f 2300 2303 2301
f 2300 2305 2304
f 2300 2308 2307
f 2300 2306 2305
f 2300 2304 2303
f 2312 2314 2313
f 2330 2331 2327
f 2331 2332 2327
f 2312 2315 2314
f 2326 2327 2317
f 2324 2325 2316
f 2329 2328 2327
f 2327 2328 2317
f 2335 2336 2330
f 2311 2312 2308
f 2310 2311 2308
f 2315 2326 2317
f 2376 2377 2370
f 2375 2376 2370
f 2377 2378 2370
f 2356 2365 2364
f 2340 2341 2342
f 2349 2350 2348
f 2340 2348 2347
f 2356 2364 2363
f 2370 2371 2367
f 2351 2352 2348
f 2365 2366 2364
f 2367 2368 2358
f 2359 2358 2355
f 2356 2357 2355
f 2358 2356 2355
f 2352 2354 2348
f 2353 2349 2348
f 2340 2353 2348
f 2352 2355 2354
f 2350 2351 2348
f 2340 2346 2345
f 2340 2347 2346
f 2340 2344 2343
f 2340 2345 2344
f 2340 2343 2341
f 2374 2375 2370
f 2372 2369 2367
f 2373 2374 2370
f 2369 2368 2367
f 2359 2367 2358
f 2371 2372 2367
f 2356 2360 2357
f 2356 2361 2360
f 2352 2359 2355
f 2356 2363 2362
f 2356 2362 2361
f 2379 2374 2373
f 2378 2371 2370
f 2384 2385 2380
f 2385 2386 2380
f 2388 2389 2384
f 2389 2385 2384
f 2388 2387 2390
f 2387 2388 2384
f 2383 2381 2380
f 2380 2381 2382
f 2386 2383 2380
f 2391 2392 2393
f 2391 2394 2392
f 2406 2404 2403
f 2402 2405 2401
f 2405 2403 2401
f 2403 2404 2401
f 2402 2401 2400
f 2400 2401 2398
f 2395 2398 2396
f 2395 2396 2397
f 2399 2400 2398
f 2399 2398 2395
f 2415 2418 2416
f 2407 2408 2409
f 2414 2411 2410
f 2413 2414 2410
f 2417 2413 2412
f 2416 2417 2412
f 2410 2408 2407
f 2410 2411 2408
f 2412 2413 2410
f 2415 2416 2412
f 2419 2420 2421
f 2422 2420 2419
f 2432 2431 2428
f 2423 2426 2424
f 2429 2430 2428
f 2430 2429 2433
f 2427 2432 2428
f 2431 2429 2428
f 2423 2424 2425
f 2427 2428 2424
f 2426 2427 2424
f 2488 2482 2484
f 2495 2498 2487
f 2489 2493 2492
f 2489 2492 2490
f 2497 2495 2494
f 2496 2497 2494
f 2494 2495 2487
f 2492 2493 2487
f 2493 2494 2487
f 2492 2487 2491
f 2486 2491 2487
f 2489 2490 2486
f 2489 2482 2479
f 2489 2479 2480
f 2479 2482 2488
f 2489 2486 2485
f 2482 2489 2485
f 2506 2507 2504
f 2506 2504 2500
f 2486 2487 2466
f 2485 2486 2466
f 2483 2485 2466
f 2484 2482 2466
f 2480 2479 2477
f 2469 2472 2470
f 2471 2473 2465
f 2470 2472 2447
f 2472 2471 2447
f 2471 2465 2447
f 2470 2447 2464
f 2469 2470 2464
f 2461 2469 2464
f 2461 2463 2460
f 2498 2499 2487
f 2499 2500 2487
f 2500 2501 2487
f 2502 2503 2498
f 2503 2499 2498
f 2489 2496 2493
f 2489 2497 2496
f 2504 2501 2500
f 2503 2480 2500
f 2497 2503 2502
f 2480 2497 2489
f 2480 2503 2497
f 2480 2505 2500
f 2505 2506 2500
f 2461 2453 2455
f 2443 2446 2442
f 2457 2458 2456
f 2456 2459 2447
f 2459 2460 2447
f 2453 2461 2454
f 2512 2513 2508
f 2511 2512 2508
f 2510 2511 2508
f 2461 2460 2458
f 2463 2462 2460
f 2462 2447 2460
f 2461 2458 2457
f 2461 2457 2454
f 2468 2461 2464
f 2465 2467 2466
f 2465 2466 2447
f 2462 2464 2447
f 2443 2448 2446
f 2445 2443 2434
f 2434 2443 2444
f 2434 2444 2435
f 2510 2508 2509
f 2480 2509 2505
f 2509 2508 2507
f 2507 2508 2504
f 2480 2510 2509
f 2455 2453 2445
f 2453 2450 2445
f 2446 2447 2438
f 2442 2446 2438
f 2445 2434 2439
f 2444 2443 2441
f 2453 2451 2450
f 2445 2448 2443
f 2450 2451 2449
f 2452 2447 2449
f 2453 2454 2449
f 2454 2452 2449
f 2445 2450 2448
f 2481 2484 2466
f 2482 2483 2466
f 2481 2466 2478
f 2479 2481 2478
f 2480 2477 2475
f 2480 2475 2474
f 2480 2474 2461
f 2475 2477 2476
f 2477 2479 2478
f 2478 2466 2467
f 2474 2472 2461
f 2473 2475 2465
f 2476 2477 2467
f 2477 2478 2467
f 2475 2473 2474
f 2452 2456 2447
f 2457 2456 2452
f 2434 2435 2436
f 2449 2447 2446
f 2450 2449 2446
f 2435 2437 2436
f 2437 2438 2436
f 2442 2438 2441
f 2443 2442 2441
f 2439 2434 2440
f 2441 2438 2437
f 2461 2472 2469
f 2461 2468 2463
f 2562 2563 2544
f 2555 2544 2558
f 2564 2555 2558
f 2555 2565 2544
f 2565 2566 2544
f 2567 2562 2544
f 2568 2567 2544
f 2536 2541 2545
f 2541 2547 2546
f 2547 2548 2546
f 2548 2534 2546
f 2549 2543 2534
f 2550 2549 2534
f 2548 2551 2534
f 2551 2550 2534
f 2552 2550 2551
f 2573 2563 2562
f 2555 2570 2568
f 2555 2572 2570
f 2574 2575 2573
f 2576 2574 2573
f 2575 2577 2573
f 2577 2578 2573
f 2556 2557 2543
f 2557 2558 2543
f 2558 2544 2543
f 2559 2560 2557
f 2560 2561 2557
f 2561 2558 2557
f 2555 2553 2550
f 2555 2554 2553
f 2559 2554 2555
f 2581 2583 2582
f 2574 2581 2580
f 2581 2574 2555
f 2585 2584 2579
f 2586 2587 2585
f 2571 2587 2555
f 2587 2581 2555
f 2566 2568 2544
f 2567 2569 2562
f 2565 2568 2566
f 2559 2564 2560
f 2559 2555 2564
f 2570 2562 2569
f 2555 2568 2565
f 2571 2555 2537
f 2570 2572 2562
f 2589 2590 2588
f 2587 2586 2583
f 2587 2592 2589
f 2592 2590 2589
f 2592 2593 2590
f 2594 2595 2590
f 2593 2594 2590
f 2578 2579 2573
f 2579 2563 2573
f 2580 2581 2577
f 2581 2578 2577
f 2555 2576 2572
f 2574 2576 2555
f 2578 2582 2579
f 2582 2583 2579
f 2584 2563 2579
f 2553 2554 2543
f 2541 2552 2547
f 2541 2550 2552
f 2555 2536 2537
f 2555 2541 2536
f 2555 2550 2541
f 2554 2556 2543
f 2535 2536 2532
f 2536 2533 2532
f 2531 2530 2528
f 2521 2537 2531
f 2537 2535 2531
f 2533 2538 2534
f 2538 2539 2534
f 2536 2539 2538
f 2537 2536 2535
f 2589 2588 2585
f 2587 2589 2585
f 2588 2590 2584
f 2590 2591 2584
f 2587 2583 2581
f 2588 2584 2585
f 2536 2540 2539
f 2539 2541 2534
f 2541 2542 2534
f 2543 2544 2534
f 2545 2541 2539
f 2546 2534 2542
f 2536 2545 2540
f 2515 2524 2522
f 2523 2525 2518
f 2525 2526 2518
f 2527 2526 2525
f 2514 2524 2515
f 2521 2524 2514
f 2527 2524 2521
f 2527 2528 2526
f 2529 2518 2526
f 2530 2531 2526
f 2531 2529 2526
f 2531 2527 2521
f 2531 2528 2527
f 2529 2532 2518
f 2532 2533 2518
f 2533 2534 2518
f 2514 2515 2516
f 2515 2517 2516
f 2517 2518 2516
f 2519 2514 2520
f 2521 2514 2519
f 2522 2518 2517
f 2523 2518 2522
f 2524 2523 2522
f 2620 2621 2601
f 2625 2626 2624
f 2626 2619 2624
f 2626 2622 2619
f 2627 2628 2625
f 2620 2623 2621
f 2629 2626 2625
f 2641 2642 2639
f 2642 2643 2639
f 2643 2640 2639
f 2633 2637 2630
f 2633 2638 2637
f 2644 2645 2640
f 2633 2641 2638
f 2620 2601 2618
f 2616 2620 2615
f 2645 2646 2640
f 2646 2622 2640
f 2647 2648 2622
f 2649 2647 2622
f 2646 2650 2622
f 2650 2651 2622
f 2651 2649 2622
f 2652 2651 2650
f 2648 2653 2622
f 2633 2644 2642
f 2633 2645 2644
f 2645 2651 2652
f 2651 2645 2633
f 2654 2655 2648
f 2635 2622 2626
f 2636 2633 2632
f 2657 2653 2648
f 2654 2658 2655
f 2651 2656 2649
f 2654 2651 2633
f 2654 2656 2651
f 2658 2657 2655
f 2658 2659 2657
f 2660 2653 2657
f 2659 2660 2657
f 2660 2661 2653
f 2659 2662 2660
f 2662 2661 2660
f 2654 2663 2658
f 2663 2659 2658
f 2633 2642 2641
f 2620 2633 2628
f 2620 2663 2633
f 2663 2654 2633
f 2664 2653 2661
f 2665 2664 2661
f 2663 2665 2661
f 2664 2666 2653
f 2667 2668 2653
f 2666 2667 2653
f 2669 2667 2666
f 2663 2669 2665
f 2663 2670 2669
f 2670 2667 2669
f 2670 2671 2667
f 2672 2673 2667
f 2656 2654 2648
f 2655 2657 2648
f 2663 2662 2659
f 2662 2663 2661
f 2671 2672 2667
f 2616 2615 2613
f 2634 2635 2626
f 2631 2634 2626
f 2637 2635 2634
f 2623 2628 2627
f 2632 2633 2626
f 2633 2630 2626
f 2630 2631 2626
f 2629 2632 2626
f 2628 2629 2625
f 2615 2618 2612
f 2614 2612 2611
f 2613 2610 2608
f 2617 2601 2612
f 2618 2617 2612
f 2608 2616 2613
f 2619 2622 2602
f 2615 2614 2611
f 2613 2615 2611
f 2605 2600 2599
f 2603 2596 2604
f 2601 2602 2600
f 2623 2624 2619
f 2621 2623 2619
f 2619 2602 2601
f 2621 2619 2601
f 2620 2618 2615
f 2618 2601 2617
f 2628 2633 2636
f 2612 2601 2600
f 2611 2612 2600
f 2609 2611 2600
f 2596 2607 2597
f 2610 2609 2606
f 2607 2610 2606
f 2606 2609 2600
f 2608 2596 2603
f 2597 2607 2605
f 2607 2606 2605
f 2606 2600 2605
f 2599 2600 2598
f 2597 2599 2598
f 2596 2597 2598
f 2608 2610 2607
f 2608 2607 2596
f 2635 2639 2622
f 2637 2638 2635
f 2628 2623 2620
f 2639 2640 2622
f 2677 2678 2675
f 2678 2679 2675
f 2682 2683 2679
f 2677 2675 2674
f 2680 2679 2678
f 2674 2675 2676
f 2681 2682 2679
f 2681 2679 2680
f 2687 2688 2685
f 2687 2685 2684
f 2687 2689 2688
f 2684 2685 2686
f 2691 2690 2687
f 2691 2692 2690
f 2694 2693 2691
f 2691 2693 2692
f 2687 2690 2689
f 2702 2700 2701
f 2699 2696 2698
f 2699 2700 2696
f 2703 2704 2700
f 2703 2700 2702
f 2695 2696 2697
f 2698 2696 2695
f 2701 2700 2699
f 2705 2709 2708
f 2710 2712 2711
f 2711 2709 2705
f 2710 2713 2712
f 2714 2713 2710
f 2705 2706 2707
f 2705 2708 2706
f 2710 2711 2705
f 2753 2755 2754
f 2753 2754 2749
f 2752 2753 2749
f 2751 2752 2749
f 2750 2751 2749
f 2725 2750 2749
f 2725 2749 2748
f 2746 2747 2742
f 2745 2746 2742
f 2744 2745 2742
f 2743 2744 2742
f 2738 2742 2741
f 2738 2741 2740
f 2738 2740 2739
f 2769 2770 2768
f 2768 2765 2767
f 2767 2765 2766
f 2766 2765 2764
f 2765 2763 2762
f 2764 2765 2762
f 2761 2747 2759
f 2728 2732 2731
f 2728 2731 2730
f 2760 2761 2759
f 2759 2747 2755
f 2758 2747 2757
f 2755 2747 2758
f 2755 2758 2756
f 2757 2747 2746
f 2755 2756 2754
f 2786 2787 2774
f 2785 2786 2774
f 2784 2785 2774
f 2783 2784 2774
f 2780 2783 2774
f 2781 2782 2774
f 2779 2780 2774
f 2725 2748 2726
f 2738 2743 2742
f 2776 2777 2774
f 2775 2776 2774
f 2774 2770 2773
f 2773 2770 2772
f 2772 2770 2771
f 2771 2770 2769
f 2770 2765 2768
f 2796 2800 2799
f 2800 2801 2799
f 2796 2799 2798
f 2796 2798 2797
f 2793 2796 2795
f 2796 2797 2795
f 2793 2795 2794
f 2763 2760 2759
f 2762 2763 2759
f 2792 2790 2789
f 2791 2788 2782
f 2790 2791 2782
f 2789 2790 2782
f 2782 2788 2774
f 2788 2770 2774
f 2787 2781 2774
f 2810 2811 2809
f 2811 2808 2809
f 2719 2718 2717
f 2722 2718 2721
f 2778 2779 2774
f 2807 2811 2810
f 2777 2778 2774
f 2808 2801 2805
f 2804 2806 2802
f 2804 2807 2806
f 2803 2801 2800
f 2792 2802 2790
f 2805 2801 2803
f 2792 2804 2802
f 2807 2810 2806
f 2809 2808 2805
f 2761 2793 2747
f 2793 2794 2747
f 2715 2728 2716
f 2727 2718 2724
f 2726 2727 2724
f 2725 2726 2724
f 2724 2718 2723
f 2721 2718 2720
f 2720 2718 2719
f 2728 2729 2716
f 2738 2739 2737
f 2734 2736 2735
f 2736 2737 2735
f 2728 2734 2733
f 2734 2735 2733
f 2728 2733 2732
f 2728 2730 2729
f 2736 2738 2737
f 2723 2718 2722
f 2718 2715 2717
f 2715 2716 2717
f 2817 2818 2812
f 2812 2813 2814
f 2812 2815 2813
f 2812 2816 2815
f 2817 2819 2818
f 2818 2816 2812
f 2821 2820 2817
f 2817 2820 2819
f 2826 2825 2822
f 2830 2828 2827
f 2831 2830 2829
f 2832 2834 2833
f 2822 2825 2823
f 2827 2828 2826
f 2822 2823 2824
f 2833 2830 2831
f 2828 2825 2826
f 2829 2830 2827
f 2832 2833 2831
f 2835 2836 2837
f 2835 2838 2836
f 2840 2843 2842
f 2844 2845 2839
f 2846 2847 2843
f 2845 2840 2839
f 2846 2849 2848
f 2840 2846 2843
f 2839 2840 2841
f 2840 2842 2841
f 2846 2848 2847
f 2849 2850 2848
f 2868 2864 2853
f 2870 2883 2879
f 2884 2869 2857
f 2885 2884 2857
f 2886 2856 2860
f 2870 2887 2883
f 2888 2856 2886
f 2889 2884 2885
f 2890 2891 2886
f 2891 2888 2886
f 2892 2884 2889
f 2870 2893 2887
f 2910 2911 2894
f 2903 2912 2894
f 2880 2882 2877
f 2913 2914 2868
f 2915 2916 2868
f 2916 2913 2868
f 2914 2864 2868
f 2910 2917 2911
f 2918 2901 2909
f 2919 2918 2911
f 2917 2919 2911
f 2920 2905 2904
f 2919 2901 2918
f 2901 2905 2920
f 2921 2901 2920
f 2895 2901 2921
f 2922 2916 2915
f 2901 2916 2922
f 2896 2897 2890
f 2924 2901 2923
f 2925 2901 2924
f 2901 2925 2905
f 2926 2901 2919
f 2927 2928 2863
f 2928 2929 2863
f 2930 2931 2863
f 2931 2927 2863
f 2862 2930 2863
f 2932 2929 2928
f 2933 2934 2932
f 2934 2935 2932
f 2936 2929 2932
f 2935 2936 2932
f 2937 2933 2932
f 2912 2910 2894
f 2938 2926 2937
f 2926 2939 2901
f 2939 2926 2938
f 2940 2933 2926
f 2941 2933 2940
f 2941 2942 2933
f 2941 2943 2942
f 2923 2901 2922
f 2870 2877 2875
f 2869 2865 2853
f 2866 2867 2853
f 2857 2869 2853
f 2874 2860 2855
f 2870 2875 2873
f 2878 2860 2876
f 2876 2860 2874
f 2926 2933 2937
f 2870 2872 2871
f 2870 2873 2872
f 2870 2871 2851
f 2859 2854 2853
f 2858 2859 2853
f 2852 2858 2853
f 2860 2856 2853
f 2855 2860 2853
f 2851 2852 2853
f 2882 2878 2881
f 2882 2881 2877
f 2881 2878 2876
f 2870 2879 2877
f 2909 2901 2890
f 2856 2857 2853
f 2854 2855 2853
f 2908 2884 2892
f 2907 2908 2892
f 2906 2907 2892
f 2905 2906 2892
f 2899 2902 2894
f 2901 2895 2890
f 2904 2905 2892
f 2902 2903 2894
f 2893 2900 2894
f 2900 2898 2894
f 2898 2899 2894
f 2897 2891 2890
f 2895 2896 2890
f 2867 2868 2853
f 2893 2894 2887
f 2865 2866 2853
f 2862 2863 2853
f 2864 2861 2853
f 2861 2862 2853
f 2879 2880 2877
f 2947 2949 2948
f 2950 2951 2947
f 2947 2948 2945
f 2955 2956 2953
f 2944 2945 2946
f 2950 2953 2952
f 2950 2952 2951
f 2951 2949 2947
f 2957 2956 2955
f 2954 2955 2953
f 2954 2953 2950
f 2947 2945 2944
f 2965 2966 2963
f 2966 2967 2963
f 2965 2968 2966
f 2967 2964 2963
f 2969 2970 2965
f 2963 2961 2962
f 2963 2964 2961
f 2958 2959 2960
f 2969 2971 2970
f 2970 2968 2965
f 2958 2961 2959
f 2962 2961 2958
f 2975 2980 2978
f 2975 2976 2974
f 2975 2978 2976
f 2973 2975 2974
f 3008 3012 3004
f 3011 3006 3004
f 3010 3011 3004
f 3009 3010 3004
f 3012 3005 3004
f 2997 2991 2996
f 2998 2991 2997
f 2999 2998 2997
f 3000 2998 2999
f 3001 2998 3000
f 3002 3001 3000
f 3003 3001 3002
f 3004 3005 3003
f 3005 3001 3003
f 2972 2973 2974
f 3007 3008 3004
f 2995 2991 2994
f 2994 2991 2993
f 2993 2991 2992
f 2996 2991 2995
f 2992 2991 2990
f 2980 2981 2978
f 2982 2973 2979
f 2979 2973 2977
f 2980 2983 2981
f 2983 2984 2981
f 2985 2986 2981
f 2984 2985 2981
f 2986 2987 2981
f 2987 2988 2981
f 2989 2973 2982
f 2991 2973 2990
f 2977 2973 2972
f 3006 3007 3004
f 2990 2973 2989
f 3053 3047 3051
f 3043 3052 3050
f 3051 3047 3049
f 3043 3050 3044
f 3049 3047 3042
f 3048 3046 3042
f 3047 3048 3042
f 3046 3045 3042
f 3045 3041 3042
f 3035 3043 3034
f 3043 3044 3034
f 3042 3041 3039
f 3041 3040 3039
f 3039 3026 3038
f 3038 3026 3025
f 3067 3068 3069
f 3066 3055 3064
f 3065 3060 3036
f 3062 3065 3036
f 3064 3055 3036
f 3063 3064 3036
f 3059 3063 3036
f 3061 3057 3036
f 3037 3062 3036
f 3060 3061 3036
f 3058 3059 3036
f 3057 3058 3036
f 3055 3056 3036
f 3022 3024 3023
f 3043 3054 3051
f 3054 3053 3051
f 3055 3083 3080
f 3083 3081 3080
f 3081 3082 3080
f 3055 3080 3079
f 3055 3079 3078
f 3055 3078 3077
f 3055 3077 3076
f 3055 3076 3056
f 3055 3075 3074
f 3075 3055 3072
f 3055 3074 3073
f 3055 3073 3071
f 3072 3055 3066
f 3040 3026 3039
f 3070 3055 3069
f 3068 3070 3069
f 3099 3100 3096
f 3098 3082 3096
f 3092 3097 3093
f 3096 3082 3095
f 3095 3082 3081
f 3094 3085 3091
f 3093 3094 3091
f 3092 3093 3091
f 3091 3085 3090
f 3090 3085 3089
f 3089 3085 3088
f 3088 3085 3084
f 3087 3068 3067
f 3052 3043 3051
f 3085 3086 3067
f 3084 3085 3067
f 3109 3105 3104
f 3036 3035 3033
f 3107 3108 3104
f 3108 3109 3104
f 3104 3105 3099
f 3106 3107 3104
f 3092 3104 3097
f 3105 3100 3099
f 3092 3106 3104
f 3055 3071 3069
f 3101 3102 3096
f 3100 3101 3096
f 3102 3103 3096
f 3086 3087 3067
f 3016 3022 3018
f 3037 3036 3033
f 3103 3098 3096
f 3028 3027 3019
f 3035 3034 3033
f 3034 3028 3033
f 3033 3028 3032
f 3032 3028 3031
f 3031 3028 3030
f 3030 3028 3029
f 3029 3028 3019
f 3022 3023 3018
f 3027 3020 3019
f 3022 3025 3024
f 3025 3026 3024
f 3019 3020 3013
f 3016 3018 3017
f 3021 3014 3013
f 3020 3021 3013
f 3014 3016 3015
f 3013 3014 3015
f 3016 3017 3015
f 3147 3148 3141
f 3121 3122 3119
f 3120 3113 3117
f 3122 3123 3119
f 3123 3124 3119
f 3127 3113 3120
f 3110 3116 3111
f 3117 3113 3115
f 3118 3119 3116
f 3129 3113 3128
f 3128 3113 3127
f 3130 3129 3128
f 3131 3129 3130
f 3132 3129 3131
f 3133 3129 3132
f 3136 3135 3134
f 3135 3129 3134
f 3137 3135 3136
f 3138 3135 3137
f 3140 3138 3139
f 3139 3138 3137
f 3143 3144 3141
f 3124 3125 3119
f 3118 3126 3119
f 3126 3121 3119
f 3115 3113 3114
f 3113 3110 3112
f 3110 3111 3112
f 3114 3113 3112
f 3110 3118 3116
f 3134 3129 3133
f 3146 3147 3141
f 3144 3146 3141
f 3142 3138 3140
f 3141 3142 3140
f 3145 3143 3141
f 3149 3142 3141
f 3148 3149 3141

