# https://github.com/mikedh/trimesh
v -11.68221077 0.09523605 1.09113041
v -11.68207035 0.09521901 1.09117489
v -11.68221092 0.09521197 1.09114032
v -11.68196985 0.09532904 1.09115129
v -11.68195001 0.09531294 1.09116291
v -11.68193971 0.09529399 1.09117490
v -11.68193037 0.09527301 1.09118698
v -11.68203041 0.09535503 1.09112189
v -11.68201052 0.09535097 1.09113041
v -11.68198970 0.09534203 1.09114032
v -11.68211026 0.09534596 1.09110669
v -11.68207980 0.09535300 1.09110993
v -11.68205986 0.09535598 1.09111494
v -11.68217039 0.09530198 1.09110991
v -11.68215985 0.09531902 1.09110671
v -11.68213027 0.09533404 1.09110570
v -11.68220014 0.09525894 1.09112191
v -11.68219049 0.09528099 1.09111492
v -11.68192007 0.09525000 1.09119861
v -11.68191929 0.09522604 1.09120958
v -11.68207035 0.09508203 1.09123490
v -11.68168069 0.09444498 1.08982078
v -11.68171018 0.09444200 1.08981571
v -11.68209981 0.09508299 1.09122800
v -11.68173009 0.09444295 1.08980867
v -11.68211969 0.09508799 1.09121948
v -11.68174997 0.09444796 1.08980024
v -11.68205041 0.09508501 1.09124011
v -11.68164928 0.09445297 1.08982403
v -11.68215005 0.09509598 1.09120959
v -11.68178033 0.09445702 1.08979041
v -11.68201995 0.09509300 1.09124307
v -11.68162927 0.09446405 1.08982504
v -11.68217085 0.09510898 1.09119860
v -11.68180018 0.09446894 1.08977944
v -11.68199994 0.09510397 1.09124419
v -11.68160923 0.09447896 1.08982401
v -11.68218020 0.09512495 1.09118698
v -11.68180953 0.09448503 1.08976782
v -11.68197990 0.09511899 1.09124308
v -11.68158915 0.09449696 1.08982081
v -11.68220003 0.09514402 1.09117489
v -11.68183032 0.09450399 1.08975568
v -11.68195983 0.09513604 1.09124010
v -11.68157000 0.09451698 1.08981573
v -11.68221033 0.09516500 1.09116292
v -11.68184062 0.09452604 1.08974371
v -11.68193972 0.09515702 1.09123491
v -11.68156035 0.09453904 1.08980881
v -11.68221014 0.09518801 1.09115129
v -11.68184043 0.09454798 1.08973211
v -11.68193007 0.09517895 1.09122801
v -11.68156022 0.09456300 1.08980021
v -11.68184025 0.09457206 1.08972107
v -11.68191944 0.09520196 1.09121948
v -11.68154957 0.09458696 1.08979039
v -11.68184009 0.09459602 1.08971119
v -11.68154939 0.09460997 1.08977942
v -11.68183042 0.09461903 1.08970259
v -11.68155970 0.09463297 1.08976781
v -11.68182078 0.09464204 1.08969568
v -11.68157000 0.09465396 1.08975569
v -11.68180067 0.09466194 1.08969062
v -11.68158029 0.09467303 1.08974371
v -11.68179013 0.09467994 1.08968752
v -11.68160013 0.09468901 1.08973209
v -11.68176055 0.09469401 1.08968649
v -11.68161998 0.09470200 1.08972108
v -11.68174055 0.09470605 1.08968752
v -11.68163985 0.09471106 1.08971119
v -11.68172057 0.09471296 1.08969061
v -11.68166927 0.09471594 1.08970259
v -11.68169014 0.09471702 1.08969566
v -11.67371039 0.07690095 1.10160899
v -11.67368381 0.07676910 1.10167596
v -11.67371039 0.07676302 1.10166901
v -11.67373984 0.07676398 1.10166209
v -11.67375973 0.07676899 1.10165350
v -11.67379198 0.07677876 1.10164272
v -11.67363998 0.07678496 1.10167831
v -11.67361994 0.07679998 1.10167728
v -11.67383165 0.07680880 1.10161923
v -11.67359986 0.07681798 1.10167412
v -11.67357975 0.07683801 1.10166900
v -11.67384942 0.07684695 1.10159701
v -11.67357011 0.07685994 1.10166210
v -11.67384984 0.07691573 1.10156403
v -11.67356997 0.07688402 1.10165351
v -11.67355932 0.07690799 1.10164368
v -11.67356011 0.07693170 1.10163306
v -11.67362407 0.07701969 1.10157764
v -11.67358911 0.07699322 1.10159784
v -11.67367044 0.07703697 1.10155588
v -11.67365056 0.07703196 1.10156452
v -11.67375886 0.07702279 1.10153961
v -11.67373033 0.07703399 1.10154402
v -11.67369989 0.07703804 1.10154902
v -11.67381996 0.07698297 1.10154390
v -11.67379989 0.07700097 1.10154079
v -11.67383921 0.07694303 1.10155498
v -11.67331599 0.07612824 1.10025620
v -11.67335875 0.07612239 1.10024714
v -11.67340050 0.07612895 1.10023433
v -11.67342982 0.07614349 1.10021925
v -11.67326930 0.07614600 1.10025899
v -11.67324926 0.07615994 1.10025800
v -11.67345910 0.07616698 1.10020180
v -11.67323014 0.07617795 1.10025488
v -11.67347970 0.07620584 1.10017816
v -11.67322053 0.07619797 1.10024982
v -11.67320039 0.07622098 1.10024288
v -11.67347917 0.07627606 1.10014485
v -11.67320026 0.07624399 1.10023433
v -11.67318961 0.07626795 1.10022442
v -11.67318943 0.07629250 1.10021364
v -11.67347046 0.07630097 1.10013669
v -11.67345024 0.07634269 1.10012447
v -11.67321844 0.07635319 1.10017918
v -11.67343017 0.07636105 1.10012162
v -11.67324773 0.07637607 1.10016197
v -11.67341013 0.07637595 1.10012059
v -11.67336155 0.07639455 1.10012399
v -11.67327988 0.07639204 1.10014534
v -11.67332069 0.07639848 1.10013268
v -11.67334067 0.07626104 1.10018979
v -11.68676048 0.09863602 1.08661013
v -11.68687942 0.09952902 1.08617633
v -11.68702179 0.09861051 1.08655254
v -11.68725986 0.09865200 1.08647297
v -11.68659013 0.09868597 1.08663100
v -11.68748892 0.09875428 1.08636676
v -11.68638047 0.09878873 1.08663881
v -11.68770294 0.09896576 1.08621417
v -11.68612529 0.09901487 1.08660292
v -11.68781071 0.09916996 1.08609596
v -11.68598014 0.09926199 1.08653002
v -11.68785244 0.09943997 1.08596210
v -11.68592965 0.09941803 1.08647309
v -11.68590952 0.09957801 1.08640719
v -11.68783014 0.09964000 1.08587938
v -11.68591473 0.09977638 1.08631531
v -11.68600977 0.10002898 1.08617632
v -11.68609908 0.10015499 1.08609611
v -11.68772574 0.09988987 1.08579127
v -11.68736692 0.10027062 1.08571354
v -11.68759051 0.10008000 1.08574227
v -11.68705826 0.10041009 1.08573185
v -11.68641561 0.10037934 1.08591377
v -11.68666017 0.10043894 1.08582259
v -11.68683011 0.10044395 1.08577638
v -11.68621035 0.10026096 1.08601838
v -11.68725009 0.10016906 1.08759549
v -11.68713020 0.09927606 1.08802936
v -11.68736208 0.09924912 1.08798038
v -11.68767690 0.09930777 1.08787011
v -11.68695984 0.09932505 1.08805018
v -11.68673110 0.09944128 1.08805727
v -11.68790961 0.09943603 1.08775340
v -11.68805667 0.09958374 1.08764737
v -11.68652945 0.09961795 1.08802938
v -11.68637208 0.09984946 1.08796739
v -11.68819161 0.09983908 1.08749859
v -11.68629936 0.10005795 1.08789229
v -11.68821998 0.10012006 1.08736461
v -11.68627066 0.10021698 1.08782642
v -11.68819032 0.10027896 1.08729866
v -11.68658007 0.10090100 1.08743762
v -11.68646975 0.10079395 1.08751527
v -11.68635793 0.10063194 1.08761865
v -11.68702988 0.10107803 1.08724183
v -11.68680900 0.10102795 1.08732275
v -11.68745557 0.10104179 1.08714747
v -11.68719983 0.10108398 1.08719562
v -11.68796023 0.10072004 1.08716148
v -11.68776049 0.10089480 1.08713376
v -11.68811663 0.10049271 1.08722227
v -11.68627998 0.10037600 1.08775341
v -11.70105010 0.12010704 1.07501351
v -11.70102066 0.11997556 1.07508051
v -11.70106248 0.11996840 1.07507229
v -11.70110993 0.11997497 1.07505810
v -11.70113548 0.11998665 1.07504556
v -11.70097969 0.11999201 1.07508284
v -11.70095965 0.12000596 1.07508170
v -11.70117043 0.12001335 1.07502496
v -11.70093957 0.12002395 1.07507859
v -11.70092033 0.12006544 1.07506750
v -11.70120039 0.12007521 1.07498995
v -11.70090969 0.12009119 1.07505852
v -11.70120021 0.12009907 1.07497887
v -11.70118956 0.12012398 1.07496898
v -11.70091012 0.12016106 1.07502548
v -11.70096662 0.12022756 1.07498077
v -11.70092976 0.12020098 1.07500153
v -11.70091946 0.12018203 1.07501364
v -11.70101876 0.12024307 1.07496159
v -11.70107288 0.12024032 1.07494742
v -11.70103960 0.12024402 1.07495361
v -11.70115775 0.12019145 1.07494758
v -11.70111955 0.12022197 1.07494418
v -11.70118943 0.12014698 1.07496051
v -11.70117024 0.12016903 1.07495360
v -11.70066044 0.11933303 1.07365940
v -11.70069561 0.11932957 1.07365238
v -11.70074022 0.11933600 1.07363892
v -11.70064047 0.11934101 1.07366251
v -11.70076765 0.11934792 1.07362507
v -11.70062046 0.11935198 1.07366357
v -11.70058993 0.11936699 1.07366252
v -11.70080071 0.11937332 1.07360587
v -11.70058035 0.11938405 1.07365939
v -11.70055928 0.11940645 1.07365405
v -11.70082972 0.11943399 1.07357126
v -11.70053997 0.11945020 1.07363908
v -11.70082954 0.11945998 1.07355970
v -11.70082080 0.11948405 1.07354979
v -11.70054041 0.11952089 1.07360671
v -11.70082066 0.11950694 1.07354126
v -11.70080053 0.11952901 1.07353442
v -11.70054974 0.11954199 1.07359431
v -11.70078995 0.11954998 1.07352916
v -11.70056958 0.11956095 1.07358228
v -11.70075269 0.11958074 1.07352471
v -11.70057988 0.11957704 1.07357073
v -11.70059973 0.11959003 1.07355970
v -11.70070411 0.11960017 1.07352798
v -11.70064904 0.11960411 1.07354229
v -11.70066989 0.11960398 1.07353440
v -11.70068038 0.11946701 1.07359433
v -11.70356079 0.12445998 1.07059291
v -11.70360074 0.12432395 1.07064596
v -11.70357033 0.12432300 1.07065300
v -11.70354944 0.12432598 1.07065801
v -11.70362062 0.12432896 1.07063750
v -11.70351993 0.12433397 1.07066117
v -11.70364994 0.12434398 1.07062203
v -11.70349992 0.12434506 1.07066221
v -11.70347415 0.12436461 1.07066071
v -11.70367923 0.12436699 1.07060503
v -11.70369047 0.12438522 1.07059269
v -11.70343969 0.12439929 1.07065278
v -11.70371012 0.12442909 1.07056897
v -11.70342038 0.12444435 1.07063776
v -11.70370978 0.12447678 1.07054807
v -11.70341986 0.12451397 1.07060522
v -11.70343015 0.12453495 1.07059292
v -11.70344999 0.12455403 1.07058089
v -11.70365601 0.12455653 1.07052496
v -11.70369047 0.12452303 1.07053302
v -11.70356553 0.12459742 1.07053117
v -11.70361024 0.12458705 1.07052468
v -11.70363025 0.12457597 1.07052373
v -11.70350954 0.12459206 1.07054841
v -11.70352943 0.12459694 1.07053988
v -11.70346029 0.12457000 1.07056931
v -11.70348968 0.12458300 1.07055830
v -11.70393051 0.12510000 1.07201218
v -11.70392011 0.12496601 1.07207732
v -11.70394005 0.12496303 1.07207208
v -11.70397046 0.12496399 1.07206529
v -11.70398939 0.12496899 1.07205669
v -11.70389060 0.12497401 1.07208042
v -11.70401965 0.12498355 1.07204121
v -11.70387059 0.12498497 1.07208136
v -11.70384100 0.12500786 1.07207948
v -11.70405084 0.12500678 1.07202351
v -11.70381036 0.12503802 1.07207208
v -11.70407983 0.12506913 1.07198797
v -11.70379011 0.12508284 1.07205754
v -11.70408046 0.12511705 1.07196772
v -11.70383001 0.12521004 1.07198852
v -11.70381970 0.12519395 1.07200007
v -11.70379987 0.12517499 1.07201216
v -11.70379053 0.12515400 1.07202433
v -11.70390011 0.12523721 1.07195983
v -11.70384985 0.12522303 1.07197749
v -11.70397996 0.12522697 1.07194394
v -11.70394189 0.12523590 1.07194893
v -11.70402860 0.12519382 1.07194482
v -11.70399997 0.12521504 1.07194292
v -11.70406018 0.12516188 1.07195193
v -11.70684990 0.12995671 1.06906304
v -11.70682046 0.13009404 1.06901077
v -11.70681382 0.12995672 1.06907300
v -11.70677005 0.12996697 1.06907899
v -11.70690015 0.12997102 1.06904541
v -11.70675004 0.12997805 1.06908000
v -11.70692000 0.12998402 1.06903438
v -11.70671950 0.13000153 1.06907789
v -11.70692935 0.12999999 1.06902282
v -11.70695014 0.13001894 1.06901077
v -11.70669077 0.13003099 1.06907069
v -11.70696044 0.13004005 1.06899868
v -11.70667052 0.13007533 1.06905613
v -11.70695991 0.13010894 1.06896578
v -11.70667018 0.13012504 1.06903476
v -11.70668514 0.13015985 1.06901609
v -11.70671995 0.13020301 1.06898712
v -11.70670011 0.13018703 1.06899868
v -11.70677956 0.13022995 1.06895770
v -11.70675967 0.13022506 1.06896632
v -11.70673980 0.13021600 1.06897609
v -11.70686037 0.13022005 1.06894259
v -11.70682990 0.13022803 1.06894570
v -11.70680996 0.13023101 1.06895082
v -11.70693963 0.13015710 1.06895010
v -11.70690042 0.13019406 1.06894258
v -11.70688037 0.13020896 1.06894152
v -11.70644125 0.12931751 1.06765418
v -11.70647923 0.12931680 1.06764400
v -11.70640033 0.12932705 1.06765979
v -11.70653044 0.12933098 1.06762623
v -11.70638033 0.12933897 1.06766081
v -11.70655029 0.12934397 1.06761520
v -11.70635360 0.12935852 1.06765918
v -11.70655963 0.12935995 1.06760358
v -11.70657947 0.12937902 1.06759161
v -11.70631915 0.12939345 1.06765150
v -11.70658975 0.12940025 1.06757855
v -11.70629984 0.12943720 1.06763632
v -11.70659020 0.12946998 1.06754708
v -11.70630044 0.12948680 1.06761460
v -11.70656992 0.12951576 1.06753139
v -11.70632945 0.12954783 1.06757998
v -11.70654982 0.12953603 1.06752652
v -11.70653928 0.12955403 1.06752329
v -11.70635024 0.12956404 1.06756788
v -11.70648969 0.12957965 1.06752275
v -11.70637009 0.12957597 1.06755703
v -11.70638995 0.12958502 1.06754708
v -11.70644878 0.12959050 1.06752896
v -11.70640984 0.12959002 1.06753849
v -11.70644979 0.12945401 1.06759161
v -11.70930932 0.13431333 1.06465607
v -11.70933019 0.13444697 1.06459019
v -11.70934543 0.13430953 1.06464831
v -11.70939003 0.13431596 1.06463472
v -11.70940989 0.13432502 1.06462477
v -11.70925788 0.13433313 1.06465977
v -11.70943070 0.13433706 1.06461391
v -11.70945053 0.13435303 1.06460217
v -11.70922062 0.13436496 1.06465529
v -11.70947017 0.13439297 1.06457780
v -11.70921005 0.13438498 1.06465021
v -11.70918992 0.13440703 1.06464332
v -11.70918978 0.13443099 1.06463472
v -11.70947061 0.13446378 1.06454549
v -11.70918008 0.13445400 1.06462477
v -11.70917990 0.13448130 1.06461316
v -11.70920985 0.13454102 1.06457822
v -11.70945033 0.13451016 1.06452975
v -11.70941969 0.13454805 1.06452201
v -11.70943977 0.13453006 1.06452512
v -11.70935488 0.13458001 1.06452380
v -11.70939965 0.13456200 1.06452087
v -11.70927036 0.13457906 1.06454569
v -11.70931496 0.13458561 1.06453184
v -11.70924008 0.13456475 1.06456041
v -11.70969991 0.13508700 1.06600940
v -11.70967903 0.13495349 1.06607532
v -11.70971324 0.13494956 1.06606799
v -11.70975974 0.13495599 1.06605393
v -11.70978056 0.13496398 1.06604402
v -11.70962950 0.13497197 1.06607870
v -11.70980041 0.13497697 1.06603311
v -11.70960946 0.13498698 1.06607759
v -11.70980976 0.13499295 1.06602137
v -11.70959034 0.13500403 1.06607448
v -11.70982960 0.13501202 1.06600940
v -11.70957977 0.13502502 1.06606942
v -11.70983989 0.13503300 1.06599713
v -11.70955963 0.13504695 1.06606249
v -11.70955950 0.13506996 1.06605393
v -11.70984032 0.13510369 1.06596464
v -11.70955076 0.13509403 1.06604409
v -11.70961454 0.13520692 1.06597786
v -11.70957958 0.13518106 1.06599773
v -11.70955056 0.13512074 1.06603205
v -11.70968278 0.13522493 1.06595164
v -11.70964008 0.13521896 1.06596492
v -11.70974934 0.13520848 1.06594001
v -11.70971985 0.13522099 1.06594430
v -11.70979995 0.13516997 1.06594430
v -11.70978941 0.13518702 1.06594122
v -11.70982005 0.13514887 1.06594919
v -11.67799061 0.08016001 1.09902454
v -11.67797067 0.08002602 1.09908961
v -11.67800015 0.08002197 1.09908448
v -11.67802006 0.08002304 1.09907757
v -11.67804949 0.08002804 1.09906900
v -11.67795070 0.08003365 1.09909324
v -11.67807503 0.08003997 1.09905612
v -11.67790015 0.08005904 1.09909271
v -11.67811093 0.08006691 1.09903566
v -11.67789057 0.08007705 1.09908960
v -11.67787046 0.08009695 1.09908447
v -11.67813993 0.08012878 1.09900058
v -11.67785020 0.08014226 1.09906969
v -11.67813976 0.08015202 1.09898989
v -11.67813007 0.08017599 1.09897999
v -11.67785064 0.08021282 1.09903710
v -11.67789010 0.08027004 1.09900079
v -11.67787980 0.08025300 1.09901249
v -11.67785997 0.08023500 1.09902452
v -11.67795926 0.08029627 1.09897236
v -11.67790996 0.08028196 1.09898991
v -11.67804006 0.08028602 1.09895628
v -11.67800959 0.08029401 1.09895936
v -11.67798011 0.08029699 1.09896449
v -11.67808966 0.08025216 1.09895722
v -11.67806007 0.08027505 1.09895534
v -11.67812993 0.08019995 1.09897148
v -11.67812029 0.08022201 1.09896450
v -11.67762189 0.07938348 1.09766776
v -11.67766842 0.07938372 1.09765558
v -11.67758194 0.07939314 1.09767402
v -11.67770909 0.07940208 1.09763508
v -11.67752948 0.07941900 1.09767354
v -11.67774121 0.07942783 1.09761591
v -11.67751990 0.07943701 1.09767044
v -11.67749884 0.07945942 1.09766519
v -11.67777022 0.07948886 1.09758138
v -11.67748048 0.07950329 1.09764997
v -11.67777004 0.07951199 1.09757059
v -11.67776989 0.07953595 1.09756071
v -11.67747996 0.07957386 1.09761773
v -11.67775057 0.07958173 1.09754519
v -11.67749025 0.07959496 1.09760528
v -11.67771707 0.07961487 1.09753755
v -11.67751009 0.07961404 1.09759328
v -11.67752039 0.07963001 1.09758161
v -11.67769035 0.07963502 1.09753601
v -11.67754024 0.07964205 1.09757059
v -11.67767034 0.07964598 1.09753707
v -11.67758859 0.07965611 1.09755313
v -11.67762943 0.07965647 1.09754276
v -11.67762089 0.07951998 1.09760527
v -11.68049939 0.08451306 1.09460389
v -11.68053934 0.08437704 1.09465700
v -11.68050989 0.08437597 1.09466392
v -11.68048994 0.08437895 1.09466898
v -11.68055922 0.08438205 1.09464842
v -11.68046043 0.08438706 1.09467209
v -11.68058004 0.08439099 1.09463850
v -11.68044043 0.08439802 1.09467321
v -11.68059989 0.08440303 1.09462760
v -11.68041466 0.08441817 1.09467153
v -11.68062162 0.08442079 1.09461443
v -11.68037925 0.08445250 1.09466366
v -11.68065062 0.08448207 1.09457979
v -11.68035993 0.08449696 1.09464843
v -11.68036056 0.08454382 1.09462815
v -11.68065029 0.08452975 1.09455901
v -11.68037085 0.08456813 1.09461551
v -11.68038954 0.08460700 1.09459191
v -11.68058125 0.08462070 1.09453475
v -11.68060992 0.08459603 1.09453891
v -11.68063003 0.08457601 1.09454397
v -11.68050413 0.08465051 1.09454227
v -11.68054980 0.08464002 1.09453569
v -11.68045005 0.08464502 1.09455941
v -11.68046994 0.08465003 1.09455076
v -11.68041033 0.08462297 1.09458021
v -11.68043019 0.08463597 1.09456930
v -11.68091001 0.08501695 1.09607619
v -11.68088055 0.08515297 1.09602307
v -11.68086822 0.08501696 1.09608645
v -11.68092989 0.08502101 1.09606758
v -11.68082920 0.08502602 1.09609132
v -11.68095638 0.08503341 1.09605441
v -11.68079775 0.08504652 1.09609229
v -11.68098945 0.08505904 1.09603519
v -11.68077003 0.08507001 1.09608823
v -11.68100069 0.08507871 1.09602229
v -11.68074992 0.08509099 1.09608310
v -11.68073061 0.08513485 1.09606837
v -11.68102034 0.08512210 1.09599924
v -11.68073026 0.08518611 1.09604625
v -11.68102002 0.08517002 1.09597862
v -11.68078005 0.08526300 1.09599954
v -11.68076022 0.08524715 1.09601126
v -11.68083587 0.08528911 1.09597175
v -11.68079036 0.08527600 1.09598849
v -11.68092047 0.08528006 1.09595501
v -11.68089000 0.08528697 1.09595797
v -11.68087006 0.08528994 1.09596309
v -11.68098059 0.08523594 1.09595798
v -11.68095096 0.08526086 1.09595393
v -11.68100069 0.08521485 1.09596287
v -11.68664042 0.09513997 1.09002040
v -11.68661669 0.09500693 1.09008669
v -11.68665660 0.09500205 1.09007806
v -11.68670025 0.09500800 1.09006488
v -11.68672673 0.09502088 1.09005134
v -11.68657001 0.09502505 1.09008971
v -11.68654997 0.09503900 1.09008860
v -11.68676076 0.09504603 1.09003238
v -11.68652989 0.09505700 1.09008549
v -11.68678040 0.09508573 1.09000824
v -11.68652028 0.09507798 1.09008042
v -11.68650014 0.09510004 1.09007341
v -11.68678021 0.09510898 1.08999668
v -11.68650001 0.09512304 1.09006488
v -11.68678957 0.09513246 1.08998524
v -11.68648936 0.09514701 1.09005509
v -11.68650980 0.09521424 1.09002124
v -11.68648918 0.09517096 1.09004408
v -11.68655031 0.09525727 1.08999074
v -11.68652008 0.09523403 1.09000843
v -11.68662614 0.09527742 1.08996188
v -11.68658059 0.09527098 1.08997587
v -11.68666225 0.09527325 1.08995424
v -11.68674999 0.09522199 1.08995533
v -11.68672992 0.09523999 1.08995222
v -11.68670988 0.09525501 1.08995108
v -11.68676056 0.09520113 1.08996051
v -11.68624982 0.09436630 1.08866704
v -11.68628499 0.09436249 1.08865962
v -11.68633054 0.09436797 1.08864567
v -11.68636553 0.09438657 1.08862775
v -11.68619744 0.09438621 1.08867073
v -11.68639009 0.09440600 1.08861292
v -11.68615922 0.09441697 1.08866633
v -11.68613997 0.09446024 1.08865456
v -11.68641068 0.09444605 1.08858911
v -11.68642003 0.09446895 1.08857749
v -11.68613029 0.09448301 1.08864567
v -11.68641984 0.09449505 1.08856533
v -11.68611964 0.09450697 1.08863579
v -11.68612996 0.09453105 1.08862487
v -11.68639084 0.09456145 1.08854108
v -11.68612976 0.09455549 1.08861254
v -11.68638028 0.09458303 1.08853606
v -11.68615036 0.09459399 1.08858919
v -11.68634302 0.09461367 1.08853161
v -11.68618059 0.09461772 1.08857141
v -11.68629443 0.09463321 1.08853482
v -11.68620992 0.09463202 1.08855658
v -11.68623934 0.09463703 1.08854811
v -11.68626021 0.09463702 1.08854119
v -11.68627070 0.09450006 1.08860111
v -11.68339029 0.08950698 1.09160249
v -11.68341973 0.08936976 1.09165488
v -11.68339030 0.08936905 1.09166251
v -11.68336561 0.08937477 1.09166896
v -11.68346999 0.08938395 1.09163719
v -11.68331607 0.08939289 1.09167200
v -11.68348984 0.08939695 1.09162622
v -11.68350014 0.08941303 1.09161459
v -11.68327977 0.08942401 1.09166770
v -11.68351998 0.08943199 1.09160249
v -11.68327015 0.08944403 1.09166252
v -11.68353027 0.08945309 1.09159023
v -11.68325001 0.08946704 1.09165559
v -11.68324988 0.08949004 1.09164709
v -11.68353071 0.08952259 1.09155791
v -11.68324018 0.08951401 1.09163719
v -11.68324095 0.08954143 1.09162557
v -11.68327278 0.08960365 1.09158861
v -11.68351043 0.08956872 1.09154236
v -11.68347979 0.08960699 1.09153432
v -11.68349987 0.08958899 1.09153751
v -11.68341023 0.08964097 1.09153754
v -11.68343115 0.08963238 1.09153378
v -11.68332005 0.08963405 1.09156303
v -11.68335035 0.08964300 1.09154950
v -11.68337980 0.08964394 1.09154260
v -11.68378945 0.09000980 1.09307412
v -11.68376001 0.09014606 1.09302168
v -11.68375147 0.09000992 1.09308433
v -11.68370961 0.09002005 1.09308998
v -11.68384066 0.09002399 1.09305629
v -11.68368006 0.09003746 1.09309100
v -11.68386051 0.09003603 1.09304551
v -11.68386986 0.09005296 1.09303379
v -11.68364948 0.09006404 1.09308682
v -11.68388969 0.09007095 1.09302168
v -11.68362938 0.09008395 1.09308170
v -11.68389998 0.09009313 1.09300929
v -11.68361973 0.09010600 1.09307480
v -11.68361960 0.09012997 1.09306632
v -11.68390042 0.09016263 1.09297709
v -11.68361086 0.09015404 1.09305642
v -11.68367464 0.09026562 1.09299033
v -11.68363967 0.09023999 1.09300982
v -11.68362658 0.09021472 1.09302574
v -11.68371437 0.09028255 1.09297060
v -11.68379041 0.09027743 1.09295486
v -11.68374952 0.09028398 1.09296178
v -11.68386005 0.09022903 1.09295670
v -11.68382755 0.09025716 1.09295225
v -11.68388015 0.09020864 1.09296166
v -11.68361068 0.09017705 1.09304553
v -11.68952083 0.10013305 1.08701902
v -11.68949994 0.09999895 1.08708410
v -11.68953416 0.09999548 1.08707767
v -11.68958066 0.10000204 1.08706349
v -11.68947902 0.10000776 1.08708787
v -11.68960903 0.10001599 1.08704839
v -11.68942942 0.10003304 1.08708719
v -11.68964020 0.10003995 1.08703022
v -11.68940935 0.10005104 1.08708412
v -11.68939106 0.10009085 1.08707301
v -11.68967016 0.10010206 1.08699505
v -11.68938042 0.10011827 1.08706388
v -11.68966999 0.10012602 1.08698439
v -11.68965934 0.10014998 1.08697451
v -11.68937990 0.10018705 1.08703112
v -11.68942033 0.10024297 1.08699542
v -11.68941003 0.10022699 1.08700697
v -11.68939019 0.10020804 1.08701900
v -11.68950654 0.10027134 1.08696048
v -11.68946004 0.10026502 1.08697449
v -11.68944018 0.10025596 1.08698439
v -11.68957028 0.10026001 1.08695081
v -11.68954077 0.10026704 1.08695392
v -11.68963040 0.10021603 1.08695391
v -11.68960460 0.10023831 1.08695011
v -11.68965920 0.10017299 1.08696592
v -11.68964002 0.10019599 1.08695912
v -11.68913022 0.09935902 1.08566493
v -11.68916539 0.09935557 1.08565788
v -11.68920999 0.09936201 1.08564430
v -11.68911026 0.09936749 1.08566860
v -11.68923648 0.09937428 1.08563106
v -11.68905971 0.09939300 1.08566802
v -11.68927237 0.09940266 1.08560948
v -11.68905012 0.09941100 1.08566491
v -11.68902906 0.09943282 1.08565939
v -11.68930044 0.09946262 1.08557569
v -11.68900975 0.09947705 1.08564442
v -11.68930027 0.09948598 1.08556506
v -11.68901020 0.09954642 1.08561323
v -11.68928962 0.09950995 1.08555530
v -11.68928948 0.09953295 1.08554671
v -11.68927984 0.09955596 1.08553981
v -11.68901952 0.09956800 1.08559990
v -11.68924538 0.09958970 1.08553195
v -11.68903936 0.09958695 1.08558780
v -11.68905061 0.09960305 1.08557610
v -11.68920532 0.09961819 1.08553092
v -11.68907046 0.09961604 1.08556518
v -11.68911312 0.09962927 1.08554933
v -11.68915394 0.09963047 1.08553813
v -11.68915016 0.09949302 1.08559988
v -11.69204011 0.10448706 1.08259848
v -11.69206956 0.10434996 1.08265148
v -11.69203537 0.10434949 1.08266018
v -11.69208945 0.10435497 1.08264301
v -11.69198780 0.10436105 1.08266714
v -11.69211877 0.10436903 1.08262836
v -11.69194488 0.10439038 1.08266627
v -11.69214996 0.10439299 1.08261048
v -11.69216979 0.10441195 1.08259851
v -11.69190947 0.10442506 1.08265844
v -11.69216960 0.10443305 1.08258639
v -11.69217990 0.10445605 1.08257473
v -11.69189016 0.10447024 1.08264319
v -11.69218052 0.10450267 1.08255366
v -11.69216025 0.10454880 1.08253829
v -11.69212675 0.10458171 1.08253079
v -11.69204006 0.10462355 1.08253567
v -11.69208002 0.10461305 1.08253029
v -11.69210003 0.10460197 1.08252917
v -11.69197081 0.10461425 1.08255839
v -11.69200016 0.10462295 1.08254539
v -11.69189993 0.10456311 1.08259814
v -11.69193960 0.10459697 1.08257479
v -11.69188982 0.10451805 1.08262211
v -11.69190013 0.10454105 1.08261048
v -11.69243928 0.10498999 1.08407069
v -11.69240319 0.10498975 1.08407991
v -11.69245916 0.10499500 1.08406210
v -11.69248566 0.10500669 1.08404952
v -11.69236037 0.10500001 1.08408586
v -11.69234037 0.10501098 1.08408689
v -11.69251967 0.10503303 1.08402972
v -11.69231077 0.10503387 1.08408492
v -11.69252997 0.10505199 1.08401764
v -11.69253931 0.10507296 1.08400559
v -11.69227919 0.10506581 1.08407748
v -11.69255056 0.10509609 1.08399359
v -11.69225987 0.10511040 1.08406223
v -11.69255023 0.10514306 1.08397286
v -11.69226049 0.10515796 1.08404130
v -11.69252997 0.10518896 1.08395760
v -11.69226031 0.10518097 1.08402972
v -11.69249933 0.10521911 1.08395035
v -11.69226965 0.10520195 1.08401768
v -11.69228948 0.10522102 1.08400559
v -11.69246974 0.10524201 1.08394844
v -11.69230074 0.10523700 1.08399403
v -11.69244973 0.10525298 1.08394938
v -11.69235000 0.10525798 1.08397387
v -11.69241072 0.10526323 1.08395451
v -11.69236988 0.10526299 1.08396457
v -11.69240029 0.10512697 1.08401764
v -11.69531968 0.10998379 1.08106862
v -11.69529023 0.11012004 1.08101630
v -11.69527885 0.10998380 1.08107947
v -11.69523983 0.10999405 1.08108448
v -11.69536993 0.10999798 1.08105093
v -11.69521982 0.11000502 1.08108561
v -11.69538978 0.11001001 1.08104003
v -11.69518545 0.11003291 1.08108245
v -11.69540008 0.11002600 1.08102827
v -11.69541992 0.11004495 1.08101630
v -11.69516055 0.11005795 1.08107618
v -11.69543020 0.11006617 1.08100329
v -11.69514995 0.11008000 1.08106927
v -11.69514028 0.11010336 1.08106087
v -11.69543065 0.11013698 1.08097170
v -11.69514088 0.11015533 1.08103876
v -11.69520391 0.11023997 1.08098465
v -11.69516989 0.11021398 1.08100432
v -11.69525029 0.11025702 1.08096329
v -11.69523040 0.11025201 1.08097170
v -11.69533015 0.11024701 1.08094810
v -11.69529303 0.11025572 1.08095256
v -11.69539027 0.11020301 1.08095121
v -11.69537973 0.11022102 1.08094812
v -11.69535015 0.11023497 1.08094696
v -11.69541037 0.11018204 1.08095598
v -11.69491103 0.10934352 1.07965971
v -11.69494996 0.10934376 1.07964939
v -11.69486440 0.10935580 1.07966588
v -11.69500021 0.10935794 1.07963166
v -11.69502007 0.10936999 1.07962082
v -11.69482338 0.10938584 1.07966460
v -11.69502941 0.10938596 1.07960908
v -11.69505020 0.10940503 1.07959710
v -11.69479083 0.10941802 1.07965701
v -11.69506049 0.10942613 1.07958465
v -11.69478024 0.10943996 1.07965009
v -11.69478010 0.10946404 1.07964150
v -11.69505997 0.10949659 1.07955228
v -11.69477041 0.10948800 1.07963167
v -11.69477022 0.10951446 1.07962001
v -11.69504066 0.10954201 1.07953707
v -11.69502055 0.10956299 1.07953188
v -11.69480018 0.10957395 1.07958511
v -11.69500048 0.10958098 1.07952892
v -11.69483040 0.10959791 1.07956725
v -11.69496423 0.10960554 1.07952819
v -11.69485973 0.10961198 1.07955254
v -11.69494045 0.10961400 1.07953190
v -11.69487962 0.10961698 1.07954401
v -11.69491002 0.10961698 1.07953708
v -11.69492052 0.10948002 1.07959709
v -11.69777624 0.11434089 1.07666194
v -11.69779997 0.11447405 1.07659572
v -11.69781425 0.11433541 1.07665396
v -11.69785980 0.11434197 1.07664019
v -11.69789008 0.11435616 1.07662546
v -11.69772956 0.11435806 1.07666497
v -11.69770952 0.11437296 1.07666391
v -11.69792031 0.11438011 1.07660722
v -11.69768945 0.11439131 1.07666097
v -11.69793995 0.11442004 1.07658369
v -11.69766826 0.11443602 1.07664799
v -11.69794072 0.11444305 1.07657198
v -11.69795008 0.11446595 1.07656102
v -11.69765081 0.11448096 1.07663028
v -11.69793845 0.11449359 1.07654964
v -11.69788947 0.11457394 1.07652753
v -11.69791050 0.11455439 1.07653075
v -11.69782085 0.11460757 1.07652992
v -11.69786943 0.11458896 1.07652639
v -11.69774014 0.11460494 1.07655118
v -11.69778379 0.11461149 1.07653756
v -11.69767963 0.11456703 1.07658369
v -11.69770042 0.11458301 1.07657199
v -11.69772027 0.11459599 1.07656108
v -11.69765064 0.11450504 1.07661936
v -11.69766934 0.11454843 1.07659608
v -11.69818302 0.11497545 1.07807349
v -11.69823048 0.11498201 1.07805947
v -11.69814881 0.11497949 1.07808088
v -11.69825602 0.11499380 1.07804667
v -11.69809928 0.11499798 1.07808423
v -11.69829097 0.11502050 1.07802598
v -11.69807924 0.11501300 1.07808309
v -11.69805917 0.11503147 1.07808018
v -11.69831062 0.11505996 1.07800290
v -11.69831044 0.11508202 1.07799119
v -11.69803798 0.11507701 1.07806686
v -11.69831980 0.11510598 1.07798034
v -11.69830914 0.11513173 1.07796960
v -11.69801958 0.11512100 1.07804953
v -11.69801940 0.11514496 1.07803864
v -11.69829079 0.11517595 1.07795500
v -11.69803907 0.11518657 1.07801597
v -11.69828022 0.11519598 1.07794980
v -11.69826014 0.11521398 1.07794670
v -11.69805030 0.11520695 1.07800290
v -11.69824010 0.11522900 1.07794558
v -11.69808432 0.11523282 1.07798344
v -11.69819533 0.11524581 1.07794856
v -11.69810986 0.11524497 1.07797039
v -11.69815731 0.11525154 1.07795625
v -11.69817064 0.11511301 1.07801488
v -11.71258032 0.14007997 1.06300813
v -11.71255944 0.13994645 1.06307399
v -11.71259270 0.13994240 1.06306671
v -11.71264015 0.13994895 1.06305257
v -11.71266569 0.13996111 1.06303967
v -11.71250991 0.13996505 1.06307732
v -11.71248987 0.13997994 1.06307617
v -11.71270066 0.13998698 1.06301998
v -11.71246979 0.13999795 1.06307309
v -11.71271468 0.14001476 1.06300251
v -11.71245055 0.14003788 1.06306207
v -11.71272965 0.14004898 1.06298428
v -11.71243991 0.14006446 1.06305278
v -11.71273042 0.14007437 1.06297264
v -11.71244034 0.14013396 1.06302022
v -11.71249683 0.14020168 1.06297498
v -11.71245904 0.14017319 1.06299679
v -11.71256604 0.14021861 1.06294946
v -11.71252049 0.14021205 1.06296348
v -11.71260500 0.14021264 1.06294160
v -11.71268989 0.14016305 1.06294297
v -11.71266982 0.14018106 1.06293980
v -11.71264978 0.14019595 1.06293880
v -11.71271011 0.14012002 1.06295501
v -11.71270046 0.14014303 1.06294810
v -11.71218687 0.13930773 1.06165505
v -11.71222489 0.13930236 1.06164717
v -11.71227044 0.13930904 1.06163340
v -11.71229976 0.13932311 1.06161862
v -11.71213924 0.13932502 1.06165807
v -11.71211920 0.13934004 1.06165702
v -11.71232999 0.13934695 1.06160079
v -11.71209912 0.13935852 1.06165396
v -11.71235994 0.13940690 1.06156568
v -11.71207021 0.13942241 1.06163442
v -11.71235976 0.13943302 1.06155418
v -11.71235006 0.13945698 1.06154428
v -11.71206968 0.13949381 1.06160141
v -11.71234993 0.13948105 1.06153584
v -11.71233075 0.13950300 1.06152889
v -11.71207997 0.13951599 1.06158881
v -11.71232018 0.13952303 1.06152373
v -11.71209026 0.13953398 1.06157677
v -11.71230010 0.13954102 1.06152062
v -11.71211010 0.13954997 1.06156509
v -11.71228006 0.13955604 1.06151948
v -11.71212995 0.13956295 1.06155418
v -11.71223053 0.13957451 1.06152302
v -11.71215936 0.13957202 1.06154430
v -11.71217924 0.13957702 1.06153584
v -11.71220011 0.13957798 1.06152891
v -11.71221060 0.13944101 1.06158880
v -11.71509006 0.14443397 1.05858749
v -11.71513001 0.14429699 1.05864052
v -11.71509011 0.14429772 1.05865025
v -11.71515085 0.14430200 1.05863201
v -11.71505015 0.14430701 1.05865562
v -11.71518017 0.14431630 1.05861710
v -11.71502347 0.14432334 1.05865681
v -11.71521134 0.14434074 1.05859868
v -11.71499003 0.14435100 1.05865264
v -11.71496896 0.14437329 1.05864739
v -11.71524034 0.14440297 1.05856341
v -11.71494965 0.14441728 1.05863219
v -11.71524001 0.14445101 1.05854303
v -11.71522939 0.14447402 1.05853438
v -11.71519102 0.14452540 1.05852043
v -11.71521974 0.14449595 1.05852751
v -11.71511000 0.14456796 1.05852238
v -11.71513951 0.14455997 1.05851917
v -11.71515952 0.14454901 1.05851823
v -11.71505966 0.14457010 1.05853502
v -11.71509006 0.14457106 1.05852751
v -11.71497926 0.14452802 1.05857538
v -11.71499051 0.14454400 1.05856382
v -11.71501036 0.14455700 1.05855290
v -11.71495008 0.14448784 1.05859981
v -11.71495942 0.14450895 1.05858750
v -11.71550068 0.14493703 1.06005971
v -11.71545793 0.14493822 1.06007008
v -11.71552056 0.14494203 1.06005119
v -11.71554800 0.14495479 1.06003760
v -11.71541986 0.14494704 1.06007480
v -11.71539986 0.14495896 1.06007594
v -11.71558104 0.14498173 1.06001657
v -11.71536931 0.14498137 1.06007378
v -11.71534059 0.14501201 1.06006667
v -11.71561006 0.14504301 1.05998289
v -11.71532033 0.14505565 1.06005195
v -11.71560973 0.14508997 1.05996221
v -11.71531981 0.14512777 1.06001979
v -11.71559910 0.14511406 1.05995362
v -11.71557992 0.14513599 1.05994670
v -11.71557030 0.14515601 1.05994158
v -11.71533009 0.14514898 1.06000672
v -11.71553877 0.14518319 1.05993742
v -11.71534993 0.14516806 1.05999463
v -11.71536023 0.14518404 1.05998299
v -11.71551018 0.14520000 1.05993848
v -11.71538008 0.14519595 1.05997209
v -11.71548067 0.14520800 1.05994158
v -11.71542843 0.14521025 1.05995440
v -11.71546073 0.14521097 1.05994670
v -11.71546073 0.14507401 1.06000671
v -11.71838013 0.14993095 1.05705839
v -11.71834019 0.15006696 1.05700528
v -11.71833739 0.14993095 1.05706864
v -11.71840002 0.14993595 1.05704981
v -11.71830027 0.14994096 1.05707352
v -11.71841989 0.14994502 1.05703991
v -11.71828027 0.14995204 1.05707447
v -11.71843973 0.14995705 1.05702898
v -11.71825068 0.14997458 1.05707262
v -11.71845957 0.14997303 1.05701733
v -11.71846987 0.14999174 1.05700503
v -11.71822004 0.15000498 1.05706530
v -11.71819979 0.15005004 1.05705065
v -11.71849047 0.15003597 1.05698132
v -11.71849013 0.15008365 1.05696050
v -11.71821069 0.15012204 1.05701700
v -11.71820039 0.15009796 1.05702900
v -11.71826435 0.15018689 1.05697381
v -11.71822938 0.15016102 1.05699329
v -11.71830978 0.15020406 1.05695224
v -11.71828989 0.15019904 1.05696082
v -11.71838964 0.15019404 1.05693710
v -11.71834587 0.15020442 1.05694322
v -11.71843732 0.15016162 1.05693780
v -11.71840964 0.15018200 1.05693602
v -11.71846987 0.15013003 1.05694533
v -11.71797147 0.14929043 1.05564874
v -11.71801042 0.14929102 1.05563919
v -11.71803030 0.14929604 1.05563060
v -11.71793056 0.14930104 1.05565426
v -11.71805971 0.14930498 1.05562072
v -11.71791055 0.14931201 1.05565529
v -11.71808051 0.14931701 1.05560968
v -11.71788478 0.14933191 1.05565378
v -11.71808986 0.14933394 1.05559817
v -11.71810969 0.14935194 1.05558609
v -11.71784937 0.14936660 1.05564587
v -11.71811996 0.14937448 1.05557261
v -11.71783006 0.14941131 1.05563086
v -11.71812042 0.14944397 1.05554161
v -11.71783067 0.14945804 1.05560967
v -11.71810014 0.14948987 1.05552572
v -11.71784002 0.14948200 1.05559793
v -11.71806569 0.14952361 1.05551825
v -11.71785966 0.14952098 1.05557399
v -11.71788990 0.14954483 1.05555637
v -11.71803993 0.14954304 1.05551689
v -11.71801992 0.14955400 1.05551789
v -11.71792018 0.14955901 1.05554161
v -11.71797521 0.14956450 1.05552434
v -11.71794006 0.14956402 1.05553297
v -11.71798001 0.14942705 1.05558609
v -11.69057961 0.09696304 1.08817332
v -11.69055397 0.09683036 1.08823967
v -11.69059011 0.09682594 1.08823330
v -11.69061002 0.09682595 1.08822642
v -11.69063086 0.09683095 1.08821777
v -11.69066310 0.09684121 1.08820650
v -11.69051015 0.09684800 1.08824258
v -11.69049011 0.09686195 1.08824150
v -11.69069995 0.09686898 1.08818530
v -11.69047003 0.09687995 1.08823831
v -11.69072053 0.09690916 1.08816051
v -11.69045947 0.09690105 1.08823329
v -11.69043933 0.09692299 1.08822645
v -11.69044015 0.09694599 1.08821778
v -11.69043045 0.09696996 1.08820801
v -11.69072002 0.09697901 1.08812867
v -11.69044057 0.09701847 1.08818482
v -11.69043028 0.09699403 1.08819697
v -11.69049140 0.09708094 1.08814298
v -11.69046022 0.09705698 1.08816127
v -11.69056628 0.09710049 1.08811473
v -11.69051978 0.09709405 1.08812879
v -11.69061952 0.09708904 1.08810502
v -11.69059955 0.09709703 1.08810819
v -11.69068918 0.09704506 1.08810817
v -11.69066911 0.09706305 1.08810503
v -11.69063953 0.09707796 1.08810401
v -11.69069975 0.09702407 1.08811337
v -11.69018901 0.09618949 1.08681994
v -11.69022987 0.09618556 1.08681105
v -11.69026973 0.09619199 1.08679862
v -11.69029716 0.09620391 1.08678477
v -11.69013758 0.09620940 1.08682356
v -11.69033023 0.09622895 1.08676612
v -11.69010032 0.09624004 1.08681922
v -11.69034987 0.09626888 1.08674181
v -11.69008975 0.09626101 1.08681399
v -11.69006961 0.09628295 1.08680712
v -11.69035030 0.09633921 1.08670900
v -11.69006948 0.09630596 1.08679859
v -11.69005978 0.09633004 1.08678870
v -11.69006056 0.09635400 1.08677767
v -11.69006991 0.09637796 1.08676587
v -11.69032042 0.09640490 1.08668894
v -11.69008955 0.09641694 1.08674199
v -11.69029939 0.09642302 1.08668588
v -11.69012168 0.09644198 1.08672350
v -11.69028030 0.09643804 1.08668481
v -11.69023077 0.09645664 1.08668820
v -11.69015006 0.09645402 1.08670949
v -11.69019466 0.09646045 1.08669609
v -11.69020989 0.09632300 1.08675409
v -11.69307036 0.10118197 1.08381783
v -11.69309030 0.10131597 1.08375267
v -11.69310554 0.10117852 1.08381090
v -11.69315013 0.10118496 1.08379720
v -11.69305039 0.10118996 1.08382091
v -11.69317946 0.10119926 1.08378237
v -11.69302943 0.10120105 1.08382200
v -11.69300080 0.10121595 1.08382093
v -11.69320969 0.10122298 1.08376474
v -11.69297977 0.10123550 1.08381771
v -11.69322560 0.10125279 1.08374588
v -11.69294989 0.10130011 1.08379756
v -11.69323963 0.10128497 1.08372902
v -11.69323946 0.10130905 1.08371799
v -11.69322976 0.10133302 1.08370812
v -11.69323058 0.10135602 1.08369969
v -11.69317980 0.10141705 1.08368449
v -11.69319987 0.10139906 1.08368760
v -11.69321044 0.10137903 1.08369270
v -11.69311404 0.10144900 1.08368647
v -11.69315976 0.10143195 1.08368343
v -11.69304001 0.10144805 1.08370809
v -11.69306085 0.10145305 1.08369970
v -11.69308076 0.10145401 1.08369273
v -11.69297090 0.10141169 1.08373987
v -11.69300965 0.10143899 1.08371798
v -11.69294937 0.10136997 1.08376507
v -11.69347335 0.10181843 1.08523046
v -11.69351985 0.10182499 1.08521641
v -11.69344008 0.10182201 1.08523701
v -11.69355108 0.10183917 1.08520124
v -11.69342011 0.10183000 1.08524012
v -11.69339056 0.10184096 1.08524119
v -11.69358036 0.10186170 1.08518378
v -11.69337052 0.10185598 1.08524011
v -11.69334853 0.10187661 1.08523666
v -11.69360936 0.10192274 1.08514898
v -11.69331961 0.10193991 1.08521670
v -11.69361013 0.10194897 1.08513729
v -11.69360043 0.10197305 1.08512740
v -11.69332005 0.10201000 1.08518474
v -11.69360030 0.10199606 1.08511887
v -11.69358016 0.10201894 1.08511190
v -11.69356959 0.10203897 1.08510677
v -11.69354952 0.10205697 1.08510369
v -11.69333968 0.10205005 1.08515990
v -11.69352948 0.10207199 1.08510273
v -11.69337748 0.10207783 1.08513871
v -11.69348470 0.10208868 1.08510540
v -11.69340019 0.10208796 1.08512739
v -11.69344764 0.10209452 1.08511311
v -11.69346002 0.10195600 1.08517194
v -11.69638037 0.10681294 1.08222357
v -11.69634043 0.10695004 1.08217048
v -11.69634333 0.10681271 1.08223275
v -11.69640026 0.10681795 1.08221499
v -11.69630052 0.10682296 1.08223876
v -11.69642580 0.10683011 1.08220206
v -11.69627956 0.10683405 1.08223982
v -11.69625093 0.10684895 1.08223878
v -11.69645981 0.10685586 1.08218235
v -11.69624039 0.10686694 1.08223563
v -11.69622029 0.10688697 1.08223090
v -11.69648041 0.10689603 1.08215848
v -11.69648975 0.10691916 1.08214646
v -11.69620001 0.10693299 1.08221499
v -11.69619952 0.10700273 1.08218395
v -11.69648941 0.10696756 1.08212523
v -11.69623993 0.10705899 1.08214686
v -11.69623058 0.10704302 1.08215849
v -11.69621074 0.10702502 1.08217048
v -11.69630908 0.10708629 1.08211825
v -11.69625978 0.10707199 1.08213592
v -11.69638988 0.10707604 1.08210240
v -11.69634802 0.10708629 1.08210819
v -11.69643948 0.10704230 1.08210335
v -11.69640989 0.10706495 1.08210128
v -11.69647011 0.10701202 1.08211057
v -11.69597076 0.10617351 1.08081394
v -11.69600970 0.10617303 1.08080441
v -11.69603054 0.10617804 1.08079582
v -11.69592984 0.10618304 1.08081949
v -11.69605892 0.10619199 1.08078126
v -11.69590984 0.10619496 1.08082060
v -11.69588980 0.10620903 1.08081949
v -11.69609010 0.10621595 1.08076332
v -11.69586972 0.10622703 1.08081639
v -11.69611069 0.10625528 1.08073942
v -11.69584962 0.10624837 1.08081154
v -11.69612004 0.10627901 1.08072763
v -11.69583030 0.10629296 1.08079581
v -11.69611971 0.10632561 1.08070670
v -11.69582980 0.10636364 1.08076453
v -11.69610040 0.10637032 1.08069163
v -11.69584007 0.10638499 1.08075129
v -11.69606498 0.10640525 1.08068358
v -11.69586086 0.10640406 1.08073930
v -11.69588070 0.10642003 1.08072762
v -11.69604017 0.10642504 1.08068208
v -11.69589006 0.10643196 1.08071671
v -11.69601921 0.10643600 1.08068312
v -11.69593841 0.10644626 1.08069921
v -11.69597925 0.10644650 1.08068865
v -11.69596976 0.10631000 1.08075129
v -11.67925005 0.07335340 1.09996212
v -11.67926997 0.07348703 1.09989631
v -11.67928520 0.07334947 1.09995436
v -11.67933076 0.07335602 1.09994083
v -11.67936291 0.07337176 1.09992427
v -11.67919766 0.07337319 1.09996586
v -11.67939030 0.07339321 1.09990782
v -11.67915944 0.07340394 1.09996140
v -11.67913923 0.07344710 1.09994967
v -11.67941091 0.07343304 1.09988432
v -11.67942026 0.07345604 1.09987256
v -11.67913051 0.07346999 1.09994083
v -11.67942008 0.07348000 1.09986167
v -11.67911986 0.07349395 1.09993086
v -11.67941038 0.07350432 1.09985137
v -11.67935947 0.07358800 1.09982813
v -11.67938050 0.07356869 1.09983115
v -11.67929370 0.07362019 1.09983003
v -11.67934038 0.07360195 1.09982697
v -11.67921014 0.07361900 1.09985177
v -11.67923957 0.07362400 1.09984332
v -11.67925948 0.07362401 1.09983630
v -11.67915058 0.07358097 1.09988432
v -11.67918176 0.07360529 1.09986613
v -11.67913018 0.07351803 1.09992003
v -11.67912998 0.07354246 1.09990770
v -11.67965682 0.07398902 1.10137318
v -11.67970047 0.07399498 1.10136001
v -11.67961691 0.07399391 1.10138176
v -11.67972696 0.07400738 1.10134689
v -11.67956928 0.07401203 1.10138482
v -11.67976002 0.07403337 1.10132700
v -11.67955019 0.07402598 1.10138367
v -11.67953011 0.07404398 1.10138056
v -11.67977967 0.07407294 1.10130351
v -11.67952050 0.07406496 1.10137549
v -11.67977948 0.07409596 1.10129182
v -11.67950036 0.07408701 1.10136860
v -11.67978980 0.07411956 1.10128079
v -11.67950023 0.07411003 1.10136007
v -11.67948958 0.07413398 1.10135019
v -11.67976271 0.07418441 1.10125673
v -11.67948941 0.07415807 1.10133945
v -11.67975022 0.07421004 1.10125040
v -11.67951936 0.07422005 1.10130445
v -11.67973014 0.07422697 1.10124729
v -11.67971010 0.07424199 1.10124630
v -11.67955526 0.07424747 1.10128354
v -11.67966342 0.07426011 1.10124932
v -11.67957986 0.07425796 1.10127104
v -11.67962636 0.07426440 1.10125689
v -11.67964064 0.07412695 1.10131562
v -11.70956031 0.12185096 1.07201180
v -11.70954037 0.12171696 1.07207702
v -11.70957080 0.12171303 1.07207176
v -11.70960026 0.12171399 1.07206492
v -11.70962014 0.12171899 1.07205640
v -11.70951945 0.12172400 1.07208013
v -11.70964568 0.12173115 1.07204341
v -11.70949944 0.12173496 1.07208107
v -11.70946986 0.12174999 1.07208012
v -11.70967970 0.12175702 1.07202391
v -11.70946028 0.12176800 1.07207701
v -11.70970870 0.12181579 1.07198900
v -11.70944017 0.12178802 1.07207189
v -11.70941990 0.12183463 1.07205664
v -11.70970930 0.12186812 1.07196665
v -11.70941938 0.12190496 1.07202423
v -11.70945981 0.12196099 1.07198821
v -11.70945046 0.12194395 1.07199977
v -11.70943063 0.12192595 1.07201183
v -11.70952991 0.12198721 1.07195949
v -11.70947966 0.12197303 1.07197718
v -11.70960976 0.12197696 1.07194369
v -11.70956790 0.12198734 1.07194948
v -11.70965936 0.12194286 1.07194471
v -11.70962977 0.12196599 1.07194260
v -11.70968999 0.12191295 1.07195191
v -11.70919635 0.12107347 1.07065427
v -11.70922959 0.12107396 1.07064579
v -11.70925043 0.12107896 1.07063722
v -11.70914973 0.12108396 1.07066089
v -11.70927975 0.12109315 1.07062248
v -11.70912972 0.12109601 1.07066189
v -11.70910968 0.12110995 1.07066087
v -11.70930998 0.12111698 1.07060468
v -11.70908960 0.12112796 1.07065779
v -11.70932867 0.12115561 1.07058106
v -11.70906950 0.12114797 1.07065273
v -11.70905019 0.12119507 1.07063770
v -11.70933993 0.12118006 1.07056901
v -11.70933959 0.12122666 1.07054799
v -11.70932028 0.12127148 1.07053296
v -11.70904966 0.12126504 1.07060467
v -11.70905996 0.12128602 1.07059270
v -11.70928582 0.12130581 1.07052492
v -11.70907979 0.12130498 1.07058061
v -11.70909009 0.12132095 1.07056903
v -11.70925910 0.12132595 1.07052338
v -11.70910994 0.12133300 1.07055813
v -11.70924004 0.12133704 1.07052440
v -11.70915925 0.12134718 1.07054042
v -11.70919817 0.12134766 1.07052999
v -11.70918964 0.12121105 1.07059270
v -11.70628549 0.11608397 1.07366018
v -11.70631018 0.11621701 1.07359402
v -11.70632637 0.11607956 1.07365212
v -11.70637002 0.11608600 1.07363861
v -11.70640406 0.11610281 1.07362103
v -11.70624931 0.11610197 1.07366328
v -11.70621973 0.11611699 1.07366227
v -11.70642957 0.11612402 1.07360612
v -11.70619775 0.11613821 1.07365909
v -11.70644362 0.11614762 1.07359037
v -11.70645952 0.11618602 1.07357041
v -11.70616977 0.11620139 1.07363878
v -11.70645934 0.11620998 1.07355939
v -11.70644964 0.11623405 1.07354950
v -11.70645046 0.11625694 1.07354098
v -11.70638345 0.11633133 1.07352457
v -11.70642071 0.11629999 1.07352887
v -11.70643033 0.11627996 1.07353411
v -11.70633296 0.11635016 1.07352781
v -11.70624940 0.11634898 1.07354949
v -11.70629590 0.11635565 1.07353571
v -11.70620033 0.11631094 1.07358198
v -11.70620968 0.11632704 1.07357043
v -11.70622953 0.11634003 1.07355939
v -11.70616926 0.11627089 1.07360660
v -11.70618050 0.11629199 1.07359401
v -11.70669419 0.11671947 1.07507186
v -11.70673973 0.11672603 1.07505779
v -11.70665427 0.11672460 1.07507985
v -11.70676906 0.11673986 1.07504291
v -11.70660473 0.11674487 1.07508276
v -11.70680024 0.11676299 1.07502532
v -11.70681520 0.11679339 1.07500642
v -11.70657033 0.11677503 1.07507841
v -11.70655880 0.11679708 1.07507281
v -11.70682923 0.11682605 1.07498961
v -11.70683001 0.11685000 1.07497858
v -11.70653949 0.11684119 1.07505786
v -11.70682032 0.11687397 1.07496881
v -11.70682018 0.11689698 1.07496022
v -11.70653992 0.11691105 1.07502556
v -11.70680004 0.11691998 1.07495331
v -11.70679043 0.11694001 1.07494819
v -11.70655022 0.11693202 1.07501331
v -11.70677035 0.11695801 1.07494503
v -11.70655956 0.11695098 1.07500122
v -11.70675031 0.11697196 1.07494401
v -11.70659357 0.11697697 1.07498155
v -11.70670554 0.11698960 1.07494676
v -11.70662007 0.11698901 1.07496881
v -11.70666752 0.11699557 1.07495455
v -11.70667990 0.11685705 1.07501332
v -11.71244930 0.12684404 1.06901048
v -11.71242937 0.12671005 1.06907558
v -11.71244931 0.12670694 1.06907051
v -11.71248255 0.12670790 1.06906194
v -11.71239985 0.12671697 1.06907868
v -11.71252996 0.12672102 1.06904511
v -11.71237985 0.12672900 1.06907968
v -11.71254027 0.12673400 1.06903421
v -11.71234547 0.12675583 1.06907689
v -11.71256011 0.12674999 1.06902253
v -11.71257994 0.12676906 1.06901050
v -11.71231963 0.12678229 1.06907074
v -11.71257975 0.12679004 1.06899852
v -11.71259005 0.12681305 1.06898650
v -11.71230031 0.12682699 1.06905501
v -11.71229998 0.12687515 1.06903458
v -11.71258971 0.12686216 1.06896520
v -11.71236489 0.12696384 1.06897894
v -11.71232898 0.12693702 1.06899941
v -11.71241031 0.12698006 1.06895750
v -11.71239043 0.12697600 1.06896601
v -11.71248922 0.12697100 1.06894231
v -11.71245970 0.12697804 1.06894539
v -11.71243976 0.12698101 1.06895054
v -11.71254934 0.12692700 1.06894542
v -11.71252067 0.12695145 1.06894130
v -11.71256945 0.12690603 1.06895052
v -11.71206060 0.12607002 1.06765639
v -11.71207959 0.12606703 1.06765131
v -11.71211093 0.12606786 1.06764351
v -11.71203014 0.12607800 1.06765947
v -11.71215929 0.12608205 1.06762594
v -11.71200537 0.12609231 1.06766079
v -11.71217055 0.12609397 1.06761491
v -11.71219039 0.12610995 1.06760329
v -11.71197001 0.12612104 1.06765638
v -11.71221022 0.12612902 1.06759129
v -11.71194991 0.12614201 1.06765131
v -11.71221956 0.12615013 1.06757883
v -11.71192964 0.12618744 1.06763617
v -11.71222000 0.12622082 1.06754660
v -11.71193026 0.12623512 1.06761519
v -11.71220069 0.12626468 1.06753146
v -11.71195831 0.12629615 1.06758068
v -11.71217962 0.12628698 1.06752621
v -11.71215000 0.12631236 1.06752204
v -11.71199043 0.12632202 1.06756139
v -11.71211950 0.12633096 1.06752311
v -11.71202071 0.12633597 1.06754677
v -11.71207858 0.12634038 1.06752865
v -11.71204060 0.12634098 1.06753831
v -11.71207959 0.12620401 1.06759130
v -11.71532972 0.13183701 1.06600921
v -11.71530789 0.13170385 1.06607525
v -11.71532972 0.13170002 1.06606910
v -11.71536106 0.13170074 1.06606141
v -11.71540941 0.13171505 1.06604379
v -11.71526026 0.13172197 1.06607841
v -11.71543022 0.13172697 1.06603280
v -11.71522206 0.13175284 1.06607488
v -11.71544052 0.13174402 1.06602107
v -11.71546035 0.13176202 1.06600920
v -11.71521053 0.13177501 1.06606913
v -11.71546969 0.13178407 1.06599658
v -11.71519039 0.13179695 1.06606220
v -11.71519025 0.13182103 1.06605367
v -11.71547012 0.13185453 1.06596401
v -11.71517960 0.13184499 1.06604379
v -11.71520845 0.13192916 1.06599927
v -11.71518038 0.13186895 1.06603282
v -11.71524149 0.13195609 1.06597830
v -11.71528977 0.13197397 1.06595612
v -11.71526988 0.13196896 1.06596461
v -11.71536962 0.13196348 1.06594030
v -11.71534965 0.13197099 1.06594402
v -11.71532017 0.13197505 1.06594906
v -11.71542975 0.13191997 1.06594400
v -11.71542017 0.13193797 1.06594092
v -11.71544986 0.13189995 1.06594906
v -11.71493626 0.13106500 1.06465617
v -11.71497049 0.13106000 1.06464992
v -11.71499229 0.13106095 1.06464175
v -11.71503969 0.13107502 1.06462449
v -11.71488578 0.13108371 1.06465947
v -11.71505955 0.13108801 1.06461370
v -11.71507938 0.13110399 1.06460190
v -11.71485042 0.13111496 1.06465498
v -11.71509999 0.13114272 1.06457841
v -11.71484081 0.13113497 1.06464992
v -11.71482067 0.13115703 1.06464300
v -11.71509945 0.13121306 1.06454481
v -11.71482053 0.13118099 1.06463437
v -11.71480989 0.13120495 1.06462449
v -11.71480972 0.13122855 1.06461399
v -11.71508110 0.13125824 1.06453028
v -11.71483779 0.13128841 1.06458025
v -11.71507052 0.13128006 1.06452483
v -11.71505045 0.13129805 1.06452172
v -11.71487178 0.13131594 1.06455920
v -11.71499990 0.13132368 1.06452105
v -11.71489921 0.13132906 1.06454539
v -11.71497994 0.13133203 1.06452481
v -11.71494097 0.13133548 1.06453296
v -11.71496000 0.13119805 1.06458991
v -11.68324974 0.07626997 1.09760498
v -11.68328968 0.07613396 1.09765809
v -11.68326023 0.07613301 1.09766502
v -11.68322505 0.07613705 1.09767114
v -11.68332094 0.07614266 1.09764473
v -11.68318982 0.07615506 1.09767429
v -11.68335024 0.07615994 1.09762869
v -11.68316024 0.07616996 1.09767324
v -11.68337008 0.07617604 1.09761701
v -11.68314970 0.07618796 1.09767012
v -11.68340004 0.07623553 1.09758209
v -11.68312960 0.07620823 1.09766519
v -11.68310933 0.07625412 1.09764963
v -11.68339985 0.07626294 1.09757027
v -11.68339015 0.07628702 1.09756050
v -11.68339002 0.07631003 1.09755188
v -11.68332873 0.07637894 1.09753572
v -11.68335931 0.07635294 1.09753990
v -11.68337942 0.07633196 1.09754503
v -11.68325352 0.07640730 1.09754334
v -11.68329919 0.07639706 1.09753680
v -11.68322030 0.07640718 1.09755264
v -11.68313989 0.07636403 1.09759300
v -11.68315019 0.07638001 1.09758131
v -11.68317004 0.07639300 1.09757039
v -11.68310976 0.07632386 1.09761739
v -11.68312005 0.07634496 1.09760497
v -11.68363374 0.07677268 1.09908268
v -11.68368024 0.07677900 1.09906870
v -11.68359382 0.07677769 1.09909081
v -11.68370578 0.07678985 1.09905594
v -11.68355000 0.07679497 1.09909350
v -11.68373979 0.07681584 1.09903609
v -11.68352996 0.07680999 1.09909242
v -11.68350797 0.07682918 1.09908920
v -11.68376976 0.07687627 1.09900164
v -11.68348000 0.07689320 1.09906893
v -11.68376957 0.07690298 1.09898960
v -11.68375987 0.07692706 1.09897971
v -11.68347949 0.07696389 1.09903728
v -11.68375974 0.07694995 1.09897118
v -11.68375009 0.07697200 1.09896419
v -11.68372424 0.07699834 1.09895783
v -11.68349073 0.07698499 1.09902422
v -11.68351056 0.07700395 1.09901219
v -11.68367843 0.07703267 1.09895532
v -11.68351991 0.07702004 1.09900063
v -11.68353976 0.07703303 1.09898960
v -11.68364035 0.07704400 1.09895907
v -11.68359191 0.07704710 1.09897124
v -11.68361087 0.07704698 1.09896420
v -11.68362041 0.07691001 1.09902423
v -11.68649986 0.08190297 1.09602277
v -11.68648946 0.08176898 1.09608791
v -11.68650941 0.08176600 1.09608279
v -11.68653981 0.08176696 1.09607588
v -11.68655970 0.08177196 1.09606742
v -11.68645995 0.08177697 1.09609107
v -11.68658619 0.08178424 1.09605436
v -11.68643995 0.08178805 1.09609211
v -11.68641131 0.08181046 1.09609018
v -11.68662021 0.08180999 1.09603488
v -11.68663423 0.08183705 1.09601764
v -11.68637973 0.08184110 1.09608298
v -11.68665015 0.08187197 1.09599893
v -11.68635945 0.08188700 1.09606742
v -11.68636008 0.08193385 1.09604702
v -11.68664981 0.08192097 1.09597758
v -11.68635988 0.08195697 1.09603489
v -11.68640032 0.08201300 1.09599916
v -11.68639002 0.08199703 1.09601091
v -11.68637018 0.08197795 1.09602291
v -11.68646852 0.08204019 1.09597067
v -11.68642017 0.08202600 1.09598833
v -11.68654932 0.08203005 1.09595471
v -11.68650745 0.08204030 1.09596050
v -11.68659892 0.08199595 1.09595567
v -11.68656932 0.08201896 1.09595359
v -11.68662955 0.08196604 1.09596288
v -11.68613590 0.08112644 1.09466529
v -11.68617009 0.08112704 1.09465671
v -11.68618998 0.08113205 1.09464818
v -11.68609023 0.08113705 1.09467178
v -11.68621835 0.08114600 1.09463351
v -11.68607023 0.08114802 1.09467290
v -11.68604446 0.08116781 1.09467136
v -11.68625049 0.08116996 1.09461568
v -11.68627013 0.08120941 1.09459167
v -11.68601001 0.08120095 1.09466361
v -11.68598974 0.08124721 1.09464846
v -11.68627948 0.08123301 1.09457994
v -11.68628010 0.08127962 1.09455893
v -11.68598941 0.08129488 1.09462767
v -11.68626079 0.08132445 1.09454393
v -11.68600066 0.08131706 1.09461568
v -11.68600046 0.08133947 1.09460346
v -11.68622633 0.08135890 1.09453598
v -11.68604014 0.08137297 1.09457999
v -11.68619961 0.08137905 1.09453438
v -11.68607134 0.08139181 1.09456358
v -11.68617960 0.08139001 1.09453551
v -11.68613964 0.08140050 1.09454094
v -11.68609974 0.08140003 1.09455061
v -11.68613015 0.08126401 1.09460358
v -11.68942021 0.08675980 1.09307377
v -11.68938981 0.08689701 1.09302151
v -11.68937748 0.08676111 1.09308486
v -11.68934036 0.08677005 1.09308969
v -11.68946951 0.08677398 1.09305618
v -11.68930605 0.08679115 1.09309051
v -11.68949032 0.08678698 1.09304522
v -11.68950062 0.08680295 1.09303347
v -11.68926110 0.08683276 1.09308237
v -11.68952045 0.08682202 1.09302150
v -11.68952978 0.08684324 1.09300863
v -11.68924953 0.08685695 1.09307448
v -11.68924940 0.08687996 1.09306602
v -11.68923970 0.08690404 1.09305618
v -11.68953022 0.08691465 1.09297620
v -11.68924142 0.08693170 1.09304426
v -11.68930065 0.08701455 1.09299152
v -11.68926947 0.08699094 1.09300953
v -11.68934987 0.08703302 1.09296852
v -11.68932998 0.08702802 1.09297698
v -11.68941736 0.08702921 1.09295499
v -11.68938027 0.08703398 1.09296148
v -11.68948985 0.08697902 1.09295643
v -11.68945640 0.08700776 1.09295196
v -11.68950996 0.08695900 1.09296149
v -11.68901061 0.08612071 1.09166508
v -11.68905144 0.08611976 1.09165452
v -11.68896969 0.08613001 1.09167050
v -11.68909979 0.08613395 1.09163688
v -11.68893824 0.08614933 1.09167147
v -11.68911964 0.08614694 1.09162597
v -11.68912995 0.08616304 1.09161431
v -11.68890957 0.08617400 1.09166743
v -11.68915073 0.08618199 1.09160220
v -11.68889042 0.08619499 1.09166228
v -11.68916008 0.08620297 1.09159021
v -11.68888077 0.08621704 1.09165530
v -11.68915955 0.08627319 1.09155720
v -11.68888063 0.08624004 1.09164677
v -11.68886999 0.08626401 1.09163689
v -11.68886982 0.08628773 1.09162646
v -11.68914119 0.08631753 1.09154246
v -11.68889976 0.08635067 1.09159070
v -11.68913062 0.08633994 1.09153721
v -11.68911055 0.08635699 1.09153411
v -11.68893188 0.08637582 1.09157174
v -11.68906000 0.08638238 1.09153346
v -11.68895931 0.08638798 1.09155767
v -11.68904004 0.08639096 1.09153723
v -11.68897920 0.08639299 1.09154920
v -11.68901055 0.08639395 1.09154227
v -11.68902009 0.08625697 1.09160218
v -11.69187867 0.09111630 1.08866678
v -11.69189955 0.09125006 1.08860094
v -11.69191574 0.09111249 1.08865903
v -11.69196034 0.09111904 1.08864539
v -11.69199817 0.09113800 1.08862607
v -11.69182724 0.09113669 1.08867042
v -11.69201989 0.09115599 1.08861291
v -11.69178902 0.09116958 1.08866589
v -11.69203955 0.09119474 1.08858973
v -11.69176976 0.09121000 1.08865397
v -11.69204030 0.09121906 1.08857720
v -11.69175914 0.09123396 1.08864552
v -11.69205061 0.09124302 1.08856616
v -11.69175040 0.09125804 1.08863561
v -11.69203029 0.09129142 1.08854733
v -11.69175021 0.09128450 1.08862381
v -11.69177921 0.09134399 1.08858890
v -11.69199000 0.09135103 1.08853268
v -11.69201008 0.09133266 1.08853562
v -11.69192233 0.09138321 1.08853470
v -11.69196996 0.09136605 1.08853174
v -11.69183972 0.09138202 1.08855640
v -11.69188527 0.09138857 1.08854262
v -11.69181039 0.09136783 1.08857111
v -11.69227022 0.09188997 1.09002009
v -11.69224839 0.09175645 1.09008609
v -11.69228451 0.09175252 1.09007864
v -11.69233290 0.09175967 1.09006339
v -11.69219981 0.09177505 1.09008943
v -11.69236977 0.09178006 1.09004377
v -11.69217977 0.09178995 1.09008831
v -11.69238007 0.09179603 1.09003222
v -11.69215970 0.09180795 1.09008521
v -11.69240086 0.09181499 1.09002011
v -11.69215008 0.09182798 1.09008006
v -11.69241020 0.09183597 1.09000812
v -11.69212994 0.09185003 1.09007322
v -11.69241002 0.09185898 1.08999649
v -11.69212981 0.09187399 1.09006456
v -11.69241937 0.09188353 1.08998502
v -11.69212011 0.09189700 1.09005480
v -11.69218390 0.09200989 1.08998857
v -11.69214988 0.09198402 1.09000812
v -11.69212928 0.09194492 1.09003192
v -11.69225784 0.09202861 1.08996133
v -11.69220944 0.09202205 1.08997560
v -11.69229586 0.09202241 1.08995359
v -11.69238075 0.09197306 1.08995501
v -11.69236068 0.09199106 1.08995193
v -11.69234063 0.09200501 1.08995091
v -11.69239903 0.09193503 1.08996522
v -11.69211994 0.09192096 1.09004378
v -11.69807003 0.10174000 1.08407036
v -11.69803009 0.10187697 1.08401739
v -11.69802634 0.10174119 1.08408087
v -11.69808992 0.10174500 1.08406190
v -11.69799018 0.10175000 1.08408558
v -11.69811546 0.10175692 1.08404904
v -11.69797017 0.10176205 1.08408670
v -11.69793675 0.10178780 1.08408389
v -11.69815043 0.10178291 1.08402918
v -11.69790994 0.10181497 1.08407729
v -11.69817943 0.10184323 1.08399468
v -11.69788968 0.10186063 1.08406208
v -11.69818003 0.10189485 1.08397214
v -11.69789011 0.10193097 1.08402966
v -11.69792959 0.10198699 1.08399373
v -11.69792024 0.10197102 1.08400530
v -11.69790040 0.10195195 1.08401738
v -11.69800064 0.10201299 1.08396439
v -11.69798075 0.10200905 1.08397279
v -11.69795993 0.10199999 1.08398270
v -11.69807954 0.10200297 1.08394919
v -11.69805003 0.10201095 1.08395229
v -11.69803008 0.10201406 1.08395729
v -11.69813392 0.10196566 1.08395092
v -11.69809955 0.10199201 1.08394813
v -11.69815977 0.10193895 1.08395729
v -11.69766137 0.10110056 1.08266083
v -11.69770032 0.10110103 1.08265118
v -11.69772020 0.10110604 1.08264260
v -11.69761951 0.10111104 1.08266639
v -11.69775236 0.10112153 1.08262632
v -11.69759950 0.10112202 1.08266742
v -11.69757373 0.10114216 1.08266586
v -11.69777976 0.10114300 1.08261017
v -11.69779940 0.10118185 1.08258653
v -11.69754023 0.10117518 1.08265827
v -11.69780970 0.10120606 1.08257448
v -11.69751996 0.10122131 1.08264285
v -11.69780937 0.10125374 1.08255346
v -11.69751944 0.10129093 1.08261037
v -11.69779100 0.10129892 1.08253810
v -11.69753069 0.10131203 1.08259818
v -11.69776994 0.10132002 1.08253299
v -11.69755052 0.10133099 1.08258621
v -11.69773936 0.10134589 1.08252889
v -11.69755987 0.10134696 1.08257447
v -11.69757972 0.10135996 1.08256352
v -11.69770982 0.10136401 1.08253001
v -11.69761008 0.10136901 1.08255363
v -11.69766511 0.10137450 1.08253633
v -11.69762996 0.10137402 1.08254511
v -11.69766037 0.10123705 1.08259819
v -11.69514968 0.09688401 1.08701872
v -11.69512309 0.09675168 1.08708536
v -11.69516397 0.09674560 1.08707736
v -11.69521046 0.09675204 1.08706318
v -11.69523601 0.09676384 1.08705047
v -11.69508022 0.09676801 1.08708799
v -11.69506018 0.09678303 1.08708702
v -11.69527002 0.09678982 1.08703059
v -11.69503819 0.09680378 1.08708334
v -11.69529998 0.09685014 1.08699619
v -11.69500927 0.09686720 1.08706356
v -11.69529979 0.09687602 1.08698408
v -11.69500972 0.09693681 1.08703206
v -11.69529009 0.09689998 1.08697418
v -11.69506714 0.09700477 1.08698553
v -11.69502934 0.09697699 1.08700669
v -11.69502000 0.09695899 1.08701877
v -11.69513635 0.09702146 1.08696012
v -11.69508984 0.09701502 1.08697419
v -11.69517531 0.09701620 1.08695208
v -11.69525925 0.09696602 1.08695365
v -11.69523918 0.09698402 1.08695054
v -11.69521914 0.09699904 1.08694952
v -11.69528996 0.09692405 1.08696562
v -11.69526982 0.09694600 1.08695869
v -11.69475623 0.09611093 1.08566580
v -11.69479994 0.09610628 1.08565646
v -11.69483979 0.09611200 1.08564399
v -11.69486817 0.09612560 1.08562983
v -11.69471050 0.09612905 1.08566877
v -11.69469046 0.09614300 1.08566772
v -11.69490030 0.09615003 1.08561134
v -11.69467039 0.09616100 1.08566461
v -11.69465886 0.09618329 1.08565944
v -11.69492930 0.09621131 1.08557628
v -11.69463955 0.09622728 1.08564418
v -11.69493007 0.09623598 1.08556490
v -11.69492038 0.09625994 1.08555501
v -11.69463999 0.09629785 1.08561186
v -11.69492024 0.09628402 1.08554647
v -11.69490964 0.09630596 1.08553962
v -11.69465028 0.09631895 1.08559959
v -11.69487614 0.09633826 1.08553188
v -11.69467011 0.09633802 1.08558751
v -11.69467946 0.09635400 1.08557594
v -11.69485037 0.09635900 1.08553026
v -11.69469931 0.09636604 1.08556492
v -11.69483036 0.09636997 1.08553129
v -11.69474199 0.09637867 1.08555035
v -11.69479990 0.09637796 1.08553438
v -11.69477042 0.09638106 1.08553964
v -11.69477996 0.09624397 1.08559960
v -11.70054937 0.10623096 1.07959682
v -11.70058071 0.10609376 1.07964897
v -11.70054463 0.10609352 1.07965856
v -11.70049991 0.10610401 1.07966500
v -11.70063002 0.10610794 1.07963139
v -11.70047991 0.10611498 1.07966612
v -11.70064987 0.10612105 1.07962054
v -11.70045318 0.10613524 1.07966447
v -11.70066017 0.10613703 1.07960878
v -11.70068000 0.10615598 1.07959669
v -11.70041968 0.10616802 1.07965672
v -11.70068934 0.10617720 1.07958424
v -11.70040037 0.10621439 1.07964156
v -11.70068978 0.10624671 1.07955210
v -11.70040003 0.10626196 1.07962052
v -11.70041968 0.10630595 1.07959688
v -11.70042998 0.10632395 1.07958483
v -11.70067046 0.10629141 1.07953703
v -11.70063601 0.10632586 1.07952911
v -11.70054361 0.10636758 1.07953513
v -11.70058928 0.10635697 1.07952863
v -11.70060928 0.10634600 1.07952748
v -11.70048953 0.10636198 1.07955229
v -11.70050942 0.10636698 1.07954371
v -11.70045077 0.10634100 1.07957307
v -11.70047062 0.10635304 1.07956217
v -11.70092004 0.10687005 1.08101599
v -11.70090010 0.10673605 1.08108106
v -11.70092004 0.10673295 1.08107588
v -11.70095138 0.10673379 1.08106826
v -11.70086963 0.10674404 1.08108418
v -11.70099973 0.10674797 1.08105062
v -11.70084963 0.10675501 1.08108533
v -11.70101005 0.10676002 1.08103970
v -11.70082003 0.10677814 1.08108319
v -11.70102988 0.10677694 1.08102798
v -11.70105067 0.10679494 1.08101597
v -11.70079036 0.10680806 1.08107600
v -11.70105048 0.10681700 1.08100400
v -11.70077009 0.10685407 1.08106081
v -11.70105983 0.10683905 1.08099227
v -11.70105948 0.10688817 1.08097069
v -11.70083466 0.10699045 1.08098388
v -11.70079971 0.10696303 1.08100483
v -11.70076976 0.10690104 1.08104001
v -11.70087914 0.10700702 1.08096300
v -11.70085925 0.10700201 1.08097141
v -11.70095995 0.10699700 1.08094780
v -11.70091713 0.10700725 1.08095377
v -11.70100955 0.10696291 1.08094882
v -11.70097995 0.10698604 1.08094668
v -11.70104018 0.10693299 1.08095608
v -11.70379949 0.11186396 1.07801461
v -11.70377385 0.11173139 1.07808114
v -11.70381758 0.11172603 1.07807235
v -11.70386028 0.11173199 1.07805910
v -11.70388582 0.11174415 1.07804620
v -11.70373004 0.11174905 1.07808394
v -11.70370999 0.11176300 1.07808279
v -11.70391983 0.11177003 1.07802659
v -11.70368992 0.11178099 1.07807969
v -11.70393013 0.11178898 1.07801460
v -11.70367935 0.11180197 1.07807469
v -11.70393947 0.11180996 1.07800240
v -11.70365921 0.11182403 1.07806771
v -11.70366003 0.11184704 1.07805911
v -11.70393990 0.11187957 1.07796991
v -11.70365034 0.11187099 1.07804930
v -11.70366046 0.11191940 1.07802610
v -11.70365016 0.11189496 1.07803831
v -11.70371033 0.11198127 1.07798485
v -11.70367915 0.11195802 1.07800264
v -11.70378711 0.11200153 1.07795600
v -11.70373966 0.11199498 1.07797020
v -11.70382513 0.11199652 1.07794838
v -11.70391002 0.11194597 1.07794953
v -11.70388994 0.11196398 1.07794642
v -11.70385941 0.11197900 1.07794527
v -11.70392927 0.11190592 1.07796078
v -11.70340604 0.11109100 1.07666170
v -11.70344501 0.11108649 1.07665376
v -11.70348961 0.11109196 1.07664000
v -11.70350947 0.11110102 1.07663011
v -11.70335746 0.11111043 1.07666491
v -11.70353028 0.11111401 1.07661906
v -11.70354058 0.11112999 1.07660739
v -11.70332020 0.11114096 1.07666051
v -11.70356041 0.11114894 1.07659542
v -11.70330963 0.11116206 1.07665537
v -11.70356976 0.11117004 1.07658338
v -11.70328949 0.11118399 1.07664841
v -11.70357017 0.11124193 1.07654963
v -11.70328936 0.11120699 1.07664000
v -11.70327967 0.11123096 1.07663011
v -11.70328044 0.11125659 1.07661859
v -11.70354030 0.11130690 1.07653004
v -11.70330944 0.11131798 1.07658367
v -11.70352023 0.11132395 1.07652724
v -11.70333967 0.11134170 1.07656574
v -11.70350018 0.11133896 1.07652610
v -11.70345351 0.11135720 1.07652912
v -11.70336994 0.11135602 1.07655090
v -11.70341644 0.11136150 1.07653699
v -11.70342977 0.11122405 1.07659541
v -11.71781857 0.13605749 1.06165434
v -11.71783945 0.13619101 1.06158857
v -11.71785469 0.13605356 1.06164692
v -11.71790024 0.13605904 1.06163309
v -11.71792861 0.13607298 1.06161850
v -11.71776999 0.13607597 1.06165777
v -11.71774995 0.13609003 1.06165669
v -11.71795979 0.13609695 1.06160051
v -11.71772988 0.13610803 1.06165373
v -11.71798040 0.13613556 1.06157707
v -11.71771836 0.13613045 1.06164847
v -11.71799069 0.13616000 1.06156480
v -11.71769031 0.13619708 1.06162386
v -11.71799052 0.13618397 1.06155388
v -11.71797987 0.13620805 1.06154412
v -11.71769966 0.13622200 1.06161217
v -11.71769947 0.13624513 1.06160072
v -11.71771911 0.13628506 1.06157648
v -11.71797973 0.13623105 1.06153553
v -11.71791272 0.13630485 1.06151897
v -11.71794998 0.13627397 1.06152350
v -11.71795960 0.13625298 1.06152860
v -11.71786033 0.13632451 1.06152265
v -11.71777962 0.13632297 1.06154412
v -11.71782043 0.13632868 1.06153160
v -11.71775030 0.13630890 1.06155883
v -11.71821012 0.13683104 1.06300782
v -11.71818449 0.13669847 1.06307417
v -11.71822441 0.13669240 1.06306634
v -11.71826996 0.13669895 1.06305229
v -11.71829549 0.13671099 1.06303936
v -11.71813971 0.13671601 1.06307704
v -11.71811967 0.13672995 1.06307589
v -11.71833045 0.13673793 1.06301898
v -11.71810055 0.13674794 1.06307277
v -11.71808998 0.13676797 1.06306779
v -11.71835010 0.13677704 1.06299573
v -11.71806972 0.13681339 1.06305289
v -11.71834992 0.13680004 1.06298410
v -11.71836023 0.13682281 1.06297296
v -11.71806001 0.13683795 1.06304240
v -11.71812001 0.13694822 1.06297809
v -11.71808979 0.13692497 1.06299602
v -11.71805982 0.13686477 1.06303049
v -11.71819679 0.13696848 1.06294928
v -11.71814934 0.13696205 1.06296330
v -11.71823100 0.13696456 1.06294178
v -11.71832065 0.13691305 1.06294268
v -11.71830058 0.13693105 1.06293957
v -11.71828053 0.13694595 1.06293851
v -11.71834087 0.13687097 1.06295470
v -11.71833027 0.13689302 1.06294780
v -11.72108958 0.14182400 1.06000645
v -11.72106015 0.14169274 1.06007409
v -11.72110007 0.14168703 1.06006640
v -11.72112953 0.14168798 1.06005947
v -11.72115037 0.14169298 1.06005087
v -11.72118064 0.14170717 1.06003576
v -11.72100008 0.14172398 1.06007462
v -11.72120992 0.14172982 1.06001823
v -11.72098954 0.14174104 1.06007151
v -11.72096944 0.14176225 1.06006663
v -11.72123988 0.14179074 1.05998353
v -11.72095012 0.14180767 1.06005112
v -11.72123969 0.14181696 1.05997168
v -11.72122999 0.14184104 1.05996191
v -11.72094960 0.14187799 1.06001860
v -11.72099003 0.14193404 1.05998269
v -11.72097973 0.14191806 1.05999439
v -11.72095990 0.14189898 1.06000644
v -11.72106014 0.14196121 1.05995411
v -11.72100988 0.14194702 1.05997181
v -11.72113998 0.14195096 1.05993819
v -11.72110952 0.14195799 1.05994140
v -11.72108004 0.14196096 1.05994642
v -11.72119915 0.14190696 1.05994128
v -11.72117430 0.14192949 1.05993742
v -11.72122986 0.14186405 1.05995332
v -11.72120972 0.14188599 1.05994642
v -11.72069992 0.14104998 1.05865228
v -11.72073985 0.14104652 1.05864429
v -11.72077970 0.14105296 1.05863171
v -11.72067996 0.14105844 1.05865590
v -11.72080807 0.14106666 1.05861747
v -11.72063036 0.14108395 1.05865529
v -11.72084020 0.14109002 1.05859922
v -11.72061983 0.14110195 1.05865226
v -11.72086920 0.14115058 1.05856401
v -11.72059972 0.14112210 1.05864733
v -11.72057945 0.14116823 1.05863196
v -11.72086997 0.14117705 1.05855260
v -11.72086982 0.14120100 1.05854272
v -11.72057988 0.14123797 1.05859939
v -11.72086014 0.14122401 1.05853409
v -11.72084954 0.14124702 1.05852723
v -11.72059018 0.14125894 1.05858717
v -11.72081795 0.14127934 1.05851954
v -11.72061001 0.14127802 1.05857509
v -11.72061936 0.14129399 1.05856352
v -11.72077502 0.14130937 1.05851834
v -11.72064016 0.14130699 1.05855260
v -11.72069042 0.14132130 1.05853485
v -11.72072365 0.14132129 1.05852554
v -11.72071986 0.14118397 1.05858718
v -11.72361076 0.14617800 1.05558579
v -11.72364022 0.14604102 1.05563888
v -11.72360698 0.14604031 1.05564747
v -11.72366010 0.14604604 1.05563033
v -11.72355941 0.14605103 1.05565412
v -11.72367997 0.14605497 1.05562043
v -11.72353940 0.14606201 1.05565500
v -11.72370936 0.14606798 1.05560950
v -11.72351363 0.14608168 1.05565363
v -11.72371966 0.14608394 1.05559777
v -11.72374045 0.14610301 1.05558579
v -11.72348014 0.14611506 1.05564624
v -11.72374979 0.14612400 1.05557368
v -11.72374926 0.14619325 1.05554098
v -11.72345986 0.14616095 1.05563032
v -11.72345953 0.14620887 1.05560981
v -11.72373091 0.14623831 1.05552606
v -11.72369550 0.14627301 1.05551809
v -11.72360976 0.14631449 1.05552308
v -11.72365068 0.14630401 1.05551760
v -11.72366973 0.14629303 1.05551647
v -11.72353956 0.14630532 1.05554603
v -11.72357082 0.14631402 1.05553267
v -11.72350271 0.14628243 1.05556672
v -11.72346983 0.14623200 1.05559777
v -11.72347059 0.14625298 1.05558578
v -11.72400993 0.14668094 1.05705808
v -11.72397480 0.14668070 1.05706714
v -11.72402982 0.14668595 1.05704962
v -11.72404969 0.14669501 1.05703973
v -11.72393008 0.14669096 1.05707321
v -11.72407049 0.14670800 1.05702871
v -11.72391007 0.14670205 1.05707428
v -11.72409033 0.14672398 1.05701703
v -11.72388048 0.14672469 1.05707226
v -11.72409967 0.14674305 1.05700497
v -11.72411933 0.14678526 1.05698174
v -11.72384985 0.14675497 1.05706499
v -11.72382958 0.14680110 1.05704992
v -11.72411993 0.14683556 1.05695973
v -11.72383020 0.14684903 1.05702869
v -11.72409967 0.14688002 1.05694502
v -11.72384050 0.14687096 1.05701706
v -11.72406904 0.14691030 1.05693775
v -11.72384030 0.14689302 1.05700499
v -11.72387525 0.14692401 1.05698378
v -11.72403945 0.14693295 1.05693579
v -11.72401944 0.14694404 1.05693680
v -11.72391307 0.14694654 1.05696395
v -11.72398233 0.14695405 1.05694168
v -11.72394054 0.14695405 1.05695200
v -11.72396999 0.14681696 1.05700497
v -11.70777003 0.11354983 1.07621978
v -11.70774059 0.11368703 1.07616750
v -11.70773300 0.11354983 1.07622993
v -11.70769019 0.11355995 1.07623581
v -11.70782029 0.11356400 1.07620220
v -11.70765682 0.11358117 1.07623653
v -11.70784014 0.11357699 1.07619117
v -11.70785044 0.11359297 1.07617959
v -11.70763006 0.11360395 1.07623259
v -11.70787027 0.11361204 1.07616751
v -11.70760995 0.11362504 1.07622746
v -11.70787961 0.11363302 1.07615522
v -11.70760031 0.11364697 1.07622062
v -11.70760017 0.11366998 1.07621198
v -11.70788003 0.11370443 1.07612214
v -11.70758953 0.11369395 1.07620222
v -11.70761838 0.11377918 1.07615767
v -11.70758935 0.11371803 1.07619118
v -11.70765142 0.11380493 1.07613717
v -11.70772630 0.11382437 1.07610904
v -11.70767980 0.11381805 1.07612299
v -11.70778144 0.11381244 1.07609873
v -11.70776053 0.11382102 1.07610243
v -11.70784062 0.11376905 1.07610242
v -11.70783009 0.11378704 1.07609933
v -11.70785978 0.11374902 1.07610749
v -11.70734998 0.11291300 1.07481341
v -11.70739179 0.11290931 1.07480412
v -11.70731951 0.11292099 1.07481652
v -11.70745057 0.11292397 1.07478302
v -11.70729379 0.11293566 1.07481770
v -11.70747042 0.11293697 1.07477199
v -11.70747977 0.11295307 1.07476032
v -11.70725939 0.11296402 1.07481343
v -11.70749960 0.11297202 1.07474834
v -11.70724977 0.11298500 1.07480830
v -11.70750989 0.11299311 1.07473593
v -11.70722964 0.11300695 1.07480137
v -11.70723046 0.11302995 1.07479292
v -11.70750938 0.11306368 1.07470368
v -11.70721981 0.11305403 1.07478301
v -11.70721964 0.11307822 1.07477228
v -11.70749006 0.11310838 1.07468819
v -11.70724864 0.11313938 1.07473764
v -11.70748044 0.11312997 1.07468316
v -11.70746037 0.11314702 1.07468006
v -11.70728265 0.11316596 1.07471767
v -11.70741173 0.11317252 1.07467953
v -11.70732143 0.11318206 1.07469804
v -11.70738985 0.11318099 1.07468318
v -11.70735942 0.11318397 1.07468830
v -11.70736992 0.11304699 1.07474834
v -11.71062004 0.11868000 1.07316613
v -11.71059917 0.11854660 1.07323217
v -11.71063338 0.11854254 1.07322467
v -11.71067988 0.11854898 1.07321057
v -11.71071015 0.11856304 1.07319551
v -11.71054963 0.11856496 1.07323538
v -11.71052959 0.11857997 1.07323444
v -11.71074037 0.11858688 1.07317738
v -11.71050952 0.11859845 1.07323139
v -11.71076002 0.11862599 1.07315407
v -11.71048930 0.11864005 1.07321925
v -11.71075984 0.11864900 1.07314253
v -11.71046994 0.11868750 1.07320104
v -11.71077015 0.11867284 1.07313130
v -11.71048942 0.11875413 1.07316708
v -11.71046976 0.11871099 1.07318979
v -11.71053467 0.11880004 1.07313453
v -11.71050066 0.11877404 1.07315408
v -11.71060291 0.11881791 1.07310825
v -11.71056021 0.11881196 1.07312159
v -11.71064663 0.11881268 1.07309965
v -11.71073056 0.11876260 1.07310066
v -11.71071049 0.11878096 1.07309787
v -11.71069046 0.11879503 1.07309691
v -11.71074983 0.11872004 1.07311301
v -11.71022945 0.11790645 1.07181281
v -11.71026556 0.11790251 1.07180504
v -11.71030921 0.11790895 1.07179141
v -11.71033948 0.11792326 1.07177666
v -11.71017992 0.11792503 1.07181620
v -11.71015987 0.11794005 1.07181512
v -11.71036971 0.11794697 1.07175897
v -11.71013980 0.11795794 1.07181203
v -11.71038001 0.11796498 1.07174698
v -11.71012152 0.11799692 1.07180142
v -11.71038935 0.11798704 1.07173490
v -11.71039966 0.11800897 1.07172322
v -11.71040044 0.11803304 1.07171231
v -11.71009926 0.11804794 1.07178163
v -11.71038011 0.11807965 1.07169378
v -11.71011053 0.11807095 1.07177058
v -11.71011034 0.11809550 1.07175837
v -11.71035990 0.11812257 1.07168174
v -11.71012998 0.11813402 1.07173489
v -11.71033982 0.11814105 1.07167868
v -11.71014982 0.11814998 1.07172327
v -11.71031978 0.11815595 1.07167768
v -11.71017063 0.11816298 1.07171231
v -11.71027311 0.11817311 1.07168065
v -11.71019049 0.11817204 1.07170242
v -11.71023414 0.11817860 1.07168882
v -11.71025033 0.11803995 1.07174698
v -11.70449046 0.10805403 1.07774959
v -11.70451991 0.10791694 1.07780271
v -11.70448668 0.10791658 1.07781134
v -11.70453980 0.10792195 1.07779419
v -11.70444006 0.10792696 1.07781790
v -11.70455967 0.10793101 1.07778429
v -11.70442005 0.10793804 1.07781891
v -11.70457952 0.10794400 1.07777338
v -11.70439428 0.10795795 1.07781743
v -11.70461920 0.10797702 1.07775049
v -11.70435983 0.10799085 1.07781009
v -11.70463044 0.10800003 1.07773762
v -11.70463086 0.10806917 1.07770454
v -11.70433955 0.10803699 1.07779419
v -11.70433923 0.10808491 1.07777368
v -11.70461060 0.10811578 1.07768953
v -11.70457710 0.10814904 1.07768195
v -11.70448375 0.10819053 1.07768803
v -11.70453037 0.10818004 1.07768147
v -11.70455038 0.10816895 1.07768040
v -11.70442967 0.10818505 1.07770508
v -11.70445052 0.10819005 1.07769660
v -11.70436729 0.10814463 1.07773976
v -11.70438996 0.10816299 1.07772600
v -11.70440981 0.10817598 1.07771503
v -11.70435048 0.10810696 1.07776169
v -11.70488963 0.10855698 1.07922189
v -11.70484974 0.10855686 1.07923196
v -11.70490951 0.10856187 1.07921273
v -11.70480977 0.10856699 1.07923708
v -11.70496068 0.10858403 1.07919263
v -11.70478977 0.10857796 1.07923823
v -11.70497003 0.10859906 1.07918099
v -11.70476017 0.10860109 1.07923609
v -11.70498986 0.10861801 1.07916890
v -11.70500014 0.10864019 1.07915561
v -11.70472955 0.10863113 1.07922904
v -11.70470928 0.10867750 1.07921360
v -11.70500059 0.10871004 1.07912421
v -11.70470989 0.10872399 1.07919261
v -11.70498032 0.10875605 1.07910890
v -11.70470971 0.10874700 1.07918101
v -11.70494969 0.10878598 1.07910173
v -11.70472000 0.10876798 1.07916892
v -11.70473984 0.10878705 1.07915692
v -11.70492010 0.10880899 1.07909958
v -11.70474918 0.10880303 1.07914518
v -11.70490009 0.10881995 1.07910073
v -11.70480036 0.10882496 1.07912522
v -11.70485537 0.10883033 1.07910680
v -11.70482023 0.10882997 1.07911592
v -11.70484969 0.10869300 1.07916889
v -11.68320948 0.06946503 1.10248822
v -11.68318479 0.06933223 1.10255451
v -11.68322757 0.06932699 1.10254581
v -11.68327027 0.06933295 1.10253268
v -11.68330053 0.06934869 1.10251710
v -11.68314002 0.06934999 1.10255742
v -11.68311998 0.06936394 1.10255628
v -11.68332982 0.06937098 1.10250007
v -11.68309990 0.06938195 1.10255317
v -11.68335040 0.06941115 1.10247522
v -11.68308934 0.06940305 1.10254812
v -11.68307015 0.06942498 1.10254120
v -11.68307002 0.06944799 1.10253268
v -11.68306032 0.06947195 1.10252278
v -11.68334989 0.06948184 1.10244340
v -11.68307045 0.06952035 1.10249976
v -11.68306015 0.06949603 1.10251180
v -11.68312410 0.06958519 1.10245633
v -11.68309009 0.06955897 1.10247610
v -11.68319330 0.06960295 1.10243029
v -11.68314965 0.06959700 1.10244362
v -11.68325034 0.06959199 1.10241989
v -11.68323037 0.06959903 1.10242298
v -11.68332192 0.06954550 1.10242323
v -11.68329993 0.06956600 1.10241990
v -11.68327035 0.06957995 1.10241889
v -11.68281888 0.06869148 1.10113478
v -11.68285690 0.06868755 1.10112691
v -11.68289959 0.06869399 1.10111342
v -11.68293365 0.06871043 1.10109627
v -11.68277031 0.06870996 1.10113821
v -11.68275027 0.06872498 1.10113721
v -11.68296010 0.06873082 1.10108065
v -11.68273019 0.06874298 1.10113399
v -11.68271962 0.06876301 1.10112891
v -11.68297972 0.06877135 1.10105574
v -11.68269948 0.06878495 1.10112201
v -11.68269935 0.06880902 1.10111342
v -11.68269060 0.06883298 1.10110348
v -11.68298018 0.06884204 1.10102438
v -11.68269997 0.06885599 1.10109261
v -11.68295990 0.06888854 1.10100841
v -11.68269978 0.06887900 1.10108089
v -11.68271943 0.06891917 1.10105722
v -11.68294933 0.06890797 1.10100381
v -11.68292926 0.06892597 1.10100073
v -11.68275156 0.06894301 1.10103891
v -11.68291017 0.06894099 1.10099957
v -11.68286254 0.06895827 1.10100281
v -11.68277993 0.06895696 1.10102438
v -11.68282548 0.06896364 1.10101055
v -11.68283976 0.06882499 1.10106892
v -11.68571965 0.07126795 1.10102199
v -11.68569971 0.07113396 1.10108709
v -11.68573109 0.07113063 1.10108119
v -11.68578044 0.07113599 1.10106652
v -11.68567020 0.07114100 1.10109017
v -11.68580030 0.07114505 1.10105662
v -11.68563971 0.07116007 1.10109127
v -11.68582015 0.07115804 1.10104571
v -11.68582950 0.07117402 1.10103409
v -11.68561008 0.07118498 1.10108710
v -11.68584934 0.07119297 1.10102200
v -11.68559951 0.07120596 1.10108202
v -11.68586059 0.07121395 1.10101001
v -11.68557937 0.07122802 1.10107512
v -11.68586022 0.07126116 1.10098708
v -11.68558019 0.07125102 1.10106658
v -11.68557050 0.07127499 1.10105668
v -11.68586007 0.07128500 1.10097752
v -11.68557031 0.07130169 1.10104471
v -11.68563428 0.07138788 1.10099051
v -11.68560027 0.07136201 1.10101024
v -11.68570822 0.07140528 1.10096288
v -11.68565982 0.07140004 1.10097752
v -11.68574624 0.07140039 1.10095541
v -11.68582826 0.07135235 1.10095644
v -11.68579006 0.07138299 1.10095266
v -11.68583979 0.07132863 1.10096205
v -11.68533000 0.07049405 1.09966789
v -11.68536327 0.07049047 1.09966147
v -11.68540977 0.07049703 1.09964729
v -11.68531002 0.07050203 1.09967101
v -11.68542964 0.07050597 1.09963751
v -11.68527667 0.07051515 1.09967232
v -11.68545044 0.07051801 1.09962647
v -11.68547027 0.07053386 1.09961467
v -11.68524036 0.07054602 1.09966789
v -11.68522979 0.07056605 1.09966284
v -11.68548992 0.07057403 1.09959082
v -11.68520965 0.07058798 1.09965579
v -11.68548973 0.07059704 1.09957910
v -11.68520952 0.07061194 1.09964729
v -11.68550003 0.07062220 1.09956740
v -11.68519983 0.07063495 1.09963752
v -11.68520059 0.07066249 1.09962575
v -11.68546237 0.07070803 1.09953760
v -11.68522959 0.07072197 1.09959084
v -11.68542511 0.07074021 1.09953337
v -11.68526078 0.07074582 1.09957299
v -11.68537367 0.07076108 1.09953653
v -11.68529010 0.07076000 1.09955828
v -11.68533186 0.07076572 1.09954566
v -11.68534994 0.07062804 1.09960282
v -11.72058980 0.12794804 1.06458972
v -11.72061924 0.12781071 1.06464196
v -11.72058126 0.12781166 1.06465227
v -11.72053559 0.12782227 1.06465846
v -11.72067045 0.12782501 1.06462429
v -11.72069030 0.12783800 1.06461329
v -11.72049266 0.12785362 1.06465715
v -11.72069965 0.12785398 1.06460160
v -11.72071948 0.12787305 1.06458961
v -11.72046012 0.12788605 1.06464958
v -11.72073073 0.12789403 1.06457762
v -11.72044952 0.12790798 1.06464272
v -11.72073021 0.12796401 1.06454468
v -11.72045034 0.12793098 1.06463418
v -11.72044064 0.12795496 1.06462428
v -11.72044046 0.12798249 1.06461250
v -11.72047041 0.12804197 1.06457761
v -11.72070994 0.12800991 1.06452942
v -11.72068025 0.12804805 1.06452141
v -11.72069937 0.12803101 1.06452458
v -11.72060974 0.12808203 1.06452459
v -11.72063066 0.12807369 1.06452087
v -11.72052997 0.12807905 1.06454519
v -11.72054985 0.12808405 1.06453664
v -11.72057930 0.12808501 1.06452971
v -11.72049686 0.12806283 1.06456201
v -11.72098991 0.12845074 1.06606118
v -11.72096047 0.12858796 1.06600891
v -11.72094813 0.12845206 1.06607214
v -11.72091006 0.12846100 1.06607698
v -11.72104017 0.12846505 1.06604350
v -11.72087575 0.12848258 1.06607786
v -11.72106002 0.12847804 1.06603252
v -11.72106937 0.12849402 1.06602090
v -11.72084994 0.12850498 1.06607388
v -11.72109016 0.12851297 1.06600891
v -11.72083079 0.12852596 1.06606888
v -11.72110045 0.12853395 1.06599682
v -11.72082019 0.12854802 1.06606189
v -11.72109992 0.12860297 1.06596380
v -11.72082006 0.12857103 1.06605339
v -11.72081036 0.12859498 1.06604349
v -11.72085997 0.12869799 1.06598519
v -11.72084013 0.12868201 1.06599682
v -11.72081112 0.12862325 1.06603140
v -11.72092052 0.12872397 1.06595579
v -11.72089401 0.12871694 1.06596707
v -11.72098801 0.12872003 1.06594232
v -11.72094998 0.12872504 1.06594890
v -11.72106051 0.12866997 1.06594382
v -11.72102801 0.12869858 1.06593936
v -11.72108061 0.12864971 1.06594878
v -11.71519011 0.11860095 1.07201158
v -11.71517018 0.11846697 1.07207674
v -11.71520724 0.11846327 1.07206923
v -11.71524995 0.11846899 1.07205609
v -11.71515021 0.11847508 1.07208037
v -11.71527548 0.11848139 1.07204299
v -11.71509966 0.11849999 1.07207984
v -11.71531044 0.11850798 1.07202271
v -11.71509008 0.11851799 1.07207674
v -11.71506997 0.11853897 1.07207161
v -11.71534039 0.11856984 1.07198768
v -11.71505066 0.11858320 1.07205687
v -11.71534022 0.11859404 1.07197688
v -11.71532957 0.11861801 1.07196700
v -11.71505014 0.11865496 1.07202391
v -11.71509056 0.11871099 1.07198791
v -11.71508026 0.11869501 1.07199958
v -11.71505948 0.11867606 1.07201169
v -11.71515971 0.11873722 1.07195900
v -11.71511041 0.11872398 1.07197700
v -11.71523956 0.11872696 1.07194341
v -11.71521005 0.11873495 1.07194651
v -11.71517962 0.11873804 1.07195164
v -11.71531787 0.11866604 1.07195061
v -11.71526910 0.11871015 1.07194224
v -11.71532944 0.11864101 1.07195848
v -11.71480046 0.11782705 1.07065748
v -11.71482994 0.11782396 1.07065228
v -11.71486034 0.11782503 1.07064549
v -11.71489063 0.11783431 1.07063150
v -11.71477859 0.11783598 1.07066130
v -11.71491994 0.11785100 1.07061599
v -11.71472994 0.11786102 1.07066057
v -11.71494167 0.11786865 1.07060299
v -11.71472036 0.11787903 1.07065749
v -11.71469930 0.11790048 1.07065217
v -11.71496972 0.11792982 1.07056843
v -11.71467998 0.11794423 1.07063711
v -11.71497050 0.11795401 1.07055771
v -11.71497035 0.11797798 1.07054791
v -11.71468042 0.11801492 1.07060473
v -11.71495007 0.11802302 1.07053213
v -11.71468976 0.11803602 1.07059239
v -11.71492997 0.11804401 1.07052730
v -11.71470959 0.11805498 1.07058030
v -11.71489939 0.11806988 1.07052308
v -11.71471989 0.11807095 1.07056875
v -11.71474070 0.11808394 1.07055770
v -11.71486985 0.11808801 1.07052420
v -11.71479000 0.11809813 1.07054011
v -11.71482418 0.11809836 1.07053077
v -11.71482040 0.11796104 1.07059238
v -11.71231066 0.11360799 1.07501289
v -11.71228502 0.11347543 1.07507960
v -11.71232304 0.11346959 1.07507155
v -11.71237049 0.11347602 1.07505749
v -11.71239792 0.11348891 1.07504373
v -11.71223929 0.11349200 1.07508217
v -11.71222021 0.11350702 1.07508121
v -11.71243098 0.11351525 1.07502389
v -11.71220013 0.11352550 1.07507828
v -11.71245998 0.11357676 1.07498900
v -11.71217992 0.11356758 1.07506613
v -11.71245981 0.11359977 1.07497811
v -11.71215959 0.11361502 1.07504761
v -11.71216972 0.11366104 1.07502501
v -11.71216991 0.11363899 1.07503669
v -11.71222433 0.11372673 1.07498145
v -11.71218938 0.11370002 1.07500176
v -11.71229637 0.11374556 1.07495438
v -11.71224987 0.11373901 1.07496850
v -11.71233534 0.11373996 1.07494662
v -11.71242023 0.11369000 1.07494789
v -11.71240016 0.11370801 1.07494478
v -11.71238011 0.11372303 1.07494369
v -11.71244045 0.11364805 1.07495992
v -11.71242985 0.11366998 1.07495301
v -11.71191625 0.11283493 1.07366008
v -11.71195902 0.11283028 1.07365085
v -11.71200077 0.11283599 1.07363832
v -11.71203104 0.11285090 1.07362300
v -11.71186957 0.11285304 1.07366298
v -11.71184953 0.11286699 1.07366196
v -11.71206033 0.11287402 1.07360583
v -11.71182946 0.11288499 1.07365888
v -11.71207997 0.11291325 1.07358178
v -11.71181022 0.11292635 1.07364791
v -11.71207978 0.11293697 1.07357013
v -11.71209010 0.11295997 1.07355910
v -11.71178988 0.11297500 1.07362841
v -11.71207945 0.11298406 1.07354931
v -11.71180019 0.11299895 1.07361739
v -11.71207931 0.11300801 1.07354068
v -11.71180000 0.11302339 1.07360530
v -11.71206013 0.11302995 1.07353383
v -11.71204956 0.11304998 1.07352869
v -11.71182060 0.11306201 1.07358168
v -11.71202948 0.11306797 1.07352550
v -11.71184800 0.11308336 1.07356565
v -11.71201040 0.11308300 1.07352452
v -11.71196087 0.11310147 1.07352793
v -11.71188015 0.11309897 1.07354932
v -11.71192380 0.11310553 1.07353567
v -11.71193999 0.11296796 1.07359379
v -11.71771034 0.12295496 1.06759100
v -11.71773980 0.12281798 1.06764397
v -11.71770561 0.12281751 1.06765274
v -11.71775968 0.12282299 1.06763554
v -11.71766089 0.12282800 1.06765918
v -11.71778901 0.12283741 1.06762063
v -11.71764089 0.12283896 1.06766033
v -11.71761416 0.12285911 1.06765870
v -11.71781924 0.12286102 1.06760299
v -11.71783048 0.12288021 1.06759064
v -11.71757970 0.12289344 1.06765072
v -11.71785013 0.12292312 1.06756694
v -11.71756039 0.12293802 1.06763552
v -11.71756006 0.12298619 1.06761485
v -11.71784980 0.12297105 1.06754631
v -11.71758066 0.12303006 1.06759100
v -11.71759000 0.12304805 1.06757901
v -11.71779603 0.12304996 1.06752328
v -11.71783049 0.12301694 1.06753097
v -11.71770363 0.12309157 1.06752929
v -11.71775026 0.12308097 1.06752281
v -11.71777026 0.12306999 1.06752169
v -11.71764956 0.12308597 1.06754648
v -11.71767040 0.12309098 1.06753800
v -11.71762118 0.12307202 1.06756101
v -11.71806957 0.12359404 1.06901031
v -11.71806012 0.12346004 1.06907529
v -11.71808006 0.12345695 1.06907022
v -11.71810951 0.12345802 1.06906330
v -11.71813603 0.12346505 1.06905196
v -11.71803061 0.12346804 1.06907838
v -11.71801060 0.12347900 1.06907951
v -11.71817668 0.12348866 1.06902997
v -11.71798101 0.12350200 1.06907736
v -11.71820975 0.12351905 1.06901031
v -11.71795038 0.12353205 1.06907022
v -11.71820955 0.12354099 1.06899821
v -11.71793012 0.12357687 1.06905562
v -11.71821985 0.12356304 1.06898629
v -11.71822047 0.12361048 1.06896547
v -11.71797200 0.12369847 1.06899094
v -11.71793989 0.12366902 1.06901030
v -11.71794008 0.12364804 1.06902228
v -11.71804012 0.12373101 1.06895721
v -11.71802023 0.12372600 1.06896570
v -11.71800036 0.12371694 1.06897560
v -11.71811997 0.12372099 1.06894199
v -11.71807620 0.12373125 1.06894796
v -11.71816957 0.12368702 1.06894296
v -11.71813998 0.12371002 1.06894099
v -11.71820020 0.12365698 1.06895021
v -11.71793073 0.12362503 1.06903389
v -11.68924926 0.07366001 1.09902394
v -11.68922458 0.07352781 1.09909062
v -11.68926354 0.07352267 1.09908246
v -11.68931004 0.07352899 1.09906839
v -11.68934125 0.07354402 1.09905241
v -11.68917980 0.07354497 1.09909320
v -11.68915976 0.07355999 1.09909217
v -11.68936960 0.07356702 1.09903603
v -11.68913969 0.07357847 1.09908921
v -11.68937989 0.07358550 1.09902332
v -11.68911076 0.07364284 1.09906915
v -11.68940050 0.07362901 1.09900020
v -11.68940032 0.07365297 1.09898931
v -11.68938967 0.07367706 1.09897940
v -11.68911024 0.07371389 1.09903651
v -11.68916768 0.07378160 1.09899095
v -11.68912893 0.07375311 1.09901278
v -11.68923593 0.07379829 1.09896545
v -11.68919038 0.07379197 1.09897941
v -11.68927299 0.07379293 1.09895764
v -11.68935979 0.07374298 1.09895890
v -11.68933971 0.07376098 1.09895580
v -11.68931967 0.07377600 1.09895474
v -11.68938954 0.07369994 1.09897087
v -11.68936940 0.07372295 1.09896402
v -11.68885295 0.07288861 1.09767136
v -11.68889004 0.07288300 1.09766471
v -11.68891949 0.07288395 1.09765778
v -11.68893937 0.07288896 1.09764920
v -11.68896964 0.07290398 1.09763377
v -11.68882058 0.07290505 1.09767400
v -11.68879004 0.07291995 1.09767293
v -11.68900175 0.07292925 1.09761446
v -11.68876997 0.07293796 1.09766983
v -11.68875168 0.07297646 1.09765916
v -11.68902983 0.07298898 1.09758104
v -11.68874008 0.07300400 1.09764921
v -11.68903060 0.07301306 1.09757010
v -11.68874054 0.07307338 1.09761826
v -11.68901996 0.07303702 1.09756022
v -11.68901982 0.07306098 1.09755169
v -11.68899968 0.07308303 1.09754479
v -11.68874986 0.07309603 1.09760469
v -11.68899007 0.07310294 1.09753972
v -11.68876109 0.07311582 1.09759174
v -11.68895281 0.07313441 1.09753525
v -11.68880080 0.07314300 1.09757010
v -11.68890042 0.07315444 1.09753889
v -11.68883020 0.07315205 1.09756022
v -11.68885009 0.07315695 1.09755170
v -11.68888049 0.07315802 1.09754479
v -11.68888049 0.07302104 1.09760468
v -11.69175995 0.07801401 1.09460328
v -11.69179990 0.07787799 1.09465639
v -11.69176286 0.07787739 1.09466591
v -11.69181978 0.07788205 1.09464788
v -11.69171909 0.07788705 1.09467161
v -11.69184911 0.07789599 1.09463327
v -11.69169908 0.07789897 1.09467263
v -11.69166948 0.07792293 1.09467032
v -11.69188122 0.07792162 1.09461404
v -11.69163981 0.07795345 1.09466320
v -11.69191023 0.07798301 1.09457926
v -11.69162049 0.07799696 1.09464789
v -11.69162016 0.07804488 1.09462744
v -11.69190990 0.07803093 1.09455854
v -11.69162951 0.07806801 1.09461538
v -11.69163026 0.07809006 1.09460303
v -11.69186091 0.07810556 1.09453641
v -11.69189058 0.07807600 1.09454337
v -11.69177989 0.07814800 1.09453832
v -11.69181036 0.07814002 1.09453521
v -11.69183036 0.07812904 1.09453409
v -11.69170019 0.07814311 1.09456300
v -11.69173050 0.07815097 1.09455030
v -11.69175995 0.07815097 1.09454339
v -11.69166994 0.07812404 1.09457968
v -11.69216961 0.07851696 1.09607557
v -11.69212967 0.07865404 1.09602260
v -11.69213448 0.07851671 1.09608481
v -11.69218950 0.07852196 1.09606711
v -11.69208976 0.07852696 1.09609079
v -11.69221504 0.07853412 1.09605421
v -11.69206975 0.07853901 1.09609191
v -11.69204016 0.07856154 1.09608971
v -11.69225001 0.07855999 1.09603458
v -11.69226030 0.07857954 1.09602199
v -11.69201048 0.07859098 1.09608262
v -11.69199022 0.07863640 1.09606778
v -11.69227995 0.07862317 1.09599847
v -11.69228057 0.07867001 1.09597807
v -11.69203012 0.07876395 1.09599881
v -11.69201982 0.07874798 1.09601063
v -11.69199998 0.07872903 1.09602260
v -11.69199064 0.07870805 1.09603456
v -11.69209927 0.07879018 1.09597032
v -11.69205092 0.07877599 1.09598801
v -11.69218007 0.07878005 1.09595442
v -11.69214961 0.07878803 1.09595750
v -11.69212966 0.07879102 1.09596256
v -11.69223063 0.07874524 1.09595554
v -11.69220008 0.07876896 1.09595326
v -11.69226030 0.07871580 1.09596239
v -11.69199083 0.07868504 1.09604631
v -11.69502057 0.08364701 1.09302119
v -11.69500063 0.08351302 1.09308629
v -11.69502057 0.08351003 1.09308123
v -11.69505001 0.08351074 1.09307348
v -11.69496921 0.08352100 1.09308939
v -11.69510027 0.08352505 1.09305588
v -11.69494921 0.08353197 1.09309054
v -11.69512012 0.08353698 1.09304492
v -11.69491961 0.08355509 1.09308840
v -11.69512947 0.08355294 1.09303332
v -11.69515025 0.08357202 1.09302119
v -11.69488898 0.08358573 1.09308123
v -11.69516055 0.08359300 1.09300898
v -11.69486967 0.08363151 1.09306589
v -11.69516002 0.08366369 1.09297638
v -11.69486934 0.08367824 1.09304523
v -11.69493425 0.08376693 1.09298972
v -11.69489929 0.08373999 1.09301010
v -11.69498062 0.08378398 1.09296809
v -11.69495978 0.08377897 1.09297669
v -11.69506048 0.08377396 1.09295302
v -11.69502147 0.08378290 1.09295803
v -11.69512060 0.08372997 1.09295612
v -11.69510053 0.08374797 1.09295302
v -11.69508049 0.08376204 1.09295200
v -11.69514071 0.08370899 1.09296116
v -11.69462996 0.08287298 1.09166710
v -11.69464990 0.08287000 1.09166198
v -11.69467934 0.08287071 1.09165423
v -11.69459949 0.08288096 1.09167021
v -11.69473055 0.08288502 1.09163671
v -11.69457949 0.08289205 1.09167128
v -11.69475040 0.08289801 1.09162567
v -11.69455276 0.08291196 1.09166972
v -11.69475975 0.08291398 1.09161399
v -11.69477958 0.08293199 1.09160191
v -11.69451831 0.08294557 1.09166198
v -11.69479083 0.08295404 1.09158997
v -11.69479030 0.08302295 1.09155684
v -11.69450091 0.08299135 1.09164684
v -11.69450057 0.08303797 1.09162567
v -11.69477003 0.08307015 1.09154159
v -11.69451645 0.08307683 1.09160531
v -11.69474993 0.08309006 1.09153694
v -11.69452956 0.08310103 1.09158999
v -11.69473940 0.08310806 1.09153385
v -11.69456074 0.08312475 1.09157228
v -11.69469075 0.08313357 1.09153323
v -11.69459007 0.08313906 1.09155749
v -11.69464319 0.08314441 1.09154033
v -11.69460995 0.08314394 1.09154890
v -11.69464990 0.08300697 1.09160202
v -11.69750753 0.08786785 1.08866672
v -11.69753031 0.08800100 1.08860069
v -11.69754459 0.08786236 1.08865897
v -11.69759014 0.08786904 1.08864508
v -11.69761001 0.08787798 1.08863533
v -11.69745704 0.08788656 1.08867011
v -11.69763081 0.08789097 1.08862429
v -11.69765065 0.08790695 1.08861272
v -11.69741978 0.08791804 1.08866573
v -11.69766933 0.08794653 1.08858859
v -11.69741017 0.08793794 1.08866060
v -11.69739003 0.08796095 1.08865367
v -11.69738989 0.08798396 1.08864511
v -11.69766977 0.08801662 1.08855592
v -11.69737925 0.08800804 1.08863532
v -11.69738002 0.08803200 1.08862429
v -11.69740715 0.08809244 1.08859120
v -11.69765045 0.08806216 1.08854077
v -11.69761981 0.08810102 1.08853237
v -11.69763988 0.08808302 1.08853548
v -11.69755025 0.08813500 1.08853547
v -11.69757116 0.08812653 1.08853184
v -11.69747047 0.08813202 1.08855610
v -11.69751413 0.08813845 1.08854274
v -11.69743642 0.08811592 1.08857303
v -11.69790002 0.08864104 1.09001981
v -11.69787534 0.08850848 1.09008632
v -11.69791241 0.08850240 1.09007854
v -11.69796081 0.08850895 1.09006427
v -11.69798068 0.08851801 1.09005438
v -11.69782961 0.08852505 1.09008907
v -11.69800053 0.08853101 1.09004346
v -11.69780957 0.08853995 1.09008812
v -11.69800988 0.08854698 1.09003190
v -11.69778950 0.08855795 1.09008490
v -11.69802971 0.08856606 1.09001982
v -11.69777988 0.08857798 1.09007978
v -11.69804000 0.08858704 1.09000763
v -11.69775975 0.08860003 1.09007291
v -11.69776056 0.08862399 1.09006427
v -11.69803948 0.08865654 1.08997512
v -11.69774992 0.08864795 1.09005451
v -11.69781370 0.08875965 1.08998851
v -11.69777780 0.08873223 1.09000951
v -11.69774975 0.08867156 1.09004383
v -11.69788574 0.08877849 1.08996123
v -11.69784019 0.08877205 1.08997528
v -11.69794088 0.08876645 1.08995104
v -11.69791996 0.08877503 1.08995480
v -11.69800006 0.08872306 1.08995473
v -11.69798952 0.08874105 1.08995164
v -11.69802113 0.08870028 1.08996040
v -11.70365989 0.09862696 1.08401708
v -11.70365044 0.09849297 1.08408218
v -11.70367038 0.09848999 1.08407697
v -11.70369984 0.09849094 1.08407007
v -11.70371972 0.09849595 1.08406161
v -11.70361998 0.09850095 1.08408530
v -11.70374337 0.09850704 1.08404970
v -11.70359997 0.09851205 1.08408642
v -11.70356944 0.09852695 1.08408527
v -11.70377928 0.09853303 1.08402913
v -11.70356081 0.09854495 1.08408218
v -11.70378958 0.09855103 1.08401757
v -11.70354070 0.09856497 1.08407712
v -11.70352044 0.09860980 1.08406240
v -11.70381018 0.09859596 1.08399342
v -11.70380984 0.09864365 1.08397239
v -11.70351991 0.09868096 1.08402932
v -11.70356034 0.09873700 1.08399341
v -11.70355004 0.09872102 1.08400511
v -11.70353021 0.09870195 1.08401708
v -11.70362950 0.09876430 1.08396486
v -11.70358019 0.09874999 1.08398241
v -11.70371029 0.09875404 1.08394889
v -11.70366748 0.09876429 1.08395469
v -11.70375989 0.09872018 1.08394983
v -11.70373030 0.09874296 1.08394782
v -11.70379052 0.09869003 1.08395676
v -11.70329497 0.09785056 1.08265953
v -11.70332916 0.09785103 1.08265089
v -11.70335000 0.09785604 1.08264229
v -11.70325026 0.09786104 1.08266609
v -11.70337743 0.09786939 1.08262828
v -11.70323026 0.09787201 1.08266721
v -11.70321021 0.09788703 1.08266610
v -11.70341144 0.09789597 1.08260823
v -11.70319014 0.09790503 1.08266299
v -11.70316908 0.09792601 1.08265782
v -11.70344046 0.09795653 1.08257406
v -11.70315072 0.09797119 1.08264255
v -11.70344012 0.09800362 1.08255313
v -11.70315020 0.09804081 1.08261043
v -11.70341985 0.09804963 1.08253775
v -11.70315954 0.09806203 1.08259792
v -11.70338540 0.09808301 1.08253020
v -11.70318032 0.09808098 1.08258590
v -11.70319062 0.09809696 1.08257417
v -11.70335963 0.09810304 1.08252858
v -11.70321047 0.09810995 1.08256326
v -11.70333962 0.09811400 1.08252973
v -11.70325883 0.09812414 1.08254581
v -11.70329775 0.09812450 1.08253514
v -11.70328922 0.09798800 1.08259791
v -11.70078044 0.09363400 1.08701848
v -11.70075956 0.09350048 1.08708452
v -11.70079376 0.09349655 1.08707690
v -11.70083931 0.09350299 1.08706300
v -11.70086485 0.09351396 1.08705012
v -11.70071002 0.09351896 1.08708767
v -11.70067088 0.09354984 1.08708439
v -11.70090076 0.09354078 1.08702969
v -11.70092976 0.09360276 1.08699453
v -11.70064003 0.09361564 1.08706378
v -11.70093054 0.09362697 1.08698378
v -11.70062937 0.09364104 1.08705311
v -11.70091990 0.09365105 1.08697390
v -11.70064045 0.09368800 1.08703051
v -11.70064064 0.09366499 1.08704208
v -11.70069506 0.09375452 1.08698649
v -11.70065915 0.09372711 1.08700722
v -11.70075003 0.09377097 1.08696549
v -11.70072060 0.09376501 1.08697389
v -11.70080322 0.09376716 1.08695227
v -11.70076994 0.09377097 1.08695841
v -11.70089001 0.09371697 1.08695341
v -11.70086993 0.09373402 1.08695019
v -11.70084989 0.09374904 1.08694922
v -11.70091976 0.09367406 1.08696550
v -11.70089962 0.09369599 1.08695839
v -11.70038984 0.09286045 1.08566516
v -11.70042595 0.09285652 1.08565721
v -11.70047055 0.09286295 1.08564369
v -11.70050365 0.09287988 1.08562637
v -11.70033650 0.09288036 1.08566887
v -11.70053103 0.09290182 1.08560979
v -11.70030020 0.09291124 1.08566462
v -11.70056004 0.09296285 1.08557533
v -11.70027997 0.09295403 1.08565227
v -11.70027030 0.09297799 1.08564369
v -11.70055987 0.09298705 1.08556459
v -11.70027015 0.09300100 1.08563393
v -11.70054922 0.09301102 1.08555471
v -11.70026997 0.09302496 1.08562289
v -11.70055004 0.09303402 1.08554617
v -11.70026977 0.09304940 1.08561074
v -11.70052991 0.09305596 1.08553927
v -11.70052029 0.09307705 1.08553408
v -11.70029038 0.09308803 1.08558718
v -11.70050022 0.09309505 1.08553110
v -11.70032061 0.09311187 1.08556944
v -11.70048017 0.09310900 1.08552995
v -11.70043445 0.09312712 1.08553290
v -11.70034993 0.09312605 1.08555473
v -11.70038979 0.09313189 1.08554259
v -11.70041072 0.09299396 1.08559915
v -11.70618012 0.10298097 1.07959650
v -11.70620956 0.10284375 1.07964877
v -11.70617159 0.10284447 1.07965915
v -11.70612972 0.10285400 1.07966469
v -11.70625982 0.10285806 1.07963108
v -11.70610971 0.10286604 1.07966584
v -11.70628062 0.10287105 1.07962016
v -11.70608298 0.10288619 1.07966397
v -11.70628997 0.10288702 1.07960847
v -11.70630980 0.10290598 1.07959650
v -11.70604948 0.10292029 1.07965629
v -11.70632008 0.10292732 1.07958341
v -11.70603017 0.10296415 1.07964121
v -11.70632053 0.10299789 1.07955175
v -11.70603079 0.10301195 1.07962017
v -11.70604014 0.10303556 1.07960838
v -11.70605978 0.10307502 1.07958452
v -11.70627155 0.10307192 1.07952964
v -11.70630026 0.10304295 1.07953659
v -11.70618957 0.10311495 1.07953142
v -11.70622003 0.10310697 1.07952831
v -11.70624004 0.10309600 1.07952719
v -11.70612029 0.10311198 1.07955197
v -11.70614018 0.10311698 1.07954353
v -11.70616963 0.10311805 1.07953661
v -11.70609191 0.10309981 1.07956593
v -11.70657928 0.10348379 1.08106816
v -11.70653935 0.10362100 1.08101570
v -11.70654416 0.10348355 1.08107794
v -11.70649943 0.10349404 1.08108390
v -11.70663049 0.10349798 1.08105033
v -11.70647943 0.10350501 1.08108502
v -11.70663985 0.10351097 1.08103942
v -11.70645270 0.10352599 1.08108329
v -11.70665969 0.10352694 1.08102768
v -11.70666998 0.10354565 1.08101558
v -11.70642016 0.10355805 1.08107572
v -11.70640085 0.10360324 1.08106092
v -11.70669058 0.10359000 1.08099197
v -11.70669025 0.10363686 1.08097111
v -11.70646163 0.10373866 1.08098564
v -11.70642950 0.10371517 1.08100401
v -11.70640986 0.10367500 1.08102767
v -11.70650989 0.10375701 1.08096271
v -11.70649001 0.10375201 1.08097129
v -11.70658975 0.10374700 1.08094752
v -11.70655929 0.10375499 1.08095072
v -11.70653934 0.10375797 1.08095581
v -11.70664126 0.10371183 1.08094866
v -11.70660976 0.10373603 1.08094637
v -11.70666998 0.10368275 1.08095567
v -11.70640051 0.10365199 1.08103941
v -11.70945970 0.10847794 1.07806740
v -11.70943025 0.10861396 1.07801432
v -11.70941696 0.10847818 1.07807802
v -11.70947959 0.10848295 1.07805891
v -11.70937984 0.10848795 1.07808250
v -11.70950995 0.10849201 1.07804901
v -11.70935030 0.10850548 1.07808356
v -11.70953075 0.10850405 1.07803801
v -11.70954010 0.10852002 1.07802641
v -11.70931972 0.10853194 1.07807952
v -11.70955993 0.10853898 1.07801429
v -11.70931010 0.10855197 1.07807431
v -11.70957022 0.10855995 1.07800208
v -11.70928997 0.10857403 1.07806742
v -11.70928983 0.10859799 1.07805888
v -11.70957066 0.10863065 1.07796958
v -11.70927918 0.10862100 1.07804901
v -11.70930803 0.10870635 1.07800435
v -11.70927996 0.10864496 1.07803801
v -11.70934488 0.10873389 1.07798271
v -11.70939030 0.10875105 1.07796132
v -11.70937042 0.10874604 1.07796990
v -11.70947016 0.10874103 1.07794613
v -11.70945019 0.10874795 1.07794927
v -11.70941975 0.10875105 1.07795440
v -11.70954173 0.10869467 1.07794945
v -11.70951975 0.10871505 1.07794611
v -11.70949017 0.10872900 1.07794510
v -11.70904060 0.10784077 1.07666085
v -11.70907861 0.10783647 1.07665240
v -11.70912605 0.10784446 1.07663750
v -11.70898535 0.10786103 1.07666458
v -11.70916008 0.10786401 1.07661878
v -11.70916943 0.10787999 1.07660722
v -11.70895000 0.10789202 1.07666020
v -11.70919021 0.10789894 1.07659511
v -11.70894039 0.10791205 1.07665520
v -11.70920050 0.10792111 1.07658260
v -11.70892025 0.10793399 1.07664821
v -11.70892012 0.10795795 1.07663970
v -11.70919999 0.10799073 1.07655043
v -11.70890947 0.10798203 1.07662979
v -11.70890929 0.10800504 1.07661879
v -11.70917296 0.10805403 1.07652995
v -11.70893737 0.10806559 1.07658563
v -11.70915003 0.10807502 1.07652693
v -11.70897042 0.10809182 1.07656533
v -11.70912999 0.10809003 1.07652590
v -11.70908331 0.10810732 1.07652900
v -11.70899974 0.10810601 1.07655059
v -11.70904150 0.10811256 1.07653790
v -11.70906053 0.10797405 1.07659511
v -11.72383993 0.13358104 1.06300754
v -11.72381905 0.13344751 1.06307352
v -11.72385231 0.13344346 1.06306618
v -11.72390071 0.13345002 1.06305197
v -11.72393003 0.13346385 1.06303709
v -11.72376951 0.13346600 1.06307673
v -11.72374947 0.13348102 1.06307570
v -11.72396027 0.13348698 1.06301951
v -11.72372940 0.13349902 1.06307262
v -11.72398086 0.13352692 1.06299531
v -11.72371015 0.13353919 1.06306141
v -11.72398067 0.13355004 1.06298380
v -11.72368982 0.13358842 1.06304238
v -11.72399003 0.13357399 1.06297278
v -11.72397938 0.13359880 1.06296228
v -11.72370930 0.13365542 1.06300818
v -11.72368964 0.13361203 1.06303117
v -11.72375455 0.13370120 1.06297568
v -11.72372054 0.13367497 1.06299549
v -11.72382564 0.13371956 1.06294881
v -11.72378009 0.13371300 1.06296300
v -11.72386556 0.13371359 1.06294096
v -11.72394950 0.13366400 1.06294237
v -11.72392942 0.13368200 1.06293930
v -11.72391034 0.13369595 1.06293820
v -11.72396007 0.13364398 1.06294751
v -11.72345028 0.13280737 1.06165420
v -11.72348544 0.13280355 1.06164639
v -11.72353004 0.13280999 1.06163280
v -11.72356410 0.13282633 1.06161568
v -11.72339980 0.13282596 1.06165749
v -11.72337976 0.13284098 1.06165640
v -11.72359055 0.13284683 1.06160009
v -11.72335968 0.13285898 1.06165342
v -11.72334140 0.13289748 1.06164269
v -11.72361019 0.13288699 1.06157618
v -11.72361954 0.13291001 1.06156463
v -11.72331915 0.13294934 1.06162315
v -11.72362030 0.13293623 1.06155249
v -11.72333041 0.13297200 1.06161187
v -11.72359035 0.13300346 1.06152801
v -11.72333022 0.13299643 1.06159972
v -11.72357978 0.13302397 1.06152320
v -11.72334987 0.13303505 1.06157618
v -11.72355971 0.13304198 1.06152009
v -11.72336971 0.13305103 1.06156462
v -11.72353967 0.13305700 1.06151903
v -11.72339051 0.13306403 1.06155369
v -11.72349299 0.13307416 1.06152213
v -11.72341038 0.13307296 1.06154382
v -11.72345497 0.13307964 1.06152998
v -11.72347021 0.13294100 1.06158827
v -11.72633068 0.13780105 1.05865195
v -11.72635062 0.13793504 1.05858688
v -11.72636490 0.13779640 1.05864522
v -11.72641045 0.13780295 1.05863142
v -11.72631262 0.13780819 1.05865565
v -11.72643977 0.13781762 1.05861640
v -11.72626017 0.13783395 1.05865520
v -11.72647189 0.13784289 1.05859741
v -11.72625058 0.13785195 1.05865197
v -11.72622952 0.13787316 1.05864690
v -11.72649995 0.13790356 1.05856303
v -11.72621020 0.13791798 1.05863142
v -11.72649978 0.13792704 1.05855232
v -11.72620970 0.13798855 1.05860013
v -11.72648913 0.13795101 1.05854244
v -11.72648994 0.13797497 1.05853377
v -11.72644585 0.13803004 1.05851918
v -11.72648030 0.13799702 1.05852690
v -11.72637056 0.13806903 1.05852178
v -11.72640578 0.13805913 1.05851798
v -11.72631928 0.13807117 1.05853497
v -11.72634012 0.13807201 1.05852693
v -11.72623982 0.13802897 1.05857489
v -11.72625012 0.13804494 1.05856322
v -11.72626997 0.13805699 1.05855232
v -11.72621998 0.13801001 1.05858689
v -11.72673272 0.13843642 1.06006485
v -11.72678017 0.13844299 1.06005071
v -11.72670040 0.13844095 1.06007121
v -11.72680382 0.13845384 1.06003885
v -11.72668043 0.13844871 1.06007485
v -11.72684066 0.13848196 1.06001716
v -11.72662988 0.13847398 1.06007431
v -11.72660886 0.13849282 1.06007127
v -11.72686966 0.13854324 1.05998204
v -11.72657993 0.13855707 1.06005138
v -11.72687045 0.13856696 1.05997151
v -11.72685980 0.13859104 1.05996160
v -11.72658038 0.13862765 1.06001942
v -11.72685966 0.13861500 1.05995310
v -11.72683952 0.13863706 1.05994611
v -11.72682991 0.13865696 1.05994099
v -11.72658970 0.13865006 1.06000607
v -11.72679933 0.13868355 1.05993686
v -11.72660953 0.13866805 1.05999411
v -11.72661983 0.13868403 1.05998241
v -11.72676979 0.13870095 1.05993788
v -11.72664064 0.13869702 1.05997148
v -11.72674027 0.13870799 1.05994099
v -11.72668899 0.13871108 1.05995402
v -11.72670984 0.13871203 1.05994611
v -11.72672034 0.13857494 1.06000608
v -11.72963974 0.14343106 1.05705778
v -11.72960075 0.14356803 1.05700479
v -11.72959699 0.14343226 1.05706827
v -11.72965962 0.14343595 1.05704931
v -11.72956083 0.14344096 1.05707292
v -11.72968611 0.14344835 1.05703611
v -11.72954083 0.14345300 1.05707398
v -11.72950645 0.14347969 1.05707118
v -11.72972013 0.14347397 1.05701678
v -11.72973043 0.14349304 1.05700479
v -11.72948060 0.14350604 1.05706481
v -11.72973977 0.14351403 1.05699269
v -11.72946034 0.14354967 1.05705003
v -11.72975007 0.14353703 1.05698079
v -11.72945983 0.14362191 1.05701773
v -11.72974974 0.14358484 1.05695998
v -11.72950024 0.14367794 1.05698107
v -11.72948994 0.14366197 1.05699271
v -11.72947011 0.14364301 1.05700480
v -11.72957034 0.14370405 1.05695169
v -11.72954951 0.14369904 1.05696089
v -11.72965019 0.14369403 1.05693650
v -11.72961213 0.14370416 1.05694150
v -11.72970362 0.14365696 1.05693817
v -11.72967020 0.14368294 1.05693546
v -11.72973043 0.14363002 1.05694478
v -11.72923013 0.14279162 1.05564833
v -11.72926907 0.14279197 1.05563861
v -11.72928991 0.14279699 1.05563001
v -11.72919016 0.14280199 1.05565381
v -11.72932301 0.14281319 1.05561322
v -11.72916444 0.14281665 1.05565504
v -11.72934946 0.14283406 1.05559747
v -11.72913004 0.14284503 1.05565057
v -11.72936930 0.14285302 1.05558562
v -11.72910898 0.14286743 1.05564535
v -11.72937006 0.14287399 1.05557351
v -11.72938035 0.14289711 1.05556153
v -11.72909063 0.14291214 1.05563078
v -11.72938003 0.14294504 1.05554102
v -11.72935975 0.14298974 1.05552525
v -11.72909009 0.14298200 1.05559748
v -11.72909944 0.14300299 1.05558561
v -11.72933965 0.14301096 1.05552052
v -11.72912022 0.14302205 1.05557351
v -11.72931097 0.14303683 1.05551624
v -11.72913053 0.14303802 1.05556184
v -11.72917885 0.14305925 1.05554252
v -11.72928048 0.14305495 1.05551728
v -11.72923861 0.14306438 1.05552296
v -11.72919967 0.14306496 1.05553252
v -11.72923961 0.14292799 1.05558562
v -11.71913026 0.12042403 1.07016449
v -11.71911032 0.12029004 1.07022956
v -11.71914739 0.12028610 1.07022201
v -11.71919009 0.12029206 1.07020903
v -11.71909035 0.12029754 1.07023334
v -11.71921658 0.12030445 1.07019586
v -11.71904076 0.12032305 1.07023267
v -11.71925059 0.12032984 1.07017622
v -11.71901783 0.12034451 1.07022983
v -11.71927960 0.12039028 1.07014184
v -11.71898984 0.12040734 1.07020913
v -11.71927941 0.12041699 1.07012992
v -11.71927067 0.12044095 1.07011989
v -11.71899028 0.12047802 1.07017682
v -11.71904676 0.12054621 1.07013106
v -11.71900992 0.12051797 1.07015251
v -11.71900057 0.12049900 1.07016449
v -11.71909797 0.12056016 1.07011304
v -11.71915589 0.12055671 1.07009797
v -11.71911976 0.12056100 1.07010454
v -11.71923983 0.12050700 1.07009941
v -11.71921975 0.12052405 1.07009632
v -11.71919971 0.12053894 1.07009516
v -11.71927054 0.12046396 1.07011151
v -11.71925040 0.12048601 1.07010453
v -11.71873965 0.11965000 1.06881040
v -11.71877577 0.11964653 1.06880316
v -11.71882037 0.11965298 1.06878981
v -11.71871778 0.11965906 1.06881426
v -11.71885347 0.11966930 1.06877285
v -11.71867009 0.11968398 1.06881350
v -11.71887992 0.11969006 1.06875698
v -11.71865955 0.11970197 1.06881041
v -11.71863944 0.11972224 1.06880539
v -11.71890988 0.11975145 1.06872206
v -11.71862013 0.11976801 1.06878993
v -11.71890970 0.11977695 1.06871068
v -11.71890000 0.11980104 1.06870079
v -11.71861961 0.11983787 1.06875771
v -11.71889986 0.11982405 1.06869220
v -11.71887973 0.11984598 1.06868530
v -11.71862990 0.11985898 1.06874532
v -11.71887011 0.11986696 1.06868020
v -11.71865069 0.11987805 1.06873331
v -11.71885004 0.11988496 1.06867710
v -11.71866004 0.11989402 1.06872157
v -11.71883000 0.11989903 1.06867599
v -11.71867989 0.11990702 1.06871069
v -11.71878427 0.11991715 1.06867909
v -11.71872920 0.11992108 1.06869327
v -11.71874909 0.11992096 1.06868529
v -11.71875959 0.11978399 1.06874530
v -11.72163999 0.12477802 1.06574390
v -11.72167994 0.12464105 1.06579691
v -11.72164575 0.12464046 1.06580555
v -11.72169983 0.12464605 1.06578851
v -11.72160008 0.12465094 1.06581209
v -11.72173011 0.12466012 1.06577371
v -11.72158008 0.12466203 1.06581316
v -11.72156003 0.12467705 1.06581211
v -11.72176033 0.12468408 1.06575553
v -11.72153996 0.12469505 1.06580900
v -11.72151985 0.12471497 1.06580387
v -11.72179028 0.12474488 1.06572055
v -11.72149959 0.12476146 1.06578873
v -11.72178994 0.12479376 1.06569926
v -11.72150002 0.12483083 1.06575638
v -11.72151031 0.12485301 1.06574390
v -11.72153014 0.12487101 1.06573188
v -11.72177063 0.12483846 1.06568425
v -11.72173618 0.12487292 1.06567622
v -11.72164378 0.12491452 1.06568228
v -11.72168945 0.12490403 1.06567574
v -11.72170945 0.12489294 1.06567461
v -11.72160865 0.12491417 1.06569176
v -11.72154044 0.12488698 1.06572018
v -11.72156030 0.12489998 1.06570927
v -11.72200971 0.12541698 1.06716324
v -11.72199931 0.12528300 1.06722821
v -11.72201925 0.12528001 1.06722317
v -11.72205061 0.12528096 1.06721618
v -11.72207050 0.12528598 1.06720763
v -11.72196980 0.12529098 1.06723130
v -11.72210077 0.12530017 1.06719255
v -11.72194979 0.12530195 1.06723242
v -11.72191926 0.12531697 1.06723128
v -11.72213005 0.12532305 1.06717510
v -11.72190968 0.12533497 1.06722820
v -11.72214690 0.12535535 1.06715551
v -11.72188957 0.12535500 1.06722320
v -11.72187026 0.12540114 1.06720803
v -11.72216000 0.12538599 1.06713937
v -11.72215965 0.12543463 1.06711797
v -11.72191970 0.12552702 1.06713938
v -11.72189986 0.12551104 1.06715112
v -11.72188003 0.12549197 1.06716323
v -11.72186973 0.12547099 1.06717527
v -11.72197932 0.12555420 1.06711083
v -11.72193001 0.12554002 1.06712854
v -11.72206012 0.12554394 1.06709489
v -11.72201730 0.12555443 1.06710103
v -11.72210972 0.12551009 1.06709593
v -11.72208012 0.12553297 1.06709377
v -11.72213939 0.12548004 1.06710320
v -11.72493006 0.13027393 1.06421422
v -11.72489966 0.13041103 1.06416171
v -11.72489303 0.13027369 1.06422406
v -11.72485021 0.13028394 1.06422988
v -11.72498031 0.13028799 1.06419640
v -11.72483020 0.13029598 1.06423103
v -11.72500016 0.13030100 1.06418543
v -11.72480061 0.13031779 1.06422906
v -11.72501046 0.13031696 1.06417382
v -11.72503030 0.13033603 1.06416170
v -11.72476902 0.13034986 1.06422154
v -11.72503962 0.13035726 1.06414877
v -11.72474971 0.13039433 1.06420643
v -11.72504006 0.13042878 1.06411641
v -11.72475968 0.13046502 1.06417380
v -11.72475033 0.13044201 1.06418542
v -11.72481145 0.13052868 1.06413171
v -11.72477932 0.13050496 1.06414997
v -11.72485971 0.13054703 1.06410872
v -11.72483983 0.13054203 1.06411730
v -11.72493957 0.13053702 1.06409353
v -11.72491006 0.13054501 1.06409668
v -11.72489012 0.13054799 1.06410180
v -11.72499013 0.13050221 1.06409464
v -11.72495958 0.13052606 1.06409253
v -11.72501980 0.13047300 1.06410181
v -11.72452236 0.12963437 1.06280505
v -11.72456414 0.12963497 1.06279384
v -11.72448049 0.12964403 1.06281083
v -11.72460964 0.12964797 1.06277720
v -11.72446048 0.12965595 1.06281176
v -11.72462949 0.12966096 1.06276620
v -11.72443089 0.12967824 1.06280982
v -11.72464075 0.12967705 1.06275461
v -11.72466058 0.12969601 1.06274252
v -11.72439931 0.12971042 1.06280248
v -11.72466992 0.12971710 1.06273018
v -11.72437999 0.12975429 1.06278728
v -11.72467035 0.12978779 1.06269781
v -11.72437965 0.12980366 1.06276571
v -11.72465104 0.12983155 1.06268275
v -11.72440960 0.12986516 1.06273072
v -11.72462041 0.12986241 1.06267542
v -11.72442944 0.12988101 1.06271891
v -11.72458986 0.12988602 1.06267332
v -11.72444929 0.12989402 1.06270791
v -11.72456985 0.12989700 1.06267426
v -11.72447011 0.12990199 1.06269800
v -11.72454034 0.12990497 1.06267739
v -11.72449000 0.12990701 1.06268948
v -11.72452040 0.12990795 1.06268262
v -11.72452994 0.12977099 1.06274250
v -11.69143953 0.06761908 1.09937513
v -11.69146041 0.06775200 1.09930930
v -11.69148323 0.06761419 1.09936500
v -11.69154011 0.06763005 1.09934387
v -11.69139000 0.06763695 1.09937851
v -11.69155996 0.06764196 1.09933300
v -11.69136328 0.06765770 1.09937691
v -11.69157026 0.06765806 1.09932139
v -11.69159010 0.06767701 1.09930930
v -11.69133073 0.06769001 1.09936927
v -11.69160039 0.06769799 1.09929721
v -11.69132013 0.06771194 1.09936242
v -11.69160082 0.06776821 1.09926424
v -11.69132000 0.06773495 1.09935377
v -11.69131030 0.06775903 1.09934388
v -11.69158055 0.06781386 1.09924906
v -11.69154991 0.06785296 1.09924117
v -11.69156999 0.06783496 1.09924422
v -11.69148415 0.06788515 1.09924304
v -11.69152987 0.06786703 1.09924013
v -11.69139963 0.06788396 1.09926480
v -11.69143758 0.06788968 1.09925317
v -11.69134008 0.06784569 1.09929775
v -11.69137030 0.06787001 1.09927953
v -11.69131012 0.06778466 1.09933257
v -11.69181589 0.06825649 1.10079232
v -11.69186052 0.06825482 1.10078076
v -11.69190983 0.06826900 1.10076309
v -11.69177973 0.06826495 1.10079681
v -11.69193063 0.06828200 1.10075222
v -11.69174541 0.06828676 1.10079746
v -11.69193998 0.06829797 1.10074048
v -11.69195981 0.06831705 1.10072851
v -11.69171960 0.06830894 1.10079359
v -11.69197010 0.06833815 1.10071565
v -11.69170999 0.06833004 1.10078853
v -11.69168985 0.06835198 1.10078160
v -11.69168972 0.06837499 1.10077304
v -11.69197054 0.06840824 1.10068369
v -11.69168002 0.06839895 1.10076320
v -11.69168080 0.06842303 1.10075221
v -11.69195027 0.06845402 1.10066848
v -11.69170792 0.06848382 1.10071883
v -11.69193016 0.06847405 1.10066342
v -11.69191963 0.06849205 1.10066033
v -11.69187860 0.06851362 1.10065914
v -11.69174097 0.06850921 1.10069882
v -11.69185007 0.06852602 1.10066346
v -11.69177030 0.06852304 1.10068397
v -11.69181963 0.06852900 1.10066849
v -11.69179018 0.06852805 1.10067551
v -11.69183013 0.06839203 1.10072850
v -11.69485999 0.07042205 1.09902369
v -11.69483816 0.07028865 1.09908966
v -11.69487237 0.07028448 1.09908235
v -11.69491982 0.07029103 1.09906822
v -11.69495010 0.07030475 1.09905338
v -11.69479053 0.07030700 1.09909301
v -11.69475234 0.07033765 1.09908955
v -11.69498033 0.07032799 1.09903572
v -11.69500838 0.07038688 1.09900109
v -11.69473889 0.07036184 1.09908328
v -11.69471958 0.07040595 1.09906821
v -11.69501010 0.07041501 1.09898910
v -11.69470988 0.07043003 1.09905832
v -11.69500041 0.07043897 1.09897923
v -11.69472001 0.07047604 1.09903572
v -11.69472020 0.07045304 1.09904741
v -11.69477462 0.07054173 1.09899216
v -11.69473965 0.07051598 1.09901171
v -11.69473031 0.07049702 1.09902368
v -11.69484381 0.07055997 1.09896594
v -11.69480016 0.07055401 1.09897921
v -11.69488848 0.07055389 1.09895669
v -11.69496956 0.07050501 1.09895861
v -11.69493707 0.07053267 1.09895437
v -11.69500027 0.07046198 1.09897059
v -11.69498013 0.07048403 1.09896372
v -11.69446749 0.06964981 1.09767071
v -11.69450455 0.06964445 1.09766278
v -11.69455011 0.06965100 1.09764904
v -11.69457943 0.06966543 1.09763407
v -11.69441796 0.06966864 1.09767399
v -11.69461061 0.06968903 1.09761648
v -11.69437784 0.06970309 1.09766952
v -11.69463961 0.06974851 1.09758127
v -11.69434986 0.06976603 1.09764904
v -11.69463943 0.06977497 1.09756982
v -11.69434970 0.06979000 1.09763901
v -11.69462973 0.06979906 1.09755993
v -11.69434953 0.06981300 1.09762824
v -11.69463055 0.06982302 1.09755137
v -11.69434934 0.06983601 1.09761649
v -11.69461042 0.06984495 1.09754447
v -11.69436059 0.06985699 1.09760438
v -11.69459985 0.06986498 1.09753940
v -11.69438042 0.06987595 1.09759253
v -11.69456354 0.06989550 1.09753495
v -11.69438977 0.06989204 1.09758079
v -11.69442285 0.06991219 1.09756266
v -11.69453972 0.06990897 1.09753630
v -11.69451021 0.06991600 1.09753941
v -11.69447599 0.06992065 1.09754614
v -11.69449027 0.06978201 1.09760439
v -11.69736973 0.07477604 1.09460310
v -11.69740967 0.07463896 1.09465610
v -11.69737168 0.07463955 1.09466552
v -11.69743051 0.07464396 1.09464756
v -11.69732982 0.07464897 1.09467129
v -11.69745984 0.07465815 1.09463297
v -11.69730981 0.07466100 1.09467238
v -11.69728308 0.07468068 1.09467063
v -11.69749006 0.07468199 1.09461481
v -11.69724959 0.07471406 1.09466307
v -11.69752002 0.07474350 1.09457987
v -11.69723027 0.07475947 1.09464779
v -11.69751984 0.07476901 1.09456849
v -11.69751968 0.07479202 1.09455859
v -11.69722975 0.07482993 1.09461551
v -11.69724005 0.07485103 1.09460313
v -11.69726083 0.07486998 1.09459105
v -11.69750037 0.07483660 1.09454333
v -11.69746591 0.07487105 1.09453539
v -11.69737922 0.07491254 1.09454043
v -11.69742013 0.07490205 1.09453492
v -11.69744014 0.07489096 1.09453379
v -11.69733838 0.07491206 1.09455107
v -11.69727018 0.07488595 1.09457940
v -11.69729003 0.07489800 1.09456846
v -11.69774040 0.07541596 1.09602229
v -11.69772046 0.07528197 1.09608739
v -11.69774994 0.07527804 1.09608233
v -11.69778034 0.07527899 1.09607529
v -11.69780023 0.07528399 1.09606683
v -11.69770049 0.07528900 1.09609048
v -11.69782577 0.07529616 1.09605396
v -11.69768048 0.07529997 1.09609160
v -11.69764993 0.07532405 1.09608929
v -11.69786074 0.07532190 1.09603402
v -11.69762026 0.07535302 1.09608232
v -11.69788975 0.07538223 1.09599969
v -11.69759999 0.07539939 1.09606706
v -11.69788956 0.07540797 1.09598773
v -11.69759949 0.07546877 1.09603558
v -11.69787986 0.07543206 1.09597778
v -11.69763990 0.07552599 1.09599869
v -11.69763055 0.07551002 1.09601032
v -11.69761072 0.07549094 1.09602228
v -11.69771000 0.07555222 1.09596989
v -11.69765975 0.07553803 1.09598773
v -11.69778985 0.07554197 1.09595412
v -11.69775179 0.07555222 1.09595906
v -11.69783945 0.07550811 1.09595512
v -11.69780986 0.07553099 1.09595297
v -11.69788068 0.07545601 1.09596919
v -11.69787008 0.07547795 1.09596228
v -11.70062939 0.08040904 1.09302091
v -11.70060945 0.08027505 1.09308601
v -11.70062940 0.08027195 1.09308094
v -11.70065979 0.08027278 1.09307355
v -11.70057994 0.08028303 1.09308923
v -11.70071004 0.08028602 1.09305547
v -11.70055994 0.08029401 1.09309023
v -11.70072036 0.08029901 1.09304463
v -11.70052652 0.08031999 1.09308750
v -11.70074020 0.08031499 1.09303301
v -11.70076003 0.08033406 1.09302090
v -11.70049971 0.08034705 1.09308095
v -11.70077032 0.08035504 1.09300862
v -11.70048041 0.08039080 1.09306624
v -11.70076979 0.08042693 1.09297561
v -11.70048005 0.08044195 1.09304403
v -11.70054402 0.08052897 1.09298931
v -11.70051001 0.08050298 1.09300915
v -11.70058945 0.08054601 1.09296781
v -11.70056956 0.08054101 1.09297637
v -11.70067026 0.08053600 1.09295270
v -11.70063124 0.08054494 1.09295774
v -11.70072943 0.08049201 1.09295581
v -11.70070457 0.08051430 1.09295200
v -11.70074953 0.08047103 1.09296089
v -11.70023974 0.07963502 1.09166680
v -11.70025968 0.07963203 1.09166168
v -11.70029008 0.07963299 1.09165483
v -11.70030997 0.07963800 1.09164618
v -11.70021023 0.07964301 1.09166990
v -11.70032984 0.07964705 1.09163641
v -11.70019022 0.07965397 1.09167099
v -11.70036018 0.07965898 1.09162538
v -11.70016349 0.07967447 1.09166932
v -11.70037048 0.07967495 1.09161381
v -11.70039031 0.07969402 1.09160172
v -11.70013000 0.07970702 1.09166192
v -11.70039965 0.07971512 1.09158932
v -11.70010972 0.07975315 1.09164631
v -11.70040009 0.07978582 1.09155700
v -11.70011034 0.07980000 1.09162537
v -11.70038077 0.07983088 1.09154174
v -11.70012627 0.07983517 1.09160721
v -11.70034536 0.07986556 1.09153383
v -11.70013933 0.07986294 1.09158969
v -11.70017147 0.07988703 1.09157184
v -11.70031960 0.07988500 1.09153253
v -11.70029959 0.07989596 1.09153348
v -11.70019984 0.07990097 1.09155719
v -11.70025487 0.07990645 1.09153998
v -11.70021973 0.07990598 1.09154867
v -11.70025968 0.07976901 1.09160173
v -11.72944970 0.13034296 1.06300721
v -11.72942502 0.13021003 1.06307355
v -11.72946209 0.13020563 1.06306631
v -11.72950954 0.13021099 1.06305181
v -11.72953603 0.13022338 1.06303870
v -11.72938025 0.13022804 1.06307648
v -11.72936021 0.13024305 1.06307542
v -11.72957098 0.13024997 1.06301830
v -11.72934013 0.13025998 1.06307232
v -11.72932956 0.13028096 1.06306717
v -11.72958968 0.13028895 1.06299518
v -11.72930942 0.13030302 1.06306022
v -11.72959027 0.13033604 1.06297223
v -11.72930929 0.13032602 1.06305181
v -11.72929959 0.13034999 1.06304192
v -11.72959011 0.13036132 1.06296197
v -11.72931067 0.13039862 1.06301866
v -11.72930037 0.13037395 1.06303088
v -11.72936433 0.13046288 1.06297570
v -11.72932936 0.13043701 1.06299518
v -11.72943827 0.13048028 1.06294822
v -11.72938987 0.13047504 1.06296271
v -11.72947534 0.13047551 1.06294059
v -11.72956022 0.13042580 1.06294172
v -11.72954016 0.13044296 1.06293899
v -11.72952012 0.13045799 1.06293803
v -11.72905911 0.12956953 1.06165390
v -11.72909522 0.12956547 1.06164639
v -11.72913982 0.12957203 1.06163251
v -11.72915969 0.12958096 1.06162261
v -11.72901053 0.12958800 1.06165718
v -11.72917954 0.12959301 1.06161171
v -11.72899049 0.12960302 1.06165627
v -11.72920033 0.12960897 1.06160001
v -11.72896946 0.12962257 1.06165305
v -11.72921997 0.12964760 1.06157641
v -11.72895020 0.12966298 1.06164107
v -11.72921978 0.12967205 1.06156432
v -11.72893957 0.12968694 1.06163250
v -11.72923010 0.12969600 1.06155342
v -11.72892988 0.12971103 1.06162261
v -11.72920976 0.12974428 1.06153402
v -11.72892969 0.12973558 1.06161124
v -11.72895965 0.12979698 1.06157630
v -11.72919051 0.12978601 1.06152289
v -11.72917044 0.12980401 1.06151978
v -11.72898988 0.12982069 1.06155825
v -11.72915040 0.12981796 1.06151873
v -11.72910372 0.12983620 1.06152175
v -11.72901920 0.12983500 1.06154351
v -11.72906191 0.12984073 1.06153076
v -11.72907999 0.12970304 1.06158798
v -11.73193666 0.13456379 1.05865280
v -11.73195944 0.13469695 1.05858672
v -11.73197468 0.13455844 1.05864489
v -11.73202023 0.13456499 1.05863109
v -11.73204955 0.13457929 1.05861639
v -11.73188999 0.13458095 1.05865593
v -11.73186995 0.13459599 1.05865490
v -11.73207978 0.13460313 1.05859828
v -11.73184987 0.13461398 1.05865167
v -11.73183834 0.13463521 1.05864644
v -11.73210974 0.13466417 1.05856347
v -11.73181999 0.13468026 1.05863134
v -11.73210955 0.13468896 1.05855202
v -11.73209986 0.13471305 1.05854213
v -11.73181947 0.13474976 1.05859916
v -11.73182976 0.13477206 1.05858672
v -11.73185055 0.13479006 1.05857459
v -11.73209972 0.13473700 1.05853347
v -11.73203462 0.13480985 1.05851713
v -11.73207092 0.13477896 1.05852162
v -11.73207958 0.13475895 1.05852663
v -11.73198034 0.13483094 1.05852160
v -11.73200031 0.13482296 1.05851840
v -11.73192147 0.13483165 1.05853741
v -11.73194990 0.13483404 1.05852663
v -11.73185989 0.13480698 1.05856293
v -11.73187974 0.13481903 1.05855203
v -11.73233011 0.13533603 1.06000577
v -11.73230543 0.13520431 1.06007229
v -11.73234345 0.13519847 1.06006460
v -11.73238995 0.13520502 1.06005042
v -11.73241548 0.13521705 1.06003736
v -11.73226066 0.13522100 1.06007509
v -11.73224062 0.13523601 1.06007406
v -11.73245046 0.13524305 1.06001786
v -11.73221863 0.13525675 1.06007062
v -11.73246447 0.13527130 1.05999987
v -11.73218970 0.13531994 1.06005059
v -11.73247945 0.13530504 1.05998224
v -11.73247926 0.13533019 1.05997049
v -11.73218920 0.13538980 1.06001915
v -11.73224662 0.13545799 1.05997251
v -11.73220977 0.13542997 1.05999379
v -11.73220043 0.13541102 1.06000576
v -11.73231773 0.13547455 1.05994724
v -11.73226933 0.13546800 1.05996130
v -11.73238052 0.13546299 1.05993757
v -11.73235005 0.13547003 1.05994067
v -11.73243969 0.13541900 1.05994069
v -11.73241101 0.13544499 1.05993662
v -11.73245990 0.13537596 1.05995279
v -11.73245026 0.13539897 1.05994585
v -11.73525047 0.14019298 1.05705761
v -11.73520957 0.14032995 1.05700451
v -11.73521248 0.14019274 1.05706696
v -11.73527036 0.14019798 1.05704903
v -11.73516966 0.14020299 1.05707270
v -11.73529495 0.14020966 1.05703645
v -11.73514965 0.14021504 1.05707370
v -11.73512101 0.14023626 1.05707180
v -11.73532991 0.14023601 1.05701625
v -11.73508943 0.14026701 1.05706496
v -11.73535987 0.14029609 1.05698186
v -11.73507011 0.14031326 1.05704913
v -11.73535951 0.14034723 1.05695908
v -11.73506959 0.14038395 1.05701677
v -11.73511002 0.14043998 1.05698078
v -11.73510067 0.14042400 1.05699240
v -11.73507989 0.14040505 1.05700451
v -11.73518013 0.14046620 1.05695206
v -11.73512987 0.14045201 1.05696987
v -11.73525997 0.14045595 1.05693617
v -11.73523046 0.14046406 1.05693939
v -11.73520957 0.14046705 1.05694447
v -11.73531053 0.14042138 1.05693733
v -11.73527998 0.14044498 1.05693517
v -11.73533925 0.14039205 1.05694448
v -11.73483040 0.13955605 1.05565029
v -11.73485035 0.13955294 1.05564522
v -11.73487980 0.13955401 1.05563830
v -11.73489969 0.13955902 1.05562978
v -11.73479994 0.13956403 1.05565337
v -11.73492050 0.13956702 1.05561987
v -11.73477993 0.13957499 1.05565452
v -11.73494035 0.13958001 1.05560890
v -11.73474938 0.13959777 1.05565232
v -11.73496019 0.13959598 1.05559731
v -11.73497983 0.13963544 1.05557327
v -11.73471971 0.13962828 1.05564546
v -11.73499014 0.13965903 1.05556146
v -11.73469944 0.13967322 1.05562991
v -11.73498980 0.13970672 1.05554062
v -11.73469988 0.13974392 1.05559766
v -11.73497049 0.13975071 1.05552542
v -11.73471017 0.13976502 1.05558533
v -11.73494942 0.13977301 1.05552011
v -11.73473000 0.13978398 1.05557321
v -11.73491503 0.13980149 1.05551582
v -11.73473935 0.13979994 1.05556158
v -11.73476015 0.13981306 1.05555063
v -11.73488930 0.13981699 1.05551713
v -11.73481041 0.13982724 1.05553291
v -11.73484839 0.13982640 1.05552255
v -11.73483985 0.13969003 1.05558530
v -11.74019939 0.14686500 1.05275911
v -11.74018995 0.14673102 1.05282418
v -11.74020989 0.14672804 1.05281900
v -11.74023934 0.14672898 1.05281211
v -11.74026586 0.14673577 1.05280112
v -11.74015948 0.14673900 1.05282730
v -11.74014043 0.14674996 1.05282843
v -11.74029990 0.14675497 1.05278282
v -11.74011084 0.14677309 1.05282629
v -11.74031973 0.14677202 1.05277108
v -11.74032909 0.14678894 1.05275963
v -11.74008020 0.14680301 1.05281900
v -11.74005995 0.14684723 1.05280446
v -11.74035063 0.14683401 1.05273514
v -11.74006056 0.14689588 1.05278317
v -11.74035030 0.14688204 1.05271458
v -11.74006990 0.14691900 1.05277108
v -11.74010278 0.14696942 1.05273990
v -11.74006971 0.14693998 1.05275911
v -11.74016994 0.14700197 1.05270611
v -11.74015005 0.14699697 1.05271457
v -11.74013019 0.14698802 1.05272453
v -11.74024980 0.14699197 1.05269092
v -11.74020508 0.14700233 1.05269699
v -11.74029940 0.14695787 1.05269194
v -11.74026980 0.14698099 1.05268980
v -11.74033002 0.14692782 1.05269883
v -11.73983638 0.14608847 1.05140144
v -11.73986962 0.14608895 1.05139302
v -11.73988951 0.14609396 1.05138437
v -11.73979072 0.14609897 1.05140810
v -11.73991977 0.14610897 1.05136894
v -11.73977071 0.14611004 1.05140917
v -11.73974494 0.14612972 1.05140762
v -11.73995002 0.14613198 1.05135190
v -11.73996030 0.14615177 1.05133921
v -11.73970953 0.14616406 1.05139986
v -11.73997996 0.14619398 1.05131618
v -11.73969022 0.14620923 1.05138461
v -11.73998058 0.14624190 1.05129509
v -11.73968988 0.14625740 1.05136340
v -11.73996031 0.14628804 1.05127988
v -11.73971048 0.14630103 1.05133993
v -11.73992586 0.14632105 1.05127222
v -11.73971983 0.14631903 1.05132787
v -11.73975006 0.14634274 1.05131012
v -11.73990009 0.14634096 1.05127059
v -11.73988008 0.14635204 1.05127171
v -11.73978033 0.14635705 1.05129537
v -11.73983346 0.14636254 1.05127822
v -11.73980022 0.14636206 1.05128682
v -11.73982967 0.14622604 1.05133978
v -11.73212959 0.13189196 1.05980599
v -11.73214953 0.13202596 1.05974101
v -11.73216572 0.13188849 1.05979908
v -11.73220936 0.13189505 1.05978549
v -11.73210867 0.13190053 1.05980972
v -11.73224247 0.13191079 1.05976891
v -11.73206003 0.13192605 1.05980907
v -11.73227269 0.13193440 1.05975044
v -11.73205045 0.13194405 1.05980596
v -11.73202938 0.13196551 1.05980067
v -11.73230077 0.13199496 1.05971721
v -11.73201008 0.13201057 1.05978588
v -11.73230059 0.13201904 1.05970632
v -11.73228995 0.13204300 1.05969641
v -11.73228981 0.13206600 1.05968792
v -11.73222566 0.13213789 1.05967138
v -11.73226006 0.13210904 1.05967580
v -11.73226967 0.13208806 1.05968093
v -11.73215139 0.13216268 1.05967830
v -11.73219993 0.13215303 1.05967270
v -11.73211440 0.13216244 1.05969064
v -11.73203968 0.13212001 1.05972892
v -11.73204998 0.13213597 1.05971725
v -11.73207079 0.13214897 1.05970632
v -11.73201050 0.13207995 1.05975299
v -11.73201985 0.13210105 1.05974101
v -11.73253354 0.13252854 1.06121880
v -11.73258004 0.13253497 1.06120470
v -11.73249931 0.13253200 1.06122523
v -11.73260558 0.13254582 1.06119197
v -11.73247839 0.13254081 1.06122897
v -11.73264146 0.13257384 1.06117005
v -11.73242975 0.13256596 1.06122839
v -11.73242017 0.13258301 1.06122524
v -11.73240006 0.13260400 1.06122022
v -11.73267049 0.13263499 1.06113648
v -11.73238075 0.13264834 1.06120532
v -11.73267031 0.13265895 1.06112550
v -11.73265966 0.13268302 1.06111562
v -11.73265953 0.13270604 1.06110709
v -11.73238023 0.13271998 1.06117247
v -11.73263939 0.13272798 1.06110019
v -11.73262976 0.13275014 1.06109438
v -11.73238956 0.13274097 1.06116021
v -11.73241035 0.13276003 1.06114808
v -11.73259061 0.13278102 1.06109087
v -11.73242065 0.13277601 1.06113647
v -11.73254678 0.13279794 1.06109318
v -11.73243955 0.13278900 1.06112552
v -11.73245941 0.13279699 1.06111563
v -11.73250592 0.13280343 1.06110168
v -11.73251925 0.13266598 1.06116022
v -11.73539966 0.13765894 1.05815880
v -11.73539021 0.13752495 1.05822390
v -11.73541015 0.13752197 1.05821884
v -11.73543960 0.13752305 1.05821192
v -11.73545949 0.13752805 1.05820334
v -11.73535975 0.13753294 1.05822698
v -11.73548409 0.13753903 1.05819140
v -11.73533974 0.13754402 1.05822811
v -11.73531015 0.13756703 1.05822602
v -11.73552093 0.13756619 1.05816966
v -11.73527952 0.13759731 1.05821902
v -11.73555089 0.13762842 1.05813473
v -11.73525924 0.13764296 1.05820333
v -11.73555056 0.13767563 1.05811416
v -11.73525987 0.13768995 1.05818282
v -11.73525968 0.13771294 1.05817077
v -11.73529915 0.13776897 1.05813509
v -11.73528981 0.13775300 1.05814671
v -11.73526997 0.13773405 1.05815880
v -11.73537020 0.13779604 1.05810580
v -11.73535033 0.13779114 1.05811499
v -11.73545006 0.13778603 1.05809061
v -11.73540724 0.13779616 1.05809628
v -11.73549966 0.13775193 1.05809163
v -11.73547007 0.13777506 1.05808949
v -11.73553029 0.13772188 1.05809844
v -11.73503569 0.13688254 1.05680124
v -11.73506989 0.13688302 1.05679259
v -11.73508977 0.13688801 1.05678410
v -11.73499003 0.13689302 1.05680769
v -11.73511815 0.13690149 1.05676990
v -11.73497002 0.13690399 1.05680881
v -11.73494330 0.13692414 1.05680721
v -11.73515216 0.13692819 1.05674991
v -11.73490980 0.13695728 1.05679963
v -11.73518022 0.13698851 1.05671572
v -11.73488953 0.13700329 1.05678426
v -11.73518084 0.13703584 1.05669466
v -11.73488919 0.13705098 1.05676329
v -11.73490045 0.13707303 1.05675160
v -11.73516057 0.13708197 1.05667959
v -11.73490026 0.13709401 1.05673962
v -11.73512708 0.13711452 1.05667189
v -11.73492009 0.13711297 1.05672753
v -11.73493993 0.13712895 1.05671591
v -11.73510035 0.13713502 1.05667031
v -11.73495978 0.13714206 1.05670494
v -11.73508035 0.13714598 1.05667143
v -11.73498060 0.13715099 1.05669497
v -11.73503943 0.13715648 1.05667673
v -11.73500049 0.13715600 1.05668650
v -11.73502994 0.13701998 1.05673962
v -11.73832000 0.14251577 1.05520980
v -11.73829056 0.14265298 1.05515741
v -11.73828202 0.14251601 1.05522010
v -11.73824015 0.14252602 1.05522560
v -11.73837026 0.14252995 1.05519199
v -11.73820584 0.14254724 1.05522643
v -11.73839011 0.14254295 1.05518108
v -11.73840041 0.14255904 1.05516938
v -11.73818003 0.14257001 1.05522250
v -11.73842024 0.14257799 1.05515741
v -11.73815992 0.14259099 1.05521737
v -11.73842958 0.14259898 1.05514501
v -11.73813966 0.14263641 1.05520218
v -11.73843001 0.14267039 1.05511210
v -11.73815993 0.14272725 1.05515819
v -11.73813932 0.14268397 1.05518108
v -11.73820045 0.14277028 1.05512772
v -11.73817022 0.14274703 1.05514538
v -11.73825061 0.14278900 1.05510441
v -11.73822977 0.14278399 1.05511289
v -11.73833047 0.14277899 1.05508922
v -11.73830001 0.14278696 1.05509239
v -11.73828007 0.14278995 1.05509752
v -11.73838198 0.14274346 1.05509046
v -11.73835048 0.14276802 1.05508810
v -11.73840975 0.14271497 1.05509752
v -11.73790945 0.14187645 1.05380094
v -11.73795028 0.14187573 1.05379050
v -11.73787998 0.14188599 1.05380641
v -11.73800054 0.14189005 1.05377279
v -11.73784948 0.14189802 1.05380744
v -11.73802039 0.14190303 1.05376187
v -11.73782371 0.14191663 1.05380589
v -11.73802974 0.14191901 1.05375022
v -11.73804957 0.14193796 1.05373822
v -11.73778926 0.14195108 1.05379848
v -11.73805986 0.14195906 1.05372577
v -11.73776994 0.14199625 1.05378281
v -11.73805935 0.14202975 1.05369359
v -11.73776960 0.14204406 1.05376188
v -11.73804003 0.14207469 1.05367803
v -11.73778926 0.14208757 1.05373884
v -11.73801226 0.14210402 1.05367123
v -11.73780050 0.14210700 1.05372617
v -11.73782695 0.14212810 1.05371040
v -11.73798076 0.14212798 1.05366889
v -11.73796075 0.14213895 1.05366998
v -11.73786006 0.14214395 1.05369371
v -11.73794078 0.14214706 1.05367319
v -11.73787994 0.14214897 1.05368513
v -11.73790939 0.14215003 1.05367821
v -11.73791989 0.14201294 1.05373824
v -11.72366913 0.11289095 1.07057440
v -11.72371856 0.11275612 1.07062434
v -11.72367962 0.11275398 1.07063441
v -11.72365014 0.11275696 1.07063949
v -11.72363018 0.11276542 1.07064325
v -11.72376301 0.11277638 1.07060175
v -11.72357963 0.11279105 1.07064258
v -11.72379227 0.11280131 1.07058309
v -11.72357005 0.11280906 1.07063948
v -11.72354898 0.11283026 1.07063419
v -11.72382037 0.11285996 1.07055072
v -11.72353062 0.11287533 1.07061916
v -11.72382019 0.11288404 1.07053972
v -11.72382003 0.11290800 1.07052993
v -11.72353010 0.11294483 1.07058662
v -11.72353944 0.11296605 1.07057440
v -11.72356023 0.11298501 1.07056241
v -11.72380941 0.11293196 1.07052142
v -11.72376626 0.11298763 1.07050655
v -11.72379976 0.11295401 1.07051443
v -11.72369381 0.11302375 1.07050793
v -11.72374049 0.11300693 1.07050507
v -11.72363874 0.11302817 1.07052229
v -11.72366912 0.11302900 1.07051445
v -11.72357053 0.11300098 1.07055071
v -11.72359038 0.11301397 1.07053971
v -11.72403980 0.11353099 1.07199368
v -11.72401321 0.11339855 1.07206008
v -11.72405029 0.11339402 1.07205360
v -11.72408543 0.11339545 1.07204478
v -11.72412990 0.11341416 1.07202298
v -11.72395031 0.11343121 1.07206235
v -11.72416296 0.11343932 1.07200322
v -11.72394072 0.11344897 1.07205872
v -11.72392061 0.11346899 1.07205360
v -11.72390035 0.11351406 1.07203898
v -11.72419008 0.11349999 1.07196993
v -11.72418991 0.11352395 1.07195901
v -11.72418021 0.11354803 1.07194912
v -11.72394025 0.11364102 1.07196992
v -11.72392995 0.11362504 1.07198159
v -11.72391012 0.11360596 1.07199371
v -11.72390077 0.11358499 1.07200579
v -11.72400940 0.11366820 1.07194130
v -11.72396010 0.11365400 1.07195901
v -11.72406638 0.11366282 1.07192677
v -11.72403979 0.11366902 1.07193361
v -11.72415032 0.11361395 1.07192850
v -11.72413025 0.11363195 1.07192539
v -11.72411021 0.11364603 1.07192438
v -11.72418008 0.11357103 1.07194059
v -11.72415994 0.11359405 1.07193363
v -11.71810005 0.10227703 1.07861458
v -11.71806011 0.10241400 1.07856149
v -11.71806396 0.10227655 1.07862365
v -11.71811994 0.10228204 1.07860612
v -11.71802020 0.10228705 1.07862971
v -11.71814548 0.10229396 1.07859314
v -11.71800019 0.10229801 1.07863080
v -11.71796964 0.10232185 1.07862860
v -11.71818045 0.10231994 1.07857358
v -11.71818979 0.10233902 1.07856146
v -11.71793997 0.10235094 1.07862148
v -11.71820009 0.10236000 1.07854949
v -11.71791970 0.10239743 1.07860635
v -11.71820943 0.10238313 1.07853740
v -11.71821005 0.10243165 1.07851622
v -11.71793997 0.10248839 1.07856219
v -11.71792032 0.10244500 1.07858530
v -11.71797010 0.10252403 1.07853780
v -11.71795026 0.10250806 1.07854949
v -11.71803066 0.10255002 1.07850849
v -11.71800509 0.10254323 1.07851956
v -11.71810956 0.10254001 1.07849341
v -11.71807245 0.10255002 1.07849823
v -11.71815916 0.10250603 1.07849441
v -11.71812957 0.10252904 1.07849229
v -11.71818979 0.10247599 1.07850157
v -11.71769615 0.10163652 1.07720402
v -11.71773034 0.10163699 1.07719540
v -11.71775022 0.10164200 1.07718682
v -11.71764953 0.10164701 1.07721049
v -11.71777860 0.10165571 1.07717246
v -11.71762952 0.10165905 1.07721161
v -11.71760279 0.10167848 1.07720988
v -11.71780978 0.10168003 1.07715433
v -11.71783057 0.10169899 1.07714228
v -11.71757025 0.10171222 1.07720255
v -11.71783037 0.10171996 1.07713031
v -11.71783972 0.10174309 1.07711843
v -11.71754998 0.10175728 1.07718704
v -11.71783939 0.10178994 1.07709784
v -11.71754965 0.10180497 1.07716602
v -11.71782103 0.10183441 1.07708256
v -11.71756931 0.10184788 1.07714324
v -11.71778562 0.10186921 1.07707456
v -11.71758054 0.10186802 1.07713031
v -11.71760699 0.10188912 1.07711457
v -11.71775985 0.10188900 1.07707302
v -11.71773984 0.10189997 1.07707411
v -11.71764010 0.10190498 1.07709782
v -11.71769893 0.10191059 1.07707975
v -11.71765998 0.10190999 1.07708918
v -11.71769993 0.10177397 1.07714227
v -11.70447977 0.06668197 1.09820639
v -11.70445983 0.06654798 1.09827147
v -11.70449406 0.06654440 1.09826509
v -11.70454245 0.06655168 1.09824972
v -11.70443032 0.06655597 1.09827468
v -11.70439983 0.06657421 1.09827558
v -11.70458028 0.06657194 1.09823011
v -11.70459058 0.06658804 1.09821848
v -11.70437020 0.06659996 1.09827146
v -11.70461041 0.06660699 1.09820638
v -11.70435963 0.06661998 1.09826642
v -11.70461975 0.06662797 1.09819430
v -11.70433949 0.06664204 1.09825949
v -11.70462018 0.06669782 1.09816156
v -11.70433936 0.06666600 1.09825093
v -11.70432966 0.06668996 1.09824103
v -11.70433043 0.06671475 1.09822956
v -11.70439345 0.06680190 1.09817493
v -11.70435943 0.06677627 1.09819446
v -11.70446739 0.06682049 1.09814757
v -11.70441994 0.06681405 1.09816192
v -11.70451112 0.06681310 1.09813946
v -11.70459030 0.06676494 1.09814130
v -11.70457022 0.06678295 1.09813819
v -11.70453969 0.06679701 1.09813718
v -11.70460858 0.06672679 1.09815163
v -11.70408727 0.06590985 1.09685318
v -11.70412529 0.06590437 1.09684562
v -11.70416989 0.06591105 1.09683172
v -11.70418975 0.06591998 1.09682176
v -11.70403583 0.06592905 1.09685670
v -11.70420961 0.06593298 1.09681094
v -11.70421990 0.06594896 1.09679918
v -11.70400048 0.06596004 1.09685229
v -11.70424069 0.06596803 1.09678720
v -11.70398991 0.06597995 1.09684721
v -11.70425001 0.06598960 1.09677366
v -11.70397073 0.06600200 1.09684030
v -11.70397060 0.06602596 1.09683173
v -11.70395994 0.06605004 1.09682177
v -11.70424950 0.06606173 1.09674144
v -11.70395977 0.06607305 1.09681094
v -11.70397945 0.06611537 1.09678900
v -11.70422058 0.06612467 1.09672187
v -11.70398971 0.06613599 1.09677521
v -11.70420051 0.06614303 1.09671890
v -11.70401994 0.06615972 1.09675740
v -11.70418047 0.06615805 1.09671800
v -11.70413284 0.06617521 1.09672098
v -11.70404927 0.06617402 1.09674270
v -11.70409577 0.06618057 1.09672885
v -11.70411006 0.06604206 1.09678719
v -11.61582955 -0.02924097 0.29500002
v -11.61582987 -0.02924097 0.29899995
v -11.60714951 -0.02999998 0.29500000
v -11.60714983 -0.02999998 0.29899996
v -11.59847017 -0.02924097 0.29500000
v -11.59847049 -0.02924098 0.29899996
v -11.62424990 -0.02698506 0.29500001
v -11.62425022 -0.02698506 0.29899994
v -11.59005000 -0.02698506 0.29500000
v -11.59005032 -0.02698506 0.29899996
v -11.63215012 -0.02330197 0.29500001
v -11.63215044 -0.02330197 0.29899994
v -11.58215032 -0.02330197 0.29500000
v -11.58214969 -0.02330197 0.29899995
v -11.63929076 -0.01830305 0.29499999
v -11.63929013 -0.01830305 0.29899996
v -11.57500953 -0.01830304 0.29500000
v -11.57500985 -0.01830305 0.29899996
v -11.64545047 -0.01214004 0.29499999
v -11.64544983 -0.01214004 0.29899996
v -11.56884979 -0.01214004 0.29500001
v -11.56885011 -0.01214005 0.29899996
v -11.65044983 -0.00500000 0.29500002
v -11.65045015 -0.00500000 0.29899995
v -11.56385035 -0.00500000 0.29499999
v -11.56384971 -0.00500000 0.29899997
v -11.65413997 0.00289904 0.29500001
v -11.65414029 0.00289904 0.29899994
v -11.56016942 0.00289904 0.29500001
v -11.56016974 0.00289904 0.29899994
v -11.65639008 0.01131701 0.29499999
v -11.65638945 0.01131701 0.29899996
v -11.55791086 0.01131701 0.29499999
v -11.55791023 0.01131701 0.29899996
v -11.65714951 0.01999997 0.29500001
v -11.65714983 0.01999997 0.29899994
v -11.55714992 0.01999997 0.29500002
v -11.55715024 0.01999997 0.29899994
v -11.65638952 0.02868199 0.29500000
v -11.65638984 0.02868198 0.29899996
v -11.55791030 0.02868199 0.29500000
v -11.55791062 0.02868198 0.29899996
v -11.65413955 0.03710102 0.29500001
v -11.65413987 0.03710102 0.29899997
v -11.56016996 0.03710102 0.29499999
v -11.56016932 0.03710102 0.29899997
v -11.65045004 0.04499995 0.29500002
v -11.65045036 0.04499995 0.29899995
v -11.56384960 0.04499995 0.29500001
v -11.56384992 0.04499995 0.29899996
v -11.64545059 0.05213904 0.29499998
v -11.64544996 0.05213904 0.29899996
v -11.56884992 0.05213904 0.29500000
v -11.56885024 0.05213903 0.29899996
v -11.63928990 0.05830204 0.29500001
v -11.63929022 0.05830204 0.29899996
v -11.57500962 0.05830204 0.29500000
v -11.57500994 0.05830204 0.29899996
v -11.63215006 0.06330096 0.29500002
v -11.63215038 0.06330096 0.29899995
v -11.58215027 0.06330096 0.29500001
v -11.58214963 0.06330096 0.29899995
v -11.62425038 0.06698405 0.29499999
v -11.62424975 0.06698405 0.29899997
v -11.59005049 0.06698405 0.29500001
v -11.59004985 0.06698405 0.29899995
v -11.61583022 0.06923997 0.29499999
v -11.61582958 0.06923996 0.29899996
v -11.59846988 0.06923996 0.29500002
v -11.59847020 0.06923997 0.29899995
v -11.60714992 0.07000004 0.29500000
v -11.60714929 0.07000005 0.29899995
v -11.77554556 0.00542258 0.29899995
v -11.77314662 0.00590490 0.29499999
v -11.77565686 0.00547492 0.29500001
v -11.77261971 0.00640820 0.29899997
v -11.77681315 0.00743233 0.29899995
v -11.77681289 0.00756549 0.29500001
v -11.77261849 0.00859033 0.29500002
v -11.77314460 0.00909220 0.29899995
v -11.77565619 0.00952517 0.29899996
v -11.77554239 0.00957798 0.29500000
v -11.77554566 0.03042256 0.29899996
v -11.77314577 0.03090500 0.29500003
v -11.77565696 0.03047489 0.29500000
v -11.77261982 0.03140818 0.29899995
v -11.77681325 0.03243231 0.29899994
v -11.77681299 0.03256547 0.29500000
v -11.77261860 0.03359031 0.29500001
v -11.77314470 0.03409230 0.29899994
v -11.77565629 0.03452515 0.29899994
v -11.77554249 0.03457796 0.29500001
v -11.80054498 0.00542282 0.29899997
v -11.79814700 0.00590419 0.29500001
v -11.80065819 0.00547527 0.29499999
v -11.79761914 0.00640844 0.29899997
v -11.80185386 0.00802361 0.29899996
v -11.80181231 0.00756430 0.29500003
v -11.79761982 0.00859009 0.29499999
v -11.79889308 0.00977682 0.29899997
v -11.80054276 0.00957786 0.29499999
v -11.80054508 0.03042280 0.29899996
v -11.79814710 0.03090417 0.29499999
v -11.80065733 0.03047525 0.29500002
v -11.79761924 0.03140854 0.29899996
v -11.80185396 0.03302359 0.29899995
v -11.80181241 0.03256427 0.29500001
v -11.79761897 0.03358995 0.29500002
v -11.79889318 0.03477692 0.29899996
v -11.80054286 0.03457772 0.29500003
v -11.53626023 0.17021690 0.29499999
v -11.53356168 0.16905641 0.29899994
v -11.53333539 0.16923117 0.29500001
v -11.53639906 0.17066394 0.29899997
v -11.53206679 0.17124271 0.29500001
v -11.53206718 0.17137527 0.29899995
v -11.53573497 0.17290293 0.29500001
v -11.53566949 0.17292379 0.29899996
v -11.53322187 0.17333388 0.29499999
v -11.53333477 0.17338668 0.29899996
v -11.51396770 0.15707063 0.29899996
v -11.51104046 0.15709184 0.29899996
v -11.51096003 0.15710401 0.29500000
v -11.51454655 0.15752148 0.29500001
v -11.51454711 0.16009651 0.29899996
v -11.51096001 0.16051399 0.29899996
v -11.51103982 0.16052614 0.29500002
v -11.51396803 0.16054737 0.29500001
v -11.52323362 0.19136523 0.29899997
v -11.52032149 0.19107687 0.29899995
v -11.52261112 0.19072794 0.29500002
v -11.51976552 0.19198357 0.29500002
v -11.52376041 0.19405007 0.29899996
v -11.52369147 0.19416880 0.29500002
v -11.51976579 0.19393598 0.29899996
v -11.52032101 0.19484209 0.29500001
v -11.52140784 0.19509839 0.29899996
v -11.51472214 -0.11966336 0.29899995
v -11.51173612 -0.12095357 0.29899996
v -11.51325517 -0.12106050 0.29500002
v -11.51017822 -0.11887838 0.29500002
v -11.51472261 -0.11795581 0.29499999
v -11.51041706 -0.11874212 0.29899996
v -11.51389544 -0.11705746 0.29899995
v -11.51152626 -0.11685111 0.29899995
v -11.51232534 -0.11663318 0.29500002
v -11.53573519 -0.13290228 0.29899996
v -11.53322360 -0.13333512 0.29899996
v -11.53333676 -0.13338805 0.29500000
v -11.53626065 -0.13240028 0.29500001
v -11.53206721 -0.13137555 0.29500000
v -11.53206664 -0.13124241 0.29899996
v -11.53626007 -0.13021876 0.29899995
v -11.53573444 -0.12971617 0.29500000
v -11.53322325 -0.12928379 0.29500003
v -11.53333614 -0.12923110 0.29899996
v -11.50180103 -0.14199162 0.29899997
v -11.49854272 -0.14217843 0.29899994
v -11.50013503 -0.14268256 0.29499999
v -11.50242133 -0.14060033 0.29499999
v -11.49822601 -0.14157856 0.29499999
v -11.49811923 -0.13940550 0.29499999
v -11.49817778 -0.13930167 0.29899995
v -11.50133626 -0.13841689 0.29899995
v -11.50039651 -0.13825954 0.29500001
v -11.52323311 -0.15455616 0.29899996
v -11.52072057 -0.15498472 0.29899995
v -11.52083373 -0.15503705 0.29499999
v -11.52376048 -0.15405167 0.29500001
v -11.51956704 -0.15302600 0.29500002
v -11.51956742 -0.15289463 0.29899993
v -11.52375990 -0.15186799 0.29899997
v -11.52323426 -0.15136541 0.29500000
v -11.52072212 -0.15093506 0.29499999
v -11.52083406 -0.15088238 0.29899997
v -11.48553215 -0.14065314 0.29500001
v -11.50300026 -0.11038508 0.29899994
v -11.48552958 -0.14071371 0.29899996
v -11.50299899 -0.11038352 0.29500001
v -11.50300022 0.15038025 0.29500001
v -11.50299959 0.15038382 0.29899996
v -11.48553467 0.18073725 0.29499999
v -11.48553974 0.18069183 0.29899995
v -11.48737868 0.18755220 0.29500001
v -11.48736088 0.18754672 0.29899996
v -11.50884519 0.19995391 0.29500000
v -11.52195247 0.20749925 0.29899996
v -11.52200270 0.20750462 0.29499999
v -11.52881240 0.20567726 0.29899995
v -11.52883114 0.20565318 0.29499999
v -11.54630564 0.17539214 0.29899993
v -11.54630341 0.17539774 0.29500000
v -11.77214633 0.04500531 0.29899996
v -11.62425678 0.13038635 0.29500002
v -11.77215459 0.04500102 0.29499999
v -11.80710164 0.04499351 0.29899996
v -11.80713375 0.04498672 0.29500002
v -11.78714980 0.04499995 0.29899996
v -11.81213641 0.03998589 0.29899994
v -11.81214275 0.03995239 0.29500000
v -11.81214276 0.00004732 0.29899995
v -11.81214975 0.01999997 0.29500002
v -11.81213575 0.00001406 0.29500001
v -11.81214912 0.01999997 0.29899996
v -11.80713483 -0.00498677 0.29899997
v -11.80710303 -0.00499357 0.29500001
v -11.78715022 -0.00500000 0.29499999
v -11.77215184 -0.00500108 0.29899995
v -11.77214580 -0.00500537 0.29500001
v -11.60897970 -0.09920753 0.29899995
v -11.54630482 -0.13539339 0.29500002
v -11.54630133 -0.13539971 0.29899995
v -11.68430487 -0.05571903 0.29500001
v -11.52882591 -0.16565574 0.29899997
v -11.52880936 -0.16567911 0.29499999
v -11.52200339 -0.16750515 0.29899995
v -11.52192485 -0.16750480 0.29500000
v -11.50949173 -0.16032875 0.29899996
v -11.48737967 -0.14755655 0.29899994
v -11.48735838 -0.14754033 0.29500002
v -11.52107718 -0.04579723 0.29899996
v -11.53736037 0.03614997 0.29899996
v -11.51542968 0.06782138 0.29899995
v -11.52527331 0.17994343 0.29899995
v -11.50136443 0.17860293 0.29899995
v -11.50214975 0.18136966 0.29899997
v -11.49791634 0.18052554 0.29899997
v -11.49880062 0.17867707 0.29899997
v -11.49935662 0.18264734 0.29899996
v -11.52798031 -0.14129747 0.29500001
v -11.51715007 -0.13859129 0.29500003
v -11.51985820 0.17994343 0.29500001
v -11.50208851 0.17958593 0.29500001
v -11.50031763 0.17828117 0.29500002
v -11.50183390 0.18177640 0.29499999
v -11.49793658 0.17960965 0.29500002
v -11.49923705 0.18260383 0.29499999
v -11.57692968 0.06500005 1.15726209
v -11.57635122 0.06297218 1.15600096
v -11.57737177 0.06291460 1.15600091
v -11.57569610 0.06329154 1.15600093
v -11.57837640 0.06346380 1.15600110
v -11.57519368 0.06380462 1.15600083
v -11.57881351 0.06405698 1.15600104
v -11.57488876 0.06445574 1.15600076
v -11.57902463 0.06476103 1.15600105
v -11.57485203 0.06544148 1.15600152
v -11.57898109 0.06548070 1.15600107
v -11.57859137 0.06631898 1.15600139
v -11.57797924 0.06681799 1.15600033
v -11.57732601 0.06708120 1.15600128
v -11.57641415 0.06704402 1.15600092
v -11.57574729 0.06674324 1.15600092
v -11.57522723 0.06624173 1.15600096
v -11.57640870 0.06295680 1.14850211
v -11.57732721 0.06291878 1.14850297
v -11.57815431 0.06327926 1.14850146
v -11.57574498 0.06325697 1.14850230
v -11.57867726 0.06381964 1.14850232
v -11.57522827 0.06375646 1.14850353
v -11.57898092 0.06451606 1.14850347
v -11.57490425 0.06439911 1.14850262
v -11.57902512 0.06523632 1.14850328
v -11.57483602 0.06535184 1.14850238
v -11.57881275 0.06594395 1.14850327
v -11.57519216 0.06619298 1.14850123
v -11.57825510 0.06665491 1.14850345
v -11.57569793 0.06670880 1.14850230
v -11.57724522 0.06709563 1.14850360
v -11.57635620 0.06702875 1.14850184
v -11.57648004 0.06243896 1.14800027
v -11.57692927 0.06239998 1.14800028
v -11.57737949 0.06243896 1.14800028
v -11.57782020 0.06255697 1.14800026
v -11.57603943 0.06255697 1.14800030
v -11.57823043 0.06274795 1.14800027
v -11.57562938 0.06274794 1.14800028
v -11.57854993 0.06297087 1.14799262
v -11.57525942 0.06300794 1.14800031
v -11.57892030 0.06332802 1.14800031
v -11.57494004 0.06332802 1.14800028
v -11.57917991 0.06369995 1.14800032
v -11.57467029 0.06369995 1.14800027
v -11.57936991 0.06411003 1.14800027
v -11.57447971 0.06411003 1.14800031
v -11.57949029 0.06454800 1.14800030
v -11.57437023 0.06454801 1.14800030
v -11.57953056 0.06500005 1.14800028
v -11.57432942 0.06500005 1.14800028
v -11.57948976 0.06545102 1.14800032
v -11.57436969 0.06545102 1.14800032
v -11.57447958 0.06588899 1.14800029
v -11.57936978 0.06588899 1.14800031
v -11.57467053 0.06630003 1.14800028
v -11.57918016 0.06630003 1.14800026
v -11.57494063 0.06667100 1.14800030
v -11.57891994 0.06667100 1.14800028
v -11.57525936 0.06699096 1.14800029
v -11.57860056 0.06699096 1.14800031
v -11.57562956 0.06725096 1.14800029
v -11.57823060 0.06725096 1.14800028
v -11.57603978 0.06744300 1.14800029
v -11.57782055 0.06744300 1.14800031
v -11.57648050 0.06755995 1.14800028
v -11.57737994 0.06755995 1.14800028
v -11.57692976 0.06760000 1.14800029
v -11.59707275 0.06289815 1.15600029
v -11.59655993 0.06293201 1.14800027
v -11.59713602 0.06290363 1.14800029
v -11.59634980 0.06297277 1.15600029
v -11.59765018 0.06302594 1.14800027
v -11.59772714 0.06305205 1.15600031
v -11.59607259 0.06307434 1.14800028
v -11.59816727 0.06329213 1.14800035
v -11.59569086 0.06329476 1.15600034
v -11.59837878 0.06346570 1.15600031
v -11.59557962 0.06339096 1.14800028
v -11.59877706 0.06396149 1.14800032
v -11.59522974 0.06375455 1.14800029
v -11.59519225 0.06380760 1.15600028
v -11.59881495 0.06405853 1.15600031
v -11.59495051 0.06428098 1.14800026
v -11.59488734 0.06446349 1.15600028
v -11.59900056 0.06463503 1.14800026
v -11.59902511 0.06475937 1.15600029
v -11.59483342 0.06477737 1.14800027
v -11.59902564 0.06523978 1.14800028
v -11.59483427 0.06522166 1.15600032
v -11.59898157 0.06548106 1.15600029
v -11.59488719 0.06553518 1.14800027
v -11.59873513 0.06611227 1.14800029
v -11.59494991 0.06571805 1.15600031
v -11.59868144 0.06617474 1.15600027
v -11.59519080 0.06618904 1.14800027
v -11.59522772 0.06624197 1.15600030
v -11.59811449 0.06674241 1.14800031
v -11.59816758 0.06670462 1.15600029
v -11.59557920 0.06660794 1.14800030
v -11.59557984 0.06660795 1.15600028
v -11.59601045 0.06689572 1.14800029
v -11.59607025 0.06692337 1.15600028
v -11.59765009 0.06697296 1.14800028
v -11.59764978 0.06697296 1.15600034
v -11.59707405 0.06710182 1.14800031
v -11.59713764 0.06709646 1.15600032
v -11.59655993 0.06706798 1.14800030
v -11.59655962 0.06706797 1.15600029
v -11.59647958 0.06243895 1.14800027
v -11.59692976 0.06239997 1.14800032
v -11.59737998 0.06243895 1.14800032
v -11.59781974 0.06255697 1.14800026
v -11.59603993 0.06255698 1.14800029
v -11.59822997 0.06274795 1.14800027
v -11.59562988 0.06274795 1.14800032
v -11.59860017 0.06300794 1.14800026
v -11.59525992 0.06300794 1.14800029
v -11.59892080 0.06332802 1.14800029
v -11.59493004 0.06332802 1.14800027
v -11.59917945 0.06369995 1.14800032
v -11.59480994 0.06348895 1.14800031
v -11.59468032 0.06369995 1.14800027
v -11.59936945 0.06411003 1.14800027
v -11.59448021 0.06411003 1.14800029
v -11.59948983 0.06454800 1.14800030
v -11.59437072 0.06454801 1.14800028
v -11.59953010 0.06500005 1.14800028
v -11.59432992 0.06500005 1.14800032
v -11.59948929 0.06545102 1.14800032
v -11.59437018 0.06545102 1.14800030
v -11.59448007 0.06588899 1.14800027
v -11.59936932 0.06588899 1.14800031
v -11.59468056 0.06630003 1.14800028
v -11.59917970 0.06630003 1.14800026
v -11.59493063 0.06667100 1.14800028
v -11.59892043 0.06667101 1.14800026
v -11.59525985 0.06699097 1.14800028
v -11.59860010 0.06699096 1.14800031
v -11.59563005 0.06725096 1.14800027
v -11.59823014 0.06725096 1.14800028
v -11.59604027 0.06744300 1.14800027
v -11.59782009 0.06744300 1.14800031
v -11.59648004 0.06755995 1.14800028
v -11.59738044 0.06755995 1.14800026
v -11.59693025 0.06760000 1.14800027
v -11.61692922 0.06290006 1.15600031
v -11.61640873 0.06295680 1.14850210
v -11.61713837 0.06290351 1.14850209
v -11.61743286 0.06295549 1.15600032
v -11.61634933 0.06297277 1.15600029
v -11.61775939 0.06307065 1.14850294
v -11.61797950 0.06318103 1.15600029
v -11.61574501 0.06325697 1.14850229
v -11.61569421 0.06329262 1.15600028
v -11.61824496 0.06335711 1.14850003
v -11.61841649 0.06350767 1.15600030
v -11.61853983 0.06365000 1.14850033
v -11.61522830 0.06375646 1.14850351
v -11.61519274 0.06380628 1.15600032
v -11.61881353 0.06405544 1.15600028
v -11.61874981 0.06395005 1.14850030
v -11.61898095 0.06451606 1.14850345
v -11.61490428 0.06439911 1.14850261
v -11.61488878 0.06445765 1.15600030
v -11.61902465 0.06475937 1.15600029
v -11.61902515 0.06523633 1.14850326
v -11.61482736 0.06515156 1.14850198
v -11.61483381 0.06521331 1.15600030
v -11.61898206 0.06547915 1.15600030
v -11.61881278 0.06594395 1.14850325
v -11.61494968 0.06571804 1.14850032
v -11.61494945 0.06571805 1.15600031
v -11.61875055 0.06605005 1.15600028
v -11.61519219 0.06619298 1.14850122
v -11.61522821 0.06624317 1.15600029
v -11.61844552 0.06646382 1.15600031
v -11.61840193 0.06650805 1.14850211
v -11.61569796 0.06670880 1.14850228
v -11.61574922 0.06674432 1.15600033
v -11.61797927 0.06681799 1.15600032
v -11.61797950 0.06681799 1.14850032
v -11.61749101 0.06702852 1.15600031
v -11.61743216 0.06704425 1.14850280
v -11.61635623 0.06702875 1.14850182
v -11.61641512 0.06704448 1.15600032
v -11.61692925 0.06710004 1.15600033
v -11.61692948 0.06710004 1.14850034
v -11.61648007 0.06243896 1.14800032
v -11.61692930 0.06239997 1.14800032
v -11.61737952 0.06243895 1.14800032
v -11.61782023 0.06255697 1.14800030
v -11.61603946 0.06255697 1.14800029
v -11.61823046 0.06274795 1.14800031
v -11.61562941 0.06274795 1.14800032
v -11.61844036 0.06288397 1.14800026
v -11.61525945 0.06300794 1.14800029
v -11.61860066 0.06300794 1.14800030
v -11.61892033 0.06332802 1.14800029
v -11.61494007 0.06332802 1.14800027
v -11.61917994 0.06369995 1.14800030
v -11.61467032 0.06369995 1.14800031
v -11.61936994 0.06411003 1.14800032
v -11.61447974 0.06411003 1.14800029
v -11.61949032 0.06454801 1.14800029
v -11.61437026 0.06454801 1.14800028
v -11.61953059 0.06500005 1.14800026
v -11.61432945 0.06500005 1.14800032
v -11.61948979 0.06545102 1.14800030
v -11.61436972 0.06545102 1.14800030
v -11.61447961 0.06588899 1.14800027
v -11.61936981 0.06588899 1.14800030
v -11.61467056 0.06630003 1.14800026
v -11.61918019 0.06630002 1.14800031
v -11.61493971 0.06667100 1.14800030
v -11.61891997 0.06667101 1.14800026
v -11.61525939 0.06699097 1.14800028
v -11.61860059 0.06699097 1.14800029
v -11.61562958 0.06725096 1.14800027
v -11.61823063 0.06725096 1.14800026
v -11.61603981 0.06744300 1.14800027
v -11.61782058 0.06744300 1.14800029
v -11.61648053 0.06755995 1.14800026
v -11.61737997 0.06755995 1.14800026
v -11.61692979 0.06760000 1.14800027
v -11.57928996 -0.03250004 1.15893221
v -11.57920974 -0.03250004 1.15937537
v -11.57893078 -0.03250004 1.15890028
v -11.57893080 -0.03250004 1.15935026
v -11.57856029 -0.03250004 1.15893219
v -11.57963971 -0.03250004 1.15902703
v -11.57949048 -0.03250004 1.15944981
v -11.57863936 -0.03250004 1.15937539
v -11.57820995 -0.03250004 1.15902702
v -11.57997999 -0.03250004 1.15918171
v -11.57975007 -0.03250004 1.15957142
v -11.57836021 -0.03250004 1.15944979
v -11.57788065 -0.03250004 1.15918167
v -11.58028020 -0.03250004 1.15939157
v -11.57999038 -0.03250004 1.15973639
v -11.57809998 -0.03250004 1.15957139
v -11.57757995 -0.03250004 1.15939159
v -11.58054022 -0.03250004 1.15965046
v -11.58019032 -0.03250004 1.15993972
v -11.57787006 -0.03250004 1.15973641
v -11.57731920 -0.03250004 1.15965050
v -11.58075039 -0.03250004 1.15995032
v -11.58036029 -0.03250004 1.16017531
v -11.57765986 -0.03250004 1.15993972
v -11.57710969 -0.03250004 1.15995032
v -11.57749981 -0.03250004 1.16017531
v -11.58090006 -0.03250004 1.16028207
v -11.58048014 -0.03250004 1.16043599
v -11.57694937 -0.03250004 1.16028208
v -11.57737930 -0.03250004 1.16043601
v -11.58099955 -0.03250004 1.16063568
v -11.58054973 -0.03250004 1.16071382
v -11.57686000 -0.03250004 1.16063567
v -11.57730009 -0.03250004 1.16071380
v -11.58103055 -0.03250004 1.16100030
v -11.58058035 -0.03250004 1.16100031
v -11.57682996 -0.03250004 1.16100032
v -11.57727921 -0.03250004 1.16100033
v -11.58099956 -0.03250004 1.16136502
v -11.58054993 -0.03250004 1.16128676
v -11.57686001 -0.03250004 1.16136502
v -11.57729934 -0.03250004 1.16128682
v -11.58048026 -0.03250004 1.16156468
v -11.57694996 -0.03250004 1.16171861
v -11.57737942 -0.03250004 1.16156471
v -11.58089970 -0.03250004 1.16171861
v -11.58035975 -0.03250004 1.16182527
v -11.57711012 -0.03250004 1.16205030
v -11.57750022 -0.03250004 1.16182531
v -11.58074987 -0.03250004 1.16205031
v -11.58019016 -0.03250004 1.16206090
v -11.57757975 -0.03250004 1.16195917
v -11.57731934 -0.03250004 1.16235023
v -11.57765970 -0.03250004 1.16206090
v -11.58054036 -0.03250004 1.16235020
v -11.57998951 -0.03250004 1.16226434
v -11.57758032 -0.03250004 1.16260899
v -11.57787013 -0.03250004 1.16226429
v -11.58027960 -0.03250004 1.16260898
v -11.57975004 -0.03250004 1.16242928
v -11.57788052 -0.03250004 1.16281897
v -11.57809995 -0.03250004 1.16242932
v -11.57998082 -0.03250004 1.16281899
v -11.57948981 -0.03250004 1.16255082
v -11.57821031 -0.03250004 1.16297370
v -11.57836050 -0.03250004 1.16255079
v -11.57964008 -0.03250004 1.16297371
v -11.57920970 -0.03250004 1.16262519
v -11.57856007 -0.03250004 1.16306841
v -11.57863932 -0.03250004 1.16262520
v -11.57928973 -0.03250004 1.16306843
v -11.57893066 -0.03250004 1.16265028
v -11.57893069 -0.03250004 1.16310032
v -11.57893009 -0.02160002 1.15890032
v -11.57828015 -0.02160002 1.15730726
v -11.57893064 -0.02160002 1.15725030
v -11.57929022 -0.02160002 1.15893217
v -11.57958020 -0.02160002 1.15730726
v -11.57963998 -0.02160002 1.15902699
v -11.58021069 -0.02160002 1.15747647
v -11.57856056 -0.02160002 1.15893221
v -11.57764016 -0.02160002 1.15747650
v -11.57998026 -0.02160002 1.15918173
v -11.58080007 -0.02160002 1.15775281
v -11.57821021 -0.02160002 1.15902698
v -11.57704968 -0.02160002 1.15775282
v -11.58027951 -0.02160002 1.15939161
v -11.58134059 -0.02160002 1.15812770
v -11.57787996 -0.02160002 1.15918171
v -11.57652002 -0.02160002 1.15812775
v -11.58054049 -0.02160002 1.15965049
v -11.58179960 -0.02160002 1.15858982
v -11.57758022 -0.02160002 1.15939161
v -11.57605002 -0.02160002 1.15858983
v -11.58074970 -0.02160002 1.15995030
v -11.58217020 -0.02160002 1.15912531
v -11.57731946 -0.02160002 1.15965052
v -11.57568046 -0.02160002 1.15912529
v -11.58089937 -0.02160002 1.16028210
v -11.58245021 -0.02160002 1.15971768
v -11.57710996 -0.02160002 1.15995028
v -11.57539963 -0.02160002 1.15971769
v -11.58099982 -0.02160002 1.16063570
v -11.58262024 -0.02160002 1.16034922
v -11.57694964 -0.02160002 1.16028210
v -11.57523010 -0.02160002 1.16034921
v -11.57686027 -0.02160002 1.16063569
v -11.58103082 -0.02160002 1.16100032
v -11.58267996 -0.02160002 1.16100030
v -11.57517918 -0.02160002 1.16100033
v -11.57683023 -0.02160002 1.16100028
v -11.58099982 -0.02160002 1.16136498
v -11.58262045 -0.02160002 1.16165151
v -11.57686028 -0.02160002 1.16136498
v -11.57523032 -0.02160002 1.16165150
v -11.58089996 -0.02160002 1.16171858
v -11.57694927 -0.02160002 1.16171859
v -11.57540034 -0.02160002 1.16228292
v -11.58244997 -0.02160002 1.16228292
v -11.58075013 -0.02160002 1.16205028
v -11.57710943 -0.02160002 1.16205028
v -11.57568035 -0.02160002 1.16287529
v -11.58217009 -0.02160002 1.16287531
v -11.58198069 -0.02160002 1.16317950
v -11.58054063 -0.02160002 1.16235022
v -11.57731960 -0.02160002 1.16235019
v -11.57605000 -0.02160002 1.16341080
v -11.58179958 -0.02160002 1.16341079
v -11.58027987 -0.02160002 1.16260900
v -11.57757963 -0.02160002 1.16260903
v -11.57652046 -0.02160002 1.16387302
v -11.58134007 -0.02160002 1.16387299
v -11.57998013 -0.02160002 1.16281897
v -11.57788079 -0.02160002 1.16281899
v -11.57704953 -0.02160002 1.16424792
v -11.58079992 -0.02160002 1.16424791
v -11.57964034 -0.02160002 1.16297367
v -11.57821058 -0.02160002 1.16297367
v -11.57763987 -0.02160002 1.16452413
v -11.58021039 -0.02160002 1.16452410
v -11.57929000 -0.02160002 1.16306839
v -11.57856033 -0.02160002 1.16306843
v -11.57827989 -0.02160002 1.16469330
v -11.57957994 -0.02160002 1.16469330
v -11.57893000 -0.02160002 1.16310029
v -11.57893041 -0.02160002 1.16475030
v -11.58529056 -0.03250004 1.16993222
v -11.58521035 -0.03250004 1.17037538
v -11.58493043 -0.03250004 1.16990025
v -11.58492950 -0.03250004 1.17035031
v -11.58455994 -0.03250004 1.16993222
v -11.58564985 -0.03250004 1.17002700
v -11.58549012 -0.03250004 1.17044978
v -11.58463997 -0.03250004 1.17037540
v -11.58420959 -0.03250004 1.17002699
v -11.58597964 -0.03250004 1.17018174
v -11.58574972 -0.03250004 1.17057139
v -11.58435986 -0.03250004 1.17044982
v -11.58388030 -0.03250004 1.17018170
v -11.58628080 -0.03250004 1.17039158
v -11.58599003 -0.03250004 1.17073642
v -11.58410058 -0.03250004 1.17057141
v -11.58357960 -0.03250004 1.17039162
v -11.58653987 -0.03250004 1.17065049
v -11.58618997 -0.03250004 1.17093969
v -11.58387066 -0.03250004 1.17073637
v -11.58331980 -0.03250004 1.17065051
v -11.58675004 -0.03250004 1.17095029
v -11.58636090 -0.03250004 1.17117526
v -11.58365951 -0.03250004 1.17093969
v -11.58311029 -0.03250004 1.17095033
v -11.58350041 -0.03250004 1.17117532
v -11.58690066 -0.03250004 1.17128208
v -11.58647979 -0.03250004 1.17143602
v -11.58294997 -0.03250004 1.17128209
v -11.58337990 -0.03250004 1.17143602
v -11.58700015 -0.03250004 1.17163569
v -11.58655033 -0.03250004 1.17171377
v -11.58285965 -0.03250004 1.17163570
v -11.58329973 -0.03250004 1.17171377
v -11.58703020 -0.03250004 1.17200033
v -11.58658000 -0.03250004 1.17200028
v -11.58282961 -0.03250004 1.17200029
v -11.58327981 -0.03250004 1.17200034
v -11.58700016 -0.03250004 1.17236497
v -11.58655054 -0.03250004 1.17228689
v -11.58285966 -0.03250004 1.17236499
v -11.58329995 -0.03250004 1.17228689
v -11.58647991 -0.03250004 1.17256459
v -11.58295056 -0.03250004 1.17271862
v -11.58338002 -0.03250004 1.17256460
v -11.58690030 -0.03250004 1.17271863
v -11.58636035 -0.03250004 1.17282528
v -11.58311072 -0.03250004 1.17305031
v -11.58350082 -0.03250004 1.17282526
v -11.58674952 -0.03250004 1.17305028
v -11.58618981 -0.03250004 1.17306093
v -11.58357940 -0.03250004 1.17295913
v -11.58331994 -0.03250004 1.17335018
v -11.58365935 -0.03250004 1.17306093
v -11.58654001 -0.03250004 1.17335022
v -11.58599011 -0.03250004 1.17326429
v -11.58357996 -0.03250004 1.17360902
v -11.58387074 -0.03250004 1.17326430
v -11.58628021 -0.03250004 1.17360899
v -11.58574969 -0.03250004 1.17342931
v -11.58388017 -0.03250004 1.17381900
v -11.58410055 -0.03250004 1.17342927
v -11.58597951 -0.03250004 1.17381897
v -11.58548946 -0.03250004 1.17355079
v -11.58420996 -0.03250004 1.17397367
v -11.58435919 -0.03250004 1.17355083
v -11.58565022 -0.03250004 1.17397368
v -11.58521031 -0.03250004 1.17362520
v -11.58455971 -0.03250004 1.17406844
v -11.58463993 -0.03250004 1.17362522
v -11.58529033 -0.03250004 1.17406838
v -11.58493031 -0.03250004 1.17365031
v -11.58493034 -0.03250004 1.17410029
v -11.62782578 -0.01750005 1.15600899
v -11.62898081 -0.01750005 1.15892275
v -11.62822266 -0.03250004 1.15602957
v -11.62916596 -0.03250004 1.15900005
v -11.56693077 -0.01950003 1.14800031
v -11.56693032 -0.03049995 1.17496262
v -11.56693046 -0.03049994 1.14800027
v -11.56693063 -0.01950003 1.17496260
v -11.56892993 -0.01750005 1.14800030
v -11.56892459 -0.01750005 1.17600256
v -11.59192968 -0.03300000 1.14800030
v -11.57179022 -0.03649915 1.14800029
v -11.59193032 -0.04812695 1.14800027
v -11.57257873 -0.03300548 1.14800028
v -11.57110148 -0.03464437 1.14800029
v -11.56915948 -0.04752804 1.14834817
v -11.57070974 -0.03930999 1.16945060
v -11.57070876 -0.04956831 1.14982239
v -11.56921262 -0.03575588 1.17038541
v -11.59215036 -0.04585601 1.18061107
v -11.59392972 -0.04422499 1.18138101
v -11.59215046 -0.06194497 1.14982201
v -11.59379056 -0.06168533 1.14827433
v -11.59297039 -0.04458297 1.18196351
v -11.57093000 -0.03831197 1.14800027
v -11.59193021 -0.05043698 1.14800029
v -11.56894988 -0.03249181 1.14800992
v -11.57092983 -0.03250004 1.14800027
v -11.56893053 -0.03250004 1.17036688
v -11.59392974 -0.03250004 1.15000028
v -11.59392941 -0.03250004 1.18138103
v -11.59192991 -0.03250004 1.14800029
v -11.64193059 -0.02854205 1.14800028
v -11.63506989 -0.03250004 1.14800030
v -11.64192971 -0.03250004 1.14800030
v -11.65489575 -0.01750005 1.16659595
v -11.64731023 -0.01750005 1.15572691
v -11.68376041 -0.01750005 1.20800004
v -11.68376016 -0.03250004 1.20800027
v -11.64192996 -0.01750005 1.14800032
v -11.63898088 -0.01750005 1.15540791
v -11.63727593 -0.01750005 1.15599609
v -11.60182876 -0.01750005 1.15601464
v -11.64022111 -0.01750005 1.15604103
v -11.65020017 -0.01750005 1.17035503
v -11.60082021 -0.01750005 1.15868417
v -11.58266051 -0.01750005 1.16165190
v -11.58226335 -0.01750005 1.15905090
v -11.58021384 -0.01750005 1.15743863
v -11.57761066 -0.01750005 1.15736901
v -11.57565318 -0.01750005 1.15909232
v -11.57512292 -0.01750005 1.16167505
v -11.62028943 -0.01750005 1.18862645
v -11.61498211 -0.01750005 1.18580513
v -11.58180989 -0.01750005 1.16345675
v -11.57673851 -0.01750005 1.16413238
v -11.57959611 -0.01750005 1.16480393
v -11.65052486 -0.01750005 1.17166780
v -11.58826302 -0.01750005 1.17005218
v -11.58621541 -0.01750005 1.16843904
v -11.60528010 -0.01750005 1.18929157
v -11.58866016 -0.01750005 1.17265192
v -11.61046143 -0.01750005 1.18515521
v -11.58361126 -0.01750005 1.16836884
v -11.58165469 -0.01750005 1.17008916
v -11.58112254 -0.01750005 1.17267323
v -11.65611050 -0.01750005 1.17885174
v -11.65354646 -0.01750005 1.17889703
v -11.63700846 -0.01750005 1.19763357
v -11.58781047 -0.01750005 1.17445575
v -11.58273719 -0.01750005 1.17513165
v -11.58559671 -0.01750005 1.17580394
v -11.66652128 -0.01750005 1.19376257
v -11.60297100 -0.01750005 1.19372542
v -11.64237762 -0.01750005 1.20033427
v -11.61332485 -0.01750005 1.18661749
v -11.62068812 -0.01750005 1.19053306
v -11.63142575 -0.01750005 1.20290163
v -11.63507907 -0.01750005 1.19803651
v -11.66650258 -0.01750005 1.19512989
v -11.67055995 -0.01750005 1.20173801
v -11.66942769 -0.01750005 1.20251817
v -11.67232883 -0.01750005 1.20210469
v -11.65934914 -0.01750005 1.20887662
v -11.67974839 -0.01750005 1.21274936
v -11.64305583 -0.01750005 1.20218724
v -11.68476214 -0.01750005 1.23066650
v -11.65756280 -0.01750005 1.20972668
v -11.66463963 -0.01750005 1.21171852
v -11.68775975 -0.01750005 1.20800028
v -11.66503725 -0.01750005 1.21361798
v -11.67763890 -0.01750005 1.22017134
v -11.68775997 -0.01750005 1.23066649
v -11.67971877 -0.01750005 1.21880244
v -11.60161988 -0.03250004 1.15602969
v -11.60071741 -0.03250004 1.15871168
v -11.61507461 -0.02674616 1.15600029
v -11.61871308 -0.02332319 1.15600035
v -11.56893008 -0.03250004 1.17600370
v -11.61507461 -0.02674616 1.15600029
v -11.61871308 -0.02332319 1.15600035
v -11.61760365 -0.02619482 1.14665003
v -11.61615761 -0.02527560 1.14611659
v -11.61809824 -0.02432967 1.14662927
v -11.61626464 -0.02316035 1.14724869
v -11.58658014 0.08630096 1.17360439
v -11.58649047 0.08604096 1.17400352
v -11.58622004 0.08602106 1.17375009
v -11.58638000 0.08630203 1.17338978
v -11.58599960 0.08604096 1.17346279
v -11.58623004 0.08633505 1.17315229
v -11.58581977 0.08609902 1.17315053
v -11.58678933 0.08633005 1.17378973
v -11.58678025 0.08609902 1.17421551
v -11.58609986 0.08639705 1.17289920
v -11.58567974 0.08619403 1.17282262
v -11.58703036 0.08638905 1.17393998
v -11.58709021 0.08619403 1.17437960
v -11.58562990 0.08626103 1.17263827
v -11.58602011 0.08648598 1.17263818
v -11.58728028 0.08647596 1.17405077
v -11.58742027 0.08632302 1.17449068
v -11.58561022 0.08632301 1.17248908
v -11.58598998 0.08660101 1.17237720
v -11.58557990 0.08648204 1.17216020
v -11.58753997 0.08658802 1.17411858
v -11.58774081 0.08648204 1.17454559
v -11.58599050 0.08673798 1.17212413
v -11.58562042 0.08666598 1.17184580
v -11.58779032 0.08672201 1.17414137
v -11.58806037 0.08666598 1.17454247
v -11.58603995 0.08689105 1.17188659
v -11.58571001 0.08686995 1.17155537
v -11.58803990 0.08687496 1.17411861
v -11.58835987 0.08686995 1.17448152
v -11.58614034 0.08705805 1.17167189
v -11.58585071 0.08708703 1.17129795
v -11.58826011 0.08704006 1.17405077
v -11.58862982 0.08708703 1.17436458
v -11.58846051 0.08721399 1.17393998
v -11.58626985 0.08723199 1.17148667
v -11.58603980 0.08731102 1.17108132
v -11.58885977 0.08731102 1.17419512
v -11.58863067 0.08739006 1.17378970
v -11.58644001 0.08740901 1.17133638
v -11.58628024 0.08753597 1.17091180
v -11.58904981 0.08753597 1.17397840
v -11.58877068 0.08756505 1.17360441
v -11.58663946 0.08758306 1.17122560
v -11.58655019 0.08775305 1.17079491
v -11.58919910 0.08775305 1.17372102
v -11.58885962 0.08773099 1.17338979
v -11.58687016 0.08774805 1.17115776
v -11.58891002 0.08788501 1.17315228
v -11.58929059 0.08795701 1.17343062
v -11.58684969 0.08795701 1.17073390
v -11.58711020 0.08790099 1.17113498
v -11.58892008 0.08802198 1.17289923
v -11.58931966 0.08814095 1.17311617
v -11.58715971 0.08814096 1.17073077
v -11.58737009 0.08803498 1.17115779
v -11.58888041 0.08813595 1.17263818
v -11.58929983 0.08829998 1.17278724
v -11.58748979 0.08829998 1.17078569
v -11.58762024 0.08814704 1.17122559
v -11.58879970 0.08822595 1.17237717
v -11.58921982 0.08842897 1.17245369
v -11.58781031 0.08842896 1.17089681
v -11.58787016 0.08823406 1.17133638
v -11.58868001 0.08828794 1.17212408
v -11.58909029 0.08852398 1.17212590
v -11.58812981 0.08852398 1.17106092
v -11.58811024 0.08829294 1.17148670
v -11.58851956 0.08832001 1.17188660
v -11.58890951 0.08858203 1.17181359
v -11.58842054 0.08858203 1.17127289
v -11.58832992 0.08832204 1.17167186
v -11.58867953 0.08860206 1.17152628
v -11.57812931 0.08446430 1.15565197
v -11.57970980 0.08468603 1.15458202
v -11.57851523 0.08446752 1.15607897
v -11.57898470 0.08458935 1.15636710
v -11.57786407 0.08458518 1.15513980
v -11.57963010 0.08488893 1.15650781
v -11.57778707 0.08488678 1.15447394
v -11.58058344 0.08572649 1.15595275
v -11.58029154 0.08537959 1.15629659
v -11.57800025 0.08529460 1.15393041
v -11.57833105 0.08564328 1.15363030
v -11.57877997 0.08597397 1.15348974
v -11.57928531 0.08624291 1.15352813
v -11.57978407 0.08642148 1.15374268
v -11.58022231 0.08648514 1.15410329
v -11.58060704 0.08640312 1.15468608
v -11.58074074 0.08608901 1.15543348
v -11.57607847 0.08839106 1.15800424
v -11.57667105 0.08851909 1.15840892
v -11.57568137 0.08846449 1.15742330
v -11.57716767 0.08873772 1.15855223
v -11.57550701 0.08871316 1.15675484
v -11.57765746 0.08903562 1.15851683
v -11.57562774 0.08909618 1.15615971
v -11.57817337 0.08949100 1.15821807
v -11.57590791 0.08944260 1.15579910
v -11.57643231 0.08988022 1.15555126
v -11.57845263 0.08998929 1.15757528
v -11.57838474 0.09028232 1.15694111
v -11.57704949 0.09020852 1.15560208
v -11.57815793 0.09040880 1.15644452
v -11.57768156 0.09041046 1.15591539
v -11.57601957 0.08814203 1.15841769
v -11.57576058 0.08812296 1.15816417
v -11.57552965 0.08814203 1.15787700
v -11.57535077 0.08819996 1.15756465
v -11.57630935 0.08819996 1.15862973
v -11.57521934 0.08829497 1.15723684
v -11.57662980 0.08829497 1.15879370
v -11.57513933 0.08842396 1.15690329
v -11.57694937 0.08842396 1.15890490
v -11.57512045 0.08858298 1.15657428
v -11.57726991 0.08858299 1.15895968
v -11.57515048 0.08876800 1.15626000
v -11.57758947 0.08876800 1.15895662
v -11.57524006 0.08897197 1.15596963
v -11.57788993 0.08897196 1.15889566
v -11.57537981 0.08918905 1.15571210
v -11.57815988 0.08918904 1.15877871
v -11.57558034 0.08941303 1.15549539
v -11.57838983 0.08941304 1.15860926
v -11.57581029 0.08963703 1.15532600
v -11.57859036 0.08963703 1.15839261
v -11.57608024 0.08985399 1.15520899
v -11.57873011 0.08985400 1.15813508
v -11.57881969 0.09005796 1.15784483
v -11.57638070 0.09005796 1.15514808
v -11.57885067 0.09024202 1.15753036
v -11.57669931 0.09024202 1.15514499
v -11.57882989 0.09040104 1.15720138
v -11.57701984 0.09040105 1.15519978
v -11.57874988 0.09053003 1.15686790
v -11.57879972 0.09046304 1.15705231
v -11.57733941 0.09053003 1.15531103
v -11.57862035 0.09062504 1.15653999
v -11.57765987 0.09062504 1.15547500
v -11.57844051 0.09068297 1.15622772
v -11.57794964 0.09068298 1.15568699
v -11.57821054 0.09070300 1.15594047
v -11.59393022 0.07249998 1.18138100
v -11.59305734 0.10403632 1.14894777
v -11.59283119 0.07298850 1.14799086
v -11.59184136 0.08466875 1.18144228
v -11.56990693 0.09054338 1.14900861
v -11.56912623 0.07395255 1.17045769
v -11.57064318 0.07813238 1.14793809
v -11.59192947 0.09043597 1.14800031
v -11.63987338 0.05749809 1.15548619
v -11.64173931 0.06873785 1.14801965
v -11.64193027 0.05749999 1.14800031
v -11.65558629 0.05750000 1.16758630
v -11.64193052 0.07249998 1.14800027
v -11.68493138 0.07249998 1.20727584
v -11.68375977 0.05750000 1.20800041
v -11.59193031 0.08812701 1.14800028
v -11.57175308 0.07305609 1.14800029
v -11.57157720 0.07637118 1.14800030
v -11.57071016 0.07931005 1.16945060
v -11.65075398 0.07249998 1.17119855
v -11.64022072 0.07249998 1.15604106
v -11.63762904 0.07249998 1.15535777
v -11.62823567 0.07249999 1.15601732
v -11.60180734 0.07249998 1.15601185
v -11.60061647 0.07249998 1.15811237
v -11.62925648 0.07249998 1.15838620
v -11.61444463 0.07249998 1.18675273
v -11.61968864 0.07249998 1.18988978
v -11.60528066 0.07249998 1.18929157
v -11.61046199 0.07249998 1.18515515
v -11.60297060 0.07249998 1.19372503
v -11.56695847 0.07089065 1.17498533
v -11.59215060 0.07249998 1.18245749
v -11.65611010 0.07249998 1.17885177
v -11.65354703 0.07249998 1.17889704
v -11.63643233 0.07249998 1.19860863
v -11.66688341 0.07249998 1.19432717
v -11.64188301 0.07249998 1.20144709
v -11.64165786 0.07249998 1.20822908
v -11.67232844 0.07249998 1.20210466
v -11.66979072 0.07249998 1.20190260
v -11.65856511 0.07249998 1.21013380
v -11.67974505 0.07249998 1.21274472
v -11.66413777 0.07249998 1.21302218
v -11.69715570 0.07249998 1.20891764
v -11.69710000 0.07249998 1.20704460
v -11.69675953 0.07249998 1.21400029
v -11.68776031 0.07249998 1.21400028
v -11.67972863 0.07249998 1.21878791
v -11.68476365 0.07249998 1.23066649
v -11.67763851 0.07249998 1.22017137
v -11.68775958 0.07249998 1.23066652
v -11.56702018 0.05842899 1.17502672
v -11.56742515 0.05755817 1.14800030
v -11.63583064 0.05749999 1.14800029
v -11.63727624 0.05750000 1.15599608
v -11.62824221 0.05750000 1.15602465
v -11.62925718 0.05750000 1.15838623
v -11.60180990 0.05750000 1.15600916
v -11.60061621 0.05749999 1.15811235
v -11.58063689 0.05749999 1.15733837
v -11.58279280 0.05750000 1.16100035
v -11.58457489 0.05750000 1.16797472
v -11.57536430 0.05750000 1.16306242
v -11.57616340 0.05749999 1.15822913
v -11.65075373 0.05749999 1.17119853
v -11.61967391 0.05750000 1.18988009
v -11.60528041 0.05749999 1.18929161
v -11.61046174 0.05749999 1.18515520
v -11.61444438 0.05750000 1.18675272
v -11.58063653 0.05749999 1.16466221
v -11.58921022 0.05749999 1.17200038
v -11.58089928 0.05750000 1.17164198
v -11.64188371 0.05750000 1.20144706
v -11.65354677 0.05750000 1.17889702
v -11.63643208 0.05750000 1.19860861
v -11.65610985 0.05750000 1.17885175
v -11.58421156 0.05750000 1.17605359
v -11.60297035 0.05750000 1.19372549
v -11.66688315 0.05749999 1.19432716
v -11.63142510 0.05750000 1.20290163
v -11.66413752 0.05750000 1.21302223
v -11.66979047 0.05750000 1.20190258
v -11.65856486 0.05750000 1.21013378
v -11.67232819 0.05749999 1.20210470
v -11.67974480 0.05749999 1.21274470
v -11.68476245 0.05750000 1.23066648
v -11.68776006 0.05749999 1.20800027
v -11.68776028 0.05750000 1.23066648
v -11.67972933 0.05750000 1.21878787
v -11.67763826 0.05750000 1.22017135
v -11.57970917 -0.04468597 1.15458202
v -11.58043355 -0.04646541 1.15437559
v -11.58005511 -0.04647375 1.15394020
v -11.57957780 -0.04636098 1.15363339
v -11.58066531 -0.04633821 1.15487602
v -11.57895046 -0.04608060 1.15347291
v -11.58073274 -0.04603864 1.15552326
v -11.57836263 -0.04567016 1.15361343
v -11.58045278 -0.04554642 1.15615386
v -11.57799988 -0.04529930 1.15392242
v -11.57986348 -0.04503430 1.15648559
v -11.57779964 -0.04492450 1.15442060
v -11.57924221 -0.04469169 1.15645623
v -11.57785388 -0.04457880 1.15513238
v -11.57827042 -0.04444731 1.15584175
v -11.57873114 -0.04451133 1.15623776
v -11.57750400 -0.05036736 1.15580435
v -11.57794218 -0.05043066 1.15616461
v -11.57832602 -0.05034912 1.15674687
v -11.57700255 -0.05018891 1.15558985
v -11.57846050 -0.05002106 1.15752256
v -11.57637272 -0.04983915 1.15556232
v -11.57830027 -0.04966701 1.15801862
v -11.57588607 -0.04942108 1.15581894
v -11.57808931 -0.04941083 1.15828181
v -11.57557073 -0.04900123 1.15627815
v -11.57769270 -0.04906190 1.15850744
v -11.57721677 -0.04876376 1.15855674
v -11.57552046 -0.04870296 1.15679128
v -11.57564475 -0.04847635 1.15736295
v -11.57671587 -0.04853643 1.15842949
v -11.57612674 -0.04839421 1.15805204
v -11.57844007 -0.05068398 1.15622770
v -11.57821008 -0.05070401 1.15594051
v -11.57795015 -0.05068398 1.15568702
v -11.57766043 -0.05062605 1.15547499
v -11.57862091 -0.05062605 1.15653997
v -11.57734006 -0.05053104 1.15531102
v -11.57875053 -0.05053104 1.15686788
v -11.57702061 -0.05040206 1.15519978
v -11.57879948 -0.05046404 1.15705232
v -11.57883066 -0.05040205 1.15720139
v -11.57670023 -0.05024303 1.15514499
v -11.57885064 -0.05024303 1.15753038
v -11.57637988 -0.05005897 1.15514810
v -11.57881982 -0.05005897 1.15784483
v -11.57607961 -0.04985500 1.15520903
v -11.57873043 -0.04985500 1.15813510
v -11.57580986 -0.04963804 1.15532599
v -11.57858993 -0.04963804 1.15839260
v -11.57838960 -0.04941297 1.15860927
v -11.57558012 -0.04941297 1.15549541
v -11.57815986 -0.04918898 1.15877869
v -11.57537979 -0.04918898 1.15571208
v -11.57789011 -0.04897202 1.15889571
v -11.57523929 -0.04897202 1.15596964
v -11.57758984 -0.04876805 1.15895658
v -11.57727045 -0.04858399 1.15895967
v -11.57514990 -0.04876805 1.15626003
v -11.57695006 -0.04842497 1.15890488
v -11.57512004 -0.04858399 1.15657428
v -11.57662966 -0.04829598 1.15879372
v -11.57514002 -0.04842497 1.15690327
v -11.57630929 -0.04820097 1.15862969
v -11.57521919 -0.04829598 1.15723680
v -11.57601957 -0.04814304 1.15841772
v -11.57535072 -0.04820097 1.15756467
v -11.57576060 -0.04812301 1.15816421
v -11.57552965 -0.04814304 1.15787698
v -11.58832975 -0.04832304 1.17167187
v -11.58891005 -0.04858304 1.17181356
v -11.58868006 -0.04860199 1.17152631
v -11.58811010 -0.04829396 1.17148669
v -11.58842013 -0.04858304 1.17127288
v -11.58787007 -0.04823495 1.17133637
v -11.58812946 -0.04852499 1.17106093
v -11.58851940 -0.04832102 1.17188664
v -11.58908994 -0.04852499 1.17212591
v -11.58762023 -0.04814804 1.17122558
v -11.58781004 -0.04842902 1.17089681
v -11.58867988 -0.04828895 1.17212412
v -11.58921955 -0.04842902 1.17245369
v -11.58737019 -0.04803599 1.17115777
v -11.58748964 -0.04830099 1.17078573
v -11.58879962 -0.04822696 1.17237717
v -11.58927041 -0.04836203 1.17263821
v -11.58888041 -0.04813696 1.17263819
v -11.58929968 -0.04830099 1.17278721
v -11.58711042 -0.04790104 1.17113496
v -11.58715971 -0.04814101 1.17073079
v -11.58892019 -0.04802204 1.17289918
v -11.58931966 -0.04814101 1.17311619
v -11.58686957 -0.04774905 1.17115779
v -11.58684986 -0.04795695 1.17073389
v -11.58928980 -0.04795695 1.17343062
v -11.58890930 -0.04788602 1.17315229
v -11.58663997 -0.04758395 1.17122558
v -11.58655054 -0.04775298 1.17079487
v -11.58919946 -0.04775299 1.17372103
v -11.58886000 -0.04773200 1.17338979
v -11.58643973 -0.04741002 1.17133643
v -11.58628079 -0.04753603 1.17091183
v -11.58904942 -0.04753602 1.17397839
v -11.58877025 -0.04756499 1.17360442
v -11.58863041 -0.04739095 1.17378970
v -11.58885958 -0.04731203 1.17419513
v -11.58626973 -0.04723299 1.17148668
v -11.58603961 -0.04731203 1.17108132
v -11.58846041 -0.04721404 1.17394001
v -11.58862984 -0.04708804 1.17436461
v -11.58614038 -0.04705895 1.17167191
v -11.58585072 -0.04708804 1.17129798
v -11.58826017 -0.04704095 1.17405082
v -11.58836009 -0.04687096 1.17448152
v -11.58604014 -0.04689206 1.17188659
v -11.58571022 -0.04687095 1.17155537
v -11.58804011 -0.04687501 1.17411861
v -11.58805982 -0.04666699 1.17454251
v -11.58599084 -0.04673804 1.17212409
v -11.58778972 -0.04672302 1.17414141
v -11.58774043 -0.04648305 1.17454559
v -11.58562083 -0.04666699 1.17184582
v -11.58599044 -0.04660202 1.17237719
v -11.58754045 -0.04658903 1.17411861
v -11.58742004 -0.04632403 1.17449074
v -11.58558048 -0.04648305 1.17216018
v -11.58601973 -0.04648698 1.17263819
v -11.58727991 -0.04647602 1.17405079
v -11.58709010 -0.04619504 1.17437962
v -11.58560999 -0.04632402 1.17248907
v -11.58610052 -0.04639698 1.17289921
v -11.58703007 -0.04638899 1.17394001
v -11.58678023 -0.04610003 1.17421554
v -11.58567963 -0.04619504 1.17282264
v -11.58622980 -0.04633499 1.17315228
v -11.58679004 -0.04632998 1.17378969
v -11.58649050 -0.04604102 1.17400350
v -11.58581974 -0.04610003 1.17315049
v -11.58637979 -0.04630304 1.17338982
v -11.58657993 -0.04630102 1.17360441
v -11.58622009 -0.04602195 1.17375008
v -11.58599963 -0.04604102 1.17346283
v -11.59692962 -0.02499999 1.15726213
v -11.59635211 -0.02702785 1.15600092
v -11.59707506 -0.02710177 1.15600096
v -11.59772945 -0.02694703 1.15600090
v -11.59569412 -0.02670670 1.15600091
v -11.59838014 -0.02653254 1.15600102
v -11.59519361 -0.02619410 1.15600081
v -11.59881440 -0.02594007 1.15600097
v -11.59488774 -0.02553833 1.15600082
v -11.59902552 -0.02523912 1.15600106
v -11.59483372 -0.02478016 1.15600088
v -11.59898102 -0.02451743 1.15600108
v -11.59867803 -0.02382065 1.15600097
v -11.59802211 -0.02318312 1.15600138
v -11.59713709 -0.02290345 1.15600085
v -11.59625097 -0.02299083 1.15600138
v -11.59533884 -0.02359820 1.15600130
v -11.59495031 -0.02428199 1.15600029
v -11.59696853 -0.02711941 1.14800031
v -11.59802645 -0.02681614 1.14800037
v -11.59607203 -0.02692522 1.14800030
v -11.59534261 -0.02640582 1.14800026
v -11.59877746 -0.02603866 1.14800029
v -11.59485279 -0.02544618 1.14800026
v -11.59900001 -0.02536500 1.14800031
v -11.59902508 -0.02476025 1.14800027
v -11.59488758 -0.02446486 1.14800030
v -11.59873362 -0.02388502 1.14800026
v -11.59528283 -0.02366508 1.14800027
v -11.59794230 -0.02313698 1.14800025
v -11.59616636 -0.02302183 1.14800031
v -11.59707540 -0.02289821 1.14800028
v -11.59647997 -0.02756096 1.14800032
v -11.59693015 -0.02760006 1.14800030
v -11.59738037 -0.02756096 1.14800030
v -11.59782013 -0.02744294 1.14800030
v -11.59604032 -0.02744294 1.14800027
v -11.59823036 -0.02725197 1.14800025
v -11.59563027 -0.02725197 1.14800031
v -11.59859961 -0.02699197 1.14800032
v -11.59526031 -0.02699197 1.14800027
v -11.59892023 -0.02667201 1.14800028
v -11.59493044 -0.02667202 1.14800030
v -11.59917984 -0.02629996 1.14800030
v -11.59481033 -0.02651096 1.14800030
v -11.59468071 -0.02629996 1.14800026
v -11.59936984 -0.02589000 1.14800031
v -11.59447965 -0.02589000 1.14800028
v -11.59948927 -0.02545203 1.14800030
v -11.59437016 -0.02545203 1.14800028
v -11.59952954 -0.02499998 1.14800027
v -11.59433031 -0.02499999 1.14800030
v -11.59948969 -0.02454902 1.14800030
v -11.59437058 -0.02454902 1.14800028
v -11.59448047 -0.02411104 1.14800031
v -11.59936971 -0.02411104 1.14800029
v -11.59468000 -0.02370001 1.14800027
v -11.59918009 -0.02370001 1.14800030
v -11.59493007 -0.02332903 1.14800027
v -11.59892083 -0.02332903 1.14800030
v -11.59526024 -0.02300895 1.14800026
v -11.59859954 -0.02300895 1.14800031
v -11.59563044 -0.02274896 1.14800031
v -11.59822958 -0.02274895 1.14800028
v -11.59604067 -0.02255703 1.14800031
v -11.59781953 -0.02255703 1.14800030
v -11.59647948 -0.02243996 1.14800028
v -11.59737988 -0.02243997 1.14800032
v -11.59692969 -0.02240003 1.14800032
v -11.57692912 -0.02499999 1.15726214
v -11.57635162 -0.02702797 1.15600093
v -11.57737217 -0.02708543 1.15600095
v -11.57569649 -0.02670885 1.15600089
v -11.57837774 -0.02653564 1.15600103
v -11.57519407 -0.02619553 1.15600080
v -11.57881295 -0.02594305 1.15600103
v -11.57488915 -0.02554430 1.15600079
v -11.57902503 -0.02523900 1.15600103
v -11.57485242 -0.02455855 1.15600150
v -11.57898053 -0.02451933 1.15600106
v -11.57859177 -0.02367986 1.15600143
v -11.57797963 -0.02318204 1.15600031
v -11.57732736 -0.02291883 1.15600124
v -11.57641454 -0.02295578 1.15600091
v -11.57574769 -0.02325631 1.15600092
v -11.57522954 -0.02375484 1.15600097
v -11.57640909 -0.02704335 1.14850215
v -11.57732761 -0.02708138 1.14850300
v -11.57815375 -0.02672101 1.14850144
v -11.57574633 -0.02674342 1.14850231
v -11.57867766 -0.02618051 1.14850229
v -11.57522866 -0.02624369 1.14850344
v -11.57898131 -0.02548398 1.14850345
v -11.57490369 -0.02560092 1.14850262
v -11.57902456 -0.02476371 1.14850327
v -11.57483641 -0.02464820 1.14850242
v -11.57873501 -0.02388657 1.14850351
v -11.57519350 -0.02380372 1.14850107
v -11.57810768 -0.02325297 1.14850257
v -11.57569833 -0.02329076 1.14850230
v -11.57724656 -0.02290440 1.14850350
v -11.57635660 -0.02297116 1.14850182
v -11.57648043 -0.02756096 1.14800032
v -11.57692966 -0.02760006 1.14800032
v -11.57737988 -0.02756096 1.14800026
v -11.57782059 -0.02744294 1.14800030
v -11.57603983 -0.02744294 1.14800029
v -11.57823082 -0.02725197 1.14800025
v -11.57562978 -0.02725197 1.14800026
v -11.57855032 -0.02702905 1.14799261
v -11.57525982 -0.02699197 1.14800029
v -11.57891974 -0.02667201 1.14800030
v -11.57494044 -0.02667201 1.14800026
v -11.57918031 -0.02629996 1.14800030
v -11.57467068 -0.02629996 1.14800025
v -11.57937030 -0.02589000 1.14800031
v -11.57447915 -0.02589000 1.14800030
v -11.57948973 -0.02545203 1.14800030
v -11.57436967 -0.02545203 1.14800029
v -11.57953000 -0.02499998 1.14800027
v -11.57432982 -0.02499999 1.14800032
v -11.57949015 -0.02454902 1.14800030
v -11.57437008 -0.02454902 1.14800030
v -11.57447997 -0.02411104 1.14800026
v -11.57937017 -0.02411104 1.14800029
v -11.57466997 -0.02370001 1.14800027
v -11.57918055 -0.02370001 1.14800030
v -11.57494007 -0.02332903 1.14800029
v -11.57892033 -0.02332903 1.14800026
v -11.57525975 -0.02300895 1.14800028
v -11.57860000 -0.02300895 1.14800031
v -11.57562995 -0.02274895 1.14800027
v -11.57823004 -0.02274895 1.14800028
v -11.57604018 -0.02255703 1.14800027
v -11.57781999 -0.02255703 1.14800030
v -11.57647994 -0.02243996 1.14800028
v -11.57737938 -0.02243996 1.14800028
v -11.57692920 -0.02240003 1.14800028
v -11.58493044 0.06332802 1.15300029
v -11.58647997 0.06243896 1.15300029
v -11.58693015 0.06239997 1.15300028
v -11.58738037 0.06243896 1.15300028
v -11.58781918 0.06255698 1.15300030
v -11.58604032 0.06255697 1.15300031
v -11.58822941 0.06274795 1.15300031
v -11.58563027 0.06274795 1.15300028
v -11.58859961 0.06300795 1.15300030
v -11.58525077 0.06300794 1.15300029
v -11.58892024 0.06332802 1.15300033
v -11.58917985 0.06369995 1.15300034
v -11.58936984 0.06411003 1.15300029
v -11.58949023 0.06454801 1.15300032
v -11.58437016 0.06454800 1.15300032
v -11.58451870 0.06399297 1.15300030
v -11.58952954 0.06500005 1.15300031
v -11.58433031 0.06500005 1.15300028
v -11.58949064 0.06545101 1.15300032
v -11.58447951 0.06588900 1.15300031
v -11.58437058 0.06545102 1.15300032
v -11.58525070 0.06699096 1.15300028
v -11.58484132 0.06656860 1.15300030
v -11.58647948 0.06755995 1.15300031
v -11.58603972 0.06744301 1.15300031
v -11.58562949 0.06725096 1.15300030
v -11.58781953 0.06744300 1.15300034
v -11.58737988 0.06755995 1.15300030
v -11.58692970 0.06760000 1.15300031
v -11.58891987 0.06667101 1.15300030
v -11.58859954 0.06699096 1.15300034
v -11.58822958 0.06725096 1.15300031
v -11.58937066 0.06588899 1.15300032
v -11.58917914 0.06630003 1.15300030
v -11.58647981 0.06243895 1.14800030
v -11.58692999 0.06239997 1.14800029
v -11.58738021 0.06243895 1.14800029
v -11.58781997 0.06255697 1.14800029
v -11.58604016 0.06255697 1.14800026
v -11.58822924 0.06274795 1.14800032
v -11.58563011 0.06274794 1.14800029
v -11.58859944 0.06300794 1.14800031
v -11.58525061 0.06300794 1.14800030
v -11.58892007 0.06332802 1.14800028
v -11.58484352 0.06342827 1.14800025
v -11.58917968 0.06369995 1.14800029
v -11.58937063 0.06411003 1.14800029
v -11.58447948 0.06411003 1.14800028
v -11.58949006 0.06454800 1.14800027
v -11.58437000 0.06454801 1.14800027
v -11.58952938 0.06500005 1.14800026
v -11.58433015 0.06500005 1.14800029
v -11.58949048 0.06545102 1.14800027
v -11.58437041 0.06545102 1.14800027
v -11.58937050 0.06588899 1.14800027
v -11.58451947 0.06600868 1.14800027
v -11.58917993 0.06630002 1.14800029
v -11.58891971 0.06667101 1.14800031
v -11.58492991 0.06667101 1.14800027
v -11.58859938 0.06699096 1.14800029
v -11.58525054 0.06699096 1.14800029
v -11.58822942 0.06725096 1.14800032
v -11.58563028 0.06725096 1.14800030
v -11.58781937 0.06744301 1.14800029
v -11.58604051 0.06744300 1.14800030
v -11.58737971 0.06755995 1.14800031
v -11.58647931 0.06755995 1.14800032
v -11.58692953 0.06760000 1.14800032
v -11.58484172 -0.02343143 1.15300028
v -11.58647941 -0.02756096 1.15300029
v -11.58692959 -0.02760006 1.15300034
v -11.58737981 -0.02756096 1.15300034
v -11.58781957 -0.02744294 1.15300034
v -11.58603976 -0.02744294 1.15300031
v -11.58822980 -0.02725197 1.15300029
v -11.58562971 -0.02725197 1.15300034
v -11.58860000 -0.02699197 1.15300028
v -11.58525021 -0.02699197 1.15300029
v -11.58891968 -0.02667201 1.15300032
v -11.58492988 -0.02667202 1.15300034
v -11.58917928 -0.02629996 1.15300034
v -11.58468015 -0.02629996 1.15300029
v -11.58937024 -0.02589000 1.15300033
v -11.58448004 -0.02589000 1.15300030
v -11.58949062 -0.02545203 1.15300030
v -11.58437055 -0.02545203 1.15300030
v -11.58952993 -0.02499998 1.15300029
v -11.58432975 -0.02499999 1.15300034
v -11.58949008 -0.02454902 1.15300032
v -11.58932724 -0.02398802 1.15300029
v -11.58894696 -0.02335740 1.15300031
v -11.58447991 -0.02411104 1.15300028
v -11.58437002 -0.02454902 1.15300031
v -11.58647987 -0.02243996 1.15300030
v -11.58604011 -0.02255703 1.15300029
v -11.58562988 -0.02274895 1.15300029
v -11.58525014 -0.02300895 1.15300034
v -11.58781992 -0.02255703 1.15300032
v -11.58738027 -0.02243996 1.15300028
v -11.58693009 -0.02240003 1.15300028
v -11.58859993 -0.02300895 1.15300033
v -11.58822997 -0.02274896 1.15300030
v -11.58737965 -0.02756096 1.14800029
v -11.58692943 -0.02760006 1.14800029
v -11.58647925 -0.02756096 1.14800030
v -11.58781941 -0.02744294 1.14800029
v -11.58603960 -0.02744294 1.14800032
v -11.58822964 -0.02725197 1.14800030
v -11.58562955 -0.02725197 1.14800029
v -11.58859984 -0.02699197 1.14800029
v -11.58525005 -0.02699197 1.14800030
v -11.58894814 -0.02664281 1.14800029
v -11.58484392 -0.02657212 1.14800027
v -11.58932805 -0.02600945 1.14800032
v -11.58447988 -0.02589000 1.14800031
v -11.58949046 -0.02545203 1.14800031
v -11.58437039 -0.02545203 1.14800031
v -11.58952977 -0.02499999 1.14800030
v -11.58433054 -0.02499998 1.14800027
v -11.58949087 -0.02454902 1.14800031
v -11.58436985 -0.02454901 1.14800027
v -11.58936994 -0.02411104 1.14800032
v -11.58447974 -0.02411104 1.14800029
v -11.58917937 -0.02370001 1.14800029
v -11.58468024 -0.02370001 1.14800030
v -11.58892010 -0.02332903 1.14800028
v -11.58493031 -0.02332903 1.14800030
v -11.58859977 -0.02300895 1.14800028
v -11.58524998 -0.02300895 1.14800029
v -11.58822981 -0.02274896 1.14800031
v -11.58562972 -0.02274896 1.14800030
v -11.58781976 -0.02255703 1.14800027
v -11.58603995 -0.02255703 1.14800030
v -11.58738011 -0.02243997 1.14800029
v -11.58647971 -0.02243997 1.14800031
v -11.58692992 -0.02240003 1.14800029
v -11.63193032 0.06500005 1.15300029
v -11.63149043 0.06253802 1.15300033
v -11.63193012 0.06249999 1.15300030
v -11.63236030 0.06253802 1.15300029
v -11.63278003 0.06264996 1.15300032
v -11.63106985 0.06264996 1.15300030
v -11.63317976 0.06283497 1.15300031
v -11.63067982 0.06283497 1.15300034
v -11.63352993 0.06308495 1.15300030
v -11.63032035 0.06308495 1.15300032
v -11.63384006 0.06339299 1.15300030
v -11.63001050 0.06339299 1.15300028
v -11.63409012 0.06375002 1.15300029
v -11.62975982 0.06375002 1.15300030
v -11.63428011 0.06414496 1.15300029
v -11.62957973 0.06414496 1.15300033
v -11.63439000 0.06456601 1.15300033
v -11.62945974 0.06456600 1.15300033
v -11.63443026 0.06500005 1.15300033
v -11.62943037 0.06500005 1.15300031
v -11.63439040 0.06543397 1.15300030
v -11.62957956 0.06585502 1.15300029
v -11.62946014 0.06543397 1.15300029
v -11.63032021 0.06691503 1.15300033
v -11.63001008 0.06660699 1.15300033
v -11.62976002 0.06624996 1.15300034
v -11.63148984 0.06746196 1.15300033
v -11.63107011 0.06734895 1.15300032
v -11.63067992 0.06716500 1.15300033
v -11.63277934 0.06734895 1.15300029
v -11.63235972 0.06746196 1.15300030
v -11.63192956 0.06749998 1.15300034
v -11.63383964 0.06660699 1.15300035
v -11.63352979 0.06691503 1.15300031
v -11.63317986 0.06716501 1.15300031
v -11.63427995 0.06585502 1.15300032
v -11.63409033 0.06624996 1.15300033
v -11.63192976 -0.02499999 1.15300034
v -11.63148987 -0.02746201 1.15300032
v -11.63192955 -0.02750004 1.15300030
v -11.63235974 -0.02746202 1.15300035
v -11.63277947 -0.02734996 1.15300032
v -11.63106929 -0.02734996 1.15300030
v -11.63318016 -0.02716494 1.15300030
v -11.63067926 -0.02716495 1.15300033
v -11.63353032 -0.02691496 1.15300029
v -11.63031979 -0.02691496 1.15300032
v -11.63384045 -0.02660705 1.15300034
v -11.63000994 -0.02660705 1.15300034
v -11.63408956 -0.02625001 1.15300034
v -11.62976021 -0.02625001 1.15300034
v -11.63427955 -0.02585495 1.15300029
v -11.62958012 -0.02585495 1.15300031
v -11.63439039 -0.02543403 1.15300031
v -11.62946014 -0.02543403 1.15300031
v -11.63443065 -0.02499998 1.15300030
v -11.62943077 -0.02499998 1.15300029
v -11.63439079 -0.02456594 1.15300028
v -11.62957996 -0.02414502 1.15300033
v -11.62945958 -0.02456594 1.15300029
v -11.63031965 -0.02308501 1.15300032
v -11.63001047 -0.02339304 1.15300031
v -11.62976041 -0.02374996 1.15300032
v -11.63149023 -0.02253796 1.15300032
v -11.63106955 -0.02265097 1.15300032
v -11.63067935 -0.02283503 1.15300033
v -11.63277973 -0.02265097 1.15300034
v -11.63236011 -0.02253795 1.15300029
v -11.63192996 -0.02250005 1.15300032
v -11.63384003 -0.02339304 1.15300032
v -11.63353018 -0.02308501 1.15300029
v -11.63318025 -0.02283502 1.15300029
v -11.63427939 -0.02414502 1.15300031
v -11.63408976 -0.02374996 1.15300033
v -11.55489061 0.05247520 1.14384792
v -11.55096011 -0.01246572 1.14455546
v -11.55489025 -0.01231600 1.14384799
v -11.55096055 0.05248832 1.14455538
v -11.55487431 0.05305420 1.14371481
v -11.55093055 0.05310559 1.14440151
v -11.55481492 0.05358779 1.14340519
v -11.55087276 0.05363511 1.14407341
v -11.55474982 0.05392706 1.14304559
v -11.55081021 0.05392705 1.14375309
v -11.55467959 0.05415642 1.14266748
v -11.55074534 0.05416404 1.14335326
v -11.55201726 0.05918276 1.12782591
v -11.54807774 0.05918049 1.12853854
v -11.54764954 0.05742334 1.12612294
v -11.55159985 0.05789088 1.12552713
v -11.55157959 0.05738496 1.12541551
v -11.54768159 0.05808615 1.12630671
v -11.55164080 0.05833255 1.12573575
v -11.54772427 0.05848538 1.12656240
v -11.55170427 0.05873464 1.12609187
v -11.54779792 0.05886828 1.12695663
v -11.55175010 0.05893957 1.12636934
v -11.55183586 0.05914473 1.12680737
v -11.54790484 0.05916094 1.12757054
v -11.55192984 0.05922400 1.12733984
v -11.54799019 0.05922412 1.12804472
v -11.55158034 -0.01739372 1.12541544
v -11.54765035 -0.01722504 1.12612286
v -11.55201727 -0.01918388 1.12782418
v -11.54798941 -0.01922573 1.12805466
v -11.55192998 -0.01922572 1.12734762
v -11.54808194 -0.01917518 1.12855868
v -11.55186990 -0.01919008 1.12701058
v -11.54789359 -0.01914800 1.12752223
v -11.55181008 -0.01909710 1.12668756
v -11.55175431 -0.01894475 1.12637649
v -11.54779002 -0.01884199 1.12692021
v -11.55170965 -0.01874281 1.12610089
v -11.55166001 -0.01850093 1.12586725
v -11.54770397 -0.01833630 1.12644575
v -11.55162916 -0.01821423 1.12567228
v -11.55160019 -0.01790000 1.12553082
v -11.54765780 -0.01772989 1.12618200
v -11.55467532 -0.01416517 1.14264555
v -11.55074946 -0.01415695 1.14337634
v -11.55084253 -0.01380981 1.14390388
v -11.55090938 -0.01333404 1.14428794
v -11.55094015 -0.01293100 1.14446031
v -11.55476798 -0.01385082 1.14314975
v -11.55484465 -0.01338268 1.14355115
v -11.55488733 -0.01278461 1.14380121
v -11.54768009 0.41682517 1.17860430
v -11.58768028 0.41606366 1.18143800
v -11.54768075 0.41612564 1.18163381
v -11.58768062 0.41693675 1.17851852
v -11.58768066 0.41908441 1.17706096
v -11.54768083 0.41911257 1.17707217
v -11.57267954 0.42691243 1.20362070
v -11.57267972 0.43541418 1.22936186
v -11.57267971 0.42402064 1.20118570
v -11.57268011 0.47342670 1.20261511
v -11.57267991 0.44572484 1.23105511
v -11.57268012 0.43781698 1.23094607
v -11.57268005 0.47650586 1.20056550
v -11.57268029 0.47719634 1.23100775
v -11.57268043 0.47579895 1.23296040
v -11.57267993 0.45158754 1.24536403
v -11.57267976 0.45404565 1.24696910
v -11.57267967 0.47961509 1.24256897
v -11.57267969 0.47642336 1.24697416
v -11.57267974 0.48643697 1.23094880
v -11.57268005 0.48914943 1.22601556
v -11.57268035 0.47734510 1.19680352
v -11.57267958 0.47874344 1.24544661
v -11.57268009 0.48899640 1.22860135
v -11.54768086 0.43776976 1.23095702
v -11.54768075 0.43537295 1.22927701
v -11.54768050 0.44578228 1.23111069
v -11.54767994 0.45145858 1.24505340
v -11.54768013 0.45370065 1.24696661
v -11.54768015 0.47609983 1.24697601
v -11.54768054 0.47842656 1.24587019
v -11.54768000 0.47964682 1.24260948
v -11.54768031 0.47583376 1.23303056
v -11.54768072 0.47711957 1.23100123
v -11.54768003 0.48639117 1.23093321
v -11.54768061 0.48872217 1.22905402
v -11.54768028 0.48927103 1.22632777
v -11.58768081 0.47762692 1.19774071
v -11.58768007 0.46986329 1.17833880
v -11.54768060 0.47012317 1.17892531
v -11.54768025 0.46788228 1.17700332
v -11.58768071 0.46726501 1.17698894
v -11.58768013 0.45324743 1.17694335
v -11.54768044 0.45318661 1.17690850
v -11.58768040 0.44894660 1.16659013
v -11.54768036 0.44896019 1.16664544
v -11.54768062 0.44656430 1.16498774
v -11.58768069 0.44649660 1.16499195
v -11.58768077 0.42358122 1.16500204
v -11.54768085 0.42444239 1.16498504
v -11.54768046 0.42211566 1.16609084
v -11.58768077 0.42080556 1.16872227
v -11.54768018 0.42090047 1.16930317
v -11.58767990 0.42315781 1.17516769
v -11.54768059 0.42304598 1.17482047
v -11.54768007 0.42206465 1.17683471
v -11.58768029 0.42168176 1.17691267
v -11.58768052 0.42433010 1.20191856
v -11.58768055 0.42771851 1.20362242
v -11.58768034 0.47419653 1.20257197
v -11.54768000 -0.38319327 1.17531656
v -11.54768074 -0.38152385 1.17694058
v -11.58767999 -0.38316989 1.17542563
v -11.58768014 -0.38145102 1.17695756
v -11.58768067 -0.38098598 1.16957507
v -11.54768025 -0.38093269 1.16932590
v -11.54768073 -0.38179588 1.16651833
v -11.58768067 -0.38391817 1.16500025
v -11.54768032 -0.38411796 1.16498699
v -11.58768082 -0.38153386 1.16690692
v -11.58768048 -0.40656531 1.16498777
v -11.54768056 -0.40649701 1.16499195
v -11.57267968 -0.44639207 1.23093319
v -11.57267965 -0.44852221 1.22930685
v -11.57267969 -0.44936443 1.22658425
v -11.57268011 -0.43724968 1.19656220
v -11.57268010 -0.43655302 1.20024312
v -11.57267966 -0.43697750 1.23101237
v -11.57267963 -0.43587803 1.23316774
v -11.57268031 -0.43717993 1.24692465
v -11.57267993 -0.43973399 1.24287816
v -11.57268048 -0.40578224 1.23111051
v -11.57268039 -0.41145957 1.24505358
v -11.57268043 -0.41370094 1.24696662
v -11.57268039 -0.43337192 1.20247281
v -11.57268003 -0.38683880 1.20247771
v -11.57267966 -0.39776969 1.23095693
v -11.57267981 -0.39537181 1.22927466
v -11.57268023 -0.38372458 1.20044240
v -11.58768058 -0.38672556 1.20247158
v -11.58768075 -0.38371648 1.20038089
v -11.58768018 -0.43326437 1.20247817
v -11.58767998 -0.43740380 1.19697159
v -11.58767995 -0.43612184 1.20074780
v -11.58767990 -0.41318775 1.17690853
v -11.58768009 -0.43000687 1.17866598
v -11.58768039 -0.42760183 1.17699243
v -11.58767992 -0.40896143 1.16664603
v -11.58768048 -0.37880565 1.17713018
v -11.58768043 -0.37603499 1.18136956
v -11.58768060 -0.37687564 1.17865463
v -11.54767992 -0.40894807 1.16659135
v -11.54768044 -0.41324830 1.17694335
v -11.54768050 -0.42754103 1.17699896
v -11.54768003 -0.42999184 1.17860775
v -11.54768036 -0.44952702 1.22698675
v -11.54767999 -0.44672169 1.23092632
v -11.54768075 -0.43733933 1.23099645
v -11.54768018 -0.43575527 1.23282617
v -11.54768010 -0.43961586 1.24257068
v -11.54768067 -0.43890536 1.24516426
v -11.54767995 -0.43668973 1.24696819
v -11.54768087 -0.41431560 1.24697549
v -11.54768001 -0.41170312 1.24562068
v -11.54768014 -0.40572488 1.23105500
v -11.54768021 -0.39810479 1.23096433
v -11.54768026 -0.39551556 1.22960770
v -11.54768046 -0.37615588 1.18171278
v -11.54768071 -0.37671328 1.17877098
v -11.54768009 -0.37908637 1.17706076
v -11.69706967 0.18557202 1.02590132
v -11.70150008 0.18725895 1.02377802
v -11.70005017 0.18475103 1.02299778
v -11.69852054 0.18807995 1.02668148
v -11.63298006 0.22257196 1.02606808
v -11.63442997 0.22507905 1.02684830
v -11.63252025 0.22282195 1.02611332
v -11.63397017 0.22532998 1.02689347
v -11.63207049 0.22304403 1.02624509
v -11.63351945 0.22555195 1.02702529
v -11.63163070 0.22323096 1.02645949
v -11.63307966 0.22573900 1.02723981
v -11.63122080 0.22337699 1.02675006
v -11.63266977 0.22588502 1.02753041
v -11.63085018 0.22347795 1.02710800
v -11.63230010 0.22598599 1.02788828
v -11.63145044 0.22590100 1.02975181
v -11.63009978 0.22348796 1.02846848
v -11.62999956 0.22339295 1.02897161
v -11.63054059 0.22353100 1.02752231
v -11.63198955 0.22603904 1.02830260
v -11.63155066 0.22599600 1.02924871
v -11.63028990 0.22353398 1.02798049
v -11.63173982 0.22604202 1.02876073
v -11.63054982 0.22431599 1.03651089
v -11.62909991 0.22180795 1.03573073
v -11.63044960 0.22422099 1.03701399
v -11.62900064 0.22171306 1.03623376
v -11.62881053 0.22166704 1.03672188
v -11.63026044 0.22417402 1.03750210
v -11.62855984 0.22167002 1.03718000
v -11.63000976 0.22417794 1.03796023
v -11.62824929 0.22172295 1.03759431
v -11.62970016 0.22423099 1.03837448
v -11.62787962 0.22182404 1.03795218
v -11.62933049 0.22433196 1.03873240
v -11.62746972 0.22196995 1.03824269
v -11.62891964 0.22447799 1.03902297
v -11.62702994 0.22215699 1.03845733
v -11.62848081 0.22466503 1.03923747
v -11.62658018 0.22237896 1.03858910
v -11.62803009 0.22488701 1.03936929
v -11.62612037 0.22263001 1.03863421
v -11.62756933 0.22513699 1.03941439
v -11.41890027 0.10203694 1.03733567
v -11.42167023 0.10199403 1.03605228
v -11.41877056 0.10199296 1.03683262
v -11.42179995 0.10203897 1.03655553
v -11.41904026 0.10217105 1.03782372
v -11.42192944 0.10217296 1.03704351
v -11.41916071 0.10239099 1.03828190
v -11.42205943 0.10239303 1.03750163
v -11.41926995 0.10268997 1.03869622
v -11.42217058 0.10269200 1.03791597
v -11.41937064 0.10305905 1.03905402
v -11.42225982 0.10306095 1.03827381
v -11.41943968 0.10348700 1.03934460
v -11.42234031 0.10348903 1.03856436
v -11.41949983 0.10396003 1.03955913
v -11.42240045 0.10396205 1.03877888
v -11.41953950 0.10446500 1.03969090
v -11.42242963 0.10446703 1.03891069
v -11.41955005 0.10498594 1.03973607
v -11.42244972 0.10498797 1.03895591
v -11.41695018 0.10200797 1.03007338
v -11.41984031 0.10201000 1.02929323
v -11.41618012 0.09948598 1.02720711
v -11.41907026 0.09948801 1.02642690
v -11.41616974 0.09901404 1.02716987
v -11.41906941 0.09901594 1.02638972
v -11.41620984 0.09994697 1.02731560
v -11.41909998 0.09994804 1.02653534
v -11.41624930 0.10038303 1.02749253
v -11.41914993 0.10038494 1.02671228
v -11.41632035 0.10078596 1.02773363
v -11.41922003 0.10078704 1.02695338
v -11.41640001 0.10114395 1.02803288
v -11.41929968 0.10114598 1.02725272
v -11.41649004 0.10144901 1.02838284
v -11.41939066 0.10144996 1.02760260
v -11.41659983 0.10169302 1.02877473
v -11.41949950 0.10169398 1.02799451
v -11.41671013 0.10187005 1.02919882
v -11.41960981 0.10187196 1.02841859
v -11.41682936 0.10197603 1.02964448
v -11.41972999 0.10197698 1.02886430
v -11.41616938 0.04111301 1.02703940
v -11.41906959 0.02501594 1.02622288
v -11.41616992 0.02501499 1.02700322
v -11.41828056 0.02202295 1.02331941
v -11.41538947 0.02202105 1.02409958
v -11.45266230 0.30721591 0.82193838
v -11.45135842 0.30680751 0.82105129
v -11.45229566 0.30516253 0.82040226
v -11.45405447 0.30579484 0.82139330
v -11.45201664 0.30553697 0.81901650
v -11.45113408 0.30731486 0.81940042
v -11.45274225 0.30633746 0.81802731
v -11.45372787 0.30794071 0.82164793
v -11.45188396 0.30803261 0.81866262
v -11.45517924 0.30697155 0.82002883
v -11.45422731 0.30876791 0.82025895
v -11.45305522 0.30869602 0.81869923
v -11.45434105 0.30718004 0.81824123
v -11.46693222 0.27943754 0.91492700
v -11.46786712 0.27789175 0.91402583
v -11.46840223 0.27765642 0.91543525
v -11.46779234 0.27935194 0.91643075
v -11.46995596 0.27825440 0.91620223
v -11.46943011 0.28022192 0.91663564
v -11.46743844 0.28022168 0.91365734
v -11.46864089 0.27879666 0.91283691
v -11.47112150 0.27957294 0.91453921
v -11.46871850 0.28105651 0.91341279
v -11.47013549 0.28127633 0.91495523
v -11.46996952 0.27953136 0.91292731
v -11.43601670 0.33445561 0.72679358
v -11.43516972 0.33446491 0.72550397
v -11.43667763 0.33273123 0.72593926
v -11.43607249 0.33304677 0.72422391
v -11.43832654 0.33345603 0.72652303
v -11.43702024 0.33490489 0.72712545
v -11.43531785 0.33496140 0.72444199
v -11.43796711 0.33561908 0.72669749
v -11.43704080 0.33402145 0.72314321
v -11.43603530 0.33561824 0.72381800
v -11.43928086 0.33453045 0.72517764
v -11.43826427 0.33608471 0.72593115
v -11.43726388 0.33626722 0.72397291
v -11.43851830 0.33472824 0.72351895
v -11.43810647 0.33637655 0.72494505
v -11.43459711 0.29691577 0.82160276
v -11.43387288 0.29687117 0.82063340
v -11.43529862 0.29520308 0.82077896
v -11.43469684 0.29533541 0.81954626
v -11.43377101 0.29722523 0.81956975
v -11.43683164 0.29587423 0.82133537
v -11.43584615 0.29750037 0.82195256
v -11.43497191 0.29594624 0.81837379
v -11.43450671 0.29799841 0.81866973
v -11.43658585 0.29703713 0.81795686
v -11.43681819 0.29843734 0.82097995
v -11.43789826 0.29703903 0.81991701
v -11.43535113 0.29850578 0.81861722
v -11.43673171 0.29882086 0.81986653
v -11.43605511 0.29878341 0.81894987
v -11.45023609 0.26929546 0.91623281
v -11.44960760 0.26962612 0.91443406
v -11.45087801 0.26762211 0.91521296
v -11.45206974 0.26797711 0.91606931
v -11.45064303 0.26811028 0.91360954
v -11.45189019 0.27005912 0.91672777
v -11.45333619 0.26881313 0.91580992
v -11.45181886 0.26915050 0.91267174
v -11.45072980 0.27068519 0.91337014
v -11.45272397 0.27091253 0.91576022
v -11.45363633 0.26971637 0.91391648
v -11.45184346 0.27121496 0.91366933
v -11.45262189 0.27129196 0.91462723
v -11.41801302 0.32437608 0.72597425
v -11.41873481 0.32302319 0.72425800
v -11.41947604 0.32275103 0.72606664
v -11.41929641 0.32467579 0.72711718
v -11.41790166 0.32483278 0.72462969
v -11.42080643 0.32335591 0.72648858
v -11.42055358 0.32551658 0.72681689
v -11.42014420 0.32431446 0.72302538
v -11.42182756 0.32422506 0.72576832
v -11.41890397 0.32574854 0.72375547
v -11.42097227 0.32618070 0.72573137
v -11.42036273 0.32639466 0.72426444
v -11.42170261 0.32476437 0.72418349
v -11.41448576 0.36691342 0.60459725
v -11.41480398 0.36634539 0.61283462
v -11.41578038 0.36463570 0.61241429
v -11.41352948 0.36856698 0.60519200
v -11.48528078 0.24335122 1.03545678
v -11.47482876 0.23732065 1.03544389
v -11.47609773 0.23585700 1.03483431
v -11.48607055 0.24161053 1.03483169
v -11.48651782 0.24213802 1.03414056
v -11.48555585 0.24380958 1.03468101
v -11.48561167 0.24369631 1.02876997
v -11.48472159 0.24524938 1.02972669
v -11.47357773 0.23915279 1.02885538
v -11.47478789 0.23766445 1.02820958
v -11.47438914 0.23714922 1.02894932
v -11.47345440 0.23877632 1.02963350
v -11.48481400 0.24345935 1.02819908
v -11.48431868 0.24535262 1.02885959
v -11.41182054 0.36819804 0.60359305
v -11.41229923 0.36833096 0.60397500
v -11.41293526 0.36839593 0.60474829
v -11.41262932 0.36838494 0.60431402
v -11.40296009 0.36286794 0.60415798
v -11.40266438 0.36238611 0.60495465
v -11.40276943 0.36259996 0.60456400
v -11.40325802 0.36318540 0.60377674
v -11.41304619 0.36928427 0.59633045
v -11.41218870 0.37087451 0.59723955
v -11.41342799 0.36869143 0.59843771
v -11.41245901 0.37031865 0.59907167
v -11.41156206 0.37079047 0.59651416
v -11.41227993 0.36902127 0.59586875
v -11.40139923 0.36492740 0.59650748
v -11.40232438 0.36326861 0.59587698
v -11.40093408 0.36438653 0.59721355
v -11.40188348 0.36275482 0.59654968
v -11.40127177 0.36385666 0.59908061
v -11.40224452 0.36225186 0.59838704
v -11.40431303 0.36000322 0.61356894
v -11.40358073 0.35980963 0.61297089
v -11.40453034 0.35815537 0.61237650
v -11.40531441 0.35839009 0.61293296
v -11.40226958 0.36206698 0.60519200
v -11.40321945 0.36042500 0.60455602
v -11.40398144 0.36111474 0.60391455
v -11.40450744 0.36195956 0.60251586
v -11.40351073 0.36401534 0.60201304
v -11.40422693 0.36252176 0.60064499
v -11.40256865 0.36418149 0.60017519
v -11.41311064 0.36654447 0.60350208
v -11.41217129 0.36676061 0.60154287
v -11.41121292 0.36885749 0.60099355
v -11.41247403 0.36769794 0.59957712
v -11.41432793 0.36578142 0.61357313
v -11.41514706 0.36406969 0.61293500
v -11.41462313 0.36607586 0.61325626
v -11.47294013 0.24025999 1.02504193
v -11.48332992 0.24626005 1.02504192
v -11.47528040 0.23728644 1.03614614
v -11.47503236 0.23724150 1.03575218
v -11.47558687 0.23735200 1.03649852
v -11.47596224 0.23744714 1.03680650
v -11.48315007 0.24137997 1.03736709
v -11.47760981 0.23818002 1.03736710
v -11.47633057 0.23757397 1.03703671
v -11.47717985 0.23794804 1.03732974
v -11.47674960 0.23774504 1.03721862
v -11.48354924 0.24162495 1.03733199
v -11.48393007 0.24188398 1.03722791
v -11.48428019 0.24215100 1.03705708
v -11.48457966 0.24241899 1.03682392
v -11.48485051 0.24268305 1.03653399
v -11.48504992 0.24293397 1.03619460
v -11.48519998 0.24316799 1.03581410
v -11.47430794 0.23730361 1.03471313
v -11.47529990 0.23559605 1.03431046
v -11.40264931 0.35194921 0.63188331
v -11.40289756 0.35037398 0.63003461
v -11.40395151 0.35039554 0.63154726
v -11.40205945 0.35196386 0.63096170
v -11.40198045 0.35231076 0.62995296
v -11.40376989 0.35243248 0.63230996
v -11.40345305 0.35132193 0.62840479
v -11.40538875 0.35123812 0.63151531
v -11.40462782 0.35303066 0.63203971
v -11.40263939 0.35302495 0.62908391
v -11.40606071 0.35205612 0.63039939
v -11.40378930 0.35370908 0.62904291
v -11.40504128 0.35392046 0.63036065
v -11.40533352 0.35227714 0.62874476
v -11.41997139 0.36194861 0.63188569
v -11.41937358 0.36196827 0.63094550
v -11.42059959 0.36025692 0.63090103
v -11.42020293 0.36059282 0.62944167
v -11.42196733 0.36072610 0.63172762
v -11.41932950 0.36236284 0.62985723
v -11.42110911 0.36244283 0.63231031
v -11.42129108 0.36169027 0.62822513
v -11.42200334 0.36308072 0.63198678
v -11.42021480 0.36322581 0.62894660
v -11.42332241 0.36185513 0.63083892
v -11.42238880 0.36376510 0.63079731
v -11.42171158 0.36391925 0.62939076
v -11.42295060 0.36231075 0.62909882
v -11.39983871 0.36127496 0.60361093
v -11.39915680 0.36118436 0.60283189
v -11.40064861 0.35956822 0.60293465
v -11.39983128 0.35972570 0.60130982
v -11.39892970 0.36159993 0.60141366
v -11.40110563 0.36192093 0.60383241
v -11.40250536 0.36059499 0.60305600
v -11.40027622 0.36041271 0.60019654
v -11.40027007 0.36275122 0.60044460
v -11.40174113 0.36246215 0.60338467
v -11.40136024 0.36116824 0.59986858
v -11.40202897 0.36303005 0.60234765
v -11.40289308 0.36159789 0.60103826
v -11.40158001 0.36319887 0.60123819
v -11.41299052 0.36915315 0.60287396
v -11.41367712 0.36766601 0.60144786
v -11.41490015 0.36769545 0.60319989
v -11.41452265 0.36962533 0.60394447
v -11.41277836 0.36950324 0.60166257
v -11.41451454 0.36877165 0.59984617
v -11.41352178 0.37036131 0.60054163
v -11.41661845 0.36886345 0.60274762
v -11.41581820 0.37072527 0.60303370
v -11.41660223 0.36962212 0.60076445
v -11.41518686 0.37116551 0.60095195
v -11.41577592 0.37114584 0.60188215
v -11.39740148 0.36394153 0.59309463
v -11.39820787 0.36257683 0.59153062
v -11.39917719 0.36234687 0.59356968
v -11.39853879 0.36413657 0.59428852
v -11.39746971 0.36451672 0.59170741
v -11.39986666 0.36492622 0.59422081
v -11.40111001 0.36353326 0.59339290
v -11.39912380 0.36352014 0.59045546
v -11.39842740 0.36533700 0.59101611
v -11.40048325 0.36591600 0.59259301
v -11.40045486 0.36422322 0.59063356
v -11.40132788 0.36424123 0.59188299
v -11.39933541 0.36578403 0.59122687
v -11.41117892 0.37230003 0.59206062
v -11.41216817 0.37073886 0.59127049
v -11.41255174 0.37023232 0.59314267
v -11.41163414 0.37189804 0.59376828
v -11.41319814 0.37255452 0.59440892
v -11.41399977 0.37083315 0.59375137
v -11.41502773 0.37161731 0.59326678
v -11.41206530 0.37319945 0.59104387
v -11.41347593 0.37187218 0.59029154
v -11.41422019 0.37346685 0.59357314
v -11.41511667 0.37231837 0.59157973
v -11.41360583 0.37392269 0.59147971
v -11.41417909 0.37390530 0.59237867
v -11.46624662 0.24178933 1.01111500
v -11.46561328 0.24181437 1.01010411
v -11.46677178 0.24008320 1.01001666
v -11.46796934 0.24043987 1.01087926
v -11.46661611 0.24072123 1.00813732
v -11.46739400 0.24228680 1.01154690
v -11.46565957 0.24229145 1.00894373
v -11.46910731 0.24117041 1.01069502
v -11.46822707 0.24287222 1.01127368
v -11.46664365 0.24315427 1.00817644
v -11.46800101 0.24174618 1.00754701
v -11.46963839 0.24194252 1.00948529
v -11.46867106 0.24360096 1.01004756
v -11.46809254 0.24378001 1.00872289
v -11.46912195 0.24213122 1.00822186
v -11.48293332 0.25181650 1.01009899
v -11.48375468 0.25040302 1.00868695
v -11.48472305 0.25017021 1.01072698
v -11.48355713 0.25178623 1.01111030
v -11.48470650 0.25228286 1.01154666
v -11.48297967 0.25229238 1.00894206
v -11.48676790 0.25145684 1.01046044
v -11.48554398 0.25287662 1.01125196
v -11.48503188 0.25160550 1.00747978
v -11.48378725 0.25303160 1.00823127
v -11.48603599 0.25373816 1.00976198
v -11.48478679 0.25357485 1.00832587
v -11.48665301 0.25216661 1.00845301
v -11.47286809 0.23456573 1.03963356
v -11.47222011 0.23450576 1.03883016
v -11.47320815 0.23284232 1.03830788
v -11.47461690 0.23322296 1.03941737
v -11.47311902 0.23345541 1.03658436
v -11.47227074 0.23523223 1.03702062
v -11.47401054 0.23508285 1.03999912
v -11.47485149 0.23573672 1.03957055
v -11.47579247 0.23409938 1.03891665
v -11.47450003 0.23448490 1.03598922
v -11.47614335 0.23467766 1.03794026
v -11.47395959 0.23631393 1.03674624
v -11.47515052 0.23649311 1.03806490
v -11.47561805 0.23486900 1.03666060
v -11.46861934 0.22968268 1.03957015
v -11.46785943 0.23145364 1.04021132
v -11.46922855 0.22914146 1.04192376
v -11.46828615 0.23079275 1.04255008
v -11.42273951 0.30760706 0.71972143
v -11.39843794 0.34571076 0.58510332
v -11.42100979 0.30660700 0.71972142
v -11.40016671 0.34671163 0.58510321
v -11.47079069 0.22438501 1.03766731
v -11.46906001 0.22338497 1.03766734
v -11.46838308 0.22855328 1.03928142
v -11.46657328 0.22769402 1.03933584
v -11.46829562 0.22891009 1.03940061
v -11.46637968 0.22830402 1.03954529
v -11.46632980 0.22875296 1.03968482
v -11.46635033 0.22920906 1.03981369
v -11.46835949 0.22929381 1.03950052
v -11.46643929 0.22965799 1.03992878
v -11.46659949 0.23009205 1.04002702
v -11.46682994 0.23049700 1.04010610
v -11.46732858 0.23107218 1.04019062
v -11.39181083 0.36131190 0.58327692
v -11.39196194 0.36091446 0.58353560
v -11.39175124 0.36193035 0.58278481
v -11.39196718 0.36238836 0.58262616
v -11.46812027 0.23101603 1.03542738
v -11.46544961 0.23562896 1.01954698
v -11.45577015 0.25239396 0.96183196
v -11.43987056 0.27993405 0.86702298
v -11.42397003 0.30747401 0.77221398
v -11.40807044 0.33501398 0.67740498
v -11.39855005 0.35150300 0.62063793
v -11.39446974 0.35848961 0.59651153
v -11.39217085 0.36255240 0.58259574
v -11.39014617 0.36006425 0.58351998
v -11.38989062 0.36078905 0.58344798
v -11.38980158 0.36128948 0.58341484
v -11.38979994 0.36179697 0.58336095
v -11.38985966 0.36228894 0.58332591
v -11.39009089 0.36298929 0.58327476
v -11.39050088 0.36358856 0.58324937
v -11.39084036 0.36392402 0.58323603
v -11.39122959 0.36419676 0.58323268
v -11.49421796 0.24575720 1.04256636
v -11.49478949 0.24481199 1.03957540
v -11.49514178 0.24419557 1.04168646
v -11.49384343 0.24645529 1.04021107
v -11.45218964 0.32460699 0.71972143
v -11.42787472 0.36270928 0.58510333
v -11.45045992 0.32360697 0.71972143
v -11.42961302 0.36371468 0.58510260
v -11.49850061 0.24038505 1.03766732
v -11.50023987 0.24138498 1.03766732
v -11.42129927 0.37810623 0.58351546
v -11.41961961 0.37701952 0.58348948
v -11.49777196 0.24565874 1.03932231
v -11.49607228 0.24458909 1.03929577
v -11.49580251 0.24482799 1.03941069
v -11.41920760 0.37742577 0.58303183
v -11.49509453 0.24493681 1.03956157
v -11.49410046 0.24601603 1.03542738
v -11.44995022 0.32247400 0.77221397
v -11.46585076 0.29493403 0.86702297
v -11.48175034 0.26739407 0.96183197
v -11.49142981 0.25062904 1.01954698
v -11.41839293 0.37764560 0.58262698
v -11.49547689 0.24494122 1.03949856
v -11.41883082 0.37761557 0.58280079
v -11.43404968 0.35001396 0.67740500
v -11.42452929 0.36650298 0.62063795
v -11.42060200 0.37334967 0.59709995
v -11.41815104 0.37755216 0.58259564
v -11.49730016 0.24617803 1.03955208
v -11.49694019 0.24644505 1.03969047
v -11.49653041 0.24665199 1.03981809
v -11.49426969 0.24665797 1.04019969
v -11.49610033 0.24679301 1.03993200
v -11.49472031 0.24679694 1.04016469
v -11.49542647 0.24688173 1.04007029
v -11.42081100 0.37866508 0.58344942
v -11.42041037 0.37898981 0.58338290
v -11.41993976 0.37926591 0.58335297
v -11.41809054 0.37952100 0.58324699
v -11.41762867 0.37939487 0.58323674
v -11.41720977 0.37919674 0.58323222
v -11.41947286 0.37944709 0.58331912
v -11.41870831 0.37957178 0.58328383
v -11.49346010 0.24512791 1.04305629
v -11.48098965 0.26672101 0.96871751
v -11.41649968 0.37841926 0.58417981
v -11.41546955 0.37819492 0.58323198
v -11.49474467 0.24368702 1.04240984
v -11.48505246 0.23808443 1.04241948
v -11.46921059 0.23112772 1.04305666
v -11.47004785 0.22942149 1.04241925
v -11.45674013 0.25272093 0.96871750
v -11.39224922 0.36442015 0.58418006
v -11.39296025 0.36519599 0.58323197
v -11.47205938 0.23944200 1.01954697
v -11.48766557 0.24091231 1.03901450
v -11.48685956 0.24094818 1.03772186
v -11.48731453 0.24180937 1.03618471
v -11.48914219 0.24164245 1.03933792
v -11.49005954 0.24277376 1.03778050
v -11.48483052 0.24681699 1.01954696
v -11.48889621 0.24272583 1.03617488
v -11.47515011 0.26358198 0.96183196
v -11.44648034 0.28374600 0.86702297
v -11.43057980 0.31128596 0.77221398
v -11.41468021 0.33882605 0.67740499
v -11.42744945 0.34620104 0.67740499
v -11.40516077 0.35531602 0.62063793
v -11.40222577 0.36835729 0.58259600
v -11.48634180 0.24249279 1.03925930
v -11.48588142 0.24280738 1.03775476
v -11.48766148 0.24294184 1.04006463
v -11.48680336 0.24377036 1.03664046
v -11.48896983 0.24406181 1.03912097
v -11.48807407 0.24439705 1.03691690
v -11.48886060 0.24451519 1.03778957
v -11.34145954 0.27838895 0.58796697
v -11.34023984 0.27833402 0.58876698
v -11.34014026 0.27833307 0.58857601
v -11.34005133 0.27835606 0.58833783
v -11.34036964 0.27835594 0.58893900
v -11.34063206 0.27843093 0.58916883
v -11.34182036 0.27967701 0.58738796
v -11.34199394 0.27970360 0.58761065
v -11.34158000 0.27960729 0.58716541
v -11.34217978 0.27964197 0.58816402
v -11.34218955 0.27955449 0.58846049
v -11.34213998 0.27968097 0.58795397
v -11.34211935 0.27941595 0.58876698
v -11.34198428 0.27926301 0.58901696
v -11.34178047 0.27908396 0.58920805
v -11.34154308 0.27890788 0.58933179
v -11.34126037 0.27873396 0.58936995
v -11.34106925 0.27863002 0.58935195
v -11.34088038 0.27853701 0.58929698
v -11.33999973 0.27845370 0.58793752
v -11.34007453 0.27861093 0.58756439
v -11.34026943 0.27882540 0.58724075
v -11.34046334 0.27898763 0.58708506
v -11.34068395 0.27914534 0.58698503
v -11.34096681 0.27931748 0.58695583
v -11.34126250 0.27946828 0.58700828
v -11.33525071 0.28697646 0.59017389
v -11.33520096 0.28673421 0.59084396
v -11.33530982 0.28669202 0.59118895
v -11.33541989 0.28669298 0.59138005
v -11.33560810 0.28672860 0.59162145
v -11.33518464 0.28685115 0.59044223
v -11.33587004 0.28681803 0.59182196
v -11.33606044 0.28689598 0.59191100
v -11.33625026 0.28698897 0.59196500
v -11.33651009 0.28713513 0.59198420
v -11.33558958 0.28730905 0.58973198
v -11.33540725 0.28715155 0.58989553
v -11.33679985 0.28732394 0.59191101
v -11.33575027 0.28742801 0.58964305
v -11.33699919 0.28747676 0.59179431
v -11.33592014 0.28754603 0.58958905
v -11.33649063 0.28785597 0.58964304
v -11.33621751 0.28772021 0.58957129
v -11.33700042 0.28803704 0.59000103
v -11.33677370 0.28797386 0.58979575
v -11.33729130 0.28805149 0.59050339
v -11.33713023 0.28805900 0.59017401
v -11.33732932 0.28782619 0.59128683
v -11.33737004 0.28794203 0.59098595
v -11.33735983 0.28800105 0.59077697
v -11.33720976 0.28767298 0.59155196
v -11.47839932 0.24780498 1.01998944
v -11.47359960 0.24612604 1.02030740
v -11.47406976 0.24530504 1.01998943
v -11.47792916 0.24862598 1.02030742
v -11.47279947 0.24750304 1.01556699
v -11.47326963 0.24668205 1.01524902
v -11.47712998 0.25000299 1.01556699
v -11.47760968 0.24918198 1.01524900
v -11.41161955 0.36347197 0.62179201
v -11.40681983 0.36179305 0.62211006
v -11.40728999 0.36097202 0.62179201
v -11.41115034 0.36429296 0.62211006
v -11.40601969 0.36317003 0.61736899
v -11.40650034 0.36234901 0.61705106
v -11.41035020 0.36566997 0.61736899
v -11.41081941 0.36484897 0.61705106
v -11.41321025 0.36071801 0.63127201
v -11.40840958 0.35903906 0.63159006
v -11.40887974 0.35821795 0.63127201
v -11.41274009 0.36153900 0.63159006
v -11.40761041 0.36041604 0.62685006
v -11.40807962 0.35959505 0.62653201
v -11.41193997 0.36291599 0.62685006
v -11.41241967 0.36209498 0.62653201
v -11.41638979 0.35521007 0.65023428
v -11.41157958 0.35353099 0.65055232
v -11.41206024 0.35271001 0.65023427
v -11.41591963 0.35603106 0.65055233
v -11.41078995 0.35490798 0.64581179
v -11.41126011 0.35408699 0.64549379
v -11.41511950 0.35740805 0.64581179
v -11.41558966 0.35658705 0.64549380
v -11.41797956 0.35245598 0.65971523
v -11.41317030 0.35077702 0.66003310
v -11.41365001 0.34995603 0.65971523
v -11.41750940 0.35327695 0.66003310
v -11.41237971 0.35215401 0.65529268
v -11.41284988 0.35133302 0.65497469
v -11.41671022 0.35465395 0.65529268
v -11.41717943 0.35383296 0.65497469
v -11.41957028 0.34970200 0.66919612
v -11.41476961 0.34802303 0.66951399
v -11.41523978 0.34720206 0.66919612
v -11.41910012 0.35052298 0.66951399
v -11.41396948 0.34940004 0.66477357
v -11.41443964 0.34857904 0.66445558
v -11.41829999 0.35189998 0.66477358
v -11.41877015 0.35107899 0.66445559
v -11.42116005 0.34694801 0.67867689
v -11.41636033 0.34526897 0.67899489
v -11.41682954 0.34444798 0.67867689
v -11.42068989 0.34776900 0.67899489
v -11.41556020 0.34664594 0.67425453
v -11.41603037 0.34582495 0.67393648
v -11.41988976 0.34914601 0.67425453
v -11.42036946 0.34832500 0.67393648
v -11.42274982 0.34419404 0.68815779
v -11.41795010 0.34251499 0.68847590
v -11.41842026 0.34169400 0.68815779
v -11.42227966 0.34501505 0.68847590
v -11.41714997 0.34389197 0.68373542
v -11.41762967 0.34307096 0.68341743
v -11.42147953 0.34639203 0.68373542
v -11.42196018 0.34557103 0.68341743
v -11.42433959 0.34143997 0.69763880
v -11.41953987 0.33976102 0.69795679
v -11.42001003 0.33894002 0.69763880
v -11.42386942 0.34226093 0.69795679
v -11.41873974 0.34113800 0.69321631
v -11.41920990 0.34031700 0.69289832
v -11.42307025 0.34363806 0.69321632
v -11.42353946 0.34281707 0.69289833
v -11.42592935 0.33868597 0.70711969
v -11.42112964 0.33700705 0.70743768
v -11.42159980 0.33618605 0.70711969
v -11.42546014 0.33950696 0.70743768
v -11.42032951 0.33838403 0.70269721
v -11.42079967 0.33756303 0.70237922
v -11.42466001 0.34088397 0.70269721
v -11.42513018 0.34006297 0.70237922
v -11.42752008 0.33593199 0.71660059
v -11.42272036 0.33425296 0.71691858
v -11.42318957 0.33343196 0.71660059
v -11.42703942 0.33675300 0.71691858
v -11.42192023 0.33563005 0.71217810
v -11.42238944 0.33480906 0.71186011
v -11.42624978 0.33813000 0.71217810
v -11.42671995 0.33730900 0.71186011
v -11.42910984 0.33317802 0.72608148
v -11.42431012 0.33149898 0.72639948
v -11.42478029 0.33067799 0.72608148
v -11.42863968 0.33399902 0.72639948
v -11.42351000 0.33287596 0.72165912
v -11.42398016 0.33205497 0.72134101
v -11.42783955 0.33537602 0.72165912
v -11.42830971 0.33455503 0.72134101
v -11.43069961 0.33042393 0.73556237
v -11.42589989 0.32874501 0.73588042
v -11.42637006 0.32792402 0.73556237
v -11.43022945 0.33124507 0.73588043
v -11.42509976 0.33012199 0.73114000
v -11.42557946 0.32930098 0.73082190
v -11.42942932 0.33262205 0.73114001
v -11.42989948 0.33180106 0.73082190
v -11.43228938 0.32766998 0.74504333
v -11.42748966 0.32599104 0.74536132
v -11.42795982 0.32517004 0.74504333
v -11.43182017 0.32849098 0.74536132
v -11.42668953 0.32736801 0.74062090
v -11.42717019 0.32654700 0.74030291
v -11.43102004 0.32986795 0.74062090
v -11.43149020 0.32904696 0.74030291
v -11.43388010 0.32491601 0.75452423
v -11.42907943 0.32323706 0.75484222
v -11.42954959 0.32241607 0.75452422
v -11.43340994 0.32573698 0.75484222
v -11.42828025 0.32461404 0.75010180
v -11.42874946 0.32379305 0.74978381
v -11.43260981 0.32711398 0.75010180
v -11.43307997 0.32629299 0.74978381
v -11.43546987 0.32216201 0.76400512
v -11.43067015 0.32048297 0.76432310
v -11.43114031 0.31966198 0.76400512
v -11.43499971 0.32298300 0.76432311
v -11.42987002 0.32185995 0.75958263
v -11.43034018 0.32103895 0.75926470
v -11.43419957 0.32436001 0.75958263
v -11.43466974 0.32353902 0.75926470
v -11.43705964 0.31940804 0.77348601
v -11.43224943 0.31772898 0.77380400
v -11.43273008 0.31690800 0.77348601
v -11.43658947 0.32022903 0.77380400
v -11.43145979 0.31910598 0.76906352
v -11.43192995 0.31828498 0.76874559
v -11.43578934 0.32160604 0.76906352
v -11.43625951 0.32078504 0.76874560
v -11.43864940 0.31665395 0.78296691
v -11.43384968 0.31497503 0.78328490
v -11.43431985 0.31415403 0.78296690
v -11.43818019 0.31747494 0.78328490
v -11.43304955 0.31635201 0.77854442
v -11.43351972 0.31553101 0.77822643
v -11.43738006 0.31885207 0.77854442
v -11.43784927 0.31803095 0.77822643
v -11.44024013 0.31389997 0.79244779
v -11.43543945 0.31222105 0.79276579
v -11.43590962 0.31140006 0.79244780
v -11.43976996 0.31472097 0.79276578
v -11.43464028 0.31359803 0.78802532
v -11.43510949 0.31277704 0.78770731
v -11.43896983 0.31609798 0.78802531
v -11.43944953 0.31527697 0.78770732
v -11.44182989 0.31114600 0.80192869
v -11.43703017 0.30946694 0.80224662
v -11.43749938 0.30864597 0.80192869
v -11.44135973 0.31196700 0.80224662
v -11.43623004 0.31084406 0.79750620
v -11.43670021 0.31002295 0.79718822
v -11.44055960 0.31334400 0.79750621
v -11.44103930 0.31252300 0.79718822
v -11.44341966 0.30839203 0.81140958
v -11.43861994 0.30671296 0.81172751
v -11.43909011 0.30589199 0.81140958
v -11.44294950 0.30921303 0.81172752
v -11.43781981 0.30808997 0.80698710
v -11.43828997 0.30726897 0.80666911
v -11.44214937 0.31059003 0.80698711
v -11.44263002 0.30976902 0.80666911
v -11.44500943 0.30563794 0.82089041
v -11.44020971 0.30395899 0.82120841
v -11.44067987 0.30313800 0.82089042
v -11.44453926 0.30645894 0.82120841
v -11.43940958 0.30533600 0.81646800
v -11.43987974 0.30451500 0.81615001
v -11.44374009 0.30783606 0.81646800
v -11.44420930 0.30701506 0.81615001
v -11.44660015 0.30288397 0.83037131
v -11.44179948 0.30120502 0.83068931
v -11.44226964 0.30038402 0.83037131
v -11.44612998 0.30370496 0.83068930
v -11.44099935 0.30258203 0.82594888
v -11.44146951 0.30176103 0.82563089
v -11.44532986 0.30508197 0.82594889
v -11.44580002 0.30426097 0.82563090
v -11.44818992 0.30012999 0.83985220
v -11.44339020 0.29845105 0.84017020
v -11.44385941 0.29762993 0.83985220
v -11.44770926 0.30095100 0.84017020
v -11.44259007 0.29982805 0.83542978
v -11.44306023 0.29900706 0.83511178
v -11.44691962 0.30232800 0.83542979
v -11.44738979 0.30150700 0.83511179
v -11.44977968 0.29737602 0.84933310
v -11.44497997 0.29569698 0.84965121
v -11.44545013 0.29487596 0.84933310
v -11.44930952 0.29819701 0.84965121
v -11.44417983 0.29707396 0.84491068
v -11.44465954 0.29625295 0.84459268
v -11.44850939 0.29957402 0.84491068
v -11.44897955 0.29875303 0.84459269
v -11.45136945 0.29462205 0.85881400
v -11.44656973 0.29294301 0.85913211
v -11.44703990 0.29212199 0.85881399
v -11.45089929 0.29544304 0.85913211
v -11.44576960 0.29431999 0.85439162
v -11.44625026 0.29349898 0.85407357
v -11.45010011 0.29682005 0.85439164
v -11.45056932 0.29599906 0.85407359
v -11.45295922 0.29186795 0.86829501
v -11.44815950 0.29018900 0.86861300
v -11.44862967 0.28936804 0.86829501
v -11.45249001 0.29268895 0.86861300
v -11.44735937 0.29156601 0.86387252
v -11.44782953 0.29074502 0.86355453
v -11.45168988 0.29406596 0.86387253
v -11.45216958 0.29324495 0.86355454
v -11.45454994 0.28911398 0.87777590
v -11.44975022 0.28743506 0.87809390
v -11.45021943 0.28661407 0.87777591
v -11.45407978 0.28993497 0.87809389
v -11.44895009 0.28881204 0.87335341
v -11.44942026 0.28799105 0.87303542
v -11.45327965 0.29131198 0.87335342
v -11.45374981 0.29049099 0.87303543
v -11.45613971 0.28636001 0.88725680
v -11.45133999 0.28468094 0.88757479
v -11.45181015 0.28385997 0.88725680
v -11.45566955 0.28718100 0.88757479
v -11.45053986 0.28605807 0.88283431
v -11.45101002 0.28523695 0.88251632
v -11.45486942 0.28855801 0.88283432
v -11.45533958 0.28773702 0.88251633
v -11.45772948 0.28360603 0.89673769
v -11.45292022 0.28192698 0.89705568
v -11.45339992 0.28110597 0.89673769
v -11.45725931 0.28442703 0.89705568
v -11.45212963 0.28330397 0.89231532
v -11.45259979 0.28248298 0.89199721
v -11.45645918 0.28580403 0.89231532
v -11.45692935 0.28498304 0.89199721
v -11.45931924 0.28085194 0.90621858
v -11.45451953 0.27917302 0.90653664
v -11.45498969 0.27835200 0.90621859
v -11.45885004 0.28167293 0.90653663
v -11.45371940 0.28055096 0.90179610
v -11.45418956 0.27972901 0.90147810
v -11.45804990 0.28305007 0.90179609
v -11.45852961 0.28222906 0.90147810
v -11.46090997 0.27809904 0.91569947
v -11.45610929 0.27641997 0.91601754
v -11.45657946 0.27559803 0.91569948
v -11.46043980 0.27891896 0.91601754
v -11.45531012 0.27779699 0.91127699
v -11.45577933 0.27697503 0.91095913
v -11.45963967 0.28029595 0.91127698
v -11.46011938 0.27947496 0.91095911
v -11.46249973 0.27534400 0.92518042
v -11.45770002 0.27366600 0.92549843
v -11.45817018 0.27284396 0.92518043
v -11.46202957 0.27616595 0.92549841
v -11.45689988 0.27504206 0.92075788
v -11.45737959 0.27422105 0.92043989
v -11.46122944 0.27754197 0.92075789
v -11.46171010 0.27672099 0.92043989
v -11.46408950 0.27259098 0.93466132
v -11.45928978 0.27091203 0.93497931
v -11.45975995 0.27008999 0.93466131
v -11.46361934 0.27341102 0.93497930
v -11.45848965 0.27228904 0.93023878
v -11.45895982 0.27146697 0.92992078
v -11.46281921 0.27478800 0.93023877
v -11.46328937 0.27396796 0.92992079
v -11.46567927 0.26983701 0.94414223
v -11.46087955 0.26815794 0.94446022
v -11.46134971 0.26733599 0.94414222
v -11.46521006 0.27065800 0.94446022
v -11.46007942 0.26953507 0.93971972
v -11.46054958 0.26871300 0.93940169
v -11.46440993 0.27203498 0.93971975
v -11.46487914 0.27121303 0.93940168
v -11.46726999 0.26708196 0.95362313
v -11.46246932 0.26540397 0.95394110
v -11.46293948 0.26458297 0.95362312
v -11.46679983 0.26790403 0.95394110
v -11.46167014 0.26678098 0.94920061
v -11.46213935 0.26595903 0.94888263
v -11.46599970 0.26928101 0.94920063
v -11.46646986 0.26846001 0.94888262
v -11.46885976 0.26432799 0.96310401
v -11.46406004 0.26264999 0.96342199
v -11.46452925 0.26182804 0.96310401
v -11.46838960 0.26514994 0.96342200
v -11.46325991 0.26402700 0.95868152
v -11.46373961 0.26320599 0.95836353
v -11.46758946 0.26652704 0.95868151
v -11.46805963 0.26570499 0.95836354
v -11.47044953 0.26157401 0.97258489
v -11.46564981 0.25989602 0.97290287
v -11.46611997 0.25907503 0.97258490
v -11.46997936 0.26239596 0.97290288
v -11.46484968 0.26127303 0.96816240
v -11.46532938 0.26045202 0.96784441
v -11.46917923 0.26377294 0.96816241
v -11.46964940 0.26295195 0.96784444
v -11.47203929 0.25882100 0.98206579
v -11.46723957 0.25714205 0.98238378
v -11.46770974 0.25632093 0.98206580
v -11.47156913 0.25964199 0.98238379
v -11.46643945 0.25851905 0.97764343
v -11.46692010 0.25769805 0.97732531
v -11.47076996 0.26101899 0.97764343
v -11.47124966 0.26019799 0.97732532
v -11.47363002 0.25606702 0.99154668
v -11.46882934 0.25438796 0.99186469
v -11.46929951 0.25356696 0.99154668
v -11.47315985 0.25688802 0.99186469
v -11.46803017 0.25576496 0.98712432
v -11.46849938 0.25494396 0.98680633
v -11.47235972 0.25826502 0.98712431
v -11.47282989 0.25744403 0.98680633
v -11.47521978 0.25331305 1.00102759
v -11.47042007 0.25163398 1.00134564
v -11.47088927 0.25081299 1.00102756
v -11.47474962 0.25413404 1.00134563
v -11.46961994 0.25301099 0.99660520
v -11.47009010 0.25218999 0.99628723
v -11.47394949 0.25551105 0.99660522
v -11.47441965 0.25469006 0.99628721
v -11.47680955 0.25055896 1.01050853
v -11.47200983 0.24888001 1.01082652
v -11.47248000 0.24805901 1.01050852
v -11.47633939 0.25137995 1.01082653
v -11.47120970 0.25025701 1.00608611
v -11.47167987 0.24943602 1.00576811
v -11.47553926 0.25275696 1.00608609
v -11.47600942 0.25193596 1.00576812
v -11.41480002 0.35796404 0.64075296
v -11.41000030 0.35628497 0.64107101
v -11.41046951 0.35546397 0.64075296
v -11.41432986 0.35878503 0.64107101
v -11.40920018 0.35766195 0.63633101
v -11.40967034 0.35684096 0.63601296
v -11.41352973 0.36016201 0.63633101
v -11.41399990 0.35934102 0.63601296
v -11.36226987 0.23987805 0.75246529
v -11.36366985 0.23991405 0.75205951
v -11.36234962 0.23985802 0.75266850
v -11.36253795 0.23986899 0.75297372
v -11.36223008 0.23991704 0.75225578
v -11.36273988 0.23992394 0.75318008
v -11.36404021 0.24120294 0.75148027
v -11.36417001 0.24122500 0.75165252
v -11.36378639 0.24113070 0.75125168
v -11.36426959 0.24122596 0.75184309
v -11.36436650 0.24119889 0.75210176
v -11.36440984 0.24110900 0.75246530
v -11.36436423 0.24099552 0.75275938
v -11.36424956 0.24083900 0.75303142
v -11.36406534 0.24066590 0.75325220
v -11.36383963 0.24048995 0.75338959
v -11.36358037 0.24031925 0.75346075
v -11.36321445 0.24011444 0.75343023
v -11.36290983 0.23998497 0.75330071
v -11.36222128 0.24000323 0.75196062
v -11.36228955 0.24014197 0.75165254
v -11.36242278 0.24029397 0.75140623
v -11.36263033 0.24047505 0.75121092
v -11.36286297 0.24064779 0.75108897
v -11.36315043 0.24082505 0.75104932
v -11.36352947 0.24102198 0.75112199
v -11.36333965 0.24092900 0.75106764
v -11.35942103 0.24919700 0.75564432
v -11.35740922 0.24826205 0.75492768
v -11.35754790 0.24821305 0.75534403
v -11.35776001 0.24824106 0.75564473
v -11.35791993 0.24828302 0.75579338
v -11.35739038 0.24833499 0.75465958
v -11.35816220 0.24837278 0.75595891
v -11.35743110 0.24845183 0.75435888
v -11.35845962 0.24851404 0.75605738
v -11.35754970 0.24860500 0.75409359
v -11.35871946 0.24866043 0.75607710
v -11.35776124 0.24879991 0.75385199
v -11.35901015 0.24884902 0.75600290
v -11.35796059 0.24895405 0.75373541
v -11.35923593 0.24902056 0.75586992
v -11.35824938 0.24914181 0.75366150
v -11.35869999 0.24938106 0.75373542
v -11.35850921 0.24928902 0.75368088
v -11.35929351 0.24958025 0.75419323
v -11.35898773 0.24949681 0.75388209
v -11.35955946 0.24954259 0.75480168
v -11.35944965 0.24958597 0.75445639
v -11.35954047 0.24935411 0.75537252
v -11.35957940 0.24946796 0.75507873
v -11.40891353 0.18156171 0.72659288
v -11.40912247 0.18120312 0.72935389
v -11.40931841 0.18085372 0.73073309
v -11.40915552 0.18113946 0.72630809
v -11.40824562 0.18271791 0.72413628
v -11.40883609 0.18168675 0.73207424
v -11.40856941 0.18215131 0.73410302
v -11.40815877 0.18287241 0.72317605
v -11.40789423 0.18332158 0.73497540
v -11.40720301 0.18452846 0.72228776
v -11.40720448 0.18451190 0.73661636
v -11.40694180 0.18496584 0.72144239
v -11.40637763 0.18595409 0.73675172
v -11.40590764 0.18677043 0.72126792
v -11.40541402 0.18760979 0.73764485
v -11.40514257 0.18808436 0.72055273
v -11.40465489 0.18893849 0.73716616
v -11.40415522 0.18980192 0.72128217
v -11.40357110 0.19081020 0.73715619
v -11.40298380 0.19182133 0.72166782
v -11.40300698 0.19179153 0.73598354
v -11.40259983 0.19248723 0.72285150
v -11.40205124 0.19344591 0.73509669
v -11.40196441 0.19359993 0.73413699
v -11.40163784 0.19416867 0.72417544
v -11.40148201 0.19443011 0.72554903
v -11.40121371 0.19489597 0.73264133
v -11.40129746 0.19475435 0.73168104
v -11.40099406 0.19527494 0.72683923
v -11.40084585 0.19552564 0.72978299
v -11.40108959 0.19511031 0.72892736
v -11.40843834 0.18138110 0.72619443
v -11.40868004 0.18095945 0.72964847
v -11.40835160 0.18153046 0.73236148
v -11.40779944 0.18248819 0.73413567
v -11.40744219 0.18309902 0.72332203
v -11.40704786 0.18378590 0.73561584
v -11.40628368 0.18510818 0.72177535
v -11.40579466 0.18595480 0.73685300
v -11.40493722 0.18744443 0.72111468
v -11.40476555 0.18773495 0.73714386
v -11.40372148 0.18955813 0.73694722
v -11.40389167 0.18925750 0.72127955
v -11.40288579 0.19099128 0.72192847
v -11.40243672 0.19177293 0.73582327
v -11.40176446 0.19293962 0.72357838
v -11.40122782 0.19386553 0.73338674
v -11.40098730 0.19428538 0.72590815
v -11.40075466 0.19470118 0.73078035
v -11.40065916 0.19485806 0.72863869
v -11.41513038 0.01807796 1.02377800
v -11.41801955 0.01807605 1.02299778
v -11.41880009 0.01508199 1.02590130
v -11.41590996 0.01508402 1.02668149
v -11.41591009 -0.05891598 1.02684830
v -11.41880022 -0.05891705 1.02606808
v -11.41669062 -0.06190897 1.02975182
v -11.41945956 -0.06187499 1.02851844
v -11.41957980 -0.06191100 1.02897160
v -11.41657038 -0.06187297 1.02929858
v -11.41933954 -0.06176603 1.02807621
v -11.41645036 -0.06176401 1.02885638
v -11.41923041 -0.06158699 1.02765582
v -11.41632979 -0.06158496 1.02843600
v -11.41912949 -0.06134201 1.02726770
v -11.41622982 -0.06133998 1.02804790
v -11.41902932 -0.06103695 1.02692133
v -11.41614014 -0.06103505 1.02770150
v -11.41895005 -0.06068004 1.02662531
v -11.41605992 -0.06067802 1.02740549
v -11.41888990 -0.06027902 1.02638689
v -11.41599023 -0.06027699 1.02716706
v -11.41884039 -0.05984403 1.02621203
v -11.41595026 -0.05984295 1.02699220
v -11.41881017 -0.05938698 1.02610491
v -11.41592003 -0.05938495 1.02688507
v -11.41851007 -0.06189395 1.03651088
v -11.42140974 -0.06189598 1.03573071
v -11.41927958 -0.06436695 1.03936928
v -11.42216972 -0.06436802 1.03858911
v -11.42219027 -0.06488896 1.03863423
v -11.41928965 -0.06488705 1.03941441
v -11.41925041 -0.06395496 1.03926889
v -11.42215008 -0.06395698 1.03848866
v -11.42214005 -0.06386400 1.03845733
v -11.41923942 -0.06386197 1.03923748
v -11.42209958 -0.06351996 1.03831172
v -11.41920086 -0.06351901 1.03909187
v -11.42207939 -0.06339003 1.03824270
v -11.41918067 -0.06338800 1.03902297
v -11.42203939 -0.06311799 1.03807061
v -11.41914067 -0.06311596 1.03885076
v -11.42200025 -0.06296194 1.03795217
v -11.41911011 -0.06296099 1.03873239
v -11.42196006 -0.06276001 1.03777129
v -11.41906039 -0.06275798 1.03855161
v -11.42190944 -0.06259299 1.03759432
v -11.41900977 -0.06259204 1.03837446
v -11.42185982 -0.06245495 1.03742140
v -11.41896015 -0.06245304 1.03820162
v -11.42178998 -0.06229401 1.03718000
v -11.41889985 -0.06229294 1.03796022
v -11.42174931 -0.06221105 1.03702948
v -11.41886013 -0.06220902 1.03780971
v -11.42167069 -0.06207395 1.03672186
v -11.41877961 -0.06207300 1.03750210
v -11.42164012 -0.06203402 1.03660540
v -11.41873949 -0.06203199 1.03738559
v -11.42153941 -0.06193996 1.03623377
v -11.41863974 -0.06193805 1.03701399
v -11.42152003 -0.06192804 1.03615968
v -11.62631018 -0.18222798 1.03891908
v -11.62776064 -0.18473602 1.03969931
v -11.62735007 -0.18496299 1.03973608
v -11.62589961 -0.18245495 1.03895591
v -11.62671955 -0.18202496 1.03881198
v -11.62817001 -0.18453205 1.03959217
v -11.62711916 -0.18184805 1.03863710
v -11.62857916 -0.18435504 1.03941732
v -11.62750051 -0.18170297 1.03839867
v -11.62895002 -0.18421102 1.03917889
v -11.62785035 -0.18159295 1.03810268
v -11.62929985 -0.18410099 1.03888290
v -11.63023987 -0.18405403 1.03728578
v -11.62888944 -0.18163396 1.03605227
v -11.63032941 -0.18414105 1.03683261
v -11.62816020 -0.18152095 1.03775632
v -11.62960971 -0.18402899 1.03853660
v -11.62879037 -0.18154598 1.03650562
v -11.63009004 -0.18400503 1.03772799
v -11.62843022 -0.18148900 1.03736822
v -11.62988068 -0.18399705 1.03814839
v -11.62863958 -0.18149698 1.03694779
v -11.62978001 -0.18321802 1.02929322
v -11.63122952 -0.18572606 1.03007341
v -11.63133919 -0.18582094 1.02957027
v -11.62988968 -0.18331302 1.02879010
v -11.63151972 -0.18586803 1.02908230
v -11.63007021 -0.18335999 1.02830211
v -11.63176946 -0.18586399 1.02862423
v -11.63031995 -0.18335701 1.02784390
v -11.63209055 -0.18581105 1.02820992
v -11.63063913 -0.18330300 1.02742970
v -11.63246031 -0.18570997 1.02785200
v -11.63100984 -0.18320204 1.02707182
v -11.63285985 -0.18556405 1.02756143
v -11.63141988 -0.18305601 1.02678119
v -11.63330076 -0.18537701 1.02734688
v -11.63184934 -0.18286896 1.02656667
v -11.63376027 -0.18515504 1.02721512
v -11.63231076 -0.18264699 1.02643487
v -11.63420981 -0.18490495 1.02716988
v -11.63276984 -0.18239702 1.02638970
v -11.68436002 -0.15595401 1.02703941
v -11.69685072 -0.14539696 1.02622288
v -11.69830023 -0.14790500 1.02700322
v -11.69983006 -0.14457596 1.02331942
v -11.70128053 -0.14708400 1.02409956
v -11.43692040 -0.25710012 0.81830053
v -11.43666851 -0.25868130 0.82013254
v -11.43604008 -0.25872638 0.81907600
v -11.43768169 -0.25677860 0.82026296
v -11.43480498 -0.25821377 0.81856250
v -11.43649208 -0.25810683 0.82135219
v -11.43557293 -0.25645483 0.81796222
v -11.43393388 -0.25757135 0.81892179
v -11.43463495 -0.25566877 0.81859087
v -11.43659258 -0.25574626 0.82130836
v -11.43527365 -0.25716114 0.82197498
v -11.43358075 -0.25687885 0.82018023
v -11.43488698 -0.25503159 0.82060575
v -11.43401598 -0.25673605 0.82120250
v -11.45269146 -0.22949685 0.91308372
v -11.45349575 -0.22951867 0.91421896
v -11.45184703 -0.23117305 0.91378408
v -11.45256775 -0.23109807 0.91505049
v -11.45150773 -0.22894967 0.91272985
v -11.45246447 -0.23068202 0.91597653
v -11.45058933 -0.23059595 0.91339820
v -11.45337608 -0.22896649 0.91546786
v -11.45186754 -0.23007775 0.91664211
v -11.44994285 -0.23011495 0.91367744
v -11.45218406 -0.22800386 0.91618484
v -11.45059202 -0.22816970 0.91337811
v -11.44947319 -0.22953200 0.91448012
v -11.45050930 -0.22932304 0.91656529
v -11.45053014 -0.22752847 0.91493763
v -11.44960091 -0.22924376 0.91542010
v -11.42158114 -0.28465356 0.72428410
v -11.42083591 -0.28606869 0.72581850
v -11.42024532 -0.28629435 0.72435647
v -11.42007306 -0.28426922 0.72303383
v -11.41892287 -0.28576364 0.72375392
v -11.42162038 -0.28407420 0.72584633
v -11.42027329 -0.28533589 0.72687178
v -11.41802428 -0.28510178 0.72412276
v -11.41869620 -0.28313006 0.72392671
v -11.42042567 -0.28312505 0.72651755
v -11.41887435 -0.28444219 0.72708933
v -11.41768670 -0.28436851 0.72550857
v -11.41891558 -0.28258516 0.72565012
v -11.45437870 -0.26714588 0.81838815
v -11.45494614 -0.26669633 0.82038979
v -11.45367519 -0.26879932 0.81935399
v -11.45395556 -0.26831903 0.82102023
v -11.45202610 -0.26815976 0.81855481
v -11.45276200 -0.26637327 0.81797539
v -11.45313200 -0.26749265 0.82192640
v -11.45100045 -0.26730063 0.81924264
v -11.45403522 -0.26583458 0.82126187
v -11.45175336 -0.26535356 0.81909845
v -11.45269594 -0.26515914 0.82101201
v -11.45189031 -0.26686263 0.82169502
v -11.45105965 -0.26675213 0.82074552
v -11.47070106 -0.23957408 0.91390155
v -11.46995413 -0.24098386 0.91544787
v -11.46944935 -0.24121643 0.91409588
v -11.46973434 -0.23939980 0.91291342
v -11.46839152 -0.24086953 0.91341054
v -11.47077796 -0.23907090 0.91532462
v -11.46827675 -0.23857368 0.91288159
v -11.46718496 -0.24007345 0.91366998
v -11.46905972 -0.23997165 0.91672587
v -11.46968039 -0.23811472 0.91615556
v -11.46682555 -0.23924018 0.91528387
v -11.46773498 -0.23768044 0.91437107
v -11.46777512 -0.23931790 0.91649476
v -11.46838636 -0.23758173 0.91559724
v -11.43912034 -0.29460300 0.72475153
v -11.43811026 -0.29615499 0.72552322
v -11.43751131 -0.29628385 0.72429601
v -11.43784701 -0.29445386 0.72323428
v -11.43600518 -0.29561855 0.72376983
v -11.43793448 -0.29567481 0.72650324
v -11.43641370 -0.29358745 0.72333883
v -11.43856052 -0.29369952 0.72624516
v -11.43663291 -0.29466272 0.72717117
v -11.43508183 -0.29479279 0.72452848
v -11.43742498 -0.29295588 0.72647571
v -11.43596465 -0.29261481 0.72517437
v -11.43510790 -0.29432737 0.72576826
v -11.43566327 -0.29431629 0.72662365
v -11.40337271 -0.31975722 0.61280446
v -11.40304680 -0.32031479 0.60459405
v -11.40210049 -0.32196700 0.60519199
v -11.40437318 -0.31804921 0.61241667
v -11.48578485 -0.20144809 1.03483439
v -11.47465777 -0.19721962 1.03545389
v -11.48510684 -0.20325292 1.03545307
v -11.47579243 -0.19568253 1.03482913
v -11.47415708 -0.19716836 1.03483909
v -11.47510524 -0.19553305 1.03418217
v -11.47422562 -0.19703592 1.02899658
v -11.47329961 -0.19863523 1.02977717
v -11.48547593 -0.20354666 1.02895444
v -11.48453383 -0.20517755 1.02963095
v -11.48414870 -0.20525123 1.02886072
v -11.48485098 -0.20347572 1.02821147
v -11.47456193 -0.19753838 1.02820251
v -11.47340978 -0.19905019 1.02886343
v -11.40278930 -0.32276904 0.60415798
v -11.40248276 -0.32227637 0.60496382
v -11.40307650 -0.32307899 0.60377973
v -11.40259985 -0.32250096 0.60456400
v -11.41245057 -0.32828595 0.60431401
v -11.41172400 -0.32812275 0.60365025
v -11.41275534 -0.32829858 0.60473602
v -11.41213007 -0.32823098 0.60397498
v -11.40204089 -0.32211568 0.59844058
v -11.40171113 -0.32269217 0.59645276
v -11.40077293 -0.32425928 0.59730105
v -11.40114556 -0.32376779 0.59911983
v -11.40223034 -0.32321885 0.59586996
v -11.40116554 -0.32479549 0.59650915
v -11.41228477 -0.32902040 0.59587638
v -11.41131424 -0.33065357 0.59650784
v -11.41199515 -0.33078659 0.59717791
v -11.41294854 -0.32914639 0.59654812
v -11.41229351 -0.33020925 0.59911435
v -11.41324033 -0.32858350 0.59843437
v -11.41561665 -0.32453766 0.61242084
v -11.41427055 -0.32575715 0.61355906
v -11.41463271 -0.32624828 0.61282699
v -11.41497992 -0.32397117 0.61293439
v -11.41430945 -0.32679012 0.60465984
v -11.41334961 -0.32846703 0.60519200
v -11.41121270 -0.32905805 0.60047619
v -11.41206909 -0.32724550 0.60013883
v -11.41111842 -0.32826770 0.60237018
v -11.41228076 -0.32644450 0.60252373
v -11.40331305 -0.32394481 0.60189729
v -11.40336469 -0.32244158 0.59956508
v -11.40243417 -0.32407775 0.60025029
v -11.40417693 -0.32233668 0.60105210
v -11.40425538 -0.32157959 0.60312061
v -11.40518118 -0.31831576 0.61293595
v -11.40410770 -0.31988253 0.61356907
v -11.40371336 -0.31977345 0.61326152
v -11.47310953 -0.20036102 1.02504192
v -11.48350999 -0.20636095 1.02504193
v -11.48497793 -0.20285572 1.03605003
v -11.48517007 -0.20302141 1.03557501
v -11.48472935 -0.20264125 1.03645823
v -11.48447057 -0.20238174 1.03677010
v -11.48418191 -0.20211198 1.03700785
v -11.48378788 -0.20181609 1.03721760
v -11.48340265 -0.20154369 1.03732906
v -11.48297993 -0.20128095 1.03736711
v -11.47743022 -0.19808103 1.03736708
v -11.47701959 -0.19785596 1.03733199
v -11.47660968 -0.19765700 1.03722791
v -11.47619957 -0.19748998 1.03705710
v -11.47580937 -0.19735694 1.03682393
v -11.47512916 -0.19720806 1.03619461
v -11.47545920 -0.19726206 1.03653399
v -11.47485944 -0.19719494 1.03581410
v -11.48635761 -0.20200241 1.03426055
v -11.48536287 -0.20375336 1.03453693
v -11.42257633 -0.32222462 0.62876981
v -11.42223546 -0.32365251 0.63086252
v -11.42174376 -0.32383502 0.62966113
v -11.42051461 -0.32340408 0.62893908
v -11.42314377 -0.32177640 0.63077193
v -11.42057701 -0.32119395 0.62845389
v -11.42177658 -0.32294133 0.63201503
v -11.41943422 -0.32263040 0.62932699
v -11.42223476 -0.32091320 0.63164418
v -11.42061543 -0.32215608 0.63230854
v -11.41909625 -0.32203639 0.63035744
v -11.42003524 -0.32029975 0.62994341
v -11.42089741 -0.32023956 0.63139491
v -11.41947496 -0.32180191 0.63153105
v -11.40525493 -0.31222381 0.62876873
v -11.40483738 -0.31376529 0.63044982
v -11.40408835 -0.31377709 0.62931149
v -11.40582430 -0.31177915 0.63077204
v -11.40477363 -0.31329966 0.63156752
v -11.40260552 -0.31305267 0.62897639
v -11.40325658 -0.31119323 0.62845379
v -11.40385499 -0.31247569 0.63232307
v -11.40479403 -0.31082725 0.63169032
v -11.40180161 -0.31220139 0.62997108
v -11.40271434 -0.31035376 0.62980502
v -11.40284618 -0.31197430 0.63210432
v -11.40332930 -0.31017460 0.63118761
v -11.40196715 -0.31180978 0.63122564
v -11.41438611 -0.33086791 0.60052984
v -11.41583539 -0.32942487 0.60012392
v -11.41567529 -0.33105519 0.60197108
v -11.41669888 -0.32911815 0.60220735
v -11.41544685 -0.33037580 0.60338240
v -11.41398530 -0.32836259 0.60011309
v -11.41288923 -0.32984996 0.60093014
v -11.41520684 -0.32781912 0.60333340
v -11.41448314 -0.32961907 0.60390108
v -11.41259535 -0.32929671 0.60191875
v -11.41355386 -0.32745553 0.60180824
v -11.41303890 -0.32905438 0.60320286
v -11.40033119 -0.32276381 0.60050528
v -11.40258633 -0.32148267 0.60088222
v -11.40181876 -0.32308614 0.60189359
v -11.40127521 -0.32111240 0.59988444
v -11.40268059 -0.32087649 0.60259407
v -11.40155354 -0.32231249 0.60349529
v -11.39918729 -0.32198836 0.60080414
v -11.39984407 -0.32009137 0.60039286
v -11.40120863 -0.31976021 0.60327940
v -11.40034003 -0.32147158 0.60384909
v -11.39872592 -0.32135524 0.60175638
v -11.39916335 -0.32105231 0.60318392
v -11.39985922 -0.31943395 0.60210685
v -11.41315842 -0.33373643 0.59129218
v -11.41409510 -0.33211794 0.59057730
v -11.41403861 -0.33381440 0.59240536
v -11.41507532 -0.33208647 0.59212891
v -11.41395549 -0.33323314 0.59378307
v -11.41168919 -0.33297385 0.59108226
v -11.41453458 -0.33119143 0.59362308
v -11.41239489 -0.33111657 0.59063225
v -11.41247562 -0.33212151 0.59445184
v -11.41097154 -0.33190191 0.59276883
v -11.41196344 -0.33021021 0.59232656
v -11.41307606 -0.33036518 0.59359186
v -11.40011714 -0.32408727 0.59048062
v -11.40027525 -0.32571090 0.59281055
v -11.39965749 -0.32582296 0.59159832
v -11.40125691 -0.32404984 0.59227221
v -11.39860244 -0.32543802 0.59101955
v -11.40003537 -0.32515562 0.59388940
v -11.40074654 -0.32328857 0.59348028
v -11.39774405 -0.32485999 0.59123044
v -11.39845850 -0.32303239 0.59073488
v -11.39846554 -0.32406021 0.59437292
v -11.39718308 -0.32424653 0.59199123
v -11.39918795 -0.32231332 0.59367422
v -11.39808406 -0.32231392 0.59202927
v -11.39731755 -0.32384600 0.59321277
v -11.48632148 -0.21203936 1.00829787
v -11.48580546 -0.21357227 1.00985322
v -11.48512323 -0.21363760 1.00866226
v -11.48678868 -0.21180869 1.00957173
v -11.48509513 -0.21163060 1.00751696
v -11.48395450 -0.21315123 1.00818212
v -11.48563617 -0.21305455 1.01093316
v -11.48587354 -0.21073963 1.01097458
v -11.48303042 -0.21246839 1.00856626
v -11.48393168 -0.21076930 1.00800954
v -11.48440119 -0.21208645 1.01159167
v -11.48269724 -0.21187592 1.00959787
v -11.48363527 -0.21014000 1.00918321
v -11.48429148 -0.21004404 1.01041358
v -11.48306028 -0.21164108 1.01074761
v -11.46845051 -0.20191729 1.00777850
v -11.46944172 -0.20196380 1.00913716
v -11.46772692 -0.20362772 1.00857495
v -11.46852167 -0.20356180 1.00993198
v -11.46632746 -0.20296455 1.00820743
v -11.46724489 -0.20129539 1.00759339
v -11.46914606 -0.20127929 1.01046591
v -11.46808333 -0.20280768 1.01122527
v -11.46563041 -0.20236601 1.00870727
v -11.46639687 -0.20051088 1.00835245
v -11.46784529 -0.20033813 1.01095830
v -11.46692939 -0.20201446 1.01155081
v -11.46537563 -0.20181490 1.00975088
v -11.46649876 -0.20001257 1.00978720
v -11.46581162 -0.20165481 1.01081788
v -11.48908085 -0.20275808 1.03636192
v -11.48983660 -0.20243252 1.03833478
v -11.48858356 -0.20444263 1.03756425
v -11.48726687 -0.20404351 1.03663081
v -11.48868702 -0.20374049 1.03953384
v -11.48721652 -0.20177211 1.03613232
v -11.48584503 -0.20298982 1.03723616
v -11.48887617 -0.20149244 1.03932230
v -11.48693508 -0.20258559 1.03990781
v -11.48666931 -0.20087506 1.03763847
v -11.48753788 -0.20081807 1.03907419
v -11.48588583 -0.20241392 1.03877825
v -11.49496524 -0.20411384 1.04163193
v -11.49473536 -0.20477892 1.03957496
v -11.49366956 -0.20635439 1.04021160
v -11.49403056 -0.20562542 1.04262954
v -11.45200938 -0.28450704 0.71972143
v -11.45027962 -0.28350700 0.71972143
v -11.42943571 -0.32361068 0.58510176
v -11.42770506 -0.32261061 0.58510535
v -11.50005923 -0.20128597 1.03766732
v -11.49832948 -0.20028603 1.03766732
v -11.49529116 -0.20485558 1.03950452
v -11.49546993 -0.20676602 1.04002921
v -11.49500962 -0.20676697 1.04010741
v -11.49453944 -0.20669700 1.04016472
v -11.49592996 -0.20669401 1.03993200
v -11.49410039 -0.20655895 1.04019967
v -11.49636016 -0.20655204 1.03981811
v -11.49675964 -0.20634604 1.03969050
v -11.49571263 -0.20467271 1.03938079
v -11.49713035 -0.20607902 1.03955206
v -11.49754967 -0.20563162 1.03935072
v -11.49593129 -0.20444059 1.03927645
v -11.41829196 -0.33756019 0.58265583
v -11.41893606 -0.33739435 0.58300429
v -11.42435991 -0.32640399 0.62063794
v -11.42028401 -0.33349421 0.59625559
v -11.43388028 -0.30991399 0.67740499
v -11.41798004 -0.33745314 0.58259563
v -11.44977955 -0.28237500 0.77221399
v -11.41946403 -0.33688046 0.58352463
v -11.47363085 -0.24106504 0.91442745
v -11.49348260 -0.20680273 1.03248486
v -11.42113923 -0.33798970 0.58351700
v -11.41791963 -0.33942104 0.58324699
v -11.41845511 -0.33947291 0.58327154
v -11.41920464 -0.33937907 0.58331482
v -11.41745976 -0.33929600 0.58323603
v -11.41981185 -0.33913400 0.58339863
v -11.41702962 -0.33909583 0.58323186
v -11.42024026 -0.33888698 0.58340101
v -11.42062912 -0.33857023 0.58343117
v -11.46861458 -0.18970216 1.03957710
v -11.46806089 -0.19072796 1.04238032
v -11.46768797 -0.19135416 1.04021180
v -11.46900081 -0.18910170 1.04168746
v -11.42257018 -0.26750695 0.71972142
v -11.42083947 -0.26650703 0.71972144
v -11.39998794 -0.30661203 0.58510260
v -11.39825723 -0.30561270 0.58510260
v -11.47062003 -0.18428601 1.03766733
v -11.46887979 -0.18328595 1.03766734
v -11.39176711 -0.32085885 0.58353143
v -11.38992055 -0.32005980 0.58351081
v -11.46639289 -0.18759549 1.03933631
v -11.46815484 -0.18855763 1.03932152
v -11.39199940 -0.32245435 0.58259552
v -11.39532894 -0.31658255 0.60272138
v -11.39175234 -0.32224264 0.58264476
v -11.40790059 -0.29491401 0.67740498
v -11.42379986 -0.26737404 0.77221398
v -11.46827837 -0.18938637 1.03954105
v -11.39159085 -0.32181718 0.58284025
v -11.46813302 -0.18899787 1.03945255
v -11.39160636 -0.32129253 0.58312112
v -11.43970009 -0.23983503 0.86702298
v -11.45560032 -0.21229494 0.96183197
v -11.46528001 -0.19552995 1.01954699
v -11.46793967 -0.19091703 1.03542739
v -11.46729969 -0.19108904 1.04019969
v -11.46678763 -0.19057775 1.04013800
v -11.46643027 -0.19000197 1.04002923
v -11.46626953 -0.18957199 1.03993202
v -11.46616956 -0.18912496 1.03981810
v -11.46614947 -0.18867303 1.03969048
v -11.46620074 -0.18822599 1.03955208
v -11.39049315 -0.32368004 0.58323519
v -11.39104993 -0.32409668 0.58323221
v -11.38997263 -0.32297647 0.58328764
v -11.38969409 -0.32223093 0.58332162
v -11.38961949 -0.32174897 0.58335273
v -11.38963013 -0.32121325 0.58340315
v -11.38970797 -0.32071363 0.58342378
v -11.39207986 -0.32432105 0.58418005
v -11.39277968 -0.32509602 0.58323198
v -11.40484928 -0.30220103 0.66032910
v -11.43394254 -0.25181294 0.83379762
v -11.45657000 -0.21262205 0.96871751
v -11.46903090 -0.19102657 1.04306042
v -11.46962359 -0.18918157 1.04241549
v -11.48323285 -0.19703568 1.04241966
v -11.49327981 -0.20502783 1.04305596
v -11.49461619 -0.20361365 1.04240625
v -11.41529986 -0.33809603 0.58323198
v -11.41632979 -0.33832099 0.58418005
v -11.42909922 -0.31620097 0.66032910
v -11.45172858 -0.27700975 0.79524903
v -11.48081994 -0.22662199 0.96871751
v -11.40937515 -0.33248413 0.58259634
v -11.41776033 -0.32259096 0.62063794
v -11.42727975 -0.30610203 0.67740499
v -11.43040039 -0.27118695 0.77221398
v -11.45908021 -0.25102199 0.86702298
v -11.44629966 -0.24364699 0.86702298
v -11.47497948 -0.22348202 0.96183198
v -11.46219989 -0.21610701 0.96183198
v -11.48466012 -0.20671797 1.01954696
v -11.47188054 -0.19934298 1.01954696
v -11.47385768 -0.19413209 1.03594003
v -11.47603223 -0.19452108 1.03818515
v -11.47531808 -0.19475032 1.03652442
v -11.47463387 -0.19322753 1.03943532
v -11.47278409 -0.19303967 1.03716748
v -11.47325235 -0.19274927 1.03861432
v -11.47471364 -0.19644416 1.03753978
v -11.47338781 -0.19603254 1.03662944
v -11.47494869 -0.19594611 1.03917638
v -11.47196682 -0.19495750 1.03728442
v -11.47345217 -0.19474495 1.04004192
v -11.47207393 -0.19438721 1.03891174
v -11.51623026 -0.33929003 0.58796697
v -11.51689997 -0.34058203 0.58795397
v -11.51677457 -0.34060587 0.58764808
v -11.51658989 -0.34057797 0.58738796
v -11.51695030 -0.34054196 0.58816402
v -11.51643000 -0.34053600 0.58723897
v -11.51695960 -0.34048402 0.58837300
v -11.51618494 -0.34044505 0.58707267
v -11.51691896 -0.34036827 0.58867233
v -11.51581302 -0.34026408 0.58695930
v -11.51680053 -0.34021403 0.58893900
v -11.51659200 -0.34001958 0.58917872
v -11.51551006 -0.34008696 0.58697503
v -11.51529959 -0.33994031 0.58704631
v -11.51630190 -0.33980453 0.58933310
v -11.51505186 -0.33974280 0.58722478
v -11.51598791 -0.33960881 0.58937257
v -11.51493070 -0.33962002 0.58738796
v -11.51483925 -0.33951701 0.58755999
v -11.51568460 -0.33945454 0.58931272
v -11.51477390 -0.33940196 0.58780866
v -11.51549054 -0.33937265 0.58922891
v -11.51476756 -0.33933711 0.58799497
v -11.51521922 -0.33927477 0.58903234
v -11.51478248 -0.33928383 0.58819752
v -11.51488682 -0.33923067 0.58855454
v -11.51503128 -0.33923674 0.58880453
v -11.51207993 -0.34894097 0.59056704
v -11.51205954 -0.34867622 0.59137981
v -11.51194685 -0.34896543 0.59025817
v -11.51176031 -0.34893705 0.59000103
v -11.51211976 -0.34890199 0.59077697
v -11.51160997 -0.34889496 0.58985297
v -11.51212961 -0.34881497 0.59107320
v -11.51144007 -0.34883405 0.58973198
v -11.51113748 -0.34870458 0.58960276
v -11.51076888 -0.34849800 0.58957164
v -11.51172003 -0.34834398 0.59182196
v -11.51192647 -0.34852445 0.59162728
v -11.51050978 -0.34832895 0.58964306
v -11.51148754 -0.34817040 0.59194379
v -11.51028423 -0.34815349 0.58978026
v -11.51005378 -0.34792889 0.59007638
v -11.50994014 -0.34771003 0.59056704
v -11.50995955 -0.34778595 0.59036403
v -11.51007954 -0.34759295 0.59118896
v -11.50996444 -0.34762955 0.59087174
v -11.51038469 -0.34763181 0.59163433
v -11.51018008 -0.34759404 0.59138005
v -11.51092698 -0.34784677 0.59195118
v -11.51063965 -0.34771896 0.59182196
v -11.51120024 -0.34799398 0.59198301
v -11.47856938 -0.20790495 1.01998941
v -11.47424023 -0.20540501 1.01998941
v -11.47810037 -0.20872606 1.02030740
v -11.47376930 -0.20622600 1.02030741
v -11.47777942 -0.20928205 1.01524902
v -11.47729992 -0.21010304 1.01556701
v -11.47296981 -0.20760299 1.01556698
v -11.47345027 -0.20678199 1.01524900
v -11.41179053 -0.32357206 0.62179200
v -11.40745946 -0.32107199 0.62179201
v -11.41132056 -0.32439305 0.62211005
v -11.40698950 -0.32189298 0.62211006
v -11.41099961 -0.32494903 0.61705106
v -11.41052010 -0.32577003 0.61736898
v -11.40618999 -0.32326998 0.61736899
v -11.40667045 -0.32244898 0.61705105
v -11.41337996 -0.32081795 0.63127201
v -11.40904985 -0.31831803 0.63127200
v -11.41290999 -0.32163894 0.63159006
v -11.40857989 -0.31913997 0.63159006
v -11.41259001 -0.32219494 0.62653200
v -11.41210955 -0.32301607 0.62685006
v -11.40778040 -0.32051599 0.62685005
v -11.40825990 -0.31969501 0.62653201
v -11.41655982 -0.31531001 0.65023427
v -11.41222972 -0.31280996 0.65023428
v -11.41608986 -0.31613100 0.65055232
v -11.41175975 -0.31363203 0.65055232
v -11.41576987 -0.31668795 0.64549380
v -11.41529036 -0.31750800 0.64581179
v -11.41095930 -0.31500900 0.64581179
v -11.41144071 -0.31418707 0.64549379
v -11.41815023 -0.31255700 0.65971523
v -11.41382012 -0.31005599 0.65971522
v -11.41768026 -0.31337702 0.66003310
v -11.41334920 -0.31087805 0.66003310
v -11.41736027 -0.31393303 0.65497468
v -11.41687981 -0.31475499 0.65529268
v -11.41255066 -0.31225503 0.65529268
v -11.41303016 -0.31143295 0.65497469
v -11.41974063 -0.30980195 0.66919611
v -11.41540957 -0.30730199 0.66919612
v -11.41926971 -0.31062401 0.66951399
v -11.41494055 -0.30812396 0.66951399
v -11.41894972 -0.31118001 0.66445558
v -11.41847021 -0.31200003 0.66477357
v -11.41414011 -0.30950094 0.66477357
v -11.41461961 -0.30867898 0.66445559
v -11.42133008 -0.30704905 0.67867689
v -11.41699997 -0.30454805 0.67867690
v -11.42086011 -0.30787003 0.67899488
v -11.41653001 -0.30536999 0.67899489
v -11.42054013 -0.30842604 0.67393648
v -11.42005967 -0.30924702 0.67425453
v -11.41572956 -0.30674697 0.67425453
v -11.41621002 -0.30592596 0.67393647
v -11.42291953 -0.30429400 0.68815779
v -11.41859038 -0.30179500 0.68815778
v -11.42244956 -0.30511595 0.68847590
v -11.41811946 -0.30261599 0.68847591
v -11.42213053 -0.30567207 0.68341742
v -11.42165007 -0.30649305 0.68373543
v -11.41731996 -0.30399300 0.68373542
v -11.41780042 -0.30317200 0.68341743
v -11.42450994 -0.30154099 0.69763879
v -11.42017983 -0.29904104 0.69763880
v -11.42403997 -0.30236198 0.69795679
v -11.41970986 -0.29986202 0.69795678
v -11.42371998 -0.30291700 0.69289832
v -11.42324047 -0.30373896 0.69321631
v -11.41890941 -0.30123903 0.69321632
v -11.41938987 -0.30041803 0.69289833
v -11.42610034 -0.29878702 0.70711969
v -11.42176928 -0.29628694 0.70711970
v -11.42563037 -0.29960801 0.70743768
v -11.42130027 -0.29710793 0.70743769
v -11.42530943 -0.30016303 0.70237922
v -11.42482992 -0.30098499 0.70269721
v -11.42050077 -0.29848506 0.70269720
v -11.42098028 -0.29766406 0.70237921
v -11.42768979 -0.29603302 0.71660059
v -11.42336064 -0.29353298 0.71660058
v -11.42721982 -0.29685404 0.71691858
v -11.42289067 -0.29435396 0.71691857
v -11.42690079 -0.29741001 0.71186010
v -11.42641938 -0.29823101 0.71217811
v -11.42209022 -0.29573097 0.71217810
v -11.42256973 -0.29490997 0.71186011
v -11.42928020 -0.29327893 0.72608147
v -11.42495009 -0.29077900 0.72608148
v -11.42880927 -0.29410007 0.72639948
v -11.42448012 -0.29159999 0.72639947
v -11.42849024 -0.29465604 0.72134100
v -11.42800978 -0.29547705 0.72165911
v -11.42367967 -0.29297697 0.72165912
v -11.42415918 -0.29215599 0.72134101
v -11.43086965 -0.29052496 0.73556237
v -11.42653954 -0.28802503 0.73556238
v -11.43040063 -0.29134595 0.73588042
v -11.42606957 -0.28884602 0.73588042
v -11.43007969 -0.29190195 0.73082190
v -11.42960019 -0.29272296 0.73114001
v -11.42527008 -0.29022300 0.73114000
v -11.42575054 -0.28940202 0.73082189
v -11.43246005 -0.28777099 0.74504333
v -11.42812995 -0.28527106 0.74504332
v -11.43199008 -0.28859198 0.74536132
v -11.42765998 -0.28609205 0.74536131
v -11.43167010 -0.28914798 0.74030290
v -11.43118964 -0.28996899 0.74062091
v -11.42686048 -0.28746903 0.74062090
v -11.42733999 -0.28664803 0.74030291
v -11.43405046 -0.28501702 0.75452421
v -11.42972035 -0.28251698 0.75452422
v -11.43357953 -0.28583801 0.75484222
v -11.42925038 -0.28333796 0.75484221
v -11.43326050 -0.28639401 0.74978380
v -11.43278004 -0.28721502 0.75010179
v -11.42844993 -0.28471494 0.75010180
v -11.42892944 -0.28389394 0.74978381
v -11.43563991 -0.28226305 0.76400511
v -11.43130980 -0.27976300 0.76400512
v -11.43516994 -0.28308404 0.76432310
v -11.43083983 -0.28058399 0.76432311
v -11.43484995 -0.28364004 0.75926471
v -11.43436949 -0.28446104 0.75958262
v -11.43004034 -0.28196097 0.75958262
v -11.43051984 -0.28113997 0.75926469
v -11.43722936 -0.27950896 0.77348602
v -11.43290020 -0.27700903 0.77348601
v -11.43676034 -0.28032995 0.77380400
v -11.43243024 -0.27783002 0.77380399
v -11.43644036 -0.28088595 0.76874559
v -11.43595989 -0.28170704 0.76906353
v -11.43162979 -0.27920700 0.76906353
v -11.43211025 -0.27838600 0.76874559
v -11.43882072 -0.27675499 0.78296689
v -11.43448965 -0.27425503 0.78296690
v -11.43834979 -0.27757598 0.78328490
v -11.43401969 -0.27507605 0.78328489
v -11.43802981 -0.27813198 0.77822642
v -11.43755030 -0.27895295 0.77854441
v -11.43322019 -0.27645303 0.77854442
v -11.43369970 -0.27563202 0.77822643
v -11.44041017 -0.27400102 0.79244780
v -11.43608006 -0.27150094 0.79244780
v -11.43994020 -0.27482201 0.79276578
v -11.43561009 -0.27232196 0.79276579
v -11.43961926 -0.27537801 0.78770733
v -11.43913975 -0.27619898 0.78802530
v -11.43481060 -0.27369906 0.78802531
v -11.43529010 -0.27287805 0.78770732
v -11.44199962 -0.27124705 0.80192869
v -11.43767046 -0.26874697 0.80192869
v -11.44152965 -0.27206803 0.80224663
v -11.43720049 -0.26956799 0.80224661
v -11.44121061 -0.27262404 0.79718820
v -11.44072920 -0.27344501 0.79750621
v -11.43640005 -0.27094497 0.79750621
v -11.43687955 -0.27012396 0.79718822
v -11.44359002 -0.26849296 0.81140957
v -11.43925991 -0.26599300 0.81140958
v -11.44311910 -0.26931406 0.81172752
v -11.43878994 -0.26681401 0.81172751
v -11.44280006 -0.26987004 0.80666911
v -11.44232056 -0.27069104 0.80698710
v -11.43798950 -0.26819099 0.80698710
v -11.43846996 -0.26736999 0.80666911
v -11.44518042 -0.26573898 0.82089042
v -11.44084936 -0.26323903 0.82089043
v -11.44471046 -0.26655997 0.82120840
v -11.44037939 -0.26406004 0.82120841
v -11.44438952 -0.26711595 0.81615001
v -11.44391001 -0.26793695 0.81646800
v -11.43958085 -0.26543703 0.81646799
v -11.44006036 -0.26461602 0.81615000
v -11.44676987 -0.26298501 0.83037131
v -11.44243977 -0.26048494 0.83037131
v -11.44629991 -0.26380600 0.83068931
v -11.44197075 -0.26130604 0.83068930
v -11.44597992 -0.26436197 0.82563088
v -11.44549946 -0.26518298 0.82594889
v -11.44117031 -0.26268305 0.82594888
v -11.44164981 -0.26186205 0.82563089
v -11.44836028 -0.26023104 0.83985220
v -11.44403017 -0.25773097 0.83985220
v -11.44788936 -0.26105203 0.84017020
v -11.44356020 -0.25855195 0.84017019
v -11.44757032 -0.26160801 0.83511179
v -11.44708986 -0.26242901 0.83542978
v -11.44275976 -0.25992896 0.83542978
v -11.44323926 -0.25910796 0.83511179
v -11.44994973 -0.25747704 0.84933310
v -11.44561962 -0.25497699 0.84933311
v -11.44947976 -0.25829806 0.84965121
v -11.44514966 -0.25579799 0.84965121
v -11.44915977 -0.25885403 0.84459268
v -11.44868027 -0.25967504 0.84491067
v -11.44435016 -0.25717499 0.84491067
v -11.44483062 -0.25635399 0.84459268
v -11.45153918 -0.25472295 0.85881400
v -11.44721003 -0.25222302 0.85881398
v -11.45107017 -0.25554394 0.85913211
v -11.44674006 -0.25304402 0.85913210
v -11.45075018 -0.25609994 0.85407356
v -11.45026972 -0.25692095 0.85439163
v -11.44593961 -0.25442099 0.85439162
v -11.44642007 -0.25360002 0.85407357
v -11.45313054 -0.25196899 0.86829500
v -11.44879948 -0.24946904 0.86829501
v -11.45266057 -0.25278999 0.86861298
v -11.44833046 -0.25029005 0.86861299
v -11.45233963 -0.25334598 0.86355453
v -11.45186012 -0.25416698 0.86387252
v -11.44753002 -0.25166704 0.86387253
v -11.44800952 -0.25084603 0.86355454
v -11.45471999 -0.24921501 0.87777590
v -11.45038988 -0.24671495 0.87777591
v -11.45425002 -0.25003602 0.87809389
v -11.44991991 -0.24753596 0.87809388
v -11.45393003 -0.25059200 0.87303542
v -11.45344957 -0.25141299 0.87335341
v -11.44912042 -0.24891305 0.87335340
v -11.44959993 -0.24809194 0.87303542
v -11.45630944 -0.24646104 0.88725679
v -11.45198029 -0.24396098 0.88725680
v -11.45583947 -0.24728203 0.88757480
v -11.45151032 -0.24478199 0.88757478
v -11.45552044 -0.24783803 0.88251631
v -11.45504093 -0.24865902 0.88283429
v -11.45070987 -0.24615896 0.88283430
v -11.45118938 -0.24533797 0.88251631
v -11.45789985 -0.24370695 0.89673768
v -11.45356974 -0.24120701 0.89673768
v -11.45743083 -0.24452794 0.89705568
v -11.45309977 -0.24202801 0.89705568
v -11.45710989 -0.24508406 0.89199720
v -11.45663038 -0.24590504 0.89231531
v -11.45229932 -0.24340500 0.89231533
v -11.45278074 -0.24258400 0.89199721
v -11.45949025 -0.24095298 0.90621858
v -11.45516014 -0.23845304 0.90621857
v -11.45902028 -0.24177397 0.90653661
v -11.45469017 -0.23927403 0.90653663
v -11.45869934 -0.24232996 0.90147812
v -11.45821983 -0.24315096 0.90179611
v -11.45389068 -0.24065102 0.90179608
v -11.45437019 -0.23983003 0.90147809
v -11.46107970 -0.23819901 0.91569948
v -11.45675055 -0.23569895 0.91569946
v -11.46060973 -0.23902000 0.91601752
v -11.45628058 -0.23651994 0.91601753
v -11.46029070 -0.23957599 0.91095911
v -11.45981024 -0.24039699 0.91127697
v -11.45548013 -0.23789705 0.91127699
v -11.45595964 -0.23707605 0.91095912
v -11.46267011 -0.23544503 0.92518043
v -11.45834000 -0.23294497 0.92518043
v -11.46220014 -0.23626603 0.92549841
v -11.45787003 -0.23376597 0.92549841
v -11.46188015 -0.23682202 0.92043990
v -11.46139969 -0.23764302 0.92075788
v -11.45706958 -0.23514296 0.92075787
v -11.45755004 -0.23432196 0.92043990
v -11.46425956 -0.23269106 0.93466131
v -11.45993040 -0.23019100 0.93466132
v -11.46379054 -0.23351205 0.93497930
v -11.45945948 -0.23101200 0.93497931
v -11.46346960 -0.23406804 0.92992078
v -11.46299009 -0.23488903 0.93023877
v -11.45865998 -0.23238899 0.93023876
v -11.45914044 -0.23156799 0.92992079
v -11.46584996 -0.22993697 0.94414221
v -11.46151985 -0.22743703 0.94414220
v -11.46537999 -0.23075796 0.94446022
v -11.46104988 -0.22825803 0.94446020
v -11.46506000 -0.23131395 0.93940167
v -11.46458050 -0.23213495 0.93971972
v -11.46025039 -0.22963501 0.93971971
v -11.46072990 -0.22881401 0.93940169
v -11.46744036 -0.22718300 0.95362310
v -11.46311026 -0.22468306 0.95362312
v -11.46697040 -0.22800398 0.95394108
v -11.46264029 -0.22550404 0.95394110
v -11.46664945 -0.22855999 0.94888264
v -11.46616995 -0.22938098 0.94920063
v -11.46183984 -0.22688103 0.94920062
v -11.46232030 -0.22606005 0.94888261
v -11.46902982 -0.22442903 0.96310400
v -11.46470066 -0.22192897 0.96310399
v -11.46855985 -0.22525001 0.96342198
v -11.46422974 -0.22274995 0.96342201
v -11.46823986 -0.22580600 0.95836353
v -11.46775940 -0.22662700 0.95868151
v -11.46343024 -0.22412695 0.95868152
v -11.46390975 -0.22330596 0.95836353
v -11.47061927 -0.22167505 0.97258491
v -11.46629011 -0.21917499 0.97258489
v -11.47014930 -0.22249604 0.97290289
v -11.46582014 -0.21999598 0.97290287
v -11.46983026 -0.22305203 0.96784442
v -11.46935076 -0.22387304 0.96816241
v -11.46501969 -0.22137297 0.96816239
v -11.46550016 -0.22055197 0.96784442
v -11.47221062 -0.21892095 0.98206579
v -11.46787956 -0.21642102 0.98206580
v -11.47174065 -0.21974195 0.98238377
v -11.46740959 -0.21724201 0.98238378
v -11.47141971 -0.22029794 0.97732530
v -11.47094021 -0.22111905 0.97764341
v -11.46661010 -0.21861900 0.97764343
v -11.46709056 -0.21779800 0.97732531
v -11.47380007 -0.21616698 0.99154667
v -11.46946997 -0.21366704 0.99154666
v -11.47333011 -0.21698798 0.99186468
v -11.46900000 -0.21448804 0.99186467
v -11.47300917 -0.21754397 0.98680633
v -11.47252966 -0.21836496 0.98712432
v -11.46820051 -0.21586502 0.98712430
v -11.46868001 -0.21504404 0.98680633
v -11.47538952 -0.21341301 1.00102758
v -11.47106037 -0.21091295 1.00102756
v -11.47491956 -0.21423400 1.00134561
v -11.47059040 -0.21173395 1.00134562
v -11.47460052 -0.21478999 0.99628721
v -11.47412006 -0.21561099 0.99660521
v -11.46978996 -0.21311105 0.99660520
v -11.47026946 -0.21229006 0.99628721
v -11.47697993 -0.21065904 1.01050853
v -11.47264982 -0.20815898 1.01050852
v -11.47650996 -0.21148003 1.01082651
v -11.47217985 -0.20897997 1.01082653
v -11.47618997 -0.21203602 1.00576811
v -11.47571047 -0.21285702 1.00608610
v -11.47137941 -0.21035696 1.00608612
v -11.47186082 -0.20953596 1.00576809
v -11.41497037 -0.31806399 0.64075295
v -11.41064026 -0.31556403 0.64075296
v -11.41449944 -0.31888605 0.64107102
v -11.41017029 -0.31638601 0.64107101
v -11.41418042 -0.31944097 0.63601296
v -11.41369996 -0.32026198 0.63633100
v -11.40936985 -0.31776202 0.63633101
v -11.40984936 -0.31694105 0.63601297
v -11.53888512 -0.30212295 0.75157951
v -11.53843987 -0.30081498 0.75205952
v -11.53908002 -0.30212415 0.75193523
v -11.53915990 -0.30206801 0.75225580
v -11.53865011 -0.30206097 0.75133150
v -11.53916466 -0.30196703 0.75258892
v -11.53848021 -0.30200005 0.75121092
v -11.53828988 -0.30192198 0.75112198
v -11.53910064 -0.30184307 0.75285910
v -11.53810014 -0.30182995 0.75106762
v -11.53900919 -0.30174005 0.75303143
v -11.53783949 -0.30168307 0.75104814
v -11.53886274 -0.30159260 0.75322126
v -11.53755087 -0.30149497 0.75112198
v -11.53861855 -0.30140447 0.75338333
v -11.53733369 -0.30133059 0.75124639
v -11.53833670 -0.30121781 0.75346289
v -11.53714031 -0.30114604 0.75148027
v -11.53796426 -0.30101204 0.75343066
v -11.53702091 -0.30099309 0.75174605
v -11.53770871 -0.30089676 0.75331938
v -11.53697705 -0.30086459 0.75207972
v -11.53751674 -0.30082559 0.75319052
v -11.53699292 -0.30081129 0.75228261
v -11.53709638 -0.30075695 0.75264393
v -11.53726342 -0.30076458 0.75293176
v -11.53433033 -0.31042695 0.75486909
v -11.53410830 -0.31048621 0.75426626
v -11.53425823 -0.31048191 0.75455707
v -11.53433923 -0.31034101 0.75516598
v -11.53364968 -0.31035997 0.75382423
v -11.53387471 -0.31043996 0.75399029
v -11.53346985 -0.31028201 0.75373541
v -11.53427011 -0.31020201 0.75547240
v -11.53316725 -0.31012976 0.75366144
v -11.53413140 -0.31004513 0.75572448
v -11.53290059 -0.30997207 0.75368087
v -11.53387220 -0.30982376 0.75595665
v -11.53263906 -0.30978883 0.75377684
v -11.53236288 -0.30955339 0.75402025
v -11.53215934 -0.30919969 0.75477337
v -11.53219701 -0.30935372 0.75435654
v -11.53229012 -0.30911804 0.75528180
v -11.53221035 -0.30913794 0.75507872
v -11.53262132 -0.30916275 0.75574492
v -11.53238969 -0.30911994 0.75547242
v -11.53321979 -0.30941498 0.75605737
v -11.53303005 -0.30932296 0.75600290
v -11.53285021 -0.30924499 0.75591401
v -11.53360026 -0.30963195 0.75605738
v -11.53340986 -0.30951895 0.75607573
v -11.55865846 -0.24578919 0.73265884
v -11.55917955 -0.24488819 0.73360609
v -11.55826073 -0.24649322 0.72903405
v -11.55851164 -0.24604262 0.72964202
v -11.55869977 -0.24571908 0.72544103
v -11.55893510 -0.24531962 0.72552727
v -11.55949130 -0.24434627 0.73509627
v -11.55956659 -0.24422385 0.72303390
v -11.56044472 -0.24269367 0.73598199
v -11.56005486 -0.24337281 0.72283804
v -11.56070638 -0.24225367 0.73682957
v -11.56078394 -0.24211432 0.72136729
v -11.56127528 -0.24126113 0.72151975
v -11.56174318 -0.24044730 0.73700469
v -11.56223376 -0.23961104 0.72062819
v -11.56212891 -0.23978544 0.73762683
v -11.56299603 -0.23827780 0.72110676
v -11.56313811 -0.23803235 0.73707813
v -11.56371180 -0.23704303 0.72092890
v -11.56358100 -0.23726465 0.73741268
v -11.56478414 -0.23518409 0.73586505
v -11.56502868 -0.23476554 0.72219359
v -11.56464566 -0.23542358 0.72229151
v -11.56496218 -0.23488416 0.73617421
v -11.56606319 -0.23296679 0.72430908
v -11.56568707 -0.23361506 0.72414003
v -11.56601406 -0.23304821 0.73409544
v -11.56616911 -0.23278583 0.73271780
v -11.56678634 -0.23172164 0.72776120
v -11.56635208 -0.23246469 0.72658777
v -11.56665785 -0.23194255 0.73142783
v -11.56656124 -0.23210443 0.72934185
v -11.55907163 -0.24607647 0.72723752
v -11.55898601 -0.24622834 0.73005872
v -11.55938707 -0.24552263 0.73275756
v -11.55982544 -0.24477948 0.72408002
v -11.56020140 -0.24411906 0.73494939
v -11.56089007 -0.24292816 0.72230200
v -11.56136461 -0.24211371 0.73649495
v -11.56184874 -0.24126650 0.72142076
v -11.56271134 -0.23977758 0.73715763
v -11.56324196 -0.23885812 0.72111343
v -11.56445375 -0.23676134 0.73667114
v -11.56458764 -0.23651887 0.72177022
v -11.56546810 -0.23500347 0.72285586
v -11.56588449 -0.23428191 0.73469828
v -11.56622939 -0.23368574 0.72439842
v -11.56666372 -0.23293114 0.73236071
v -11.56683218 -0.23263659 0.72683643
v -11.56699142 -0.23235966 0.72962980
v -11.70338026 -0.14282799 1.02299777
v -11.70558055 -0.14065505 1.02590129
v -11.70482977 -0.14533699 1.02377801
v -11.70703005 -0.14316500 1.02668147
v -11.77111947 -0.10616494 1.02684832
v -11.76966996 -0.10365499 1.02606808
v -11.77151985 -0.10592199 1.02688508
v -11.77006939 -0.10341204 1.02610492
v -11.77189950 -0.10566796 1.02699220
v -11.77045000 -0.10315896 1.02621203
v -11.77224978 -0.10540999 1.02716706
v -11.77080982 -0.10290099 1.02638691
v -11.77257062 -0.10515500 1.02740548
v -11.77111921 -0.10264505 1.02662533
v -11.77283998 -0.10490705 1.02770148
v -11.77139047 -0.10239804 1.02692131
v -11.77306059 -0.10467399 1.02804791
v -11.77161013 -0.10216404 1.02726768
v -11.77321990 -0.10446097 1.02843600
v -11.77177039 -0.10195197 1.02765583
v -11.77331012 -0.10427297 1.02885637
v -11.77187015 -0.10176398 1.02807622
v -11.77335014 -0.10411597 1.02929861
v -11.77189968 -0.10160602 1.02851844
v -11.77331976 -0.10399200 1.02975183
v -11.77187025 -0.10148300 1.02897160
v -11.77240057 -0.10242296 1.03651088
v -11.77095011 -0.09991396 1.03573070
v -11.77092058 -0.09977401 1.03623375
v -11.77237009 -0.10228397 1.03701399
v -11.77096998 -0.09959305 1.03672188
v -11.77242044 -0.10210300 1.03750210
v -11.77109996 -0.09937705 1.03717999
v -11.77253993 -0.10188604 1.03796020
v -11.77129979 -0.09913004 1.03759430
v -11.77275025 -0.10163999 1.03837446
v -11.77157021 -0.09886302 1.03795216
v -11.77302067 -0.10137201 1.03873240
v -11.77189958 -0.09858096 1.03824268
v -11.77335004 -0.10109104 1.03902298
v -11.77228965 -0.09829499 1.03845733
v -11.77372962 -0.10080398 1.03923749
v -11.77271075 -0.09801198 1.03858911
v -11.77415072 -0.10052098 1.03936926
v -11.77315040 -0.09774102 1.03863422
v -11.77459990 -0.10025097 1.03941440
v -11.77271079 0.13770902 1.03891907
v -11.77455038 0.13997601 1.03973608
v -11.77311000 0.13746595 1.03895590
v -11.77231993 0.13796198 1.03881197
v -11.77411003 0.14024602 1.03969091
v -11.77196989 0.13821995 1.03863709
v -11.77369015 0.14052903 1.03955910
v -11.77376985 0.14047205 1.03959220
v -11.77166073 0.13847600 1.03839866
v -11.77330988 0.14081597 1.03934461
v -11.77341981 0.14073002 1.03941733
v -11.77139065 0.13872396 1.03810267
v -11.77297981 0.14109694 1.03905405
v -11.77310016 0.14098595 1.03917891
v -11.77117026 0.13895701 1.03775631
v -11.77271060 0.14136505 1.03869620
v -11.77282912 0.14123296 1.03888292
v -11.77101019 0.13917004 1.03736823
v -11.77249955 0.14161097 1.03828189
v -11.77262018 0.14146602 1.03853658
v -11.77090965 0.13935696 1.03694777
v -11.77236977 0.14182806 1.03782372
v -11.77245916 0.14167904 1.03814839
v -11.77088027 0.13951504 1.03650564
v -11.77236053 0.14186703 1.03772801
v -11.77090981 0.13963806 1.03605227
v -11.77232053 0.14200805 1.03733568
v -11.77235019 0.14214800 1.03683262
v -11.77183045 0.14120696 1.02929321
v -11.77327941 0.14371704 1.03007340
v -11.77329953 0.14385699 1.02957027
v -11.77186011 0.14134704 1.02879010
v -11.77325030 0.14403700 1.02908229
v -11.77180992 0.14152800 1.02830213
v -11.77313006 0.14425397 1.02862421
v -11.77168014 0.14174496 1.02784389
v -11.77291996 0.14450000 1.02820992
v -11.77147004 0.14199005 1.02742967
v -11.77264979 0.14476800 1.02785200
v -11.77119987 0.14225804 1.02707183
v -11.77232068 0.14504897 1.02756142
v -11.77086981 0.14253997 1.02678120
v -11.77193946 0.14533603 1.02734690
v -11.77049049 0.14282595 1.02656668
v -11.77152053 0.14561902 1.02721509
v -11.77006966 0.14310895 1.02643488
v -11.77106969 0.14588903 1.02716989
v -11.76963026 0.14338003 1.02638972
v -11.72092939 0.17483997 1.02703941
v -11.70553974 0.18037997 1.02622289
v -11.70698966 0.18288898 1.02700322
v -11.70334050 0.18255197 1.02331941
v -11.70478947 0.18506204 1.02409957
v -11.96377035 0.12090003 0.58796697
v -11.96454978 0.11966895 0.58795397
v -11.96447084 0.11964892 0.58824782
v -11.96462532 0.11974918 0.58768265
v -11.96438012 0.11972498 0.58857600
v -11.96433000 0.11981701 0.58876698
v -11.96469069 0.11990714 0.58742802
v -11.96427957 0.11994194 0.58893900
v -11.96474184 0.12009715 0.58723336
v -11.96423925 0.12009596 0.58908802
v -11.96420110 0.12034606 0.58924943
v -11.96478630 0.12031972 0.58709352
v -11.96481785 0.12064313 0.58697693
v -11.96416799 0.12075757 0.58936637
v -11.96482051 0.12094723 0.58695691
v -11.96416981 0.12111698 0.58935195
v -11.96419805 0.12141871 0.58926527
v -11.96423999 0.12170302 0.58908801
v -11.96433004 0.12198197 0.58876698
v -11.96438025 0.12207400 0.58857600
v -11.96427950 0.12185704 0.58893900
v -11.96449060 0.12215006 0.58816402
v -11.96456443 0.12212323 0.58790749
v -11.96443977 0.12213098 0.58837300
v -11.96466036 0.12198066 0.58755080
v -11.96473348 0.12173557 0.58725815
v -11.96478590 0.12148129 0.58709436
v -11.96481264 0.12120806 0.58699160
v -11.97414985 0.12090003 0.59077698
v -11.97405952 0.11969315 0.59110706
v -11.97415022 0.11965000 0.59077697
v -11.97420008 0.11966895 0.59056704
v -11.97428296 0.11975514 0.59027855
v -11.97398029 0.11981701 0.59138005
v -11.97438195 0.12001001 0.58992307
v -11.97391628 0.12002920 0.59164863
v -11.97443999 0.12036514 0.58968096
v -11.97386021 0.12027501 0.59182196
v -11.97383988 0.12047195 0.59191101
v -11.97447170 0.12078439 0.58957093
v -11.97381991 0.12068295 0.59196501
v -11.97381842 0.12104141 0.59197967
v -11.97446930 0.12111699 0.58958906
v -11.97385096 0.12145471 0.59186296
v -11.97392420 0.12180184 0.59161752
v -11.97407141 0.12211715 0.59106712
v -11.97398034 0.12198197 0.59138005
v -11.97428661 0.12203478 0.59026329
v -11.97420026 0.12213098 0.59056703
v -11.97415043 0.12215005 0.59077697
v -11.97438181 0.12178885 0.58992284
v -11.97444051 0.12143683 0.58968214
v -11.86975961 0.02260005 1.02030743
v -11.86880992 0.02260005 1.01998942
v -11.86881048 0.01760005 1.01998942
v -11.86976016 0.01760005 1.02030742
v -11.87135005 0.02260005 1.01556698
v -11.87040037 0.02260004 1.01524901
v -11.87134965 0.01760005 1.01556699
v -11.87039996 0.01760005 1.01524901
v -12.00332048 0.02260005 0.62211005
v -12.00237079 0.02260005 0.62179200
v -12.00237039 0.01760005 0.62179201
v -12.00332008 0.01760005 0.62211006
v -12.00490996 0.02260005 0.61736899
v -12.00396027 0.02260005 0.61705105
v -12.00490955 0.01760005 0.61736899
v -12.00395987 0.01760005 0.61705106
v -12.00013958 0.02260005 0.63159006
v -11.99918989 0.02260005 0.63127201
v -11.99918949 0.01760005 0.63127201
v -12.00014013 0.01760005 0.63159005
v -12.00173003 0.02260005 0.62685006
v -12.00077939 0.02260005 0.62653201
v -12.00173058 0.01760005 0.62685006
v -12.00077994 0.01760005 0.62653200
v -11.99377973 0.02260005 0.65055232
v -11.99283004 0.02260005 0.65023427
v -11.99282964 0.01760005 0.65023427
v -11.99377933 0.01760005 0.65055233
v -11.99537017 0.02260005 0.64581179
v -11.99441953 0.02260005 0.64549380
v -11.99537072 0.01760005 0.64581178
v -11.99441913 0.01760005 0.64549380
v -11.99059980 0.02260005 0.66003310
v -11.98965011 0.02260005 0.65971523
v -11.98965067 0.01760005 0.65971522
v -11.99060035 0.01760005 0.66003309
v -11.99219024 0.02260005 0.65529267
v -11.99123960 0.02260005 0.65497470
v -11.99218984 0.01760005 0.65529268
v -11.99124015 0.01760005 0.65497469
v -11.98741987 0.02260005 0.66951398
v -11.98647018 0.02260005 0.66919611
v -11.98646978 0.01760005 0.66919612
v -11.98741946 0.01760005 0.66951399
v -11.98901031 0.02260005 0.66477357
v -11.98805967 0.02260005 0.66445558
v -11.98900991 0.01760005 0.66477358
v -11.98805927 0.01760005 0.66445559
v -11.98423994 0.02260005 0.67899489
v -11.98329025 0.02260005 0.67867689
v -11.98328985 0.01760005 0.67867690
v -11.98424049 0.01760005 0.67899488
v -11.98582943 0.02260005 0.67425453
v -11.98487974 0.02260005 0.67393648
v -11.98582998 0.01760005 0.67425452
v -11.98488029 0.01760005 0.67393647
v -11.98106001 0.02260005 0.68847589
v -11.98010937 0.02260005 0.68815779
v -11.98010992 0.01760005 0.68815778
v -11.98105961 0.01760005 0.68847590
v -11.98265045 0.02260005 0.68373542
v -11.98170077 0.02260005 0.68341742
v -11.98265005 0.01760005 0.68373542
v -11.98170036 0.01760005 0.68341743
v -11.97788008 0.02260005 0.69795679
v -11.97693039 0.02260005 0.69763880
v -11.97692999 0.01760005 0.69763880
v -11.97787968 0.01760005 0.69795679
v -11.97946957 0.02260005 0.69321632
v -11.97851988 0.02260005 0.69289832
v -11.97947012 0.01760005 0.69321631
v -11.97851948 0.01760005 0.69289833
v -11.97470015 0.02260005 0.70743769
v -11.97374951 0.02260005 0.70711969
v -11.97375006 0.01760005 0.70711969
v -11.97470070 0.01760005 0.70743768
v -11.97629059 0.02260005 0.70269720
v -11.97533995 0.02260005 0.70237922
v -11.97629019 0.01760005 0.70269721
v -11.97534050 0.01760005 0.70237922
v -11.97152022 0.02260005 0.71691857
v -11.97057054 0.02260005 0.71660058
v -11.97057013 0.01760005 0.71660058
v -11.97151982 0.01760005 0.71691858
v -11.97310971 0.02260005 0.71217810
v -11.97216002 0.02260005 0.71186011
v -11.97310930 0.01760005 0.71217811
v -11.97215962 0.01760005 0.71186012
v -11.96834029 0.02260005 0.72639947
v -11.96738965 0.02260005 0.72608148
v -11.96738925 0.01760005 0.72608148
v -11.96834084 0.01760005 0.72639947
v -11.96992978 0.02260005 0.72165912
v -11.96898009 0.02260005 0.72134101
v -11.96993033 0.01760005 0.72165911
v -11.96898064 0.01760005 0.72134100
v -11.96516036 0.02260005 0.73588042
v -11.96420972 0.02260005 0.73556238
v -11.96421027 0.01760005 0.73556237
v -11.96515996 0.01760005 0.73588042
v -11.96674985 0.02260005 0.73114000
v -11.96580016 0.02260005 0.73082189
v -11.96674945 0.01760005 0.73114001
v -11.96579976 0.01760005 0.73082190
v -11.96198043 0.02260005 0.74536132
v -11.96102979 0.02260005 0.74504333
v -11.96102939 0.01760005 0.74504333
v -11.96198003 0.01760005 0.74536133
v -11.96356992 0.02260005 0.74062090
v -11.96262024 0.02260005 0.74030291
v -11.96357047 0.01760005 0.74062089
v -11.96261983 0.01760005 0.74030292
v -11.95879955 0.02260005 0.75484222
v -11.95784986 0.02260005 0.75452422
v -11.95785041 0.01760005 0.75452421
v -11.95880010 0.01760005 0.75484221
v -11.96038999 0.02260005 0.75010178
v -11.95943935 0.02260005 0.74978381
v -11.96038959 0.01760005 0.75010179
v -11.95943990 0.01760005 0.74978380
v -11.95562057 0.02260005 0.76432311
v -11.95467089 0.02260005 0.76400510
v -11.95467049 0.01760005 0.76400511
v -11.95562017 0.01760005 0.76432310
v -11.95721006 0.02260005 0.75958263
v -11.95626038 0.02260005 0.75926469
v -11.95720966 0.01760005 0.75958263
v -11.95625997 0.01760005 0.75926470
v -11.95243969 0.02260005 0.77380400
v -11.95149000 0.02260005 0.77348601
v -11.95148960 0.01760005 0.77348602
v -11.95244024 0.01760005 0.77380399
v -11.95402917 0.02260005 0.76906352
v -11.95307949 0.02260005 0.76874559
v -11.95402973 0.01760005 0.76906352
v -11.95308004 0.01760005 0.76874558
v -11.94926071 0.02260005 0.78328489
v -11.94831007 0.02260005 0.78296691
v -11.94831063 0.01760005 0.78296689
v -11.94926031 0.01760005 0.78328490
v -11.95085020 0.02260005 0.77854441
v -11.94990052 0.02260004 0.77822642
v -11.95084980 0.01760005 0.77854442
v -11.94990011 0.01760005 0.77822643
v -11.94607983 0.02260005 0.79276578
v -11.94513014 0.02260005 0.79244779
v -11.94512974 0.01760005 0.79244780
v -11.94607943 0.01760005 0.79276579
v -11.94766932 0.02260005 0.78802531
v -11.94671963 0.02260005 0.78770731
v -11.94766987 0.01760005 0.78802530
v -11.94671923 0.01760005 0.78770732
v -11.94289990 0.02260005 0.80224663
v -11.94195021 0.02260005 0.80192870
v -11.94195077 0.01760005 0.80192867
v -11.94290045 0.01760005 0.80224662
v -11.94449034 0.02260005 0.79750620
v -11.94353970 0.02260005 0.79718822
v -11.94448994 0.01760005 0.79750621
v -11.94354025 0.01760005 0.79718821
v -11.93971997 0.02260005 0.81172750
v -11.93877028 0.02260005 0.81140957
v -11.93876988 0.01760005 0.81140958
v -11.93971956 0.01760005 0.81172751
v -11.94131041 0.02260005 0.80698710
v -11.94035977 0.02260005 0.80666910
v -11.94131001 0.01760005 0.80698710
v -11.94035937 0.01760005 0.80666911
v -11.93654004 0.02260005 0.82120841
v -11.93559035 0.02260005 0.82089042
v -11.93558995 0.01760005 0.82089043
v -11.93654059 0.01760005 0.82120840
v -11.93812953 0.02260005 0.81646800
v -11.93717984 0.02260005 0.81615000
v -11.93813008 0.01760005 0.81646799
v -11.93718039 0.01760005 0.81615000
v -11.93336011 0.02260005 0.83068929
v -11.93240947 0.02260005 0.83037131
v -11.93241002 0.01760005 0.83037130
v -11.93335971 0.01760005 0.83068930
v -11.93495055 0.02260005 0.82594889
v -11.93399991 0.02260005 0.82563088
v -11.93495015 0.01760005 0.82594888
v -11.93399951 0.01760005 0.82563089
v -11.93018018 0.02260005 0.84017019
v -11.92923049 0.02260005 0.83985220
v -11.92923009 0.01760005 0.83985221
v -11.93017978 0.01760005 0.84017020
v -11.93176967 0.02260005 0.83542978
v -11.93081998 0.02260005 0.83511179
v -11.93177022 0.01760005 0.83542977
v -11.93081958 0.01760005 0.83511180
v -11.92699930 0.02260005 0.84965120
v -11.92604961 0.02260005 0.84933309
v -11.92605016 0.01760005 0.84933309
v -11.92699985 0.01760005 0.84965120
v -11.92859069 0.02260005 0.84491067
v -11.92764005 0.02260005 0.84459269
v -11.92859029 0.01760005 0.84491068
v -11.92764060 0.01760005 0.84459267
v -11.92382032 0.02260005 0.85913209
v -11.92287063 0.02260005 0.85881398
v -11.92287023 0.01760005 0.85881399
v -11.92381992 0.01760005 0.85913210
v -11.92540981 0.02260005 0.85439162
v -11.92446012 0.02260005 0.85407357
v -11.92540941 0.01760005 0.85439163
v -11.92445972 0.01760005 0.85407358
v -11.92063944 0.02260005 0.86861300
v -11.91968975 0.02260005 0.86829500
v -11.91968935 0.01760005 0.86829500
v -11.92063999 0.01760005 0.86861298
v -11.92222988 0.02260005 0.86387253
v -11.92128019 0.02260005 0.86355453
v -11.92223043 0.01760005 0.86387252
v -11.92128075 0.01760005 0.86355453
v -11.91746046 0.02260005 0.87809388
v -11.91650982 0.02260005 0.87777590
v -11.91651037 0.01760005 0.87777589
v -11.91746006 0.01760005 0.87809389
v -11.91904995 0.02260005 0.87335340
v -11.91810026 0.02260005 0.87303541
v -11.91904955 0.01760005 0.87335341
v -11.91809986 0.01760005 0.87303542
v -11.91428053 0.02260005 0.88757478
v -11.91332989 0.02260005 0.88725679
v -11.91332949 0.01760005 0.88725679
v -11.91428013 0.01760005 0.88757479
v -11.91587002 0.02260005 0.88283431
v -11.91492033 0.02260005 0.88251632
v -11.91587057 0.01760005 0.88283430
v -11.91491993 0.01760005 0.88251633
v -11.91109965 0.02260005 0.89705569
v -11.91014996 0.02260005 0.89673768
v -11.91015052 0.01760005 0.89673768
v -11.91110020 0.01760005 0.89705568
v -11.91269009 0.02260005 0.89231530
v -11.91173945 0.02260005 0.89199722
v -11.91268969 0.01760005 0.89231531
v -11.91174000 0.01760005 0.89199722
v -11.90792067 0.02260005 0.90653661
v -11.90697003 0.02260005 0.90621856
v -11.90696963 0.01760005 0.90621857
v -11.90792027 0.01760005 0.90653662
v -11.90951016 0.02260005 0.90179609
v -11.90856047 0.02260005 0.90147808
v -11.90950976 0.01760005 0.90179610
v -11.90856007 0.01760005 0.90147809
v -11.90473979 0.02260005 0.91601753
v -11.90379010 0.02260005 0.91569947
v -11.90378970 0.01760005 0.91569948
v -11.90474034 0.01760005 0.91601753
v -11.90632927 0.02260005 0.91127698
v -11.90537959 0.02260004 0.91095913
v -11.90632983 0.01760005 0.91127698
v -11.90538015 0.01760005 0.91095912
v -11.90155986 0.02260005 0.92549841
v -11.90061018 0.02260005 0.92518043
v -11.90061073 0.01760005 0.92518043
v -11.90156041 0.01760005 0.92549840
v -11.90315030 0.02260005 0.92075787
v -11.90220061 0.02260005 0.92043987
v -11.90314990 0.01760005 0.92075788
v -11.90220021 0.01760005 0.92043988
v -11.89837993 0.02260005 0.93497932
v -11.89743024 0.02260005 0.93466131
v -11.89742984 0.01760005 0.93466132
v -11.89837953 0.01760005 0.93497933
v -11.89996941 0.02260005 0.93023877
v -11.89901973 0.02260004 0.92992079
v -11.89996997 0.01760005 0.93023876
v -11.89901933 0.01760005 0.92992080
v -11.89520000 0.02260005 0.94446019
v -11.89425032 0.02260005 0.94414222
v -11.89425087 0.01760005 0.94414221
v -11.89520055 0.01760005 0.94446019
v -11.89679044 0.02260005 0.93971972
v -11.89583980 0.02260004 0.93940170
v -11.89679004 0.01760005 0.93971973
v -11.89584035 0.01760005 0.93940166
v -11.89202007 0.02260005 0.95394110
v -11.89106943 0.02260005 0.95362311
v -11.89106998 0.01760005 0.95362310
v -11.89201967 0.01760005 0.95394111
v -11.89360956 0.02260005 0.94920061
v -11.89265987 0.02260004 0.94888263
v -11.89360915 0.01760005 0.94920062
v -11.89265947 0.01760005 0.94888264
v -11.88884014 0.02260004 0.96342200
v -11.88789046 0.02260005 0.96310400
v -11.88789005 0.01760005 0.96310401
v -11.88884069 0.01760005 0.96342197
v -11.89042963 0.02260005 0.95868152
v -11.88947994 0.02260005 0.95836354
v -11.89043018 0.01760005 0.95868151
v -11.88948049 0.01760005 0.95836350
v -11.88565926 0.02260004 0.97290290
v -11.88470957 0.02260005 0.97258489
v -11.88471012 0.01760005 0.97258488
v -11.88565981 0.01760005 0.97290289
v -11.88725065 0.02260005 0.96816241
v -11.88630001 0.02260005 0.96784441
v -11.88725025 0.01760005 0.96816241
v -11.88629961 0.01760005 0.96784442
v -11.88248028 0.02260005 0.98238379
v -11.88153060 0.02260004 0.98206578
v -11.88153019 0.01760005 0.98206579
v -11.88247988 0.01760005 0.98238377
v -11.88406977 0.02260004 0.97764342
v -11.88312008 0.02260004 0.97732532
v -11.88407032 0.01760005 0.97764341
v -11.88311968 0.01760005 0.97732533
v -11.87929940 0.02260005 0.99186468
v -11.87834971 0.02260005 0.99154667
v -11.87835026 0.01760005 0.99154667
v -11.87929995 0.01760005 0.99186467
v -11.88089079 0.02260005 0.98712431
v -11.87993920 0.02260005 0.98680633
v -11.88089039 0.01760005 0.98712432
v -11.87993975 0.01760005 0.98680633
v -11.87612042 0.02260004 1.00134563
v -11.87516978 0.02260005 1.00102758
v -11.87517033 0.01760005 1.00102757
v -11.87612002 0.01760005 1.00134564
v -11.87770991 0.02260005 0.99660520
v -11.87676023 0.02260005 0.99628722
v -11.87770951 0.01760005 0.99660521
v -11.87675982 0.01760005 0.99628723
v -11.87293954 0.02260005 1.01082652
v -11.87198985 0.02260005 1.01050852
v -11.87198945 0.01760005 1.01050853
v -11.87293914 0.01760005 1.01082653
v -11.87452998 0.02260005 1.00608611
v -11.87358030 0.02260005 1.00576810
v -11.87453053 0.01760005 1.00608610
v -11.87358085 0.01760005 1.00576809
v -11.99696060 0.02260005 0.64107100
v -11.99600997 0.02260005 0.64075297
v -11.99601052 0.01760005 0.64075296
v -11.99696020 0.01760005 0.64107101
v -11.99855010 0.02260005 0.63633101
v -11.99760042 0.02260005 0.63601296
v -11.99854970 0.01760005 0.63633102
v -11.99760001 0.01760005 0.63601296
v -11.91998998 0.11968278 0.75254839
v -11.91933936 0.12090003 0.75205951
v -11.92010019 0.11965250 0.75213121
v -11.92018021 0.11972498 0.75184307
v -11.92023042 0.11981701 0.75165253
v -11.91990090 0.11981701 0.75285910
v -11.92028001 0.11994194 0.75148027
v -11.91984940 0.11997985 0.75307945
v -11.92032303 0.12011574 0.75131320
v -11.91978713 0.12023829 0.75328057
v -11.92036600 0.12041926 0.75113945
v -11.91975867 0.12047564 0.75339536
v -11.92038970 0.12068295 0.75106763
v -11.91973815 0.12086951 0.75346785
v -11.92038949 0.12090002 0.75104933
v -11.92038990 0.12111699 0.75106763
v -11.91975638 0.12129365 0.75340705
v -11.91979590 0.12160574 0.75325415
v -11.91985374 0.12183487 0.75305973
v -11.91989999 0.12198197 0.75285911
v -11.92000973 0.12213098 0.75246530
v -11.92007008 0.12215006 0.75225579
v -11.91995974 0.12207400 0.75266848
v -11.92011992 0.12213098 0.75204627
v -11.92020181 0.12204372 0.75176011
v -11.92032026 0.12170302 0.75133149
v -11.92034960 0.12152504 0.75121092
v -11.92027994 0.12185704 0.75148027
v -11.92036994 0.12132704 0.75112198
v -11.92972075 0.12090003 0.75486908
v -11.92962948 0.11969315 0.75519943
v -11.92974636 0.11964892 0.75478230
v -11.92985014 0.11975371 0.75437646
v -11.92953190 0.11987816 0.75557016
v -11.92993031 0.11994194 0.75409357
v -11.92998228 0.12015961 0.75389087
v -11.92945395 0.12017464 0.75585753
v -11.93003033 0.12047195 0.75373541
v -11.92941077 0.12047194 0.75600289
v -11.93004738 0.12077950 0.75366365
v -11.92939215 0.12080108 0.75607651
v -11.93003764 0.12121223 0.75369638
v -11.92940407 0.12123310 0.75603669
v -11.92950929 0.12185704 0.75564474
v -11.92945371 0.12162101 0.75586025
v -11.92966003 0.12213098 0.75507873
v -11.92958949 0.12204384 0.75536424
v -11.92986011 0.12202751 0.75433998
v -11.92977975 0.12213098 0.75465958
v -11.92972038 0.12215005 0.75486909
v -11.92998922 0.12160408 0.75386720
v -11.92993024 0.12185703 0.75409358
v -11.85591934 0.11090027 0.72087025
v -11.85498343 0.11090004 0.72119403
v -11.85297492 0.11090027 0.72064566
v -11.85829196 0.11089992 0.72241305
v -11.85221289 0.11089992 0.72126685
v -11.85011753 0.11090039 0.72144441
v -11.85923749 0.11090111 0.72248648
v -11.84903111 0.11089992 0.72262054
v -11.84717035 0.11090099 0.72369312
v -11.86105932 0.11089992 0.72557341
v -11.86148009 0.11090028 0.72541320
v -11.84640549 0.11089968 0.72588586
v -11.84554883 0.11090015 0.72699939
v -11.86230184 0.11090027 0.72830359
v -11.86183169 0.11090028 0.72892487
v -11.84577408 0.11089944 0.72936319
v -11.84531791 0.11090051 0.72996551
v -11.86190381 0.11090135 0.73198711
v -11.86141346 0.11090016 0.73170172
v -11.84643162 0.11090075 0.73353372
v -11.84633715 0.11090016 0.73207329
v -11.85965441 0.11090004 0.73471646
v -11.84778441 0.11090028 0.73444759
v -11.85938900 0.11090135 0.73565506
v -11.84962715 0.11090123 0.73663269
v -11.85055642 0.11090003 0.73653608
v -11.85674031 0.11089991 0.73661106
v -11.85610720 0.11090039 0.73735278
v -11.85316104 0.11090027 0.73764312
v -11.85401799 0.11090004 0.73716341
v -11.85538389 0.11140012 0.72128395
v -11.85329118 0.11140107 0.72111290
v -11.85737117 0.11140119 0.72192960
v -11.85056789 0.11140096 0.72177654
v -11.85959741 0.11140131 0.72355818
v -11.84877388 0.11140036 0.72290461
v -11.84731871 0.11140060 0.72438323
v -11.86083734 0.11140035 0.72529488
v -11.86161678 0.11140095 0.72721140
v -11.84635371 0.11140000 0.72619235
v -11.84581830 0.11140107 0.72824846
v -11.86179550 0.11139869 0.73003614
v -11.84587772 0.11139952 0.73028373
v -11.86068415 0.11139917 0.73339133
v -11.84643831 0.11140071 0.73234318
v -11.84796762 0.11140036 0.73466270
v -11.85827135 0.11140179 0.73582260
v -11.85022996 0.11140060 0.73633890
v -11.85570758 0.11140107 0.73694872
v -11.85292454 0.11140083 0.73712759
v -11.45525070 -0.30061496 0.47799997
v -11.45280947 -0.29945601 0.47799998
v -11.45530017 -0.30089200 0.47799998
v -11.45515925 -0.30034900 0.47799998
v -11.45502965 -0.30010104 0.47799999
v -11.45485997 -0.29987705 0.47799997
v -11.45465976 -0.29968298 0.47799998
v -11.45442997 -0.29952396 0.47799998
v -11.45418012 -0.29940405 0.47799998
v -11.45391023 -0.29932499 0.47799997
v -11.45362983 -0.29929104 0.47799998
v -11.45334940 -0.29930200 0.47799998
v -11.45306991 -0.29935695 0.47799998
v -11.40132951 -0.27319695 0.46624999
v -11.42664045 -0.28434899 0.46624998
v -11.42513986 -0.28694702 0.46624999
v -11.40283011 -0.27059901 0.46624998
v -11.42514006 -0.28694703 0.47400002
v -11.42663970 -0.28434897 0.47400003
v -11.46921035 -0.30892395 0.47400002
v -11.46921051 -0.30892397 0.47299998
v -11.46770991 -0.31152201 0.47299998
v -11.46770976 -0.31152202 0.47400003
v -11.45967968 -0.30342400 0.46100002
v -11.45818004 -0.30602206 0.46100001
v -11.40078984 -0.26942397 0.46100001
v -11.39928925 -0.27202200 0.46100002
v -11.39127049 -0.26392402 0.47299997
v -11.38976989 -0.26652205 0.47299998
v -11.38976974 -0.26652206 0.47400003
v -11.39127033 -0.26392400 0.47400002
v -11.45554998 -0.30450404 0.47400002
v -11.43290012 -0.29142596 0.47400002
v -11.43959028 -0.29528704 0.47400003
v -11.40132972 -0.27319694 0.47400002
v -11.40282936 -0.27059902 0.47400002
v -11.45529985 -0.30089200 0.47400003
v -11.45281011 -0.29945601 0.47400002
v -11.43889960 -0.29142596 0.47400002
v -11.42664002 -0.28434897 0.47799998
v -11.42513965 -0.28694702 0.49774998
v -11.42514038 -0.28694703 0.47799996
v -11.42664024 -0.28434898 0.49774997
v -11.46483224 -0.30639818 0.49192397
v -11.46243809 -0.30501439 0.49176948
v -11.46508709 -0.30654300 0.49356442
v -11.46403885 -0.30593752 0.49472599
v -11.46366228 -0.30572236 0.49119823
v -11.46203656 -0.30478146 0.49305431
v -11.46260365 -0.30510986 0.49443966
v -11.46347187 -0.30907561 0.49220734
v -11.46357103 -0.30913080 0.49344021
v -11.46312777 -0.30887759 0.49428968
v -11.46277001 -0.30866935 0.49141960
v -11.46229581 -0.30839730 0.49476737
v -11.46186667 -0.30814671 0.49123292
v -11.46138673 -0.30787217 0.49457937
v -11.46103187 -0.30766537 0.49171165
v -11.46071522 -0.30748357 0.49383811
v -11.46056965 -0.30739965 0.49262385
v -11.42734146 -0.28821492 0.51844315
v -11.43012218 -0.28982129 0.51805906
v -11.43024567 -0.28989267 0.51971393
v -11.42915039 -0.28926148 0.51726775
v -11.42922609 -0.28930532 0.52070957
v -11.42797607 -0.28858256 0.51746314
v -11.42817208 -0.28869630 0.52063457
v -11.42734319 -0.28821528 0.51966612
v -11.43180497 -0.28732717 0.51873605
v -11.43162139 -0.28722395 0.51994054
v -11.43131431 -0.28704477 0.51763956
v -11.43078043 -0.28673876 0.52067404
v -11.42991983 -0.28624094 0.51722508
v -11.42984460 -0.28619672 0.52070741
v -11.42884303 -0.28561726 0.51833229
v -11.42891946 -0.28566052 0.51985483
v -11.42899077 -0.28916622 0.52520769
v -11.42905980 -0.28920783 0.52349143
v -11.42843751 -0.29023303 0.52332740
v -11.42902640 -0.28918720 0.52876083
v -11.42842365 -0.29022577 0.53226893
v -11.42903812 -0.28919532 0.53242176
v -11.43216775 -0.29100263 0.52261238
v -11.43265559 -0.29128289 0.52376693
v -11.43205058 -0.29231930 0.52344196
v -11.43098240 -0.29170179 0.52214067
v -11.43104410 -0.29035175 0.52197402
v -11.42971926 -0.29097569 0.52204745
v -11.42981796 -0.28964354 0.52231865
v -11.43265811 -0.29128372 0.53227035
v -11.43203421 -0.29231038 0.53268425
v -11.43199889 -0.29090442 0.53359740
v -11.43075895 -0.29157354 0.53395324
v -11.43063591 -0.29011668 0.53402572
v -11.42920474 -0.29067671 0.53373424
v -11.42963721 -0.28954005 0.53350203
v -11.43028949 -0.28991938 0.52700060
v -11.42986640 -0.28967297 0.52578394
v -11.42994376 -0.28971696 0.52809017
v -11.42789662 -0.28853621 0.52854746
v -11.42716183 -0.28811218 0.52700131
v -11.42770753 -0.28842747 0.52567081
v -11.43177230 -0.28731120 0.52657181
v -11.43132534 -0.28705109 0.52832501
v -11.43092186 -0.28681780 0.52540165
v -11.42994355 -0.28625394 0.52876847
v -11.42985448 -0.28620292 0.52526897
v -11.42880118 -0.28559234 0.52624457
v -11.42888349 -0.28563916 0.52788906
v -11.46020643 -0.30718994 0.53900044
v -11.46191877 -0.30471661 0.53962080
v -11.46042326 -0.30731427 0.54036801
v -11.46171044 -0.30459356 0.54099577
v -11.46146878 -0.30445528 0.53878444
v -11.45988906 -0.30700745 0.54130928
v -11.45925702 -0.30664170 0.53840296
v -11.46070479 -0.30401230 0.53838078
v -11.46063697 -0.30397333 0.54162650
v -11.45896283 -0.30647183 0.54162639
v -11.45841840 -0.30615534 0.53854518
v -11.45977002 -0.30347169 0.53864472
v -11.45960230 -0.30337536 0.54123024
v -11.45817659 -0.30601549 0.54126005
v -11.45782167 -0.30581165 0.53922979
v -11.45911378 -0.30309583 0.53981106
v -11.45764355 -0.30571283 0.54030675
v -11.44515180 -0.29503262 0.52999918
v -11.44303179 -0.29727330 0.52934985
v -11.44366932 -0.29764284 0.52999894
v -11.44453106 -0.29467429 0.52932827
v -11.45718502 -0.30544795 0.52999752
v -11.45872841 -0.30287422 0.52999084
v -11.45925026 -0.30317331 0.52922027
v -11.45774951 -0.30577112 0.52926701
v -11.45925030 -0.30317367 0.51279347
v -11.45774727 -0.30577040 0.51265065
v -11.45874399 -0.30288102 0.51201026
v -11.45710878 -0.30540372 0.51200109
v -11.44522713 -0.29507699 0.51200037
v -11.44364837 -0.29763260 0.51200145
v -11.44456033 -0.29469050 0.51254552
v -11.44303041 -0.29727294 0.51267128
v -11.46347221 -0.30907561 0.52020721
v -11.46508743 -0.30654266 0.52156441
v -11.46357138 -0.30913080 0.52144043
v -11.46483164 -0.30639827 0.51992433
v -11.46312716 -0.30887761 0.52228969
v -11.46277035 -0.30866934 0.51941960
v -11.46403824 -0.30593813 0.52272587
v -11.46379672 -0.30579830 0.51923329
v -11.46215943 -0.30831898 0.52280229
v -11.46186702 -0.30814649 0.51923292
v -11.46252487 -0.30506362 0.51963740
v -11.46260399 -0.30510975 0.52243965
v -11.46083102 -0.30754973 0.52212315
v -11.46103126 -0.30766536 0.51971178
v -11.46057095 -0.30739952 0.52062385
v -11.46203691 -0.30478134 0.52105455
v -11.44007130 -0.29556395 0.52185445
v -11.43919526 -0.29505706 0.51929121
v -11.44014651 -0.29560866 0.52033299
v -11.43800339 -0.29437149 0.51940803
v -11.43721498 -0.29391695 0.52042823
v -11.43736275 -0.29400232 0.52194017
v -11.43821345 -0.29449202 0.52267676
v -11.43914561 -0.29502833 0.52270763
v -11.44173977 -0.29306462 0.52073591
v -11.44150160 -0.29292585 0.52192621
v -11.44111241 -0.29270005 0.51956324
v -11.44069866 -0.29246032 0.52270859
v -11.43996800 -0.29204262 0.51921813
v -11.43950284 -0.29177428 0.52259332
v -11.43886473 -0.29140307 0.52005905
v -11.43871594 -0.29131867 0.52157096
v -11.42901996 -0.28918541 0.50528043
v -11.42905915 -0.28920760 0.50349170
v -11.42843781 -0.29023303 0.50332754
v -11.42902575 -0.28918721 0.50876075
v -11.42842204 -0.29022576 0.51226848
v -11.42903842 -0.28919530 0.51242166
v -11.43216710 -0.29100263 0.50261217
v -11.43265588 -0.29128289 0.50376647
v -11.43204993 -0.29231932 0.50344198
v -11.43098175 -0.29170191 0.50214081
v -11.43104344 -0.29035165 0.50197404
v -11.42971956 -0.29097559 0.50204759
v -11.42981731 -0.28964365 0.50231867
v -11.43265746 -0.29128374 0.51227026
v -11.43203451 -0.29230954 0.51268391
v -11.43199919 -0.29090440 0.51359729
v -11.43076210 -0.29157341 0.51395242
v -11.43063621 -0.29011667 0.51402573
v -11.42920409 -0.29067636 0.51373452
v -11.42963751 -0.28954007 0.51350205
v -11.43021998 -0.28987993 0.50654023
v -11.43010986 -0.28981342 0.50785856
v -11.42966190 -0.28955497 0.50557249
v -11.42789692 -0.28853620 0.50854747
v -11.42716308 -0.28811182 0.50700096
v -11.42763239 -0.28838110 0.50577670
v -11.42840362 -0.28882827 0.50526016
v -11.43177938 -0.28731408 0.50730639
v -11.43154099 -0.28717591 0.50607304
v -11.43109000 -0.28691437 0.50848680
v -11.43086250 -0.28678335 0.50536984
v -11.42994385 -0.28625393 0.50876848
v -11.42995196 -0.28626013 0.50526433
v -11.42915511 -0.28579797 0.50573175
v -11.42888284 -0.28563918 0.50788896
v -11.42873093 -0.28555383 0.50669448
v -11.42842329 -0.29022540 0.49226849
v -11.42902605 -0.28918720 0.48876076
v -11.42843871 -0.29023361 0.48330622
v -11.42901819 -0.28918457 0.48527080
v -11.42903662 -0.28919389 0.48371892
v -11.42903872 -0.28919543 0.49242144
v -11.42873096 -0.28555263 0.48230497
v -11.43163358 -0.28722944 0.48275296
v -11.43171457 -0.28727665 0.48140352
v -11.43099485 -0.28685832 0.48046248
v -11.43078474 -0.28673687 0.48369544
v -11.42997240 -0.28627052 0.48022477
v -11.42889244 -0.28564560 0.48109048
v -11.42932516 -0.28589620 0.48349005
v -11.43028885 -0.28991627 0.48204928
v -11.42983801 -0.28965761 0.48329394
v -11.42975031 -0.28960502 0.48060397
v -11.42851488 -0.28889371 0.48023395
v -11.42840097 -0.28882707 0.48374121
v -11.42748526 -0.28829802 0.48092013
v -11.42762535 -0.28837716 0.48321431
v -11.42720769 -0.28813779 0.48226064
v -11.42943999 -0.28942694 0.48265450
v -11.43217905 -0.29100812 0.48262446
v -11.43265541 -0.29128338 0.48377722
v -11.43205022 -0.29231943 0.48344140
v -11.43098974 -0.29170621 0.48214440
v -11.43105616 -0.29035928 0.48197538
v -11.42974075 -0.29098798 0.48204212
v -11.43265776 -0.29128372 0.49227016
v -11.43203385 -0.29230976 0.49268381
v -11.43199854 -0.29090428 0.49359744
v -11.43076145 -0.29157343 0.49395246
v -11.43063556 -0.29011681 0.49402576
v -11.42920535 -0.29067638 0.49373453
v -11.42963781 -0.28954079 0.49350218
v -11.43023549 -0.28988828 0.48664921
v -11.42975490 -0.28960645 0.48564021
v -11.43010921 -0.28981329 0.48785858
v -11.42789722 -0.28853621 0.48854738
v -11.42716243 -0.28811207 0.48700123
v -11.42789613 -0.28853334 0.48545496
v -11.43171740 -0.28727747 0.48712068
v -11.43164927 -0.28723824 0.48642271
v -11.43132688 -0.28705205 0.48832432
v -11.43115368 -0.28695238 0.48565333
v -11.43061607 -0.28663971 0.48527210
v -11.43029690 -0.28645610 0.48870841
v -11.42984847 -0.28619827 0.48532919
v -11.42968664 -0.28610470 0.48859756
v -11.42910187 -0.28576637 0.48589186
v -11.42891794 -0.28565932 0.48786074
v -11.42875853 -0.28556921 0.48678581
v -11.43122005 -0.28698971 0.48826591
v -11.43311182 -0.28461732 0.48648445
v -11.43307451 -0.28459525 0.48776704
v -11.43240017 -0.28420713 0.48545831
v -11.43208039 -0.28402149 0.48863416
v -11.43115486 -0.28348887 0.48546020
v -11.43109416 -0.28345384 0.48850719
v -11.43030881 -0.28300083 0.48651140
v -11.43048761 -0.28310311 0.48782948
v -11.40106553 -0.26958014 0.49397640
v -11.39966703 -0.26877238 0.49270874
v -11.40062202 -0.26932432 0.49301712
v -11.39950554 -0.26867987 0.49521176
v -11.40053413 -0.26927306 0.49508218
v -11.39889361 -0.26832797 0.49354464
v -11.39887660 -0.26831686 0.49439472
v -11.40216883 -0.26675131 0.49304311
v -11.40254958 -0.26697231 0.49401275
v -11.40210338 -0.26671540 0.49502603
v -11.40109554 -0.26613140 0.49273115
v -11.40127399 -0.26623427 0.49526267
v -11.40046029 -0.26576914 0.49468333
v -11.40037806 -0.26571691 0.49360482
v -11.44435850 -0.29457475 0.48604255
v -11.44326144 -0.29394364 0.48472564
v -11.44396889 -0.29435183 0.48505645
v -11.44213338 -0.29329135 0.48579091
v -11.44255179 -0.29353309 0.48499398
v -11.44243135 -0.29346264 0.48693923
v -11.44367578 -0.29418183 0.48722140
v -11.44535216 -0.29168512 0.48488634
v -11.44583700 -0.29196550 0.48603301
v -11.44556809 -0.29181029 0.48681764
v -11.44486364 -0.29140521 0.48727970
v -11.44399470 -0.29090180 0.48496610
v -11.44405132 -0.29093432 0.48700588
v -11.44363348 -0.29069247 0.48621027
v -11.45949817 -0.30331708 0.49439876
v -11.46145353 -0.30444481 0.49325495
v -11.46164690 -0.30455699 0.49408380
v -11.46131061 -0.30436194 0.49494368
v -11.46068255 -0.30400097 0.49272006
v -11.46021383 -0.30373025 0.49526887
v -11.45962388 -0.30339040 0.49321180
v -11.46308294 -0.30192044 0.49354021
v -11.46310222 -0.30193283 0.49439327
v -11.46249086 -0.30158020 0.49281614
v -11.46263713 -0.30166354 0.49508076
v -11.46169487 -0.30112185 0.49524050
v -11.46168585 -0.30111601 0.49280349
v -11.46106179 -0.30075670 0.49339526
v -11.46100003 -0.30071748 0.49441735
v -11.41799112 -0.27935221 0.48505741
v -11.41948668 -0.27675056 0.48504142
v -11.41838462 -0.27958096 0.48615998
v -11.41986938 -0.27697289 0.48601358
v -11.41949136 -0.27675426 0.48694317
v -11.41759347 -0.27912511 0.48724322
v -11.41719000 -0.27888872 0.48471290
v -11.41871560 -0.27630712 0.48472589
v -11.41878851 -0.27634931 0.48727457
v -11.41666000 -0.27858378 0.48707884
v -11.41802016 -0.27590347 0.48504487
v -11.41807264 -0.27593651 0.48700898
v -11.41628479 -0.27836788 0.48531334
v -11.41619832 -0.27831651 0.48639648
v -11.41761863 -0.27567364 0.48604934
v -11.41022849 -0.26833465 0.47799996
v -11.40961996 -0.26833499 0.47799997
v -11.40992040 -0.26836097 0.47799997
v -11.41052040 -0.26825596 0.47799998
v -11.41089445 -0.26791846 0.47799998
v -11.40932050 -0.26825595 0.47799997
v -11.41080088 -0.26812697 0.47799997
v -11.40904968 -0.26812696 0.47799997
v -11.41104990 -0.26795198 0.47799997
v -11.40857772 -0.26773193 0.47799998
v -11.40879986 -0.26795199 0.47799997
v -11.41127034 -0.26772308 0.47799998
v -11.40845773 -0.26731908 0.47799973
v -11.40840997 -0.26748597 0.47799997
v -11.41157007 -0.26721001 0.47799998
v -11.41144023 -0.26748597 0.47799998
v -11.40828038 -0.26721002 0.47799997
v -11.41165033 -0.26691497 0.47799997
v -11.40819944 -0.26691498 0.47799998
v -11.41167050 -0.26661099 0.47799998
v -11.41145522 -0.26600027 0.47799999
v -11.40817001 -0.26661099 0.47799998
v -11.40836769 -0.26608481 0.47799973
v -11.41165061 -0.26630797 0.47799997
v -11.40819972 -0.26630797 0.47799997
v -11.40827997 -0.26601302 0.47799997
v -11.41156967 -0.26601304 0.47799997
v -11.40840982 -0.26573599 0.47799998
v -11.41144008 -0.26573599 0.47799997
v -11.40858067 -0.26548602 0.47799997
v -11.41125993 -0.26548602 0.47799997
v -11.41043794 -0.26504745 0.47799998
v -11.40880205 -0.26527012 0.47799972
v -11.41105019 -0.26527096 0.47799998
v -11.41080037 -0.26509595 0.47799998
v -11.40932011 -0.26496697 0.47799998
v -11.40904917 -0.26509595 0.47799999
v -11.41052001 -0.26496698 0.47799998
v -11.40961965 -0.26488806 0.47799998
v -11.41023009 -0.26488804 0.47799998
v -11.40992011 -0.26486100 0.47799997
v -11.41069171 -0.26803066 0.48099999
v -11.40943737 -0.26820910 0.48099999
v -11.41145705 -0.26722170 0.48099999
v -11.40835244 -0.26710868 0.48100000
v -11.41145947 -0.26610209 0.48099999
v -11.40846364 -0.26589348 0.48100001
v -11.41078363 -0.26520813 0.48099999
v -11.40939591 -0.26505006 0.48099999
v -11.46186030 -0.28890695 0.47799997
v -11.46214934 -0.28882790 0.47799997
v -11.46155030 -0.28893304 0.47799998
v -11.46124986 -0.28890694 0.47799997
v -11.46095994 -0.28882803 0.47799998
v -11.46242982 -0.28869903 0.47799996
v -11.46306917 -0.28805878 0.47799998
v -11.46053565 -0.28847791 0.47799998
v -11.46067958 -0.28869903 0.47799998
v -11.46268076 -0.28852404 0.47799996
v -11.46042976 -0.28852405 0.47799997
v -11.46288974 -0.28830802 0.47799998
v -11.46021048 -0.28830802 0.47799998
v -11.46003987 -0.28805807 0.47799998
v -11.46319997 -0.28778195 0.47799998
v -11.46319932 -0.28713407 0.47799997
v -11.45991029 -0.28777922 0.47800056
v -11.46328023 -0.28748704 0.47799997
v -11.46330040 -0.28718305 0.47799997
v -11.45979991 -0.28718305 0.47799999
v -11.45983029 -0.28748704 0.47799997
v -11.46328051 -0.28687896 0.47799998
v -11.45982962 -0.28687896 0.47799997
v -11.45991083 -0.28658461 0.47799998
v -11.46320053 -0.28658499 0.47799997
v -11.46257705 -0.28589463 0.47799998
v -11.46306998 -0.28630805 0.47799998
v -11.46021057 -0.28605796 0.47799996
v -11.46003972 -0.28630805 0.47799997
v -11.46288983 -0.28605796 0.47799998
v -11.46043004 -0.28584303 0.47799997
v -11.46268009 -0.28584302 0.47799999
v -11.46068002 -0.28566801 0.47799996
v -11.46121134 -0.28557028 0.47799997
v -11.46242932 -0.28566801 0.47799997
v -11.46095955 -0.28553905 0.47799998
v -11.46214991 -0.28553904 0.47799997
v -11.46124955 -0.28546000 0.47799997
v -11.46185999 -0.28546002 0.47799997
v -11.46155001 -0.28543295 0.47799998
v -11.46165671 -0.28880906 0.48100001
v -11.46034544 -0.28833449 0.48100000
v -11.46267845 -0.28836061 0.48099999
v -11.46313381 -0.28752339 0.48099999
v -11.45994940 -0.28671731 0.48100000
v -11.46300937 -0.28640653 0.48100000
v -11.46089510 -0.28569235 0.48100000
v -11.46201205 -0.28562011 0.48099999
v -11.45785967 -0.29583503 0.47799997
v -11.45814967 -0.29575586 0.47799997
v -11.45754967 -0.29586102 0.47799997
v -11.45725019 -0.29583502 0.47799997
v -11.45696026 -0.29575599 0.47799997
v -11.45843015 -0.29562702 0.47799997
v -11.45895598 -0.29501938 0.47799997
v -11.45653693 -0.29540575 0.47799997
v -11.45667990 -0.29562702 0.47799997
v -11.45868013 -0.29545200 0.47799997
v -11.45643009 -0.29545201 0.47799997
v -11.45889007 -0.29523601 0.47799999
v -11.45620985 -0.29523601 0.47799997
v -11.45906950 -0.29498602 0.47799998
v -11.45604019 -0.29498603 0.47799997
v -11.45920030 -0.29471004 0.47799998
v -11.45591061 -0.29470742 0.47800057
v -11.45927960 -0.29441500 0.47799998
v -11.45929977 -0.29411101 0.47799997
v -11.45908640 -0.29349937 0.47799997
v -11.45579928 -0.29411101 0.47799998
v -11.45582966 -0.29441500 0.47799998
v -11.45927988 -0.29380799 0.47799997
v -11.45582994 -0.29380800 0.47799998
v -11.45591020 -0.29351296 0.47799997
v -11.45642274 -0.29277743 0.47799996
v -11.45920085 -0.29351295 0.47799996
v -11.45604005 -0.29323601 0.47799997
v -11.45906935 -0.29323604 0.47799999
v -11.45620994 -0.29298699 0.47799997
v -11.45889015 -0.29298700 0.47799998
v -11.45785936 -0.29238857 0.47799998
v -11.45867946 -0.29277098 0.47799998
v -11.45667940 -0.29259600 0.47799998
v -11.45694742 -0.29257872 0.47799987
v -11.45842964 -0.29259600 0.47799998
v -11.45695988 -0.29246701 0.47799998
v -11.45815023 -0.29246700 0.47799998
v -11.45724987 -0.29238796 0.47799998
v -11.45754938 -0.29236103 0.47799998
v -11.45735752 -0.29576876 0.48100000
v -11.45867973 -0.29528691 0.48099999
v -11.45601502 -0.29475903 0.48099999
v -11.45919913 -0.29416134 0.48099999
v -11.45609960 -0.29337635 0.48100001
v -11.45873707 -0.29299237 0.48100000
v -11.45678284 -0.29269089 0.48100000
v -11.45773675 -0.29249228 0.48099999
v -11.41423008 -0.26140594 0.47799996
v -11.41451816 -0.26132788 0.47799996
v -11.41392008 -0.26143301 0.47799997
v -11.41361964 -0.26140596 0.47799998
v -11.41332018 -0.26132799 0.47799997
v -11.41480055 -0.26119901 0.47799996
v -11.41532543 -0.26059295 0.47799998
v -11.41290352 -0.26097895 0.47799997
v -11.41305031 -0.26119900 0.47799997
v -11.41504958 -0.26102402 0.47799998
v -11.41280049 -0.26102400 0.47799997
v -11.41525952 -0.26080800 0.47799999
v -11.41258026 -0.26080800 0.47799996
v -11.41543990 -0.26055801 0.47799998
v -11.41241059 -0.26055801 0.47799996
v -11.41556975 -0.26028205 0.47799998
v -11.41228006 -0.26027955 0.47800056
v -11.41565096 -0.25998069 0.47799998
v -11.41216968 -0.25968302 0.47799998
v -11.41220007 -0.25998702 0.47799999
v -11.41565029 -0.25937903 0.47799997
v -11.41567018 -0.25968303 0.47799997
v -11.41220035 -0.25937903 0.47799997
v -11.41227965 -0.25908494 0.47799997
v -11.41279314 -0.25834941 0.47799996
v -11.41556935 -0.25908493 0.47799998
v -11.41543594 -0.25880301 0.47799998
v -11.41241045 -0.25880803 0.47799997
v -11.41258034 -0.25855806 0.47799998
v -11.41504986 -0.25834300 0.47799997
v -11.41525960 -0.25855803 0.47799998
v -11.41304980 -0.25816799 0.47799998
v -11.41360787 -0.25796212 0.47799963
v -11.41480004 -0.25816799 0.47799998
v -11.41451110 -0.25803638 0.47799997
v -11.41331979 -0.25803901 0.47799999
v -11.41391978 -0.25793304 0.47799998
v -11.41422976 -0.25795996 0.47799998
v -11.41402744 -0.26130904 0.48100000
v -11.41306707 -0.26105655 0.48100001
v -11.41505204 -0.26085746 0.48100000
v -11.41235211 -0.26017928 0.48100000
v -11.41550454 -0.26001871 0.48100000
v -11.41532580 -0.25877441 0.48100000
v -11.41246236 -0.25896656 0.48100001
v -11.41312940 -0.25827397 0.48099999
v -11.41410715 -0.25806367 0.48099999
v -11.39626123 -0.26128544 0.49622170
v -11.40386972 -0.24810304 0.48100000
v -11.39614433 -0.26149333 0.48099999
v -11.47921034 -0.29160299 0.48100000
v -11.47660998 -0.29010298 0.48099999
v -11.47921081 -0.29160275 0.47799997
v -11.40126888 -0.24660647 0.47799997
v -11.40127032 -0.24660303 0.48100000
v -11.46782097 -0.30407178 0.49749331
v -11.46889885 -0.30345108 0.49641568
v -11.47071001 -0.30632497 0.49799996
v -11.46668218 -0.30399765 0.49799996
v -11.46887888 -0.30348420 0.48100000
v -11.46664577 -0.30397786 0.48099999
v -11.46772353 -0.30409194 0.48100000
v -11.42507064 -0.27997496 0.48099999
v -11.39670229 -0.26359261 0.48099999
v -11.39615526 -0.26259328 0.48099975
v -11.46637972 -0.30382502 0.49070006
v -11.42507063 -0.27997495 0.49070005
v -11.42506986 -0.27997494 0.49799996
v -11.39709992 -0.26382495 0.49070006
v -11.39683119 -0.26366782 0.49799996
v -11.39629088 -0.26298453 0.49767441
v -11.39608131 -0.26214051 0.49705022
v -11.39276999 -0.26132502 0.49799996
v -11.40030826 -0.26914229 0.51768629
v -11.40079644 -0.26942540 0.51908593
v -11.39930256 -0.27202857 0.51875168
v -11.39880660 -0.27173985 0.52031499
v -11.40007662 -0.26900770 0.52055042
v -11.39856601 -0.27160027 0.51749437
v -11.39931649 -0.26857221 0.51723354
v -11.39755028 -0.27101553 0.52079158
v -11.39765284 -0.27107360 0.51723355
v -11.39876036 -0.26825035 0.52069788
v -11.39840549 -0.26804592 0.51749330
v -11.39666310 -0.27050174 0.51768534
v -11.39660964 -0.27047374 0.52020531
v -11.39802042 -0.26782286 0.52008240
v -11.39766788 -0.26761639 0.51875309
v -11.39617393 -0.27021814 0.51908748
v -11.40038865 -0.26918758 0.48080806
v -11.39839156 -0.26803947 0.48045174
v -11.40079752 -0.26942481 0.48208599
v -11.40007580 -0.26900711 0.48355106
v -11.39958150 -0.26872482 0.48027746
v -11.39876239 -0.26824774 0.48369794
v -11.39767358 -0.26762295 0.48191254
v -11.39801666 -0.26782264 0.48307828
v -11.39929690 -0.27202201 0.48191600
v -11.39895430 -0.27182283 0.48307733
v -11.39857589 -0.27160730 0.48045093
v -11.39815007 -0.27136184 0.48372762
v -11.39725844 -0.27084424 0.48030405
v -11.39684167 -0.27060785 0.48349682
v -11.39651660 -0.27042021 0.48092310
v -11.39617405 -0.27021813 0.48208730
v -11.39684310 -0.26714481 0.50591545
v -11.39710114 -0.26729178 0.50757532
v -11.39560007 -0.26989127 0.50642602
v -11.39534975 -0.26974476 0.50807934
v -11.39479345 -0.26942158 0.50542192
v -11.39618024 -0.26675940 0.50865477
v -11.39568283 -0.26647341 0.50519877
v -11.39417963 -0.26907181 0.50880235
v -11.39387865 -0.26889516 0.50523393
v -11.39485411 -0.26599550 0.50861447
v -11.39478986 -0.26595797 0.50550920
v -11.39284934 -0.26830102 0.50812511
v -11.39304767 -0.26841367 0.50571328
v -11.39415592 -0.26559209 0.50630504
v -11.39258642 -0.26815035 0.50662677
v -11.39413059 -0.26557660 0.50750689
v -11.39964634 -0.27222217 0.53913467
v -11.40132262 -0.26973271 0.54021423
v -11.39980729 -0.27232039 0.54024451
v -11.40104986 -0.26956951 0.53897791
v -11.39946073 -0.27211487 0.54111723
v -11.40090515 -0.26948714 0.54117804
v -11.39886834 -0.27177656 0.53846817
v -11.40008615 -0.26901389 0.53838114
v -11.39858818 -0.27161242 0.54161911
v -11.40001928 -0.26897526 0.54162602
v -11.39802679 -0.27129020 0.53843813
v -11.39894390 -0.26835490 0.53877990
v -11.39744377 -0.27095057 0.54121844
v -11.39898665 -0.26838076 0.54123764
v -11.39732699 -0.27088501 0.53900545
v -11.39701630 -0.27070501 0.53991275
v -11.39851511 -0.26810955 0.54008823
v -11.41859862 -0.27970302 0.54747026
v -11.41703999 -0.28226686 0.54865533
v -11.41709806 -0.28230071 0.54752819
v -11.41841094 -0.27959514 0.54899399
v -11.41662313 -0.28202678 0.54673986
v -11.41766025 -0.27916051 0.54640071
v -11.41647823 -0.28194416 0.54937762
v -11.41583881 -0.28157272 0.54637437
v -11.41733940 -0.27897536 0.54962605
v -11.41553181 -0.28139640 0.54962890
v -11.41491907 -0.28104615 0.54668050
v -11.41626494 -0.27835478 0.54677849
v -11.41641974 -0.27844631 0.54932027
v -11.41461753 -0.28086568 0.54896705
v -11.41433130 -0.28070511 0.54777960
v -11.41583081 -0.27810741 0.54822057
v -11.42669976 -0.28437914 0.50309998
v -11.42669988 -0.28437891 0.53490001
v -11.42520012 -0.28697694 0.50309997
v -11.42520024 -0.28697694 0.53490000
v -11.40132982 -0.27319695 0.53489999
v -11.40282838 -0.27060032 0.50309998
v -11.40132970 -0.27319695 0.50309997
v -11.40282851 -0.27060032 0.53490001
v -11.42070993 -0.28438497 0.53490000
v -11.42070981 -0.28438497 0.50309997
v -11.42071037 -0.28438497 0.49774997
v -11.40132930 -0.27319695 0.49774998
v -11.42070974 -0.28438496 0.55300003
v -11.40015771 -0.27252127 0.55300002
v -11.39952991 -0.27215900 0.51299994
v -11.40132909 -0.27319717 0.47799998
v -11.38977006 -0.26652206 0.47799997
v -11.38977025 -0.26652207 0.51299994
v -11.38976964 -0.26652206 0.54100006
v -11.39127036 -0.26392343 0.49800079
v -11.39127006 -0.26392402 0.51037496
v -11.39127114 -0.26392305 0.54099732
v -11.40165830 -0.26992512 0.55300015
v -11.43265820 -0.29128399 0.55229298
v -11.43203314 -0.29230964 0.55269520
v -11.43205028 -0.29231919 0.54344194
v -11.43265623 -0.29128291 0.54376654
v -11.43216745 -0.29100263 0.54261225
v -11.43098211 -0.29170205 0.54214089
v -11.43104380 -0.29035176 0.54197412
v -11.42971991 -0.29097534 0.54204754
v -11.42981766 -0.28964378 0.54231839
v -11.42843817 -0.29023326 0.54332761
v -11.42905950 -0.28920781 0.54349141
v -11.43170569 -0.28727114 0.54637282
v -11.43161649 -0.28722049 0.54780023
v -11.43030090 -0.28992665 0.54684776
v -11.42986741 -0.28967381 0.54821567
v -11.42966226 -0.28955496 0.54557257
v -11.43097193 -0.28684510 0.54544811
v -11.43097227 -0.28684580 0.54855197
v -11.42901999 -0.28918564 0.54873782
v -11.42901824 -0.28918457 0.54527073
v -11.42997081 -0.28626980 0.54523081
v -11.42994229 -0.28625395 0.54876846
v -11.42800974 -0.28860306 0.54540412
v -11.42789631 -0.28853632 0.54854708
v -11.42881164 -0.28559636 0.54620461
v -11.42888319 -0.28563916 0.54788892
v -11.42732070 -0.28820230 0.54632394
v -11.42722037 -0.28814615 0.54732078
v -11.42843149 -0.29022945 0.55252341
v -11.42902367 -0.28918683 0.55215041
v -11.43240704 -0.29113783 0.55300014
v -11.42926984 -0.28932810 0.55300015
v -11.43146924 -0.29059853 0.55392687
v -11.43071799 -0.29154980 0.55397325
v -11.43011899 -0.28981854 0.55386989
v -11.42942714 -0.29080452 0.55382077
v -11.44005615 -0.30282619 0.55800002
v -11.44284054 -0.30444098 0.55800001
v -11.44224965 -0.30548002 0.55800002
v -11.43948147 -0.30387952 0.55800001
v -11.43904482 -0.30345406 0.55800001
v -11.43983512 -0.30228102 0.55800001
v -11.43869605 -0.30273712 0.55800002
v -11.43866208 -0.30195618 0.55800002
v -11.43993832 -0.30186882 0.55800001
v -11.43882734 -0.30141081 0.55800001
v -11.44179497 -0.29864883 0.55800002
v -11.44068304 -0.29819333 0.55800002
v -11.44195832 -0.29810884 0.55800001
v -11.44078528 -0.29778278 0.55800001
v -11.44194811 -0.29749717 0.55800002
v -11.44175381 -0.29689480 0.55800002
v -11.44055948 -0.29723456 0.55800002
v -11.44126957 -0.29626799 0.55800014
v -11.42053445 -0.28428724 0.55800002
v -11.42007038 -0.28540076 0.55800001
v -11.41477478 -0.28961671 0.55800001
v -11.41553641 -0.28856041 0.55800002
v -11.41555684 -0.28975310 0.55800001
v -11.41618545 -0.28964544 0.55800002
v -11.41517210 -0.28846469 0.55800001
v -11.41609925 -0.28835250 0.55800001
v -11.41673117 -0.28935339 0.55800002
v -11.41253074 -0.28694093 0.55800001
v -11.41192936 -0.28797996 0.55800002
v -11.41714149 -0.28894880 0.55800002
v -11.41912510 -0.28552414 0.55800001
v -11.41808286 -0.28492809 0.55800002
v -11.41842067 -0.28458502 0.55800001
v -11.41889962 -0.28428008 0.55800003
v -11.41970321 -0.28530468 0.55800002
v -11.41991073 -0.28412068 0.55800002
v -11.41935942 -0.28414703 0.55800002
v -11.44096999 -0.29608502 0.55300002
v -11.44113847 -0.29271390 0.55300003
v -11.45882029 -0.30292392 0.55300002
v -11.45731970 -0.30552198 0.55300002
v -11.42845042 -0.28538884 0.55300002
v -11.46050025 -0.30735900 0.54932504
v -11.46921023 -0.30892348 0.54099898
v -11.46770966 -0.31152202 0.54100007
v -11.46771008 -0.31152202 0.47799997
v -11.46771026 -0.31152201 0.50700002
v -11.46921037 -0.30892396 0.49799996
v -11.46921008 -0.30892396 0.52399998
v -11.46920991 -0.30892408 0.51131790
v -11.46921049 -0.30892398 0.50417499
v -11.46921024 -0.30892363 0.53258865
v -11.44303101 -0.29727280 0.48467044
v -11.44510955 -0.29501201 0.48400300
v -11.44364992 -0.29763295 0.48400108
v -11.44453225 -0.29467525 0.48470895
v -11.45862238 -0.30281401 0.48400097
v -11.45711036 -0.30540431 0.48400168
v -11.45774691 -0.30577030 0.48464958
v -11.45924891 -0.30317319 0.48467582
v -11.45774919 -0.30577112 0.50132446
v -11.45925046 -0.30317402 0.49799994
v -11.45924559 -0.30317105 0.50124661
v -11.45872807 -0.30287313 0.50199085
v -11.45712272 -0.30541157 0.50199882
v -11.44503796 -0.29496896 0.50199776
v -11.44361174 -0.29761077 0.50199800
v -11.44303041 -0.29727282 0.50128883
v -11.44453256 -0.29467608 0.50121229
v -11.44453038 -0.29467345 0.49799994
v -11.39927356 -0.26854684 0.49799996
v -11.44338787 -0.29401293 0.54638128
v -11.43886699 -0.29140320 0.51172500
v -11.44458266 -0.29470612 0.54845492
v -11.44442654 -0.29461599 0.54706863
v -11.44410337 -0.29442932 0.54926043
v -11.44331909 -0.29397620 0.54962604
v -11.43851460 -0.29120005 0.54522507
v -11.44224185 -0.29335213 0.54678315
v -11.44218873 -0.29332125 0.54915469
v -11.44182420 -0.29311599 0.54796105
v -11.43525006 -0.28931403 0.52798121
v -11.42874956 -0.28556396 0.51249997
v -11.42874965 -0.28556395 0.52399998
v -11.39742051 -0.26747395 0.51037495
v -11.44095296 -0.29607381 0.54936306
v -11.44037195 -0.29573835 0.54844861
v -11.44090442 -0.29604757 0.54667716
v -11.44039964 -0.29575433 0.54749756
v -11.44311691 -0.29732373 0.54820495
v -11.44288474 -0.29719103 0.54700082
v -11.44267570 -0.29706979 0.54923099
v -11.44181755 -0.29657269 0.54637425
v -11.44176395 -0.29654087 0.54961496
v -11.46050023 -0.30735897 0.47799998
v -11.46050041 -0.30735900 0.50700002
v -11.44113155 -0.29617941 0.47799996
v -11.44096963 -0.29608501 0.50700002
v -11.44187159 -0.29850795 0.47799997
v -11.44197591 -0.29773844 0.47799998
v -11.44184267 -0.29709828 0.47799997
v -11.44154247 -0.29656781 0.47799997
v -11.43989179 -0.30195164 0.47799996
v -11.44002875 -0.30280626 0.47799997
v -11.43985250 -0.30235208 0.47799996
v -11.44283983 -0.30444099 0.47799997
v -11.44224989 -0.30548001 0.47799997
v -11.43950651 -0.30389536 0.47799997
v -11.43907843 -0.30349805 0.47799998
v -11.43877822 -0.30296946 0.47799997
v -11.43864403 -0.30232658 0.47799997
v -11.43875026 -0.30155445 0.47799996
v -11.44073006 -0.29811012 0.47799997
v -11.44076744 -0.29771294 0.47799998
v -11.44058452 -0.29724932 0.47799998
v -11.41996193 -0.28533913 0.47799996
v -11.41934670 -0.28537990 0.47799997
v -11.41901939 -0.28570104 0.47799997
v -11.41715224 -0.28893220 0.47799996
v -11.41546647 -0.28976216 0.47799997
v -11.41623912 -0.28962625 0.47799998
v -11.41468730 -0.28956796 0.47799998
v -11.41677626 -0.28931918 0.47799997
v -11.41192961 -0.28797998 0.47799998
v -11.41253003 -0.28694094 0.47799998
v -11.41528200 -0.28852665 0.47799997
v -11.41582187 -0.28850724 0.47799998
v -11.41615773 -0.28825415 0.47799997
v -11.41806592 -0.28495467 0.47799996
v -11.41852206 -0.28449797 0.47799998
v -11.41915267 -0.28418733 0.47799998
v -11.42051181 -0.28427555 0.47799997
v -11.41985089 -0.28411533 0.47799998
v -11.40282990 -0.27059901 0.49774997
v -11.40282968 -0.27059902 0.47799997
v -11.40766994 -0.27339198 0.47799996
v -11.40520119 -0.27193620 0.47799998
v -11.40764998 -0.27323605 0.47799996
v -11.40757000 -0.27294101 0.47799998
v -11.40743945 -0.27266502 0.47799999
v -11.40726025 -0.27241506 0.47799998
v -11.40704956 -0.27219904 0.47799998
v -11.40652033 -0.27189494 0.47799997
v -11.40623041 -0.27181603 0.47799997
v -11.40679974 -0.27202403 0.47799998
v -11.40591948 -0.27179004 0.47799998
v -11.40561997 -0.27181602 0.47799998
v -11.34840968 0.39015590 0.56085998
v -11.34718019 0.38927589 0.56138698
v -11.34724929 0.38927304 0.56152397
v -11.34731977 0.38927589 0.56163006
v -11.34740965 0.38928710 0.56175499
v -11.34713056 0.38928497 0.56127302
v -11.34707946 0.38930308 0.56112795
v -11.34748948 0.38930188 0.56185001
v -11.34758959 0.38932812 0.56195896
v -11.34704979 0.38932407 0.56100898
v -11.34701961 0.38935602 0.56085997
v -11.34767969 0.38935504 0.56204002
v -11.34779951 0.38939391 0.56213003
v -11.34700995 0.38938795 0.56074005
v -11.34701033 0.38943301 0.56059305
v -11.34789981 0.38943111 0.56219404
v -11.34802976 0.38948403 0.56226198
v -11.34701025 0.38947497 0.56047504
v -11.34702980 0.38953291 0.56033295
v -11.34814025 0.38953004 0.56230800
v -11.34826979 0.38959299 0.56235199
v -11.34705941 0.38958297 0.56022197
v -11.34710012 0.38965092 0.56008999
v -11.34837993 0.38964809 0.56237702
v -11.34851954 0.38972008 0.56239599
v -11.34713942 0.38970910 0.55998796
v -11.34721090 0.38978397 0.55987004
v -11.34863030 0.38978112 0.56240099
v -11.34875992 0.38986003 0.56239300
v -11.34726950 0.38984810 0.55978101
v -11.34734985 0.38992893 0.55968003
v -11.34885983 0.38992608 0.56237704
v -11.34898997 0.39000904 0.56234400
v -11.34742971 0.38999593 0.55960696
v -11.34752948 0.39008104 0.55952602
v -11.34909050 0.39007793 0.56230800
v -11.34920019 0.39016305 0.56224994
v -11.34761917 0.39014994 0.55947000
v -11.34772983 0.39023504 0.55941301
v -11.34950055 0.39103591 0.56008999
v -11.34940971 0.39102494 0.55996494
v -11.34933083 0.39100991 0.55987005
v -11.34922023 0.39098394 0.55976097
v -11.34968977 0.39102707 0.56044799
v -11.34964012 0.39103591 0.56033295
v -11.34957007 0.39103900 0.56019597
v -11.34979022 0.39095604 0.56085996
v -11.34977055 0.39098893 0.56071202
v -11.34973992 0.39100897 0.56059305
v -11.34979957 0.39083708 0.56124501
v -11.34981000 0.39087904 0.56112795
v -11.34981037 0.39092504 0.56098000
v -11.34971924 0.39066207 0.56163007
v -11.34975995 0.39072907 0.56149797
v -11.34978002 0.39078007 0.56138698
v -11.34954986 0.39046394 0.56193905
v -11.34960942 0.39052807 0.56185000
v -11.34967040 0.39060293 0.56173198
v -11.34929084 0.39023099 0.56219403
v -11.34938967 0.39031587 0.56211405
v -11.34945998 0.39038311 0.56204002
v -11.34783034 0.39030300 0.55937605
v -11.34819003 0.39053093 0.55932002
v -11.34806040 0.39045201 0.55932705
v -11.34796049 0.39038598 0.55934302
v -11.34855054 0.39071906 0.55936901
v -11.34843943 0.39066398 0.55934304
v -11.34830079 0.39059196 0.55932502
v -11.34891001 0.39088094 0.55952601
v -11.34878960 0.39082896 0.55945795
v -11.34868008 0.39078197 0.55941301
v -11.34913014 0.39095793 0.55968004
v -11.34901031 0.39091790 0.55959003
v -11.41595952 0.42915594 0.56085997
v -11.41473003 0.42827593 0.56138699
v -11.41486961 0.42827593 0.56163006
v -11.41503932 0.42830192 0.56185000
v -11.41463025 0.42830312 0.56112795
v -11.41523048 0.42835508 0.56204002
v -11.41457040 0.42835603 0.56085996
v -11.41544965 0.42843091 0.56219404
v -11.41456017 0.42843305 0.56059305
v -11.41569009 0.42853008 0.56230800
v -11.41457964 0.42853200 0.56033295
v -11.41593072 0.42864810 0.56237702
v -11.41465091 0.42865096 0.56008999
v -11.41618014 0.42878089 0.56240098
v -11.41475978 0.42878401 0.55987006
v -11.41640967 0.42892609 0.56237703
v -11.41490064 0.42892898 0.55968003
v -11.41663938 0.42907701 0.56230801
v -11.41507932 0.42908109 0.55952602
v -11.41683973 0.42923104 0.56219404
v -11.41527967 0.42923509 0.55941301
v -11.41549984 0.42938601 0.55934303
v -11.41622992 0.42978202 0.55941300
v -11.41599023 0.42966402 0.55934304
v -11.41573987 0.42953097 0.55932001
v -11.41687972 0.43000996 0.55987006
v -11.41667998 0.42995797 0.55968003
v -11.41645985 0.42988098 0.55952601
v -11.41728976 0.43000901 0.56059307
v -11.41718996 0.43003593 0.56033295
v -11.41704944 0.43003595 0.56009001
v -11.41732986 0.42978011 0.56138700
v -11.41735984 0.42987905 0.56112795
v -11.41734006 0.42995608 0.56085996
v -11.41702031 0.42938290 0.56204002
v -11.41715926 0.42952811 0.56185001
v -11.41727004 0.42966092 0.56163006
v -11.40556973 0.42315588 0.56085996
v -11.40434024 0.42227590 0.56138699
v -11.40441029 0.42227302 0.56152396
v -11.40447028 0.42227588 0.56163005
v -11.40455921 0.42228709 0.56175500
v -11.40428966 0.42228495 0.56127303
v -11.40424047 0.42230306 0.56112794
v -11.40464000 0.42230211 0.56185000
v -11.40475060 0.42232810 0.56195895
v -11.40420984 0.42232405 0.56100897
v -11.40417966 0.42235600 0.56085997
v -11.40483974 0.42235505 0.56204003
v -11.40496051 0.42239392 0.56213002
v -11.40417000 0.42238796 0.56074003
v -11.40415989 0.42243300 0.56059306
v -11.40505986 0.42243109 0.56219404
v -11.40518981 0.42248404 0.56226199
v -11.40416935 0.42247498 0.56047504
v -11.40418985 0.42253292 0.56033294
v -11.40529935 0.42253005 0.56230801
v -11.40543080 0.42259300 0.56235198
v -11.40422041 0.42258298 0.56022195
v -11.40426017 0.42265093 0.56008999
v -11.40553998 0.42264807 0.56237703
v -11.40567006 0.42272008 0.56239598
v -11.40430043 0.42270911 0.55998795
v -11.40436999 0.42278398 0.55987005
v -11.40578081 0.42278111 0.56240098
v -11.40591997 0.42286001 0.56239299
v -11.40442955 0.42284811 0.55978101
v -11.40450990 0.42292891 0.55968004
v -11.40601988 0.42292606 0.56237702
v -11.40615003 0.42300902 0.56234401
v -11.40457927 0.42299593 0.55960697
v -11.40469048 0.42308102 0.55952601
v -11.40624006 0.42307792 0.56230800
v -11.40636024 0.42316306 0.56224995
v -11.40477063 0.42314994 0.55946998
v -11.40488988 0.42323505 0.55941300
v -11.40665965 0.42403589 0.56009000
v -11.40656976 0.42402492 0.55996495
v -11.40648993 0.42400990 0.55987005
v -11.40638028 0.42398392 0.55976097
v -11.40684028 0.42402707 0.56044798
v -11.40679064 0.42403591 0.56033294
v -11.40671963 0.42403995 0.56019597
v -11.40694931 0.42395602 0.56085997
v -11.40692011 0.42398893 0.56071202
v -11.40689043 0.42400896 0.56059306
v -11.40695962 0.42383706 0.56124502
v -11.40696910 0.42387902 0.56112796
v -11.40695993 0.42392503 0.56098001
v -11.40687071 0.42366207 0.56163006
v -11.40692000 0.42372905 0.56149798
v -11.40694007 0.42378008 0.56138699
v -11.40670991 0.42346392 0.56193905
v -11.40677043 0.42352808 0.56185000
v -11.40683045 0.42360294 0.56173198
v -11.40644994 0.42323100 0.56219403
v -11.40654972 0.42331612 0.56211405
v -11.40662003 0.42338310 0.56204001
v -11.40498944 0.42330301 0.55937606
v -11.40535009 0.42353094 0.55932003
v -11.40521950 0.42345202 0.55932705
v -11.40511005 0.42338598 0.55934303
v -11.40570010 0.42371905 0.55936902
v -11.40558994 0.42366397 0.55934303
v -11.40545989 0.42359197 0.55932503
v -11.40607006 0.42388092 0.55952602
v -11.40593916 0.42382896 0.55945796
v -11.40584013 0.42378198 0.55941301
v -11.40628924 0.42395794 0.55968004
v -11.40617037 0.42391788 0.55959003
v -11.39470798 0.40969811 0.56516593
v -11.39898823 0.41148364 0.56688492
v -11.39491377 0.40934192 0.56740456
v -11.39858653 0.41217767 0.56506317
v -11.39813010 0.41297281 0.56837599
v -11.39395750 0.41099630 0.56833666
v -11.39388951 0.41111265 0.56478554
v -11.39768585 0.41374336 0.56483559
v -11.39331932 0.41210115 0.56555491
v -11.39736672 0.41428886 0.56764811
v -11.39323713 0.41224873 0.56722299
v -11.39716423 0.41463814 0.56633238
v -11.41762754 0.41098201 0.56392127
v -11.41574203 0.41013656 0.56541222
v -11.41558477 0.41011727 0.56390613
v -11.41781515 0.41149986 0.56540410
v -11.41438043 0.41236577 0.56526582
v -11.41447050 0.41188441 0.56378905
v -11.41759072 0.41251646 0.56384568
v -11.41593279 0.41355907 0.56374913
v -11.41658533 0.41350423 0.56527262
v -11.40488203 0.40346084 0.56543212
v -11.40280456 0.40354119 0.56536954
v -11.40306343 0.40334354 0.56388394
v -11.40513795 0.40351783 0.56393365
v -11.40561060 0.40480458 0.56538682
v -11.40238525 0.40515124 0.56377725
v -11.40551313 0.40569865 0.56383818
v -11.40274827 0.40615903 0.56524163
v -11.40497169 0.40619193 0.56530170
v -11.40352802 0.40637839 0.56375031
v -11.41346349 0.41870940 0.56490616
v -11.41336765 0.41831575 0.56561869
v -11.41394628 0.41757761 0.56500250
v -11.39571791 0.40794860 0.56548446
v -11.39997012 0.40978182 0.56499273
v -11.39613960 0.40722311 0.56500559
v -11.39969065 0.41026842 0.56638128
v -11.42369020 0.40989911 0.56564599
v -11.40187069 0.39729894 0.56564598
v -11.39950212 0.41059718 0.56493383
v -11.41793810 0.41986070 0.56500344
v -11.40600023 0.41440140 0.56493002
v -11.42373049 0.40982712 0.56414799
v -11.40191003 0.39722691 0.56414801
v -11.39401236 0.41090285 0.56326584
v -11.39568947 0.40800248 0.56717568
v -11.39525013 0.40875635 0.56885903
v -11.39427038 0.41045773 0.56981092
v -11.39307792 0.41252267 0.56385594
v -11.39307828 0.41251647 0.56920414
v -11.39249593 0.41353500 0.56735127
v -11.39249259 0.41353405 0.56569724
v -11.39936832 0.41082680 0.56855661
v -11.39831206 0.41265761 0.56982963
v -11.39775285 0.41362320 0.56328255
v -11.39723969 0.41450153 0.56937043
v -11.39702373 0.41488087 0.56400983
v -11.39653357 0.41573773 0.56528203
v -11.39650474 0.41578210 0.56773525
v -11.39906718 0.41135013 0.56390386
v -11.39917867 0.41115175 0.56339865
v -11.41200998 0.42092907 0.56328194
v -11.41227044 0.42047702 0.56335394
v -11.41302600 0.41916763 0.56339806
v -11.41254020 0.42000900 0.56352500
v -11.41254804 0.41915070 0.56389717
v -11.41301114 0.41924011 0.56409233
v -11.40566001 0.41499101 0.56408994
v -11.41740398 0.42065632 0.56559913
v -11.41353758 0.41829310 0.56613283
v -11.41752081 0.42059529 0.56613295
v -11.41678044 0.42187392 0.56378702
v -11.41651961 0.42230905 0.56352501
v -11.41624985 0.42277705 0.56335394
v -11.41599035 0.42322909 0.56328194
v -11.41733999 0.42088997 0.56502704
v -11.41718986 0.42115295 0.56454902
v -11.41700074 0.42148409 0.56413201
v -11.41596017 -0.38915695 0.56085996
v -11.41705023 -0.39003695 0.56008999
v -11.41712973 -0.39004006 0.56022197
v -11.41718980 -0.39003694 0.56033295
v -11.41697982 -0.39002801 0.55998796
v -11.41725041 -0.39002504 0.56047504
v -11.41688054 -0.39001096 0.55987004
v -11.41729058 -0.39001000 0.56059305
v -11.41679987 -0.38998997 0.55978101
v -11.41731979 -0.38998401 0.56074004
v -11.41667989 -0.38995804 0.55968004
v -11.41733997 -0.38995695 0.56085997
v -11.41658996 -0.38992705 0.55960697
v -11.41735969 -0.38991703 0.56100898
v -11.41645984 -0.38988102 0.55952601
v -11.41735982 -0.38987996 0.56112795
v -11.41636066 -0.38984000 0.55946999
v -11.41734992 -0.38982702 0.56127303
v -11.41623000 -0.38978305 0.55941300
v -11.41732994 -0.38978006 0.56138700
v -11.41611970 -0.38973200 0.55937605
v -11.41729987 -0.38971700 0.56152396
v -11.41599041 -0.38966502 0.55934303
v -11.41727022 -0.38966203 0.56163006
v -11.41587952 -0.38960698 0.55932706
v -11.41721038 -0.38959004 0.56175499
v -11.41573923 -0.38953199 0.55932003
v -11.41715957 -0.38952900 0.56185000
v -11.41562965 -0.38946797 0.55932503
v -11.41708039 -0.38944997 0.56195896
v -11.41550028 -0.38938703 0.55934303
v -11.41702075 -0.38938404 0.56204001
v -11.41539965 -0.38932003 0.55936902
v -11.41692026 -0.38930000 0.56213003
v -11.41528025 -0.38923502 0.55941300
v -11.41684031 -0.38923205 0.56219403
v -11.41519044 -0.38916696 0.55945795
v -11.41673086 -0.38914705 0.56226198
v -11.41508004 -0.38908101 0.55952601
v -11.41465012 -0.38865103 0.56009000
v -11.41470996 -0.38872398 0.55996494
v -11.41475982 -0.38878502 0.55987006
v -11.41482947 -0.38886406 0.55976098
v -11.41457045 -0.38848603 0.56044798
v -11.41457991 -0.38853302 0.56033294
v -11.41461952 -0.38859594 0.56019598
v -11.41456988 -0.38835704 0.56085998
v -11.41455972 -0.38839698 0.56071203
v -11.41455959 -0.38843395 0.56059306
v -11.41466994 -0.38828803 0.56124501
v -11.41463074 -0.38830401 0.56112795
v -11.41459006 -0.38833000 0.56098002
v -11.41487012 -0.38827599 0.56163006
v -11.41478966 -0.38827300 0.56149798
v -11.41472959 -0.38827695 0.56138699
v -11.41511953 -0.38832297 0.56193905
v -11.41503981 -0.38830306 0.56185000
v -11.41494052 -0.38828504 0.56173198
v -11.41545002 -0.38843203 0.56219403
v -11.41533041 -0.38838696 0.56211405
v -11.41522997 -0.38835504 0.56204002
v -11.41579969 -0.38858103 0.56234400
v -11.41569037 -0.38853099 0.56230800
v -11.41556064 -0.38847401 0.56224994
v -11.41618018 -0.38878205 0.56240098
v -11.41603987 -0.38870704 0.56239300
v -11.41592994 -0.38864900 0.56237703
v -11.41651023 -0.38899400 0.56235199
v -11.41640958 -0.38892698 0.56237704
v -11.41628022 -0.38884498 0.56239598
v -11.41664011 -0.38907804 0.56230800
v -11.41490055 -0.38892997 0.55968003
v -11.41500009 -0.38901295 0.55959003
v -11.34841012 -0.35015703 0.56085997
v -11.34933048 -0.35101105 0.55987005
v -11.34950018 -0.35103704 0.56009000
v -11.34964070 -0.35103703 0.56033294
v -11.34973957 -0.35100996 0.56059306
v -11.34912984 -0.35095801 0.55968004
v -11.34978992 -0.35095704 0.56085997
v -11.34890978 -0.35088099 0.55952601
v -11.34980977 -0.35087898 0.56112796
v -11.34867994 -0.35078299 0.55941301
v -11.34977989 -0.35078003 0.56138698
v -11.34843940 -0.35066498 0.55934304
v -11.34971922 -0.35066200 0.56163007
v -11.34819013 -0.35053193 0.55932002
v -11.34960952 -0.35052897 0.56185001
v -11.34795976 -0.35038698 0.55934303
v -11.34946020 -0.35038400 0.56204002
v -11.34773020 -0.35023498 0.55941300
v -11.34929026 -0.35023202 0.56219404
v -11.34752999 -0.35008098 0.55952601
v -11.34909006 -0.35007801 0.56230800
v -11.34721072 -0.34978499 0.55987005
v -11.34734954 -0.34993006 0.55968004
v -11.34701049 -0.34943401 0.56059305
v -11.34702986 -0.34953298 0.56033295
v -11.34710007 -0.34965100 0.56008999
v -11.34717953 -0.34927704 0.56138700
v -11.34707973 -0.34930398 0.56112795
v -11.34701983 -0.34935701 0.56085996
v -11.34767991 -0.34935500 0.56204002
v -11.34748976 -0.34930303 0.56185000
v -11.34732006 -0.34927596 0.56163006
v -11.34837988 -0.34964897 0.56237702
v -11.34814031 -0.34953096 0.56230800
v -11.34789997 -0.34943200 0.56219404
v -11.34886048 -0.34992695 0.56237702
v -11.34863013 -0.34978198 0.56240099
v -11.35880009 -0.35615696 0.56085997
v -11.35988919 -0.35703696 0.56009000
v -11.35996965 -0.35704007 0.56022196
v -11.36002972 -0.35703695 0.56033294
v -11.35981974 -0.35702802 0.55998795
v -11.36008937 -0.35702505 0.56047505
v -11.35971950 -0.35701097 0.55987006
v -11.36012954 -0.35701001 0.56059306
v -11.35963978 -0.35698998 0.55978100
v -11.36017020 -0.35698403 0.56074004
v -11.35953030 -0.35695804 0.55968003
v -11.36019038 -0.35695698 0.56085996
v -11.35942987 -0.35692705 0.55960696
v -11.36020056 -0.35691704 0.56100898
v -11.35930929 -0.35688104 0.55952602
v -11.36020069 -0.35687994 0.56112795
v -11.35919962 -0.35684001 0.55946999
v -11.36018983 -0.35682703 0.56127303
v -11.35906991 -0.35678303 0.55941301
v -11.36018035 -0.35677993 0.56138700
v -11.35895962 -0.35673201 0.55937605
v -11.36015028 -0.35671699 0.56152395
v -11.35883032 -0.35666503 0.55934302
v -11.36011014 -0.35666204 0.56163006
v -11.35872039 -0.35660696 0.55932706
v -11.36004935 -0.35659004 0.56175499
v -11.35858009 -0.35653200 0.55932002
v -11.36000044 -0.35652901 0.56185000
v -11.35848006 -0.35646796 0.55932503
v -11.35992984 -0.35644996 0.56195895
v -11.35835068 -0.35638702 0.55934302
v -11.35985971 -0.35638405 0.56204003
v -11.35825005 -0.35632002 0.55936902
v -11.35976018 -0.35630096 0.56213002
v -11.35812017 -0.35623503 0.55941301
v -11.35967927 -0.35623206 0.56219405
v -11.35802940 -0.35616697 0.55945795
v -11.35956982 -0.35614706 0.56226199
v -11.35791995 -0.35608102 0.55952602
v -11.35749004 -0.35565104 0.56008999
v -11.35754988 -0.35572398 0.55996495
v -11.35759974 -0.35578503 0.55987005
v -11.35767987 -0.35586405 0.55976098
v -11.35741036 -0.35548604 0.56044797
v -11.35742078 -0.35553302 0.56033294
v -11.35745944 -0.35559595 0.56019597
v -11.35742029 -0.35535695 0.56085997
v -11.35740059 -0.35539699 0.56071203
v -11.35740045 -0.35543396 0.56059306
v -11.35750985 -0.35528804 0.56124502
v -11.35746970 -0.35530402 0.56112795
v -11.35743951 -0.35532999 0.56098001
v -11.35771003 -0.35527600 0.56163006
v -11.35763053 -0.35527301 0.56149797
v -11.35757046 -0.35527696 0.56138699
v -11.35796040 -0.35532295 0.56193905
v -11.35787973 -0.35530307 0.56185001
v -11.35778044 -0.35528505 0.56173198
v -11.35829947 -0.35543205 0.56219404
v -11.35817032 -0.35538697 0.56211404
v -11.35808037 -0.35535503 0.56204002
v -11.35864056 -0.35558104 0.56234400
v -11.35852933 -0.35553100 0.56230800
v -11.35839960 -0.35547399 0.56224995
v -11.35902010 -0.35578205 0.56240098
v -11.35887979 -0.35570598 0.56239299
v -11.35876985 -0.35564901 0.56237703
v -11.35936063 -0.35599399 0.56235198
v -11.35924949 -0.35592699 0.56237703
v -11.35913063 -0.35584497 0.56239598
v -11.35948002 -0.35607805 0.56230801
v -11.35775000 -0.35592997 0.55968004
v -11.35784000 -0.35601295 0.55959003
v -11.37449135 -0.36125352 0.56750850
v -11.37044897 -0.35904122 0.56727283
v -11.37444774 -0.36131978 0.56567554
v -11.37044028 -0.35906791 0.56592147
v -11.37096255 -0.35815967 0.56480663
v -11.37110159 -0.35791935 0.56832009
v -11.37538596 -0.35970152 0.56465893
v -11.37513664 -0.36012852 0.56829279
v -11.37593467 -0.35874558 0.56778878
v -11.37179740 -0.35671152 0.56506328
v -11.37196199 -0.35642542 0.56772261
v -11.37611979 -0.35843135 0.56599062
v -11.37215445 -0.35609686 0.56624358
v -11.36227097 -0.34268582 0.56374412
v -11.36435512 -0.34265817 0.56380337
v -11.36431361 -0.34288097 0.56529396
v -11.36223460 -0.34261884 0.56524889
v -11.36166407 -0.34104395 0.56530910
v -11.36502623 -0.34097303 0.56390373
v -11.36476525 -0.34044635 0.56542462
v -11.36183367 -0.34064974 0.56382995
v -11.36293488 -0.33976734 0.56540625
v -11.36346682 -0.33959820 0.56392686
v -11.37440881 -0.34969570 0.56374400
v -11.37661712 -0.34958386 0.56381064
v -11.37540342 -0.35008157 0.56525544
v -11.37722416 -0.34859480 0.56537836
v -11.37400371 -0.34917786 0.56525998
v -11.37703580 -0.34755326 0.56392102
v -11.37406904 -0.34735727 0.56534998
v -11.37405682 -0.34736311 0.56384663
v -11.37593059 -0.34679258 0.56542985
v -11.37559787 -0.34669186 0.56392245
v -11.35884060 -0.34683228 0.56562393
v -11.35940738 -0.34617140 0.56500177
v -11.35891796 -0.34721675 0.56491105
v -11.37289592 -0.35480606 0.56555645
v -11.37715097 -0.35663714 0.56499498
v -11.37687520 -0.35712101 0.56595450
v -11.37330652 -0.35409213 0.56500321
v -11.38304034 -0.34643306 0.56564598
v -11.36616915 -0.35140002 0.56493050
v -11.37271254 -0.35513105 0.56493394
v -11.36122007 -0.33383394 0.56564598
v -11.35540618 -0.34390392 0.56499844
v -11.36126043 -0.33376099 0.56414799
v -11.38308929 -0.34636104 0.56414800
v -11.37362379 -0.36274529 0.56706838
v -11.37381453 -0.36242558 0.56492738
v -11.37405846 -0.36199190 0.56877045
v -11.37484644 -0.36063578 0.56324593
v -11.37489322 -0.36055495 0.56975072
v -11.37583461 -0.35891318 0.56959253
v -11.37669608 -0.35742499 0.56821697
v -11.36974495 -0.36027218 0.56528155
v -11.36968578 -0.36036443 0.56746845
v -11.37044156 -0.35907055 0.56941741
v -11.37070179 -0.35860850 0.56333951
v -11.37193260 -0.35647928 0.56964068
v -11.37284073 -0.35490825 0.56758563
v -11.37238953 -0.35568607 0.56339865
v -11.37227783 -0.35588467 0.56390231
v -11.35777087 -0.34901094 0.56335394
v -11.35856779 -0.34762980 0.56340115
v -11.35751000 -0.34946298 0.56328194
v -11.35804011 -0.34854307 0.56352501
v -11.35819831 -0.34780514 0.56388992
v -11.35852995 -0.34779144 0.56409721
v -11.36582074 -0.35199203 0.56408994
v -11.35504938 -0.34452869 0.56613296
v -11.35483756 -0.34452392 0.56562345
v -11.35903812 -0.34682715 0.56613283
v -11.35378976 -0.34671105 0.56335394
v -11.35352031 -0.34716296 0.56328194
v -11.35405995 -0.34624302 0.56352500
v -11.35430974 -0.34580804 0.56378703
v -11.35452945 -0.34541798 0.56413203
v -11.35471982 -0.34508694 0.56454902
v -11.35487973 -0.34482395 0.56502705
v -11.44019033 -0.29563298 0.49330394
v -11.43870047 -0.29477203 0.49299995
v -11.44020662 -0.29564430 0.49280411
v -11.44006434 -0.29556096 0.49223154
v -11.44008483 -0.29557314 0.49371688
v -11.43985994 -0.29544199 0.49187498
v -11.43979951 -0.29540874 0.49420923
v -11.43953951 -0.29525638 0.49153667
v -11.43946049 -0.29520905 0.49451594
v -11.43921986 -0.29507102 0.49135595
v -11.43921953 -0.29507102 0.49464505
v -11.43895914 -0.29492403 0.49127703
v -11.43885509 -0.29486216 0.49474673
v -11.43870027 -0.29477204 0.49124997
v -11.43842992 -0.29462005 0.49127703
v -11.43724463 -0.29393208 0.49351900
v -11.43717914 -0.29389441 0.49292033
v -11.43765810 -0.29417074 0.49428170
v -11.43738037 -0.29401400 0.49387496
v -11.43843037 -0.29462004 0.49472396
v -11.43807837 -0.29441262 0.49460344
v -11.43818048 -0.29447199 0.49135594
v -11.43742260 -0.29403569 0.49204067
v -11.43772031 -0.29420900 0.49166004
v -11.43794047 -0.29433396 0.49148504
v -11.43726950 -0.29394901 0.49240201
v -11.44170725 -0.29304553 0.49319857
v -11.44169012 -0.29303503 0.49269597
v -11.44162028 -0.29299606 0.49240201
v -11.44150972 -0.29293097 0.49212497
v -11.44156528 -0.29296364 0.49376599
v -11.44130192 -0.29281152 0.49179297
v -11.44135970 -0.29284394 0.49412506
v -11.44096008 -0.29261103 0.49148505
v -11.44104029 -0.29265904 0.49446361
v -11.44072045 -0.29247296 0.49135593
v -11.44045974 -0.29232504 0.49127703
v -11.44072012 -0.29247296 0.49464505
v -11.44019991 -0.29217305 0.49124997
v -11.44030904 -0.29223646 0.49475139
v -11.43993051 -0.29202199 0.49127703
v -11.43957879 -0.29181529 0.49139707
v -11.43993001 -0.29202201 0.49472397
v -11.43953662 -0.29179074 0.49458102
v -11.43915614 -0.29157176 0.49172072
v -11.43921977 -0.29161097 0.49434095
v -11.43888076 -0.29141606 0.49212495
v -11.43892244 -0.29143775 0.49395911
v -11.43874476 -0.29133417 0.49248212
v -11.43876947 -0.29135096 0.49359899
v -11.43867955 -0.29129566 0.49307757
v -11.44020011 -0.29217304 0.49299997
v -11.28690114 0.41459668 0.29878681
v -11.28684001 0.41393410 0.30081802
v -11.28669934 0.41393195 0.30056698
v -11.28659940 0.41395700 0.30029802
v -11.28702035 0.41396390 0.30104594
v -11.28653939 0.41400895 0.30002098
v -11.28730444 0.41404686 0.30131511
v -11.28652996 0.41408501 0.29974502
v -11.28658695 0.41424452 0.29933433
v -11.28776069 0.41423784 0.30155378
v -11.28673963 0.41444004 0.29899697
v -11.28814336 0.41443787 0.30161552
v -11.28851008 0.41466271 0.30158022
v -11.28903437 0.41505826 0.30127101
v -11.28882345 0.41488777 0.30143612
v -11.28708079 0.41474853 0.29863376
v -11.28730391 0.41491375 0.29851335
v -11.28761071 0.41511474 0.29843215
v -11.28793425 0.41530264 0.29843858
v -11.28824079 0.41545592 0.29851228
v -11.28865188 0.41562328 0.29873162
v -11.28938125 0.41569031 0.29989011
v -11.28941962 0.41558205 0.30029803
v -11.28893017 0.41570293 0.29899698
v -11.28910001 0.41573297 0.29922397
v -11.28924069 0.41573609 0.29947595
v -11.28938981 0.41548311 0.30056698
v -11.28931963 0.41536294 0.30081802
v -11.28920994 0.41522799 0.30104595
v -11.28387259 0.41884814 0.30219225
v -11.28411365 0.41886318 0.30256955
v -11.28376901 0.41887248 0.30193370
v -11.28440572 0.41893946 0.30285946
v -11.28370248 0.41892158 0.30166620
v -11.28476155 0.41907322 0.30308371
v -11.28367858 0.41903699 0.30126719
v -11.28374869 0.41919838 0.30089849
v -11.28526270 0.41932142 0.30321282
v -11.28392844 0.41942059 0.30052582
v -11.28574254 0.41961561 0.30315298
v -11.28429290 0.41974270 0.30018656
v -11.28605454 0.41984997 0.30298452
v -11.28474255 0.42005168 0.30003375
v -11.28624250 0.42001330 0.30281489
v -11.28645637 0.42024505 0.30248494
v -11.28524877 0.42033015 0.30006735
v -11.28658336 0.42047774 0.30198184
v -11.28573238 0.42053853 0.30028753
v -11.28613545 0.42065464 0.30065386
v -11.28655231 0.42060030 0.30155473
v -11.28642966 0.42066727 0.30112737
v -11.28512994 0.41975891 0.30162006
v -11.28866330 -0.37562788 0.29874210
v -11.28933941 -0.37571099 0.29974502
v -11.28924039 -0.37573601 0.29947596
v -11.28910066 -0.37573399 0.29922394
v -11.28893085 -0.37570405 0.29899698
v -11.28939945 -0.37565900 0.30002098
v -11.28941946 -0.37558293 0.30029803
v -11.28921010 -0.37522900 0.30104593
v -11.28931967 -0.37536394 0.30081802
v -11.28938974 -0.37548303 0.30056697
v -11.28903188 -0.37505711 0.30127387
v -11.28827050 -0.37546946 0.29852360
v -11.28784158 -0.37525369 0.29842311
v -11.28736301 -0.37495768 0.29848533
v -11.28696085 -0.37465191 0.29872173
v -11.28880033 -0.37487126 0.30144996
v -11.28847469 -0.37464011 0.30158918
v -11.28729798 -0.37404466 0.30131000
v -11.28772630 -0.37422300 0.30154267
v -11.28812327 -0.37442662 0.30161494
v -11.28673958 -0.37443997 0.29899699
v -11.28663000 -0.37430501 0.29922396
v -11.28655994 -0.37418606 0.29947595
v -11.28653023 -0.37408605 0.29974501
v -11.28653973 -0.37400901 0.30002098
v -11.28659978 -0.37395800 0.30029803
v -11.28669975 -0.37393298 0.30056697
v -11.28684042 -0.37393501 0.30081800
v -11.28701978 -0.37396504 0.30104595
v -11.28641878 -0.38066639 0.30110996
v -11.28622025 -0.38066674 0.30076521
v -11.28655214 -0.38060547 0.30154649
v -11.28591413 -0.38059785 0.30043010
v -11.28556192 -0.38047386 0.30018811
v -11.28657966 -0.38049521 0.30192821
v -11.28650407 -0.38031471 0.30235761
v -11.28507106 -0.38023927 0.30003372
v -11.28628710 -0.38005283 0.30277210
v -11.28457577 -0.37994529 0.30006663
v -11.28599870 -0.37980284 0.30302518
v -11.28425603 -0.37971259 0.30021601
v -11.28567514 -0.37956860 0.30317431
v -11.28397331 -0.37946809 0.30046658
v -11.28530479 -0.37934578 0.30320876
v -11.28375450 -0.37920308 0.30088539
v -11.28493379 -0.37915027 0.30314903
v -11.28368082 -0.37902309 0.30131523
v -11.28444121 -0.37895001 0.30289537
v -11.28370325 -0.37891699 0.30167787
v -11.28403629 -0.37885178 0.30247050
v -11.28383864 -0.37885346 0.30212157
v -11.28512974 -0.37976003 0.30162007
v -11.53805942 -0.27439701 0.48601704
v -11.53546989 -0.27290299 0.48575596
v -11.53837993 -0.27458394 0.48176198
v -11.53580087 -0.27308895 0.48149996
v -11.53881067 -0.27309801 0.48601703
v -11.53622018 -0.27160395 0.48575596
v -11.46463835 -0.36721982 0.48100000
v -11.46692199 -0.36777915 0.47799998
v -11.46709421 -0.36767913 0.48100000
v -11.46453494 -0.36704051 0.47799998
v -11.46780132 -0.36589970 0.47799998
v -11.46757802 -0.36510909 0.48100000
v -11.46508199 -0.36491384 0.48099999
v -11.46576274 -0.36445178 0.47799997
v -11.45969980 -0.38105478 0.48100000
v -11.45723969 -0.38153578 0.48100000
v -11.45770450 -0.38191297 0.47799996
v -11.45991924 -0.37988473 0.47799998
v -11.45657981 -0.37913991 0.48100000
v -11.45697639 -0.37854291 0.47799998
v -11.45904182 -0.37865915 0.48100000
v -11.53657804 -0.24681235 0.48099999
v -11.53427946 -0.24555362 0.47799997
v -11.53757843 -0.24612917 0.47799997
v -11.53436041 -0.24478509 0.48100000
v -11.53730354 -0.24344303 0.48099999
v -11.53672132 -0.24326277 0.47799997
v -11.52990500 -0.25956346 0.48099999
v -11.52723972 -0.26029182 0.48099999
v -11.52911530 -0.26048386 0.47799997
v -11.52625005 -0.25840747 0.47799998
v -11.52648710 -0.25835777 0.48099999
v -11.52924831 -0.25748361 0.47799998
v -11.52833519 -0.25714076 0.48100000
v -11.53537005 -0.23646798 0.47799999
v -11.52037032 -0.26244903 0.48099999
v -11.52036984 -0.26244903 0.47799997
v -11.53537053 -0.23646797 0.48099999
v -11.55395251 -0.24719645 0.48385947
v -11.55359342 -0.24699199 0.48169665
v -11.53896797 -0.27318670 0.48337893
v -11.53784891 -0.27254082 0.48015158
v -11.55174686 -0.24592519 0.47897714
v -11.53490934 -0.27084447 0.47803527
v -11.54926443 -0.24449038 0.47800499
v -11.53430288 -0.27049448 0.48100716
v -11.54900167 -0.24433912 0.48100177
v -11.53564750 -0.27126910 0.48191064
v -11.55136045 -0.24570179 0.48333805
v -11.53635280 -0.27167703 0.48346083
v -11.55024089 -0.24505520 0.48148267
v -11.55153583 -0.24509122 0.48566942
v -11.55412419 -0.24658073 0.48597317
v -11.55116362 -0.23548437 0.57875482
v -11.54857573 -0.23398877 0.57847839
v -11.36277404 -0.34337069 0.57023519
v -11.36488871 -0.34231246 0.57335048
v -11.36148416 -0.34284069 0.57322936
v -11.36464088 -0.34240212 0.57033412
v -11.36151772 -0.34153666 0.57028858
v -11.36467719 -0.34088182 0.57040899
v -11.36299366 -0.33999016 0.57340937
v -11.36283383 -0.33991278 0.57040386
v -11.37425780 -0.34995796 0.57023744
v -11.37633993 -0.35001350 0.57029227
v -11.37405303 -0.35008157 0.57323032
v -11.37708475 -0.34933186 0.57335168
v -11.37387543 -0.34749772 0.57034533
v -11.37674388 -0.34756495 0.57042258
v -11.37431833 -0.34710314 0.57338148
v -11.40550720 -0.36549902 0.57035810
v -11.40354097 -0.36701872 0.57323425
v -11.40326295 -0.36683179 0.57023053
v -11.40553209 -0.36513758 0.57338148
v -11.40208023 -0.36534989 0.57327466
v -11.40233222 -0.36411321 0.57033615
v -11.40333555 -0.36350322 0.57339851
v -11.40463076 -0.36360671 0.57042545
v -11.54745800 -0.23273862 0.58047109
v -11.45646888 -0.38994599 0.57059913
v -11.45775588 -0.39008141 0.57028477
v -11.45887249 -0.38995611 0.56953435
v -11.54819388 -0.23337950 0.57967643
v -11.54653428 -0.23211551 0.58076565
v -11.45950853 -0.39001801 0.56840532
v -11.42678038 -0.39241304 0.56964903
v -11.34018015 -0.34241296 0.56964903
v -11.41773267 -0.37189211 0.57039063
v -11.41600389 -0.37384940 0.57024734
v -11.45258980 -0.38771403 0.57059901
v -11.48801014 -0.25135900 0.57819705
v -11.41424335 -0.37229466 0.57027309
v -11.41559515 -0.37038041 0.57040387
v -11.41875749 -0.15834296 0.58076495
v -11.43172065 -0.21885897 0.57819705
v -11.33134012 -0.31771399 0.57059901
v -11.32717959 -0.31519069 0.57058637
v -11.51096943 -0.21158398 0.58076602
v -11.45467995 -0.17908396 0.58076601
v -11.41398671 -0.37268736 0.57325177
v -11.41737255 -0.37335315 0.57331459
v -11.41638183 -0.37052894 0.57342319
v -11.34506213 -0.29515540 0.47799997
v -11.34403836 -0.29692436 0.48099999
v -11.34292955 -0.29692233 0.47799997
v -11.34129996 -0.29485393 0.48099998
v -11.34137470 -0.29514160 0.47799998
v -11.34425631 -0.29381634 0.48100000
v -11.34296734 -0.29358329 0.47799998
v -11.33649856 -0.31014421 0.47799997
v -11.33616497 -0.31066478 0.48100000
v -11.33388211 -0.31045104 0.47799996
v -11.33366920 -0.30989194 0.48100000
v -11.33640045 -0.30780222 0.47799997
v -11.33651431 -0.30806555 0.48099998
v -11.33418340 -0.30760026 0.48099999
v -11.33403975 -0.30782902 0.47799998
v -11.33291979 -0.27951100 0.48176198
v -11.33324007 -0.27969695 0.48601704
v -11.33583027 -0.28119100 0.48575597
v -11.33550996 -0.28100502 0.48149995
v -11.33249073 -0.28099598 0.48601704
v -11.33507997 -0.28249003 0.48575597
v -11.35094067 -0.29164507 0.48099999
v -11.35094019 -0.29164507 0.47799997
v -11.33593999 -0.31762601 0.47799998
v -11.33593951 -0.31762600 0.48100000
v -11.33674581 -0.28345478 0.47801654
v -11.33717516 -0.28370178 0.48100309
v -11.33581780 -0.28291512 0.48170560
v -11.33476821 -0.28230762 0.47891823
v -11.33323540 -0.28142440 0.48057430
v -11.33495174 -0.28241804 0.48343020
v -11.33234025 -0.28091038 0.48333637
v -11.31997656 -0.30840827 0.47873406
v -11.32204577 -0.30960836 0.47800486
v -11.31811023 -0.30733312 0.48079627
v -11.31736046 -0.30689849 0.48335914
v -11.32193862 -0.30954658 0.48101181
v -11.32043199 -0.30867329 0.48218899
v -11.31994157 -0.30839229 0.48374182
v -11.32008071 -0.30847097 0.48575596
v -11.31749052 -0.30697704 0.48601702
v -11.31673927 -0.30827595 0.48601705
v -11.31932946 -0.30977000 0.48575598
v -11.31637997 -0.30806805 0.48126202
v -11.31897015 -0.30956199 0.48100000
v -11.31712931 -0.30676902 0.48126202
v -11.31971949 -0.30826296 0.48100000
v -11.31953013 -0.30815398 0.47850006
v -11.31693995 -0.30665899 0.47876195
v -11.30702995 -0.32980394 0.47850006
v -11.30443977 -0.32831003 0.47876196
v -11.32594426 -0.31282711 0.56866329
v -11.32329698 -0.31138349 0.56865399
v -11.40615126 -0.18919921 0.47799998
v -11.40557736 -0.18959452 0.48100000
v -11.40366573 -0.18896640 0.47799998
v -11.40331296 -0.18762697 0.48100000
v -11.40657647 -0.18652332 0.48100000
v -11.40676364 -0.18704928 0.47799997
v -11.40438995 -0.18631269 0.47799998
v -11.41204034 -0.17526496 0.48099999
v -11.41292766 -0.17567862 0.47799998
v -11.41437048 -0.17531181 0.48099999
v -11.41497140 -0.17422796 0.47799999
v -11.41135477 -0.17374087 0.47799998
v -11.41188226 -0.17264295 0.48099999
v -11.41451273 -0.17296494 0.48100000
v -11.41341280 -0.17232181 0.47799998
v -11.41650030 -0.15771926 0.57864564
v -11.40279287 -0.15921332 0.48593192
v -11.40538855 -0.16070629 0.48571305
v -11.41389555 -0.15623236 0.57878034
v -11.42093974 -0.17040205 0.48100000
v -11.42094022 -0.17040206 0.47799997
v -11.40594001 -0.19638205 0.47799997
v -11.40593953 -0.19638206 0.48100000
v -11.40676006 -0.16221942 0.47801224
v -11.40716946 -0.16245569 0.48100322
v -11.40581129 -0.16166652 0.48171394
v -11.40440345 -0.16085340 0.47916763
v -11.40299624 -0.16004098 0.48108845
v -11.40495178 -0.16117394 0.48343127
v -11.40234323 -0.15966643 0.48334198
v -11.38922385 -0.18673146 0.47932903
v -11.39165033 -0.18813611 0.47802013
v -11.38792336 -0.18598105 0.48124497
v -11.38735301 -0.18565512 0.48336845
v -11.39176240 -0.18820048 0.48102193
v -11.38995833 -0.18715847 0.48309999
v -11.39007978 -0.18722701 0.48575597
v -11.38748959 -0.18573296 0.48601704
v -11.38674025 -0.18703200 0.48601704
v -11.38933044 -0.18852604 0.48575597
v -11.38901014 -0.18833996 0.48149996
v -11.38641996 -0.18684602 0.48176198
v -11.41757483 -0.15788413 0.58344797
v -11.41882170 -0.15857482 0.58376079
v -11.32703319 -0.31541061 0.57359272
v -11.32526893 -0.31368460 0.57283455
v -11.41636711 -0.15725197 0.58280270
v -11.41507172 -0.15662421 0.58148926
v -11.32419934 -0.31228185 0.57142871
v -11.41431985 -0.15634298 0.58012001
v -11.32369475 -0.31167591 0.57023387
v -11.42670061 -0.39255799 0.57264499
v -11.45249951 -0.38785900 0.57359403
v -11.34008988 -0.34255805 0.57264501
v -11.48792939 -0.25150395 0.58119196
v -11.54663662 -0.23236586 0.58376079
v -11.45662269 -0.39023020 0.57359330
v -11.43163991 -0.21900405 0.58119195
v -11.33126033 -0.31785895 0.57359402
v -11.51088966 -0.21172905 0.58376198
v -11.45460017 -0.17922903 0.58376197
v -11.32647094 -0.31382550 0.56993453
v -11.41749219 -0.15782952 0.57999032
v -11.55071636 -0.23504603 0.58054189
v -11.54997992 -0.23449302 0.58181099
v -11.54910457 -0.23389209 0.58276241
v -11.54787958 -0.23311306 0.58345299
v -11.46210043 -0.39149285 0.56874888
v -11.46150039 -0.39128399 0.57053238
v -11.45992154 -0.39111960 0.57230477
v -11.45800792 -0.39070010 0.57328671
v -11.45686031 -0.41630998 0.47876196
v -11.45426981 -0.41481602 0.47850006
v -11.46676998 -0.39316501 0.47850005
v -11.46935953 -0.39465906 0.47876196
v -11.46657983 -0.39305604 0.48100000
v -11.46917033 -0.39454997 0.48126201
v -11.46583048 -0.39435496 0.48099999
v -11.46842003 -0.39584900 0.48126202
v -11.46806035 -0.39564097 0.48601703
v -11.46546987 -0.39414706 0.48575597
v -11.46880970 -0.39434197 0.48601703
v -11.46622016 -0.39284803 0.48575597
v -11.46537002 -0.35771205 0.47799997
v -11.45037029 -0.38369298 0.48100000
v -11.45037077 -0.38369299 0.47799997
v -11.46536955 -0.35771205 0.48099999
v -11.46635853 -0.39292383 0.48368745
v -11.46896699 -0.39442956 0.48337918
v -11.46580005 -0.39260376 0.48207931
v -11.46784891 -0.39378573 0.48015278
v -11.46430667 -0.39173973 0.48100714
v -11.46491027 -0.39208820 0.47803538
v -11.48393519 -0.36843098 0.48295455
v -11.48269806 -0.36771655 0.48001759
v -11.48092298 -0.36669291 0.47852975
v -11.47926345 -0.36573457 0.47800499
v -11.47900165 -0.36558307 0.48100178
v -11.48136631 -0.36694837 0.48357183
v -11.48045409 -0.36642148 0.48162871
v -11.48121942 -0.36686694 0.48575598
v -11.48380991 -0.36836100 0.48601704
v -11.48455925 -0.36706197 0.48601705
v -11.48197067 -0.36556806 0.48575597
v -11.48230069 -0.36575403 0.48149995
v -11.48487975 -0.36724794 0.48176198
v -11.89665014 0.10773706 0.48176198
v -11.89664985 0.10736500 0.48601703
v -11.89664976 0.10437595 0.48575597
v -11.89665002 0.10474896 0.48149996
v -11.89514951 0.10736500 0.48601704
v -11.89514941 0.10437595 0.48575598
v -12.01368579 0.09039008 0.48099999
v -12.01209430 0.08924424 0.48099999
v -12.01188109 0.08919096 0.47799997
v -12.01390976 0.09105121 0.47799998
v -12.01036800 0.09153592 0.48100000
v -12.01047612 0.09123599 0.47799997
v -12.01322890 0.09243261 0.48100000
v -12.01209639 0.09275579 0.47799997
v -12.02997078 0.09057258 0.47799998
v -12.02728091 0.08926510 0.48100001
v -12.02746744 0.08941649 0.47799997
v -12.02996300 0.09126471 0.48099999
v -12.02647632 0.09123741 0.47799997
v -12.02728722 0.09261118 0.48100000
v -12.02809469 0.09275590 0.47799998
v -11.87397095 0.09057306 0.47799996
v -11.87180189 0.08934008 0.48099999
v -11.87146666 0.08941638 0.47799998
v -11.87360114 0.09011685 0.48100001
v -11.87039962 0.09104573 0.48100001
v -11.87047649 0.09123742 0.47799998
v -11.87285649 0.09276818 0.48100000
v -11.87209486 0.09275591 0.47799997
v -11.88954310 0.08997725 0.48100000
v -11.88693903 0.08963429 0.48099999
v -11.88716931 0.08950268 0.47799997
v -11.88949206 0.08995866 0.47799997
v -11.88938727 0.09229945 0.47799999
v -11.88677563 0.09208678 0.47799997
v -11.88955639 0.09190940 0.48100000
v -11.88728569 0.09260976 0.48099999
v -11.86514992 0.08606600 0.47799997
v -11.89514971 0.08606600 0.48099999
v -11.89515018 0.08606600 0.47799997
v -11.86515040 0.08606600 0.48099999
v -11.89515001 0.10555016 0.47942345
v -11.86515015 0.10254001 0.47801464
v -11.89514944 0.10244738 0.47801631
v -11.86515032 0.10576176 0.47961919
v -11.89514978 0.10752463 0.48288851
v -11.86515016 0.10750150 0.48292690
v -11.89514935 0.10176920 0.48100108
v -11.86515007 0.10180818 0.48100178
v -11.89514946 0.10335147 0.48152536
v -11.86514992 0.10347318 0.48162024
v -11.89515020 0.10452126 0.48344355
v -11.86514996 0.10453700 0.48355644
v -11.86453632 0.10438334 0.48567158
v -11.86453332 0.10736870 0.48597459
v -11.85640640 0.09925162 0.57874435
v -11.85642368 0.09628200 0.57827048
v -12.04258801 -0.01218689 0.57332067
v -12.04054034 -0.01067830 0.57042997
v -12.04266844 -0.01218654 0.57031077
v -12.04075052 -0.01072765 0.57342295
v -12.04419530 -0.01066936 0.57323044
v -12.04402832 -0.00995375 0.57023519
v -12.04253914 -0.00864149 0.57332354
v -12.04197819 -0.00880743 0.57034951
v -12.04075031 0.00327241 0.57342284
v -12.04252431 0.00175487 0.57031898
v -12.04258779 0.00181316 0.57332032
v -12.04430020 0.00396144 0.57322460
v -12.04071725 0.00305902 0.57042008
v -12.04402905 0.00404524 0.57023458
v -12.04151198 0.00513231 0.57037549
v -12.04195470 0.00514089 0.57335608
v -12.04412188 0.03587054 0.57022983
v -12.04291455 0.03465223 0.57330232
v -12.04058457 0.03559684 0.57042734
v -12.04076654 0.03636180 0.57342224
v -12.04402591 0.03730499 0.57323985
v -12.04195465 0.03807377 0.57335608
v -12.04227147 0.03822099 0.57033316
v -12.03751384 0.09447872 0.57059902
v -12.03696241 0.09567296 0.57027892
v -11.85580110 0.09379565 0.58076470
v -11.85591104 0.09493040 0.58029978
v -11.85611105 0.09580278 0.57947402
v -12.03631860 0.09656822 0.56952624
v -12.03605678 0.09714412 0.56841724
v -11.90172977 -0.01250006 0.57819706
v -11.85580149 -0.05398286 0.58076338
v -12.03745063 -0.05482233 0.57060067
v -12.03751959 -0.04999996 0.57059902
v -11.85579972 -0.01250006 0.58076602
v -12.05450007 -0.02999998 0.56964903
v -12.05450048 0.07000004 0.56964903
v -11.90173023 0.05250000 0.57819705
v -12.04050301 0.05089592 0.57043199
v -12.04252311 0.04868840 0.57031922
v -12.04387091 0.05162369 0.57024352
v -12.03752036 0.09000003 0.57059900
v -11.85580017 0.05250000 0.58076601
v -12.04430090 0.05089389 0.57322447
v -12.04243792 0.04871236 0.57332890
v -12.04076632 0.05036198 0.57342200
v -12.04195444 0.05207383 0.57335608
v -12.01034862 -0.05160368 0.48100000
v -12.01188131 -0.05280901 0.47799998
v -12.01338714 -0.05229987 0.48100000
v -12.01390902 -0.05094851 0.47799997
v -12.01047538 -0.05076350 0.47799999
v -12.01285824 -0.04923202 0.48099998
v -12.01209566 -0.04924418 0.47799998
v -12.02997100 -0.05142749 0.47799996
v -12.02728113 -0.05273498 0.48099999
v -12.02746671 -0.05258346 0.47799997
v -12.02996322 -0.05073500 0.48100000
v -12.02647654 -0.05076207 0.47799997
v -12.02728744 -0.04938877 0.48099999
v -12.02809491 -0.04924405 0.47799998
v -12.00364984 -0.06736506 0.48601705
v -12.00365060 -0.06437696 0.48575597
v -12.00364978 -0.06773795 0.48176199
v -12.00365052 -0.06474901 0.48149995
v -12.00514999 -0.06437696 0.48575597
v -12.00515019 -0.06736506 0.48601704
v -12.00515004 -0.04606701 0.48100000
v -12.00515051 -0.04606701 0.47799997
v -12.03514982 -0.04606701 0.47799998
v -12.03515030 -0.04606701 0.48099998
v -12.00515041 -0.06450296 0.48320501
v -12.00515067 -0.06754006 0.48335891
v -12.00514995 -0.06652332 0.48059708
v -12.00515046 -0.06257308 0.48102468
v -12.00514988 -0.06474424 0.47891849
v -12.00514990 -0.06244780 0.47801644
v -12.03514994 -0.06666137 0.48080963
v -12.03515044 -0.06752337 0.48338536
v -12.03514982 -0.06489278 0.47901600
v -12.03515009 -0.06254101 0.47801475
v -12.03514973 -0.06180776 0.48100179
v -12.03514995 -0.06347502 0.48162072
v -12.03514998 -0.06453813 0.48355764
v -12.03515025 -0.06437696 0.48575597
v -12.03515045 -0.06736506 0.48601704
v -12.03665060 -0.06437696 0.48575596
v -12.03664984 -0.06736506 0.48601704
v -12.03665058 -0.06479300 0.48099999
v -12.03664984 -0.06778206 0.48126202
v -12.03515045 -0.06778205 0.48126200
v -12.03515023 -0.06479300 0.48099999
v -12.03515053 -0.06501199 0.47850005
v -12.03514979 -0.06799997 0.47876196
v -12.06014995 -0.06501199 0.47850005
v -12.06015016 -0.06799997 0.47876195
v -12.03604358 -0.05714072 0.56846671
v -12.03603681 -0.06012548 0.56876653
v -11.88954236 -0.05202306 0.48099999
v -11.88693830 -0.05236590 0.48100000
v -11.88717048 -0.05249751 0.47799997
v -11.88949132 -0.05204177 0.47799997
v -11.88938748 -0.04970051 0.47799998
v -11.88677585 -0.04991329 0.47799997
v -11.88922874 -0.04956794 0.48099999
v -11.88688985 -0.04987026 0.48100000
v -11.87397022 -0.05142690 0.47799999
v -11.87180211 -0.05266000 0.48099999
v -11.87146592 -0.05258359 0.47799997
v -11.87360136 -0.05188347 0.48100000
v -11.87039984 -0.05095399 0.48100000
v -11.87047671 -0.05076207 0.47799996
v -11.87285670 -0.04923178 0.48099999
v -11.87209508 -0.04924406 0.47799997
v -11.86453252 -0.06438065 0.48571354
v -11.85638813 -0.05624939 0.57864052
v -11.86453677 -0.06737245 0.48593264
v -11.85640099 -0.05924631 0.57880490
v -11.86515041 -0.04606701 0.48099999
v -11.86514993 -0.04606701 0.47799998
v -11.89515019 -0.04606701 0.47799996
v -11.89514971 -0.04606701 0.48099999
v -11.86514983 -0.06450296 0.48320501
v -11.86515009 -0.06754006 0.48335890
v -11.86515032 -0.06652332 0.48059707
v -11.86514987 -0.06257261 0.48102432
v -11.86515025 -0.06474424 0.47891848
v -11.86515021 -0.06243218 0.47801213
v -11.89514936 -0.06666137 0.48080962
v -11.89514986 -0.06752337 0.48338537
v -11.89515019 -0.06489278 0.47901599
v -11.89514959 -0.06255759 0.47801988
v -11.89515010 -0.06180776 0.48100178
v -11.89514937 -0.06347502 0.48162072
v -11.89514940 -0.06453813 0.48355763
v -11.89514967 -0.06437696 0.48575598
v -11.89514987 -0.06736506 0.48601703
v -11.89665002 -0.06437696 0.48575597
v -11.89665021 -0.06736506 0.48601703
v -11.89664994 -0.06474901 0.48149995
v -11.89665015 -0.06773795 0.48176198
v -12.03613010 -0.05962861 0.57025641
v -11.85623870 -0.05856825 0.58068495
v -12.03642586 -0.05891216 0.57141882
v -11.85613997 -0.05773295 0.58181100
v -12.03711718 -0.05729176 0.57282155
v -11.85604951 -0.05660571 0.58279852
v -11.85599354 -0.05522538 0.58345180
v -12.03768748 -0.05488492 0.57359248
v -11.85596893 -0.05380476 0.58376079
v -11.90189041 -0.01250006 0.58119195
v -12.03768976 -0.04999996 0.57359402
v -11.85596991 -0.01250006 0.58376198
v -12.05467026 -0.02999998 0.57264499
v -12.05466972 0.07000005 0.57264500
v -11.90188991 0.05250000 0.58119195
v -11.85597034 0.09377086 0.58376126
v -12.03768958 0.09000003 0.57359403
v -11.85597036 0.05250000 0.58376197
v -12.03767923 0.09480774 0.57358401
v -12.03647913 -0.05631007 0.56982606
v -11.85598698 -0.05534173 0.57998531
v -11.85599342 0.09522258 0.58345264
v -11.85605478 0.09667539 0.58275871
v -11.85617836 0.09813868 0.58134919
v -11.85627986 0.09882402 0.58012001
v -12.03739429 0.09620439 0.57328038
v -12.03680409 0.09807407 0.57228867
v -12.03616178 0.09949528 0.57054489
v -12.03604188 0.10012685 0.56874995
v -12.06014944 0.10800003 0.47876197
v -12.06014932 0.10501098 0.47850007
v -12.03514990 0.10501098 0.47850006
v -12.03515001 0.10800003 0.47876196
v -12.03515036 0.10479199 0.48099999
v -12.03515047 0.10778104 0.48126201
v -12.03664986 0.10778104 0.48126202
v -12.03664975 0.10479199 0.48100000
v -12.03665044 0.10736500 0.48601704
v -12.03665034 0.10437595 0.48575596
v -12.03515009 0.10736501 0.48601704
v -12.03514999 0.10437595 0.48575597
v -12.00515050 0.08606600 0.47799998
v -12.03515029 0.08606600 0.48100000
v -12.03514981 0.08606600 0.47799998
v -12.00515003 0.08606600 0.48100000
v -12.03514995 0.10243236 0.47801225
v -12.03514993 0.10176920 0.48100107
v -12.03515004 0.10335146 0.48152535
v -12.03514964 0.10555016 0.47942345
v -12.03514983 0.10452127 0.48344355
v -12.03515036 0.10752462 0.48288850
v -12.00514987 0.10255693 0.47801988
v -12.00514995 0.10576176 0.47961921
v -12.00515074 0.10750150 0.48292689
v -12.00515065 0.10180818 0.48100178
v -12.00515050 0.10347317 0.48162024
v -12.00515054 0.10453700 0.48355644
v -12.00515068 0.10437595 0.48575596
v -12.00515078 0.10736500 0.48601704
v -12.00365044 0.10736501 0.48601703
v -12.00365034 0.10437595 0.48575597
v -12.00365060 0.10474896 0.48149995
v -12.00364976 0.10773706 0.48176198
v -11.38673980 0.22703099 0.48601704
v -11.38933042 0.22852599 0.48575597
v -11.38641935 0.22684501 0.48176200
v -11.38900995 0.22834002 0.48149996
v -11.39007952 0.22722697 0.48575598
v -11.38748985 0.22573196 0.48601703
v -11.34281973 0.33357977 0.48099999
v -11.34190288 0.33410788 0.47799998
v -11.34423958 0.33380842 0.47799997
v -11.34479458 0.33459090 0.48100000
v -11.34140697 0.33529030 0.48100000
v -11.34461168 0.33612274 0.47799998
v -11.34204907 0.33673418 0.47799998
v -11.34352714 0.33703053 0.48100000
v -11.33678594 0.34810102 0.48099999
v -11.33330329 0.34853885 0.47799997
v -11.33634084 0.34779358 0.47799997
v -11.33380904 0.34798775 0.48100000
v -11.33607038 0.35076951 0.47799997
v -11.33469365 0.35098433 0.48100000
v -11.41310829 0.21224105 0.48099999
v -11.41130280 0.21343898 0.47799998
v -11.41433939 0.21269308 0.47799998
v -11.41487547 0.21379231 0.48100000
v -11.41148560 0.21375048 0.48099998
v -11.41407084 0.21566975 0.47799996
v -11.41305369 0.21585821 0.48100000
v -11.40658512 0.22658728 0.48100000
v -11.40323724 0.22762285 0.47799996
v -11.40665717 0.22667300 0.47799996
v -11.40322728 0.22773682 0.48100000
v -11.40580815 0.22948407 0.48100000
v -11.40571612 0.22951757 0.47799999
v -11.40593914 0.23638199 0.48100000
v -11.40593962 0.23638200 0.47799997
v -11.42093967 0.21040105 0.47799997
v -11.42094015 0.21040106 0.48099999
v -11.40292293 0.20000028 0.48124366
v -11.38734026 0.22564744 0.48333686
v -11.40235888 0.19967341 0.48336295
v -11.38823494 0.22616064 0.48057560
v -11.40422414 0.20075011 0.47932915
v -11.38976948 0.22704398 0.47891740
v -11.40665000 0.20215487 0.47802012
v -11.39176049 0.22819972 0.47801237
v -11.40676309 0.20221912 0.48102192
v -11.39217011 0.22843575 0.48100322
v -11.38995216 0.22715425 0.48342948
v -11.39081214 0.22764766 0.48171252
v -11.40495808 0.20117652 0.48310143
v -11.40538405 0.20070659 0.48567084
v -11.40279796 0.19921135 0.48597413
v -11.41388649 0.19623374 0.57871264
v -11.41645841 0.19773173 0.57830541
v -11.41669218 0.41069518 0.57342439
v -11.41422796 0.41152845 0.57331484
v -11.41584815 0.41037880 0.57041102
v -11.41778181 0.41215384 0.57037894
v -11.41416702 0.41220295 0.57027524
v -11.41749497 0.41263044 0.57335299
v -11.41560405 0.41404853 0.57323103
v -11.41590703 0.41378818 0.57024723
v -11.40536641 0.40424931 0.57341962
v -11.40277709 0.40376818 0.57036536
v -11.40525908 0.40396605 0.57042556
v -11.40248746 0.40406452 0.57334833
v -11.40233444 0.40607582 0.57024151
v -11.40230159 0.40612445 0.57324319
v -11.40478005 0.40653597 0.57028751
v -11.40424419 0.40689122 0.57326011
v -11.37711208 0.38803113 0.57040994
v -11.37451836 0.38700948 0.57339207
v -11.37407872 0.38732921 0.57035939
v -11.37688728 0.38844238 0.57338862
v -11.37377976 0.38965761 0.57324307
v -11.37460436 0.39039648 0.57022517
v -11.37587219 0.39040600 0.57326512
v -11.32593420 0.35283600 0.56861143
v -11.41702475 0.19770145 0.57947093
v -11.32643677 0.35385907 0.56992404
v -11.41788026 0.19796966 0.58030098
v -11.41892230 0.19843660 0.58076469
v -11.32721006 0.35527837 0.57059936
v -11.43172005 0.25885796 0.57819706
v -11.45467979 0.21908294 0.58076601
v -11.54689508 0.27232478 0.58076352
v -11.48800999 0.29135905 0.57819705
v -11.51096973 0.25158404 0.58076601
v -11.36456046 0.38054311 0.57042163
v -11.36181699 0.38041912 0.57035117
v -11.33134023 0.35771297 0.57059901
v -11.45644701 0.42993176 0.57059925
v -11.45258972 0.42771303 0.57059901
v -11.34018018 0.38241303 0.56964902
v -11.36445279 0.38275467 0.57031171
v -11.36226452 0.38312112 0.57023303
v -11.42677988 0.43241296 0.56964904
v -11.36273190 0.37998688 0.57340257
v -11.36490867 0.38237536 0.57334774
v -11.36161054 0.38289177 0.57323032
v -11.46719738 0.40491209 0.48099999
v -11.46470230 0.40510809 0.48099999
v -11.46651567 0.40445029 0.47799997
v -11.46447709 0.40589988 0.47799997
v -11.46779388 0.40673435 0.47799998
v -11.46772672 0.40691935 0.48099999
v -11.46542371 0.40788352 0.48100000
v -11.46561879 0.40795458 0.47799998
v -11.45964164 0.41911732 0.47799999
v -11.45884061 0.41844187 0.48099999
v -11.45718631 0.41865765 0.47799997
v -11.45654524 0.41944778 0.48100001
v -11.45957919 0.42122733 0.48099999
v -11.45670201 0.42122733 0.47799997
v -11.45919823 0.42142307 0.47799998
v -11.45708315 0.42142402 0.48100000
v -11.48487984 0.40724695 0.48176199
v -11.48455917 0.40706096 0.48601704
v -11.48197016 0.40556703 0.48575598
v -11.48230036 0.40575300 0.48149996
v -11.48381007 0.40836010 0.48601704
v -11.48122011 0.40686594 0.48575596
v -11.45037079 0.42369208 0.47799997
v -11.46536941 0.39771092 0.48100000
v -11.46536989 0.39771091 0.47799998
v -11.45037032 0.42369209 0.48100000
v -11.47990951 0.40610707 0.47803538
v -11.47912902 0.40565668 0.48100311
v -11.48067204 0.40654550 0.48186152
v -11.48284874 0.40780247 0.48015146
v -11.48135858 0.40694249 0.48368912
v -11.48396745 0.40844882 0.48337929
v -11.46674584 0.43314921 0.47897690
v -11.46426400 0.43171465 0.47800499
v -11.46859339 0.43421589 0.48169630
v -11.46895270 0.43442045 0.48386090
v -11.46473253 0.43198502 0.48103779
v -11.46636018 0.43292461 0.48333782
v -11.46622006 0.43284690 0.48575597
v -11.46881002 0.43434107 0.48601703
v -11.46805997 0.43563998 0.48601703
v -11.46547001 0.43414605 0.48575597
v -11.46841984 0.43584810 0.48126201
v -11.46583082 0.43435393 0.48099998
v -11.46916989 0.43454895 0.48126202
v -11.46657991 0.43305505 0.48100000
v -11.46677017 0.43316399 0.47850005
v -11.46936015 0.43465912 0.47876196
v -11.45426997 0.45481503 0.47850006
v -11.45685994 0.45630894 0.47876197
v -11.46210757 0.43146359 0.56885676
v -11.45950048 0.43005619 0.56825929
v -11.52874476 0.29704510 0.48100000
v -11.52648626 0.29835782 0.47799997
v -11.52833418 0.29713986 0.47799997
v -11.52989067 0.29890738 0.47799997
v -11.52636116 0.29906533 0.48099999
v -11.52914313 0.30047285 0.48099999
v -11.52776256 0.30064176 0.47799998
v -11.53764210 0.28401708 0.47799997
v -11.53684106 0.28334187 0.48099999
v -11.53518582 0.28355825 0.47799997
v -11.53454570 0.28434717 0.48100000
v -11.53757869 0.28612744 0.48100000
v -11.53470056 0.28612732 0.47799998
v -11.53719869 0.28632318 0.47799997
v -11.53508170 0.28632318 0.48099999
v -11.55412557 0.28658484 0.48593013
v -11.55153539 0.28508615 0.48571234
v -11.54856975 0.27396940 0.57863110
v -11.55116112 0.27547681 0.57880633
v -11.52037039 0.30244804 0.47799997
v -11.53536997 0.27646803 0.48100001
v -11.53537045 0.27646802 0.47799998
v -11.52036992 0.30244804 0.48100000
v -11.54991007 0.28486323 0.47803538
v -11.54931192 0.28451813 0.48100978
v -11.55094744 0.28546417 0.48225814
v -11.55222499 0.28619920 0.47951404
v -11.55350208 0.28693841 0.48145262
v -11.55135565 0.28569710 0.48393242
v -11.55396103 0.28720068 0.48386603
v -11.53592307 0.31142936 0.47852986
v -11.53426551 0.31047117 0.47800497
v -11.53769816 0.31245253 0.48001867
v -11.53893495 0.31316734 0.48295348
v -11.53399974 0.31031821 0.48100131
v -11.53545295 0.31115722 0.48162799
v -11.53636569 0.31168567 0.48357278
v -11.53621966 0.31160295 0.48575598
v -11.53881058 0.31309795 0.48601703
v -11.53805957 0.31439697 0.48601704
v -11.53546961 0.31290197 0.48575597
v -11.53580076 0.31308805 0.48149995
v -11.53838025 0.31458305 0.48176198
v -11.45662303 0.43023406 0.57359330
v -11.54787974 0.27311266 0.58345275
v -11.54666376 0.27238022 0.58376079
v -11.45796035 0.43069016 0.57330494
v -11.54904791 0.27385161 0.58280127
v -11.45990302 0.43109404 0.57232612
v -11.54997945 0.27449297 0.58181101
v -11.55064553 0.27499854 0.58069472
v -11.46141890 0.43128883 0.57065444
v -11.32687054 0.35529636 0.57357280
v -11.33126057 0.35785805 0.57359402
v -11.41885316 0.19859205 0.58376150
v -11.43164039 0.25900399 0.58119194
v -11.45460015 0.21922897 0.58376197
v -11.48792938 0.29150402 0.58119195
v -11.51088914 0.25172900 0.58376198
v -11.45249957 0.42785798 0.57359403
v -11.34009005 0.38255799 0.57264500
v -11.42670023 0.43255794 0.57264499
v -11.45899197 0.42993674 0.56943230
v -11.45762717 0.43010841 0.57033114
v -11.54797732 0.27316427 0.57999186
v -11.41431966 0.19634198 0.58012001
v -11.41496637 0.19659209 0.58134811
v -11.41630027 0.19721924 0.58276074
v -11.41757705 0.19788539 0.58344942
v -11.32331572 0.35136602 0.56874746
v -11.32368535 0.35165511 0.57017104
v -11.32430184 0.35247028 0.57162624
v -11.32529394 0.35372221 0.57283359
v -11.30444013 0.36830902 0.47876195
v -11.30702979 0.36980402 0.47850006
v -11.31952999 0.34815298 0.47850005
v -11.31693938 0.34665906 0.47876197
v -11.31971945 0.34826195 0.48100001
v -11.31712980 0.34676802 0.48126201
v -11.31637975 0.34806705 0.48126202
v -11.31897035 0.34956097 0.48100000
v -11.31673925 0.34827506 0.48601704
v -11.31932986 0.34976900 0.48575596
v -11.32007991 0.34846997 0.48575598
v -11.31749025 0.34697604 0.48601703
v -11.33593954 0.35762501 0.48100001
v -11.33594001 0.35762501 0.47799997
v -11.35094006 0.33164500 0.47799997
v -11.35094054 0.33164500 0.48099999
v -11.31995164 0.34839784 0.48343162
v -11.31734448 0.34688948 0.48333745
v -11.31799694 0.34726549 0.48108760
v -11.32081439 0.34889197 0.48170977
v -11.31940207 0.34807633 0.47916870
v -11.32217050 0.34967923 0.48100322
v -11.32175993 0.34944247 0.47801237
v -11.33292428 0.32124327 0.48124365
v -11.33235365 0.32091713 0.48336893
v -11.33422452 0.32199335 0.47932856
v -11.33665040 0.32339774 0.47802012
v -11.33693696 0.32356344 0.48101203
v -11.33542870 0.32268857 0.48219686
v -11.33494268 0.32241130 0.48374324
v -11.33507997 0.32248901 0.48575596
v -11.33249030 0.32099495 0.48601703
v -11.33583002 0.32118998 0.48575597
v -11.33324035 0.31969593 0.48601704
v -11.33550954 0.32100403 0.48149997
v -11.33291989 0.31950998 0.48176198
f 1 2 3
f 4 5 2
f 57 1 54
f 20 58 56
f 55 20 56
f 52 55 53
f 59 17 57
f 19 60 58
f 20 19 58
f 1 3 54
f 5 6 2
f 55 56 53
f 17 1 57
f 7 6 62
f 63 14 61
f 16 15 65
f 19 7 60
f 7 62 60
f 43 42 39
f 42 38 39
f 36 40 37
f 40 41 37
f 39 38 35
f 38 34 35
f 32 36 33
f 36 37 33
f 35 34 31
f 34 30 31
f 44 48 45
f 48 49 45
f 47 46 43
f 14 18 61
f 46 42 43
f 40 44 41
f 54 3 51
f 44 45 41
f 48 52 49
f 52 53 49
f 51 50 47
f 3 50 51
f 28 32 29
f 32 33 29
f 31 30 27
f 30 26 27
f 21 28 22
f 28 29 22
f 27 26 25
f 50 46 47
f 26 24 25
f 8 9 2
f 6 7 2
f 8 13 73
f 9 8 72
f 8 73 72
f 73 13 71
f 13 12 71
f 10 9 70
f 9 72 70
f 71 12 69
f 12 11 69
f 4 10 68
f 10 70 68
f 61 18 59
f 18 17 59
f 11 16 67
f 67 16 65
f 4 68 66
f 6 64 62
f 15 14 63
f 65 15 63
f 5 66 64
f 6 5 64
f 69 11 67
f 5 4 66
f 16 11 2
f 15 16 2
f 14 15 2
f 13 8 2
f 12 13 2
f 11 12 2
f 10 4 2
f 9 10 2
f 25 24 23
f 24 21 23
f 21 22 23
f 19 20 2
f 7 19 2
f 18 14 2
f 17 18 2
f 1 17 2
f 96 97 74
f 99 95 74
f 98 99 74
f 89 115 114
f 116 100 112
f 100 87 112
f 111 125 110
f 110 125 108
f 125 109 107
f 108 125 106
f 125 107 104
f 106 125 105
f 105 125 101
f 125 104 103
f 125 103 102
f 101 125 102
f 98 100 117
f 119 117 125
f 116 112 125
f 114 125 113
f 113 125 111
f 125 112 109
f 77 76 102
f 84 111 110
f 112 87 109
f 97 93 74
f 79 74 78
f 78 74 77
f 77 74 76
f 83 84 110
f 84 86 111
f 86 113 111
f 88 114 113
f 86 88 113
f 88 89 114
f 114 115 125
f 87 100 74
f 100 98 74
f 74 81 80
f 74 80 75
f 74 75 76
f 115 118 125
f 120 123 125
f 118 120 125
f 124 122 125
f 123 124 125
f 121 119 125
f 122 121 125
f 117 116 125
f 76 101 102
f 87 85 109
f 90 118 115
f 89 90 115
f 117 100 116
f 82 74 79
f 74 83 81
f 74 84 83
f 85 74 82
f 74 86 84
f 87 74 85
f 74 88 86
f 74 89 88
f 90 89 74
f 91 92 74
f 92 90 74
f 93 94 74
f 94 91 74
f 95 96 74
f 78 77 102
f 103 78 102
f 99 98 117
f 90 92 118
f 85 82 109
f 81 83 108
f 83 110 108
f 109 82 107
f 80 81 106
f 81 108 106
f 107 82 104
f 82 79 104
f 75 80 105
f 80 106 105
f 75 105 101
f 104 79 103
f 79 78 103
f 76 75 101
f 94 93 124
f 93 97 124
f 97 96 122
f 124 97 122
f 91 94 123
f 94 124 123
f 91 123 120
f 96 95 122
f 121 95 119
f 95 99 119
f 122 95 121
f 92 91 120
f 92 120 118
f 119 99 117
f 165 177 141
f 144 176 140
f 176 166 140
f 163 165 139
f 150 173 147
f 170 150 149
f 171 170 149
f 170 173 150
f 172 175 145
f 168 167 151
f 167 148 151
f 169 168 143
f 147 172 145
f 167 171 148
f 171 149 148
f 173 172 147
f 165 141 139
f 140 166 137
f 166 164 137
f 161 163 138
f 146 174 144
f 174 176 144
f 177 169 141
f 169 142 141
f 169 143 142
f 175 174 146
f 145 175 146
f 168 151 143
f 152 165 163
f 166 152 164
f 167 168 152
f 168 169 152
f 170 171 152
f 171 167 152
f 172 173 152
f 173 170 152
f 174 175 152
f 175 172 152
f 166 176 152
f 176 174 152
f 169 177 152
f 177 165 152
f 154 126 128
f 155 154 128
f 129 155 128
f 153 130 126
f 154 153 126
f 131 155 129
f 156 132 130
f 153 156 130
f 158 155 131
f 156 157 132
f 159 158 131
f 133 159 131
f 157 134 132
f 157 160 134
f 126 127 128
f 127 129 128
f 130 127 126
f 127 131 129
f 132 127 130
f 127 133 131
f 134 127 132
f 127 135 133
f 136 127 134
f 127 137 135
f 138 127 136
f 139 127 138
f 127 140 137
f 141 142 127
f 142 143 127
f 139 141 127
f 144 140 127
f 145 146 127
f 146 144 127
f 147 145 127
f 148 149 127
f 149 150 127
f 150 147 127
f 143 151 127
f 151 148 127
f 152 153 154
f 155 152 154
f 152 156 153
f 152 157 156
f 158 152 155
f 159 152 158
f 152 160 157
f 152 161 160
f 162 152 159
f 152 163 161
f 164 152 162
f 137 162 135
f 161 138 136
f 164 162 137
f 163 139 138
f 162 159 133
f 135 162 133
f 161 136 134
f 160 161 134
f 191 190 215
f 187 189 214
f 215 190 213
f 190 188 213
f 229 213 210
f 212 229 211
f 211 229 209
f 229 210 207
f 184 186 211
f 186 212 211
f 183 184 209
f 184 211 209
f 226 197 223
f 197 200 223
f 194 193 224
f 193 225 224
f 200 199 223
f 195 194 222
f 194 224 222
f 223 199 221
f 187 214 212
f 186 187 212
f 213 188 210
f 188 185 210
f 218 201 216
f 201 191 216
f 189 217 214
f 216 191 215
f 178 183 179
f 182 178 181
f 181 178 180
f 178 179 180
f 179 208 206
f 207 182 205
f 182 181 205
f 180 179 203
f 179 206 203
f 205 181 204
f 181 180 204
f 180 203 204
f 202 199 178
f 201 202 178
f 191 201 178
f 200 197 178
f 199 200 178
f 198 196 178
f 197 198 178
f 196 193 178
f 195 192 178
f 194 195 178
f 193 194 178
f 192 189 178
f 191 178 190
f 190 178 188
f 178 189 187
f 188 178 185
f 178 187 186
f 178 186 184
f 185 178 182
f 178 184 183
f 183 209 208
f 179 183 208
f 185 182 207
f 210 185 207
f 209 229 208
f 208 229 206
f 229 207 205
f 206 229 203
f 229 205 204
f 203 229 204
f 196 198 228
f 196 228 227
f 228 198 226
f 198 197 226
f 193 196 227
f 193 227 225
f 214 217 229
f 220 222 229
f 217 220 229
f 225 227 229
f 224 225 229
f 222 224 229
f 228 226 229
f 227 228 229
f 226 223 229
f 219 218 229
f 221 219 229
f 223 221 229
f 218 216 229
f 229 216 215
f 229 215 213
f 214 229 212
f 202 201 218
f 219 202 218
f 192 220 217
f 189 192 217
f 199 202 219
f 221 199 219
f 195 222 220
f 192 195 220
f 230 231 232
f 233 230 232
f 230 234 231
f 235 230 233
f 230 236 234
f 237 230 235
f 270 257 268
f 257 269 267
f 268 257 266
f 257 267 265
f 266 257 263
f 257 265 264
f 257 264 262
f 263 257 261
f 257 262 258
f 261 257 260
f 260 257 259
f 257 258 259
f 256 253 230
f 255 256 230
f 247 255 230
f 254 250 230
f 261 260 231
f 231 260 232
f 260 259 232
f 259 233 232
f 274 269 257
f 281 279 257
f 270 281 257
f 280 277 257
f 279 280 257
f 278 275 257
f 277 278 257
f 276 271 257
f 275 276 257
f 273 274 257
f 272 273 257
f 271 272 257
f 265 267 241
f 268 266 240
f 265 241 238
f 240 266 239
f 264 265 238
f 239 266 236
f 266 263 236
f 262 264 237
f 264 238 237
f 258 262 235
f 262 237 235
f 236 263 234
f 263 261 234
f 259 258 233
f 258 235 233
f 234 261 231
f 273 272 247
f 272 255 247
f 273 247 246
f 274 273 246
f 248 279 249
f 279 281 249
f 274 246 245
f 249 281 244
f 269 274 245
f 281 270 244
f 269 245 243
f 244 270 242
f 270 268 242
f 267 269 241
f 269 243 241
f 242 268 240
f 275 278 250
f 275 250 254
f 276 275 253
f 275 254 253
f 250 278 251
f 278 277 251
f 271 276 256
f 276 253 256
f 251 277 252
f 277 280 252
f 272 271 255
f 271 256 255
f 252 280 248
f 280 279 248
f 253 254 230
f 252 248 230
f 251 252 230
f 250 251 230
f 249 244 230
f 248 249 230
f 243 245 230
f 246 247 230
f 245 246 230
f 230 244 242
f 243 230 241
f 230 242 240
f 241 230 238
f 230 240 239
f 230 239 236
f 238 230 237
f 296 322 320
f 294 296 320
f 306 295 321
f 323 306 321
f 297 324 322
f 296 297 322
f 308 303 283
f 295 306 283
f 282 284 309
f 310 282 309
f 284 311 309
f 286 282 310
f 312 286 310
f 285 313 311
f 284 285 311
f 288 286 312
f 282 283 284
f 283 285 284
f 288 283 286
f 283 289 287
f 290 283 288
f 291 283 290
f 283 292 289
f 293 283 291
f 283 294 292
f 295 283 293
f 302 298 283
f 303 304 283
f 306 307 283
f 307 308 283
f 304 305 283
f 305 300 283
f 286 283 282
f 283 287 285
f 283 296 294
f 297 296 283
f 298 299 283
f 299 297 283
f 300 301 283
f 301 302 283
f 325 306 323
f 307 306 325
f 326 307 325
f 299 327 324
f 313 333 311
f 333 312 310
f 311 333 309
f 333 310 309
f 327 329 333
f 329 330 333
f 322 324 333
f 320 322 333
f 300 305 331
f 301 300 332
f 300 331 332
f 305 304 331
f 323 321 333
f 326 325 333
f 325 323 333
f 331 328 333
f 328 326 333
f 330 332 333
f 332 331 333
f 324 327 333
f 333 314 312
f 315 333 313
f 333 316 314
f 333 317 316
f 285 287 313
f 290 288 314
f 316 290 314
f 287 289 315
f 292 294 318
f 321 295 319
f 314 288 312
f 287 315 313
f 294 320 318
f 295 293 319
f 289 292 318
f 319 293 317
f 298 329 327
f 328 308 326
f 308 307 326
f 297 299 324
f 293 291 317
f 289 318 315
f 317 291 316
f 291 290 316
f 302 301 330
f 301 332 330
f 331 304 328
f 304 303 328
f 298 302 329
f 302 330 329
f 303 308 328
f 299 298 327
f 318 333 315
f 333 319 317
f 320 333 318
f 333 321 319
f 341 367 340
f 367 365 340
f 360 364 339
f 340 365 338
f 366 342 339
f 364 366 339
f 369 367 341
f 343 369 341
f 368 344 342
f 366 368 342
f 359 373 372
f 374 359 371
f 384 381 359
f 374 385 359
f 385 383 359
f 378 375 359
f 361 334 336
f 362 361 336
f 356 357 335
f 357 354 335
f 350 358 335
f 358 356 335
f 359 360 361
f 362 359 361
f 363 359 362
f 359 364 360
f 365 359 363
f 359 366 364
f 335 347 343
f 346 335 345
f 345 335 344
f 344 335 342
f 335 343 341
f 342 335 339
f 335 341 340
f 335 340 338
f 359 372 370
f 371 359 369
f 359 370 368
f 369 359 367
f 359 368 366
f 367 359 365
f 371 369 343
f 370 345 344
f 375 349 348
f 372 373 346
f 373 348 346
f 347 374 343
f 374 371 343
f 370 372 345
f 378 377 349
f 377 350 349
f 384 383 353
f 352 384 353
f 377 358 350
f 381 384 352
f 355 381 352
f 377 376 358
f 354 381 355
f 376 356 358
f 380 357 356
f 382 381 354
f 380 379 357
f 357 379 354
f 379 382 354
f 376 380 356
f 372 346 345
f 368 370 344
f 359 375 373
f 376 377 359
f 377 378 359
f 379 380 359
f 380 376 359
f 381 382 359
f 382 379 359
f 383 384 359
f 373 375 348
f 385 374 347
f 351 385 347
f 375 378 349
f 383 385 351
f 353 383 351
f 337 362 336
f 361 360 334
f 363 362 337
f 338 363 337
f 360 339 334
f 365 363 338
f 334 335 336
f 335 337 336
f 335 338 337
f 339 335 334
f 348 335 346
f 349 350 335
f 348 349 335
f 351 347 335
f 352 353 335
f 353 351 335
f 354 355 335
f 355 352 335
f 386 387 388
f 389 386 388
f 390 386 389
f 386 391 387
f 392 386 390
f 386 393 391
f 437 419 417
f 418 437 416
f 423 426 437
f 428 430 437
f 426 428 437
f 433 435 437
f 402 433 431
f 432 411 429
f 431 433 437
f 430 431 437
f 435 436 437
f 432 429 437
f 434 432 437
f 436 434 437
f 429 427 437
f 427 425 437
f 437 425 424
f 437 424 422
f 423 437 421
f 437 422 419
f 421 437 420
f 420 437 418
f 400 399 424
f 424 399 422
f 437 417 415
f 416 437 414
f 437 415 414
f 405 409 436
f 405 436 435
f 409 408 436
f 406 405 435
f 436 408 434
f 408 407 434
f 402 406 433
f 406 435 433
f 434 407 432
f 407 411 432
f 403 402 431
f 417 392 415
f 392 390 415
f 411 410 429
f 404 403 430
f 403 431 430
f 401 404 428
f 404 430 428
f 429 410 427
f 410 413 427
f 401 428 426
f 413 412 427
f 398 401 426
f 427 412 425
f 412 400 425
f 398 426 423
f 425 400 424
f 399 397 422
f 396 398 421
f 398 423 421
f 395 396 421
f 422 397 419
f 397 394 419
f 393 395 420
f 395 421 420
f 391 393 418
f 393 420 418
f 419 394 417
f 394 392 417
f 391 418 416
f 387 391 416
f 412 413 386
f 400 412 386
f 411 407 386
f 410 411 386
f 409 405 386
f 408 409 386
f 407 408 386
f 406 402 386
f 405 406 386
f 404 401 386
f 388 387 414
f 387 416 414
f 390 389 415
f 415 389 414
f 389 388 414
f 413 410 386
f 403 404 386
f 402 403 386
f 401 398 386
f 400 386 399
f 399 386 397
f 386 398 396
f 397 386 394
f 386 396 395
f 386 395 393
f 394 386 392
f 466 469 467
f 470 466 468
f 466 471 469
f 472 466 470
f 438 439 440
f 441 438 440
f 483 480 466
f 484 485 466
f 485 486 466
f 486 482 466
f 487 488 466
f 488 484 466
f 456 457 438
f 457 458 438
f 458 453 438
f 459 460 438
f 460 456 438
f 461 462 438
f 462 459 438
f 455 463 438
f 463 464 438
f 464 461 438
f 482 459 462
f 482 486 459
f 487 489 458
f 457 487 458
f 483 482 461
f 486 485 459
f 468 465 439
f 439 465 440
f 465 467 440
f 467 441 440
f 489 487 466
f 479 489 466
f 458 489 453
f 478 454 452
f 489 479 453
f 476 478 452
f 453 479 450
f 479 477 450
f 476 452 451
f 475 476 449
f 476 451 449
f 477 474 450
f 473 475 449
f 450 474 448
f 471 473 447
f 473 449 447
f 474 472 448
f 448 472 446
f 482 462 461
f 459 485 460
f 485 484 460
f 480 483 464
f 483 461 464
f 460 484 456
f 454 455 438
f 452 454 438
f 438 453 450
f 452 438 451
f 468 466 465
f 465 466 467
f 482 483 466
f 481 478 466
f 480 481 466
f 479 466 477
f 466 478 476
f 477 466 474
f 466 476 475
f 466 475 473
f 474 466 472
f 466 473 471
f 472 470 446
f 469 471 445
f 471 447 445
f 446 470 444
f 467 469 443
f 469 445 443
f 451 438 449
f 438 450 448
f 449 438 447
f 438 448 446
f 447 438 445
f 438 446 444
f 445 438 443
f 438 444 442
f 443 438 441
f 438 442 439
f 444 470 442
f 470 468 442
f 467 443 441
f 442 468 439
f 456 488 457
f 488 487 457
f 481 455 454
f 478 481 454
f 484 488 456
f 481 480 463
f 480 464 463
f 481 463 455
f 496 523 521
f 495 496 521
f 511 539 538
f 508 511 538
f 491 521 517
f 491 495 521
f 497 494 520
f 522 497 520
f 526 502 525
f 501 527 524
f 500 501 524
f 504 502 526
f 528 504 526
f 503 529 527
f 501 503 527
f 505 530 529
f 503 505 529
f 516 504 528
f 541 528 526
f 529 541 527
f 510 512 537
f 540 510 537
f 510 540 539
f 511 510 539
f 505 507 530
f 507 506 532
f 531 516 528
f 507 532 530
f 502 490 499
f 490 503 501
f 490 500 498
f 490 501 500
f 499 490 497
f 490 498 496
f 538 539 541
f 539 540 541
f 490 495 491
f 494 490 493
f 497 490 494
f 490 496 495
f 493 490 492
f 490 491 492
f 516 513 490
f 504 516 490
f 530 532 541
f 536 538 541
f 492 517 518
f 493 492 518
f 532 534 541
f 529 530 541
f 514 515 490
f 515 512 490
f 534 536 541
f 540 537 541
f 541 522 520
f 523 541 521
f 524 541 523
f 541 525 522
f 541 526 525
f 527 541 524
f 507 505 490
f 506 507 490
f 490 505 503
f 504 490 502
f 502 499 525
f 498 500 524
f 521 541 517
f 541 520 519
f 541 519 518
f 517 541 518
f 513 514 490
f 512 510 490
f 511 508 490
f 510 511 490
f 509 506 490
f 508 509 490
f 498 524 523
f 499 497 522
f 508 538 536
f 537 512 535
f 512 515 535
f 509 508 536
f 525 499 522
f 496 498 523
f 515 514 535
f 506 509 534
f 533 531 541
f 537 535 541
f 506 534 532
f 514 513 533
f 535 514 533
f 509 536 534
f 520 494 519
f 494 493 519
f 492 491 517
f 519 493 518
f 533 513 531
f 513 516 531
f 535 533 541
f 531 528 541
f 585 584 559
f 584 565 559
f 564 591 561
f 586 585 559
f 584 587 565
f 587 566 565
f 563 588 564
f 588 591 564
f 589 588 563
f 567 589 563
f 587 567 566
f 587 589 567
f 581 557 555
f 556 582 553
f 582 579 553
f 578 580 554
f 561 591 562
f 591 590 562
f 586 559 558
f 562 590 560
f 590 592 560
f 593 586 558
f 583 593 558
f 560 592 556
f 592 582 556
f 581 583 557
f 583 558 557
f 580 581 555
f 572 569 568
f 569 571 570
f 568 569 570
f 559 565 542
f 571 547 545
f 546 572 543
f 572 568 543
f 543 568 544
f 568 570 544
f 570 545 544
f 593 583 569
f 586 593 569
f 592 590 569
f 582 592 569
f 591 588 569
f 590 591 569
f 589 587 569
f 588 589 569
f 587 584 569
f 585 586 569
f 580 555 554
f 576 578 552
f 578 554 552
f 553 579 551
f 579 577 551
f 573 576 550
f 576 552 550
f 551 577 549
f 542 551 549
f 550 542 547
f 542 549 548
f 542 548 546
f 547 542 545
f 542 546 543
f 545 542 544
f 542 543 544
f 567 563 542
f 566 567 542
f 565 566 542
f 564 561 542
f 563 564 542
f 562 560 542
f 561 562 542
f 560 556 542
f 557 558 542
f 558 559 542
f 557 542 555
f 542 556 553
f 555 542 554
f 554 542 552
f 542 553 551
f 552 542 550
f 584 585 569
f 569 583 581
f 582 569 579
f 569 581 580
f 569 580 578
f 579 569 577
f 569 578 576
f 577 569 575
f 569 576 573
f 575 569 574
f 574 569 572
f 569 573 571
f 571 573 547
f 548 574 546
f 574 572 546
f 570 571 545
f 577 575 549
f 573 550 547
f 549 575 548
f 575 574 548
f 616 612 594
f 617 618 594
f 618 615 594
f 607 619 594
f 603 605 631
f 607 606 632
f 634 607 632
f 619 607 634
f 623 597 622
f 595 624 621
f 596 595 621
f 599 597 623
f 625 599 623
f 595 598 624
f 598 626 624
f 601 599 625
f 594 600 598
f 601 594 599
f 594 602 600
f 594 603 602
f 619 620 594
f 620 617 594
f 596 621 622
f 597 596 622
f 612 613 594
f 613 614 594
f 614 609 594
f 615 616 594
f 645 630 627
f 631 645 629
f 645 632 630
f 633 645 631
f 645 634 632
f 635 634 645
f 638 636 645
f 636 635 645
f 644 641 645
f 641 638 645
f 643 644 645
f 639 640 645
f 594 595 596
f 597 594 596
f 594 598 595
f 599 594 597
f 640 642 645
f 642 643 645
f 633 637 645
f 637 639 645
f 614 643 642
f 609 614 642
f 616 615 641
f 644 616 641
f 614 613 643
f 612 616 644
f 612 644 643
f 613 612 643
f 621 645 622
f 645 623 622
f 624 645 621
f 645 625 623
f 611 610 639
f 610 640 639
f 618 617 638
f 608 611 637
f 611 639 637
f 638 617 636
f 617 620 636
f 605 608 633
f 608 637 633
f 636 620 635
f 620 619 635
f 635 619 634
f 629 645 628
f 628 645 626
f 645 627 625
f 626 645 624
f 641 618 638
f 609 642 640
f 610 609 640
f 615 618 641
f 627 601 625
f 600 628 626
f 598 600 626
f 602 629 628
f 600 602 628
f 604 601 627
f 630 604 627
f 602 603 629
f 603 631 629
f 606 604 630
f 632 606 630
f 605 633 631
f 611 608 594
f 610 611 594
f 609 610 594
f 608 605 594
f 607 594 606
f 606 594 604
f 594 605 603
f 604 594 601
f 686 688 697
f 684 686 697
f 691 693 697
f 688 691 697
f 682 680 656
f 678 681 655
f 656 680 654
f 680 679 654
f 678 655 652
f 654 679 653
f 679 677 653
f 676 678 652
f 677 697 674
f 679 697 677
f 697 681 678
f 680 697 679
f 695 693 663
f 662 695 663
f 694 666 665
f 696 662 666
f 688 686 660
f 661 688 660
f 687 689 667
f 690 668 667
f 689 690 667
f 691 688 661
f 664 691 661
f 692 665 668
f 676 652 650
f 675 676 650
f 677 674 651
f 653 677 651
f 681 683 658
f 659 682 657
f 681 658 655
f 657 682 656
f 658 669 646
f 670 667 646
f 669 670 646
f 668 665 646
f 667 668 646
f 666 662 646
f 665 666 646
f 664 661 646
f 683 685 669
f 686 684 660
f 687 667 670
f 685 687 670
f 649 673 647
f 673 671 647
f 647 671 648
f 671 672 648
f 672 650 648
f 674 673 649
f 651 674 649
f 672 675 650
f 697 675 672
f 674 697 673
f 697 676 675
f 697 678 676
f 684 682 659
f 683 669 658
f 660 684 659
f 685 670 669
f 663 664 646
f 662 663 646
f 661 660 646
f 660 659 646
f 696 694 697
f 694 692 697
f 693 695 697
f 695 696 697
f 682 697 680
f 697 683 681
f 684 697 682
f 687 685 697
f 685 683 697
f 692 690 697
f 690 689 697
f 689 687 697
f 690 692 668
f 693 691 664
f 663 693 664
f 692 694 665
f 646 651 649
f 650 646 648
f 646 649 647
f 646 647 648
f 655 646 652
f 646 654 653
f 646 653 651
f 652 646 650
f 646 656 654
f 646 657 656
f 658 646 655
f 646 659 657
f 694 696 666
f 696 695 662
f 671 697 672
f 673 697 671
f 746 744 749
f 739 736 749
f 740 739 749
f 742 740 749
f 741 743 749
f 743 745 749
f 738 741 749
f 737 738 749
f 749 725 724
f 716 719 748
f 717 716 747
f 716 748 747
f 749 730 728
f 749 731 730
f 732 749 729
f 749 733 731
f 748 746 749
f 747 748 749
f 745 747 749
f 744 742 749
f 736 709 733
f 708 710 734
f 710 735 734
f 705 708 732
f 720 723 739
f 739 723 736
f 711 713 738
f 723 712 736
f 699 708 705
f 709 699 707
f 699 710 708
f 699 711 710
f 706 704 728
f 701 703 726
f 703 729 726
f 728 704 727
f 731 707 730
f 707 706 730
f 703 705 729
f 730 706 728
f 711 738 737
f 712 709 736
f 710 711 735
f 711 737 735
f 748 719 746
f 714 717 745
f 717 747 745
f 746 719 744
f 719 718 744
f 714 745 743
f 718 722 744
f 715 714 743
f 744 722 742
f 722 721 742
f 713 715 741
f 715 743 741
f 708 734 732
f 733 709 731
f 709 707 731
f 705 732 729
f 740 720 739
f 713 741 738
f 721 720 740
f 742 721 740
f 737 749 735
f 749 736 733
f 735 749 734
f 734 749 732
f 729 749 726
f 749 728 727
f 749 727 725
f 726 749 724
f 720 721 699
f 721 722 699
f 722 718 699
f 712 723 699
f 698 699 700
f 699 701 700
f 702 699 698
f 699 703 701
f 704 699 702
f 699 705 703
f 706 699 704
f 707 699 706
f 719 716 699
f 718 719 699
f 717 714 699
f 716 717 699
f 715 713 699
f 714 715 699
f 713 711 699
f 712 699 709
f 704 702 727
f 700 701 726
f 727 702 725
f 702 698 725
f 700 726 724
f 725 698 724
f 698 700 724
f 723 720 699
f 797 799 769
f 799 770 769
f 797 769 773
f 767 798 768
f 785 801 784
f 787 801 785
f 801 789 786
f 788 801 787
f 800 799 801
f 799 797 801
f 798 800 801
f 793 794 801
f 792 790 801
f 790 789 801
f 797 795 801
f 795 792 801
f 777 801 776
f 779 801 777
f 801 780 778
f 801 782 780
f 801 778 776
f 799 800 770
f 770 800 767
f 800 798 767
f 794 796 801
f 796 798 801
f 788 791 801
f 791 793 801
f 786 789 763
f 789 774 763
f 764 788 762
f 788 787 762
f 786 763 760
f 762 787 761
f 787 785 761
f 783 786 760
f 761 785 759
f 785 784 759
f 783 760 758
f 759 784 757
f 784 781 757
f 782 783 758
f 780 782 756
f 782 758 756
f 798 796 768
f 795 797 772
f 797 773 772
f 768 796 765
f 796 794 765
f 792 795 771
f 795 772 771
f 765 794 766
f 794 793 766
f 792 771 775
f 793 791 766
f 790 792 775
f 755 751 750
f 751 754 753
f 751 753 752
f 750 751 752
f 771 772 751
f 770 767 751
f 769 770 751
f 768 765 751
f 767 768 751
f 766 764 751
f 765 766 751
f 751 764 762
f 763 751 760
f 751 762 761
f 751 761 759
f 760 751 758
f 751 759 757
f 758 751 756
f 751 757 754
f 756 751 755
f 757 781 754
f 781 779 754
f 778 780 755
f 780 756 755
f 778 755 750
f 754 779 753
f 779 777 753
f 776 778 750
f 753 777 752
f 777 776 752
f 776 750 752
f 763 774 751
f 775 771 751
f 774 775 751
f 773 769 751
f 772 773 751
f 801 786 783
f 784 801 781
f 801 783 782
f 781 801 779
f 766 791 764
f 791 788 764
f 789 790 774
f 790 775 774
f 824 821 802
f 815 825 802
f 825 826 802
f 826 822 802
f 825 815 838
f 840 825 838
f 814 816 839
f 826 825 840
f 806 805 829
f 830 806 829
f 803 831 827
f 807 832 831
f 803 807 831
f 809 806 830
f 833 809 830
f 808 834 832
f 807 808 832
f 811 809 833
f 835 811 833
f 808 810 834
f 804 827 828
f 805 804 828
f 829 805 828
f 804 803 827
f 820 817 802
f 821 819 802
f 822 823 802
f 823 824 802
f 836 839 853
f 842 844 853
f 839 842 853
f 848 850 853
f 853 838 837
f 840 838 853
f 845 843 853
f 843 841 853
f 841 840 853
f 849 847 853
f 847 845 853
f 850 851 853
f 851 852 853
f 852 849 853
f 844 846 853
f 846 848 853
f 802 803 804
f 805 802 804
f 806 802 805
f 802 807 803
f 802 808 807
f 809 802 806
f 802 810 808
f 811 802 809
f 802 812 810
f 813 802 811
f 802 814 812
f 815 802 813
f 816 814 802
f 817 818 802
f 818 816 802
f 819 820 802
f 853 837 835
f 836 853 834
f 853 835 833
f 834 853 832
f 841 826 840
f 816 842 839
f 822 826 841
f 843 822 841
f 818 844 842
f 816 818 842
f 823 822 843
f 845 823 843
f 818 846 844
f 824 823 845
f 847 824 845
f 817 848 846
f 818 817 846
f 821 824 847
f 849 821 847
f 817 850 848
f 820 851 850
f 817 820 850
f 819 821 849
f 852 819 849
f 819 852 851
f 820 819 851
f 827 853 828
f 853 829 828
f 853 830 829
f 831 853 827
f 832 853 831
f 853 833 830
f 814 839 836
f 838 815 837
f 812 814 836
f 837 815 835
f 815 813 835
f 813 811 835
f 810 812 834
f 812 836 834
f 894 895 905
f 893 894 905
f 891 893 905
f 897 900 905
f 895 897 905
f 904 903 905
f 902 904 905
f 900 902 905
f 905 890 888
f 905 888 887
f 886 905 883
f 905 887 885
f 905 885 884
f 883 905 882
f 905 884 881
f 882 905 880
f 896 898 875
f 872 897 868
f 899 877 876
f 898 899 876
f 900 897 872
f 871 900 872
f 901 873 877
f 899 901 877
f 901 899 905
f 903 901 905
f 896 892 905
f 898 896 905
f 899 898 905
f 891 905 889
f 905 892 890
f 889 905 886
f 884 860 858
f 881 884 858
f 884 885 860
f 886 883 859
f 859 883 857
f 883 882 857
f 881 858 856
f 857 882 855
f 868 895 869
f 895 894 869
f 892 879 878
f 869 894 867
f 898 876 875
f 897 895 868
f 892 896 879
f 896 875 879
f 890 892 865
f 893 891 866
f 867 893 866
f 894 893 867
f 892 878 865
f 866 891 864
f 891 889 864
f 888 890 863
f 874 904 870
f 903 874 873
f 903 904 874
f 880 905 881
f 867 866 854
f 854 866 864
f 865 854 863
f 854 864 861
f 860 854 858
f 854 861 859
f 862 854 860
f 863 854 862
f 854 859 857
f 858 854 856
f 854 857 855
f 854 855 856
f 879 875 854
f 878 879 854
f 877 873 854
f 876 877 854
f 882 880 855
f 855 880 856
f 880 881 856
f 865 878 854
f 871 872 854
f 870 871 854
f 869 867 854
f 868 869 854
f 890 865 863
f 889 886 864
f 887 888 863
f 864 886 861
f 887 863 862
f 885 887 860
f 887 862 860
f 861 886 859
f 875 876 854
f 874 870 854
f 873 874 854
f 872 868 854
f 902 900 871
f 870 902 871
f 901 903 873
f 904 902 870
f 917 918 942
f 920 919 943
f 945 920 943
f 918 946 944
f 920 931 907
f 930 927 907
f 929 930 907
f 928 925 907
f 947 920 945
f 922 948 946
f 918 922 946
f 931 920 947
f 910 937 935
f 908 910 935
f 913 911 936
f 938 913 936
f 912 939 937
f 910 912 937
f 915 913 938
f 940 915 938
f 916 907 915
f 907 917 914
f 907 918 917
f 919 907 916
f 927 928 907
f 926 923 907
f 925 926 907
f 924 921 907
f 915 907 913
f 907 914 912
f 913 907 911
f 907 912 910
f 911 907 909
f 907 910 908
f 909 907 906
f 906 907 908
f 922 921 948
f 929 931 947
f 949 929 947
f 921 950 948
f 924 951 950
f 921 924 950
f 930 929 949
f 952 930 949
f 952 949 957
f 954 956 957
f 956 955 957
f 950 951 957
f 951 954 957
f 946 948 957
f 948 950 957
f 944 946 957
f 925 955 956
f 926 925 956
f 925 928 955
f 957 933 932
f 957 934 933
f 935 957 932
f 957 936 934
f 937 957 935
f 957 945 943
f 944 957 942
f 957 943 941
f 942 957 939
f 957 941 940
f 957 940 938
f 939 957 937
f 957 938 936
f 931 929 907
f 906 908 932
f 933 906 932
f 909 906 933
f 934 909 933
f 908 935 932
f 911 909 934
f 936 911 934
f 924 923 951
f 927 930 952
f 953 927 952
f 923 954 951
f 928 927 953
f 955 928 953
f 926 956 954
f 923 926 954
f 912 914 939
f 916 915 940
f 941 916 940
f 914 942 939
f 943 916 941
f 914 917 942
f 919 916 943
f 918 944 942
f 923 924 907
f 922 918 907
f 921 922 907
f 920 907 919
f 953 952 957
f 955 953 957
f 949 947 957
f 947 945 957
f 998 1009 997
f 1003 1001 1009
f 1001 996 1009
f 1006 1005 1009
f 963 958 962
f 962 958 961
f 961 958 960
f 958 959 960
f 972 999 998
f 971 972 998
f 985 973 996
f 975 1000 999
f 1005 1003 1009
f 1007 1008 1009
f 1008 1006 1009
f 1002 1004 1009
f 1004 1007 1009
f 999 1000 1009
f 1000 1002 1009
f 998 999 1009
f 980 984 1005
f 1006 980 1005
f 976 1007 1004
f 981 980 1006
f 966 963 989
f 991 966 989
f 965 992 990
f 964 965 990
f 979 1008 1007
f 976 979 1007
f 978 981 1006
f 1008 978 1006
f 979 978 1008
f 986 1009 987
f 1009 988 987
f 1009 989 988
f 990 1009 986
f 1009 991 989
f 992 1009 990
f 1009 993 991
f 980 981 958
f 981 978 958
f 982 983 958
f 983 984 958
f 972 975 999
f 1001 985 996
f 975 974 1000
f 982 985 1001
f 974 1002 1000
f 983 982 1001
f 1003 983 1001
f 977 1004 1002
f 974 977 1002
f 984 983 1003
f 1005 984 1003
f 977 976 1004
f 968 966 991
f 993 968 991
f 967 994 992
f 965 967 992
f 969 995 994
f 967 969 994
f 996 968 993
f 970 997 995
f 969 970 995
f 971 998 997
f 970 971 997
f 973 968 996
f 984 980 958
f 973 985 958
f 985 982 958
f 960 986 987
f 961 960 987
f 962 961 987
f 988 962 987
f 960 959 986
f 963 962 988
f 989 963 988
f 959 990 986
f 959 964 990
f 958 964 959
f 958 965 964
f 966 958 963
f 958 967 965
f 994 1009 992
f 995 1009 994
f 1009 996 993
f 997 1009 995
f 968 958 966
f 958 969 967
f 958 970 969
f 958 971 970
f 958 972 971
f 973 958 968
f 974 975 958
f 975 972 958
f 976 977 958
f 977 974 958
f 978 979 958
f 979 976 958
f 1019 1011 1017
f 1011 1018 1015
f 1017 1011 1016
f 1016 1011 1014
f 1038 1037 1012
f 1037 1010 1012
f 1021 1036 1011
f 1036 1034 1011
f 1035 1031 1011
f 1034 1035 1011
f 1033 1029 1011
f 1032 1033 1011
f 1027 1028 1011
f 1026 1027 1011
f 1025 1024 1011
f 1011 1024 1023
f 1061 1042 1041
f 1061 1044 1042
f 1043 1061 1040
f 1061 1045 1044
f 1052 1053 1061
f 1051 1052 1061
f 1049 1051 1061
f 1056 1058 1061
f 1058 1056 1030
f 1055 1057 1034
f 1057 1035 1034
f 1030 1056 1026
f 1054 1056 1061
f 1053 1054 1061
f 1058 1060 1061
f 1059 1057 1061
f 1056 1054 1026
f 1050 1055 1034
f 1026 1054 1027
f 1054 1053 1027
f 1015 1040 1013
f 1041 1016 1014
f 1039 1041 1014
f 1042 1017 1016
f 1060 1058 1029
f 1033 1060 1029
f 1060 1033 1032
f 1059 1060 1032
f 1029 1058 1030
f 1057 1031 1035
f 1059 1032 1031
f 1057 1059 1031
f 1040 1061 1038
f 1061 1041 1039
f 1038 1061 1037
f 1061 1039 1037
f 1023 1048 1022
f 1049 1048 1023
f 1024 1049 1023
f 1050 1036 1021
f 1061 1050 1047
f 1048 1061 1046
f 1061 1047 1045
f 1046 1061 1043
f 1011 1020 1018
f 1021 1011 1019
f 1011 1022 1020
f 1011 1023 1022
f 1040 1038 1013
f 1037 1039 1010
f 1039 1014 1010
f 1013 1038 1012
f 1010 1011 1012
f 1011 1013 1012
f 1014 1011 1010
f 1011 1015 1013
f 1042 1044 1017
f 1020 1043 1018
f 1044 1045 1019
f 1046 1043 1020
f 1041 1042 1016
f 1043 1040 1015
f 1018 1043 1015
f 1044 1019 1017
f 1028 1025 1011
f 1029 1030 1011
f 1030 1026 1011
f 1031 1032 1011
f 1047 1050 1021
f 1051 1049 1024
f 1025 1051 1024
f 1052 1051 1025
f 1028 1052 1025
f 1053 1052 1028
f 1027 1053 1028
f 1050 1034 1036
f 1045 1021 1019
f 1022 1046 1020
f 1045 1047 1021
f 1048 1046 1022
f 1060 1059 1061
f 1055 1050 1061
f 1057 1055 1061
f 1049 1061 1048
f 1063 1072 1071
f 1073 1063 1070
f 1074 1063 1073
f 1063 1075 1072
f 1066 1093 1091
f 1064 1066 1091
f 1068 1094 1093
f 1066 1068 1093
f 1068 1069 1094
f 1069 1096 1094
f 1095 1070 1092
f 1070 1067 1092
f 1076 1104 1102
f 1087 1077 1103
f 1103 1077 1101
f 1075 1076 1102
f 1077 1074 1101
f 1072 1075 1100
f 1075 1102 1100
f 1101 1074 1099
f 1080 1076 1063
f 1081 1082 1063
f 1082 1078 1063
f 1083 1084 1063
f 1065 1062 1089
f 1089 1062 1088
f 1062 1064 1088
f 1087 1085 1063
f 1063 1071 1069
f 1070 1063 1067
f 1063 1069 1068
f 1063 1068 1066
f 1067 1063 1065
f 1063 1066 1064
f 1065 1063 1062
f 1062 1063 1064
f 1108 1086 1105
f 1086 1085 1105
f 1080 1079 1106
f 1079 1107 1106
f 1112 1110 1113
f 1105 1103 1113
f 1103 1101 1113
f 1102 1113 1100
f 1107 1109 1113
f 1109 1111 1113
f 1102 1104 1113
f 1104 1106 1113
f 1113 1090 1089
f 1091 1113 1088
f 1113 1092 1090
f 1093 1113 1091
f 1072 1100 1098
f 1099 1074 1097
f 1074 1073 1097
f 1071 1072 1098
f 1113 1089 1088
f 1081 1084 1112
f 1081 1112 1111
f 1082 1081 1111
f 1085 1087 1103
f 1105 1085 1103
f 1080 1106 1104
f 1076 1080 1104
f 1090 1065 1089
f 1064 1091 1088
f 1067 1065 1090
f 1092 1067 1090
f 1094 1113 1093
f 1113 1095 1092
f 1096 1113 1094
f 1113 1097 1095
f 1098 1113 1096
f 1113 1099 1097
f 1100 1113 1098
f 1113 1101 1099
f 1078 1109 1107
f 1079 1078 1107
f 1083 1086 1108
f 1110 1083 1108
f 1082 1111 1109
f 1078 1082 1109
f 1084 1083 1110
f 1112 1084 1110
f 1079 1080 1063
f 1078 1079 1063
f 1077 1063 1074
f 1063 1076 1075
f 1073 1070 1097
f 1069 1071 1096
f 1071 1098 1096
f 1097 1070 1095
f 1084 1081 1063
f 1085 1086 1063
f 1086 1083 1063
f 1077 1087 1063
f 1110 1108 1113
f 1108 1105 1113
f 1111 1112 1113
f 1106 1107 1113
f 1157 1159 1165
f 1162 1164 1165
f 1163 1161 1165
f 1164 1163 1165
f 1156 1158 1139
f 1158 1136 1139
f 1157 1155 1130
f 1130 1155 1128
f 1152 1165 1150
f 1165 1153 1151
f 1150 1165 1148
f 1165 1151 1149
f 1148 1165 1145
f 1165 1149 1147
f 1165 1147 1146
f 1145 1165 1143
f 1135 1164 1131
f 1164 1135 1134
f 1163 1164 1134
f 1165 1142 1140
f 1155 1157 1165
f 1152 1155 1165
f 1160 1162 1165
f 1159 1160 1165
f 1158 1156 1165
f 1161 1158 1165
f 1156 1154 1165
f 1165 1154 1153
f 1151 1125 1122
f 1149 1151 1122
f 1152 1150 1124
f 1126 1152 1124
f 1153 1127 1125
f 1151 1153 1125
f 1128 1152 1126
f 1154 1138 1127
f 1153 1154 1127
f 1155 1152 1128
f 1156 1139 1138
f 1154 1156 1138
f 1127 1138 1115
f 1140 1114 1116
f 1141 1140 1116
f 1117 1141 1116
f 1159 1157 1130
f 1129 1159 1130
f 1158 1137 1136
f 1160 1159 1129
f 1132 1160 1129
f 1158 1161 1137
f 1162 1160 1132
f 1131 1162 1132
f 1161 1133 1137
f 1163 1134 1133
f 1161 1163 1133
f 1164 1162 1131
f 1114 1115 1116
f 1115 1117 1116
f 1115 1118 1117
f 1119 1115 1114
f 1115 1120 1118
f 1121 1115 1119
f 1122 1115 1121
f 1115 1123 1120
f 1115 1128 1126
f 1129 1130 1115
f 1130 1128 1115
f 1131 1132 1115
f 1132 1129 1115
f 1133 1134 1115
f 1134 1135 1115
f 1135 1131 1115
f 1136 1137 1115
f 1137 1133 1115
f 1138 1139 1115
f 1139 1136 1115
f 1140 1142 1114
f 1143 1141 1117
f 1118 1143 1117
f 1142 1119 1114
f 1142 1144 1119
f 1145 1143 1118
f 1120 1145 1118
f 1146 1121 1119
f 1144 1146 1119
f 1147 1122 1121
f 1146 1147 1121
f 1148 1145 1120
f 1115 1124 1123
f 1125 1115 1122
f 1115 1126 1124
f 1127 1115 1125
f 1141 1165 1140
f 1143 1165 1141
f 1165 1144 1142
f 1165 1146 1144
f 1123 1148 1120
f 1147 1149 1122
f 1150 1148 1123
f 1124 1150 1123
f 1191 1189 1166
f 1169 1168 1192
f 1193 1169 1192
f 1170 1169 1193
f 1166 1171 1167
f 1170 1166 1169
f 1169 1166 1168
f 1166 1167 1168
f 1183 1184 1166
f 1182 1183 1166
f 1181 1179 1166
f 1180 1166 1177
f 1176 1202 1200
f 1201 1177 1199
f 1177 1175 1199
f 1173 1174 1198
f 1175 1166 1172
f 1166 1174 1173
f 1166 1173 1171
f 1172 1166 1170
f 1187 1188 1166
f 1186 1182 1166
f 1185 1186 1166
f 1184 1181 1166
f 1166 1179 1178
f 1166 1178 1176
f 1177 1166 1175
f 1166 1176 1174
f 1212 1209 1217
f 1215 1216 1217
f 1210 1211 1217
f 1211 1213 1217
f 1213 1215 1217
f 1203 1207 1217
f 1207 1208 1217
f 1208 1210 1217
f 1186 1215 1213
f 1182 1186 1213
f 1188 1187 1214
f 1216 1188 1214
f 1202 1217 1200
f 1203 1217 1202
f 1217 1204 1201
f 1217 1205 1204
f 1217 1194 1193
f 1195 1217 1192
f 1217 1196 1194
f 1197 1217 1195
f 1198 1217 1197
f 1217 1199 1196
f 1200 1217 1198
f 1217 1201 1199
f 1181 1207 1203
f 1179 1181 1203
f 1191 1180 1206
f 1181 1208 1207
f 1206 1205 1217
f 1209 1206 1217
f 1216 1214 1217
f 1214 1212 1217
f 1183 1211 1210
f 1184 1183 1210
f 1190 1189 1209
f 1212 1190 1209
f 1182 1213 1211
f 1183 1182 1211
f 1187 1190 1212
f 1214 1187 1212
f 1171 1173 1197
f 1175 1172 1196
f 1199 1175 1196
f 1174 1200 1198
f 1186 1185 1215
f 1185 1216 1215
f 1185 1188 1216
f 1217 1193 1192
f 1174 1176 1200
f 1178 1203 1202
f 1176 1178 1202
f 1204 1177 1201
f 1178 1179 1203
f 1180 1177 1204
f 1205 1180 1204
f 1206 1180 1205
f 1188 1185 1166
f 1189 1190 1166
f 1190 1187 1166
f 1180 1191 1166
f 1189 1191 1206
f 1209 1189 1206
f 1184 1210 1208
f 1181 1184 1208
f 1194 1170 1193
f 1167 1195 1192
f 1168 1167 1192
f 1172 1170 1194
f 1196 1172 1194
f 1171 1197 1195
f 1167 1171 1195
f 1173 1198 1197
f 1259 1260 1269
f 1257 1259 1269
f 1256 1257 1269
f 1264 1266 1269
f 1232 1257 1231
f 1257 1256 1231
f 1255 1242 1229
f 1231 1256 1230
f 1269 1246 1244
f 1267 1268 1238
f 1238 1268 1236
f 1268 1266 1236
f 1248 1251 1226
f 1227 1250 1225
f 1250 1249 1225
f 1248 1226 1224
f 1266 1264 1233
f 1263 1265 1240
f 1265 1241 1240
f 1264 1262 1233
f 1236 1233 1219
f 1237 1238 1219
f 1238 1236 1219
f 1239 1240 1219
f 1248 1224 1223
f 1246 1248 1223
f 1249 1247 1222
f 1225 1249 1222
f 1262 1260 1234
f 1233 1262 1234
f 1263 1240 1239
f 1261 1263 1239
f 1249 1269 1247
f 1269 1248 1246
f 1247 1269 1245
f 1245 1269 1244
f 1258 1261 1243
f 1261 1239 1243
f 1234 1260 1235
f 1260 1259 1235
f 1236 1266 1233
f 1265 1237 1241
f 1267 1238 1237
f 1265 1267 1237
f 1229 1242 1219
f 1244 1218 1220
f 1245 1244 1220
f 1221 1245 1220
f 1244 1246 1218
f 1247 1245 1221
f 1222 1247 1221
f 1246 1223 1218
f 1251 1252 1226
f 1253 1250 1227
f 1228 1253 1227
f 1252 1229 1226
f 1254 1253 1228
f 1230 1254 1228
f 1252 1255 1229
f 1256 1254 1230
f 1255 1258 1242
f 1259 1257 1232
f 1235 1259 1232
f 1258 1243 1242
f 1269 1255 1252
f 1254 1269 1253
f 1256 1269 1254
f 1258 1255 1269
f 1265 1263 1269
f 1263 1261 1269
f 1261 1258 1269
f 1268 1267 1269
f 1219 1227 1225
f 1226 1219 1224
f 1219 1225 1222
f 1224 1219 1223
f 1223 1219 1218
f 1219 1222 1221
f 1219 1221 1220
f 1218 1219 1220
f 1219 1228 1227
f 1229 1219 1226
f 1219 1230 1228
f 1219 1231 1230
f 1232 1231 1219
f 1233 1234 1219
f 1234 1235 1219
f 1235 1232 1219
f 1267 1265 1269
f 1266 1268 1269
f 1260 1262 1269
f 1262 1264 1269
f 1269 1251 1248
f 1250 1269 1249
f 1269 1252 1251
f 1253 1269 1250
f 1240 1241 1219
f 1241 1237 1219
f 1242 1243 1219
f 1243 1239 1219
f 1321 1310 1308
f 1312 1310 1321
f 1315 1314 1321
f 1314 1312 1321
f 1270 1284 1281
f 1270 1285 1284
f 1286 1270 1283
f 1287 1288 1270
f 1312 1286 1310
f 1284 1285 1309
f 1285 1311 1309
f 1286 1283 1310
f 1287 1290 1318
f 1290 1320 1318
f 1319 1292 1317
f 1292 1291 1317
f 1281 1284 1309
f 1310 1283 1308
f 1283 1282 1308
f 1278 1281 1307
f 1281 1309 1307
f 1308 1282 1306
f 1282 1280 1306
f 1278 1307 1305
f 1306 1280 1304
f 1280 1279 1304
f 1276 1278 1302
f 1278 1305 1302
f 1277 1275 1301
f 1271 1274 1300
f 1274 1302 1300
f 1301 1275 1299
f 1304 1279 1303
f 1279 1277 1303
f 1274 1276 1302
f 1303 1277 1301
f 1270 1276 1274
f 1277 1270 1275
f 1270 1278 1276
f 1279 1270 1277
f 1283 1270 1282
f 1282 1270 1280
f 1270 1281 1278
f 1280 1270 1279
f 1270 1271 1272
f 1273 1270 1272
f 1270 1274 1271
f 1275 1270 1273
f 1287 1318 1316
f 1317 1291 1315
f 1291 1295 1315
f 1288 1287 1316
f 1288 1316 1313
f 1315 1295 1314
f 1295 1294 1314
f 1285 1288 1313
f 1314 1294 1312
f 1294 1296 1312
f 1285 1313 1311
f 1296 1286 1312
f 1309 1321 1307
f 1321 1308 1306
f 1307 1321 1305
f 1321 1306 1304
f 1305 1321 1302
f 1321 1304 1303
f 1321 1303 1301
f 1302 1321 1300
f 1321 1301 1299
f 1300 1321 1297
f 1297 1321 1298
f 1321 1299 1298
f 1289 1293 1319
f 1290 1289 1320
f 1289 1319 1320
f 1293 1292 1319
f 1309 1311 1321
f 1311 1313 1321
f 1316 1318 1321
f 1313 1316 1321
f 1320 1319 1321
f 1318 1320 1321
f 1317 1315 1321
f 1319 1317 1321
f 1288 1285 1270
f 1289 1290 1270
f 1290 1287 1270
f 1291 1292 1270
f 1292 1293 1270
f 1293 1289 1270
f 1294 1295 1270
f 1295 1291 1270
f 1275 1273 1299
f 1272 1271 1297
f 1271 1300 1297
f 1299 1273 1298
f 1273 1272 1298
f 1272 1297 1298
f 1296 1294 1270
f 1286 1296 1270
f 1340 1342 1370
f 1342 1372 1370
f 1371 1344 1369
f 1344 1343 1369
f 1358 1373 1356
f 1359 1373 1358
f 1373 1360 1357
f 1361 1373 1359
f 1371 1369 1373
f 1369 1367 1373
f 1370 1372 1373
f 1372 1371 1373
f 1362 1373 1361
f 1364 1360 1373
f 1367 1366 1373
f 1366 1364 1373
f 1373 1351 1350
f 1349 1373 1350
f 1373 1352 1351
f 1353 1373 1349
f 1341 1345 1372
f 1342 1341 1372
f 1372 1345 1371
f 1345 1344 1371
f 1365 1368 1373
f 1368 1370 1373
f 1363 1365 1373
f 1362 1363 1373
f 1334 1335 1361
f 1335 1362 1361
f 1336 1333 1360
f 1332 1334 1359
f 1334 1361 1359
f 1360 1333 1357
f 1329 1332 1358
f 1332 1359 1358
f 1333 1331 1357
f 1329 1358 1356
f 1357 1331 1355
f 1331 1330 1355
f 1327 1329 1353
f 1329 1356 1353
f 1355 1330 1354
f 1330 1328 1354
f 1340 1370 1368
f 1338 1340 1368
f 1369 1343 1367
f 1343 1347 1367
f 1338 1368 1365
f 1367 1347 1366
f 1347 1346 1366
f 1366 1346 1364
f 1346 1348 1364
f 1339 1338 1363
f 1338 1365 1363
f 1348 1336 1364
f 1322 1327 1323
f 1326 1322 1325
f 1325 1322 1324
f 1322 1323 1324
f 1343 1344 1322
f 1342 1340 1322
f 1341 1342 1322
f 1340 1338 1322
f 1339 1337 1322
f 1338 1339 1322
f 1322 1337 1335
f 1336 1322 1333
f 1322 1335 1334
f 1322 1334 1332
f 1333 1322 1331
f 1322 1332 1329
f 1331 1322 1330
f 1330 1322 1328
f 1322 1329 1327
f 1328 1322 1326
f 1323 1327 1353
f 1354 1328 1352
f 1328 1326 1352
f 1323 1353 1349
f 1352 1326 1351
f 1326 1325 1351
f 1324 1323 1349
f 1351 1325 1350
f 1325 1324 1350
f 1324 1349 1350
f 1348 1346 1322
f 1336 1348 1322
f 1347 1343 1322
f 1346 1347 1322
f 1345 1341 1322
f 1344 1345 1322
f 1373 1357 1355
f 1356 1373 1353
f 1373 1355 1354
f 1373 1354 1352
f 1337 1339 1363
f 1364 1336 1360
f 1335 1337 1362
f 1337 1363 1362
f 1396 1397 1374
f 1397 1398 1374
f 1398 1395 1374
f 1399 1400 1374
f 1412 1411 1387
f 1388 1412 1387
f 1413 1399 1386
f 1410 1413 1386
f 1402 1401 1375
f 1378 1402 1375
f 1401 1403 1377
f 1404 1402 1378
f 1403 1379 1377
f 1380 1404 1378
f 1405 1381 1379
f 1403 1405 1379
f 1406 1404 1380
f 1382 1406 1380
f 1407 1383 1381
f 1405 1407 1381
f 1400 1396 1374
f 1386 1399 1374
f 1401 1377 1376
f 1375 1401 1376
f 1392 1389 1374
f 1393 1394 1374
f 1394 1390 1374
f 1395 1393 1374
f 1415 1416 1425
f 1414 1415 1425
f 1412 1414 1425
f 1416 1419 1425
f 1425 1410 1408
f 1411 1425 1409
f 1425 1413 1410
f 1412 1425 1411
f 1420 1418 1425
f 1418 1417 1425
f 1417 1413 1425
f 1423 1421 1425
f 1421 1420 1425
f 1419 1422 1425
f 1422 1424 1425
f 1424 1423 1425
f 1374 1375 1376
f 1377 1374 1376
f 1374 1378 1375
f 1379 1374 1377
f 1374 1380 1378
f 1381 1374 1379
f 1374 1382 1380
f 1383 1374 1381
f 1374 1384 1382
f 1385 1374 1383
f 1386 1374 1385
f 1374 1387 1384
f 1374 1388 1387
f 1389 1388 1374
f 1390 1391 1374
f 1391 1392 1374
f 1409 1425 1406
f 1425 1408 1407
f 1406 1425 1404
f 1425 1407 1405
f 1414 1412 1388
f 1389 1414 1388
f 1415 1414 1389
f 1392 1415 1389
f 1413 1400 1399
f 1416 1415 1392
f 1391 1416 1392
f 1417 1396 1400
f 1413 1417 1400
f 1390 1416 1391
f 1418 1397 1396
f 1417 1418 1396
f 1419 1416 1390
f 1420 1398 1397
f 1418 1420 1397
f 1394 1419 1390
f 1421 1395 1398
f 1420 1421 1398
f 1422 1419 1394
f 1393 1422 1394
f 1421 1423 1395
f 1424 1422 1393
f 1423 1393 1395
f 1423 1424 1393
f 1425 1403 1401
f 1402 1425 1401
f 1404 1425 1402
f 1425 1405 1403
f 1387 1411 1384
f 1411 1409 1384
f 1408 1410 1385
f 1410 1386 1385
f 1409 1406 1384
f 1407 1408 1383
f 1408 1385 1383
f 1384 1406 1382
f 1468 1469 1477
f 1466 1468 1477
f 1471 1473 1477
f 1469 1471 1477
f 1476 1475 1477
f 1473 1476 1477
f 1472 1470 1477
f 1474 1472 1477
f 1466 1477 1463
f 1467 1465 1477
f 1470 1467 1477
f 1475 1474 1477
f 1477 1461 1460
f 1477 1460 1457
f 1459 1477 1458
f 1458 1477 1456
f 1442 1445 1469
f 1444 1471 1469
f 1445 1444 1469
f 1451 1450 1470
f 1477 1457 1455
f 1456 1477 1453
f 1477 1455 1454
f 1477 1454 1453
f 1462 1477 1459
f 1463 1477 1462
f 1477 1464 1461
f 1477 1465 1464
f 1427 1431 1456
f 1431 1458 1456
f 1457 1432 1455
f 1432 1430 1455
f 1428 1427 1453
f 1427 1456 1453
f 1455 1430 1454
f 1430 1429 1454
f 1470 1450 1467
f 1450 1452 1467
f 1440 1442 1468
f 1442 1469 1468
f 1452 1441 1467
f 1440 1468 1466
f 1467 1441 1465
f 1439 1440 1466
f 1441 1438 1465
f 1437 1439 1463
f 1439 1466 1463
f 1465 1438 1464
f 1464 1438 1461
f 1438 1436 1461
f 1434 1437 1462
f 1437 1463 1462
f 1446 1449 1475
f 1446 1475 1476
f 1447 1446 1473
f 1446 1476 1473
f 1426 1439 1437
f 1438 1426 1436
f 1426 1437 1434
f 1436 1426 1435
f 1435 1426 1432
f 1426 1434 1433
f 1426 1433 1431
f 1432 1426 1430
f 1426 1431 1427
f 1430 1426 1429
f 1429 1426 1428
f 1426 1427 1428
f 1454 1429 1453
f 1429 1428 1453
f 1452 1450 1426
f 1441 1452 1426
f 1451 1448 1426
f 1450 1451 1426
f 1449 1446 1426
f 1448 1449 1426
f 1447 1443 1426
f 1446 1447 1426
f 1445 1442 1426
f 1444 1445 1426
f 1443 1444 1426
f 1442 1440 1426
f 1441 1426 1438
f 1426 1440 1439
f 1434 1462 1459
f 1461 1436 1460
f 1436 1435 1460
f 1433 1434 1459
f 1460 1435 1457
f 1435 1432 1457
f 1431 1433 1458
f 1433 1459 1458
f 1448 1451 1472
f 1444 1443 1471
f 1443 1473 1471
f 1472 1451 1470
f 1475 1449 1474
f 1449 1448 1474
f 1443 1447 1473
f 1474 1448 1472
f 1519 1492 1515
f 1491 1493 1518
f 1502 1492 1519
f 1493 1520 1518
f 1489 1490 1516
f 1492 1488 1515
f 1491 1518 1517
f 1490 1491 1517
f 1499 1496 1479
f 1498 1499 1479
f 1497 1494 1479
f 1496 1497 1479
f 1508 1484 1506
f 1481 1483 1507
f 1485 1484 1508
f 1509 1485 1508
f 1483 1510 1507
f 1487 1485 1509
f 1511 1487 1509
f 1486 1512 1510
f 1478 1480 1503
f 1504 1478 1503
f 1480 1505 1503
f 1482 1478 1504
f 1502 1500 1479
f 1492 1502 1479
f 1501 1498 1479
f 1500 1501 1479
f 1526 1524 1529
f 1521 1519 1529
f 1522 1521 1529
f 1519 1515 1529
f 1479 1483 1481
f 1482 1479 1478
f 1479 1481 1480
f 1478 1479 1480
f 1487 1479 1485
f 1479 1486 1483
f 1485 1479 1484
f 1484 1479 1482
f 1495 1523 1520
f 1493 1495 1520
f 1524 1501 1522
f 1495 1494 1523
f 1524 1522 1529
f 1525 1527 1529
f 1527 1528 1529
f 1528 1526 1529
f 1520 1523 1529
f 1523 1525 1529
f 1518 1520 1529
f 1517 1518 1529
f 1497 1496 1527
f 1496 1499 1528
f 1529 1504 1503
f 1505 1529 1503
f 1529 1506 1504
f 1507 1529 1505
f 1529 1508 1506
f 1529 1509 1508
f 1517 1529 1516
f 1516 1529 1514
f 1529 1515 1513
f 1514 1529 1512
f 1522 1501 1521
f 1501 1500 1521
f 1521 1500 1519
f 1500 1502 1519
f 1529 1513 1511
f 1512 1529 1510
f 1529 1511 1509
f 1510 1529 1507
f 1506 1482 1504
f 1481 1507 1505
f 1480 1481 1505
f 1484 1482 1506
f 1498 1501 1524
f 1494 1525 1523
f 1526 1498 1524
f 1497 1527 1525
f 1494 1497 1525
f 1499 1498 1526
f 1528 1499 1526
f 1496 1528 1527
f 1483 1486 1510
f 1488 1487 1511
f 1513 1488 1511
f 1486 1514 1512
f 1515 1488 1513
f 1489 1516 1514
f 1486 1489 1514
f 1490 1517 1516
f 1495 1493 1479
f 1494 1495 1479
f 1493 1491 1479
f 1492 1479 1488
f 1479 1491 1490
f 1479 1490 1489
f 1479 1489 1486
f 1488 1479 1487
f 1573 1546 1545
f 1578 1577 1548
f 1547 1578 1548
f 1572 1553 1546
f 1573 1572 1546
f 1579 1578 1547
f 1550 1579 1547
f 1572 1571 1553
f 1535 1531 1530
f 1531 1534 1533
f 1568 1543 1541
f 1566 1568 1541
f 1576 1579 1550
f 1549 1576 1550
f 1571 1551 1553
f 1575 1552 1551
f 1571 1575 1551
f 1574 1576 1549
f 1552 1574 1549
f 1575 1574 1552
f 1581 1573 1545
f 1577 1580 1548
f 1533 1557 1532
f 1556 1555 1530
f 1534 1557 1533
f 1555 1535 1530
f 1559 1557 1534
f 1555 1558 1535
f 1561 1559 1534
f 1536 1561 1534
f 1567 1565 1538
f 1540 1567 1538
f 1566 1541 1539
f 1564 1566 1539
f 1569 1567 1540
f 1542 1569 1540
f 1563 1561 1536
f 1538 1563 1536
f 1560 1562 1537
f 1565 1563 1538
f 1564 1539 1537
f 1562 1564 1537
f 1569 1554 1567
f 1554 1570 1568
f 1571 1572 1554
f 1572 1573 1554
f 1544 1569 1542
f 1570 1545 1543
f 1568 1570 1543
f 1580 1569 1544
f 1570 1581 1545
f 1548 1580 1544
f 1576 1574 1554
f 1577 1578 1554
f 1578 1579 1554
f 1579 1576 1554
f 1569 1580 1554
f 1580 1577 1554
f 1573 1581 1554
f 1581 1570 1554
f 1556 1530 1532
f 1557 1556 1532
f 1552 1549 1531
f 1546 1553 1531
f 1553 1551 1531
f 1554 1555 1556
f 1560 1537 1535
f 1558 1560 1535
f 1559 1554 1557
f 1554 1560 1558
f 1561 1554 1559
f 1554 1562 1560
f 1563 1554 1561
f 1554 1564 1562
f 1565 1554 1563
f 1554 1566 1564
f 1567 1554 1565
f 1554 1568 1566
f 1531 1536 1534
f 1537 1531 1535
f 1531 1538 1536
f 1539 1531 1537
f 1574 1575 1554
f 1575 1571 1554
f 1557 1554 1556
f 1554 1558 1555
f 1531 1540 1538
f 1541 1531 1539
f 1531 1542 1540
f 1543 1531 1541
f 1531 1544 1542
f 1545 1546 1531
f 1543 1545 1531
f 1547 1548 1531
f 1548 1544 1531
f 1549 1550 1531
f 1550 1547 1531
f 1551 1552 1531
f 1530 1531 1532
f 1531 1533 1532
f 1583 1591 1589
f 1590 1583 1587
f 1582 1584 1608
f 1607 1605 1583
f 1594 1607 1583
f 1606 1602 1583
f 1605 1606 1583
f 1604 1599 1583
f 1603 1604 1583
f 1602 1603 1583
f 1601 1596 1583
f 1600 1601 1583
f 1599 1600 1583
f 1598 1595 1583
f 1597 1598 1583
f 1596 1597 1583
f 1595 1593 1583
f 1594 1583 1592
f 1627 1628 1633
f 1625 1627 1633
f 1632 1631 1633
f 1630 1632 1633
f 1621 1623 1633
f 1628 1630 1633
f 1623 1625 1633
f 1619 1621 1633
f 1631 1629 1633
f 1629 1626 1633
f 1624 1605 1622
f 1598 1625 1623
f 1595 1598 1623
f 1626 1605 1624
f 1597 1627 1625
f 1598 1597 1625
f 1606 1605 1626
f 1596 1628 1627
f 1597 1596 1627
f 1602 1606 1626
f 1629 1602 1626
f 1601 1630 1628
f 1596 1601 1628
f 1603 1602 1629
f 1631 1603 1629
f 1600 1632 1630
f 1601 1600 1630
f 1604 1603 1631
f 1599 1631 1632
f 1600 1599 1632
f 1599 1604 1631
f 1633 1609 1608
f 1633 1610 1609
f 1611 1633 1608
f 1633 1612 1610
f 1613 1633 1611
f 1614 1633 1613
f 1633 1615 1612
f 1592 1583 1590
f 1583 1593 1591
f 1609 1582 1608
f 1585 1582 1609
f 1610 1585 1609
f 1584 1611 1608
f 1587 1585 1610
f 1612 1587 1610
f 1586 1613 1611
f 1584 1586 1611
f 1588 1614 1613
f 1586 1588 1613
f 1590 1587 1612
f 1615 1590 1612
f 1588 1589 1614
f 1616 1590 1615
f 1589 1617 1614
f 1592 1590 1616
f 1582 1583 1584
f 1585 1583 1582
f 1583 1586 1584
f 1587 1583 1585
f 1583 1588 1586
f 1583 1589 1588
f 1589 1591 1617
f 1618 1592 1616
f 1593 1619 1617
f 1591 1593 1617
f 1594 1592 1618
f 1620 1594 1618
f 1593 1621 1619
f 1622 1594 1620
f 1593 1595 1621
f 1607 1594 1622
f 1595 1623 1621
f 1605 1607 1622
f 1633 1620 1618
f 1622 1620 1633
f 1626 1624 1633
f 1624 1622 1633
f 1633 1616 1615
f 1617 1633 1614
f 1633 1618 1616
f 1619 1633 1617
f 1640 1666 1664
f 1665 1641 1662
f 1641 1638 1662
f 1635 1639 1663
f 1643 1634 1641
f 1634 1642 1640
f 1642 1667 1666
f 1639 1640 1664
f 1636 1635 1659
f 1661 1637 1660
f 1637 1636 1660
f 1636 1659 1660
f 1658 1654 1634
f 1657 1658 1634
f 1646 1675 1672
f 1674 1658 1673
f 1658 1657 1673
f 1673 1657 1671
f 1653 1651 1634
f 1652 1648 1634
f 1639 1664 1663
f 1635 1663 1659
f 1662 1638 1661
f 1638 1637 1661
f 1655 1656 1634
f 1654 1655 1634
f 1647 1657 1634
f 1656 1653 1634
f 1638 1634 1637
f 1634 1639 1635
f 1641 1634 1638
f 1634 1640 1639
f 1634 1635 1636
f 1637 1634 1636
f 1678 1680 1685
f 1677 1678 1685
f 1684 1683 1685
f 1682 1684 1685
f 1679 1676 1685
f 1681 1679 1685
f 1683 1681 1685
f 1674 1673 1685
f 1676 1674 1685
f 1673 1671 1685
f 1675 1677 1685
f 1669 1672 1685
f 1680 1682 1685
f 1672 1675 1685
f 1651 1653 1683
f 1684 1651 1683
f 1667 1685 1666
f 1666 1685 1664
f 1685 1665 1662
f 1664 1685 1663
f 1663 1685 1659
f 1685 1662 1661
f 1685 1661 1660
f 1659 1685 1660
f 1652 1651 1682
f 1651 1684 1682
f 1650 1677 1675
f 1646 1650 1675
f 1655 1654 1676
f 1649 1678 1677
f 1650 1649 1677
f 1656 1655 1676
f 1679 1656 1676
f 1648 1680 1678
f 1649 1648 1678
f 1653 1656 1679
f 1685 1668 1665
f 1669 1685 1667
f 1685 1670 1668
f 1685 1671 1670
f 1654 1658 1674
f 1676 1654 1674
f 1683 1653 1681
f 1648 1652 1682
f 1681 1653 1679
f 1648 1682 1680
f 1640 1642 1666
f 1643 1641 1665
f 1657 1647 1671
f 1644 1646 1669
f 1646 1672 1669
f 1671 1647 1670
f 1647 1645 1670
f 1670 1645 1668
f 1645 1643 1668
f 1642 1644 1667
f 1644 1669 1667
f 1668 1643 1665
f 1634 1644 1642
f 1645 1634 1643
f 1634 1646 1644
f 1647 1634 1645
f 1648 1649 1634
f 1649 1650 1634
f 1650 1646 1634
f 1651 1652 1634
f 1732 1709 1708
f 1705 1734 1706
f 1734 1733 1706
f 1728 1708 1711
f 1706 1733 1707
f 1733 1736 1707
f 1729 1728 1710
f 1728 1711 1710
f 1707 1736 1704
f 1736 1735 1704
f 1729 1710 1702
f 1729 1702 1701
f 1731 1734 1705
f 1732 1731 1709
f 1731 1705 1709
f 1728 1732 1708
f 1712 1720 1718
f 1719 1712 1717
f 1712 1718 1716
f 1717 1712 1715
f 1712 1716 1713
f 1715 1712 1714
f 1712 1713 1714
f 1711 1708 1686
f 1710 1711 1686
f 1702 1710 1686
f 1709 1705 1686
f 1708 1709 1686
f 1707 1704 1686
f 1706 1707 1686
f 1705 1706 1686
f 1704 1703 1686
f 1727 1737 1712
f 1736 1733 1712
f 1735 1736 1712
f 1734 1731 1712
f 1733 1734 1712
f 1732 1728 1712
f 1731 1732 1712
f 1729 1730 1712
f 1728 1729 1712
f 1727 1712 1726
f 1726 1712 1724
f 1712 1725 1723
f 1724 1712 1722
f 1712 1723 1720
f 1722 1712 1721
f 1721 1712 1719
f 1692 1719 1690
f 1719 1717 1690
f 1713 1716 1689
f 1716 1691 1689
f 1690 1717 1687
f 1717 1715 1687
f 1714 1713 1688
f 1713 1689 1688
f 1687 1715 1688
f 1715 1714 1688
f 1730 1725 1712
f 1737 1735 1712
f 1720 1696 1693
f 1695 1722 1694
f 1722 1721 1694
f 1718 1720 1693
f 1694 1721 1692
f 1721 1719 1692
f 1716 1718 1691
f 1718 1693 1691
f 1725 1730 1700
f 1730 1701 1700
f 1703 1727 1699
f 1725 1700 1698
f 1699 1727 1697
f 1727 1726 1697
f 1723 1725 1698
f 1726 1724 1697
f 1720 1723 1696
f 1723 1698 1696
f 1697 1724 1695
f 1724 1722 1695
f 1730 1729 1701
f 1704 1735 1703
f 1735 1737 1703
f 1737 1727 1703
f 1703 1699 1686
f 1698 1700 1686
f 1701 1702 1686
f 1700 1701 1686
f 1686 1699 1697
f 1698 1686 1696
f 1686 1697 1695
f 1696 1686 1693
f 1686 1695 1694
f 1686 1694 1692
f 1693 1686 1691
f 1686 1692 1690
f 1691 1686 1689
f 1686 1690 1687
f 1689 1686 1688
f 1686 1687 1688
f 1738 1739 1740
f 1741 1738 1740
f 1742 1738 1741
f 1738 1743 1739
f 1738 1744 1743
f 1745 1738 1742
f 1738 1746 1744
f 1747 1738 1745
f 1738 1748 1746
f 1749 1738 1747
f 1738 1750 1748
f 1738 1751 1750
f 1782 1784 1789
f 1784 1787 1789
f 1780 1782 1789
f 1779 1780 1789
f 1769 1789 1765
f 1789 1768 1767
f 1789 1767 1766
f 1765 1789 1766
f 1786 1785 1789
f 1785 1783 1789
f 1787 1788 1789
f 1788 1786 1789
f 1781 1777 1789
f 1783 1781 1789
f 1779 1789 1778
f 1778 1789 1776
f 1789 1777 1775
f 1776 1789 1774
f 1789 1775 1773
f 1774 1789 1772
f 1789 1770 1768
f 1789 1771 1770
f 1772 1789 1769
f 1789 1773 1771
f 1757 1784 1782
f 1783 1762 1781
f 1762 1761 1781
f 1761 1764 1781
f 1767 1741 1766
f 1740 1739 1765
f 1742 1741 1767
f 1768 1742 1767
f 1750 1778 1776
f 1748 1750 1776
f 1752 1749 1777
f 1751 1779 1778
f 1756 1759 1787
f 1758 1760 1786
f 1788 1758 1786
f 1759 1758 1788
f 1775 1749 1773
f 1748 1776 1774
f 1746 1748 1774
f 1777 1749 1775
f 1754 1757 1782
f 1763 1762 1783
f 1785 1763 1783
f 1757 1756 1784
f 1760 1763 1785
f 1786 1760 1785
f 1756 1787 1784
f 1759 1788 1787
f 1750 1751 1778
f 1753 1780 1779
f 1751 1753 1779
f 1764 1752 1777
f 1752 1764 1738
f 1764 1761 1738
f 1740 1765 1766
f 1741 1740 1766
f 1760 1758 1738
f 1761 1762 1738
f 1762 1763 1738
f 1763 1760 1738
f 1759 1756 1738
f 1758 1759 1738
f 1757 1754 1738
f 1756 1757 1738
f 1745 1742 1770
f 1739 1743 1769
f 1770 1742 1768
f 1739 1769 1765
f 1755 1753 1738
f 1754 1755 1738
f 1738 1753 1751
f 1752 1738 1749
f 1749 1747 1773
f 1744 1746 1772
f 1746 1774 1772
f 1773 1747 1771
f 1747 1745 1771
f 1743 1744 1769
f 1744 1772 1769
f 1771 1745 1770
f 1753 1755 1780
f 1781 1764 1777
f 1754 1782 1780
f 1755 1754 1780
f 1840 1841 1816
f 1829 1840 1816
f 1839 1836 1816
f 1838 1839 1816
f 1807 1815 1791
f 1814 1812 1791
f 1813 1814 1791
f 1812 1809 1791
f 1816 1821 1817
f 1816 1822 1821
f 1823 1816 1820
f 1816 1824 1822
f 1802 1805 1791
f 1806 1807 1791
f 1805 1806 1791
f 1791 1804 1803
f 1808 1804 1791
f 1809 1810 1791
f 1810 1811 1791
f 1811 1808 1791
f 1791 1799 1797
f 1798 1791 1796
f 1791 1797 1794
f 1796 1791 1795
f 1790 1791 1792
f 1791 1793 1792
f 1791 1794 1793
f 1795 1791 1790
f 1830 1805 1802
f 1804 1829 1803
f 1803 1829 1801
f 1829 1828 1801
f 1830 1833 1805
f 1841 1840 1808
f 1811 1841 1808
f 1837 1841 1811
f 1838 1837 1810
f 1832 1807 1806
f 1833 1832 1806
f 1810 1837 1811
f 1823 1820 1794
f 1817 1821 1795
f 1821 1796 1795
f 1817 1795 1790
f 1824 1800 1798
f 1822 1824 1798
f 1826 1823 1799
f 1824 1825 1800
f 1828 1826 1799
f 1801 1828 1799
f 1827 1802 1800
f 1825 1827 1800
f 1834 1835 1816
f 1835 1831 1816
f 1836 1834 1816
f 1837 1838 1816
f 1827 1830 1802
f 1840 1829 1804
f 1808 1840 1804
f 1833 1806 1805
f 1799 1823 1797
f 1821 1822 1796
f 1822 1798 1796
f 1797 1823 1794
f 1820 1816 1819
f 1819 1816 1818
f 1816 1817 1818
f 1815 1813 1791
f 1794 1820 1793
f 1820 1819 1793
f 1818 1817 1790
f 1793 1819 1792
f 1819 1818 1792
f 1818 1790 1792
f 1833 1830 1816
f 1841 1837 1816
f 1816 1825 1824
f 1826 1816 1823
f 1816 1827 1825
f 1828 1816 1826
f 1829 1816 1828
f 1816 1830 1827
f 1831 1832 1816
f 1832 1833 1816
f 1800 1791 1798
f 1791 1801 1799
f 1802 1791 1800
f 1791 1803 1801
f 1831 1835 1813
f 1834 1836 1812
f 1814 1834 1812
f 1835 1834 1814
f 1809 1838 1810
f 1832 1815 1807
f 1839 1838 1809
f 1832 1831 1815
f 1836 1839 1809
f 1812 1836 1809
f 1831 1813 1815
f 1835 1814 1813
f 1874 1893 1872
f 1893 1875 1873
f 1876 1893 1874
f 1893 1877 1875
f 1878 1893 1876
f 1879 1893 1878
f 1893 1880 1877
f 1893 1881 1880
f 1855 1842 1854
f 1854 1842 1852
f 1866 1862 1842
f 1855 1867 1842
f 1883 1881 1893
f 1886 1884 1893
f 1884 1883 1893
f 1892 1889 1893
f 1869 1893 1870
f 1893 1871 1870
f 1872 1893 1869
f 1893 1873 1871
f 1843 1872 1869
f 1844 1843 1869
f 1850 1878 1876
f 1848 1850 1876
f 1852 1849 1877
f 1850 1851 1878
f 1856 1853 1842
f 1857 1858 1842
f 1858 1859 1842
f 1859 1856 1842
f 1860 1861 1842
f 1861 1857 1842
f 1862 1863 1842
f 1863 1864 1842
f 1864 1860 1842
f 1865 1866 1842
f 1843 1848 1874
f 1877 1849 1875
f 1851 1879 1878
f 1854 1852 1877
f 1880 1854 1877
f 1851 1853 1879
f 1855 1854 1880
f 1881 1855 1880
f 1853 1882 1879
f 1867 1855 1881
f 1856 1885 1882
f 1865 1868 1884
f 1886 1865 1884
f 1859 1887 1885
f 1846 1845 1870
f 1871 1846 1870
f 1858 1857 1888
f 1862 1866 1889
f 1861 1891 1890
f 1857 1861 1890
f 1863 1862 1889
f 1892 1863 1889
f 1861 1860 1891
f 1864 1863 1892
f 1860 1892 1891
f 1860 1864 1892
f 1847 1846 1871
f 1873 1847 1871
f 1843 1874 1872
f 1849 1847 1873
f 1875 1849 1873
f 1848 1876 1874
f 1883 1867 1881
f 1853 1856 1882
f 1868 1867 1883
f 1884 1868 1883
f 1889 1866 1886
f 1857 1890 1888
f 1856 1859 1885
f 1866 1865 1886
f 1858 1888 1887
f 1859 1858 1887
f 1890 1891 1893
f 1882 1885 1893
f 1885 1887 1893
f 1879 1882 1893
f 1889 1886 1893
f 1891 1892 1893
f 1887 1888 1893
f 1888 1890 1893
f 1867 1868 1842
f 1868 1865 1842
f 1844 1869 1870
f 1845 1844 1870
f 1842 1843 1844
f 1845 1842 1844
f 1846 1842 1845
f 1847 1842 1846
f 1842 1848 1843
f 1849 1842 1847
f 1842 1850 1848
f 1842 1851 1850
f 1852 1842 1849
f 1842 1853 1851
f 1915 1916 1894
f 1914 1911 1894
f 1924 1926 1900
f 1926 1902 1900
f 1901 1925 1899
f 1925 1923 1899
f 1921 1924 1898
f 1924 1900 1898
f 1899 1923 1897
f 1923 1922 1897
f 1921 1898 1896
f 1897 1922 1895
f 1918 1919 1894
f 1909 1918 1894
f 1934 1932 1945
f 1936 1934 1945
f 1939 1938 1945
f 1938 1936 1945
f 1900 1894 1898
f 1894 1901 1899
f 1902 1894 1900
f 1894 1903 1901
f 1898 1894 1896
f 1894 1899 1897
f 1944 1943 1912
f 1920 1945 1921
f 1894 1895 1896
f 1894 1897 1895
f 1944 1912 1916
f 1942 1944 1916
f 1912 1913 1894
f 1913 1914 1894
f 1943 1941 1913
f 1939 1942 1915
f 1912 1943 1913
f 1942 1916 1915
f 1904 1929 1903
f 1928 1905 1902
f 1926 1928 1902
f 1929 1927 1903
f 1923 1945 1922
f 1945 1926 1924
f 1925 1945 1923
f 1945 1928 1926
f 1927 1945 1925
f 1929 1945 1927
f 1922 1945 1920
f 1945 1924 1921
f 1930 1945 1929
f 1945 1931 1928
f 1945 1932 1931
f 1933 1945 1930
f 1937 1935 1910
f 1911 1937 1910
f 1936 1919 1918
f 1934 1936 1918
f 1942 1939 1945
f 1944 1942 1945
f 1916 1912 1894
f 1917 1915 1894
f 1894 1904 1903
f 1905 1894 1902
f 1927 1925 1901
f 1903 1927 1901
f 1894 1907 1906
f 1894 1906 1904
f 1930 1929 1904
f 1906 1930 1904
f 1932 1908 1905
f 1931 1932 1905
f 1928 1931 1905
f 1907 1930 1906
f 1910 1933 1907
f 1934 1918 1909
f 1908 1894 1905
f 1909 1894 1908
f 1910 1907 1894
f 1911 1910 1894
f 1932 1909 1908
f 1933 1930 1907
f 1932 1934 1909
f 1935 1933 1910
f 1919 1917 1894
f 1920 1921 1896
f 1895 1920 1896
f 1922 1920 1895
f 1938 1917 1919
f 1936 1938 1919
f 1938 1939 1917
f 1940 1937 1911
f 1914 1940 1911
f 1939 1915 1917
f 1941 1940 1914
f 1913 1941 1914
f 1935 1937 1945
f 1933 1935 1945
f 1940 1941 1945
f 1937 1940 1945
f 1941 1943 1945
f 1943 1944 1945
f 1956 1958 1983
f 1958 1984 1983
f 1951 1954 1979
f 1954 1981 1979
f 1955 1947 1953
f 1947 1954 1951
f 1954 1956 1981
f 1956 1983 1981
f 1982 1957 1980
f 1957 1955 1980
f 1993 1967 1991
f 1967 1970 1991
f 1962 1992 1989
f 1991 1970 1990
f 1970 1969 1990
f 1990 1969 1988
f 1948 1949 1974
f 1949 1976 1974
f 1975 1950 1973
f 1950 1946 1973
f 1971 1969 1947
f 1948 1972 1973
f 1953 1947 1952
f 1952 1947 1950
f 1953 1952 1977
f 1949 1951 1976
f 1952 1950 1975
f 1977 1952 1975
f 1997 1982 1980
f 1983 1997 1981
f 1997 1985 1982
f 1984 1997 1983
f 1947 1951 1949
f 1950 1947 1946
f 1965 1966 1947
f 1964 1962 1947
f 1963 1961 1947
f 1962 1963 1947
f 1947 1961 1959
f 1960 1947 1957
f 1947 1959 1958
f 1947 1958 1956
f 1957 1947 1955
f 1947 1956 1954
f 1968 1967 1993
f 1995 1968 1993
f 1987 1989 1997
f 1986 1987 1997
f 1964 1966 1994
f 1965 1968 1995
f 1993 1991 1997
f 1995 1993 1997
f 1986 1997 1984
f 1988 1985 1997
f 1961 1963 1987
f 1988 1960 1985
f 1961 1987 1986
f 1959 1961 1986
f 1997 1980 1978
f 1981 1997 1979
f 1996 1965 1995
f 1965 1996 1994
f 1962 1964 1992
f 1964 1994 1992
f 1978 1953 1977
f 1951 1979 1976
f 1955 1953 1978
f 1980 1955 1978
f 1974 1997 1972
f 1997 1975 1973
f 1991 1990 1997
f 1990 1988 1997
f 1994 1996 1997
f 1996 1995 1997
f 1992 1994 1997
f 1989 1992 1997
f 1976 1997 1974
f 1997 1977 1975
f 1966 1965 1994
f 1972 1997 1973
f 1969 1971 1988
f 1963 1962 1987
f 1962 1989 1987
f 1971 1960 1988
f 1960 1971 1947
f 1970 1967 1947
f 1969 1970 1947
f 1968 1965 1947
f 1958 1959 1984
f 1959 1986 1984
f 1979 1997 1976
f 1997 1978 1977
f 1960 1957 1982
f 1985 1960 1982
f 1966 1964 1947
f 1967 1968 1947
f 1948 1974 1972
f 1946 1948 1973
f 1947 1949 1948
f 1946 1947 1948
f 1998 2004 2003
f 2005 1998 2002
f 1998 2006 2004
f 2007 1998 2005
f 1998 2008 2006
f 2009 1998 2007
f 2049 2033 2031
f 2032 2049 2030
f 2049 2031 2029
f 2030 2049 2028
f 2011 2009 2034
f 2006 2008 2032
f 2034 2009 2033
f 2009 2007 2033
f 2033 2007 2031
f 2007 2005 2031
f 2004 2006 2030
f 2006 2032 2030
f 2031 2005 2029
f 2003 2004 2028
f 1998 2003 1999
f 2002 1998 2001
f 2001 1998 2000
f 1998 1999 2000
f 2003 2028 2027
f 1999 2027 2023
f 2036 2038 2049
f 2039 2041 2049
f 2038 2039 2049
f 2045 2047 2049
f 2042 2020 2040
f 2020 2019 2040
f 2012 2041 2039
f 2013 2012 2039
f 2040 2019 2037
f 2019 2022 2037
f 2010 2013 2038
f 2013 2039 2038
f 2019 2020 1998
f 2018 2016 1998
f 2017 2014 1998
f 2016 2017 1998
f 2010 2036 2032
f 2035 2011 2034
f 2017 2048 2047
f 2014 2047 2045
f 2004 2030 2028
f 2029 2005 2026
f 2005 2002 2026
f 1999 2003 2027
f 2044 2021 2042
f 2021 2020 2042
f 2012 2015 2041
f 2015 2043 2041
f 2049 2035 2034
f 2049 2034 2033
f 2022 2011 2037
f 2010 2038 2036
f 2037 2011 2035
f 2008 2010 2032
f 2049 2029 2026
f 2028 2049 2027
f 2027 2049 2023
f 2049 2026 2025
f 2049 2025 2024
f 2023 2049 2024
f 2017 2016 2048
f 2048 2016 2046
f 2016 2018 2046
f 2014 2017 2047
f 2044 2042 2049
f 2046 2044 2049
f 2040 2037 2049
f 2042 2040 2049
f 2049 2037 2035
f 2036 2049 2032
f 2046 2018 2044
f 2018 2021 2044
f 2015 2014 2043
f 2014 2045 2043
f 2043 2045 2049
f 2041 2043 2049
f 2048 2046 2049
f 2047 2048 2049
f 2026 2002 2025
f 2002 2001 2025
f 2000 1999 2023
f 2025 2001 2024
f 2001 2000 2024
f 2000 2023 2024
f 2022 2019 1998
f 2011 2022 1998
f 2021 2018 1998
f 2020 2021 1998
f 2015 2012 1998
f 2014 2015 1998
f 2013 2010 1998
f 2012 2013 1998
f 2011 1998 2009
f 1998 2010 2008
f 2070 2071 2050
f 2071 2067 2050
f 2072 2073 2050
f 2073 2074 2050
f 2074 2070 2050
f 2064 2075 2050
f 2050 2051 2052
f 2050 2053 2051
f 2089 2087 2101
f 2096 2094 2101
f 2096 2074 2073
f 2069 2095 2066
f 2095 2092 2066
f 2093 2094 2072
f 2093 2091 2101
f 2094 2093 2101
f 2092 2095 2101
f 2095 2097 2101
f 2099 2100 2101
f 2097 2099 2101
f 2101 2081 2079
f 2080 2101 2078
f 2078 2101 2076
f 2101 2079 2077
f 2098 2096 2101
f 2100 2098 2101
f 2100 2099 2067
f 2076 2101 2077
f 2083 2086 2060
f 2062 2085 2061
f 2087 2064 2063
f 2086 2063 2060
f 2088 2090 2101
f 2090 2092 2101
f 2100 2067 2071
f 2098 2100 2071
f 2066 2065 2050
f 2067 2068 2050
f 2083 2060 2058
f 2084 2082 2059
f 2068 2097 2069
f 2098 2070 2074
f 2096 2098 2074
f 2099 2097 2068
f 2067 2099 2068
f 2098 2071 2070
f 2097 2095 2069
f 2094 2096 2073
f 2079 2056 2054
f 2055 2078 2053
f 2077 2054 2052
f 2053 2078 2051
f 2094 2073 2072
f 2091 2093 2072
f 2066 2092 2065
f 2092 2090 2065
f 2091 2089 2101
f 2088 2101 2085
f 2101 2087 2086
f 2085 2101 2084
f 2101 2086 2083
f 2084 2101 2082
f 2082 2101 2080
f 2101 2083 2081
f 2068 2069 2050
f 2069 2066 2050
f 2054 2050 2052
f 2050 2055 2053
f 2056 2050 2054
f 2050 2057 2055
f 2058 2050 2056
f 2050 2059 2057
f 2081 2058 2056
f 2057 2080 2055
f 2063 2050 2060
f 2050 2062 2061
f 2081 2083 2058
f 2059 2082 2057
f 2050 2061 2059
f 2060 2050 2058
f 2075 2072 2050
f 2076 2077 2052
f 2089 2091 2075
f 2091 2072 2075
f 2087 2089 2064
f 2090 2088 2065
f 2065 2088 2062
f 2089 2075 2064
f 2088 2085 2062
f 2086 2087 2063
f 2080 2078 2055
f 2077 2079 2054
f 2078 2076 2051
f 2051 2076 2052
f 2082 2080 2057
f 2079 2081 2056
f 2085 2084 2059
f 2061 2085 2059
f 2064 2050 2063
f 2065 2062 2050
f 2103 2107 2132
f 2107 2133 2132
f 2134 2109 2131
f 2109 2106 2131
f 2109 2102 2106
f 2102 2108 2107
f 2116 2111 2137
f 2141 2116 2137
f 2102 2110 2108
f 2111 2102 2109
f 2116 2102 2111
f 2117 2118 2102
f 2125 2126 2102
f 2124 2121 2102
f 2114 2115 2140
f 2115 2142 2140
f 2126 2127 2102
f 2127 2123 2102
f 2103 2132 2128
f 2131 2106 2130
f 2114 2140 2139
f 2113 2114 2139
f 2122 2119 2102
f 2123 2124 2102
f 2119 2120 2102
f 2118 2115 2102
f 2120 2117 2102
f 2121 2122 2102
f 2102 2103 2104
f 2105 2102 2104
f 2151 2152 2153
f 2149 2147 2153
f 2106 2102 2105
f 2102 2107 2103
f 2153 2130 2129
f 2153 2131 2130
f 2138 2153 2136
f 2139 2153 2138
f 2140 2153 2139
f 2153 2141 2137
f 2117 2145 2144
f 2118 2117 2144
f 2146 2125 2143
f 2126 2125 2146
f 2137 2111 2134
f 2108 2110 2135
f 2110 2112 2136
f 2112 2138 2136
f 2119 2122 2151
f 2122 2152 2151
f 2147 2126 2146
f 2120 2148 2145
f 2152 2150 2153
f 2145 2148 2153
f 2148 2151 2153
f 2142 2144 2153
f 2144 2145 2153
f 2140 2142 2153
f 2119 2151 2148
f 2124 2123 2150
f 2118 2144 2142
f 2143 2116 2141
f 2153 2137 2134
f 2136 2153 2135
f 2135 2153 2133
f 2153 2134 2131
f 2133 2153 2132
f 2132 2153 2128
f 2112 2113 2138
f 2113 2139 2138
f 2130 2105 2129
f 2105 2104 2129
f 2104 2128 2129
f 2116 2125 2102
f 2125 2116 2143
f 2115 2118 2142
f 2102 2113 2112
f 2102 2112 2110
f 2102 2115 2114
f 2102 2114 2113
f 2110 2136 2135
f 2111 2109 2134
f 2104 2103 2128
f 2106 2105 2130
f 2117 2120 2145
f 2127 2126 2147
f 2149 2127 2147
f 2120 2119 2148
f 2123 2127 2149
f 2150 2123 2149
f 2108 2135 2133
f 2107 2108 2133
f 2121 2124 2150
f 2152 2121 2150
f 2150 2149 2153
f 2146 2143 2153
f 2128 2153 2129
f 2122 2121 2152
f 2147 2146 2153
f 2143 2141 2153
f 2189 2205 2186
f 2205 2188 2187
f 2205 2187 2185
f 2186 2205 2184
f 2204 2202 2205
f 2203 2204 2205
f 2202 2200 2205
f 2200 2198 2205
f 2198 2195 2205
f 2196 2205 2194
f 2205 2195 2193
f 2194 2205 2192
f 2176 2204 2203
f 2173 2203 2201
f 2202 2177 2200
f 2177 2179 2200
f 2205 2185 2183
f 2184 2205 2181
f 2205 2183 2182
f 2181 2205 2182
f 2176 2175 2204
f 2204 2175 2202
f 2175 2177 2202
f 2173 2176 2203
f 2188 2162 2187
f 2162 2161 2187
f 2158 2160 2186
f 2187 2161 2185
f 2196 2197 2205
f 2197 2199 2205
f 2201 2203 2205
f 2199 2201 2205
f 2205 2193 2191
f 2192 2205 2190
f 2205 2191 2188
f 2190 2205 2189
f 2174 2173 2201
f 2179 2178 2200
f 2174 2201 2199
f 2200 2178 2198
f 2172 2174 2197
f 2174 2199 2197
f 2178 2180 2198
f 2170 2172 2197
f 2198 2180 2195
f 2180 2171 2195
f 2169 2170 2196
f 2170 2197 2196
f 2179 2177 2154
f 2178 2179 2154
f 2177 2175 2154
f 2176 2173 2154
f 2165 2167 2192
f 2167 2194 2192
f 2193 2168 2191
f 2168 2166 2191
f 2163 2165 2190
f 2165 2192 2190
f 2191 2166 2188
f 2166 2164 2188
f 2160 2163 2189
f 2163 2190 2189
f 2164 2162 2188
f 2160 2189 2186
f 2157 2156 2182
f 2156 2181 2182
f 2180 2178 2154
f 2171 2180 2154
f 2154 2163 2160
f 2162 2154 2161
f 2161 2154 2159
f 2154 2160 2158
f 2161 2159 2185
f 2155 2158 2184
f 2158 2186 2184
f 2185 2159 2183
f 2159 2157 2183
f 2156 2155 2181
f 2155 2184 2181
f 2183 2157 2182
f 2171 2168 2195
f 2167 2169 2194
f 2169 2196 2194
f 2195 2168 2193
f 2175 2176 2154
f 2174 2172 2154
f 2173 2174 2154
f 2172 2170 2154
f 2171 2154 2168
f 2154 2170 2169
f 2154 2169 2167
f 2168 2154 2166
f 2154 2167 2165
f 2166 2154 2164
f 2154 2165 2163
f 2164 2154 2162
f 2159 2154 2157
f 2154 2158 2155
f 2157 2154 2156
f 2154 2155 2156
f 2212 2206 2209
f 2206 2213 2211
f 2206 2214 2213
f 2215 2206 2212
f 2206 2216 2214
f 2217 2206 2215
f 2206 2218 2216
f 2219 2206 2217
f 2220 2206 2219
f 2221 2222 2206
f 2220 2221 2206
f 2223 2218 2206
f 2257 2255 2233
f 2250 2247 2233
f 2232 2234 2208
f 2207 2232 2208
f 2250 2222 2221
f 2225 2255 2223
f 2255 2257 2223
f 2247 2250 2221
f 2240 2215 2212
f 2237 2240 2212
f 2243 2241 2214
f 2216 2243 2214
f 2254 2253 2226
f 2252 2229 2228
f 2226 2253 2227
f 2248 2252 2231
f 2230 2254 2226
f 2251 2230 2229
f 2252 2251 2229
f 2251 2254 2230
f 2256 2255 2225
f 2224 2256 2225
f 2249 2231 2222
f 2250 2249 2222
f 2233 2244 2242
f 2243 2233 2241
f 2233 2242 2240
f 2241 2233 2239
f 2252 2228 2231
f 2253 2256 2227
f 2249 2248 2231
f 2227 2256 2224
f 2206 2207 2208
f 2209 2206 2208
f 2206 2210 2207
f 2206 2211 2210
f 2244 2219 2217
f 2242 2244 2217
f 2246 2220 2219
f 2244 2246 2219
f 2247 2221 2220
f 2246 2247 2220
f 2257 2245 2218
f 2223 2257 2218
f 2224 2225 2206
f 2225 2223 2206
f 2226 2227 2206
f 2227 2224 2206
f 2218 2245 2216
f 2245 2243 2216
f 2240 2242 2215
f 2242 2217 2215
f 2234 2209 2208
f 2236 2232 2207
f 2210 2236 2207
f 2234 2235 2209
f 2238 2236 2210
f 2211 2238 2210
f 2237 2212 2209
f 2235 2237 2209
f 2231 2228 2206
f 2232 2233 2234
f 2233 2235 2234
f 2236 2233 2232
f 2233 2237 2235
f 2238 2233 2236
f 2239 2233 2238
f 2233 2240 2237
f 2222 2231 2206
f 2230 2226 2206
f 2229 2230 2206
f 2228 2229 2206
f 2245 2257 2233
f 2256 2253 2233
f 2255 2256 2233
f 2254 2251 2233
f 2253 2254 2233
f 2252 2248 2233
f 2251 2252 2233
f 2249 2250 2233
f 2248 2249 2233
f 2233 2247 2246
f 2233 2246 2244
f 2245 2233 2243
f 2239 2238 2211
f 2213 2239 2211
f 2241 2239 2213
f 2214 2241 2213
f 2264 2266 2292
f 2268 2265 2291
f 2294 2268 2291
f 2266 2267 2293
f 2283 2271 2297
f 2269 2298 2295
f 2297 2271 2296
f 2271 2270 2296
f 2261 2260 2286
f 2286 2260 2285
f 2260 2284 2285
f 2283 2281 2258
f 2279 2280 2258
f 2278 2279 2258
f 2277 2273 2258
f 2276 2277 2258
f 2268 2258 2265
f 2258 2269 2267
f 2270 2258 2268
f 2271 2258 2270
f 2263 2258 2261
f 2258 2262 2259
f 2261 2258 2260
f 2258 2259 2260
f 2258 2264 2262
f 2265 2258 2263
f 2258 2266 2264
f 2258 2267 2266
f 2296 2270 2294
f 2270 2268 2294
f 2267 2269 2293
f 2269 2295 2293
f 2309 2294 2291
f 2295 2309 2293
f 2309 2296 2294
f 2309 2297 2296
f 2308 2306 2309
f 2301 2299 2309
f 2303 2301 2309
f 2299 2297 2309
f 2263 2261 2287
f 2260 2259 2284
f 2259 2288 2284
f 2287 2261 2286
f 2273 2277 2305
f 2279 2278 2306
f 2308 2279 2306
f 2277 2276 2307
f 2280 2279 2308
f 2276 2308 2307
f 2276 2280 2308
f 2309 2286 2285
f 2272 2269 2258
f 2273 2274 2258
f 2274 2275 2258
f 2275 2272 2258
f 2290 2309 2288
f 2309 2291 2289
f 2292 2309 2290
f 2293 2309 2292
f 2277 2307 2305
f 2306 2278 2303
f 2278 2282 2303
f 2274 2273 2304
f 2301 2281 2299
f 2275 2302 2300
f 2272 2275 2300
f 2282 2281 2301
f 2272 2300 2298
f 2281 2283 2299
f 2269 2272 2298
f 2299 2283 2297
f 2280 2276 2258
f 2281 2282 2258
f 2282 2278 2258
f 2271 2283 2258
f 2265 2263 2289
f 2262 2290 2288
f 2289 2263 2287
f 2259 2262 2288
f 2291 2265 2289
f 2264 2292 2290
f 2262 2264 2290
f 2266 2293 2292
f 2304 2305 2309
f 2302 2304 2309
f 2307 2308 2309
f 2306 2303 2309
f 2284 2309 2285
f 2309 2287 2286
f 2288 2309 2284
f 2309 2289 2287
f 2305 2307 2309
f 2298 2300 2309
f 2300 2302 2309
f 2295 2298 2309
f 2303 2282 2301
f 2274 2304 2302
f 2275 2274 2302
f 2273 2305 2304
f 2361 2346 2345
f 2347 2361 2344
f 2361 2348 2346
f 2350 2348 2361
f 2312 2335 2336
f 2313 2312 2336
f 2337 2313 2336
f 2312 2311 2335
f 2331 2330 2353
f 2355 2331 2353
f 2326 2356 2354
f 2332 2331 2355
f 2357 2332 2355
f 2326 2325 2356
f 2329 2332 2357
f 2358 2329 2357
f 2321 2319 2345
f 2318 2320 2344
f 2345 2319 2343
f 2319 2317 2343
f 2361 2341 2338
f 2340 2361 2339
f 2339 2361 2335
f 2361 2338 2337
f 2342 2361 2340
f 2361 2343 2341
f 2344 2361 2342
f 2361 2345 2343
f 2330 2334 2352
f 2353 2330 2352
f 2326 2354 2351
f 2323 2326 2351
f 2356 2359 2361
f 2349 2351 2361
f 2351 2354 2361
f 2347 2349 2361
f 2354 2356 2361
f 2360 2358 2361
f 2359 2360 2361
f 2357 2355 2361
f 2360 2327 2358
f 2328 2327 2360
f 2335 2361 2336
f 2361 2337 2336
f 2355 2353 2361
f 2353 2352 2361
f 2352 2350 2361
f 2358 2357 2361
f 2325 2359 2356
f 2328 2360 2359
f 2325 2328 2359
f 2327 2329 2358
f 2310 2320 2318
f 2321 2310 2319
f 2310 2322 2320
f 2323 2324 2310
f 2346 2321 2345
f 2320 2347 2344
f 2348 2321 2346
f 2322 2349 2347
f 2320 2322 2347
f 2333 2321 2348
f 2350 2333 2348
f 2324 2351 2349
f 2322 2324 2349
f 2334 2333 2350
f 2352 2334 2350
f 2324 2323 2351
f 2314 2313 2337
f 2338 2314 2337
f 2311 2339 2335
f 2315 2340 2339
f 2311 2315 2339
f 2317 2314 2338
f 2341 2317 2338
f 2316 2342 2340
f 2310 2316 2315
f 2317 2310 2314
f 2310 2318 2316
f 2319 2310 2317
f 2310 2311 2312
f 2313 2310 2312
f 2314 2310 2313
f 2310 2315 2311
f 2334 2330 2310
f 2333 2334 2310
f 2321 2333 2310
f 2332 2329 2310
f 2327 2328 2310
f 2326 2323 2310
f 2325 2326 2310
f 2324 2322 2310
f 2331 2332 2310
f 2330 2331 2310
f 2329 2327 2310
f 2328 2325 2310
f 2316 2318 2342
f 2318 2344 2342
f 2343 2317 2341
f 2315 2316 2340
f 2379 2380 2362
f 2377 2378 2362
f 2375 2377 2362
f 2362 2376 2373
f 2387 2388 2389
f 2390 2387 2389
f 2391 2387 2390
f 2387 2392 2388
f 2363 2390 2364
f 2390 2389 2364
f 2413 2399 2387
f 2404 2413 2387
f 2383 2379 2362
f 2382 2383 2362
f 2381 2382 2362
f 2380 2376 2362
f 2400 2387 2398
f 2387 2399 2397
f 2398 2387 2396
f 2387 2397 2395
f 2372 2362 2369
f 2362 2373 2371
f 2374 2362 2372
f 2375 2362 2374
f 2362 2367 2365
f 2366 2362 2364
f 2362 2365 2363
f 2362 2363 2364
f 2404 2377 2375
f 2380 2412 2376
f 2412 2401 2376
f 2399 2413 2375
f 2376 2401 2373
f 2401 2400 2373
f 2399 2375 2374
f 2397 2399 2372
f 2405 2406 2387
f 2403 2404 2387
f 2402 2403 2387
f 2401 2387 2400
f 2405 2409 2381
f 2406 2405 2385
f 2405 2381 2385
f 2407 2406 2384
f 2393 2395 2369
f 2370 2394 2367
f 2392 2393 2368
f 2393 2369 2368
f 2394 2391 2367
f 2388 2392 2366
f 2392 2368 2366
f 2367 2391 2365
f 2386 2384 2362
f 2378 2386 2362
f 2385 2381 2362
f 2384 2385 2362
f 2404 2403 2377
f 2379 2410 2380
f 2410 2412 2380
f 2413 2404 2375
f 2412 2410 2387
f 2401 2412 2387
f 2411 2408 2387
f 2410 2411 2387
f 2409 2405 2387
f 2408 2409 2387
f 2407 2402 2387
f 2406 2407 2387
f 2362 2371 2370
f 2362 2370 2367
f 2369 2362 2368
f 2368 2362 2366
f 2398 2396 2371
f 2395 2372 2369
f 2371 2396 2370
f 2396 2394 2370
f 2396 2387 2394
f 2387 2395 2393
f 2394 2387 2391
f 2387 2393 2392
f 2391 2390 2363
f 2365 2391 2363
f 2388 2366 2364
f 2389 2388 2364
f 2395 2397 2372
f 2400 2398 2371
f 2373 2400 2371
f 2399 2374 2372
f 2402 2407 2386
f 2409 2408 2382
f 2381 2409 2382
f 2406 2385 2384
f 2403 2378 2377
f 2402 2386 2378
f 2403 2402 2378
f 2411 2410 2379
f 2407 2384 2386
f 2382 2408 2383
f 2408 2411 2383
f 2383 2411 2379
f 2460 2462 2465
f 2415 2444 2439
f 2443 2418 2442
f 2418 2417 2442
f 2416 2415 2439
f 2442 2417 2441
f 2417 2416 2441
f 2441 2416 2440
f 2416 2439 2440
f 2438 2434 2414
f 2437 2438 2414
f 2438 2437 2454
f 2424 2428 2452
f 2454 2437 2453
f 2434 2435 2414
f 2433 2431 2414
f 2432 2429 2414
f 2437 2427 2453
f 2453 2427 2451
f 2427 2426 2451
f 2420 2447 2445
f 2419 2420 2445
f 2465 2446 2443
f 2447 2465 2445
f 2422 2424 2448
f 2426 2425 2449
f 2451 2426 2449
f 2424 2452 2450
f 2448 2465 2447
f 2425 2423 2446
f 2449 2425 2446
f 2424 2450 2448
f 2444 2465 2439
f 2465 2443 2442
f 2456 2458 2465
f 2427 2437 2414
f 2422 2448 2447
f 2423 2421 2446
f 2420 2422 2447
f 2452 2456 2465
f 2445 2465 2444
f 2430 2429 2458
f 2435 2436 2414
f 2436 2433 2414
f 2465 2453 2451
f 2454 2453 2465
f 2459 2457 2465
f 2457 2455 2465
f 2455 2454 2465
f 2461 2459 2465
f 2459 2435 2457
f 2436 2435 2459
f 2429 2460 2458
f 2455 2438 2454
f 2428 2456 2452
f 2434 2438 2455
f 2457 2434 2455
f 2430 2458 2456
f 2428 2430 2456
f 2435 2434 2457
f 2419 2445 2444
f 2415 2419 2444
f 2421 2418 2443
f 2446 2421 2443
f 2429 2432 2462
f 2431 2433 2461
f 2464 2431 2461
f 2431 2464 2463
f 2432 2431 2463
f 2465 2441 2440
f 2439 2465 2440
f 2465 2442 2441
f 2423 2414 2421
f 2414 2422 2420
f 2421 2414 2418
f 2414 2420 2419
f 2414 2419 2415
f 2418 2414 2417
f 2417 2414 2416
f 2414 2415 2416
f 2414 2424 2422
f 2425 2414 2423
f 2426 2414 2425
f 2427 2414 2426
f 2428 2424 2414
f 2429 2430 2414
f 2430 2428 2414
f 2431 2432 2414
f 2462 2463 2465
f 2463 2464 2465
f 2464 2461 2465
f 2458 2460 2465
f 2433 2436 2459
f 2461 2433 2459
f 2429 2462 2460
f 2432 2463 2462
f 2465 2449 2446
f 2450 2465 2448
f 2465 2451 2449
f 2452 2465 2450
f 2484 2485 2466
f 2511 2515 2486
f 2485 2511 2486
f 2505 2510 2487
f 2478 2480 2466
f 2480 2481 2466
f 2482 2483 2466
f 2483 2479 2466
f 2471 2496 2469
f 2496 2494 2469
f 2493 2470 2468
f 2469 2494 2467
f 2504 2503 2476
f 2502 2478 2477
f 2501 2502 2475
f 2502 2477 2475
f 2494 2491 2467
f 2467 2491 2468
f 2491 2493 2468
f 2517 2502 2492
f 2508 2517 2492
f 2516 2514 2492
f 2504 2516 2492
f 2515 2511 2492
f 2514 2515 2492
f 2513 2509 2492
f 2512 2513 2492
f 2511 2512 2492
f 2503 2492 2500
f 2504 2492 2503
f 2492 2502 2501
f 2510 2505 2492
f 2509 2510 2492
f 2507 2508 2492
f 2506 2507 2492
f 2466 2476 2474
f 2466 2471 2469
f 2472 2466 2470
f 2473 2466 2472
f 2466 2474 2471
f 2505 2506 2492
f 2466 2479 2476
f 2477 2466 2475
f 2478 2466 2477
f 2475 2466 2473
f 2466 2467 2468
f 2470 2466 2468
f 2466 2469 2467
f 2503 2500 2476
f 2498 2501 2475
f 2476 2500 2474
f 2498 2475 2473
f 2500 2499 2474
f 2497 2498 2473
f 2474 2499 2471
f 2499 2496 2471
f 2495 2497 2472
f 2497 2473 2472
f 2493 2495 2470
f 2495 2472 2470
f 2506 2505 2490
f 2505 2487 2490
f 2486 2515 2482
f 2515 2514 2482
f 2507 2506 2481
f 2506 2490 2481
f 2508 2507 2481
f 2482 2514 2483
f 2514 2516 2483
f 2517 2508 2480
f 2508 2481 2480
f 2483 2516 2479
f 2502 2517 2478
f 2517 2480 2478
f 2516 2504 2479
f 2479 2504 2476
f 2509 2513 2489
f 2509 2489 2488
f 2489 2513 2484
f 2513 2512 2484
f 2510 2509 2487
f 2509 2488 2487
f 2484 2512 2485
f 2512 2511 2485
f 2485 2486 2466
f 2486 2482 2466
f 2487 2488 2466
f 2488 2489 2466
f 2489 2484 2466
f 2481 2490 2466
f 2490 2487 2466
f 2491 2492 2493
f 2492 2501 2498
f 2500 2492 2499
f 2499 2492 2496
f 2492 2498 2497
f 2492 2497 2495
f 2496 2492 2494
f 2492 2495 2493
f 2494 2492 2491
f 2569 2548 2546
f 2536 2567 2568
f 2534 2537 2566
f 2537 2568 2566
f 2569 2555 2553
f 2569 2556 2555
f 2557 2569 2554
f 2559 2556 2569
f 2566 2568 2569
f 2568 2567 2569
f 2562 2564 2569
f 2564 2566 2569
f 2563 2561 2569
f 2561 2559 2569
f 2567 2565 2569
f 2565 2563 2569
f 2551 2569 2549
f 2549 2569 2547
f 2569 2550 2548
f 2547 2569 2544
f 2537 2536 2568
f 2544 2569 2545
f 2569 2546 2545
f 2536 2539 2567
f 2558 2560 2569
f 2560 2562 2569
f 2557 2558 2569
f 2567 2539 2565
f 2541 2542 2518
f 2559 2532 2556
f 2531 2558 2557
f 2529 2531 2557
f 2532 2530 2556
f 2529 2557 2554
f 2556 2530 2555
f 2526 2529 2554
f 2555 2530 2553
f 2530 2528 2553
f 2526 2554 2551
f 2553 2528 2552
f 2528 2527 2552
f 2524 2526 2551
f 2552 2527 2550
f 2527 2525 2550
f 2522 2524 2549
f 2539 2538 2565
f 2534 2566 2564
f 2538 2542 2565
f 2535 2534 2564
f 2565 2542 2563
f 2542 2541 2563
f 2535 2564 2562
f 2563 2541 2561
f 2541 2540 2561
f 2533 2535 2560
f 2535 2562 2560
f 2518 2524 2522
f 2523 2518 2521
f 2518 2522 2519
f 2521 2518 2520
f 2518 2519 2520
f 2540 2541 2518
f 2539 2536 2518
f 2538 2539 2518
f 2537 2534 2518
f 2536 2537 2518
f 2535 2533 2518
f 2534 2535 2518
f 2533 2531 2518
f 2532 2518 2530
f 2518 2531 2529
f 2530 2518 2528
f 2518 2529 2526
f 2528 2518 2527
f 2527 2518 2525
f 2518 2526 2524
f 2525 2518 2523
f 2524 2551 2549
f 2550 2525 2548
f 2525 2523 2548
f 2519 2522 2547
f 2522 2549 2547
f 2548 2523 2546
f 2523 2521 2546
f 2520 2519 2544
f 2519 2547 2544
f 2546 2521 2545
f 2521 2520 2545
f 2520 2544 2545
f 2543 2540 2518
f 2532 2543 2518
f 2542 2538 2518
f 2533 2560 2558
f 2554 2569 2551
f 2569 2553 2552
f 2569 2552 2550
f 2561 2540 2559
f 2540 2543 2559
f 2543 2532 2559
f 2531 2533 2558
f 2593 2590 2571
f 2586 2594 2571
f 2594 2592 2571
f 2595 2596 2597
f 2614 2611 2595
f 2597 2570 2572
f 2598 2597 2572
f 2573 2598 2572
f 2595 2602 2600
f 2603 2595 2601
f 2595 2604 2602
f 2605 2595 2603
f 2595 2606 2604
f 2607 2595 2605
f 2595 2608 2606
f 2595 2609 2608
f 2610 2595 2607
f 2595 2611 2609
f 2612 2613 2595
f 2613 2614 2595
f 2598 2595 2597
f 2599 2595 2598
f 2595 2600 2596
f 2601 2595 2599
f 2589 2587 2571
f 2590 2591 2571
f 2591 2588 2571
f 2592 2593 2571
f 2615 2618 2590
f 2616 2615 2593
f 2593 2615 2590
f 2570 2571 2572
f 2614 2613 2586
f 2620 2619 2589
f 2588 2620 2589
f 2613 2594 2586
f 2617 2620 2588
f 2591 2617 2588
f 2613 2612 2594
f 2612 2592 2594
f 2618 2617 2591
f 2590 2618 2591
f 2616 2593 2592
f 2612 2616 2592
f 2571 2573 2572
f 2571 2574 2573
f 2575 2571 2570
f 2571 2576 2574
f 2571 2577 2576
f 2578 2571 2575
f 2571 2579 2577
f 2580 2571 2578
f 2581 2571 2580
f 2582 2571 2581
f 2571 2583 2579
f 2584 2571 2582
f 2585 2586 2571
f 2584 2585 2571
f 2587 2583 2571
f 2588 2589 2571
f 2589 2619 2587
f 2619 2621 2587
f 2611 2614 2585
f 2614 2586 2585
f 2597 2596 2570
f 2599 2598 2573
f 2574 2599 2573
f 2596 2575 2570
f 2601 2599 2574
f 2576 2601 2574
f 2596 2600 2575
f 2603 2601 2576
f 2577 2603 2576
f 2602 2578 2575
f 2600 2602 2575
f 2605 2603 2577
f 2579 2605 2577
f 2604 2580 2578
f 2602 2604 2578
f 2607 2605 2579
f 2606 2581 2580
f 2604 2606 2580
f 2608 2582 2581
f 2606 2608 2581
f 2610 2607 2579
f 2583 2610 2579
f 2609 2584 2582
f 2608 2609 2582
f 2611 2585 2584
f 2609 2611 2584
f 2621 2610 2583
f 2587 2621 2583
f 2621 2619 2595
f 2610 2621 2595
f 2620 2617 2595
f 2619 2620 2595
f 2618 2615 2595
f 2617 2618 2595
f 2616 2612 2595
f 2615 2616 2595
f 2669 2671 2673
f 2660 2662 2673
f 2664 2666 2673
f 2662 2664 2673
f 2666 2667 2673
f 2667 2669 2673
f 2671 2672 2673
f 2673 2651 2650
f 2672 2670 2673
f 2670 2668 2673
f 2668 2665 2673
f 2658 2673 2657
f 2654 2673 2652
f 2657 2673 2655
f 2673 2656 2653
f 2655 2673 2654
f 2641 2640 2666
f 2647 2646 2665
f 2668 2647 2665
f 2640 2667 2666
f 2639 2669 2667
f 2673 2653 2651
f 2652 2673 2649
f 2673 2659 2656
f 2660 2673 2658
f 2673 2661 2659
f 2663 2661 2673
f 2665 2663 2673
f 2627 2629 2654
f 2629 2655 2654
f 2623 2627 2652
f 2627 2654 2652
f 2653 2628 2651
f 2628 2626 2651
f 2624 2623 2649
f 2623 2652 2649
f 2651 2626 2650
f 2638 2641 2664
f 2641 2666 2664
f 2665 2646 2663
f 2646 2648 2663
f 2638 2664 2662
f 2635 2638 2662
f 2663 2648 2661
f 2648 2637 2661
f 2635 2662 2660
f 2661 2637 2659
f 2637 2636 2659
f 2634 2635 2658
f 2635 2660 2658
f 2636 2633 2659
f 2632 2634 2658
f 2659 2633 2656
f 2673 2650 2649
f 2642 2645 2672
f 2642 2672 2671
f 2636 2622 2633
f 2622 2635 2634
f 2622 2634 2632
f 2633 2622 2631
f 2622 2632 2630
f 2631 2622 2628
f 2622 2630 2629
f 2622 2629 2627
f 2628 2622 2626
f 2622 2627 2623
f 2626 2622 2625
f 2625 2622 2624
f 2622 2623 2624
f 2626 2625 2650
f 2650 2625 2649
f 2625 2624 2649
f 2648 2646 2622
f 2637 2648 2622
f 2647 2644 2622
f 2646 2647 2622
f 2645 2642 2622
f 2644 2645 2622
f 2643 2639 2622
f 2642 2643 2622
f 2641 2638 2622
f 2640 2641 2622
f 2639 2640 2622
f 2638 2635 2622
f 2637 2622 2636
f 2630 2632 2657
f 2632 2658 2657
f 2633 2631 2656
f 2629 2630 2655
f 2630 2657 2655
f 2656 2631 2653
f 2631 2628 2653
f 2643 2671 2669
f 2670 2644 2668
f 2644 2647 2668
f 2640 2639 2667
f 2643 2642 2671
f 2672 2645 2670
f 2645 2644 2670
f 2639 2643 2669
f 2699 2698 2714
f 2716 2699 2714
f 2688 2687 2715
f 2695 2699 2716
f 2698 2686 2712
f 2714 2698 2712
f 2688 2715 2713
f 2685 2688 2713
f 2696 2697 2674
f 2695 2696 2674
f 2694 2691 2674
f 2674 2675 2676
f 2681 2678 2703
f 2705 2681 2703
f 2680 2706 2704
f 2679 2680 2704
f 2682 2681 2705
f 2707 2682 2705
f 2680 2708 2706
f 2683 2709 2708
f 2676 2700 2701
f 2677 2676 2701
f 2702 2677 2701
f 2697 2693 2674
f 2699 2695 2674
f 2698 2699 2674
f 2686 2698 2674
f 2693 2694 2674
f 2717 2716 2725
f 2722 2721 2725
f 2716 2714 2725
f 2681 2674 2678
f 2674 2680 2679
f 2674 2679 2675
f 2678 2674 2677
f 2677 2674 2676
f 2684 2674 2682
f 2674 2683 2680
f 2682 2674 2681
f 2696 2695 2717
f 2719 2696 2717
f 2690 2720 2718
f 2697 2696 2719
f 2721 2697 2719
f 2721 2719 2725
f 2723 2724 2725
f 2724 2722 2725
f 2718 2720 2725
f 2720 2723 2725
f 2713 2715 2725
f 2715 2718 2725
f 2711 2713 2725
f 2692 2691 2724
f 2691 2694 2724
f 2700 2725 2701
f 2725 2702 2701
f 2725 2703 2702
f 2704 2725 2700
f 2725 2705 2703
f 2706 2725 2704
f 2719 2717 2725
f 2714 2712 2725
f 2725 2712 2710
f 2711 2725 2709
f 2725 2710 2707
f 2687 2690 2715
f 2690 2718 2715
f 2717 2695 2716
f 2708 2725 2706
f 2709 2725 2708
f 2725 2707 2705
f 2676 2675 2700
f 2678 2677 2702
f 2703 2678 2702
f 2675 2704 2700
f 2675 2679 2704
f 2690 2689 2720
f 2693 2697 2721
f 2722 2693 2721
f 2689 2723 2720
f 2692 2724 2723
f 2689 2692 2723
f 2694 2693 2722
f 2724 2694 2722
f 2680 2683 2708
f 2684 2682 2707
f 2710 2684 2707
f 2683 2711 2709
f 2686 2684 2710
f 2712 2686 2710
f 2685 2713 2711
f 2683 2685 2711
f 2692 2689 2674
f 2691 2692 2674
f 2690 2687 2674
f 2689 2690 2674
f 2688 2685 2674
f 2687 2688 2674
f 2686 2674 2684
f 2674 2685 2683
f 2775 2774 2743
f 2747 2775 2743
f 2767 2766 2751
f 2771 2775 2747
f 2746 2771 2747
f 2766 2748 2751
f 2772 2771 2746
f 2745 2772 2746
f 2726 2732 2730
f 2731 2726 2729
f 2776 2765 2739
f 2777 2741 2740
f 2770 2749 2748
f 2766 2770 2748
f 2773 2772 2745
f 2750 2773 2745
f 2769 2750 2749
f 2770 2769 2749
f 2769 2773 2750
f 2767 2742 2741
f 2767 2751 2742
f 2756 2752 2727
f 2730 2756 2727
f 2755 2731 2729
f 2754 2755 2729
f 2758 2756 2730
f 2732 2758 2730
f 2757 2733 2731
f 2755 2757 2731
f 2764 2761 2737
f 2763 2738 2736
f 2762 2763 2736
f 2765 2764 2737
f 2739 2765 2737
f 2763 2740 2738
f 2761 2760 2734
f 2735 2761 2734
f 2759 2736 2733
f 2737 2761 2735
f 2759 2762 2736
f 2766 2767 2753
f 2767 2768 2753
f 2769 2770 2753
f 2770 2766 2753
f 2771 2772 2753
f 2763 2777 2740
f 2744 2776 2739
f 2777 2768 2741
f 2774 2776 2744
f 2743 2774 2744
f 2768 2767 2741
f 2775 2771 2753
f 2765 2776 2753
f 2776 2774 2753
f 2768 2777 2753
f 2777 2763 2753
f 2752 2754 2728
f 2727 2752 2728
f 2754 2729 2728
f 2749 2750 2726
f 2750 2745 2726
f 2742 2751 2726
f 2751 2748 2726
f 2752 2753 2754
f 2760 2758 2732
f 2734 2760 2732
f 2757 2759 2733
f 2758 2753 2756
f 2753 2759 2757
f 2760 2753 2758
f 2761 2753 2760
f 2753 2762 2759
f 2753 2763 2762
f 2764 2753 2761
f 2765 2753 2764
f 2733 2726 2731
f 2726 2734 2732
f 2726 2735 2734
f 2736 2726 2733
f 2726 2737 2735
f 2772 2773 2753
f 2773 2769 2753
f 2774 2775 2753
f 2753 2755 2754
f 2756 2753 2752
f 2753 2757 2755
f 2738 2726 2736
f 2726 2739 2737
f 2740 2741 2726
f 2741 2742 2726
f 2738 2740 2726
f 2743 2744 2726
f 2744 2739 2726
f 2745 2746 2726
f 2746 2747 2726
f 2747 2743 2726
f 2748 2749 2726
f 2726 2727 2728
f 2729 2726 2728
f 2726 2730 2727
f 2788 2779 2786
f 2779 2787 2784
f 2793 2803 2779
f 2805 2800 2779
f 2804 2805 2779
f 2803 2804 2779
f 2802 2798 2779
f 2801 2802 2779
f 2800 2801 2779
f 2799 2797 2779
f 2798 2799 2779
f 2797 2795 2779
f 2796 2794 2779
f 2795 2796 2779
f 2779 2794 2792
f 2793 2779 2790
f 2779 2792 2791
f 2779 2791 2789
f 2828 2826 2829
f 2827 2828 2829
f 2825 2823 2829
f 2826 2825 2829
f 2824 2827 2829
f 2822 2824 2829
f 2820 2822 2829
f 2819 2820 2829
f 2821 2818 2829
f 2823 2821 2829
f 2794 2820 2819
f 2792 2794 2819
f 2821 2793 2818
f 2796 2822 2820
f 2794 2796 2820
f 2803 2793 2821
f 2796 2795 2822
f 2804 2803 2821
f 2823 2804 2821
f 2795 2824 2822
f 2805 2804 2823
f 2825 2805 2823
f 2795 2797 2824
f 2800 2805 2825
f 2826 2800 2825
f 2797 2827 2824
f 2801 2800 2826
f 2799 2828 2827
f 2797 2799 2827
f 2802 2801 2826
f 2828 2802 2826
f 2799 2798 2828
f 2798 2802 2828
f 2806 2829 2807
f 2829 2808 2807
f 2809 2829 2806
f 2829 2810 2808
f 2829 2811 2810
f 2779 2789 2787
f 2790 2779 2788
f 2780 2806 2807
f 2778 2780 2807
f 2781 2778 2807
f 2808 2781 2807
f 2783 2781 2808
f 2782 2809 2806
f 2780 2782 2806
f 2785 2783 2808
f 2810 2785 2808
f 2782 2784 2809
f 2786 2785 2810
f 2811 2786 2810
f 2784 2812 2809
f 2788 2786 2811
f 2813 2788 2811
f 2787 2814 2812
f 2778 2779 2780
f 2781 2779 2778
f 2779 2782 2780
f 2783 2779 2781
f 2779 2784 2782
f 2785 2779 2783
f 2786 2779 2785
f 2784 2787 2812
f 2790 2788 2813
f 2815 2790 2813
f 2789 2816 2814
f 2787 2789 2814
f 2791 2817 2816
f 2789 2791 2816
f 2793 2790 2815
f 2818 2793 2815
f 2792 2819 2817
f 2791 2792 2817
f 2816 2829 2814
f 2817 2829 2816
f 2829 2818 2815
f 2819 2829 2817
f 2812 2829 2809
f 2829 2813 2811
f 2814 2829 2812
f 2829 2815 2813
f 2836 2863 2861
f 2862 2837 2859
f 2837 2834 2859
f 2831 2835 2860
f 2830 2840 2838
f 2839 2830 2837
f 2839 2837 2862
f 2835 2836 2861
f 2832 2831 2856
f 2858 2833 2857
f 2833 2832 2857
f 2832 2856 2857
f 2855 2852 2830
f 2844 2855 2830
f 2855 2844 2870
f 2842 2846 2869
f 2846 2871 2869
f 2870 2844 2868
f 2850 2847 2830
f 2849 2850 2830
f 2835 2861 2860
f 2831 2860 2856
f 2859 2834 2858
f 2834 2833 2858
f 2852 2853 2830
f 2851 2849 2830
f 2854 2851 2830
f 2853 2854 2830
f 2834 2830 2833
f 2830 2835 2831
f 2837 2830 2834
f 2830 2836 2835
f 2830 2831 2832
f 2833 2830 2832
f 2875 2877 2881
f 2873 2875 2881
f 2880 2878 2881
f 2879 2880 2881
f 2876 2874 2881
f 2878 2876 2881
f 2872 2870 2881
f 2874 2872 2881
f 2870 2868 2881
f 2830 2838 2836
f 2871 2873 2881
f 2867 2869 2881
f 2877 2879 2881
f 2869 2871 2881
f 2847 2850 2879
f 2849 2851 2878
f 2864 2881 2863
f 2863 2881 2861
f 2881 2862 2859
f 2861 2881 2860
f 2860 2881 2856
f 2881 2859 2858
f 2881 2858 2857
f 2856 2881 2857
f 2850 2849 2880
f 2880 2849 2878
f 2872 2852 2870
f 2845 2873 2871
f 2853 2852 2872
f 2874 2853 2872
f 2848 2875 2873
f 2845 2848 2873
f 2854 2853 2874
f 2876 2854 2874
f 2847 2877 2875
f 2848 2847 2875
f 2881 2865 2862
f 2881 2866 2865
f 2867 2881 2864
f 2881 2868 2866
f 2846 2845 2871
f 2852 2855 2870
f 2847 2879 2877
f 2850 2880 2879
f 2851 2854 2876
f 2878 2851 2876
f 2838 2864 2863
f 2836 2838 2863
f 2842 2869 2867
f 2844 2843 2868
f 2840 2842 2867
f 2868 2843 2866
f 2843 2841 2866
f 2840 2867 2864
f 2866 2841 2865
f 2841 2839 2865
f 2838 2840 2864
f 2865 2839 2862
f 2841 2830 2839
f 2830 2842 2840
f 2843 2830 2841
f 2844 2830 2843
f 2845 2846 2830
f 2846 2842 2830
f 2847 2848 2830
f 2848 2845 2830
f 2925 2928 2933
f 2923 2925 2933
f 2932 2931 2933
f 2930 2932 2933
f 2928 2930 2933
f 2929 2927 2933
f 2931 2929 2933
f 2924 2920 2933
f 2926 2924 2933
f 2927 2926 2933
f 2919 2933 2918
f 2933 2920 2917
f 2922 2923 2933
f 2921 2922 2933
f 2919 2921 2933
f 2887 2911 2885
f 2911 2909 2885
f 2908 2910 2882
f 2910 2886 2882
f 2885 2909 2884
f 2909 2908 2884
f 2908 2882 2884
f 2907 2904 2883
f 2895 2907 2883
f 2906 2902 2883
f 2905 2906 2883
f 2904 2905 2883
f 2903 2900 2883
f 2902 2903 2883
f 2901 2898 2883
f 2900 2901 2883
f 2918 2916 2892
f 2915 2917 2891
f 2917 2893 2891
f 2892 2916 2889
f 2916 2913 2889
f 2914 2915 2890
f 2915 2891 2890
f 2912 2914 2888
f 2914 2890 2888
f 2889 2913 2887
f 2913 2911 2887
f 2912 2888 2886
f 2910 2912 2886
f 2926 2905 2904
f 2925 2923 2898
f 2920 2924 2907
f 2924 2904 2907
f 2898 2923 2899
f 2923 2922 2899
f 2920 2907 2895
f 2899 2922 2897
f 2922 2921 2897
f 2897 2921 2896
f 2921 2919 2896
f 2917 2920 2895
f 2896 2919 2894
f 2919 2918 2894
f 2917 2895 2893
f 2894 2918 2892
f 2930 2928 2901
f 2927 2929 2906
f 2929 2902 2906
f 2928 2925 2901
f 2926 2927 2905
f 2927 2906 2905
f 2901 2925 2898
f 2924 2926 2904
f 2913 2933 2911
f 2933 2914 2912
f 2911 2933 2909
f 2933 2912 2910
f 2909 2933 2908
f 2933 2910 2908
f 2931 2932 2903
f 2931 2903 2902
f 2903 2932 2900
f 2932 2930 2900
f 2929 2931 2902
f 2900 2930 2901
f 2918 2933 2916
f 2933 2917 2915
f 2916 2933 2913
f 2933 2915 2914
f 2899 2897 2883
f 2898 2899 2883
f 2897 2896 2883
f 2883 2896 2894
f 2895 2883 2893
f 2883 2894 2892
f 2893 2883 2891
f 2883 2892 2889
f 2891 2883 2890
f 2890 2883 2888
f 2883 2889 2887
f 2888 2883 2886
f 2883 2887 2885
f 2886 2883 2882
f 2883 2885 2884
f 2882 2883 2884
f 2937 2935 2934
f 2935 2938 2936
f 2939 2935 2937
f 2935 2940 2938
f 2935 2941 2940
f 2942 2935 2939
f 2943 2935 2942
f 2935 2944 2941
f 2945 2935 2943
f 2935 2946 2944
f 2947 2935 2945
f 2935 2948 2946
f 2972 2975 2985
f 2975 2976 2985
f 2976 2978 2985
f 2985 2966 2964
f 2985 2964 2962
f 2965 2985 2963
f 2963 2985 2960
f 2980 2981 2985
f 2981 2984 2985
f 2984 2983 2985
f 2978 2980 2985
f 2951 2980 2978
f 2982 2979 2985
f 2983 2982 2985
f 2977 2974 2985
f 2979 2977 2985
f 2974 2973 2985
f 2985 2973 2971
f 2972 2985 2969
f 2985 2971 2970
f 2967 2985 2965
f 2985 2968 2966
f 2969 2985 2967
f 2985 2970 2968
f 2950 2981 2980
f 2958 2957 2979
f 2952 2951 2978
f 2938 2965 2963
f 2957 2959 2974
f 2948 2976 2975
f 2959 2949 2974
f 2948 2975 2972
f 2974 2949 2973
f 2946 2948 2972
f 2973 2949 2971
f 2949 2947 2971
f 2954 2953 2984
f 2953 2956 2983
f 2985 2961 2960
f 2985 2962 2961
f 2947 2945 2970
f 2971 2947 2970
f 2946 2972 2969
f 2944 2946 2969
f 2951 2950 2980
f 2955 2958 2979
f 2982 2955 2979
f 2950 2954 2981
f 2956 2955 2982
f 2983 2956 2982
f 2954 2984 2981
f 2953 2983 2984
f 2977 2957 2974
f 2952 2978 2976
f 2948 2952 2976
f 2934 2936 2960
f 2961 2934 2960
f 2937 2934 2961
f 2962 2937 2961
f 2934 2935 2936
f 2958 2955 2935
f 2949 2959 2935
f 2959 2957 2935
f 2957 2958 2935
f 2953 2954 2935
f 2956 2953 2935
f 2955 2956 2935
f 2954 2950 2935
f 2940 2941 2965
f 2943 2942 2966
f 2968 2943 2966
f 2941 2967 2965
f 2938 2940 2965
f 2942 2939 2964
f 2966 2942 2964
f 2936 2938 2963
f 2949 2935 2947
f 2941 2944 2969
f 2970 2945 2968
f 2945 2943 2968
f 2941 2969 2967
f 2952 2948 2935
f 2951 2952 2935
f 2950 2951 2935
f 2936 2963 2960
f 2939 2937 2962
f 2964 2939 2962
f 2979 2957 2977
f 3009 2998 3023
f 2996 3024 3021
f 3023 2998 3022
f 3008 3004 2986
f 2988 3011 3012
f 3010 3006 2986
f 3009 3010 2986
f 2998 3009 2986
f 2991 2989 3013
f 3015 2991 3013
f 2987 2990 3014
f 2990 3016 3014
f 3004 3005 2986
f 3003 3000 2986
f 3002 2999 2986
f 3001 3002 2986
f 3005 3003 2986
f 3006 3007 2986
f 3007 3008 2986
f 2986 2987 2988
f 2986 2996 2994
f 2995 2986 2993
f 2986 2994 2992
f 2993 2986 2991
f 2989 2986 2988
f 2986 2990 2987
f 2991 2986 2989
f 2986 2992 2990
f 3014 3037 3011
f 3037 3013 3012
f 3011 3037 3012
f 3003 3005 3036
f 3019 3037 3018
f 3037 3020 3017
f 3021 3037 3019
f 3037 3022 3020
f 3028 3026 3037
f 3030 3028 3037
f 3025 3023 3037
f 3037 3023 3022
f 3001 3031 3029
f 3030 3007 3028
f 3007 3006 3028
f 2999 3002 3027
f 3001 3000 3031
f 3004 3008 3032
f 3034 3004 3032
f 3000 3035 3033
f 3000 3003 3035
f 3005 3004 3034
f 3036 3005 3034
f 3003 3036 3035
f 2994 3021 3019
f 2997 2995 3020
f 3022 2997 3020
f 2994 2996 3021
f 3037 3015 3013
f 3016 3037 3014
f 3037 3017 3015
f 3018 3037 3016
f 3000 3033 3031
f 3032 3008 3030
f 3008 3007 3030
f 3002 3001 3029
f 2988 2987 3011
f 2987 3014 3011
f 3013 2989 3012
f 2989 2988 3012
f 3002 3029 3027
f 3028 3006 3026
f 3006 3010 3026
f 2999 3027 3024
f 3026 3010 3025
f 3010 3009 3025
f 2996 2999 3024
f 3025 3009 3023
f 2993 2991 3015
f 3017 2993 3015
f 2992 3018 3016
f 2990 2992 3016
f 2994 3019 3018
f 2992 2994 3018
f 2995 2993 3017
f 3020 2995 3017
f 2997 2986 2995
f 2998 2986 2997
f 2999 2996 2986
f 3000 3001 2986
f 2998 2997 3022
f 3032 3030 3037
f 3034 3032 3037
f 3026 3025 3037
f 3024 3027 3037
f 3021 3024 3037
f 3027 3029 3037
f 3035 3036 3037
f 3036 3034 3037
f 3029 3031 3037
f 3031 3033 3037
f 3033 3035 3037
f 3087 3089 3055
f 3056 3087 3055
f 3082 3081 3053
f 3081 3054 3053
f 3080 3061 3054
f 3081 3080 3054
f 3088 3087 3056
f 3059 3088 3056
f 3052 3053 3038
f 3038 3051 3049
f 3066 3063 3065
f 3084 3079 3063
f 3079 3062 3061
f 3080 3079 3061
f 3085 3088 3059
f 3058 3085 3059
f 3055 3078 3051
f 3076 3082 3052
f 3089 3078 3055
f 3082 3053 3052
f 3081 3082 3063
f 3083 3084 3063
f 3085 3086 3063
f 3086 3083 3063
f 3053 3054 3038
f 3050 3052 3038
f 3055 3051 3038
f 3056 3055 3038
f 3057 3058 3038
f 3058 3059 3038
f 3059 3056 3038
f 3060 3057 3038
f 3054 3061 3038
f 3061 3062 3038
f 3062 3060 3038
f 3063 3064 3065
f 3067 3066 3039
f 3041 3067 3039
f 3064 3042 3040
f 3065 3064 3040
f 3069 3067 3041
f 3063 3070 3068
f 3063 3071 3070
f 3072 3063 3069
f 3063 3073 3071
f 3074 3063 3072
f 3063 3075 3073
f 3063 3076 3075
f 3077 3063 3074
f 3078 3063 3077
f 3079 3080 3063
f 3080 3081 3063
f 3071 3073 3047
f 3049 3074 3046
f 3075 3050 3048
f 3073 3075 3048
f 3077 3074 3049
f 3075 3076 3050
f 3078 3077 3049
f 3051 3078 3049
f 3076 3052 3050
f 3087 3088 3063
f 3088 3085 3063
f 3078 3089 3063
f 3089 3087 3063
f 3082 3076 3063
f 3066 3065 3040
f 3039 3066 3040
f 3043 3069 3041
f 3068 3044 3042
f 3064 3068 3042
f 3070 3045 3044
f 3070 3071 3045
f 3074 3072 3046
f 3073 3048 3047
f 3068 3070 3044
f 3072 3069 3043
f 3046 3072 3043
f 3071 3047 3045
f 3084 3083 3060
f 3083 3057 3060
f 3083 3086 3057
f 3084 3060 3062
f 3079 3084 3062
f 3086 3085 3058
f 3057 3086 3058
f 3067 3063 3066
f 3063 3068 3064
f 3069 3063 3067
f 3038 3039 3040
f 3038 3041 3039
f 3042 3038 3040
f 3038 3043 3041
f 3044 3038 3042
f 3045 3038 3044
f 3038 3046 3043
f 3047 3038 3045
f 3048 3038 3047
f 3038 3049 3046
f 3050 3038 3048
f 3112 3108 3091
f 3111 3112 3091
f 3095 3097 3122
f 3123 3098 3121
f 3098 3096 3121
f 3093 3095 3120
f 3095 3122 3120
f 3121 3096 3119
f 3096 3094 3119
f 3092 3093 3118
f 3093 3120 3118
f 3119 3094 3117
f 3115 3113 3091
f 3103 3115 3091
f 3136 3134 3141
f 3138 3136 3141
f 3134 3132 3141
f 3137 3139 3141
f 3118 3141 3116
f 3098 3091 3096
f 3091 3093 3092
f 3090 3091 3092
f 3141 3117 3116
f 3096 3091 3094
f 3091 3100 3097
f 3091 3097 3095
f 3094 3091 3090
f 3099 3091 3098
f 3109 3108 3139
f 3108 3112 3140
f 3091 3095 3093
f 3110 3111 3091
f 3112 3111 3138
f 3106 3109 3137
f 3109 3139 3137
f 3140 3112 3138
f 3126 3101 3124
f 3108 3140 3139
f 3097 3125 3122
f 3101 3099 3124
f 3141 3121 3119
f 3122 3141 3120
f 3141 3123 3121
f 3141 3124 3123
f 3125 3141 3122
f 3097 3100 3125
f 3141 3119 3117
f 3120 3141 3118
f 3141 3128 3126
f 3127 3141 3125
f 3141 3126 3124
f 3130 3128 3141
f 3114 3113 3132
f 3132 3130 3141
f 3104 3107 3131
f 3107 3133 3131
f 3140 3138 3141
f 3139 3140 3141
f 3134 3114 3132
f 3113 3114 3091
f 3101 3091 3099
f 3114 3110 3091
f 3099 3098 3123
f 3124 3099 3123
f 3104 3105 3091
f 3103 3091 3101
f 3091 3102 3100
f 3100 3127 3125
f 3102 3129 3127
f 3128 3101 3126
f 3100 3102 3127
f 3103 3101 3128
f 3104 3131 3129
f 3105 3104 3129
f 3105 3102 3091
f 3106 3107 3091
f 3107 3104 3091
f 3130 3103 3128
f 3102 3105 3129
f 3115 3103 3130
f 3113 3115 3130
f 3132 3113 3130
f 3090 3092 3116
f 3117 3090 3116
f 3092 3118 3116
f 3094 3090 3117
f 3106 3135 3133
f 3107 3106 3133
f 3110 3114 3134
f 3136 3110 3134
f 3106 3137 3135
f 3111 3110 3136
f 3138 3111 3136
f 3108 3109 3091
f 3109 3106 3091
f 3127 3129 3141
f 3129 3131 3141
f 3135 3137 3141
f 3133 3135 3141
f 3131 3133 3141
f 3178 3179 3155
f 3179 3156 3155
f 3177 3178 3153
f 3152 3176 3150
f 3143 3152 3150
f 3151 3143 3148
f 3143 3150 3149
f 3178 3155 3153
f 3154 3176 3152
f 3175 3177 3151
f 3177 3153 3151
f 3160 3187 3161
f 3184 3188 3165
f 3161 3187 3158
f 3187 3186 3158
f 3173 3171 3147
f 3172 3148 3146
f 3147 3171 3145
f 3171 3169 3145
f 3167 3170 3142
f 3168 3167 3144
f 3169 3168 3144
f 3145 3169 3144
f 3143 3149 3147
f 3174 3173 3149
f 3149 3173 3147
f 3188 3162 3165
f 3170 3172 3146
f 3193 3181 3179
f 3180 3193 3176
f 3193 3179 3178
f 3184 3182 3193
f 3153 3143 3151
f 3148 3143 3146
f 3143 3147 3145
f 3162 3163 3143
f 3161 3158 3143
f 3160 3161 3143
f 3159 3157 3143
f 3158 3159 3143
f 3157 3154 3143
f 3156 3143 3155
f 3155 3143 3153
f 3143 3154 3152
f 3163 3191 3160
f 3183 3185 3193
f 3188 3190 3162
f 3191 3189 3160
f 3190 3192 3163
f 3192 3190 3193
f 3189 3191 3193
f 3187 3189 3193
f 3182 3181 3193
f 3188 3184 3193
f 3182 3184 3166
f 3184 3164 3166
f 3181 3182 3166
f 3183 3180 3157
f 3176 3193 3174
f 3193 3178 3177
f 3192 3191 3163
f 3168 3193 3167
f 3189 3187 3160
f 3190 3163 3162
f 3150 3174 3149
f 3175 3151 3148
f 3172 3175 3148
f 3176 3174 3150
f 3193 3172 3170
f 3171 3193 3169
f 3193 3170 3167
f 3190 3188 3193
f 3191 3192 3193
f 3185 3186 3193
f 3180 3183 3193
f 3186 3187 3193
f 3173 3193 3171
f 3193 3175 3172
f 3169 3193 3168
f 3184 3165 3164
f 3158 3186 3159
f 3186 3185 3159
f 3159 3185 3157
f 3185 3183 3157
f 3167 3142 3144
f 3156 3166 3143
f 3166 3164 3143
f 3165 3162 3143
f 3157 3180 3154
f 3179 3181 3156
f 3193 3177 3175
f 3174 3193 3173
f 3180 3176 3154
f 3181 3166 3156
f 3163 3160 3143
f 3164 3165 3143
f 3170 3146 3142
f 3143 3145 3144
f 3142 3143 3144
f 3146 3143 3142
f 3194 3195 3196
f 3201 3194 3198
f 3202 3194 3201
f 3194 3203 3200
f 3194 3204 3203
f 3205 3194 3202
f 3230 3245 3228
f 3245 3229 3227
f 3228 3245 3226
f 3245 3227 3225
f 3203 3204 3228
f 3204 3230 3228
f 3229 3205 3227
f 3205 3202 3227
f 3203 3228 3226
f 3200 3203 3226
f 3227 3202 3225
f 3202 3201 3225
f 3194 3200 3199
f 3194 3199 3195
f 3198 3194 3197
f 3197 3194 3196
f 3195 3199 3224
f 3195 3224 3220
f 3223 3198 3222
f 3230 3232 3245
f 3236 3238 3245
f 3234 3236 3245
f 3216 3219 3235
f 3209 3208 3234
f 3208 3236 3234
f 3235 3219 3233
f 3219 3218 3233
f 3216 3217 3194
f 3215 3213 3194
f 3214 3210 3194
f 3213 3214 3194
f 3204 3206 3230
f 3206 3232 3230
f 3231 3207 3229
f 3207 3205 3229
f 3214 3244 3241
f 3243 3215 3242
f 3199 3200 3224
f 3200 3226 3224
f 3225 3201 3223
f 3201 3198 3223
f 3212 3211 3238
f 3211 3240 3238
f 3239 3217 3237
f 3217 3216 3237
f 3208 3212 3236
f 3212 3238 3236
f 3237 3216 3235
f 3245 3231 3229
f 3206 3209 3232
f 3209 3234 3232
f 3233 3218 3231
f 3218 3207 3231
f 3226 3245 3224
f 3245 3225 3223
f 3224 3245 3220
f 3245 3223 3222
f 3245 3222 3221
f 3220 3245 3221
f 3214 3213 3244
f 3244 3213 3243
f 3213 3215 3243
f 3210 3214 3241
f 3241 3244 3245
f 3242 3239 3245
f 3243 3242 3245
f 3235 3233 3245
f 3237 3235 3245
f 3239 3237 3245
f 3233 3231 3245
f 3242 3215 3239
f 3215 3217 3239
f 3211 3210 3240
f 3210 3241 3240
f 3232 3234 3245
f 3240 3241 3245
f 3238 3240 3245
f 3244 3243 3245
f 3198 3197 3222
f 3196 3195 3220
f 3222 3197 3221
f 3197 3196 3221
f 3196 3220 3221
f 3219 3216 3194
f 3218 3219 3194
f 3207 3218 3194
f 3217 3215 3194
f 3212 3208 3194
f 3211 3212 3194
f 3210 3211 3194
f 3209 3206 3194
f 3208 3209 3194
f 3207 3194 3205
f 3194 3206 3204
f 3267 3264 3246
f 3268 3265 3246
f 3262 3269 3246
f 3269 3270 3246
f 3270 3268 3246
f 3271 3272 3273
f 3246 3249 3247
f 3250 3246 3248
f 3287 3270 3269
f 3288 3287 3269
f 3278 3279 3253
f 3254 3280 3251
f 3280 3277 3251
f 3276 3278 3252
f 3266 3292 3267
f 3292 3295 3267
f 3291 3290 3268
f 3290 3265 3268
f 3265 3293 3266
f 3293 3292 3266
f 3297 3296 3263
f 3285 3261 3260
f 3296 3286 3259
f 3263 3296 3259
f 3287 3291 3270
f 3291 3268 3270
f 3296 3297 3271
f 3286 3296 3271
f 3295 3292 3271
f 3294 3295 3271
f 3283 3285 3257
f 3285 3260 3257
f 3264 3294 3263
f 3294 3297 3263
f 3290 3293 3265
f 3286 3284 3258
f 3259 3286 3258
f 3293 3290 3271
f 3290 3291 3271
f 3261 3262 3246
f 3281 3283 3257
f 3284 3282 3256
f 3258 3284 3256
f 3279 3281 3255
f 3256 3282 3254
f 3281 3257 3255
f 3292 3293 3271
f 3291 3287 3271
f 3279 3255 3253
f 3282 3280 3254
f 3271 3281 3279
f 3280 3271 3277
f 3278 3253 3252
f 3272 3276 3250
f 3271 3279 3278
f 3271 3278 3276
f 3251 3277 3249
f 3276 3252 3250
f 3267 3295 3264
f 3295 3294 3264
f 3288 3269 3262
f 3289 3288 3262
f 3285 3289 3261
f 3289 3262 3261
f 3257 3260 3246
f 3266 3267 3246
f 3246 3251 3249
f 3252 3246 3250
f 3253 3246 3252
f 3246 3254 3251
f 3255 3246 3253
f 3246 3256 3254
f 3265 3266 3246
f 3286 3271 3284
f 3284 3271 3282
f 3271 3285 3283
f 3289 3285 3271
f 3260 3261 3246
f 3246 3258 3256
f 3246 3259 3258
f 3271 3276 3272
f 3277 3271 3275
f 3246 3247 3248
f 3275 3271 3274
f 3272 3250 3248
f 3274 3271 3273
f 3277 3275 3249
f 3273 3272 3248
f 3247 3274 3248
f 3275 3274 3247
f 3249 3275 3247
f 3271 3283 3281
f 3282 3271 3280
f 3288 3289 3271
f 3287 3288 3271
f 3257 3246 3255
f 3274 3273 3248
f 3263 3259 3246
f 3264 3263 3246
f 3297 3294 3271
f 3307 3305 3330
f 3305 3303 3328
f 3304 3331 3329
f 3330 3305 3328
f 3298 3306 3304
f 3305 3298 3303
f 3312 3310 3335
f 3337 3312 3335
f 3307 3298 3305
f 3308 3298 3307
f 3313 3311 3298
f 3314 3315 3298
f 3312 3322 3298
f 3321 3318 3298
f 3339 3312 3337
f 3311 3338 3336
f 3322 3320 3298
f 3299 3302 3327
f 3302 3329 3327
f 3328 3303 3326
f 3311 3336 3334
f 3309 3311 3334
f 3319 3316 3298
f 3320 3321 3298
f 3316 3317 3298
f 3315 3313 3298
f 3317 3314 3298
f 3318 3319 3298
f 3321 3320 3341
f 3313 3315 3340
f 3315 3342 3340
f 3341 3320 3339
f 3339 3337 3349
f 3349 3337 3335
f 3336 3349 3334
f 3349 3335 3333
f 3349 3328 3326
f 3327 3349 3323
f 3310 3308 3333
f 3298 3299 3300
f 3298 3302 3299
f 3301 3298 3300
f 3298 3304 3302
f 3303 3298 3301
f 3333 3308 3332
f 3308 3307 3332
f 3317 3316 3348
f 3306 3334 3331
f 3316 3347 3348
f 3299 3327 3323
f 3315 3343 3342
f 3344 3321 3341
f 3348 3347 3349
f 3342 3343 3349
f 3343 3346 3349
f 3338 3340 3349
f 3340 3342 3349
f 3336 3338 3349
f 3317 3348 3346
f 3314 3317 3346
f 3311 3313 3338
f 3313 3340 3338
f 3334 3349 3331
f 3349 3333 3332
f 3349 3332 3330
f 3331 3349 3329
f 3349 3330 3328
f 3329 3349 3327
f 3306 3309 3334
f 3335 3310 3333
f 3312 3298 3310
f 3326 3301 3325
f 3325 3301 3324
f 3301 3300 3324
f 3320 3322 3339
f 3322 3312 3339
f 3310 3298 3308
f 3298 3309 3306
f 3304 3306 3331
f 3298 3311 3309
f 3332 3307 3330
f 3300 3323 3324
f 3300 3299 3323
f 3303 3301 3326
f 3315 3314 3343
f 3318 3321 3344
f 3345 3318 3344
f 3314 3346 3343
f 3319 3318 3345
f 3347 3319 3345
f 3302 3304 3329
f 3316 3319 3347
f 3341 3339 3349
f 3344 3341 3349
f 3347 3345 3349
f 3345 3344 3349
f 3346 3348 3349
f 3349 3326 3325
f 3349 3325 3324
f 3323 3349 3324
f 3386 3401 3384
f 3401 3385 3383
f 3384 3401 3382
f 3401 3383 3381
f 3393 3396 3401
f 3400 3398 3401
f 3399 3400 3401
f 3397 3395 3401
f 3398 3397 3401
f 3394 3391 3401
f 3395 3394 3401
f 3401 3391 3389
f 3370 3372 3398
f 3368 3371 3399
f 3371 3400 3399
f 3368 3399 3396
f 3390 3401 3388
f 3401 3389 3387
f 3388 3401 3386
f 3401 3387 3385
f 3395 3374 3394
f 3369 3396 3393
f 3366 3369 3393
f 3375 3374 3395
f 3367 3366 3392
f 3394 3373 3391
f 3366 3393 3392
f 3356 3384 3382
f 3390 3392 3401
f 3392 3393 3401
f 3396 3399 3401
f 3397 3375 3395
f 3374 3373 3394
f 3369 3368 3396
f 3372 3375 3397
f 3398 3372 3397
f 3401 3378 3377
f 3382 3401 3380
f 3380 3401 3376
f 3401 3381 3379
f 3356 3358 3384
f 3385 3357 3383
f 3355 3356 3382
f 3401 3379 3378
f 3371 3370 3400
f 3376 3401 3377
f 3400 3370 3398
f 3383 3357 3381
f 3360 3350 3357
f 3350 3359 3358
f 3350 3358 3356
f 3357 3350 3354
f 3360 3357 3385
f 3359 3386 3384
f 3358 3359 3384
f 3362 3360 3385
f 3389 3362 3387
f 3359 3361 3386
f 3361 3388 3386
f 3387 3362 3385
f 3373 3374 3350
f 3374 3375 3350
f 3375 3372 3350
f 3365 3373 3350
f 3381 3354 3379
f 3351 3380 3376
f 3379 3354 3378
f 3354 3353 3378
f 3352 3351 3376
f 3378 3353 3377
f 3353 3352 3377
f 3355 3382 3380
f 3391 3365 3389
f 3365 3362 3389
f 3361 3363 3388
f 3350 3356 3355
f 3350 3355 3351
f 3354 3350 3353
f 3353 3350 3352
f 3350 3351 3352
f 3350 3363 3361
f 3362 3350 3360
f 3350 3361 3359
f 3350 3364 3363
f 3364 3392 3390
f 3363 3364 3390
f 3364 3367 3392
f 3373 3365 3391
f 3352 3376 3377
f 3365 3350 3362
f 3366 3367 3350
f 3367 3364 3350
f 3371 3368 3350
f 3370 3371 3350
f 3369 3366 3350
f 3368 3369 3350
f 3363 3390 3388
f 3351 3355 3380
f 3357 3354 3381
f 3372 3370 3350
f 3421 3422 3403
f 3422 3419 3403
f 3423 3424 3403
f 3430 3407 3402
f 3434 3408 3407
f 3430 3434 3407
f 3436 3433 3406
f 3424 3420 3403
f 3431 3430 3402
f 3433 3432 3405
f 3406 3433 3405
f 3449 3446 3429
f 3452 3453 3429
f 3441 3452 3429
f 3451 3448 3429
f 3450 3451 3429
f 3429 3437 3435
f 3436 3429 3433
f 3429 3435 3434
f 3429 3434 3430
f 3428 3425 3403
f 3429 3430 3431
f 3432 3429 3431
f 3433 3429 3432
f 3425 3426 3403
f 3426 3423 3403
f 3418 3427 3403
f 3427 3428 3403
f 3435 3437 3410
f 3412 3438 3409
f 3440 3438 3412
f 3439 3413 3411
f 3402 3403 3404
f 3452 3441 3415
f 3439 3442 3413
f 3442 3416 3413
f 3415 3441 3414
f 3414 3441 3412
f 3441 3440 3412
f 3437 3439 3411
f 3441 3429 3440
f 3440 3429 3438
f 3429 3439 3437
f 3438 3429 3436
f 3446 3449 3423
f 3443 3447 3425
f 3423 3449 3424
f 3449 3448 3424
f 3443 3425 3428
f 3424 3448 3420
f 3448 3451 3420
f 3444 3443 3427
f 3443 3428 3427
f 3445 3444 3418
f 3444 3427 3418
f 3420 3451 3421
f 3405 3432 3404
f 3432 3431 3404
f 3431 3402 3404
f 3453 3450 3429
f 3453 3452 3419
f 3422 3453 3419
f 3442 3417 3416
f 3419 3452 3415
f 3450 3453 3422
f 3448 3449 3429
f 3447 3443 3429
f 3446 3447 3429
f 3445 3442 3429
f 3444 3445 3429
f 3443 3444 3429
f 3429 3442 3439
f 3408 3403 3407
f 3407 3403 3402
f 3403 3406 3405
f 3403 3405 3404
f 3437 3411 3410
f 3438 3436 3409
f 3434 3435 3408
f 3435 3410 3408
f 3409 3436 3406
f 3413 3416 3403
f 3419 3415 3403
f 3420 3421 3403
f 3446 3426 3425
f 3447 3446 3425
f 3426 3446 3423
f 3451 3450 3421
f 3417 3418 3403
f 3421 3450 3422
f 3445 3418 3417
f 3442 3445 3417
f 3416 3417 3403
f 3403 3415 3414
f 3403 3414 3412
f 3413 3403 3411
f 3403 3412 3409
f 3411 3403 3410
f 3410 3403 3408
f 3403 3409 3406
f 3487 3505 3485
f 3505 3488 3486
f 3505 3489 3488
f 3490 3505 3487
f 3505 3491 3489
f 3492 3505 3490
f 3505 3493 3491
f 3495 3493 3505
f 3499 3497 3505
f 3497 3495 3505
f 3504 3502 3505
f 3502 3499 3505
f 3456 3483 3479
f 3459 3457 3482
f 3484 3459 3482
f 3458 3485 3483
f 3463 3492 3490
f 3466 3464 3491
f 3493 3466 3491
f 3463 3465 3492
f 3502 3473 3499
f 3472 3503 3501
f 3468 3472 3501
f 3474 3473 3502
f 3504 3474 3502
f 3472 3471 3503
f 3475 3474 3504
f 3471 3504 3503
f 3471 3475 3504
f 3505 3481 3480
f 3479 3505 3480
f 3505 3482 3481
f 3469 3470 3455
f 3470 3467 3455
f 3471 3472 3455
f 3472 3468 3455
f 3483 3505 3479
f 3505 3484 3482
f 3485 3505 3483
f 3505 3486 3484
f 3477 3476 3499
f 3468 3501 3500
f 3469 3468 3500
f 3473 3477 3499
f 3494 3496 3505
f 3496 3498 3505
f 3492 3494 3505
f 3465 3494 3492
f 3495 3466 3493
f 3465 3467 3494
f 3478 3466 3495
f 3467 3496 3494
f 3476 3478 3495
f 3497 3476 3495
f 3470 3498 3496
f 3467 3470 3496
f 3499 3476 3497
f 3469 3500 3498
f 3470 3469 3498
f 3454 3455 3456
f 3503 3504 3505
f 3498 3500 3505
f 3500 3501 3505
f 3501 3503 3505
f 3456 3458 3483
f 3486 3459 3484
f 3460 3487 3485
f 3458 3460 3485
f 3462 3459 3486
f 3488 3462 3486
f 3460 3461 3487
f 3489 3462 3488
f 3461 3490 3487
f 3464 3462 3489
f 3461 3463 3490
f 3491 3464 3489
f 3473 3474 3455
f 3474 3475 3455
f 3475 3471 3455
f 3476 3477 3455
f 3477 3473 3455
f 3466 3478 3455
f 3478 3476 3455
f 3456 3479 3480
f 3454 3456 3480
f 3481 3454 3480
f 3457 3454 3481
f 3482 3457 3481
f 3457 3455 3454
f 3455 3458 3456
f 3459 3455 3457
f 3455 3460 3458
f 3455 3461 3460
f 3462 3455 3459
f 3455 3463 3461
f 3464 3455 3462
f 3455 3465 3463
f 3466 3455 3464
f 3467 3465 3455
f 3468 3469 3455
f 3557 3543 3541
f 3544 3557 3542
f 3557 3545 3543
f 3549 3547 3557
f 3532 3530 3506
f 3509 3508 3533
f 3534 3509 3533
f 3510 3509 3534
f 3523 3551 3550
f 3524 3523 3550
f 3531 3530 3549
f 3552 3531 3549
f 3528 3531 3552
f 3553 3528 3552
f 3527 3554 3551
f 3523 3527 3551
f 3514 3517 3542
f 3514 3542 3539
f 3541 3516 3540
f 3516 3515 3540
f 3538 3557 3536
f 3557 3537 3535
f 3536 3557 3533
f 3557 3535 3534
f 3539 3557 3538
f 3557 3540 3537
f 3557 3541 3540
f 3542 3557 3539
f 3530 3532 3547
f 3549 3530 3547
f 3524 3550 3548
f 3522 3524 3548
f 3546 3548 3557
f 3548 3550 3557
f 3544 3546 3557
f 3557 3534 3533
f 3551 3554 3557
f 3550 3551 3557
f 3556 3555 3557
f 3554 3556 3557
f 3525 3555 3556
f 3526 3525 3556
f 3525 3529 3555
f 3552 3549 3557
f 3547 3545 3557
f 3555 3553 3557
f 3553 3552 3557
f 3512 3514 3539
f 3529 3528 3553
f 3555 3529 3553
f 3526 3556 3554
f 3527 3526 3554
f 3506 3517 3514
f 3506 3518 3517
f 3519 3506 3516
f 3506 3520 3518
f 3519 3516 3541
f 3543 3519 3541
f 3518 3544 3542
f 3517 3518 3542
f 3545 3519 3543
f 3521 3519 3545
f 3520 3546 3544
f 3518 3520 3544
f 3532 3521 3545
f 3547 3532 3545
f 3522 3548 3546
f 3520 3522 3546
f 3535 3510 3534
f 3507 3536 3533
f 3508 3507 3533
f 3537 3510 3535
f 3511 3538 3536
f 3507 3511 3536
f 3513 3510 3537
f 3506 3512 3511
f 3516 3506 3515
f 3515 3506 3513
f 3506 3514 3512
f 3513 3506 3510
f 3506 3511 3507
f 3510 3506 3509
f 3509 3506 3508
f 3506 3507 3508
f 3521 3532 3506
f 3531 3528 3506
f 3530 3531 3506
f 3529 3525 3506
f 3528 3529 3506
f 3527 3523 3506
f 3526 3527 3506
f 3525 3526 3506
f 3524 3522 3506
f 3523 3524 3506
f 3522 3520 3506
f 3521 3506 3519
f 3511 3512 3538
f 3515 3513 3537
f 3540 3515 3537
f 3512 3539 3538
f 3576 3577 3559
f 3575 3572 3559
f 3574 3575 3559
f 3597 3596 3571
f 3584 3558 3560
f 3585 3584 3560
f 3561 3585 3560
f 3573 3574 3559
f 3594 3598 3569
f 3598 3582 3569
f 3572 3597 3571
f 3559 3561 3560
f 3558 3559 3560
f 3579 3580 3559
f 3578 3576 3559
f 3577 3573 3559
f 3590 3566 3564
f 3565 3589 3563
f 3589 3587 3563
f 3588 3564 3562
f 3569 3559 3567
f 3559 3570 3568
f 3559 3571 3570
f 3572 3571 3559
f 3564 3559 3562
f 3559 3563 3561
f 3562 3559 3558
f 3580 3581 3559
f 3589 3609 3587
f 3609 3590 3588
f 3587 3609 3585
f 3609 3588 3586
f 3585 3609 3584
f 3609 3586 3584
f 3607 3608 3578
f 3608 3576 3578
f 3591 3592 3567
f 3590 3591 3566
f 3591 3567 3566
f 3588 3590 3564
f 3599 3600 3609
f 3597 3599 3609
f 3596 3597 3609
f 3603 3605 3609
f 3604 3581 3580
f 3603 3600 3573
f 3601 3602 3579
f 3602 3580 3579
f 3573 3600 3574
f 3598 3601 3583
f 3601 3579 3583
f 3574 3600 3575
f 3583 3579 3559
f 3582 3583 3559
f 3569 3582 3559
f 3581 3578 3559
f 3593 3609 3589
f 3609 3594 3592
f 3609 3592 3591
f 3609 3591 3590
f 3571 3596 3570
f 3596 3595 3570
f 3570 3595 3568
f 3595 3593 3568
f 3592 3594 3567
f 3594 3569 3567
f 3568 3593 3565
f 3593 3589 3565
f 3559 3568 3565
f 3567 3559 3566
f 3566 3559 3564
f 3559 3565 3563
f 3606 3578 3581
f 3577 3605 3573
f 3605 3603 3573
f 3602 3604 3580
f 3586 3588 3562
f 3563 3587 3561
f 3587 3585 3561
f 3584 3586 3558
f 3586 3562 3558
f 3604 3606 3581
f 3606 3607 3578
f 3576 3605 3577
f 3604 3602 3609
f 3602 3601 3609
f 3601 3598 3609
f 3608 3605 3576
f 3599 3597 3572
f 3575 3599 3572
f 3598 3583 3582
f 3600 3599 3575
f 3600 3603 3609
f 3605 3608 3609
f 3606 3604 3609
f 3607 3606 3609
f 3608 3607 3609
f 3598 3594 3609
f 3595 3609 3593
f 3596 3609 3595
f 3650 3635 3647
f 3632 3631 3657
f 3652 3650 3661
f 3650 3647 3661
f 3610 3611 3612
f 3628 3625 3610
f 3627 3628 3610
f 3626 3627 3610
f 3649 3651 3661
f 3651 3653 3661
f 3646 3648 3661
f 3625 3651 3649
f 3624 3625 3649
f 3633 3635 3650
f 3652 3633 3650
f 3659 3657 3661
f 3657 3655 3661
f 3655 3652 3661
f 3658 3660 3661
f 3660 3659 3661
f 3653 3654 3661
f 3654 3656 3661
f 3656 3658 3661
f 3648 3649 3661
f 3631 3634 3655
f 3657 3631 3655
f 3630 3658 3656
f 3647 3623 3645
f 3620 3622 3646
f 3624 3648 3646
f 3629 3630 3610
f 3628 3653 3651
f 3625 3628 3651
f 3627 3654 3653
f 3628 3627 3653
f 3634 3633 3652
f 3655 3634 3652
f 3626 3656 3654
f 3627 3626 3654
f 3615 3641 3639
f 3611 3615 3639
f 3617 3642 3641
f 3626 3630 3656
f 3612 3611 3636
f 3616 3614 3638
f 3640 3616 3638
f 3613 3610 3612
f 3630 3626 3610
f 3631 3632 3610
f 3615 3617 3641
f 3619 3616 3640
f 3643 3619 3640
f 3617 3618 3642
f 3618 3644 3642
f 3621 3619 3643
f 3645 3621 3643
f 3618 3620 3644
f 3620 3646 3644
f 3623 3621 3645
f 3624 3649 3648
f 3646 3661 3644
f 3661 3647 3645
f 3632 3629 3610
f 3633 3634 3610
f 3634 3631 3610
f 3623 3635 3610
f 3635 3633 3610
f 3613 3612 3636
f 3637 3613 3636
f 3614 3613 3637
f 3638 3614 3637
f 3611 3639 3636
f 3659 3632 3657
f 3630 3660 3658
f 3629 3659 3660
f 3630 3629 3660
f 3629 3632 3659
f 3661 3637 3636
f 3661 3638 3637
f 3639 3661 3636
f 3661 3640 3638
f 3641 3661 3639
f 3642 3661 3641
f 3622 3624 3646
f 3635 3623 3647
f 3661 3643 3640
f 3644 3661 3642
f 3661 3645 3643
f 3614 3610 3613
f 3610 3615 3611
f 3616 3610 3614
f 3610 3617 3615
f 3610 3618 3617
f 3619 3610 3616
f 3610 3620 3618
f 3621 3610 3619
f 3610 3622 3620
f 3623 3610 3621
f 3610 3624 3622
f 3625 3624 3610
f 3663 3667 3665
f 3666 3663 3662
f 3663 3665 3664
f 3662 3663 3664
f 3675 3687 3663
f 3686 3682 3663
f 3685 3686 3663
f 3684 3680 3663
f 3683 3684 3663
f 3682 3683 3663
f 3681 3678 3663
f 3680 3681 3663
f 3676 3677 3663
f 3675 3663 3673
f 3663 3674 3672
f 3673 3663 3671
f 3663 3672 3670
f 3713 3691 3689
f 3692 3713 3690
f 3713 3693 3691
f 3711 3712 3713
f 3705 3706 3713
f 3712 3710 3713
f 3709 3711 3713
f 3699 3701 3713
f 3703 3705 3713
f 3701 3703 3713
f 3706 3709 3713
f 3682 3686 3707
f 3679 3678 3706
f 3707 3686 3704
f 3678 3679 3663
f 3665 3692 3690
f 3691 3666 3689
f 3686 3685 3704
f 3664 3665 3690
f 3710 3683 3708
f 3708 3682 3707
f 3678 3709 3706
f 3683 3682 3708
f 3712 3684 3710
f 3680 3712 3711
f 3681 3680 3711
f 3680 3684 3712
f 3713 3689 3688
f 3681 3711 3709
f 3678 3681 3709
f 3684 3683 3710
f 3672 3674 3697
f 3674 3699 3697
f 3690 3713 3688
f 3675 3673 3698
f 3697 3713 3694
f 3694 3713 3692
f 3713 3695 3693
f 3713 3696 3695
f 3713 3700 3698
f 3699 3713 3697
f 3713 3698 3696
f 3668 3663 3666
f 3687 3685 3663
f 3669 3663 3668
f 3663 3670 3667
f 3671 3663 3669
f 3664 3690 3688
f 3689 3662 3688
f 3662 3664 3688
f 3666 3662 3689
f 3665 3667 3692
f 3668 3666 3691
f 3693 3668 3691
f 3667 3694 3692
f 3696 3671 3695
f 3670 3697 3694
f 3667 3670 3694
f 3673 3671 3696
f 3698 3673 3696
f 3669 3668 3693
f 3695 3669 3693
f 3671 3669 3695
f 3679 3676 3663
f 3700 3675 3698
f 3674 3701 3699
f 3702 3675 3700
f 3677 3703 3701
f 3674 3677 3701
f 3687 3675 3702
f 3677 3676 3703
f 3685 3687 3702
f 3704 3685 3702
f 3676 3705 3703
f 3679 3706 3705
f 3676 3679 3705
f 3670 3672 3697
f 3677 3674 3663
f 3707 3704 3713
f 3704 3702 3713
f 3710 3708 3713
f 3708 3707 3713
f 3702 3700 3713
f 3714 3721 3719
f 3722 3714 3720
f 3723 3714 3722
f 3750 3740 3746
f 3746 3740 3744
f 3740 3747 3745
f 3740 3748 3747
f 3720 3714 3718
f 3740 3749 3748
f 3752 3740 3751
f 3751 3740 3750
f 3737 3734 3714
f 3736 3737 3714
f 3743 3742 3716
f 3742 3717 3716
f 3756 3749 3740
f 3765 3761 3740
f 3764 3765 3740
f 3752 3764 3740
f 3763 3759 3740
f 3729 3730 3714
f 3725 3728 3714
f 3731 3727 3714
f 3740 3745 3741
f 3739 3736 3714
f 3738 3739 3714
f 3730 3738 3714
f 3732 3733 3714
f 3762 3761 3732
f 3731 3764 3727
f 3764 3752 3727
f 3749 3728 3725
f 3714 3719 3715
f 3718 3714 3717
f 3717 3714 3716
f 3714 3715 3716
f 3734 3759 3735
f 3746 3744 3719
f 3741 3745 3718
f 3745 3720 3718
f 3735 3763 3732
f 3763 3762 3732
f 3755 3754 3730
f 3754 3738 3730
f 3758 3736 3739
f 3753 3758 3739
f 3758 3757 3736
f 3760 3759 3734
f 3737 3760 3734
f 3757 3737 3736
f 3757 3760 3737
f 3748 3749 3723
f 3749 3756 3728
f 3761 3762 3740
f 3760 3757 3740
f 3759 3760 3740
f 3727 3752 3726
f 3752 3751 3726
f 3726 3751 3724
f 3751 3750 3724
f 3741 3718 3717
f 3742 3741 3717
f 3744 3743 3715
f 3719 3744 3715
f 3740 3741 3742
f 3743 3740 3742
f 3744 3740 3743
f 3721 3746 3719
f 3765 3764 3731
f 3733 3765 3731
f 3756 3729 3728
f 3761 3765 3733
f 3732 3761 3733
f 3756 3755 3729
f 3755 3730 3729
f 3715 3743 3716
f 3745 3722 3720
f 3747 3723 3722
f 3745 3747 3722
f 3747 3748 3723
f 3750 3746 3721
f 3724 3750 3721
f 3749 3725 3723
f 3753 3754 3740
f 3762 3763 3740
f 3714 3727 3726
f 3714 3726 3724
f 3725 3714 3723
f 3758 3753 3740
f 3757 3758 3740
f 3755 3756 3740
f 3754 3755 3740
f 3733 3731 3714
f 3734 3735 3714
f 3735 3732 3714
f 3714 3724 3721
f 3728 3729 3714
f 3753 3739 3738
f 3759 3763 3735
f 3754 3753 3738
f 3813 3812 3817
f 3815 3813 3817
f 3809 3807 3817
f 3807 3805 3817
f 3791 3780 3807
f 3778 3782 3806
f 3782 3808 3806
f 3817 3802 3800
f 3801 3817 3798
f 3817 3800 3799
f 3817 3799 3796
f 3798 3817 3797
f 3797 3817 3795
f 3817 3796 3794
f 3795 3817 3792
f 3817 3794 3793
f 3815 3788 3813
f 3788 3787 3813
f 3786 3816 3814
f 3810 3811 3817
f 3811 3814 3817
f 3806 3808 3817
f 3808 3810 3817
f 3804 3806 3817
f 3814 3816 3817
f 3816 3815 3817
f 3812 3809 3817
f 3804 3817 3801
f 3817 3803 3802
f 3817 3805 3803
f 3785 3788 3815
f 3817 3793 3792
f 3785 3815 3816
f 3786 3785 3816
f 3800 3775 3799
f 3773 3801 3798
f 3773 3776 3801
f 3779 3777 3802
f 3803 3779 3802
f 3778 3804 3801
f 3807 3780 3805
f 3789 3790 3767
f 3790 3787 3767
f 3780 3791 3767
f 3776 3778 3801
f 3780 3779 3803
f 3805 3780 3803
f 3778 3806 3804
f 3781 3810 3808
f 3809 3789 3807
f 3789 3791 3807
f 3782 3781 3808
f 3784 3811 3810
f 3781 3784 3810
f 3790 3789 3809
f 3812 3790 3809
f 3784 3783 3811
f 3787 3790 3812
f 3813 3787 3812
f 3786 3814 3811
f 3783 3786 3811
f 3799 3774 3796
f 3766 3767 3768
f 3769 3767 3766
f 3767 3778 3776
f 3777 3767 3775
f 3767 3776 3773
f 3767 3772 3770
f 3771 3767 3769
f 3767 3770 3768
f 3779 3767 3777
f 3780 3767 3779
f 3787 3788 3767
f 3788 3785 3767
f 3791 3789 3767
f 3766 3768 3792
f 3783 3784 3767
f 3784 3781 3767
f 3781 3782 3767
f 3782 3778 3767
f 3768 3795 3792
f 3794 3769 3793
f 3771 3769 3794
f 3796 3771 3794
f 3772 3798 3797
f 3770 3772 3797
f 3770 3797 3795
f 3768 3770 3795
f 3767 3773 3772
f 3774 3771 3796
f 3774 3767 3771
f 3775 3767 3774
f 3793 3766 3792
f 3769 3766 3793
f 3785 3786 3767
f 3786 3783 3767
f 3777 3775 3800
f 3802 3777 3800
f 3772 3773 3798
f 3775 3774 3799
f 3824 3818 3821
f 3825 3818 3824
f 3818 3826 3823
f 3831 3843 3818
f 3835 3836 3818
f 3834 3833 3818
f 3818 3833 3832
f 3818 3832 3830
f 3840 3841 3818
f 3841 3842 3818
f 3842 3839 3818
f 3836 3834 3818
f 3852 3827 3850
f 3827 3825 3850
f 3823 3851 3848
f 3850 3825 3849
f 3818 3823 3822
f 3818 3822 3819
f 3821 3818 3820
f 3824 3821 3847
f 3819 3822 3844
f 3822 3848 3844
f 3847 3821 3846
f 3820 3819 3844
f 3831 3818 3829
f 3818 3830 3828
f 3829 3818 3827
f 3818 3828 3826
f 3866 3865 3869
f 3861 3858 3869
f 3863 3861 3869
f 3869 3858 3854
f 3862 3864 3869
f 3868 3866 3869
f 3867 3868 3869
f 3865 3863 3869
f 3864 3867 3869
f 3865 3842 3863
f 3836 3835 3864
f 3839 3842 3865
f 3844 3869 3845
f 3838 3837 3868
f 3868 3837 3866
f 3837 3839 3866
f 3869 3850 3849
f 3832 3857 3856
f 3830 3832 3856
f 3858 3831 3854
f 3869 3846 3845
f 3869 3847 3846
f 3848 3869 3844
f 3869 3849 3847
f 3869 3854 3852
f 3855 3869 3853
f 3856 3869 3855
f 3857 3869 3856
f 3836 3862 3860
f 3840 3843 3861
f 3861 3843 3858
f 3833 3834 3859
f 3826 3853 3851
f 3823 3826 3851
f 3829 3827 3852
f 3854 3829 3852
f 3834 3836 3860
f 3841 3840 3861
f 3863 3841 3861
f 3836 3864 3862
f 3842 3841 3863
f 3849 3824 3847
f 3822 3823 3848
f 3825 3824 3849
f 3866 3839 3865
f 3835 3867 3864
f 3838 3868 3867
f 3835 3838 3867
f 3828 3830 3855
f 3837 3838 3818
f 3838 3835 3818
f 3839 3837 3818
f 3828 3855 3853
f 3826 3828 3853
f 3831 3829 3854
f 3830 3856 3855
f 3833 3859 3857
f 3832 3833 3857
f 3843 3831 3858
f 3834 3860 3859
f 3846 3821 3845
f 3821 3820 3845
f 3820 3844 3845
f 3843 3840 3818
f 3818 3819 3820
f 3827 3818 3825
f 3860 3862 3869
f 3857 3859 3869
f 3851 3869 3848
f 3869 3852 3850
f 3853 3869 3851
f 3859 3860 3869
f 3877 3871 3870
f 3875 3878 3874
f 3879 3878 3875
f 3884 3885 3880
f 3887 3890 3886
f 3956 3952 3954
f 3957 3956 3954
f 3955 3958 3953
f 3959 3958 3955
f 3960 3956 3957
f 3961 3960 3957
f 3959 3961 3958
f 3960 3961 3959
f 3962 3963 3964
f 3933 3929 3928
f 3931 3934 3930
f 3880 3881 3876
f 3955 3953 3952
f 3940 3941 3936
f 3941 3937 3936
f 3939 3940 3938
f 3941 3940 3939
f 3942 3943 3944
f 3945 3943 3942
f 3946 3942 3944
f 3947 3946 3944
f 3945 3948 3943
f 3917 3913 3912
f 3915 3918 3914
f 3919 3918 3915
f 3949 3951 3948
f 3876 3877 3870
f 3986 3983 3980
f 3987 3983 3986
f 3985 3988 3984
f 3989 3988 3985
f 3989 3987 3986
f 3988 3989 3986
f 3990 3991 3992
f 3993 3990 3992
f 3994 3990 3993
f 3995 3992 3991
f 3995 3996 3992
f 3965 3963 3962
f 3966 3962 3964
f 3967 3966 3964
f 3998 3999 4000
f 3999 4001 4000
f 4002 3998 4000
f 4003 4002 4000
f 4004 4001 3999
f 4004 4005 4001
f 4006 4005 4004
f 4006 4002 4003
f 4005 4006 4003
f 4007 4008 4009
f 4008 4010 4009
f 4011 4007 4009
f 4012 4010 4008
f 3978 3979 3977
f 3980 3981 3982
f 3983 3981 3980
f 4015 4013 4011
f 4014 4013 4015
f 4016 4017 4018
f 4019 4016 4018
f 4017 4020 4018
f 4021 4020 4017
f 4022 4016 4019
f 4023 4022 4019
f 4021 4024 4020
f 4025 4024 4021
f 4025 4022 4023
f 4024 4025 4023
f 4026 4027 4028
f 3997 3994 3993
f 3995 3994 3997
f 3996 3995 3997
f 4032 4031 4027
f 4033 4026 4029
f 4034 4033 4029
f 4032 4034 4031
f 4033 4034 4032
f 4035 4036 4037
f 4038 4035 4037
f 4036 4039 4037
f 4040 4039 4036
f 4041 4035 4038
f 4042 4041 4038
f 4040 4043 4039
f 4044 4043 4040
f 4013 4007 4011
f 4014 4010 4012
f 4014 4015 4010
f 4048 4046 4045
f 4049 4046 4048
f 4050 4046 4049
f 4051 4052 4049
f 4052 4050 4049
f 4053 4054 4051
f 4054 4052 4051
f 4053 4055 4054
f 4056 4054 4055
f 4057 4056 4055
f 4058 4057 4059
f 4056 4057 4058
f 4060 4059 4061
f 4029 4026 4028
f 4027 4030 4028
f 4027 4031 4030
f 4060 4061 4063
f 4065 4064 4066
f 4065 4067 4064
f 4067 4062 4064
f 4068 4066 4069
f 4065 4066 4068
f 4070 4071 4072
f 4073 4071 4070
f 4073 4069 4071
f 4068 4069 4073
f 4074 4072 4075
f 4070 4072 4074
f 4076 4077 4075
f 4044 4041 4042
f 4043 4044 4042
f 4045 4046 4047
f 4079 4082 4080
f 4077 4082 4079
f 4077 4078 4082
f 4083 4080 4084
f 4081 4080 4083
f 4085 4084 4086
f 4083 4084 4085
f 4087 4085 4086
f 4088 4087 4086
f 4089 4088 4086
f 4087 4083 4085
f 4087 4036 4083
f 4035 4041 4083
f 4058 4059 4060
f 4062 4063 4064
f 4060 4063 4062
f 4044 4040 4087
f 4044 4081 4041
f 4047 4027 4088
f 4027 4087 4088
f 4026 4033 4087
f 4027 4026 4087
f 4033 4044 4087
f 4032 4027 4047
f 4046 4032 4047
f 4046 4033 4032
f 4017 4016 4081
f 4044 4017 4081
f 4090 4021 4044
f 4077 4074 4075
f 4078 4077 4076
f 4079 4080 4081
f 4090 4025 4021
f 4090 4022 4025
f 4022 4090 4079
f 4008 4007 4044
f 4007 4090 4044
f 4033 4008 4044
f 4046 4090 4033
f 4090 4012 4033
f 4012 4008 4033
f 4013 4090 4007
f 4090 4014 4012
f 4014 4090 4013
f 3873 3871 4079
f 4041 4081 4083
f 4036 4035 4083
f 4040 4036 4087
f 3885 4077 4079
f 4090 3875 4079
f 3875 3873 4079
f 3903 3899 4090
f 3899 3895 4090
f 3895 3891 4090
f 3891 3887 4090
f 3887 3883 4090
f 3883 3879 4090
f 3879 3875 4090
f 3893 3897 4077
f 3897 3901 4077
f 3885 3889 4077
f 4021 4017 4044
f 4016 4022 4081
f 4022 4079 4081
f 3942 3946 4077
f 3946 3969 4077
f 3969 3965 4077
f 3965 3962 4077
f 3945 3942 4077
f 3962 4070 4074
f 3962 3966 4070
f 3966 4073 4070
f 3901 3949 3945
f 3950 3969 3946
f 3969 4073 3966
f 3901 3950 3949
f 3901 3969 3950
f 3871 3877 4079
f 3877 3881 4079
f 3881 3885 4079
f 3969 3971 4073
f 4067 3974 3969
f 3974 3971 3969
f 3952 3956 3969
f 3956 4067 3969
f 3901 3955 3969
f 3955 3952 3969
f 3959 3955 3901
f 3905 3959 3901
f 3909 3959 3905
f 4090 3911 3907
f 4091 3915 4090
f 3915 3911 4090
f 3889 3893 4077
f 3901 3945 4077
f 4077 3962 4074
f 3913 3959 3909
f 4067 3978 3974
f 3960 4067 3956
f 4065 4068 3975
f 3978 4065 3975
f 4062 4067 3960
f 4062 3960 3959
f 4067 4065 3978
f 3917 3959 3913
f 4091 3919 3915
f 3921 3959 3917
f 4091 3923 3919
f 4060 3959 3921
f 4090 3907 3903
f 3975 4068 4073
f 3971 3975 4073
f 4092 3927 4091
f 3929 4060 3925
f 4092 3931 3927
f 3933 4060 3929
f 4092 3935 3931
f 3937 4060 3933
f 4092 3939 3935
f 3941 4060 3937
f 4092 3941 3939
f 4092 4060 3941
f 3991 3990 4092
f 3990 3994 4092
f 3994 4093 4092
f 4090 4092 4091
f 4046 4092 4090
f 4050 4092 4046
f 3995 4093 3994
f 4094 4093 3995
f 3981 3983 4092
f 3983 4060 4092
f 4093 3985 4092
f 3985 3981 4092
f 3987 4060 3983
f 4093 3989 3985
f 3989 4060 3987
f 4093 4060 3989
f 4093 4058 4060
f 4094 3999 4093
f 4095 3999 4094
f 3925 4060 3921
f 4091 3927 3923
f 3959 4060 4062
f 4052 4054 4096
f 4054 4098 4096
f 4098 3999 4095
f 4054 3999 4098
f 3999 3998 4093
f 3998 4002 4093
f 4002 4058 4093
f 4054 4004 3999
f 4054 4006 4004
f 4056 4058 4002
f 4006 4056 4002
f 4054 4056 4006
f 4047 4088 4089
f 4050 4094 4092
f 4094 3991 4092
f 4094 3995 3991
f 4080 4099 4086
f 4038 4037 4086
f 4037 4039 4086
f 4039 4100 4086
f 4099 4042 4038
f 4043 4100 4039
f 4099 4043 4042
f 4099 4100 4043
f 4010 4086 4100
f 4010 4029 4086
f 4029 4028 4086
f 4028 4089 4086
f 4030 4045 4089
f 4052 4096 4050
f 4096 4097 4050
f 4097 4094 4050
f 4034 4045 4031
f 4010 4045 4034
f 4019 4018 4080
f 4018 4099 4080
f 4018 4020 4099
f 4049 4100 4099
f 4020 4049 4099
f 4023 4019 4080
f 4024 4049 4020
f 4023 4049 4024
f 4082 4023 4080
f 4049 4011 4100
f 4011 4009 4100
f 4045 4047 4089
f 4080 4086 4084
f 4099 4038 4086
f 4015 4049 4010
f 4049 4015 4011
f 3880 3876 4082
f 3888 3884 4082
f 3884 3880 4082
f 3876 3870 4082
f 3870 3872 4082
f 3872 4023 4082
f 3898 3993 4023
f 3894 3898 4023
f 3890 3894 4023
f 3878 3882 4023
f 3882 3886 4023
f 4028 4030 4089
f 4031 4045 4030
f 4010 4034 4029
f 3993 4049 4023
f 4078 3943 4082
f 3943 3904 4082
f 3904 3900 4082
f 3900 3896 4082
f 3896 3892 4082
f 3892 3888 4082
f 3944 3943 4078
f 3964 4076 4075
f 3968 3972 4076
f 3963 3968 4076
f 3964 3963 4076
f 3972 3947 4076
f 4009 4010 4100
f 4048 4045 4010
f 4049 4048 4010
f 3967 3964 4072
f 4071 3967 4072
f 3902 3993 3898
f 3948 3904 3943
f 4071 3970 3967
f 3972 3951 3947
f 3970 3972 3968
f 3972 3904 3948
f 3951 3972 3948
f 4071 3972 3970
f 3906 3993 3902
f 4069 3976 4071
f 3976 3973 4071
f 3886 3890 4023
f 3872 3874 4023
f 3874 3878 4023
f 3954 3904 3972
f 3977 4064 3972
f 3953 3958 3904
f 3958 4064 3904
f 3954 3953 3904
f 4064 3908 3904
f 3910 3993 3906
f 4064 3912 3908
f 3914 3993 3910
f 4069 3979 3976
f 4064 3961 3957
f 4069 4066 3979
f 3979 4064 3977
f 3947 3944 4076
f 3944 4078 4076
f 4072 3964 4075
f 3918 3993 3914
f 4064 3920 3916
f 3922 3993 3918
f 4063 3924 3920
f 4064 4063 3920
f 3926 3993 3922
f 4063 3928 3924
f 3930 3993 3926
f 4063 3932 3928
f 3934 3993 3930
f 4063 3936 3932
f 3938 3993 3934
f 4063 3940 3936
f 3973 3972 4071
f 4064 3957 3972
f 3957 3954 3972
f 3992 3996 4049
f 4101 3997 3993
f 4101 3996 3997
f 4061 3980 4063
f 3980 3982 4063
f 3982 3993 4063
f 3984 4101 3993
f 3982 3984 3993
f 4061 3986 3980
f 3988 4101 3984
f 4061 3988 3986
f 4061 4101 3988
f 4055 3996 4101
f 3961 4064 3958
f 4066 4064 3979
f 4064 3916 3912
f 4103 4049 3996
f 4053 4051 4049
f 4105 4053 4049
f 4103 4105 4049
f 4106 4053 4105
f 4055 4106 4104
f 4055 4053 4106
f 4003 4000 4061
f 4059 4003 4061
f 4000 4101 4061
f 4001 4055 4101
f 4000 4001 4101
f 4005 4055 4001
f 4063 3993 3938
f 3940 4063 3938
f 3992 4049 3993
f 4097 4103 4094
f 4097 4105 4103
f 3899 3898 3895
f 3900 3901 3896
f 3904 3905 3900
f 3905 3901 3900
f 3881 3877 3876
f 3903 3906 3902
f 3907 3906 3903
f 4095 4094 4102
f 4104 4095 4102
f 4096 4106 4105
f 4098 4106 4096
f 4098 4095 4104
f 4106 4098 4104
f 4102 4103 3996
f 4104 4102 3996
f 4055 4104 3996
f 3887 3886 3883
f 3920 3921 3916
f 3921 3917 3916
f 4059 4005 4003
f 4057 4055 4005
f 4059 4057 4005
f 4102 4094 4103
f 4096 4105 4097
f 3891 3890 3887
f 3892 3893 3888
f 3893 3889 3888
f 3891 3894 3890
f 3895 3894 3891
f 3896 3897 3892
f 3897 3893 3892
f 3895 3898 3894
f 3901 3897 3896
f 3899 3902 3898
f 3903 3902 3899
f 3936 3937 3932
f 3937 3933 3932
f 3908 3909 3904
f 3909 3905 3904
f 3907 3910 3906
f 3911 3910 3907
f 3912 3913 3908
f 3913 3909 3908
f 3911 3914 3910
f 3915 3914 3911
f 3916 3917 3912
f 3885 3881 3880
f 3883 3886 3882
f 3935 3934 3931
f 3965 3968 3963
f 3883 3882 3879
f 3879 3882 3878
f 3939 3938 3935
f 3919 3922 3918
f 3923 3922 3919
f 3924 3925 3920
f 3925 3921 3920
f 3923 3926 3922
f 3927 3926 3923
f 3928 3929 3924
f 3929 3925 3924
f 3927 3930 3926
f 3931 3930 3927
f 3932 3933 3928
f 3970 3966 3967
f 3969 3966 3970
f 3969 3970 3968
f 3971 3972 3973
f 3974 3972 3971
f 3975 3971 3973
f 3976 3975 3973
f 3974 3977 3972
f 3978 3977 3974
f 3979 3975 3976
f 3978 3975 3979
f 3949 3948 3945
f 3950 3946 3947
f 3951 3950 3947
f 3981 3984 3982
f 3985 3984 3981
f 3875 3874 3873
f 3873 3874 3872
f 3871 3873 3872
f 3870 3871 3872
f 3950 3951 3949
f 3889 3885 3884
f 3969 3968 3965
f 3935 3938 3934
f 3952 3953 3954
f 3888 3889 3884
f 4174 4175 4138
f 4124 4127 4146
f 4128 4126 4147
f 4149 4128 4147
f 4127 4150 4148
f 4151 4128 4149
f 4129 4152 4150
f 4127 4129 4150
f 4130 4128 4151
f 4153 4130 4151
f 4118 4117 4134
f 4116 4135 4133
f 4123 4135 4116
f 4131 4156 4154
f 4132 4130 4155
f 4122 4137 4123
f 4119 4118 4136
f 4133 4158 4131
f 4159 4132 4157
f 4133 4160 4158
f 4159 4134 4132
f 4161 4160 4133
f 4162 4134 4159
f 4135 4163 4133
f 4163 4161 4133
f 4164 4134 4162
f 4124 4144 4140
f 4125 4124 4140
f 4126 4125 4143
f 4137 4167 4135
f 4167 4165 4135
f 4147 4126 4145
f 4127 4148 4146
f 4166 4168 4136
f 4169 4167 4137
f 4168 4170 4136
f 4170 4138 4136
f 4139 4171 4137
f 4171 4169 4137
f 4170 4172 4138
f 4173 4171 4139
f 4172 4174 4138
f 4138 4175 4139
f 4175 4173 4139
f 4129 4154 4152
f 4131 4154 4129
f 4155 4130 4153
f 4157 4132 4155
f 4131 4158 4156
f 4120 4119 4136
f 4138 4120 4136
f 4122 4139 4137
f 4121 4139 4122
f 4121 4138 4139
f 4120 4138 4121
f 4125 4140 4141
f 4142 4125 4141
f 4143 4125 4142
f 4108 4127 4124
f 4110 4127 4108
f 4111 4109 4126
f 4145 4126 4143
f 4124 4146 4144
f 4112 4129 4110
f 4113 4111 4128
f 4130 4113 4128
f 4112 4131 4129
f 4114 4131 4112
f 4115 4113 4130
f 4132 4115 4130
f 4114 4133 4131
f 4116 4133 4114
f 4117 4115 4132
f 4134 4117 4132
f 4107 4112 4110
f 4113 4107 4111
f 4107 4114 4112
f 4136 4118 4134
f 4123 4137 4135
f 4117 4107 4115
f 4117 4118 4107
f 4164 4136 4134
f 4165 4163 4135
f 4118 4119 4107
f 4119 4120 4107
f 4121 4122 4107
f 4120 4121 4107
f 4122 4123 4107
f 4123 4116 4107
f 4109 4124 4125
f 4108 4124 4109
f 4126 4109 4125
f 4128 4111 4126
f 4110 4129 4127
f 4166 4136 4164
f 4107 4108 4109
f 4107 4110 4108
f 4111 4107 4109
f 4115 4107 4113
f 4107 4116 4114
f 4191 4234 4232
f 4211 4212 4205
f 4210 4209 4208
f 4208 4209 4207
f 4188 4232 4230
f 4231 4187 4228
f 4250 4213 4211
f 4248 4250 4211
f 4249 4247 4209
f 4250 4252 4213
f 4213 4253 4215
f 4253 4251 4215
f 4182 4186 4225
f 4187 4183 4224
f 4188 4229 4227
f 4186 4188 4227
f 4208 4207 4204
f 4179 4177 4176
f 4210 4215 4209
f 4176 4177 4178
f 4212 4206 4205
f 4214 4212 4211
f 4226 4187 4224
f 4186 4227 4225
f 4195 4234 4191
f 4252 4253 4213
f 4233 4193 4231
f 4182 4225 4223
f 4193 4187 4231
f 4215 4251 4209
f 4251 4249 4209
f 4191 4232 4188
f 4188 4230 4229
f 4228 4187 4226
f 4237 4196 4235
f 4199 4238 4195
f 4238 4236 4195
f 4237 4200 4196
f 4239 4238 4199
f 4240 4200 4237
f 4203 4241 4199
f 4216 4215 4210
f 4216 4213 4215
f 4214 4213 4216
f 4178 4217 4218
f 4219 4178 4218
f 4180 4178 4219
f 4220 4180 4219
f 4177 4221 4217
f 4178 4177 4217
f 4193 4194 4187
f 4194 4190 4187
f 4192 4195 4191
f 4177 4182 4221
f 4213 4214 4211
f 4197 4199 4195
f 4200 4198 4196
f 4201 4199 4197
f 4202 4198 4200
f 4201 4203 4199
f 4204 4203 4201
f 4205 4206 4200
f 4206 4202 4200
f 4180 4181 4178
f 4184 4186 4182
f 4185 4181 4183
f 4184 4182 4179
f 4183 4181 4180
f 4179 4182 4177
f 4181 4176 4178
f 4189 4188 4184
f 4187 4185 4183
f 4197 4195 4192
f 4196 4194 4193
f 4192 4191 4189
f 4189 4191 4188
f 4190 4185 4187
f 4198 4194 4196
f 4242 4200 4240
f 4184 4188 4186
f 4243 4241 4203
f 4244 4200 4242
f 4207 4245 4203
f 4245 4243 4203
f 4244 4246 4205
f 4209 4247 4207
f 4247 4245 4207
f 4246 4248 4205
f 4248 4211 4205
f 4241 4239 4199
f 4183 4180 4220
f 4222 4183 4220
f 4182 4223 4221
f 4244 4205 4200
f 4224 4183 4222
f 4196 4193 4233
f 4235 4196 4233
f 4195 4236 4234
f 4204 4207 4203
f 4256 4255 4296
f 4298 4256 4297
f 4256 4296 4297
f 4294 4295 4293
f 4270 4268 4269
f 4295 4294 4291
f 4294 4290 4291
f 4269 4268 4265
f 4268 4264 4265
f 4259 4257 4256
f 4262 4261 4258
f 4258 4261 4255
f 4293 4295 4292
f 4254 4255 4256
f 4257 4254 4256
f 4258 4255 4254
f 4287 4286 4283
f 4283 4282 4280
f 4280 4282 4279
f 4281 4277 4278
f 4280 4279 4276
f 4276 4279 4275
f 4278 4277 4274
f 4277 4273 4274
f 4276 4275 4272
f 4272 4275 4271
f 4274 4273 4270
f 4273 4268 4270
f 4260 4257 4259
f 4328 4326 4286
f 4327 4329 4291
f 4331 4295 4291
f 4331 4332 4295
f 4332 4330 4292
f 4295 4332 4292
f 4330 4328 4292
f 4282 4320 4279
f 4318 4317 4275
f 4319 4278 4316
f 4314 4274 4312
f 4274 4270 4312
f 4271 4313 4311
f 4312 4270 4310
f 4271 4311 4266
f 4266 4311 4309
f 4329 4331 4291
f 4270 4269 4308
f 4261 4266 4307
f 4266 4309 4307
f 4292 4328 4286
f 4327 4291 4289
f 4325 4327 4289
f 4326 4324 4286
f 4325 4289 4285
f 4323 4325 4285
f 4324 4322 4282
f 4286 4324 4282
f 4323 4285 4321
f 4322 4320 4282
f 4321 4285 4278
f 4321 4278 4319
f 4316 4274 4314
f 4275 4317 4315
f 4316 4278 4274
f 4279 4318 4275
f 4259 4256 4298
f 4299 4259 4298
f 4271 4315 4313
f 4275 4315 4271
f 4255 4300 4296
f 4320 4318 4279
f 4293 4292 4287
f 4287 4292 4286
f 4291 4290 4289
f 4290 4288 4289
f 4289 4288 4285
f 4288 4284 4285
f 4310 4270 4308
f 4283 4286 4282
f 4285 4284 4278
f 4284 4281 4278
f 4308 4269 4306
f 4269 4265 4306
f 4261 4307 4304
f 4306 4265 4305
f 4265 4263 4305
f 4305 4263 4303
f 4255 4261 4302
f 4261 4304 4302
f 4303 4263 4301
f 4263 4259 4301
f 4255 4302 4300
f 4301 4259 4299
f 4272 4271 4267
f 4265 4264 4263
f 4262 4266 4261
f 4267 4266 4262
f 4263 4260 4259
f 4267 4271 4266
f 4263 4264 4260
f 4387 4391 4388
f 4393 4389 4390
f 4391 4392 4388
f 4395 4399 4396
f 4398 4397 4394
f 4397 4393 4394
f 4391 4395 4392
f 4395 4396 4392
f 4401 4397 4398
f 4399 4400 4396
f 4403 4405 4404
f 4394 4393 4390
f 4366 4365 4362
f 4366 4369 4365
f 4368 4364 4363
f 4367 4368 4363
f 4343 4339 4338
f 4376 4373 4374
f 4378 4379 4375
f 4380 4376 4377
f 4378 4375 4371
f 4348 4349 4345
f 4344 4348 4345
f 4350 4351 4346
f 4374 4373 4370
f 4373 4369 4370
f 4372 4368 4367
f 4371 4372 4367
f 4370 4369 4366
f 4344 4345 4341
f 4340 4344 4341
f 4347 4343 4342
f 4386 4385 4384
f 4389 4385 4386
f 4387 4388 4383
f 4387 4383 4382
f 4390 4389 4386
f 4358 4361 4357
f 4360 4355 4354
f 4359 4360 4354
f 4363 4364 4359
f 4364 4360 4359
f 4362 4365 4361
f 4402 4401 4398
f 4404 4405 4402
f 4371 4375 4372
f 4405 4401 4402
f 4399 4403 4400
f 4385 4380 4381
f 4377 4376 4374
f 4403 4404 4400
f 4384 4385 4381
f 4382 4379 4378
f 4381 4380 4377
f 4382 4383 4379
f 4362 4361 4358
f 4358 4357 4356
f 4356 4357 4353
f 4352 4356 4353
f 4355 4351 4350
f 4354 4355 4350
f 4352 4353 4349
f 4348 4352 4349
f 4351 4347 4346
f 4340 4341 4337
f 4336 4340 4337
f 4339 4334 4333
f 4338 4339 4333
f 4336 4337 4335
f 4334 4336 4335
f 4333 4334 4335
f 4342 4343 4338
f 4346 4347 4342
f 4440 4435 4436
f 4441 4440 4436
f 4470 4471 4466
f 4468 4469 4465
f 4464 4468 4465
f 4439 4438 4437
f 4474 4475 4470
f 4449 4450 4446
f 4445 4448 4444
f 4447 4442 4443
f 4446 4447 4443
f 4445 4444 4441
f 4444 4440 4441
f 4443 4442 4439
f 4458 4459 4453
f 4425 4426 4422
f 4424 4423 4420
f 4423 4419 4420
f 4454 4450 4449
f 4453 4454 4449
f 4451 4452 4448
f 4451 4448 4445
f 4450 4447 4446
f 4417 4418 4414
f 4416 4415 4412
f 4415 4411 4412
f 4406 4413 4407
f 4413 4414 4407
f 4412 4411 4410
f 4411 4409 4410
f 4439 4442 4438
f 4409 4406 4408
f 4406 4407 4408
f 4433 4437 4434
f 4437 4438 4434
f 4476 4478 4477
f 4456 4457 4452
f 4467 4463 4462
f 4466 4467 4462
f 4433 4434 4430
f 4432 4431 4428
f 4431 4427 4428
f 4425 4429 4426
f 4429 4430 4426
f 4428 4427 4424
f 4427 4423 4424
f 4435 4431 4432
f 4421 4425 4422
f 4429 4433 4430
f 4436 4435 4432
f 4417 4421 4418
f 4413 4417 4414
f 4419 4415 4416
f 4420 4419 4416
f 4421 4422 4418
f 4472 4473 4469
f 4468 4472 4469
f 4471 4467 4466
f 4459 4454 4453
f 4456 4460 4457
f 4460 4461 4457
f 4462 4463 4458
f 4463 4459 4458
f 4455 4456 4452
f 4410 4409 4408
f 4475 4471 4470
f 4472 4476 4473
f 4476 4477 4473
f 4477 4478 4474
f 4478 4475 4474
f 4451 4455 4452
f 4464 4465 4461
f 4460 4464 4461
f 4486 4490 4487
f 4482 4486 4483
f 4535 4531 4532
f 4536 4535 4532
f 4537 4538 4534
f 4485 4480 4479
f 4539 4535 4536
f 4540 4539 4536
f 4541 4542 4538
f 4537 4541 4538
f 4509 4510 4505
f 4510 4506 4505
f 4508 4511 4507
f 4512 4511 4508
f 4513 4514 4509
f 4514 4510 4509
f 4512 4515 4511
f 4516 4515 4512
f 4517 4518 4513
f 4518 4514 4513
f 4486 4487 4483
f 4488 4489 4484
f 4489 4485 4484
f 4522 4519 4520
f 4490 4491 4487
f 4528 4525 4524
f 4528 4529 4525
f 4530 4531 4527
f 4531 4526 4527
f 4532 4531 4530
f 4533 4529 4528
f 4533 4534 4529
f 4502 4503 4499
f 4504 4503 4502
f 4505 4506 4500
f 4533 4537 4534
f 4504 4507 4503
f 4508 4507 4504
f 4549 4550 4546
f 4545 4549 4546
f 4519 4515 4516
f 4520 4519 4516
f 4517 4521 4518
f 4523 4522 4520
f 4524 4521 4517
f 4524 4525 4521
f 4526 4522 4523
f 4527 4526 4523
f 4543 4539 4540
f 4544 4543 4540
f 4545 4546 4542
f 4541 4545 4542
f 4547 4543 4544
f 4548 4547 4544
f 4551 4547 4548
f 4550 4551 4548
f 4549 4551 4550
f 4492 4493 4488
f 4493 4489 4488
f 4490 4494 4491
f 4494 4495 4491
f 4496 4497 4492
f 4497 4493 4492
f 4494 4498 4495
f 4498 4499 4495
f 4500 4501 4496
f 4501 4497 4496
f 4498 4502 4499
f 4506 4501 4500
f 4479 4480 4481
f 4480 4482 4481
f 4482 4483 4481
f 4484 4485 4479
f 4560 4559 4556
f 4556 4559 4557
f 4556 4557 4558
f 4553 4555 4554
f 4590 4589 4586
f 4584 4585 4586
f 4581 4583 4562
f 4587 4618 4609
f 4618 4619 4609
f 4617 4561 4608
f 4616 4617 4608
f 4640 4635 4633
f 4613 4610 4597
f 4615 4608 4597
f 4611 4615 4597
f 4636 4634 4589
f 4629 4630 4620
f 4610 4611 4597
f 4609 4596 4587
f 4608 4561 4607
f 4597 4608 4606
f 4607 4561 4603
f 4597 4606 4598
f 4630 4629 4628
f 4628 4629 4612
f 4628 4612 4604
f 4604 4612 4627
f 4594 4649 4648
f 4627 4612 4614
f 4626 4620 4619
f 4625 4561 4612
f 4646 4648 4554
f 4647 4597 4646
f 4612 4561 4623
f 4623 4561 4622
f 4612 4623 4621
f 4622 4561 4617
f 4612 4621 4613
f 4619 4620 4609
f 4643 4638 4642
f 4642 4639 4640
f 4640 4639 4635
f 4641 4636 4589
f 4639 4638 4637
f 4637 4629 4626
f 4638 4629 4637
f 4589 4634 4631
f 4626 4629 4620
f 4649 4552 4554
f 4594 4648 4646
f 4633 4635 4631
f 4634 4632 4631
f 4589 4631 4624
f 4632 4633 4631
f 4648 4649 4554
f 4594 4552 4649
f 4557 4650 4580
f 4558 4557 4580
f 4644 4645 4641
f 4638 4639 4642
f 4645 4636 4641
f 4644 4643 4645
f 4644 4638 4643
f 4597 4594 4646
f 4558 4580 4578
f 4615 4616 4608
f 4589 4587 4586
f 4588 4584 4586
f 4587 4588 4586
f 4614 4612 4597
f 4612 4613 4597
f 4581 4562 4564
f 4564 4577 4574
f 4581 4564 4574
f 4582 4581 4572
f 4572 4581 4574
f 4560 4561 4559
f 4576 4567 4574
f 4572 4574 4573
f 4571 4572 4573
f 4580 4570 4567
f 4579 4578 4576
f 4576 4578 4567
f 4578 4580 4567
f 4570 4568 4567
f 4562 4563 4564
f 4565 4566 4563
f 4562 4565 4563
f 4575 4572 4571
f 4569 4573 4574
f 4601 4602 4560
f 4567 4569 4574
f 4577 4576 4574
f 4597 4598 4594
f 4599 4600 4594
f 4567 4568 4569
f 4588 4591 4584
f 4553 4552 4593
f 4596 4595 4588
f 4587 4596 4588
f 4588 4595 4592
f 4552 4594 4560
f 4593 4552 4560
f 4624 4618 4587
f 4604 4553 4593
f 4603 4561 4560
f 4602 4603 4560
f 4604 4627 4605
f 4552 4553 4554
f 4592 4593 4560
f 4588 4592 4591
f 4592 4560 4591
f 4589 4624 4587
f 4598 4599 4594
f 4600 4560 4594
f 4604 4605 4553
f 4600 4601 4560
f 4656 4652 4655
f 4652 4656 4651
f 4651 4656 4654
f 4655 4652 4653
f 4651 4654 4653
f 4652 4651 4653
f 4660 4657 4659
f 4676 4675 4674
f 4680 4679 4676
f 4657 4658 4659
f 4664 4665 4658
f 4727 4729 4728
f 4709 4710 4705
f 4710 4706 4705
f 4707 4711 4708
f 4713 4714 4709
f 4714 4710 4709
f 4711 4715 4712
f 4715 4716 4712
f 4717 4718 4713
f 4685 4686 4682
f 4681 4685 4682
f 4687 4683 4684
f 4688 4687 4684
f 4689 4690 4686
f 4685 4689 4686
f 4719 4723 4720
f 4723 4724 4720
f 4693 4692 4688
f 4691 4694 4690
f 4695 4694 4691
f 4727 4728 4724
f 4697 4696 4693
f 4695 4698 4694
f 4699 4698 4695
f 4697 4700 4696
f 4664 4668 4665
f 4670 4671 4667
f 4671 4666 4667
f 4672 4673 4669
f 4668 4672 4669
f 4674 4671 4670
f 4701 4707 4704
f 4707 4708 4704
f 4677 4678 4673
f 4672 4677 4673
f 4679 4675 4676
f 4711 4712 4708
f 4681 4682 4678
f 4677 4681 4678
f 4683 4679 4680
f 4684 4683 4680
f 4691 4690 4689
f 4657 4664 4658
f 4693 4696 4692
f 4663 4662 4661
f 4662 4660 4661
f 4661 4660 4659
f 4688 4692 4687
f 4668 4669 4665
f 4675 4671 4674
f 4666 4662 4663
f 4667 4666 4663
f 4718 4714 4713
f 4721 4722 4717
f 4719 4720 4716
f 4715 4719 4716
f 4706 4702 4703
f 4701 4700 4697
f 4703 4702 4699
f 4699 4702 4698
f 4722 4718 4717
f 4705 4706 4703
f 4729 4726 4725
f 4701 4704 4700
f 4725 4726 4721
f 4728 4729 4725
f 4723 4727 4724
f 4726 4722 4721
f 4761 4760 4744
f 4747 4762 4763
f 4764 4747 4763
f 4749 4747 4764
f 4765 4749 4764
f 4747 4766 4762
f 4767 4749 4765
f 4748 4768 4766
f 4747 4748 4766
f 4791 4792 4758
f 4792 4789 4758
f 4748 4770 4768
f 4771 4751 4769
f 4750 4772 4770
f 4794 4791 4758
f 4773 4751 4771
f 4796 4794 4760
f 4795 4797 4761
f 4761 4798 4760
f 4798 4796 4760
f 4797 4798 4761
f 4756 4742 4741
f 4758 4757 4746
f 4751 4749 4767
f 4769 4751 4767
f 4752 4750 4735
f 4738 4752 4735
f 4753 4739 4736
f 4748 4750 4770
f 4754 4752 4738
f 4750 4774 4772
f 4753 4751 4773
f 4775 4753 4773
f 4752 4776 4774
f 4750 4752 4774
f 4777 4753 4775
f 4752 4778 4776
f 4781 4755 4779
f 4754 4782 4780
f 4781 4756 4755
f 4754 4784 4782
f 4790 4793 4759
f 4793 4761 4759
f 4760 4794 4758
f 4793 4795 4761
f 4748 4747 4732
f 4733 4748 4732
f 4749 4734 4730
f 4747 4749 4730
f 4750 4748 4733
f 4755 4740 4739
f 4753 4755 4739
f 4737 4754 4738
f 4756 4741 4740
f 4755 4756 4740
f 4757 4754 4737
f 4746 4757 4737
f 4745 4758 4746
f 4756 4759 4742
f 4740 4741 4731
f 4742 4743 4731
f 4741 4742 4731
f 4744 4760 4745
f 4744 4745 4731
f 4745 4746 4731
f 4746 4737 4731
f 4747 4730 4732
f 4779 4755 4777
f 4754 4780 4778
f 4759 4743 4742
f 4760 4758 4745
f 4759 4761 4743
f 4783 4756 4781
f 4761 4744 4743
f 4757 4784 4754
f 4785 4784 4757
f 4783 4786 4756
f 4787 4785 4757
f 4786 4788 4756
f 4788 4759 4756
f 4758 4789 4757
f 4789 4787 4757
f 4788 4790 4759
f 4754 4778 4752
f 4777 4755 4753
f 4735 4750 4733
f 4751 4736 4734
f 4749 4751 4734
f 4751 4753 4736
f 4730 4731 4732
f 4731 4733 4732
f 4734 4731 4730
f 4731 4735 4733
f 4736 4731 4734
f 4737 4738 4731
f 4738 4735 4731
f 4739 4740 4731
f 4736 4739 4731
f 4743 4744 4731
f 4856 4854 4853
f 4852 4855 4853
f 4855 4856 4853
f 4854 4807 4853
f 4853 4807 4809
f 4805 4830 4851
f 4805 4851 4852
f 4805 4804 4830
f 4850 4848 4849
f 4826 4825 4820
f 4849 4847 4846
f 4824 4821 4820
f 4821 4822 4801
f 4823 4799 4801
f 4845 4846 4841
f 4842 4837 4840
f 4870 4866 4858
f 4851 4861 4869
f 4851 4869 4862
f 4869 4861 4860
f 4868 4865 4856
f 4866 4867 4858
f 4865 4854 4856
f 4864 4810 4807
f 4863 4859 4852
f 4812 4838 4835
f 4851 4862 4852
f 4837 4827 4825
f 4826 4837 4825
f 4825 4827 4828
f 4858 4857 4852
f 4857 4855 4852
f 4879 4874 4865
f 4879 4865 4866
f 4866 4865 4868
f 4866 4868 4867
f 4878 4813 4875
f 4851 4877 4866
f 4875 4813 4810
f 4851 4866 4876
f 4876 4866 4870
f 4850 4849 4846
f 4875 4810 4864
f 4849 4848 4842
f 4842 4848 4837
f 4846 4847 4841
f 4871 4861 4851
f 4861 4870 4858
f 4889 4885 4888
f 4885 4887 4888
f 4882 4885 4880
f 4885 4889 4880
f 4887 4886 4884
f 4888 4887 4884
f 4813 4884 4886
f 4885 4882 4879
f 4852 4859 4858
f 4862 4863 4852
f 4879 4882 4872
f 4860 4861 4858
f 4882 4880 4878
f 4859 4860 4858
f 4880 4881 4878
f 4874 4872 4864
f 4884 4813 4883
f 4872 4873 4864
f 4873 4875 4864
f 4851 4876 4871
f 4879 4872 4874
f 4881 4883 4878
f 4878 4883 4813
f 4820 4808 4811
f 4819 4820 4811
f 4818 4819 4811
f 4845 4841 4843
f 4843 4841 4812
f 4840 4837 4836
f 4812 4841 4838
f 4839 4840 4835
f 4836 4837 4834
f 4832 4833 4818
f 4831 4829 4804
f 4812 4832 4818
f 4833 4834 4818
f 4802 4800 4799
f 4799 4800 4801
f 4806 4803 4805
f 4803 4804 4805
f 4807 4808 4809
f 4806 4800 4803
f 4812 4818 4811
f 4803 4817 4804
f 4800 4806 4814
f 4800 4814 4801
f 4814 4816 4815
f 4813 4812 4810
f 4829 4830 4804
f 4828 4827 4823
f 4827 4799 4823
f 4825 4824 4820
f 4822 4823 4801
f 4821 4801 4808
f 4820 4821 4808
f 4843 4812 4844
f 4838 4839 4835
f 4814 4815 4801
f 4829 4831 4799
f 4827 4829 4799
f 4810 4811 4807
f 4811 4808 4807
f 4812 4811 4810
f 4834 4837 4826
f 4836 4834 4833
f 4812 4835 4832
f 4842 4840 4839
f 4890 4898 4896
f 4893 4890 4892
f 4890 4894 4891
f 4890 4900 4898
f 4890 4891 4892
f 4901 4890 4899
f 4890 4902 4900
f 4903 4890 4901
f 4904 4905 4890
f 4892 4891 4907
f 4906 4892 4907
f 4903 4904 4890
f 4905 4902 4890
f 4925 4906 4924
f 4907 4926 4922
f 4909 4893 4906
f 4891 4894 4908
f 4895 4893 4909
f 4907 4908 4926
f 4911 4895 4909
f 4908 4930 4928
f 4908 4931 4930
f 4911 4909 4929
f 4932 4911 4929
f 4910 4933 4931
f 4908 4910 4931
f 4934 4911 4932
f 4910 4935 4933
f 4936 4911 4934
f 4898 4900 4916
f 4901 4899 4915
f 4895 4890 4893
f 4890 4896 4894
f 4897 4890 4895
f 4903 4901 4918
f 4899 4890 4897
f 4902 4920 4917
f 4902 4905 4920
f 4905 4921 4920
f 4921 4904 4919
f 4904 4903 4919
f 4905 4904 4921
f 4907 4922 4923
f 4906 4907 4923
f 4924 4906 4923
f 4891 4908 4907
f 4893 4892 4906
f 4894 4896 4910
f 4894 4910 4908
f 4896 4898 4912
f 4913 4897 4911
f 4896 4912 4910
f 4897 4895 4911
f 4898 4914 4912
f 4899 4897 4913
f 4915 4899 4913
f 4898 4916 4914
f 4950 4952 4919
f 4953 4951 4920
f 4929 4909 4927
f 4951 4949 4917
f 4947 4946 4916
f 4948 4915 4945
f 4909 4906 4925
f 4927 4909 4925
f 4908 4928 4926
f 4950 4919 4918
f 4917 4947 4916
f 4946 4944 4916
f 4941 4913 4938
f 4900 4902 4917
f 4945 4915 4943
f 4944 4942 4914
f 4916 4944 4914
f 4943 4915 4941
f 4915 4913 4941
f 4942 4940 4914
f 4948 4918 4915
f 4949 4947 4917
f 4920 4951 4917
f 4950 4918 4948
f 4912 4939 4910
f 4940 4939 4912
f 4910 4939 4937
f 4938 4913 4936
f 4958 4957 4921
f 4956 4958 4921
f 4914 4940 4912
f 4919 4903 4918
f 4918 4901 4915
f 4900 4917 4916
f 4913 4911 4936
f 4910 4937 4935
f 4957 4955 4921
f 4956 4921 4919
f 4954 4956 4919
f 4955 4953 4920
f 4921 4955 4920
f 4952 4954 4919
f 5005 5008 5004
f 5007 5003 5002
f 5031 5030 5029
f 5027 5028 5024
f 4997 4996 4991
f 5030 5026 5025
f 5027 5031 5028
f 5031 5029 5028
f 4994 4995 4993
f 4995 4992 4993
f 4993 4992 4989
f 5011 5008 5005
f 5013 5014 5009
f 5009 5010 5006
f 5019 5023 5020
f 5023 5024 5020
f 5010 5007 5006
f 5025 5026 5021
f 5026 5022 5021
f 5023 5027 5024
f 5029 5030 5025
f 4989 4992 4988
f 4985 4984 4980
f 4986 4982 4983
f 5005 5004 5001
f 4980 4984 4981
f 4989 4988 4985
f 4990 4986 4987
f 4987 4986 4983
f 4985 4988 4984
f 5004 5000 5001
f 5006 5007 5002
f 4991 4990 4987
f 4970 4974 4971
f 4974 4975 4971
f 4973 4972 4969
f 4980 4981 4977
f 4982 4978 4979
f 4983 4982 4979
f 4974 4976 4975
f 5014 5010 5009
f 5015 5012 5011
f 5015 5016 5012
f 5017 5018 5013
f 4978 4972 4973
f 4979 4978 4973
f 5011 5012 5008
f 4976 4980 4977
f 5021 5022 5017
f 5019 5020 5016
f 5015 5019 5016
f 5018 5014 5013
f 5022 5018 5017
f 4959 4960 4961
f 4962 4959 4961
f 4963 4962 4961
f 4996 4990 4991
f 4965 4964 4963
f 4998 4999 4994
f 4999 4995 4994
f 5000 4996 4997
f 5001 5000 4997
f 5002 5003 4998
f 5003 4999 4998
f 4976 4977 4975
f 4970 4971 4967
f 4966 4970 4967
f 4972 4968 4969
f 4964 4962 4963
f 4966 4967 4960
f 4959 4966 4960
f 4968 4964 4965
f 4969 4968 4965
f 5032 5042 5040
f 5043 5032 5041
f 5048 5062 5060
f 5044 5045 5032
f 5063 5046 5061
f 5046 5045 5061
f 5047 5063 5062
f 5052 5070 5068
f 5069 5051 5067
f 5091 5059 5089
f 5090 5088 5060
f 5053 5079 5077
f 5078 5054 5075
f 5053 5077 5076
f 5053 5076 5074
f 5046 5063 5047
f 5050 5064 5065
f 5066 5050 5065
f 5051 5050 5066
f 5049 5060 5058
f 5044 5043 5059
f 5056 5054 5078
f 5055 5079 5053
f 5041 5032 5039
f 5047 5048 5032
f 5046 5047 5032
f 5045 5046 5032
f 5043 5044 5032
f 5039 5032 5037
f 5049 5058 5042
f 5059 5043 5057
f 5057 5041 5056
f 5042 5055 5040
f 5043 5041 5057
f 5042 5058 5055
f 5040 5055 5038
f 5056 5041 5054
f 5041 5039 5054
f 5039 5037 5054
f 5037 5035 5051
f 5036 5052 5033
f 5050 5068 5064
f 5067 5051 5066
f 5032 5040 5038
f 5037 5032 5035
f 5035 5032 5034
f 5032 5038 5036
f 5049 5042 5032
f 5048 5049 5032
f 5033 5050 5034
f 5051 5035 5050
f 5032 5033 5034
f 5032 5036 5033
f 5033 5052 5050
f 5035 5034 5050
f 5057 5056 5080
f 5058 5085 5055
f 5055 5083 5081
f 5082 5057 5080
f 5091 5061 5059
f 5092 5090 5060
f 5099 5100 5063
f 5100 5098 5062
f 5097 5063 5061
f 5098 5096 5062
f 5095 5097 5061
f 5073 5054 5071
f 5052 5072 5070
f 5093 5095 5061
f 5050 5052 5068
f 5071 5051 5069
f 5080 5056 5078
f 5055 5081 5079
f 5097 5099 5063
f 5063 5100 5062
f 5089 5059 5087
f 5088 5086 5058
f 5060 5088 5058
f 5087 5059 5084
f 5086 5085 5058
f 5084 5059 5057
f 5085 5083 5055
f 5047 5062 5048
f 5084 5057 5082
f 5045 5044 5059
f 5061 5045 5059
f 5048 5060 5049
f 5036 5053 5052
f 5054 5037 5051
f 5038 5053 5036
f 5054 5051 5071
f 5038 5055 5053
f 5053 5074 5072
f 5052 5053 5072
f 5075 5054 5073
f 5096 5094 5062
f 5094 5092 5060
f 5062 5094 5060
f 5091 5093 5061
f 5160 5162 5130
f 5160 5130 5128
f 5131 5161 5129
f 5107 5101 5105
f 5101 5108 5106
f 5109 5101 5107
f 5117 5131 5129
f 5111 5101 5109
f 5113 5112 5130
f 5132 5114 5130
f 5114 5113 5130
f 5116 5133 5131
f 5115 5133 5116
f 5115 5132 5133
f 5114 5132 5115
f 5119 5134 5135
f 5136 5119 5135
f 5120 5103 5119
f 5102 5121 5118
f 5104 5121 5102
f 5105 5103 5120
f 5122 5105 5120
f 5118 5140 5138
f 5106 5123 5104
f 5121 5142 5140
f 5118 5121 5140
f 5122 5120 5141
f 5143 5122 5141
f 5121 5144 5142
f 5145 5122 5143
f 5123 5146 5144
f 5121 5123 5144
f 5124 5122 5145
f 5128 5111 5126
f 5112 5111 5128
f 5110 5129 5127
f 5117 5129 5110
f 5130 5112 5128
f 5126 5124 5149
f 5116 5131 5117
f 5125 5152 5150
f 5127 5152 5125
f 5153 5126 5151
f 5127 5154 5152
f 5153 5128 5126
f 5155 5154 5127
f 5156 5128 5153
f 5129 5157 5127
f 5157 5155 5127
f 5137 5119 5136
f 5118 5138 5134
f 5119 5118 5134
f 5120 5119 5137
f 5139 5120 5137
f 5161 5159 5129
f 5141 5120 5139
f 5163 5161 5131
f 5162 5164 5130
f 5164 5132 5130
f 5133 5165 5131
f 5165 5163 5131
f 5164 5166 5132
f 5167 5165 5133
f 5166 5168 5132
f 5132 5169 5133
f 5147 5124 5145
f 5123 5148 5146
f 5104 5123 5121
f 5107 5105 5122
f 5124 5107 5122
f 5106 5125 5123
f 5108 5125 5106
f 5109 5107 5124
f 5126 5109 5124
f 5108 5127 5125
f 5110 5127 5108
f 5111 5109 5126
f 5105 5101 5103
f 5101 5106 5104
f 5158 5128 5156
f 5159 5157 5129
f 5101 5110 5108
f 5111 5112 5101
f 5112 5113 5101
f 5113 5114 5101
f 5115 5116 5101
f 5114 5115 5101
f 5116 5117 5101
f 5117 5110 5101
f 5103 5118 5119
f 5102 5118 5103
f 5169 5167 5133
f 5168 5169 5132
f 5125 5148 5123
f 5149 5124 5147
f 5125 5150 5148
f 5160 5128 5158
f 5151 5126 5149
f 5101 5102 5103
f 5101 5104 5102
f 5170 5214 5179
f 5179 5214 5212
f 5213 5180 5211
f 5199 5203 5226
f 5180 5178 5211
f 5193 5236 5194
f 5194 5236 5234
f 5235 5197 5233
f 5197 5196 5233
f 5194 5234 5195
f 5195 5234 5232
f 5233 5196 5231
f 5196 5201 5231
f 5195 5232 5191
f 5191 5232 5230
f 5231 5201 5229
f 5201 5200 5229
f 5202 5203 5170
f 5185 5219 5217
f 5218 5183 5216
f 5183 5182 5216
f 5185 5217 5214
f 5216 5182 5215
f 5182 5181 5215
f 5185 5214 5170
f 5215 5181 5213
f 5181 5180 5213
f 5191 5230 5192
f 5192 5230 5228
f 5229 5200 5227
f 5200 5199 5227
f 5192 5228 5225
f 5227 5199 5226
f 5199 5200 5170
f 5198 5193 5170
f 5197 5198 5170
f 5196 5197 5170
f 5195 5191 5170
f 5192 5189 5170
f 5191 5192 5170
f 5190 5187 5170
f 5189 5190 5170
f 5177 5210 5175
f 5175 5210 5208
f 5209 5176 5207
f 5176 5174 5207
f 5173 5172 5205
f 5172 5204 5205
f 5203 5199 5170
f 5174 5173 5206
f 5222 5188 5220
f 5188 5186 5220
f 5187 5221 5184
f 5184 5221 5219
f 5194 5195 5170
f 5193 5194 5170
f 5171 5204 5172
f 5206 5173 5205
f 5179 5212 5177
f 5177 5212 5210
f 5211 5178 5209
f 5178 5176 5209
f 5188 5202 5170
f 5201 5196 5170
f 5200 5201 5170
f 5192 5225 5189
f 5226 5203 5224
f 5203 5202 5224
f 5189 5225 5190
f 5190 5225 5223
f 5224 5202 5222
f 5202 5188 5222
f 5190 5223 5187
f 5187 5223 5221
f 5198 5237 5193
f 5193 5237 5236
f 5237 5198 5235
f 5198 5197 5235
f 5175 5208 5171
f 5171 5208 5204
f 5207 5174 5206
f 5220 5186 5218
f 5186 5183 5218
f 5184 5219 5185
f 5170 5171 5172
f 5188 5170 5186
f 5170 5187 5184
f 5186 5170 5183
f 5170 5184 5185
f 5183 5170 5182
f 5182 5170 5181
f 5181 5170 5180
f 5180 5170 5178
f 5170 5179 5177
f 5178 5170 5176
f 5170 5177 5175
f 5176 5170 5174
f 5170 5175 5171
f 5174 5170 5173
f 5173 5170 5172
f 5240 5274 5273
f 5272 5241 5273
f 5241 5240 5273
f 5246 5244 5277
f 5238 5255 5253
f 5254 5238 5252
f 5279 5246 5277
f 5245 5278 5243
f 5243 5278 5276
f 5244 5242 5275
f 5277 5244 5275
f 5243 5276 5239
f 5239 5276 5274
f 5242 5241 5272
f 5275 5242 5272
f 5239 5274 5240
f 5254 5252 5283
f 5253 5286 5284
f 5255 5286 5253
f 5287 5256 5285
f 5256 5254 5285
f 5285 5254 5283
f 5251 5284 5282
f 5253 5284 5251
f 5249 5282 5247
f 5281 5250 5248
f 5251 5282 5249
f 5283 5250 5281
f 5252 5250 5283
f 5248 5246 5279
f 5247 5282 5280
f 5281 5248 5279
f 5258 5256 5287
f 5257 5290 5288
f 5262 5290 5257
f 5291 5259 5289
f 5259 5258 5289
f 5255 5288 5286
f 5257 5288 5255
f 5289 5258 5287
f 5261 5292 5262
f 5262 5292 5290
f 5293 5259 5291
f 5263 5304 5264
f 5264 5304 5302
f 5268 5267 5301
f 5303 5268 5301
f 5264 5302 5265
f 5265 5302 5300
f 5267 5271 5299
f 5301 5267 5299
f 5265 5300 5266
f 5266 5300 5298
f 5271 5270 5297
f 5299 5271 5297
f 5266 5298 5238
f 5238 5298 5296
f 5270 5260 5295
f 5297 5270 5295
f 5238 5296 5294
f 5260 5259 5293
f 5295 5260 5293
f 5238 5294 5261
f 5261 5294 5292
f 5245 5280 5278
f 5247 5280 5245
f 5256 5238 5254
f 5238 5257 5255
f 5258 5238 5256
f 5258 5259 5238
f 5259 5260 5238
f 5238 5253 5251
f 5238 5251 5249
f 5250 5238 5248
f 5238 5249 5247
f 5248 5238 5246
f 5238 5247 5245
f 5246 5238 5244
f 5238 5245 5243
f 5244 5238 5242
f 5261 5262 5238
f 5260 5270 5238
f 5270 5271 5238
f 5271 5267 5238
f 5238 5239 5240
f 5263 5305 5304
f 5269 5305 5263
f 5305 5269 5303
f 5269 5268 5303
f 5241 5238 5240
f 5242 5238 5241
f 5238 5243 5239
f 5265 5266 5238
f 5264 5265 5238
f 5263 5264 5238
f 5262 5257 5238
f 5252 5238 5250
f 5269 5263 5238
f 5268 5269 5238
f 5267 5268 5238
f 5341 5342 5306
f 5306 5325 5323
f 5326 5306 5324
f 5327 5328 5306
f 5339 5340 5306
f 5340 5335 5306
f 5326 5341 5306
f 5342 5338 5306
f 5320 5306 5318
f 5336 5337 5306
f 5337 5332 5306
f 5338 5339 5306
f 5332 5333 5306
f 5306 5307 5308
f 5334 5329 5306
f 5333 5334 5306
f 5318 5306 5316
f 5306 5317 5315
f 5306 5319 5317
f 5335 5336 5306
f 5306 5323 5321
f 5322 5306 5320
f 5306 5321 5319
f 5324 5306 5322
f 5328 5325 5306
f 5329 5330 5306
f 5330 5331 5306
f 5331 5327 5306
f 5316 5306 5314
f 5306 5315 5313
f 5314 5306 5312
f 5306 5313 5311
f 5312 5306 5310
f 5306 5311 5307
f 5310 5306 5309
f 5309 5306 5308
f 5343 5354 5352
f 5353 5343 5351
f 5343 5348 5344
f 5359 5343 5357
f 5363 5378 5343
f 5377 5372 5343
f 5372 5373 5343
f 5371 5366 5343
f 5370 5371 5343
f 5369 5370 5343
f 5376 5377 5343
f 5375 5376 5343
f 5374 5369 5343
f 5373 5374 5343
f 5361 5343 5359
f 5343 5362 5360
f 5347 5343 5346
f 5349 5343 5347
f 5364 5365 5343
f 5365 5362 5343
f 5343 5358 5356
f 5357 5343 5355
f 5343 5356 5354
f 5355 5343 5353
f 5363 5343 5361
f 5343 5360 5358
f 5378 5379 5343
f 5379 5375 5343
f 5367 5368 5343
f 5368 5364 5343
f 5343 5344 5345
f 5346 5343 5345
f 5343 5350 5348
f 5351 5343 5349
f 5343 5352 5350
f 5366 5367 5343
f 5393 5394 5391
f 5387 5389 5385
f 5389 5391 5383
f 5385 5389 5383
f 5423 5420 5412
f 5425 5381 5412
f 5420 5417 5414
f 5420 5414 5410
f 5381 5391 5408
f 5407 5382 5422
f 5422 5382 5421
f 5421 5382 5419
f 5419 5382 5418
f 5418 5382 5416
f 5416 5382 5415
f 5382 5424 5409
f 5415 5382 5413
f 5413 5382 5411
f 5382 5409 5411
f 5382 5381 5431
f 5383 5391 5381
f 5428 5381 5425
f 5427 5428 5425
f 5426 5427 5425
f 5393 5404 5401
f 5393 5401 5399
f 5393 5399 5397
f 5393 5397 5394
f 5414 5413 5410
f 5414 5415 5413
f 5414 5416 5415
f 5380 5382 5407
f 5396 5380 5407
f 5382 5431 5424
f 5431 5429 5424
f 5431 5430 5429
f 5392 5390 5380
f 5390 5388 5380
f 5396 5392 5380
f 5388 5386 5380
f 5386 5384 5380
f 5395 5392 5396
f 5398 5392 5395
f 5400 5392 5398
f 5393 5406 5404
f 5429 5425 5424
f 5429 5426 5425
f 5420 5419 5417
f 5420 5421 5419
f 5420 5422 5421
f 5423 5422 5420
f 5423 5407 5422
f 5423 5408 5407
f 5424 5412 5409
f 5424 5425 5412
f 5412 5420 5410
f 5394 5396 5407
f 5406 5393 5392
f 5410 5413 5411
f 5409 5412 5410
f 5417 5416 5414
f 5380 5381 5382
f 5417 5419 5418
f 5417 5418 5416
f 5386 5385 5384
f 5386 5387 5385
f 5388 5389 5387
f 5388 5387 5386
f 5392 5391 5390
f 5392 5393 5391
f 5390 5389 5388
f 5390 5391 5389
f 5394 5395 5396
f 5397 5395 5394
f 5399 5398 5397
f 5397 5398 5395
f 5406 5405 5404
f 5405 5406 5392
f 5399 5400 5398
f 5381 5408 5412
f 5408 5423 5412
f 5391 5394 5408
f 5404 5403 5401
f 5404 5405 5403
f 5431 5381 5428
f 5431 5428 5427
f 5431 5427 5430
f 5430 5427 5426
f 5430 5426 5429
f 5405 5392 5403
f 5403 5392 5402
f 5402 5392 5400
f 5380 5383 5381
f 5384 5383 5380
f 5384 5385 5383
f 5401 5400 5399
f 5401 5402 5400
f 5401 5403 5402
f 5409 5410 5411
f 5408 5394 5407
f 5470 5491 5474
f 5469 5491 5470
f 5444 5441 5491
f 5471 5472 5458
f 5468 5471 5458
f 5464 5465 5458
f 5465 5468 5458
f 5459 5464 5458
f 5460 5464 5459
f 5463 5464 5460
f 5461 5463 5460
f 5462 5463 5461
f 5466 5468 5465
f 5467 5468 5466
f 5489 5434 5433
f 5473 5470 5474
f 5469 5444 5491
f 5453 5444 5469
f 5441 5438 5490
f 5491 5441 5490
f 5452 5451 5444
f 5453 5452 5444
f 5449 5454 5450
f 5452 5455 5451
f 5443 5456 5439
f 5456 5457 5439
f 5442 5456 5443
f 5442 5458 5456
f 5447 5458 5442
f 5447 5459 5458
f 5460 5459 5447
f 5448 5460 5447
f 5450 5460 5448
f 5450 5461 5460
f 5462 5461 5450
f 5454 5462 5450
f 5449 5463 5454
f 5463 5462 5454
f 5463 5449 5446
f 5464 5463 5446
f 5446 5465 5464
f 5445 5465 5446
f 5451 5465 5445
f 5451 5466 5465
f 5455 5467 5451
f 5467 5466 5451
f 5468 5467 5455
f 5452 5468 5455
f 5453 5469 5470
f 5471 5453 5470
f 5452 5453 5471
f 5468 5452 5471
f 5481 5480 5482
f 5485 5484 5483
f 5485 5486 5484
f 5487 5485 5488
f 5475 5477 5486
f 5456 5475 5457
f 5458 5475 5456
f 5472 5475 5458
f 5472 5470 5473
f 5471 5470 5472
f 5472 5473 5474
f 5475 5472 5474
f 5475 5474 5476
f 5477 5475 5476
f 5478 5476 5479
f 5477 5476 5478
f 5478 5479 5480
f 5481 5478 5480
f 5482 5483 5484
f 5482 5480 5483
f 5489 5440 5434
f 5439 5457 5440
f 5438 5440 5489
f 5487 5486 5485
f 5487 5488 5436
f 5437 5487 5436
f 5437 5432 5434
f 5475 5487 5434
f 5457 5475 5434
f 5487 5437 5434
f 5481 5482 5484
f 5486 5481 5484
f 5475 5486 5487
f 5477 5478 5486
f 5478 5481 5486
f 5440 5457 5434
f 5490 5438 5489
f 5435 5436 5433
f 5488 5489 5433
f 5436 5488 5433
f 5480 5485 5483
f 5485 5489 5488
f 5474 5489 5485
f 5480 5479 5485
f 5479 5476 5485
f 5476 5474 5485
f 5474 5490 5489
f 5474 5491 5490
f 5432 5433 5434
f 5432 5435 5433
f 5432 5436 5435
f 5437 5436 5432
f 5438 5439 5440
f 5441 5442 5438
f 5442 5443 5438
f 5443 5439 5438
f 5441 5444 5442
f 5444 5445 5442
f 5445 5446 5442
f 5446 5447 5442
f 5446 5448 5447
f 5446 5449 5448
f 5449 5450 5448
f 5451 5445 5444
f 5507 5508 5506
f 5504 5505 5506
f 5503 5500 5502
f 5550 5531 5532
f 5550 5532 5530
f 5550 5530 5551
f 5531 5549 5520
f 5531 5520 5522
f 5549 5548 5519
f 5520 5549 5519
f 5519 5548 5518
f 5548 5547 5518
f 5518 5547 5546
f 5518 5546 5513
f 5513 5546 5545
f 5492 5533 5534
f 5493 5492 5534
f 5549 5493 5534
f 5515 5544 5543
f 5547 5548 5534
f 5546 5547 5534
f 5546 5534 5535
f 5546 5535 5536
f 5545 5546 5540
f 5544 5545 5540
f 5540 5546 5539
f 5543 5544 5541
f 5544 5540 5541
f 5542 5543 5541
f 5538 5539 5537
f 5539 5546 5537
f 5549 5531 5550
f 5492 5503 5533
f 5503 5502 5533
f 5492 5500 5503
f 5492 5497 5500
f 5497 5498 5500
f 5549 5551 5493
f 5549 5550 5551
f 5533 5502 5529
f 5548 5549 5534
f 5511 5542 5512
f 5542 5541 5512
f 5541 5540 5512
f 5515 5543 5511
f 5538 5537 5505
f 5504 5538 5505
f 5509 5538 5504
f 5543 5542 5511
f 5510 5540 5509
f 5509 5540 5539
f 5540 5510 5512
f 5509 5539 5538
f 5546 5536 5537
f 5534 5533 5526
f 5530 5531 5522
f 5534 5526 5528
f 5535 5534 5528
f 5535 5528 5536
f 5536 5528 5527
f 5537 5507 5506
f 5536 5507 5537
f 5551 5530 5495
f 5493 5551 5495
f 5494 5522 5526
f 5522 5521 5526
f 5498 5501 5499
f 5497 5501 5498
f 5497 5496 5501
f 5496 5492 5494
f 5493 5495 5494
f 5492 5493 5494
f 5521 5517 5523
f 5522 5520 5521
f 5520 5517 5521
f 5498 5499 5500
f 5496 5497 5492
f 5500 5499 5502
f 5499 5494 5502
f 5502 5494 5529
f 5517 5520 5519
f 5507 5536 5524
f 5536 5527 5524
f 5496 5494 5499
f 5508 5504 5506
f 5508 5509 5504
f 5510 5511 5512
f 5508 5513 5509
f 5513 5510 5509
f 5514 5515 5510
f 5515 5511 5510
f 5513 5514 5510
f 5516 5513 5508
f 5517 5513 5516
f 5517 5518 5513
f 5517 5519 5518
f 5513 5545 5514
f 5501 5496 5499
f 5528 5526 5527
f 5526 5521 5523
f 5527 5526 5524
f 5526 5523 5524
f 5523 5525 5524
f 5523 5516 5525
f 5516 5508 5525
f 5525 5508 5524
f 5508 5507 5524
f 5517 5516 5523
f 5505 5537 5506
f 5529 5494 5526
f 5514 5545 5515
f 5545 5544 5515
f 5532 5531 5530
f 5533 5529 5526
f 5495 5530 5522
f 5494 5495 5522
f 5593 5591 5592
f 5562 5563 5560
f 5573 5575 5574
f 5576 5570 5577
f 5576 5568 5570
f 5561 5559 5558
f 5552 5553 5554
f 5555 5553 5552
f 5560 5561 5558
f 5559 5557 5556
f 5556 5557 5552
f 5557 5555 5552
f 5575 5572 5571
f 5578 5579 5580
f 5581 5578 5580
f 5582 5581 5580
f 5583 5581 5582
f 5584 5583 5582
f 5576 5577 5579
f 5578 5576 5579
f 5585 5583 5584
f 5586 5585 5584
f 5587 5585 5586
f 5588 5587 5586
f 5589 5587 5588
f 5590 5589 5588
f 5594 5593 5592
f 5595 5593 5594
f 5591 5589 5590
f 5558 5559 5556
f 5592 5591 5590
f 5574 5575 5571
f 5573 5574 5569
f 5568 5573 5569
f 5572 5567 5566
f 5571 5572 5566
f 5568 5569 5570
f 5567 5565 5564
f 5566 5567 5564
f 5565 5563 5562
f 5564 5565 5562
f 5563 5561 5560
f 5596 5597 5598
f 5629 5627 5626
f 5640 5641 5642
f 5608 5607 5606
f 5620 5621 5638
f 5625 5623 5622
f 5624 5625 5622
f 5623 5619 5618
f 5622 5623 5618
f 5619 5621 5620
f 5618 5619 5620
f 5617 5616 5597
f 5597 5616 5598
f 5614 5615 5613
f 5614 5613 5612
f 5612 5613 5611
f 5612 5611 5610
f 5640 5639 5641
f 5628 5629 5626
f 5627 5625 5624
f 5610 5611 5609
f 5610 5609 5608
f 5606 5605 5604
f 5604 5605 5603
f 5608 5609 5607
f 5606 5607 5605
f 5602 5603 5601
f 5604 5603 5602
f 5602 5601 5600
f 5600 5601 5599
f 5596 5599 5597
f 5600 5599 5596
f 5634 5635 5632
f 5630 5631 5628
f 5637 5635 5634
f 5636 5637 5634
f 5635 5633 5632
f 5626 5627 5624
f 5638 5621 5639
f 5638 5639 5640
f 5617 5637 5636
f 5616 5617 5636
f 5633 5631 5630
f 5632 5633 5630
f 5631 5629 5628
f 5907 5985 5903
f 5986 6026 5982
f 5896 6028 6026
f 5653 5650 5652
f 5901 5897 6026
f 5986 5901 6026
f 5645 5647 5657
f 5646 5645 5657
f 5984 5646 5657
f 5652 5646 5984
f 5985 6028 5903
f 5734 6026 5740
f 5700 5950 5949
f 5708 5704 5949
f 5704 5701 5949
f 5701 5700 5949
f 5740 6029 5708
f 5664 5660 6028
f 5985 5664 6028
f 5658 5657 6028
f 5660 5658 6028
f 5984 5664 5985
f 5708 5891 6020
f 5887 5883 6020
f 5740 5708 6020
f 6013 6024 6014
f 6024 6021 6014
f 5890 5949 5884
f 5708 5949 5890
f 6023 5732 5731
f 5894 5708 5890
f 5657 5740 6028
f 5702 5950 5700
f 6029 5950 5702
f 5705 6029 5702
f 5982 6026 6023
f 6027 5982 6023
f 6013 5967 6025
f 5967 5966 6025
f 5966 5982 6025
f 6025 5982 6027
f 6030 5716 5951
f 5983 5652 5984
f 5690 5951 5686
f 5692 5951 5690
f 6030 5951 5692
f 6030 5692 5694
f 5983 5647 5649
f 5655 5983 5649
f 5983 5655 5652
f 5712 5952 5951
f 5713 5712 5951
f 5801 5953 5952
f 5716 5713 5951
f 5991 5824 5990
f 5824 5818 5990
f 5806 5953 5801
f 5830 5954 5953
f 6032 5740 5647
f 5671 6032 5647
f 5983 5672 5647
f 5672 5670 5647
f 6029 5694 5950
f 6031 5723 6030
f 5723 5719 6030
f 5719 5716 6030
f 5740 6031 6030
f 5708 6029 5705
f 5984 5657 5663
f 5667 5984 5663
f 5664 5984 5667
f 5686 5951 5950
f 5891 5887 6020
f 5694 5688 5950
f 5685 5686 5950
f 5688 5685 5950
f 6030 5694 6029
f 5740 6030 6029
f 5647 5740 5657
f 5681 5990 5676
f 5990 5681 5678
f 5802 5801 5952
f 5975 6001 5976
f 6000 6007 5998
f 6008 6000 5999
f 6004 6008 5999
f 6008 6007 6000
f 6002 5980 5976
f 5987 6005 5993
f 5912 5917 5947
f 5917 5948 5947
f 5916 5911 6016
f 6014 5916 6016
f 6007 6003 5998
f 6008 5987 5989
f 6007 5989 6003
f 6004 6005 5987
f 6008 6004 5987
f 6007 6008 5989
f 5968 5965 6009
f 6010 5968 6009
f 6011 5968 6010
f 6006 5968 6011
f 5995 6001 5994
f 5968 5981 5966
f 5968 5997 5981
f 5988 5998 5979
f 5998 5996 5979
f 5997 5999 5981
f 6000 5998 5988
f 5999 6000 5981
f 6000 5988 5981
f 5994 5975 5977
f 6006 6011 6012
f 5965 5967 6013
f 6009 6014 6015
f 6014 6016 6015
f 6009 6013 6014
f 6003 6002 5996
f 6004 5999 5997
f 6005 6004 5997
f 5968 6006 5997
f 6006 6005 5997
f 6020 5948 5917
f 5734 5732 6023
f 6014 5918 5916
f 5921 5731 5917
f 6014 5731 5918
f 5731 5921 5918
f 5730 5799 5917
f 5799 5738 5917
f 5738 6020 5917
f 5731 5730 5917
f 6026 5734 6023
f 5884 5949 5948
f 5882 5884 5948
f 6020 5883 5948
f 6028 5740 6026
f 5985 5907 5986
f 5907 5901 5986
f 5903 6028 5896
f 5740 6020 5737
f 6022 6023 5731
f 6019 6018 5964
f 6009 5965 6013
f 5883 5882 5948
f 6021 6022 6014
f 6022 5731 6014
f 5737 6020 5738
f 5923 6015 5925
f 5923 6017 6015
f 6018 6017 5923
f 5964 6018 5923
f 5670 5671 5647
f 5925 6015 5924
f 6015 6016 5924
f 5910 5922 5924
f 6016 5910 5924
f 5911 5910 6016
f 5910 5947 5922
f 5910 5912 5947
f 6013 6025 6024
f 5708 5894 5891
f 5677 5680 5676
f 5669 5671 5670
f 5672 5668 5670
f 5673 5668 5672
f 5669 5674 5671
f 5675 5673 5672
f 5674 5676 5671
f 5674 5677 5676
f 5646 5643 5645
f 5679 5675 5678
f 5680 5681 5676
f 5668 5669 5670
f 5682 5679 5678
f 5681 5682 5678
f 5680 5682 5681
f 5683 5684 5685
f 5684 5686 5685
f 5684 5687 5686
f 5688 5683 5685
f 5689 5683 5688
f 5687 5690 5686
f 6041 6039 6025
f 5993 6034 5875
f 5877 5993 5875
f 6024 6037 6021
f 6036 6023 6022
f 6036 6038 6023
f 6039 6037 6024
f 6025 6039 6024
f 6038 6027 6023
f 6038 6040 6027
f 5687 5691 5690
f 6041 6025 6027
f 6040 6041 6027
f 5656 5662 5657
f 5664 5661 5660
f 5662 5665 5663
f 5666 5661 5664
f 5665 5667 5663
f 5666 5664 5667
f 5665 5666 5667
f 5660 5659 5658
f 5703 5698 5701
f 5704 5703 5701
f 5699 5705 5702
f 5741 5734 5740
f 5644 5647 5645
f 5644 5648 5647
f 5648 5649 5647
f 5650 5643 5646
f 5654 5655 5649
f 5659 5656 5658
f 5699 5702 5700
f 5661 5659 5660
f 5643 5644 5645
f 5720 5722 5718
f 5648 5651 5649
f 5762 5763 5764
f 5721 5717 5719
f 5696 5693 5694
f 5741 5740 5736
f 5652 5650 5646
f 5722 5723 5718
f 5691 5692 5690
f 5693 5689 5688
f 5662 5663 5657
f 5699 5706 5705
f 5707 5703 5704
f 5708 5707 5704
f 5706 5709 5705
f 5678 5675 5672
f 5723 5721 5719
f 5992 5877 5873
f 5722 5721 5723
f 5694 5693 5688
f 5691 5695 5692
f 5654 5653 5655
f 5695 5697 5692
f 5692 5696 5694
f 5697 5696 5692
f 5698 5699 5700
f 5701 5698 5700
f 5813 6033 5806
f 5817 5726 6032
f 5726 5778 6032
f 5818 5816 6032
f 5827 5991 5821
f 5991 5827 5824
f 5991 5844 5726
f 5759 5757 5860
f 6033 5834 5953
f 5834 5830 5953
f 5806 6033 5953
f 5816 5817 6032
f 6033 5813 5810
f 5765 5764 6033
f 5778 5765 6033
f 5764 5834 6033
f 5831 5835 5954
f 5830 5831 5954
f 5835 5761 5954
f 5767 5834 5764
f 5844 5843 5774
f 5761 5860 5954
f 5990 5678 5983
f 5678 5672 5983
f 6031 5952 5712
f 5718 6031 5712
f 5723 6031 5718
f 5676 6032 5671
f 5990 6032 5676
f 5856 5855 5954
f 5855 5955 5954
f 5724 5844 5773
f 5860 5856 5954
f 6031 5802 5952
f 5810 5807 6031
f 5807 5802 6031
f 6033 5810 6031
f 5740 6033 6031
f 6032 5778 5740
f 5778 6033 5740
f 5990 5818 6032
f 5844 5774 5773
f 5755 5865 5860
f 5755 6034 5865
f 6034 5864 5865
f 5844 5724 5726
f 5992 5851 5991
f 5851 5849 5991
f 5849 5844 5991
f 5872 5869 5755
f 5869 6034 5755
f 5864 6034 5861
f 5847 5752 5776
f 5869 5868 6034
f 5868 5875 6034
f 5750 5872 5755
f 5752 5872 5750
f 5851 5992 5847
f 5992 5752 5847
f 5992 5872 5752
f 5992 5873 5872
f 5861 6034 5955
f 5843 5776 5774
f 5843 5847 5776
f 5768 5834 5767
f 5838 5761 5835
f 5821 5726 5817
f 5768 5769 5834
f 5769 5840 5834
f 5840 5761 5838
f 5855 5861 5955
f 5897 5896 6026
f 5769 5771 5840
f 5771 5761 5840
f 5991 5726 5821
f 5759 5860 5761
f 5992 5993 5877
f 6035 6022 6021
f 6035 6036 6022
f 6037 6035 6021
f 5757 5755 5860
f 5846 5848 5847
f 5804 5806 5801
f 5807 5805 5802
f 5808 5805 5807
f 5804 5809 5806
f 5810 5808 5807
f 5809 5811 5806
f 5812 5808 5810
f 5811 5813 5806
f 5813 5812 5810
f 5811 5812 5813
f 5805 5800 5802
f 5849 5845 5844
f 5850 5845 5849
f 5851 5850 5849
f 5820 5814 5818
f 5819 5821 5817
f 5822 5820 5818
f 5819 5823 5821
f 5824 5822 5818
f 5825 5822 5824
f 5728 5795 5794
f 5818 5814 5816
f 5815 5819 5817
f 5787 5788 5785
f 5787 5789 5788
f 5789 5790 5788
f 5728 5791 5786
f 5728 5792 5791
f 5728 5793 5792
f 5728 5794 5793
f 5823 5826 5821
f 5728 5796 5795
f 5728 5797 5796
f 5729 5798 5799
f 5730 5729 5799
f 5829 5832 5831
f 5833 5828 5830
f 5834 5833 5830
f 5832 5835 5831
f 5803 5804 5801
f 5857 5854 5856
f 5846 5847 5843
f 5878 5877 5875
f 5878 5879 5877
f 5880 5881 5882
f 5883 5880 5882
f 5852 5851 5847
f 5848 5852 5847
f 5853 5850 5851
f 5852 5853 5851
f 5854 5855 5856
f 5842 5846 5843
f 5854 5858 5855
f 5859 5857 5856
f 5860 5859 5856
f 5858 5861 5855
f 5858 5862 5861
f 5863 5859 5860
f 5894 5893 5891
f 5895 5896 5897
f 5898 5895 5897
f 5832 5836 5835
f 5826 5827 5821
f 5827 5825 5824
f 5826 5825 5827
f 5828 5829 5830
f 5829 5831 5830
f 5862 5864 5861
f 5865 5863 5860
f 5862 5866 5864
f 5866 5863 5864
f 5815 5817 5816
f 5837 5833 5834
f 5836 5838 5835
f 5839 5837 5834
f 5840 5839 5834
f 5836 5840 5838
f 5836 5841 5840
f 5841 5839 5840
f 5842 5843 5844
f 5845 5842 5844
f 5656 5657 5658
f 5724 5727 5725
f 5728 5729 5730
f 5731 5728 5730
f 5732 5728 5731
f 5733 5728 5732
f 5734 5733 5732
f 5735 5733 5734
f 5736 5737 5738
f 5739 5736 5738
f 5736 5740 5737
f 5724 5725 5726
f 5744 5727 5724
f 5775 5742 5774
f 5776 5775 5774
f 5753 5775 5776
f 5746 5747 5748
f 5749 5747 5746
f 5750 5751 5752
f 5751 5753 5752
f 5754 5750 5755
f 5716 5714 5713
f 5741 5735 5734
f 5742 5743 5744
f 5743 5745 5744
f 5710 5707 5708
f 5709 5708 5705
f 5709 5710 5708
f 5711 5712 5713
f 5714 5711 5713
f 5711 5715 5712
f 5754 5751 5750
f 5717 5714 5716
f 5715 5718 5712
f 5719 5717 5716
f 5715 5720 5718
f 5655 5653 5652
f 5651 5654 5649
f 5765 5762 5764
f 5766 5767 5764
f 5763 5766 5764
f 5725 5779 5726
f 5774 5742 5773
f 5744 5724 5773
f 5739 5738 5799
f 5798 5739 5799
f 5800 5801 5802
f 5800 5803 5801
f 5752 5753 5776
f 5726 5777 5778
f 5779 5777 5726
f 5742 5744 5773
f 5778 5762 5765
f 5778 5777 5762
f 5780 5741 5736
f 5781 5741 5780
f 5781 5777 5741
f 5777 5779 5741
f 5729 5782 5783
f 5729 5784 5782
f 5814 5815 5816
f 5786 5787 5785
f 5756 5755 5757
f 5754 5755 5756
f 5758 5757 5759
f 5758 5756 5757
f 5760 5759 5761
f 5760 5758 5759
f 5729 5728 5784
f 5728 5785 5784
f 5728 5786 5785
f 5995 5994 5979
f 5747 5768 5767
f 5766 5747 5767
f 5749 5769 5768
f 5747 5749 5768
f 5749 5770 5769
f 5770 5771 5769
f 5772 5760 5761
f 5770 5772 5771
f 5771 5772 5761
f 5981 5982 5966
f 5957 5958 5935
f 5958 5936 5935
f 5958 5959 5936
f 5959 5937 5936
f 5959 5960 5937
f 5960 5939 5937
f 5960 5961 5939
f 5961 5940 5939
f 5976 5979 5978
f 5976 5980 5979
f 5957 5935 5933
f 5983 5984 5981
f 5963 5964 5942
f 5964 5923 5942
f 5943 5957 5956
f 5944 5943 5956
f 5943 5958 5957
f 5945 5958 5943
f 5960 5959 5958
f 5960 5958 5945
f 5955 5946 5954
f 5962 5963 5942
f 5946 5945 5922
f 5947 5948 5922
f 5948 5949 5922
f 5949 5950 5922
f 5950 5951 5922
f 5951 5946 5922
f 5952 5946 5951
f 5953 5946 5952
f 5954 5946 5953
f 5945 5961 5960
f 5932 5926 5930
f 5944 5926 5932
f 5955 5963 5962
f 5964 5963 5955
f 5965 5966 5967
f 5965 5968 5966
f 5928 5956 5933
f 5927 5956 5928
f 5956 5957 5933
f 5988 5989 5981
f 5996 6002 5995
f 6002 6001 5995
f 5998 6003 5996
f 5984 5985 5981
f 5985 5986 5981
f 5986 5982 5981
f 5987 5983 5981
f 5980 5988 5979
f 5980 5989 5988
f 5989 5987 5981
f 6001 5975 5994
f 5987 5990 5983
f 5987 5991 5990
f 5987 5992 5991
f 5987 5993 5992
f 6005 6006 5993
f 6001 6002 5976
f 6002 6003 5980
f 6003 5989 5980
f 5996 5995 5979
f 5969 5971 5973
f 5962 5945 5946
f 5955 5962 5946
f 5962 5961 5945
f 5978 5977 5973
f 5977 5974 5973
f 5979 5994 5978
f 5994 5977 5978
f 5969 5970 5971
f 5972 5970 5969
f 5864 5863 5865
f 5974 5969 5973
f 5972 5975 5970
f 5975 5976 5970
f 5977 5969 5974
f 5975 5969 5977
f 5975 5972 5969
f 5971 5978 5973
f 5971 5976 5978
f 5970 5976 5971
f 5911 5908 5910
f 5913 5919 5917
f 5918 5915 5916
f 5913 5917 5912
f 5916 5915 5911
f 5922 5945 5938
f 5938 5945 5934
f 5945 5943 5934
f 5934 5943 5932
f 5920 5915 5918
f 5908 5909 5910
f 5906 5905 5907
f 5906 5907 5903
f 5907 5905 5901
f 5904 5906 5903
f 5905 5902 5901
f 5900 5904 5903
f 5900 5903 5896
f 5944 5929 5926
f 5937 5938 5934
f 5937 5934 5936
f 5936 5934 5935
f 5935 5934 5933
f 5934 5932 5933
f 5928 5933 5931
f 5944 5956 5929
f 5929 5956 5927
f 5902 5899 5901
f 5929 5927 5926
f 5926 5927 5928
f 5923 5925 5924
f 5922 5923 5924
f 5919 5920 5921
f 5921 5920 5918
f 5919 5921 5917
f 5876 5871 5873
f 5881 5884 5882
f 5915 5914 5911
f 5914 5908 5911
f 5909 5913 5912
f 5909 5912 5910
f 5879 5876 5877
f 5874 5878 5875
f 5877 5876 5873
f 5885 5880 5883
f 5867 5874 5868
f 5874 5875 5868
f 5873 5871 5872
f 5872 5871 5869
f 5871 5870 5869
f 5870 5867 5869
f 5867 5868 5869
f 5899 5898 5897
f 5889 5893 5890
f 5901 5899 5897
f 5895 5900 5896
f 5933 5932 5931
f 5932 5930 5931
f 5926 5928 5931
f 5930 5926 5931
f 5893 5892 5891
f 5893 5894 5890
f 5962 5942 5941
f 5892 5888 5891
f 5891 5888 5887
f 5889 5890 5884
f 5886 5889 5884
f 5888 5885 5887
f 5887 5885 5883
f 5881 5886 5884
f 5961 5962 5941
f 5939 5938 5937
f 5939 5940 5938
f 5940 5922 5938
f 5940 5941 5922
f 5941 5942 5922
f 5942 5923 5922
f 5943 5944 5932
f 5961 5941 5940
f 6074 6068 6072
f 6079 6063 6062
f 6068 6079 6062
f 6058 6077 6059
f 6068 6078 6079
f 6077 6068 6076
f 6076 6068 6075
f 6075 6068 6074
f 6065 6066 6042
f 6068 6069 6070
f 6068 6073 6069
f 6072 6068 6071
f 6071 6068 6070
f 6054 6090 6055
f 6067 6050 6042
f 6066 6067 6042
f 6057 6077 6058
f 6084 6085 6068
f 6085 6083 6068
f 6086 6087 6068
f 6087 6084 6068
f 6088 6089 6068
f 6089 6086 6068
f 6090 6091 6068
f 6091 6092 6068
f 6092 6088 6068
f 6082 6093 6068
f 6093 6090 6068
f 6070 6045 6044
f 6090 6093 6055
f 6052 6090 6054
f 6051 6052 6042
f 6061 6062 6042
f 6062 6063 6042
f 6063 6064 6042
f 6064 6065 6042
f 6050 6048 6042
f 6048 6049 6042
f 6042 6047 6046
f 6042 6046 6043
f 6042 6043 6044
f 6045 6042 6044
f 6080 6068 6077
f 6068 6081 6078
f 6082 6068 6080
f 6083 6081 6068
f 6046 6072 6043
f 6053 6051 6042
f 6049 6053 6042
f 6054 6055 6042
f 6052 6054 6042
f 6056 6057 6042
f 6055 6056 6042
f 6058 6059 6042
f 6057 6058 6042
f 6060 6047 6042
f 6059 6060 6042
f 6045 6061 6042
f 6071 6070 6044
f 6043 6071 6044
f 6072 6071 6043
f 6091 6090 6052
f 6056 6082 6057
f 6078 6065 6064
f 6078 6081 6065
f 6055 6082 6056
f 6081 6083 6065
f 6093 6082 6055
f 6083 6066 6065
f 6083 6085 6066
f 6084 6050 6067
f 6085 6084 6067
f 6085 6067 6066
f 6084 6087 6050
f 6092 6091 6052
f 6051 6092 6052
f 6087 6048 6050
f 6088 6092 6051
f 6053 6088 6051
f 6086 6049 6048
f 6087 6086 6048
f 6049 6088 6053
f 6079 6078 6064
f 6070 6069 6045
f 6047 6072 6046
f 6069 6061 6045
f 6074 6072 6047
f 6069 6073 6061
f 6075 6074 6047
f 6060 6075 6047
f 6073 6062 6061
f 6076 6075 6060
f 6059 6076 6060
f 6073 6068 6062
f 6077 6076 6059
f 6086 6089 6049
f 6089 6088 6049
f 6080 6077 6057
f 6079 6064 6063
f 6082 6080 6057
f 6099 6094 6096
f 6101 6100 6097
f 6101 6097 6094
f 6097 6100 6095
f 6100 6098 6095
f 6098 6100 6099
f 6100 6101 6099
f 6095 6098 6096
f 6098 6099 6096
f 6101 6094 6099
f 6094 6097 6095
f 6094 6095 6096
f 6102 6103 6104
f 6102 6105 6103
f 6106 6108 6107
f 6108 6106 6103
f 6109 6102 6107
f 6106 6107 6104
f 6103 6106 6104
f 6108 6109 6107
f 6105 6108 6103
f 6107 6102 6104
f 6109 6105 6102
f 6109 6108 6105
f 6117 6116 6113
f 6117 6113 6110
f 6113 6116 6111
f 6116 6114 6111
f 6117 6110 6115
f 6115 6110 6112
f 6114 6116 6115
f 6111 6114 6112
f 6114 6115 6112
f 6110 6113 6111
f 6110 6111 6112
f 6116 6117 6115
f 6124 6122 6119
f 6123 6118 6120
f 6125 6118 6123
f 6125 6124 6121
f 6125 6121 6118
f 6121 6124 6119
f 6122 6124 6123
f 6124 6125 6123
f 6119 6122 6120
f 6122 6123 6120
f 6118 6121 6119
f 6118 6119 6120
f 6126 6129 6127
f 6133 6126 6131
f 6131 6126 6128
f 6133 6132 6129
f 6133 6129 6126
f 6129 6132 6127
f 6132 6130 6127
f 6130 6132 6131
f 6132 6133 6131
f 6127 6130 6128
f 6130 6131 6128
f 6126 6127 6128
f 6141 6140 6137
f 6138 6139 6136
f 6135 6138 6136
f 6140 6141 6139
f 6138 6140 6139
f 6134 6135 6136
f 6134 6137 6135
f 6141 6137 6134
f 6140 6138 6135
f 6137 6140 6135
f 6141 6134 6139
f 6139 6134 6136
f 6142 6145 6143
f 6148 6146 6143
f 6145 6148 6143
f 6149 6145 6142
f 6149 6148 6145
f 6149 6142 6147
f 6147 6142 6144
f 6146 6148 6147
f 6148 6149 6147
f 6143 6146 6144
f 6142 6143 6144
f 6146 6147 6144
f 6153 6156 6151
f 6150 6151 6152
f 6150 6153 6151
f 6154 6155 6152
f 6151 6154 6152
f 6156 6157 6155
f 6156 6154 6151
f 6155 6150 6152
f 6157 6156 6153
f 6157 6153 6150
f 6157 6150 6155
f 6154 6156 6155
f 6162 6163 6160
f 6159 6162 6160
f 6164 6165 6163
f 6162 6164 6163
f 6164 6162 6159
f 6161 6164 6159
f 6165 6161 6158
f 6165 6164 6161
f 6163 6158 6160
f 6165 6158 6163
f 6158 6161 6159
f 6158 6159 6160
f 6166 6167 6168
f 6166 6169 6167
f 6172 6173 6171
f 6170 6172 6171
f 6173 6169 6166
f 6173 6172 6169
f 6171 6166 6168
f 6173 6166 6171
f 6170 6171 6168
f 6167 6170 6168
f 6172 6170 6167
f 6169 6172 6167
f 6180 6181 6179
f 6175 6178 6176
f 6178 6179 6176
f 6174 6177 6175
f 6178 6180 6179
f 6179 6174 6176
f 6181 6174 6179
f 6174 6175 6176
f 6180 6178 6175
f 6177 6180 6175
f 6181 6177 6174
f 6181 6180 6177
f 6186 6188 6187
f 6188 6189 6187
f 6183 6186 6184
f 6186 6187 6184
f 6189 6185 6182
f 6189 6188 6185
f 6188 6186 6183
f 6185 6188 6183
f 6189 6182 6187
f 6187 6182 6184
f 6182 6183 6184
f 6182 6185 6183
f 6197 6190 6195
f 6195 6190 6192
f 6197 6196 6193
f 6194 6195 6192
f 6197 6193 6190
f 6196 6194 6191
f 6194 6196 6195
f 6196 6197 6195
f 6190 6193 6191
f 6190 6191 6192
f 6191 6194 6192
f 6193 6196 6191
f 6202 6203 6200
f 6202 6204 6203
f 6204 6205 6203
f 6198 6201 6199
f 6205 6198 6203
f 6198 6199 6200
f 6205 6204 6201
f 6203 6198 6200
f 6205 6201 6198
f 6201 6204 6199
f 6204 6202 6199
f 6199 6202 6200
f 6212 6210 6207
f 6207 6210 6208
f 6211 6206 6208
f 6206 6207 6208
f 6213 6212 6209
f 6210 6212 6211
f 6212 6213 6211
f 6213 6206 6211
f 6209 6212 6207
f 6210 6211 6208
f 6206 6209 6207
f 6213 6209 6206
f 6221 6220 6217
f 6221 6217 6214
f 6214 6215 6216
f 6221 6214 6219
f 6219 6214 6216
f 6218 6219 6216
f 6217 6220 6215
f 6220 6221 6219
f 6214 6217 6215
f 6220 6218 6215
f 6218 6220 6219
f 6215 6218 6216
f 6226 6227 6224
f 6228 6229 6227
f 6228 6226 6223
f 6222 6223 6224
f 6222 6225 6223
f 6223 6226 6224
f 6226 6228 6227
f 6227 6222 6224
f 6225 6228 6223
f 6229 6228 6225
f 6229 6225 6222
f 6229 6222 6227
f 6233 6236 6231
f 6235 6230 6232
f 6230 6233 6231
f 6230 6231 6232
f 6236 6234 6231
f 6237 6236 6233
f 6234 6235 6232
f 6234 6236 6235
f 6231 6234 6232
f 6236 6237 6235
f 6237 6233 6230
f 6237 6230 6235
f 6244 6245 6243
f 6241 6244 6239
f 6245 6244 6241
f 6245 6241 6238
f 6245 6238 6243
f 6238 6239 6240
f 6242 6243 6240
f 6238 6241 6239
f 6243 6238 6240
f 6244 6242 6239
f 6239 6242 6240
f 6242 6244 6243
f 6246 6247 6248
f 6247 6250 6248
f 6246 6249 6247
f 6253 6249 6246
f 6252 6253 6251
f 6251 6246 6248
f 6253 6246 6251
f 6253 6252 6249
f 6252 6250 6247
f 6249 6252 6247
f 6250 6252 6251
f 6250 6251 6248
f 6257 6260 6255
f 6254 6255 6256
f 6254 6257 6255
f 6259 6254 6256
f 6261 6254 6259
f 6261 6257 6254
f 6261 6260 6257
f 6260 6261 6259
f 6260 6258 6255
f 6258 6260 6259
f 6255 6258 6256
f 6258 6259 6256
f 6269 6262 6267
f 6269 6265 6262
f 6269 6268 6265
f 6268 6266 6263
f 6262 6263 6264
f 6262 6265 6263
f 6263 6266 6264
f 6265 6268 6263
f 6268 6269 6267
f 6266 6268 6267
f 6266 6267 6264
f 6267 6262 6264
f 6277 6273 6270
f 6277 6276 6273
f 6276 6274 6271
f 6276 6277 6275
f 6274 6276 6275
f 6271 6274 6272
f 6273 6276 6271
f 6277 6270 6275
f 6275 6270 6272
f 6270 6273 6271
f 6270 6271 6272
f 6274 6275 6272
f 6283 6278 6280
f 6285 6278 6283
f 6285 6284 6281
f 6284 6285 6283
f 6285 6281 6278
f 6278 6281 6279
f 6279 6282 6280
f 6278 6279 6280
f 6284 6282 6279
f 6281 6284 6279
f 6282 6284 6283
f 6282 6283 6280
f 6286 6287 6288
f 6286 6289 6287
f 6290 6291 6288
f 6291 6286 6288
f 6293 6286 6291
f 6293 6289 6286
f 6293 6292 6289
f 6292 6293 6291
f 6292 6290 6287
f 6290 6292 6291
f 6287 6290 6288
f 6289 6292 6287
f 6301 6294 6299
f 6298 6300 6299
f 6298 6299 6296
f 6301 6300 6297
f 6301 6297 6294
f 6294 6295 6296
f 6295 6298 6296
f 6294 6297 6295
f 6300 6301 6299
f 6300 6298 6295
f 6299 6294 6296
f 6297 6300 6295
f 6308 6306 6303
f 6305 6308 6303
f 6309 6308 6305
f 6309 6305 6302
f 6302 6303 6304
f 6307 6302 6304
f 6306 6307 6304
f 6308 6309 6307
f 6306 6308 6307
f 6303 6306 6304
f 6309 6302 6307
f 6302 6305 6303
f 6315 6310 6312
f 6316 6317 6315
f 6317 6310 6315
f 6314 6316 6315
f 6310 6311 6312
f 6311 6314 6312
f 6317 6316 6313
f 6317 6313 6310
f 6316 6314 6311
f 6313 6316 6311
f 6310 6313 6311
f 6314 6315 6312
f 6318 6319 6320
f 6318 6321 6319
f 6322 6323 6320
f 6325 6321 6318
f 6325 6318 6323
f 6323 6318 6320
f 6325 6324 6321
f 6321 6324 6319
f 6324 6325 6323
f 6322 6324 6323
f 6319 6322 6320
f 6324 6322 6319
f 6329 6332 6327
f 6333 6329 6326
f 6333 6332 6329
f 6331 6326 6328
f 6333 6326 6331
f 6326 6327 6328
f 6327 6330 6328
f 6326 6329 6327
f 6330 6332 6331
f 6332 6333 6331
f 6330 6331 6328
f 6332 6330 6327
f 6339 6334 6336
f 6341 6334 6339
f 6337 6340 6335
f 6341 6337 6334
f 6334 6335 6336
f 6334 6337 6335
f 6341 6340 6337
f 6340 6338 6335
f 6340 6341 6339
f 6338 6340 6339
f 6338 6339 6336
f 6335 6338 6336
f 6346 6347 6344
f 6342 6345 6343
f 6348 6346 6343
f 6349 6348 6345
f 6345 6348 6343
f 6346 6348 6347
f 6348 6349 6347
f 6343 6346 6344
f 6349 6342 6347
f 6347 6342 6344
f 6342 6343 6344
f 6349 6345 6342
f 6353 6356 6351
f 6357 6356 6353
f 6357 6353 6350
f 6356 6354 6351
f 6354 6355 6352
f 6351 6354 6352
f 6354 6356 6355
f 6356 6357 6355
f 6357 6350 6355
f 6355 6350 6352
f 6350 6353 6351
f 6350 6351 6352
f 6359 6362 6360
f 6362 6363 6360
f 6365 6358 6363
f 6364 6362 6359
f 6358 6359 6360
f 6358 6361 6359
f 6364 6365 6363
f 6363 6358 6360
f 6365 6364 6361
f 6361 6364 6359
f 6365 6361 6358
f 6362 6364 6363
f 6372 6370 6367
f 6370 6371 6368
f 6370 6372 6371
f 6367 6370 6368
f 6373 6369 6366
f 6369 6372 6367
f 6371 6366 6368
f 6373 6366 6371
f 6373 6372 6369
f 6366 6367 6368
f 6366 6369 6367
f 6372 6373 6371
f 6375 6378 6376
f 6379 6374 6376
f 6380 6378 6375
f 6374 6377 6375
f 6381 6374 6379
f 6377 6380 6375
f 6381 6380 6377
f 6381 6377 6374
f 6378 6379 6376
f 6380 6381 6379
f 6378 6380 6379
f 6374 6375 6376
f 6388 6386 6383
f 6389 6388 6385
f 6389 6385 6382
f 6385 6388 6383
f 6388 6389 6387
f 6387 6382 6384
f 6382 6385 6383
f 6382 6383 6384
f 6389 6382 6387
f 6383 6386 6384
f 6386 6388 6387
f 6386 6387 6384
f 6397 6396 6393
f 6391 6394 6392
f 6397 6393 6390
f 6390 6391 6392
f 6394 6396 6395
f 6396 6397 6395
f 6390 6393 6391
f 6396 6394 6391
f 6397 6390 6395
f 6395 6390 6392
f 6394 6395 6392
f 6393 6396 6391
f 6405 6404 6401
f 6398 6399 6400
f 6402 6404 6403
f 6402 6403 6400
f 6405 6401 6398
f 6401 6404 6399
f 6398 6401 6399
f 6399 6402 6400
f 6405 6398 6403
f 6403 6398 6400
f 6404 6402 6399
f 6404 6405 6403
f 6413 6409 6406
f 6411 6406 6408
f 6413 6412 6409
f 6410 6412 6411
f 6412 6410 6407
f 6409 6412 6407
f 6412 6413 6411
f 6407 6410 6408
f 6406 6407 6408
f 6413 6406 6411
f 6410 6411 6408
f 6406 6409 6407
f 6421 6420 6417
f 6414 6417 6415
f 6414 6415 6416
f 6417 6420 6415
f 6418 6420 6419
f 6420 6421 6419
f 6415 6418 6416
f 6418 6419 6416
f 6421 6414 6419
f 6420 6418 6415
f 6421 6417 6414
f 6419 6414 6416
f 6429 6428 6425
f 6429 6425 6422
f 6425 6428 6423
f 6428 6426 6423
f 6422 6425 6423
f 6422 6423 6424
f 6429 6422 6427
f 6426 6427 6424
f 6427 6422 6424
f 6423 6426 6424
f 6428 6429 6427
f 6426 6428 6427
f 6437 6430 6435
f 6436 6434 6431
f 6431 6434 6432
f 6434 6435 6432
f 6436 6437 6435
f 6430 6431 6432
f 6430 6433 6431
f 6433 6436 6431
f 6437 6436 6433
f 6434 6436 6435
f 6437 6433 6430
f 6435 6430 6432
f 6482 6480 6465
f 6465 6478 6476
f 6480 6478 6465
f 6479 6465 6477
f 6477 6465 6475
f 6477 6475 6454
f 6476 6461 6460
f 6453 6477 6454
f 6452 6479 6453
f 6476 6478 6461
f 6484 6481 6465
f 6481 6482 6465
f 6486 6483 6465
f 6455 6456 6439
f 6465 6472 6470
f 6473 6465 6471
f 6465 6474 6472
f 6475 6465 6473
f 6465 6476 6474
f 6485 6486 6465
f 6447 6448 6439
f 6445 6447 6439
f 6449 6450 6439
f 6448 6449 6439
f 6488 6485 6465
f 6467 6438 6440
f 6441 6467 6440
f 6468 6467 6441
f 6466 6442 6438
f 6467 6466 6438
f 6482 6481 6463
f 6488 6487 6450
f 6449 6488 6450
f 6481 6484 6446
f 6485 6488 6449
f 6484 6444 6446
f 6483 6445 6444
f 6484 6483 6444
f 6473 6471 6455
f 6472 6459 6458
f 6475 6473 6455
f 6480 6462 6461
f 6478 6480 6461
f 6479 6477 6453
f 6465 6479 6452
f 6487 6488 6465
f 6438 6439 6440
f 6439 6441 6440
f 6442 6439 6438
f 6439 6443 6441
f 6444 6445 6439
f 6446 6444 6439
f 6481 6446 6463
f 6480 6482 6464
f 6482 6463 6464
f 6450 6487 6451
f 6487 6465 6451
f 6480 6464 6462
f 6451 6465 6452
f 6474 6476 6459
f 6476 6460 6459
f 6472 6474 6459
f 6454 6475 6455
f 6486 6485 6448
f 6464 6463 6439
f 6462 6464 6439
f 6460 6461 6439
f 6461 6462 6439
f 6457 6458 6439
f 6442 6457 6439
f 6459 6460 6439
f 6458 6459 6439
f 6469 6468 6441
f 6443 6469 6441
f 6466 6470 6457
f 6463 6446 6439
f 6468 6465 6467
f 6469 6465 6468
f 6465 6470 6466
f 6447 6486 6448
f 6483 6447 6445
f 6483 6486 6447
f 6454 6455 6439
f 6456 6443 6439
f 6450 6451 6439
f 6483 6484 6465
f 6471 6465 6469
f 6470 6472 6457
f 6472 6458 6457
f 6455 6471 6456
f 6448 6485 6449
f 6456 6471 6443
f 6471 6469 6443
f 6466 6457 6442
f 6452 6453 6439
f 6453 6454 6439
f 6465 6466 6467
f 6451 6452 6439
f 6517 6519 6514
f 6514 6536 6534
f 6514 6534 6510
f 6535 6512 6533
f 6534 6508 6532
f 6510 6534 6532
f 6510 6532 6506
f 6533 6509 6530
f 6530 6509 6505
f 6506 6532 6531
f 6509 6507 6505
f 6508 6506 6504
f 6507 6503 6505
f 6506 6502 6504
f 6505 6503 6501
f 6504 6502 6500
f 6502 6526 6498
f 6524 6500 6496
f 6525 6523 6495
f 6499 6525 6495
f 6523 6522 6495
f 6520 6496 6492
f 6495 6522 6491
f 6522 6521 6491
f 6490 6489 6520
f 6521 6520 6492
f 6522 6494 6521
f 6494 6490 6521
f 6517 6518 6519
f 6490 6520 6521
f 6519 6518 6516
f 6516 6512 6535
f 6519 6516 6537
f 6513 6508 6534
f 6511 6535 6533
f 6511 6533 6507
f 6507 6533 6530
f 6532 6508 6531
f 6531 6508 6504
f 6531 6504 6528
f 6506 6528 6502
f 6507 6530 6503
f 6506 6531 6528
f 6530 6505 6529
f 6527 6505 6501
f 6529 6505 6527
f 6502 6528 6526
f 6526 6500 6524
f 6521 6492 6491
f 6537 6516 6535
f 6514 6519 6538
f 6514 6538 6536
f 6518 6517 6538
f 6538 6519 6537
f 6511 6515 6535
f 6517 6513 6536
f 6538 6517 6536
f 6503 6530 6529
f 6503 6529 6527
f 6528 6504 6526
f 6526 6504 6500
f 6499 6527 6525
f 6503 6527 6499
f 6536 6513 6534
f 6515 6537 6535
f 6518 6538 6537
f 6515 6518 6537
f 6494 6495 6491
f 6490 6494 6491
f 6515 6511 6512
f 6503 6499 6501
f 6527 6501 6525
f 6497 6494 6522
f 6493 6520 6489
f 6525 6501 6497
f 6498 6526 6524
f 6524 6496 6520
f 6525 6497 6523
f 6493 6524 6520
f 6523 6497 6522
f 6502 6498 6500
f 6501 6499 6497
f 6500 6498 6496
f 6517 6514 6513
f 6514 6510 6508
f 6511 6507 6509
f 6512 6511 6509
f 6513 6514 6508
f 6498 6524 6493
f 6510 6506 6508
f 6493 6489 6492
f 6492 6489 6491
f 6489 6490 6491
f 6516 6515 6512
f 6533 6512 6509
f 6497 6499 6495
f 6498 6493 6496
f 6497 6495 6494
f 6496 6493 6492
f 6518 6515 6516
f 6539 6540 6541
f 6542 6541 6543
f 6543 6541 6544
f 6550 6549 6548
f 6562 6563 6561
f 6545 6546 6547
f 6548 6549 6546
f 6548 6546 6545
f 6578 6579 6577
f 6560 6561 6559
f 6560 6559 6558
f 6542 6539 6541
f 6558 6557 6556
f 6558 6559 6557
f 6564 6544 6563
f 6564 6563 6562
f 6594 6595 6593
f 6562 6561 6560
f 6550 6551 6549
f 6582 6581 6580
f 6580 6579 6578
f 6576 6575 6574
f 6576 6577 6575
f 6578 6577 6576
f 6574 6575 6573
f 6580 6581 6579
f 6574 6573 6571
f 6543 6544 6564
f 6565 6545 6547
f 6565 6566 6598
f 6566 6599 6598
f 6586 6585 6584
f 6586 6587 6585
f 6588 6587 6586
f 6584 6583 6582
f 6584 6585 6583
f 6598 6599 6597
f 6588 6589 6587
f 6592 6593 6591
f 6567 6571 6568
f 6567 6568 6569
f 6566 6565 6547
f 6570 6567 6569
f 6571 6573 6572
f 6582 6583 6581
f 6552 6551 6550
f 6554 6553 6552
f 6552 6553 6551
f 6556 6555 6554
f 6556 6557 6555
f 6590 6589 6588
f 6554 6555 6553
f 6590 6591 6589
f 6592 6591 6590
f 6598 6597 6596
f 6594 6593 6592
f 6596 6595 6594
f 6596 6597 6595
f 6571 6572 6568
f 6608 6610 6609
f 6606 6607 6605
f 6604 6606 6605
f 6615 6616 6611
f 6612 6613 6614
f 6643 6642 6641
f 6610 6611 6609
f 6606 6608 6607
f 6608 6609 6607
f 6610 6615 6611
f 6627 6629 6628
f 6603 6600 6602
f 6600 6604 6601
f 6635 6637 6636
f 6637 6638 6636
f 6639 6640 6638
f 6604 6605 6601
f 6622 6625 6624
f 6627 6628 6626
f 6623 6622 6624
f 6629 6630 6628
f 6629 6631 6630
f 6624 6625 6626
f 6625 6627 6626
f 6637 6639 6638
f 6643 6644 6642
f 6600 6601 6602
f 6639 6641 6640
f 6641 6642 6640
f 6643 6645 6644
f 6617 6613 6612
f 6614 6613 6623
f 6613 6622 6623
f 6615 6619 6616
f 6618 6617 6612
f 6619 6620 6616
f 6621 6617 6618
f 6620 6621 6618
f 6619 6621 6620
f 6645 6646 6644
f 6635 6636 6634
f 6633 6635 6634
f 6633 6634 6632
f 6631 6633 6632
f 6631 6632 6630
f 6655 6653 6654
f 6654 6653 6651
f 6653 6647 6651
f 6650 6652 6648
f 6738 6740 6739
f 6739 6741 6742
f 6703 6708 6704
f 6724 6725 6722
f 6726 6723 6721
f 6724 6727 6725
f 6728 6723 6726
f 6697 6695 6694
f 6691 6698 6696
f 6699 6695 6697
f 6698 6700 6696
f 6700 6701 6696
f 6651 6647 6649
f 6707 6706 6705
f 6681 6680 6679
f 6677 6682 6678
f 6682 6683 6678
f 6684 6680 6681
f 6685 6680 6684
f 6682 6686 6683
f 6686 6687 6683
f 6688 6685 6684
f 6689 6685 6688
f 6717 6722 6718
f 6723 6720 6721
f 6717 6724 6722
f 6647 6648 6649
f 6650 6656 6652
f 6754 6773 6755
f 6778 6754 6777
f 6778 6773 6754
f 6779 6780 6781
f 6780 6760 6781
f 6782 6780 6779
f 6780 6757 6760
f 6741 6747 6748
f 6742 6741 6748
f 6749 6750 6751
f 6752 6750 6749
f 6753 6754 6755
f 6756 6754 6753
f 6757 6758 6759
f 6760 6757 6759
f 6758 6761 6762
f 6784 6785 6772
f 6748 6787 6785
f 6786 6748 6785
f 6787 6748 6788
f 6748 6745 6788
f 6789 6790 6737
f 6736 6791 6737
f 6769 6770 6771
f 6769 6772 6770
f 6773 6769 6774
f 6769 6771 6774
f 6768 6775 6767
f 6768 6776 6775
f 6776 6777 6775
f 6776 6778 6777
f 6755 6773 6774
f 6736 6800 6799
f 6736 6801 6800
f 6802 6803 6736
f 6803 6801 6736
f 6804 6802 6736
f 6805 6737 6806
f 6805 6735 6737
f 6751 6783 6779
f 6783 6782 6779
f 6750 6783 6751
f 6732 6783 6750
f 6733 6732 6750
f 6784 6734 6785
f 6734 6786 6785
f 6786 6734 6731
f 6772 6785 6770
f 6815 6816 6813
f 6817 6818 6814
f 6818 6812 6814
f 6815 6819 6816
f 6819 6820 6816
f 6820 6818 6817
f 6819 6818 6820
f 6791 6789 6737
f 6736 6792 6791
f 6736 6793 6792
f 6736 6794 6793
f 6736 6795 6794
f 6736 6796 6795
f 6736 6797 6796
f 6736 6798 6797
f 6736 6799 6798
f 6829 6832 6828
f 6829 6833 6832
f 6834 6831 6830
f 6833 6834 6832
f 6833 6831 6834
f 6835 6836 6837
f 6836 6838 6837
f 6743 6805 6744
f 6805 6806 6744
f 6807 6808 6809
f 6810 6807 6809
f 6807 6811 6808
f 6812 6807 6810
f 6811 6813 6808
f 6814 6812 6810
f 6811 6815 6813
f 6842 6845 6846
f 6847 6848 6849
f 6850 6848 6847
f 6848 6851 6849
f 6851 6852 6849
f 6853 6854 6847
f 6854 6850 6847
f 6821 6822 6823
f 6821 6824 6822
f 6824 6825 6822
f 6826 6821 6823
f 6827 6821 6826
f 6824 6828 6825
f 6824 6829 6828
f 6830 6827 6826
f 6831 6827 6830
f 6863 6864 6862
f 6865 6861 6860
f 6863 6866 6864
f 6867 6861 6865
f 6866 6868 6864
f 6869 6867 6865
f 6870 6867 6869
f 6838 6839 6837
f 6840 6836 6835
f 6841 6840 6835
f 6838 6842 6839
f 6842 6843 6839
f 6844 6845 6841
f 6845 6840 6841
f 6842 6846 6843
f 6846 6845 6844
f 6880 6872 6876
f 6878 6881 6877
f 6882 6880 6879
f 6878 6883 6881
f 6884 6880 6882
f 6885 6884 6882
f 6883 6885 6881
f 6851 6855 6852
f 6855 6856 6852
f 6857 6854 6853
f 6855 6858 6856
f 6859 6854 6857
f 6858 6859 6857
f 6855 6859 6858
f 6860 6861 6862
f 6861 6863 6862
f 6893 6896 6892
f 6897 6898 6894
f 6898 6895 6894
f 6893 6899 6896
f 6899 6900 6896
f 6900 6898 6897
f 6899 6898 6900
f 6866 6871 6868
f 6871 6870 6868
f 6870 6869 6868
f 6872 6873 6874
f 6872 6875 6873
f 6876 6872 6874
f 6875 6877 6873
f 6875 6878 6877
f 6879 6880 6876
f 6911 6912 6908
f 6913 6910 6909
f 6914 6910 6913
f 6911 6915 6912
f 6915 6914 6913
f 6911 6914 6915
f 6916 6917 6918
f 6883 6884 6885
f 6886 6887 6888
f 6886 6889 6887
f 6890 6886 6888
f 6891 6890 6888
f 6889 6892 6887
f 6889 6893 6892
f 6894 6890 6891
f 6895 6890 6894
f 6926 6927 6924
f 6926 6925 6927
f 6928 6929 6930
f 6931 6928 6930
f 6932 6933 6934
f 6933 6935 6934
f 6936 6933 6932
f 6901 6902 6903
f 6902 6904 6903
f 6905 6901 6903
f 6906 6901 6905
f 6902 6907 6904
f 6907 6908 6904
f 6909 6910 6905
f 6910 6906 6905
f 6907 6911 6908
f 6946 6947 6945
f 6938 6946 6945
f 6946 6948 6947
f 6946 6949 6948
f 6949 6936 6948
f 6937 6936 6949
f 6938 6929 6950
f 6919 6916 6918
f 6917 6920 6918
f 6921 6916 6919
f 6922 6921 6919
f 6917 6923 6920
f 6923 6924 6920
f 6925 6921 6922
f 6923 6926 6924
f 6927 6925 6922
f 6929 6958 6956
f 6929 6959 6958
f 6933 6949 6957
f 6935 6933 6957
f 6937 6949 6933
f 6934 6957 6960
f 6934 6935 6957
f 6936 6937 6933
f 6938 6939 6940
f 6929 6938 6940
f 6941 6929 6940
f 6938 6942 6939
f 6943 6929 6941
f 6938 6944 6942
f 6930 6929 6943
f 6938 6945 6944
f 6942 6944 6963
f 6944 6965 6963
f 6966 6930 6964
f 6943 6941 6964
f 6930 6943 6964
f 6944 6945 6965
f 6945 6967 6965
f 6951 6938 6950
f 6952 6953 6950
f 6954 6952 6950
f 6953 6955 6950
f 6929 6956 6950
f 6956 6954 6950
f 6946 6938 6951
f 6957 6946 6951
f 6949 6946 6957
f 6950 6955 6966
f 6965 6950 6963
f 6968 6951 6967
f 6957 6951 6968
f 6965 6951 6950
f 6960 6957 6968
f 6969 6970 6971
f 6932 6934 6960
f 6948 6932 6960
f 6948 6936 6932
f 6961 6940 6962
f 6939 6963 6962
f 6940 6939 6962
f 6941 6940 6961
f 6964 6941 6961
f 6939 6942 6963
f 6978 6981 6974
f 6982 6973 6979
f 6973 6975 6979
f 6982 6977 6973
f 6983 6984 6985
f 6984 6986 6985
f 6986 6987 6985
f 6945 6947 6967
f 6947 6968 6967
f 6947 6948 6968
f 6948 6960 6968
f 6963 6950 6962
f 6950 6964 6961
f 6962 6950 6961
f 6950 6966 6964
f 6967 6951 6965
f 6994 6969 6993
f 6995 6969 6994
f 6996 6969 6971
f 6988 6969 6996
f 6997 6988 6996
f 6998 6988 6997
f 6990 6988 6998
f 6969 6972 6970
f 6973 6974 6975
f 6974 6976 6975
f 6977 6974 6973
f 6977 6978 6974
f 6975 6976 6979
f 6976 6980 6979
f 6974 6981 6980
f 6976 6974 6980
f 6971 7004 7003
f 7005 6997 7003
f 6997 6996 7003
f 6998 6997 7005
f 7006 6998 7005
f 6999 6998 7006
f 7007 6999 7006
f 6987 6969 6985
f 6969 6988 6985
f 6988 6989 6985
f 6988 6990 6989
f 6990 6991 6989
f 6990 6982 6991
f 6982 6979 6991
f 6992 6969 6987
f 6993 6969 6992
f 6985 7005 6983
f 6989 7006 7005
f 6985 6989 7005
f 6989 7007 7006
f 6989 6991 7007
f 6991 7008 7007
f 7009 7008 6991
f 6999 6990 6998
f 7000 6990 6999
f 6982 6990 7000
f 7001 6982 7000
f 7002 6982 7001
f 7002 6981 6982
f 6981 6977 6982
f 6978 6977 6981
f 6996 6971 7003
f 6970 7016 7015
f 6972 7016 6970
f 7015 7017 7018
f 7017 7019 7018
f 7015 7016 7017
f 7020 7021 6966
f 7022 6966 7021
f 7000 6999 7007
f 7008 7000 7007
f 7001 7000 7008
f 7009 7001 7008
f 7002 7001 7009
f 6980 7002 7009
f 6981 7002 6980
f 6983 7003 7004
f 6983 7005 7003
f 6861 7025 6955
f 6866 6863 6953
f 6768 6871 6953
f 6871 6866 6953
f 6838 6836 6953
f 6952 6838 6953
f 6836 6768 6953
f 6979 7009 6991
f 6979 6980 7009
f 7004 7010 7011
f 7004 7012 7010
f 7004 7013 7012
f 6971 7013 7004
f 6971 7014 7013
f 6971 7015 7014
f 6970 7015 6971
f 6872 6983 7025
f 6952 6842 6838
f 6776 6768 6840
f 6952 7026 6842
f 6845 6776 6840
f 7026 6769 6842
f 6769 6773 6842
f 7023 6966 7022
f 7023 6930 6966
f 7024 6930 7023
f 7018 6930 7024
f 7018 6931 6930
f 7019 6928 6931
f 7018 7019 6931
f 6863 6861 6955
f 6953 6863 6955
f 6872 6880 6983
f 7026 6772 6769
f 7026 6784 6772
f 6758 6883 6761
f 6758 6984 6883
f 6884 6983 6880
f 6812 6818 7026
f 6861 6867 7025
f 6870 7025 6867
f 6763 7025 6870
f 6763 6870 6871
f 6766 6763 6871
f 6768 6766 6871
f 6836 6840 6768
f 6875 6872 7025
f 6763 6875 7025
f 6783 6851 6782
f 6850 6758 6757
f 6850 6854 6758
f 6854 6984 6758
f 6954 6815 6811
f 6732 6851 6783
f 7027 6819 6815
f 6778 6776 6845
f 6773 6845 6842
f 6773 6778 6845
f 6878 6875 6763
f 6883 6878 6763
f 6761 6883 6763
f 6954 6811 6952
f 6811 6807 6952
f 6807 7026 6952
f 6821 6827 6734
f 6827 6984 6734
f 6827 6831 6984
f 6831 6986 6984
f 6986 6833 6829
f 6824 6986 6829
f 6833 6986 6831
f 6818 7027 7026
f 6807 6812 7026
f 7027 6784 7026
f 6782 6848 6780
f 6984 6983 6884
f 6848 6757 6780
f 6848 6850 6757
f 6883 6984 6884
f 6851 6848 6782
f 6680 6685 6986
f 6685 6689 6986
f 6689 6987 6986
f 6677 6680 6986
f 6956 6724 6717
f 6956 6727 6724
f 6956 6728 6727
f 6954 7027 6815
f 6732 6855 6851
f 6734 6855 6732
f 6819 7027 6818
f 6734 6984 6855
f 6859 6984 6854
f 6984 6859 6855
f 6824 6734 6784
f 6824 6821 6734
f 6695 6699 6728
f 7029 6784 6728
f 7030 7028 6784
f 7030 6650 7028
f 6650 6647 7028
f 6647 6653 7028
f 6653 6987 7028
f 6720 7027 6954
f 6717 6720 6954
f 6956 6717 6954
f 6720 6723 7027
f 6723 6728 7027
f 6728 6784 7027
f 7028 6824 6784
f 7028 6677 6824
f 6677 6986 6824
f 7030 6992 6656
f 6703 7029 6958
f 6714 7031 7029
f 6709 6714 7029
f 6703 6706 7029
f 6706 6709 7029
f 7031 6784 7029
f 7028 6682 6677
f 7028 6686 6682
f 7028 6987 6686
f 6987 6689 6686
f 6691 6690 6956
f 6958 6691 6956
f 6690 6728 6956
f 6699 7029 6728
f 6690 6695 6728
f 6958 6712 6708
f 6958 7031 6712
f 7031 6716 6712
f 6716 7031 6714
f 7032 6668 6662
f 7032 6671 6668
f 7032 6993 6671
f 6653 6655 6987
f 6655 6659 6987
f 6659 6992 6987
f 6958 6698 6691
f 7029 6700 6698
f 6958 7029 6698
f 6700 7029 6699
f 7030 6656 6650
f 6992 6659 6656
f 6747 6784 7031
f 6747 7034 6784
f 7034 7032 6784
f 6902 6901 7032
f 6901 6906 7032
f 6906 6993 7032
f 7034 6902 7032
f 7032 7030 6784
f 7032 6662 7030
f 6662 6661 7030
f 6661 6665 7030
f 6665 6992 7030
f 6672 6675 6992
f 6675 6993 6992
f 6665 6672 6992
f 6958 6708 6703
f 6746 6747 7033
f 6929 6917 6959
f 6917 6916 6959
f 6916 6921 6959
f 6928 6917 6929
f 7019 6917 6928
f 6921 6805 6743
f 6993 6675 6671
f 6886 6890 6958
f 6959 6889 6958
f 6889 6886 6958
f 6890 7031 6958
f 6898 7033 7031
f 6890 6895 7031
f 6895 6898 7031
f 7033 6747 7031
f 6926 7017 6925
f 7034 6994 6911
f 6914 6994 6910
f 6994 6914 6911
f 6747 6741 7034
f 6741 7035 7034
f 6995 6994 7034
f 6910 6994 6993
f 6906 6910 6993
f 6959 6893 6889
f 6959 7033 6893
f 6921 7033 6959
f 7033 6899 6893
f 6899 7033 6898
f 6743 6746 7033
f 6921 6743 7033
f 6969 6995 7039
f 7016 7040 7038
f 7040 6969 7039
f 6972 6969 7040
f 7016 6972 7040
f 7037 7036 7041
f 7042 7037 7041
f 7017 6923 7019
f 6923 6917 7019
f 6735 6805 6921
f 6738 6735 6921
f 7034 6907 6902
f 7017 6926 6923
f 6925 6738 6921
f 7034 6911 6907
f 7017 6738 6925
f 6712 6715 6711
f 6712 6716 6715
f 6716 6713 6715
f 6716 6714 6713
f 6717 6718 6719
f 6720 6717 6719
f 6721 6720 6719
f 7035 6995 7034
f 7036 7037 6738
f 7017 7036 6738
f 7037 7035 6738
f 6740 7035 6741
f 7016 7038 7017
f 7038 7036 7017
f 7035 6740 6738
f 7039 6995 7035
f 7035 7037 7042
f 7044 7035 7042
f 7036 7038 7043
f 7038 7045 7043
f 7039 7035 7044
f 7046 7039 7044
f 7038 7040 7045
f 7040 7046 7045
f 7040 7039 7046
f 6740 6741 6739
f 6743 6744 6745
f 6746 6743 6745
f 6747 6746 6745
f 6748 6747 6745
f 6713 6714 6710
f 6714 6709 6710
f 6671 6675 6674
f 6674 6675 6676
f 6677 6678 6679
f 6680 6677 6679
f 6686 6689 6687
f 6687 6689 6688
f 6690 6691 6692
f 6691 6693 6692
f 6694 6690 6692
f 6695 6690 6694
f 6691 6696 6693
f 6709 6706 6707
f 6710 6709 6707
f 6667 6665 6663
f 6662 6668 6666
f 7036 7043 7041
f 6702 6699 6697
f 6700 6702 6701
f 6700 6699 6702
f 6703 6704 6705
f 6708 6711 6704
f 6708 6712 6711
f 6665 6661 6663
f 6662 6666 6664
f 6668 6669 6666
f 6670 6665 6667
f 6668 6671 6669
f 6672 6665 6670
f 6673 6672 6670
f 6671 6674 6669
f 6675 6672 6673
f 6676 6675 6673
f 6759 6758 6762
f 6761 6763 6764
f 6762 6761 6764
f 6764 6763 6765
f 6763 6766 6765
f 6766 6767 6765
f 6766 6768 6767
f 6729 6728 6726
f 6727 6730 6725
f 6727 6728 6730
f 6730 6728 6729
f 6731 6732 6733
f 6731 6734 6732
f 6735 6736 6737
f 6738 6736 6735
f 6738 6739 6736
f 6656 6657 6652
f 6658 6655 6654
f 6656 6659 6657
f 6659 6655 6658
f 6659 6660 6657
f 6660 6659 6658
f 6661 6662 6663
f 6662 6664 6663
f 6706 6703 6705
f 6647 6650 6648
f 7055 7085 7075
f 7083 7056 7082
f 7055 7057 7085
f 7059 7056 7083
f 7058 7084 7085
f 7086 7060 7083
f 7060 7059 7083
f 7058 7087 7084
f 7061 7098 7087
f 7088 7060 7086
f 7058 7061 7087
f 7062 7060 7088
f 7064 7062 7088
f 7089 7064 7088
f 7063 7096 7098
f 7048 7078 7074
f 7094 7095 7075
f 7071 7047 7069
f 7057 7058 7085
f 7089 7088 7075
f 7090 7091 7075
f 7091 7089 7075
f 7092 7093 7075
f 7093 7090 7075
f 7087 7098 7075
f 7095 7092 7075
f 7096 7097 7075
f 7097 7094 7075
f 7061 7063 7098
f 7098 7096 7075
f 7065 7064 7089
f 7066 7097 7096
f 7075 7082 7081
f 7090 7069 7091
f 7069 7067 7091
f 7068 7094 7097
f 7066 7068 7097
f 7071 7069 7090
f 7093 7071 7090
f 7068 7070 7094
f 7070 7095 7094
f 7072 7071 7093
f 7092 7072 7093
f 7075 7079 7077
f 7080 7075 7078
f 7071 7072 7047
f 7073 7070 7047
f 7072 7073 7047
f 7075 7077 7076
f 7075 7081 7079
f 7049 7074 7076
f 7074 7075 7076
f 7078 7075 7074
f 7047 7058 7057
f 7047 7057 7055
f 7056 7047 7054
f 7047 7055 7053
f 7075 7088 7086
f 7087 7075 7084
f 7075 7086 7083
f 7084 7075 7085
f 7049 7048 7074
f 7050 7049 7076
f 7077 7050 7076
f 7069 7047 7067
f 7091 7067 7089
f 7047 7063 7061
f 7064 7047 7062
f 7065 7047 7064
f 7047 7066 7063
f 7067 7047 7065
f 7047 7068 7066
f 7047 7051 7048
f 7047 7070 7068
f 7047 7048 7049
f 7059 7047 7056
f 7060 7047 7059
f 7047 7061 7058
f 7062 7047 7060
f 7075 7083 7082
f 7067 7065 7089
f 7079 7052 7077
f 7052 7050 7077
f 7048 7051 7078
f 7051 7080 7078
f 7081 7054 7079
f 7054 7052 7079
f 7051 7053 7080
f 7082 7054 7081
f 7053 7055 7080
f 7055 7075 7080
f 7056 7054 7082
f 7073 7092 7095
f 7070 7073 7095
f 7073 7072 7092
f 7063 7066 7096
f 7047 7053 7051
f 7052 7047 7050
f 7054 7047 7052
f 7050 7047 7049
f 7100 7099 7103
f 7102 7100 7106
f 7102 7106 7105
f 7101 7105 7104
f 7099 7101 7104
f 7103 7099 7104
f 7100 7102 7101
f 7102 7105 7101
f 7106 7100 7103
f 7105 7103 7104
f 7105 7106 7103
f 7099 7100 7101
f 7108 7110 7109
f 7111 7107 7112
f 7110 7113 7109
f 7109 7113 7112
f 7110 7108 7114
f 7110 7114 7113
f 7107 7109 7112
f 7113 7111 7112
f 7113 7114 7111
f 7107 7108 7109
f 7108 7107 7111
f 7114 7108 7111
f 7116 7115 7119
f 7122 7116 7119
f 7115 7117 7120
f 7121 7119 7120
f 7115 7116 7117
f 7116 7118 7117
f 7121 7122 7119
f 7119 7115 7120
f 7117 7121 7120
f 7118 7121 7117
f 7118 7116 7122
f 7118 7122 7121
f 7126 7129 7125
f 7129 7127 7128
f 7129 7130 7127
f 7127 7123 7128
f 7123 7125 7128
f 7124 7126 7125
f 7123 7124 7125
f 7125 7129 7128
f 7126 7124 7130
f 7124 7123 7127
f 7126 7130 7129
f 7130 7124 7127
f 7133 7137 7136
f 7132 7134 7133
f 7131 7132 7133
f 7134 7138 7137
f 7135 7131 7136
f 7131 7133 7136
f 7134 7137 7133
f 7132 7131 7135
f 7137 7138 7135
f 7134 7132 7138
f 7138 7132 7135
f 7137 7135 7136
f 7146 7140 7143
f 7143 7139 7144
f 7140 7142 7141
f 7145 7143 7144
f 7139 7141 7144
f 7145 7146 7143
f 7139 7140 7141
f 7140 7139 7143
f 7141 7145 7144
f 7142 7145 7141
f 7142 7140 7146
f 7142 7146 7145
f 7150 7154 7153
f 7153 7151 7152
f 7147 7148 7149
f 7151 7147 7152
f 7148 7147 7151
f 7153 7154 7151
f 7150 7153 7149
f 7149 7153 7152
f 7150 7148 7154
f 7147 7149 7152
f 7148 7150 7149
f 7154 7148 7151
f 7156 7158 7157
f 7156 7155 7159
f 7162 7156 7159
f 7155 7157 7160
f 7157 7161 7160
f 7161 7162 7159
f 7161 7159 7160
f 7158 7156 7162
f 7158 7161 7157
f 7159 7155 7160
f 7155 7156 7157
f 7158 7162 7161
f 7165 7169 7168
f 7163 7164 7165
f 7164 7166 7165
f 7166 7170 7169
f 7167 7163 7168
f 7163 7165 7168
f 7166 7169 7165
f 7169 7170 7167
f 7169 7167 7168
f 7170 7164 7167
f 7166 7164 7170
f 7164 7163 7167
f 7177 7175 7176
f 7174 7178 7177
f 7174 7177 7173
f 7174 7172 7178
f 7172 7171 7175
f 7178 7172 7175
f 7175 7171 7176
f 7173 7177 7176
f 7171 7173 7176
f 7171 7172 7173
f 7177 7178 7175
f 7172 7174 7173
f 7185 7183 7184
f 7182 7186 7185
f 7181 7185 7184
f 7185 7186 7183
f 7180 7179 7183
f 7179 7181 7184
f 7179 7180 7181
f 7186 7180 7183
f 7182 7180 7186
f 7182 7185 7181
f 7180 7182 7181
f 7183 7179 7184
f 7191 7187 7192
f 7188 7187 7191
f 7194 7188 7191
f 7190 7188 7194
f 7190 7194 7193
f 7193 7194 7191
f 7189 7193 7192
f 7187 7189 7192
f 7190 7193 7189
f 7193 7191 7192
f 7187 7188 7189
f 7188 7190 7189
f 7201 7199 7200
f 7195 7197 7200
f 7199 7195 7200
f 7198 7202 7201
f 7198 7201 7197
f 7202 7196 7199
f 7195 7196 7197
f 7198 7196 7202
f 7197 7201 7200
f 7201 7202 7199
f 7196 7198 7197
f 7196 7195 7199
f 7204 7203 7207
f 7205 7209 7208
f 7206 7209 7205
f 7210 7204 7207
f 7206 7204 7210
f 7203 7204 7205
f 7209 7207 7208
f 7206 7210 7209
f 7204 7206 7205
f 7207 7203 7208
f 7203 7205 7208
f 7209 7210 7207
f 7214 7218 7217
f 7214 7217 7213
f 7213 7217 7216
f 7217 7218 7215
f 7211 7212 7213
f 7212 7214 7213
f 7215 7211 7216
f 7214 7212 7218
f 7217 7215 7216
f 7211 7213 7216
f 7218 7212 7215
f 7212 7211 7215
f 7222 7220 7226
f 7220 7219 7223
f 7226 7220 7223
f 7223 7219 7224
f 7221 7225 7224
f 7219 7221 7224
f 7220 7222 7221
f 7219 7220 7221
f 7222 7226 7225
f 7222 7225 7221
f 7225 7223 7224
f 7225 7226 7223
f 7234 7228 7231
f 7227 7228 7229
f 7228 7230 7229
f 7231 7227 7232
f 7228 7227 7231
f 7230 7228 7234
f 7230 7234 7233
f 7230 7233 7229
f 7229 7233 7232
f 7233 7234 7231
f 7233 7231 7232
f 7227 7229 7232
f 7236 7235 7239
f 7238 7242 7241
f 7238 7236 7242
f 7242 7236 7239
f 7236 7238 7237
f 7241 7242 7239
f 7239 7235 7240
f 7238 7241 7237
f 7241 7239 7240
f 7237 7241 7240
f 7235 7236 7237
f 7235 7237 7240
f 7250 7244 7247
f 7244 7243 7247
f 7243 7244 7245
f 7246 7244 7250
f 7246 7249 7245
f 7246 7250 7249
f 7244 7246 7245
f 7247 7243 7248
f 7249 7247 7248
f 7243 7245 7248
f 7249 7250 7247
f 7245 7249 7248
f 7257 7258 7255
f 7257 7255 7256
f 7255 7251 7256
f 7254 7258 7257
f 7252 7254 7253
f 7251 7252 7253
f 7251 7253 7256
f 7254 7252 7258
f 7258 7252 7255
f 7252 7251 7255
f 7253 7257 7256
f 7254 7257 7253
f 7265 7263 7264
f 7259 7261 7264
f 7262 7260 7266
f 7260 7259 7263
f 7263 7259 7264
f 7265 7266 7263
f 7266 7260 7263
f 7262 7265 7261
f 7261 7265 7264
f 7260 7262 7261
f 7259 7260 7261
f 7262 7266 7265
f 7270 7273 7269
f 7273 7274 7271
f 7270 7268 7274
f 7267 7268 7269
f 7273 7271 7272
f 7269 7273 7272
f 7274 7268 7271
f 7268 7267 7271
f 7270 7274 7273
f 7267 7269 7272
f 7268 7270 7269
f 7271 7267 7272
f 7275 7277 7280
f 7275 7276 7277
f 7279 7275 7280
f 7276 7278 7277
f 7282 7276 7279
f 7281 7282 7279
f 7278 7281 7277
f 7278 7282 7281
f 7276 7275 7279
f 7278 7276 7282
f 7277 7281 7280
f 7281 7279 7280
f 7286 7290 7289
f 7289 7287 7288
f 7285 7289 7288
f 7283 7285 7288
f 7289 7290 7287
f 7284 7286 7285
f 7283 7284 7285
f 7287 7283 7288
f 7284 7283 7287
f 7290 7284 7287
f 7286 7289 7285
f 7286 7284 7290
f 7295 7291 7296
f 7294 7292 7298
f 7294 7298 7297
f 7294 7297 7293
f 7293 7297 7296
f 7291 7292 7293
f 7291 7293 7296
f 7292 7294 7293
f 7292 7291 7295
f 7297 7298 7295
f 7298 7292 7295
f 7297 7295 7296
f 7302 7305 7301
f 7306 7300 7303
f 7300 7299 7303
f 7305 7306 7303
f 7305 7303 7304
f 7299 7301 7304
f 7301 7305 7304
f 7299 7300 7301
f 7302 7300 7306
f 7302 7306 7305
f 7303 7299 7304
f 7300 7302 7301
f 7314 7308 7311
f 7308 7307 7311
f 7310 7313 7309
f 7311 7307 7312
f 7307 7309 7312
f 7309 7313 7312
f 7313 7314 7311
f 7310 7314 7313
f 7308 7310 7309
f 7313 7311 7312
f 7307 7308 7309
f 7310 7308 7314
f 7316 7315 7319
f 7316 7318 7317
f 7319 7315 7320
f 7318 7322 7321
f 7321 7322 7319
f 7322 7316 7319
f 7318 7316 7322
f 7318 7321 7317
f 7315 7317 7320
f 7315 7316 7317
f 7321 7319 7320
f 7317 7321 7320
f 7324 7326 7325
f 7330 7324 7327
f 7329 7330 7327
f 7325 7329 7328
f 7324 7323 7327
f 7326 7324 7330
f 7323 7325 7328
f 7329 7327 7328
f 7323 7324 7325
f 7326 7329 7325
f 7326 7330 7329
f 7327 7323 7328
f 7335 7331 7336
f 7332 7334 7333
f 7337 7335 7336
f 7331 7333 7336
f 7333 7337 7336
f 7334 7337 7333
f 7331 7332 7333
f 7337 7338 7335
f 7332 7331 7335
f 7338 7332 7335
f 7334 7338 7337
f 7334 7332 7338
f 7342 7346 7345
f 7342 7345 7341
f 7343 7339 7344
f 7339 7340 7341
f 7346 7340 7343
f 7340 7339 7343
f 7341 7345 7344
f 7345 7346 7343
f 7342 7340 7346
f 7340 7342 7341
f 7339 7341 7344
f 7345 7343 7344
f 7348 7347 7351
f 7354 7348 7351
f 7347 7348 7349
f 7350 7348 7354
f 7353 7354 7351
f 7351 7347 7352
f 7353 7351 7352
f 7349 7353 7352
f 7347 7349 7352
f 7348 7350 7349
f 7350 7353 7349
f 7350 7354 7353
f 7361 7359 7360
f 7356 7355 7359
f 7355 7356 7357
f 7355 7357 7360
f 7362 7356 7359
f 7358 7362 7361
f 7358 7356 7362
f 7356 7358 7357
f 7358 7361 7357
f 7359 7355 7360
f 7361 7362 7359
f 7357 7361 7360
f 7366 7369 7365
f 7370 7364 7367
f 7369 7370 7367
f 7365 7369 7368
f 7363 7365 7368
f 7369 7367 7368
f 7364 7366 7365
f 7367 7363 7368
f 7363 7364 7365
f 7364 7363 7367
f 7366 7370 7369
f 7366 7364 7370
f 7378 7372 7375
f 7372 7371 7375
f 7377 7375 7376
f 7374 7372 7378
f 7373 7377 7376
f 7377 7378 7375
f 7374 7378 7377
f 7374 7377 7373
f 7371 7372 7373
f 7371 7373 7376
f 7375 7371 7376
f 7372 7374 7373
f 7379 7380 7381
f 7380 7382 7381
f 7382 7380 7386
f 7380 7379 7383
f 7386 7380 7383
f 7383 7379 7384
f 7382 7386 7385
f 7382 7385 7381
f 7379 7381 7384
f 7381 7385 7384
f 7385 7386 7383
f 7385 7383 7384
f 7388 7387 7391
f 7390 7388 7394
f 7390 7394 7393
f 7390 7393 7389
f 7389 7393 7392
f 7393 7394 7391
f 7393 7391 7392
f 7387 7389 7392
f 7388 7390 7389
f 7387 7388 7389
f 7394 7388 7391
f 7391 7387 7392
f 7397 7401 7400
f 7398 7396 7402
f 7402 7396 7399
f 7398 7401 7397
f 7396 7398 7397
f 7396 7395 7399
f 7398 7402 7401
f 7395 7397 7400
f 7399 7395 7400
f 7401 7402 7399
f 7401 7399 7400
f 7395 7396 7397
f 7407 7403 7408
f 7404 7406 7405
f 7410 7404 7407
f 7404 7403 7407
f 7406 7409 7405
f 7406 7410 7409
f 7409 7410 7407
f 7409 7407 7408
f 7403 7404 7405
f 7403 7405 7408
f 7405 7409 7408
f 7406 7404 7410
f 7414 7412 7418
f 7414 7418 7417
f 7417 7418 7415
f 7413 7417 7416
f 7415 7411 7416
f 7414 7417 7413
f 7412 7411 7415
f 7418 7412 7415
f 7412 7414 7413
f 7411 7413 7416
f 7417 7415 7416
f 7411 7412 7413
f 7419 7420 7421
f 7422 7420 7426
f 7422 7426 7425
f 7426 7420 7423
f 7422 7425 7421
f 7421 7425 7424
f 7425 7423 7424
f 7425 7426 7423
f 7420 7419 7423
f 7419 7421 7424
f 7423 7419 7424
f 7420 7422 7421
f 7433 7434 7431
f 7427 7428 7429
f 7430 7433 7429
f 7428 7430 7429
f 7431 7427 7432
f 7430 7428 7434
f 7434 7428 7431
f 7430 7434 7433
f 7428 7427 7431
f 7433 7431 7432
f 7427 7429 7432
f 7429 7433 7432
f 7436 7438 7437
f 7436 7435 7439
f 7442 7436 7439
f 7438 7436 7442
f 7435 7437 7440
f 7438 7442 7441
f 7441 7439 7440
f 7441 7442 7439
f 7439 7435 7440
f 7437 7441 7440
f 7438 7441 7437
f 7435 7436 7437
f 7470 7477 7475
f 7478 7470 7476
f 7470 7479 7477
f 7477 7452 7475
f 7470 7481 7479
f 7482 7481 7470
f 7483 7484 7470
f 7484 7482 7470
f 7485 7486 7470
f 7456 7454 7479
f 7455 7457 7480
f 7480 7470 7478
f 7475 7450 7473
f 7450 7449 7473
f 7448 7476 7472
f 7473 7449 7474
f 7446 7448 7472
f 7449 7447 7474
f 7464 7444 7462
f 7444 7463 7461
f 7462 7444 7460
f 7444 7461 7459
f 7460 7444 7458
f 7466 7467 7444
f 7466 7444 7464
f 7444 7465 7463
f 7458 7444 7456
f 7444 7457 7455
f 7444 7455 7453
f 7456 7444 7454
f 7488 7485 7470
f 7487 7488 7470
f 7450 7444 7449
f 7449 7444 7447
f 7486 7483 7470
f 7444 7451 7448
f 7447 7444 7443
f 7444 7448 7446
f 7443 7444 7445
f 7444 7446 7445
f 7476 7470 7472
f 7470 7475 7473
f 7470 7473 7474
f 7472 7470 7469
f 7459 7461 7489
f 7461 7490 7489
f 7484 7462 7482
f 7462 7460 7482
f 7459 7489 7493
f 7460 7458 7482
f 7468 7467 7485
f 7468 7485 7488
f 7452 7450 7475
f 7465 7468 7487
f 7468 7488 7487
f 7486 7466 7483
f 7463 7465 7487
f 7483 7464 7484
f 7464 7462 7484
f 7461 7491 7490
f 7448 7451 7476
f 7452 7444 7450
f 7454 7444 7452
f 7444 7453 7451
f 7492 7493 7470
f 7493 7489 7470
f 7470 7443 7471
f 7443 7445 7471
f 7474 7443 7470
f 7451 7478 7476
f 7451 7453 7478
f 7454 7452 7477
f 7455 7480 7478
f 7453 7455 7478
f 7481 7456 7479
f 7479 7454 7477
f 7446 7472 7469
f 7445 7469 7471
f 7447 7443 7474
f 7445 7446 7469
f 7461 7463 7491
f 7463 7487 7491
f 7466 7464 7483
f 7457 7492 7480
f 7457 7459 7492
f 7459 7493 7492
f 7482 7458 7481
f 7444 7459 7457
f 7480 7492 7470
f 7491 7487 7470
f 7490 7491 7470
f 7489 7490 7470
f 7458 7456 7481
f 7467 7468 7444
f 7469 7470 7471
f 7467 7466 7486
f 7485 7467 7486
f 7468 7465 7444
f 7533 7510 7506
f 7535 7510 7533
f 7511 7534 7507
f 7511 7536 7534
f 7537 7510 7535
f 7514 7536 7511
f 7537 7516 7510
f 7512 7537 7535
f 7536 7517 7513
f 7515 7537 7512
f 7540 7519 7538
f 7521 7539 7514
f 7521 7541 7539
f 7523 7519 7540
f 7524 7521 7520
f 7524 7525 7521
f 7498 7526 7496
f 7528 7494 7527
f 7530 7500 7528
f 7530 7504 7500
f 7505 7531 7501
f 7531 7529 7501
f 7507 7532 7502
f 7507 7534 7532
f 7525 7522 7523
f 7524 7522 7525
f 7526 7497 7527
f 7499 7497 7526
f 7497 7528 7527
f 7497 7495 7528
f 7529 7499 7526
f 7529 7526 7498
f 7528 7500 7494
f 7501 7529 7498
f 7531 7503 7529
f 7502 7532 7530
f 7531 7506 7503
f 7533 7506 7531
f 7508 7505 7506
f 7509 7507 7504
f 7520 7517 7539
f 7542 7523 7540
f 7521 7543 7541
f 7521 7525 7543
f 7525 7523 7542
f 7543 7525 7542
f 7526 7527 7496
f 7527 7494 7496
f 7518 7522 7542
f 7543 7524 7541
f 7522 7543 7542
f 7522 7524 7543
f 7532 7504 7530
f 7505 7533 7531
f 7532 7509 7504
f 7508 7533 7505
f 7534 7509 7532
f 7508 7535 7533
f 7534 7513 7509
f 7512 7535 7508
f 7536 7513 7534
f 7515 7538 7537
f 7539 7517 7536
f 7515 7540 7538
f 7510 7508 7506
f 7511 7507 7509
f 7512 7508 7510
f 7513 7511 7509
f 7514 7511 7513
f 7515 7512 7510
f 7516 7515 7510
f 7538 7516 7537
f 7514 7539 7536
f 7538 7519 7516
f 7520 7521 7517
f 7521 7514 7517
f 7522 7518 7519
f 7523 7522 7519
f 7518 7540 7515
f 7541 7520 7539
f 7518 7542 7540
f 7524 7520 7541
f 7494 7495 7496
f 7495 7497 7496
f 7497 7498 7496
f 7497 7499 7498
f 7500 7495 7494
f 7495 7530 7528
f 7529 7503 7499
f 7502 7530 7495
f 7504 7502 7500
f 7505 7501 7503
f 7506 7505 7503
f 7507 7502 7504
f 7517 7514 7513
f 7518 7515 7516
f 7519 7518 7516
f 7499 7501 7498
f 7502 7495 7500
f 7503 7501 7499
f 7588 7589 7587
f 7586 7588 7587
f 7569 7571 7570
f 7569 7570 7568
f 7561 7562 7560
f 7559 7561 7560
f 7567 7568 7566
f 7563 7565 7564
f 7584 7585 7583
f 7576 7577 7575
f 7582 7583 7581
f 7580 7582 7581
f 7582 7584 7583
f 7576 7578 7577
f 7557 7559 7558
f 7559 7560 7558
f 7557 7558 7556
f 7555 7557 7556
f 7555 7556 7554
f 7551 7553 7552
f 7553 7555 7554
f 7549 7550 7548
f 7551 7552 7550
f 7549 7551 7550
f 7586 7587 7585
f 7565 7567 7566
f 7584 7586 7585
f 7574 7576 7575
f 7572 7574 7573
f 7574 7575 7573
f 7571 7572 7570
f 7572 7573 7570
f 7567 7569 7568
f 7544 7545 7546
f 7578 7579 7577
f 7578 7580 7579
f 7580 7581 7579
f 7561 7563 7562
f 7563 7564 7562
f 7553 7554 7552
f 7565 7566 7564
f 7549 7548 7545
f 7545 7548 7547
f 7545 7547 7546
f 7633 7632 7631
f 7635 7634 7633
f 7604 7605 7601
f 7605 7606 7601
f 7606 7602 7601
f 7599 7600 7595
f 7597 7594 7593
f 7598 7599 7595
f 7634 7632 7633
f 7594 7591 7590
f 7590 7591 7592
f 7593 7594 7590
f 7602 7603 7598
f 7601 7602 7598
f 7600 7596 7595
f 7631 7630 7629
f 7595 7596 7593
f 7596 7597 7593
f 7629 7628 7627
f 7630 7628 7629
f 7639 7640 7638
f 7639 7638 7637
f 7638 7636 7637
f 7637 7636 7635
f 7636 7634 7635
f 7626 7624 7625
f 7625 7624 7623
f 7624 7622 7623
f 7623 7622 7621
f 7622 7620 7621
f 7609 7605 7604
f 7610 7611 7607
f 7608 7609 7604
f 7613 7614 7610
f 7614 7611 7610
f 7615 7616 7613
f 7607 7608 7604
f 7620 7619 7618
f 7621 7620 7618
f 7603 7599 7598
f 7627 7626 7625
f 7628 7626 7627
f 7632 7630 7631
f 7611 7612 7607
f 7619 7617 7615
f 7616 7614 7613
f 7617 7616 7615
f 7618 7619 7615
f 7612 7608 7607
f 7642 7640 7641
f 7641 7640 7639
f 7643 7649 7646
f 7648 7643 7647
f 7647 7643 7645
f 7670 7657 7643
f 7669 7670 7643
f 7672 7648 7647
f 7672 7647 7645
f 7646 7675 7644
f 7675 7674 7644
f 7668 7693 7694
f 7686 7660 7659
f 7668 7694 7669
f 7694 7693 7671
f 7685 7694 7671
f 7658 7659 7643
f 7659 7660 7643
f 7656 7658 7643
f 7643 7657 7655
f 7656 7643 7653
f 7688 7689 7671
f 7687 7686 7671
f 7683 7656 7681
f 7655 7682 7679
f 7681 7656 7653
f 7655 7679 7654
f 7692 7664 7688
f 7688 7664 7666
f 7651 7679 7677
f 7677 7671 7675
f 7678 7653 7652
f 7671 7676 7672
f 7675 7671 7674
f 7664 7692 7665
f 7674 7671 7673
f 7671 7672 7673
f 7649 7675 7646
f 7676 7648 7672
f 7687 7661 7663
f 7667 7693 7668
f 7687 7663 7660
f 7687 7660 7686
f 7693 7690 7671
f 7686 7659 7684
f 7669 7694 7670
f 7692 7688 7671
f 7689 7687 7671
f 7690 7691 7671
f 7691 7692 7671
f 7684 7656 7683
f 7692 7691 7665
f 7678 7652 7650
f 7657 7682 7655
f 7651 7677 7649
f 7657 7685 7682
f 7684 7658 7656
f 7688 7666 7662
f 7670 7685 7657
f 7684 7659 7658
f 7670 7694 7685
f 7667 7690 7693
f 7689 7661 7687
f 7676 7650 7648
f 7649 7677 7675
f 7678 7650 7676
f 7688 7662 7689
f 7689 7662 7661
f 7665 7690 7667
f 7691 7690 7665
f 7682 7671 7679
f 7650 7643 7648
f 7643 7651 7649
f 7652 7643 7650
f 7643 7644 7645
f 7666 7664 7643
f 7660 7663 7643
f 7664 7665 7643
f 7643 7655 7654
f 7685 7671 7682
f 7686 7684 7671
f 7643 7654 7651
f 7674 7673 7645
f 7663 7661 7643
f 7661 7662 7643
f 7644 7674 7645
f 7671 7684 7683
f 7654 7679 7651
f 7681 7653 7680
f 7671 7683 7681
f 7679 7671 7677
f 7671 7678 7676
f 7668 7669 7643
f 7680 7653 7678
f 7667 7668 7643
f 7672 7645 7673
f 7662 7666 7643
f 7665 7667 7643
f 7653 7643 7652
f 7643 7646 7644
f 7671 7680 7678
f 7671 7681 7680
f 7701 7698 7702
f 7698 7697 7702
f 7695 7698 7701
f 7698 7695 7697
f 7696 7699 7700
f 7700 7701 7702
f 7695 7696 7697
f 7697 7700 7702
f 7696 7700 7697
f 7700 7699 7701
f 7696 7695 7699
f 7699 7695 7701
f 7703 7704 7705
f 7708 7707 7709
f 7703 7706 7709
f 7704 7703 7707
f 7708 7709 7710
f 7704 7707 7708
f 7705 7708 7710
f 7709 7706 7710
f 7707 7703 7709
f 7706 7705 7710
f 7706 7703 7705
f 7704 7708 7705
f 7711 7714 7717
f 7714 7713 7718
f 7716 7715 7717
f 7715 7711 7717
f 7713 7716 7718
f 7714 7711 7713
f 7711 7712 7713
f 7716 7717 7718
f 7712 7715 7716
f 7712 7711 7715
f 7717 7714 7718
f 7712 7716 7713
f 7720 7724 7721
f 7719 7720 7721
f 7721 7724 7726
f 7724 7723 7725
f 7723 7719 7725
f 7720 7719 7723
f 7724 7725 7726
f 7719 7722 7725
f 7725 7722 7726
f 7720 7723 7724
f 7722 7719 7721
f 7722 7721 7726
f 7727 7728 7729
f 7728 7731 7732
f 7732 7733 7734
f 7728 7727 7731
f 7733 7730 7734
f 7727 7730 7733
f 7730 7729 7734
f 7729 7732 7734
f 7728 7732 7729
f 7731 7727 7733
f 7732 7731 7733
f 7730 7727 7729
f 7741 7738 7742
f 7737 7740 7742
f 7735 7738 7741
f 7739 7735 7741
f 7740 7741 7742
f 7736 7739 7740
f 7735 7736 7737
f 7738 7735 7737
f 7738 7737 7742
f 7740 7739 7741
f 7736 7735 7739
f 7736 7740 7737
f 7746 7745 7750
f 7747 7743 7749
f 7749 7746 7750
f 7743 7746 7749
f 7748 7747 7749
f 7743 7744 7745
f 7746 7743 7745
f 7748 7749 7750
f 7744 7747 7748
f 7745 7748 7750
f 7744 7748 7745
f 7744 7743 7747
f 7756 7757 7758
f 7753 7756 7758
f 7752 7756 7753
f 7755 7751 7757
f 7751 7752 7753
f 7754 7753 7758
f 7754 7751 7753
f 7757 7754 7758
f 7752 7751 7755
f 7751 7754 7757
f 7756 7755 7757
f 7752 7755 7756
f 7759 7760 7761
f 7761 7764 7766
f 7765 7762 7766
f 7760 7764 7761
f 7764 7765 7766
f 7762 7759 7761
f 7760 7759 7763
f 7760 7763 7764
f 7762 7761 7766
f 7759 7762 7765
f 7763 7759 7765
f 7764 7763 7765
f 7773 7770 7774
f 7769 7772 7774
f 7768 7772 7769
f 7772 7773 7774
f 7768 7771 7772
f 7768 7767 7771
f 7770 7769 7774
f 7767 7770 7773
f 7770 7767 7769
f 7767 7768 7769
f 7771 7767 7773
f 7772 7771 7773
f 7777 7780 7782
f 7781 7778 7782
f 7776 7780 7777
f 7778 7775 7777
f 7775 7778 7781
f 7778 7777 7782
f 7779 7775 7781
f 7776 7775 7779
f 7780 7781 7782
f 7775 7776 7777
f 7776 7779 7780
f 7780 7779 7781
f 7786 7783 7785
f 7784 7787 7788
f 7788 7789 7790
f 7784 7783 7787
f 7785 7788 7790
f 7789 7786 7790
f 7786 7785 7790
f 7783 7786 7789
f 7787 7783 7789
f 7788 7787 7789
f 7783 7784 7785
f 7784 7788 7785
f 7794 7791 7793
f 7796 7795 7797
f 7795 7791 7797
f 7791 7794 7797
f 7797 7794 7798
f 7794 7793 7798
f 7792 7796 7793
f 7796 7797 7798
f 7791 7792 7793
f 7792 7795 7796
f 7792 7791 7795
f 7793 7796 7798
f 7800 7803 7804
f 7800 7799 7803
f 7799 7800 7801
f 7803 7799 7805
f 7804 7803 7805
f 7802 7801 7806
f 7799 7802 7805
f 7805 7802 7806
f 7801 7804 7806
f 7800 7804 7801
f 7804 7805 7806
f 7802 7799 7801
f 7808 7807 7811
f 7810 7807 7809
f 7809 7812 7814
f 7807 7810 7813
f 7808 7812 7809
f 7813 7810 7814
f 7810 7809 7814
f 7811 7807 7813
f 7812 7813 7814
f 7812 7811 7813
f 7807 7808 7809
f 7808 7811 7812
f 7818 7817 7822
f 7820 7821 7822
f 7816 7820 7817
f 7821 7818 7822
f 7815 7818 7821
f 7816 7815 7819
f 7820 7819 7821
f 7819 7815 7821
f 7817 7820 7822
f 7815 7816 7817
f 7816 7819 7820
f 7818 7815 7817
f 7824 7828 7825
f 7823 7826 7829
f 7829 7826 7830
f 7825 7828 7830
f 7824 7823 7827
f 7823 7824 7825
f 7826 7823 7825
f 7824 7827 7828
f 7827 7823 7829
f 7826 7825 7830
f 7828 7829 7830
f 7828 7827 7829
f 7832 7836 7833
f 7836 7837 7838
f 7832 7835 7836
f 7832 7831 7835
f 7834 7833 7838
f 7831 7834 7837
f 7836 7835 7837
f 7835 7831 7837
f 7831 7832 7833
f 7834 7831 7833
f 7833 7836 7838
f 7837 7834 7838
f 7839 7840 7841
f 7844 7845 7846
f 7845 7842 7846
f 7844 7843 7845
f 7841 7844 7846
f 7842 7841 7846
f 7839 7842 7845
f 7843 7839 7845
f 7840 7844 7841
f 7840 7839 7843
f 7842 7839 7841
f 7840 7843 7844
f 7847 7850 7853
f 7853 7850 7854
f 7849 7852 7854
f 7848 7852 7849
f 7852 7853 7854
f 7848 7847 7851
f 7852 7851 7853
f 7851 7847 7853
f 7848 7851 7852
f 7847 7848 7849
f 7850 7849 7854
f 7850 7847 7849
f 7855 7858 7861
f 7860 7861 7862
f 7861 7858 7862
f 7857 7860 7862
f 7855 7856 7857
f 7856 7855 7859
f 7858 7855 7857
f 7856 7859 7860
f 7860 7859 7861
f 7859 7855 7861
f 7858 7857 7862
f 7856 7860 7857
f 7867 7863 7869
f 7863 7866 7869
f 7866 7865 7870
f 7865 7868 7870
f 7864 7867 7868
f 7864 7863 7867
f 7868 7869 7870
f 7863 7864 7865
f 7866 7863 7865
f 7868 7867 7869
f 7869 7866 7870
f 7864 7868 7865
f 7876 7875 7877
f 7874 7873 7878
f 7871 7874 7877
f 7871 7872 7873
f 7873 7876 7878
f 7874 7871 7873
f 7872 7876 7873
f 7872 7871 7875
f 7872 7875 7876
f 7877 7874 7878
f 7875 7871 7877
f 7876 7877 7878
f 7881 7884 7886
f 7880 7884 7881
f 7879 7880 7881
f 7882 7881 7886
f 7883 7879 7885
f 7880 7883 7884
f 7884 7885 7886
f 7879 7882 7885
f 7880 7879 7883
f 7884 7883 7885
f 7885 7882 7886
f 7882 7879 7881
f 7889 7892 7894
f 7888 7891 7892
f 7892 7893 7894
f 7888 7887 7891
f 7887 7888 7889
f 7890 7887 7889
f 7892 7891 7893
f 7888 7892 7889
f 7891 7887 7893
f 7887 7890 7893
f 7890 7889 7894
f 7893 7890 7894
f 7897 7900 7902
f 7896 7895 7899
f 7900 7901 7902
f 7898 7895 7897
f 7896 7899 7900
f 7896 7900 7897
f 7901 7898 7902
f 7900 7899 7901
f 7895 7896 7897
f 7899 7895 7901
f 7898 7897 7902
f 7895 7898 7901
f 7904 7908 7905
f 7906 7905 7910
f 7903 7906 7909
f 7907 7903 7909
f 7908 7909 7910
f 7905 7908 7910
f 7909 7906 7910
f 7904 7903 7907
f 7906 7903 7905
f 7904 7907 7908
f 7903 7904 7905
f 7908 7907 7909
f 7913 7916 7918
f 7911 7912 7913
f 7916 7915 7917
f 7912 7916 7913
f 7914 7911 7913
f 7912 7915 7916
f 7917 7914 7918
f 7914 7913 7918
f 7915 7911 7917
f 7912 7911 7915
f 7916 7917 7918
f 7911 7914 7917
f 7919 7922 7925
f 7923 7919 7925
f 7924 7923 7925
f 7922 7919 7921
f 7924 7925 7926
f 7920 7919 7923
f 7920 7923 7924
f 7919 7920 7921
f 7922 7921 7926
f 7925 7922 7926
f 7921 7924 7926
f 7920 7924 7921
f 7928 7932 7929
f 7929 7932 7934
f 7933 7930 7934
f 7931 7927 7933
f 7930 7927 7929
f 7927 7928 7929
f 7930 7929 7934
f 7932 7933 7934
f 7928 7927 7931
f 7928 7931 7932
f 7927 7930 7933
f 7932 7931 7933
f 7935 7936 7937
f 7938 7935 7937
f 7936 7935 7939
f 7936 7939 7940
f 7936 7940 7937
f 7941 7938 7942
f 7937 7940 7942
f 7940 7941 7942
f 7938 7937 7942
f 7935 7938 7941
f 7939 7935 7941
f 7940 7939 7941
f 7948 7949 7950
f 7946 7945 7950
f 7943 7944 7945
f 7946 7943 7945
f 7949 7946 7950
f 7944 7943 7947
f 7944 7947 7948
f 7947 7943 7949
f 7948 7947 7949
f 7943 7946 7949
f 7945 7948 7950
f 7944 7948 7945
f 7956 7955 7957
f 7951 7952 7953
f 7952 7955 7956
f 7952 7951 7955
f 7955 7951 7957
f 7952 7956 7953
f 7953 7956 7958
f 7954 7951 7953
f 7954 7953 7958
f 7951 7954 7957
f 7957 7954 7958
f 7956 7957 7958
f 7964 7965 7966
f 7965 7962 7966
f 7960 7964 7961
f 7961 7964 7966
f 7963 7959 7965
f 7959 7962 7965
f 7964 7963 7965
f 7960 7959 7963
f 7962 7961 7966
f 7960 7963 7964
f 7959 7960 7961
f 7962 7959 7961
f 7970 7967 7969
f 7967 7970 7973
f 7972 7971 7973
f 7970 7969 7974
f 7968 7972 7969
f 7967 7968 7969
f 7969 7972 7974
f 7972 7973 7974
f 7968 7971 7972
f 7973 7970 7974
f 7968 7967 7971
f 7971 7967 7973
f 7978 7975 7977
f 7977 7980 7982
f 7978 7977 7982
f 7975 7976 7977
f 7981 7978 7982
f 7976 7975 7979
f 7979 7975 7981
f 7976 7980 7977
f 7980 7981 7982
f 7976 7979 7980
f 7975 7978 7981
f 7980 7979 7981
f 7984 7988 7985
f 7986 7985 7990
f 7987 7983 7989
f 7983 7986 7989
f 7984 7987 7988
f 7988 7989 7990
f 7983 7984 7985
f 7988 7987 7989
f 7989 7986 7990
f 7985 7988 7990
f 7984 7983 7987
f 7986 7983 7985
f 7992 7996 7993
f 7996 7995 7997
f 7991 7992 7993
f 7992 7991 7995
f 7996 7997 7998
f 7992 7995 7996
f 7994 7991 7993
f 7993 7996 7998
f 7994 7993 7998
f 7991 7994 7997
f 7995 7991 7997
f 7997 7994 7998
f 8000 8004 8001
f 7999 8002 8005
f 8003 7999 8005
f 8002 8001 8006
f 8000 7999 8003
f 8001 8004 8006
f 8005 8002 8006
f 8000 8003 8004
f 8004 8003 8005
f 7999 8000 8001
f 8002 7999 8001
f 8004 8005 8006
f 8011 8007 8013
f 8012 8011 8013
f 8012 8013 8014
f 8008 8007 8011
f 8009 8012 8014
f 8008 8012 8009
f 8007 8008 8009
f 8013 8010 8014
f 8007 8010 8013
f 8010 8009 8014
f 8010 8007 8009
f 8008 8011 8012
f 8018 8017 8022
f 8016 8020 8017
f 8017 8020 8022
f 8021 8018 8022
f 8016 8019 8020
f 8018 8015 8017
f 8020 8021 8022
f 8016 8015 8019
f 8015 8016 8017
f 8020 8019 8021
f 8015 8018 8021
f 8019 8015 8021
f 8027 8023 8029
f 8028 8027 8029
f 8026 8023 8025
f 8023 8026 8029
f 8026 8025 8030
f 8024 8027 8028
f 8028 8029 8030
f 8024 8023 8027
f 8025 8028 8030
f 8029 8026 8030
f 8024 8028 8025
f 8023 8024 8025
f 8034 8033 8038
f 8035 8031 8037
f 8031 8034 8037
f 8032 8036 8033
f 8036 8037 8038
f 8036 8035 8037
f 8037 8034 8038
f 8033 8036 8038
f 8032 8031 8035
f 8032 8035 8036
f 8034 8031 8033
f 8031 8032 8033
f 8066 8090 8064
f 8090 8089 8064
f 8064 8089 8065
f 8083 8056 8055
f 8084 8085 8068
f 8050 8040 8048
f 8040 8049 8047
f 8039 8040 8041
f 8068 8069 8070
f 8065 8067 8040
f 8045 8073 8043
f 8063 8066 8040
f 8066 8064 8040
f 8057 8058 8040
f 8055 8056 8040
f 8052 8055 8040
f 8040 8054 8053
f 8086 8087 8068
f 8085 8082 8068
f 8054 8080 8053
f 8083 8081 8068
f 8082 8083 8068
f 8048 8040 8046
f 8040 8047 8045
f 8046 8040 8044
f 8040 8045 8043
f 8044 8040 8039
f 8040 8043 8042
f 8040 8042 8041
f 8074 8068 8073
f 8073 8068 8071
f 8068 8072 8069
f 8071 8068 8070
f 8074 8073 8045
f 8072 8046 8044
f 8085 8058 8082
f 8073 8071 8043
f 8072 8044 8069
f 8064 8065 8040
f 8060 8062 8040
f 8062 8063 8040
f 8058 8061 8040
f 8061 8059 8040
f 8059 8060 8040
f 8056 8057 8040
f 8090 8086 8068
f 8089 8090 8068
f 8088 8084 8068
f 8087 8088 8068
f 8081 8055 8052
f 8081 8052 8079
f 8060 8088 8062
f 8080 8078 8053
f 8053 8078 8051
f 8081 8079 8068
f 8080 8068 8078
f 8068 8079 8077
f 8078 8068 8076
f 8068 8077 8075
f 8076 8068 8074
f 8068 8075 8072
f 8049 8074 8047
f 8075 8048 8046
f 8075 8046 8072
f 8047 8074 8045
f 8087 8086 8063
f 8085 8061 8058
f 8086 8090 8066
f 8082 8057 8083
f 8083 8057 8056
f 8069 8044 8039
f 8043 8071 8042
f 8042 8071 8041
f 8071 8070 8041
f 8069 8039 8070
f 8070 8039 8041
f 8080 8089 8068
f 8083 8055 8081
f 8065 8089 8067
f 8089 8080 8067
f 8067 8080 8054
f 8088 8060 8084
f 8084 8060 8059
f 8067 8054 8040
f 8040 8053 8051
f 8052 8040 8050
f 8079 8052 8050
f 8079 8050 8077
f 8051 8078 8049
f 8078 8076 8049
f 8077 8050 8075
f 8075 8050 8048
f 8076 8074 8049
f 8088 8087 8062
f 8084 8059 8085
f 8085 8059 8061
f 8062 8087 8063
f 8082 8058 8057
f 8063 8086 8066
f 8040 8051 8049
f 8136 8116 8113
f 8117 8137 8112
f 8136 8138 8116
f 8139 8137 8117
f 8118 8119 8120
f 8121 8122 8092
f 8122 8095 8092
f 8094 8123 8092
f 8123 8121 8092
f 8122 8124 8095
f 8124 8098 8095
f 8125 8123 8094
f 8124 8126 8098
f 8135 8113 8111
f 8099 8126 8096
f 8126 8124 8096
f 8128 8129 8101
f 8129 8104 8101
f 8130 8127 8099
f 8103 8130 8099
f 8132 8108 8104
f 8129 8132 8104
f 8107 8131 8103
f 8131 8130 8103
f 8133 8131 8107
f 8110 8135 8107
f 8135 8133 8107
f 8132 8134 8108
f 8138 8136 8115
f 8137 8118 8114
f 8137 8139 8118
f 8119 8140 8115
f 8139 8119 8118
f 8139 8140 8119
f 8140 8138 8115
f 8100 8094 8097
f 8098 8099 8096
f 8098 8096 8095
f 8097 8094 8091
f 8095 8096 8093
f 8115 8110 8113
f 8116 8115 8113
f 8120 8119 8116
f 8118 8120 8117
f 8119 8115 8116
f 8118 8117 8114
f 8128 8125 8100
f 8114 8117 8112
f 8109 8105 8104
f 8110 8107 8106
f 8111 8110 8106
f 8112 8109 8108
f 8113 8110 8111
f 8114 8112 8108
f 8100 8125 8094
f 8126 8127 8098
f 8127 8102 8098
f 8123 8125 8097
f 8127 8130 8102
f 8129 8128 8100
f 8107 8103 8102
f 8108 8109 8104
f 8106 8107 8102
f 8105 8129 8100
f 8137 8134 8112
f 8134 8114 8108
f 8136 8135 8110
f 8115 8136 8110
f 8134 8137 8114
f 8120 8139 8117
f 8091 8092 8093
f 8135 8136 8113
f 8138 8140 8116
f 8140 8120 8116
f 8092 8095 8093
f 8094 8092 8091
f 8101 8100 8097
f 8112 8134 8109
f 8133 8135 8111
f 8134 8132 8109
f 8133 8111 8106
f 8131 8133 8106
f 8109 8132 8105
f 8132 8129 8105
f 8131 8106 8102
f 8130 8131 8102
f 8125 8128 8101
f 8125 8101 8097
f 8127 8126 8099
f 8123 8097 8091
f 8121 8123 8091
f 8124 8122 8093
f 8096 8124 8093
f 8122 8121 8091
f 8122 8091 8093
f 8140 8139 8120
f 8102 8099 8098
f 8105 8100 8101
f 8104 8105 8101
f 8103 8099 8102
f 8166 8167 8165
f 8160 8161 8162
f 8155 8159 8158
f 8155 8158 8156
f 8154 8157 8155
f 8164 8166 8165
f 8164 8165 8162
f 8161 8164 8162
f 8163 8160 8162
f 8177 8155 8164
f 8152 8153 8142
f 8151 8152 8142
f 8147 8142 8146
f 8146 8142 8145
f 8145 8142 8144
f 8144 8142 8141
f 8141 8142 8143
f 8168 8170 8169
f 8168 8169 8167
f 8166 8168 8167
f 8168 8171 8170
f 8149 8142 8148
f 8149 8150 8142
f 8150 8151 8142
f 8148 8142 8147
f 8177 8164 8160
f 8160 8164 8161
f 8175 8176 8154
f 8159 8155 8179
f 8179 8155 8178
f 8168 8166 8157
f 8171 8168 8157
f 8157 8166 8155
f 8176 8171 8157
f 8156 8158 8173
f 8167 8154 8156
f 8165 8172 8162
f 8172 8163 8162
f 8169 8170 8154
f 8176 8157 8154
f 8155 8166 8164
f 8143 8142 8177
f 8142 8178 8177
f 8178 8155 8177
f 8167 8169 8154
f 8170 8175 8154
f 8156 8173 8165
f 8167 8156 8165
f 8174 8172 8165
f 8173 8174 8165
f 8154 8155 8156
f 8846 8823 8866
f 8896 8898 8881
f 8898 8884 8881
f 8894 8897 8896
f 8894 8896 8895
f 8866 8867 8869
f 8867 8868 8869
f 8847 8782 8824
f 8847 8824 8827
f 8847 8827 8825
f 8825 8823 8846
f 8847 8825 8846
f 8792 8870 8782
f 8865 8864 8863
f 8862 8865 8863
f 8863 8864 8848
f 8864 8847 8848
f 8881 8882 8883
f 8880 8877 8873
f 8872 8880 8873
f 8879 8876 8875
f 8854 8859 8858
f 8854 8858 8855
f 8878 8879 8875
f 8888 8890 8889
f 8888 8889 8887
f 8885 8888 8887
f 8886 8885 8887
f 8883 8882 8885
f 8883 8885 8886
f 8884 8882 8881
f 8892 8891 8879
f 8879 8891 8876
f 8891 8890 8876
f 8688 8685 8899
f 8857 8856 8849
f 8877 8878 8875
f 8873 8877 8875
f 8673 8666 8874
f 8876 8673 8874
f 8875 8876 8874
f 8666 8668 8874
f 8868 8872 8871
f 8869 8868 8871
f 8871 8872 8873
f 8783 8792 8782
f 8803 8808 8801
f 8829 8830 8831
f 8824 8822 8821
f 8862 8863 8859
f 8861 8862 8859
f 8860 8861 8859
f 8860 8859 8854
f 8823 8825 8794
f 8825 8826 8794
f 8793 8823 8794
f 8803 8812 8808
f 8811 8822 8824
f 8832 8829 8831
f 8801 8808 8799
f 8799 8808 8797
f 8811 8824 8823
f 8807 8811 8823
f 8807 8823 8793
f 8797 8808 8796
f 8845 8844 8842
f 8844 8843 8842
f 8842 8843 8841
f 8840 8842 8841
f 8870 8867 8823
f 8856 8853 8849
f 8850 8854 8852
f 8854 8855 8852
f 8853 8850 8849
f 8850 8852 8851
f 8849 8850 8851
f 8848 8847 8845
f 8847 8846 8845
f 8846 8844 8845
f 8782 8870 8824
f 8824 8870 8823
f 8890 8891 8889
f 8823 8867 8866
f 8840 8841 8839
f 8840 8839 8838
f 8838 8839 8837
f 8836 8838 8837
f 8836 8837 8834
f 8836 8834 8835
f 8835 8834 8833
f 8834 8829 8833
f 8833 8829 8832
f 8345 8770 8898
f 8270 8901 8281
f 8897 8901 8898
f 8901 8897 8894
f 8281 8901 8279
f 8905 8904 8868
f 8867 8905 8868
f 8904 8902 8868
f 8903 8900 8872
f 8902 8903 8872
f 8868 8902 8872
f 8900 8270 8267
f 8906 8270 8900
f 8342 8343 8898
f 8184 8185 8186
f 8314 8910 8313
f 8900 8265 8262
f 8265 8267 8261
f 8900 8262 8258
f 8261 8267 8257
f 8273 8275 8298
f 8298 8275 8293
f 8273 8298 8294
f 8910 8312 8270
f 8344 8342 8901
f 8901 8342 8898
f 8248 8912 8247
f 8911 8349 8346
f 8912 8216 8214
f 8348 8770 8347
f 8910 8901 8313
f 8910 8314 8312
f 8313 8901 8311
f 8906 8910 8270
f 8312 8310 8270
f 8293 8275 8290
f 8308 8307 8270
f 8310 8308 8270
f 8309 8311 8901
f 8307 8309 8901
f 8270 8307 8901
f 8867 8906 8909
f 8906 8771 8910
f 8771 8246 8910
f 8246 8244 8910
f 8244 8243 8910
f 8885 8898 8890
f 8901 8894 8892
f 8900 8267 8265
f 8789 8688 8899
f 8899 8685 8683
f 8899 8683 8898
f 8890 8898 8674
f 8898 8683 8674
f 8890 8674 8876
f 8674 8673 8876
f 8884 8898 8882
f 8882 8898 8885
f 8277 8901 8892
f 8885 8890 8888
f 8897 8898 8896
f 8257 8267 8880
f 8254 8257 8880
f 8251 8254 8880
f 8872 8251 8880
f 8892 8894 8893
f 8894 8895 8893
f 8892 8893 8889
f 8891 8892 8889
f 8880 8273 8877
f 8273 8294 8289
f 8900 8258 8872
f 8258 8253 8872
f 8253 8251 8872
f 8867 8909 8908
f 8909 8906 8907
f 8867 8908 8905
f 8907 8906 8900
f 8267 8272 8880
f 8272 8273 8880
f 8821 8811 8802
f 8273 8289 8877
f 8289 8284 8877
f 8290 8275 8878
f 8286 8290 8878
f 8284 8286 8878
f 8877 8284 8878
f 8275 8277 8878
f 8878 8277 8879
f 8277 8892 8879
f 8279 8901 8277
f 8760 8763 8782
f 8774 8775 8776
f 8771 8773 8772
f 8770 8771 8772
f 8769 8768 8767
f 8769 8765 8768
f 8766 8769 8767
f 8768 8765 8764
f 8766 8767 8763
f 8762 8766 8763
f 8767 8783 8763
f 8763 8783 8782
f 8777 8775 8774
f 8755 8760 8782
f 8761 8759 8758
f 8757 8760 8755
f 8759 8754 8758
f 8758 8754 8756
f 8754 8757 8755
f 8754 8755 8756
f 8750 8753 8749
f 8753 8752 8749
f 8753 8748 8752
f 8737 8739 8778
f 8692 8751 8691
f 8714 8733 8713
f 8729 8725 8713
f 8733 8729 8713
f 8756 8755 8782
f 8774 8737 8778
f 8761 8758 8778
f 8764 8761 8778
f 8739 8764 8778
f 8756 8782 8778
f 8758 8756 8778
f 8752 8748 8751
f 8781 8776 8780
f 8776 8779 8780
f 8776 8775 8779
f 8775 8770 8779
f 8694 8691 8784
f 8697 8694 8784
f 8691 8743 8784
f 8743 8737 8784
f 8771 8774 8778
f 8771 8778 8773
f 8746 8749 8745
f 8726 8728 8724
f 8727 8721 8725
f 8722 8726 8724
f 8725 8721 8723
f 8722 8724 8723
f 8721 8722 8723
f 8712 8711 8720
f 8720 8711 8719
f 8712 8720 8718
f 8711 8706 8719
f 8710 8712 8718
f 8729 8727 8725
f 8748 8744 8747
f 8747 8744 8743
f 8742 8746 8745
f 8717 8709 8715
f 8709 8705 8715
f 8708 8716 8714
f 8707 8708 8714
f 8715 8705 8713
f 8707 8714 8713
f 8705 8707 8713
f 8740 8738 8737
f 8751 8748 8747
f 8746 8750 8749
f 8779 8770 8772
f 8778 8779 8772
f 8773 8778 8772
f 8777 8774 8771
f 8742 8745 8741
f 8744 8740 8743
f 8743 8740 8737
f 8738 8742 8741
f 8738 8741 8739
f 8739 8768 8764
f 8737 8738 8739
f 8736 8734 8735
f 8736 8735 8732
f 8730 8736 8732
f 8735 8734 8733
f 8734 8731 8733
f 8765 8759 8761
f 8764 8765 8761
f 8762 8763 8760
f 8757 8762 8760
f 8789 8790 8787
f 8803 8801 8802
f 8802 8801 8800
f 8801 8799 8800
f 8800 8799 8798
f 8808 8806 8796
f 8806 8807 8793
f 8806 8793 8796
f 8822 8811 8821
f 8793 8794 8795
f 8791 8792 8783
f 8788 8791 8783
f 8804 8805 8806
f 8791 8788 8787
f 8790 8791 8787
f 8789 8787 8786
f 8688 8789 8786
f 8670 8688 8786
f 8669 8670 8786
f 8735 8787 8732
f 8786 8787 8735
f 8817 8813 8815
f 8814 8816 8811
f 8827 8824 8828
f 8811 8812 8802
f 8812 8803 8802
f 8820 8819 8816
f 8816 8819 8811
f 8819 8815 8811
f 8815 8812 8811
f 8818 8817 8820
f 8820 8817 8819
f 8818 8820 8816
f 8819 8817 8815
f 8814 8818 8816
f 8815 8813 8812
f 8824 8821 8828
f 8825 8827 8826
f 8827 8828 8826
f 8813 8809 8812
f 8812 8809 8808
f 8810 8811 8807
f 8805 8810 8807
f 8809 8804 8808
f 8808 8804 8806
f 8805 8807 8806
f 8713 8784 8785
f 8749 8788 8783
f 8713 8723 8784
f 8724 8728 8784
f 8728 8787 8784
f 8723 8724 8784
f 8700 8697 8784
f 8787 8700 8784
f 8732 8787 8728
f 8787 8788 8704
f 8786 8735 8720
f 8787 8704 8700
f 8745 8749 8783
f 8715 8713 8785
f 8717 8715 8785
f 8786 8717 8785
f 8784 8737 8774
f 8784 8774 8776
f 8785 8784 8781
f 8784 8776 8781
f 8741 8783 8768
f 8768 8783 8767
f 8739 8741 8768
f 8752 8751 8696
f 8810 8814 8811
f 8786 8720 8719
f 8704 8788 8701
f 8720 8735 8718
f 8786 8719 8717
f 8701 8788 8696
f 8752 8788 8749
f 8788 8752 8696
f 8735 8733 8718
f 8718 8733 8716
f 8911 8346 8901
f 8696 8751 8692
f 8716 8733 8714
f 8799 8797 8798
f 8798 8797 8795
f 8797 8796 8795
f 8796 8793 8795
f 8725 8723 8713
f 8747 8743 8691
f 8751 8747 8691
f 8741 8745 8783
f 8331 8226 8225
f 8853 8856 8954
f 8317 8326 8385
f 8828 8848 8826
f 8802 8800 8233
f 8235 8802 8233
f 8333 8228 8331
f 8385 8326 8383
f 8800 8798 8233
f 8228 8226 8331
f 8326 8324 8383
f 8233 8798 8795
f 8856 8953 8954
f 8383 8324 8323
f 8859 8946 8947
f 8858 8859 8947
f 8863 8944 8945
f 8863 8848 8944
f 8944 8379 8943
f 8233 8795 8845
f 8231 8233 8845
f 8826 8848 8845
f 8329 8225 8845
f 8848 8221 8219
f 8950 8849 8948
f 8851 8852 8948
f 8852 8949 8948
f 8948 8849 8851
f 8961 8865 8959
f 8959 8865 8862
f 8847 8864 8960
f 8864 8961 8960
f 8863 8945 8859
f 8859 8945 8946
f 8848 8821 8802
f 8794 8826 8845
f 8944 8848 8319
f 8944 8319 8317
f 8944 8351 8353
f 8848 8219 8319
f 8944 8317 8351
f 8221 8848 8235
f 8319 8219 8333
f 8351 8317 8385
f 8853 8954 8850
f 8955 8850 8954
f 8866 8914 8846
f 8381 8383 8323
f 8377 8376 8943
f 8379 8377 8943
f 8837 8931 8834
f 8834 8931 8933
f 8834 8933 8932
f 8834 8932 8829
f 8839 8927 8931
f 8837 8839 8931
f 8916 8926 8846
f 8914 8916 8846
f 8329 8331 8225
f 8846 8926 8925
f 8846 8925 8930
f 8844 8846 8930
f 8845 8842 8943
f 8943 8842 8942
f 8942 8842 8941
f 8842 8840 8941
f 8841 8928 8927
f 8839 8841 8927
f 8914 8866 8922
f 8941 8838 8940
f 8795 8794 8845
f 8225 8231 8845
f 8381 8323 8943
f 8329 8845 8943
f 8323 8329 8943
f 8376 8381 8943
f 8821 8848 8828
f 8944 8353 8379
f 8848 8802 8235
f 8219 8228 8333
f 8941 8840 8838
f 8855 8951 8949
f 8940 8838 8836
f 8940 8836 8939
f 8939 8836 8835
f 8939 8835 8938
f 8938 8835 8833
f 8938 8833 8937
f 8937 8833 8832
f 8937 8832 8936
f 8936 8832 8831
f 8936 8831 8935
f 8187 8190 8195
f 8205 8201 8203
f 8201 8204 8202
f 8201 8202 8203
f 8189 8200 8199
f 8190 8189 8199
f 8228 8227 8226
f 8227 8223 8226
f 8226 8223 8225
f 8223 8224 8225
f 8185 8188 8196
f 8190 8197 8195
f 8211 8209 8202
f 8209 8210 8203
f 8202 8209 8203
f 8205 8207 8201
f 8207 8208 8201
f 8201 8206 8204
f 8973 8971 8970
f 8971 8972 8970
f 8970 8965 8969
f 8969 8965 8968
f 8968 8965 8967
f 8230 8232 8231
f 8185 8187 8186
f 8188 8185 8184
f 8189 8190 8185
f 8198 8185 8196
f 8190 8199 8197
f 8200 8185 8198
f 8221 8220 8219
f 8220 8217 8219
f 8234 8235 8233
f 8232 8234 8233
f 8232 8233 8231
f 8967 8965 8966
f 8224 8230 8225
f 8230 8231 8225
f 8218 8229 8219
f 8219 8229 8228
f 8229 8227 8228
f 8245 8243 8238
f 8243 8244 8237
f 8244 8239 8237
f 8238 8243 8237
f 8222 8220 8221
f 8964 8468 8462
f 8778 8847 8779
f 8847 8960 8779
f 8779 8960 8780
f 8959 8862 8958
f 8958 8862 8861
f 8958 8861 8860
f 8958 8860 8957
f 8957 8860 8854
f 8957 8854 8956
f 8956 8854 8955
f 8854 8850 8955
f 8782 8847 8778
f 8465 8962 8461
f 8461 8962 8183
f 8458 8461 8183
f 8953 8856 8857
f 8953 8857 8952
f 8952 8857 8849
f 8952 8849 8950
f 8855 8858 8951
f 8858 8947 8951
f 8852 8855 8949
f 8962 8963 8785
f 8966 8965 8964
f 8963 8962 8469
f 8963 8469 8468
f 8965 8963 8468
f 8964 8965 8468
f 8469 8962 8465
f 8458 8183 8180
f 8964 8462 8180
f 8462 8456 8180
f 8456 8458 8180
f 8922 8866 8920
f 8781 8962 8785
f 8962 8781 8183
f 8183 8781 8780
f 8183 8780 8181
f 8780 8960 8182
f 8181 8780 8182
f 8961 8864 8865
f 8975 8965 8970
f 8974 8975 8970
f 8972 8974 8970
f 8792 8769 8766
f 8698 8693 8777
f 8693 8690 8777
f 8695 8699 8775
f 8689 8695 8775
f 8777 8690 8775
f 8690 8689 8775
f 8790 8734 8736
f 8790 8736 8730
f 8734 8789 8731
f 8731 8789 8727
f 8769 8738 8765
f 8702 8698 8777
f 8792 8766 8762
f 8765 8738 8759
f 8792 8762 8870
f 8762 8757 8870
f 8759 8738 8817
f 8754 8759 8817
f 8757 8754 8817
f 8870 8757 8817
f 8817 8738 8771
f 8738 8777 8771
f 8703 8913 8899
f 8924 8292 8875
f 8703 8791 8913
f 8791 8790 8913
f 8790 8730 8913
f 8730 8726 8913
f 8726 8722 8913
f 8727 8789 8899
f 8721 8727 8899
f 8722 8721 8899
f 8913 8722 8899
f 8791 8703 8702
f 8791 8702 8753
f 8699 8703 8899
f 8917 8907 8916
f 8905 8908 8914
f 8905 8914 8922
f 8916 8907 8921
f 8748 8702 8744
f 8791 8746 8792
f 8746 8742 8792
f 8744 8702 8777
f 8740 8744 8777
f 8771 8248 8249
f 8813 8771 8809
f 8213 8911 8211
f 8814 8810 8867
f 8870 8814 8867
f 8810 8805 8867
f 8805 8804 8906
f 8867 8805 8906
f 8809 8771 8906
f 8804 8809 8906
f 8770 8775 8899
f 8870 8817 8818
f 8912 8214 8212
f 8770 8350 8349
f 8912 8212 8910
f 8245 8912 8910
f 8212 8210 8910
f 8243 8245 8910
f 8211 8911 8901
f 8210 8209 8901
f 8910 8210 8901
f 8209 8211 8901
f 8346 8344 8901
f 8350 8770 8348
f 8753 8702 8748
f 8791 8753 8750
f 8791 8750 8746
f 8248 8771 8912
f 8912 8771 8911
f 8771 8770 8911
f 8770 8349 8911
f 8770 8899 8898
f 8912 8911 8215
f 8912 8215 8216
f 8292 8288 8875
f 8215 8911 8213
f 8870 8818 8814
f 8817 8771 8813
f 8771 8249 8246
f 8775 8699 8899
f 8792 8742 8738
f 8738 8740 8777
f 8792 8738 8769
f 8247 8912 8245
f 8347 8770 8345
f 8252 8871 8924
f 8276 8260 8256
f 8844 8930 8929
f 8843 8844 8929
f 8843 8929 8928
f 8841 8843 8928
f 8887 8889 8924
f 8889 8893 8924
f 8280 8278 8924
f 8926 8280 8924
f 8276 8256 8924
f 8278 8276 8924
f 8263 8869 8259
f 8250 8252 8924
f 8256 8250 8924
f 8883 8886 8923
f 8925 8883 8923
f 8887 8924 8923
f 8895 8926 8893
f 8920 8866 8869
f 8919 8918 8869
f 8918 8920 8869
f 8200 8924 8199
f 8830 8829 8934
f 8926 8916 8268
f 8926 8268 8282
f 8925 8926 8896
f 8925 8896 8881
f 8896 8926 8895
f 8268 8916 8269
f 8926 8282 8280
f 8925 8881 8883
f 8830 8934 8935
f 8831 8830 8935
f 8829 8932 8934
f 8924 8297 8296
f 8916 8921 8266
f 8921 8919 8266
f 8269 8916 8266
f 8269 8266 8264
f 8266 8919 8263
f 8271 8269 8264
f 8271 8264 8260
f 8274 8271 8260
f 8276 8274 8260
f 8919 8869 8263
f 8921 8900 8919
f 8908 8909 8915
f 8915 8909 8917
f 8909 8907 8917
f 8908 8915 8914
f 8886 8887 8923
f 8924 8871 8297
f 8923 8924 8200
f 8297 8871 8295
f 8907 8900 8921
f 8904 8905 8920
f 8905 8922 8920
f 8194 8191 8874
f 8900 8903 8919
f 8902 8904 8920
f 8902 8920 8918
f 8919 8903 8918
f 8903 8902 8918
f 8915 8917 8916
f 8914 8915 8916
f 8790 8789 8734
f 8193 8195 8875
f 8192 8193 8875
f 8259 8869 8871
f 8923 8200 8198
f 8199 8924 8197
f 8924 8296 8292
f 8923 8198 8196
f 8295 8871 8291
f 8197 8924 8195
f 8291 8871 8873
f 8287 8291 8873
f 8285 8287 8873
f 8195 8924 8875
f 8343 8345 8898
f 8255 8259 8871
f 8252 8255 8871
f 8893 8926 8924
f 8288 8283 8875
f 8285 8873 8875
f 8283 8285 8875
f 8196 8194 8874
f 8923 8196 8874
f 8192 8875 8874
f 8191 8192 8874
f 8384 8386 8385
f 8378 8365 8374
f 8389 8352 8382
f 8365 8366 8374
f 8389 8382 8380
f 8374 8366 8375
f 8402 8403 8391
f 8403 8401 8391
f 8402 8391 8390
f 8391 8401 8392
f 8386 8356 8385
f 8356 8351 8385
f 8352 8384 8382
f 8384 8385 8383
f 8382 8384 8383
f 8382 8383 8381
f 8380 8382 8381
f 8375 8380 8376
f 8380 8381 8376
f 8355 8373 8353
f 8353 8373 8379
f 8373 8365 8379
f 8393 8395 8389
f 8388 8394 8387
f 8400 8402 8390
f 8401 8399 8392
f 8398 8400 8390
f 8399 8397 8392
f 8398 8390 8352
f 8392 8397 8354
f 8395 8398 8352
f 8354 8397 8388
f 8397 8396 8388
f 8395 8352 8389
f 8396 8394 8388
f 8394 8393 8387
f 8411 8409 8401
f 8401 8409 8399
f 8408 8410 8400
f 8408 8400 8398
f 8390 8391 8354
f 8352 8390 8354
f 8355 8354 8388
f 8355 8388 8366
f 8356 8386 8384
f 8352 8356 8384
f 8354 8355 8353
f 8358 8361 8366
f 8367 8359 8365
f 8358 8366 8365
f 8359 8358 8365
f 8364 8361 8357
f 8362 8363 8357
f 8362 8357 8360
f 8365 8378 8379
f 8379 8378 8377
f 8378 8374 8377
f 8377 8374 8376
f 8360 8359 8367
f 8352 8354 8353
f 8351 8352 8353
f 8349 8350 8339
f 8350 8348 8339
f 8349 8339 8338
f 8339 8348 8340
f 8346 8349 8338
f 8340 8348 8341
f 8348 8347 8341
f 8346 8338 8318
f 8372 8363 8370
f 8393 8389 8387
f 8391 8392 8354
f 8374 8375 8376
f 8355 8369 8373
f 8371 8372 8373
f 8369 8371 8373
f 8372 8370 8373
f 8370 8368 8373
f 8368 8367 8373
f 8373 8367 8365
f 8357 8363 8372
f 8421 8422 8413
f 8364 8357 8372
f 8364 8372 8371
f 8366 8388 8375
f 8387 8389 8380
f 8388 8387 8375
f 8387 8380 8375
f 8361 8369 8355
f 8368 8362 8367
f 8362 8360 8367
f 8361 8355 8366
f 8437 8432 8433
f 8474 8475 8471
f 8471 8472 8473
f 8469 8470 8468
f 8467 8470 8469
f 8441 8442 8443
f 8440 8430 8432
f 8440 8438 8430
f 8439 8440 8432
f 8430 8438 8431
f 8437 8439 8432
f 8431 8438 8428
f 8448 8449 8443
f 8438 8434 8428
f 8428 8434 8429
f 8436 8437 8433
f 8436 8433 8427
f 8456 8457 8458
f 8455 8454 8447
f 8441 8455 8447
f 8455 8441 8446
f 8433 8432 8427
f 8432 8430 8427
f 8452 8455 8446
f 8464 8465 8461
f 8460 8464 8461
f 8463 8457 8462
f 8462 8457 8456
f 8460 8461 8458
f 8459 8460 8458
f 8457 8459 8458
f 8493 8492 8483
f 8483 8492 8489
f 8491 8482 8488
f 8490 8491 8488
f 8430 8431 8427
f 8454 8453 8447
f 8447 8453 8445
f 8453 8450 8445
f 8451 8452 8446
f 8451 8446 8444
f 8445 8450 8442
f 8449 8451 8444
f 8450 8448 8442
f 8449 8444 8443
f 8442 8448 8443
f 8396 8407 8394
f 8403 8411 8401
f 8410 8412 8402
f 8410 8402 8400
f 8435 8436 8427
f 8429 8434 8427
f 8434 8435 8427
f 8431 8428 8427
f 8409 8407 8399
f 8408 8398 8404
f 8399 8407 8396
f 8406 8408 8404
f 8412 8403 8402
f 8407 8405 8394
f 8406 8404 8393
f 8394 8405 8393
f 8405 8406 8393
f 8404 8398 8395
f 8399 8396 8397
f 8404 8395 8393
f 8423 8420 8414
f 8414 8420 8415
f 8422 8417 8413
f 8446 8441 8444
f 8427 8428 8429
f 8425 8426 8419
f 8419 8426 8418
f 8425 8419 8416
f 8426 8423 8418
f 8418 8423 8414
f 8424 8425 8416
f 8424 8416 8417
f 8422 8424 8417
f 8447 8445 8441
f 8347 8345 8341
f 8441 8445 8442
f 8444 8441 8443
f 8415 8420 8413
f 8420 8421 8413
f 8416 8419 8413
f 8419 8418 8413
f 8418 8414 8413
f 8416 8413 8417
f 8413 8414 8415
f 8412 8411 8403
f 8244 8246 8220
f 8286 8284 8283
f 8283 8284 8285
f 8250 8251 8252
f 8249 8248 8241
f 8249 8241 8240
f 8241 8248 8242
f 8246 8249 8240
f 8248 8247 8242
f 8242 8247 8217
f 8246 8240 8220
f 8247 8245 8217
f 8284 8287 8285
f 8217 8245 8238
f 8244 8220 8239
f 8272 8267 8271
f 8267 8269 8271
f 8267 8270 8268
f 8267 8268 8269
f 8241 8242 8217
f 8240 8241 8217
f 8240 8217 8220
f 8218 8217 8229
f 8262 8266 8263
f 8277 8275 8276
f 8275 8273 8274
f 8275 8274 8276
f 8272 8271 8274
f 8273 8272 8274
f 8304 8303 8299
f 8303 8302 8299
f 8299 8302 8300
f 8299 8300 8301
f 8262 8265 8266
f 8266 8265 8264
f 8229 8217 8227
f 8265 8261 8264
f 8264 8261 8260
f 8262 8263 8259
f 8258 8262 8259
f 8261 8257 8260
f 8260 8257 8256
f 8258 8259 8255
f 8253 8258 8255
f 8257 8254 8250
f 8288 8286 8283
f 8194 8184 8191
f 8214 8207 8205
f 8223 8238 8224
f 8237 8239 8230
f 8238 8237 8224
f 8237 8230 8224
f 8204 8211 8202
f 8189 8185 8200
f 8234 8236 8235
f 8187 8195 8193
f 8188 8184 8194
f 8186 8187 8193
f 8212 8214 8205
f 8186 8193 8192
f 8184 8186 8191
f 8191 8186 8192
f 8190 8187 8185
f 8206 8213 8204
f 8213 8211 8204
f 8210 8212 8205
f 8210 8205 8203
f 8180 8183 8181
f 8180 8181 8182
f 8251 8253 8252
f 8222 8236 8234
f 8220 8222 8234
f 8217 8238 8227
f 8712 8710 8706
f 8227 8238 8223
f 8239 8220 8232
f 8239 8232 8230
f 8256 8257 8250
f 8253 8255 8252
f 8254 8251 8250
f 8278 8277 8276
f 8236 8222 8235
f 8222 8221 8235
f 8196 8188 8194
f 8217 8218 8219
f 8216 8215 8208
f 8208 8215 8201
f 8201 8215 8206
f 8214 8216 8207
f 8216 8208 8207
f 8215 8213 8206
f 8315 8345 8337
f 8337 8335 8322
f 8335 8336 8328
f 8335 8328 8322
f 8334 8320 8333
f 8320 8319 8333
f 8332 8334 8333
f 8332 8333 8331
f 8330 8332 8331
f 8330 8331 8329
f 8341 8345 8315
f 8344 8346 8318
f 8321 8337 8322
f 8344 8318 8336
f 8317 8327 8326
f 8327 8325 8326
f 8326 8325 8324
f 8325 8321 8324
f 8324 8321 8323
f 8321 8322 8323
f 8320 8318 8319
f 8319 8318 8317
f 8318 8315 8317
f 8340 8341 8315
f 8363 8362 8370
f 8364 8371 8369
f 8370 8362 8368
f 8361 8364 8369
f 8345 8343 8337
f 8342 8344 8336
f 8337 8343 8335
f 8343 8342 8335
f 8342 8336 8335
f 8339 8340 8315
f 8318 8338 8315
f 8315 8316 8317
f 8338 8339 8315
f 8316 8315 8337
f 8316 8337 8327
f 8327 8337 8325
f 8357 8361 8358
f 8360 8357 8359
f 8357 8358 8359
f 8356 8352 8351
f 8336 8318 8330
f 8336 8330 8328
f 8284 8289 8287
f 8298 8297 8295
f 8294 8298 8295
f 8298 8293 8297
f 8297 8293 8296
f 8296 8293 8292
f 8294 8295 8291
f 8289 8294 8291
f 8293 8290 8292
f 8292 8290 8288
f 8289 8291 8287
f 8290 8286 8288
f 8316 8327 8317
f 8312 8314 8304
f 8303 8313 8302
f 8312 8304 8305
f 8313 8311 8302
f 8270 8281 8282
f 8268 8270 8282
f 8282 8281 8280
f 8281 8279 8280
f 8280 8279 8278
f 8279 8277 8278
f 8308 8310 8299
f 8314 8303 8304
f 8314 8313 8303
f 8320 8334 8332
f 8318 8320 8332
f 8318 8332 8330
f 8325 8337 8321
f 8310 8312 8305
f 8310 8305 8306
f 8302 8311 8300
f 8311 8309 8300
f 8220 8234 8232
f 8310 8306 8299
f 8300 8309 8301
f 8309 8307 8301
f 8307 8308 8299
f 8307 8299 8301
f 8306 8305 8299
f 8305 8304 8299
f 8328 8330 8329
f 8322 8328 8323
f 8328 8329 8323
f 8656 8658 8612
f 8658 8567 8566
f 8658 8566 8564
f 8435 8434 8676
f 8407 8678 8676
f 8681 8435 8676
f 8405 8407 8676
f 8563 8565 8667
f 8562 8563 8667
f 8658 8564 8614
f 8564 8615 8614
f 8615 8564 8613
f 8679 8513 8678
f 8658 8614 8612
f 8613 8564 8611
f 8678 8656 8612
f 8678 8612 8610
f 8561 8560 8611
f 8564 8561 8611
f 8657 8655 8518
f 8655 8654 8518
f 8665 8657 8517
f 8657 8519 8517
f 8452 8451 8674
f 8671 8674 8677
f 8674 8676 8677
f 8664 8662 8661
f 8662 8664 8659
f 8664 8661 8660
f 8660 8657 8665
f 8664 8660 8665
f 8680 8665 8679
f 8519 8657 8518
f 8454 8682 8453
f 8683 8452 8674
f 8611 8560 8676
f 8451 8449 8674
f 8518 8654 8516
f 8679 8665 8517
f 8679 8517 8515
f 8516 8654 8514
f 8679 8515 8513
f 8514 8654 8678
f 8512 8514 8678
f 8654 8656 8678
f 8513 8512 8678
f 8651 8647 8648
f 8659 8658 8633
f 8633 8658 8622
f 8657 8632 8623
f 8658 8656 8622
f 8678 8610 8608
f 8560 8562 8675
f 8562 8667 8675
f 8678 8608 8676
f 8654 8623 8617
f 8653 8652 8650
f 8652 8648 8650
f 8660 8632 8657
f 8649 8650 8642
f 8649 8642 8645
f 8647 8640 8648
f 8645 8642 8646
f 8644 8643 8640
f 8643 8639 8640
f 8641 8642 8633
f 8641 8633 8636
f 8664 8668 8667
f 8666 8667 8668
f 8567 8658 8667
f 8608 8609 8676
f 8609 8611 8676
f 8560 8675 8677
f 8676 8560 8677
f 8667 8672 8675
f 8667 8666 8672
f 8672 8666 8673
f 8674 8671 8673
f 8671 8672 8673
f 8670 8669 8664
f 8664 8669 8668
f 8674 8681 8676
f 8565 8567 8667
f 8659 8664 8667
f 8658 8659 8667
f 8661 8650 8648
f 8662 8659 8642
f 8650 8662 8642
f 8661 8648 8660
f 8660 8648 8640
f 8642 8659 8633
f 8660 8640 8632
f 8426 8684 8423
f 8706 8709 8717
f 8688 8687 8686
f 8688 8686 8685
f 8687 8663 8665
f 8687 8665 8680
f 8686 8687 8680
f 8686 8680 8679
f 8685 8686 8679
f 8685 8679 8684
f 8685 8684 8426
f 8685 8426 8425
f 8708 8710 8716
f 8685 8425 8424
f 8705 8706 8707
f 8702 8703 8704
f 8704 8703 8700
f 8702 8704 8701
f 8684 8467 8464
f 8685 8424 8683
f 8424 8422 8683
f 8422 8421 8683
f 8684 8464 8682
f 8700 8699 8697
f 8711 8712 8706
f 8706 8710 8708
f 8709 8706 8705
f 8706 8708 8707
f 8733 8731 8729
f 8730 8732 8728
f 8731 8727 8729
f 8726 8730 8728
f 8703 8699 8700
f 8698 8702 8701
f 8698 8701 8696
f 8464 8460 8682
f 8699 8695 8697
f 8693 8698 8696
f 8697 8695 8694
f 8693 8696 8692
f 8695 8689 8694
f 8694 8689 8691
f 8690 8693 8692
f 8690 8692 8691
f 8719 8706 8717
f 8710 8718 8716
f 8448 8450 8681
f 8684 8679 8470
f 8470 8679 8466
f 8684 8470 8467
f 8466 8679 8463
f 8406 8437 8681
f 8437 8436 8681
f 8436 8435 8681
f 8682 8408 8681
f 8408 8406 8681
f 8453 8682 8681
f 8450 8453 8681
f 8683 8455 8452
f 8449 8448 8681
f 8674 8449 8681
f 8438 8405 8676
f 8434 8438 8676
f 8457 8463 8678
f 8459 8457 8678
f 8682 8459 8678
f 8682 8678 8411
f 8675 8672 8671
f 8675 8671 8677
f 8682 8411 8412
f 8460 8459 8682
f 8423 8684 8682
f 8420 8423 8682
f 8421 8420 8682
f 8683 8421 8682
f 8463 8679 8678
f 8689 8690 8691
f 8664 8663 8688
f 8670 8664 8688
f 8688 8663 8687
f 8464 8467 8465
f 8682 8412 8410
f 8411 8678 8409
f 8682 8410 8408
f 8409 8678 8407
f 8406 8405 8440
f 8440 8405 8438
f 8406 8440 8439
f 8406 8439 8437
f 8683 8682 8455
f 8455 8682 8454
f 8553 8552 8543
f 8529 8526 8525
f 8527 8528 8524
f 8521 8527 8524
f 8525 8526 8521
f 8521 8524 8523
f 8521 8523 8522
f 8520 8521 8522
f 8519 8502 8503
f 8519 8518 8502
f 8519 8503 8517
f 8517 8503 8493
f 8527 8530 8528
f 8552 8550 8543
f 8551 8545 8549
f 8550 8547 8543
f 8515 8493 8483
f 8491 8514 8482
f 8482 8514 8475
f 8515 8483 8513
f 8513 8483 8480
f 8514 8512 8475
f 8513 8480 8471
f 8543 8542 8536
f 8555 8552 8553
f 8554 8545 8551
f 8575 8578 8576
f 8577 8574 8573
f 8575 8576 8572
f 8569 8575 8572
f 8549 8545 8546
f 8547 8548 8543
f 8546 8545 8544
f 8544 8545 8535
f 8544 8535 8541
f 8512 8513 8471
f 8542 8539 8536
f 8541 8535 8538
f 8536 8539 8540
f 8538 8535 8537
f 8537 8535 8534
f 8527 8536 8533
f 8564 8536 8561
f 8561 8536 8527
f 8563 8562 8526
f 8535 8563 8526
f 8471 8478 8476
f 8517 8493 8515
f 8516 8514 8491
f 8483 8489 8487
f 8488 8482 8485
f 8483 8487 8484
f 8485 8482 8486
f 8483 8484 8480
f 8482 8475 8479
f 8480 8481 8478
f 8471 8480 8478
f 8479 8475 8477
f 8518 8516 8491
f 8477 8475 8474
f 8471 8476 8472
f 8508 8510 8502
f 8509 8506 8503
f 8505 8508 8502
f 8506 8507 8503
f 8470 8466 8468
f 8467 8469 8465
f 8468 8466 8462
f 8466 8463 8462
f 8503 8500 8493
f 8475 8512 8471
f 8510 8511 8502
f 8502 8511 8503
f 8511 8509 8503
f 8534 8535 8526
f 8527 8533 8532
f 8527 8532 8530
f 8531 8526 8529
f 8505 8502 8504
f 8504 8502 8501
f 8662 8650 8661
f 8501 8502 8491
f 8501 8491 8499
f 8500 8498 8493
f 8499 8491 8497
f 8498 8496 8493
f 8497 8491 8494
f 8496 8495 8493
f 8495 8492 8493
f 8494 8491 8490
f 8502 8518 8491
f 8606 8604 8602
f 8612 8593 8584
f 8612 8584 8610
f 8587 8611 8574
f 8610 8584 8575
f 8611 8609 8574
f 8640 8639 8632
f 8639 8638 8632
f 8638 8634 8632
f 8636 8633 8637
f 8599 8607 8602
f 8607 8606 8602
f 8613 8611 8587
f 8603 8605 8599
f 8604 8601 8602
f 8603 8599 8600
f 8601 8593 8602
f 8600 8599 8598
f 8598 8599 8587
f 8598 8587 8596
f 8597 8595 8593
f 8596 8587 8594
f 8621 8622 8617
f 8617 8620 8619
f 8623 8624 8620
f 8663 8664 8665
f 8632 8634 8635
f 8633 8622 8631
f 8623 8632 8630
f 8631 8622 8629
f 8623 8630 8628
f 8629 8622 8627
f 8623 8628 8626
f 8627 8622 8625
f 8623 8626 8624
f 8625 8622 8621
f 8554 8556 8545
f 8617 8623 8620
f 8657 8623 8655
f 8656 8654 8617
f 8622 8656 8617
f 8655 8623 8654
f 8602 8615 8599
f 8615 8602 8614
f 8615 8613 8599
f 8614 8602 8612
f 8612 8602 8593
f 8599 8613 8587
f 8610 8575 8608
f 8553 8567 8545
f 8567 8553 8566
f 8568 8569 8570
f 8569 8571 8570
f 8569 8572 8571
f 8573 8574 8569
f 8608 8575 8569
f 8574 8609 8569
f 8609 8608 8569
f 8566 8553 8543
f 8579 8574 8577
f 8575 8580 8578
f 8581 8574 8579
f 8575 8582 8580
f 8583 8574 8581
f 8575 8584 8582
f 8585 8574 8583
f 8586 8587 8585
f 8587 8574 8585
f 8592 8591 8584
f 8556 8553 8545
f 8557 8555 8553
f 8556 8558 8553
f 8559 8557 8553
f 8558 8559 8553
f 8560 8527 8521
f 8561 8527 8560
f 8526 8562 8521
f 8562 8560 8521
f 8616 8617 8618
f 8593 8592 8584
f 8594 8587 8590
f 8595 8592 8593
f 8565 8563 8535
f 8564 8543 8536
f 8545 8565 8535
f 8566 8543 8564
f 8567 8565 8545
f 8617 8619 8618
f 8591 8588 8584
f 8590 8587 8586
f 8584 8588 8589
f 9024 9019 8976
f 9048 9044 8976
f 9025 9026 8976
f 9026 9027 8976
f 8976 8977 8978
f 9027 9022 8976
f 8995 8976 8992
f 8996 8976 8995
f 8976 8997 8994
f 8976 8998 8997
f 8999 8976 8996
f 9000 8976 8999
f 8976 9001 8998
f 8976 9002 9001
f 9003 8976 9000
f 9004 8976 9003
f 8976 9005 9002
f 8991 8976 8988
f 9039 9040 8976
f 8976 8981 8977
f 8976 8994 8993
f 8976 8993 8990
f 8992 8976 8991
f 9007 8976 9004
f 9008 8976 9007
f 8976 9009 9006
f 8976 9010 9009
f 8979 8976 8978
f 8980 8976 8979
f 8976 8990 8989
f 8976 8982 8981
f 8983 8976 8980
f 8984 8976 8983
f 8976 8985 8982
f 8976 8986 8985
f 8987 8976 8984
f 8988 8976 8987
f 8976 8989 8986
f 9036 9031 8976
f 9028 9029 8976
f 9029 9030 8976
f 9030 9025 8976
f 9031 9032 8976
f 9032 9033 8976
f 9033 9028 8976
f 9034 9035 8976
f 9035 9036 8976
f 9023 9024 8976
f 9012 9034 8976
f 9037 9014 8976
f 9038 9039 8976
f 9043 9038 8976
f 9044 9045 8976
f 9045 9046 8976
f 9046 9041 8976
f 9018 9047 8976
f 9022 9023 8976
f 9021 9015 8976
f 9020 9021 8976
f 9019 9020 8976
f 9017 9018 8976
f 9016 9017 8976
f 9015 9016 8976
f 8976 9014 9013
f 8976 9013 9010
f 9012 8976 9011
f 9011 8976 9008
f 9042 9043 8976
f 9041 9042 8976
f 9040 9037 8976
f 8976 9006 9005
f 9047 9048 8976
f 9049 9067 9065
f 9081 9082 9049
f 9068 9049 9066
f 9049 9069 9067
f 9070 9069 9049
f 9071 9072 9049
f 9076 9071 9049
f 9077 9078 9049
f 9072 9073 9049
f 9073 9070 9049
f 9074 9075 9049
f 9075 9076 9049
f 9078 9079 9049
f 9079 9074 9049
f 9080 9081 9049
f 9083 9084 9049
f 9066 9049 9064
f 9049 9059 9057
f 9058 9049 9056
f 9049 9057 9055
f 9056 9049 9054
f 9049 9065 9063
f 9064 9049 9062
f 9049 9063 9061
f 9062 9049 9060
f 9049 9061 9059
f 9060 9049 9058
f 9049 9055 9053
f 9054 9049 9052
f 9049 9053 9050
f 9052 9049 9051
f 9049 9050 9051
f 9082 9077 9049
f 9084 9085 9049
f 9085 9080 9049
f 9068 9083 9049
f 9086 9103 9100
f 9158 9154 9086
f 9086 9104 9103
f 9138 9139 9086
f 9105 9086 9102
f 9106 9086 9105
f 9086 9107 9104
f 9086 9108 9107
f 9139 9140 9086
f 9140 9135 9086
f 9141 9142 9086
f 9109 9086 9106
f 9110 9086 9109
f 9086 9111 9108
f 9086 9112 9111
f 9113 9086 9110
f 9114 9086 9113
f 9086 9115 9112
f 9117 9086 9114
f 9093 9086 9090
f 9086 9087 9088
f 9121 9086 9118
f 9089 9086 9088
f 9090 9086 9089
f 9086 9091 9087
f 9086 9092 9091
f 9122 9086 9121
f 9086 9123 9120
f 9086 9124 9123
f 9102 9086 9101
f 9094 9086 9093
f 9086 9095 9092
f 9086 9096 9095
f 9097 9086 9094
f 9098 9086 9097
f 9086 9099 9096
f 9086 9100 9099
f 9101 9086 9098
f 9146 9141 9086
f 9134 9129 9086
f 9135 9136 9086
f 9136 9137 9086
f 9137 9132 9086
f 9142 9143 9086
f 9143 9138 9086
f 9144 9145 9086
f 9145 9146 9086
f 9133 9134 9086
f 9122 9144 9086
f 9147 9124 9086
f 9148 9149 9086
f 9149 9150 9086
f 9150 9147 9086
f 9151 9152 9086
f 9152 9153 9086
f 9128 9157 9086
f 9132 9133 9086
f 9131 9125 9086
f 9130 9131 9086
f 9129 9130 9086
f 9127 9128 9086
f 9126 9127 9086
f 9125 9126 9086
f 9156 9151 9086
f 9155 9156 9086
f 9154 9155 9086
f 9153 9148 9086
f 9086 9120 9119
f 9086 9119 9116
f 9118 9086 9117
f 9086 9116 9115
f 9157 9158 9086
f 9220 9204 9203
f 9188 9184 9186
f 9182 9185 9203
f 9185 9220 9203
f 9183 9182 9203
f 9202 9183 9203
f 9202 9186 9183
f 9202 9173 9186
f 9189 9220 9185
f 9177 9171 9202
f 9234 9177 9202
f 9171 9173 9202
f 9220 9214 9204
f 9178 9223 9176
f 9234 9178 9177
f 9234 9223 9178
f 9234 9221 9223
f 9187 9189 9185
f 9176 9223 9186
f 9219 9227 9199
f 9193 9194 9195
f 9223 9220 9189
f 9224 9225 9223
f 9226 9227 9219
f 9225 9226 9219
f 9223 9219 9220
f 9223 9225 9219
f 9227 9201 9199
f 9228 9235 9200
f 9191 9228 9192
f 9228 9200 9192
f 9229 9230 9191
f 9230 9228 9191
f 9231 9232 9202
f 9237 9231 9202
f 9197 9200 9202
f 9200 9235 9202
f 9168 9169 9164
f 9175 9178 9176
f 9177 9174 9171
f 9175 9176 9173
f 9175 9173 9172
f 9174 9172 9171
f 9187 9175 9188
f 9194 9175 9187
f 9195 9194 9187
f 9175 9172 9184
f 9179 9174 9177
f 9163 9168 9164
f 9167 9166 9165
f 9166 9162 9159
f 9165 9166 9159
f 9163 9164 9161
f 9160 9163 9161
f 9162 9160 9159
f 9159 9160 9161
f 9184 9180 9183
f 9186 9184 9183
f 9187 9188 9189
f 9189 9188 9186
f 9193 9161 9205
f 9159 9193 9195
f 9159 9195 9203
f 9204 9159 9203
f 9181 9185 9182
f 9187 9185 9181
f 9183 9180 9182
f 9180 9181 9182
f 9179 9178 9175
f 9178 9179 9177
f 9171 9172 9173
f 9169 9170 9167
f 9168 9170 9169
f 9170 9166 9167
f 9161 9207 9206
f 9190 9192 9201
f 9198 9202 9203
f 9197 9202 9198
f 9195 9198 9203
f 9196 9199 9194
f 9160 9199 9196
f 9212 9160 9196
f 9160 9162 9199
f 9159 9161 9193
f 9161 9206 9205
f 9201 9192 9179
f 9161 9164 9207
f 9204 9165 9159
f 9208 9165 9204
f 9209 9207 9164
f 9208 9167 9165
f 9169 9209 9164
f 9210 9209 9169
f 9208 9211 9167
f 9211 9169 9167
f 9196 9193 9205
f 9190 9191 9192
f 9196 9194 9193
f 9172 9197 9198
f 9181 9180 9198
f 9195 9181 9198
f 9180 9172 9198
f 9184 9172 9180
f 9195 9187 9181
f 9188 9175 9184
f 9211 9210 9169
f 9173 9176 9186
f 9212 9196 9205
f 9206 9212 9205
f 9179 9175 9194
f 9199 9179 9194
f 9174 9200 9197
f 9172 9174 9197
f 9201 9179 9199
f 9179 9200 9174
f 9192 9200 9179
f 9214 9216 9208
f 9235 9236 9202
f 9233 9234 9202
f 9232 9233 9202
f 9217 9218 9211
f 9218 9210 9211
f 9210 9218 9209
f 9217 9211 9208
f 9218 9215 9209
f 9216 9217 9208
f 9218 9170 9168
f 9215 9213 9209
f 9209 9213 9207
f 9214 9208 9204
f 9207 9213 9206
f 9213 9212 9206
f 9222 9224 9223
f 9221 9222 9223
f 9218 9217 9170
f 9213 9163 9212
f 9216 9214 9166
f 9215 9218 9168
f 9217 9216 9166
f 9170 9217 9166
f 9223 9189 9186
f 9215 9168 9163
f 9213 9215 9163
f 9166 9214 9162
f 9219 9162 9220
f 9162 9214 9220
f 9163 9160 9212
f 9162 9219 9199
f 9236 9237 9202
f 9306 9307 9238
f 9304 9299 9238
f 9305 9306 9238
f 9297 9298 9238
f 9303 9304 9238
f 9302 9303 9238
f 9301 9296 9238
f 9300 9301 9238
f 9299 9300 9238
f 9298 9293 9238
f 9247 9238 9245
f 9307 9302 9238
f 9275 9308 9238
f 9238 9239 9240
f 9263 9238 9261
f 9238 9262 9260
f 9261 9238 9259
f 9238 9260 9258
f 9238 9244 9242
f 9245 9238 9243
f 9238 9246 9244
f 9238 9268 9266
f 9238 9256 9254
f 9257 9238 9255
f 9238 9258 9256
f 9259 9238 9257
f 9293 9294 9238
f 9294 9295 9238
f 9295 9290 9238
f 9296 9297 9238
f 9238 9264 9262
f 9265 9238 9263
f 9238 9266 9264
f 9267 9238 9265
f 9241 9238 9240
f 9269 9238 9267
f 9238 9270 9268
f 9271 9238 9269
f 9238 9272 9270
f 9273 9238 9271
f 9238 9274 9272
f 9275 9238 9273
f 9308 9305 9238
f 9280 9309 9238
f 9309 9310 9238
f 9310 9276 9238
f 9281 9282 9238
f 9238 9254 9252
f 9238 9242 9239
f 9243 9238 9241
f 9292 9287 9238
f 9291 9292 9238
f 9290 9291 9238
f 9289 9284 9238
f 9288 9289 9238
f 9287 9288 9238
f 9286 9281 9238
f 9285 9286 9238
f 9284 9285 9238
f 9283 9277 9238
f 9282 9283 9238
f 9238 9276 9274
f 9277 9278 9238
f 9278 9279 9238
f 9279 9280 9238
f 9238 9248 9246
f 9249 9238 9247
f 9238 9250 9248
f 9251 9238 9249
f 9238 9252 9250
f 9253 9238 9251
f 9255 9238 9253
f 9327 9311 9325
f 9347 9343 9311
f 9334 9335 9311
f 9311 9322 9320
f 9323 9311 9321
f 9311 9324 9322
f 9329 9311 9327
f 9311 9330 9328
f 9331 9311 9329
f 9332 9333 9311
f 9333 9330 9311
f 9321 9311 9319
f 9335 9336 9311
f 9336 9332 9311
f 9337 9338 9311
f 9338 9339 9311
f 9339 9334 9311
f 9340 9341 9311
f 9345 9340 9311
f 9331 9346 9311
f 9311 9320 9318
f 9319 9311 9317
f 9311 9318 9316
f 9317 9311 9315
f 9311 9316 9312
f 9315 9311 9314
f 9314 9311 9313
f 9311 9312 9313
f 9344 9345 9311
f 9343 9344 9311
f 9342 9337 9311
f 9341 9342 9311
f 9325 9311 9323
f 9311 9328 9326
f 9311 9326 9324
f 9346 9347 9311
f 9348 9360 9358
f 9348 9380 9378
f 9361 9348 9359
f 9348 9368 9366
f 9369 9348 9367
f 9348 9370 9368
f 9371 9348 9369
f 9348 9372 9370
f 9373 9348 9371
f 9407 9408 9348
f 9408 9403 9348
f 9409 9410 9348
f 9410 9411 9348
f 9348 9378 9376
f 9379 9348 9377
f 9348 9374 9372
f 9375 9348 9373
f 9348 9376 9374
f 9377 9348 9375
f 9348 9382 9380
f 9392 9393 9348
f 9348 9349 9350
f 9351 9348 9350
f 9348 9352 9349
f 9353 9348 9351
f 9348 9354 9352
f 9355 9348 9353
f 9348 9356 9354
f 9357 9348 9355
f 9391 9392 9348
f 9359 9348 9357
f 9393 9387 9348
f 9394 9395 9348
f 9348 9362 9360
f 9363 9348 9361
f 9348 9364 9362
f 9365 9348 9363
f 9348 9366 9364
f 9367 9348 9365
f 9348 9358 9356
f 9414 9409 9348
f 9401 9402 9348
f 9402 9397 9348
f 9403 9404 9348
f 9404 9405 9348
f 9405 9400 9348
f 9406 9407 9348
f 9411 9406 9348
f 9412 9413 9348
f 9413 9414 9348
f 9381 9348 9379
f 9415 9416 9348
f 9416 9417 9348
f 9417 9412 9348
f 9385 9418 9348
f 9418 9415 9348
f 9390 9419 9348
f 9419 9420 9348
f 9420 9386 9348
f 9399 9394 9348
f 9387 9388 9348
f 9348 9386 9384
f 9385 9348 9383
f 9348 9384 9382
f 9388 9389 9348
f 9389 9390 9348
f 9383 9348 9381
f 9398 9399 9348
f 9397 9398 9348
f 9395 9396 9348
f 9396 9391 9348
f 9400 9401 9348
f 9487 9484 9486
f 9466 9439 9453
f 9486 9484 9483
f 9490 9491 9492
f 9422 9477 9476
f 9467 9466 9453
f 9481 9487 9482
f 9491 9465 9454
f 9465 9455 9454
f 9491 9454 9492
f 9466 9443 9439
f 9453 9439 9451
f 9487 9488 9482
f 9467 9445 9481
f 9426 9479 9477
f 9466 9464 9465
f 9481 9478 9471
f 9467 9481 9471
f 9422 9426 9477
f 9478 9425 9475
f 9425 9424 9475
f 9475 9424 9476
f 9483 9484 9485
f 9480 9479 9431
f 9463 9433 9430
f 9482 9463 9430
f 9433 9480 9431
f 9463 9457 9433
f 9457 9480 9433
f 9460 9457 9463
f 9439 9435 9451
f 9421 9422 9423
f 9422 9424 9423
f 9424 9425 9423
f 9426 9422 9421
f 9439 9436 9435
f 9439 9440 9436
f 9441 9434 9438
f 9442 9441 9438
f 9443 9466 9441
f 9467 9453 9449
f 9441 9466 9494
f 9434 9441 9494
f 9434 9494 9484
f 9435 9434 9484
f 9466 9493 9494
f 9435 9484 9451
f 9451 9484 9444
f 9467 9449 9445
f 9484 9494 9485
f 9444 9484 9481
f 9445 9444 9481
f 9466 9465 9499
f 9465 9491 9499
f 9466 9499 9498
f 9466 9498 9497
f 9466 9497 9496
f 9466 9496 9495
f 9466 9495 9493
f 9473 9428 9472
f 9444 9445 9446
f 9445 9447 9446
f 9448 9444 9446
f 9449 9447 9445
f 9450 9451 9448
f 9451 9444 9448
f 9449 9452 9447
f 9453 9452 9449
f 9452 9453 9450
f 9428 9421 9470
f 9423 9427 9471
f 9443 9442 9440
f 9473 9429 9428
f 9460 9446 9458
f 9446 9447 9458
f 9447 9461 9458
f 9462 9436 9463
f 9436 9460 9463
f 9464 9448 9460
f 9448 9446 9460
f 9440 9464 9460
f 9436 9440 9460
f 9432 9433 9429
f 9454 9455 9456
f 9457 9458 9459
f 9457 9460 9458
f 9425 9427 9423
f 9428 9426 9421
f 9429 9426 9428
f 9425 9430 9427
f 9431 9426 9429
f 9430 9432 9427
f 9430 9433 9432
f 9456 9437 9462
f 9433 9431 9429
f 9434 9435 9436
f 9437 9434 9436
f 9438 9434 9437
f 9452 9461 9447
f 9455 9437 9456
f 9464 9461 9452
f 9464 9452 9450
f 9443 9440 9439
f 9443 9441 9442
f 9476 9477 9470
f 9427 9467 9471
f 9458 9467 9427
f 9473 9474 9429
f 9432 9458 9427
f 9459 9458 9432
f 9474 9432 9429
f 9474 9459 9432
f 9461 9467 9458
f 9475 9476 9468
f 9469 9475 9468
f 9476 9470 9468
f 9481 9482 9430
f 9488 9489 9482
f 9484 9487 9481
f 9489 9463 9482
f 9489 9462 9463
f 9479 9473 9472
f 9479 9474 9473
f 9479 9480 9474
f 9480 9459 9474
f 9480 9457 9459
f 9424 9422 9476
f 9442 9464 9440
f 9437 9436 9462
f 9464 9450 9448
f 9478 9475 9469
f 9471 9478 9469
f 9477 9472 9470
f 9477 9479 9472
f 9438 9437 9455
f 9465 9438 9455
f 9464 9438 9465
f 9464 9442 9438
f 9453 9451 9450
f 9466 9467 9461
f 9464 9466 9461
f 9421 9423 9468
f 9423 9469 9468
f 9470 9421 9468
f 9423 9471 9469
f 9472 9428 9470
f 9478 9430 9425
f 9481 9430 9478
f 9431 9479 9426
f 9501 9513 9511
f 9501 9514 9513
f 9537 9539 9512
f 9513 9538 9511
f 9538 9536 9511
f 9529 9551 9528
f 9551 9530 9526
f 9528 9551 9527
f 9527 9551 9526
f 9534 9510 9508
f 9509 9535 9507
f 9535 9533 9507
f 9538 9551 9536
f 9551 9539 9537
f 9536 9551 9535
f 9551 9537 9534
f 9535 9551 9533
f 9533 9551 9531
f 9551 9534 9532
f 9551 9532 9530
f 9531 9551 9529
f 9549 9550 9515
f 9550 9516 9515
f 9550 9548 9516
f 9515 9516 9501
f 9517 9518 9501
f 9528 9527 9502
f 9503 9528 9502
f 9543 9517 9520
f 9523 9544 9524
f 9544 9541 9524
f 9527 9526 9502
f 9526 9500 9502
f 9525 9522 9501
f 9542 9520 9519
f 9521 9541 9514
f 9541 9540 9514
f 9539 9519 9512
f 9514 9540 9513
f 9540 9538 9513
f 9549 9547 9551
f 9550 9549 9551
f 9545 9543 9551
f 9547 9545 9551
f 9542 9539 9551
f 9544 9546 9551
f 9548 9550 9551
f 9540 9551 9538
f 9519 9520 9501
f 9518 9515 9501
f 9534 9537 9510
f 9537 9512 9510
f 9511 9536 9509
f 9536 9535 9509
f 9512 9501 9510
f 9501 9511 9509
f 9510 9501 9508
f 9516 9525 9501
f 9524 9521 9501
f 9523 9524 9501
f 9522 9523 9501
f 9521 9514 9501
f 9512 9519 9501
f 9520 9517 9501
f 9532 9534 9506
f 9534 9508 9506
f 9533 9531 9507
f 9530 9532 9506
f 9547 9549 9515
f 9516 9548 9525
f 9547 9515 9518
f 9525 9548 9522
f 9548 9546 9522
f 9545 9547 9517
f 9547 9518 9517
f 9546 9544 9522
f 9543 9545 9517
f 9543 9542 9551
f 9541 9544 9551
f 9540 9541 9551
f 9546 9548 9551
f 9542 9543 9520
f 9524 9541 9521
f 9539 9542 9519
f 9507 9531 9505
f 9530 9506 9504
f 9505 9531 9503
f 9531 9529 9503
f 9526 9530 9504
f 9522 9544 9523
f 9501 9509 9507
f 9508 9501 9506
f 9501 9507 9505
f 9506 9501 9504
f 9501 9505 9503
f 9504 9501 9500
f 9501 9503 9502
f 9500 9501 9502
f 9529 9528 9503
f 9526 9504 9500
f 9585 9559 9557
f 9586 9584 9558
f 9585 9587 9559
f 9600 9575 9572
f 9601 9598 9573
f 9600 9576 9575
f 9577 9602 9573
f 9588 9590 9560
f 9590 9562 9560
f 9563 9589 9561
f 9590 9552 9562
f 9564 9589 9563
f 9591 9589 9564
f 9590 9592 9552
f 9592 9567 9552
f 9566 9591 9564
f 9592 9568 9567
f 9593 9591 9566
f 9565 9593 9566
f 9591 9603 9589
f 9603 9592 9590
f 9593 9603 9591
f 9594 9592 9603
f 9594 9570 9569
f 9579 9596 9580
f 9596 9595 9580
f 9594 9597 9570
f 9597 9571 9570
f 9578 9596 9579
f 9574 9598 9578
f 9598 9596 9578
f 9597 9599 9571
f 9599 9572 9571
f 9573 9598 9574
f 9599 9600 9572
f 9602 9601 9573
f 9603 9583 9581
f 9582 9603 9581
f 9602 9577 9576
f 9600 9602 9576
f 9603 9585 9583
f 9584 9603 9582
f 9603 9587 9585
f 9586 9603 9584
f 9597 9594 9603
f 9603 9590 9588
f 9589 9603 9586
f 9603 9588 9587
f 9598 9601 9603
f 9596 9598 9603
f 9593 9595 9603
f 9595 9596 9603
f 9601 9602 9603
f 9602 9600 9603
f 9600 9599 9603
f 9599 9597 9603
f 9581 9555 9554
f 9556 9582 9553
f 9582 9581 9553
f 9581 9583 9555
f 9583 9557 9555
f 9558 9584 9556
f 9584 9582 9556
f 9583 9585 9557
f 9552 9558 9556
f 9559 9552 9557
f 9560 9552 9559
f 9587 9560 9559
f 9573 9574 9565
f 9569 9570 9565
f 9571 9572 9565
f 9570 9571 9565
f 9569 9565 9568
f 9568 9565 9567
f 9567 9565 9552
f 9566 9564 9552
f 9565 9566 9552
f 9589 9586 9561
f 9587 9588 9560
f 9561 9586 9558
f 9575 9576 9565
f 9576 9577 9565
f 9577 9573 9565
f 9592 9594 9568
f 9552 9561 9558
f 9562 9552 9560
f 9552 9563 9561
f 9552 9564 9563
f 9552 9553 9554
f 9555 9552 9554
f 9552 9556 9553
f 9557 9552 9555
f 9572 9575 9565
f 9579 9580 9565
f 9578 9579 9565
f 9574 9578 9565
f 9594 9569 9568
f 9595 9593 9565
f 9580 9595 9565
f 9553 9581 9554
f 9604 9605 9606
f 9607 9604 9606
f 9608 9604 9607
f 9637 9604 9636
f 9614 9611 9604
f 9615 9614 9604
f 9616 9614 9615
f 9617 9614 9616
f 9618 9619 9614
f 9617 9618 9614
f 9618 9620 9619
f 9621 9622 9618
f 9622 9623 9618
f 9623 9620 9618
f 9624 9621 9618
f 9614 9619 9643
f 9610 9638 9635
f 9609 9610 9635
f 9615 9604 9637
f 9613 9610 9604
f 9604 9609 9605
f 9604 9610 9609
f 9611 9612 9604
f 9612 9613 9604
f 9628 9621 9627
f 9627 9621 9626
f 9626 9621 9625
f 9625 9621 9624
f 9626 9625 9648
f 9623 9622 9649
f 9625 9624 9648
f 9623 9649 9647
f 9620 9623 9647
f 9648 9624 9646
f 9624 9618 9646
f 9620 9647 9645
f 9619 9620 9645
f 9655 9642 9640
f 9641 9655 9639
f 9655 9640 9637
f 9639 9655 9638
f 9644 9617 9642
f 9614 9643 9641
f 9617 9616 9642
f 9611 9614 9641
f 9642 9616 9640
f 9612 9611 9639
f 9611 9641 9639
f 9616 9615 9640
f 9613 9612 9639
f 9640 9615 9637
f 9610 9613 9638
f 9613 9639 9638
f 9632 9653 9651
f 9628 9627 9652
f 9622 9621 9651
f 9652 9627 9650
f 9604 9608 9636
f 9605 9609 9635
f 9636 9608 9634
f 9608 9607 9634
f 9606 9605 9633
f 9605 9635 9633
f 9607 9606 9633
f 9607 9633 9634
f 9631 9632 9621
f 9630 9631 9621
f 9629 9630 9621
f 9628 9629 9621
f 9646 9618 9644
f 9618 9617 9644
f 9619 9645 9643
f 9622 9651 9649
f 9627 9626 9650
f 9645 9647 9655
f 9621 9632 9651
f 9650 9648 9655
f 9653 9654 9655
f 9654 9652 9655
f 9650 9626 9648
f 9655 9636 9634
f 9655 9637 9636
f 9638 9655 9635
f 9643 9655 9641
f 9629 9628 9652
f 9654 9629 9652
f 9632 9631 9653
f 9630 9629 9654
f 9653 9630 9654
f 9631 9630 9653
f 9633 9655 9634
f 9635 9655 9633
f 9647 9649 9655
f 9649 9651 9655
f 9651 9653 9655
f 9652 9650 9655
f 9655 9644 9642
f 9645 9655 9643
f 9646 9644 9655
f 9648 9646 9655
f 9698 9700 9699
f 9700 9685 9699
f 9685 9692 9699
f 9678 9690 9692
f 9686 9678 9692
f 9685 9686 9692
f 9670 9671 9672
f 9673 9670 9672
f 9674 9672 9671
f 9679 9678 9688
f 9700 9682 9679
f 9690 9682 9700
f 9682 9690 9678
f 9677 9678 9679
f 9680 9678 9677
f 9681 9677 9679
f 9683 9677 9701
f 9693 9680 9691
f 9687 9684 9691
f 9680 9687 9691
f 9689 9677 9683
f 9680 9689 9687
f 9688 9683 9685
f 9689 9683 9688
f 9689 9686 9687
f 9693 9681 9680
f 9703 9704 9705
f 9706 9704 9703
f 9701 9706 9703
f 9695 9697 9696
f 9695 9698 9697
f 9698 9699 9697
f 9708 9707 9694
f 9704 9698 9695
f 9704 9706 9698
f 9706 9700 9698
f 9706 9702 9700
f 9702 9690 9700
f 9700 9688 9685
f 9700 9679 9688
f 9688 9678 9686
f 9711 9712 9713
f 9714 9712 9711
f 9715 9711 9713
f 9716 9712 9714
f 9684 9683 9701
f 9677 9702 9701
f 9691 9684 9701
f 9718 9717 9716
f 9719 9720 9721
f 9720 9722 9721
f 9723 9719 9721
f 9724 9722 9720
f 9725 9723 9721
f 9680 9677 9689
f 9681 9702 9677
f 9681 9693 9702
f 9726 9729 9727
f 9730 9728 9727
f 9731 9728 9730
f 9732 9731 9730
f 9702 9706 9701
f 9704 9695 9694
f 9707 9704 9694
f 9734 9735 9736
f 9737 9738 9736
f 9738 9734 9736
f 9734 9739 9735
f 9710 9738 9737
f 9740 9710 9737
f 9693 9690 9702
f 9709 9707 9708
f 9709 9710 9707
f 9745 9743 9741
f 9726 9728 9741
f 9728 9720 9741
f 9720 9719 9741
f 9717 9718 9713
f 9718 9715 9713
f 9716 9717 9712
f 9739 9746 9735
f 9746 9743 9745
f 9747 9726 9744
f 9748 9726 9747
f 9746 9748 9743
f 9749 9733 9748
f 9724 9725 9722
f 9724 9723 9725
f 9726 9727 9728
f 9731 9720 9728
f 9724 9720 9731
f 9749 9724 9731
f 9733 9749 9731
f 9733 9729 9726
f 9733 9732 9729
f 9733 9731 9732
f 9749 9716 9723
f 9751 9742 9711
f 9715 9751 9711
f 9718 9751 9715
f 9749 9718 9716
f 9749 9751 9718
f 9714 9711 9741
f 9711 9742 9741
f 9743 9744 9741
f 9755 9744 9756
f 9747 9744 9755
f 9743 9756 9744
f 9743 9757 9756
f 9744 9726 9741
f 9719 9714 9741
f 9746 9745 9735
f 9758 9759 9760
f 9761 9760 9759
f 9761 9762 9760
f 9763 9759 9758
f 9761 9764 9762
f 9764 9763 9758
f 9733 9726 9748
f 9750 9749 9748
f 9746 9750 9748
f 9769 9766 9765
f 9770 9766 9769
f 9771 9767 9768
f 9771 9772 9767
f 9723 9714 9719
f 9749 9723 9724
f 9716 9714 9723
f 9776 9773 9775
f 9775 9777 9778
f 9774 9777 9775
f 9779 9780 9781
f 9782 9779 9781
f 9779 9783 9780
f 9749 9752 9751
f 9739 9753 9746
f 9754 9749 9750
f 9787 9786 9785
f 9788 9787 9785
f 9789 9787 9788
f 9777 9788 9778
f 9748 9747 9755
f 9757 9748 9755
f 9748 9757 9743
f 9787 9792 9790
f 9786 9787 9790
f 9789 9793 9792
f 9787 9789 9792
f 9780 9765 9781
f 9767 9791 9781
f 9763 9764 9761
f 9765 9766 9767
f 9768 9767 9766
f 9772 9762 9791
f 9780 9769 9765
f 9760 9762 9772
f 9780 9758 9769
f 9771 9770 9769
f 9771 9769 9772
f 9773 9774 9775
f 9780 9764 9758
f 9780 9783 9764
f 9794 9768 9782
f 9768 9766 9782
f 9766 9761 9782
f 9761 9759 9782
f 9784 9783 9779
f 9785 9786 9784
f 9786 9783 9784
f 9770 9761 9766
f 9771 9761 9770
f 9784 9761 9771
f 9763 9779 9759
f 9777 9789 9788
f 9783 9790 9791
f 9783 9786 9790
f 9795 9785 9794
f 9788 9785 9795
f 9796 9788 9795
f 9794 9782 9781
f 9791 9794 9781
f 9791 9790 9794
f 9765 9767 9781
f 9762 9783 9791
f 9767 9772 9791
f 9796 9793 9797
f 9793 9798 9797
f 9792 9793 9796
f 9797 9799 9800
f 9758 9760 9772
f 9769 9758 9772
f 9764 9783 9762
f 9803 9804 9802
f 9801 9803 9802
f 9803 9805 9804
f 9803 9806 9805
f 9805 9806 9807
f 9806 9808 9807
f 9759 9779 9782
f 9771 9768 9794
f 9784 9771 9794
f 9814 9813 9812
f 9815 9812 9811
f 9816 9815 9811
f 9814 9817 9813
f 9784 9779 9763
f 9784 9763 9761
f 9785 9784 9794
f 9821 9820 9819
f 9818 9822 9819
f 9823 9822 9818
f 9824 9820 9821
f 9825 9824 9821
f 9823 9825 9822
f 9790 9795 9794
f 9790 9792 9795
f 9792 9796 9795
f 9830 9831 9832
f 9833 9830 9832
f 9830 9834 9831
f 9835 9834 9830
f 9798 9799 9797
f 9801 9802 9800
f 9799 9801 9800
f 9839 9838 9836
f 9840 9838 9839
f 9827 9839 9828
f 9827 9840 9839
f 9837 9841 9842
f 9834 9837 9842
f 9808 9809 9807
f 9810 9809 9808
f 9811 9812 9813
f 9838 9840 9843
f 9811 9813 9832
f 9831 9816 9832
f 9816 9811 9832
f 9815 9817 9814
f 9817 9815 9816
f 9818 9819 9820
f 9831 9821 9816
f 9821 9819 9816
f 9822 9817 9816
f 9819 9822 9816
f 9822 9834 9817
f 9831 9825 9821
f 9823 9824 9825
f 9826 9827 9828
f 9826 9829 9827
f 9812 9815 9833
f 9845 9814 9833
f 9814 9812 9833
f 9815 9818 9833
f 9836 9837 9835
f 9837 9834 9835
f 9838 9837 9836
f 9835 9815 9814
f 9835 9823 9815
f 9824 9830 9820
f 9835 9830 9824
f 9823 9835 9824
f 9836 9835 9845
f 9838 9843 9841
f 9837 9838 9841
f 9840 9844 9843
f 9842 9845 9832
f 9842 9841 9845
f 9841 9846 9845
f 9841 9843 9846
f 9813 9842 9832
f 9813 9817 9842
f 9817 9834 9842
f 9847 9849 9850
f 9848 9849 9847
f 9849 9851 9850
f 9849 9852 9851
f 9802 9805 9807
f 9800 9802 9807
f 9825 9834 9822
f 9831 9834 9825
f 9820 9830 9833
f 9804 9805 9802
f 9778 9796 9797
f 9826 9778 9797
f 9778 9788 9796
f 9818 9820 9833
f 9835 9814 9845
f 9823 9818 9815
f 9850 9851 9776
f 9826 9847 9850
f 9828 9846 9847
f 9826 9828 9847
f 9828 9839 9846
f 9851 9773 9776
f 9846 9836 9845
f 9839 9836 9846
f 9845 9833 9832
f 9806 9801 9808
f 9827 9829 9810
f 9799 9798 9810
f 9798 9777 9810
f 9846 9844 9847
f 9844 9848 9847
f 9843 9844 9846
f 9848 9827 9810
f 9806 9803 9801
f 9793 9789 9798
f 9789 9777 9798
f 9773 9852 9774
f 9852 9849 9774
f 9809 9800 9807
f 9797 9800 9809
f 9826 9797 9809
f 9856 9853 9855
f 9857 9853 9856
f 9858 9857 9856
f 9859 9858 9856
f 9826 9775 9778
f 9826 9850 9775
f 9850 9776 9775
f 9810 9829 9861
f 9755 9756 9862
f 9756 9863 9862
f 9864 9713 9862
f 9713 9721 9862
f 9721 9727 9862
f 9851 9852 9773
f 9799 9810 9808
f 9801 9799 9808
f 9756 9865 9863
f 9757 9865 9756
f 9727 9757 9755
f 9727 9729 9757
f 9777 9774 9810
f 9774 9849 9810
f 9849 9848 9810
f 9721 9732 9730
f 9732 9868 9729
f 9722 9868 9732
f 9721 9722 9732
f 9713 9712 9721
f 9712 9725 9721
f 9844 9840 9848
f 9840 9827 9848
f 9853 9854 9855
f 9869 9717 9713
f 9717 9868 9712
f 9869 9868 9717
f 9855 9868 9869
f 9860 9858 9859
f 9861 9860 9859
f 9829 9860 9861
f 9735 9863 9867
f 9745 9863 9735
f 9745 9741 9862
f 9863 9745 9862
f 9741 9864 9862
f 9742 9864 9741
f 9727 9755 9862
f 9865 9866 9867
f 9863 9865 9867
f 9752 9855 9751
f 9856 9855 9752
f 9872 9859 9752
f 9859 9856 9752
f 9729 9865 9757
f 9721 9730 9727
f 9868 9865 9729
f 9749 9872 9752
f 9749 9873 9872
f 9873 9809 9872
f 9873 9826 9809
f 9853 9749 9854
f 9853 9857 9749
f 9725 9868 9722
f 9712 9868 9725
f 9869 9713 9864
f 9858 9860 9826
f 9860 9829 9826
f 9749 9754 9871
f 9854 9749 9871
f 9854 9868 9855
f 9870 9866 9865
f 9854 9871 9868
f 9868 9750 9865
f 9746 9870 9865
f 9753 9870 9746
f 9753 9739 9866
f 9870 9753 9866
f 9874 9710 9709
f 9742 9869 9864
f 9751 9869 9742
f 9751 9855 9869
f 9734 9738 9876
f 9877 9734 9876
f 9866 9734 9877
f 9739 9734 9866
f 9861 9859 9809
f 9809 9859 9872
f 9810 9861 9809
f 9880 9875 9879
f 9876 9875 9880
f 9881 9876 9880
f 9877 9876 9881
f 9867 9877 9881
f 9866 9877 9867
f 9857 9873 9749
f 9857 9858 9873
f 9858 9826 9873
f 9737 9880 9879
f 9735 9867 9881
f 9880 9737 9736
f 9736 9735 9881
f 9754 9750 9868
f 9871 9754 9868
f 9750 9746 9865
f 9885 9884 9882
f 9886 9884 9885
f 9887 9886 9885
f 9888 9886 9889
f 9886 9887 9889
f 9890 9888 9889
f 9738 9710 9874
f 9875 9738 9874
f 9876 9738 9875
f 9894 9895 9896
f 9894 9897 9895
f 9898 9892 9899
f 9898 9893 9892
f 9874 9709 9878
f 9879 9874 9878
f 9875 9874 9879
f 9903 9902 9901
f 9895 9902 9903
f 9896 9895 9903
f 9904 9901 9899
f 9904 9905 9901
f 9905 9906 9901
f 9740 9879 9878
f 9736 9881 9880
f 9740 9737 9879
f 9672 9896 9903
f 9673 9672 9903
f 9665 9894 9896
f 9675 9665 9896
f 9740 9878 9882
f 9883 9740 9882
f 9884 9883 9882
f 9663 9665 9675
f 9907 9666 9663
f 9669 9894 9665
f 9894 9669 9907
f 9669 9666 9907
f 9664 9908 9902
f 9891 9888 9890
f 9892 9891 9890
f 9893 9891 9892
f 9897 9668 9895
f 9668 9662 9895
f 9674 9671 9895
f 9662 9674 9895
f 9900 9898 9899
f 9901 9900 9899
f 9902 9900 9901
f 9667 9908 9664
f 9667 9897 9908
f 9897 9667 9668
f 9900 9909 9898
f 9910 9909 9900
f 9902 9910 9900
f 9906 9903 9901
f 9906 9907 9903
f 9907 9673 9903
f 9909 9905 9904
f 9909 9910 9905
f 9910 9906 9905
f 9910 9907 9906
f 9672 9675 9896
f 9907 9663 9673
f 9663 9675 9673
f 9913 9911 9912
f 9914 9911 9913
f 9915 9913 9916
f 9915 9914 9913
f 9888 9891 9883
f 9884 9888 9883
f 9671 9670 9902
f 9670 9664 9902
f 9895 9671 9902
f 9710 9740 9891
f 9909 9893 9898
f 9909 9911 9893
f 9911 9710 9893
f 9676 9664 9670
f 9662 9664 9676
f 9662 9676 9674
f 9659 9657 9914
f 9661 9710 9657
f 9704 9661 9705
f 9704 9707 9661
f 9707 9710 9661
f 9658 9915 9916
f 9908 9910 9902
f 9911 9909 9904
f 9912 9911 9904
f 9878 9890 9882
f 9887 9885 9889
f 9878 9892 9890
f 9912 9904 9899
f 9910 9908 9907
f 9908 9894 9907
f 9897 9894 9908
f 9709 9913 9912
f 9656 9658 9916
f 9913 9656 9916
f 9709 9656 9913
f 9709 9660 9656
f 9708 9694 9696
f 9891 9740 9883
f 9884 9886 9888
f 9893 9710 9891
f 9705 9661 9660
f 9697 9705 9696
f 9703 9705 9697
f 9701 9703 9697
f 9914 9710 9911
f 9659 9914 9915
f 9657 9710 9914
f 9682 9681 9679
f 9680 9682 9678
f 9681 9682 9680
f 9683 9684 9685
f 9684 9686 9685
f 9687 9686 9684
f 9689 9688 9686
f 9690 9691 9692
f 9690 9693 9691
f 9694 9695 9696
f 9661 9657 9660
f 9662 9663 9664
f 9662 9665 9663
f 9692 9691 9699
f 9658 9659 9915
f 9889 9885 9882
f 9890 9889 9882
f 9892 9912 9899
f 9878 9709 9892
f 9709 9912 9892
f 9666 9664 9663
f 9667 9664 9666
f 9668 9665 9662
f 9668 9669 9665
f 9669 9667 9666
f 9667 9669 9668
f 9674 9675 9672
f 9676 9670 9673
f 9675 9676 9673
f 9676 9675 9674
f 9660 9708 9696
f 9709 9708 9660
f 9705 9660 9696
f 9699 9701 9697
f 9691 9701 9699
f 9656 9657 9658
f 9657 9659 9658
f 9660 9657 9656
f 9936 9935 9932
f 9932 9935 9933
f 9934 9932 9931
f 9950 9949 9956
f 9946 9947 9948
f 9944 9945 9942
f 9942 9945 9943
f 9946 9964 9955
f 9941 9947 9955
f 9947 9946 9955
f 9945 9944 9938
f 9944 9941 9938
f 9942 9943 9940
f 9960 9959 9951
f 9945 9959 9943
f 9959 9945 9951
f 9952 9964 9946
f 9953 9947 9941
f 9965 9942 9957
f 9985 9984 9983
f 9960 9950 9956
f 9940 9954 9956
f 9938 9940 9956
f 9929 9923 9926
f 9927 9928 9925
f 9927 9925 9924
f 9958 9959 9960
f 9957 9955 9954
f 9954 9955 9956
f 9953 9950 9951
f 9953 9952 9950
f 9937 9934 9931
f 9982 9988 9986
f 9987 9985 9983
f 9982 9986 9983
f 9981 9987 9975
f 9982 9983 9984
f 9981 9980 9979
f 9980 9981 9975
f 9939 9941 9955
f 9957 9939 9955
f 9950 9960 9951
f 9978 9974 9976
f 9977 9975 9974
f 9974 9975 9976
f 9970 9971 9972
f 9970 9972 9973
f 9963 9971 9970
f 10002 10003 10001
f 10003 9973 10001
f 9998 10002 10001
f 10010 10015 10014
f 9998 10000 9999
f 9997 9998 9999
f 9995 9994 9996
f 9969 9968 9967
f 9967 9968 9966
f 9967 9966 9965
f 9994 9991 9990
f 9993 9992 9991
f 9990 9991 9992
f 9989 9985 9988
f 9988 9985 9987
f 9989 9988 9982
f 9988 10011 9986
f 9987 9981 9979
f 10010 9987 9979
f 10021 10027 10025
f 9987 9983 9975
f 9983 9986 10004
f 9975 9983 10004
f 9980 9975 9977
f 9980 9978 9979
f 9979 9978 9976
f 10009 9976 10007
f 9976 9975 10007
f 9975 10004 10007
f 10004 10008 10005
f 10007 10004 10006
f 10004 10005 10006
f 9999 10016 10011
f 9997 9999 10011
f 10015 9997 10011
f 10045 10039 10040
f 10014 10015 10012
f 10015 10011 10012
f 10010 10014 9996
f 9995 9996 9992
f 9996 9994 9990
f 9995 9992 9993
f 10013 10012 9992
f 10012 10011 9992
f 9990 9992 9988
f 9990 9988 9987
f 9992 10011 9988
f 10010 9990 9987
f 10031 10029 10028
f 10028 10029 10030
f 10026 10027 10021
f 10022 10050 10054
f 10027 10026 10024
f 10026 10023 10024
f 10021 10025 10022
f 9986 10011 10004
f 9979 9976 10009
f 10010 9979 10009
f 10020 10017 10014
f 10020 10012 10019
f 10014 10017 10013
f 10019 10012 10018
f 10018 10012 10013
f 10017 10018 10013
f 10049 10048 10047
f 10048 10045 10047
f 10047 10045 10046
f 10041 10021 10048
f 10045 10040 10046
f 10044 10041 10043
f 10041 10042 10043
f 9996 10014 9992
f 10010 9996 9990
f 10014 10013 9992
f 10035 10036 10037
f 10033 10031 10034
f 10033 10034 10032
f 10034 10031 10028
f 10033 10032 10029
f 10029 10032 10030
f 10025 10042 10050
f 10022 10025 10050
f 10030 10024 10054
f 10056 10055 10054
f 10028 10030 10054
f 10043 10028 10054
f 10024 10022 10054
f 10024 10023 10022
f 10021 10022 10023
f 10020 10014 10012
f 10053 10047 10051
f 10051 10047 10046
f 10051 10046 10052
f 10042 10041 10050
f 10041 10048 10050
f 10050 10048 10049
f 10044 10033 10026
f 10026 10033 10023
f 10033 10029 10023
f 10075 10072 10074
f 10023 10029 10048
f 10021 10023 10048
f 10031 10044 10055
f 10036 10035 10040
f 10039 10036 10040
f 10036 10038 10037
f 10027 10042 10025
f 10034 10043 10024
f 10043 10027 10024
f 10034 10024 10032
f 10043 10034 10028
f 10032 10024 10030
f 10060 10058 10061
f 10044 10043 10055
f 10055 10043 10054
f 10089 10091 10090
f 10056 10054 10053
f 10056 10053 10051
f 10057 10056 10051
f 10054 10050 10049
f 10054 10049 10053
f 10053 10049 10047
f 10048 10055 10056
f 10048 10056 10045
f 10045 10056 10057
f 10041 10044 10026
f 10033 10044 10031
f 10041 10026 10021
f 10078 10072 10076
f 10073 10077 10074
f 10076 10072 10075
f 10105 10101 10100
f 10072 10073 10074
f 10071 10070 10069
f 10070 10068 10069
f 10029 10031 10055
f 10048 10029 10055
f 10043 10042 10027
f 10066 10064 10067
f 10065 10062 10064
f 10064 10062 10063
f 10060 10061 10063
f 10062 10060 10063
f 10058 10059 10061
f 10096 10090 10097
f 10095 10092 10094
f 10092 10093 10094
f 10073 10072 10106
f 10088 10089 10090
f 10086 10087 10084
f 10084 10087 10085
f 10057 10051 10052
f 10059 10058 10052
f 10058 10057 10052
f 10084 10082 10081
f 10083 10081 10080
f 10080 10081 10082
f 10078 10076 10077
f 10078 10077 10079
f 10079 10077 10073
f 10074 10101 10105
f 10076 10075 10105
f 10094 10076 10105
f 10109 10108 10103
f 10105 10100 10104
f 10104 10100 10098
f 10104 10098 10102
f 10068 10066 10067
f 10068 10067 10069
f 10066 10065 10064
f 10092 10099 10101
f 10101 10099 10100
f 10100 10099 10098
f 10099 10096 10098
f 10098 10096 10097
f 10096 10088 10090
f 10092 10084 10099
f 10084 10081 10099
f 10072 10095 10106
f 10062 10065 10066
f 10099 10073 10106
f 10094 10093 10087
f 10076 10094 10077
f 10087 10086 10080
f 10086 10083 10080
f 10084 10085 10082
f 10077 10080 10074
f 10080 10082 10101
f 10074 10080 10101
f 10085 10093 10101
f 10082 10085 10101
f 10075 10074 10105
f 10108 10107 10102
f 10108 10102 10103
f 10110 10109 10103
f 10061 10071 10069
f 10099 10106 10107
f 10099 10107 10096
f 10096 10107 10108
f 10102 10098 10097
f 10102 10097 10103
f 10093 10092 10101
f 10095 10078 10086
f 10086 10079 10083
f 10083 10079 10073
f 10078 10095 10072
f 10083 10073 10081
f 10081 10073 10099
f 10039 10045 10057
f 10111 10113 10038
f 10036 10111 10038
f 10091 10071 10090
f 10070 10060 10068
f 10060 10062 10068
f 10062 10066 10068
f 10087 10093 10085
f 10077 10094 10080
f 10094 10087 10080
f 10111 10109 10112
f 10095 10094 10106
f 10106 10094 10105
f 10107 10106 10105
f 10107 10105 10104
f 10107 10104 10102
f 10064 10063 10067
f 10067 10063 10069
f 10063 10061 10069
f 9984 9985 10127
f 10038 10113 10037
f 10113 10114 10037
f 10070 10089 10088
f 10092 10095 10086
f 10092 10086 10084
f 10078 10079 10086
f 10070 10036 10039
f 10070 10039 10058
f 10070 10058 10060
f 10088 10096 10108
f 10109 10088 10108
f 10058 10039 10057
f 10116 10117 10115
f 10091 10116 10115
f 10091 10115 10071
f 10129 10130 9993
f 10090 10071 10110
f 10110 10071 10112
f 10112 10071 10035
f 10113 10111 10112
f 10113 10112 10114
f 10109 10110 10112
f 10090 10110 10097
f 10097 10110 10103
f 10040 10059 10046
f 10046 10059 10052
f 10112 10035 10114
f 10114 10035 10037
f 9978 9982 10127
f 9974 9978 10127
f 9982 9984 10127
f 10127 10010 10009
f 9974 10127 10125
f 9977 9974 10125
f 10124 9977 10125
f 10070 10088 10109
f 10070 10109 10111
f 10070 10111 10036
f 10121 10123 10122
f 10121 10122 10119
f 10120 10121 10119
f 10118 10120 10119
f 10118 10119 10117
f 10116 10118 10117
f 10019 10018 9995
f 10130 10019 9995
f 10130 9995 9993
f 10089 10116 10091
f 10017 10128 9994
f 9989 9991 9985
f 9993 9991 9989
f 10035 10071 10040
f 10040 10071 10059
f 10059 10071 10061
f 9980 9982 9978
f 10129 9980 10124
f 9980 9977 10124
f 9985 9991 10127
f 9994 10128 10127
f 9991 9994 10127
f 10127 10009 10125
f 10125 10009 10007
f 10128 10010 10127
f 10130 10132 10016
f 10131 10015 10128
f 10128 10015 10010
f 10133 9997 10131
f 10126 10124 10123
f 10123 10124 10122
f 10124 10125 10122
f 10020 10131 10017
f 10130 10131 10020
f 10130 10020 10019
f 10131 10128 10017
f 9995 10018 9994
f 10018 10017 9994
f 10135 10120 10118
f 10135 10118 10116
f 10089 10135 10116
f 10143 10142 10139
f 10006 10005 10134
f 10005 10135 10134
f 10135 10089 10134
f 10129 9993 9989
f 10129 9989 9982
f 10129 9982 9980
f 10119 10134 10117
f 10134 10070 10117
f 10117 10070 10115
f 10115 10070 10071
f 10125 10007 10122
f 10122 10007 10006
f 10137 10136 10000
f 10000 10136 9999
f 10136 10130 9999
f 10149 10150 10148
f 9999 10130 10016
f 10132 10129 10011
f 10016 10132 10011
f 10131 9997 10015
f 10130 10133 10131
f 10132 10130 10129
f 10124 10008 10004
f 10126 10123 10005
f 10008 10126 10005
f 10005 10123 10121
f 10005 10121 10120
f 10135 10005 10120
f 10133 10140 9997
f 10140 9998 9997
f 9972 10143 10139
f 10163 10167 10166
f 10139 10142 10138
f 10142 10141 10138
f 10138 10141 10137
f 10134 10089 10070
f 10122 10006 10119
f 10006 10134 10119
f 10136 10133 10130
f 9972 10139 9973
f 9973 10139 10001
f 10139 10138 10001
f 10138 10137 10001
f 10001 10137 10000
f 10154 10155 10153
f 10150 10152 10151
f 10151 10152 10153
f 10160 10166 9930
f 10148 10150 10151
f 10147 10149 10148
f 10146 10147 10148
f 10129 10124 10004
f 10011 10129 10004
f 10124 10126 10008
f 10143 10144 10003
f 10142 10143 10003
f 10142 10003 10002
f 10141 10142 10002
f 9998 10141 10002
f 10140 10141 9998
f 9926 9925 10158
f 10165 10168 10167
f 10165 10167 10163
f 10170 10164 10162
f 10163 10166 10160
f 10154 10165 10164
f 10154 10164 10155
f 10141 10140 10137
f 10137 10140 10136
f 10140 10133 10136
f 10162 10160 10161
f 10161 10160 10157
f 10157 10160 10158
f 10159 10157 10156
f 10156 10157 10158
f 10152 10154 10153
f 9924 9932 10157
f 9932 9934 10157
f 10159 9924 10157
f 10155 10172 10003
f 9930 10166 9928
f 9937 10160 9926
f 10160 9930 9926
f 10144 10147 10146
f 10144 10146 10145
f 10144 10145 10003
f 9928 10166 10156
f 9925 9928 10156
f 9933 9926 10158
f 9931 9933 10158
f 10160 9931 10158
f 9925 10156 10158
f 10166 10169 10156
f 10169 10159 10156
f 10171 10164 10170
f 9917 9920 10176
f 10170 10162 10169
f 10169 10162 10161
f 10169 9929 9927
f 10165 10163 10162
f 10164 10165 10162
f 10163 10160 10162
f 9929 9936 9923
f 9936 9932 9923
f 9923 9932 9924
f 10169 9927 10159
f 9927 9924 10159
f 9934 10161 10157
f 10175 9919 10003
f 10145 10153 10003
f 10153 10155 10003
f 10149 10147 10150
f 10172 10175 10003
f 10003 9970 9973
f 10174 10177 10176
f 9937 9926 9935
f 10160 9937 9931
f 9935 9926 9933
f 10168 10173 10172
f 10171 10168 10172
f 10167 10168 10171
f 10167 10171 10170
f 10166 10167 10170
f 10166 10170 10169
f 9971 9921 10143
f 10154 10152 10143
f 10152 10144 10143
f 9971 10143 9972
f 10177 9917 10176
f 10146 10148 10151
f 10145 10146 10151
f 10169 10161 9929
f 9936 10161 9934
f 10161 9936 9929
f 10176 9920 10175
f 10171 10172 10155
f 10164 10171 10155
f 10145 10151 10153
f 9922 9970 10003
f 9919 9922 10003
f 9942 9940 9939
f 9941 9939 9938
f 9938 9939 9940
f 9936 9934 9937
f 9936 9937 9935
f 9963 9962 9971
f 9971 9962 9921
f 9917 10177 9918
f 10174 10176 10175
f 10173 10174 10172
f 10174 10175 10172
f 10150 10144 10152
f 10173 10154 10143
f 10174 10173 10143
f 9918 10174 10143
f 9921 9918 10143
f 9949 9946 9948
f 9918 10177 10174
f 10168 10165 10173
f 10173 10165 10154
f 9969 9970 9922
f 9968 9969 9922
f 9920 9919 10175
f 9921 9962 9968
f 9921 9968 9922
f 9962 9958 9966
f 9968 9962 9966
f 9958 9960 9966
f 9966 9960 9964
f 9964 9960 9955
f 9955 9960 9956
f 10147 10144 10150
f 9945 9938 9951
f 9951 9938 9948
f 9943 9959 9954
f 9940 9943 9954
f 9948 9938 9956
f 9949 9948 9956
f 9959 9961 9967
f 9929 9930 9927
f 9927 9930 9928
f 9930 9929 9926
f 9926 9923 9925
f 9923 9924 9925
f 9918 9921 9919
f 9921 9922 9919
f 9920 9917 9919
f 9917 9918 9919
f 9969 9963 9970
f 9961 9963 9969
f 9961 9969 9967
f 9998 10001 10000
f 9959 9967 9965
f 9959 9965 9954
f 9965 9957 9954
f 9962 9963 9961
f 9962 9961 9958
f 9958 9961 9959
f 9965 9966 9964
f 9965 9964 9944
f 9953 9964 9952
f 9965 9944 9942
f 9964 9953 9944
f 9944 9953 9941
f 9942 9939 9957
f 9950 9946 9949
f 9947 9951 9948
f 9952 9946 9950
f 9953 9951 9947
f 9931 9932 9933
f 10224 10226 10220
f 10220 10226 10218
f 10226 10225 10218
f 10221 10220 10219
f 10220 10218 10219
f 10219 10218 10215
f 10182 10179 10183
f 10179 10181 10180
f 10178 10179 10180
f 10211 10212 10213
f 10209 10210 10208
f 10208 10210 10206
f 10210 10209 10207
f 10209 10205 10207
f 10208 10206 10205
f 10205 10206 10207
f 10204 10203 10199
f 10204 10201 10203
f 10198 10201 10214
f 10224 10202 10223
f 10198 10214 10223
f 10202 10198 10223
f 10198 10199 10200
f 10197 10196 10193
f 10197 10192 10196
f 10212 10207 10203
f 10203 10207 10199
f 10206 10222 10199
f 10207 10206 10199
f 10212 10203 10213
f 10203 10200 10213
f 10199 10222 10221
f 10213 10200 10221
f 10200 10199 10221
f 10227 10219 10215
f 10227 10215 10217
f 10229 10228 10217
f 10228 10227 10217
f 10218 10216 10215
f 10215 10216 10217
f 10214 10211 10213
f 10211 10209 10208
f 10211 10208 10224
f 10209 10211 10205
f 10224 10208 10204
f 10208 10205 10204
f 10224 10204 10202
f 10205 10211 10214
f 10204 10205 10214
f 10201 10204 10214
f 10240 10243 10241
f 10240 10241 10242
f 10239 10238 10235
f 10238 10239 10236
f 10210 10212 10206
f 10206 10212 10222
f 10212 10210 10207
f 10233 10236 10234
f 10235 10232 10234
f 10232 10233 10234
f 10231 10228 10230
f 10228 10229 10230
f 10214 10213 10223
f 10223 10213 10221
f 10223 10221 10219
f 10227 10223 10219
f 10258 10257 10256
f 10257 10255 10256
f 10255 10231 10256
f 10252 10254 10253
f 10226 10224 10223
f 10226 10223 10227
f 10225 10226 10227
f 10252 10250 10249
f 10251 10249 10248
f 10248 10249 10250
f 10247 10246 10244
f 10245 10247 10244
f 10247 10240 10246
f 10246 10240 10242
f 10245 10244 10243
f 10243 10244 10241
f 10273 10271 10267
f 10248 10272 10266
f 10267 10271 10268
f 10248 10266 10264
f 10238 10237 10235
f 10238 10236 10233
f 10237 10232 10235
f 10264 10266 10261
f 10267 10268 10261
f 10268 10260 10261
f 10266 10267 10261
f 10263 10264 10265
f 10262 10261 10259
f 10261 10260 10259
f 10260 10257 10258
f 10259 10260 10258
f 10270 10235 10234
f 10246 10234 10244
f 10234 10236 10244
f 10234 10246 10242
f 10253 10254 10248
f 10254 10251 10248
f 10252 10253 10250
f 10270 10242 10248
f 10248 10273 10272
f 10248 10250 10273
f 10273 10250 10271
f 10244 10236 10271
f 10241 10244 10271
f 10253 10241 10271
f 10250 10253 10271
f 10236 10274 10271
f 10284 10285 10281
f 10284 10281 10279
f 10283 10278 10282
f 10282 10278 10280
f 10269 10270 10264
f 10270 10248 10264
f 10269 10264 10263
f 10273 10276 10272
f 10277 10273 10267
f 10272 10276 10266
f 10277 10267 10275
f 10276 10275 10266
f 10266 10275 10267
f 10270 10274 10235
f 10274 10239 10235
f 10239 10274 10236
f 10300 10303 10301
f 10300 10301 10302
f 10295 10298 10296
f 10298 10299 10296
f 10270 10234 10242
f 10242 10241 10253
f 10242 10253 10248
f 10291 10290 10292
f 10293 10291 10289
f 10292 10290 10286
f 10289 10291 10288
f 10290 10287 10286
f 10289 10288 10287
f 10286 10287 10288
f 10284 10283 10285
f 10285 10283 10282
f 10281 10300 10302
f 10280 10281 10302
f 10304 10280 10302
f 10313 10312 10309
f 10279 10281 10280
f 10278 10279 10280
f 10277 10276 10273
f 10310 10311 10304
f 10298 10309 10308
f 10298 10308 10299
f 10309 10307 10306
f 10308 10309 10306
f 10307 10304 10306
f 10306 10304 10305
f 10305 10304 10301
f 10301 10304 10302
f 10290 10314 10305
f 10278 10283 10305
f 10303 10279 10301
f 10278 10305 10301
f 10297 10294 10296
f 10294 10295 10296
f 10290 10291 10293
f 10311 10292 10286
f 10291 10300 10288
f 10311 10286 10285
f 10311 10285 10282
f 10288 10300 10285
f 10286 10288 10285
f 10285 10300 10281
f 10311 10282 10304
f 10282 10280 10304
f 10310 10315 10314
f 10311 10310 10314
f 10311 10314 10300
f 10314 10303 10300
f 10309 10312 10307
f 10312 10310 10307
f 10307 10310 10304
f 10314 10290 10293
f 10303 10314 10293
f 10303 10293 10289
f 10284 10287 10283
f 10289 10287 10284
f 10303 10289 10284
f 10303 10284 10279
f 10283 10287 10305
f 10287 10290 10305
f 10326 10327 10328
f 10326 10328 10329
f 10327 10326 10325
f 10325 10326 10324
f 10279 10278 10301
f 10311 10291 10292
f 10311 10300 10291
f 10321 10322 10323
f 10318 10320 10319
f 10320 10321 10319
f 10317 10318 10316
f 10318 10319 10316
f 10312 10313 10315
f 10313 10317 10316
f 10315 10313 10316
f 10310 10312 10315
f 10345 10346 10347
f 10341 10342 10344
f 10342 10341 10343
f 10344 10342 10340
f 10315 10308 10306
f 10314 10315 10306
f 10314 10306 10305
f 10340 10339 10338
f 10337 10338 10339
f 10335 10336 10334
f 10336 10335 10333
f 10334 10336 10331
f 10335 10330 10333
f 10334 10331 10330
f 10333 10330 10332
f 10330 10331 10332
f 10357 10362 10356
f 10362 10360 10356
f 10356 10360 10353
f 10360 10361 10353
f 10322 10325 10324
f 10322 10324 10323
f 10320 10322 10321
f 10345 10358 10346
f 10357 10356 10355
f 10356 10353 10354
f 10355 10356 10354
f 10354 10353 10350
f 10350 10353 10351
f 10349 10352 10350
f 10349 10350 10351
f 10348 10345 10347
f 10361 10349 10336
f 10361 10336 10333
f 10336 10349 10331
f 10361 10333 10342
f 10343 10341 10337
f 10340 10342 10339
f 10341 10338 10337
f 10342 10331 10339
f 10331 10349 10339
f 10343 10337 10353
f 10361 10343 10353
f 10353 10337 10351
f 10337 10339 10351
f 10339 10349 10351
f 10359 10363 10357
f 10363 10362 10357
f 10365 10366 10355
f 10365 10355 10354
f 10364 10365 10354
f 10352 10364 10335
f 10345 10359 10358
f 10359 10357 10355
f 10358 10359 10355
f 10330 10335 10341
f 10330 10344 10340
f 10341 10364 10354
f 10338 10341 10354
f 10330 10340 10350
f 10338 10354 10350
f 10340 10338 10350
f 10334 10330 10350
f 10352 10334 10350
f 10367 10329 10347
f 10346 10367 10347
f 10369 10372 10371
f 10369 10371 10370
f 10361 10342 10343
f 10333 10332 10342
f 10332 10331 10342
f 10366 10363 10367
f 10362 10363 10366
f 10362 10366 10365
f 10360 10362 10365
f 10361 10360 10365
f 10361 10365 10364
f 10361 10364 10349
f 10364 10352 10349
f 10366 10358 10355
f 10372 10294 10371
f 10321 10326 10319
f 10326 10321 10324
f 10324 10321 10323
f 10352 10335 10334
f 10330 10341 10344
f 10335 10364 10341
f 10315 10316 10299
f 10316 10329 10299
f 10299 10329 10296
f 10371 10297 10370
f 10297 10296 10370
f 10296 10329 10370
f 10370 10329 10367
f 10366 10367 10346
f 10358 10366 10346
f 10320 10325 10322
f 10327 10318 10328
f 10318 10317 10328
f 10317 10313 10309
f 10368 10369 10367
f 10369 10370 10367
f 10363 10368 10367
f 10295 10294 10372
f 10328 10295 10369
f 10295 10372 10369
f 10328 10369 10368
f 10368 10363 10359
f 10368 10359 10345
f 10328 10368 10345
f 10328 10345 10348
f 10294 10297 10371
f 10240 10232 10384
f 10383 10275 10384
f 10275 10249 10384
f 10249 10251 10384
f 10316 10319 10329
f 10319 10326 10329
f 10308 10315 10299
f 10378 10381 10380
f 10378 10380 10379
f 10378 10379 10377
f 10376 10378 10377
f 10376 10377 10374
f 10373 10376 10374
f 10373 10374 10375
f 10327 10320 10318
f 10320 10327 10325
f 10233 10247 10390
f 10252 10277 10390
f 10391 10238 10390
f 10238 10233 10390
f 10328 10317 10298
f 10317 10309 10298
f 10328 10298 10295
f 10390 10277 10383
f 10232 10389 10387
f 10389 10373 10387
f 10387 10373 10375
f 10232 10387 10385
f 10387 10375 10388
f 10232 10385 10384
f 10385 10386 10384
f 10251 10240 10384
f 10390 10383 10268
f 10271 10390 10268
f 10383 10382 10260
f 10268 10383 10260
f 10382 10383 10384
f 10381 10328 10348
f 10381 10348 10380
f 10247 10233 10240
f 10233 10232 10240
f 10254 10245 10251
f 10245 10243 10251
f 10243 10240 10251
f 10277 10252 10276
f 10254 10252 10390
f 10245 10254 10390
f 10247 10245 10390
f 10392 10393 10394
f 10394 10393 10263
f 10393 10269 10263
f 10381 10378 10392
f 10252 10249 10276
f 10276 10249 10275
f 10277 10275 10383
f 10378 10393 10392
f 10329 10328 10392
f 10328 10381 10392
f 10373 10389 10270
f 10269 10373 10270
f 10391 10274 10389
f 10389 10274 10270
f 10391 10390 10271
f 10274 10391 10271
f 10386 10261 10262
f 10387 10264 10385
f 10385 10264 10261
f 10387 10388 10265
f 10238 10391 10237
f 10391 10389 10237
f 10237 10389 10232
f 10380 10348 10347
f 10379 10380 10394
f 10380 10347 10394
f 10377 10379 10394
f 10377 10394 10263
f 10374 10377 10263
f 10375 10374 10263
f 10329 10392 10347
f 10347 10392 10394
f 10401 10397 10396
f 10400 10401 10396
f 10400 10396 10395
f 10399 10400 10395
f 10378 10376 10393
f 10376 10373 10269
f 10376 10269 10393
f 10398 10258 10397
f 10258 10256 10397
f 10397 10256 10396
f 10256 10231 10395
f 10396 10256 10395
f 10395 10231 10230
f 10386 10262 10384
f 10384 10262 10259
f 10385 10261 10386
f 10408 10407 10406
f 10407 10405 10406
f 10404 10403 10405
f 10405 10403 10406
f 10264 10387 10265
f 10375 10263 10388
f 10388 10263 10265
f 10260 10402 10257
f 10257 10402 10401
f 10255 10257 10401
f 10255 10401 10400
f 10255 10400 10399
f 10382 10384 10398
f 10402 10382 10398
f 10402 10398 10397
f 10401 10402 10397
f 10415 10424 10425
f 10425 10424 10423
f 10424 10422 10423
f 10423 10422 10421
f 10399 10395 10230
f 10384 10259 10398
f 10259 10258 10398
f 10419 10414 10420
f 10418 10415 10417
f 10415 10416 10417
f 10412 10411 10414
f 10413 10412 10414
f 10412 10410 10411
f 10411 10410 10409
f 10410 10407 10409
f 10409 10407 10408
f 10416 10190 10189
f 10193 10425 10190
f 10194 10193 10190
f 10190 10425 10185
f 10403 10404 10255
f 10403 10255 10399
f 10260 10382 10402
f 10186 10185 10429
f 10185 10425 10429
f 10425 10423 10429
f 10429 10423 10428
f 10423 10421 10428
f 10428 10421 10426
f 10421 10420 10426
f 10426 10420 10427
f 10416 10415 10425
f 10197 10415 10192
f 10424 10197 10195
f 10195 10192 10191
f 10195 10191 10188
f 10422 10419 10421
f 10421 10419 10420
f 10419 10413 10414
f 10187 10191 10418
f 10184 10187 10418
f 10188 10184 10430
f 10184 10418 10430
f 10424 10188 10430
f 10196 10416 10193
f 10193 10416 10425
f 10416 10196 10190
f 10196 10194 10190
f 10433 10434 10436
f 10435 10433 10436
f 10418 10417 10430
f 10430 10417 10429
f 10416 10189 10417
f 10189 10186 10417
f 10417 10186 10429
f 10432 10431 10426
f 10432 10426 10427
f 10434 10433 10427
f 10433 10432 10427
f 10422 10424 10430
f 10422 10430 10431
f 10419 10422 10431
f 10419 10431 10432
f 10415 10197 10424
f 10410 10404 10405
f 10433 10413 10432
f 10413 10419 10432
f 10435 10437 10181
f 10424 10195 10188
f 10191 10192 10418
f 10192 10415 10418
f 10435 10179 10231
f 10179 10182 10231
f 10182 10228 10231
f 10255 10412 10231
f 10412 10413 10231
f 10413 10433 10231
f 10433 10435 10231
f 10437 10435 10436
f 10437 10436 10438
f 10414 10399 10434
f 10229 10183 10230
f 10181 10437 10180
f 10437 10438 10180
f 10255 10404 10412
f 10412 10404 10410
f 10407 10410 10405
f 10225 10183 10216
f 10403 10399 10411
f 10403 10411 10409
f 10411 10399 10414
f 10403 10409 10406
f 10409 10408 10406
f 10420 10414 10434
f 10420 10434 10427
f 10434 10399 10436
f 10438 10436 10178
f 10431 10430 10428
f 10430 10429 10428
f 10431 10428 10426
f 10216 10183 10229
f 10216 10229 10217
f 10183 10399 10230
f 10203 10201 10200
f 10202 10199 10198
f 10201 10198 10200
f 10197 10193 10195
f 10196 10192 10194
f 10195 10193 10192
f 10192 10193 10194
f 10190 10191 10189
f 10191 10190 10188
f 10191 10187 10189
f 10188 10190 10185
f 10189 10187 10186
f 10222 10220 10221
f 10187 10184 10186
f 10184 10185 10186
f 10179 10178 10183
f 10204 10199 10202
f 10436 10399 10178
f 10438 10178 10180
f 10178 10399 10183
f 10212 10211 10222
f 10211 10224 10222
f 10222 10224 10220
f 10179 10435 10181
f 10228 10182 10227
f 10182 10225 10227
f 10218 10225 10216
f 10225 10182 10183
f 10188 10185 10184

